SpeciesName,Genus,Species,Longitude,Latitude,First,Second,Third,datasetKey,areas
Argyroxiphium ×kai (C.N.Forbes) D.D.Keck,Argyroxiphium,kai,-156.62,20.89056,USA,Hawaii,Maui,15f819bd-6612-4447-854b-14d12ee1022d,2165812500
Argyroxiphium caligini C.N.Forbes,Argyroxiphium,caligini,-156.327185,20.81519,USA,Hawaii,Maui,50c9509d-22c7-4a22-a47d-8c48425ef4a7,2165812500
Argyroxiphium caligini C.N.Forbes,Argyroxiphium,caligini,-156.62,20.89056,USA,Hawaii,Maui,15f819bd-6612-4447-854b-14d12ee1022d,2165812500
Argyroxiphium caligini C.N.Forbes,Argyroxiphium,caligini,-156.58531,20.8914,USA,Hawaii,Maui,15f819bd-6612-4447-854b-14d12ee1022d,2165812500
Argyroxiphium caligini C.N.Forbes,Argyroxiphium,caligini,-156.611295,21.021087,USA,Hawaii,Maui,6e5319b3-a870-4b5d-a194-e1a9c4ad8845,2165812500
Argyroxiphium caliginis Forbes,Argyroxiphium,caliginis,-156.58719,20.89494,USA,Hawaii,Maui,9781ce05-2379-4a10-ab3b-c91346510df8,2165812500
Argyroxiphium caliginis Forbes,Argyroxiphium,caliginis,-156.609139,21.021066,USA,Hawaii,Maui,90c853e6-56bd-480b-8e8f-6285c3f8d42b,2165812500
Argyroxiphium grayanum (Hillebr.) O.Deg.,Argyroxiphium,grayanum,-156.376363,20.62843,USA,Hawaii,Maui,50c9509d-22c7-4a22-a47d-8c48425ef4a7,2165812500
Argyroxiphium grayanum (Hillebr.) O.Deg.,Argyroxiphium,grayanum,-156.2021,20.761878,USA,Hawaii,Maui,50c9509d-22c7-4a22-a47d-8c48425ef4a7,2165812500
Argyroxiphium grayanum (Hillebr.) O.Deg.,Argyroxiphium,grayanum,-156.308227,20.628002,USA,Hawaii,Maui,50c9509d-22c7-4a22-a47d-8c48425ef4a7,2165812500
Argyroxiphium grayanum (Hillebr.) O.Deg.,Argyroxiphium,grayanum,-156.251679,20.67852,USA,Hawaii,Maui,50c9509d-22c7-4a22-a47d-8c48425ef4a7,2165812500
Argyroxiphium grayanum (Hillebr.) O.Deg.,Argyroxiphium,grayanum,-156.213181,20.719907,USA,Hawaii,Maui,50c9509d-22c7-4a22-a47d-8c48425ef4a7,2165812500
Argyroxiphium grayanum (Hillebr.) O.Deg.,Argyroxiphium,grayanum,-156.333134,20.667892,USA,Hawaii,Maui,50c9509d-22c7-4a22-a47d-8c48425ef4a7,2165812500
Argyroxiphium grayanum (Hillebr.) O.Deg.,Argyroxiphium,grayanum,-156.312405,20.626229,USA,Hawaii,Maui,50c9509d-22c7-4a22-a47d-8c48425ef4a7,2165812500
Argyroxiphium grayanum (Hillebr.) O.Deg.,Argyroxiphium,grayanum,-156.231968,20.657205,USA,Hawaii,Maui,50c9509d-22c7-4a22-a47d-8c48425ef4a7,2165812500
Argyroxiphium grayanum (Hillebr.) O.Deg.,Argyroxiphium,grayanum,-156.30433,20.799764,USA,Hawaii,Maui,50c9509d-22c7-4a22-a47d-8c48425ef4a7,2165812500
Argyroxiphium grayanum (Hillebr.) O.Deg.,Argyroxiphium,grayanum,-156.21929,20.788105,USA,Hawaii,Maui,50c9509d-22c7-4a22-a47d-8c48425ef4a7,2165812500
Argyroxiphium grayanum (Hillebr.) O.Deg.,Argyroxiphium,grayanum,-156.227696,20.735029,USA,Hawaii,Maui,50c9509d-22c7-4a22-a47d-8c48425ef4a7,2165812500
Argyroxiphium grayanum (Hillebr.) O.Deg.,Argyroxiphium,grayanum,-156.344483,20.667916,USA,Hawaii,Maui,50c9509d-22c7-4a22-a47d-8c48425ef4a7,2165812500
Argyroxiphium grayanum (Hillebr.) O.Deg.,Argyroxiphium,grayanum,-156.231965,20.755991,USA,Hawaii,Maui,50c9509d-22c7-4a22-a47d-8c48425ef4a7,2165812500
Argyroxiphium grayanum (Hillebr.) O.Deg.,Argyroxiphium,grayanum,-156.315725,20.786591,USA,Hawaii,Maui,50c9509d-22c7-4a22-a47d-8c48425ef4a7,2165812500
Argyroxiphium grayanum (Hillebr.) O.Deg.,Argyroxiphium,grayanum,-156.304081,20.750031,USA,Hawaii,Maui,50c9509d-22c7-4a22-a47d-8c48425ef4a7,2165812500
Argyroxiphium grayanum (Hillebr.) O.Deg.,Argyroxiphium,grayanum,-156.276601,20.620086,USA,Hawaii,Maui,50c9509d-22c7-4a22-a47d-8c48425ef4a7,2165812500
Argyroxiphium grayanum (Hillebr.) O.Deg.,Argyroxiphium,grayanum,-156.351784,20.697666,USA,Hawaii,Maui,50c9509d-22c7-4a22-a47d-8c48425ef4a7,2165812500
Argyroxiphium grayanum (Hillebr.) O.Deg.,Argyroxiphium,grayanum,-156.279276,20.791431,USA,Hawaii,Maui,50c9509d-22c7-4a22-a47d-8c48425ef4a7,2165812500
Argyroxiphium grayanum (Hillebr.) O.Deg.,Argyroxiphium,grayanum,-156.331809,20.631153,USA,Hawaii,Maui,50c9509d-22c7-4a22-a47d-8c48425ef4a7,2165812500
Argyroxiphium grayanum (Hillebr.) O.Deg.,Argyroxiphium,grayanum,-156.31923,20.652921,USA,Hawaii,Maui,50c9509d-22c7-4a22-a47d-8c48425ef4a7,2165812500
Argyroxiphium grayanum (Hillebr.) O.Deg.,Argyroxiphium,grayanum,-156.22528,20.627326,Hawaii,Maui,NA,50c9509d-22c7-4a22-a47d-8c48425ef4a7,2165812500
Argyroxiphium grayanum (Hillebr.) O.Deg.,Argyroxiphium,grayanum,-156.242909,20.673201,USA,Hawaii,Maui,50c9509d-22c7-4a22-a47d-8c48425ef4a7,2165812500
Argyroxiphium grayanum (Hillebr.) O.Deg.,Argyroxiphium,grayanum,-156.274927,20.672839,USA,Hawaii,Maui,50c9509d-22c7-4a22-a47d-8c48425ef4a7,2165812500
Argyroxiphium grayanum (Hillebr.) O.Deg.,Argyroxiphium,grayanum,-156.244989,20.70105,USA,Hawaii,Maui,50c9509d-22c7-4a22-a47d-8c48425ef4a7,2165812500
Argyroxiphium grayanum (Hillebr.) O.Deg.,Argyroxiphium,grayanum,-156.364489,20.721668,USA,Hawaii,Maui,50c9509d-22c7-4a22-a47d-8c48425ef4a7,2165812500
Argyroxiphium grayanum (Hillebr.) O.Deg.,Argyroxiphium,grayanum,-156.261442,20.752452,USA,Hawaii,Maui,50c9509d-22c7-4a22-a47d-8c48425ef4a7,2165812500
Argyroxiphium grayanum (Hillebr.) O.Deg.,Argyroxiphium,grayanum,-156.284588,20.715265,USA,Hawaii,Maui,50c9509d-22c7-4a22-a47d-8c48425ef4a7,2165812500
Argyroxiphium grayanum (Hillebr.) O.Deg.,Argyroxiphium,grayanum,-156.350445,20.700373,USA,Hawaii,Maui,50c9509d-22c7-4a22-a47d-8c48425ef4a7,2165812500
Argyroxiphium grayanum (Hillebr.) O.Deg.,Argyroxiphium,grayanum,-156.205433,20.719478,USA,Hawaii,Maui,50c9509d-22c7-4a22-a47d-8c48425ef4a7,2165812500
Argyroxiphium grayanum (Hillebr.) O.Deg.,Argyroxiphium,grayanum,-156.232998,20.645179,USA,Hawaii,Maui,50c9509d-22c7-4a22-a47d-8c48425ef4a7,2165812500
Argyroxiphium grayanum (Hillebr.) O.Deg.,Argyroxiphium,grayanum,-156.268755,20.674927,USA,Hawaii,Maui,50c9509d-22c7-4a22-a47d-8c48425ef4a7,2165812500
Argyroxiphium grayanum (Hillebr.) O.Deg.,Argyroxiphium,grayanum,-156.268331,20.783888,USA,Hawaii,Maui,50c9509d-22c7-4a22-a47d-8c48425ef4a7,2165812500
Argyroxiphium grayanum (Hillebr.) O.Deg.,Argyroxiphium,grayanum,-156.358107,20.631403,USA,Hawaii,Maui,50c9509d-22c7-4a22-a47d-8c48425ef4a7,2165812500
Argyroxiphium grayanum (Hillebr.) O.Deg.,Argyroxiphium,grayanum,-156.237118,20.643333,USA,Hawaii,Maui,50c9509d-22c7-4a22-a47d-8c48425ef4a7,2165812500
Argyroxiphium grayanum (Hillebr.) O.Deg.,Argyroxiphium,grayanum,-156.356042,20.630293,USA,Hawaii,Maui,50c9509d-22c7-4a22-a47d-8c48425ef4a7,2165812500
Argyroxiphium grayanum (Hillebr.) O.Deg.,Argyroxiphium,grayanum,-156.319318,20.655098,USA,Hawaii,Maui,50c9509d-22c7-4a22-a47d-8c48425ef4a7,2165812500
Argyroxiphium grayanum (Hillebr.) O.Deg.,Argyroxiphium,grayanum,-156.365353,20.706896,USA,Hawaii,Maui,50c9509d-22c7-4a22-a47d-8c48425ef4a7,2165812500
Argyroxiphium grayanum (Hillebr.) O.Deg.,Argyroxiphium,grayanum,-156.309925,20.705161,USA,Hawaii,Maui,50c9509d-22c7-4a22-a47d-8c48425ef4a7,2165812500
Argyroxiphium grayanum (Hillebr.) O.Deg.,Argyroxiphium,grayanum,-156.398769,20.627063,USA,Hawaii,Maui,50c9509d-22c7-4a22-a47d-8c48425ef4a7,2165812500
Argyroxiphium grayanum (Hillebr.) O.Deg.,Argyroxiphium,grayanum,-156.326578,20.75808,USA,Hawaii,Maui,50c9509d-22c7-4a22-a47d-8c48425ef4a7,2165812500
Argyroxiphium grayanum (Hillebr.) O.Deg.,Argyroxiphium,grayanum,-156.366022,20.674717,USA,Hawaii,Maui,50c9509d-22c7-4a22-a47d-8c48425ef4a7,2165812500
Argyroxiphium grayanum (Hillebr.) O.Deg.,Argyroxiphium,grayanum,-156.230812,20.767707,USA,Hawaii,Maui,50c9509d-22c7-4a22-a47d-8c48425ef4a7,2165812500
Argyroxiphium grayanum (Hillebr.) O.Deg.,Argyroxiphium,grayanum,-156.194435,20.744121,USA,Hawaii,Maui,50c9509d-22c7-4a22-a47d-8c48425ef4a7,2165812500
Argyroxiphium grayanum (Hillebr.) O.Deg.,Argyroxiphium,grayanum,-156.353718,20.675202,USA,Hawaii,Maui,50c9509d-22c7-4a22-a47d-8c48425ef4a7,2165812500
Argyroxiphium grayanum (Hillebr.) O.Deg.,Argyroxiphium,grayanum,-156.269087,20.692929,USA,Hawaii,Maui,50c9509d-22c7-4a22-a47d-8c48425ef4a7,2165812500
Argyroxiphium grayanum (Hillebr.) O.Deg.,Argyroxiphium,grayanum,-156.279707,20.781407,USA,Hawaii,Maui,50c9509d-22c7-4a22-a47d-8c48425ef4a7,2165812500
Argyroxiphium grayanum (Hillebr.) O.Deg.,Argyroxiphium,grayanum,-156.329536,20.639802,USA,Hawaii,Maui,50c9509d-22c7-4a22-a47d-8c48425ef4a7,2165812500
Argyroxiphium grayanum (Hillebr.) O.Deg.,Argyroxiphium,grayanum,-156.294285,20.652696,USA,Hawaii,Maui,50c9509d-22c7-4a22-a47d-8c48425ef4a7,2165812500
Argyroxiphium grayanum (Hillebr.) O.Deg.,Argyroxiphium,grayanum,-156.273198,20.685283,USA,Hawaii,Maui,50c9509d-22c7-4a22-a47d-8c48425ef4a7,2165812500
Argyroxiphium grayanum (Hillebr.) O.Deg.,Argyroxiphium,grayanum,-156.284182,20.736209,USA,Hawaii,Maui,50c9509d-22c7-4a22-a47d-8c48425ef4a7,2165812500
Argyroxiphium grayanum (Hillebr.) O.Deg.,Argyroxiphium,grayanum,-156.31406,20.768432,USA,Hawaii,Maui,50c9509d-22c7-4a22-a47d-8c48425ef4a7,2165812500
Argyroxiphium grayanum (Hillebr.) O.Deg.,Argyroxiphium,grayanum,-156.236736,20.687667,USA,Hawaii,Maui,50c9509d-22c7-4a22-a47d-8c48425ef4a7,2165812500
Argyroxiphium grayanum (Hillebr.) O.Deg.,Argyroxiphium,grayanum,-156.38738,20.626971,USA,Hawaii,Maui,50c9509d-22c7-4a22-a47d-8c48425ef4a7,2165812500
Argyroxiphium grayanum (Hillebr.) O.Deg.,Argyroxiphium,grayanum,-156.388997,20.656477,USA,Hawaii,Maui,50c9509d-22c7-4a22-a47d-8c48425ef4a7,2165812500
Argyroxiphium grayanum (Hillebr.) O.Deg.,Argyroxiphium,grayanum,-156.342849,20.774683,USA,Hawaii,Maui,50c9509d-22c7-4a22-a47d-8c48425ef4a7,2165812500
Argyroxiphium grayanum (Hillebr.) O.Deg.,Argyroxiphium,grayanum,-156.283763,20.78243,USA,Hawaii,Maui,50c9509d-22c7-4a22-a47d-8c48425ef4a7,2165812500
Argyroxiphium grayanum (Hillebr.) O.Deg.,Argyroxiphium,grayanum,-156.253688,20.758661,USA,Hawaii,Maui,50c9509d-22c7-4a22-a47d-8c48425ef4a7,2165812500
Argyroxiphium grayanum (Hillebr.) O.Deg.,Argyroxiphium,grayanum,-156.146251,20.658239,USA,Hawaii,Maui,50c9509d-22c7-4a22-a47d-8c48425ef4a7,2165812500
Argyroxiphium grayanum (Hillebr.) O.Deg.,Argyroxiphium,grayanum,-156.236737,20.75424,USA,Hawaii,Maui,50c9509d-22c7-4a22-a47d-8c48425ef4a7,2165812500
Argyroxiphium grayanum (Hillebr.) O.Deg.,Argyroxiphium,grayanum,-156.289127,20.692425,USA,Hawaii,Maui,50c9509d-22c7-4a22-a47d-8c48425ef4a7,2165812500
Argyroxiphium grayanum (Hillebr.) O.Deg.,Argyroxiphium,grayanum,-156.390832,20.768409,USA,Hawaii,Maui,50c9509d-22c7-4a22-a47d-8c48425ef4a7,2165812500
Argyroxiphium grayanum (Hillebr.) O.Deg.,Argyroxiphium,grayanum,-156.269348,20.787238,USA,Hawaii,Maui,50c9509d-22c7-4a22-a47d-8c48425ef4a7,2165812500
Argyroxiphium grayanum (Hillebr.) O.Deg.,Argyroxiphium,grayanum,-156.398079,20.694174,USA,Hawaii,Maui,50c9509d-22c7-4a22-a47d-8c48425ef4a7,2165812500
Argyroxiphium grayanum (Hillebr.) O.Deg.,Argyroxiphium,grayanum,-156.330625,20.705571,USA,Hawaii,Maui,50c9509d-22c7-4a22-a47d-8c48425ef4a7,2165812500
Argyroxiphium grayanum (Hillebr.) O.Deg.,Argyroxiphium,grayanum,-156.286978,20.876347,USA,Hawaii,Maui,50c9509d-22c7-4a22-a47d-8c48425ef4a7,2165812500
Argyroxiphium grayanum (Hillebr.) O.Deg.,Argyroxiphium,grayanum,-156.228113,20.926294,Hawaii,Maui,NA,50c9509d-22c7-4a22-a47d-8c48425ef4a7,2165812500
Argyroxiphium grayanum (Hillebr.) O.Deg.,Argyroxiphium,grayanum,-156.392838,20.904508,USA,Hawaii,Maui,50c9509d-22c7-4a22-a47d-8c48425ef4a7,2165812500
Argyroxiphium grayanum (Hillebr.) O.Deg.,Argyroxiphium,grayanum,-156.608,20.9,USA,Hawaii,Maui,b929f23d-290f-4e85-8f17-764c55b3b284,2165812500
Argyroxiphium grayanum (Hillebr.) O.Deg.,Argyroxiphium,grayanum,-156.59234,20.90596,USA,Hawaii,Maui,9781ce05-2379-4a10-ab3b-c91346510df8,2165812500
Argyroxiphium grayanum (Hillebr.) O.Deg.,Argyroxiphium,grayanum,-156.59234,20.90596,USA,Hawaii,Maui,8567736a-23db-4ab2-aa13-888d3123be1b,2165812500
Argyroxiphium grayanum (Hillebr.) O.Deg.,Argyroxiphium,grayanum,-156.59234,20.90596,USA,Hawaii,Maui,8567736a-23db-4ab2-aa13-888d3123be1b,2165812500
Argyroxiphium grayanum (Hillebr.) O.Deg.,Argyroxiphium,grayanum,-156.59234,20.90596,USA,Hawaii,Maui,9781ce05-2379-4a10-ab3b-c91346510df8,2165812500
Argyroxiphium grayanum (Hillebr.) O.Deg.,Argyroxiphium,grayanum,-156.62,20.89056,USA,Hawaii,Maui,15f819bd-6612-4447-854b-14d12ee1022d,2165812500
Argyroxiphium grayanum (Hillebr.) O.Deg.,Argyroxiphium,grayanum,-156.59772,20.90753,USA,Hawaii,Maui,8567736a-23db-4ab2-aa13-888d3123be1b,2165812500
Argyroxiphium grayanum (Hillebr.) O.Deg.,Argyroxiphium,grayanum,-156.539444,20.893611,USA,Hawaii,Maui,43fb301d-0354-45bc-94d2-dd50f3142a50,2165812500
Argyroxiphium grayanum (Hillebr.) O.Deg.,Argyroxiphium,grayanum,-156.539444,20.893611,USA,Hawaii,Maui,43fb301d-0354-45bc-94d2-dd50f3142a50,2165812500
Argyroxiphium grayanum (Hillebr.) O.Deg.,Argyroxiphium,grayanum,-156.57423,20.91963,USA,Hawaii,Maui,15f819bd-6612-4447-854b-14d12ee1022d,2165812500
Argyroxiphium grayanum (Hillebr.) O.Deg.,Argyroxiphium,grayanum,-156.589456,20.893612,USA,Hawaii,Maui,d415c253-4d61-4459-9d25-4015b9084fb0,2165812500
Argyroxiphium grayanum (Hillebr.) O.Deg.,Argyroxiphium,grayanum,-156.589456,20.893612,USA,Hawaii,Maui,d415c253-4d61-4459-9d25-4015b9084fb0,2165812500
Argyroxiphium kauense (Rock & Neal) O.Deg. & I.Deg.,Argyroxiphium,kauense,-155.258833,19.461422,USA,Hawaii,NA,50c9509d-22c7-4a22-a47d-8c48425ef4a7,11824312500
Argyroxiphium kauense (Rock & Neal) O.Deg. & I.Deg.,Argyroxiphium,kauense,-155.330903,19.516229,USA,Hawaii,NA,50c9509d-22c7-4a22-a47d-8c48425ef4a7,11824312500
Argyroxiphium kauense (Rock & Neal) O.Deg. & I.Deg.,Argyroxiphium,kauense,-155.323896,19.432016,USA,Hawaii,NA,50c9509d-22c7-4a22-a47d-8c48425ef4a7,11824312500
Argyroxiphium kauense (Rock & Neal) O.Deg. & I.Deg.,Argyroxiphium,kauense,-155.262197,19.41536,USA,Hawaii,NA,50c9509d-22c7-4a22-a47d-8c48425ef4a7,11824312500
Argyroxiphium kauense (Rock & Neal) O.Deg. & I.Deg.,Argyroxiphium,kauense,-155.274559,19.47366,USA,Hawaii,NA,50c9509d-22c7-4a22-a47d-8c48425ef4a7,11824312500
Argyroxiphium kauense (Rock & Neal) O.Deg. & I.Deg.,Argyroxiphium,kauense,-155.320778,19.547225,USA,Hawaii,NA,50c9509d-22c7-4a22-a47d-8c48425ef4a7,11824312500
Argyroxiphium kauense (Rock & Neal) O.Deg. & I.Deg.,Argyroxiphium,kauense,-155.263972,19.54685,USA,Hawaii,NA,50c9509d-22c7-4a22-a47d-8c48425ef4a7,11824312500
Argyroxiphium kauense (Rock & Neal) O.Deg. & I.Deg.,Argyroxiphium,kauense,-155.20204,19.449014,USA,Hawaii,NA,50c9509d-22c7-4a22-a47d-8c48425ef4a7,11824312500
Argyroxiphium kauense (Rock & Neal) O.Deg. & I.Deg.,Argyroxiphium,kauense,-155.361932,19.542702,USA,Hawaii,NA,50c9509d-22c7-4a22-a47d-8c48425ef4a7,11824312500
Argyroxiphium kauense (Rock & Neal) O.Deg. & I.Deg.,Argyroxiphium,kauense,-155.243012,19.407841,USA,Hawaii,NA,50c9509d-22c7-4a22-a47d-8c48425ef4a7,11824312500
Argyroxiphium kauense (Rock & Neal) O.Deg. & I.Deg.,Argyroxiphium,kauense,-155.396698,19.406192,USA,Hawaii,NA,50c9509d-22c7-4a22-a47d-8c48425ef4a7,11824312500
Argyroxiphium kauense (Rock & Neal) O.Deg. & I.Deg.,Argyroxiphium,kauense,-155.554919,19.469952,USA,Hawaii,NA,50c9509d-22c7-4a22-a47d-8c48425ef4a7,11824312500
Argyroxiphium kauense (Rock & Neal) O.Deg. & I.Deg.,Argyroxiphium,kauense,-155.352501,19.523893,USA,Hawaii,NA,50c9509d-22c7-4a22-a47d-8c48425ef4a7,11824312500
Argyroxiphium kauense (Rock & Neal) O.Deg. & I.Deg.,Argyroxiphium,kauense,-155.381815,19.589841,USA,Hawaii,NA,50c9509d-22c7-4a22-a47d-8c48425ef4a7,11824312500
Argyroxiphium kauense (Rock & Neal) O.Deg. & I.Deg.,Argyroxiphium,kauense,-155.269378,19.546195,USA,Hawaii,NA,50c9509d-22c7-4a22-a47d-8c48425ef4a7,11824312500
Argyroxiphium kauense (Rock & Neal) O.Deg. & I.Deg.,Argyroxiphium,kauense,-155.386238,19.497694,USA,Hawaii,NA,50c9509d-22c7-4a22-a47d-8c48425ef4a7,11824312500
Argyroxiphium kauense (Rock & Neal) O.Deg. & I.Deg.,Argyroxiphium,kauense,-155.287456,19.598534,USA,Hawaii,NA,50c9509d-22c7-4a22-a47d-8c48425ef4a7,11824312500
Argyroxiphium kauense (Rock & Neal) O.Deg. & I.Deg.,Argyroxiphium,kauense,-155.24344,19.480401,USA,Hawaii,NA,50c9509d-22c7-4a22-a47d-8c48425ef4a7,11824312500
Argyroxiphium kauense (Rock & Neal) O.Deg. & I.Deg.,Argyroxiphium,kauense,-155.345794,19.518718,USA,Hawaii,NA,50c9509d-22c7-4a22-a47d-8c48425ef4a7,11824312500
Argyroxiphium kauense (Rock & Neal) O.Deg. & I.Deg.,Argyroxiphium,kauense,-155.364499,19.568439,USA,Hawaii,NA,50c9509d-22c7-4a22-a47d-8c48425ef4a7,11824312500
Argyroxiphium kauense (Rock & Neal) O.Deg. & I.Deg.,Argyroxiphium,kauense,-155.364491,19.487108,USA,Hawaii,NA,50c9509d-22c7-4a22-a47d-8c48425ef4a7,11824312500
Argyroxiphium kauense (Rock & Neal) O.Deg. & I.Deg.,Argyroxiphium,kauense,-155.206262,19.598616,USA,Hawaii,NA,50c9509d-22c7-4a22-a47d-8c48425ef4a7,11824312500
Argyroxiphium kauense (Rock & Neal) O.Deg. & I.Deg.,Argyroxiphium,kauense,-155.212173,19.545447,USA,Hawaii,NA,50c9509d-22c7-4a22-a47d-8c48425ef4a7,11824312500
Argyroxiphium kauense (Rock & Neal) O.Deg. & I.Deg.,Argyroxiphium,kauense,-155.231873,19.428244,USA,Hawaii,NA,50c9509d-22c7-4a22-a47d-8c48425ef4a7,11824312500
Argyroxiphium kauense (Rock & Neal) O.Deg. & I.Deg.,Argyroxiphium,kauense,-155.285591,19.507584,USA,Hawaii,NA,50c9509d-22c7-4a22-a47d-8c48425ef4a7,11824312500
Argyroxiphium kauense (Rock & Neal) O.Deg. & I.Deg.,Argyroxiphium,kauense,-155.250237,19.566674,USA,Hawaii,NA,50c9509d-22c7-4a22-a47d-8c48425ef4a7,11824312500
Argyroxiphium kauense (Rock & Neal) O.Deg. & I.Deg.,Argyroxiphium,kauense,-155.282872,19.455338,USA,Hawaii,NA,50c9509d-22c7-4a22-a47d-8c48425ef4a7,11824312500
Argyroxiphium kauense (Rock & Neal) O.Deg. & I.Deg.,Argyroxiphium,kauense,-155.354359,19.561848,USA,Hawaii,NA,50c9509d-22c7-4a22-a47d-8c48425ef4a7,11824312500
Argyroxiphium kauense (Rock & Neal) O.Deg. & I.Deg.,Argyroxiphium,kauense,-155.233704,19.516811,USA,Hawaii,NA,50c9509d-22c7-4a22-a47d-8c48425ef4a7,11824312500
Argyroxiphium kauense (Rock & Neal) O.Deg. & I.Deg.,Argyroxiphium,kauense,-155.487,19.4141,USA,Hawaii,NA,26098c25-8f7f-4c71-97ac-1d3db181c65e,11824312500
Argyroxiphium kauense (Rock & Neal) O.Deg. & I.Deg.,Argyroxiphium,kauense,-155.487,19.4141,USA,Hawaii,NA,26098c25-8f7f-4c71-97ac-1d3db181c65e,11824312500
Argyroxiphium kauense (Rock & Neal) O.Deg. & I.Deg.,Argyroxiphium,kauense,-155.487,19.4141,USA,Hawaii,NA,26098c25-8f7f-4c71-97ac-1d3db181c65e,11824312500
Argyroxiphium kauense (Rock & Neal) O.Deg. & I.Deg.,Argyroxiphium,kauense,-155.487,19.4141,USA,Hawaii,NA,26098c25-8f7f-4c71-97ac-1d3db181c65e,11824312500
Argyroxiphium kauense (Rock & Neal) O.Deg. & I.Deg.,Argyroxiphium,kauense,-155.49,19.41,USA,Hawaii,NA,d8cd16ba-bb74-4420-821e-083f2bac17c2,11824312500
Argyroxiphium kauense (Rock & Neal) O.Deg. & I.Deg.,Argyroxiphium,kauense,-155.49,19.41,USA,Hawaii,NA,d8cd16ba-bb74-4420-821e-083f2bac17c2,11824312500
Argyroxiphium kauense (Rock & Neal) O.Deg. & I.Deg.,Argyroxiphium,kauense,-155.365103,19.423842,USA,Hawaii,NA,50c9509d-22c7-4a22-a47d-8c48425ef4a7,11824312500
Argyroxiphium kauense (Rock & Neal) O.Deg. & I.Deg.,Argyroxiphium,kauense,-155.273417,19.596555,USA,Hawaii,NA,50c9509d-22c7-4a22-a47d-8c48425ef4a7,11824312500
Argyroxiphium kauense (Rock & Neal) O.Deg. & I.Deg.,Argyroxiphium,kauense,-155.248883,19.44476,USA,Hawaii,NA,50c9509d-22c7-4a22-a47d-8c48425ef4a7,11824312500
Argyroxiphium kauense (Rock & Neal) O.Deg. & I.Deg.,Argyroxiphium,kauense,-155.308408,19.573464,USA,Hawaii,NA,50c9509d-22c7-4a22-a47d-8c48425ef4a7,11824312500
Argyroxiphium kauense (Rock & Neal) O.Deg. & I.Deg.,Argyroxiphium,kauense,-155.271873,19.587546,USA,Hawaii,NA,50c9509d-22c7-4a22-a47d-8c48425ef4a7,11824312500
Argyroxiphium kauense (Rock & Neal) O.Deg. & I.Deg.,Argyroxiphium,kauense,-155.39879,19.472213,USA,Hawaii,NA,50c9509d-22c7-4a22-a47d-8c48425ef4a7,11824312500
Argyroxiphium kauense (Rock & Neal) O.Deg. & I.Deg.,Argyroxiphium,kauense,-155.300595,19.422184,USA,Hawaii,NA,50c9509d-22c7-4a22-a47d-8c48425ef4a7,11824312500
Argyroxiphium kauense (Rock & Neal) O.Deg. & I.Deg.,Argyroxiphium,kauense,-155.219908,19.367722,USA,Hawaii,NA,50c9509d-22c7-4a22-a47d-8c48425ef4a7,11824312500
Argyroxiphium kauense (Rock & Neal) O.Deg. & I.Deg.,Argyroxiphium,kauense,-155.309715,19.619361,USA,Hawaii,NA,50c9509d-22c7-4a22-a47d-8c48425ef4a7,11824312500
Argyroxiphium kauense (Rock & Neal) O.Deg. & I.Deg.,Argyroxiphium,kauense,-155.73937,19.19502,USA,Hawaii,NA,15f819bd-6612-4447-854b-14d12ee1022d,11824312500
Argyroxiphium kauense (Rock & Neal) O.Deg. & I.Deg.,Argyroxiphium,kauense,-155.66,19.315,USA,Hawaii,NA,15f819bd-6612-4447-854b-14d12ee1022d,11824312500
Argyroxiphium kauense (Rock & Neal) O.Deg. & I.Deg.,Argyroxiphium,kauense,-155.688682,19.2071,USA,Hawaii,NA,9781ce05-2379-4a10-ab3b-c91346510df8,11824312500
Argyroxiphium kauense (Rock & Neal) O.Deg. & I.Deg.,Argyroxiphium,kauense,-155.688682,19.2071,USA,Hawaii,NA,9781ce05-2379-4a10-ab3b-c91346510df8,11824312500
Argyroxiphium kauense (Rock & Neal) O.Deg. & I.Deg.,Argyroxiphium,kauense,-155.688682,19.2071,USA,Hawaii,NA,9781ce05-2379-4a10-ab3b-c91346510df8,11824312500
Argyroxiphium kauense (Rock & Neal) O.Deg. & I.Deg.,Argyroxiphium,kauense,-155.688682,19.2071,USA,Hawaii,NA,9781ce05-2379-4a10-ab3b-c91346510df8,11824312500
Argyroxiphium kauense (Rock & Neal) O.Deg. & I.Deg.,Argyroxiphium,kauense,-155.688682,19.2071,USA,Hawaii,NA,9781ce05-2379-4a10-ab3b-c91346510df8,11824312500
Argyroxiphium kauense (Rock & Neal) O.Deg. & I.Deg.,Argyroxiphium,kauense,-155.688682,19.2071,USA,Hawaii,NA,9781ce05-2379-4a10-ab3b-c91346510df8,11824312500
Argyroxiphium kauense (Rock & Neal) O.Deg. & I.Deg.,Argyroxiphium,kauense,-155.688682,19.2071,USA,Hawaii,NA,9781ce05-2379-4a10-ab3b-c91346510df8,11824312500
Argyroxiphium kauense (Rock & Neal) O.Deg. & I.Deg.,Argyroxiphium,kauense,-155.688682,19.2071,USA,Hawaii,NA,9781ce05-2379-4a10-ab3b-c91346510df8,11824312500
Argyroxiphium kauense (Rock & Neal) O.Deg. & I.Deg.,Argyroxiphium,kauense,-155.72,19.327,USA,Hawaii,NA,15f819bd-6612-4447-854b-14d12ee1022d,11824312500
Argyroxiphium kauense (Rock & Neal) O.Deg. & I.Deg.,Argyroxiphium,kauense,-155.5764,19.2287,USA,Hawaii,NA,15f819bd-6612-4447-854b-14d12ee1022d,11824312500
Argyroxiphium sandwicense DC.,Argyroxiphium,sandwicense,-156.333686,20.634204,USA,Hawaii,Maui,50c9509d-22c7-4a22-a47d-8c48425ef4a7,2165812500
Argyroxiphium sandwicense DC.,Argyroxiphium,sandwicense,-155.408057,19.745798,USA,Hawaii,NA,50c9509d-22c7-4a22-a47d-8c48425ef4a7,11824312500
Argyroxiphium sandwicense DC.,Argyroxiphium,sandwicense,-156.364145,20.693304,USA,Hawaii,Maui,50c9509d-22c7-4a22-a47d-8c48425ef4a7,2165812500
Argyroxiphium sandwicense DC.,Argyroxiphium,sandwicense,-156.335138,20.664057,USA,Hawaii,Maui,50c9509d-22c7-4a22-a47d-8c48425ef4a7,2165812500
Argyroxiphium sandwicense DC.,Argyroxiphium,sandwicense,-156.323753,20.694324,USA,Hawaii,Maui,50c9509d-22c7-4a22-a47d-8c48425ef4a7,2165812500
Argyroxiphium sandwicense DC.,Argyroxiphium,sandwicense,-155.486476,19.606571,USA,Hawaii,NA,50c9509d-22c7-4a22-a47d-8c48425ef4a7,11824312500
Argyroxiphium sandwicense DC.,Argyroxiphium,sandwicense,-156.378312,20.638835,USA,Hawaii,Maui,50c9509d-22c7-4a22-a47d-8c48425ef4a7,2165812500
Argyroxiphium sandwicense DC.,Argyroxiphium,sandwicense,-155.512553,19.793171,USA,Hawaii,NA,50c9509d-22c7-4a22-a47d-8c48425ef4a7,11824312500
Argyroxiphium sandwicense DC.,Argyroxiphium,sandwicense,-156.347733,20.746285,USA,Hawaii,Maui,50c9509d-22c7-4a22-a47d-8c48425ef4a7,2165812500
Argyroxiphium sandwicense DC.,Argyroxiphium,sandwicense,-156.317652,20.741009,USA,Hawaii,Maui,50c9509d-22c7-4a22-a47d-8c48425ef4a7,2165812500
Argyroxiphium sandwicense DC.,Argyroxiphium,sandwicense,-156.306125,20.644597,USA,Hawaii,Maui,50c9509d-22c7-4a22-a47d-8c48425ef4a7,2165812500
Argyroxiphium sandwicense DC.,Argyroxiphium,sandwicense,-155.471472,19.78,USA,Hawaii,NA,50c9509d-22c7-4a22-a47d-8c48425ef4a7,11824312500
Argyroxiphium sandwicense DC.,Argyroxiphium,sandwicense,-155.575038,19.633461,USA,Hawaii,NA,50c9509d-22c7-4a22-a47d-8c48425ef4a7,11824312500
Argyroxiphium sandwicense DC.,Argyroxiphium,sandwicense,-156.244418,20.701035,USA,Hawaii,Maui,50c9509d-22c7-4a22-a47d-8c48425ef4a7,2165812500
Argyroxiphium sandwicense DC.,Argyroxiphium,sandwicense,-155.536669,19.703441,USA,Hawaii,NA,50c9509d-22c7-4a22-a47d-8c48425ef4a7,11824312500
Argyroxiphium sandwicense DC.,Argyroxiphium,sandwicense,-156.240401,20.685225,USA,Hawaii,Maui,50c9509d-22c7-4a22-a47d-8c48425ef4a7,2165812500
Argyroxiphium sandwicense DC.,Argyroxiphium,sandwicense,-156.366397,20.743243,USA,Hawaii,Maui,50c9509d-22c7-4a22-a47d-8c48425ef4a7,2165812500
Argyroxiphium sandwicense DC.,Argyroxiphium,sandwicense,-156.24982,20.771639,USA,Hawaii,Maui,50c9509d-22c7-4a22-a47d-8c48425ef4a7,2165812500
Argyroxiphium sandwicense DC.,Argyroxiphium,sandwicense,-156.215309,20.698101,USA,Hawaii,Maui,50c9509d-22c7-4a22-a47d-8c48425ef4a7,2165812500
Argyroxiphium sandwicense DC.,Argyroxiphium,sandwicense,-156.289128,20.730529,USA,Hawaii,Maui,50c9509d-22c7-4a22-a47d-8c48425ef4a7,2165812500
Argyroxiphium sandwicense DC.,Argyroxiphium,sandwicense,-156.316513,20.778111,USA,Hawaii,Maui,50c9509d-22c7-4a22-a47d-8c48425ef4a7,2165812500
Argyroxiphium sandwicense DC.,Argyroxiphium,sandwicense,-155.528197,19.63003,USA,Hawaii,NA,50c9509d-22c7-4a22-a47d-8c48425ef4a7,11824312500
Argyroxiphium sandwicense DC.,Argyroxiphium,sandwicense,-155.533684,19.678433,USA,Hawaii,NA,50c9509d-22c7-4a22-a47d-8c48425ef4a7,11824312500
Argyroxiphium sandwicense DC.,Argyroxiphium,sandwicense,-156.372704,20.658532,USA,Hawaii,Maui,50c9509d-22c7-4a22-a47d-8c48425ef4a7,2165812500
Argyroxiphium sandwicense DC.,Argyroxiphium,sandwicense,-156.39799,20.606526,USA,Hawaii,Maui,50c9509d-22c7-4a22-a47d-8c48425ef4a7,2165812500
Argyroxiphium sandwicense DC.,Argyroxiphium,sandwicense,-156.395008,20.728486,USA,Hawaii,Maui,50c9509d-22c7-4a22-a47d-8c48425ef4a7,2165812500
Argyroxiphium sandwicense DC.,Argyroxiphium,sandwicense,-156.245946,20.664287,USA,Hawaii,Maui,50c9509d-22c7-4a22-a47d-8c48425ef4a7,2165812500
Argyroxiphium sandwicense DC.,Argyroxiphium,sandwicense,-155.57771,19.689982,USA,Hawaii,NA,50c9509d-22c7-4a22-a47d-8c48425ef4a7,11824312500
Argyroxiphium sandwicense DC.,Argyroxiphium,sandwicense,-156.289814,20.698193,USA,Hawaii,Maui,50c9509d-22c7-4a22-a47d-8c48425ef4a7,2165812500
Argyroxiphium sandwicense DC.,Argyroxiphium,sandwicense,-155.598993,19.7488,USA,Hawaii,NA,50c9509d-22c7-4a22-a47d-8c48425ef4a7,11824312500
Argyroxiphium sandwicense DC.,Argyroxiphium,sandwicense,-155.679373,19.990238,USA,Hawaii,NA,50c9509d-22c7-4a22-a47d-8c48425ef4a7,11824312500
Argyroxiphium sandwicense DC.,Argyroxiphium,sandwicense,-155.563868,19.797528,USA,Hawaii,NA,50c9509d-22c7-4a22-a47d-8c48425ef4a7,11824312500
Argyroxiphium sandwicense DC.,Argyroxiphium,sandwicense,-155.519011,19.674055,USA,Hawaii,NA,50c9509d-22c7-4a22-a47d-8c48425ef4a7,11824312500
Argyroxiphium sandwicense DC.,Argyroxiphium,sandwicense,-155.53152,19.794384,USA,Hawaii,NA,50c9509d-22c7-4a22-a47d-8c48425ef4a7,11824312500
Argyroxiphium sandwicense DC.,Argyroxiphium,sandwicense,-155.401351,19.62089,USA,Hawaii,NA,50c9509d-22c7-4a22-a47d-8c48425ef4a7,11824312500
Argyroxiphium sandwicense DC.,Argyroxiphium,sandwicense,-155.552444,19.606662,USA,Hawaii,NA,50c9509d-22c7-4a22-a47d-8c48425ef4a7,11824312500
Argyroxiphium sandwicense DC.,Argyroxiphium,sandwicense,-155.518091,19.708417,USA,Hawaii,NA,50c9509d-22c7-4a22-a47d-8c48425ef4a7,11824312500
Argyroxiphium sandwicense DC.,Argyroxiphium,sandwicense,-155.578013,19.655954,USA,Hawaii,NA,50c9509d-22c7-4a22-a47d-8c48425ef4a7,11824312500
Argyroxiphium sandwicense DC.,Argyroxiphium,sandwicense,-156.205235,20.785678,USA,Hawaii,Maui,50c9509d-22c7-4a22-a47d-8c48425ef4a7,2165812500
Argyroxiphium sandwicense DC.,Argyroxiphium,sandwicense,-155.493973,19.763844,USA,Hawaii,NA,50c9509d-22c7-4a22-a47d-8c48425ef4a7,11824312500
Argyroxiphium sandwicense DC.,Argyroxiphium,sandwicense,-156.392012,20.655897,USA,Hawaii,Maui,50c9509d-22c7-4a22-a47d-8c48425ef4a7,2165812500
Argyroxiphium sandwicense DC.,Argyroxiphium,sandwicense,-156.29984,20.66285,USA,Hawaii,Maui,50c9509d-22c7-4a22-a47d-8c48425ef4a7,2165812500
Argyroxiphium sandwicense DC.,Argyroxiphium,sandwicense,-156.241839,20.624217,Hawaii,Maui,NA,50c9509d-22c7-4a22-a47d-8c48425ef4a7,2165812500
Argyroxiphium sandwicense DC.,Argyroxiphium,sandwicense,-156.340078,20.750209,USA,Hawaii,Maui,50c9509d-22c7-4a22-a47d-8c48425ef4a7,2165812500
Argyroxiphium sandwicense DC.,Argyroxiphium,sandwicense,-155.420781,19.692939,USA,Hawaii,NA,50c9509d-22c7-4a22-a47d-8c48425ef4a7,11824312500
Argyroxiphium sandwicense DC.,Argyroxiphium,sandwicense,-155.505387,19.745836,USA,Hawaii,NA,50c9509d-22c7-4a22-a47d-8c48425ef4a7,11824312500
Argyroxiphium sandwicense DC.,Argyroxiphium,sandwicense,-156.270579,20.769333,USA,Hawaii,Maui,50c9509d-22c7-4a22-a47d-8c48425ef4a7,2165812500
Argyroxiphium sandwicense DC.,Argyroxiphium,sandwicense,-156.263522,20.795732,USA,Hawaii,Maui,50c9509d-22c7-4a22-a47d-8c48425ef4a7,2165812500
Argyroxiphium sandwicense DC.,Argyroxiphium,sandwicense,-156.366922,20.716894,USA,Hawaii,Maui,50c9509d-22c7-4a22-a47d-8c48425ef4a7,2165812500
Argyroxiphium sandwicense DC.,Argyroxiphium,sandwicense,-155.487272,19.711669,USA,Hawaii,NA,50c9509d-22c7-4a22-a47d-8c48425ef4a7,11824312500
Argyroxiphium sandwicense DC.,Argyroxiphium,sandwicense,-156.294982,20.721326,USA,Hawaii,Maui,50c9509d-22c7-4a22-a47d-8c48425ef4a7,2165812500
Argyroxiphium sandwicense DC.,Argyroxiphium,sandwicense,-156.329037,20.785573,USA,Hawaii,Maui,50c9509d-22c7-4a22-a47d-8c48425ef4a7,2165812500
Argyroxiphium sandwicense DC.,Argyroxiphium,sandwicense,-156.272547,20.676547,USA,Hawaii,Maui,50c9509d-22c7-4a22-a47d-8c48425ef4a7,2165812500
Argyroxiphium sandwicense DC.,Argyroxiphium,sandwicense,-156.239268,20.631622,USA,Hawaii,Maui,50c9509d-22c7-4a22-a47d-8c48425ef4a7,2165812500
Argyroxiphium sandwicense DC.,Argyroxiphium,sandwicense,-156.327209,20.632048,USA,Hawaii,Maui,50c9509d-22c7-4a22-a47d-8c48425ef4a7,2165812500
Argyroxiphium sandwicense DC.,Argyroxiphium,sandwicense,-156.332568,20.754685,USA,Hawaii,Maui,50c9509d-22c7-4a22-a47d-8c48425ef4a7,2165812500
Argyroxiphium sandwicense DC.,Argyroxiphium,sandwicense,-155.264436,19.958629,USA,Hawaii,NA,50c9509d-22c7-4a22-a47d-8c48425ef4a7,11824312500
Argyroxiphium sandwicense DC.,Argyroxiphium,sandwicense,-156.214188,20.722608,USA,Hawaii,Maui,50c9509d-22c7-4a22-a47d-8c48425ef4a7,2165812500
Argyroxiphium sandwicense DC.,Argyroxiphium,sandwicense,-155.582235,19.732661,USA,Hawaii,NA,50c9509d-22c7-4a22-a47d-8c48425ef4a7,11824312500
Argyroxiphium sandwicense DC.,Argyroxiphium,sandwicense,-156.335565,20.752691,USA,Hawaii,Maui,50c9509d-22c7-4a22-a47d-8c48425ef4a7,2165812500
Argyroxiphium sandwicense DC.,Argyroxiphium,sandwicense,-156.022048,20.788657,USA,Hawaii,Maui,50c9509d-22c7-4a22-a47d-8c48425ef4a7,2165812500
Argyroxiphium sandwicense DC.,Argyroxiphium,sandwicense,-156.377087,20.766534,USA,Hawaii,Maui,50c9509d-22c7-4a22-a47d-8c48425ef4a7,2165812500
Argyroxiphium sandwicense DC.,Argyroxiphium,sandwicense,-156.301592,20.70148,USA,Hawaii,Maui,50c9509d-22c7-4a22-a47d-8c48425ef4a7,2165812500
Argyroxiphium sandwicense DC.,Argyroxiphium,sandwicense,-155.551785,19.717347,USA,Hawaii,NA,50c9509d-22c7-4a22-a47d-8c48425ef4a7,11824312500
Argyroxiphium sandwicense DC.,Argyroxiphium,sandwicense,-156.362077,20.756977,USA,Hawaii,Maui,50c9509d-22c7-4a22-a47d-8c48425ef4a7,2165812500
Argyroxiphium sandwicense DC.,Argyroxiphium,sandwicense,-156.26283,20.701742,USA,Hawaii,Maui,50c9509d-22c7-4a22-a47d-8c48425ef4a7,2165812500
Argyroxiphium sandwicense DC.,Argyroxiphium,sandwicense,-155.427008,19.782426,USA,Hawaii,NA,50c9509d-22c7-4a22-a47d-8c48425ef4a7,11824312500
Argyroxiphium sandwicense DC.,Argyroxiphium,sandwicense,-155.461485,19.685138,USA,Hawaii,NA,50c9509d-22c7-4a22-a47d-8c48425ef4a7,11824312500
Argyroxiphium sandwicense DC.,Argyroxiphium,sandwicense,-156.304186,20.769709,USA,Hawaii,Maui,50c9509d-22c7-4a22-a47d-8c48425ef4a7,2165812500
Argyroxiphium sandwicense DC.,Argyroxiphium,sandwicense,-156.302912,20.710713,USA,Hawaii,Maui,50c9509d-22c7-4a22-a47d-8c48425ef4a7,2165812500
Argyroxiphium sandwicense DC.,Argyroxiphium,sandwicense,-156.289884,20.687905,USA,Hawaii,Maui,50c9509d-22c7-4a22-a47d-8c48425ef4a7,2165812500
Argyroxiphium sandwicense DC.,Argyroxiphium,sandwicense,-156.223131,20.641287,USA,Hawaii,Maui,50c9509d-22c7-4a22-a47d-8c48425ef4a7,2165812500
Argyroxiphium sandwicense DC.,Argyroxiphium,sandwicense,-155.571817,19.66024,USA,Hawaii,NA,50c9509d-22c7-4a22-a47d-8c48425ef4a7,11824312500
Argyroxiphium sandwicense DC.,Argyroxiphium,sandwicense,-156.35875,20.602223,USA,Hawaii,Maui,50c9509d-22c7-4a22-a47d-8c48425ef4a7,2165812500
Argyroxiphium sandwicense DC.,Argyroxiphium,sandwicense,-156.348094,20.739076,USA,Hawaii,Maui,50c9509d-22c7-4a22-a47d-8c48425ef4a7,2165812500
Argyroxiphium sandwicense DC.,Argyroxiphium,sandwicense,-156.370744,20.757257,USA,Hawaii,Maui,50c9509d-22c7-4a22-a47d-8c48425ef4a7,2165812500
Argyroxiphium sandwicense DC.,Argyroxiphium,sandwicense,-156.362398,20.783421,USA,Hawaii,Maui,50c9509d-22c7-4a22-a47d-8c48425ef4a7,2165812500
Argyroxiphium sandwicense DC.,Argyroxiphium,sandwicense,-156.394425,20.654165,USA,Hawaii,Maui,50c9509d-22c7-4a22-a47d-8c48425ef4a7,2165812500
Argyroxiphium sandwicense DC.,Argyroxiphium,sandwicense,-155.523176,19.746735,USA,Hawaii,NA,50c9509d-22c7-4a22-a47d-8c48425ef4a7,11824312500
Argyroxiphium sandwicense DC.,Argyroxiphium,sandwicense,-156.387434,20.611229,USA,Hawaii,Maui,50c9509d-22c7-4a22-a47d-8c48425ef4a7,2165812500
Argyroxiphium sandwicense DC.,Argyroxiphium,sandwicense,-156.365002,20.70116,USA,Hawaii,Maui,50c9509d-22c7-4a22-a47d-8c48425ef4a7,2165812500
Argyroxiphium sandwicense DC.,Argyroxiphium,sandwicense,-156.319336,20.675549,USA,Hawaii,Maui,50c9509d-22c7-4a22-a47d-8c48425ef4a7,2165812500
Argyroxiphium sandwicense DC.,Argyroxiphium,sandwicense,-155.518356,19.651101,USA,Hawaii,NA,50c9509d-22c7-4a22-a47d-8c48425ef4a7,11824312500
Argyroxiphium sandwicense DC.,Argyroxiphium,sandwicense,-155.459636,19.962384,USA,Hawaii,NA,50c9509d-22c7-4a22-a47d-8c48425ef4a7,11824312500
Argyroxiphium sandwicense DC.,Argyroxiphium,sandwicense,-155.483864,19.876509,USA,Hawaii,NA,50c9509d-22c7-4a22-a47d-8c48425ef4a7,11824312500
Argyroxiphium sandwicense DC.,Argyroxiphium,sandwicense,-155.541965,19.81035,USA,Hawaii,NA,50c9509d-22c7-4a22-a47d-8c48425ef4a7,11824312500
Argyroxiphium sandwicense DC.,Argyroxiphium,sandwicense,-155.510555,19.840826,USA,Hawaii,NA,50c9509d-22c7-4a22-a47d-8c48425ef4a7,11824312500
Argyroxiphium sandwicense DC.,Argyroxiphium,sandwicense,-155.508493,19.935207,USA,Hawaii,NA,50c9509d-22c7-4a22-a47d-8c48425ef4a7,11824312500
Argyroxiphium sandwicense DC.,Argyroxiphium,sandwicense,-156.327847,20.61397,USA,Hawaii,Maui,50c9509d-22c7-4a22-a47d-8c48425ef4a7,2165812500
Argyroxiphium sandwicense DC.,Argyroxiphium,sandwicense,-156.338895,20.619081,USA,Hawaii,Maui,50c9509d-22c7-4a22-a47d-8c48425ef4a7,2165812500
Argyroxiphium sandwicense DC.,Argyroxiphium,sandwicense,-156.286111,20.729856,USA,Hawaii,Maui,50c9509d-22c7-4a22-a47d-8c48425ef4a7,2165812500
Argyroxiphium sandwicense DC.,Argyroxiphium,sandwicense,-156.316778,20.720103,USA,Hawaii,Maui,50c9509d-22c7-4a22-a47d-8c48425ef4a7,2165812500
Argyroxiphium sandwicense DC.,Argyroxiphium,sandwicense,-156.366334,20.736026,USA,Hawaii,Maui,50c9509d-22c7-4a22-a47d-8c48425ef4a7,2165812500
Argyroxiphium sandwicense DC.,Argyroxiphium,sandwicense,-156.210579,20.72578,USA,Hawaii,Maui,50c9509d-22c7-4a22-a47d-8c48425ef4a7,2165812500
Argyroxiphium sandwicense DC.,Argyroxiphium,sandwicense,-156.334891,20.607741,USA,Hawaii,Maui,50c9509d-22c7-4a22-a47d-8c48425ef4a7,2165812500
Argyroxiphium sandwicense DC.,Argyroxiphium,sandwicense,-155.516558,19.642103,USA,Hawaii,NA,50c9509d-22c7-4a22-a47d-8c48425ef4a7,11824312500
Argyroxiphium sandwicense DC.,Argyroxiphium,sandwicense,-156.28424,20.772911,USA,Hawaii,Maui,50c9509d-22c7-4a22-a47d-8c48425ef4a7,2165812500
Argyroxiphium sandwicense DC.,Argyroxiphium,sandwicense,-156.318051,20.767798,USA,Hawaii,Maui,50c9509d-22c7-4a22-a47d-8c48425ef4a7,2165812500
Argyroxiphium sandwicense DC.,Argyroxiphium,sandwicense,-156.332702,20.735395,USA,Hawaii,Maui,50c9509d-22c7-4a22-a47d-8c48425ef4a7,2165812500
Argyroxiphium sandwicense DC.,Argyroxiphium,sandwicense,-156.221676,20.782436,USA,Hawaii,Maui,50c9509d-22c7-4a22-a47d-8c48425ef4a7,2165812500
Argyroxiphium sandwicense DC.,Argyroxiphium,sandwicense,-156.251206,20.745383,USA,Hawaii,Maui,50c9509d-22c7-4a22-a47d-8c48425ef4a7,2165812500
Argyroxiphium sandwicense DC.,Argyroxiphium,sandwicense,-156.272101,20.747242,USA,Hawaii,Maui,50c9509d-22c7-4a22-a47d-8c48425ef4a7,2165812500
Argyroxiphium sandwicense DC.,Argyroxiphium,sandwicense,-156.261982,20.766157,USA,Hawaii,Maui,50c9509d-22c7-4a22-a47d-8c48425ef4a7,2165812500
Argyroxiphium sandwicense DC.,Argyroxiphium,sandwicense,-156.291396,20.779676,USA,Hawaii,Maui,50c9509d-22c7-4a22-a47d-8c48425ef4a7,2165812500
Argyroxiphium sandwicense DC.,Argyroxiphium,sandwicense,-156.365445,20.766698,USA,Hawaii,Maui,50c9509d-22c7-4a22-a47d-8c48425ef4a7,2165812500
Argyroxiphium sandwicense DC.,Argyroxiphium,sandwicense,-156.203598,20.682178,USA,Hawaii,Maui,50c9509d-22c7-4a22-a47d-8c48425ef4a7,2165812500
Argyroxiphium sandwicense DC.,Argyroxiphium,sandwicense,-155.41385,19.653068,USA,Hawaii,NA,50c9509d-22c7-4a22-a47d-8c48425ef4a7,11824312500
Argyroxiphium sandwicense DC.,Argyroxiphium,sandwicense,-155.486425,19.616504,USA,Hawaii,NA,50c9509d-22c7-4a22-a47d-8c48425ef4a7,11824312500
Argyroxiphium sandwicense DC.,Argyroxiphium,sandwicense,-156.335889,20.604249,USA,Hawaii,Maui,50c9509d-22c7-4a22-a47d-8c48425ef4a7,2165812500
Argyroxiphium sandwicense DC.,Argyroxiphium,sandwicense,-156.26182,20.637506,USA,Hawaii,Maui,50c9509d-22c7-4a22-a47d-8c48425ef4a7,2165812500
Argyroxiphium sandwicense DC.,Argyroxiphium,sandwicense,-156.204098,20.710813,USA,Hawaii,Maui,50c9509d-22c7-4a22-a47d-8c48425ef4a7,2165812500
Argyroxiphium sandwicense DC.,Argyroxiphium,sandwicense,-155.553139,19.786353,USA,Hawaii,NA,50c9509d-22c7-4a22-a47d-8c48425ef4a7,11824312500
Argyroxiphium sandwicense DC.,Argyroxiphium,sandwicense,-156.292679,20.750836,USA,Hawaii,Maui,50c9509d-22c7-4a22-a47d-8c48425ef4a7,2165812500
Argyroxiphium sandwicense DC.,Argyroxiphium,sandwicense,-155.495467,19.641912,USA,Hawaii,NA,50c9509d-22c7-4a22-a47d-8c48425ef4a7,11824312500
Argyroxiphium sandwicense DC.,Argyroxiphium,sandwicense,-156.355421,20.676195,USA,Hawaii,Maui,50c9509d-22c7-4a22-a47d-8c48425ef4a7,2165812500
Argyroxiphium sandwicense DC.,Argyroxiphium,sandwicense,-155.526001,19.703551,USA,Hawaii,NA,50c9509d-22c7-4a22-a47d-8c48425ef4a7,11824312500
Argyroxiphium sandwicense DC.,Argyroxiphium,sandwicense,-156.354071,20.697282,USA,Hawaii,Maui,50c9509d-22c7-4a22-a47d-8c48425ef4a7,2165812500
Argyroxiphium sandwicense DC.,Argyroxiphium,sandwicense,-156.37077,20.662383,USA,Hawaii,Maui,50c9509d-22c7-4a22-a47d-8c48425ef4a7,2165812500
Argyroxiphium sandwicense DC.,Argyroxiphium,sandwicense,-156.321406,20.659429,USA,Hawaii,Maui,50c9509d-22c7-4a22-a47d-8c48425ef4a7,2165812500
Argyroxiphium sandwicense DC.,Argyroxiphium,sandwicense,-156.373406,20.691497,USA,Hawaii,Maui,50c9509d-22c7-4a22-a47d-8c48425ef4a7,2165812500
Argyroxiphium sandwicense DC.,Argyroxiphium,sandwicense,-155.458569,19.61681,USA,Hawaii,NA,50c9509d-22c7-4a22-a47d-8c48425ef4a7,11824312500
Argyroxiphium sandwicense DC.,Argyroxiphium,sandwicense,-155.562873,19.726488,USA,Hawaii,NA,50c9509d-22c7-4a22-a47d-8c48425ef4a7,11824312500
Argyroxiphium sandwicense DC.,Argyroxiphium,sandwicense,-155.574715,19.696874,USA,Hawaii,NA,50c9509d-22c7-4a22-a47d-8c48425ef4a7,11824312500
Argyroxiphium sandwicense DC.,Argyroxiphium,sandwicense,-155.433692,19.651739,USA,Hawaii,NA,50c9509d-22c7-4a22-a47d-8c48425ef4a7,11824312500
Argyroxiphium sandwicense DC.,Argyroxiphium,sandwicense,-156.297597,20.702889,USA,Hawaii,Maui,50c9509d-22c7-4a22-a47d-8c48425ef4a7,2165812500
Argyroxiphium sandwicense DC.,Argyroxiphium,sandwicense,-156.274523,20.647998,USA,Hawaii,Maui,50c9509d-22c7-4a22-a47d-8c48425ef4a7,2165812500
Argyroxiphium sandwicense DC.,Argyroxiphium,sandwicense,-156.372527,20.687205,USA,Hawaii,Maui,50c9509d-22c7-4a22-a47d-8c48425ef4a7,2165812500
Argyroxiphium sandwicense DC.,Argyroxiphium,sandwicense,-156.053084,20.750519,USA,Hawaii,Maui,50c9509d-22c7-4a22-a47d-8c48425ef4a7,2165812500
Argyroxiphium sandwicense DC.,Argyroxiphium,sandwicense,-156.088057,20.782732,USA,Hawaii,Maui,50c9509d-22c7-4a22-a47d-8c48425ef4a7,2165812500
Argyroxiphium sandwicense DC.,Argyroxiphium,sandwicense,-156.091284,20.710997,USA,Hawaii,Maui,50c9509d-22c7-4a22-a47d-8c48425ef4a7,2165812500
Argyroxiphium sandwicense DC.,Argyroxiphium,sandwicense,-156.387877,20.673393,USA,Hawaii,Maui,50c9509d-22c7-4a22-a47d-8c48425ef4a7,2165812500
Argyroxiphium sandwicense DC.,Argyroxiphium,sandwicense,-156.301268,20.781308,USA,Hawaii,Maui,50c9509d-22c7-4a22-a47d-8c48425ef4a7,2165812500
Argyroxiphium sandwicense DC.,Argyroxiphium,sandwicense,-156.220823,20.693201,USA,Hawaii,Maui,50c9509d-22c7-4a22-a47d-8c48425ef4a7,2165812500
Argyroxiphium sandwicense DC.,Argyroxiphium,sandwicense,-156.346654,20.757289,USA,Hawaii,Maui,50c9509d-22c7-4a22-a47d-8c48425ef4a7,2165812500
Argyroxiphium sandwicense DC.,Argyroxiphium,sandwicense,-156.321542,20.724079,USA,Hawaii,Maui,50c9509d-22c7-4a22-a47d-8c48425ef4a7,2165812500
Argyroxiphium sandwicense DC.,Argyroxiphium,sandwicense,-156.351846,20.74932,USA,Hawaii,Maui,50c9509d-22c7-4a22-a47d-8c48425ef4a7,2165812500
Argyroxiphium sandwicense DC.,Argyroxiphium,sandwicense,-156.320998,20.781222,USA,Hawaii,Maui,50c9509d-22c7-4a22-a47d-8c48425ef4a7,2165812500
Argyroxiphium sandwicense DC.,Argyroxiphium,sandwicense,-156.251985,20.789432,USA,Hawaii,Maui,50c9509d-22c7-4a22-a47d-8c48425ef4a7,2165812500
Argyroxiphium sandwicense DC.,Argyroxiphium,sandwicense,-155.576133,19.664573,USA,Hawaii,NA,50c9509d-22c7-4a22-a47d-8c48425ef4a7,11824312500
Argyroxiphium sandwicense DC.,Argyroxiphium,sandwicense,-156.285321,20.726563,USA,Hawaii,Maui,50c9509d-22c7-4a22-a47d-8c48425ef4a7,2165812500
Argyroxiphium sandwicense DC.,Argyroxiphium,sandwicense,-156.296649,20.756791,USA,Hawaii,Maui,50c9509d-22c7-4a22-a47d-8c48425ef4a7,2165812500
Argyroxiphium sandwicense DC.,Argyroxiphium,sandwicense,-155.447887,19.610539,USA,Hawaii,NA,50c9509d-22c7-4a22-a47d-8c48425ef4a7,11824312500
Argyroxiphium sandwicense DC.,Argyroxiphium,sandwicense,-155.455887,19.653197,USA,Hawaii,NA,50c9509d-22c7-4a22-a47d-8c48425ef4a7,11824312500
Argyroxiphium sandwicense DC.,Argyroxiphium,sandwicense,-156.242099,20.676181,USA,Hawaii,Maui,50c9509d-22c7-4a22-a47d-8c48425ef4a7,2165812500
Argyroxiphium sandwicense DC.,Argyroxiphium,sandwicense,-155.43132,19.922635,USA,Hawaii,NA,50c9509d-22c7-4a22-a47d-8c48425ef4a7,11824312500
Argyroxiphium sandwicense DC.,Argyroxiphium,sandwicense,-156.354511,20.65209,USA,Hawaii,Maui,50c9509d-22c7-4a22-a47d-8c48425ef4a7,2165812500
Argyroxiphium sandwicense DC.,Argyroxiphium,sandwicense,-156.359479,20.674651,USA,Hawaii,Maui,50c9509d-22c7-4a22-a47d-8c48425ef4a7,2165812500
Argyroxiphium sandwicense DC.,Argyroxiphium,sandwicense,-156.205489,20.759625,USA,Hawaii,Maui,50c9509d-22c7-4a22-a47d-8c48425ef4a7,2165812500
Argyroxiphium sandwicense DC.,Argyroxiphium,sandwicense,-156.206551,20.660179,USA,Hawaii,Maui,50c9509d-22c7-4a22-a47d-8c48425ef4a7,2165812500
Argyroxiphium sandwicense DC.,Argyroxiphium,sandwicense,-156.333337,20.728814,USA,Hawaii,Maui,50c9509d-22c7-4a22-a47d-8c48425ef4a7,2165812500
Argyroxiphium sandwicense DC.,Argyroxiphium,sandwicense,-156.331769,20.796408,USA,Hawaii,Maui,50c9509d-22c7-4a22-a47d-8c48425ef4a7,2165812500
Argyroxiphium sandwicense DC.,Argyroxiphium,sandwicense,-156.267676,20.75902,USA,Hawaii,Maui,50c9509d-22c7-4a22-a47d-8c48425ef4a7,2165812500
Argyroxiphium sandwicense DC.,Argyroxiphium,sandwicense,-156.204167,20.766693,USA,Hawaii,Maui,50c9509d-22c7-4a22-a47d-8c48425ef4a7,2165812500
Argyroxiphium sandwicense DC.,Argyroxiphium,sandwicense,-156.221662,20.67076,USA,Hawaii,Maui,50c9509d-22c7-4a22-a47d-8c48425ef4a7,2165812500
Argyroxiphium sandwicense DC.,Argyroxiphium,sandwicense,-156.275258,20.600748,Hawaii,Maui,NA,50c9509d-22c7-4a22-a47d-8c48425ef4a7,2165812500
Argyroxiphium sandwicense DC.,Argyroxiphium,sandwicense,-156.228152,20.6421,USA,Hawaii,Maui,50c9509d-22c7-4a22-a47d-8c48425ef4a7,2165812500
Argyroxiphium sandwicense DC.,Argyroxiphium,sandwicense,-156.317486,20.601067,USA,Hawaii,Maui,50c9509d-22c7-4a22-a47d-8c48425ef4a7,2165812500
Argyroxiphium sandwicense DC.,Argyroxiphium,sandwicense,-156.328733,20.769,USA,Hawaii,Maui,50c9509d-22c7-4a22-a47d-8c48425ef4a7,2165812500
Argyroxiphium sandwicense DC.,Argyroxiphium,sandwicense,-156.219828,20.790438,USA,Hawaii,Maui,50c9509d-22c7-4a22-a47d-8c48425ef4a7,2165812500
Argyroxiphium sandwicense DC.,Argyroxiphium,sandwicense,-156.315813,20.699674,USA,Hawaii,Maui,50c9509d-22c7-4a22-a47d-8c48425ef4a7,2165812500
Argyroxiphium sandwicense DC.,Argyroxiphium,sandwicense,-156.391931,20.659114,USA,Hawaii,Maui,50c9509d-22c7-4a22-a47d-8c48425ef4a7,2165812500
Argyroxiphium sandwicense DC.,Argyroxiphium,sandwicense,-156.335141,20.603267,USA,Hawaii,Maui,50c9509d-22c7-4a22-a47d-8c48425ef4a7,2165812500
Argyroxiphium sandwicense DC.,Argyroxiphium,sandwicense,-156.230797,20.642517,USA,Hawaii,Maui,50c9509d-22c7-4a22-a47d-8c48425ef4a7,2165812500
Argyroxiphium sandwicense DC.,Argyroxiphium,sandwicense,-156.346618,20.616723,USA,Hawaii,Maui,50c9509d-22c7-4a22-a47d-8c48425ef4a7,2165812500
Argyroxiphium sandwicense DC.,Argyroxiphium,sandwicense,-156.364576,20.745129,USA,Hawaii,Maui,50c9509d-22c7-4a22-a47d-8c48425ef4a7,2165812500
Argyroxiphium sandwicense DC.,Argyroxiphium,sandwicense,-156.395776,20.760835,USA,Hawaii,Maui,50c9509d-22c7-4a22-a47d-8c48425ef4a7,2165812500
Argyroxiphium sandwicense DC.,Argyroxiphium,sandwicense,-155.418332,19.606003,USA,Hawaii,NA,50c9509d-22c7-4a22-a47d-8c48425ef4a7,11824312500
Argyroxiphium sandwicense DC.,Argyroxiphium,sandwicense,-155.45,19.76,USA,Hawaii,NA,14d5676a-2c54-4f94-9023-1e8dcd822aa0,11824312500
Argyroxiphium sandwicense DC.,Argyroxiphium,sandwicense,-155.402959,19.781594,USA,Hawaii,NA,50c9509d-22c7-4a22-a47d-8c48425ef4a7,11824312500
Argyroxiphium sandwicense DC.,Argyroxiphium,sandwicense,-156.308764,20.613931,USA,Hawaii,Maui,50c9509d-22c7-4a22-a47d-8c48425ef4a7,2165812500
Argyroxiphium sandwicense DC.,Argyroxiphium,sandwicense,-156.216614,20.642641,USA,Hawaii,Maui,50c9509d-22c7-4a22-a47d-8c48425ef4a7,2165812500
Argyroxiphium sandwicense DC.,Argyroxiphium,sandwicense,-156.285846,20.665571,USA,Hawaii,Maui,50c9509d-22c7-4a22-a47d-8c48425ef4a7,2165812500
Argyroxiphium sandwicense DC.,Argyroxiphium,sandwicense,-156.23,20.74,USA,Hawaii,Maui,14d5676a-2c54-4f94-9023-1e8dcd822aa0,2165812500
Argyroxiphium sandwicense DC.,Argyroxiphium,sandwicense,-155.587678,19.606493,USA,Hawaii,NA,50c9509d-22c7-4a22-a47d-8c48425ef4a7,11824312500
Argyroxiphium sandwicense DC.,Argyroxiphium,sandwicense,-155.491236,19.787011,USA,Hawaii,NA,50c9509d-22c7-4a22-a47d-8c48425ef4a7,11824312500
Argyroxiphium sandwicense DC.,Argyroxiphium,sandwicense,-156.215349,20.711801,USA,Hawaii,Maui,50c9509d-22c7-4a22-a47d-8c48425ef4a7,2165812500
Argyroxiphium sandwicense DC.,Argyroxiphium,sandwicense,-156.33788,20.786742,USA,Hawaii,Maui,50c9509d-22c7-4a22-a47d-8c48425ef4a7,2165812500
Argyroxiphium sandwicense DC.,Argyroxiphium,sandwicense,-156.26758,20.694937,USA,Hawaii,Maui,50c9509d-22c7-4a22-a47d-8c48425ef4a7,2165812500
Argyroxiphium sandwicense DC.,Argyroxiphium,sandwicense,-156.395477,20.665916,USA,Hawaii,Maui,50c9509d-22c7-4a22-a47d-8c48425ef4a7,2165812500
Argyroxiphium sandwicense DC.,Argyroxiphium,sandwicense,-156.398838,20.74785,USA,Hawaii,Maui,50c9509d-22c7-4a22-a47d-8c48425ef4a7,2165812500
Argyroxiphium sandwicense DC.,Argyroxiphium,sandwicense,-155.47238,19.741115,USA,Hawaii,NA,50c9509d-22c7-4a22-a47d-8c48425ef4a7,11824312500
Argyroxiphium sandwicense DC.,Argyroxiphium,sandwicense,-156.370911,20.670023,USA,Hawaii,Maui,50c9509d-22c7-4a22-a47d-8c48425ef4a7,2165812500
Argyroxiphium sandwicense DC.,Argyroxiphium,sandwicense,-156.345617,20.793246,USA,Hawaii,Maui,50c9509d-22c7-4a22-a47d-8c48425ef4a7,2165812500
Argyroxiphium sandwicense DC.,Argyroxiphium,sandwicense,-156.361351,20.627761,USA,Hawaii,Maui,50c9509d-22c7-4a22-a47d-8c48425ef4a7,2165812500
Argyroxiphium sandwicense DC.,Argyroxiphium,sandwicense,-156.388749,20.70343,USA,Hawaii,Maui,50c9509d-22c7-4a22-a47d-8c48425ef4a7,2165812500
Argyroxiphium sandwicense DC.,Argyroxiphium,sandwicense,-155.544414,19.621476,USA,Hawaii,NA,50c9509d-22c7-4a22-a47d-8c48425ef4a7,11824312500
Argyroxiphium sandwicense DC.,Argyroxiphium,sandwicense,-155.469519,19.860263,USA,Hawaii,NA,50c9509d-22c7-4a22-a47d-8c48425ef4a7,11824312500
Argyroxiphium sandwicense DC.,Argyroxiphium,sandwicense,-156.277699,20.770503,USA,Hawaii,Maui,50c9509d-22c7-4a22-a47d-8c48425ef4a7,2165812500
Argyroxiphium sandwicense DC.,Argyroxiphium,sandwicense,-156.341843,20.746545,USA,Hawaii,Maui,50c9509d-22c7-4a22-a47d-8c48425ef4a7,2165812500
Argyroxiphium sandwicense DC.,Argyroxiphium,sandwicense,-155.455614,19.672854,USA,Hawaii,NA,50c9509d-22c7-4a22-a47d-8c48425ef4a7,11824312500
Argyroxiphium sandwicense DC.,Argyroxiphium,sandwicense,-156.279405,20.732179,USA,Hawaii,Maui,50c9509d-22c7-4a22-a47d-8c48425ef4a7,2165812500
Argyroxiphium sandwicense DC.,Argyroxiphium,sandwicense,-156.393699,20.718661,USA,Hawaii,Maui,50c9509d-22c7-4a22-a47d-8c48425ef4a7,2165812500
Argyroxiphium sandwicense DC.,Argyroxiphium,sandwicense,-156.340426,20.74099,USA,Hawaii,Maui,50c9509d-22c7-4a22-a47d-8c48425ef4a7,2165812500
Argyroxiphium sandwicense DC.,Argyroxiphium,sandwicense,-155.553026,19.697135,USA,Hawaii,NA,50c9509d-22c7-4a22-a47d-8c48425ef4a7,11824312500
Argyroxiphium sandwicense DC.,Argyroxiphium,sandwicense,-155.424328,19.618994,USA,Hawaii,NA,50c9509d-22c7-4a22-a47d-8c48425ef4a7,11824312500
Argyroxiphium sandwicense DC.,Argyroxiphium,sandwicense,-156.335647,20.692339,USA,Hawaii,Maui,50c9509d-22c7-4a22-a47d-8c48425ef4a7,2165812500
Argyroxiphium sandwicense DC.,Argyroxiphium,sandwicense,-156.25,20.71,USA,Hawaii,Maui,14d5676a-2c54-4f94-9023-1e8dcd822aa0,2165812500
Argyroxiphium sandwicense DC.,Argyroxiphium,sandwicense,-155.45,19.76,USA,Hawaii,NA,14d5676a-2c54-4f94-9023-1e8dcd822aa0,11824312500
Argyroxiphium sandwicense DC.,Argyroxiphium,sandwicense,-155.45,19.76,USA,Hawaii,NA,14d5676a-2c54-4f94-9023-1e8dcd822aa0,11824312500
Argyroxiphium sandwicense DC.,Argyroxiphium,sandwicense,-156.28665,20.617603,USA,Hawaii,Maui,50c9509d-22c7-4a22-a47d-8c48425ef4a7,2165812500
Argyroxiphium sandwicense DC.,Argyroxiphium,sandwicense,-155.713134,19.574642,USA,Hawaii,NA,50c9509d-22c7-4a22-a47d-8c48425ef4a7,11824312500
Argyroxiphium sandwicense DC.,Argyroxiphium,sandwicense,-156.270994,20.795465,USA,Hawaii,Maui,50c9509d-22c7-4a22-a47d-8c48425ef4a7,2165812500
Argyroxiphium sandwicense DC.,Argyroxiphium,sandwicense,-156.355725,20.602671,USA,Hawaii,Maui,50c9509d-22c7-4a22-a47d-8c48425ef4a7,2165812500
Argyroxiphium sandwicense DC.,Argyroxiphium,sandwicense,-156.316728,20.689523,USA,Hawaii,Maui,50c9509d-22c7-4a22-a47d-8c48425ef4a7,2165812500
Argyroxiphium sandwicense DC.,Argyroxiphium,sandwicense,-155.446548,19.716332,USA,Hawaii,NA,50c9509d-22c7-4a22-a47d-8c48425ef4a7,11824312500
Argyroxiphium sandwicense DC.,Argyroxiphium,sandwicense,-156.314921,20.791283,USA,Hawaii,Maui,50c9509d-22c7-4a22-a47d-8c48425ef4a7,2165812500
Argyroxiphium sandwicense DC.,Argyroxiphium,sandwicense,-155.45,19.76,USA,Hawaii,NA,14d5676a-2c54-4f94-9023-1e8dcd822aa0,11824312500
Argyroxiphium sandwicense DC.,Argyroxiphium,sandwicense,-156.371608,20.785348,USA,Hawaii,Maui,50c9509d-22c7-4a22-a47d-8c48425ef4a7,2165812500
Argyroxiphium sandwicense DC.,Argyroxiphium,sandwicense,-155.532655,19.729385,USA,Hawaii,NA,50c9509d-22c7-4a22-a47d-8c48425ef4a7,11824312500
Argyroxiphium sandwicense DC.,Argyroxiphium,sandwicense,-156.286665,20.618552,USA,Hawaii,Maui,50c9509d-22c7-4a22-a47d-8c48425ef4a7,2165812500
Argyroxiphium sandwicense DC.,Argyroxiphium,sandwicense,-156.246835,20.770375,USA,Hawaii,Maui,50c9509d-22c7-4a22-a47d-8c48425ef4a7,2165812500
Argyroxiphium sandwicense DC.,Argyroxiphium,sandwicense,-156.393313,20.782265,USA,Hawaii,Maui,50c9509d-22c7-4a22-a47d-8c48425ef4a7,2165812500
Argyroxiphium sandwicense DC.,Argyroxiphium,sandwicense,-156.383216,20.741101,USA,Hawaii,Maui,50c9509d-22c7-4a22-a47d-8c48425ef4a7,2165812500
Argyroxiphium sandwicense DC.,Argyroxiphium,sandwicense,-156.317656,20.61458,USA,Hawaii,Maui,50c9509d-22c7-4a22-a47d-8c48425ef4a7,2165812500
Argyroxiphium sandwicense DC.,Argyroxiphium,sandwicense,-156.23,20.71,USA,Hawaii,Maui,7a3679ef-5582-4aaa-81f0-8c2545cafc81,2165812500
Argyroxiphium sandwicense DC.,Argyroxiphium,sandwicense,-156.25,20.71,USA,Hawaii,Maui,14d5676a-2c54-4f94-9023-1e8dcd822aa0,2165812500
Argyroxiphium sandwicense DC.,Argyroxiphium,sandwicense,-156.344541,20.730963,USA,Hawaii,Maui,50c9509d-22c7-4a22-a47d-8c48425ef4a7,2165812500
Argyroxiphium sandwicense DC.,Argyroxiphium,sandwicense,-156.342649,20.723714,USA,Hawaii,Maui,50c9509d-22c7-4a22-a47d-8c48425ef4a7,2165812500
Argyroxiphium sandwicense DC.,Argyroxiphium,sandwicense,-156.266787,20.674954,USA,Hawaii,Maui,50c9509d-22c7-4a22-a47d-8c48425ef4a7,2165812500
Argyroxiphium sandwicense DC.,Argyroxiphium,sandwicense,-156.381482,20.640905,USA,Hawaii,Maui,50c9509d-22c7-4a22-a47d-8c48425ef4a7,2165812500
Argyroxiphium sandwicense DC.,Argyroxiphium,sandwicense,-156.337896,20.603193,USA,Hawaii,Maui,50c9509d-22c7-4a22-a47d-8c48425ef4a7,2165812500
Argyroxiphium sandwicense DC.,Argyroxiphium,sandwicense,-156.10519,20.683384,USA,Hawaii,Maui,50c9509d-22c7-4a22-a47d-8c48425ef4a7,2165812500
Argyroxiphium sandwicense DC.,Argyroxiphium,sandwicense,-156.320111,20.728353,USA,Hawaii,Maui,50c9509d-22c7-4a22-a47d-8c48425ef4a7,2165812500
Argyroxiphium sandwicense DC.,Argyroxiphium,sandwicense,-156.247184,20.767209,USA,Hawaii,Maui,50c9509d-22c7-4a22-a47d-8c48425ef4a7,2165812500
Argyroxiphium sandwicense DC.,Argyroxiphium,sandwicense,-156.304606,20.765575,USA,Hawaii,Maui,50c9509d-22c7-4a22-a47d-8c48425ef4a7,2165812500
Argyroxiphium sandwicense DC.,Argyroxiphium,sandwicense,-156.26207,20.656156,USA,Hawaii,Maui,50c9509d-22c7-4a22-a47d-8c48425ef4a7,2165812500
Argyroxiphium sandwicense DC.,Argyroxiphium,sandwicense,-156.380481,20.664091,USA,Hawaii,Maui,50c9509d-22c7-4a22-a47d-8c48425ef4a7,2165812500
Argyroxiphium sandwicense DC.,Argyroxiphium,sandwicense,-155.45,19.76,USA,Hawaii,NA,14d5676a-2c54-4f94-9023-1e8dcd822aa0,11824312500
Argyroxiphium sandwicense DC.,Argyroxiphium,sandwicense,-156.366999,20.743083,USA,Hawaii,Maui,50c9509d-22c7-4a22-a47d-8c48425ef4a7,2165812500
Argyroxiphium sandwicense DC.,Argyroxiphium,sandwicense,-156.163114,20.649787,USA,Hawaii,Maui,50c9509d-22c7-4a22-a47d-8c48425ef4a7,2165812500
Argyroxiphium sandwicense DC.,Argyroxiphium,sandwicense,-155.564463,19.958449,USA,Hawaii,NA,50c9509d-22c7-4a22-a47d-8c48425ef4a7,11824312500
Argyroxiphium sandwicense DC.,Argyroxiphium,sandwicense,-156.263513,20.770612,USA,Hawaii,Maui,50c9509d-22c7-4a22-a47d-8c48425ef4a7,2165812500
Argyroxiphium sandwicense DC.,Argyroxiphium,sandwicense,-156.371235,20.60443,USA,Hawaii,Maui,50c9509d-22c7-4a22-a47d-8c48425ef4a7,2165812500
Argyroxiphium sandwicense DC.,Argyroxiphium,sandwicense,-156.245626,20.628911,USA,Hawaii,Maui,50c9509d-22c7-4a22-a47d-8c48425ef4a7,2165812500
Argyroxiphium sandwicense DC.,Argyroxiphium,sandwicense,-156.278461,20.723414,USA,Hawaii,Maui,50c9509d-22c7-4a22-a47d-8c48425ef4a7,2165812500
Argyroxiphium sandwicense DC.,Argyroxiphium,sandwicense,-156.32399,20.675105,USA,Hawaii,Maui,50c9509d-22c7-4a22-a47d-8c48425ef4a7,2165812500
Argyroxiphium sandwicense DC.,Argyroxiphium,sandwicense,-156.218954,20.752066,USA,Hawaii,Maui,50c9509d-22c7-4a22-a47d-8c48425ef4a7,2165812500
Argyroxiphium sandwicense DC.,Argyroxiphium,sandwicense,-156.284528,20.749461,USA,Hawaii,Maui,50c9509d-22c7-4a22-a47d-8c48425ef4a7,2165812500
Argyroxiphium sandwicense DC.,Argyroxiphium,sandwicense,-156.23,20.71,USA,Hawaii,Maui,14d5676a-2c54-4f94-9023-1e8dcd822aa0,2165812500
Argyroxiphium sandwicense DC.,Argyroxiphium,sandwicense,-156.392894,20.623711,USA,Hawaii,Maui,50c9509d-22c7-4a22-a47d-8c48425ef4a7,2165812500
Argyroxiphium sandwicense DC.,Argyroxiphium,sandwicense,-156.238313,20.696333,USA,Hawaii,Maui,50c9509d-22c7-4a22-a47d-8c48425ef4a7,2165812500
Argyroxiphium sandwicense DC.,Argyroxiphium,sandwicense,-156.27038,20.619778,USA,Hawaii,Maui,50c9509d-22c7-4a22-a47d-8c48425ef4a7,2165812500
Argyroxiphium sandwicense DC.,Argyroxiphium,sandwicense,-156.383187,20.603071,Hawaii,Maui,NA,50c9509d-22c7-4a22-a47d-8c48425ef4a7,2165812500
Argyroxiphium sandwicense DC.,Argyroxiphium,sandwicense,-156.371294,20.69565,USA,Hawaii,Maui,50c9509d-22c7-4a22-a47d-8c48425ef4a7,2165812500
Argyroxiphium sandwicense DC.,Argyroxiphium,sandwicense,-156.257091,20.715317,USA,Hawaii,Maui,50c9509d-22c7-4a22-a47d-8c48425ef4a7,2165812500
Argyroxiphium sandwicense DC.,Argyroxiphium,sandwicense,-155.487018,19.843614,USA,Hawaii,NA,50c9509d-22c7-4a22-a47d-8c48425ef4a7,11824312500
Argyroxiphium sandwicense DC.,Argyroxiphium,sandwicense,-155.511016,19.971221,USA,Hawaii,NA,50c9509d-22c7-4a22-a47d-8c48425ef4a7,11824312500
Argyroxiphium sandwicense DC.,Argyroxiphium,sandwicense,-156.283657,20.642095,USA,Hawaii,Maui,50c9509d-22c7-4a22-a47d-8c48425ef4a7,2165812500
Argyroxiphium sandwicense DC.,Argyroxiphium,sandwicense,-156.244855,20.613633,Hawaii,Maui,NA,50c9509d-22c7-4a22-a47d-8c48425ef4a7,2165812500
Argyroxiphium sandwicense DC.,Argyroxiphium,sandwicense,-156.299461,20.651904,USA,Hawaii,Maui,50c9509d-22c7-4a22-a47d-8c48425ef4a7,2165812500
Argyroxiphium sandwicense DC.,Argyroxiphium,sandwicense,-156.265383,20.661655,USA,Hawaii,Maui,50c9509d-22c7-4a22-a47d-8c48425ef4a7,2165812500
Argyroxiphium sandwicense DC.,Argyroxiphium,sandwicense,-156.205038,20.702496,USA,Hawaii,Maui,50c9509d-22c7-4a22-a47d-8c48425ef4a7,2165812500
Argyroxiphium sandwicense DC.,Argyroxiphium,sandwicense,-156.360581,20.708787,USA,Hawaii,Maui,50c9509d-22c7-4a22-a47d-8c48425ef4a7,2165812500
Argyroxiphium sandwicense DC.,Argyroxiphium,sandwicense,-156.277856,20.754233,USA,Hawaii,Maui,50c9509d-22c7-4a22-a47d-8c48425ef4a7,2165812500
Argyroxiphium sandwicense DC.,Argyroxiphium,sandwicense,-156.019493,20.706782,Hawaii,Maui,NA,50c9509d-22c7-4a22-a47d-8c48425ef4a7,2165812500
Argyroxiphium sandwicense DC.,Argyroxiphium,sandwicense,-156.111156,20.67125,USA,Hawaii,Maui,50c9509d-22c7-4a22-a47d-8c48425ef4a7,2165812500
Argyroxiphium sandwicense DC.,Argyroxiphium,sandwicense,-156.382631,20.799355,USA,Hawaii,Maui,50c9509d-22c7-4a22-a47d-8c48425ef4a7,2165812500
Argyroxiphium sandwicense DC.,Argyroxiphium,sandwicense,-156.241669,20.67148,USA,Hawaii,Maui,50c9509d-22c7-4a22-a47d-8c48425ef4a7,2165812500
Argyroxiphium sandwicense DC.,Argyroxiphium,sandwicense,-156.368482,20.694413,USA,Hawaii,Maui,50c9509d-22c7-4a22-a47d-8c48425ef4a7,2165812500
Argyroxiphium sandwicense DC.,Argyroxiphium,sandwicense,-156.397403,20.79152,USA,Hawaii,Maui,50c9509d-22c7-4a22-a47d-8c48425ef4a7,2165812500
Argyroxiphium sandwicense DC.,Argyroxiphium,sandwicense,-156.399997,20.652583,USA,Hawaii,Maui,50c9509d-22c7-4a22-a47d-8c48425ef4a7,2165812500
Argyroxiphium sandwicense DC.,Argyroxiphium,sandwicense,-155.567548,19.749171,USA,Hawaii,NA,50c9509d-22c7-4a22-a47d-8c48425ef4a7,11824312500
Argyroxiphium sandwicense DC.,Argyroxiphium,sandwicense,-156.337906,20.608463,USA,Hawaii,Maui,50c9509d-22c7-4a22-a47d-8c48425ef4a7,2165812500
Argyroxiphium sandwicense DC.,Argyroxiphium,sandwicense,-155.45,19.76,USA,Hawaii,NA,14d5676a-2c54-4f94-9023-1e8dcd822aa0,11824312500
Argyroxiphium sandwicense DC.,Argyroxiphium,sandwicense,-155.45,19.76,USA,Hawaii,NA,14d5676a-2c54-4f94-9023-1e8dcd822aa0,11824312500
Argyroxiphium sandwicense DC.,Argyroxiphium,sandwicense,-155.45,19.76,USA,Hawaii,NA,14d5676a-2c54-4f94-9023-1e8dcd822aa0,11824312500
Argyroxiphium sandwicense DC.,Argyroxiphium,sandwicense,-155.45,19.76,USA,Hawaii,NA,14d5676a-2c54-4f94-9023-1e8dcd822aa0,11824312500
Argyroxiphium sandwicense DC.,Argyroxiphium,sandwicense,-156.300661,20.790526,USA,Hawaii,Maui,50c9509d-22c7-4a22-a47d-8c48425ef4a7,2165812500
Argyroxiphium sandwicense DC.,Argyroxiphium,sandwicense,-156.276638,20.706179,USA,Hawaii,Maui,50c9509d-22c7-4a22-a47d-8c48425ef4a7,2165812500
Argyroxiphium sandwicense DC.,Argyroxiphium,sandwicense,-156.228886,20.675958,USA,Hawaii,Maui,50c9509d-22c7-4a22-a47d-8c48425ef4a7,2165812500
Argyroxiphium sandwicense DC.,Argyroxiphium,sandwicense,-156.23,20.74,USA,Hawaii,Maui,14d5676a-2c54-4f94-9023-1e8dcd822aa0,2165812500
Argyroxiphium sandwicense DC.,Argyroxiphium,sandwicense,-155.591248,19.94518,USA,Hawaii,NA,50c9509d-22c7-4a22-a47d-8c48425ef4a7,11824312500
Argyroxiphium sandwicense DC.,Argyroxiphium,sandwicense,-156.033618,20.777523,USA,Hawaii,Maui,50c9509d-22c7-4a22-a47d-8c48425ef4a7,2165812500
Argyroxiphium sandwicense DC.,Argyroxiphium,sandwicense,-156.386744,20.607927,USA,Hawaii,Maui,50c9509d-22c7-4a22-a47d-8c48425ef4a7,2165812500
Argyroxiphium sandwicense DC.,Argyroxiphium,sandwicense,-156.380103,20.641921,USA,Hawaii,Maui,50c9509d-22c7-4a22-a47d-8c48425ef4a7,2165812500
Argyroxiphium sandwicense DC.,Argyroxiphium,sandwicense,-156.255552,20.63,USA,Hawaii,Maui,50c9509d-22c7-4a22-a47d-8c48425ef4a7,2165812500
Argyroxiphium sandwicense DC.,Argyroxiphium,sandwicense,-156.203599,20.739265,USA,Hawaii,Maui,50c9509d-22c7-4a22-a47d-8c48425ef4a7,2165812500
Argyroxiphium sandwicense DC.,Argyroxiphium,sandwicense,-156.398179,20.688186,USA,Hawaii,Maui,50c9509d-22c7-4a22-a47d-8c48425ef4a7,2165812500
Argyroxiphium sandwicense DC.,Argyroxiphium,sandwicense,-156.291332,20.699087,USA,Hawaii,Maui,50c9509d-22c7-4a22-a47d-8c48425ef4a7,2165812500
Argyroxiphium sandwicense DC.,Argyroxiphium,sandwicense,-156.213084,20.65309,USA,Hawaii,Maui,50c9509d-22c7-4a22-a47d-8c48425ef4a7,2165812500
Argyroxiphium sandwicense DC.,Argyroxiphium,sandwicense,-155.436659,19.654132,USA,Hawaii,NA,50c9509d-22c7-4a22-a47d-8c48425ef4a7,11824312500
Argyroxiphium sandwicense DC.,Argyroxiphium,sandwicense,-156.255897,20.772005,USA,Hawaii,Maui,50c9509d-22c7-4a22-a47d-8c48425ef4a7,2165812500
Argyroxiphium sandwicense DC.,Argyroxiphium,sandwicense,-156.22506,20.772788,USA,Hawaii,Maui,50c9509d-22c7-4a22-a47d-8c48425ef4a7,2165812500
Argyroxiphium sandwicense DC.,Argyroxiphium,sandwicense,-156.289107,20.750925,USA,Hawaii,Maui,50c9509d-22c7-4a22-a47d-8c48425ef4a7,2165812500
Argyroxiphium sandwicense DC.,Argyroxiphium,sandwicense,-155.45,19.76,USA,Hawaii,NA,14d5676a-2c54-4f94-9023-1e8dcd822aa0,11824312500
Argyroxiphium sandwicense DC.,Argyroxiphium,sandwicense,-155.45,19.76,USA,Hawaii,NA,14d5676a-2c54-4f94-9023-1e8dcd822aa0,11824312500
Argyroxiphium sandwicense DC.,Argyroxiphium,sandwicense,-156.201629,20.652133,USA,Hawaii,Maui,50c9509d-22c7-4a22-a47d-8c48425ef4a7,2165812500
Argyroxiphium sandwicense DC.,Argyroxiphium,sandwicense,-155.479844,19.735574,USA,Hawaii,NA,50c9509d-22c7-4a22-a47d-8c48425ef4a7,11824312500
Argyroxiphium sandwicense DC.,Argyroxiphium,sandwicense,-156.248004,20.776934,USA,Hawaii,Maui,50c9509d-22c7-4a22-a47d-8c48425ef4a7,2165812500
Argyroxiphium sandwicense DC.,Argyroxiphium,sandwicense,-156.337376,20.795756,USA,Hawaii,Maui,50c9509d-22c7-4a22-a47d-8c48425ef4a7,2165812500
Argyroxiphium sandwicense DC.,Argyroxiphium,sandwicense,-156.269327,20.757311,USA,Hawaii,Maui,50c9509d-22c7-4a22-a47d-8c48425ef4a7,2165812500
Argyroxiphium sandwicense DC.,Argyroxiphium,sandwicense,-156.379092,20.756091,USA,Hawaii,Maui,50c9509d-22c7-4a22-a47d-8c48425ef4a7,2165812500
Argyroxiphium sandwicense DC.,Argyroxiphium,sandwicense,-156.22801,20.635582,USA,Hawaii,Maui,50c9509d-22c7-4a22-a47d-8c48425ef4a7,2165812500
Argyroxiphium sandwicense DC.,Argyroxiphium,sandwicense,-155.405911,19.776215,USA,Hawaii,NA,50c9509d-22c7-4a22-a47d-8c48425ef4a7,11824312500
Argyroxiphium sandwicense DC.,Argyroxiphium,sandwicense,-156.239177,20.646882,USA,Hawaii,Maui,50c9509d-22c7-4a22-a47d-8c48425ef4a7,2165812500
Argyroxiphium sandwicense DC.,Argyroxiphium,sandwicense,-155.410103,19.627452,USA,Hawaii,NA,50c9509d-22c7-4a22-a47d-8c48425ef4a7,11824312500
Argyroxiphium sandwicense DC.,Argyroxiphium,sandwicense,-156.347203,20.766302,USA,Hawaii,Maui,50c9509d-22c7-4a22-a47d-8c48425ef4a7,2165812500
Argyroxiphium sandwicense DC.,Argyroxiphium,sandwicense,-156.329589,20.765283,USA,Hawaii,Maui,50c9509d-22c7-4a22-a47d-8c48425ef4a7,2165812500
Argyroxiphium sandwicense DC.,Argyroxiphium,sandwicense,-156.356753,20.771741,USA,Hawaii,Maui,50c9509d-22c7-4a22-a47d-8c48425ef4a7,2165812500
Argyroxiphium sandwicense DC.,Argyroxiphium,sandwicense,-156.273809,20.604534,Hawaii,Maui,NA,50c9509d-22c7-4a22-a47d-8c48425ef4a7,2165812500
Argyroxiphium sandwicense DC.,Argyroxiphium,sandwicense,-155.401928,19.683349,USA,Hawaii,NA,50c9509d-22c7-4a22-a47d-8c48425ef4a7,11824312500
Argyroxiphium sandwicense DC.,Argyroxiphium,sandwicense,-156.218429,20.799619,USA,Hawaii,Maui,50c9509d-22c7-4a22-a47d-8c48425ef4a7,2165812500
Argyroxiphium sandwicense DC.,Argyroxiphium,sandwicense,-156.337295,20.769265,USA,Hawaii,Maui,50c9509d-22c7-4a22-a47d-8c48425ef4a7,2165812500
Argyroxiphium sandwicense DC.,Argyroxiphium,sandwicense,-156.203908,20.736373,USA,Hawaii,Maui,50c9509d-22c7-4a22-a47d-8c48425ef4a7,2165812500
Argyroxiphium sandwicense DC.,Argyroxiphium,sandwicense,-156.206061,20.794791,USA,Hawaii,Maui,50c9509d-22c7-4a22-a47d-8c48425ef4a7,2165812500
Argyroxiphium sandwicense DC.,Argyroxiphium,sandwicense,-156.248321,20.731214,USA,Hawaii,Maui,50c9509d-22c7-4a22-a47d-8c48425ef4a7,2165812500
Argyroxiphium sandwicense DC.,Argyroxiphium,sandwicense,-156.23604,20.663465,USA,Hawaii,Maui,50c9509d-22c7-4a22-a47d-8c48425ef4a7,2165812500
Argyroxiphium sandwicense DC.,Argyroxiphium,sandwicense,-156.389072,20.760267,USA,Hawaii,Maui,50c9509d-22c7-4a22-a47d-8c48425ef4a7,2165812500
Argyroxiphium sandwicense DC.,Argyroxiphium,sandwicense,-155.448454,19.61866,USA,Hawaii,NA,50c9509d-22c7-4a22-a47d-8c48425ef4a7,11824312500
Argyroxiphium sandwicense DC.,Argyroxiphium,sandwicense,-155.535246,19.641907,USA,Hawaii,NA,50c9509d-22c7-4a22-a47d-8c48425ef4a7,11824312500
Argyroxiphium sandwicense DC.,Argyroxiphium,sandwicense,-156.18067,20.658728,USA,Hawaii,Maui,50c9509d-22c7-4a22-a47d-8c48425ef4a7,2165812500
Argyroxiphium sandwicense DC.,Argyroxiphium,sandwicense,-156.308353,20.641687,USA,Hawaii,Maui,50c9509d-22c7-4a22-a47d-8c48425ef4a7,2165812500
Argyroxiphium sandwicense DC.,Argyroxiphium,sandwicense,-156.395271,20.693779,USA,Hawaii,Maui,50c9509d-22c7-4a22-a47d-8c48425ef4a7,2165812500
Argyroxiphium sandwicense DC.,Argyroxiphium,sandwicense,-157.79,21.3,USA,Hawaii,Oahu,14d5676a-2c54-4f94-9023-1e8dcd822aa0,1801687500
Argyroxiphium sandwicense DC.,Argyroxiphium,sandwicense,-155.524241,19.757981,USA,Hawaii,NA,50c9509d-22c7-4a22-a47d-8c48425ef4a7,11824312500
Argyroxiphium sandwicense DC.,Argyroxiphium,sandwicense,-155.509384,19.67754,USA,Hawaii,NA,50c9509d-22c7-4a22-a47d-8c48425ef4a7,11824312500
Argyroxiphium sandwicense DC.,Argyroxiphium,sandwicense,-155.579085,19.779713,USA,Hawaii,NA,50c9509d-22c7-4a22-a47d-8c48425ef4a7,11824312500
Argyroxiphium sandwicense DC.,Argyroxiphium,sandwicense,-155.472849,19.740212,USA,Hawaii,NA,50c9509d-22c7-4a22-a47d-8c48425ef4a7,11824312500
Argyroxiphium sandwicense DC.,Argyroxiphium,sandwicense,-155.474184,19.95496,USA,Hawaii,NA,50c9509d-22c7-4a22-a47d-8c48425ef4a7,11824312500
Argyroxiphium sandwicense DC.,Argyroxiphium,sandwicense,-156.39413,20.651357,USA,Hawaii,Maui,50c9509d-22c7-4a22-a47d-8c48425ef4a7,2165812500
Argyroxiphium sandwicense DC.,Argyroxiphium,sandwicense,-156.205599,20.755676,USA,Hawaii,Maui,50c9509d-22c7-4a22-a47d-8c48425ef4a7,2165812500
Argyroxiphium sandwicense DC.,Argyroxiphium,sandwicense,-156.114752,20.789281,USA,Hawaii,Maui,50c9509d-22c7-4a22-a47d-8c48425ef4a7,2165812500
Argyroxiphium sandwicense DC.,Argyroxiphium,sandwicense,-156.126987,20.74444,USA,Hawaii,Maui,50c9509d-22c7-4a22-a47d-8c48425ef4a7,2165812500
Argyroxiphium sandwicense DC.,Argyroxiphium,sandwicense,-156.115717,20.698462,USA,Hawaii,Maui,50c9509d-22c7-4a22-a47d-8c48425ef4a7,2165812500
Argyroxiphium sandwicense DC.,Argyroxiphium,sandwicense,-156.305766,20.696609,USA,Hawaii,Maui,50c9509d-22c7-4a22-a47d-8c48425ef4a7,2165812500
Argyroxiphium sandwicense DC.,Argyroxiphium,sandwicense,-156.25,20.71,USA,Hawaii,Maui,14d5676a-2c54-4f94-9023-1e8dcd822aa0,2165812500
Argyroxiphium sandwicense DC.,Argyroxiphium,sandwicense,-156.25,20.71,USA,Hawaii,Maui,14d5676a-2c54-4f94-9023-1e8dcd822aa0,2165812500
Argyroxiphium sandwicense DC.,Argyroxiphium,sandwicense,-156.318823,20.705954,USA,Hawaii,Maui,50c9509d-22c7-4a22-a47d-8c48425ef4a7,2165812500
Argyroxiphium sandwicense DC.,Argyroxiphium,sandwicense,-156.25,20.71,USA,Hawaii,Maui,14d5676a-2c54-4f94-9023-1e8dcd822aa0,2165812500
Argyroxiphium sandwicense DC.,Argyroxiphium,sandwicense,-156.337488,20.793777,USA,Hawaii,Maui,50c9509d-22c7-4a22-a47d-8c48425ef4a7,2165812500
Argyroxiphium sandwicense DC.,Argyroxiphium,sandwicense,-156.067143,20.70172,USA,Hawaii,Maui,50c9509d-22c7-4a22-a47d-8c48425ef4a7,2165812500
Argyroxiphium sandwicense DC.,Argyroxiphium,sandwicense,-156.342091,20.74505,USA,Hawaii,Maui,50c9509d-22c7-4a22-a47d-8c48425ef4a7,2165812500
Argyroxiphium sandwicense DC.,Argyroxiphium,sandwicense,-156.369857,20.680344,USA,Hawaii,Maui,50c9509d-22c7-4a22-a47d-8c48425ef4a7,2165812500
Argyroxiphium sandwicense DC.,Argyroxiphium,sandwicense,-156.336529,20.646968,USA,Hawaii,Maui,50c9509d-22c7-4a22-a47d-8c48425ef4a7,2165812500
Argyroxiphium sandwicense DC.,Argyroxiphium,sandwicense,-156.024287,20.730577,USA,Hawaii,Maui,50c9509d-22c7-4a22-a47d-8c48425ef4a7,2165812500
Argyroxiphium sandwicense DC.,Argyroxiphium,sandwicense,-156.272368,20.733163,USA,Hawaii,Maui,50c9509d-22c7-4a22-a47d-8c48425ef4a7,2165812500
Argyroxiphium sandwicense DC.,Argyroxiphium,sandwicense,-156.327006,20.61524,USA,Hawaii,Maui,50c9509d-22c7-4a22-a47d-8c48425ef4a7,2165812500
Argyroxiphium sandwicense DC.,Argyroxiphium,sandwicense,-156.286614,20.766114,USA,Hawaii,Maui,50c9509d-22c7-4a22-a47d-8c48425ef4a7,2165812500
Argyroxiphium sandwicense DC.,Argyroxiphium,sandwicense,-156.257881,20.747923,USA,Hawaii,Maui,50c9509d-22c7-4a22-a47d-8c48425ef4a7,2165812500
Argyroxiphium sandwicense DC.,Argyroxiphium,sandwicense,-156.259806,20.611192,Hawaii,Maui,NA,50c9509d-22c7-4a22-a47d-8c48425ef4a7,2165812500
Argyroxiphium sandwicense DC.,Argyroxiphium,sandwicense,-156.309382,20.69802,USA,Hawaii,Maui,50c9509d-22c7-4a22-a47d-8c48425ef4a7,2165812500
Argyroxiphium sandwicense DC.,Argyroxiphium,sandwicense,-156.267804,20.795794,USA,Hawaii,Maui,50c9509d-22c7-4a22-a47d-8c48425ef4a7,2165812500
Argyroxiphium sandwicense DC.,Argyroxiphium,sandwicense,-156.397729,20.748377,USA,Hawaii,Maui,50c9509d-22c7-4a22-a47d-8c48425ef4a7,2165812500
Argyroxiphium sandwicense DC.,Argyroxiphium,sandwicense,-156.327355,20.71511,USA,Hawaii,Maui,50c9509d-22c7-4a22-a47d-8c48425ef4a7,2165812500
Argyroxiphium sandwicense DC.,Argyroxiphium,sandwicense,-156.349445,20.750992,USA,Hawaii,Maui,50c9509d-22c7-4a22-a47d-8c48425ef4a7,2165812500
Argyroxiphium sandwicense DC.,Argyroxiphium,sandwicense,-156.373838,20.736107,USA,Hawaii,Maui,50c9509d-22c7-4a22-a47d-8c48425ef4a7,2165812500
Argyroxiphium sandwicense DC.,Argyroxiphium,sandwicense,-156.243063,20.668443,USA,Hawaii,Maui,50c9509d-22c7-4a22-a47d-8c48425ef4a7,2165812500
Argyroxiphium sandwicense DC.,Argyroxiphium,sandwicense,-156.362813,20.7017,USA,Hawaii,Maui,50c9509d-22c7-4a22-a47d-8c48425ef4a7,2165812500
Argyroxiphium sandwicense DC.,Argyroxiphium,sandwicense,-156.216886,20.734809,USA,Hawaii,Maui,50c9509d-22c7-4a22-a47d-8c48425ef4a7,2165812500
Argyroxiphium sandwicense DC.,Argyroxiphium,sandwicense,-156.331564,20.61406,USA,Hawaii,Maui,50c9509d-22c7-4a22-a47d-8c48425ef4a7,2165812500
Argyroxiphium sandwicense DC.,Argyroxiphium,sandwicense,-155.445159,19.652486,USA,Hawaii,NA,50c9509d-22c7-4a22-a47d-8c48425ef4a7,11824312500
Argyroxiphium sandwicense DC.,Argyroxiphium,sandwicense,-156.041963,20.734482,USA,Hawaii,Maui,50c9509d-22c7-4a22-a47d-8c48425ef4a7,2165812500
Argyroxiphium sandwicense DC.,Argyroxiphium,sandwicense,-156.018659,20.703852,Hawaii,Maui,NA,50c9509d-22c7-4a22-a47d-8c48425ef4a7,2165812500
Argyroxiphium sandwicense DC.,Argyroxiphium,sandwicense,-156.25823,20.737444,USA,Hawaii,Maui,50c9509d-22c7-4a22-a47d-8c48425ef4a7,2165812500
Argyroxiphium sandwicense DC.,Argyroxiphium,sandwicense,-156.305103,20.76972,USA,Hawaii,Maui,50c9509d-22c7-4a22-a47d-8c48425ef4a7,2165812500
Argyroxiphium sandwicense DC.,Argyroxiphium,sandwicense,-156.332394,20.712754,USA,Hawaii,Maui,50c9509d-22c7-4a22-a47d-8c48425ef4a7,2165812500
Argyroxiphium sandwicense DC.,Argyroxiphium,sandwicense,-156.25,20.76,USA,Hawaii,Maui,14d5676a-2c54-4f94-9023-1e8dcd822aa0,2165812500
Argyroxiphium sandwicense DC.,Argyroxiphium,sandwicense,-155.426802,19.669348,USA,Hawaii,NA,50c9509d-22c7-4a22-a47d-8c48425ef4a7,11824312500
Argyroxiphium sandwicense DC.,Argyroxiphium,sandwicense,-156.213675,20.788674,USA,Hawaii,Maui,50c9509d-22c7-4a22-a47d-8c48425ef4a7,2165812500
Argyroxiphium sandwicense DC.,Argyroxiphium,sandwicense,-156.250635,20.670576,USA,Hawaii,Maui,50c9509d-22c7-4a22-a47d-8c48425ef4a7,2165812500
Argyroxiphium sandwicense DC.,Argyroxiphium,sandwicense,-156.247908,20.688296,USA,Hawaii,Maui,50c9509d-22c7-4a22-a47d-8c48425ef4a7,2165812500
Argyroxiphium sandwicense DC.,Argyroxiphium,sandwicense,-156.203271,20.655791,USA,Hawaii,Maui,50c9509d-22c7-4a22-a47d-8c48425ef4a7,2165812500
Argyroxiphium sandwicense DC.,Argyroxiphium,sandwicense,-155.504223,19.640966,USA,Hawaii,NA,50c9509d-22c7-4a22-a47d-8c48425ef4a7,11824312500
Argyroxiphium sandwicense DC.,Argyroxiphium,sandwicense,-156.36241,20.639963,USA,Hawaii,Maui,50c9509d-22c7-4a22-a47d-8c48425ef4a7,2165812500
Argyroxiphium sandwicense DC.,Argyroxiphium,sandwicense,-156.310682,20.736508,USA,Hawaii,Maui,50c9509d-22c7-4a22-a47d-8c48425ef4a7,2165812500
Argyroxiphium sandwicense DC.,Argyroxiphium,sandwicense,-156.26852,20.752106,USA,Hawaii,Maui,50c9509d-22c7-4a22-a47d-8c48425ef4a7,2165812500
Argyroxiphium sandwicense DC.,Argyroxiphium,sandwicense,-156.380157,20.787026,USA,Hawaii,Maui,50c9509d-22c7-4a22-a47d-8c48425ef4a7,2165812500
Argyroxiphium sandwicense DC.,Argyroxiphium,sandwicense,-155.420653,19.782126,USA,Hawaii,NA,50c9509d-22c7-4a22-a47d-8c48425ef4a7,11824312500
Argyroxiphium sandwicense DC.,Argyroxiphium,sandwicense,-156.201157,20.718688,USA,Hawaii,Maui,50c9509d-22c7-4a22-a47d-8c48425ef4a7,2165812500
Argyroxiphium sandwicense DC.,Argyroxiphium,sandwicense,-156.355268,20.75196,USA,Hawaii,Maui,50c9509d-22c7-4a22-a47d-8c48425ef4a7,2165812500
Argyroxiphium sandwicense DC.,Argyroxiphium,sandwicense,-155.546051,19.922844,USA,Hawaii,NA,50c9509d-22c7-4a22-a47d-8c48425ef4a7,11824312500
Argyroxiphium sandwicense DC.,Argyroxiphium,sandwicense,-156.288902,20.786452,USA,Hawaii,Maui,50c9509d-22c7-4a22-a47d-8c48425ef4a7,2165812500
Argyroxiphium sandwicense DC.,Argyroxiphium,sandwicense,-156.225333,20.791881,USA,Hawaii,Maui,50c9509d-22c7-4a22-a47d-8c48425ef4a7,2165812500
Argyroxiphium sandwicense DC.,Argyroxiphium,sandwicense,-156.283274,20.743411,USA,Hawaii,Maui,50c9509d-22c7-4a22-a47d-8c48425ef4a7,2165812500
Argyroxiphium sandwicense DC.,Argyroxiphium,sandwicense,-156.398445,20.740471,USA,Hawaii,Maui,50c9509d-22c7-4a22-a47d-8c48425ef4a7,2165812500
Argyroxiphium sandwicense DC.,Argyroxiphium,sandwicense,-156.156754,20.759715,USA,Hawaii,Maui,50c9509d-22c7-4a22-a47d-8c48425ef4a7,2165812500
Argyroxiphium sandwicense DC.,Argyroxiphium,sandwicense,-156.135516,20.700149,USA,Hawaii,Maui,50c9509d-22c7-4a22-a47d-8c48425ef4a7,2165812500
Argyroxiphium sandwicense DC.,Argyroxiphium,sandwicense,-156.041445,20.772608,USA,Hawaii,Maui,50c9509d-22c7-4a22-a47d-8c48425ef4a7,2165812500
Argyroxiphium sandwicense DC.,Argyroxiphium,sandwicense,-156.210491,20.776464,USA,Hawaii,Maui,50c9509d-22c7-4a22-a47d-8c48425ef4a7,2165812500
Argyroxiphium sandwicense DC.,Argyroxiphium,sandwicense,-156.024525,20.750873,USA,Hawaii,Maui,50c9509d-22c7-4a22-a47d-8c48425ef4a7,2165812500
Argyroxiphium sandwicense DC.,Argyroxiphium,sandwicense,-156.22535,20.714201,USA,Hawaii,Maui,50c9509d-22c7-4a22-a47d-8c48425ef4a7,2165812500
Argyroxiphium sandwicense DC.,Argyroxiphium,sandwicense,-155.405966,19.917638,USA,Hawaii,NA,50c9509d-22c7-4a22-a47d-8c48425ef4a7,11824312500
Argyroxiphium sandwicense DC.,Argyroxiphium,sandwicense,-155.554191,19.730799,USA,Hawaii,NA,50c9509d-22c7-4a22-a47d-8c48425ef4a7,11824312500
Argyroxiphium sandwicense DC.,Argyroxiphium,sandwicense,-156.192552,20.713443,USA,Hawaii,Maui,50c9509d-22c7-4a22-a47d-8c48425ef4a7,2165812500
Argyroxiphium sandwicense DC.,Argyroxiphium,sandwicense,-155.564439,19.764401,USA,Hawaii,NA,50c9509d-22c7-4a22-a47d-8c48425ef4a7,11824312500
Argyroxiphium sandwicense DC.,Argyroxiphium,sandwicense,-156.227923,20.652784,USA,Hawaii,Maui,50c9509d-22c7-4a22-a47d-8c48425ef4a7,2165812500
Argyroxiphium sandwicense DC.,Argyroxiphium,sandwicense,-156.3862,20.652399,USA,Hawaii,Maui,50c9509d-22c7-4a22-a47d-8c48425ef4a7,2165812500
Argyroxiphium sandwicense DC.,Argyroxiphium,sandwicense,-156.394445,20.788559,USA,Hawaii,Maui,50c9509d-22c7-4a22-a47d-8c48425ef4a7,2165812500
Argyroxiphium sandwicense DC.,Argyroxiphium,sandwicense,-156.250845,20.649972,USA,Hawaii,Maui,50c9509d-22c7-4a22-a47d-8c48425ef4a7,2165812500
Argyroxiphium sandwicense DC.,Argyroxiphium,sandwicense,-156.158035,20.771537,USA,Hawaii,Maui,50c9509d-22c7-4a22-a47d-8c48425ef4a7,2165812500
Argyroxiphium sandwicense DC.,Argyroxiphium,sandwicense,-155.520253,19.65876,USA,Hawaii,NA,50c9509d-22c7-4a22-a47d-8c48425ef4a7,11824312500
Argyroxiphium sandwicense DC.,Argyroxiphium,sandwicense,-156.241178,20.781232,USA,Hawaii,Maui,50c9509d-22c7-4a22-a47d-8c48425ef4a7,2165812500
Argyroxiphium sandwicense DC.,Argyroxiphium,sandwicense,-155.508357,19.718333,USA,Hawaii,NA,50c9509d-22c7-4a22-a47d-8c48425ef4a7,11824312500
Argyroxiphium sandwicense DC.,Argyroxiphium,sandwicense,-156.261,20.735325,USA,Hawaii,Maui,50c9509d-22c7-4a22-a47d-8c48425ef4a7,2165812500
Argyroxiphium sandwicense DC.,Argyroxiphium,sandwicense,-156.228539,20.734893,USA,Hawaii,Maui,50c9509d-22c7-4a22-a47d-8c48425ef4a7,2165812500
Argyroxiphium sandwicense DC.,Argyroxiphium,sandwicense,-156.399587,20.608444,USA,Hawaii,Maui,50c9509d-22c7-4a22-a47d-8c48425ef4a7,2165812500
Argyroxiphium sandwicense DC.,Argyroxiphium,sandwicense,-156.301262,20.796159,USA,Hawaii,Maui,50c9509d-22c7-4a22-a47d-8c48425ef4a7,2165812500
Argyroxiphium sandwicense DC.,Argyroxiphium,sandwicense,-155.439067,19.778192,USA,Hawaii,NA,50c9509d-22c7-4a22-a47d-8c48425ef4a7,11824312500
Argyroxiphium sandwicense DC.,Argyroxiphium,sandwicense,-155.59,19.65,USA,Hawaii,NA,7a3679ef-5582-4aaa-81f0-8c2545cafc81,11824312500
Argyroxiphium sandwicense DC.,Argyroxiphium,sandwicense,-155.572199,19.797793,USA,Hawaii,NA,50c9509d-22c7-4a22-a47d-8c48425ef4a7,11824312500
Argyroxiphium sandwicense DC.,Argyroxiphium,sandwicense,-156.294562,20.654517,USA,Hawaii,Maui,50c9509d-22c7-4a22-a47d-8c48425ef4a7,2165812500
Argyroxiphium sandwicense DC.,Argyroxiphium,sandwicense,-156.260651,20.657777,USA,Hawaii,Maui,50c9509d-22c7-4a22-a47d-8c48425ef4a7,2165812500
Argyroxiphium sandwicense DC.,Argyroxiphium,sandwicense,-156.345088,20.765876,USA,Hawaii,Maui,50c9509d-22c7-4a22-a47d-8c48425ef4a7,2165812500
Argyroxiphium sandwicense DC.,Argyroxiphium,sandwicense,-156.219262,20.730079,USA,Hawaii,Maui,50c9509d-22c7-4a22-a47d-8c48425ef4a7,2165812500
Argyroxiphium sandwicense DC.,Argyroxiphium,sandwicense,-156.256939,20.612637,Hawaii,Maui,NA,50c9509d-22c7-4a22-a47d-8c48425ef4a7,2165812500
Argyroxiphium sandwicense DC.,Argyroxiphium,sandwicense,-156.362506,20.770868,USA,Hawaii,Maui,50c9509d-22c7-4a22-a47d-8c48425ef4a7,2165812500
Argyroxiphium sandwicense DC.,Argyroxiphium,sandwicense,-156.362753,20.694645,USA,Hawaii,Maui,50c9509d-22c7-4a22-a47d-8c48425ef4a7,2165812500
Argyroxiphium sandwicense DC.,Argyroxiphium,sandwicense,-156.297937,20.66571,USA,Hawaii,Maui,50c9509d-22c7-4a22-a47d-8c48425ef4a7,2165812500
Argyroxiphium sandwicense DC.,Argyroxiphium,sandwicense,-156.365655,20.74104,USA,Hawaii,Maui,50c9509d-22c7-4a22-a47d-8c48425ef4a7,2165812500
Argyroxiphium sandwicense DC.,Argyroxiphium,sandwicense,-156.207452,20.773734,USA,Hawaii,Maui,50c9509d-22c7-4a22-a47d-8c48425ef4a7,2165812500
Argyroxiphium sandwicense DC.,Argyroxiphium,sandwicense,-156.043792,20.780572,USA,Hawaii,Maui,50c9509d-22c7-4a22-a47d-8c48425ef4a7,2165812500
Argyroxiphium sandwicense DC.,Argyroxiphium,sandwicense,-156.105972,20.765686,USA,Hawaii,Maui,50c9509d-22c7-4a22-a47d-8c48425ef4a7,2165812500
Argyroxiphium sandwicense DC.,Argyroxiphium,sandwicense,-155.488352,19.90981,USA,Hawaii,NA,50c9509d-22c7-4a22-a47d-8c48425ef4a7,11824312500
Argyroxiphium sandwicense DC.,Argyroxiphium,sandwicense,-156.371739,20.666324,USA,Hawaii,Maui,50c9509d-22c7-4a22-a47d-8c48425ef4a7,2165812500
Argyroxiphium sandwicense DC.,Argyroxiphium,sandwicense,-156.267731,20.7797,USA,Hawaii,Maui,50c9509d-22c7-4a22-a47d-8c48425ef4a7,2165812500
Argyroxiphium sandwicense DC.,Argyroxiphium,sandwicense,-155.475543,19.625631,USA,Hawaii,NA,50c9509d-22c7-4a22-a47d-8c48425ef4a7,11824312500
Argyroxiphium sandwicense DC.,Argyroxiphium,sandwicense,-156.254364,20.719908,USA,Hawaii,Maui,6ac3f774-d9fb-4796-b3e9-92bf6c81c084,2165812500
Argyroxiphium sandwicense DC.,Argyroxiphium,sandwicense,-156.29148,20.715583,USA,Hawaii,Maui,50c9509d-22c7-4a22-a47d-8c48425ef4a7,2165812500
Argyroxiphium sandwicense DC.,Argyroxiphium,sandwicense,-155.49582,19.973178,USA,Hawaii,NA,50c9509d-22c7-4a22-a47d-8c48425ef4a7,11824312500
Argyroxiphium sandwicense DC.,Argyroxiphium,sandwicense,-156.387276,20.635894,USA,Hawaii,Maui,50c9509d-22c7-4a22-a47d-8c48425ef4a7,2165812500
Argyroxiphium sandwicense DC.,Argyroxiphium,sandwicense,-155.76969,19.583327,USA,Hawaii,NA,50c9509d-22c7-4a22-a47d-8c48425ef4a7,11824312500
Argyroxiphium sandwicense DC.,Argyroxiphium,sandwicense,-156.288447,20.778472,USA,Hawaii,Maui,50c9509d-22c7-4a22-a47d-8c48425ef4a7,2165812500
Argyroxiphium sandwicense DC.,Argyroxiphium,sandwicense,-156.376358,20.655567,USA,Hawaii,Maui,50c9509d-22c7-4a22-a47d-8c48425ef4a7,2165812500
Argyroxiphium sandwicense DC.,Argyroxiphium,sandwicense,-156.387881,20.608229,USA,Hawaii,Maui,50c9509d-22c7-4a22-a47d-8c48425ef4a7,2165812500
Argyroxiphium sandwicense DC.,Argyroxiphium,sandwicense,-156.254364,20.719908,USA,Hawaii,Maui,6ac3f774-d9fb-4796-b3e9-92bf6c81c084,2165812500
Argyroxiphium sandwicense DC.,Argyroxiphium,sandwicense,-156.103669,20.682875,USA,Hawaii,Maui,50c9509d-22c7-4a22-a47d-8c48425ef4a7,2165812500
Argyroxiphium sandwicense DC.,Argyroxiphium,sandwicense,-156.272278,20.802338,USA,Hawaii,Maui,6ac3f774-d9fb-4796-b3e9-92bf6c81c084,2165812500
Argyroxiphium sandwicense DC.,Argyroxiphium,sandwicense,-155.424844,19.938508,USA,Hawaii,NA,50c9509d-22c7-4a22-a47d-8c48425ef4a7,11824312500
Argyroxiphium sandwicense DC.,Argyroxiphium,sandwicense,-156.399474,20.74038,USA,Hawaii,Maui,50c9509d-22c7-4a22-a47d-8c48425ef4a7,2165812500
Argyroxiphium sandwicense DC.,Argyroxiphium,sandwicense,-156.331374,20.608804,USA,Hawaii,Maui,50c9509d-22c7-4a22-a47d-8c48425ef4a7,2165812500
Argyroxiphium sandwicense DC.,Argyroxiphium,sandwicense,-155.4,19.8,USA,Hawaii,NA,b929f23d-290f-4e85-8f17-764c55b3b284,11824312500
Argyroxiphium sandwicense DC.,Argyroxiphium,sandwicense,-156.083333,20.766667,USA,Hawaii,Maui,7827f68d-c981-4023-bace-288a03434044,2165812500
Argyroxiphium sandwicense DC.,Argyroxiphium,sandwicense,-156.267728,20.676956,USA,Hawaii,Maui,50c9509d-22c7-4a22-a47d-8c48425ef4a7,2165812500
Argyroxiphium sandwicense DC.,Argyroxiphium,sandwicense,-156.28333,20.7,USA,Hawaii,Maui,15f819bd-6612-4447-854b-14d12ee1022d,2165812500
Argyroxiphium sandwicense DC.,Argyroxiphium,sandwicense,-156.2,20.7,USA,Hawaii,Maui,07fd0d79-4883-435f-bba1-58fef110cd13,2165812500
Argyroxiphium sandwicense DC.,Argyroxiphium,sandwicense,-156.332,20.798,USA,Hawaii,Maui,15f819bd-6612-4447-854b-14d12ee1022d,2165812500
Argyroxiphium sandwicense DC.,Argyroxiphium,sandwicense,-156.155,20.72,USA,Hawaii,Maui,15f819bd-6612-4447-854b-14d12ee1022d,2165812500
Argyroxiphium sandwicense DC.,Argyroxiphium,sandwicense,-155.42028,19.80722,USA,Hawaii,NA,15f819bd-6612-4447-854b-14d12ee1022d,11824312500
Argyroxiphium sandwicense DC.,Argyroxiphium,sandwicense,-155.42028,19.80722,USA,Hawaii,NA,15f819bd-6612-4447-854b-14d12ee1022d,11824312500
Argyroxiphium sandwicense DC.,Argyroxiphium,sandwicense,-155.4667,19.8333,USA,Hawaii,NA,15f819bd-6612-4447-854b-14d12ee1022d,11824312500
Argyroxiphium sandwicense DC.,Argyroxiphium,sandwicense,-155.4667,19.8333,USA,Hawaii,NA,15f819bd-6612-4447-854b-14d12ee1022d,11824312500
Argyroxiphium sandwicense DC.,Argyroxiphium,sandwicense,-156.31292,20.81322,USA,Hawaii,Maui,15f819bd-6612-4447-854b-14d12ee1022d,2165812500
Argyroxiphium sandwicense DC.,Argyroxiphium,sandwicense,-156.1,20.7,USA,Hawaii,Maui,07fd0d79-4883-435f-bba1-58fef110cd13,2165812500
Argyroxiphium sandwicense DC.,Argyroxiphium,sandwicense,-156.155,20.72,USA,Hawaii,Maui,15f819bd-6612-4447-854b-14d12ee1022d,2165812500
Argyroxiphium sandwicense DC.,Argyroxiphium,sandwicense,-156.155,20.72,USA,Hawaii,Maui,15f819bd-6612-4447-854b-14d12ee1022d,2165812500
Argyroxiphium sandwicense DC.,Argyroxiphium,sandwicense,-155.5388,19.7374,USA,Hawaii,NA,84b18cce-083a-4464-bee8-25b2083a17cd,11824312500
Argyroxiphium sandwicense DC.,Argyroxiphium,sandwicense,-155.5,19.58333,USA,Hawaii,NA,63e9e22d-a649-4087-b39e-acb1651af077,11824312500
Argyroxiphium sandwicense subsp. macrocephalum (A.Gray) Meyrat,Argyroxiphium,sandwicense_macrocephalum,-156.407034,20.727194,USA,Hawaii,Maui,50c9509d-22c7-4a22-a47d-8c48425ef4a7,2165812500
Argyroxiphium sandwicense subsp. macrocephalum (A.Gray) Meyrat,Argyroxiphium,sandwicense_macrocephalum,-156.382836,20.731214,USA,Hawaii,Maui,50c9509d-22c7-4a22-a47d-8c48425ef4a7,2165812500
Argyroxiphium sandwicense subsp. macrocephalum (A.Gray) Meyrat,Argyroxiphium,sandwicense_macrocephalum,-156.308054,20.680129,USA,Hawaii,Maui,50c9509d-22c7-4a22-a47d-8c48425ef4a7,2165812500
Argyroxiphium sandwicense subsp. macrocephalum (A.Gray) Meyrat,Argyroxiphium,sandwicense_macrocephalum,-156.299019,20.674687,USA,Hawaii,Maui,50c9509d-22c7-4a22-a47d-8c48425ef4a7,2165812500
Argyroxiphium sandwicense subsp. macrocephalum (A.Gray) Meyrat,Argyroxiphium,sandwicense_macrocephalum,-156.206404,20.78529,USA,Hawaii,Maui,50c9509d-22c7-4a22-a47d-8c48425ef4a7,2165812500
Argyroxiphium sandwicense subsp. macrocephalum (A.Gray) Meyrat,Argyroxiphium,sandwicense_macrocephalum,-156.393023,20.622288,USA,Hawaii,Maui,50c9509d-22c7-4a22-a47d-8c48425ef4a7,2165812500
Argyroxiphium sandwicense subsp. macrocephalum (A.Gray) Meyrat,Argyroxiphium,sandwicense_macrocephalum,-156.391744,20.788917,USA,Hawaii,Maui,50c9509d-22c7-4a22-a47d-8c48425ef4a7,2165812500
Argyroxiphium sandwicense subsp. macrocephalum (A.Gray) Meyrat,Argyroxiphium,sandwicense_macrocephalum,-156.371274,20.756857,USA,Hawaii,Maui,50c9509d-22c7-4a22-a47d-8c48425ef4a7,2165812500
Argyroxiphium sandwicense subsp. macrocephalum (A.Gray) Meyrat,Argyroxiphium,sandwicense_macrocephalum,-156.167476,20.644932,USA,Hawaii,Maui,50c9509d-22c7-4a22-a47d-8c48425ef4a7,2165812500
Argyroxiphium sandwicense subsp. macrocephalum (A.Gray) Meyrat,Argyroxiphium,sandwicense_macrocephalum,-156.005179,20.72109,Hawaii,Maui,NA,50c9509d-22c7-4a22-a47d-8c48425ef4a7,2165812500
Argyroxiphium sandwicense subsp. macrocephalum (A.Gray) Meyrat,Argyroxiphium,sandwicense_macrocephalum,-156.012883,20.769566,USA,Hawaii,Maui,50c9509d-22c7-4a22-a47d-8c48425ef4a7,2165812500
Argyroxiphium sandwicense subsp. macrocephalum (A.Gray) Meyrat,Argyroxiphium,sandwicense_macrocephalum,-156.221428,20.750024,USA,Hawaii,Maui,50c9509d-22c7-4a22-a47d-8c48425ef4a7,2165812500
Argyroxiphium sandwicense subsp. macrocephalum (A.Gray) Meyrat,Argyroxiphium,sandwicense_macrocephalum,-156.341193,20.796723,USA,Hawaii,Maui,50c9509d-22c7-4a22-a47d-8c48425ef4a7,2165812500
Argyroxiphium sandwicense subsp. macrocephalum (A.Gray) Meyrat,Argyroxiphium,sandwicense_macrocephalum,-156.271048,20.787629,USA,Hawaii,Maui,50c9509d-22c7-4a22-a47d-8c48425ef4a7,2165812500
Argyroxiphium sandwicense subsp. macrocephalum (A.Gray) Meyrat,Argyroxiphium,sandwicense_macrocephalum,-156.27654,20.649061,USA,Hawaii,Maui,50c9509d-22c7-4a22-a47d-8c48425ef4a7,2165812500
Argyroxiphium sandwicense subsp. macrocephalum (A.Gray) Meyrat,Argyroxiphium,sandwicense_macrocephalum,-156.236844,20.785054,USA,Hawaii,Maui,50c9509d-22c7-4a22-a47d-8c48425ef4a7,2165812500
Argyroxiphium sandwicense subsp. macrocephalum (A.Gray) Meyrat,Argyroxiphium,sandwicense_macrocephalum,-156.277162,20.750612,USA,Hawaii,Maui,50c9509d-22c7-4a22-a47d-8c48425ef4a7,2165812500
Argyroxiphium sandwicense subsp. macrocephalum (A.Gray) Meyrat,Argyroxiphium,sandwicense_macrocephalum,-156.311119,20.73703,USA,Hawaii,Maui,50c9509d-22c7-4a22-a47d-8c48425ef4a7,2165812500
Argyroxiphium sandwicense subsp. macrocephalum (A.Gray) Meyrat,Argyroxiphium,sandwicense_macrocephalum,-156.299472,20.611388,USA,Hawaii,Maui,50c9509d-22c7-4a22-a47d-8c48425ef4a7,2165812500
Argyroxiphium sandwicense subsp. macrocephalum (A.Gray) Meyrat,Argyroxiphium,sandwicense_macrocephalum,-156.301308,20.694647,USA,Hawaii,Maui,50c9509d-22c7-4a22-a47d-8c48425ef4a7,2165812500
Argyroxiphium sandwicense subsp. macrocephalum (A.Gray) Meyrat,Argyroxiphium,sandwicense_macrocephalum,-156.149387,20.684738,USA,Hawaii,Maui,50c9509d-22c7-4a22-a47d-8c48425ef4a7,2165812500
Argyroxiphium sandwicense subsp. macrocephalum (A.Gray) Meyrat,Argyroxiphium,sandwicense_macrocephalum,-156.035493,20.71905,USA,Hawaii,Maui,50c9509d-22c7-4a22-a47d-8c48425ef4a7,2165812500
Argyroxiphium sandwicense subsp. macrocephalum (A.Gray) Meyrat,Argyroxiphium,sandwicense_macrocephalum,-156.310908,20.685823,USA,Hawaii,Maui,50c9509d-22c7-4a22-a47d-8c48425ef4a7,2165812500
Argyroxiphium sandwicense subsp. macrocephalum (A.Gray) Meyrat,Argyroxiphium,sandwicense_macrocephalum,-156.300397,20.788551,USA,Hawaii,Maui,50c9509d-22c7-4a22-a47d-8c48425ef4a7,2165812500
Argyroxiphium sandwicense subsp. macrocephalum (A.Gray) Meyrat,Argyroxiphium,sandwicense_macrocephalum,-156.325948,20.71309,USA,Hawaii,Maui,50c9509d-22c7-4a22-a47d-8c48425ef4a7,2165812500
Argyroxiphium sandwicense subsp. macrocephalum (A.Gray) Meyrat,Argyroxiphium,sandwicense_macrocephalum,-156.363379,20.653726,USA,Hawaii,Maui,50c9509d-22c7-4a22-a47d-8c48425ef4a7,2165812500
Argyroxiphium sandwicense subsp. macrocephalum (A.Gray) Meyrat,Argyroxiphium,sandwicense_macrocephalum,-156.322578,20.731886,USA,Hawaii,Maui,50c9509d-22c7-4a22-a47d-8c48425ef4a7,2165812500
Argyroxiphium sandwicense subsp. macrocephalum (A.Gray) Meyrat,Argyroxiphium,sandwicense_macrocephalum,-156.396117,20.737141,USA,Hawaii,Maui,50c9509d-22c7-4a22-a47d-8c48425ef4a7,2165812500
Argyroxiphium sandwicense subsp. macrocephalum (A.Gray) Meyrat,Argyroxiphium,sandwicense_macrocephalum,-156.222423,20.746678,USA,Hawaii,Maui,50c9509d-22c7-4a22-a47d-8c48425ef4a7,2165812500
Argyroxiphium sandwicense subsp. macrocephalum (A.Gray) Meyrat,Argyroxiphium,sandwicense_macrocephalum,-156.154112,20.63155,Hawaii,Maui,NA,50c9509d-22c7-4a22-a47d-8c48425ef4a7,2165812500
Argyroxiphium sandwicense subsp. macrocephalum (A.Gray) Meyrat,Argyroxiphium,sandwicense_macrocephalum,-156.217109,20.752296,USA,Hawaii,Maui,50c9509d-22c7-4a22-a47d-8c48425ef4a7,2165812500
Argyroxiphium sandwicense subsp. macrocephalum (A.Gray) Meyrat,Argyroxiphium,sandwicense_macrocephalum,-156.36181,20.747549,USA,Hawaii,Maui,50c9509d-22c7-4a22-a47d-8c48425ef4a7,2165812500
Argyroxiphium sandwicense subsp. macrocephalum (A.Gray) Meyrat,Argyroxiphium,sandwicense_macrocephalum,-156.392335,20.792443,USA,Hawaii,Maui,50c9509d-22c7-4a22-a47d-8c48425ef4a7,2165812500
Argyroxiphium sandwicense subsp. macrocephalum (A.Gray) Meyrat,Argyroxiphium,sandwicense_macrocephalum,-156.215924,20.697054,USA,Hawaii,Maui,50c9509d-22c7-4a22-a47d-8c48425ef4a7,2165812500
Argyroxiphium sandwicense subsp. macrocephalum (A.Gray) Meyrat,Argyroxiphium,sandwicense_macrocephalum,-156.3164,20.77696,USA,Hawaii,Maui,50c9509d-22c7-4a22-a47d-8c48425ef4a7,2165812500
Argyroxiphium sandwicense subsp. macrocephalum (A.Gray) Meyrat,Argyroxiphium,sandwicense_macrocephalum,-156.344291,20.614301,USA,Hawaii,Maui,50c9509d-22c7-4a22-a47d-8c48425ef4a7,2165812500
Argyroxiphium sandwicense subsp. macrocephalum (A.Gray) Meyrat,Argyroxiphium,sandwicense_macrocephalum,-156.261278,20.721818,USA,Hawaii,Maui,50c9509d-22c7-4a22-a47d-8c48425ef4a7,2165812500
Argyroxiphium sandwicense subsp. macrocephalum (A.Gray) Meyrat,Argyroxiphium,sandwicense_macrocephalum,-156.259354,20.638361,USA,Hawaii,Maui,50c9509d-22c7-4a22-a47d-8c48425ef4a7,2165812500
Argyroxiphium sandwicense subsp. macrocephalum (A.Gray) Meyrat,Argyroxiphium,sandwicense_macrocephalum,-156.259313,20.717821,USA,Hawaii,Maui,50c9509d-22c7-4a22-a47d-8c48425ef4a7,2165812500
Argyroxiphium sandwicense subsp. macrocephalum (A.Gray) Meyrat,Argyroxiphium,sandwicense_macrocephalum,-156.218014,20.758495,USA,Hawaii,Maui,50c9509d-22c7-4a22-a47d-8c48425ef4a7,2165812500
Argyroxiphium sandwicense subsp. macrocephalum (A.Gray) Meyrat,Argyroxiphium,sandwicense_macrocephalum,-156.297976,20.616323,USA,Hawaii,Maui,50c9509d-22c7-4a22-a47d-8c48425ef4a7,2165812500
Argyroxiphium sandwicense subsp. macrocephalum (A.Gray) Meyrat,Argyroxiphium,sandwicense_macrocephalum,-156.350717,20.77357,USA,Hawaii,Maui,50c9509d-22c7-4a22-a47d-8c48425ef4a7,2165812500
Argyroxiphium sandwicense subsp. macrocephalum (A.Gray) Meyrat,Argyroxiphium,sandwicense_macrocephalum,-156.35111,20.724874,USA,Hawaii,Maui,50c9509d-22c7-4a22-a47d-8c48425ef4a7,2165812500
Argyroxiphium sandwicense subsp. macrocephalum (A.Gray) Meyrat,Argyroxiphium,sandwicense_macrocephalum,-156.209695,20.735994,USA,Hawaii,Maui,50c9509d-22c7-4a22-a47d-8c48425ef4a7,2165812500
Argyroxiphium sandwicense subsp. macrocephalum (A.Gray) Meyrat,Argyroxiphium,sandwicense_macrocephalum,-156.260851,20.689033,USA,Hawaii,Maui,50c9509d-22c7-4a22-a47d-8c48425ef4a7,2165812500
Argyroxiphium sandwicense subsp. macrocephalum (A.Gray) Meyrat,Argyroxiphium,sandwicense_macrocephalum,-156.276366,20.767959,USA,Hawaii,Maui,50c9509d-22c7-4a22-a47d-8c48425ef4a7,2165812500
Argyroxiphium sandwicense subsp. macrocephalum (A.Gray) Meyrat,Argyroxiphium,sandwicense_macrocephalum,-156.328372,20.748703,USA,Hawaii,Maui,50c9509d-22c7-4a22-a47d-8c48425ef4a7,2165812500
Argyroxiphium sandwicense subsp. macrocephalum (A.Gray) Meyrat,Argyroxiphium,sandwicense_macrocephalum,-156.239252,20.703016,USA,Hawaii,Maui,50c9509d-22c7-4a22-a47d-8c48425ef4a7,2165812500
Argyroxiphium sandwicense subsp. macrocephalum (A.Gray) Meyrat,Argyroxiphium,sandwicense_macrocephalum,-156.316751,20.637444,USA,Hawaii,Maui,50c9509d-22c7-4a22-a47d-8c48425ef4a7,2165812500
Argyroxiphium sandwicense subsp. macrocephalum (A.Gray) Meyrat,Argyroxiphium,sandwicense_macrocephalum,-156.352285,20.781872,USA,Hawaii,Maui,50c9509d-22c7-4a22-a47d-8c48425ef4a7,2165812500
Argyroxiphium sandwicense subsp. macrocephalum (A.Gray) Meyrat,Argyroxiphium,sandwicense_macrocephalum,-156.389054,20.611997,USA,Hawaii,Maui,50c9509d-22c7-4a22-a47d-8c48425ef4a7,2165812500
Argyroxiphium sandwicense subsp. macrocephalum (A.Gray) Meyrat,Argyroxiphium,sandwicense_macrocephalum,-156.26702,20.702582,USA,Hawaii,Maui,50c9509d-22c7-4a22-a47d-8c48425ef4a7,2165812500
Argyroxiphium sandwicense subsp. macrocephalum (A.Gray) Meyrat,Argyroxiphium,sandwicense_macrocephalum,-156.261862,20.677036,USA,Hawaii,Maui,50c9509d-22c7-4a22-a47d-8c48425ef4a7,2165812500
Argyroxiphium sandwicense subsp. macrocephalum (A.Gray) Meyrat,Argyroxiphium,sandwicense_macrocephalum,-156.33546,20.636577,USA,Hawaii,Maui,50c9509d-22c7-4a22-a47d-8c48425ef4a7,2165812500
Argyroxiphium sandwicense subsp. macrocephalum (A.Gray) Meyrat,Argyroxiphium,sandwicense_macrocephalum,-156.295394,20.617881,USA,Hawaii,Maui,50c9509d-22c7-4a22-a47d-8c48425ef4a7,2165812500
Argyroxiphium sandwicense subsp. macrocephalum (A.Gray) Meyrat,Argyroxiphium,sandwicense_macrocephalum,-156.214503,20.720781,USA,Hawaii,Maui,50c9509d-22c7-4a22-a47d-8c48425ef4a7,2165812500
Argyroxiphium sandwicense subsp. macrocephalum (A.Gray) Meyrat,Argyroxiphium,sandwicense_macrocephalum,-156.287272,20.652936,USA,Hawaii,Maui,50c9509d-22c7-4a22-a47d-8c48425ef4a7,2165812500
Argyroxiphium sandwicense subsp. macrocephalum (A.Gray) Meyrat,Argyroxiphium,sandwicense_macrocephalum,-156.319424,20.679265,USA,Hawaii,Maui,50c9509d-22c7-4a22-a47d-8c48425ef4a7,2165812500
Argyroxiphium sandwicense subsp. macrocephalum (A.Gray) Meyrat,Argyroxiphium,sandwicense_macrocephalum,-156.270631,20.777661,USA,Hawaii,Maui,50c9509d-22c7-4a22-a47d-8c48425ef4a7,2165812500
Argyroxiphium sandwicense subsp. macrocephalum (A.Gray) Meyrat,Argyroxiphium,sandwicense_macrocephalum,-156.331493,20.796288,USA,Hawaii,Maui,50c9509d-22c7-4a22-a47d-8c48425ef4a7,2165812500
Argyroxiphium sandwicense subsp. macrocephalum (A.Gray) Meyrat,Argyroxiphium,sandwicense_macrocephalum,-156.216819,20.741223,USA,Hawaii,Maui,50c9509d-22c7-4a22-a47d-8c48425ef4a7,2165812500
Argyroxiphium sandwicense subsp. macrocephalum (A.Gray) Meyrat,Argyroxiphium,sandwicense_macrocephalum,-156.225401,20.778063,USA,Hawaii,Maui,50c9509d-22c7-4a22-a47d-8c48425ef4a7,2165812500
Argyroxiphium sandwicense subsp. macrocephalum (A.Gray) Meyrat,Argyroxiphium,sandwicense_macrocephalum,-156.371527,20.761101,USA,Hawaii,Maui,50c9509d-22c7-4a22-a47d-8c48425ef4a7,2165812500
Argyroxiphium sandwicense subsp. macrocephalum (A.Gray) Meyrat,Argyroxiphium,sandwicense_macrocephalum,-156.322514,20.762441,USA,Hawaii,Maui,50c9509d-22c7-4a22-a47d-8c48425ef4a7,2165812500
Argyroxiphium sandwicense subsp. macrocephalum (A.Gray) Meyrat,Argyroxiphium,sandwicense_macrocephalum,-156.36178,20.709717,USA,Hawaii,Maui,50c9509d-22c7-4a22-a47d-8c48425ef4a7,2165812500
Argyroxiphium sandwicense subsp. macrocephalum (A.Gray) Meyrat,Argyroxiphium,sandwicense_macrocephalum,-156.328075,20.678248,USA,Hawaii,Maui,50c9509d-22c7-4a22-a47d-8c48425ef4a7,2165812500
Argyroxiphium sandwicense subsp. macrocephalum (A.Gray) Meyrat,Argyroxiphium,sandwicense_macrocephalum,-156.250621,20.661749,USA,Hawaii,Maui,50c9509d-22c7-4a22-a47d-8c48425ef4a7,2165812500
Argyroxiphium sandwicense subsp. macrocephalum (A.Gray) Meyrat,Argyroxiphium,sandwicense_macrocephalum,-156.385477,20.610511,USA,Hawaii,Maui,50c9509d-22c7-4a22-a47d-8c48425ef4a7,2165812500
Argyroxiphium sandwicense subsp. macrocephalum (A.Gray) Meyrat,Argyroxiphium,sandwicense_macrocephalum,-156.276291,20.658725,USA,Hawaii,Maui,50c9509d-22c7-4a22-a47d-8c48425ef4a7,2165812500
Argyroxiphium sandwicense subsp. macrocephalum (A.Gray) Meyrat,Argyroxiphium,sandwicense_macrocephalum,-156.33922,20.75237,USA,Hawaii,Maui,50c9509d-22c7-4a22-a47d-8c48425ef4a7,2165812500
Argyroxiphium sandwicense subsp. macrocephalum (A.Gray) Meyrat,Argyroxiphium,sandwicense_macrocephalum,-156.254397,20.792997,USA,Hawaii,Maui,50c9509d-22c7-4a22-a47d-8c48425ef4a7,2165812500
Argyroxiphium sandwicense subsp. macrocephalum (A.Gray) Meyrat,Argyroxiphium,sandwicense_macrocephalum,-156.219021,20.745915,USA,Hawaii,Maui,50c9509d-22c7-4a22-a47d-8c48425ef4a7,2165812500
Argyroxiphium sandwicense subsp. macrocephalum (A.Gray) Meyrat,Argyroxiphium,sandwicense_macrocephalum,-156.327283,20.624215,USA,Hawaii,Maui,50c9509d-22c7-4a22-a47d-8c48425ef4a7,2165812500
Argyroxiphium sandwicense subsp. macrocephalum (A.Gray) Meyrat,Argyroxiphium,sandwicense_macrocephalum,-156.332737,20.79321,USA,Hawaii,Maui,50c9509d-22c7-4a22-a47d-8c48425ef4a7,2165812500
Argyroxiphium sandwicense subsp. macrocephalum (A.Gray) Meyrat,Argyroxiphium,sandwicense_macrocephalum,-156.300913,20.788684,USA,Hawaii,Maui,50c9509d-22c7-4a22-a47d-8c48425ef4a7,2165812500
Argyroxiphium sandwicense subsp. macrocephalum (A.Gray) Meyrat,Argyroxiphium,sandwicense_macrocephalum,-156.232605,20.783712,USA,Hawaii,Maui,50c9509d-22c7-4a22-a47d-8c48425ef4a7,2165812500
Argyroxiphium sandwicense subsp. macrocephalum (A.Gray) Meyrat,Argyroxiphium,sandwicense_macrocephalum,-156.377899,20.751511,USA,Hawaii,Maui,50c9509d-22c7-4a22-a47d-8c48425ef4a7,2165812500
Argyroxiphium sandwicense subsp. macrocephalum (A.Gray) Meyrat,Argyroxiphium,sandwicense_macrocephalum,-156.337426,20.740998,USA,Hawaii,Maui,50c9509d-22c7-4a22-a47d-8c48425ef4a7,2165812500
Argyroxiphium sandwicense subsp. macrocephalum (A.Gray) Meyrat,Argyroxiphium,sandwicense_macrocephalum,-156.340735,20.671919,USA,Hawaii,Maui,50c9509d-22c7-4a22-a47d-8c48425ef4a7,2165812500
Argyroxiphium sandwicense subsp. macrocephalum (A.Gray) Meyrat,Argyroxiphium,sandwicense_macrocephalum,-156.397218,20.734328,USA,Hawaii,Maui,50c9509d-22c7-4a22-a47d-8c48425ef4a7,2165812500
Argyroxiphium sandwicense subsp. macrocephalum (A.Gray) Meyrat,Argyroxiphium,sandwicense_macrocephalum,-156.212656,20.678632,USA,Hawaii,Maui,50c9509d-22c7-4a22-a47d-8c48425ef4a7,2165812500
Argyroxiphium sandwicense subsp. macrocephalum (A.Gray) Meyrat,Argyroxiphium,sandwicense_macrocephalum,-156.327527,20.658649,USA,Hawaii,Maui,50c9509d-22c7-4a22-a47d-8c48425ef4a7,2165812500
Argyroxiphium sandwicense subsp. macrocephalum (A.Gray) Meyrat,Argyroxiphium,sandwicense_macrocephalum,-156.372604,20.61662,USA,Hawaii,Maui,50c9509d-22c7-4a22-a47d-8c48425ef4a7,2165812500
Argyroxiphium sandwicense subsp. macrocephalum (A.Gray) Meyrat,Argyroxiphium,sandwicense_macrocephalum,-156.168237,20.778403,USA,Hawaii,Maui,50c9509d-22c7-4a22-a47d-8c48425ef4a7,2165812500
Argyroxiphium sandwicense subsp. macrocephalum (A.Gray) Meyrat,Argyroxiphium,sandwicense_macrocephalum,-156.338091,20.736977,USA,Hawaii,Maui,50c9509d-22c7-4a22-a47d-8c48425ef4a7,2165812500
Argyroxiphium sandwicense subsp. macrocephalum (A.Gray) Meyrat,Argyroxiphium,sandwicense_macrocephalum,-156.383894,20.765567,USA,Hawaii,Maui,50c9509d-22c7-4a22-a47d-8c48425ef4a7,2165812500
Argyroxiphium sandwicense subsp. macrocephalum (A.Gray) Meyrat,Argyroxiphium,sandwicense_macrocephalum,-156.314251,20.783765,USA,Hawaii,Maui,50c9509d-22c7-4a22-a47d-8c48425ef4a7,2165812500
Argyroxiphium sandwicense subsp. macrocephalum (A.Gray) Meyrat,Argyroxiphium,sandwicense_macrocephalum,-156.323204,20.73072,USA,Hawaii,Maui,50c9509d-22c7-4a22-a47d-8c48425ef4a7,2165812500
Argyroxiphium sandwicense subsp. macrocephalum (A.Gray) Meyrat,Argyroxiphium,sandwicense_macrocephalum,-156.39313,20.668378,USA,Hawaii,Maui,50c9509d-22c7-4a22-a47d-8c48425ef4a7,2165812500
Argyroxiphium sandwicense subsp. macrocephalum (A.Gray) Meyrat,Argyroxiphium,sandwicense_macrocephalum,-156.295348,20.781388,USA,Hawaii,Maui,50c9509d-22c7-4a22-a47d-8c48425ef4a7,2165812500
Argyroxiphium sandwicense subsp. macrocephalum (A.Gray) Meyrat,Argyroxiphium,sandwicense_macrocephalum,-156.365855,20.693034,USA,Hawaii,Maui,50c9509d-22c7-4a22-a47d-8c48425ef4a7,2165812500
Argyroxiphium sandwicense subsp. macrocephalum (A.Gray) Meyrat,Argyroxiphium,sandwicense_macrocephalum,-156.347611,20.784597,USA,Hawaii,Maui,50c9509d-22c7-4a22-a47d-8c48425ef4a7,2165812500
Argyroxiphium sandwicense subsp. macrocephalum (A.Gray) Meyrat,Argyroxiphium,sandwicense_macrocephalum,-156.231652,20.635372,USA,Hawaii,Maui,50c9509d-22c7-4a22-a47d-8c48425ef4a7,2165812500
Argyroxiphium sandwicense subsp. macrocephalum (A.Gray) Meyrat,Argyroxiphium,sandwicense_macrocephalum,-156.210515,20.785303,USA,Hawaii,Maui,50c9509d-22c7-4a22-a47d-8c48425ef4a7,2165812500
Argyroxiphium sandwicense subsp. macrocephalum (A.Gray) Meyrat,Argyroxiphium,sandwicense_macrocephalum,-156.284177,20.77651,USA,Hawaii,Maui,50c9509d-22c7-4a22-a47d-8c48425ef4a7,2165812500
Argyroxiphium sandwicense subsp. macrocephalum (A.Gray) Meyrat,Argyroxiphium,sandwicense_macrocephalum,-156.256149,20.778555,USA,Hawaii,Maui,50c9509d-22c7-4a22-a47d-8c48425ef4a7,2165812500
Argyroxiphium sandwicense subsp. macrocephalum (A.Gray) Meyrat,Argyroxiphium,sandwicense_macrocephalum,-156.221813,20.630052,Hawaii,Maui,NA,50c9509d-22c7-4a22-a47d-8c48425ef4a7,2165812500
Argyroxiphium sandwicense subsp. macrocephalum (A.Gray) Meyrat,Argyroxiphium,sandwicense_macrocephalum,-156.31538,20.718553,USA,Hawaii,Maui,50c9509d-22c7-4a22-a47d-8c48425ef4a7,2165812500
Argyroxiphium sandwicense subsp. macrocephalum (A.Gray) Meyrat,Argyroxiphium,sandwicense_macrocephalum,-156.345086,20.665414,USA,Hawaii,Maui,50c9509d-22c7-4a22-a47d-8c48425ef4a7,2165812500
Argyroxiphium sandwicense subsp. macrocephalum (A.Gray) Meyrat,Argyroxiphium,sandwicense_macrocephalum,-156.30024,20.600858,Hawaii,Maui,NA,50c9509d-22c7-4a22-a47d-8c48425ef4a7,2165812500
Argyroxiphium sandwicense subsp. macrocephalum (A.Gray) Meyrat,Argyroxiphium,sandwicense_macrocephalum,-156.329105,20.651282,USA,Hawaii,Maui,50c9509d-22c7-4a22-a47d-8c48425ef4a7,2165812500
Argyroxiphium sandwicense subsp. macrocephalum (A.Gray) Meyrat,Argyroxiphium,sandwicense_macrocephalum,-156.25849,20.684347,USA,Hawaii,Maui,50c9509d-22c7-4a22-a47d-8c48425ef4a7,2165812500
Argyroxiphium sandwicense subsp. macrocephalum (A.Gray) Meyrat,Argyroxiphium,sandwicense_macrocephalum,-156.299261,20.662755,USA,Hawaii,Maui,50c9509d-22c7-4a22-a47d-8c48425ef4a7,2165812500
Argyroxiphium sandwicense subsp. macrocephalum (A.Gray) Meyrat,Argyroxiphium,sandwicense_macrocephalum,-156.391077,20.784084,USA,Hawaii,Maui,50c9509d-22c7-4a22-a47d-8c48425ef4a7,2165812500
Argyroxiphium sandwicense subsp. macrocephalum (A.Gray) Meyrat,Argyroxiphium,sandwicense_macrocephalum,-156.202695,20.653417,USA,Hawaii,Maui,50c9509d-22c7-4a22-a47d-8c48425ef4a7,2165812500
Argyroxiphium sandwicense subsp. macrocephalum (A.Gray) Meyrat,Argyroxiphium,sandwicense_macrocephalum,-156.31346,20.733278,USA,Hawaii,Maui,50c9509d-22c7-4a22-a47d-8c48425ef4a7,2165812500
Argyroxiphium sandwicense subsp. macrocephalum (A.Gray) Meyrat,Argyroxiphium,sandwicense_macrocephalum,-156.333918,20.712058,USA,Hawaii,Maui,50c9509d-22c7-4a22-a47d-8c48425ef4a7,2165812500
Argyroxiphium sandwicense subsp. macrocephalum (A.Gray) Meyrat,Argyroxiphium,sandwicense_macrocephalum,-156.295485,20.808242,USA,Hawaii,Maui,50c9509d-22c7-4a22-a47d-8c48425ef4a7,2165812500
Argyroxiphium sandwicense subsp. macrocephalum (A.Gray) Meyrat,Argyroxiphium,sandwicense_macrocephalum,-156.394825,20.794491,USA,Hawaii,Maui,50c9509d-22c7-4a22-a47d-8c48425ef4a7,2165812500
Argyroxiphium sandwicense subsp. macrocephalum (A.Gray) Meyrat,Argyroxiphium,sandwicense_macrocephalum,-156.231329,20.751106,USA,Hawaii,Maui,50c9509d-22c7-4a22-a47d-8c48425ef4a7,2165812500
Argyroxiphium sandwicense subsp. macrocephalum (A.Gray) Meyrat,Argyroxiphium,sandwicense_macrocephalum,-156.282527,20.623747,USA,Hawaii,Maui,50c9509d-22c7-4a22-a47d-8c48425ef4a7,2165812500
Argyroxiphium sandwicense subsp. macrocephalum (A.Gray) Meyrat,Argyroxiphium,sandwicense_macrocephalum,-156.289281,20.762199,USA,Hawaii,Maui,50c9509d-22c7-4a22-a47d-8c48425ef4a7,2165812500
Argyroxiphium sandwicense subsp. macrocephalum (A.Gray) Meyrat,Argyroxiphium,sandwicense_macrocephalum,-156.365477,20.76001,USA,Hawaii,Maui,50c9509d-22c7-4a22-a47d-8c48425ef4a7,2165812500
Argyroxiphium sandwicense subsp. macrocephalum (A.Gray) Meyrat,Argyroxiphium,sandwicense_macrocephalum,-156.214573,20.792474,USA,Hawaii,Maui,50c9509d-22c7-4a22-a47d-8c48425ef4a7,2165812500
Argyroxiphium sandwicense subsp. macrocephalum (A.Gray) Meyrat,Argyroxiphium,sandwicense_macrocephalum,-156.324339,20.70954,USA,Hawaii,Maui,50c9509d-22c7-4a22-a47d-8c48425ef4a7,2165812500
Argyroxiphium sandwicense subsp. macrocephalum (A.Gray) Meyrat,Argyroxiphium,sandwicense_macrocephalum,-156.365381,20.678055,USA,Hawaii,Maui,50c9509d-22c7-4a22-a47d-8c48425ef4a7,2165812500
Argyroxiphium sandwicense subsp. macrocephalum (A.Gray) Meyrat,Argyroxiphium,sandwicense_macrocephalum,-156.318239,20.685614,USA,Hawaii,Maui,50c9509d-22c7-4a22-a47d-8c48425ef4a7,2165812500
Argyroxiphium sandwicense subsp. macrocephalum (A.Gray) Meyrat,Argyroxiphium,sandwicense_macrocephalum,-156.350895,20.72558,USA,Hawaii,Maui,50c9509d-22c7-4a22-a47d-8c48425ef4a7,2165812500
Argyroxiphium sandwicense subsp. macrocephalum (A.Gray) Meyrat,Argyroxiphium,sandwicense_macrocephalum,-156.299615,20.742335,USA,Hawaii,Maui,50c9509d-22c7-4a22-a47d-8c48425ef4a7,2165812500
Argyroxiphium sandwicense subsp. macrocephalum (A.Gray) Meyrat,Argyroxiphium,sandwicense_macrocephalum,-156.289328,20.691801,USA,Hawaii,Maui,50c9509d-22c7-4a22-a47d-8c48425ef4a7,2165812500
Argyroxiphium sandwicense subsp. macrocephalum (A.Gray) Meyrat,Argyroxiphium,sandwicense_macrocephalum,-156.352928,20.62469,USA,Hawaii,Maui,50c9509d-22c7-4a22-a47d-8c48425ef4a7,2165812500
Argyroxiphium sandwicense subsp. macrocephalum (A.Gray) Meyrat,Argyroxiphium,sandwicense_macrocephalum,-156.216511,20.654056,USA,Hawaii,Maui,50c9509d-22c7-4a22-a47d-8c48425ef4a7,2165812500
Argyroxiphium sandwicense subsp. macrocephalum (A.Gray) Meyrat,Argyroxiphium,sandwicense_macrocephalum,-156.255529,20.723275,USA,Hawaii,Maui,50c9509d-22c7-4a22-a47d-8c48425ef4a7,2165812500
Argyroxiphium sandwicense subsp. macrocephalum (A.Gray) Meyrat,Argyroxiphium,sandwicense_macrocephalum,-156.225828,20.691947,USA,Hawaii,Maui,50c9509d-22c7-4a22-a47d-8c48425ef4a7,2165812500
Argyroxiphium sandwicense subsp. macrocephalum (A.Gray) Meyrat,Argyroxiphium,sandwicense_macrocephalum,-156.280287,20.707155,USA,Hawaii,Maui,50c9509d-22c7-4a22-a47d-8c48425ef4a7,2165812500
Argyroxiphium sandwicense subsp. macrocephalum (A.Gray) Meyrat,Argyroxiphium,sandwicense_macrocephalum,-156.257016,20.784641,USA,Hawaii,Maui,50c9509d-22c7-4a22-a47d-8c48425ef4a7,2165812500
Argyroxiphium sandwicense subsp. macrocephalum (A.Gray) Meyrat,Argyroxiphium,sandwicense_macrocephalum,-156.350008,20.720149,USA,Hawaii,Maui,50c9509d-22c7-4a22-a47d-8c48425ef4a7,2165812500
Argyroxiphium sandwicense subsp. macrocephalum (A.Gray) Meyrat,Argyroxiphium,sandwicense_macrocephalum,-156.319889,20.771382,USA,Hawaii,Maui,50c9509d-22c7-4a22-a47d-8c48425ef4a7,2165812500
Argyroxiphium sandwicense subsp. macrocephalum (A.Gray) Meyrat,Argyroxiphium,sandwicense_macrocephalum,-156.386202,20.620388,USA,Hawaii,Maui,50c9509d-22c7-4a22-a47d-8c48425ef4a7,2165812500
Argyroxiphium sandwicense subsp. macrocephalum (A.Gray) Meyrat,Argyroxiphium,sandwicense_macrocephalum,-156.240037,20.761652,USA,Hawaii,Maui,50c9509d-22c7-4a22-a47d-8c48425ef4a7,2165812500
Argyroxiphium sandwicense subsp. macrocephalum (A.Gray) Meyrat,Argyroxiphium,sandwicense_macrocephalum,-156.383433,20.61962,USA,Hawaii,Maui,50c9509d-22c7-4a22-a47d-8c48425ef4a7,2165812500
Argyroxiphium sandwicense subsp. macrocephalum (A.Gray) Meyrat,Argyroxiphium,sandwicense_macrocephalum,-156.276406,20.66471,USA,Hawaii,Maui,50c9509d-22c7-4a22-a47d-8c48425ef4a7,2165812500
Argyroxiphium sandwicense subsp. macrocephalum (A.Gray) Meyrat,Argyroxiphium,sandwicense_macrocephalum,-156.389414,20.67988,USA,Hawaii,Maui,50c9509d-22c7-4a22-a47d-8c48425ef4a7,2165812500
Argyroxiphium sandwicense subsp. macrocephalum (A.Gray) Meyrat,Argyroxiphium,sandwicense_macrocephalum,-156.310214,20.761861,USA,Hawaii,Maui,50c9509d-22c7-4a22-a47d-8c48425ef4a7,2165812500
Argyroxiphium sandwicense subsp. macrocephalum (A.Gray) Meyrat,Argyroxiphium,sandwicense_macrocephalum,-156.090134,20.753566,USA,Hawaii,Maui,50c9509d-22c7-4a22-a47d-8c48425ef4a7,2165812500
Argyroxiphium sandwicense subsp. macrocephalum (A.Gray) Meyrat,Argyroxiphium,sandwicense_macrocephalum,-156.392114,20.617959,USA,Hawaii,Maui,50c9509d-22c7-4a22-a47d-8c48425ef4a7,2165812500
Argyroxiphium sandwicense subsp. macrocephalum (A.Gray) Meyrat,Argyroxiphium,sandwicense_macrocephalum,-156.320361,20.609215,USA,Hawaii,Maui,50c9509d-22c7-4a22-a47d-8c48425ef4a7,2165812500
Argyroxiphium sandwicense subsp. macrocephalum (A.Gray) Meyrat,Argyroxiphium,sandwicense_macrocephalum,-156.35558,20.600524,Hawaii,Maui,NA,50c9509d-22c7-4a22-a47d-8c48425ef4a7,2165812500
Argyroxiphium sandwicense subsp. macrocephalum (A.Gray) Meyrat,Argyroxiphium,sandwicense_macrocephalum,-156.373177,20.739276,USA,Hawaii,Maui,50c9509d-22c7-4a22-a47d-8c48425ef4a7,2165812500
Argyroxiphium sandwicense subsp. macrocephalum (A.Gray) Meyrat,Argyroxiphium,sandwicense_macrocephalum,-156.262058,20.620858,USA,Hawaii,Maui,50c9509d-22c7-4a22-a47d-8c48425ef4a7,2165812500
Argyroxiphium sandwicense subsp. macrocephalum (A.Gray) Meyrat,Argyroxiphium,sandwicense_macrocephalum,-156.29126,20.678974,USA,Hawaii,Maui,50c9509d-22c7-4a22-a47d-8c48425ef4a7,2165812500
Argyroxiphium sandwicense subsp. macrocephalum (A.Gray) Meyrat,Argyroxiphium,sandwicense_macrocephalum,-156.29399,20.743974,USA,Hawaii,Maui,50c9509d-22c7-4a22-a47d-8c48425ef4a7,2165812500
Argyroxiphium sandwicense subsp. macrocephalum (A.Gray) Meyrat,Argyroxiphium,sandwicense_macrocephalum,-156.394541,20.688042,USA,Hawaii,Maui,50c9509d-22c7-4a22-a47d-8c48425ef4a7,2165812500
Argyroxiphium sandwicense subsp. macrocephalum (A.Gray) Meyrat,Argyroxiphium,sandwicense_macrocephalum,-156.355101,20.742522,USA,Hawaii,Maui,50c9509d-22c7-4a22-a47d-8c48425ef4a7,2165812500
Argyroxiphium sandwicense subsp. macrocephalum (A.Gray) Meyrat,Argyroxiphium,sandwicense_macrocephalum,-156.357593,20.781074,USA,Hawaii,Maui,50c9509d-22c7-4a22-a47d-8c48425ef4a7,2165812500
Argyroxiphium sandwicense subsp. macrocephalum (A.Gray) Meyrat,Argyroxiphium,sandwicense_macrocephalum,-156.382193,20.661005,USA,Hawaii,Maui,50c9509d-22c7-4a22-a47d-8c48425ef4a7,2165812500
Argyroxiphium sandwicense subsp. macrocephalum (A.Gray) Meyrat,Argyroxiphium,sandwicense_macrocephalum,-156.297916,20.768684,USA,Hawaii,Maui,50c9509d-22c7-4a22-a47d-8c48425ef4a7,2165812500
Argyroxiphium sandwicense subsp. macrocephalum (A.Gray) Meyrat,Argyroxiphium,sandwicense_macrocephalum,-156.187041,20.774527,USA,Hawaii,Maui,50c9509d-22c7-4a22-a47d-8c48425ef4a7,2165812500
Argyroxiphium sandwicense subsp. macrocephalum (A.Gray) Meyrat,Argyroxiphium,sandwicense_macrocephalum,-156.226026,20.781672,USA,Hawaii,Maui,50c9509d-22c7-4a22-a47d-8c48425ef4a7,2165812500
Argyroxiphium sandwicense subsp. macrocephalum (A.Gray) Meyrat,Argyroxiphium,sandwicense_macrocephalum,-156.372259,20.717155,USA,Hawaii,Maui,50c9509d-22c7-4a22-a47d-8c48425ef4a7,2165812500
Argyroxiphium sandwicense subsp. macrocephalum (A.Gray) Meyrat,Argyroxiphium,sandwicense_macrocephalum,-156.308347,20.710191,USA,Hawaii,Maui,50c9509d-22c7-4a22-a47d-8c48425ef4a7,2165812500
Argyroxiphium sandwicense subsp. macrocephalum (A.Gray) Meyrat,Argyroxiphium,sandwicense_macrocephalum,-156.221527,20.635233,USA,Hawaii,Maui,50c9509d-22c7-4a22-a47d-8c48425ef4a7,2165812500
Argyroxiphium sandwicense subsp. macrocephalum (A.Gray) Meyrat,Argyroxiphium,sandwicense_macrocephalum,-156.316396,20.786184,USA,Hawaii,Maui,50c9509d-22c7-4a22-a47d-8c48425ef4a7,2165812500
Argyroxiphium sandwicense subsp. macrocephalum (A.Gray) Meyrat,Argyroxiphium,sandwicense_macrocephalum,-156.217226,20.63097,USA,Hawaii,Maui,50c9509d-22c7-4a22-a47d-8c48425ef4a7,2165812500
Argyroxiphium sandwicense subsp. macrocephalum (A.Gray) Meyrat,Argyroxiphium,sandwicense_macrocephalum,-156.395942,20.772692,USA,Hawaii,Maui,50c9509d-22c7-4a22-a47d-8c48425ef4a7,2165812500
Argyroxiphium sandwicense subsp. macrocephalum (A.Gray) Meyrat,Argyroxiphium,sandwicense_macrocephalum,-156.295742,20.643359,USA,Hawaii,Maui,50c9509d-22c7-4a22-a47d-8c48425ef4a7,2165812500
Argyroxiphium sandwicense subsp. macrocephalum (A.Gray) Meyrat,Argyroxiphium,sandwicense_macrocephalum,-156.22656,20.744689,USA,Hawaii,Maui,50c9509d-22c7-4a22-a47d-8c48425ef4a7,2165812500
Argyroxiphium sandwicense subsp. macrocephalum (A.Gray) Meyrat,Argyroxiphium,sandwicense_macrocephalum,-156.285783,20.754496,USA,Hawaii,Maui,50c9509d-22c7-4a22-a47d-8c48425ef4a7,2165812500
Argyroxiphium sandwicense subsp. macrocephalum (A.Gray) Meyrat,Argyroxiphium,sandwicense_macrocephalum,-156.37471,20.717166,USA,Hawaii,Maui,50c9509d-22c7-4a22-a47d-8c48425ef4a7,2165812500
Argyroxiphium sandwicense subsp. macrocephalum (A.Gray) Meyrat,Argyroxiphium,sandwicense_macrocephalum,-156.231431,20.630914,USA,Hawaii,Maui,50c9509d-22c7-4a22-a47d-8c48425ef4a7,2165812500
Argyroxiphium sandwicense subsp. macrocephalum (A.Gray) Meyrat,Argyroxiphium,sandwicense_macrocephalum,-156.305631,20.645692,USA,Hawaii,Maui,50c9509d-22c7-4a22-a47d-8c48425ef4a7,2165812500
Argyroxiphium sandwicense subsp. macrocephalum (A.Gray) Meyrat,Argyroxiphium,sandwicense_macrocephalum,-156.244826,20.730124,USA,Hawaii,Maui,50c9509d-22c7-4a22-a47d-8c48425ef4a7,2165812500
Argyroxiphium sandwicense subsp. macrocephalum (A.Gray) Meyrat,Argyroxiphium,sandwicense_macrocephalum,-156.523514,20.911594,USA,Hawaii,Maui,50c9509d-22c7-4a22-a47d-8c48425ef4a7,2165812500
Argyroxiphium sandwicense subsp. macrocephalum (A.Gray) Meyrat,Argyroxiphium,sandwicense_macrocephalum,-156.223585,20.725991,USA,Hawaii,Maui,50c9509d-22c7-4a22-a47d-8c48425ef4a7,2165812500
Argyroxiphium sandwicense subsp. macrocephalum (A.Gray) Meyrat,Argyroxiphium,sandwicense_macrocephalum,-156.275995,20.786982,USA,Hawaii,Maui,50c9509d-22c7-4a22-a47d-8c48425ef4a7,2165812500
Argyroxiphium sandwicense subsp. macrocephalum (A.Gray) Meyrat,Argyroxiphium,sandwicense_macrocephalum,-156.351282,20.698765,USA,Hawaii,Maui,50c9509d-22c7-4a22-a47d-8c48425ef4a7,2165812500
Argyroxiphium sandwicense subsp. macrocephalum (A.Gray) Meyrat,Argyroxiphium,sandwicense_macrocephalum,-156.299268,20.693892,USA,Hawaii,Maui,50c9509d-22c7-4a22-a47d-8c48425ef4a7,2165812500
Argyroxiphium sandwicense subsp. macrocephalum (A.Gray) Meyrat,Argyroxiphium,sandwicense_macrocephalum,-156.315145,20.720523,USA,Hawaii,Maui,50c9509d-22c7-4a22-a47d-8c48425ef4a7,2165812500
Argyroxiphium sandwicense subsp. macrocephalum (A.Gray) Meyrat,Argyroxiphium,sandwicense_macrocephalum,-156.373672,20.605204,USA,Hawaii,Maui,50c9509d-22c7-4a22-a47d-8c48425ef4a7,2165812500
Argyroxiphium sandwicense subsp. macrocephalum (A.Gray) Meyrat,Argyroxiphium,sandwicense_macrocephalum,-156.359197,20.78635,USA,Hawaii,Maui,50c9509d-22c7-4a22-a47d-8c48425ef4a7,2165812500
Argyroxiphium sandwicense subsp. macrocephalum (A.Gray) Meyrat,Argyroxiphium,sandwicense_macrocephalum,-156.249865,20.662876,USA,Hawaii,Maui,50c9509d-22c7-4a22-a47d-8c48425ef4a7,2165812500
Argyroxiphium sandwicense subsp. macrocephalum (A.Gray) Meyrat,Argyroxiphium,sandwicense_macrocephalum,-156.044371,20.768624,USA,Hawaii,Maui,50c9509d-22c7-4a22-a47d-8c48425ef4a7,2165812500
Argyroxiphium sandwicense subsp. macrocephalum (A.Gray) Meyrat,Argyroxiphium,sandwicense_macrocephalum,-156.187569,20.756464,USA,Hawaii,Maui,50c9509d-22c7-4a22-a47d-8c48425ef4a7,2165812500
Argyroxiphium sandwicense subsp. macrocephalum (A.Gray) Meyrat,Argyroxiphium,sandwicense_macrocephalum,-156.388411,20.641969,USA,Hawaii,Maui,50c9509d-22c7-4a22-a47d-8c48425ef4a7,2165812500
Argyroxiphium sandwicense subsp. macrocephalum (A.Gray) Meyrat,Argyroxiphium,sandwicense_macrocephalum,-156.36862,20.71335,USA,Hawaii,Maui,50c9509d-22c7-4a22-a47d-8c48425ef4a7,2165812500
Argyroxiphium sandwicense subsp. macrocephalum (A.Gray) Meyrat,Argyroxiphium,sandwicense_macrocephalum,-156.354653,20.6759,USA,Hawaii,Maui,50c9509d-22c7-4a22-a47d-8c48425ef4a7,2165812500
Argyroxiphium sandwicense subsp. macrocephalum (A.Gray) Meyrat,Argyroxiphium,sandwicense_macrocephalum,-156.355136,20.752563,USA,Hawaii,Maui,50c9509d-22c7-4a22-a47d-8c48425ef4a7,2165812500
Argyroxiphium sandwicense subsp. macrocephalum (A.Gray) Meyrat,Argyroxiphium,sandwicense_macrocephalum,-156.378123,20.622436,USA,Hawaii,Maui,50c9509d-22c7-4a22-a47d-8c48425ef4a7,2165812500
Argyroxiphium sandwicense subsp. macrocephalum (A.Gray) Meyrat,Argyroxiphium,sandwicense_macrocephalum,-156.371262,20.697375,USA,Hawaii,Maui,50c9509d-22c7-4a22-a47d-8c48425ef4a7,2165812500
Argyroxiphium sandwicense subsp. macrocephalum (A.Gray) Meyrat,Argyroxiphium,sandwicense_macrocephalum,-156.315643,20.60308,USA,Hawaii,Maui,50c9509d-22c7-4a22-a47d-8c48425ef4a7,2165812500
Argyroxiphium sandwicense subsp. macrocephalum (A.Gray) Meyrat,Argyroxiphium,sandwicense_macrocephalum,-156.216226,20.74796,USA,Hawaii,Maui,50c9509d-22c7-4a22-a47d-8c48425ef4a7,2165812500
Argyroxiphium sandwicense subsp. macrocephalum (A.Gray) Meyrat,Argyroxiphium,sandwicense_macrocephalum,-156.232748,20.671476,USA,Hawaii,Maui,50c9509d-22c7-4a22-a47d-8c48425ef4a7,2165812500
Argyroxiphium sandwicense subsp. macrocephalum (A.Gray) Meyrat,Argyroxiphium,sandwicense_macrocephalum,-156.379882,20.781628,USA,Hawaii,Maui,50c9509d-22c7-4a22-a47d-8c48425ef4a7,2165812500
Argyroxiphium sandwicense subsp. macrocephalum (A.Gray) Meyrat,Argyroxiphium,sandwicense_macrocephalum,-156.359153,20.726112,USA,Hawaii,Maui,50c9509d-22c7-4a22-a47d-8c48425ef4a7,2165812500
Argyroxiphium sandwicense subsp. macrocephalum (A.Gray) Meyrat,Argyroxiphium,sandwicense_macrocephalum,-156.306111,20.634667,USA,Hawaii,Maui,50c9509d-22c7-4a22-a47d-8c48425ef4a7,2165812500
Argyroxiphium sandwicense subsp. macrocephalum (A.Gray) Meyrat,Argyroxiphium,sandwicense_macrocephalum,-156.284887,20.673815,USA,Hawaii,Maui,50c9509d-22c7-4a22-a47d-8c48425ef4a7,2165812500
Argyroxiphium sandwicense subsp. macrocephalum (A.Gray) Meyrat,Argyroxiphium,sandwicense_macrocephalum,-156.378782,20.739299,USA,Hawaii,Maui,50c9509d-22c7-4a22-a47d-8c48425ef4a7,2165812500
Argyroxiphium sandwicense subsp. macrocephalum (A.Gray) Meyrat,Argyroxiphium,sandwicense_macrocephalum,-156.379554,20.681365,USA,Hawaii,Maui,50c9509d-22c7-4a22-a47d-8c48425ef4a7,2165812500
Argyroxiphium sandwicense subsp. macrocephalum (A.Gray) Meyrat,Argyroxiphium,sandwicense_macrocephalum,-156.283457,20.604426,Hawaii,Maui,NA,50c9509d-22c7-4a22-a47d-8c48425ef4a7,2165812500
Argyroxiphium sandwicense subsp. macrocephalum (A.Gray) Meyrat,Argyroxiphium,sandwicense_macrocephalum,-156.25324,20.703564,USA,Hawaii,Maui,50c9509d-22c7-4a22-a47d-8c48425ef4a7,2165812500
Argyroxiphium sandwicense subsp. macrocephalum (A.Gray) Meyrat,Argyroxiphium,sandwicense_macrocephalum,-156.244144,20.616402,Hawaii,Maui,NA,50c9509d-22c7-4a22-a47d-8c48425ef4a7,2165812500
Argyroxiphium sandwicense subsp. macrocephalum (A.Gray) Meyrat,Argyroxiphium,sandwicense_macrocephalum,-156.222491,20.692008,USA,Hawaii,Maui,50c9509d-22c7-4a22-a47d-8c48425ef4a7,2165812500
Argyroxiphium sandwicense subsp. macrocephalum (A.Gray) Meyrat,Argyroxiphium,sandwicense_macrocephalum,-156.222636,20.777779,USA,Hawaii,Maui,50c9509d-22c7-4a22-a47d-8c48425ef4a7,2165812500
Argyroxiphium sandwicense subsp. macrocephalum (A.Gray) Meyrat,Argyroxiphium,sandwicense_macrocephalum,-156.346704,20.694218,USA,Hawaii,Maui,50c9509d-22c7-4a22-a47d-8c48425ef4a7,2165812500
Argyroxiphium sandwicense subsp. macrocephalum (A.Gray) Meyrat,Argyroxiphium,sandwicense_macrocephalum,-156.346804,20.604859,USA,Hawaii,Maui,50c9509d-22c7-4a22-a47d-8c48425ef4a7,2165812500
Argyroxiphium sandwicense subsp. macrocephalum (A.Gray) Meyrat,Argyroxiphium,sandwicense_macrocephalum,-156.039609,20.775802,USA,Hawaii,Maui,50c9509d-22c7-4a22-a47d-8c48425ef4a7,2165812500
Argyroxiphium sandwicense subsp. macrocephalum (A.Gray) Meyrat,Argyroxiphium,sandwicense_macrocephalum,-156.272888,20.788181,USA,Hawaii,Maui,50c9509d-22c7-4a22-a47d-8c48425ef4a7,2165812500
Argyroxiphium sandwicense subsp. macrocephalum (A.Gray) Meyrat,Argyroxiphium,sandwicense_macrocephalum,-156.364481,20.645903,USA,Hawaii,Maui,50c9509d-22c7-4a22-a47d-8c48425ef4a7,2165812500
Argyroxiphium sandwicense subsp. macrocephalum (A.Gray) Meyrat,Argyroxiphium,sandwicense_macrocephalum,-156.334635,20.639836,USA,Hawaii,Maui,50c9509d-22c7-4a22-a47d-8c48425ef4a7,2165812500
Argyroxiphium sandwicense subsp. macrocephalum (A.Gray) Meyrat,Argyroxiphium,sandwicense_macrocephalum,-156.237689,20.759942,USA,Hawaii,Maui,50c9509d-22c7-4a22-a47d-8c48425ef4a7,2165812500
Argyroxiphium sandwicense subsp. macrocephalum (A.Gray) Meyrat,Argyroxiphium,sandwicense_macrocephalum,-156.283134,20.735062,USA,Hawaii,Maui,50c9509d-22c7-4a22-a47d-8c48425ef4a7,2165812500
Argyroxiphium sandwicense subsp. macrocephalum (A.Gray) Meyrat,Argyroxiphium,sandwicense_macrocephalum,-156.244896,20.647659,USA,Hawaii,Maui,50c9509d-22c7-4a22-a47d-8c48425ef4a7,2165812500
Argyroxiphium sandwicense subsp. macrocephalum (A.Gray) Meyrat,Argyroxiphium,sandwicense_macrocephalum,-156.24697,20.712184,USA,Hawaii,Maui,50c9509d-22c7-4a22-a47d-8c48425ef4a7,2165812500
Argyroxiphium sandwicense subsp. macrocephalum (A.Gray) Meyrat,Argyroxiphium,sandwicense_macrocephalum,-156.33166,20.644355,USA,Hawaii,Maui,50c9509d-22c7-4a22-a47d-8c48425ef4a7,2165812500
Argyroxiphium sandwicense subsp. macrocephalum (A.Gray) Meyrat,Argyroxiphium,sandwicense_macrocephalum,-156.227839,20.769154,USA,Hawaii,Maui,50c9509d-22c7-4a22-a47d-8c48425ef4a7,2165812500
Argyroxiphium sandwicense subsp. macrocephalum (A.Gray) Meyrat,Argyroxiphium,sandwicense_macrocephalum,-156.334192,20.786832,USA,Hawaii,Maui,50c9509d-22c7-4a22-a47d-8c48425ef4a7,2165812500
Argyroxiphium sandwicense subsp. macrocephalum (A.Gray) Meyrat,Argyroxiphium,sandwicense_macrocephalum,-156.231307,20.794444,USA,Hawaii,Maui,50c9509d-22c7-4a22-a47d-8c48425ef4a7,2165812500
Argyroxiphium sandwicense subsp. macrocephalum (A.Gray) Meyrat,Argyroxiphium,sandwicense_macrocephalum,-156.336032,20.777411,USA,Hawaii,Maui,50c9509d-22c7-4a22-a47d-8c48425ef4a7,2165812500
Argyroxiphium sandwicense subsp. macrocephalum (A.Gray) Meyrat,Argyroxiphium,sandwicense_macrocephalum,-156.346964,20.607861,USA,Hawaii,Maui,50c9509d-22c7-4a22-a47d-8c48425ef4a7,2165812500
Argyroxiphium sandwicense subsp. macrocephalum (A.Gray) Meyrat,Argyroxiphium,sandwicense_macrocephalum,-156.32911,20.771704,USA,Hawaii,Maui,50c9509d-22c7-4a22-a47d-8c48425ef4a7,2165812500
Argyroxiphium sandwicense subsp. macrocephalum (A.Gray) Meyrat,Argyroxiphium,sandwicense_macrocephalum,-156.142635,20.646564,USA,Hawaii,Maui,50c9509d-22c7-4a22-a47d-8c48425ef4a7,2165812500
Argyroxiphium sandwicense subsp. macrocephalum (A.Gray) Meyrat,Argyroxiphium,sandwicense_macrocephalum,-156.199894,20.685564,USA,Hawaii,Maui,50c9509d-22c7-4a22-a47d-8c48425ef4a7,2165812500
Argyroxiphium sandwicense subsp. macrocephalum (A.Gray) Meyrat,Argyroxiphium,sandwicense_macrocephalum,-156.253071,20.659577,USA,Hawaii,Maui,50c9509d-22c7-4a22-a47d-8c48425ef4a7,2165812500
Argyroxiphium sandwicense subsp. macrocephalum (A.Gray) Meyrat,Argyroxiphium,sandwicense_macrocephalum,-156.30932,20.631159,USA,Hawaii,Maui,50c9509d-22c7-4a22-a47d-8c48425ef4a7,2165812500
Argyroxiphium sandwicense subsp. macrocephalum (A.Gray) Meyrat,Argyroxiphium,sandwicense_macrocephalum,-156.222325,20.669151,USA,Hawaii,Maui,50c9509d-22c7-4a22-a47d-8c48425ef4a7,2165812500
Argyroxiphium sandwicense subsp. macrocephalum (A.Gray) Meyrat,Argyroxiphium,sandwicense_macrocephalum,-156.362711,20.739253,USA,Hawaii,Maui,50c9509d-22c7-4a22-a47d-8c48425ef4a7,2165812500
Argyroxiphium sandwicense subsp. macrocephalum (A.Gray) Meyrat,Argyroxiphium,sandwicense_macrocephalum,-156.283113,20.601531,Hawaii,Maui,NA,50c9509d-22c7-4a22-a47d-8c48425ef4a7,2165812500
Argyroxiphium sandwicense subsp. macrocephalum (A.Gray) Meyrat,Argyroxiphium,sandwicense_macrocephalum,-156.299322,20.658361,USA,Hawaii,Maui,50c9509d-22c7-4a22-a47d-8c48425ef4a7,2165812500
Argyroxiphium sandwicense subsp. macrocephalum (A.Gray) Meyrat,Argyroxiphium,sandwicense_macrocephalum,-156.228045,20.777907,USA,Hawaii,Maui,50c9509d-22c7-4a22-a47d-8c48425ef4a7,2165812500
Argyroxiphium sandwicense subsp. macrocephalum (A.Gray) Meyrat,Argyroxiphium,sandwicense_macrocephalum,-156.263169,20.640855,USA,Hawaii,Maui,50c9509d-22c7-4a22-a47d-8c48425ef4a7,2165812500
Argyroxiphium sandwicense subsp. macrocephalum (A.Gray) Meyrat,Argyroxiphium,sandwicense_macrocephalum,-156.318009,20.769537,USA,Hawaii,Maui,50c9509d-22c7-4a22-a47d-8c48425ef4a7,2165812500
Argyroxiphium sandwicense subsp. macrocephalum (A.Gray) Meyrat,Argyroxiphium,sandwicense_macrocephalum,-156.311623,20.606594,USA,Hawaii,Maui,50c9509d-22c7-4a22-a47d-8c48425ef4a7,2165812500
Argyroxiphium sandwicense subsp. macrocephalum (A.Gray) Meyrat,Argyroxiphium,sandwicense_macrocephalum,-156.268595,20.659835,USA,Hawaii,Maui,50c9509d-22c7-4a22-a47d-8c48425ef4a7,2165812500
Argyroxiphium sandwicense subsp. macrocephalum (A.Gray) Meyrat,Argyroxiphium,sandwicense_macrocephalum,-156.364567,20.700354,USA,Hawaii,Maui,50c9509d-22c7-4a22-a47d-8c48425ef4a7,2165812500
Argyroxiphium sandwicense subsp. macrocephalum (A.Gray) Meyrat,Argyroxiphium,sandwicense_macrocephalum,-156.354289,20.796611,USA,Hawaii,Maui,50c9509d-22c7-4a22-a47d-8c48425ef4a7,2165812500
Argyroxiphium sandwicense subsp. macrocephalum (A.Gray) Meyrat,Argyroxiphium,sandwicense_macrocephalum,-156.369567,20.772786,USA,Hawaii,Maui,50c9509d-22c7-4a22-a47d-8c48425ef4a7,2165812500
Argyroxiphium sandwicense subsp. macrocephalum (A.Gray) Meyrat,Argyroxiphium,sandwicense_macrocephalum,-156.301452,20.707028,USA,Hawaii,Maui,50c9509d-22c7-4a22-a47d-8c48425ef4a7,2165812500
Argyroxiphium sandwicense subsp. macrocephalum (A.Gray) Meyrat,Argyroxiphium,sandwicense_macrocephalum,-156.245392,20.726533,USA,Hawaii,Maui,50c9509d-22c7-4a22-a47d-8c48425ef4a7,2165812500
Argyroxiphium sandwicense subsp. macrocephalum (A.Gray) Meyrat,Argyroxiphium,sandwicense_macrocephalum,-156.254771,20.772949,USA,Hawaii,Maui,50c9509d-22c7-4a22-a47d-8c48425ef4a7,2165812500
Argyroxiphium sandwicense subsp. macrocephalum (A.Gray) Meyrat,Argyroxiphium,sandwicense_macrocephalum,-156.375858,20.703809,USA,Hawaii,Maui,50c9509d-22c7-4a22-a47d-8c48425ef4a7,2165812500
Argyroxiphium sandwicense subsp. macrocephalum (A.Gray) Meyrat,Argyroxiphium,sandwicense_macrocephalum,-156.360324,20.768291,USA,Hawaii,Maui,50c9509d-22c7-4a22-a47d-8c48425ef4a7,2165812500
Argyroxiphium sandwicense subsp. macrocephalum (A.Gray) Meyrat,Argyroxiphium,sandwicense_macrocephalum,-156.173539,20.654234,USA,Hawaii,Maui,50c9509d-22c7-4a22-a47d-8c48425ef4a7,2165812500
Argyroxiphium sandwicense subsp. macrocephalum (A.Gray) Meyrat,Argyroxiphium,sandwicense_macrocephalum,-156.266147,20.604988,Hawaii,Maui,NA,50c9509d-22c7-4a22-a47d-8c48425ef4a7,2165812500
Argyroxiphium sandwicense subsp. macrocephalum (A.Gray) Meyrat,Argyroxiphium,sandwicense_macrocephalum,-156.236299,20.739147,USA,Hawaii,Maui,50c9509d-22c7-4a22-a47d-8c48425ef4a7,2165812500
Argyroxiphium sandwicense subsp. macrocephalum (A.Gray) Meyrat,Argyroxiphium,sandwicense_macrocephalum,-156.395457,20.634431,USA,Hawaii,Maui,50c9509d-22c7-4a22-a47d-8c48425ef4a7,2165812500
Argyroxiphium sandwicense subsp. macrocephalum (A.Gray) Meyrat,Argyroxiphium,sandwicense_macrocephalum,-156.332536,20.771611,USA,Hawaii,Maui,50c9509d-22c7-4a22-a47d-8c48425ef4a7,2165812500
Argyroxiphium sandwicense subsp. macrocephalum (A.Gray) Meyrat,Argyroxiphium,sandwicense_macrocephalum,-156.354467,20.678095,USA,Hawaii,Maui,50c9509d-22c7-4a22-a47d-8c48425ef4a7,2165812500
Argyroxiphium sandwicense subsp. macrocephalum (A.Gray) Meyrat,Argyroxiphium,sandwicense_macrocephalum,-156.395433,20.759396,USA,Hawaii,Maui,50c9509d-22c7-4a22-a47d-8c48425ef4a7,2165812500
Argyroxiphium sandwicense subsp. macrocephalum (A.Gray) Meyrat,Argyroxiphium,sandwicense_macrocephalum,-156.347617,20.708771,USA,Hawaii,Maui,50c9509d-22c7-4a22-a47d-8c48425ef4a7,2165812500
Argyroxiphium sandwicense subsp. macrocephalum (A.Gray) Meyrat,Argyroxiphium,sandwicense_macrocephalum,-156.278633,20.636277,USA,Hawaii,Maui,50c9509d-22c7-4a22-a47d-8c48425ef4a7,2165812500
Argyroxiphium sandwicense subsp. macrocephalum (A.Gray) Meyrat,Argyroxiphium,sandwicense_macrocephalum,-156.266378,20.713796,USA,Hawaii,Maui,50c9509d-22c7-4a22-a47d-8c48425ef4a7,2165812500
Argyroxiphium sandwicense subsp. macrocephalum (A.Gray) Meyrat,Argyroxiphium,sandwicense_macrocephalum,-156.288239,20.601102,Hawaii,Maui,NA,50c9509d-22c7-4a22-a47d-8c48425ef4a7,2165812500
Argyroxiphium sandwicense subsp. macrocephalum (A.Gray) Meyrat,Argyroxiphium,sandwicense_macrocephalum,-156.240521,20.627524,USA,Hawaii,Maui,50c9509d-22c7-4a22-a47d-8c48425ef4a7,2165812500
Argyroxiphium sandwicense subsp. macrocephalum (A.Gray) Meyrat,Argyroxiphium,sandwicense_macrocephalum,-156.200979,20.64846,USA,Hawaii,Maui,50c9509d-22c7-4a22-a47d-8c48425ef4a7,2165812500
Argyroxiphium sandwicense subsp. macrocephalum (A.Gray) Meyrat,Argyroxiphium,sandwicense_macrocephalum,-156.251051,20.782142,USA,Hawaii,Maui,50c9509d-22c7-4a22-a47d-8c48425ef4a7,2165812500
Argyroxiphium sandwicense subsp. macrocephalum (A.Gray) Meyrat,Argyroxiphium,sandwicense_macrocephalum,-156.380483,20.602957,Hawaii,Maui,NA,50c9509d-22c7-4a22-a47d-8c48425ef4a7,2165812500
Argyroxiphium sandwicense subsp. macrocephalum (A.Gray) Meyrat,Argyroxiphium,sandwicense_macrocephalum,-156.23688,20.668203,USA,Hawaii,Maui,50c9509d-22c7-4a22-a47d-8c48425ef4a7,2165812500
Argyroxiphium sandwicense subsp. macrocephalum (A.Gray) Meyrat,Argyroxiphium,sandwicense_macrocephalum,-156.233016,20.788504,USA,Hawaii,Maui,50c9509d-22c7-4a22-a47d-8c48425ef4a7,2165812500
Argyroxiphium sandwicense subsp. macrocephalum (A.Gray) Meyrat,Argyroxiphium,sandwicense_macrocephalum,-156.218976,20.737618,USA,Hawaii,Maui,50c9509d-22c7-4a22-a47d-8c48425ef4a7,2165812500
Argyroxiphium sandwicense subsp. macrocephalum (A.Gray) Meyrat,Argyroxiphium,sandwicense_macrocephalum,-156.375598,20.757566,USA,Hawaii,Maui,50c9509d-22c7-4a22-a47d-8c48425ef4a7,2165812500
Argyroxiphium sandwicense subsp. macrocephalum (A.Gray) Meyrat,Argyroxiphium,sandwicense_macrocephalum,-156.241819,20.793717,USA,Hawaii,Maui,50c9509d-22c7-4a22-a47d-8c48425ef4a7,2165812500
Argyroxiphium sandwicense subsp. macrocephalum (A.Gray) Meyrat,Argyroxiphium,sandwicense_macrocephalum,-156.303377,20.653795,USA,Hawaii,Maui,50c9509d-22c7-4a22-a47d-8c48425ef4a7,2165812500
Argyroxiphium sandwicense subsp. macrocephalum (A.Gray) Meyrat,Argyroxiphium,sandwicense_macrocephalum,-156.286535,20.759619,USA,Hawaii,Maui,50c9509d-22c7-4a22-a47d-8c48425ef4a7,2165812500
Argyroxiphium sandwicense subsp. macrocephalum (A.Gray) Meyrat,Argyroxiphium,sandwicense_macrocephalum,-156.281877,20.785899,USA,Hawaii,Maui,50c9509d-22c7-4a22-a47d-8c48425ef4a7,2165812500
Argyroxiphium sandwicense subsp. macrocephalum (A.Gray) Meyrat,Argyroxiphium,sandwicense_macrocephalum,-156.336575,20.650152,USA,Hawaii,Maui,50c9509d-22c7-4a22-a47d-8c48425ef4a7,2165812500
Argyroxiphium sandwicense subsp. macrocephalum (A.Gray) Meyrat,Argyroxiphium,sandwicense_macrocephalum,-156.292243,20.789062,USA,Hawaii,Maui,50c9509d-22c7-4a22-a47d-8c48425ef4a7,2165812500
Argyroxiphium sandwicense subsp. macrocephalum (A.Gray) Meyrat,Argyroxiphium,sandwicense_macrocephalum,-156.36559,20.788628,USA,Hawaii,Maui,50c9509d-22c7-4a22-a47d-8c48425ef4a7,2165812500
Argyroxiphium sandwicense subsp. macrocephalum (A.Gray) Meyrat,Argyroxiphium,sandwicense_macrocephalum,-156.276957,20.662334,USA,Hawaii,Maui,50c9509d-22c7-4a22-a47d-8c48425ef4a7,2165812500
Argyroxiphium sandwicense subsp. macrocephalum (A.Gray) Meyrat,Argyroxiphium,sandwicense_macrocephalum,-156.299524,20.764208,USA,Hawaii,Maui,50c9509d-22c7-4a22-a47d-8c48425ef4a7,2165812500
Argyroxiphium sandwicense subsp. macrocephalum (A.Gray) Meyrat,Argyroxiphium,sandwicense_macrocephalum,-156.244508,20.708567,USA,Hawaii,Maui,50c9509d-22c7-4a22-a47d-8c48425ef4a7,2165812500
Argyroxiphium sandwicense subsp. macrocephalum (A.Gray) Meyrat,Argyroxiphium,sandwicense_macrocephalum,-156.085545,20.657481,Hawaii,Maui,NA,50c9509d-22c7-4a22-a47d-8c48425ef4a7,2165812500
Argyroxiphium sandwicense subsp. macrocephalum (A.Gray) Meyrat,Argyroxiphium,sandwicense_macrocephalum,-156.234252,20.677966,USA,Hawaii,Maui,50c9509d-22c7-4a22-a47d-8c48425ef4a7,2165812500
Argyroxiphium sandwicense subsp. macrocephalum (A.Gray) Meyrat,Argyroxiphium,sandwicense_macrocephalum,-156.396715,20.7132,USA,Hawaii,Maui,50c9509d-22c7-4a22-a47d-8c48425ef4a7,2165812500
Argyroxiphium sandwicense subsp. macrocephalum (A.Gray) Meyrat,Argyroxiphium,sandwicense_macrocephalum,-156.270427,20.639899,USA,Hawaii,Maui,50c9509d-22c7-4a22-a47d-8c48425ef4a7,2165812500
Argyroxiphium sandwicense subsp. macrocephalum (A.Gray) Meyrat,Argyroxiphium,sandwicense_macrocephalum,-156.311981,20.737246,USA,Hawaii,Maui,50c9509d-22c7-4a22-a47d-8c48425ef4a7,2165812500
Argyroxiphium sandwicense subsp. macrocephalum (A.Gray) Meyrat,Argyroxiphium,sandwicense_macrocephalum,-156.328578,20.694631,USA,Hawaii,Maui,50c9509d-22c7-4a22-a47d-8c48425ef4a7,2165812500
Argyroxiphium sandwicense subsp. macrocephalum (A.Gray) Meyrat,Argyroxiphium,sandwicense_macrocephalum,-156.273012,20.642572,USA,Hawaii,Maui,50c9509d-22c7-4a22-a47d-8c48425ef4a7,2165812500
Argyroxiphium sandwicense subsp. macrocephalum (A.Gray) Meyrat,Argyroxiphium,sandwicense_macrocephalum,-156.294635,20.642645,USA,Hawaii,Maui,50c9509d-22c7-4a22-a47d-8c48425ef4a7,2165812500
Argyroxiphium sandwicense subsp. macrocephalum (A.Gray) Meyrat,Argyroxiphium,sandwicense_macrocephalum,-156.178946,20.78396,USA,Hawaii,Maui,50c9509d-22c7-4a22-a47d-8c48425ef4a7,2165812500
Argyroxiphium sandwicense subsp. macrocephalum (A.Gray) Meyrat,Argyroxiphium,sandwicense_macrocephalum,-156.375619,20.65383,USA,Hawaii,Maui,50c9509d-22c7-4a22-a47d-8c48425ef4a7,2165812500
Argyroxiphium sandwicense subsp. macrocephalum (A.Gray) Meyrat,Argyroxiphium,sandwicense_macrocephalum,-156.331646,20.657715,USA,Hawaii,Maui,50c9509d-22c7-4a22-a47d-8c48425ef4a7,2165812500
Argyroxiphium sandwicense subsp. macrocephalum (A.Gray) Meyrat,Argyroxiphium,sandwicense_macrocephalum,-156.395983,20.621049,USA,Hawaii,Maui,50c9509d-22c7-4a22-a47d-8c48425ef4a7,2165812500
Argyroxiphium sandwicense subsp. macrocephalum (A.Gray) Meyrat,Argyroxiphium,sandwicense_macrocephalum,-156.29436,20.788852,USA,Hawaii,Maui,50c9509d-22c7-4a22-a47d-8c48425ef4a7,2165812500
Argyroxiphium sandwicense subsp. macrocephalum (A.Gray) Meyrat,Argyroxiphium,sandwicense_macrocephalum,-156.362611,20.76346,USA,Hawaii,Maui,50c9509d-22c7-4a22-a47d-8c48425ef4a7,2165812500
Argyroxiphium sandwicense subsp. macrocephalum (A.Gray) Meyrat,Argyroxiphium,sandwicense_macrocephalum,-156.292446,20.761289,USA,Hawaii,Maui,50c9509d-22c7-4a22-a47d-8c48425ef4a7,2165812500
Argyroxiphium sandwicense subsp. macrocephalum (A.Gray) Meyrat,Argyroxiphium,sandwicense_macrocephalum,-156.371398,20.762681,USA,Hawaii,Maui,50c9509d-22c7-4a22-a47d-8c48425ef4a7,2165812500
Argyroxiphium sandwicense subsp. macrocephalum (A.Gray) Meyrat,Argyroxiphium,sandwicense_macrocephalum,-156.343152,20.792996,USA,Hawaii,Maui,50c9509d-22c7-4a22-a47d-8c48425ef4a7,2165812500
Argyroxiphium sandwicense subsp. macrocephalum (A.Gray) Meyrat,Argyroxiphium,sandwicense_macrocephalum,-156.327217,20.698931,USA,Hawaii,Maui,50c9509d-22c7-4a22-a47d-8c48425ef4a7,2165812500
Argyroxiphium sandwicense subsp. macrocephalum (A.Gray) Meyrat,Argyroxiphium,sandwicense_macrocephalum,-156.371781,20.767385,USA,Hawaii,Maui,50c9509d-22c7-4a22-a47d-8c48425ef4a7,2165812500
Argyroxiphium sandwicense subsp. macrocephalum (A.Gray) Meyrat,Argyroxiphium,sandwicense_macrocephalum,-156.335601,20.67348,USA,Hawaii,Maui,50c9509d-22c7-4a22-a47d-8c48425ef4a7,2165812500
Argyroxiphium sandwicense subsp. macrocephalum (A.Gray) Meyrat,Argyroxiphium,sandwicense_macrocephalum,-156.22666,20.684002,USA,Hawaii,Maui,50c9509d-22c7-4a22-a47d-8c48425ef4a7,2165812500
Argyroxiphium sandwicense subsp. macrocephalum (A.Gray) Meyrat,Argyroxiphium,sandwicense_macrocephalum,-156.378392,20.675743,USA,Hawaii,Maui,50c9509d-22c7-4a22-a47d-8c48425ef4a7,2165812500
Argyroxiphium sandwicense subsp. macrocephalum (A.Gray) Meyrat,Argyroxiphium,sandwicense_macrocephalum,-156.393181,20.622183,USA,Hawaii,Maui,50c9509d-22c7-4a22-a47d-8c48425ef4a7,2165812500
Argyroxiphium sandwicense subsp. macrocephalum (A.Gray) Meyrat,Argyroxiphium,sandwicense_macrocephalum,-156.279842,20.743067,USA,Hawaii,Maui,50c9509d-22c7-4a22-a47d-8c48425ef4a7,2165812500
Argyroxiphium sandwicense subsp. macrocephalum (A.Gray) Meyrat,Argyroxiphium,sandwicense_macrocephalum,-156.306358,20.688603,USA,Hawaii,Maui,50c9509d-22c7-4a22-a47d-8c48425ef4a7,2165812500
Argyroxiphium sandwicense subsp. macrocephalum (A.Gray) Meyrat,Argyroxiphium,sandwicense_macrocephalum,-156.372373,20.673632,USA,Hawaii,Maui,50c9509d-22c7-4a22-a47d-8c48425ef4a7,2165812500
Argyroxiphium sandwicense subsp. macrocephalum (A.Gray) Meyrat,Argyroxiphium,sandwicense_macrocephalum,-156.279777,20.657448,USA,Hawaii,Maui,50c9509d-22c7-4a22-a47d-8c48425ef4a7,2165812500
Argyroxiphium sandwicense subsp. macrocephalum (A.Gray) Meyrat,Argyroxiphium,sandwicense_macrocephalum,-156.272301,20.715927,USA,Hawaii,Maui,50c9509d-22c7-4a22-a47d-8c48425ef4a7,2165812500
Argyroxiphium sandwicense subsp. macrocephalum (A.Gray) Meyrat,Argyroxiphium,sandwicense_macrocephalum,-156.125798,20.688338,USA,Hawaii,Maui,50c9509d-22c7-4a22-a47d-8c48425ef4a7,2165812500
Argyroxiphium sandwicense subsp. macrocephalum (A.Gray) Meyrat,Argyroxiphium,sandwicense_macrocephalum,-156.27247,20.761645,USA,Hawaii,Maui,50c9509d-22c7-4a22-a47d-8c48425ef4a7,2165812500
Argyroxiphium sandwicense subsp. macrocephalum (A.Gray) Meyrat,Argyroxiphium,sandwicense_macrocephalum,-156.32889,20.605226,USA,Hawaii,Maui,50c9509d-22c7-4a22-a47d-8c48425ef4a7,2165812500
Argyroxiphium sandwicense subsp. macrocephalum (A.Gray) Meyrat,Argyroxiphium,sandwicense_macrocephalum,-156.300209,20.663843,USA,Hawaii,Maui,50c9509d-22c7-4a22-a47d-8c48425ef4a7,2165812500
Argyroxiphium sandwicense subsp. macrocephalum (A.Gray) Meyrat,Argyroxiphium,sandwicense_macrocephalum,-156.317338,20.716673,USA,Hawaii,Maui,50c9509d-22c7-4a22-a47d-8c48425ef4a7,2165812500
Argyroxiphium sandwicense subsp. macrocephalum (A.Gray) Meyrat,Argyroxiphium,sandwicense_macrocephalum,-156.332424,20.666496,USA,Hawaii,Maui,50c9509d-22c7-4a22-a47d-8c48425ef4a7,2165812500
Argyroxiphium sandwicense subsp. macrocephalum (A.Gray) Meyrat,Argyroxiphium,sandwicense_macrocephalum,-156.338341,20.621227,USA,Hawaii,Maui,50c9509d-22c7-4a22-a47d-8c48425ef4a7,2165812500
Argyroxiphium sandwicense subsp. macrocephalum (A.Gray) Meyrat,Argyroxiphium,sandwicense_macrocephalum,-156.290005,20.772207,USA,Hawaii,Maui,50c9509d-22c7-4a22-a47d-8c48425ef4a7,2165812500
Argyroxiphium sandwicense subsp. macrocephalum (A.Gray) Meyrat,Argyroxiphium,sandwicense_macrocephalum,-156.324912,20.76739,USA,Hawaii,Maui,50c9509d-22c7-4a22-a47d-8c48425ef4a7,2165812500
Argyroxiphium sandwicense subsp. macrocephalum (A.Gray) Meyrat,Argyroxiphium,sandwicense_macrocephalum,-156.228822,20.733307,USA,Hawaii,Maui,50c9509d-22c7-4a22-a47d-8c48425ef4a7,2165812500
Argyroxiphium sandwicense subsp. macrocephalum (A.Gray) Meyrat,Argyroxiphium,sandwicense_macrocephalum,-156.387899,20.734077,USA,Hawaii,Maui,50c9509d-22c7-4a22-a47d-8c48425ef4a7,2165812500
Argyroxiphium sandwicense subsp. macrocephalum (A.Gray) Meyrat,Argyroxiphium,sandwicense_macrocephalum,-156.266095,20.707008,USA,Hawaii,Maui,50c9509d-22c7-4a22-a47d-8c48425ef4a7,2165812500
Argyroxiphium sandwicense subsp. macrocephalum (A.Gray) Meyrat,Argyroxiphium,sandwicense_macrocephalum,-156.393127,20.75526,USA,Hawaii,Maui,50c9509d-22c7-4a22-a47d-8c48425ef4a7,2165812500
Argyroxiphium sandwicense subsp. macrocephalum (A.Gray) Meyrat,Argyroxiphium,sandwicense_macrocephalum,-156.240356,20.788126,USA,Hawaii,Maui,50c9509d-22c7-4a22-a47d-8c48425ef4a7,2165812500
Argyroxiphium sandwicense subsp. macrocephalum (A.Gray) Meyrat,Argyroxiphium,sandwicense_macrocephalum,-156.31784,20.769655,USA,Hawaii,Maui,50c9509d-22c7-4a22-a47d-8c48425ef4a7,2165812500
Argyroxiphium sandwicense subsp. macrocephalum (A.Gray) Meyrat,Argyroxiphium,sandwicense_macrocephalum,-156.357844,20.739286,USA,Hawaii,Maui,50c9509d-22c7-4a22-a47d-8c48425ef4a7,2165812500
Argyroxiphium sandwicense subsp. macrocephalum (A.Gray) Meyrat,Argyroxiphium,sandwicense_macrocephalum,-156.249848,20.619556,Hawaii,Maui,NA,50c9509d-22c7-4a22-a47d-8c48425ef4a7,2165812500
Argyroxiphium sandwicense subsp. macrocephalum (A.Gray) Meyrat,Argyroxiphium,sandwicense_macrocephalum,-156.277278,20.651065,USA,Hawaii,Maui,50c9509d-22c7-4a22-a47d-8c48425ef4a7,2165812500
Argyroxiphium sandwicense subsp. macrocephalum (A.Gray) Meyrat,Argyroxiphium,sandwicense_macrocephalum,-156.26147,20.74823,USA,Hawaii,Maui,50c9509d-22c7-4a22-a47d-8c48425ef4a7,2165812500
Argyroxiphium sandwicense subsp. macrocephalum (A.Gray) Meyrat,Argyroxiphium,sandwicense_macrocephalum,-156.290132,20.773367,USA,Hawaii,Maui,50c9509d-22c7-4a22-a47d-8c48425ef4a7,2165812500
Argyroxiphium sandwicense subsp. macrocephalum (A.Gray) Meyrat,Argyroxiphium,sandwicense_macrocephalum,-156.31733,20.749433,USA,Hawaii,Maui,50c9509d-22c7-4a22-a47d-8c48425ef4a7,2165812500
Argyroxiphium sandwicense subsp. macrocephalum (A.Gray) Meyrat,Argyroxiphium,sandwicense_macrocephalum,-156.258449,20.690461,USA,Hawaii,Maui,50c9509d-22c7-4a22-a47d-8c48425ef4a7,2165812500
Argyroxiphium sandwicense subsp. macrocephalum (A.Gray) Meyrat,Argyroxiphium,sandwicense_macrocephalum,-156.363991,20.797382,USA,Hawaii,Maui,50c9509d-22c7-4a22-a47d-8c48425ef4a7,2165812500
Argyroxiphium sandwicense subsp. macrocephalum (A.Gray) Meyrat,Argyroxiphium,sandwicense_macrocephalum,-156.298777,20.65284,USA,Hawaii,Maui,50c9509d-22c7-4a22-a47d-8c48425ef4a7,2165812500
Argyroxiphium sandwicense subsp. macrocephalum (A.Gray) Meyrat,Argyroxiphium,sandwicense_macrocephalum,-156.288697,20.784324,USA,Hawaii,Maui,50c9509d-22c7-4a22-a47d-8c48425ef4a7,2165812500
Argyroxiphium sandwicense subsp. macrocephalum (A.Gray) Meyrat,Argyroxiphium,sandwicense_macrocephalum,-156.362676,20.750071,USA,Hawaii,Maui,50c9509d-22c7-4a22-a47d-8c48425ef4a7,2165812500
Argyroxiphium sandwicense subsp. macrocephalum (A.Gray) Meyrat,Argyroxiphium,sandwicense_macrocephalum,-156.217008,20.777125,USA,Hawaii,Maui,50c9509d-22c7-4a22-a47d-8c48425ef4a7,2165812500
Argyroxiphium sandwicense subsp. macrocephalum (A.Gray) Meyrat,Argyroxiphium,sandwicense_macrocephalum,-156.25677,20.658617,USA,Hawaii,Maui,50c9509d-22c7-4a22-a47d-8c48425ef4a7,2165812500
Argyroxiphium sandwicense subsp. macrocephalum (A.Gray) Meyrat,Argyroxiphium,sandwicense_macrocephalum,-156.233209,20.712446,USA,Hawaii,Maui,50c9509d-22c7-4a22-a47d-8c48425ef4a7,2165812500
Argyroxiphium sandwicense subsp. macrocephalum (A.Gray) Meyrat,Argyroxiphium,sandwicense_macrocephalum,-156.25703,20.767149,USA,Hawaii,Maui,50c9509d-22c7-4a22-a47d-8c48425ef4a7,2165812500
Argyroxiphium sandwicense subsp. macrocephalum (A.Gray) Meyrat,Argyroxiphium,sandwicense_macrocephalum,-156.28775,20.607351,Hawaii,Maui,NA,50c9509d-22c7-4a22-a47d-8c48425ef4a7,2165812500
Argyroxiphium sandwicense subsp. macrocephalum (A.Gray) Meyrat,Argyroxiphium,sandwicense_macrocephalum,-156.253517,20.75302,USA,Hawaii,Maui,50c9509d-22c7-4a22-a47d-8c48425ef4a7,2165812500
Argyroxiphium sandwicense subsp. macrocephalum (A.Gray) Meyrat,Argyroxiphium,sandwicense_macrocephalum,-156.258436,20.624001,USA,Hawaii,Maui,50c9509d-22c7-4a22-a47d-8c48425ef4a7,2165812500
Argyroxiphium sandwicense subsp. macrocephalum (A.Gray) Meyrat,Argyroxiphium,sandwicense_macrocephalum,-156.270456,20.755253,USA,Hawaii,Maui,50c9509d-22c7-4a22-a47d-8c48425ef4a7,2165812500
Argyroxiphium sandwicense subsp. macrocephalum (A.Gray) Meyrat,Argyroxiphium,sandwicense_macrocephalum,-156.239562,20.688262,USA,Hawaii,Maui,50c9509d-22c7-4a22-a47d-8c48425ef4a7,2165812500
Argyroxiphium sandwicense subsp. macrocephalum (A.Gray) Meyrat,Argyroxiphium,sandwicense_macrocephalum,-156.23884,20.778794,USA,Hawaii,Maui,50c9509d-22c7-4a22-a47d-8c48425ef4a7,2165812500
Argyroxiphium sandwicense subsp. macrocephalum (A.Gray) Meyrat,Argyroxiphium,sandwicense_macrocephalum,-156.197252,20.703856,USA,Hawaii,Maui,50c9509d-22c7-4a22-a47d-8c48425ef4a7,2165812500
Argyroxiphium sandwicense subsp. macrocephalum (A.Gray) Meyrat,Argyroxiphium,sandwicense_macrocephalum,-156.33386,20.684059,USA,Hawaii,Maui,50c9509d-22c7-4a22-a47d-8c48425ef4a7,2165812500
Argyroxiphium sandwicense subsp. macrocephalum (A.Gray) Meyrat,Argyroxiphium,sandwicense_macrocephalum,-156.279472,20.699673,USA,Hawaii,Maui,50c9509d-22c7-4a22-a47d-8c48425ef4a7,2165812500
Argyroxiphium sandwicense subsp. macrocephalum (A.Gray) Meyrat,Argyroxiphium,sandwicense_macrocephalum,-156.273536,20.764653,USA,Hawaii,Maui,50c9509d-22c7-4a22-a47d-8c48425ef4a7,2165812500
Argyroxiphium sandwicense subsp. macrocephalum (A.Gray) Meyrat,Argyroxiphium,sandwicense_macrocephalum,-156.317085,20.76454,USA,Hawaii,Maui,50c9509d-22c7-4a22-a47d-8c48425ef4a7,2165812500
Argyroxiphium sandwicense subsp. macrocephalum (A.Gray) Meyrat,Argyroxiphium,sandwicense_macrocephalum,-156.054937,20.753681,USA,Hawaii,Maui,50c9509d-22c7-4a22-a47d-8c48425ef4a7,2165812500
Argyroxiphium sandwicense subsp. macrocephalum (A.Gray) Meyrat,Argyroxiphium,sandwicense_macrocephalum,-156.208444,20.667468,USA,Hawaii,Maui,50c9509d-22c7-4a22-a47d-8c48425ef4a7,2165812500
Argyroxiphium sandwicense subsp. macrocephalum (A.Gray) Meyrat,Argyroxiphium,sandwicense_macrocephalum,-156.357771,20.703136,USA,Hawaii,Maui,50c9509d-22c7-4a22-a47d-8c48425ef4a7,2165812500
Argyroxiphium sandwicense subsp. macrocephalum (A.Gray) Meyrat,Argyroxiphium,sandwicense_macrocephalum,-156.383933,20.646029,USA,Hawaii,Maui,50c9509d-22c7-4a22-a47d-8c48425ef4a7,2165812500
Argyroxiphium sandwicense subsp. macrocephalum (A.Gray) Meyrat,Argyroxiphium,sandwicense_macrocephalum,-156.217951,20.704815,USA,Hawaii,Maui,50c9509d-22c7-4a22-a47d-8c48425ef4a7,2165812500
Argyroxiphium sandwicense subsp. macrocephalum (A.Gray) Meyrat,Argyroxiphium,sandwicense_macrocephalum,-156.350786,20.654751,USA,Hawaii,Maui,50c9509d-22c7-4a22-a47d-8c48425ef4a7,2165812500
Argyroxiphium sandwicense subsp. macrocephalum (A.Gray) Meyrat,Argyroxiphium,sandwicense_macrocephalum,-156.357596,20.753971,USA,Hawaii,Maui,50c9509d-22c7-4a22-a47d-8c48425ef4a7,2165812500
Argyroxiphium sandwicense subsp. macrocephalum (A.Gray) Meyrat,Argyroxiphium,sandwicense_macrocephalum,-156.324398,20.793023,USA,Hawaii,Maui,50c9509d-22c7-4a22-a47d-8c48425ef4a7,2165812500
Argyroxiphium sandwicense subsp. macrocephalum (A.Gray) Meyrat,Argyroxiphium,sandwicense_macrocephalum,-156.325629,20.763762,USA,Hawaii,Maui,50c9509d-22c7-4a22-a47d-8c48425ef4a7,2165812500
Argyroxiphium sandwicense subsp. macrocephalum (A.Gray) Meyrat,Argyroxiphium,sandwicense_macrocephalum,-156.202737,20.679149,USA,Hawaii,Maui,50c9509d-22c7-4a22-a47d-8c48425ef4a7,2165812500
Argyroxiphium sandwicense subsp. macrocephalum (A.Gray) Meyrat,Argyroxiphium,sandwicense_macrocephalum,-156.201686,20.649491,USA,Hawaii,Maui,50c9509d-22c7-4a22-a47d-8c48425ef4a7,2165812500
Argyroxiphium sandwicense subsp. macrocephalum (A.Gray) Meyrat,Argyroxiphium,sandwicense_macrocephalum,-156.338518,20.742271,USA,Hawaii,Maui,50c9509d-22c7-4a22-a47d-8c48425ef4a7,2165812500
Argyroxiphium sandwicense subsp. macrocephalum (A.Gray) Meyrat,Argyroxiphium,sandwicense_macrocephalum,-156.24996,20.699004,USA,Hawaii,Maui,50c9509d-22c7-4a22-a47d-8c48425ef4a7,2165812500
Argyroxiphium sandwicense subsp. macrocephalum (A.Gray) Meyrat,Argyroxiphium,sandwicense_macrocephalum,-156.230996,20.699686,USA,Hawaii,Maui,50c9509d-22c7-4a22-a47d-8c48425ef4a7,2165812500
Argyroxiphium sandwicense subsp. macrocephalum (A.Gray) Meyrat,Argyroxiphium,sandwicense_macrocephalum,-156.316331,20.666955,USA,Hawaii,Maui,50c9509d-22c7-4a22-a47d-8c48425ef4a7,2165812500
Argyroxiphium sandwicense subsp. macrocephalum (A.Gray) Meyrat,Argyroxiphium,sandwicense_macrocephalum,-156.328708,20.635549,USA,Hawaii,Maui,50c9509d-22c7-4a22-a47d-8c48425ef4a7,2165812500
Argyroxiphium sandwicense subsp. macrocephalum (A.Gray) Meyrat,Argyroxiphium,sandwicense_macrocephalum,-156.361983,20.667348,USA,Hawaii,Maui,50c9509d-22c7-4a22-a47d-8c48425ef4a7,2165812500
Argyroxiphium sandwicense subsp. macrocephalum (A.Gray) Meyrat,Argyroxiphium,sandwicense_macrocephalum,-156.342869,20.670215,USA,Hawaii,Maui,50c9509d-22c7-4a22-a47d-8c48425ef4a7,2165812500
Argyroxiphium sandwicense subsp. macrocephalum (A.Gray) Meyrat,Argyroxiphium,sandwicense_macrocephalum,-156.290076,20.690116,USA,Hawaii,Maui,50c9509d-22c7-4a22-a47d-8c48425ef4a7,2165812500
Argyroxiphium sandwicense subsp. macrocephalum (A.Gray) Meyrat,Argyroxiphium,sandwicense_macrocephalum,-156.359803,20.655096,USA,Hawaii,Maui,50c9509d-22c7-4a22-a47d-8c48425ef4a7,2165812500
Argyroxiphium sandwicense subsp. macrocephalum (A.Gray) Meyrat,Argyroxiphium,sandwicense_macrocephalum,-156.368719,20.751236,USA,Hawaii,Maui,50c9509d-22c7-4a22-a47d-8c48425ef4a7,2165812500
Argyroxiphium sandwicense subsp. macrocephalum (A.Gray) Meyrat,Argyroxiphium,sandwicense_macrocephalum,-156.264648,20.773253,USA,Hawaii,Maui,50c9509d-22c7-4a22-a47d-8c48425ef4a7,2165812500
Argyroxiphium sandwicense subsp. macrocephalum (A.Gray) Meyrat,Argyroxiphium,sandwicense_macrocephalum,-156.340712,20.724928,USA,Hawaii,Maui,50c9509d-22c7-4a22-a47d-8c48425ef4a7,2165812500
Argyroxiphium sandwicense subsp. macrocephalum (A.Gray) Meyrat,Argyroxiphium,sandwicense_macrocephalum,-156.355783,20.627972,USA,Hawaii,Maui,50c9509d-22c7-4a22-a47d-8c48425ef4a7,2165812500
Argyroxiphium sandwicense subsp. macrocephalum (A.Gray) Meyrat,Argyroxiphium,sandwicense_macrocephalum,-156.20651,20.669782,USA,Hawaii,Maui,50c9509d-22c7-4a22-a47d-8c48425ef4a7,2165812500
Argyroxiphium sandwicense subsp. macrocephalum (A.Gray) Meyrat,Argyroxiphium,sandwicense_macrocephalum,-156.311124,20.69779,USA,Hawaii,Maui,50c9509d-22c7-4a22-a47d-8c48425ef4a7,2165812500
Argyroxiphium sandwicense subsp. macrocephalum (A.Gray) Meyrat,Argyroxiphium,sandwicense_macrocephalum,-156.089755,20.78813,USA,Hawaii,Maui,50c9509d-22c7-4a22-a47d-8c48425ef4a7,2165812500
Argyroxiphium sandwicense subsp. macrocephalum (A.Gray) Meyrat,Argyroxiphium,sandwicense_macrocephalum,-156.331873,20.796456,USA,Hawaii,Maui,50c9509d-22c7-4a22-a47d-8c48425ef4a7,2165812500
Argyroxiphium sandwicense subsp. macrocephalum (A.Gray) Meyrat,Argyroxiphium,sandwicense_macrocephalum,-156.397901,20.633593,USA,Hawaii,Maui,50c9509d-22c7-4a22-a47d-8c48425ef4a7,2165812500
Argyroxiphium sandwicense subsp. macrocephalum (A.Gray) Meyrat,Argyroxiphium,sandwicense_macrocephalum,-156.149535,20.688357,USA,Hawaii,Maui,50c9509d-22c7-4a22-a47d-8c48425ef4a7,2165812500
Argyroxiphium sandwicense subsp. macrocephalum (A.Gray) Meyrat,Argyroxiphium,sandwicense_macrocephalum,-156.267258,20.775311,USA,Hawaii,Maui,50c9509d-22c7-4a22-a47d-8c48425ef4a7,2165812500
Argyroxiphium sandwicense subsp. macrocephalum (A.Gray) Meyrat,Argyroxiphium,sandwicense_macrocephalum,-156.398812,20.715259,USA,Hawaii,Maui,50c9509d-22c7-4a22-a47d-8c48425ef4a7,2165812500
Argyroxiphium sandwicense subsp. macrocephalum (A.Gray) Meyrat,Argyroxiphium,sandwicense_macrocephalum,-156.327422,20.639785,USA,Hawaii,Maui,50c9509d-22c7-4a22-a47d-8c48425ef4a7,2165812500
Argyroxiphium sandwicense subsp. macrocephalum (A.Gray) Meyrat,Argyroxiphium,sandwicense_macrocephalum,-156.251743,20.728459,USA,Hawaii,Maui,50c9509d-22c7-4a22-a47d-8c48425ef4a7,2165812500
Argyroxiphium sandwicense subsp. macrocephalum (A.Gray) Meyrat,Argyroxiphium,sandwicense_macrocephalum,-156.238885,20.715174,USA,Hawaii,Maui,50c9509d-22c7-4a22-a47d-8c48425ef4a7,2165812500
Argyroxiphium sandwicense subsp. macrocephalum (A.Gray) Meyrat,Argyroxiphium,sandwicense_macrocephalum,-156.335113,20.618031,USA,Hawaii,Maui,50c9509d-22c7-4a22-a47d-8c48425ef4a7,2165812500
Argyroxiphium sandwicense subsp. macrocephalum (A.Gray) Meyrat,Argyroxiphium,sandwicense_macrocephalum,-156.335315,20.643295,USA,Hawaii,Maui,50c9509d-22c7-4a22-a47d-8c48425ef4a7,2165812500
Argyroxiphium sandwicense subsp. macrocephalum (A.Gray) Meyrat,Argyroxiphium,sandwicense_macrocephalum,-156.302447,20.743713,USA,Hawaii,Maui,50c9509d-22c7-4a22-a47d-8c48425ef4a7,2165812500
Argyroxiphium sandwicense subsp. macrocephalum (A.Gray) Meyrat,Argyroxiphium,sandwicense_macrocephalum,-156.304135,20.776504,USA,Hawaii,Maui,50c9509d-22c7-4a22-a47d-8c48425ef4a7,2165812500
Argyroxiphium sandwicense subsp. macrocephalum (A.Gray) Meyrat,Argyroxiphium,sandwicense_macrocephalum,-156.263049,20.762697,USA,Hawaii,Maui,50c9509d-22c7-4a22-a47d-8c48425ef4a7,2165812500
Argyroxiphium sandwicense subsp. macrocephalum (A.Gray) Meyrat,Argyroxiphium,sandwicense_macrocephalum,-156.239082,20.754278,USA,Hawaii,Maui,50c9509d-22c7-4a22-a47d-8c48425ef4a7,2165812500
Argyroxiphium sandwicense subsp. macrocephalum (A.Gray) Meyrat,Argyroxiphium,sandwicense_macrocephalum,-156.377234,20.764942,USA,Hawaii,Maui,50c9509d-22c7-4a22-a47d-8c48425ef4a7,2165812500
Argyroxiphium sandwicense subsp. macrocephalum (A.Gray) Meyrat,Argyroxiphium,sandwicense_macrocephalum,-156.384302,20.747486,USA,Hawaii,Maui,50c9509d-22c7-4a22-a47d-8c48425ef4a7,2165812500
Argyroxiphium sandwicense subsp. macrocephalum (A.Gray) Meyrat,Argyroxiphium,sandwicense_macrocephalum,-156.39755,20.725042,USA,Hawaii,Maui,50c9509d-22c7-4a22-a47d-8c48425ef4a7,2165812500
Argyroxiphium sandwicense subsp. macrocephalum (A.Gray) Meyrat,Argyroxiphium,sandwicense_macrocephalum,-156.288315,20.723254,USA,Hawaii,Maui,50c9509d-22c7-4a22-a47d-8c48425ef4a7,2165812500
Argyroxiphium sandwicense subsp. macrocephalum (A.Gray) Meyrat,Argyroxiphium,sandwicense_macrocephalum,-156.296072,20.772028,USA,Hawaii,Maui,50c9509d-22c7-4a22-a47d-8c48425ef4a7,2165812500
Argyroxiphium sandwicense subsp. macrocephalum (A.Gray) Meyrat,Argyroxiphium,sandwicense_macrocephalum,-156.142181,20.731336,USA,Hawaii,Maui,50c9509d-22c7-4a22-a47d-8c48425ef4a7,2165812500
Argyroxiphium sandwicense subsp. macrocephalum (A.Gray) Meyrat,Argyroxiphium,sandwicense_macrocephalum,-156.355843,20.786836,USA,Hawaii,Maui,50c9509d-22c7-4a22-a47d-8c48425ef4a7,2165812500
Argyroxiphium sandwicense subsp. macrocephalum (A.Gray) Meyrat,Argyroxiphium,sandwicense_macrocephalum,-156.324723,20.786058,USA,Hawaii,Maui,50c9509d-22c7-4a22-a47d-8c48425ef4a7,2165812500
Argyroxiphium sandwicense subsp. macrocephalum (A.Gray) Meyrat,Argyroxiphium,sandwicense_macrocephalum,-156.010883,20.744605,USA,Hawaii,Maui,50c9509d-22c7-4a22-a47d-8c48425ef4a7,2165812500
Argyroxiphium sandwicense subsp. macrocephalum (A.Gray) Meyrat,Argyroxiphium,sandwicense_macrocephalum,-156.350985,20.613363,USA,Hawaii,Maui,50c9509d-22c7-4a22-a47d-8c48425ef4a7,2165812500
Argyroxiphium sandwicense subsp. macrocephalum (A.Gray) Meyrat,Argyroxiphium,sandwicense_macrocephalum,-156.072199,20.705418,USA,Hawaii,Maui,50c9509d-22c7-4a22-a47d-8c48425ef4a7,2165812500
Argyroxiphium sandwicense subsp. macrocephalum (A.Gray) Meyrat,Argyroxiphium,sandwicense_macrocephalum,-156.222743,20.693008,USA,Hawaii,Maui,50c9509d-22c7-4a22-a47d-8c48425ef4a7,2165812500
Argyroxiphium sandwicense subsp. macrocephalum (A.Gray) Meyrat,Argyroxiphium,sandwicense_macrocephalum,-156.127163,20.70146,USA,Hawaii,Maui,50c9509d-22c7-4a22-a47d-8c48425ef4a7,2165812500
Argyroxiphium sandwicense subsp. macrocephalum (A.Gray) Meyrat,Argyroxiphium,sandwicense_macrocephalum,-156.084534,20.797566,USA,Hawaii,Maui,50c9509d-22c7-4a22-a47d-8c48425ef4a7,2165812500
Argyroxiphium sandwicense subsp. macrocephalum (A.Gray) Meyrat,Argyroxiphium,sandwicense_macrocephalum,-156.179381,20.665375,USA,Hawaii,Maui,50c9509d-22c7-4a22-a47d-8c48425ef4a7,2165812500
Argyroxiphium sandwicense subsp. macrocephalum (A.Gray) Meyrat,Argyroxiphium,sandwicense_macrocephalum,-156.104772,20.744637,USA,Hawaii,Maui,50c9509d-22c7-4a22-a47d-8c48425ef4a7,2165812500
Argyroxiphium sandwicense subsp. macrocephalum (A.Gray) Meyrat,Argyroxiphium,sandwicense_macrocephalum,-156.233351,20.694633,USA,Hawaii,Maui,50c9509d-22c7-4a22-a47d-8c48425ef4a7,2165812500
Argyroxiphium sandwicense subsp. macrocephalum (A.Gray) Meyrat,Argyroxiphium,sandwicense_macrocephalum,-156.284812,20.787588,USA,Hawaii,Maui,50c9509d-22c7-4a22-a47d-8c48425ef4a7,2165812500
Argyroxiphium sandwicense subsp. macrocephalum (A.Gray) Meyrat,Argyroxiphium,sandwicense_macrocephalum,-156.294634,20.799189,USA,Hawaii,Maui,50c9509d-22c7-4a22-a47d-8c48425ef4a7,2165812500
Argyroxiphium sandwicense subsp. macrocephalum (A.Gray) Meyrat,Argyroxiphium,sandwicense_macrocephalum,-156.318442,20.641887,USA,Hawaii,Maui,50c9509d-22c7-4a22-a47d-8c48425ef4a7,2165812500
Argyroxiphium sandwicense subsp. macrocephalum (A.Gray) Meyrat,Argyroxiphium,sandwicense_macrocephalum,-156.319177,20.681749,USA,Hawaii,Maui,50c9509d-22c7-4a22-a47d-8c48425ef4a7,2165812500
Argyroxiphium sandwicense subsp. macrocephalum (A.Gray) Meyrat,Argyroxiphium,sandwicense_macrocephalum,-156.237388,20.766734,USA,Hawaii,Maui,50c9509d-22c7-4a22-a47d-8c48425ef4a7,2165812500
Argyroxiphium sandwicense subsp. macrocephalum (A.Gray) Meyrat,Argyroxiphium,sandwicense_macrocephalum,-156.120137,20.641927,Hawaii,Maui,NA,50c9509d-22c7-4a22-a47d-8c48425ef4a7,2165812500
Argyroxiphium sandwicense subsp. macrocephalum (A.Gray) Meyrat,Argyroxiphium,sandwicense_macrocephalum,-156.193678,20.7607,USA,Hawaii,Maui,50c9509d-22c7-4a22-a47d-8c48425ef4a7,2165812500
Argyroxiphium sandwicense subsp. macrocephalum (A.Gray) Meyrat,Argyroxiphium,sandwicense_macrocephalum,-156.009433,20.785255,Hawaii,Maui,NA,50c9509d-22c7-4a22-a47d-8c48425ef4a7,2165812500
Argyroxiphium sandwicense subsp. macrocephalum (A.Gray) Meyrat,Argyroxiphium,sandwicense_macrocephalum,-156.166987,20.744692,USA,Hawaii,Maui,50c9509d-22c7-4a22-a47d-8c48425ef4a7,2165812500
Argyroxiphium sandwicense subsp. macrocephalum (A.Gray) Meyrat,Argyroxiphium,sandwicense_macrocephalum,-156.12689,20.773775,USA,Hawaii,Maui,50c9509d-22c7-4a22-a47d-8c48425ef4a7,2165812500
Argyroxiphium sandwicense subsp. macrocephalum (A.Gray) Meyrat,Argyroxiphium,sandwicense_macrocephalum,-156.171691,20.718797,USA,Hawaii,Maui,50c9509d-22c7-4a22-a47d-8c48425ef4a7,2165812500
Argyroxiphium sandwicense subsp. macrocephalum (A.Gray) Meyrat,Argyroxiphium,sandwicense_macrocephalum,-156.37785,20.717767,USA,Hawaii,Maui,50c9509d-22c7-4a22-a47d-8c48425ef4a7,2165812500
Argyroxiphium sandwicense subsp. macrocephalum (A.Gray) Meyrat,Argyroxiphium,sandwicense_macrocephalum,-156.223962,20.720783,USA,Hawaii,Maui,50c9509d-22c7-4a22-a47d-8c48425ef4a7,2165812500
Argyroxiphium sandwicense subsp. macrocephalum (A.Gray) Meyrat,Argyroxiphium,sandwicense_macrocephalum,-156.298829,20.714439,USA,Hawaii,Maui,50c9509d-22c7-4a22-a47d-8c48425ef4a7,2165812500
Argyroxiphium sandwicense subsp. macrocephalum (A.Gray) Meyrat,Argyroxiphium,sandwicense_macrocephalum,-156.35936,20.745019,USA,Hawaii,Maui,50c9509d-22c7-4a22-a47d-8c48425ef4a7,2165812500
Argyroxiphium sandwicense subsp. macrocephalum (A.Gray) Meyrat,Argyroxiphium,sandwicense_macrocephalum,-156.142455,20.782413,USA,Hawaii,Maui,50c9509d-22c7-4a22-a47d-8c48425ef4a7,2165812500
Argyroxiphium sandwicense subsp. macrocephalum (A.Gray) Meyrat,Argyroxiphium,sandwicense_macrocephalum,-156.377075,20.652663,USA,Hawaii,Maui,50c9509d-22c7-4a22-a47d-8c48425ef4a7,2165812500
Argyroxiphium sandwicense subsp. macrocephalum (A.Gray) Meyrat,Argyroxiphium,sandwicense_macrocephalum,-156.27651,20.614648,USA,Hawaii,Maui,50c9509d-22c7-4a22-a47d-8c48425ef4a7,2165812500
Argyroxiphium sandwicense subsp. macrocephalum (A.Gray) Meyrat,Argyroxiphium,sandwicense_macrocephalum,-156.38021,20.607643,USA,Hawaii,Maui,50c9509d-22c7-4a22-a47d-8c48425ef4a7,2165812500
Argyroxiphium sandwicense subsp. macrocephalum (A.Gray) Meyrat,Argyroxiphium,sandwicense_macrocephalum,-156.394501,20.773862,USA,Hawaii,Maui,50c9509d-22c7-4a22-a47d-8c48425ef4a7,2165812500
Argyroxiphium sandwicense subsp. macrocephalum (A.Gray) Meyrat,Argyroxiphium,sandwicense_macrocephalum,-156.250608,20.776789,USA,Hawaii,Maui,50c9509d-22c7-4a22-a47d-8c48425ef4a7,2165812500
Argyroxiphium sandwicense subsp. macrocephalum (A.Gray) Meyrat,Argyroxiphium,sandwicense_macrocephalum,-156.301969,20.662296,USA,Hawaii,Maui,50c9509d-22c7-4a22-a47d-8c48425ef4a7,2165812500
Argyroxiphium sandwicense subsp. macrocephalum (A.Gray) Meyrat,Argyroxiphium,sandwicense_macrocephalum,-156.394079,20.777265,USA,Hawaii,Maui,50c9509d-22c7-4a22-a47d-8c48425ef4a7,2165812500
Argyroxiphium sandwicense subsp. macrocephalum (A.Gray) Meyrat,Argyroxiphium,sandwicense_macrocephalum,-156.2587,20.650103,USA,Hawaii,Maui,50c9509d-22c7-4a22-a47d-8c48425ef4a7,2165812500
Argyroxiphium sandwicense subsp. macrocephalum (A.Gray) Meyrat,Argyroxiphium,sandwicense_macrocephalum,-156.325326,20.777959,USA,Hawaii,Maui,50c9509d-22c7-4a22-a47d-8c48425ef4a7,2165812500
Argyroxiphium sandwicense subsp. macrocephalum (A.Gray) Meyrat,Argyroxiphium,sandwicense_macrocephalum,-156.380108,20.792278,USA,Hawaii,Maui,50c9509d-22c7-4a22-a47d-8c48425ef4a7,2165812500
Argyroxiphium sandwicense subsp. macrocephalum (A.Gray) Meyrat,Argyroxiphium,sandwicense_macrocephalum,-156.365875,20.62226,USA,Hawaii,Maui,50c9509d-22c7-4a22-a47d-8c48425ef4a7,2165812500
Argyroxiphium sandwicense subsp. macrocephalum (A.Gray) Meyrat,Argyroxiphium,sandwicense_macrocephalum,-156.247556,20.661589,USA,Hawaii,Maui,50c9509d-22c7-4a22-a47d-8c48425ef4a7,2165812500
Argyroxiphium sandwicense subsp. macrocephalum (A.Gray) Meyrat,Argyroxiphium,sandwicense_macrocephalum,-156.335515,20.624694,USA,Hawaii,Maui,50c9509d-22c7-4a22-a47d-8c48425ef4a7,2165812500
Argyroxiphium sandwicense subsp. macrocephalum (A.Gray) Meyrat,Argyroxiphium,sandwicense_macrocephalum,-156.308513,20.945698,USA,Hawaii,Maui,50c9509d-22c7-4a22-a47d-8c48425ef4a7,2165812500
Argyroxiphium sandwicense subsp. macrocephalum (A.Gray) Meyrat,Argyroxiphium,sandwicense_macrocephalum,-156.210796,20.909778,USA,Hawaii,Maui,50c9509d-22c7-4a22-a47d-8c48425ef4a7,2165812500
Argyroxiphium sandwicense subsp. macrocephalum (A.Gray) Meyrat,Argyroxiphium,sandwicense_macrocephalum,-156.257323,20.731085,USA,Hawaii,Maui,50c9509d-22c7-4a22-a47d-8c48425ef4a7,2165812500
Argyroxiphium sandwicense subsp. macrocephalum (A.Gray) Meyrat,Argyroxiphium,sandwicense_macrocephalum,-156.232068,20.655502,USA,Hawaii,Maui,50c9509d-22c7-4a22-a47d-8c48425ef4a7,2165812500
Argyroxiphium sandwicense subsp. macrocephalum (A.Gray) Meyrat,Argyroxiphium,sandwicense_macrocephalum,-156.080588,20.692205,USA,Hawaii,Maui,50c9509d-22c7-4a22-a47d-8c48425ef4a7,2165812500
Argyroxiphium sandwicense subsp. macrocephalum (A.Gray) Meyrat,Argyroxiphium,sandwicense_macrocephalum,-156.207556,20.719374,USA,Hawaii,Maui,50c9509d-22c7-4a22-a47d-8c48425ef4a7,2165812500
Argyroxiphium sandwicense subsp. macrocephalum (A.Gray) Meyrat,Argyroxiphium,sandwicense_macrocephalum,-156.150713,20.681314,USA,Hawaii,Maui,50c9509d-22c7-4a22-a47d-8c48425ef4a7,2165812500
Argyroxiphium sandwicense subsp. macrocephalum (A.Gray) Meyrat,Argyroxiphium,sandwicense_macrocephalum,-156.075291,20.711231,USA,Hawaii,Maui,50c9509d-22c7-4a22-a47d-8c48425ef4a7,2165812500
Argyroxiphium sandwicense subsp. macrocephalum (A.Gray) Meyrat,Argyroxiphium,sandwicense_macrocephalum,-156.118891,20.757518,USA,Hawaii,Maui,50c9509d-22c7-4a22-a47d-8c48425ef4a7,2165812500
Argyroxiphium sandwicense subsp. macrocephalum (A.Gray) Meyrat,Argyroxiphium,sandwicense_macrocephalum,-156.353199,20.757085,USA,Hawaii,Maui,50c9509d-22c7-4a22-a47d-8c48425ef4a7,2165812500
Argyroxiphium sandwicense subsp. macrocephalum (A.Gray) Meyrat,Argyroxiphium,sandwicense_macrocephalum,-156.358752,20.616505,USA,Hawaii,Maui,50c9509d-22c7-4a22-a47d-8c48425ef4a7,2165812500
Argyroxiphium sandwicense subsp. macrocephalum (A.Gray) Meyrat,Argyroxiphium,sandwicense_macrocephalum,-156.368232,20.765063,USA,Hawaii,Maui,50c9509d-22c7-4a22-a47d-8c48425ef4a7,2165812500
Argyroxiphium sandwicense subsp. macrocephalum (A.Gray) Meyrat,Argyroxiphium,sandwicense_macrocephalum,-156.28353,20.66729,USA,Hawaii,Maui,50c9509d-22c7-4a22-a47d-8c48425ef4a7,2165812500
Argyroxiphium sandwicense subsp. macrocephalum (A.Gray) Meyrat,Argyroxiphium,sandwicense_macrocephalum,-156.299095,20.758969,USA,Hawaii,Maui,50c9509d-22c7-4a22-a47d-8c48425ef4a7,2165812500
Argyroxiphium sandwicense subsp. macrocephalum (A.Gray) Meyrat,Argyroxiphium,sandwicense_macrocephalum,-156.266705,20.768069,USA,Hawaii,Maui,50c9509d-22c7-4a22-a47d-8c48425ef4a7,2165812500
Argyroxiphium sandwicense subsp. macrocephalum (A.Gray) Meyrat,Argyroxiphium,sandwicense_macrocephalum,-156.189126,20.737319,USA,Hawaii,Maui,50c9509d-22c7-4a22-a47d-8c48425ef4a7,2165812500
Argyroxiphium sandwicense subsp. macrocephalum (A.Gray) Meyrat,Argyroxiphium,sandwicense_macrocephalum,-156.213358,20.683194,USA,Hawaii,Maui,50c9509d-22c7-4a22-a47d-8c48425ef4a7,2165812500
Argyroxiphium sandwicense subsp. macrocephalum (A.Gray) Meyrat,Argyroxiphium,sandwicense_macrocephalum,-156.210429,20.694502,USA,Hawaii,Maui,50c9509d-22c7-4a22-a47d-8c48425ef4a7,2165812500
Argyroxiphium sandwicense subsp. macrocephalum (A.Gray) Meyrat,Argyroxiphium,sandwicense_macrocephalum,-156.204774,20.646093,USA,Hawaii,Maui,50c9509d-22c7-4a22-a47d-8c48425ef4a7,2165812500
Argyroxiphium sandwicense subsp. macrocephalum (A.Gray) Meyrat,Argyroxiphium,sandwicense_macrocephalum,-156.16986,20.708545,USA,Hawaii,Maui,50c9509d-22c7-4a22-a47d-8c48425ef4a7,2165812500
Argyroxiphium sandwicense subsp. macrocephalum (A.Gray) Meyrat,Argyroxiphium,sandwicense_macrocephalum,-156.273355,20.763424,USA,Hawaii,Maui,50c9509d-22c7-4a22-a47d-8c48425ef4a7,2165812500
Argyroxiphium sandwicense subsp. macrocephalum (A.Gray) Meyrat,Argyroxiphium,sandwicense_macrocephalum,-156.341126,20.714842,USA,Hawaii,Maui,50c9509d-22c7-4a22-a47d-8c48425ef4a7,2165812500
Argyroxiphium sandwicense subsp. macrocephalum (A.Gray) Meyrat,Argyroxiphium,sandwicense_macrocephalum,-156.2805,20.652408,USA,Hawaii,Maui,50c9509d-22c7-4a22-a47d-8c48425ef4a7,2165812500
Argyroxiphium sandwicense subsp. macrocephalum (A.Gray) Meyrat,Argyroxiphium,sandwicense_macrocephalum,-156.384925,20.79989,USA,Hawaii,Maui,50c9509d-22c7-4a22-a47d-8c48425ef4a7,2165812500
Argyroxiphium sandwicense subsp. macrocephalum (A.Gray) Meyrat,Argyroxiphium,sandwicense_macrocephalum,-156.24428,20.759562,USA,Hawaii,Maui,50c9509d-22c7-4a22-a47d-8c48425ef4a7,2165812500
Argyroxiphium sandwicense subsp. macrocephalum (A.Gray) Meyrat,Argyroxiphium,sandwicense_macrocephalum,-156.257174,20.746994,USA,Hawaii,Maui,50c9509d-22c7-4a22-a47d-8c48425ef4a7,2165812500
Argyroxiphium sandwicense subsp. macrocephalum (A.Gray) Meyrat,Argyroxiphium,sandwicense_macrocephalum,-156.346149,20.70321,USA,Hawaii,Maui,50c9509d-22c7-4a22-a47d-8c48425ef4a7,2165812500
Argyroxiphium sandwicense subsp. macrocephalum (A.Gray) Meyrat,Argyroxiphium,sandwicense_macrocephalum,-156.2,20.7,USA,Hawaii,Maui,07fd0d79-4883-435f-bba1-58fef110cd13,2165812500
Argyroxiphium sandwicense subsp. sandwicense,Argyroxiphium,sandwicense_sandwicense,-155.458269,19.720572,USA,Hawaii,NA,50c9509d-22c7-4a22-a47d-8c48425ef4a7,11824312500
Argyroxiphium sandwicense subsp. sandwicense,Argyroxiphium,sandwicense_sandwicense,-155.428564,19.683574,USA,Hawaii,NA,50c9509d-22c7-4a22-a47d-8c48425ef4a7,11824312500
Argyroxiphium sandwicense subsp. sandwicense,Argyroxiphium,sandwicense_sandwicense,-155.454953,19.791526,USA,Hawaii,NA,50c9509d-22c7-4a22-a47d-8c48425ef4a7,11824312500
Argyroxiphium sandwicense subsp. sandwicense,Argyroxiphium,sandwicense_sandwicense,-155.473167,19.824655,USA,Hawaii,NA,50c9509d-22c7-4a22-a47d-8c48425ef4a7,11824312500
Argyroxiphium sandwicense subsp. sandwicense,Argyroxiphium,sandwicense_sandwicense,-155.454718,19.651735,USA,Hawaii,NA,50c9509d-22c7-4a22-a47d-8c48425ef4a7,11824312500
Argyroxiphium sandwicense subsp. sandwicense,Argyroxiphium,sandwicense_sandwicense,-155.538811,19.783074,USA,Hawaii,NA,50c9509d-22c7-4a22-a47d-8c48425ef4a7,11824312500
Argyroxiphium sandwicense subsp. sandwicense,Argyroxiphium,sandwicense_sandwicense,-155.474742,19.785705,USA,Hawaii,NA,50c9509d-22c7-4a22-a47d-8c48425ef4a7,11824312500
Argyroxiphium sandwicense subsp. sandwicense,Argyroxiphium,sandwicense_sandwicense,-155.448963,19.911055,USA,Hawaii,NA,50c9509d-22c7-4a22-a47d-8c48425ef4a7,11824312500
Argyroxiphium sandwicense subsp. sandwicense,Argyroxiphium,sandwicense_sandwicense,-155.58266,19.977831,USA,Hawaii,NA,50c9509d-22c7-4a22-a47d-8c48425ef4a7,11824312500
Argyroxiphium sandwicense subsp. sandwicense,Argyroxiphium,sandwicense_sandwicense,-155.492,19.814022,USA,Hawaii,NA,50c9509d-22c7-4a22-a47d-8c48425ef4a7,11824312500
Argyroxiphium sandwicense subsp. sandwicense,Argyroxiphium,sandwicense_sandwicense,-155.415903,19.839786,USA,Hawaii,NA,50c9509d-22c7-4a22-a47d-8c48425ef4a7,11824312500
Argyroxiphium sandwicense subsp. sandwicense,Argyroxiphium,sandwicense_sandwicense,-155.582825,19.616247,USA,Hawaii,NA,50c9509d-22c7-4a22-a47d-8c48425ef4a7,11824312500
Argyroxiphium sandwicense subsp. sandwicense,Argyroxiphium,sandwicense_sandwicense,-155.467293,19.622675,USA,Hawaii,NA,50c9509d-22c7-4a22-a47d-8c48425ef4a7,11824312500
Argyroxiphium sandwicense subsp. sandwicense,Argyroxiphium,sandwicense_sandwicense,-155.468454,19.83984,USA,Hawaii,NA,50c9509d-22c7-4a22-a47d-8c48425ef4a7,11824312500
Argyroxiphium sandwicense subsp. sandwicense,Argyroxiphium,sandwicense_sandwicense,-155.46772,19.764264,USA,Hawaii,NA,50c9509d-22c7-4a22-a47d-8c48425ef4a7,11824312500
Argyroxiphium sandwicense subsp. sandwicense,Argyroxiphium,sandwicense_sandwicense,-155.448752,19.833364,USA,Hawaii,NA,50c9509d-22c7-4a22-a47d-8c48425ef4a7,11824312500
Argyroxiphium sandwicense subsp. sandwicense,Argyroxiphium,sandwicense_sandwicense,-155.410691,19.735687,USA,Hawaii,NA,50c9509d-22c7-4a22-a47d-8c48425ef4a7,11824312500
Argyroxiphium sandwicense subsp. sandwicense,Argyroxiphium,sandwicense_sandwicense,-155.472548,19.767979,USA,Hawaii,NA,50c9509d-22c7-4a22-a47d-8c48425ef4a7,11824312500
Argyroxiphium sandwicense subsp. sandwicense,Argyroxiphium,sandwicense_sandwicense,-155.466171,19.718353,USA,Hawaii,NA,50c9509d-22c7-4a22-a47d-8c48425ef4a7,11824312500
Argyroxiphium sandwicense subsp. sandwicense,Argyroxiphium,sandwicense_sandwicense,-155.512777,19.76588,USA,Hawaii,NA,50c9509d-22c7-4a22-a47d-8c48425ef4a7,11824312500
Argyroxiphium sandwicense subsp. sandwicense,Argyroxiphium,sandwicense_sandwicense,-155.443307,19.960917,USA,Hawaii,NA,50c9509d-22c7-4a22-a47d-8c48425ef4a7,11824312500
Argyroxiphium sandwicense subsp. sandwicense,Argyroxiphium,sandwicense_sandwicense,-155.322926,19.975667,USA,Hawaii,NA,50c9509d-22c7-4a22-a47d-8c48425ef4a7,11824312500
Argyroxiphium sandwicense subsp. sandwicense,Argyroxiphium,sandwicense_sandwicense,-155.548106,19.667883,USA,Hawaii,NA,50c9509d-22c7-4a22-a47d-8c48425ef4a7,11824312500
Argyroxiphium sandwicense subsp. sandwicense,Argyroxiphium,sandwicense_sandwicense,-155.546456,19.646984,USA,Hawaii,NA,50c9509d-22c7-4a22-a47d-8c48425ef4a7,11824312500
Argyroxiphium sandwicense subsp. sandwicense,Argyroxiphium,sandwicense_sandwicense,-155.442979,19.661702,USA,Hawaii,NA,50c9509d-22c7-4a22-a47d-8c48425ef4a7,11824312500
Argyroxiphium sandwicense subsp. sandwicense,Argyroxiphium,sandwicense_sandwicense,-155.449408,19.653514,USA,Hawaii,NA,50c9509d-22c7-4a22-a47d-8c48425ef4a7,11824312500
Argyroxiphium sandwicense subsp. sandwicense,Argyroxiphium,sandwicense_sandwicense,-155.488364,19.740209,USA,Hawaii,NA,50c9509d-22c7-4a22-a47d-8c48425ef4a7,11824312500
Argyroxiphium sandwicense subsp. sandwicense,Argyroxiphium,sandwicense_sandwicense,-155.442127,19.727439,USA,Hawaii,NA,50c9509d-22c7-4a22-a47d-8c48425ef4a7,11824312500
Argyroxiphium sandwicense subsp. sandwicense,Argyroxiphium,sandwicense_sandwicense,-155.50777,19.998414,USA,Hawaii,NA,50c9509d-22c7-4a22-a47d-8c48425ef4a7,11824312500
Argyroxiphium sandwicense subsp. sandwicense,Argyroxiphium,sandwicense_sandwicense,-155.541525,19.938864,USA,Hawaii,NA,50c9509d-22c7-4a22-a47d-8c48425ef4a7,11824312500
Argyroxiphium sandwicense subsp. sandwicense,Argyroxiphium,sandwicense_sandwicense,-155.42145,19.969561,USA,Hawaii,NA,50c9509d-22c7-4a22-a47d-8c48425ef4a7,11824312500
Argyroxiphium sandwicense subsp. sandwicense,Argyroxiphium,sandwicense_sandwicense,-155.488248,19.780599,USA,Hawaii,NA,50c9509d-22c7-4a22-a47d-8c48425ef4a7,11824312500
Argyroxiphium sandwicense subsp. sandwicense,Argyroxiphium,sandwicense_sandwicense,-155.400682,19.724028,USA,Hawaii,NA,50c9509d-22c7-4a22-a47d-8c48425ef4a7,11824312500
Argyroxiphium sandwicense subsp. sandwicense,Argyroxiphium,sandwicense_sandwicense,-155.536138,19.685111,USA,Hawaii,NA,50c9509d-22c7-4a22-a47d-8c48425ef4a7,11824312500
Argyroxiphium sandwicense subsp. sandwicense,Argyroxiphium,sandwicense_sandwicense,-155.579802,19.664638,USA,Hawaii,NA,50c9509d-22c7-4a22-a47d-8c48425ef4a7,11824312500
Argyroxiphium sandwicense subsp. sandwicense,Argyroxiphium,sandwicense_sandwicense,-155.471404,19.734524,USA,Hawaii,NA,50c9509d-22c7-4a22-a47d-8c48425ef4a7,11824312500
Argyroxiphium sandwicense subsp. sandwicense,Argyroxiphium,sandwicense_sandwicense,-156.320536,20.642675,USA,Hawaii,Maui,50c9509d-22c7-4a22-a47d-8c48425ef4a7,2165812500
Argyroxiphium sandwicense subsp. sandwicense,Argyroxiphium,sandwicense_sandwicense,-155.406269,19.777842,USA,Hawaii,NA,50c9509d-22c7-4a22-a47d-8c48425ef4a7,11824312500
Argyroxiphium sandwicense subsp. sandwicense,Argyroxiphium,sandwicense_sandwicense,-155.550635,19.689817,USA,Hawaii,NA,50c9509d-22c7-4a22-a47d-8c48425ef4a7,11824312500
Argyroxiphium sandwicense subsp. sandwicense,Argyroxiphium,sandwicense_sandwicense,-155.470575,19.623098,USA,Hawaii,NA,50c9509d-22c7-4a22-a47d-8c48425ef4a7,11824312500
Argyroxiphium sandwicense subsp. sandwicense,Argyroxiphium,sandwicense_sandwicense,-155.562846,19.640479,USA,Hawaii,NA,50c9509d-22c7-4a22-a47d-8c48425ef4a7,11824312500
Argyroxiphium sandwicense subsp. sandwicense,Argyroxiphium,sandwicense_sandwicense,-155.44416,19.757165,USA,Hawaii,NA,50c9509d-22c7-4a22-a47d-8c48425ef4a7,11824312500
Argyroxiphium sandwicense subsp. sandwicense,Argyroxiphium,sandwicense_sandwicense,-155.584516,19.711912,USA,Hawaii,NA,50c9509d-22c7-4a22-a47d-8c48425ef4a7,11824312500
Argyroxiphium sandwicense subsp. sandwicense,Argyroxiphium,sandwicense_sandwicense,-155.484562,19.722527,USA,Hawaii,NA,50c9509d-22c7-4a22-a47d-8c48425ef4a7,11824312500
Argyroxiphium sandwicense subsp. sandwicense,Argyroxiphium,sandwicense_sandwicense,-155.452098,19.669312,USA,Hawaii,NA,50c9509d-22c7-4a22-a47d-8c48425ef4a7,11824312500
Argyroxiphium sandwicense subsp. sandwicense,Argyroxiphium,sandwicense_sandwicense,-155.535962,19.707563,USA,Hawaii,NA,50c9509d-22c7-4a22-a47d-8c48425ef4a7,11824312500
Argyroxiphium sandwicense subsp. sandwicense,Argyroxiphium,sandwicense_sandwicense,-155.598816,19.72108,USA,Hawaii,NA,50c9509d-22c7-4a22-a47d-8c48425ef4a7,11824312500
Argyroxiphium sandwicense subsp. sandwicense,Argyroxiphium,sandwicense_sandwicense,-155.531895,19.652072,USA,Hawaii,NA,50c9509d-22c7-4a22-a47d-8c48425ef4a7,11824312500
Argyroxiphium sandwicense subsp. sandwicense,Argyroxiphium,sandwicense_sandwicense,-155.489429,19.744266,USA,Hawaii,NA,50c9509d-22c7-4a22-a47d-8c48425ef4a7,11824312500
Argyroxiphium sandwicense subsp. sandwicense,Argyroxiphium,sandwicense_sandwicense,-155.499298,19.610936,USA,Hawaii,NA,50c9509d-22c7-4a22-a47d-8c48425ef4a7,11824312500
Argyroxiphium sandwicense subsp. sandwicense,Argyroxiphium,sandwicense_sandwicense,-155.52941,19.641129,USA,Hawaii,NA,50c9509d-22c7-4a22-a47d-8c48425ef4a7,11824312500
Argyroxiphium sandwicense subsp. sandwicense,Argyroxiphium,sandwicense_sandwicense,-155.463561,19.610924,USA,Hawaii,NA,50c9509d-22c7-4a22-a47d-8c48425ef4a7,11824312500
Argyroxiphium sandwicense subsp. sandwicense,Argyroxiphium,sandwicense_sandwicense,-155.497173,19.713682,USA,Hawaii,NA,50c9509d-22c7-4a22-a47d-8c48425ef4a7,11824312500
Argyroxiphium sandwicense subsp. sandwicense,Argyroxiphium,sandwicense_sandwicense,-155.557495,19.867723,USA,Hawaii,NA,50c9509d-22c7-4a22-a47d-8c48425ef4a7,11824312500
Argyroxiphium sandwicense subsp. sandwicense,Argyroxiphium,sandwicense_sandwicense,-155.513793,19.794564,USA,Hawaii,NA,50c9509d-22c7-4a22-a47d-8c48425ef4a7,11824312500
Argyroxiphium sandwicense subsp. sandwicense,Argyroxiphium,sandwicense_sandwicense,-155.444755,19.714142,USA,Hawaii,NA,50c9509d-22c7-4a22-a47d-8c48425ef4a7,11824312500
Argyroxiphium sandwicense subsp. sandwicense,Argyroxiphium,sandwicense_sandwicense,-155.450543,19.664669,USA,Hawaii,NA,50c9509d-22c7-4a22-a47d-8c48425ef4a7,11824312500
Argyroxiphium sandwicense subsp. sandwicense,Argyroxiphium,sandwicense_sandwicense,-155.447725,19.806408,USA,Hawaii,NA,50c9509d-22c7-4a22-a47d-8c48425ef4a7,11824312500
Argyroxiphium sandwicense subsp. sandwicense,Argyroxiphium,sandwicense_sandwicense,-155.485452,19.763623,USA,Hawaii,NA,50c9509d-22c7-4a22-a47d-8c48425ef4a7,11824312500
Argyroxiphium sandwicense subsp. sandwicense,Argyroxiphium,sandwicense_sandwicense,-155.464272,19.772947,USA,Hawaii,NA,50c9509d-22c7-4a22-a47d-8c48425ef4a7,11824312500
Argyroxiphium sandwicense subsp. sandwicense,Argyroxiphium,sandwicense_sandwicense,-155.538626,19.71958,USA,Hawaii,NA,50c9509d-22c7-4a22-a47d-8c48425ef4a7,11824312500
Argyroxiphium sandwicense subsp. sandwicense,Argyroxiphium,sandwicense_sandwicense,-155.407734,19.756165,USA,Hawaii,NA,50c9509d-22c7-4a22-a47d-8c48425ef4a7,11824312500
Argyroxiphium sandwicense subsp. sandwicense,Argyroxiphium,sandwicense_sandwicense,-155.419381,19.748927,USA,Hawaii,NA,50c9509d-22c7-4a22-a47d-8c48425ef4a7,11824312500
Argyroxiphium sandwicense subsp. sandwicense,Argyroxiphium,sandwicense_sandwicense,-155.435397,19.7247,USA,Hawaii,NA,50c9509d-22c7-4a22-a47d-8c48425ef4a7,11824312500
Argyroxiphium sandwicense subsp. sandwicense,Argyroxiphium,sandwicense_sandwicense,-155.474462,19.780729,USA,Hawaii,NA,50c9509d-22c7-4a22-a47d-8c48425ef4a7,11824312500
Argyroxiphium sandwicense subsp. sandwicense,Argyroxiphium,sandwicense_sandwicense,-155.521081,19.975146,USA,Hawaii,NA,50c9509d-22c7-4a22-a47d-8c48425ef4a7,11824312500
Argyroxiphium sandwicense subsp. sandwicense,Argyroxiphium,sandwicense_sandwicense,-155.534959,19.691393,USA,Hawaii,NA,50c9509d-22c7-4a22-a47d-8c48425ef4a7,11824312500
Argyroxiphium sandwicense subsp. sandwicense,Argyroxiphium,sandwicense_sandwicense,-155.483666,19.699803,USA,Hawaii,NA,50c9509d-22c7-4a22-a47d-8c48425ef4a7,11824312500
Argyroxiphium sandwicense subsp. sandwicense,Argyroxiphium,sandwicense_sandwicense,-155.446531,19.745372,USA,Hawaii,NA,50c9509d-22c7-4a22-a47d-8c48425ef4a7,11824312500
Argyroxiphium sandwicense subsp. sandwicense,Argyroxiphium,sandwicense_sandwicense,-155.514267,19.656296,USA,Hawaii,NA,50c9509d-22c7-4a22-a47d-8c48425ef4a7,11824312500
Argyroxiphium sandwicense subsp. sandwicense,Argyroxiphium,sandwicense_sandwicense,-155.432972,19.749188,USA,Hawaii,NA,50c9509d-22c7-4a22-a47d-8c48425ef4a7,11824312500
Argyroxiphium sandwicense subsp. sandwicense,Argyroxiphium,sandwicense_sandwicense,-155.480431,19.763555,USA,Hawaii,NA,50c9509d-22c7-4a22-a47d-8c48425ef4a7,11824312500
Argyroxiphium sandwicense subsp. sandwicense,Argyroxiphium,sandwicense_sandwicense,-155.497568,19.790312,USA,Hawaii,NA,50c9509d-22c7-4a22-a47d-8c48425ef4a7,11824312500
Argyroxiphium sandwicense subsp. sandwicense,Argyroxiphium,sandwicense_sandwicense,-155.522746,19.606719,USA,Hawaii,NA,50c9509d-22c7-4a22-a47d-8c48425ef4a7,11824312500
Argyroxiphium sandwicense subsp. sandwicense,Argyroxiphium,sandwicense_sandwicense,-155.577059,19.619121,USA,Hawaii,NA,50c9509d-22c7-4a22-a47d-8c48425ef4a7,11824312500
Argyroxiphium sandwicense subsp. sandwicense,Argyroxiphium,sandwicense_sandwicense,-155.459828,19.603632,USA,Hawaii,NA,50c9509d-22c7-4a22-a47d-8c48425ef4a7,11824312500
Argyroxiphium sandwicense subsp. sandwicense,Argyroxiphium,sandwicense_sandwicense,-155.420093,19.768985,USA,Hawaii,NA,50c9509d-22c7-4a22-a47d-8c48425ef4a7,11824312500
Argyroxiphium sandwicense subsp. sandwicense,Argyroxiphium,sandwicense_sandwicense,-155.499735,19.796085,USA,Hawaii,NA,50c9509d-22c7-4a22-a47d-8c48425ef4a7,11824312500
Argyroxiphium sandwicense subsp. sandwicense,Argyroxiphium,sandwicense_sandwicense,-155.522516,19.678427,USA,Hawaii,NA,50c9509d-22c7-4a22-a47d-8c48425ef4a7,11824312500
Argyroxiphium sandwicense subsp. sandwicense,Argyroxiphium,sandwicense_sandwicense,-155.436899,19.747533,USA,Hawaii,NA,50c9509d-22c7-4a22-a47d-8c48425ef4a7,11824312500
Argyroxiphium sandwicense subsp. sandwicense,Argyroxiphium,sandwicense_sandwicense,-155.442695,19.77419,USA,Hawaii,NA,50c9509d-22c7-4a22-a47d-8c48425ef4a7,11824312500
Argyroxiphium sandwicense subsp. sandwicense,Argyroxiphium,sandwicense_sandwicense,-155.419,19.7783,USA,Hawaii,NA,26098c25-8f7f-4c71-97ac-1d3db181c65e,11824312500
Argyroxiphium sandwicense subsp. sandwicense,Argyroxiphium,sandwicense_sandwicense,-155.419,19.7783,USA,Hawaii,NA,26098c25-8f7f-4c71-97ac-1d3db181c65e,11824312500
Argyroxiphium sandwicense subsp. sandwicense,Argyroxiphium,sandwicense_sandwicense,-155.419,19.7783,USA,Hawaii,NA,26098c25-8f7f-4c71-97ac-1d3db181c65e,11824312500
Argyroxiphium sandwicense subsp. sandwicense,Argyroxiphium,sandwicense_sandwicense,-155.419,19.7783,USA,Hawaii,NA,26098c25-8f7f-4c71-97ac-1d3db181c65e,11824312500
Argyroxiphium sandwicense subsp. sandwicense,Argyroxiphium,sandwicense_sandwicense,-155.42,19.78,USA,Hawaii,NA,d8cd16ba-bb74-4420-821e-083f2bac17c2,11824312500
Argyroxiphium sandwicense subsp. sandwicense,Argyroxiphium,sandwicense_sandwicense,-155.42,19.78,USA,Hawaii,NA,d8cd16ba-bb74-4420-821e-083f2bac17c2,11824312500
Argyroxiphium sandwicense subsp. sandwicense,Argyroxiphium,sandwicense_sandwicense,-155.596442,19.724329,USA,Hawaii,NA,50c9509d-22c7-4a22-a47d-8c48425ef4a7,11824312500
Argyroxiphium sandwicense subsp. sandwicense,Argyroxiphium,sandwicense_sandwicense,-155.423616,19.712014,USA,Hawaii,NA,50c9509d-22c7-4a22-a47d-8c48425ef4a7,11824312500
Argyroxiphium sandwicense subsp. sandwicense,Argyroxiphium,sandwicense_sandwicense,-155.407819,19.70834,USA,Hawaii,NA,50c9509d-22c7-4a22-a47d-8c48425ef4a7,11824312500
Argyroxiphium sandwicense subsp. sandwicense,Argyroxiphium,sandwicense_sandwicense,-155.540294,19.741435,USA,Hawaii,NA,50c9509d-22c7-4a22-a47d-8c48425ef4a7,11824312500
Argyroxiphium sandwicense subsp. sandwicense,Argyroxiphium,sandwicense_sandwicense,-155.449485,19.663188,USA,Hawaii,NA,50c9509d-22c7-4a22-a47d-8c48425ef4a7,11824312500
Argyroxiphium sandwicense subsp. sandwicense,Argyroxiphium,sandwicense_sandwicense,-155.551373,19.773854,USA,Hawaii,NA,50c9509d-22c7-4a22-a47d-8c48425ef4a7,11824312500
Argyroxiphium sandwicense subsp. sandwicense,Argyroxiphium,sandwicense_sandwicense,-155.459065,19.677041,USA,Hawaii,NA,50c9509d-22c7-4a22-a47d-8c48425ef4a7,11824312500
Argyroxiphium sandwicense subsp. sandwicense,Argyroxiphium,sandwicense_sandwicense,-155.476307,19.772754,USA,Hawaii,NA,50c9509d-22c7-4a22-a47d-8c48425ef4a7,11824312500
Argyroxiphium sandwicense subsp. sandwicense,Argyroxiphium,sandwicense_sandwicense,-155.584777,19.74458,USA,Hawaii,NA,50c9509d-22c7-4a22-a47d-8c48425ef4a7,11824312500
Argyroxiphium sandwicense subsp. sandwicense,Argyroxiphium,sandwicense_sandwicense,-155.489662,19.711497,USA,Hawaii,NA,50c9509d-22c7-4a22-a47d-8c48425ef4a7,11824312500
Argyroxiphium sandwicense subsp. sandwicense,Argyroxiphium,sandwicense_sandwicense,-155.468227,19.62853,USA,Hawaii,NA,50c9509d-22c7-4a22-a47d-8c48425ef4a7,11824312500
Argyroxiphium sandwicense subsp. sandwicense,Argyroxiphium,sandwicense_sandwicense,-155.571123,19.672637,USA,Hawaii,NA,50c9509d-22c7-4a22-a47d-8c48425ef4a7,11824312500
Argyroxiphium sandwicense subsp. sandwicense,Argyroxiphium,sandwicense_sandwicense,-155.575247,19.751463,USA,Hawaii,NA,50c9509d-22c7-4a22-a47d-8c48425ef4a7,11824312500
Argyroxiphium sandwicense subsp. sandwicense,Argyroxiphium,sandwicense_sandwicense,-155.515136,19.634624,USA,Hawaii,NA,50c9509d-22c7-4a22-a47d-8c48425ef4a7,11824312500
Argyroxiphium sandwicense subsp. sandwicense,Argyroxiphium,sandwicense_sandwicense,-155.46127,19.741175,USA,Hawaii,NA,50c9509d-22c7-4a22-a47d-8c48425ef4a7,11824312500
Argyroxiphium sandwicense subsp. sandwicense,Argyroxiphium,sandwicense_sandwicense,-155.419778,19.628515,USA,Hawaii,NA,50c9509d-22c7-4a22-a47d-8c48425ef4a7,11824312500
Argyroxiphium sandwicense subsp. sandwicense,Argyroxiphium,sandwicense_sandwicense,-155.471145,19.620519,USA,Hawaii,NA,50c9509d-22c7-4a22-a47d-8c48425ef4a7,11824312500
Argyroxiphium sandwicense subsp. sandwicense,Argyroxiphium,sandwicense_sandwicense,-155.469902,19.707637,USA,Hawaii,NA,50c9509d-22c7-4a22-a47d-8c48425ef4a7,11824312500
Argyroxiphium sandwicense subsp. sandwicense,Argyroxiphium,sandwicense_sandwicense,-155.575871,19.845953,USA,Hawaii,NA,50c9509d-22c7-4a22-a47d-8c48425ef4a7,11824312500
Argyroxiphium sandwicense subsp. sandwicense,Argyroxiphium,sandwicense_sandwicense,-155.599852,19.822193,USA,Hawaii,NA,50c9509d-22c7-4a22-a47d-8c48425ef4a7,11824312500
Argyroxiphium sandwicense subsp. sandwicense,Argyroxiphium,sandwicense_sandwicense,-155.526153,19.815854,USA,Hawaii,NA,50c9509d-22c7-4a22-a47d-8c48425ef4a7,11824312500
Argyroxiphium sandwicense subsp. sandwicense,Argyroxiphium,sandwicense_sandwicense,-155.548692,19.659659,USA,Hawaii,NA,50c9509d-22c7-4a22-a47d-8c48425ef4a7,11824312500
Argyroxiphium virescens Hillebr.,Argyroxiphium,forbesii,-156.15467,20.69105,USA,Hawaii,Maui,90c853e6-56bd-480b-8e8f-6285c3f8d42b,2165812500
Dubautia ×media Sherff,Dubautia,mendax,-159.65897,21.962641,USA,Hawaii,Kauai,90c853e6-56bd-480b-8e8f-6285c3f8d42b,1683250000
Dubautia ×media Sherff,Dubautia,mendax,-159.617508,22.197869,USA,Hawaii,Kauai,d415c253-4d61-4459-9d25-4015b9084fb0,1683250000
Dubautia arborea (A.Gray) D.D.Keck,Dubautia,arborea,-155.529867,19.890911,USA,Hawaii,NA,50c9509d-22c7-4a22-a47d-8c48425ef4a7,11824312500
Dubautia arborea (A.Gray) D.D.Keck,Dubautia,arborea,-155.443272,19.90876,USA,Hawaii,NA,50c9509d-22c7-4a22-a47d-8c48425ef4a7,11824312500
Dubautia arborea (A.Gray) D.D.Keck,Dubautia,arborea,-155.491645,19.782002,USA,Hawaii,NA,50c9509d-22c7-4a22-a47d-8c48425ef4a7,11824312500
Dubautia arborea (A.Gray) D.D.Keck,Dubautia,arborea,-155.455322,19.860997,USA,Hawaii,NA,50c9509d-22c7-4a22-a47d-8c48425ef4a7,11824312500
Dubautia arborea (A.Gray) D.D.Keck,Dubautia,arborea,-155.403333,19.751674,USA,Hawaii,NA,50c9509d-22c7-4a22-a47d-8c48425ef4a7,11824312500
Dubautia arborea (A.Gray) D.D.Keck,Dubautia,arborea,-155.541971,19.881054,USA,Hawaii,NA,50c9509d-22c7-4a22-a47d-8c48425ef4a7,11824312500
Dubautia arborea (A.Gray) D.D.Keck,Dubautia,arborea,-155.560157,19.842158,USA,Hawaii,NA,50c9509d-22c7-4a22-a47d-8c48425ef4a7,11824312500
Dubautia arborea (A.Gray) D.D.Keck,Dubautia,arborea,-155.216,19.3654,USA,Hawaii,NA,26098c25-8f7f-4c71-97ac-1d3db181c65e,11824312500
Dubautia arborea (A.Gray) D.D.Keck,Dubautia,arborea,-155.216,19.3654,USA,Hawaii,NA,26098c25-8f7f-4c71-97ac-1d3db181c65e,11824312500
Dubautia arborea (A.Gray) D.D.Keck,Dubautia,arborea,-155.216,19.3654,USA,Hawaii,NA,26098c25-8f7f-4c71-97ac-1d3db181c65e,11824312500
Dubautia arborea (A.Gray) D.D.Keck,Dubautia,arborea,-155.216,19.3654,USA,Hawaii,NA,26098c25-8f7f-4c71-97ac-1d3db181c65e,11824312500
Dubautia arborea (A.Gray) D.D.Keck,Dubautia,arborea,-155.22,19.37,USA,Hawaii,NA,d8cd16ba-bb74-4420-821e-083f2bac17c2,11824312500
Dubautia arborea (A.Gray) D.D.Keck,Dubautia,arborea,-155.22,19.37,USA,Hawaii,NA,d8cd16ba-bb74-4420-821e-083f2bac17c2,11824312500
Dubautia arborea (A.Gray) D.D.Keck,Dubautia,arborea,-155.349344,19.841763,USA,Hawaii,NA,50c9509d-22c7-4a22-a47d-8c48425ef4a7,11824312500
Dubautia arborea (A.Gray) D.D.Keck,Dubautia,arborea,-155.360242,19.827806,USA,Hawaii,NA,50c9509d-22c7-4a22-a47d-8c48425ef4a7,11824312500
Dubautia arborea (A.Gray) D.D.Keck,Dubautia,arborea,-155.43997,19.865091,USA,Hawaii,NA,50c9509d-22c7-4a22-a47d-8c48425ef4a7,11824312500
Dubautia arborea (A.Gray) D.D.Keck,Dubautia,arborea,-155.397,19.808,USA,Hawaii,NA,b929f23d-290f-4e85-8f17-764c55b3b284,11824312500
Dubautia arborea (A.Gray) D.D.Keck,Dubautia,arborea,-155.4,19.8,USA,Hawaii,NA,b929f23d-290f-4e85-8f17-764c55b3b284,11824312500
Dubautia arborea (A.Gray) D.D.Keck,Dubautia,arborea,-155.4,19.8,USA,Hawaii,NA,b929f23d-290f-4e85-8f17-764c55b3b284,11824312500
Dubautia arborea (A.Gray) D.D.Keck,Dubautia,arborea,-155.6,19.7833,USA,Hawaii,NA,b929f23d-290f-4e85-8f17-764c55b3b284,11824312500
Dubautia arborea (A.Gray) D.D.Keck,Dubautia,arborea,-155.6,19.7833,USA,Hawaii,NA,b929f23d-290f-4e85-8f17-764c55b3b284,11824312500
Dubautia arborea (A.Gray) D.D.Keck,Dubautia,arborea,-155.6,19.7833,USA,Hawaii,NA,821cc27a-e3bb-4bc5-ac34-89ada245069d,11824312500
Dubautia arborea (A.Gray) D.D.Keck,Dubautia,arborea,-155.717,19.7833,USA,Hawaii,NA,b929f23d-290f-4e85-8f17-764c55b3b284,11824312500
Dubautia arborea (A.Gray) D.D.Keck,Dubautia,arborea,-155.717,19.7833,USA,Hawaii,NA,b929f23d-290f-4e85-8f17-764c55b3b284,11824312500
Dubautia arborea (A.Gray) D.D.Keck,Dubautia,arborea,-155.383,19.7833,USA,Hawaii,NA,b929f23d-290f-4e85-8f17-764c55b3b284,11824312500
Dubautia arborea (A.Gray) D.D.Keck,Dubautia,arborea,-155.467,19.8,USA,Hawaii,NA,b929f23d-290f-4e85-8f17-764c55b3b284,11824312500
Dubautia arborea (A.Gray) D.D.Keck,Dubautia,arborea,-155.467,19.8,USA,Hawaii,NA,b929f23d-290f-4e85-8f17-764c55b3b284,11824312500
Dubautia carrii B.G.Baldwin & Friar,Dubautia,carrii,-156.915833,21.113611,USA,Hawaii,Molokai,861e6afe-f762-11e1-a439-00145eb45e9a,780312500
Dubautia carrii B.G.Baldwin & Friar,Dubautia,carrii,-156.928889,21.111889,USA,Hawaii,Molokai,861e6afe-f762-11e1-a439-00145eb45e9a,780312500
Dubautia carrii B.G.Baldwin & Friar,Dubautia,carrii,-156.916,21.1136,USA,Hawaii,Molokai,b929f23d-290f-4e85-8f17-764c55b3b284,780312500
Dubautia carrii B.G.Baldwin & Friar,Dubautia,carrii,-156.919444,21.119361,USA,Hawaii,Molokai,861e6afe-f762-11e1-a439-00145eb45e9a,780312500
Dubautia carrii B.G.Baldwin & Friar,Dubautia,carrii,-156.919,21.1194,USA,Hawaii,Molokai,b929f23d-290f-4e85-8f17-764c55b3b284,780312500
Dubautia carrii B.G.Baldwin & Friar,Dubautia,carrii,-156.919,21.1194,USA,Hawaii,Molokai,821cc27a-e3bb-4bc5-ac34-89ada245069d,780312500
Dubautia carrii B.G.Baldwin & Friar,Dubautia,carrii,-156.902,21.1023,USA,Hawaii,Molokai,821cc27a-e3bb-4bc5-ac34-89ada245069d,780312500
Dubautia carrii B.G.Baldwin & Friar,Dubautia,carrii,-156.929,21.1119,USA,Hawaii,Molokai,821cc27a-e3bb-4bc5-ac34-89ada245069d,780312500
Dubautia carrii B.G.Baldwin & Friar,Dubautia,carrii,-156.919444,21.119361,USA,Hawaii,Molokai,7bd65a7a-f762-11e1-a439-00145eb45e9a,780312500
Dubautia carrii B.G.Baldwin & Friar,Dubautia,carrii,-156.901694,21.102306,USA,Hawaii,Molokai,7bd65a7a-f762-11e1-a439-00145eb45e9a,780312500
Dubautia carrii B.G.Baldwin & Friar,Dubautia,carrii,-156.915833,21.113611,USA,Hawaii,Molokai,7bd65a7a-f762-11e1-a439-00145eb45e9a,780312500
Dubautia carrii B.G.Baldwin & Friar,Dubautia,carrii,-156.87,21.0938,USA,Hawaii,Molokai,821cc27a-e3bb-4bc5-ac34-89ada245069d,780312500
Dubautia carrii B.G.Baldwin & Friar,Dubautia,carrii,-156.928889,21.111889,USA,Hawaii,Molokai,7bd65a7a-f762-11e1-a439-00145eb45e9a,780312500
Dubautia carrii B.G.Baldwin & Friar,Dubautia,carrii,-156.2,20.78,USA,Hawaii,Maui,821cc27a-e3bb-4bc5-ac34-89ada245069d,2165812500
Dubautia carrii B.G.Baldwin & Friar,Dubautia,carrii,-156.9,21.1,USA,Hawaii,Molokai,b929f23d-290f-4e85-8f17-764c55b3b284,780312500
Dubautia carrii B.G.Baldwin & Friar,Dubautia,carrii,-156.933,21.1167,USA,Hawaii,Molokai,b929f23d-290f-4e85-8f17-764c55b3b284,780312500
Dubautia carrii B.G.Baldwin & Friar,Dubautia,linearis,-156.637855,20.891359,USA,Hawaii,Maui,9781ce05-2379-4a10-ab3b-c91346510df8,2165812500
Dubautia carrii B.G.Baldwin & Friar,Railliardia,linearis,-156.891871,20.880779,USA,Hawaii,Lanai,90c853e6-56bd-480b-8e8f-6285c3f8d42b,419687500
Dubautia ciliolata (DC.) D.D.Keck,Dubautia,ciliolata,-155.281628,19.59217,USA,Hawaii,NA,50c9509d-22c7-4a22-a47d-8c48425ef4a7,11824312500
Dubautia ciliolata (DC.) D.D.Keck,Dubautia,ciliolata,-155.52666,19.767068,USA,Hawaii,NA,50c9509d-22c7-4a22-a47d-8c48425ef4a7,11824312500
Dubautia ciliolata (DC.) D.D.Keck,Dubautia,ciliolata,-155.514216,19.616617,USA,Hawaii,NA,50c9509d-22c7-4a22-a47d-8c48425ef4a7,11824312500
Dubautia ciliolata (DC.) D.D.Keck,Dubautia,ciliolata,-155.357184,19.479522,USA,Hawaii,NA,50c9509d-22c7-4a22-a47d-8c48425ef4a7,11824312500
Dubautia ciliolata (DC.) D.D.Keck,Dubautia,ciliolata,-155.346901,19.531327,USA,Hawaii,NA,50c9509d-22c7-4a22-a47d-8c48425ef4a7,11824312500
Dubautia ciliolata (DC.) D.D.Keck,Dubautia,ciliolata,-155.311987,19.597719,USA,Hawaii,NA,50c9509d-22c7-4a22-a47d-8c48425ef4a7,11824312500
Dubautia ciliolata (DC.) D.D.Keck,Dubautia,ciliolata,-155.328694,19.855442,USA,Hawaii,NA,50c9509d-22c7-4a22-a47d-8c48425ef4a7,11824312500
Dubautia ciliolata (DC.) D.D.Keck,Dubautia,ciliolata,-155.523034,19.989318,USA,Hawaii,NA,50c9509d-22c7-4a22-a47d-8c48425ef4a7,11824312500
Dubautia ciliolata (DC.) D.D.Keck,Dubautia,ciliolata,-155.396629,19.269349,USA,Hawaii,NA,50c9509d-22c7-4a22-a47d-8c48425ef4a7,11824312500
Dubautia ciliolata (DC.) D.D.Keck,Dubautia,ciliolata,-155.286966,19.584682,USA,Hawaii,NA,50c9509d-22c7-4a22-a47d-8c48425ef4a7,11824312500
Dubautia ciliolata (DC.) D.D.Keck,Dubautia,ciliolata,-155.275499,19.387597,USA,Hawaii,NA,50c9509d-22c7-4a22-a47d-8c48425ef4a7,11824312500
Dubautia ciliolata (DC.) D.D.Keck,Dubautia,ciliolata,-155.363618,19.411486,USA,Hawaii,NA,50c9509d-22c7-4a22-a47d-8c48425ef4a7,11824312500
Dubautia ciliolata (DC.) D.D.Keck,Dubautia,ciliolata,-155.264488,19.505095,USA,Hawaii,NA,50c9509d-22c7-4a22-a47d-8c48425ef4a7,11824312500
Dubautia ciliolata (DC.) D.D.Keck,Dubautia,ciliolata,-155.215898,19.589133,USA,Hawaii,NA,50c9509d-22c7-4a22-a47d-8c48425ef4a7,11824312500
Dubautia ciliolata (DC.) D.D.Keck,Dubautia,ciliolata,-155.405842,19.593119,USA,Hawaii,NA,50c9509d-22c7-4a22-a47d-8c48425ef4a7,11824312500
Dubautia ciliolata (DC.) D.D.Keck,Dubautia,ciliolata,-155.418597,19.446199,USA,Hawaii,NA,50c9509d-22c7-4a22-a47d-8c48425ef4a7,11824312500
Dubautia ciliolata (DC.) D.D.Keck,Dubautia,ciliolata,-155.204271,19.440607,USA,Hawaii,NA,50c9509d-22c7-4a22-a47d-8c48425ef4a7,11824312500
Dubautia ciliolata (DC.) D.D.Keck,Dubautia,ciliolata,-155.204645,19.570016,USA,Hawaii,NA,50c9509d-22c7-4a22-a47d-8c48425ef4a7,11824312500
Dubautia ciliolata (DC.) D.D.Keck,Dubautia,ciliolata,-155.371674,19.588503,USA,Hawaii,NA,50c9509d-22c7-4a22-a47d-8c48425ef4a7,11824312500
Dubautia ciliolata (DC.) D.D.Keck,Dubautia,ciliolata,-155.339106,19.593085,USA,Hawaii,NA,50c9509d-22c7-4a22-a47d-8c48425ef4a7,11824312500
Dubautia ciliolata (DC.) D.D.Keck,Dubautia,ciliolata,-155.222087,19.457004,USA,Hawaii,NA,50c9509d-22c7-4a22-a47d-8c48425ef4a7,11824312500
Dubautia ciliolata (DC.) D.D.Keck,Dubautia,ciliolata,-155.516561,19.689456,USA,Hawaii,NA,50c9509d-22c7-4a22-a47d-8c48425ef4a7,11824312500
Dubautia ciliolata (DC.) D.D.Keck,Dubautia,ciliolata,-155.371795,19.442678,USA,Hawaii,NA,50c9509d-22c7-4a22-a47d-8c48425ef4a7,11824312500
Dubautia ciliolata (DC.) D.D.Keck,Dubautia,ciliolata,-155.323819,19.511674,USA,Hawaii,NA,50c9509d-22c7-4a22-a47d-8c48425ef4a7,11824312500
Dubautia ciliolata (DC.) D.D.Keck,Dubautia,ciliolata,-155.222163,19.442083,USA,Hawaii,NA,50c9509d-22c7-4a22-a47d-8c48425ef4a7,11824312500
Dubautia ciliolata (DC.) D.D.Keck,Dubautia,ciliolata,-155.385847,19.48409,USA,Hawaii,NA,50c9509d-22c7-4a22-a47d-8c48425ef4a7,11824312500
Dubautia ciliolata (DC.) D.D.Keck,Dubautia,ciliolata,-155.375287,19.475834,USA,Hawaii,NA,50c9509d-22c7-4a22-a47d-8c48425ef4a7,11824312500
Dubautia ciliolata (DC.) D.D.Keck,Dubautia,ciliolata,-155.307186,19.506475,USA,Hawaii,NA,50c9509d-22c7-4a22-a47d-8c48425ef4a7,11824312500
Dubautia ciliolata (DC.) D.D.Keck,Dubautia,ciliolata,-155.273593,19.47271,USA,Hawaii,NA,50c9509d-22c7-4a22-a47d-8c48425ef4a7,11824312500
Dubautia ciliolata (DC.) D.D.Keck,Dubautia,ciliolata,-155.235989,19.505336,USA,Hawaii,NA,50c9509d-22c7-4a22-a47d-8c48425ef4a7,11824312500
Dubautia ciliolata (DC.) D.D.Keck,Dubautia,ciliolata,-155.331316,19.572394,USA,Hawaii,NA,50c9509d-22c7-4a22-a47d-8c48425ef4a7,11824312500
Dubautia ciliolata (DC.) D.D.Keck,Dubautia,ciliolata,-155.761135,19.170398,USA,Hawaii,NA,50c9509d-22c7-4a22-a47d-8c48425ef4a7,11824312500
Dubautia ciliolata (DC.) D.D.Keck,Dubautia,ciliolata,-155.249665,19.564773,USA,Hawaii,NA,50c9509d-22c7-4a22-a47d-8c48425ef4a7,11824312500
Dubautia ciliolata (DC.) D.D.Keck,Dubautia,ciliolata,-155.475515,19.49918,USA,Hawaii,NA,50c9509d-22c7-4a22-a47d-8c48425ef4a7,11824312500
Dubautia ciliolata (DC.) D.D.Keck,Dubautia,ciliolata,-155.239432,19.8781,USA,Hawaii,NA,50c9509d-22c7-4a22-a47d-8c48425ef4a7,11824312500
Dubautia ciliolata (DC.) D.D.Keck,Dubautia,ciliolata,-155.230003,19.333965,USA,Hawaii,NA,50c9509d-22c7-4a22-a47d-8c48425ef4a7,11824312500
Dubautia ciliolata (DC.) D.D.Keck,Dubautia,ciliolata,-155.247836,19.390619,USA,Hawaii,NA,50c9509d-22c7-4a22-a47d-8c48425ef4a7,11824312500
Dubautia ciliolata (DC.) D.D.Keck,Dubautia,ciliolata,-155.204408,19.467917,USA,Hawaii,NA,50c9509d-22c7-4a22-a47d-8c48425ef4a7,11824312500
Dubautia ciliolata (DC.) D.D.Keck,Dubautia,ciliolata,-155.230666,19.583703,USA,Hawaii,NA,50c9509d-22c7-4a22-a47d-8c48425ef4a7,11824312500
Dubautia ciliolata (DC.) D.D.Keck,Dubautia,ciliolata,-155.272065,19.504829,USA,Hawaii,NA,50c9509d-22c7-4a22-a47d-8c48425ef4a7,11824312500
Dubautia ciliolata (DC.) D.D.Keck,Dubautia,ciliolata,-155.228058,19.48121,USA,Hawaii,NA,50c9509d-22c7-4a22-a47d-8c48425ef4a7,11824312500
Dubautia ciliolata (DC.) D.D.Keck,Dubautia,ciliolata,-155.261261,19.496473,USA,Hawaii,NA,50c9509d-22c7-4a22-a47d-8c48425ef4a7,11824312500
Dubautia ciliolata (DC.) D.D.Keck,Dubautia,ciliolata,-155.375521,19.537503,USA,Hawaii,NA,50c9509d-22c7-4a22-a47d-8c48425ef4a7,11824312500
Dubautia ciliolata (DC.) D.D.Keck,Dubautia,ciliolata,-155.3333,19.6883,USA,Hawaii,NA,d415c253-4d61-4459-9d25-4015b9084fb0,11824312500
Dubautia ciliolata (DC.) D.D.Keck,Dubautia,ciliolata,-155.283333,19.430556,USA,Hawaii,NA,83ae84cf-88e4-4b5c-80b2-271a15a3e0fc,11824312500
Dubautia ciliolata (DC.) D.D.Keck,Dubautia,ciliolata,-155.517,19.3,USA,Hawaii,NA,b929f23d-290f-4e85-8f17-764c55b3b284,11824312500
Dubautia ciliolata (DC.) D.D.Keck,Dubautia,ciliolata,-155.683,19.8833,USA,Hawaii,NA,b929f23d-290f-4e85-8f17-764c55b3b284,11824312500
Dubautia ciliolata (DC.) D.D.Keck,Dubautia,ciliolata,-155.238087,19.377789,USA,Hawaii,NA,9781ce05-2379-4a10-ab3b-c91346510df8,11824312500
Dubautia ciliolata (DC.) D.D.Keck,Dubautia,ciliolata,-155.882692,19.645006,USA,Hawaii,NA,9781ce05-2379-4a10-ab3b-c91346510df8,11824312500
Dubautia ciliolata (DC.) D.D.Keck,Dubautia,ciliolata,-155.27546,19.334982,USA,Hawaii,NA,9781ce05-2379-4a10-ab3b-c91346510df8,11824312500
Dubautia ciliolata (DC.) D.D.Keck,Dubautia,ciliolata,-155.246154,19.36615,USA,Hawaii,NA,9781ce05-2379-4a10-ab3b-c91346510df8,11824312500
Dubautia ciliolata (DC.) D.D.Keck,Dubautia,ciliolata,-155.246154,19.36615,USA,Hawaii,NA,8567736a-23db-4ab2-aa13-888d3123be1b,11824312500
Dubautia ciliolata (DC.) D.D.Keck,Dubautia,ciliolata,-155.349454,19.459455,USA,Hawaii,NA,39c43f87-ad33-48f6-867c-29768e1f06d1,11824312500
Dubautia ciliolata (DC.) D.D.Keck,Dubautia,ciliolata,-155.921667,19.496944,USA,Hawaii,NA,1804436b-6a12-4fcc-a372-531cc23a41c4,11824312500
Dubautia ciliolata subsp. ciliolata,Dubautia,ciliolata,-155.40745,19.298606,USA,Hawaii,NA,50c9509d-22c7-4a22-a47d-8c48425ef4a7,11824312500
Dubautia ciliolata subsp. ciliolata,Dubautia,ciliolata,-155.276,19.3417,USA,Hawaii,NA,26098c25-8f7f-4c71-97ac-1d3db181c65e,11824312500
Dubautia ciliolata subsp. ciliolata,Dubautia,ciliolata,-155.276,19.3417,USA,Hawaii,NA,26098c25-8f7f-4c71-97ac-1d3db181c65e,11824312500
Dubautia ciliolata subsp. ciliolata,Dubautia,ciliolata,-155.276,19.3417,USA,Hawaii,NA,26098c25-8f7f-4c71-97ac-1d3db181c65e,11824312500
Dubautia ciliolata subsp. ciliolata,Dubautia,ciliolata,-155.276,19.3417,USA,Hawaii,NA,26098c25-8f7f-4c71-97ac-1d3db181c65e,11824312500
Dubautia ciliolata subsp. ciliolata,Dubautia,ciliolata,-155.28,19.34,USA,Hawaii,NA,d8cd16ba-bb74-4420-821e-083f2bac17c2,11824312500
Dubautia ciliolata subsp. ciliolata,Dubautia,ciliolata,-155.28,19.34,USA,Hawaii,NA,d8cd16ba-bb74-4420-821e-083f2bac17c2,11824312500
Dubautia ciliolata subsp. ciliolata,Dubautia,ciliolata,-155.357843,19.420981,USA,Hawaii,NA,50c9509d-22c7-4a22-a47d-8c48425ef4a7,11824312500
Dubautia ciliolata subsp. ciliolata,Dubautia,ciliolata,-155.342428,19.547752,USA,Hawaii,NA,50c9509d-22c7-4a22-a47d-8c48425ef4a7,11824312500
Dubautia ciliolata subsp. ciliolata,Dubautia,ciliolata,-155.285671,19.544026,USA,Hawaii,NA,50c9509d-22c7-4a22-a47d-8c48425ef4a7,11824312500
Dubautia ciliolata subsp. ciliolata,Dubautia,ciliolata,-155.290808,19.594628,USA,Hawaii,NA,50c9509d-22c7-4a22-a47d-8c48425ef4a7,11824312500
Dubautia ciliolata subsp. ciliolata,Dubautia,ciliolata,-155.467,19.35,USA,Hawaii,NA,b929f23d-290f-4e85-8f17-764c55b3b284,11824312500
Dubautia ciliolata subsp. ciliolata,Dubautia,ciliolata,-155.683,19.8167,USA,Hawaii,NA,b929f23d-290f-4e85-8f17-764c55b3b284,11824312500
Dubautia ciliolata subsp. ciliolata,Dubautia,ciliolata,-155.717,19.7833,USA,Hawaii,NA,b929f23d-290f-4e85-8f17-764c55b3b284,11824312500
Dubautia ciliolata subsp. ciliolata,Dubautia,ciliolata,-155.85,19.6833,USA,Hawaii,NA,b929f23d-290f-4e85-8f17-764c55b3b284,11824312500
Dubautia ciliolata subsp. ciliolata,Dubautia,ciliolata,-155.35,19.4833,USA,Hawaii,NA,b929f23d-290f-4e85-8f17-764c55b3b284,11824312500
Dubautia ciliolata subsp. ciliolata,Dubautia,ciliolata,-155.317,19.4833,USA,Hawaii,NA,b929f23d-290f-4e85-8f17-764c55b3b284,11824312500
Dubautia ciliolata subsp. ciliolata,Dubautia,ciliolata,-155.6,19.5,USA,Hawaii,NA,821cc27a-e3bb-4bc5-ac34-89ada245069d,11824312500
Dubautia ciliolata subsp. ciliolata,Dubautia,ciliolata,-155.6,19.5,USA,Hawaii,NA,821cc27a-e3bb-4bc5-ac34-89ada245069d,11824312500
Dubautia ciliolata subsp. ciliolata,Dubautia,ciliolata,-155.27728,19.407112,USA,Hawaii,NA,9781ce05-2379-4a10-ab3b-c91346510df8,11824312500
Dubautia ciliolata subsp. ciliolata,Railliardia,ciliolata,-159.4142,21.900177,Hawaii,Kauai,NA,7b9a08ea-f762-11e1-a439-00145eb45e9a,1683250000
Dubautia ciliolata subsp. ciliolata,Railliardia,ciliolata,-155.9861,19.6411,USA,Hawaii,NA,cafff6a5-1fa4-4a90-a2b3-f3db78b93d02,11824312500
Dubautia ciliolata subsp. ciliolata,Dubautia,ciliolata,-155.467,19.8,USA,Hawaii,NA,b929f23d-290f-4e85-8f17-764c55b3b284,11824312500
Dubautia ciliolata subsp. ciliolata,Railliardia,ciliolata,-155.5,19.58333,USA,Hawaii,NA,63e9e22d-a649-4087-b39e-acb1651af077,11824312500
Dubautia ciliolata subsp. glutinosa G.D.Carr,Dubautia,ciliolata_glutinosa,-155.453,19.7706,USA,Hawaii,NA,26098c25-8f7f-4c71-97ac-1d3db181c65e,11824312500
Dubautia ciliolata subsp. glutinosa G.D.Carr,Dubautia,ciliolata_glutinosa,-155.453,19.7706,USA,Hawaii,NA,26098c25-8f7f-4c71-97ac-1d3db181c65e,11824312500
Dubautia ciliolata subsp. glutinosa G.D.Carr,Dubautia,ciliolata_glutinosa,-155.453,19.7706,USA,Hawaii,NA,26098c25-8f7f-4c71-97ac-1d3db181c65e,11824312500
Dubautia ciliolata subsp. glutinosa G.D.Carr,Dubautia,ciliolata_glutinosa,-155.453,19.7706,USA,Hawaii,NA,26098c25-8f7f-4c71-97ac-1d3db181c65e,11824312500
Dubautia ciliolata subsp. glutinosa G.D.Carr,Dubautia,ciliolata_glutinosa,-155.45,19.77,USA,Hawaii,NA,d8cd16ba-bb74-4420-821e-083f2bac17c2,11824312500
Dubautia ciliolata subsp. glutinosa G.D.Carr,Dubautia,ciliolata_glutinosa,-155.45,19.77,USA,Hawaii,NA,d8cd16ba-bb74-4420-821e-083f2bac17c2,11824312500
Dubautia ciliolata subsp. glutinosa G.D.Carr,Dubautia,ciliolata_glutinosa,-155.453587,19.616095,USA,Hawaii,NA,50c9509d-22c7-4a22-a47d-8c48425ef4a7,11824312500
Dubautia ciliolata subsp. glutinosa G.D.Carr,Dubautia,ciliolata_glutinosa,-155.467,19.8,USA,Hawaii,NA,b929f23d-290f-4e85-8f17-764c55b3b284,11824312500
Dubautia ciliolata subsp. glutinosa G.D.Carr,Dubautia,ciliolata_glutinosa,-155.467,19.8,USA,Hawaii,NA,b929f23d-290f-4e85-8f17-764c55b3b284,11824312500
Dubautia hanaulaensis B.G.Baldwin,Dubautia,hanaulaensis,-156.551,20.8275,USA,Hawaii,Maui,b929f23d-290f-4e85-8f17-764c55b3b284,2165812500
Dubautia hanaulaensis B.G.Baldwin,Dubautia,hanaulaensis,-156.552,20.8291,USA,Hawaii,Maui,b929f23d-290f-4e85-8f17-764c55b3b284,2165812500
Dubautia hanaulaensis B.G.Baldwin,Dubautia,hanaulaensis,-156.551,20.8287,USA,Hawaii,Maui,b929f23d-290f-4e85-8f17-764c55b3b284,2165812500
Dubautia imbricata H.St.John & G.D.Carr,Dubautia,imbricata,-159.487237,22.141889,USA,Hawaii,Kauai,50c9509d-22c7-4a22-a47d-8c48425ef4a7,1683250000
Dubautia imbricata H.St.John & G.D.Carr,Dubautia,imbricata,-159.547657,22.032293,USA,Hawaii,Kauai,50c9509d-22c7-4a22-a47d-8c48425ef4a7,1683250000
Dubautia imbricata H.St.John & G.D.Carr,Dubautia,imbricata,-159.523754,21.959475,USA,Hawaii,Kauai,90c853e6-56bd-480b-8e8f-6285c3f8d42b,1683250000
Dubautia imbricata subsp. acronaea G.D.Carr,Dubautia,imbricata_acronaea,-159.585008,22.12859,USA,Hawaii,Kauai,50c9509d-22c7-4a22-a47d-8c48425ef4a7,1683250000
Dubautia imbricata subsp. acronaea G.D.Carr,Dubautia,imbricata_acronaea,-159.425629,22.003194,USA,Hawaii,Kauai,50c9509d-22c7-4a22-a47d-8c48425ef4a7,1683250000
Dubautia imbricata subsp. acronaea G.D.Carr,Dubautia,imbricata_acronaea,-159.422524,22.168997,USA,Hawaii,Kauai,50c9509d-22c7-4a22-a47d-8c48425ef4a7,1683250000
Dubautia imbricata subsp. acronaea G.D.Carr,Dubautia,imbricata_acronaea,-159.529371,22.173972,USA,Hawaii,Kauai,50c9509d-22c7-4a22-a47d-8c48425ef4a7,1683250000
Dubautia imbricata subsp. imbricata,Dubautia,imbricata_imbricata,-159.507,21.9877,USA,Hawaii,Kauai,821cc27a-e3bb-4bc5-ac34-89ada245069d,1683250000
Dubautia kalalauensis B.G.Baldwin & G.D.Carr,Dubautia,kalalauensis,-159.71572,22.088473,USA,Hawaii,Kauai,50c9509d-22c7-4a22-a47d-8c48425ef4a7,1683250000
Dubautia kalalauensis B.G.Baldwin & G.D.Carr,Dubautia,kalalauensis,-159.669745,22.126977,USA,Hawaii,Kauai,50c9509d-22c7-4a22-a47d-8c48425ef4a7,1683250000
Dubautia kalalauensis B.G.Baldwin & G.D.Carr,Dubautia,kalalauensis,-159.67141,22.056494,USA,Hawaii,Kauai,50c9509d-22c7-4a22-a47d-8c48425ef4a7,1683250000
Dubautia kalalauensis B.G.Baldwin & G.D.Carr,Dubautia,kalalauensis,-159.636222,22.148917,USA,Hawaii,Kauai,d415c253-4d61-4459-9d25-4015b9084fb0,1683250000
Dubautia kalalauensis B.G.Baldwin & G.D.Carr,Dubautia,kalalauensis,-159.633,22.1333,USA,Hawaii,Kauai,b929f23d-290f-4e85-8f17-764c55b3b284,1683250000
Dubautia kalalauensis B.G.Baldwin & G.D.Carr,Dubautia,kalalauensis,-159.63622,22.14892,USA,Hawaii,Kauai,90c853e6-56bd-480b-8e8f-6285c3f8d42b,1683250000
Dubautia kalalauensis B.G.Baldwin & G.D.Carr,Dubautia,kalalauensis,-159.63622,22.148916,USA,Hawaii,Kauai,83a49751-4282-481e-a847-1c5c224a0551,1683250000
Dubautia kalalauensis B.G.Baldwin & G.D.Carr,Dubautia,kalalauensis,-159.64,22.15,USA,Hawaii,Kauai,7bd65a7a-f762-11e1-a439-00145eb45e9a,1683250000
Dubautia knudsenii Hillebr.,Dubautia,knudsenii,-159.402898,22.138016,USA,Hawaii,Kauai,50c9509d-22c7-4a22-a47d-8c48425ef4a7,1683250000
Dubautia knudsenii Hillebr.,Dubautia,knudsenii,-159.439751,22.003136,USA,Hawaii,Kauai,50c9509d-22c7-4a22-a47d-8c48425ef4a7,1683250000
Dubautia knudsenii Hillebr.,Dubautia,knudsenii,-159.548259,22.144961,USA,Hawaii,Kauai,50c9509d-22c7-4a22-a47d-8c48425ef4a7,1683250000
Dubautia knudsenii Hillebr.,Dubautia,knudsenii,-159.453709,22.124986,USA,Hawaii,Kauai,50c9509d-22c7-4a22-a47d-8c48425ef4a7,1683250000
Dubautia knudsenii Hillebr.,Dubautia,knudsenii,-159.425613,22.166565,USA,Hawaii,Kauai,50c9509d-22c7-4a22-a47d-8c48425ef4a7,1683250000
Dubautia knudsenii Hillebr.,Dubautia,knudsenii,-159.592861,22.180688,USA,Hawaii,Kauai,50c9509d-22c7-4a22-a47d-8c48425ef4a7,1683250000
Dubautia knudsenii Hillebr.,Dubautia,knudsenii,-159.446482,22.142217,USA,Hawaii,Kauai,50c9509d-22c7-4a22-a47d-8c48425ef4a7,1683250000
Dubautia knudsenii Hillebr.,Dubautia,knudsenii,-159.56367,22.029351,USA,Hawaii,Kauai,50c9509d-22c7-4a22-a47d-8c48425ef4a7,1683250000
Dubautia knudsenii Hillebr.,Dubautia,knudsenii,-159.438133,22.095763,USA,Hawaii,Kauai,50c9509d-22c7-4a22-a47d-8c48425ef4a7,1683250000
Dubautia knudsenii Hillebr.,Dubautia,knudsenii,-159.517279,22.053895,USA,Hawaii,Kauai,50c9509d-22c7-4a22-a47d-8c48425ef4a7,1683250000
Dubautia knudsenii Hillebr.,Dubautia,knudsenii,-159.649994,22.14,USA,Hawaii,Kauai,d415c253-4d61-4459-9d25-4015b9084fb0,1683250000
Dubautia knudsenii Hillebr.,Dubautia,knudsenii,-159.649994,22.139999,USA,Hawaii,Kauai,cd6e21c8-9e8a-493a-8a76-fbf7862069e5,1683250000
Dubautia knudsenii Hillebr.,Dubautia,knudsenii,-159.64637,22.142625,USA,Hawaii,Kauai,9781ce05-2379-4a10-ab3b-c91346510df8,1683250000
Dubautia knudsenii Hillebr.,Dubautia,knudsenii,-159.638426,22.132929,USA,Hawaii,Kauai,9781ce05-2379-4a10-ab3b-c91346510df8,1683250000
Dubautia knudsenii Hillebr.,Dubautia,knudsenii,-159.639931,22.14409,USA,Hawaii,Kauai,9781ce05-2379-4a10-ab3b-c91346510df8,1683250000
Dubautia knudsenii Hillebr.,Dubautia,knudsenii,-159.646874,22.150987,USA,Hawaii,Kauai,8567736a-23db-4ab2-aa13-888d3123be1b,1683250000
Dubautia knudsenii Hillebr.,Dubautia,knudsenii,-159.6019,22.0681,USA,Hawaii,Kauai,cafff6a5-1fa4-4a90-a2b3-f3db78b93d02,1683250000
Dubautia knudsenii Hillebr.,Dubautia,knudsenii,-159.5,22.06667,USA,Hawaii,Kauai,15f819bd-6612-4447-854b-14d12ee1022d,1683250000
Dubautia knudsenii subsp. filiformis G.D.Carr,Dubautia,knudsenii_filiformis,-159.493,22.0625,USA,Hawaii,Kauai,821cc27a-e3bb-4bc5-ac34-89ada245069d,1683250000
Dubautia knudsenii subsp. filiformis G.D.Carr,Dubautia,knudsenii_filiformis,-159.511,22.1006,USA,Hawaii,Kauai,821cc27a-e3bb-4bc5-ac34-89ada245069d,1683250000
Dubautia knudsenii subsp. filiformis G.D.Carr,Dubautia,knudsenii_filiformis,-159.576264,22.119868,USA,Hawaii,Kauai,50c9509d-22c7-4a22-a47d-8c48425ef4a7,1683250000
Dubautia knudsenii subsp. filiformis G.D.Carr,Dubautia,knudsenii_filiformis,-159.557889,22.216941,USA,Hawaii,Kauai,d415c253-4d61-4459-9d25-4015b9084fb0,1683250000
Dubautia knudsenii subsp. filiformis G.D.Carr,Dubautia,knudsenii_filiformis,-159.487,22.042,USA,Hawaii,Kauai,821cc27a-e3bb-4bc5-ac34-89ada245069d,1683250000
Dubautia knudsenii subsp. knudsenii,Dubautia,knudsenii_knudsenii,-159.591646,22.025786,USA,Hawaii,Kauai,50c9509d-22c7-4a22-a47d-8c48425ef4a7,1683250000
Dubautia knudsenii subsp. knudsenii,Dubautia,knudsenii_knudsenii,-159.593807,22.021612,USA,Hawaii,Kauai,50c9509d-22c7-4a22-a47d-8c48425ef4a7,1683250000
Dubautia knudsenii subsp. knudsenii,Dubautia,knudsenii_knudsenii,-159.52955,22.151973,USA,Hawaii,Kauai,50c9509d-22c7-4a22-a47d-8c48425ef4a7,1683250000
Dubautia knudsenii subsp. knudsenii,Dubautia,knudsenii_knudsenii,-159.637052,22.113913,USA,Hawaii,Kauai,50c9509d-22c7-4a22-a47d-8c48425ef4a7,1683250000
Dubautia knudsenii subsp. knudsenii,Dubautia,knudsenii_knudsenii,-159.651113,22.164355,USA,Hawaii,Kauai,50c9509d-22c7-4a22-a47d-8c48425ef4a7,1683250000
Dubautia knudsenii subsp. knudsenii,Dubautia,knudsenii_knudsenii,-159.678423,22.157281,USA,Hawaii,Kauai,50c9509d-22c7-4a22-a47d-8c48425ef4a7,1683250000
Dubautia knudsenii subsp. knudsenii,Dubautia,knudsenii_knudsenii,-159.688736,22.064519,USA,Hawaii,Kauai,50c9509d-22c7-4a22-a47d-8c48425ef4a7,1683250000
Dubautia knudsenii subsp. knudsenii,Dubautia,knudsenii_knudsenii,-159.649994,22.14,USA,Hawaii,Kauai,d415c253-4d61-4459-9d25-4015b9084fb0,1683250000
Dubautia knudsenii subsp. knudsenii,Dubautia,knudsenii_knudsenii,-159.65,22.14,USA,Hawaii,Kauai,821cc27a-e3bb-4bc5-ac34-89ada245069d,1683250000
Dubautia knudsenii subsp. knudsenii,Dubautia,knudsenii_knudsenii,-159.440167,22.179865,USA,Hawaii,Kauai,50c9509d-22c7-4a22-a47d-8c48425ef4a7,1683250000
Dubautia knudsenii subsp. nagatae (H.St.John) G.D.Carr,Dubautia,knudsenii_nagatae,-159.433269,22.129666,USA,Hawaii,Kauai,50c9509d-22c7-4a22-a47d-8c48425ef4a7,1683250000
Dubautia knudsenii subsp. nagatae (H.St.John) G.D.Carr,Dubautia,knudsenii_nagatae,-159.423282,22.174649,USA,Hawaii,Kauai,50c9509d-22c7-4a22-a47d-8c48425ef4a7,1683250000
Dubautia knudsenii subsp. nagatae (H.St.John) G.D.Carr,Dubautia,knudsenii_nagatae,-159.579192,22.185622,USA,Hawaii,Kauai,d415c253-4d61-4459-9d25-4015b9084fb0,1683250000
Dubautia knudsenii subsp. nagatae (H.St.John) G.D.Carr,Dubautia,knudsenii_nagatae,-159.600006,22.17,USA,Hawaii,Kauai,d415c253-4d61-4459-9d25-4015b9084fb0,1683250000
Dubautia knudsenii subsp. nagatae (H.St.John) G.D.Carr,Dubautia,knudsenii_nagatae,-159.393,22.1097,USA,Hawaii,Kauai,821cc27a-e3bb-4bc5-ac34-89ada245069d,1683250000
Dubautia knudsenii subsp. nagatae (H.St.John) G.D.Carr,Dubautia,knudsenii_nagatae,-159.399994,22.12,USA,Hawaii,Kauai,d415c253-4d61-4459-9d25-4015b9084fb0,1683250000
Dubautia knudsenii subsp. nagatae (H.St.John) G.D.Carr,Dubautia,knudsenii_nagatae,-159.39,22.12,USA,Hawaii,Kauai,821cc27a-e3bb-4bc5-ac34-89ada245069d,1683250000
Dubautia laevigata A.Gray,Dubautia,laevigata,-159.758108,22.063613,USA,Hawaii,Kauai,50c9509d-22c7-4a22-a47d-8c48425ef4a7,1683250000
Dubautia laevigata A.Gray,Dubautia,laevigata,-159.616457,22.03766,USA,Hawaii,Kauai,50c9509d-22c7-4a22-a47d-8c48425ef4a7,1683250000
Dubautia laevigata A.Gray,Dubautia,laevigata,-159.560499,22.137041,USA,Hawaii,Kauai,50c9509d-22c7-4a22-a47d-8c48425ef4a7,1683250000
Dubautia laevigata A.Gray,Dubautia,laevigata,-159.525394,22.05713,USA,Hawaii,Kauai,50c9509d-22c7-4a22-a47d-8c48425ef4a7,1683250000
Dubautia laevigata A.Gray,Dubautia,laevigata,-159.684277,22.030251,USA,Hawaii,Kauai,50c9509d-22c7-4a22-a47d-8c48425ef4a7,1683250000
Dubautia laevigata A.Gray,Dubautia,laevigata,-159.6,22.1106,USA,Hawaii,Kauai,821cc27a-e3bb-4bc5-ac34-89ada245069d,1683250000
Dubautia laevigata A.Gray,Dubautia,laevigata,-159.454496,22.05117,USA,Hawaii,Kauai,50c9509d-22c7-4a22-a47d-8c48425ef4a7,1683250000
Dubautia laevigata A.Gray,Dubautia,laevigata,-159.45436,22.0587,USA,Hawaii,Kauai,50c9509d-22c7-4a22-a47d-8c48425ef4a7,1683250000
Dubautia laevigata A.Gray,Dubautia,laevigata,-159.510912,22.096448,USA,Hawaii,Kauai,50c9509d-22c7-4a22-a47d-8c48425ef4a7,1683250000
Dubautia laevigata A.Gray,Dubautia,laevigata,-159.477594,22.026002,USA,Hawaii,Kauai,50c9509d-22c7-4a22-a47d-8c48425ef4a7,1683250000
Dubautia laevigata A.Gray,Dubautia,laevigata,-159.68,22.14,USA,Hawaii,Kauai,b929f23d-290f-4e85-8f17-764c55b3b284,1683250000
Dubautia laevigata A.Gray,Dubautia,laevigata,-159.68,22.14,USA,Hawaii,Kauai,821cc27a-e3bb-4bc5-ac34-89ada245069d,1683250000
Dubautia laevigata A.Gray,Dubautia,laevigata,-159.61,22.12,USA,Hawaii,Kauai,b929f23d-290f-4e85-8f17-764c55b3b284,1683250000
Dubautia laevigata A.Gray,Dubautia,laevigata,-159.6,22.12,USA,Hawaii,Kauai,821cc27a-e3bb-4bc5-ac34-89ada245069d,1683250000
Dubautia laevigata A.Gray,Dubautia,laevigata,-159.514035,22.101611,USA,Hawaii,Kauai,50c9509d-22c7-4a22-a47d-8c48425ef4a7,1683250000
Dubautia laevigata A.Gray,Dubautia,laevigata,-159.418024,22.084053,USA,Hawaii,Kauai,50c9509d-22c7-4a22-a47d-8c48425ef4a7,1683250000
Dubautia laevigata A.Gray,Dubautia,laevigata,-159.731707,22.094229,USA,Hawaii,Kauai,50c9509d-22c7-4a22-a47d-8c48425ef4a7,1683250000
Dubautia laevigata A.Gray,Dubautia,laevigata,-159.64418,22.0691,USA,Hawaii,Kauai,46239994-a621-4d41-9556-e53e0e9bed63,1683250000
Dubautia laevigata A.Gray,Dubautia,mendacoides,-159.346382,22.155407,USA,Hawaii,Kauai,90c853e6-56bd-480b-8e8f-6285c3f8d42b,1683250000
Dubautia laevigata A.Gray,Dubautia,mendacoides,-159.346382,22.155407,USA,Hawaii,Kauai,90c853e6-56bd-480b-8e8f-6285c3f8d42b,1683250000
Dubautia laevigata A.Gray,Dubautia,mendacoides,-159.369715,22.16552,USA,Hawaii,Kauai,d415c253-4d61-4459-9d25-4015b9084fb0,1683250000
Dubautia laevigata A.Gray,Dubautia,laevigata,-159.5,22.06667,USA,Hawaii,Kauai,15f819bd-6612-4447-854b-14d12ee1022d,1683250000
Dubautia latifolia (A.Gray) D.D.Keck,Dubautia,latifolia,-159.620247,22.16647,USA,Hawaii,Kauai,50c9509d-22c7-4a22-a47d-8c48425ef4a7,1683250000
Dubautia latifolia (A.Gray) D.D.Keck,Dubautia,latifolia,-159.702753,22.026031,USA,Hawaii,Kauai,50c9509d-22c7-4a22-a47d-8c48425ef4a7,1683250000
Dubautia latifolia (A.Gray) D.D.Keck,Dubautia,latifolia,-159.732363,22.054986,USA,Hawaii,Kauai,50c9509d-22c7-4a22-a47d-8c48425ef4a7,1683250000
Dubautia latifolia (A.Gray) D.D.Keck,Dubautia,latifolia,-159.547072,21.995948,USA,Hawaii,Kauai,50c9509d-22c7-4a22-a47d-8c48425ef4a7,1683250000
Dubautia latifolia (A.Gray) D.D.Keck,Dubautia,latifolia,-159.658313,22.1136,USA,Hawaii,Kauai,50c9509d-22c7-4a22-a47d-8c48425ef4a7,1683250000
Dubautia latifolia (A.Gray) D.D.Keck,Dubautia,latifolia,-159.430283,22.102248,USA,Hawaii,Kauai,50c9509d-22c7-4a22-a47d-8c48425ef4a7,1683250000
Dubautia latifolia (A.Gray) D.D.Keck,Dubautia,latifolia,-159.683,22.1339,USA,Hawaii,Kauai,821cc27a-e3bb-4bc5-ac34-89ada245069d,1683250000
Dubautia latifolia (A.Gray) D.D.Keck,Dubautia,latifolia,-159.502125,22.022545,USA,Hawaii,Kauai,50c9509d-22c7-4a22-a47d-8c48425ef4a7,1683250000
Dubautia latifolia (A.Gray) D.D.Keck,Dubautia,latifolia,-159.555499,22.169502,USA,Hawaii,Kauai,50c9509d-22c7-4a22-a47d-8c48425ef4a7,1683250000
Dubautia latifolia (A.Gray) D.D.Keck,Dubautia,latifolia,-159.641,22.1197,USA,Hawaii,Kauai,821cc27a-e3bb-4bc5-ac34-89ada245069d,1683250000
Dubautia latifolia (A.Gray) D.D.Keck,Dubautia,latifolia,-159.593,22.1148,USA,Hawaii,Kauai,821cc27a-e3bb-4bc5-ac34-89ada245069d,1683250000
Dubautia latifolia (A.Gray) D.D.Keck,Dubautia,latifolia,-155.252335,19.409672,USA,Hawaii,NA,39c43f87-ad33-48f6-867c-29768e1f06d1,11824312500
Dubautia latifolia (A.Gray) D.D.Keck,Dubautia,latifolia,-155.273159,19.34266,USA,Hawaii,NA,39c43f87-ad33-48f6-867c-29768e1f06d1,11824312500
Dubautia latifolia (A.Gray) D.D.Keck,Dubautia,latifolia,-159.651031,22.129255,USA,Hawaii,Kauai,9781ce05-2379-4a10-ab3b-c91346510df8,1683250000
Dubautia latifolia (A.Gray) D.D.Keck,Dubautia,latifolia,-159.6175,22.154722,USA,Hawaii,Kauai,9781ce05-2379-4a10-ab3b-c91346510df8,1683250000
Dubautia latifolia (A.Gray) D.D.Keck,Dubautia,latifolia,-159.520278,22.046389,USA,Hawaii,Kauai,43fb301d-0354-45bc-94d2-dd50f3142a50,1683250000
Dubautia latifolia (A.Gray) D.D.Keck,Dubautia,latifolia,-159.597511,22.065308,USA,Hawaii,Kauai,90c853e6-56bd-480b-8e8f-6285c3f8d42b,1683250000
Dubautia latifolia (A.Gray) D.D.Keck,Dubautia,latifolia,-155.5,19.58333,USA,Hawaii,NA,63e9e22d-a649-4087-b39e-acb1651af077,11824312500
Dubautia latifolia (A.Gray) D.D.Keck,Dubautia,latifolia,-159.52917,22.08333,USA,Hawaii,Kauai,f577c9f3-ae71-4278-b6bf-512ba1dfaa21,1683250000
Dubautia laxa Hook. & Arn.,Dubautia,laxa,-158.147998,21.503012,USA,Hawaii,Oahu,50c9509d-22c7-4a22-a47d-8c48425ef4a7,1801687500
Dubautia laxa Hook. & Arn.,Dubautia,laxa,-158.144798,21.506083,USA,Hawaii,Oahu,50c9509d-22c7-4a22-a47d-8c48425ef4a7,1801687500
Dubautia laxa Hook. & Arn.,Dubautia,laxa,-158.144881,21.506682,USA,Hawaii,Oahu,50c9509d-22c7-4a22-a47d-8c48425ef4a7,1801687500
Dubautia laxa Hook. & Arn.,Dubautia,laxa,-158.147517,21.503611,USA,Hawaii,Oahu,50c9509d-22c7-4a22-a47d-8c48425ef4a7,1801687500
Dubautia laxa Hook. & Arn.,Dubautia,laxa,-157.835259,21.448634,USA,Hawaii,Oahu,50c9509d-22c7-4a22-a47d-8c48425ef4a7,1801687500
Dubautia laxa Hook. & Arn.,Dubautia,laxa,-157.928813,21.590882,USA,Hawaii,Oahu,50c9509d-22c7-4a22-a47d-8c48425ef4a7,1801687500
Dubautia laxa Hook. & Arn.,Dubautia,laxa,-159.577063,22.0917,USA,Hawaii,Kauai,50c9509d-22c7-4a22-a47d-8c48425ef4a7,1683250000
Dubautia laxa Hook. & Arn.,Dubautia,laxa,-157.925492,21.533072,USA,Hawaii,Oahu,50c9509d-22c7-4a22-a47d-8c48425ef4a7,1801687500
Dubautia laxa Hook. & Arn.,Dubautia,laxa,-158.098298,21.419757,USA,Hawaii,Oahu,50c9509d-22c7-4a22-a47d-8c48425ef4a7,1801687500
Dubautia laxa Hook. & Arn.,Dubautia,laxa,-156.514651,20.841426,USA,Hawaii,Maui,50c9509d-22c7-4a22-a47d-8c48425ef4a7,2165812500
Dubautia laxa Hook. & Arn.,Dubautia,laxa,-156.4518,20.801099,USA,Hawaii,Maui,50c9509d-22c7-4a22-a47d-8c48425ef4a7,2165812500
Dubautia laxa Hook. & Arn.,Dubautia,laxa,-156.53195,20.862268,USA,Hawaii,Maui,50c9509d-22c7-4a22-a47d-8c48425ef4a7,2165812500
Dubautia laxa Hook. & Arn.,Dubautia,laxa,-158.111952,21.565148,USA,Hawaii,Oahu,50c9509d-22c7-4a22-a47d-8c48425ef4a7,1801687500
Dubautia laxa Hook. & Arn.,Dubautia,laxa,-157.907187,21.507801,USA,Hawaii,Oahu,50c9509d-22c7-4a22-a47d-8c48425ef4a7,1801687500
Dubautia laxa Hook. & Arn.,Dubautia,laxa,-158.147474,21.503688,USA,Hawaii,Oahu,50c9509d-22c7-4a22-a47d-8c48425ef4a7,1801687500
Dubautia laxa Hook. & Arn.,Dubautia,laxa,-159.603737,22.166668,USA,Hawaii,Kauai,50c9509d-22c7-4a22-a47d-8c48425ef4a7,1683250000
Dubautia laxa Hook. & Arn.,Dubautia,laxa,-159.681282,22.054162,USA,Hawaii,Kauai,50c9509d-22c7-4a22-a47d-8c48425ef4a7,1683250000
Dubautia laxa Hook. & Arn.,Dubautia,laxa,-157.940189,21.515774,USA,Hawaii,Oahu,50c9509d-22c7-4a22-a47d-8c48425ef4a7,1801687500
Dubautia laxa Hook. & Arn.,Dubautia,laxa,-157.944371,21.59467,USA,Hawaii,Oahu,50c9509d-22c7-4a22-a47d-8c48425ef4a7,1801687500
Dubautia laxa Hook. & Arn.,Dubautia,laxa,-157.921381,21.578464,USA,Hawaii,Oahu,50c9509d-22c7-4a22-a47d-8c48425ef4a7,1801687500
Dubautia laxa Hook. & Arn.,Dubautia,laxa,-157.899274,21.576435,USA,Hawaii,Oahu,50c9509d-22c7-4a22-a47d-8c48425ef4a7,1801687500
Dubautia laxa Hook. & Arn.,Dubautia,laxa,-157.944547,21.413816,USA,Hawaii,Oahu,50c9509d-22c7-4a22-a47d-8c48425ef4a7,1801687500
Dubautia laxa Hook. & Arn.,Dubautia,laxa,-156.487244,20.925022,USA,Hawaii,Maui,50c9509d-22c7-4a22-a47d-8c48425ef4a7,2165812500
Dubautia laxa Hook. & Arn.,Dubautia,laxa,-156.59266,20.86839,USA,Hawaii,Maui,50c9509d-22c7-4a22-a47d-8c48425ef4a7,2165812500
Dubautia laxa Hook. & Arn.,Dubautia,laxa,-156.513783,20.875214,USA,Hawaii,Maui,50c9509d-22c7-4a22-a47d-8c48425ef4a7,2165812500
Dubautia laxa Hook. & Arn.,Dubautia,laxa,-157.80664,21.410314,USA,Hawaii,Oahu,50c9509d-22c7-4a22-a47d-8c48425ef4a7,1801687500
Dubautia laxa Hook. & Arn.,Dubautia,laxa,-157.850945,21.47578,USA,Hawaii,Oahu,50c9509d-22c7-4a22-a47d-8c48425ef4a7,1801687500
Dubautia laxa Hook. & Arn.,Dubautia,laxa,-157.923309,21.534674,USA,Hawaii,Oahu,50c9509d-22c7-4a22-a47d-8c48425ef4a7,1801687500
Dubautia laxa Hook. & Arn.,Dubautia,laxa,-157.873981,21.455387,USA,Hawaii,Oahu,50c9509d-22c7-4a22-a47d-8c48425ef4a7,1801687500
Dubautia laxa Hook. & Arn.,Dubautia,laxa,-157.890369,21.474968,USA,Hawaii,Oahu,50c9509d-22c7-4a22-a47d-8c48425ef4a7,1801687500
Dubautia laxa Hook. & Arn.,Dubautia,laxa,-158.144639,21.506662,USA,Hawaii,Oahu,50c9509d-22c7-4a22-a47d-8c48425ef4a7,1801687500
Dubautia laxa Hook. & Arn.,Dubautia,laxa,-158.039705,21.401881,USA,Hawaii,Oahu,50c9509d-22c7-4a22-a47d-8c48425ef4a7,1801687500
Dubautia laxa Hook. & Arn.,Dubautia,laxa,-158.14741,21.503675,USA,Hawaii,Oahu,50c9509d-22c7-4a22-a47d-8c48425ef4a7,1801687500
Dubautia laxa Hook. & Arn.,Dubautia,laxa,-157.929717,21.533243,USA,Hawaii,Oahu,50c9509d-22c7-4a22-a47d-8c48425ef4a7,1801687500
Dubautia laxa Hook. & Arn.,Dubautia,laxa,-157.804043,21.44775,USA,Hawaii,Oahu,50c9509d-22c7-4a22-a47d-8c48425ef4a7,1801687500
Dubautia laxa Hook. & Arn.,Dubautia,laxa,-159.528748,22.05937,USA,Hawaii,Kauai,50c9509d-22c7-4a22-a47d-8c48425ef4a7,1683250000
Dubautia laxa Hook. & Arn.,Dubautia,laxa,-156.95814,21.169892,USA,Hawaii,Molokai,50c9509d-22c7-4a22-a47d-8c48425ef4a7,780312500
Dubautia laxa Hook. & Arn.,Dubautia,laxa,-157.839917,21.416722,USA,Hawaii,Oahu,677aece2-a65b-4b78-b391-0f2e21a2b7ed,1801687500
Dubautia laxa Hook. & Arn.,Dubautia,laxa,-158.142341,21.508491,USA,Hawaii,Oahu,9781ce05-2379-4a10-ab3b-c91346510df8,1801687500
Dubautia laxa Hook. & Arn.,Dubautia,laxa,-158.142341,21.508491,USA,Hawaii,Oahu,9781ce05-2379-4a10-ab3b-c91346510df8,1801687500
Dubautia laxa Hook. & Arn.,Dubautia,laxa,-158.142393,21.508339,USA,Hawaii,Oahu,9781ce05-2379-4a10-ab3b-c91346510df8,1801687500
Dubautia laxa Hook. & Arn.,Dubautia,laxa,-157.8,21.3,USA,Hawaii,Oahu,07fd0d79-4883-435f-bba1-58fef110cd13,1801687500
Dubautia laxa Hook. & Arn.,Dubautia,laxa,-156.331944,20.798333,USA,Hawaii,Maui,aab0cf80-0c64-11dd-84d1-b8a03c50a862,2165812500
Dubautia laxa Hook. & Arn.,Dubautia,laxa,-156.331944,20.798333,USA,Hawaii,Maui,aab0cf80-0c64-11dd-84d1-b8a03c50a862,2165812500
Dubautia laxa Hook. & Arn.,Dubautia,laxa,-159.496129,22.070643,USA,Hawaii,Kauai,d415c253-4d61-4459-9d25-4015b9084fb0,1683250000
Dubautia laxa subsp. bryanii (Sherff) G.D.Carr,Dubautia,laxa_bryanii,-157.94856,21.462964,USA,Hawaii,Oahu,50c9509d-22c7-4a22-a47d-8c48425ef4a7,1801687500
Dubautia laxa subsp. bryanii (Sherff) G.D.Carr,Dubautia,laxa_bryanii,-157.80689,21.411758,USA,Hawaii,Oahu,50c9509d-22c7-4a22-a47d-8c48425ef4a7,1801687500
Dubautia laxa subsp. bryanii (Sherff) G.D.Carr,Dubautia,laxa_bryanii,-157.885778,21.413396,USA,Hawaii,Oahu,50c9509d-22c7-4a22-a47d-8c48425ef4a7,1801687500
Dubautia laxa subsp. bryanii (Sherff) G.D.Carr,Dubautia,laxa_bryanii,-157.925,21.5331,USA,Hawaii,Oahu,821cc27a-e3bb-4bc5-ac34-89ada245069d,1801687500
Dubautia laxa subsp. bryanii (Sherff) G.D.Carr,Dubautia,laxa_bryanii,-157.92,21.5342,USA,Hawaii,Oahu,b929f23d-290f-4e85-8f17-764c55b3b284,1801687500
Dubautia laxa subsp. bryanii (Sherff) G.D.Carr,Dubautia,laxa_bryanii,-157.76639,21.30815,USA,Hawaii,Oahu,df582950-3b58-11dc-8c19-b8a03c50a862,1801687500
Dubautia laxa subsp. bryanii (Sherff) G.D.Carr,Dubautia,laxa_bryanii,-157.9,21.5667,USA,Hawaii,Oahu,b929f23d-290f-4e85-8f17-764c55b3b284,1801687500
Dubautia laxa subsp. bryanii (Sherff) G.D.Carr,Dubautia,laxa_bryanii,-157.917,21.5667,USA,Hawaii,Oahu,b929f23d-290f-4e85-8f17-764c55b3b284,1801687500
Dubautia laxa subsp. bryanii (Sherff) G.D.Carr,Dubautia,laxa_bryanii,-157.787887,21.323524,USA,Hawaii,Oahu,9781ce05-2379-4a10-ab3b-c91346510df8,1801687500
Dubautia laxa subsp. bryanii (Sherff) G.D.Carr,Dubautia,laxa_bryanii,-157.787887,21.323524,USA,Hawaii,Oahu,8567736a-23db-4ab2-aa13-888d3123be1b,1801687500
Dubautia laxa subsp. bryanii (Sherff) G.D.Carr,Dubautia,laxa_bryanii,-158,21.5,USA,Hawaii,Oahu,07fd0d79-4883-435f-bba1-58fef110cd13,1801687500
Dubautia laxa subsp. bryanii (Sherff) G.D.Carr,Dubautia,laxa_bryanii,-157.930441,21.614016,USA,Hawaii,Oahu,90c853e6-56bd-480b-8e8f-6285c3f8d42b,1801687500
Dubautia laxa subsp. bryanii (Sherff) G.D.Carr,Dubautia,laxa_bryanii,-157.9,21.6,USA,Hawaii,Oahu,b929f23d-290f-4e85-8f17-764c55b3b284,1801687500
Dubautia laxa subsp. hirsuta (Hillebr.) G.D.Carr,Dubautia,laxa_hirsuta,-159.551613,22.195528,USA,Hawaii,Kauai,50c9509d-22c7-4a22-a47d-8c48425ef4a7,1683250000
Dubautia laxa subsp. hirsuta (Hillebr.) G.D.Carr,Dubautia,laxa_hirsuta,-159.538662,22.121941,USA,Hawaii,Kauai,50c9509d-22c7-4a22-a47d-8c48425ef4a7,1683250000
Dubautia laxa subsp. hirsuta (Hillebr.) G.D.Carr,Dubautia,laxa_hirsuta,-159.442128,22.146619,USA,Hawaii,Kauai,50c9509d-22c7-4a22-a47d-8c48425ef4a7,1683250000
Dubautia laxa subsp. hirsuta (Hillebr.) G.D.Carr,Dubautia,laxa_hirsuta,-159.605166,22.167096,USA,Hawaii,Kauai,50c9509d-22c7-4a22-a47d-8c48425ef4a7,1683250000
Dubautia laxa subsp. hirsuta (Hillebr.) G.D.Carr,Dubautia,laxa_hirsuta,-159.524109,22.06053,USA,Hawaii,Kauai,50c9509d-22c7-4a22-a47d-8c48425ef4a7,1683250000
Dubautia laxa subsp. hirsuta (Hillebr.) G.D.Carr,Dubautia,laxa_hirsuta,-159.467663,22.133415,USA,Hawaii,Kauai,50c9509d-22c7-4a22-a47d-8c48425ef4a7,1683250000
Dubautia laxa subsp. hirsuta (Hillebr.) G.D.Carr,Dubautia,laxa_hirsuta,-159.502813,22.123609,USA,Hawaii,Kauai,50c9509d-22c7-4a22-a47d-8c48425ef4a7,1683250000
Dubautia laxa subsp. hirsuta (Hillebr.) G.D.Carr,Dubautia,laxa_hirsuta,-159.553644,22.192432,USA,Hawaii,Kauai,50c9509d-22c7-4a22-a47d-8c48425ef4a7,1683250000
Dubautia laxa subsp. hirsuta (Hillebr.) G.D.Carr,Dubautia,laxa_hirsuta,-159.500732,22.168394,USA,Hawaii,Kauai,50c9509d-22c7-4a22-a47d-8c48425ef4a7,1683250000
Dubautia laxa subsp. hirsuta (Hillebr.) G.D.Carr,Dubautia,laxa_hirsuta,-159.578926,22.06448,USA,Hawaii,Kauai,50c9509d-22c7-4a22-a47d-8c48425ef4a7,1683250000
Dubautia laxa subsp. hirsuta (Hillebr.) G.D.Carr,Dubautia,laxa_hirsuta,-159.426117,22.089765,USA,Hawaii,Kauai,50c9509d-22c7-4a22-a47d-8c48425ef4a7,1683250000
Dubautia laxa subsp. hirsuta (Hillebr.) G.D.Carr,Dubautia,laxa_hirsuta,-159.479213,22.185395,USA,Hawaii,Kauai,50c9509d-22c7-4a22-a47d-8c48425ef4a7,1683250000
Dubautia laxa subsp. hirsuta (Hillebr.) G.D.Carr,Dubautia,laxa_hirsuta,-159.603,22.1666,USA,Hawaii,Kauai,821cc27a-e3bb-4bc5-ac34-89ada245069d,1683250000
Dubautia laxa subsp. hirsuta (Hillebr.) G.D.Carr,Dubautia,laxa_hirsuta,-159.49,22.03,USA,Hawaii,Kauai,821cc27a-e3bb-4bc5-ac34-89ada245069d,1683250000
Dubautia laxa subsp. hirsuta (Hillebr.) G.D.Carr,Dubautia,laxa_hirsuta,-159.520611,22.188986,USA,Hawaii,Kauai,50c9509d-22c7-4a22-a47d-8c48425ef4a7,1683250000
Dubautia laxa subsp. hirsuta (Hillebr.) G.D.Carr,Dubautia,laxa_hirsuta,-159.575847,22.164848,USA,Hawaii,Kauai,50c9509d-22c7-4a22-a47d-8c48425ef4a7,1683250000
Dubautia laxa subsp. hirsuta (Hillebr.) G.D.Carr,Dubautia,laxa_hirsuta,-159.499,22.0704,USA,Hawaii,Kauai,821cc27a-e3bb-4bc5-ac34-89ada245069d,1683250000
Dubautia laxa subsp. hirsuta (Hillebr.) G.D.Carr,Dubautia,laxa_hirsuta,-159.410851,22.168436,USA,Hawaii,Kauai,50c9509d-22c7-4a22-a47d-8c48425ef4a7,1683250000
Dubautia laxa subsp. hirsuta (Hillebr.) G.D.Carr,Dubautia,laxa_hirsuta,-159.520162,22.002714,USA,Hawaii,Kauai,50c9509d-22c7-4a22-a47d-8c48425ef4a7,1683250000
Dubautia laxa subsp. hirsuta (Hillebr.) G.D.Carr,Dubautia,laxa_hirsuta,-159.594,22.1506,USA,Hawaii,Kauai,b929f23d-290f-4e85-8f17-764c55b3b284,1683250000
Dubautia laxa subsp. hirsuta (Hillebr.) G.D.Carr,Dubautia,laxa_hirsuta,-158.146,21.5028,USA,Hawaii,Oahu,b929f23d-290f-4e85-8f17-764c55b3b284,1801687500
Dubautia laxa subsp. hirsuta (Hillebr.) G.D.Carr,Dubautia,laxa_hirsuta,-159.495462,21.973733,USA,Hawaii,Kauai,9781ce05-2379-4a10-ab3b-c91346510df8,1683250000
Dubautia laxa subsp. hirsuta (Hillebr.) G.D.Carr,Dubautia,laxa_hirsuta,-159.495462,21.973733,USA,Hawaii,Kauai,8567736a-23db-4ab2-aa13-888d3123be1b,1683250000
Dubautia laxa subsp. hirsuta (Hillebr.) G.D.Carr,Dubautia,laxa_hirsuta,-156.93333,20.83333,USA,Hawaii,Lanai,f577c9f3-ae71-4278-b6bf-512ba1dfaa21,419687500
Dubautia laxa subsp. hirsuta (Hillebr.) G.D.Carr,Dubautia,laxa_hirsuta,-158.1,21.4,USA,Hawaii,Oahu,07fd0d79-4883-435f-bba1-58fef110cd13,1801687500
Dubautia laxa subsp. hirsuta (Hillebr.) G.D.Carr,Dubautia,laxa_hirsuta,-159.494115,22.069245,USA,Hawaii,Kauai,90c853e6-56bd-480b-8e8f-6285c3f8d42b,1683250000
Dubautia laxa subsp. laxa,Dubautia,laxa_laxa,-156.57,20.93,USA,Hawaii,Maui,b929f23d-290f-4e85-8f17-764c55b3b284,2165812500
Dubautia laxa subsp. laxa,Dubautia,laxa_laxa,-156.57,20.93,USA,Hawaii,Maui,b929f23d-290f-4e85-8f17-764c55b3b284,2165812500
Dubautia laxa subsp. laxa,Dubautia,laxa_laxa,-156.57,20.93,USA,Hawaii,Maui,821cc27a-e3bb-4bc5-ac34-89ada245069d,2165812500
Dubautia laxa subsp. laxa,Dubautia,laxa_laxa,-156.654,20.9372,USA,Hawaii,Maui,b929f23d-290f-4e85-8f17-764c55b3b284,2165812500
Dubautia laxa subsp. laxa,Dubautia,laxa_laxa,-156.30281,20.879831,USA,Hawaii,Maui,50c9509d-22c7-4a22-a47d-8c48425ef4a7,2165812500
Dubautia laxa subsp. laxa,Dubautia,laxa_laxa,-157.789,21.3539,USA,Hawaii,Oahu,b929f23d-290f-4e85-8f17-764c55b3b284,1801687500
Dubautia laxa subsp. laxa,Dubautia,laxa_laxa,-156.594,20.9094,USA,Hawaii,Maui,b929f23d-290f-4e85-8f17-764c55b3b284,2165812500
Dubautia laxa subsp. laxa,Dubautia,laxa_laxa,-156.85,21.0833,USA,Hawaii,Molokai,b929f23d-290f-4e85-8f17-764c55b3b284,780312500
Dubautia laxa subsp. laxa,Dubautia,laxa_laxa,-157.768435,21.295212,USA,Hawaii,Oahu,90c853e6-56bd-480b-8e8f-6285c3f8d42b,1801687500
Dubautia laxa subsp. laxa,Dubautia,laxa_laxa,-157.788793,21.353837,USA,Hawaii,Oahu,90c853e6-56bd-480b-8e8f-6285c3f8d42b,1801687500
Dubautia laxa subsp. laxa,Dubautia,laxa_laxa,-157.9,21.6,USA,Hawaii,Oahu,b929f23d-290f-4e85-8f17-764c55b3b284,1801687500
Dubautia laxa subsp. laxa,Dubautia,laxa_laxa,-155.53,19.69,USA,Hawaii,NA,f577c9f3-ae71-4278-b6bf-512ba1dfaa21,11824312500
Dubautia laxa subsp. laxa,Dubautia,laxa_laxa,-157.98333,21.46667,USA,Hawaii,Oahu,f577c9f3-ae71-4278-b6bf-512ba1dfaa21,1801687500
Dubautia laxa subsp. pseudoplantaginea (Skottsb.) G.D.Carr,Dubautia,laxa_pseudoplantaginea,-158,21.43889,USA,Hawaii,Oahu,f8f35535-8c10-43fc-89dc-eb0843f25394,1801687500
"Dubautia laxa var. blakei O.Deg. & Sherff, 1934",Dubautia,laxa,-156.51705,20.82504,USA,Hawaii,Maui,d415c253-4d61-4459-9d25-4015b9084fb0,2165812500
"Dubautia laxa var. blakei O.Deg. & Sherff, 1934",Dubautia,laxa,-156.516331,20.817885,USA,Hawaii,Maui,90c853e6-56bd-480b-8e8f-6285c3f8d42b,2165812500
"Dubautia laxa var. blakei O.Deg. & Sherff, 1934",Dubautia,laxa,-156.51705,20.82504,USA,Hawaii,Maui,d415c253-4d61-4459-9d25-4015b9084fb0,2165812500
"Dubautia laxa var. blakei O.Deg. & Sherff, 1934",Dubautia,laxa,-156.516331,20.817885,USA,Hawaii,Maui,90c853e6-56bd-480b-8e8f-6285c3f8d42b,2165812500
"Dubautia laxa var. blakei O.Deg. & Sherff, 1934",Dubautia,laxa,-156.516331,20.817885,USA,Hawaii,Maui,90c853e6-56bd-480b-8e8f-6285c3f8d42b,2165812500
"Dubautia laxa var. blakei O.Deg. & Sherff, 1934",Dubautia,laxa,-156.516331,20.817885,USA,Hawaii,Maui,90c853e6-56bd-480b-8e8f-6285c3f8d42b,2165812500
Dubautia linearis (Gaudich.) D.D.Keck,Dubautia,linearis,-156.336114,20.645596,USA,Hawaii,Maui,50c9509d-22c7-4a22-a47d-8c48425ef4a7,2165812500
Dubautia linearis (Gaudich.) D.D.Keck,Dubautia,linearis,-155.581981,19.821154,USA,Hawaii,NA,50c9509d-22c7-4a22-a47d-8c48425ef4a7,11824312500
Dubautia linearis (Gaudich.) D.D.Keck,Dubautia,linearis,-155.718635,19.646339,USA,Hawaii,NA,50c9509d-22c7-4a22-a47d-8c48425ef4a7,11824312500
Dubautia linearis (Gaudich.) D.D.Keck,Dubautia,linearis,-155.754064,19.713818,USA,Hawaii,NA,50c9509d-22c7-4a22-a47d-8c48425ef4a7,11824312500
Dubautia linearis (Gaudich.) D.D.Keck,Dubautia,linearis,-155.705923,19.762063,USA,Hawaii,NA,50c9509d-22c7-4a22-a47d-8c48425ef4a7,11824312500
Dubautia linearis (Gaudich.) D.D.Keck,Dubautia,linearis,-156.857471,21.063515,USA,Hawaii,Molokai,50c9509d-22c7-4a22-a47d-8c48425ef4a7,780312500
Dubautia linearis (Gaudich.) D.D.Keck,Dubautia,linearis,-155.694934,19.720435,USA,Hawaii,NA,50c9509d-22c7-4a22-a47d-8c48425ef4a7,11824312500
Dubautia linearis (Gaudich.) D.D.Keck,Dubautia,linearis,-155.794522,19.731878,USA,Hawaii,NA,50c9509d-22c7-4a22-a47d-8c48425ef4a7,11824312500
Dubautia linearis (Gaudich.) D.D.Keck,Dubautia,linearis,-155.593414,19.923721,USA,Hawaii,NA,50c9509d-22c7-4a22-a47d-8c48425ef4a7,11824312500
Dubautia linearis (Gaudich.) D.D.Keck,Dubautia,linearis,-155.49687,19.959339,USA,Hawaii,NA,50c9509d-22c7-4a22-a47d-8c48425ef4a7,11824312500
Dubautia linearis (Gaudich.) D.D.Keck,Dubautia,linearis,-155.46805,19.82057,USA,Hawaii,NA,e5d9d04e-ffd1-4395-9b10-76034f0c619c,11824312500
Dubautia linearis subsp. hillebrandii (H.Mann) G.D.Carr,Dubautia,linearis_hillebrandii,-155.668,19.7233,USA,Hawaii,NA,26098c25-8f7f-4c71-97ac-1d3db181c65e,11824312500
Dubautia linearis subsp. hillebrandii (H.Mann) G.D.Carr,Dubautia,linearis_hillebrandii,-155.668,19.7233,USA,Hawaii,NA,26098c25-8f7f-4c71-97ac-1d3db181c65e,11824312500
Dubautia linearis subsp. hillebrandii (H.Mann) G.D.Carr,Dubautia,linearis_hillebrandii,-155.668,19.7233,USA,Hawaii,NA,26098c25-8f7f-4c71-97ac-1d3db181c65e,11824312500
Dubautia linearis subsp. hillebrandii (H.Mann) G.D.Carr,Dubautia,linearis_hillebrandii,-155.668,19.7233,USA,Hawaii,NA,26098c25-8f7f-4c71-97ac-1d3db181c65e,11824312500
Dubautia linearis subsp. hillebrandii (H.Mann) G.D.Carr,Dubautia,linearis_hillebrandii,-155.67,19.72,USA,Hawaii,NA,d8cd16ba-bb74-4420-821e-083f2bac17c2,11824312500
Dubautia linearis subsp. hillebrandii (H.Mann) G.D.Carr,Dubautia,linearis_hillebrandii,-155.67,19.72,USA,Hawaii,NA,d8cd16ba-bb74-4420-821e-083f2bac17c2,11824312500
Dubautia linearis subsp. hillebrandii (H.Mann) G.D.Carr,Dubautia,linearis_hillebrandii,-155.55,19.75,USA,Hawaii,NA,b929f23d-290f-4e85-8f17-764c55b3b284,11824312500
Dubautia linearis subsp. hillebrandii (H.Mann) G.D.Carr,Dubautia,linearis_hillebrandii,-155.66583,19.54278,USA,Hawaii,NA,f8f35535-8c10-43fc-89dc-eb0843f25394,11824312500
Dubautia linearis subsp. hillebrandii (H.Mann) G.D.Carr,Dubautia,linearis_hillebrandii,-155.53,19.69,USA,Hawaii,NA,f577c9f3-ae71-4278-b6bf-512ba1dfaa21,11824312500
Dubautia linearis subsp. hillebrandii (H.Mann) G.D.Carr,Dubautia,linearis_hillebrandii,-155.885359,19.788478,USA,Hawaii,NA,90c853e6-56bd-480b-8e8f-6285c3f8d42b,11824312500
Dubautia linearis subsp. hillebrandii (H.Mann) G.D.Carr,Dubautia,linearis_hillebrandii,-155.885359,19.788478,USA,Hawaii,NA,90c853e6-56bd-480b-8e8f-6285c3f8d42b,11824312500
Dubautia linearis subsp. hillebrandii (H.Mann) G.D.Carr,Dubautia,linearis_hillebrandii,-155.885359,19.788478,USA,Hawaii,NA,90c853e6-56bd-480b-8e8f-6285c3f8d42b,11824312500
Dubautia linearis subsp. linearis,Dubautia,linearis_linearis,-155.65,19.8167,USA,Hawaii,NA,b929f23d-290f-4e85-8f17-764c55b3b284,11824312500
Dubautia linearis subsp. linearis,Dubautia,linearis_linearis,-155.53,19.69,USA,Hawaii,NA,f577c9f3-ae71-4278-b6bf-512ba1dfaa21,11824312500
Dubautia menziesii (A.Gray) D.D.Keck,Dubautia,menziesii,-156.251019,20.713353,USA,Hawaii,Maui,50c9509d-22c7-4a22-a47d-8c48425ef4a7,2165812500
Dubautia menziesii (A.Gray) D.D.Keck,Dubautia,menziesii,-156.236094,20.711603,USA,Hawaii,Maui,50c9509d-22c7-4a22-a47d-8c48425ef4a7,2165812500
Dubautia menziesii (A.Gray) D.D.Keck,Dubautia,menziesii,-156.225478,20.754058,USA,Hawaii,Maui,50c9509d-22c7-4a22-a47d-8c48425ef4a7,2165812500
Dubautia menziesii (A.Gray) D.D.Keck,Dubautia,menziesii,-156.24727,20.745838,USA,Hawaii,Maui,50c9509d-22c7-4a22-a47d-8c48425ef4a7,2165812500
Dubautia menziesii (A.Gray) D.D.Keck,Dubautia,menziesii,-156.24913,20.711553,USA,Hawaii,Maui,50c9509d-22c7-4a22-a47d-8c48425ef4a7,2165812500
Dubautia menziesii (A.Gray) D.D.Keck,Dubautia,menziesii,-156.249895,20.713745,USA,Hawaii,Maui,50c9509d-22c7-4a22-a47d-8c48425ef4a7,2165812500
Dubautia menziesii (A.Gray) D.D.Keck,Dubautia,menziesii,-156.253017,20.710052,USA,Hawaii,Maui,50c9509d-22c7-4a22-a47d-8c48425ef4a7,2165812500
Dubautia menziesii (A.Gray) D.D.Keck,Dubautia,menziesii,-156.250238,20.71516,USA,Hawaii,Maui,50c9509d-22c7-4a22-a47d-8c48425ef4a7,2165812500
Dubautia menziesii (A.Gray) D.D.Keck,Dubautia,menziesii,-156.253658,20.710085,USA,Hawaii,Maui,50c9509d-22c7-4a22-a47d-8c48425ef4a7,2165812500
Dubautia menziesii (A.Gray) D.D.Keck,Dubautia,menziesii,-156.225075,20.754273,USA,Hawaii,Maui,50c9509d-22c7-4a22-a47d-8c48425ef4a7,2165812500
Dubautia menziesii (A.Gray) D.D.Keck,Dubautia,menziesii,-156.25325,20.71023,USA,Hawaii,Maui,50c9509d-22c7-4a22-a47d-8c48425ef4a7,2165812500
Dubautia menziesii (A.Gray) D.D.Keck,Dubautia,menziesii,-156.250228,20.714578,USA,Hawaii,Maui,50c9509d-22c7-4a22-a47d-8c48425ef4a7,2165812500
Dubautia menziesii (A.Gray) D.D.Keck,Dubautia,menziesii,-156.261138,20.711863,USA,Hawaii,Maui,50c9509d-22c7-4a22-a47d-8c48425ef4a7,2165812500
Dubautia menziesii (A.Gray) D.D.Keck,Dubautia,menziesii,-156.249908,20.71493,USA,Hawaii,Maui,50c9509d-22c7-4a22-a47d-8c48425ef4a7,2165812500
Dubautia menziesii (A.Gray) D.D.Keck,Dubautia,menziesii,-156.2072,20.732778,USA,Hawaii,Maui,50c9509d-22c7-4a22-a47d-8c48425ef4a7,2165812500
Dubautia menziesii (A.Gray) D.D.Keck,Dubautia,menziesii,-156.23123,20.708996,USA,Hawaii,Maui,50c9509d-22c7-4a22-a47d-8c48425ef4a7,2165812500
Dubautia menziesii (A.Gray) D.D.Keck,Dubautia,menziesii,-156.249925,20.711737,USA,Hawaii,Maui,50c9509d-22c7-4a22-a47d-8c48425ef4a7,2165812500
Dubautia menziesii (A.Gray) D.D.Keck,Dubautia,menziesii,-156.190748,20.719311,USA,Hawaii,Maui,50c9509d-22c7-4a22-a47d-8c48425ef4a7,2165812500
Dubautia menziesii (A.Gray) D.D.Keck,Dubautia,menziesii,-156.250137,20.713297,USA,Hawaii,Maui,50c9509d-22c7-4a22-a47d-8c48425ef4a7,2165812500
Dubautia menziesii (A.Gray) D.D.Keck,Dubautia,menziesii,-156.250183,20.71477,USA,Hawaii,Maui,50c9509d-22c7-4a22-a47d-8c48425ef4a7,2165812500
Dubautia menziesii (A.Gray) D.D.Keck,Dubautia,menziesii,-156.252668,20.715452,USA,Hawaii,Maui,50c9509d-22c7-4a22-a47d-8c48425ef4a7,2165812500
Dubautia menziesii (A.Gray) D.D.Keck,Dubautia,menziesii,-156.242355,20.710245,USA,Hawaii,Maui,50c9509d-22c7-4a22-a47d-8c48425ef4a7,2165812500
Dubautia menziesii (A.Gray) D.D.Keck,Dubautia,menziesii,-156.242233,20.710983,USA,Hawaii,Maui,50c9509d-22c7-4a22-a47d-8c48425ef4a7,2165812500
Dubautia menziesii (A.Gray) D.D.Keck,Dubautia,menziesii,-156.249817,20.713422,USA,Hawaii,Maui,50c9509d-22c7-4a22-a47d-8c48425ef4a7,2165812500
Dubautia menziesii (A.Gray) D.D.Keck,Dubautia,menziesii,-156.250266,20.714593,USA,Hawaii,Maui,50c9509d-22c7-4a22-a47d-8c48425ef4a7,2165812500
Dubautia menziesii (A.Gray) D.D.Keck,Dubautia,menziesii,-156.249831,20.714986,USA,Hawaii,Maui,50c9509d-22c7-4a22-a47d-8c48425ef4a7,2165812500
Dubautia menziesii (A.Gray) D.D.Keck,Dubautia,menziesii,-156.238995,20.710413,USA,Hawaii,Maui,50c9509d-22c7-4a22-a47d-8c48425ef4a7,2165812500
Dubautia menziesii (A.Gray) D.D.Keck,Dubautia,menziesii,-156.250916,20.713829,USA,Hawaii,Maui,50c9509d-22c7-4a22-a47d-8c48425ef4a7,2165812500
Dubautia menziesii (A.Gray) D.D.Keck,Dubautia,menziesii,-156.250057,20.713198,USA,Hawaii,Maui,50c9509d-22c7-4a22-a47d-8c48425ef4a7,2165812500
Dubautia menziesii (A.Gray) D.D.Keck,Dubautia,menziesii,-156.240123,20.745908,USA,Hawaii,Maui,50c9509d-22c7-4a22-a47d-8c48425ef4a7,2165812500
Dubautia menziesii (A.Gray) D.D.Keck,Dubautia,menziesii,-156.240123,20.745908,USA,Hawaii,Maui,50c9509d-22c7-4a22-a47d-8c48425ef4a7,2165812500
Dubautia menziesii (A.Gray) D.D.Keck,Dubautia,menziesii,-156.240123,20.745908,USA,Hawaii,Maui,50c9509d-22c7-4a22-a47d-8c48425ef4a7,2165812500
Dubautia menziesii (A.Gray) D.D.Keck,Dubautia,menziesii,-156.252294,20.713231,USA,Hawaii,Maui,50c9509d-22c7-4a22-a47d-8c48425ef4a7,2165812500
Dubautia menziesii (A.Gray) D.D.Keck,Dubautia,menziesii,-156.252294,20.713231,USA,Hawaii,Maui,50c9509d-22c7-4a22-a47d-8c48425ef4a7,2165812500
Dubautia menziesii (A.Gray) D.D.Keck,Dubautia,menziesii,-156.249717,20.715683,USA,Hawaii,Maui,50c9509d-22c7-4a22-a47d-8c48425ef4a7,2165812500
Dubautia menziesii (A.Gray) D.D.Keck,Dubautia,menziesii,-156.249878,20.715023,USA,Hawaii,Maui,50c9509d-22c7-4a22-a47d-8c48425ef4a7,2165812500
Dubautia menziesii (A.Gray) D.D.Keck,Dubautia,menziesii,-156.037409,20.69984,USA,Hawaii,Maui,50c9509d-22c7-4a22-a47d-8c48425ef4a7,2165812500
Dubautia menziesii (A.Gray) D.D.Keck,Dubautia,menziesii,-156.235078,20.736545,USA,Hawaii,Maui,50c9509d-22c7-4a22-a47d-8c48425ef4a7,2165812500
Dubautia menziesii (A.Gray) D.D.Keck,Dubautia,menziesii,-156.250008,20.713544,USA,Hawaii,Maui,50c9509d-22c7-4a22-a47d-8c48425ef4a7,2165812500
Dubautia menziesii (A.Gray) D.D.Keck,Dubautia,menziesii,-156.214392,20.7387,USA,Hawaii,Maui,50c9509d-22c7-4a22-a47d-8c48425ef4a7,2165812500
Dubautia menziesii (A.Gray) D.D.Keck,Dubautia,menziesii,-156.252948,20.709939,USA,Hawaii,Maui,50c9509d-22c7-4a22-a47d-8c48425ef4a7,2165812500
Dubautia menziesii (A.Gray) D.D.Keck,Dubautia,menziesii,-156.241702,20.711209,USA,Hawaii,Maui,50c9509d-22c7-4a22-a47d-8c48425ef4a7,2165812500
Dubautia menziesii (A.Gray) D.D.Keck,Dubautia,menziesii,-156.250092,20.71492,USA,Hawaii,Maui,50c9509d-22c7-4a22-a47d-8c48425ef4a7,2165812500
Dubautia menziesii (A.Gray) D.D.Keck,Dubautia,menziesii,-156.252921,20.710134,USA,Hawaii,Maui,50c9509d-22c7-4a22-a47d-8c48425ef4a7,2165812500
Dubautia menziesii (A.Gray) D.D.Keck,Dubautia,menziesii,-156.250246,20.713338,USA,Hawaii,Maui,50c9509d-22c7-4a22-a47d-8c48425ef4a7,2165812500
Dubautia menziesii (A.Gray) D.D.Keck,Dubautia,menziesii,-156.302784,20.753734,USA,Hawaii,Maui,50c9509d-22c7-4a22-a47d-8c48425ef4a7,2165812500
Dubautia menziesii (A.Gray) D.D.Keck,Dubautia,menziesii,-156.29287,20.6321,USA,Hawaii,Maui,50c9509d-22c7-4a22-a47d-8c48425ef4a7,2165812500
Dubautia menziesii (A.Gray) D.D.Keck,Dubautia,menziesii,-156.352562,20.714035,USA,Hawaii,Maui,50c9509d-22c7-4a22-a47d-8c48425ef4a7,2165812500
Dubautia menziesii (A.Gray) D.D.Keck,Dubautia,menziesii,-156.338216,20.756374,USA,Hawaii,Maui,50c9509d-22c7-4a22-a47d-8c48425ef4a7,2165812500
Dubautia menziesii (A.Gray) D.D.Keck,Dubautia,menziesii,-156.238982,20.710347,USA,Hawaii,Maui,50c9509d-22c7-4a22-a47d-8c48425ef4a7,2165812500
Dubautia menziesii (A.Gray) D.D.Keck,Dubautia,menziesii,-156.250555,20.714285,USA,Hawaii,Maui,50c9509d-22c7-4a22-a47d-8c48425ef4a7,2165812500
Dubautia menziesii (A.Gray) D.D.Keck,Dubautia,menziesii,-156.141686,20.717905,USA,Hawaii,Maui,50c9509d-22c7-4a22-a47d-8c48425ef4a7,2165812500
Dubautia menziesii (A.Gray) D.D.Keck,Dubautia,menziesii,-156.225067,20.754175,USA,Hawaii,Maui,50c9509d-22c7-4a22-a47d-8c48425ef4a7,2165812500
Dubautia menziesii (A.Gray) D.D.Keck,Dubautia,menziesii,-156.317737,20.631221,USA,Hawaii,Maui,50c9509d-22c7-4a22-a47d-8c48425ef4a7,2165812500
Dubautia menziesii (A.Gray) D.D.Keck,Dubautia,menziesii,-156.285782,20.75367,USA,Hawaii,Maui,50c9509d-22c7-4a22-a47d-8c48425ef4a7,2165812500
Dubautia menziesii (A.Gray) D.D.Keck,Dubautia,menziesii,-156.224905,20.728549,USA,Hawaii,Maui,50c9509d-22c7-4a22-a47d-8c48425ef4a7,2165812500
Dubautia menziesii (A.Gray) D.D.Keck,Dubautia,menziesii,-156.250029,20.71324,USA,Hawaii,Maui,50c9509d-22c7-4a22-a47d-8c48425ef4a7,2165812500
Dubautia menziesii (A.Gray) D.D.Keck,Dubautia,menziesii,-156.243811,20.72327,USA,Hawaii,Maui,50c9509d-22c7-4a22-a47d-8c48425ef4a7,2165812500
Dubautia menziesii (A.Gray) D.D.Keck,Dubautia,menziesii,-156.228775,20.74435,USA,Hawaii,Maui,50c9509d-22c7-4a22-a47d-8c48425ef4a7,2165812500
Dubautia menziesii (A.Gray) D.D.Keck,Dubautia,menziesii,-156.241868,20.711577,USA,Hawaii,Maui,50c9509d-22c7-4a22-a47d-8c48425ef4a7,2165812500
Dubautia menziesii (A.Gray) D.D.Keck,Dubautia,menziesii,-156.238798,20.710229,USA,Hawaii,Maui,50c9509d-22c7-4a22-a47d-8c48425ef4a7,2165812500
Dubautia menziesii (A.Gray) D.D.Keck,Dubautia,menziesii,-156.251756,20.714814,USA,Hawaii,Maui,50c9509d-22c7-4a22-a47d-8c48425ef4a7,2165812500
Dubautia menziesii (A.Gray) D.D.Keck,Dubautia,menziesii,-156.243881,20.733398,USA,Hawaii,Maui,50c9509d-22c7-4a22-a47d-8c48425ef4a7,2165812500
Dubautia menziesii (A.Gray) D.D.Keck,Dubautia,menziesii,-156.250486,20.713572,USA,Hawaii,Maui,50c9509d-22c7-4a22-a47d-8c48425ef4a7,2165812500
Dubautia menziesii (A.Gray) D.D.Keck,Dubautia,menziesii,-156.250486,20.713572,USA,Hawaii,Maui,50c9509d-22c7-4a22-a47d-8c48425ef4a7,2165812500
Dubautia menziesii (A.Gray) D.D.Keck,Dubautia,menziesii,-156.250297,20.7142,USA,Hawaii,Maui,50c9509d-22c7-4a22-a47d-8c48425ef4a7,2165812500
Dubautia menziesii (A.Gray) D.D.Keck,Dubautia,menziesii,-156.249938,20.715105,USA,Hawaii,Maui,50c9509d-22c7-4a22-a47d-8c48425ef4a7,2165812500
Dubautia menziesii (A.Gray) D.D.Keck,Dubautia,menziesii,-156.249803,20.714563,USA,Hawaii,Maui,50c9509d-22c7-4a22-a47d-8c48425ef4a7,2165812500
Dubautia menziesii (A.Gray) D.D.Keck,Dubautia,menziesii,-156.252717,20.71083,USA,Hawaii,Maui,50c9509d-22c7-4a22-a47d-8c48425ef4a7,2165812500
Dubautia menziesii (A.Gray) D.D.Keck,Dubautia,menziesii,-156.25293,20.710222,USA,Hawaii,Maui,50c9509d-22c7-4a22-a47d-8c48425ef4a7,2165812500
Dubautia menziesii (A.Gray) D.D.Keck,Dubautia,menziesii,-156.225012,20.754277,USA,Hawaii,Maui,50c9509d-22c7-4a22-a47d-8c48425ef4a7,2165812500
Dubautia menziesii (A.Gray) D.D.Keck,Dubautia,menziesii,-156.224833,20.754324,USA,Hawaii,Maui,50c9509d-22c7-4a22-a47d-8c48425ef4a7,2165812500
Dubautia menziesii (A.Gray) D.D.Keck,Dubautia,menziesii,-156.205652,20.7078,USA,Hawaii,Maui,50c9509d-22c7-4a22-a47d-8c48425ef4a7,2165812500
Dubautia menziesii (A.Gray) D.D.Keck,Dubautia,menziesii,-156.205652,20.7078,USA,Hawaii,Maui,50c9509d-22c7-4a22-a47d-8c48425ef4a7,2165812500
Dubautia menziesii (A.Gray) D.D.Keck,Dubautia,menziesii,-156.250481,20.713766,USA,Hawaii,Maui,50c9509d-22c7-4a22-a47d-8c48425ef4a7,2165812500
Dubautia menziesii (A.Gray) D.D.Keck,Dubautia,menziesii,-156.382566,20.671533,USA,Hawaii,Maui,50c9509d-22c7-4a22-a47d-8c48425ef4a7,2165812500
Dubautia menziesii (A.Gray) D.D.Keck,Dubautia,menziesii,-156.249758,20.714178,USA,Hawaii,Maui,50c9509d-22c7-4a22-a47d-8c48425ef4a7,2165812500
Dubautia menziesii (A.Gray) D.D.Keck,Dubautia,menziesii,-156.252856,20.70995,USA,Hawaii,Maui,50c9509d-22c7-4a22-a47d-8c48425ef4a7,2165812500
Dubautia menziesii (A.Gray) D.D.Keck,Dubautia,menziesii,-156.25057,20.712786,USA,Hawaii,Maui,50c9509d-22c7-4a22-a47d-8c48425ef4a7,2165812500
Dubautia menziesii (A.Gray) D.D.Keck,Dubautia,menziesii,-156.249616,20.711658,USA,Hawaii,Maui,50c9509d-22c7-4a22-a47d-8c48425ef4a7,2165812500
Dubautia menziesii (A.Gray) D.D.Keck,Dubautia,menziesii,-156.249182,20.711592,USA,Hawaii,Maui,50c9509d-22c7-4a22-a47d-8c48425ef4a7,2165812500
Dubautia menziesii (A.Gray) D.D.Keck,Dubautia,menziesii,-156.242093,20.710401,USA,Hawaii,Maui,50c9509d-22c7-4a22-a47d-8c48425ef4a7,2165812500
Dubautia menziesii (A.Gray) D.D.Keck,Dubautia,menziesii,-156.250295,20.712597,USA,Hawaii,Maui,50c9509d-22c7-4a22-a47d-8c48425ef4a7,2165812500
Dubautia menziesii (A.Gray) D.D.Keck,Dubautia,menziesii,-156.253445,20.709995,USA,Hawaii,Maui,50c9509d-22c7-4a22-a47d-8c48425ef4a7,2165812500
Dubautia menziesii (A.Gray) D.D.Keck,Dubautia,menziesii,-156.250122,20.714722,USA,Hawaii,Maui,50c9509d-22c7-4a22-a47d-8c48425ef4a7,2165812500
Dubautia menziesii (A.Gray) D.D.Keck,Dubautia,menziesii,-156.250305,20.713455,USA,Hawaii,Maui,50c9509d-22c7-4a22-a47d-8c48425ef4a7,2165812500
Dubautia menziesii (A.Gray) D.D.Keck,Dubautia,menziesii,-156.253145,20.710313,USA,Hawaii,Maui,50c9509d-22c7-4a22-a47d-8c48425ef4a7,2165812500
Dubautia menziesii (A.Gray) D.D.Keck,Dubautia,menziesii,-156.25303,20.710044,USA,Hawaii,Maui,50c9509d-22c7-4a22-a47d-8c48425ef4a7,2165812500
Dubautia menziesii (A.Gray) D.D.Keck,Dubautia,menziesii,-156.25303,20.710044,USA,Hawaii,Maui,50c9509d-22c7-4a22-a47d-8c48425ef4a7,2165812500
Dubautia menziesii (A.Gray) D.D.Keck,Dubautia,menziesii,-156.25303,20.710044,USA,Hawaii,Maui,50c9509d-22c7-4a22-a47d-8c48425ef4a7,2165812500
Dubautia menziesii (A.Gray) D.D.Keck,Dubautia,menziesii,-156.249942,20.714587,USA,Hawaii,Maui,50c9509d-22c7-4a22-a47d-8c48425ef4a7,2165812500
Dubautia menziesii (A.Gray) D.D.Keck,Dubautia,menziesii,-156.252931,20.709901,USA,Hawaii,Maui,50c9509d-22c7-4a22-a47d-8c48425ef4a7,2165812500
Dubautia menziesii (A.Gray) D.D.Keck,Dubautia,menziesii,-156.252931,20.709901,USA,Hawaii,Maui,50c9509d-22c7-4a22-a47d-8c48425ef4a7,2165812500
Dubautia menziesii (A.Gray) D.D.Keck,Dubautia,menziesii,-156.252931,20.709901,USA,Hawaii,Maui,50c9509d-22c7-4a22-a47d-8c48425ef4a7,2165812500
Dubautia menziesii (A.Gray) D.D.Keck,Dubautia,menziesii,-156.174488,20.709692,USA,Hawaii,Maui,50c9509d-22c7-4a22-a47d-8c48425ef4a7,2165812500
Dubautia menziesii (A.Gray) D.D.Keck,Dubautia,menziesii,-156.210147,20.736284,USA,Hawaii,Maui,50c9509d-22c7-4a22-a47d-8c48425ef4a7,2165812500
Dubautia menziesii (A.Gray) D.D.Keck,Dubautia,menziesii,-156.239808,20.73555,USA,Hawaii,Maui,50c9509d-22c7-4a22-a47d-8c48425ef4a7,2165812500
Dubautia menziesii (A.Gray) D.D.Keck,Dubautia,menziesii,-156.253005,20.71023,USA,Hawaii,Maui,50c9509d-22c7-4a22-a47d-8c48425ef4a7,2165812500
Dubautia menziesii (A.Gray) D.D.Keck,Dubautia,menziesii,-156.252992,20.710203,USA,Hawaii,Maui,50c9509d-22c7-4a22-a47d-8c48425ef4a7,2165812500
Dubautia menziesii (A.Gray) D.D.Keck,Dubautia,menziesii,-156.252808,20.710526,USA,Hawaii,Maui,50c9509d-22c7-4a22-a47d-8c48425ef4a7,2165812500
Dubautia menziesii (A.Gray) D.D.Keck,Dubautia,menziesii,-156.25032,20.713378,USA,Hawaii,Maui,50c9509d-22c7-4a22-a47d-8c48425ef4a7,2165812500
Dubautia menziesii (A.Gray) D.D.Keck,Dubautia,menziesii,-156.252326,20.712094,USA,Hawaii,Maui,50c9509d-22c7-4a22-a47d-8c48425ef4a7,2165812500
Dubautia menziesii (A.Gray) D.D.Keck,Dubautia,menziesii,-156.155152,20.720383,USA,Hawaii,Maui,50c9509d-22c7-4a22-a47d-8c48425ef4a7,2165812500
Dubautia menziesii (A.Gray) D.D.Keck,Dubautia,menziesii,-156.20958,20.735192,USA,Hawaii,Maui,50c9509d-22c7-4a22-a47d-8c48425ef4a7,2165812500
Dubautia menziesii (A.Gray) D.D.Keck,Dubautia,menziesii,-156.221908,20.707536,USA,Hawaii,Maui,50c9509d-22c7-4a22-a47d-8c48425ef4a7,2165812500
Dubautia menziesii (A.Gray) D.D.Keck,Dubautia,menziesii,-156.239863,20.754833,USA,Hawaii,Maui,50c9509d-22c7-4a22-a47d-8c48425ef4a7,2165812500
Dubautia menziesii (A.Gray) D.D.Keck,Dubautia,menziesii,-156.250204,20.713241,USA,Hawaii,Maui,50c9509d-22c7-4a22-a47d-8c48425ef4a7,2165812500
Dubautia menziesii (A.Gray) D.D.Keck,Dubautia,menziesii,-156.249875,20.714834,USA,Hawaii,Maui,50c9509d-22c7-4a22-a47d-8c48425ef4a7,2165812500
Dubautia menziesii (A.Gray) D.D.Keck,Dubautia,menziesii,-156.2509,20.714408,USA,Hawaii,Maui,50c9509d-22c7-4a22-a47d-8c48425ef4a7,2165812500
Dubautia menziesii (A.Gray) D.D.Keck,Dubautia,menziesii,-156.253007,20.709814,USA,Hawaii,Maui,50c9509d-22c7-4a22-a47d-8c48425ef4a7,2165812500
Dubautia menziesii (A.Gray) D.D.Keck,Dubautia,menziesii,-156.249949,20.715015,USA,Hawaii,Maui,50c9509d-22c7-4a22-a47d-8c48425ef4a7,2165812500
Dubautia menziesii (A.Gray) D.D.Keck,Dubautia,menziesii,-156.249847,20.714897,USA,Hawaii,Maui,50c9509d-22c7-4a22-a47d-8c48425ef4a7,2165812500
Dubautia menziesii (A.Gray) D.D.Keck,Dubautia,menziesii,-156.249791,20.711421,USA,Hawaii,Maui,50c9509d-22c7-4a22-a47d-8c48425ef4a7,2165812500
Dubautia menziesii (A.Gray) D.D.Keck,Dubautia,menziesii,-156.249955,20.713505,USA,Hawaii,Maui,50c9509d-22c7-4a22-a47d-8c48425ef4a7,2165812500
Dubautia menziesii (A.Gray) D.D.Keck,Dubautia,menziesii,-156.241743,20.745826,USA,Hawaii,Maui,50c9509d-22c7-4a22-a47d-8c48425ef4a7,2165812500
Dubautia menziesii (A.Gray) D.D.Keck,Dubautia,menziesii,-156.047233,20.724769,USA,Hawaii,Maui,50c9509d-22c7-4a22-a47d-8c48425ef4a7,2165812500
Dubautia menziesii (A.Gray) D.D.Keck,Dubautia,menziesii,-156.081733,20.693392,USA,Hawaii,Maui,50c9509d-22c7-4a22-a47d-8c48425ef4a7,2165812500
Dubautia menziesii (A.Gray) D.D.Keck,Dubautia,menziesii,-156.135452,20.722905,USA,Hawaii,Maui,50c9509d-22c7-4a22-a47d-8c48425ef4a7,2165812500
Dubautia menziesii (A.Gray) D.D.Keck,Dubautia,menziesii,-156.170941,20.682394,USA,Hawaii,Maui,50c9509d-22c7-4a22-a47d-8c48425ef4a7,2165812500
Dubautia menziesii (A.Gray) D.D.Keck,Dubautia,menziesii,-156.199779,20.777009,USA,Hawaii,Maui,50c9509d-22c7-4a22-a47d-8c48425ef4a7,2165812500
Dubautia menziesii (A.Gray) D.D.Keck,Dubautia,menziesii,-156.255525,20.708008,USA,Hawaii,Maui,50c9509d-22c7-4a22-a47d-8c48425ef4a7,2165812500
Dubautia menziesii (A.Gray) D.D.Keck,Dubautia,menziesii,-156.240164,20.701648,USA,Hawaii,Maui,50c9509d-22c7-4a22-a47d-8c48425ef4a7,2165812500
Dubautia menziesii (A.Gray) D.D.Keck,Dubautia,menziesii,-156.234801,20.736858,USA,Hawaii,Maui,50c9509d-22c7-4a22-a47d-8c48425ef4a7,2165812500
Dubautia menziesii (A.Gray) D.D.Keck,Dubautia,menziesii,-156.249832,20.714996,USA,Hawaii,Maui,50c9509d-22c7-4a22-a47d-8c48425ef4a7,2165812500
Dubautia menziesii (A.Gray) D.D.Keck,Dubautia,menziesii,-156.238465,20.733785,USA,Hawaii,Maui,50c9509d-22c7-4a22-a47d-8c48425ef4a7,2165812500
Dubautia menziesii (A.Gray) D.D.Keck,Dubautia,menziesii,-156.252827,20.710422,USA,Hawaii,Maui,50c9509d-22c7-4a22-a47d-8c48425ef4a7,2165812500
Dubautia menziesii (A.Gray) D.D.Keck,Dubautia,menziesii,-156.219367,20.738903,USA,Hawaii,Maui,50c9509d-22c7-4a22-a47d-8c48425ef4a7,2165812500
Dubautia menziesii (A.Gray) D.D.Keck,Dubautia,menziesii,-156.233908,20.752385,USA,Hawaii,Maui,50c9509d-22c7-4a22-a47d-8c48425ef4a7,2165812500
Dubautia menziesii (A.Gray) D.D.Keck,Dubautia,menziesii,-156.234385,20.742686,USA,Hawaii,Maui,50c9509d-22c7-4a22-a47d-8c48425ef4a7,2165812500
Dubautia menziesii (A.Gray) D.D.Keck,Dubautia,menziesii,-156.250704,20.714916,USA,Hawaii,Maui,50c9509d-22c7-4a22-a47d-8c48425ef4a7,2165812500
Dubautia menziesii (A.Gray) D.D.Keck,Dubautia,menziesii,-156.234537,20.736891,USA,Hawaii,Maui,50c9509d-22c7-4a22-a47d-8c48425ef4a7,2165812500
Dubautia menziesii (A.Gray) D.D.Keck,Dubautia,menziesii,-156.234329,20.736906,USA,Hawaii,Maui,50c9509d-22c7-4a22-a47d-8c48425ef4a7,2165812500
Dubautia menziesii (A.Gray) D.D.Keck,Dubautia,menziesii,-156.201312,20.721225,USA,Hawaii,Maui,50c9509d-22c7-4a22-a47d-8c48425ef4a7,2165812500
Dubautia menziesii (A.Gray) D.D.Keck,Dubautia,menziesii,-156.249938,20.711697,USA,Hawaii,Maui,50c9509d-22c7-4a22-a47d-8c48425ef4a7,2165812500
Dubautia menziesii (A.Gray) D.D.Keck,Dubautia,menziesii,-156.252969,20.710481,USA,Hawaii,Maui,50c9509d-22c7-4a22-a47d-8c48425ef4a7,2165812500
Dubautia menziesii (A.Gray) D.D.Keck,Dubautia,menziesii,-156.250017,20.711942,USA,Hawaii,Maui,50c9509d-22c7-4a22-a47d-8c48425ef4a7,2165812500
Dubautia menziesii (A.Gray) D.D.Keck,Dubautia,menziesii,-156.242033,20.710394,USA,Hawaii,Maui,50c9509d-22c7-4a22-a47d-8c48425ef4a7,2165812500
Dubautia menziesii (A.Gray) D.D.Keck,Dubautia,menziesii,-156.253442,20.710008,USA,Hawaii,Maui,50c9509d-22c7-4a22-a47d-8c48425ef4a7,2165812500
Dubautia menziesii (A.Gray) D.D.Keck,Dubautia,menziesii,-156.243165,20.710261,USA,Hawaii,Maui,50c9509d-22c7-4a22-a47d-8c48425ef4a7,2165812500
Dubautia menziesii (A.Gray) D.D.Keck,Dubautia,menziesii,-156.242393,20.710301,USA,Hawaii,Maui,50c9509d-22c7-4a22-a47d-8c48425ef4a7,2165812500
Dubautia menziesii (A.Gray) D.D.Keck,Dubautia,menziesii,-156.213983,20.706579,USA,Hawaii,Maui,50c9509d-22c7-4a22-a47d-8c48425ef4a7,2165812500
Dubautia menziesii (A.Gray) D.D.Keck,Dubautia,menziesii,-156.212608,20.708932,USA,Hawaii,Maui,50c9509d-22c7-4a22-a47d-8c48425ef4a7,2165812500
Dubautia menziesii (A.Gray) D.D.Keck,Dubautia,menziesii,-156.196384,20.720986,USA,Hawaii,Maui,50c9509d-22c7-4a22-a47d-8c48425ef4a7,2165812500
Dubautia menziesii (A.Gray) D.D.Keck,Dubautia,menziesii,-156.206393,20.730315,USA,Hawaii,Maui,50c9509d-22c7-4a22-a47d-8c48425ef4a7,2165812500
Dubautia menziesii (A.Gray) D.D.Keck,Dubautia,menziesii,-156.222971,20.755054,USA,Hawaii,Maui,50c9509d-22c7-4a22-a47d-8c48425ef4a7,2165812500
Dubautia menziesii (A.Gray) D.D.Keck,Dubautia,menziesii,-156.230189,20.744206,USA,Hawaii,Maui,50c9509d-22c7-4a22-a47d-8c48425ef4a7,2165812500
Dubautia menziesii (A.Gray) D.D.Keck,Dubautia,menziesii,-156.249542,20.711608,USA,Hawaii,Maui,50c9509d-22c7-4a22-a47d-8c48425ef4a7,2165812500
Dubautia menziesii (A.Gray) D.D.Keck,Dubautia,menziesii,-156.253065,20.709912,USA,Hawaii,Maui,50c9509d-22c7-4a22-a47d-8c48425ef4a7,2165812500
Dubautia menziesii (A.Gray) D.D.Keck,Dubautia,menziesii,-156.22635,20.753473,USA,Hawaii,Maui,50c9509d-22c7-4a22-a47d-8c48425ef4a7,2165812500
Dubautia menziesii (A.Gray) D.D.Keck,Dubautia,menziesii,-156.224839,20.754325,USA,Hawaii,Maui,50c9509d-22c7-4a22-a47d-8c48425ef4a7,2165812500
Dubautia menziesii (A.Gray) D.D.Keck,Dubautia,menziesii,-156.241911,20.711431,USA,Hawaii,Maui,50c9509d-22c7-4a22-a47d-8c48425ef4a7,2165812500
Dubautia menziesii (A.Gray) D.D.Keck,Dubautia,menziesii,-156.250105,20.712408,USA,Hawaii,Maui,50c9509d-22c7-4a22-a47d-8c48425ef4a7,2165812500
Dubautia menziesii (A.Gray) D.D.Keck,Dubautia,menziesii,-156.250338,20.712595,USA,Hawaii,Maui,50c9509d-22c7-4a22-a47d-8c48425ef4a7,2165812500
Dubautia menziesii (A.Gray) D.D.Keck,Dubautia,menziesii,-156.226883,20.753336,USA,Hawaii,Maui,50c9509d-22c7-4a22-a47d-8c48425ef4a7,2165812500
Dubautia menziesii (A.Gray) D.D.Keck,Dubautia,menziesii,-156.253006,20.710103,USA,Hawaii,Maui,50c9509d-22c7-4a22-a47d-8c48425ef4a7,2165812500
Dubautia menziesii (A.Gray) D.D.Keck,Dubautia,menziesii,-156.250244,20.714694,USA,Hawaii,Maui,50c9509d-22c7-4a22-a47d-8c48425ef4a7,2165812500
Dubautia menziesii (A.Gray) D.D.Keck,Dubautia,menziesii,-156.150196,20.719518,USA,Hawaii,Maui,50c9509d-22c7-4a22-a47d-8c48425ef4a7,2165812500
Dubautia menziesii (A.Gray) D.D.Keck,Dubautia,menziesii,-156.212443,20.752458,USA,Hawaii,Maui,50c9509d-22c7-4a22-a47d-8c48425ef4a7,2165812500
Dubautia menziesii (A.Gray) D.D.Keck,Dubautia,menziesii,-156.215383,20.755607,USA,Hawaii,Maui,50c9509d-22c7-4a22-a47d-8c48425ef4a7,2165812500
Dubautia menziesii (A.Gray) D.D.Keck,Dubautia,menziesii,-156.215383,20.755607,USA,Hawaii,Maui,50c9509d-22c7-4a22-a47d-8c48425ef4a7,2165812500
Dubautia menziesii (A.Gray) D.D.Keck,Dubautia,menziesii,-156.224717,20.754363,USA,Hawaii,Maui,50c9509d-22c7-4a22-a47d-8c48425ef4a7,2165812500
Dubautia menziesii (A.Gray) D.D.Keck,Dubautia,menziesii,-156.249955,20.711733,USA,Hawaii,Maui,50c9509d-22c7-4a22-a47d-8c48425ef4a7,2165812500
Dubautia menziesii (A.Gray) D.D.Keck,Dubautia,menziesii,-156.249746,20.714994,USA,Hawaii,Maui,50c9509d-22c7-4a22-a47d-8c48425ef4a7,2165812500
Dubautia menziesii (A.Gray) D.D.Keck,Dubautia,menziesii,-156.250964,20.714678,USA,Hawaii,Maui,50c9509d-22c7-4a22-a47d-8c48425ef4a7,2165812500
Dubautia menziesii (A.Gray) D.D.Keck,Dubautia,menziesii,-156.234603,20.736978,USA,Hawaii,Maui,50c9509d-22c7-4a22-a47d-8c48425ef4a7,2165812500
Dubautia menziesii (A.Gray) D.D.Keck,Dubautia,menziesii,-156.249937,20.713219,USA,Hawaii,Maui,50c9509d-22c7-4a22-a47d-8c48425ef4a7,2165812500
Dubautia menziesii (A.Gray) D.D.Keck,Dubautia,menziesii,-156.249941,20.713504,USA,Hawaii,Maui,50c9509d-22c7-4a22-a47d-8c48425ef4a7,2165812500
Dubautia menziesii (A.Gray) D.D.Keck,Dubautia,menziesii,-156.256212,20.707703,USA,Hawaii,Maui,50c9509d-22c7-4a22-a47d-8c48425ef4a7,2165812500
Dubautia menziesii (A.Gray) D.D.Keck,Dubautia,menziesii,-156.250197,20.71323,USA,Hawaii,Maui,50c9509d-22c7-4a22-a47d-8c48425ef4a7,2165812500
Dubautia menziesii (A.Gray) D.D.Keck,Dubautia,menziesii,-156.251128,20.713037,USA,Hawaii,Maui,50c9509d-22c7-4a22-a47d-8c48425ef4a7,2165812500
Dubautia menziesii (A.Gray) D.D.Keck,Dubautia,menziesii,-156.249833,20.715038,USA,Hawaii,Maui,50c9509d-22c7-4a22-a47d-8c48425ef4a7,2165812500
Dubautia menziesii (A.Gray) D.D.Keck,Dubautia,menziesii,-156.249985,20.715019,USA,Hawaii,Maui,50c9509d-22c7-4a22-a47d-8c48425ef4a7,2165812500
Dubautia menziesii (A.Gray) D.D.Keck,Dubautia,menziesii,-156.228438,20.744353,USA,Hawaii,Maui,50c9509d-22c7-4a22-a47d-8c48425ef4a7,2165812500
Dubautia menziesii (A.Gray) D.D.Keck,Dubautia,menziesii,-156.253056,20.710278,USA,Hawaii,Maui,50c9509d-22c7-4a22-a47d-8c48425ef4a7,2165812500
Dubautia menziesii (A.Gray) D.D.Keck,Dubautia,menziesii,-156.155152,20.720307,USA,Hawaii,Maui,50c9509d-22c7-4a22-a47d-8c48425ef4a7,2165812500
Dubautia menziesii (A.Gray) D.D.Keck,Dubautia,menziesii,-156.249823,20.714855,USA,Hawaii,Maui,50c9509d-22c7-4a22-a47d-8c48425ef4a7,2165812500
Dubautia menziesii (A.Gray) D.D.Keck,Dubautia,menziesii,-156.249823,20.714837,USA,Hawaii,Maui,50c9509d-22c7-4a22-a47d-8c48425ef4a7,2165812500
Dubautia menziesii (A.Gray) D.D.Keck,Dubautia,menziesii,-156.249823,20.714837,USA,Hawaii,Maui,50c9509d-22c7-4a22-a47d-8c48425ef4a7,2165812500
Dubautia menziesii (A.Gray) D.D.Keck,Dubautia,menziesii,-156.253037,20.71,USA,Hawaii,Maui,50c9509d-22c7-4a22-a47d-8c48425ef4a7,2165812500
Dubautia menziesii (A.Gray) D.D.Keck,Dubautia,menziesii,-156.249787,20.714767,USA,Hawaii,Maui,50c9509d-22c7-4a22-a47d-8c48425ef4a7,2165812500
Dubautia menziesii (A.Gray) D.D.Keck,Dubautia,menziesii,-156.24997,20.713633,USA,Hawaii,Maui,50c9509d-22c7-4a22-a47d-8c48425ef4a7,2165812500
Dubautia menziesii (A.Gray) D.D.Keck,Dubautia,menziesii,-156.25003,20.71322,USA,Hawaii,Maui,50c9509d-22c7-4a22-a47d-8c48425ef4a7,2165812500
Dubautia menziesii (A.Gray) D.D.Keck,Dubautia,menziesii,-156.242145,20.710445,USA,Hawaii,Maui,50c9509d-22c7-4a22-a47d-8c48425ef4a7,2165812500
Dubautia menziesii (A.Gray) D.D.Keck,Dubautia,menziesii,-156.237401,20.74733,USA,Hawaii,Maui,50c9509d-22c7-4a22-a47d-8c48425ef4a7,2165812500
Dubautia menziesii (A.Gray) D.D.Keck,Dubautia,menziesii,-156.237401,20.74733,USA,Hawaii,Maui,50c9509d-22c7-4a22-a47d-8c48425ef4a7,2165812500
Dubautia menziesii (A.Gray) D.D.Keck,Dubautia,menziesii,-156.251042,20.714864,USA,Hawaii,Maui,50c9509d-22c7-4a22-a47d-8c48425ef4a7,2165812500
Dubautia menziesii (A.Gray) D.D.Keck,Dubautia,menziesii,-156.251208,20.713668,USA,Hawaii,Maui,50c9509d-22c7-4a22-a47d-8c48425ef4a7,2165812500
Dubautia menziesii (A.Gray) D.D.Keck,Dubautia,menziesii,-156.23047,20.744015,USA,Hawaii,Maui,50c9509d-22c7-4a22-a47d-8c48425ef4a7,2165812500
Dubautia menziesii (A.Gray) D.D.Keck,Dubautia,menziesii,-156.250237,20.715083,USA,Hawaii,Maui,50c9509d-22c7-4a22-a47d-8c48425ef4a7,2165812500
Dubautia menziesii (A.Gray) D.D.Keck,Dubautia,menziesii,-156.155152,20.720383,USA,Hawaii,Maui,50c9509d-22c7-4a22-a47d-8c48425ef4a7,2165812500
Dubautia menziesii (A.Gray) D.D.Keck,Dubautia,menziesii,-156.252962,20.709913,USA,Hawaii,Maui,50c9509d-22c7-4a22-a47d-8c48425ef4a7,2165812500
Dubautia menziesii (A.Gray) D.D.Keck,Dubautia,menziesii,-156.253037,20.71003,USA,Hawaii,Maui,50c9509d-22c7-4a22-a47d-8c48425ef4a7,2165812500
Dubautia menziesii (A.Gray) D.D.Keck,Dubautia,menziesii,-156.250197,20.713112,USA,Hawaii,Maui,50c9509d-22c7-4a22-a47d-8c48425ef4a7,2165812500
Dubautia menziesii (A.Gray) D.D.Keck,Dubautia,menziesii,-156.250347,20.713168,USA,Hawaii,Maui,50c9509d-22c7-4a22-a47d-8c48425ef4a7,2165812500
Dubautia menziesii (A.Gray) D.D.Keck,Dubautia,menziesii,-156.211272,20.737028,USA,Hawaii,Maui,50c9509d-22c7-4a22-a47d-8c48425ef4a7,2165812500
Dubautia menziesii (A.Gray) D.D.Keck,Dubautia,menziesii,-156.207717,20.731475,USA,Hawaii,Maui,50c9509d-22c7-4a22-a47d-8c48425ef4a7,2165812500
Dubautia menziesii (A.Gray) D.D.Keck,Dubautia,menziesii,-156.208206,20.731827,USA,Hawaii,Maui,50c9509d-22c7-4a22-a47d-8c48425ef4a7,2165812500
Dubautia menziesii (A.Gray) D.D.Keck,Dubautia,menziesii,-156.250006,20.713147,USA,Hawaii,Maui,50c9509d-22c7-4a22-a47d-8c48425ef4a7,2165812500
Dubautia menziesii (A.Gray) D.D.Keck,Dubautia,menziesii,-156.241578,20.71113,USA,Hawaii,Maui,7a3679ef-5582-4aaa-81f0-8c2545cafc81,2165812500
Dubautia menziesii (A.Gray) D.D.Keck,Dubautia,menziesii,-156.250054,20.714958,USA,Hawaii,Maui,50c9509d-22c7-4a22-a47d-8c48425ef4a7,2165812500
Dubautia menziesii (A.Gray) D.D.Keck,Dubautia,menziesii,-156.241837,20.711463,USA,Hawaii,Maui,50c9509d-22c7-4a22-a47d-8c48425ef4a7,2165812500
Dubautia menziesii (A.Gray) D.D.Keck,Dubautia,menziesii,-156.242117,20.711373,USA,Hawaii,Maui,50c9509d-22c7-4a22-a47d-8c48425ef4a7,2165812500
Dubautia menziesii (A.Gray) D.D.Keck,Dubautia,menziesii,-156.241685,20.711257,USA,Hawaii,Maui,50c9509d-22c7-4a22-a47d-8c48425ef4a7,2165812500
Dubautia menziesii (A.Gray) D.D.Keck,Dubautia,menziesii,-156.239073,20.710317,USA,Hawaii,Maui,50c9509d-22c7-4a22-a47d-8c48425ef4a7,2165812500
Dubautia menziesii (A.Gray) D.D.Keck,Dubautia,menziesii,-156.219524,20.706571,USA,Hawaii,Maui,50c9509d-22c7-4a22-a47d-8c48425ef4a7,2165812500
Dubautia menziesii (A.Gray) D.D.Keck,Dubautia,menziesii,-156.213675,20.706889,USA,Hawaii,Maui,50c9509d-22c7-4a22-a47d-8c48425ef4a7,2165812500
Dubautia menziesii (A.Gray) D.D.Keck,Dubautia,menziesii,-156.184579,20.717152,USA,Hawaii,Maui,50c9509d-22c7-4a22-a47d-8c48425ef4a7,2165812500
Dubautia menziesii (A.Gray) D.D.Keck,Dubautia,menziesii,-156.184871,20.716475,USA,Hawaii,Maui,50c9509d-22c7-4a22-a47d-8c48425ef4a7,2165812500
Dubautia menziesii (A.Gray) D.D.Keck,Dubautia,menziesii,-156.185373,20.716146,USA,Hawaii,Maui,50c9509d-22c7-4a22-a47d-8c48425ef4a7,2165812500
Dubautia menziesii (A.Gray) D.D.Keck,Dubautia,menziesii,-156.210122,20.736252,USA,Hawaii,Maui,50c9509d-22c7-4a22-a47d-8c48425ef4a7,2165812500
Dubautia menziesii (A.Gray) D.D.Keck,Dubautia,menziesii,-156.212561,20.752642,USA,Hawaii,Maui,50c9509d-22c7-4a22-a47d-8c48425ef4a7,2165812500
Dubautia menziesii (A.Gray) D.D.Keck,Dubautia,menziesii,-156.251008,20.713267,USA,Hawaii,Maui,50c9509d-22c7-4a22-a47d-8c48425ef4a7,2165812500
Dubautia menziesii (A.Gray) D.D.Keck,Dubautia,menziesii,-156.242386,20.710574,USA,Hawaii,Maui,50c9509d-22c7-4a22-a47d-8c48425ef4a7,2165812500
Dubautia menziesii (A.Gray) D.D.Keck,Dubautia,menziesii,-156.2529,20.709969,USA,Hawaii,Maui,50c9509d-22c7-4a22-a47d-8c48425ef4a7,2165812500
Dubautia menziesii (A.Gray) D.D.Keck,Dubautia,menziesii,-156.351831,20.660667,USA,Hawaii,Maui,50c9509d-22c7-4a22-a47d-8c48425ef4a7,2165812500
Dubautia menziesii (A.Gray) D.D.Keck,Dubautia,menziesii,-156.350944,20.667527,USA,Hawaii,Maui,50c9509d-22c7-4a22-a47d-8c48425ef4a7,2165812500
Dubautia menziesii (A.Gray) D.D.Keck,Dubautia,menziesii,-156.261135,20.663718,USA,Hawaii,Maui,50c9509d-22c7-4a22-a47d-8c48425ef4a7,2165812500
Dubautia menziesii (A.Gray) D.D.Keck,Dubautia,menziesii,-156.16801,20.706644,USA,Hawaii,Maui,50c9509d-22c7-4a22-a47d-8c48425ef4a7,2165812500
Dubautia menziesii (A.Gray) D.D.Keck,Dubautia,menziesii,-156.337608,20.629676,USA,Hawaii,Maui,50c9509d-22c7-4a22-a47d-8c48425ef4a7,2165812500
Dubautia menziesii (A.Gray) D.D.Keck,Dubautia,menziesii,-156.314153,20.775447,USA,Hawaii,Maui,50c9509d-22c7-4a22-a47d-8c48425ef4a7,2165812500
Dubautia menziesii (A.Gray) D.D.Keck,Dubautia,menziesii,-156.273308,20.673356,USA,Hawaii,Maui,50c9509d-22c7-4a22-a47d-8c48425ef4a7,2165812500
Dubautia menziesii (A.Gray) D.D.Keck,Dubautia,menziesii,-156.045696,20.688771,Hawaii,Maui,NA,50c9509d-22c7-4a22-a47d-8c48425ef4a7,2165812500
Dubautia menziesii (A.Gray) D.D.Keck,Dubautia,menziesii,-156.255052,20.770862,USA,Hawaii,Maui,50c9509d-22c7-4a22-a47d-8c48425ef4a7,2165812500
Dubautia menziesii (A.Gray) D.D.Keck,Dubautia,menziesii,-156.28544,20.692889,USA,Hawaii,Maui,50c9509d-22c7-4a22-a47d-8c48425ef4a7,2165812500
Dubautia menziesii (A.Gray) D.D.Keck,Dubautia,menziesii,-156.265871,20.688022,USA,Hawaii,Maui,50c9509d-22c7-4a22-a47d-8c48425ef4a7,2165812500
Dubautia menziesii (A.Gray) D.D.Keck,Dubautia,menziesii,-156.249837,20.714823,USA,Hawaii,Maui,50c9509d-22c7-4a22-a47d-8c48425ef4a7,2165812500
Dubautia menziesii (A.Gray) D.D.Keck,Dubautia,menziesii,-156.252973,20.710119,USA,Hawaii,Maui,50c9509d-22c7-4a22-a47d-8c48425ef4a7,2165812500
Dubautia menziesii (A.Gray) D.D.Keck,Dubautia,menziesii,-156.249934,20.711734,USA,Hawaii,Maui,50c9509d-22c7-4a22-a47d-8c48425ef4a7,2165812500
Dubautia menziesii (A.Gray) D.D.Keck,Dubautia,menziesii,-156.175717,20.714127,USA,Hawaii,Maui,50c9509d-22c7-4a22-a47d-8c48425ef4a7,2165812500
Dubautia menziesii (A.Gray) D.D.Keck,Dubautia,menziesii,-156.362691,20.73809,USA,Hawaii,Maui,50c9509d-22c7-4a22-a47d-8c48425ef4a7,2165812500
Dubautia menziesii (A.Gray) D.D.Keck,Dubautia,menziesii,-156.245476,20.739837,USA,Hawaii,Maui,50c9509d-22c7-4a22-a47d-8c48425ef4a7,2165812500
Dubautia menziesii (A.Gray) D.D.Keck,Dubautia,menziesii,-156.26173,20.706087,USA,Hawaii,Maui,50c9509d-22c7-4a22-a47d-8c48425ef4a7,2165812500
Dubautia menziesii (A.Gray) D.D.Keck,Dubautia,menziesii,-156.253342,20.709947,USA,Hawaii,Maui,50c9509d-22c7-4a22-a47d-8c48425ef4a7,2165812500
Dubautia menziesii (A.Gray) D.D.Keck,Dubautia,menziesii,-156.226397,20.746546,USA,Hawaii,Maui,50c9509d-22c7-4a22-a47d-8c48425ef4a7,2165812500
Dubautia menziesii (A.Gray) D.D.Keck,Dubautia,menziesii,-156.249937,20.713386,USA,Hawaii,Maui,50c9509d-22c7-4a22-a47d-8c48425ef4a7,2165812500
Dubautia menziesii (A.Gray) D.D.Keck,Dubautia,menziesii,-156.224647,20.754433,USA,Hawaii,Maui,50c9509d-22c7-4a22-a47d-8c48425ef4a7,2165812500
Dubautia menziesii (A.Gray) D.D.Keck,Dubautia,menziesii,-156.209002,20.737199,USA,Hawaii,Maui,50c9509d-22c7-4a22-a47d-8c48425ef4a7,2165812500
Dubautia menziesii (A.Gray) D.D.Keck,Dubautia,menziesii,-156.249908,20.711722,USA,Hawaii,Maui,50c9509d-22c7-4a22-a47d-8c48425ef4a7,2165812500
Dubautia menziesii (A.Gray) D.D.Keck,Dubautia,menziesii,-156.232117,20.70893,USA,Hawaii,Maui,50c9509d-22c7-4a22-a47d-8c48425ef4a7,2165812500
Dubautia menziesii (A.Gray) D.D.Keck,Dubautia,menziesii,-156.25,20.715019,USA,Hawaii,Maui,50c9509d-22c7-4a22-a47d-8c48425ef4a7,2165812500
Dubautia menziesii (A.Gray) D.D.Keck,Dubautia,menziesii,-156.249795,20.715099,USA,Hawaii,Maui,50c9509d-22c7-4a22-a47d-8c48425ef4a7,2165812500
Dubautia menziesii (A.Gray) D.D.Keck,Dubautia,menziesii,-156.24982,20.714994,USA,Hawaii,Maui,50c9509d-22c7-4a22-a47d-8c48425ef4a7,2165812500
Dubautia menziesii (A.Gray) D.D.Keck,Dubautia,menziesii,-156.25344,20.710082,USA,Hawaii,Maui,50c9509d-22c7-4a22-a47d-8c48425ef4a7,2165812500
Dubautia menziesii (A.Gray) D.D.Keck,Dubautia,menziesii,-156.2529,20.710603,USA,Hawaii,Maui,50c9509d-22c7-4a22-a47d-8c48425ef4a7,2165812500
Dubautia menziesii (A.Gray) D.D.Keck,Dubautia,menziesii,-156.24675,20.759312,USA,Hawaii,Maui,50c9509d-22c7-4a22-a47d-8c48425ef4a7,2165812500
Dubautia menziesii (A.Gray) D.D.Keck,Dubautia,menziesii,-156.246613,20.759472,USA,Hawaii,Maui,50c9509d-22c7-4a22-a47d-8c48425ef4a7,2165812500
Dubautia menziesii (A.Gray) D.D.Keck,Dubautia,menziesii,-156.245127,20.712485,USA,Hawaii,Maui,50c9509d-22c7-4a22-a47d-8c48425ef4a7,2165812500
Dubautia menziesii (A.Gray) D.D.Keck,Dubautia,menziesii,-156.225077,20.754149,USA,Hawaii,Maui,50c9509d-22c7-4a22-a47d-8c48425ef4a7,2165812500
Dubautia menziesii (A.Gray) D.D.Keck,Dubautia,menziesii,-156.250178,20.714583,USA,Hawaii,Maui,50c9509d-22c7-4a22-a47d-8c48425ef4a7,2165812500
Dubautia menziesii (A.Gray) D.D.Keck,Dubautia,menziesii,-156.246812,20.759262,USA,Hawaii,Maui,50c9509d-22c7-4a22-a47d-8c48425ef4a7,2165812500
Dubautia menziesii (A.Gray) D.D.Keck,Dubautia,menziesii,-156.229557,20.74408,USA,Hawaii,Maui,50c9509d-22c7-4a22-a47d-8c48425ef4a7,2165812500
Dubautia menziesii (A.Gray) D.D.Keck,Dubautia,menziesii,-156.250056,20.714796,USA,Hawaii,Maui,50c9509d-22c7-4a22-a47d-8c48425ef4a7,2165812500
Dubautia menziesii (A.Gray) D.D.Keck,Dubautia,menziesii,-156.25096,20.71423,USA,Hawaii,Maui,50c9509d-22c7-4a22-a47d-8c48425ef4a7,2165812500
Dubautia menziesii (A.Gray) D.D.Keck,Dubautia,menziesii,-156.253157,20.709917,USA,Hawaii,Maui,50c9509d-22c7-4a22-a47d-8c48425ef4a7,2165812500
Dubautia menziesii (A.Gray) D.D.Keck,Dubautia,menziesii,-156.234087,20.713008,USA,Hawaii,Maui,50c9509d-22c7-4a22-a47d-8c48425ef4a7,2165812500
Dubautia menziesii (A.Gray) D.D.Keck,Dubautia,menziesii,-156.253159,20.710279,USA,Hawaii,Maui,50c9509d-22c7-4a22-a47d-8c48425ef4a7,2165812500
Dubautia menziesii (A.Gray) D.D.Keck,Dubautia,menziesii,-156.250045,20.712287,USA,Hawaii,Maui,50c9509d-22c7-4a22-a47d-8c48425ef4a7,2165812500
Dubautia menziesii (A.Gray) D.D.Keck,Dubautia,menziesii,-156.250015,20.712046,USA,Hawaii,Maui,50c9509d-22c7-4a22-a47d-8c48425ef4a7,2165812500
Dubautia menziesii (A.Gray) D.D.Keck,Dubautia,menziesii,-156.214779,20.739018,USA,Hawaii,Maui,50c9509d-22c7-4a22-a47d-8c48425ef4a7,2165812500
Dubautia menziesii (A.Gray) D.D.Keck,Dubautia,menziesii,-156.249938,20.71348,USA,Hawaii,Maui,50c9509d-22c7-4a22-a47d-8c48425ef4a7,2165812500
Dubautia menziesii (A.Gray) D.D.Keck,Dubautia,menziesii,-156.250015,20.712324,USA,Hawaii,Maui,50c9509d-22c7-4a22-a47d-8c48425ef4a7,2165812500
Dubautia menziesii (A.Gray) D.D.Keck,Dubautia,menziesii,-156.250367,20.714095,USA,Hawaii,Maui,50c9509d-22c7-4a22-a47d-8c48425ef4a7,2165812500
Dubautia menziesii (A.Gray) D.D.Keck,Dubautia,menziesii,-156.249908,20.714508,USA,Hawaii,Maui,50c9509d-22c7-4a22-a47d-8c48425ef4a7,2165812500
Dubautia menziesii (A.Gray) D.D.Keck,Dubautia,menziesii,-156.249924,20.715025,USA,Hawaii,Maui,50c9509d-22c7-4a22-a47d-8c48425ef4a7,2165812500
Dubautia menziesii (A.Gray) D.D.Keck,Dubautia,menziesii,-156.242339,20.723369,USA,Hawaii,Maui,50c9509d-22c7-4a22-a47d-8c48425ef4a7,2165812500
Dubautia menziesii (A.Gray) D.D.Keck,Dubautia,menziesii,-156.249895,20.713483,USA,Hawaii,Maui,50c9509d-22c7-4a22-a47d-8c48425ef4a7,2165812500
Dubautia menziesii (A.Gray) D.D.Keck,Dubautia,menziesii,-156.252424,20.710378,USA,Hawaii,Maui,50c9509d-22c7-4a22-a47d-8c48425ef4a7,2165812500
Dubautia menziesii (A.Gray) D.D.Keck,Dubautia,menziesii,-156.253327,20.710383,USA,Hawaii,Maui,50c9509d-22c7-4a22-a47d-8c48425ef4a7,2165812500
Dubautia menziesii (A.Gray) D.D.Keck,Dubautia,menziesii,-156.249766,20.713812,USA,Hawaii,Maui,50c9509d-22c7-4a22-a47d-8c48425ef4a7,2165812500
Dubautia menziesii (A.Gray) D.D.Keck,Dubautia,menziesii,-156.226286,20.753444,USA,Hawaii,Maui,50c9509d-22c7-4a22-a47d-8c48425ef4a7,2165812500
Dubautia menziesii (A.Gray) D.D.Keck,Dubautia,menziesii,-156.178667,20.723016,USA,Hawaii,Maui,50c9509d-22c7-4a22-a47d-8c48425ef4a7,2165812500
Dubautia menziesii (A.Gray) D.D.Keck,Dubautia,menziesii,-156.148575,20.699427,USA,Hawaii,Maui,50c9509d-22c7-4a22-a47d-8c48425ef4a7,2165812500
Dubautia menziesii (A.Gray) D.D.Keck,Dubautia,menziesii,-156.253265,20.710168,USA,Hawaii,Maui,50c9509d-22c7-4a22-a47d-8c48425ef4a7,2165812500
Dubautia menziesii (A.Gray) D.D.Keck,Dubautia,menziesii,-156.25,20.712088,USA,Hawaii,Maui,50c9509d-22c7-4a22-a47d-8c48425ef4a7,2165812500
Dubautia menziesii (A.Gray) D.D.Keck,Dubautia,menziesii,-156.249925,20.713555,USA,Hawaii,Maui,50c9509d-22c7-4a22-a47d-8c48425ef4a7,2165812500
Dubautia menziesii (A.Gray) D.D.Keck,Dubautia,menziesii,-156.235438,20.710901,USA,Hawaii,Maui,14d5676a-2c54-4f94-9023-1e8dcd822aa0,2165812500
Dubautia menziesii (A.Gray) D.D.Keck,Dubautia,menziesii,-156.252792,20.710356,USA,Hawaii,Maui,50c9509d-22c7-4a22-a47d-8c48425ef4a7,2165812500
Dubautia menziesii (A.Gray) D.D.Keck,Dubautia,menziesii,-156.24989,20.714861,USA,Hawaii,Maui,50c9509d-22c7-4a22-a47d-8c48425ef4a7,2165812500
Dubautia menziesii (A.Gray) D.D.Keck,Dubautia,menziesii,-156.249678,20.711603,USA,Hawaii,Maui,50c9509d-22c7-4a22-a47d-8c48425ef4a7,2165812500
Dubautia menziesii (A.Gray) D.D.Keck,Dubautia,menziesii,-156.249832,20.713659,USA,Hawaii,Maui,50c9509d-22c7-4a22-a47d-8c48425ef4a7,2165812500
Dubautia menziesii (A.Gray) D.D.Keck,Dubautia,menziesii,-156.221038,20.707537,USA,Hawaii,Maui,50c9509d-22c7-4a22-a47d-8c48425ef4a7,2165812500
Dubautia menziesii (A.Gray) D.D.Keck,Dubautia,menziesii,-156.252792,20.710145,USA,Hawaii,Maui,50c9509d-22c7-4a22-a47d-8c48425ef4a7,2165812500
Dubautia menziesii (A.Gray) D.D.Keck,Dubautia,menziesii,-156.24176,20.71155,USA,Hawaii,Maui,50c9509d-22c7-4a22-a47d-8c48425ef4a7,2165812500
Dubautia menziesii (A.Gray) D.D.Keck,Dubautia,menziesii,-156.250013,20.71215,USA,Hawaii,Maui,50c9509d-22c7-4a22-a47d-8c48425ef4a7,2165812500
Dubautia menziesii (A.Gray) D.D.Keck,Dubautia,menziesii,-156.253039,20.709713,USA,Hawaii,Maui,50c9509d-22c7-4a22-a47d-8c48425ef4a7,2165812500
Dubautia menziesii (A.Gray) D.D.Keck,Dubautia,menziesii,-156.250519,20.713744,USA,Hawaii,Maui,50c9509d-22c7-4a22-a47d-8c48425ef4a7,2165812500
Dubautia menziesii (A.Gray) D.D.Keck,Dubautia,menziesii,-156.237761,20.712756,USA,Hawaii,Maui,50c9509d-22c7-4a22-a47d-8c48425ef4a7,2165812500
Dubautia menziesii (A.Gray) D.D.Keck,Dubautia,menziesii,-156.250684,20.710334,USA,Hawaii,Maui,50c9509d-22c7-4a22-a47d-8c48425ef4a7,2165812500
Dubautia menziesii (A.Gray) D.D.Keck,Dubautia,menziesii,-156.249722,20.713611,USA,Hawaii,Maui,50c9509d-22c7-4a22-a47d-8c48425ef4a7,2165812500
Dubautia menziesii (A.Gray) D.D.Keck,Dubautia,menziesii,-156.257203,20.707395,USA,Hawaii,Maui,50c9509d-22c7-4a22-a47d-8c48425ef4a7,2165812500
Dubautia menziesii (A.Gray) D.D.Keck,Dubautia,menziesii,-156.250229,20.714642,USA,Hawaii,Maui,50c9509d-22c7-4a22-a47d-8c48425ef4a7,2165812500
Dubautia menziesii (A.Gray) D.D.Keck,Dubautia,menziesii,-156.149519,20.698156,USA,Hawaii,Maui,50c9509d-22c7-4a22-a47d-8c48425ef4a7,2165812500
Dubautia menziesii (A.Gray) D.D.Keck,Dubautia,menziesii,-156.246567,20.759487,USA,Hawaii,Maui,50c9509d-22c7-4a22-a47d-8c48425ef4a7,2165812500
Dubautia menziesii (A.Gray) D.D.Keck,Dubautia,menziesii,-156.241805,20.7115,USA,Hawaii,Maui,50c9509d-22c7-4a22-a47d-8c48425ef4a7,2165812500
Dubautia menziesii (A.Gray) D.D.Keck,Dubautia,menziesii,-156.250361,20.714601,USA,Hawaii,Maui,50c9509d-22c7-4a22-a47d-8c48425ef4a7,2165812500
Dubautia menziesii (A.Gray) D.D.Keck,Dubautia,menziesii,-156.250063,20.714636,USA,Hawaii,Maui,50c9509d-22c7-4a22-a47d-8c48425ef4a7,2165812500
Dubautia menziesii (A.Gray) D.D.Keck,Dubautia,menziesii,-156.249987,20.71444,USA,Hawaii,Maui,50c9509d-22c7-4a22-a47d-8c48425ef4a7,2165812500
Dubautia menziesii (A.Gray) D.D.Keck,Dubautia,menziesii,-156.249554,20.7117,USA,Hawaii,Maui,50c9509d-22c7-4a22-a47d-8c48425ef4a7,2165812500
Dubautia menziesii (A.Gray) D.D.Keck,Dubautia,menziesii,-156.248693,20.711776,USA,Hawaii,Maui,14d5676a-2c54-4f94-9023-1e8dcd822aa0,2165812500
Dubautia menziesii (A.Gray) D.D.Keck,Dubautia,menziesii,-156.250185,20.715083,USA,Hawaii,Maui,50c9509d-22c7-4a22-a47d-8c48425ef4a7,2165812500
Dubautia menziesii (A.Gray) D.D.Keck,Dubautia,menziesii,-156.250894,20.713521,USA,Hawaii,Maui,50c9509d-22c7-4a22-a47d-8c48425ef4a7,2165812500
Dubautia menziesii (A.Gray) D.D.Keck,Dubautia,menziesii,-156.239945,20.735687,USA,Hawaii,Maui,50c9509d-22c7-4a22-a47d-8c48425ef4a7,2165812500
Dubautia menziesii (A.Gray) D.D.Keck,Dubautia,menziesii,-156.209956,20.706779,USA,Hawaii,Maui,50c9509d-22c7-4a22-a47d-8c48425ef4a7,2165812500
Dubautia menziesii (A.Gray) D.D.Keck,Dubautia,menziesii,-156.250258,20.714587,USA,Hawaii,Maui,50c9509d-22c7-4a22-a47d-8c48425ef4a7,2165812500
Dubautia menziesii (A.Gray) D.D.Keck,Dubautia,menziesii,-156.249909,20.713798,USA,Hawaii,Maui,50c9509d-22c7-4a22-a47d-8c48425ef4a7,2165812500
Dubautia menziesii (A.Gray) D.D.Keck,Dubautia,menziesii,-156.250004,20.71494,USA,Hawaii,Maui,50c9509d-22c7-4a22-a47d-8c48425ef4a7,2165812500
Dubautia menziesii (A.Gray) D.D.Keck,Dubautia,menziesii,-156.155152,20.720383,USA,Hawaii,Maui,50c9509d-22c7-4a22-a47d-8c48425ef4a7,2165812500
Dubautia menziesii (A.Gray) D.D.Keck,Dubautia,menziesii,-156.249892,20.715122,USA,Hawaii,Maui,50c9509d-22c7-4a22-a47d-8c48425ef4a7,2165812500
Dubautia menziesii (A.Gray) D.D.Keck,Dubautia,menziesii,-156.249817,20.7148,USA,Hawaii,Maui,50c9509d-22c7-4a22-a47d-8c48425ef4a7,2165812500
Dubautia menziesii (A.Gray) D.D.Keck,Dubautia,menziesii,-156.250306,20.713308,USA,Hawaii,Maui,50c9509d-22c7-4a22-a47d-8c48425ef4a7,2165812500
Dubautia menziesii (A.Gray) D.D.Keck,Dubautia,menziesii,-156.249847,20.713711,USA,Hawaii,Maui,50c9509d-22c7-4a22-a47d-8c48425ef4a7,2165812500
Dubautia menziesii (A.Gray) D.D.Keck,Dubautia,menziesii,-156.253005,20.710137,USA,Hawaii,Maui,50c9509d-22c7-4a22-a47d-8c48425ef4a7,2165812500
Dubautia menziesii (A.Gray) D.D.Keck,Dubautia,menziesii,-156.24992,20.713652,USA,Hawaii,Maui,50c9509d-22c7-4a22-a47d-8c48425ef4a7,2165812500
Dubautia menziesii (A.Gray) D.D.Keck,Dubautia,menziesii,-156.25,20.715,USA,Hawaii,Maui,50c9509d-22c7-4a22-a47d-8c48425ef4a7,2165812500
Dubautia menziesii (A.Gray) D.D.Keck,Dubautia,menziesii,-156.252853,20.710758,USA,Hawaii,Maui,50c9509d-22c7-4a22-a47d-8c48425ef4a7,2165812500
Dubautia menziesii (A.Gray) D.D.Keck,Dubautia,menziesii,-156.253099,20.7101,USA,Hawaii,Maui,50c9509d-22c7-4a22-a47d-8c48425ef4a7,2165812500
Dubautia menziesii (A.Gray) D.D.Keck,Dubautia,menziesii,-156.250812,20.713062,USA,Hawaii,Maui,50c9509d-22c7-4a22-a47d-8c48425ef4a7,2165812500
Dubautia menziesii (A.Gray) D.D.Keck,Dubautia,menziesii,-156.233845,20.736891,USA,Hawaii,Maui,50c9509d-22c7-4a22-a47d-8c48425ef4a7,2165812500
Dubautia menziesii (A.Gray) D.D.Keck,Dubautia,menziesii,-156.229667,20.744426,USA,Hawaii,Maui,50c9509d-22c7-4a22-a47d-8c48425ef4a7,2165812500
Dubautia menziesii (A.Gray) D.D.Keck,Dubautia,menziesii,-156.228299,20.744226,USA,Hawaii,Maui,50c9509d-22c7-4a22-a47d-8c48425ef4a7,2165812500
Dubautia menziesii (A.Gray) D.D.Keck,Dubautia,menziesii,-156.331925,20.800319,USA,Hawaii,Maui,50c9509d-22c7-4a22-a47d-8c48425ef4a7,2165812500
Dubautia menziesii (A.Gray) D.D.Keck,Dubautia,menziesii,-156.249968,20.71209,USA,Hawaii,Maui,50c9509d-22c7-4a22-a47d-8c48425ef4a7,2165812500
Dubautia menziesii (A.Gray) D.D.Keck,Dubautia,menziesii,-156.25003,20.712312,USA,Hawaii,Maui,50c9509d-22c7-4a22-a47d-8c48425ef4a7,2165812500
Dubautia menziesii (A.Gray) D.D.Keck,Dubautia,menziesii,-156.155152,20.720307,USA,Hawaii,Maui,50c9509d-22c7-4a22-a47d-8c48425ef4a7,2165812500
Dubautia menziesii (A.Gray) D.D.Keck,Dubautia,menziesii,-156.148584,20.699307,USA,Hawaii,Maui,50c9509d-22c7-4a22-a47d-8c48425ef4a7,2165812500
Dubautia menziesii (A.Gray) D.D.Keck,Dubautia,menziesii,-156.250974,20.714104,USA,Hawaii,Maui,50c9509d-22c7-4a22-a47d-8c48425ef4a7,2165812500
Dubautia menziesii (A.Gray) D.D.Keck,Dubautia,menziesii,-156.218816,20.755752,USA,Hawaii,Maui,50c9509d-22c7-4a22-a47d-8c48425ef4a7,2165812500
Dubautia menziesii (A.Gray) D.D.Keck,Dubautia,menziesii,-156.249861,20.715194,USA,Hawaii,Maui,50c9509d-22c7-4a22-a47d-8c48425ef4a7,2165812500
Dubautia menziesii (A.Gray) D.D.Keck,Dubautia,menziesii,-156.241164,20.710894,USA,Hawaii,Maui,50c9509d-22c7-4a22-a47d-8c48425ef4a7,2165812500
Dubautia menziesii (A.Gray) D.D.Keck,Dubautia,menziesii,-156.238725,20.711194,USA,Hawaii,Maui,50c9509d-22c7-4a22-a47d-8c48425ef4a7,2165812500
Dubautia menziesii (A.Gray) D.D.Keck,Dubautia,menziesii,-156.240967,20.710806,USA,Hawaii,Maui,50c9509d-22c7-4a22-a47d-8c48425ef4a7,2165812500
Dubautia menziesii (A.Gray) D.D.Keck,Dubautia,menziesii,-156.250002,20.714599,USA,Hawaii,Maui,50c9509d-22c7-4a22-a47d-8c48425ef4a7,2165812500
Dubautia menziesii (A.Gray) D.D.Keck,Dubautia,menziesii,-156.207892,20.722215,USA,Hawaii,Maui,50c9509d-22c7-4a22-a47d-8c48425ef4a7,2165812500
Dubautia menziesii (A.Gray) D.D.Keck,Dubautia,menziesii,-156.246688,20.759525,USA,Hawaii,Maui,50c9509d-22c7-4a22-a47d-8c48425ef4a7,2165812500
Dubautia menziesii (A.Gray) D.D.Keck,Dubautia,menziesii,-156.250888,20.714038,USA,Hawaii,Maui,50c9509d-22c7-4a22-a47d-8c48425ef4a7,2165812500
Dubautia menziesii (A.Gray) D.D.Keck,Dubautia,menziesii,-156.249803,20.715082,USA,Hawaii,Maui,50c9509d-22c7-4a22-a47d-8c48425ef4a7,2165812500
Dubautia menziesii (A.Gray) D.D.Keck,Dubautia,menziesii,-156.233174,20.765297,USA,Hawaii,Maui,50c9509d-22c7-4a22-a47d-8c48425ef4a7,2165812500
Dubautia menziesii (A.Gray) D.D.Keck,Dubautia,menziesii,-156.2285,20.744413,USA,Hawaii,Maui,50c9509d-22c7-4a22-a47d-8c48425ef4a7,2165812500
Dubautia menziesii (A.Gray) D.D.Keck,Dubautia,menziesii,-156.228333,20.744208,USA,Hawaii,Maui,50c9509d-22c7-4a22-a47d-8c48425ef4a7,2165812500
Dubautia menziesii (A.Gray) D.D.Keck,Dubautia,menziesii,-156.239425,20.710695,USA,Hawaii,Maui,50c9509d-22c7-4a22-a47d-8c48425ef4a7,2165812500
Dubautia menziesii (A.Gray) D.D.Keck,Dubautia,menziesii,-156.250202,20.71322,USA,Hawaii,Maui,50c9509d-22c7-4a22-a47d-8c48425ef4a7,2165812500
Dubautia menziesii (A.Gray) D.D.Keck,Dubautia,menziesii,-156.24983,20.713504,USA,Hawaii,Maui,50c9509d-22c7-4a22-a47d-8c48425ef4a7,2165812500
Dubautia menziesii (A.Gray) D.D.Keck,Dubautia,menziesii,-156.249138,20.714861,USA,Hawaii,Maui,50c9509d-22c7-4a22-a47d-8c48425ef4a7,2165812500
Dubautia menziesii (A.Gray) D.D.Keck,Dubautia,menziesii,-156.228577,20.74399,USA,Hawaii,Maui,50c9509d-22c7-4a22-a47d-8c48425ef4a7,2165812500
Dubautia menziesii (A.Gray) D.D.Keck,Dubautia,menziesii,-156.250213,20.715038,USA,Hawaii,Maui,50c9509d-22c7-4a22-a47d-8c48425ef4a7,2165812500
Dubautia menziesii (A.Gray) D.D.Keck,Dubautia,menziesii,-156.249925,20.713272,USA,Hawaii,Maui,50c9509d-22c7-4a22-a47d-8c48425ef4a7,2165812500
Dubautia menziesii (A.Gray) D.D.Keck,Dubautia,menziesii,-156.249817,20.713737,USA,Hawaii,Maui,50c9509d-22c7-4a22-a47d-8c48425ef4a7,2165812500
Dubautia menziesii (A.Gray) D.D.Keck,Dubautia,menziesii,-156.228364,20.744142,USA,Hawaii,Maui,50c9509d-22c7-4a22-a47d-8c48425ef4a7,2165812500
Dubautia menziesii (A.Gray) D.D.Keck,Dubautia,menziesii,-156.249803,20.713672,USA,Hawaii,Maui,50c9509d-22c7-4a22-a47d-8c48425ef4a7,2165812500
Dubautia menziesii (A.Gray) D.D.Keck,Dubautia,menziesii,-156.250339,20.713717,USA,Hawaii,Maui,50c9509d-22c7-4a22-a47d-8c48425ef4a7,2165812500
Dubautia menziesii (A.Gray) D.D.Keck,Dubautia,menziesii,-156.249815,20.713579,USA,Hawaii,Maui,50c9509d-22c7-4a22-a47d-8c48425ef4a7,2165812500
Dubautia menziesii (A.Gray) D.D.Keck,Dubautia,menziesii,-156.250352,20.713918,USA,Hawaii,Maui,50c9509d-22c7-4a22-a47d-8c48425ef4a7,2165812500
Dubautia menziesii (A.Gray) D.D.Keck,Dubautia,menziesii,-156.20607,20.72797,USA,Hawaii,Maui,50c9509d-22c7-4a22-a47d-8c48425ef4a7,2165812500
Dubautia menziesii (A.Gray) D.D.Keck,Dubautia,menziesii,-156.196397,20.721313,USA,Hawaii,Maui,50c9509d-22c7-4a22-a47d-8c48425ef4a7,2165812500
Dubautia menziesii (A.Gray) D.D.Keck,Dubautia,menziesii,-156.210495,20.711005,USA,Hawaii,Maui,50c9509d-22c7-4a22-a47d-8c48425ef4a7,2165812500
Dubautia menziesii (A.Gray) D.D.Keck,Dubautia,menziesii,-156.212905,20.70658,USA,Hawaii,Maui,50c9509d-22c7-4a22-a47d-8c48425ef4a7,2165812500
Dubautia menziesii (A.Gray) D.D.Keck,Dubautia,menziesii,-156.216417,20.706525,USA,Hawaii,Maui,50c9509d-22c7-4a22-a47d-8c48425ef4a7,2165812500
Dubautia menziesii (A.Gray) D.D.Keck,Dubautia,menziesii,-156.2424,20.710147,USA,Hawaii,Maui,50c9509d-22c7-4a22-a47d-8c48425ef4a7,2165812500
Dubautia menziesii (A.Gray) D.D.Keck,Dubautia,menziesii,-156.252578,20.70992,USA,Hawaii,Maui,50c9509d-22c7-4a22-a47d-8c48425ef4a7,2165812500
Dubautia menziesii (A.Gray) D.D.Keck,Dubautia,menziesii,-156.250244,20.715111,USA,Hawaii,Maui,50c9509d-22c7-4a22-a47d-8c48425ef4a7,2165812500
Dubautia menziesii (A.Gray) D.D.Keck,Dubautia,menziesii,-156.250549,20.713614,USA,Hawaii,Maui,50c9509d-22c7-4a22-a47d-8c48425ef4a7,2165812500
Dubautia menziesii (A.Gray) D.D.Keck,Dubautia,menziesii,-156.251862,20.712013,USA,Hawaii,Maui,50c9509d-22c7-4a22-a47d-8c48425ef4a7,2165812500
Dubautia menziesii (A.Gray) D.D.Keck,Dubautia,menziesii,-156.141306,20.728246,USA,Hawaii,Maui,50c9509d-22c7-4a22-a47d-8c48425ef4a7,2165812500
Dubautia menziesii (A.Gray) D.D.Keck,Dubautia,menziesii,-156.249992,20.714982,USA,Hawaii,Maui,50c9509d-22c7-4a22-a47d-8c48425ef4a7,2165812500
Dubautia menziesii (A.Gray) D.D.Keck,Dubautia,menziesii,-156.249987,20.713213,USA,Hawaii,Maui,50c9509d-22c7-4a22-a47d-8c48425ef4a7,2165812500
Dubautia menziesii (A.Gray) D.D.Keck,Dubautia,menziesii,-156.249925,20.714492,USA,Hawaii,Maui,50c9509d-22c7-4a22-a47d-8c48425ef4a7,2165812500
Dubautia menziesii (A.Gray) D.D.Keck,Dubautia,menziesii,-156.249897,20.714661,USA,Hawaii,Maui,50c9509d-22c7-4a22-a47d-8c48425ef4a7,2165812500
Dubautia menziesii (A.Gray) D.D.Keck,Dubautia,menziesii,-156.250245,20.715128,USA,Hawaii,Maui,50c9509d-22c7-4a22-a47d-8c48425ef4a7,2165812500
Dubautia menziesii (A.Gray) D.D.Keck,Dubautia,menziesii,-156.200862,20.738554,USA,Hawaii,Maui,50c9509d-22c7-4a22-a47d-8c48425ef4a7,2165812500
Dubautia menziesii (A.Gray) D.D.Keck,Dubautia,menziesii,-156.246121,20.759872,USA,Hawaii,Maui,50c9509d-22c7-4a22-a47d-8c48425ef4a7,2165812500
Dubautia menziesii (A.Gray) D.D.Keck,Dubautia,menziesii,-156.246896,20.75996,USA,Hawaii,Maui,50c9509d-22c7-4a22-a47d-8c48425ef4a7,2165812500
Dubautia menziesii (A.Gray) D.D.Keck,Dubautia,menziesii,-156.155152,20.720383,USA,Hawaii,Maui,50c9509d-22c7-4a22-a47d-8c48425ef4a7,2165812500
Dubautia menziesii (A.Gray) D.D.Keck,Dubautia,menziesii,-156.155152,20.720383,USA,Hawaii,Maui,50c9509d-22c7-4a22-a47d-8c48425ef4a7,2165812500
Dubautia menziesii (A.Gray) D.D.Keck,Dubautia,menziesii,-156.249854,20.713917,USA,Hawaii,Maui,50c9509d-22c7-4a22-a47d-8c48425ef4a7,2165812500
Dubautia menziesii (A.Gray) D.D.Keck,Dubautia,menziesii,-156.249863,20.713853,USA,Hawaii,Maui,50c9509d-22c7-4a22-a47d-8c48425ef4a7,2165812500
Dubautia menziesii (A.Gray) D.D.Keck,Dubautia,menziesii,-156.149659,20.70818,USA,Hawaii,Maui,50c9509d-22c7-4a22-a47d-8c48425ef4a7,2165812500
Dubautia menziesii (A.Gray) D.D.Keck,Dubautia,menziesii,-156.252993,20.710111,USA,Hawaii,Maui,50c9509d-22c7-4a22-a47d-8c48425ef4a7,2165812500
Dubautia menziesii (A.Gray) D.D.Keck,Dubautia,menziesii,-156.250109,20.712346,USA,Hawaii,Maui,50c9509d-22c7-4a22-a47d-8c48425ef4a7,2165812500
Dubautia menziesii (A.Gray) D.D.Keck,Dubautia,menziesii,-156.250172,20.715083,USA,Hawaii,Maui,50c9509d-22c7-4a22-a47d-8c48425ef4a7,2165812500
Dubautia menziesii (A.Gray) D.D.Keck,Dubautia,menziesii,-156.253121,20.710128,USA,Hawaii,Maui,50c9509d-22c7-4a22-a47d-8c48425ef4a7,2165812500
Dubautia menziesii (A.Gray) D.D.Keck,Dubautia,menziesii,-156.155152,20.720383,USA,Hawaii,Maui,50c9509d-22c7-4a22-a47d-8c48425ef4a7,2165812500
Dubautia menziesii (A.Gray) D.D.Keck,Dubautia,menziesii,-156.229683,20.744438,USA,Hawaii,Maui,50c9509d-22c7-4a22-a47d-8c48425ef4a7,2165812500
Dubautia menziesii (A.Gray) D.D.Keck,Dubautia,menziesii,-156.331925,20.798363,USA,Hawaii,Maui,50c9509d-22c7-4a22-a47d-8c48425ef4a7,2165812500
Dubautia menziesii (A.Gray) D.D.Keck,Dubautia,menziesii,-156.250547,20.712858,USA,Hawaii,Maui,50c9509d-22c7-4a22-a47d-8c48425ef4a7,2165812500
Dubautia menziesii (A.Gray) D.D.Keck,Dubautia,menziesii,-156.250423,20.712546,USA,Hawaii,Maui,50c9509d-22c7-4a22-a47d-8c48425ef4a7,2165812500
Dubautia menziesii (A.Gray) D.D.Keck,Dubautia,menziesii,-156.236326,20.711543,USA,Hawaii,Maui,50c9509d-22c7-4a22-a47d-8c48425ef4a7,2165812500
Dubautia menziesii (A.Gray) D.D.Keck,Dubautia,menziesii,-156.249853,20.713772,USA,Hawaii,Maui,50c9509d-22c7-4a22-a47d-8c48425ef4a7,2165812500
Dubautia menziesii (A.Gray) D.D.Keck,Dubautia,menziesii,-156.241983,20.710417,USA,Hawaii,Maui,50c9509d-22c7-4a22-a47d-8c48425ef4a7,2165812500
Dubautia menziesii (A.Gray) D.D.Keck,Dubautia,menziesii,-156.250134,20.71498,USA,Hawaii,Maui,50c9509d-22c7-4a22-a47d-8c48425ef4a7,2165812500
Dubautia menziesii (A.Gray) D.D.Keck,Dubautia,menziesii,-156.237472,20.712653,USA,Hawaii,Maui,50c9509d-22c7-4a22-a47d-8c48425ef4a7,2165812500
Dubautia menziesii (A.Gray) D.D.Keck,Dubautia,menziesii,-156.246938,20.759425,USA,Hawaii,Maui,50c9509d-22c7-4a22-a47d-8c48425ef4a7,2165812500
Dubautia menziesii (A.Gray) D.D.Keck,Dubautia,menziesii,-156.249213,20.714201,USA,Hawaii,Maui,50c9509d-22c7-4a22-a47d-8c48425ef4a7,2165812500
Dubautia menziesii (A.Gray) D.D.Keck,Dubautia,menziesii,-156.241724,20.71124,USA,Hawaii,Maui,50c9509d-22c7-4a22-a47d-8c48425ef4a7,2165812500
Dubautia menziesii (A.Gray) D.D.Keck,Dubautia,menziesii,-156.227002,20.712848,USA,Hawaii,Maui,50c9509d-22c7-4a22-a47d-8c48425ef4a7,2165812500
Dubautia menziesii (A.Gray) D.D.Keck,Dubautia,menziesii,-156.13583,20.726194,USA,Hawaii,Maui,50c9509d-22c7-4a22-a47d-8c48425ef4a7,2165812500
Dubautia menziesii (A.Gray) D.D.Keck,Dubautia,menziesii,-156.249591,20.714778,USA,Hawaii,Maui,50c9509d-22c7-4a22-a47d-8c48425ef4a7,2165812500
Dubautia menziesii (A.Gray) D.D.Keck,Dubautia,menziesii,-156.243026,20.76899,USA,Hawaii,Maui,50c9509d-22c7-4a22-a47d-8c48425ef4a7,2165812500
Dubautia menziesii (A.Gray) D.D.Keck,Dubautia,menziesii,-156.232754,20.766787,USA,Hawaii,Maui,50c9509d-22c7-4a22-a47d-8c48425ef4a7,2165812500
Dubautia menziesii (A.Gray) D.D.Keck,Dubautia,menziesii,-156.225823,20.753459,USA,Hawaii,Maui,50c9509d-22c7-4a22-a47d-8c48425ef4a7,2165812500
Dubautia menziesii (A.Gray) D.D.Keck,Dubautia,menziesii,-156.186275,20.710319,USA,Hawaii,Maui,50c9509d-22c7-4a22-a47d-8c48425ef4a7,2165812500
Dubautia menziesii (A.Gray) D.D.Keck,Dubautia,menziesii,-156.186356,20.692716,USA,Hawaii,Maui,50c9509d-22c7-4a22-a47d-8c48425ef4a7,2165812500
Dubautia menziesii (A.Gray) D.D.Keck,Dubautia,menziesii,-156.239431,20.710622,USA,Hawaii,Maui,50c9509d-22c7-4a22-a47d-8c48425ef4a7,2165812500
Dubautia menziesii (A.Gray) D.D.Keck,Dubautia,menziesii,-156.257429,20.70789,USA,Hawaii,Maui,50c9509d-22c7-4a22-a47d-8c48425ef4a7,2165812500
Dubautia menziesii (A.Gray) D.D.Keck,Dubautia,menziesii,-156.244451,20.768141,USA,Hawaii,Maui,50c9509d-22c7-4a22-a47d-8c48425ef4a7,2165812500
Dubautia menziesii (A.Gray) D.D.Keck,Dubautia,menziesii,-156.235402,20.710994,USA,Hawaii,Maui,50c9509d-22c7-4a22-a47d-8c48425ef4a7,2165812500
Dubautia menziesii (A.Gray) D.D.Keck,Dubautia,menziesii,-156.233132,20.716256,USA,Hawaii,Maui,50c9509d-22c7-4a22-a47d-8c48425ef4a7,2165812500
Dubautia menziesii (A.Gray) D.D.Keck,Dubautia,menziesii,-156.243026,20.76899,USA,Hawaii,Maui,50c9509d-22c7-4a22-a47d-8c48425ef4a7,2165812500
Dubautia menziesii (A.Gray) D.D.Keck,Dubautia,menziesii,-156.148575,20.699427,USA,Hawaii,Maui,50c9509d-22c7-4a22-a47d-8c48425ef4a7,2165812500
Dubautia menziesii (A.Gray) D.D.Keck,Dubautia,menziesii,-156.250058,20.712908,USA,Hawaii,Maui,50c9509d-22c7-4a22-a47d-8c48425ef4a7,2165812500
Dubautia menziesii (A.Gray) D.D.Keck,Dubautia,menziesii,-156.24052,20.741376,USA,Hawaii,Maui,50c9509d-22c7-4a22-a47d-8c48425ef4a7,2165812500
Dubautia menziesii (A.Gray) D.D.Keck,Dubautia,menziesii,-156.223475,20.734192,USA,Hawaii,Maui,50c9509d-22c7-4a22-a47d-8c48425ef4a7,2165812500
Dubautia menziesii (A.Gray) D.D.Keck,Dubautia,menziesii,-156.249795,20.715099,USA,Hawaii,Maui,50c9509d-22c7-4a22-a47d-8c48425ef4a7,2165812500
Dubautia menziesii (A.Gray) D.D.Keck,Dubautia,menziesii,-156.249795,20.715099,USA,Hawaii,Maui,50c9509d-22c7-4a22-a47d-8c48425ef4a7,2165812500
Dubautia menziesii (A.Gray) D.D.Keck,Dubautia,menziesii,-156.23417,20.710547,USA,Hawaii,Maui,50c9509d-22c7-4a22-a47d-8c48425ef4a7,2165812500
Dubautia menziesii (A.Gray) D.D.Keck,Dubautia,menziesii,-156.236272,20.73624,USA,Hawaii,Maui,50c9509d-22c7-4a22-a47d-8c48425ef4a7,2165812500
Dubautia menziesii (A.Gray) D.D.Keck,Dubautia,menziesii,-156.24194,20.73416,USA,Hawaii,Maui,7bd65a7a-f762-11e1-a439-00145eb45e9a,2165812500
Dubautia menziesii (A.Gray) D.D.Keck,Dubautia,menziesii,-156.23305,20.75111,USA,Hawaii,Maui,7bd65a7a-f762-11e1-a439-00145eb45e9a,2165812500
Dubautia menziesii (A.Gray) D.D.Keck,Dubautia,menziesii,-156.23888,20.75777,USA,Hawaii,Maui,7bd65a7a-f762-11e1-a439-00145eb45e9a,2165812500
Dubautia menziesii (A.Gray) D.D.Keck,Dubautia,menziesii,-156.249795,20.715099,USA,Hawaii,Maui,50c9509d-22c7-4a22-a47d-8c48425ef4a7,2165812500
Dubautia menziesii (A.Gray) D.D.Keck,Dubautia,menziesii,-156.155152,20.720383,USA,Hawaii,Maui,50c9509d-22c7-4a22-a47d-8c48425ef4a7,2165812500
Dubautia menziesii (A.Gray) D.D.Keck,Dubautia,menziesii,-156.23673,20.729071,USA,Hawaii,Maui,50c9509d-22c7-4a22-a47d-8c48425ef4a7,2165812500
Dubautia menziesii (A.Gray) D.D.Keck,Dubautia,menziesii,-156.247638,20.708486,USA,Hawaii,Maui,50c9509d-22c7-4a22-a47d-8c48425ef4a7,2165812500
Dubautia menziesii (A.Gray) D.D.Keck,Dubautia,menziesii,-156.225231,20.753926,USA,Hawaii,Maui,50c9509d-22c7-4a22-a47d-8c48425ef4a7,2165812500
Dubautia menziesii (A.Gray) D.D.Keck,Dubautia,menziesii,-156.254364,20.719908,USA,Hawaii,Maui,6ac3f774-d9fb-4796-b3e9-92bf6c81c084,2165812500
Dubautia menziesii (A.Gray) D.D.Keck,Dubautia,menziesii,-156.101,20.7017,USA,Hawaii,Maui,821cc27a-e3bb-4bc5-ac34-89ada245069d,2165812500
Dubautia menziesii (A.Gray) D.D.Keck,Dubautia,menziesii,-156.229535,20.74441,USA,Hawaii,Maui,50c9509d-22c7-4a22-a47d-8c48425ef4a7,2165812500
Dubautia menziesii (A.Gray) D.D.Keck,Dubautia,menziesii,-156.253513,20.709683,USA,Hawaii,Maui,50c9509d-22c7-4a22-a47d-8c48425ef4a7,2165812500
Dubautia menziesii (A.Gray) D.D.Keck,Dubautia,menziesii,-156.08,20.77,USA,Hawaii,Maui,d415c253-4d61-4459-9d25-4015b9084fb0,2165812500
Dubautia menziesii (A.Gray) D.D.Keck,Dubautia,menziesii,-156.252968,20.710823,USA,Hawaii,Maui,9781ce05-2379-4a10-ab3b-c91346510df8,2165812500
Dubautia menziesii (A.Gray) D.D.Keck,Dubautia,menziesii,-156.2,20.7,USA,Hawaii,Maui,07fd0d79-4883-435f-bba1-58fef110cd13,2165812500
Dubautia menziesii (A.Gray) D.D.Keck,Dubautia,menziesii,-156.291111,20.785833,USA,Hawaii,Maui,43fb301d-0354-45bc-94d2-dd50f3142a50,2165812500
Dubautia menziesii (A.Gray) D.D.Keck,Railliardia,menziesii,-156.178287,20.735565,USA,Hawaii,Maui,90c853e6-56bd-480b-8e8f-6285c3f8d42b,2165812500
Dubautia menziesii (A.Gray) D.D.Keck,Dubautia,menziesii,-156.611295,21.021087,USA,Hawaii,Maui,6e5319b3-a870-4b5d-a194-e1a9c4ad8845,2165812500
Dubautia menziesii (A.Gray) D.D.Keck,Railliardia,menziesii,-156.33194,20.79833,USA,Hawaii,Maui,f8f35535-8c10-43fc-89dc-eb0843f25394,2165812500
Dubautia microcephala Skottsb.,Dubautia,microcephala,-159.63,22.14,USA,Hawaii,Kauai,821cc27a-e3bb-4bc5-ac34-89ada245069d,1683250000
Dubautia microcephala Skottsb.,Dubautia,microcephala,-159.476633,22.169309,USA,Hawaii,Kauai,50c9509d-22c7-4a22-a47d-8c48425ef4a7,1683250000
Dubautia microcephala Skottsb.,Dubautia,microcephala,-159.65,22.15,USA,Hawaii,Kauai,b929f23d-290f-4e85-8f17-764c55b3b284,1683250000
Dubautia microcephala Skottsb.,Dubautia,microcephala,-159.663056,21.957778,Hawaii,Kauai,NA,43fb301d-0354-45bc-94d2-dd50f3142a50,1683250000
Dubautia microcephala Skottsb.,Dubautia,microcephala,-159.5,22.06667,USA,Hawaii,Kauai,15f819bd-6612-4447-854b-14d12ee1022d,1683250000
Dubautia paleata A.Gray,Dubautia,paleata,-159.490216,22.065203,USA,Hawaii,Kauai,50c9509d-22c7-4a22-a47d-8c48425ef4a7,1683250000
Dubautia paleata A.Gray,Dubautia,paleata,-159.555916,22.123601,USA,Hawaii,Kauai,50c9509d-22c7-4a22-a47d-8c48425ef4a7,1683250000
Dubautia paleata A.Gray,Dubautia,paleata,-159.434458,22.146497,USA,Hawaii,Kauai,50c9509d-22c7-4a22-a47d-8c48425ef4a7,1683250000
Dubautia paleata A.Gray,Dubautia,paleata,-159.51576,22.006717,USA,Hawaii,Kauai,50c9509d-22c7-4a22-a47d-8c48425ef4a7,1683250000
Dubautia paleata A.Gray,Dubautia,paleata,-159.535357,22.154886,USA,Hawaii,Kauai,50c9509d-22c7-4a22-a47d-8c48425ef4a7,1683250000
Dubautia paleata A.Gray,Dubautia,paleata,-159.681497,22.12869,USA,Hawaii,Kauai,50c9509d-22c7-4a22-a47d-8c48425ef4a7,1683250000
Dubautia paleata A.Gray,Dubautia,paleata,-159.498276,22.137015,USA,Hawaii,Kauai,50c9509d-22c7-4a22-a47d-8c48425ef4a7,1683250000
Dubautia paleata A.Gray,Dubautia,paleata,-159.490693,22.199085,USA,Hawaii,Kauai,50c9509d-22c7-4a22-a47d-8c48425ef4a7,1683250000
Dubautia paleata A.Gray,Dubautia,paleata,-159.410189,22.184999,USA,Hawaii,Kauai,50c9509d-22c7-4a22-a47d-8c48425ef4a7,1683250000
Dubautia paleata A.Gray,Dubautia,paleata,-159.588685,22.116631,USA,Hawaii,Kauai,50c9509d-22c7-4a22-a47d-8c48425ef4a7,1683250000
Dubautia paleata A.Gray,Dubautia,paleata,-159.49,22.04,USA,Hawaii,Kauai,b929f23d-290f-4e85-8f17-764c55b3b284,1683250000
Dubautia paleata A.Gray,Dubautia,paleata,-159.533597,22.174754,USA,Hawaii,Kauai,50c9509d-22c7-4a22-a47d-8c48425ef4a7,1683250000
Dubautia paleata A.Gray,Dubautia,paleata,-159.576547,22.09255,USA,Hawaii,Kauai,50c9509d-22c7-4a22-a47d-8c48425ef4a7,1683250000
Dubautia paleata A.Gray,Dubautia,paleata,-159.599632,22.059616,USA,Hawaii,Kauai,50c9509d-22c7-4a22-a47d-8c48425ef4a7,1683250000
Dubautia paleata A.Gray,Dubautia,paleata,-159.567,22.1167,USA,Hawaii,Kauai,b929f23d-290f-4e85-8f17-764c55b3b284,1683250000
Dubautia paleata A.Gray,Dubautia,paleata,-159.553633,22.076607,USA,Hawaii,Kauai,9781ce05-2379-4a10-ab3b-c91346510df8,1683250000
Dubautia paleata A.Gray,Dubautia,paleata,-159.553633,22.076607,USA,Hawaii,Kauai,8567736a-23db-4ab2-aa13-888d3123be1b,1683250000
Dubautia paleata A.Gray,Dubautia,paleata,-159.663056,21.957778,Hawaii,Kauai,NA,43fb301d-0354-45bc-94d2-dd50f3142a50,1683250000
Dubautia paleata A.Gray,Dubautia,paleata,-159.5,22.06667,USA,Hawaii,Kauai,15f819bd-6612-4447-854b-14d12ee1022d,1683250000
Dubautia pauciflorula H.St.John & G.D.Carr,Dubautia,pauciflorula,-159.509628,22.031235,USA,Hawaii,Kauai,50c9509d-22c7-4a22-a47d-8c48425ef4a7,1683250000
Dubautia pauciflorula H.St.John & G.D.Carr,Dubautia,pauciflorula,-159.487,22.042,USA,Hawaii,Kauai,821cc27a-e3bb-4bc5-ac34-89ada245069d,1683250000
Dubautia plantaginea Gaudich.,Dubautia,plantaginea,-155.801533,19.765668,USA,Hawaii,NA,50c9509d-22c7-4a22-a47d-8c48425ef4a7,11824312500
Dubautia plantaginea Gaudich.,Dubautia,plantaginea,-155.857149,19.736127,USA,Hawaii,NA,50c9509d-22c7-4a22-a47d-8c48425ef4a7,11824312500
Dubautia plantaginea Gaudich.,Dubautia,plantaginea,-155.711891,20.086205,USA,Hawaii,NA,50c9509d-22c7-4a22-a47d-8c48425ef4a7,11824312500
Dubautia plantaginea Gaudich.,Dubautia,plantaginea,-156.108511,20.788422,USA,Hawaii,Maui,50c9509d-22c7-4a22-a47d-8c48425ef4a7,2165812500
Dubautia plantaginea Gaudich.,Dubautia,plantaginea,-158.036107,21.557181,USA,Hawaii,Oahu,50c9509d-22c7-4a22-a47d-8c48425ef4a7,1801687500
Dubautia plantaginea Gaudich.,Dubautia,plantaginea,-155.605447,20.057165,USA,Hawaii,NA,50c9509d-22c7-4a22-a47d-8c48425ef4a7,11824312500
Dubautia plantaginea Gaudich.,Dubautia,plantaginea,-155.276,19.3414,USA,Hawaii,NA,26098c25-8f7f-4c71-97ac-1d3db181c65e,11824312500
Dubautia plantaginea Gaudich.,Dubautia,plantaginea,-155.276,19.3414,USA,Hawaii,NA,26098c25-8f7f-4c71-97ac-1d3db181c65e,11824312500
Dubautia plantaginea Gaudich.,Dubautia,plantaginea,-155.276,19.3414,USA,Hawaii,NA,26098c25-8f7f-4c71-97ac-1d3db181c65e,11824312500
Dubautia plantaginea Gaudich.,Dubautia,plantaginea,-155.276,19.3414,USA,Hawaii,NA,26098c25-8f7f-4c71-97ac-1d3db181c65e,11824312500
Dubautia plantaginea Gaudich.,Dubautia,plantaginea,-155.28,19.34,USA,Hawaii,NA,d8cd16ba-bb74-4420-821e-083f2bac17c2,11824312500
Dubautia plantaginea Gaudich.,Dubautia,plantaginea,-155.28,19.34,USA,Hawaii,NA,d8cd16ba-bb74-4420-821e-083f2bac17c2,11824312500
Dubautia plantaginea Gaudich.,Dubautia,plantaginea,-156.174326,20.790012,USA,Hawaii,Maui,50c9509d-22c7-4a22-a47d-8c48425ef4a7,2165812500
Dubautia plantaginea Gaudich.,Dubautia,plantaginea,-155.64375,20.034428,USA,Hawaii,NA,50c9509d-22c7-4a22-a47d-8c48425ef4a7,11824312500
Dubautia plantaginea Gaudich.,Dubautia,plantaginea,-156.252201,20.832801,USA,Hawaii,Maui,50c9509d-22c7-4a22-a47d-8c48425ef4a7,2165812500
Dubautia plantaginea Gaudich.,Dubautia,plantaginea,-158.166703,21.457806,USA,Hawaii,Oahu,50c9509d-22c7-4a22-a47d-8c48425ef4a7,1801687500
Dubautia plantaginea Gaudich.,Dubautia,plantaginea,-158.162833,21.58997,USA,Hawaii,Oahu,50c9509d-22c7-4a22-a47d-8c48425ef4a7,1801687500
Dubautia plantaginea Gaudich.,Dubautia,plantaginea,-159.632374,22.147439,USA,Hawaii,Kauai,c45ad8ca-a406-4430-8c61-f5afbe29e3b4,1683250000
Dubautia plantaginea Gaudich.,Dubautia,plantaginea,-158.14625,21.517028,USA,Hawaii,Oahu,677aece2-a65b-4b78-b391-0f2e21a2b7ed,1801687500
Dubautia plantaginea Gaudich.,Dubautia,plantaginea,-158.146388,21.510246,USA,Hawaii,Oahu,9781ce05-2379-4a10-ab3b-c91346510df8,1801687500
Dubautia plantaginea Gaudich.,Dubautia,plantaginea,-158.150724,21.510583,USA,Hawaii,Oahu,9781ce05-2379-4a10-ab3b-c91346510df8,1801687500
Dubautia plantaginea Gaudich.,Dubautia,plantaginea,-158.150724,21.510583,USA,Hawaii,Oahu,9781ce05-2379-4a10-ab3b-c91346510df8,1801687500
Dubautia plantaginea Gaudich.,Dubautia,plantaginea,-157.785967,21.327188,USA,Hawaii,Oahu,9781ce05-2379-4a10-ab3b-c91346510df8,1801687500
Dubautia plantaginea Gaudich.,Dubautia,plantaginea,-157.787887,21.323524,USA,Hawaii,Oahu,9781ce05-2379-4a10-ab3b-c91346510df8,1801687500
Dubautia plantaginea Gaudich.,Dubautia,plantaginea,-157.785967,21.327188,USA,Hawaii,Oahu,8567736a-23db-4ab2-aa13-888d3123be1b,1801687500
Dubautia plantaginea Gaudich.,Dubautia,plantaginea,-158.07721,21.46678,USA,Hawaii,Oahu,9781ce05-2379-4a10-ab3b-c91346510df8,1801687500
Dubautia plantaginea Gaudich.,Dubautia,plantaginea,-158,21.5,USA,Hawaii,Oahu,07fd0d79-4883-435f-bba1-58fef110cd13,1801687500
Dubautia plantaginea Gaudich.,Dubautia,plantaginea,-158.1,21.4,USA,Hawaii,Oahu,07fd0d79-4883-435f-bba1-58fef110cd13,1801687500
Dubautia plantaginea Gaudich.,Dubautia,plantaginea,-157.8,21.3,USA,Hawaii,Oahu,07fd0d79-4883-435f-bba1-58fef110cd13,1801687500
Dubautia plantaginea Gaudich.,Dubautia,plantaginea,-158.1,21.4,USA,Hawaii,Oahu,07fd0d79-4883-435f-bba1-58fef110cd13,1801687500
Dubautia plantaginea Gaudich.,Dubautia,plantaginea,-158.1,21.4,USA,Hawaii,Oahu,07fd0d79-4883-435f-bba1-58fef110cd13,1801687500
Dubautia plantaginea Gaudich.,Dubautia,plantaginea,-157.8,21.3,USA,Hawaii,Oahu,07fd0d79-4883-435f-bba1-58fef110cd13,1801687500
Dubautia plantaginea Gaudich.,Dubautia,plantaginea,-157.80071,21.327455,USA,Hawaii,Oahu,f1c0241b-6c64-414e-914f-ebaf764b3d9b,1801687500
Dubautia plantaginea Gaudich.,Dubautia,plantaginea,-157.8,21.3,USA,Hawaii,Oahu,07fd0d79-4883-435f-bba1-58fef110cd13,1801687500
Dubautia plantaginea Gaudich.,Dubautia,plantaginea,-158.103717,21.46742,USA,Hawaii,Oahu,d415c253-4d61-4459-9d25-4015b9084fb0,1801687500
Dubautia plantaginea Gaudich.,Dubautia,plantaginea,-157.98333,21.46667,USA,Hawaii,Oahu,63e9e22d-a649-4087-b39e-acb1651af077,1801687500
Dubautia plantaginea subsp. humilis G.D.Carr,Dubautia,plantaginea_humilis,-155.5,19.5,USA,Hawaii,NA,90c853e6-56bd-480b-8e8f-6285c3f8d42b,11824312500
Dubautia plantaginea subsp. magnifolia (Sherff) G.D.Carr,Dubautia,plantaginea_magnifolia,-159.562795,22.045135,USA,Hawaii,Kauai,50c9509d-22c7-4a22-a47d-8c48425ef4a7,1683250000
Dubautia plantaginea subsp. magnifolia (Sherff) G.D.Carr,Dubautia,plantaginea_magnifolia,-159.582035,22.064757,USA,Hawaii,Kauai,50c9509d-22c7-4a22-a47d-8c48425ef4a7,1683250000
Dubautia plantaginea subsp. magnifolia (Sherff) G.D.Carr,Dubautia,plantaginea_magnifolia,-159.492,22.0611,USA,Hawaii,Kauai,821cc27a-e3bb-4bc5-ac34-89ada245069d,1683250000
Dubautia plantaginea subsp. magnifolia (Sherff) G.D.Carr,Dubautia,plantaginea_magnifolia,-159.449404,22.194423,USA,Hawaii,Kauai,50c9509d-22c7-4a22-a47d-8c48425ef4a7,1683250000
Dubautia plantaginea subsp. magnifolia (Sherff) G.D.Carr,Dubautia,plantaginea_magnifolia,-156.876,21.1425,USA,Hawaii,Molokai,b929f23d-290f-4e85-8f17-764c55b3b284,780312500
Dubautia plantaginea subsp. plantaginea,Dubautia,plantaginea_plantaginea,-156.839997,21.17,USA,Hawaii,Molokai,d415c253-4d61-4459-9d25-4015b9084fb0,780312500
Dubautia plantaginea subsp. plantaginea,Dubautia,plantaginea_plantaginea,-156.84,21.16,USA,Hawaii,Molokai,821cc27a-e3bb-4bc5-ac34-89ada245069d,780312500
Dubautia plantaginea subsp. plantaginea,Dubautia,plantaginea_plantaginea,-156.565,20.9047,USA,Hawaii,Maui,b929f23d-290f-4e85-8f17-764c55b3b284,2165812500
Dubautia plantaginea subsp. plantaginea,Dubautia,plantaginea_plantaginea,-156.03647,20.70867,USA,Hawaii,Maui,b929f23d-290f-4e85-8f17-764c55b3b284,2165812500
Dubautia plantaginea subsp. plantaginea,Dubautia,plantaginea_plantaginea,-156.208785,20.75957,USA,Hawaii,Maui,9781ce05-2379-4a10-ab3b-c91346510df8,2165812500
Dubautia plantaginea subsp. plantaginea,Dubautia,plantaginea_plantaginea,-156.208785,20.75957,USA,Hawaii,Maui,8567736a-23db-4ab2-aa13-888d3123be1b,2165812500
Dubautia plantaginea subsp. plantaginea,Dubautia,plantaginea_plantaginea,-157.8,21.3,USA,Hawaii,Oahu,07fd0d79-4883-435f-bba1-58fef110cd13,1801687500
Dubautia plantaginea subsp. plantaginea,Dubautia,plantaginea_plantaginea,-155.66583,19.54278,USA,Hawaii,NA,f8f35535-8c10-43fc-89dc-eb0843f25394,11824312500
Dubautia plantaginea subsp. plantaginea,Dubautia,plantaginea_plantaginea,-156.21731,20.71129,USA,Hawaii,Maui,b929f23d-290f-4e85-8f17-764c55b3b284,2165812500
Dubautia plantaginea subsp. plantaginea,Dubautia,plantaginea_plantaginea,-155.53,19.69,USA,Hawaii,NA,f577c9f3-ae71-4278-b6bf-512ba1dfaa21,11824312500
Dubautia platyphylla (A.Gray) D.D.Keck,Dubautia,platyphylla,-156.204293,20.662143,USA,Hawaii,Maui,50c9509d-22c7-4a22-a47d-8c48425ef4a7,2165812500
Dubautia platyphylla (A.Gray) D.D.Keck,Dubautia,platyphylla,-156.369689,20.661071,USA,Hawaii,Maui,50c9509d-22c7-4a22-a47d-8c48425ef4a7,2165812500
Dubautia platyphylla (A.Gray) D.D.Keck,Dubautia,platyphylla,-156.355183,20.718067,USA,Hawaii,Maui,50c9509d-22c7-4a22-a47d-8c48425ef4a7,2165812500
Dubautia platyphylla (A.Gray) D.D.Keck,Dubautia,platyphylla,-156.216,20.6798,USA,Hawaii,Maui,b929f23d-290f-4e85-8f17-764c55b3b284,2165812500
Dubautia platyphylla (A.Gray) D.D.Keck,Dubautia,platyphylla,-156.24,20.7586,USA,Hawaii,Maui,b929f23d-290f-4e85-8f17-764c55b3b284,2165812500
Dubautia platyphylla (A.Gray) D.D.Keck,Dubautia,platyphylla,-156.314,20.68,USA,Hawaii,Maui,821cc27a-e3bb-4bc5-ac34-89ada245069d,2165812500
Dubautia platyphylla (A.Gray) D.D.Keck,Dubautia,platyphylla,-156.3,20.7,USA,Hawaii,Maui,821cc27a-e3bb-4bc5-ac34-89ada245069d,2165812500
Dubautia platyphylla (A.Gray) D.D.Keck,Dubautia,platyphylla,-156.301972,20.7,USA,Hawaii,Maui,b740eaa0-0679-41dc-acb7-990d562dfa37,2165812500
Dubautia platyphylla (A.Gray) D.D.Keck,Dubautia,platyphylla,-156.164816,20.71921,USA,Hawaii,Maui,9781ce05-2379-4a10-ab3b-c91346510df8,2165812500
Dubautia platyphylla (A.Gray) D.D.Keck,Railliardia,platyphylla,-156.149029,20.720147,USA,Hawaii,Maui,90c853e6-56bd-480b-8e8f-6285c3f8d42b,2165812500
Dubautia platyphylla (A.Gray) D.D.Keck,Railliardia,platyphylla,-156.149029,20.720147,USA,Hawaii,Maui,90c853e6-56bd-480b-8e8f-6285c3f8d42b,2165812500
Dubautia platyphylla (A.Gray) D.D.Keck,Dubautia,platyphylla,-156.24,20.77,USA,Hawaii,Maui,3dedd874-1c74-487c-9fb3-48dcaf922bab,2165812500
Dubautia platyphylla (A.Gray) D.D.Keck,Dubautia,platyphylla,-156.611295,21.021087,USA,Hawaii,Maui,6e5319b3-a870-4b5d-a194-e1a9c4ad8845,2165812500
Dubautia platyphylla (A.Gray) D.D.Keck,Railliardia,platyphylla,-156.33194,20.79833,USA,Hawaii,Maui,f8f35535-8c10-43fc-89dc-eb0843f25394,2165812500
Dubautia raillardioides Hillebr.,Dubautia,raillardioides,-159.73129,22.116319,USA,Hawaii,Kauai,50c9509d-22c7-4a22-a47d-8c48425ef4a7,1683250000
Dubautia raillardioides Hillebr.,Dubautia,raillardioides,-159.684776,22.122823,USA,Hawaii,Kauai,50c9509d-22c7-4a22-a47d-8c48425ef4a7,1683250000
Dubautia raillardioides Hillebr.,Dubautia,raillardioides,-159.63002,22.190897,USA,Hawaii,Kauai,50c9509d-22c7-4a22-a47d-8c48425ef4a7,1683250000
Dubautia raillardioides Hillebr.,Dubautia,raillardioides,-159.591532,22.149006,USA,Hawaii,Kauai,50c9509d-22c7-4a22-a47d-8c48425ef4a7,1683250000
Dubautia raillardioides Hillebr.,Dubautia,raillardioides,-159.484981,22.123059,USA,Hawaii,Kauai,50c9509d-22c7-4a22-a47d-8c48425ef4a7,1683250000
Dubautia raillardioides Hillebr.,Dubautia,raillardioides,-159.631123,22.173099,USA,Hawaii,Kauai,50c9509d-22c7-4a22-a47d-8c48425ef4a7,1683250000
Dubautia raillardioides Hillebr.,Dubautia,raillardioides,-159.739867,22.060006,USA,Hawaii,Kauai,50c9509d-22c7-4a22-a47d-8c48425ef4a7,1683250000
Dubautia raillardioides Hillebr.,Dubautia,raillardioides,-159.729255,22.093885,USA,Hawaii,Kauai,50c9509d-22c7-4a22-a47d-8c48425ef4a7,1683250000
Dubautia raillardioides Hillebr.,Dubautia,raillardioides,-159.644224,22.0556,USA,Hawaii,Kauai,50c9509d-22c7-4a22-a47d-8c48425ef4a7,1683250000
Dubautia raillardioides Hillebr.,Dubautia,raillardioides,-159.690843,22.011973,USA,Hawaii,Kauai,50c9509d-22c7-4a22-a47d-8c48425ef4a7,1683250000
Dubautia raillardioides Hillebr.,Dubautia,raillardioides,-159.4571,22.030209,USA,Hawaii,Kauai,50c9509d-22c7-4a22-a47d-8c48425ef4a7,1683250000
Dubautia raillardioides Hillebr.,Dubautia,raillardioides,-159.571491,22.023583,USA,Hawaii,Kauai,50c9509d-22c7-4a22-a47d-8c48425ef4a7,1683250000
Dubautia raillardioides Hillebr.,Dubautia,raillardioides,-159.614276,22.117101,USA,Hawaii,Kauai,50c9509d-22c7-4a22-a47d-8c48425ef4a7,1683250000
Dubautia raillardioides Hillebr.,Dubautia,raillardioides,-159.623273,22.170787,USA,Hawaii,Kauai,50c9509d-22c7-4a22-a47d-8c48425ef4a7,1683250000
Dubautia raillardioides Hillebr.,Dubautia,raillardioides,-159.498785,22.152785,USA,Hawaii,Kauai,50c9509d-22c7-4a22-a47d-8c48425ef4a7,1683250000
Dubautia raillardioides Hillebr.,Dubautia,raillardioides,-159.731999,22.053292,USA,Hawaii,Kauai,50c9509d-22c7-4a22-a47d-8c48425ef4a7,1683250000
Dubautia raillardioides Hillebr.,Dubautia,raillardioides,-159.428614,22.057398,USA,Hawaii,Kauai,50c9509d-22c7-4a22-a47d-8c48425ef4a7,1683250000
Dubautia raillardioides Hillebr.,Dubautia,raillardioides,-159.533045,22.018721,USA,Hawaii,Kauai,50c9509d-22c7-4a22-a47d-8c48425ef4a7,1683250000
Dubautia raillardioides Hillebr.,Dubautia,raillardioides,-159.543136,22.103191,USA,Hawaii,Kauai,50c9509d-22c7-4a22-a47d-8c48425ef4a7,1683250000
Dubautia raillardioides Hillebr.,Dubautia,raillardioides,-159.517685,22.089807,USA,Hawaii,Kauai,50c9509d-22c7-4a22-a47d-8c48425ef4a7,1683250000
Dubautia raillardioides Hillebr.,Dubautia,raillardioides,-159.61944,22.15361,USA,Hawaii,Kauai,7bd65a7a-f762-11e1-a439-00145eb45e9a,1683250000
Dubautia raillardioides Hillebr.,Dubautia,raillardioides,-159.415975,22.045856,USA,Hawaii,Kauai,50c9509d-22c7-4a22-a47d-8c48425ef4a7,1683250000
Dubautia raillardioides Hillebr.,Dubautia,raillardioides,-159.682513,22.009114,USA,Hawaii,Kauai,50c9509d-22c7-4a22-a47d-8c48425ef4a7,1683250000
Dubautia raillardioides Hillebr.,Dubautia,raillardioides,-159.707367,22.156389,Hawaii,Kauai,NA,50c9509d-22c7-4a22-a47d-8c48425ef4a7,1683250000
Dubautia raillardioides Hillebr.,Dubautia,raillardioides,-159.63,22.15,USA,Hawaii,Kauai,d415c253-4d61-4459-9d25-4015b9084fb0,1683250000
Dubautia raillardioides Hillebr.,Dubautia,raillardioides,-159.63,22.15,USA,Hawaii,Kauai,821cc27a-e3bb-4bc5-ac34-89ada245069d,1683250000
Dubautia raillardioides Hillebr.,Dubautia,raillardioides,-159.6175,22.154722,USA,Hawaii,Kauai,9781ce05-2379-4a10-ab3b-c91346510df8,1683250000
Dubautia raillardioides Hillebr.,Dubautia,raillardioides,-159.6,22.1,USA,Hawaii,Kauai,3dedd874-1c74-487c-9fb3-48dcaf922bab,1683250000
Dubautia raillardioides Hillebr.,Dubautia,raillardioides,-159.5,22.06667,USA,Hawaii,Kauai,15f819bd-6612-4447-854b-14d12ee1022d,1683250000
Dubautia reticulata (Sherff) D.D.Keck,Dubautia,reticulata,-156.224969,20.813895,USA,Hawaii,Maui,50c9509d-22c7-4a22-a47d-8c48425ef4a7,2165812500
Dubautia reticulata (Sherff) D.D.Keck,Dubautia,reticulata,-156.134,20.7429,USA,Hawaii,Maui,b929f23d-290f-4e85-8f17-764c55b3b284,2165812500
Dubautia reticulata (Sherff) D.D.Keck,Dubautia,reticulata,-156.191,20.7567,USA,Hawaii,Maui,b929f23d-290f-4e85-8f17-764c55b3b284,2165812500
Dubautia reticulata (Sherff) D.D.Keck,Dubautia,reticulata,-156.245455,20.772771,USA,Hawaii,Maui,9781ce05-2379-4a10-ab3b-c91346510df8,2165812500
Dubautia reticulata (Sherff) D.D.Keck,Dubautia,reticulata,-156.611295,21.021087,USA,Hawaii,Maui,6e5319b3-a870-4b5d-a194-e1a9c4ad8845,2165812500
Dubautia reticulata (Sherff) D.D.Keck,Dubautia,reticulata,-156.33194,20.79833,USA,Hawaii,Maui,f8f35535-8c10-43fc-89dc-eb0843f25394,2165812500
Dubautia reticulata (Sherff) D.D.Keck,Dubautia,reticulata,-155.861722,19.690412,USA,Hawaii,NA,90c853e6-56bd-480b-8e8f-6285c3f8d42b,11824312500
Dubautia reticulata (Sherff) D.D.Keck,Dubautia,reticulata,-155.861722,19.690412,USA,Hawaii,NA,90c853e6-56bd-480b-8e8f-6285c3f8d42b,11824312500
Dubautia scabra (DC.) D.D.Keck,Dubautia,scabra,-155.769518,19.132496,USA,Hawaii,NA,50c9509d-22c7-4a22-a47d-8c48425ef4a7,11824312500
Dubautia scabra (DC.) D.D.Keck,Dubautia,scabra,-155.261663,19.416669,USA,Hawaii,NA,50c9509d-22c7-4a22-a47d-8c48425ef4a7,11824312500
Dubautia scabra (DC.) D.D.Keck,Dubautia,scabra,-155.213611,19.612854,USA,Hawaii,NA,50c9509d-22c7-4a22-a47d-8c48425ef4a7,11824312500
Dubautia scabra (DC.) D.D.Keck,Dubautia,scabra,-155.310253,19.592013,USA,Hawaii,NA,50c9509d-22c7-4a22-a47d-8c48425ef4a7,11824312500
Dubautia scabra (DC.) D.D.Keck,Dubautia,scabra,-155.2472,19.403743,USA,Hawaii,NA,50c9509d-22c7-4a22-a47d-8c48425ef4a7,11824312500
Dubautia scabra (DC.) D.D.Keck,Dubautia,scabra,-155.375906,19.459924,USA,Hawaii,NA,50c9509d-22c7-4a22-a47d-8c48425ef4a7,11824312500
Dubautia scabra (DC.) D.D.Keck,Dubautia,scabra,-155.202502,19.599535,USA,Hawaii,NA,50c9509d-22c7-4a22-a47d-8c48425ef4a7,11824312500
Dubautia scabra (DC.) D.D.Keck,Dubautia,scabra,-155.271794,19.420179,USA,Hawaii,NA,50c9509d-22c7-4a22-a47d-8c48425ef4a7,11824312500
Dubautia scabra (DC.) D.D.Keck,Dubautia,scabra,-155.547108,19.502567,USA,Hawaii,NA,50c9509d-22c7-4a22-a47d-8c48425ef4a7,11824312500
Dubautia scabra (DC.) D.D.Keck,Dubautia,scabra,-155.361854,19.42894,USA,Hawaii,NA,50c9509d-22c7-4a22-a47d-8c48425ef4a7,11824312500
Dubautia scabra (DC.) D.D.Keck,Dubautia,scabra,-155.256297,19.588685,USA,Hawaii,NA,50c9509d-22c7-4a22-a47d-8c48425ef4a7,11824312500
Dubautia scabra (DC.) D.D.Keck,Dubautia,scabra,-155.320216,19.426105,USA,Hawaii,NA,50c9509d-22c7-4a22-a47d-8c48425ef4a7,11824312500
Dubautia scabra (DC.) D.D.Keck,Dubautia,scabra,-155.275911,19.512764,USA,Hawaii,NA,50c9509d-22c7-4a22-a47d-8c48425ef4a7,11824312500
Dubautia scabra (DC.) D.D.Keck,Dubautia,scabra,-155.345632,19.578858,USA,Hawaii,NA,50c9509d-22c7-4a22-a47d-8c48425ef4a7,11824312500
Dubautia scabra (DC.) D.D.Keck,Dubautia,scabra,-155.375481,19.525991,USA,Hawaii,NA,50c9509d-22c7-4a22-a47d-8c48425ef4a7,11824312500
Dubautia scabra (DC.) D.D.Keck,Dubautia,scabra,-156.282208,20.621918,USA,Hawaii,Maui,50c9509d-22c7-4a22-a47d-8c48425ef4a7,2165812500
Dubautia scabra (DC.) D.D.Keck,Dubautia,scabra,-155.37463,19.486663,USA,Hawaii,NA,50c9509d-22c7-4a22-a47d-8c48425ef4a7,11824312500
Dubautia scabra (DC.) D.D.Keck,Dubautia,scabra,-155.295301,19.50459,USA,Hawaii,NA,50c9509d-22c7-4a22-a47d-8c48425ef4a7,11824312500
Dubautia scabra (DC.) D.D.Keck,Dubautia,scabra,-155.233466,19.572666,USA,Hawaii,NA,50c9509d-22c7-4a22-a47d-8c48425ef4a7,11824312500
Dubautia scabra (DC.) D.D.Keck,Dubautia,scabra,-155.244586,19.490782,USA,Hawaii,NA,50c9509d-22c7-4a22-a47d-8c48425ef4a7,11824312500
Dubautia scabra (DC.) D.D.Keck,Dubautia,scabra,-155.338106,19.440889,USA,Hawaii,NA,50c9509d-22c7-4a22-a47d-8c48425ef4a7,11824312500
Dubautia scabra (DC.) D.D.Keck,Dubautia,scabra,-155.237734,19.715832,USA,Hawaii,NA,50c9509d-22c7-4a22-a47d-8c48425ef4a7,11824312500
Dubautia scabra (DC.) D.D.Keck,Dubautia,scabra,-156.175067,20.680634,USA,Hawaii,Maui,50c9509d-22c7-4a22-a47d-8c48425ef4a7,2165812500
Dubautia scabra (DC.) D.D.Keck,Dubautia,scabra,-155.79646,19.932944,USA,Hawaii,NA,50c9509d-22c7-4a22-a47d-8c48425ef4a7,11824312500
Dubautia scabra (DC.) D.D.Keck,Dubautia,scabra,-155.279709,19.477003,USA,Hawaii,NA,50c9509d-22c7-4a22-a47d-8c48425ef4a7,11824312500
Dubautia scabra (DC.) D.D.Keck,Dubautia,scabra,-155.272787,19.744355,USA,Hawaii,NA,50c9509d-22c7-4a22-a47d-8c48425ef4a7,11824312500
Dubautia scabra (DC.) D.D.Keck,Dubautia,scabra,-155.323138,19.676883,USA,Hawaii,NA,50c9509d-22c7-4a22-a47d-8c48425ef4a7,11824312500
Dubautia scabra (DC.) D.D.Keck,Dubautia,scabra,-155.380947,19.637529,USA,Hawaii,NA,50c9509d-22c7-4a22-a47d-8c48425ef4a7,11824312500
Dubautia scabra (DC.) D.D.Keck,Dubautia,scabra,-155.497112,19.633685,USA,Hawaii,NA,50c9509d-22c7-4a22-a47d-8c48425ef4a7,11824312500
Dubautia scabra (DC.) D.D.Keck,Dubautia,scabra,-155.284876,19.580859,USA,Hawaii,NA,50c9509d-22c7-4a22-a47d-8c48425ef4a7,11824312500
Dubautia scabra (DC.) D.D.Keck,Dubautia,scabra,-155.538946,19.712506,USA,Hawaii,NA,50c9509d-22c7-4a22-a47d-8c48425ef4a7,11824312500
Dubautia scabra (DC.) D.D.Keck,Dubautia,scabra,-155.250449,19.667932,USA,Hawaii,NA,50c9509d-22c7-4a22-a47d-8c48425ef4a7,11824312500
Dubautia scabra (DC.) D.D.Keck,Dubautia,scabra,-155.386937,19.549514,USA,Hawaii,NA,50c9509d-22c7-4a22-a47d-8c48425ef4a7,11824312500
Dubautia scabra (DC.) D.D.Keck,Dubautia,scabra,-155.589485,19.733199,USA,Hawaii,NA,50c9509d-22c7-4a22-a47d-8c48425ef4a7,11824312500
Dubautia scabra (DC.) D.D.Keck,Dubautia,scabra,-155.282338,19.410556,USA,Hawaii,NA,50c9509d-22c7-4a22-a47d-8c48425ef4a7,11824312500
Dubautia scabra (DC.) D.D.Keck,Dubautia,scabra,-155.296373,19.506112,USA,Hawaii,NA,50c9509d-22c7-4a22-a47d-8c48425ef4a7,11824312500
Dubautia scabra (DC.) D.D.Keck,Dubautia,scabra,-155.309538,19.401198,USA,Hawaii,NA,50c9509d-22c7-4a22-a47d-8c48425ef4a7,11824312500
Dubautia scabra (DC.) D.D.Keck,Dubautia,scabra,-155.228375,19.556488,USA,Hawaii,NA,50c9509d-22c7-4a22-a47d-8c48425ef4a7,11824312500
Dubautia scabra (DC.) D.D.Keck,Dubautia,scabra,-155.255151,19.52632,USA,Hawaii,NA,50c9509d-22c7-4a22-a47d-8c48425ef4a7,11824312500
Dubautia scabra (DC.) D.D.Keck,Dubautia,scabra,-155.236593,19.506956,USA,Hawaii,NA,50c9509d-22c7-4a22-a47d-8c48425ef4a7,11824312500
Dubautia scabra (DC.) D.D.Keck,Dubautia,scabra,-155.430554,19.718074,USA,Hawaii,NA,50c9509d-22c7-4a22-a47d-8c48425ef4a7,11824312500
Dubautia scabra (DC.) D.D.Keck,Dubautia,scabra,-155.22481,19.711366,USA,Hawaii,NA,50c9509d-22c7-4a22-a47d-8c48425ef4a7,11824312500
Dubautia scabra (DC.) D.D.Keck,Dubautia,scabra,-155.268484,19.753463,USA,Hawaii,NA,50c9509d-22c7-4a22-a47d-8c48425ef4a7,11824312500
Dubautia scabra (DC.) D.D.Keck,Dubautia,scabra,-155.589154,19.738826,USA,Hawaii,NA,50c9509d-22c7-4a22-a47d-8c48425ef4a7,11824312500
Dubautia scabra (DC.) D.D.Keck,Dubautia,scabra,-155.48468,19.780676,USA,Hawaii,NA,50c9509d-22c7-4a22-a47d-8c48425ef4a7,11824312500
Dubautia scabra (DC.) D.D.Keck,Dubautia,scabra,-155.484744,19.605808,USA,Hawaii,NA,50c9509d-22c7-4a22-a47d-8c48425ef4a7,11824312500
Dubautia scabra (DC.) D.D.Keck,Dubautia,scabra,-155.317399,19.603955,USA,Hawaii,NA,50c9509d-22c7-4a22-a47d-8c48425ef4a7,11824312500
Dubautia scabra (DC.) D.D.Keck,Dubautia,scabra,-155.241604,19.633343,USA,Hawaii,NA,50c9509d-22c7-4a22-a47d-8c48425ef4a7,11824312500
Dubautia scabra (DC.) D.D.Keck,Dubautia,scabra,-155.389547,19.736013,USA,Hawaii,NA,50c9509d-22c7-4a22-a47d-8c48425ef4a7,11824312500
Dubautia scabra (DC.) D.D.Keck,Dubautia,scabra,-155.562657,19.68669,USA,Hawaii,NA,50c9509d-22c7-4a22-a47d-8c48425ef4a7,11824312500
Dubautia scabra (DC.) D.D.Keck,Dubautia,scabra,-155.54103,19.609527,USA,Hawaii,NA,50c9509d-22c7-4a22-a47d-8c48425ef4a7,11824312500
Dubautia scabra (DC.) D.D.Keck,Dubautia,scabra,-155.495407,19.660143,USA,Hawaii,NA,50c9509d-22c7-4a22-a47d-8c48425ef4a7,11824312500
Dubautia scabra (DC.) D.D.Keck,Dubautia,scabra,-155.227996,19.726735,USA,Hawaii,NA,50c9509d-22c7-4a22-a47d-8c48425ef4a7,11824312500
Dubautia scabra (DC.) D.D.Keck,Dubautia,scabra,-155.210644,19.720848,USA,Hawaii,NA,50c9509d-22c7-4a22-a47d-8c48425ef4a7,11824312500
Dubautia scabra (DC.) D.D.Keck,Dubautia,scabra,-155.291946,19.594633,USA,Hawaii,NA,50c9509d-22c7-4a22-a47d-8c48425ef4a7,11824312500
Dubautia scabra (DC.) D.D.Keck,Dubautia,scabra,-155.331406,19.530228,USA,Hawaii,NA,50c9509d-22c7-4a22-a47d-8c48425ef4a7,11824312500
Dubautia scabra (DC.) D.D.Keck,Dubautia,scabra,-155.332249,19.55066,USA,Hawaii,NA,50c9509d-22c7-4a22-a47d-8c48425ef4a7,11824312500
Dubautia scabra (DC.) D.D.Keck,Dubautia,scabra,-155.214864,19.612839,USA,Hawaii,NA,50c9509d-22c7-4a22-a47d-8c48425ef4a7,11824312500
Dubautia scabra (DC.) D.D.Keck,Dubautia,scabra,-155.278049,19.462636,USA,Hawaii,NA,50c9509d-22c7-4a22-a47d-8c48425ef4a7,11824312500
Dubautia scabra (DC.) D.D.Keck,Dubautia,scabra,-155.387242,19.579447,USA,Hawaii,NA,50c9509d-22c7-4a22-a47d-8c48425ef4a7,11824312500
Dubautia scabra (DC.) D.D.Keck,Dubautia,scabra,-155.264364,19.490689,USA,Hawaii,NA,50c9509d-22c7-4a22-a47d-8c48425ef4a7,11824312500
Dubautia scabra (DC.) D.D.Keck,Dubautia,scabra,-155.205446,19.659139,USA,Hawaii,NA,50c9509d-22c7-4a22-a47d-8c48425ef4a7,11824312500
Dubautia scabra (DC.) D.D.Keck,Dubautia,scabra,-155.973774,19.759091,USA,Hawaii,NA,50c9509d-22c7-4a22-a47d-8c48425ef4a7,11824312500
Dubautia scabra (DC.) D.D.Keck,Dubautia,scabra,-155.925014,19.606783,USA,Hawaii,NA,50c9509d-22c7-4a22-a47d-8c48425ef4a7,11824312500
Dubautia scabra (DC.) D.D.Keck,Dubautia,scabra,-155.374929,19.45995,USA,Hawaii,NA,50c9509d-22c7-4a22-a47d-8c48425ef4a7,11824312500
Dubautia scabra (DC.) D.D.Keck,Dubautia,scabra,-155.955604,19.614158,USA,Hawaii,NA,50c9509d-22c7-4a22-a47d-8c48425ef4a7,11824312500
Dubautia scabra (DC.) D.D.Keck,Dubautia,scabra,-155.371663,19.66091,USA,Hawaii,NA,50c9509d-22c7-4a22-a47d-8c48425ef4a7,11824312500
Dubautia scabra (DC.) D.D.Keck,Dubautia,scabra,-155.371195,19.498603,USA,Hawaii,NA,50c9509d-22c7-4a22-a47d-8c48425ef4a7,11824312500
Dubautia scabra (DC.) D.D.Keck,Dubautia,scabra,-155.078989,19.358215,USA,Hawaii,NA,50c9509d-22c7-4a22-a47d-8c48425ef4a7,11824312500
Dubautia scabra (DC.) D.D.Keck,Dubautia,scabra,-155.146664,19.306314,USA,Hawaii,NA,50c9509d-22c7-4a22-a47d-8c48425ef4a7,11824312500
Dubautia scabra (DC.) D.D.Keck,Dubautia,scabra,-155.16319,19.36246,USA,Hawaii,NA,50c9509d-22c7-4a22-a47d-8c48425ef4a7,11824312500
Dubautia scabra (DC.) D.D.Keck,Dubautia,scabra,-155.335019,19.437627,USA,Hawaii,NA,50c9509d-22c7-4a22-a47d-8c48425ef4a7,11824312500
Dubautia scabra (DC.) D.D.Keck,Dubautia,scabra,-155.328875,19.646918,USA,Hawaii,NA,50c9509d-22c7-4a22-a47d-8c48425ef4a7,11824312500
Dubautia scabra (DC.) D.D.Keck,Dubautia,scabra,-155.701423,19.010849,USA,Hawaii,NA,50c9509d-22c7-4a22-a47d-8c48425ef4a7,11824312500
Dubautia scabra (DC.) D.D.Keck,Dubautia,scabra,-155.696582,19.074645,USA,Hawaii,NA,50c9509d-22c7-4a22-a47d-8c48425ef4a7,11824312500
Dubautia scabra (DC.) D.D.Keck,Dubautia,scabra,-155.36222,19.769024,USA,Hawaii,NA,50c9509d-22c7-4a22-a47d-8c48425ef4a7,11824312500
Dubautia scabra (DC.) D.D.Keck,Dubautia,scabra,-155.269117,19.365683,USA,Hawaii,NA,50c9509d-22c7-4a22-a47d-8c48425ef4a7,11824312500
Dubautia scabra (DC.) D.D.Keck,Dubautia,scabra,-155.361534,19.226418,USA,Hawaii,NA,50c9509d-22c7-4a22-a47d-8c48425ef4a7,11824312500
Dubautia scabra (DC.) D.D.Keck,Dubautia,scabra,-155.261285,19.314429,USA,Hawaii,NA,50c9509d-22c7-4a22-a47d-8c48425ef4a7,11824312500
Dubautia scabra (DC.) D.D.Keck,Dubautia,scabra,-155.210473,19.402613,USA,Hawaii,NA,50c9509d-22c7-4a22-a47d-8c48425ef4a7,11824312500
Dubautia scabra (DC.) D.D.Keck,Dubautia,scabra,-155.3291,19.255311,USA,Hawaii,NA,50c9509d-22c7-4a22-a47d-8c48425ef4a7,11824312500
Dubautia scabra (DC.) D.D.Keck,Dubautia,scabra,-155.350087,19.237591,USA,Hawaii,NA,50c9509d-22c7-4a22-a47d-8c48425ef4a7,11824312500
Dubautia scabra (DC.) D.D.Keck,Dubautia,scabra,-155.347987,19.544704,USA,Hawaii,NA,50c9509d-22c7-4a22-a47d-8c48425ef4a7,11824312500
Dubautia scabra (DC.) D.D.Keck,Dubautia,scabra,-155.254171,19.415121,USA,Hawaii,NA,50c9509d-22c7-4a22-a47d-8c48425ef4a7,11824312500
Dubautia scabra (DC.) D.D.Keck,Dubautia,scabra,-155.392307,19.739174,USA,Hawaii,NA,50c9509d-22c7-4a22-a47d-8c48425ef4a7,11824312500
Dubautia scabra (DC.) D.D.Keck,Dubautia,scabra,-155.259483,19.32053,USA,Hawaii,NA,50c9509d-22c7-4a22-a47d-8c48425ef4a7,11824312500
Dubautia scabra (DC.) D.D.Keck,Dubautia,scabra,-155.344559,19.665544,USA,Hawaii,NA,50c9509d-22c7-4a22-a47d-8c48425ef4a7,11824312500
Dubautia scabra (DC.) D.D.Keck,Dubautia,scabra,-155.313906,19.67028,USA,Hawaii,NA,50c9509d-22c7-4a22-a47d-8c48425ef4a7,11824312500
Dubautia scabra (DC.) D.D.Keck,Dubautia,scabra,-155.242648,19.714515,USA,Hawaii,NA,50c9509d-22c7-4a22-a47d-8c48425ef4a7,11824312500
Dubautia scabra (DC.) D.D.Keck,Dubautia,scabra,-155.546611,19.639121,USA,Hawaii,NA,50c9509d-22c7-4a22-a47d-8c48425ef4a7,11824312500
Dubautia scabra (DC.) D.D.Keck,Dubautia,scabra,-155.353293,19.410811,USA,Hawaii,NA,50c9509d-22c7-4a22-a47d-8c48425ef4a7,11824312500
Dubautia scabra (DC.) D.D.Keck,Dubautia,scabra,-155.598763,19.506419,USA,Hawaii,NA,50c9509d-22c7-4a22-a47d-8c48425ef4a7,11824312500
Dubautia scabra (DC.) D.D.Keck,Dubautia,scabra,-155.568765,19.776801,USA,Hawaii,NA,50c9509d-22c7-4a22-a47d-8c48425ef4a7,11824312500
Dubautia scabra (DC.) D.D.Keck,Dubautia,scabra,-155.201457,19.522933,USA,Hawaii,NA,50c9509d-22c7-4a22-a47d-8c48425ef4a7,11824312500
Dubautia scabra (DC.) D.D.Keck,Dubautia,scabra,-155.238028,19.401201,USA,Hawaii,NA,50c9509d-22c7-4a22-a47d-8c48425ef4a7,11824312500
Dubautia scabra (DC.) D.D.Keck,Dubautia,scabra,-155.290284,19.491754,USA,Hawaii,NA,50c9509d-22c7-4a22-a47d-8c48425ef4a7,11824312500
Dubautia scabra (DC.) D.D.Keck,Dubautia,scabra,-155.239545,19.611632,USA,Hawaii,NA,50c9509d-22c7-4a22-a47d-8c48425ef4a7,11824312500
Dubautia scabra (DC.) D.D.Keck,Dubautia,scabra,-155.208744,19.687217,USA,Hawaii,NA,50c9509d-22c7-4a22-a47d-8c48425ef4a7,11824312500
Dubautia scabra (DC.) D.D.Keck,Dubautia,scabra,-155.356134,19.298675,USA,Hawaii,NA,50c9509d-22c7-4a22-a47d-8c48425ef4a7,11824312500
Dubautia scabra (DC.) D.D.Keck,Dubautia,scabra,-155.371482,19.565287,USA,Hawaii,NA,50c9509d-22c7-4a22-a47d-8c48425ef4a7,11824312500
Dubautia scabra (DC.) D.D.Keck,Dubautia,scabra,-155.250382,19.7526,USA,Hawaii,NA,50c9509d-22c7-4a22-a47d-8c48425ef4a7,11824312500
Dubautia scabra (DC.) D.D.Keck,Dubautia,scabra,-155.255151,19.497118,USA,Hawaii,NA,50c9509d-22c7-4a22-a47d-8c48425ef4a7,11824312500
Dubautia scabra (DC.) D.D.Keck,Dubautia,scabra,-155.225028,19.417213,USA,Hawaii,NA,50c9509d-22c7-4a22-a47d-8c48425ef4a7,11824312500
Dubautia scabra (DC.) D.D.Keck,Dubautia,scabra,-155.312566,19.317312,USA,Hawaii,NA,50c9509d-22c7-4a22-a47d-8c48425ef4a7,11824312500
Dubautia scabra (DC.) D.D.Keck,Dubautia,scabra,-155.388743,19.526137,USA,Hawaii,NA,50c9509d-22c7-4a22-a47d-8c48425ef4a7,11824312500
Dubautia scabra (DC.) D.D.Keck,Dubautia,scabra,-155.321051,19.572078,USA,Hawaii,NA,50c9509d-22c7-4a22-a47d-8c48425ef4a7,11824312500
Dubautia scabra (DC.) D.D.Keck,Dubautia,scabra,-155.375021,19.412335,USA,Hawaii,NA,50c9509d-22c7-4a22-a47d-8c48425ef4a7,11824312500
Dubautia scabra (DC.) D.D.Keck,Dubautia,scabra,-155.335395,19.489329,USA,Hawaii,NA,50c9509d-22c7-4a22-a47d-8c48425ef4a7,11824312500
Dubautia scabra (DC.) D.D.Keck,Dubautia,scabra,-155.331979,19.632413,USA,Hawaii,NA,50c9509d-22c7-4a22-a47d-8c48425ef4a7,11824312500
Dubautia scabra (DC.) D.D.Keck,Dubautia,scabra,-155.372761,19.607094,USA,Hawaii,NA,50c9509d-22c7-4a22-a47d-8c48425ef4a7,11824312500
Dubautia scabra (DC.) D.D.Keck,Dubautia,scabra,-155.216219,19.574195,USA,Hawaii,NA,50c9509d-22c7-4a22-a47d-8c48425ef4a7,11824312500
Dubautia scabra (DC.) D.D.Keck,Dubautia,scabra,-155.335109,19.742617,USA,Hawaii,NA,50c9509d-22c7-4a22-a47d-8c48425ef4a7,11824312500
Dubautia scabra (DC.) D.D.Keck,Dubautia,scabra,-155.261292,19.622437,USA,Hawaii,NA,50c9509d-22c7-4a22-a47d-8c48425ef4a7,11824312500
Dubautia scabra (DC.) D.D.Keck,Dubautia,scabra,-155.330702,19.627708,USA,Hawaii,NA,50c9509d-22c7-4a22-a47d-8c48425ef4a7,11824312500
Dubautia scabra (DC.) D.D.Keck,Dubautia,scabra,-155.391852,19.641165,USA,Hawaii,NA,50c9509d-22c7-4a22-a47d-8c48425ef4a7,11824312500
Dubautia scabra (DC.) D.D.Keck,Dubautia,scabra,-155.223463,19.681146,USA,Hawaii,NA,50c9509d-22c7-4a22-a47d-8c48425ef4a7,11824312500
Dubautia scabra (DC.) D.D.Keck,Dubautia,scabra,-155.380667,19.400666,USA,Hawaii,NA,50c9509d-22c7-4a22-a47d-8c48425ef4a7,11824312500
Dubautia scabra (DC.) D.D.Keck,Dubautia,scabra,-155.255677,19.539607,USA,Hawaii,NA,50c9509d-22c7-4a22-a47d-8c48425ef4a7,11824312500
Dubautia scabra (DC.) D.D.Keck,Dubautia,scabra,-155.389185,19.785197,USA,Hawaii,NA,50c9509d-22c7-4a22-a47d-8c48425ef4a7,11824312500
Dubautia scabra (DC.) D.D.Keck,Dubautia,scabra,-155.381104,19.702288,USA,Hawaii,NA,50c9509d-22c7-4a22-a47d-8c48425ef4a7,11824312500
Dubautia scabra (DC.) D.D.Keck,Dubautia,scabra,-155.37549,19.584911,USA,Hawaii,NA,50c9509d-22c7-4a22-a47d-8c48425ef4a7,11824312500
Dubautia scabra (DC.) D.D.Keck,Dubautia,scabra,-155.318485,19.462565,USA,Hawaii,NA,50c9509d-22c7-4a22-a47d-8c48425ef4a7,11824312500
Dubautia scabra (DC.) D.D.Keck,Dubautia,scabra,-155.313526,19.402382,USA,Hawaii,NA,50c9509d-22c7-4a22-a47d-8c48425ef4a7,11824312500
Dubautia scabra (DC.) D.D.Keck,Dubautia,scabra,-155.349893,19.247863,USA,Hawaii,NA,50c9509d-22c7-4a22-a47d-8c48425ef4a7,11824312500
Dubautia scabra (DC.) D.D.Keck,Dubautia,scabra,-155.416482,19.679423,USA,Hawaii,NA,50c9509d-22c7-4a22-a47d-8c48425ef4a7,11824312500
Dubautia scabra (DC.) D.D.Keck,Dubautia,scabra,-155.319206,19.676031,USA,Hawaii,NA,50c9509d-22c7-4a22-a47d-8c48425ef4a7,11824312500
Dubautia scabra (DC.) D.D.Keck,Dubautia,scabra,-155.301889,19.665754,USA,Hawaii,NA,50c9509d-22c7-4a22-a47d-8c48425ef4a7,11824312500
Dubautia scabra (DC.) D.D.Keck,Dubautia,scabra,-155.29568,19.486745,USA,Hawaii,NA,50c9509d-22c7-4a22-a47d-8c48425ef4a7,11824312500
Dubautia scabra (DC.) D.D.Keck,Dubautia,scabra,-155.320817,19.595661,USA,Hawaii,NA,50c9509d-22c7-4a22-a47d-8c48425ef4a7,11824312500
Dubautia scabra (DC.) D.D.Keck,Dubautia,scabra,-155.346586,19.579014,USA,Hawaii,NA,50c9509d-22c7-4a22-a47d-8c48425ef4a7,11824312500
Dubautia scabra (DC.) D.D.Keck,Dubautia,scabra,-155.338064,19.532672,USA,Hawaii,NA,50c9509d-22c7-4a22-a47d-8c48425ef4a7,11824312500
Dubautia scabra (DC.) D.D.Keck,Dubautia,scabra,-155.302479,19.26645,USA,Hawaii,NA,50c9509d-22c7-4a22-a47d-8c48425ef4a7,11824312500
Dubautia scabra (DC.) D.D.Keck,Dubautia,scabra,-155.61157,19.043756,USA,Hawaii,NA,50c9509d-22c7-4a22-a47d-8c48425ef4a7,11824312500
Dubautia scabra (DC.) D.D.Keck,Dubautia,scabra,-155.285413,19.501868,USA,Hawaii,NA,50c9509d-22c7-4a22-a47d-8c48425ef4a7,11824312500
Dubautia scabra (DC.) D.D.Keck,Dubautia,scabra,-155.355547,19.436078,USA,Hawaii,NA,50c9509d-22c7-4a22-a47d-8c48425ef4a7,11824312500
Dubautia scabra (DC.) D.D.Keck,Dubautia,scabra,-155.374674,19.495236,USA,Hawaii,NA,50c9509d-22c7-4a22-a47d-8c48425ef4a7,11824312500
Dubautia scabra (DC.) D.D.Keck,Dubautia,scabra,-155.337647,19.589735,USA,Hawaii,NA,50c9509d-22c7-4a22-a47d-8c48425ef4a7,11824312500
Dubautia scabra (DC.) D.D.Keck,Dubautia,scabra,-155.235847,19.475376,USA,Hawaii,NA,50c9509d-22c7-4a22-a47d-8c48425ef4a7,11824312500
Dubautia scabra (DC.) D.D.Keck,Dubautia,scabra,-155.354185,19.403232,USA,Hawaii,NA,50c9509d-22c7-4a22-a47d-8c48425ef4a7,11824312500
Dubautia scabra (DC.) D.D.Keck,Dubautia,scabra,-155.299561,19.502771,USA,Hawaii,NA,50c9509d-22c7-4a22-a47d-8c48425ef4a7,11824312500
Dubautia scabra (DC.) D.D.Keck,Dubautia,scabra,-155.356466,19.450176,USA,Hawaii,NA,50c9509d-22c7-4a22-a47d-8c48425ef4a7,11824312500
Dubautia scabra (DC.) D.D.Keck,Dubautia,scabra,-155.382782,19.537368,USA,Hawaii,NA,50c9509d-22c7-4a22-a47d-8c48425ef4a7,11824312500
Dubautia scabra (DC.) D.D.Keck,Dubautia,scabra,-155.305277,19.412357,USA,Hawaii,NA,50c9509d-22c7-4a22-a47d-8c48425ef4a7,11824312500
Dubautia scabra (DC.) D.D.Keck,Dubautia,scabra,-155.355287,19.522184,USA,Hawaii,NA,50c9509d-22c7-4a22-a47d-8c48425ef4a7,11824312500
Dubautia scabra (DC.) D.D.Keck,Dubautia,scabra,-155.203472,19.512853,USA,Hawaii,NA,50c9509d-22c7-4a22-a47d-8c48425ef4a7,11824312500
Dubautia scabra (DC.) D.D.Keck,Dubautia,scabra,-155.325163,19.477784,USA,Hawaii,NA,50c9509d-22c7-4a22-a47d-8c48425ef4a7,11824312500
Dubautia scabra (DC.) D.D.Keck,Dubautia,scabra,-155.278207,19.463506,USA,Hawaii,NA,50c9509d-22c7-4a22-a47d-8c48425ef4a7,11824312500
Dubautia scabra (DC.) D.D.Keck,Dubautia,scabra,-155.329101,19.768357,USA,Hawaii,NA,50c9509d-22c7-4a22-a47d-8c48425ef4a7,11824312500
Dubautia scabra (DC.) D.D.Keck,Dubautia,scabra,-155.214247,19.318441,USA,Hawaii,NA,50c9509d-22c7-4a22-a47d-8c48425ef4a7,11824312500
Dubautia scabra (DC.) D.D.Keck,Dubautia,scabra,-155.329323,19.586118,USA,Hawaii,NA,50c9509d-22c7-4a22-a47d-8c48425ef4a7,11824312500
Dubautia scabra (DC.) D.D.Keck,Dubautia,scabra,-155.335368,19.469016,USA,Hawaii,NA,50c9509d-22c7-4a22-a47d-8c48425ef4a7,11824312500
Dubautia scabra (DC.) D.D.Keck,Dubautia,scabra,-155.235264,19.441196,USA,Hawaii,NA,50c9509d-22c7-4a22-a47d-8c48425ef4a7,11824312500
Dubautia scabra (DC.) D.D.Keck,Dubautia,scabra,-155.271044,19.464523,USA,Hawaii,NA,50c9509d-22c7-4a22-a47d-8c48425ef4a7,11824312500
Dubautia scabra (DC.) D.D.Keck,Dubautia,scabra,-155.203313,19.444567,USA,Hawaii,NA,50c9509d-22c7-4a22-a47d-8c48425ef4a7,11824312500
Dubautia scabra (DC.) D.D.Keck,Dubautia,scabra,-155.394832,19.537856,USA,Hawaii,NA,50c9509d-22c7-4a22-a47d-8c48425ef4a7,11824312500
Dubautia scabra (DC.) D.D.Keck,Dubautia,scabra,-155.258174,19.599409,USA,Hawaii,NA,50c9509d-22c7-4a22-a47d-8c48425ef4a7,11824312500
Dubautia scabra (DC.) D.D.Keck,Dubautia,scabra,-155.321545,19.583699,USA,Hawaii,NA,50c9509d-22c7-4a22-a47d-8c48425ef4a7,11824312500
Dubautia scabra (DC.) D.D.Keck,Dubautia,scabra,-155.322553,19.365432,USA,Hawaii,NA,50c9509d-22c7-4a22-a47d-8c48425ef4a7,11824312500
Dubautia scabra (DC.) D.D.Keck,Dubautia,scabra,-155.342529,19.532436,USA,Hawaii,NA,50c9509d-22c7-4a22-a47d-8c48425ef4a7,11824312500
Dubautia scabra (DC.) D.D.Keck,Dubautia,scabra,-155.33541,19.712005,USA,Hawaii,NA,50c9509d-22c7-4a22-a47d-8c48425ef4a7,11824312500
Dubautia scabra (DC.) D.D.Keck,Dubautia,scabra,-155.383794,19.238375,USA,Hawaii,NA,50c9509d-22c7-4a22-a47d-8c48425ef4a7,11824312500
Dubautia scabra (DC.) D.D.Keck,Dubautia,scabra,-155.308677,19.685904,USA,Hawaii,NA,50c9509d-22c7-4a22-a47d-8c48425ef4a7,11824312500
Dubautia scabra (DC.) D.D.Keck,Dubautia,scabra,-155.33463,19.755482,USA,Hawaii,NA,50c9509d-22c7-4a22-a47d-8c48425ef4a7,11824312500
Dubautia scabra (DC.) D.D.Keck,Dubautia,scabra,-155.337524,19.451532,USA,Hawaii,NA,50c9509d-22c7-4a22-a47d-8c48425ef4a7,11824312500
Dubautia scabra (DC.) D.D.Keck,Dubautia,scabra,-155.209142,19.570507,USA,Hawaii,NA,50c9509d-22c7-4a22-a47d-8c48425ef4a7,11824312500
Dubautia scabra (DC.) D.D.Keck,Dubautia,scabra,-155.329177,19.559417,USA,Hawaii,NA,50c9509d-22c7-4a22-a47d-8c48425ef4a7,11824312500
Dubautia scabra (DC.) D.D.Keck,Dubautia,scabra,-155.772915,19.018019,USA,Hawaii,NA,50c9509d-22c7-4a22-a47d-8c48425ef4a7,11824312500
Dubautia scabra (DC.) D.D.Keck,Dubautia,scabra,-155.646678,19.070137,USA,Hawaii,NA,50c9509d-22c7-4a22-a47d-8c48425ef4a7,11824312500
Dubautia scabra (DC.) D.D.Keck,Dubautia,scabra,-155.330948,19.385168,USA,Hawaii,NA,50c9509d-22c7-4a22-a47d-8c48425ef4a7,11824312500
Dubautia scabra (DC.) D.D.Keck,Dubautia,scabra,-155.32912,19.39208,USA,Hawaii,NA,50c9509d-22c7-4a22-a47d-8c48425ef4a7,11824312500
Dubautia scabra (DC.) D.D.Keck,Dubautia,scabra,-155.264809,19.614138,USA,Hawaii,NA,50c9509d-22c7-4a22-a47d-8c48425ef4a7,11824312500
Dubautia scabra (DC.) D.D.Keck,Dubautia,scabra,-155.33398,19.659065,USA,Hawaii,NA,50c9509d-22c7-4a22-a47d-8c48425ef4a7,11824312500
Dubautia scabra (DC.) D.D.Keck,Dubautia,scabra,-155.36892,19.774098,USA,Hawaii,NA,50c9509d-22c7-4a22-a47d-8c48425ef4a7,11824312500
Dubautia scabra (DC.) D.D.Keck,Dubautia,scabra,-155.274762,19.727228,USA,Hawaii,NA,50c9509d-22c7-4a22-a47d-8c48425ef4a7,11824312500
Dubautia scabra (DC.) D.D.Keck,Dubautia,scabra,-155.306303,19.461156,USA,Hawaii,NA,50c9509d-22c7-4a22-a47d-8c48425ef4a7,11824312500
Dubautia scabra (DC.) D.D.Keck,Dubautia,scabra,-155.270288,19.533822,USA,Hawaii,NA,50c9509d-22c7-4a22-a47d-8c48425ef4a7,11824312500
Dubautia scabra (DC.) D.D.Keck,Dubautia,scabra,-155.390067,19.553384,USA,Hawaii,NA,50c9509d-22c7-4a22-a47d-8c48425ef4a7,11824312500
Dubautia scabra (DC.) D.D.Keck,Dubautia,scabra,-155.223815,19.520105,USA,Hawaii,NA,50c9509d-22c7-4a22-a47d-8c48425ef4a7,11824312500
Dubautia scabra (DC.) D.D.Keck,Dubautia,scabra,-155.235729,19.461916,USA,Hawaii,NA,50c9509d-22c7-4a22-a47d-8c48425ef4a7,11824312500
Dubautia scabra (DC.) D.D.Keck,Dubautia,scabra,-155.30067,19.4309,USA,Hawaii,NA,50c9509d-22c7-4a22-a47d-8c48425ef4a7,11824312500
Dubautia scabra (DC.) D.D.Keck,Dubautia,scabra,-155.763982,19.248462,USA,Hawaii,NA,50c9509d-22c7-4a22-a47d-8c48425ef4a7,11824312500
Dubautia scabra (DC.) D.D.Keck,Dubautia,scabra,-155.353435,19.224284,Hawaii,Hawaii,NA,50c9509d-22c7-4a22-a47d-8c48425ef4a7,11824312500
Dubautia scabra (DC.) D.D.Keck,Dubautia,scabra,-155.316738,19.584247,USA,Hawaii,NA,50c9509d-22c7-4a22-a47d-8c48425ef4a7,11824312500
Dubautia scabra (DC.) D.D.Keck,Dubautia,scabra,-155.292876,19.452914,USA,Hawaii,NA,50c9509d-22c7-4a22-a47d-8c48425ef4a7,11824312500
Dubautia scabra (DC.) D.D.Keck,Dubautia,scabra,-155.399865,19.547905,USA,Hawaii,NA,50c9509d-22c7-4a22-a47d-8c48425ef4a7,11824312500
Dubautia scabra (DC.) D.D.Keck,Dubautia,scabra,-155.144689,19.389364,USA,Hawaii,NA,50c9509d-22c7-4a22-a47d-8c48425ef4a7,11824312500
Dubautia scabra (DC.) D.D.Keck,Dubautia,scabra,-155.325935,19.346582,USA,Hawaii,NA,50c9509d-22c7-4a22-a47d-8c48425ef4a7,11824312500
Dubautia scabra (DC.) D.D.Keck,Dubautia,scabra,-155.730278,19.05436,USA,Hawaii,NA,50c9509d-22c7-4a22-a47d-8c48425ef4a7,11824312500
Dubautia scabra (DC.) D.D.Keck,Dubautia,scabra,-155.372303,19.540227,USA,Hawaii,NA,50c9509d-22c7-4a22-a47d-8c48425ef4a7,11824312500
Dubautia scabra (DC.) D.D.Keck,Dubautia,scabra,-155.284421,19.267921,USA,Hawaii,NA,50c9509d-22c7-4a22-a47d-8c48425ef4a7,11824312500
Dubautia scabra (DC.) D.D.Keck,Dubautia,scabra,-155.3542,19.695605,USA,Hawaii,NA,50c9509d-22c7-4a22-a47d-8c48425ef4a7,11824312500
Dubautia scabra (DC.) D.D.Keck,Dubautia,scabra,-155.360819,19.766516,USA,Hawaii,NA,50c9509d-22c7-4a22-a47d-8c48425ef4a7,11824312500
Dubautia scabra (DC.) D.D.Keck,Dubautia,scabra,-155.243645,19.755424,USA,Hawaii,NA,50c9509d-22c7-4a22-a47d-8c48425ef4a7,11824312500
Dubautia scabra (DC.) D.D.Keck,Dubautia,scabra,-155.348943,19.473128,USA,Hawaii,NA,50c9509d-22c7-4a22-a47d-8c48425ef4a7,11824312500
Dubautia scabra (DC.) D.D.Keck,Dubautia,scabra,-155.398585,19.780862,USA,Hawaii,NA,50c9509d-22c7-4a22-a47d-8c48425ef4a7,11824312500
Dubautia scabra (DC.) D.D.Keck,Dubautia,scabra,-155.324383,19.600638,USA,Hawaii,NA,50c9509d-22c7-4a22-a47d-8c48425ef4a7,11824312500
Dubautia scabra (DC.) D.D.Keck,Dubautia,scabra,-155.280281,19.727461,USA,Hawaii,NA,50c9509d-22c7-4a22-a47d-8c48425ef4a7,11824312500
Dubautia scabra (DC.) D.D.Keck,Dubautia,scabra,-155.225431,19.580957,USA,Hawaii,NA,50c9509d-22c7-4a22-a47d-8c48425ef4a7,11824312500
Dubautia scabra (DC.) D.D.Keck,Dubautia,scabra,-155.289747,19.398868,USA,Hawaii,NA,50c9509d-22c7-4a22-a47d-8c48425ef4a7,11824312500
Dubautia scabra (DC.) D.D.Keck,Dubautia,scabra,-155.228436,19.421356,USA,Hawaii,NA,50c9509d-22c7-4a22-a47d-8c48425ef4a7,11824312500
Dubautia scabra (DC.) D.D.Keck,Dubautia,scabra,-155.367931,19.218108,Hawaii,Hawaii,NA,50c9509d-22c7-4a22-a47d-8c48425ef4a7,11824312500
Dubautia scabra (DC.) D.D.Keck,Dubautia,scabra,-155.388943,19.2394,USA,Hawaii,NA,50c9509d-22c7-4a22-a47d-8c48425ef4a7,11824312500
Dubautia scabra (DC.) D.D.Keck,Dubautia,scabra,-155.220221,19.328155,USA,Hawaii,NA,50c9509d-22c7-4a22-a47d-8c48425ef4a7,11824312500
Dubautia scabra (DC.) D.D.Keck,Dubautia,scabra,-155.300054,19.356232,USA,Hawaii,NA,50c9509d-22c7-4a22-a47d-8c48425ef4a7,11824312500
Dubautia scabra (DC.) D.D.Keck,Dubautia,scabra,-155.841607,19.754116,USA,Hawaii,NA,50c9509d-22c7-4a22-a47d-8c48425ef4a7,11824312500
Dubautia scabra (DC.) D.D.Keck,Dubautia,scabra,-155.266608,19.735625,USA,Hawaii,NA,50c9509d-22c7-4a22-a47d-8c48425ef4a7,11824312500
Dubautia scabra (DC.) D.D.Keck,Dubautia,scabra,-155.397101,19.204863,USA,Hawaii,NA,50c9509d-22c7-4a22-a47d-8c48425ef4a7,11824312500
Dubautia scabra (DC.) D.D.Keck,Dubautia,scabra,-155.274667,19.388577,USA,Hawaii,NA,50c9509d-22c7-4a22-a47d-8c48425ef4a7,11824312500
Dubautia scabra (DC.) D.D.Keck,Dubautia,scabra,-155.336798,19.582369,USA,Hawaii,NA,50c9509d-22c7-4a22-a47d-8c48425ef4a7,11824312500
Dubautia scabra (DC.) D.D.Keck,Dubautia,scabra,-155.332748,19.586609,USA,Hawaii,NA,50c9509d-22c7-4a22-a47d-8c48425ef4a7,11824312500
Dubautia scabra (DC.) D.D.Keck,Dubautia,scabra,-155.359139,19.495374,USA,Hawaii,NA,50c9509d-22c7-4a22-a47d-8c48425ef4a7,11824312500
Dubautia scabra (DC.) D.D.Keck,Dubautia,scabra,-155.297105,19.311341,USA,Hawaii,NA,50c9509d-22c7-4a22-a47d-8c48425ef4a7,11824312500
Dubautia scabra (DC.) D.D.Keck,Dubautia,scabra,-155.363876,19.498597,USA,Hawaii,NA,50c9509d-22c7-4a22-a47d-8c48425ef4a7,11824312500
Dubautia scabra (DC.) D.D.Keck,Dubautia,scabra,-155.323505,19.479678,USA,Hawaii,NA,50c9509d-22c7-4a22-a47d-8c48425ef4a7,11824312500
Dubautia scabra (DC.) D.D.Keck,Dubautia,scabra,-155.220293,19.401543,USA,Hawaii,NA,50c9509d-22c7-4a22-a47d-8c48425ef4a7,11824312500
Dubautia scabra (DC.) D.D.Keck,Dubautia,scabra,-155.271027,19.349758,USA,Hawaii,NA,50c9509d-22c7-4a22-a47d-8c48425ef4a7,11824312500
Dubautia scabra (DC.) D.D.Keck,Dubautia,scabra,-155.221265,19.304331,USA,Hawaii,NA,50c9509d-22c7-4a22-a47d-8c48425ef4a7,11824312500
Dubautia scabra (DC.) D.D.Keck,Dubautia,scabra,-155.63575,19.033778,USA,Hawaii,NA,50c9509d-22c7-4a22-a47d-8c48425ef4a7,11824312500
Dubautia scabra (DC.) D.D.Keck,Dubautia,scabra,-155.354067,19.47165,USA,Hawaii,NA,50c9509d-22c7-4a22-a47d-8c48425ef4a7,11824312500
Dubautia scabra (DC.) D.D.Keck,Dubautia,scabra,-155.395355,19.342946,USA,Hawaii,NA,50c9509d-22c7-4a22-a47d-8c48425ef4a7,11824312500
Dubautia scabra (DC.) D.D.Keck,Dubautia,scabra,-155.270864,19.302462,USA,Hawaii,NA,50c9509d-22c7-4a22-a47d-8c48425ef4a7,11824312500
Dubautia scabra (DC.) D.D.Keck,Dubautia,scabra,-155.33957,19.260169,USA,Hawaii,NA,50c9509d-22c7-4a22-a47d-8c48425ef4a7,11824312500
Dubautia scabra (DC.) D.D.Keck,Dubautia,scabra,-155.293746,19.541788,USA,Hawaii,NA,50c9509d-22c7-4a22-a47d-8c48425ef4a7,11824312500
Dubautia scabra (DC.) D.D.Keck,Dubautia,scabra,-155.234614,19.488131,USA,Hawaii,NA,50c9509d-22c7-4a22-a47d-8c48425ef4a7,11824312500
Dubautia scabra (DC.) D.D.Keck,Dubautia,scabra,-155.289873,19.423465,USA,Hawaii,NA,50c9509d-22c7-4a22-a47d-8c48425ef4a7,11824312500
Dubautia scabra (DC.) D.D.Keck,Dubautia,scabra,-155.322235,19.405922,USA,Hawaii,NA,6ac3f774-d9fb-4796-b3e9-92bf6c81c084,11824312500
Dubautia scabra (DC.) D.D.Keck,Dubautia,scabra,-155.224347,19.551843,USA,Hawaii,NA,50c9509d-22c7-4a22-a47d-8c48425ef4a7,11824312500
Dubautia scabra (DC.) D.D.Keck,Dubautia,scabra,-155.329469,19.259722,USA,Hawaii,NA,50c9509d-22c7-4a22-a47d-8c48425ef4a7,11824312500
Dubautia scabra (DC.) D.D.Keck,Dubautia,scabra,-155.301537,19.50055,USA,Hawaii,NA,50c9509d-22c7-4a22-a47d-8c48425ef4a7,11824312500
Dubautia scabra (DC.) D.D.Keck,Dubautia,scabra,-155.208896,19.587368,USA,Hawaii,NA,50c9509d-22c7-4a22-a47d-8c48425ef4a7,11824312500
Dubautia scabra (DC.) D.D.Keck,Dubautia,scabra,-155.273483,19.6891,USA,Hawaii,NA,d415c253-4d61-4459-9d25-4015b9084fb0,11824312500
Dubautia scabra (DC.) D.D.Keck,Dubautia,scabra,-156.61,20.85,USA,Hawaii,Maui,96c33790-a2b5-11de-9f79-b8a03c50a862,2165812500
Dubautia scabra (DC.) D.D.Keck,Dubautia,scabra,-155.5,19.5,USA,Hawaii,NA,832cb04e-f762-11e1-a439-00145eb45e9a,11824312500
Dubautia scabra (DC.) D.D.Keck,Dubautia,scabra,-155.309989,19.677132,USA,Hawaii,NA,9781ce05-2379-4a10-ab3b-c91346510df8,11824312500
Dubautia scabra (DC.) D.D.Keck,Dubautia,scabra,-156.861427,20.797801,USA,Hawaii,Lanai,9781ce05-2379-4a10-ab3b-c91346510df8,419687500
Dubautia scabra (DC.) D.D.Keck,Dubautia,scabra,-155.491087,19.714371,USA,Hawaii,NA,9781ce05-2379-4a10-ab3b-c91346510df8,11824312500
Dubautia scabra (DC.) D.D.Keck,Dubautia,scabra,-155.3,19.4,USA,Hawaii,NA,07fd0d79-4883-435f-bba1-58fef110cd13,11824312500
Dubautia scabra subsp. leiophylla (A.Gray) G.D.Carr,Dubautia,scabra_leiophylla,-156.049,20.742,USA,Hawaii,Maui,821cc27a-e3bb-4bc5-ac34-89ada245069d,2165812500
Dubautia scabra subsp. leiophylla (A.Gray) G.D.Carr,Dubautia,scabra_leiophylla,-156.276789,20.847182,USA,Hawaii,Maui,50c9509d-22c7-4a22-a47d-8c48425ef4a7,2165812500
Dubautia scabra subsp. leiophylla (A.Gray) G.D.Carr,Dubautia,scabra_leiophylla,-156.141,20.7745,USA,Hawaii,Maui,821cc27a-e3bb-4bc5-ac34-89ada245069d,2165812500
Dubautia scabra subsp. leiophylla (A.Gray) G.D.Carr,Dubautia,scabra_leiophylla,-156.2,20.78,USA,Hawaii,Maui,821cc27a-e3bb-4bc5-ac34-89ada245069d,2165812500
Dubautia scabra subsp. leiophylla (A.Gray) G.D.Carr,Dubautia,scabra_leiophylla,-155.083333,19.716667,USA,Hawaii,NA,9781ce05-2379-4a10-ab3b-c91346510df8,11824312500
Dubautia scabra subsp. leiophylla (A.Gray) G.D.Carr,Dubautia,scabra_leiophylla,-156.9,21.1,USA,Hawaii,Molokai,b929f23d-290f-4e85-8f17-764c55b3b284,780312500
Dubautia scabra subsp. leiophylla (A.Gray) G.D.Carr,Dubautia,scabra_leiophylla,-156.267516,20.80202,USA,Hawaii,Maui,9781ce05-2379-4a10-ab3b-c91346510df8,2165812500
Dubautia scabra subsp. leiophylla (A.Gray) G.D.Carr,Dubautia,scabra_leiophylla,-156.11849,20.73565,USA,Hawaii,Maui,b929f23d-290f-4e85-8f17-764c55b3b284,2165812500
Dubautia scabra subsp. leiophylla (A.Gray) G.D.Carr,Dubautia,molokaiensis,-156.291111,20.785833,USA,Hawaii,Maui,43fb301d-0354-45bc-94d2-dd50f3142a50,2165812500
Dubautia scabra subsp. scabra,Dubautia,scabra_scabra,-155.215,19.3656,USA,Hawaii,NA,26098c25-8f7f-4c71-97ac-1d3db181c65e,11824312500
Dubautia scabra subsp. scabra,Dubautia,scabra_scabra,-155.215,19.3654,USA,Hawaii,NA,26098c25-8f7f-4c71-97ac-1d3db181c65e,11824312500
Dubautia scabra subsp. scabra,Dubautia,scabra_scabra,-155.215,19.3654,USA,Hawaii,NA,26098c25-8f7f-4c71-97ac-1d3db181c65e,11824312500
Dubautia scabra subsp. scabra,Dubautia,scabra_scabra,-155.215,19.3656,USA,Hawaii,NA,26098c25-8f7f-4c71-97ac-1d3db181c65e,11824312500
Dubautia scabra subsp. scabra,Dubautia,scabra_scabra,-155.22,19.36,USA,Hawaii,NA,d8cd16ba-bb74-4420-821e-083f2bac17c2,11824312500
Dubautia scabra subsp. scabra,Dubautia,scabra_scabra,-155.21,19.37,USA,Hawaii,NA,d8cd16ba-bb74-4420-821e-083f2bac17c2,11824312500
Dubautia scabra subsp. scabra,Dubautia,scabra_scabra,-155.083,19.7167,USA,Hawaii,NA,b929f23d-290f-4e85-8f17-764c55b3b284,11824312500
Dubautia scabra subsp. scabra,Railliardia,scabra_scabra,-155.295895,19.682873,USA,Hawaii,NA,39c43f87-ad33-48f6-867c-29768e1f06d1,11824312500
Dubautia scabra subsp. scabra,Railliardia,scabra_scabra,-155.235227,19.424898,USA,Hawaii,NA,39c43f87-ad33-48f6-867c-29768e1f06d1,11824312500
Dubautia scabra subsp. scabra,Dubautia,scabra_scabra,-155.633,19.0667,USA,Hawaii,NA,b929f23d-290f-4e85-8f17-764c55b3b284,11824312500
Dubautia scabra subsp. scabra,Dubautia,scabra_scabra,-155.633,19.0667,USA,Hawaii,NA,b929f23d-290f-4e85-8f17-764c55b3b284,11824312500
Dubautia scabra subsp. scabra,Dubautia,scabra_scabra,-154.85,19.5333,USA,Hawaii,NA,b929f23d-290f-4e85-8f17-764c55b3b284,11824312500
Dubautia scabra subsp. scabra,Dubautia,scabra_scabra,-155.35,19.4833,USA,Hawaii,NA,b929f23d-290f-4e85-8f17-764c55b3b284,11824312500
Dubautia scabra subsp. scabra,Railliardia,scabra_scabra,-155.235227,19.424898,USA,Hawaii,NA,39c43f87-ad33-48f6-867c-29768e1f06d1,11824312500
Dubautia scabra subsp. scabra,Dubautia,scabra_scabra,-155.35,19.4833,USA,Hawaii,NA,b929f23d-290f-4e85-8f17-764c55b3b284,11824312500
Dubautia scabra subsp. scabra,Railliardia,scabra_scabra,-155.234662,19.424642,USA,Hawaii,NA,39c43f87-ad33-48f6-867c-29768e1f06d1,11824312500
Dubautia scabra subsp. scabra,Railliardia,scabra_scabra,-155.676236,19.059813,USA,Hawaii,NA,39c43f87-ad33-48f6-867c-29768e1f06d1,11824312500
Dubautia scabra subsp. scabra,Dubautia,scabra_scabra,-155.3,19.6,USA,Hawaii,NA,3dedd874-1c74-487c-9fb3-48dcaf922bab,11824312500
Dubautia scabra subsp. scabra,Dubautia,scabra_scabra,-155.3,19.4,USA,Hawaii,NA,07fd0d79-4883-435f-bba1-58fef110cd13,11824312500
Dubautia scabra subsp. scabra,Dubautia,scabra_scabra,-155.3,19.4,USA,Hawaii,NA,07fd0d79-4883-435f-bba1-58fef110cd13,11824312500
Dubautia scabra subsp. scabra,Dubautia,scabra_scabra,-155.3,19.4,USA,Hawaii,NA,07fd0d79-4883-435f-bba1-58fef110cd13,11824312500
Dubautia scabra subsp. scabra,Railliardia,scabra_scabra,-155.5,19.58333,USA,Hawaii,NA,63e9e22d-a649-4087-b39e-acb1651af077,11824312500
Dubautia scabra subsp. scabra,Railliardia,scabra_scabra,-155.5,19.58333,USA,Hawaii,NA,63e9e22d-a649-4087-b39e-acb1651af077,11824312500
Dubautia sherffiana Fosberg,Dubautia,sherffiana,-158.14294,21.50761,USA,Hawaii,Oahu,9781ce05-2379-4a10-ab3b-c91346510df8,1801687500
Dubautia sherffiana Fosberg,Dubautia,sherffiana,-158.146388,21.510246,USA,Hawaii,Oahu,9781ce05-2379-4a10-ab3b-c91346510df8,1801687500
Dubautia sherffiana Fosberg,Dubautia,sherffiana,-158.14294,21.50761,USA,Hawaii,Oahu,8567736a-23db-4ab2-aa13-888d3123be1b,1801687500
Dubautia sherffiana Fosberg,Railliardia,sherffiana,-158.145355,21.510965,USA,Hawaii,Oahu,7b9a08ea-f762-11e1-a439-00145eb45e9a,1801687500
Dubautia sherffiana Fosberg,Dubautia,sherffiana,-155.5,19.58333,USA,Hawaii,NA,f577c9f3-ae71-4278-b6bf-512ba1dfaa21,11824312500
Dubautia syndetica G.D.Carr & Lorence,Dubautia,syndetica,-159.486,21.9689,USA,Hawaii,Kauai,821cc27a-e3bb-4bc5-ac34-89ada245069d,1683250000
Dubautia syndetica G.D.Carr & Lorence,Dubautia,syndetica,-159.5,22.03,USA,Hawaii,Kauai,821cc27a-e3bb-4bc5-ac34-89ada245069d,1683250000
Dubautia thyrsiflora var. cernua (Sherff) D.D.Keck,Railliardia,thyrsiflora,-156.172547,20.704658,USA,Hawaii,Maui,90c853e6-56bd-480b-8e8f-6285c3f8d42b,2165812500
Dubautia waialealae Rock,Dubautia,waialealae,-159.549005,22.0663,USA,Hawaii,Kauai,50c9509d-22c7-4a22-a47d-8c48425ef4a7,1683250000
Dubautia waialealae Rock,Dubautia,waialealae,-159.412995,22.109263,USA,Hawaii,Kauai,50c9509d-22c7-4a22-a47d-8c48425ef4a7,1683250000
Dubautia waialealae Rock,Dubautia,waialealae,-159.465842,22.029394,USA,Hawaii,Kauai,50c9509d-22c7-4a22-a47d-8c48425ef4a7,1683250000
Dubautia waialealae Rock,Dubautia,waialealae,-159.40304,22.031276,USA,Hawaii,Kauai,50c9509d-22c7-4a22-a47d-8c48425ef4a7,1683250000
Dubautia waialealae Rock,Dubautia,waialealae,-159.448468,22.109824,USA,Hawaii,Kauai,50c9509d-22c7-4a22-a47d-8c48425ef4a7,1683250000
Dubautia waialealae Rock,Dubautia,waialealae,-159.435321,22.005307,USA,Hawaii,Kauai,50c9509d-22c7-4a22-a47d-8c48425ef4a7,1683250000
Dubautia waialealae Rock,Dubautia,waialealae,-159.556277,22.109414,USA,Hawaii,Kauai,50c9509d-22c7-4a22-a47d-8c48425ef4a7,1683250000
Dubautia waialealae Rock,Dubautia,waialealae,-159.596864,22.199619,USA,Hawaii,Kauai,50c9509d-22c7-4a22-a47d-8c48425ef4a7,1683250000
Dubautia waialealae Rock,Dubautia,waialealae,-159.52777,22.131537,USA,Hawaii,Kauai,50c9509d-22c7-4a22-a47d-8c48425ef4a7,1683250000
Dubautia waialealae Rock,Dubautia,waialealae,-159.442204,22.051054,USA,Hawaii,Kauai,50c9509d-22c7-4a22-a47d-8c48425ef4a7,1683250000
Dubautia waialealae Rock,Dubautia,waialealae,-159.400036,22.066735,USA,Hawaii,Kauai,50c9509d-22c7-4a22-a47d-8c48425ef4a7,1683250000
Dubautia waialealae Rock,Dubautia,waialealae,-159.403165,22.058743,USA,Hawaii,Kauai,50c9509d-22c7-4a22-a47d-8c48425ef4a7,1683250000
Dubautia waialealae Rock,Dubautia,waialealae,-159.434763,22.165691,USA,Hawaii,Kauai,50c9509d-22c7-4a22-a47d-8c48425ef4a7,1683250000
Dubautia waialealae Rock,Dubautia,waialealae,-159.484453,22.031149,USA,Hawaii,Kauai,50c9509d-22c7-4a22-a47d-8c48425ef4a7,1683250000
Dubautia waialealae Rock,Dubautia,waialealae,-159.473453,22.181627,USA,Hawaii,Kauai,50c9509d-22c7-4a22-a47d-8c48425ef4a7,1683250000
Dubautia waialealae Rock,Dubautia,waialealae,-159.594822,22.166464,USA,Hawaii,Kauai,50c9509d-22c7-4a22-a47d-8c48425ef4a7,1683250000
Dubautia waialealae Rock,Dubautia,waialealae,-159.542731,22.058966,USA,Hawaii,Kauai,50c9509d-22c7-4a22-a47d-8c48425ef4a7,1683250000
Dubautia waialealae Rock,Dubautia,waialealae,-159.596487,22.182268,USA,Hawaii,Kauai,50c9509d-22c7-4a22-a47d-8c48425ef4a7,1683250000
Dubautia waialealae Rock,Dubautia,waialealae,-159.5,22.0645,USA,Hawaii,Kauai,821cc27a-e3bb-4bc5-ac34-89ada245069d,1683250000
Dubautia waialealae Rock,Dubautia,waialealae,-159.41061,22.05789,USA,Hawaii,Kauai,50c9509d-22c7-4a22-a47d-8c48425ef4a7,1683250000
Dubautia waialealae Rock,Dubautia,waialealae,-159.551552,22.170337,USA,Hawaii,Kauai,50c9509d-22c7-4a22-a47d-8c48425ef4a7,1683250000
Dubautia waialealae Rock,Dubautia,waialealae,-159.542897,22.155703,USA,Hawaii,Kauai,50c9509d-22c7-4a22-a47d-8c48425ef4a7,1683250000
Dubautia waialealae Rock,Dubautia,waialealae,-159.497544,22.070564,USA,Hawaii,Kauai,90c853e6-56bd-480b-8e8f-6285c3f8d42b,1683250000
Dubautia waialealae Rock,Dubautia,waialealae,-159.496129,22.070643,USA,Hawaii,Kauai,d415c253-4d61-4459-9d25-4015b9084fb0,1683250000
Dubautia waialealae Rock,Dubautia,waialealae,-156.611295,21.021087,USA,Hawaii,Maui,6e5319b3-a870-4b5d-a194-e1a9c4ad8845,2165812500
Dubautia waianapanapaensis G.D.Carr,Dubautia,waianapanapaensis,-156.132,20.7428,USA,Hawaii,Maui,b929f23d-290f-4e85-8f17-764c55b3b284,2165812500
Dubautia waianapanapaensis G.D.Carr,Railliardia,dolosa,-156.146873,20.688037,USA,Hawaii,Maui,90c853e6-56bd-480b-8e8f-6285c3f8d42b,2165812500
Dubautia waianapanapaensis G.D.Carr,Railliardia,dolosa,-156.146873,20.688037,USA,Hawaii,Maui,90c853e6-56bd-480b-8e8f-6285c3f8d42b,2165812500
Dubautia waianapanapaensis G.D.Carr,Railliardia,dolosa,-156.146873,20.688037,USA,Hawaii,Maui,90c853e6-56bd-480b-8e8f-6285c3f8d42b,2165812500
Dubautia waianapanapaensis G.D.Carr,Dubautia,dolosa,-156.33333,20.78333,USA,Hawaii,Maui,f577c9f3-ae71-4278-b6bf-512ba1dfaa21,2165812500
Railliardia demissifolia var. verticillata Sherff,Railliardia,demissifolia,-156.172547,20.704658,USA,Hawaii,Maui,90c853e6-56bd-480b-8e8f-6285c3f8d42b,2165812500
Railliardia molokaiensis var. oppositifolia Sherff,Railliardia,molokaiensis,-157.03333,21.13333,USA,Hawaii,Molokai,f577c9f3-ae71-4278-b6bf-512ba1dfaa21,780312500
Railliardia molokaiensis var. oppositifolia Sherff,Railliardia,molokaiensis,-157.03333,21.13333,USA,Hawaii,Molokai,f577c9f3-ae71-4278-b6bf-512ba1dfaa21,780312500
Wilkesia gymnoxiphium A.Gray,Wilkesia,gymnoxiphium,-159.650827,22.166275,USA,Hawaii,Kauai,50c9509d-22c7-4a22-a47d-8c48425ef4a7,1683250000
Wilkesia gymnoxiphium A.Gray,Wilkesia,gymnoxiphium,-159.67843,22.017024,USA,Hawaii,Kauai,50c9509d-22c7-4a22-a47d-8c48425ef4a7,1683250000
Wilkesia gymnoxiphium A.Gray,Wilkesia,gymnoxiphium,-159.633446,22.077695,USA,Hawaii,Kauai,50c9509d-22c7-4a22-a47d-8c48425ef4a7,1683250000
Wilkesia gymnoxiphium A.Gray,Wilkesia,gymnoxiphium,-159.699549,22.130739,USA,Hawaii,Kauai,50c9509d-22c7-4a22-a47d-8c48425ef4a7,1683250000
Wilkesia gymnoxiphium A.Gray,Wilkesia,gymnoxiphium,-159.694507,22.03328,USA,Hawaii,Kauai,50c9509d-22c7-4a22-a47d-8c48425ef4a7,1683250000
Wilkesia gymnoxiphium A.Gray,Wilkesia,gymnoxiphium,-159.641361,22.063983,USA,Hawaii,Kauai,50c9509d-22c7-4a22-a47d-8c48425ef4a7,1683250000
Wilkesia gymnoxiphium A.Gray,Wilkesia,gymnoxiphium,-159.66931,22.096492,USA,Hawaii,Kauai,50c9509d-22c7-4a22-a47d-8c48425ef4a7,1683250000
Wilkesia gymnoxiphium A.Gray,Wilkesia,gymnoxiphium,-159.744726,22.089783,USA,Hawaii,Kauai,50c9509d-22c7-4a22-a47d-8c48425ef4a7,1683250000
Wilkesia gymnoxiphium A.Gray,Wilkesia,gymnoxiphium,-159.655428,22.048848,USA,Hawaii,Kauai,50c9509d-22c7-4a22-a47d-8c48425ef4a7,1683250000
Wilkesia gymnoxiphium A.Gray,Wilkesia,gymnoxiphium,-159.605706,22.193034,USA,Hawaii,Kauai,50c9509d-22c7-4a22-a47d-8c48425ef4a7,1683250000
Wilkesia gymnoxiphium A.Gray,Wilkesia,gymnoxiphium,-159.736811,22.119499,USA,Hawaii,Kauai,50c9509d-22c7-4a22-a47d-8c48425ef4a7,1683250000
Wilkesia gymnoxiphium A.Gray,Wilkesia,gymnoxiphium,-159.654051,22.171489,USA,Hawaii,Kauai,50c9509d-22c7-4a22-a47d-8c48425ef4a7,1683250000
Wilkesia gymnoxiphium A.Gray,Wilkesia,gymnoxiphium,-159.681257,22.152768,USA,Hawaii,Kauai,50c9509d-22c7-4a22-a47d-8c48425ef4a7,1683250000
Wilkesia gymnoxiphium A.Gray,Wilkesia,gymnoxiphium,-159.669979,22.067632,USA,Hawaii,Kauai,50c9509d-22c7-4a22-a47d-8c48425ef4a7,1683250000
Wilkesia gymnoxiphium A.Gray,Wilkesia,gymnoxiphium,-159.654703,22.064737,USA,Hawaii,Kauai,50c9509d-22c7-4a22-a47d-8c48425ef4a7,1683250000
Wilkesia gymnoxiphium A.Gray,Wilkesia,gymnoxiphium,-159.703391,22.051745,USA,Hawaii,Kauai,50c9509d-22c7-4a22-a47d-8c48425ef4a7,1683250000
Wilkesia gymnoxiphium A.Gray,Wilkesia,gymnoxiphium,-159.660691,22.136704,USA,Hawaii,Kauai,50c9509d-22c7-4a22-a47d-8c48425ef4a7,1683250000
Wilkesia gymnoxiphium A.Gray,Wilkesia,gymnoxiphium,-159.670474,22.117317,USA,Hawaii,Kauai,50c9509d-22c7-4a22-a47d-8c48425ef4a7,1683250000
Wilkesia gymnoxiphium A.Gray,Wilkesia,gymnoxiphium,-159.686639,22.161945,USA,Hawaii,Kauai,50c9509d-22c7-4a22-a47d-8c48425ef4a7,1683250000
Wilkesia gymnoxiphium A.Gray,Wilkesia,gymnoxiphium,-159.775997,22.028889,USA,Hawaii,Kauai,50c9509d-22c7-4a22-a47d-8c48425ef4a7,1683250000
Wilkesia gymnoxiphium A.Gray,Wilkesia,gymnoxiphium,-159.675671,22.027685,USA,Hawaii,Kauai,50c9509d-22c7-4a22-a47d-8c48425ef4a7,1683250000
Wilkesia gymnoxiphium A.Gray,Wilkesia,gymnoxiphium,-159.624737,22.176031,USA,Hawaii,Kauai,50c9509d-22c7-4a22-a47d-8c48425ef4a7,1683250000
Wilkesia gymnoxiphium A.Gray,Wilkesia,gymnoxiphium,-159.696984,22.129152,USA,Hawaii,Kauai,50c9509d-22c7-4a22-a47d-8c48425ef4a7,1683250000
Wilkesia gymnoxiphium A.Gray,Wilkesia,gymnoxiphium,-159.662165,22.002139,USA,Hawaii,Kauai,50c9509d-22c7-4a22-a47d-8c48425ef4a7,1683250000
Wilkesia gymnoxiphium A.Gray,Wilkesia,gymnoxiphium,-159.64065,22.017928,USA,Hawaii,Kauai,50c9509d-22c7-4a22-a47d-8c48425ef4a7,1683250000
Wilkesia gymnoxiphium A.Gray,Wilkesia,gymnoxiphium,-159.67059,22.064639,USA,Hawaii,Kauai,50c9509d-22c7-4a22-a47d-8c48425ef4a7,1683250000
Wilkesia gymnoxiphium A.Gray,Wilkesia,gymnoxiphium,-159.710146,22.088389,USA,Hawaii,Kauai,50c9509d-22c7-4a22-a47d-8c48425ef4a7,1683250000
Wilkesia gymnoxiphium A.Gray,Wilkesia,gymnoxiphium,-159.624124,22.173734,USA,Hawaii,Kauai,50c9509d-22c7-4a22-a47d-8c48425ef4a7,1683250000
Wilkesia gymnoxiphium A.Gray,Wilkesia,gymnoxiphium,-159.627522,22.168823,USA,Hawaii,Kauai,50c9509d-22c7-4a22-a47d-8c48425ef4a7,1683250000
Wilkesia gymnoxiphium A.Gray,Wilkesia,gymnoxiphium,-159.607564,22.15531,USA,Hawaii,Kauai,50c9509d-22c7-4a22-a47d-8c48425ef4a7,1683250000
Wilkesia gymnoxiphium A.Gray,Wilkesia,gymnoxiphium,-159.661308,22.128526,USA,Hawaii,Kauai,50c9509d-22c7-4a22-a47d-8c48425ef4a7,1683250000
Wilkesia gymnoxiphium A.Gray,Wilkesia,gymnoxiphium,-159.72014,22.01135,USA,Hawaii,Kauai,50c9509d-22c7-4a22-a47d-8c48425ef4a7,1683250000
Wilkesia gymnoxiphium A.Gray,Wilkesia,gymnoxiphium,-159.696022,22.091847,USA,Hawaii,Kauai,50c9509d-22c7-4a22-a47d-8c48425ef4a7,1683250000
Wilkesia gymnoxiphium A.Gray,Wilkesia,gymnoxiphium,-159.66158,22.005538,USA,Hawaii,Kauai,50c9509d-22c7-4a22-a47d-8c48425ef4a7,1683250000
Wilkesia gymnoxiphium A.Gray,Wilkesia,gymnoxiphium,-159.741293,22.01964,USA,Hawaii,Kauai,50c9509d-22c7-4a22-a47d-8c48425ef4a7,1683250000
Wilkesia gymnoxiphium A.Gray,Wilkesia,gymnoxiphium,-159.657867,22.038947,USA,Hawaii,Kauai,50c9509d-22c7-4a22-a47d-8c48425ef4a7,1683250000
Wilkesia gymnoxiphium A.Gray,Wilkesia,gymnoxiphium,-159.614606,22.164269,USA,Hawaii,Kauai,50c9509d-22c7-4a22-a47d-8c48425ef4a7,1683250000
Wilkesia gymnoxiphium A.Gray,Wilkesia,gymnoxiphium,-159.60331,21.944183,USA,Hawaii,Kauai,50c9509d-22c7-4a22-a47d-8c48425ef4a7,1683250000
Wilkesia gymnoxiphium A.Gray,Wilkesia,gymnoxiphium,-159.751528,22.021498,USA,Hawaii,Kauai,50c9509d-22c7-4a22-a47d-8c48425ef4a7,1683250000
Wilkesia gymnoxiphium A.Gray,Wilkesia,gymnoxiphium,-159.6556,22.043896,USA,Hawaii,Kauai,50c9509d-22c7-4a22-a47d-8c48425ef4a7,1683250000
Wilkesia gymnoxiphium A.Gray,Wilkesia,gymnoxiphium,-159.708721,22.108066,USA,Hawaii,Kauai,50c9509d-22c7-4a22-a47d-8c48425ef4a7,1683250000
Wilkesia gymnoxiphium A.Gray,Wilkesia,gymnoxiphium,-159.699502,22.095033,USA,Hawaii,Kauai,50c9509d-22c7-4a22-a47d-8c48425ef4a7,1683250000
Wilkesia gymnoxiphium A.Gray,Wilkesia,gymnoxiphium,-159.616278,22.015177,USA,Hawaii,Kauai,50c9509d-22c7-4a22-a47d-8c48425ef4a7,1683250000
Wilkesia gymnoxiphium A.Gray,Wilkesia,gymnoxiphium,-159.691423,22.083099,USA,Hawaii,Kauai,50c9509d-22c7-4a22-a47d-8c48425ef4a7,1683250000
Wilkesia gymnoxiphium A.Gray,Wilkesia,gymnoxiphium,-159.620736,22.140559,USA,Hawaii,Kauai,50c9509d-22c7-4a22-a47d-8c48425ef4a7,1683250000
Wilkesia gymnoxiphium A.Gray,Wilkesia,gymnoxiphium,-159.728736,22.073794,USA,Hawaii,Kauai,50c9509d-22c7-4a22-a47d-8c48425ef4a7,1683250000
Wilkesia gymnoxiphium A.Gray,Wilkesia,gymnoxiphium,-159.727545,22.054051,USA,Hawaii,Kauai,50c9509d-22c7-4a22-a47d-8c48425ef4a7,1683250000
Wilkesia gymnoxiphium A.Gray,Wilkesia,gymnoxiphium,-159.65619,22.120677,USA,Hawaii,Kauai,50c9509d-22c7-4a22-a47d-8c48425ef4a7,1683250000
Wilkesia gymnoxiphium A.Gray,Wilkesia,gymnoxiphium,-159.627325,22.048473,USA,Hawaii,Kauai,50c9509d-22c7-4a22-a47d-8c48425ef4a7,1683250000
Wilkesia gymnoxiphium A.Gray,Wilkesia,gymnoxiphium,-159.674779,22.124005,USA,Hawaii,Kauai,50c9509d-22c7-4a22-a47d-8c48425ef4a7,1683250000
Wilkesia gymnoxiphium A.Gray,Wilkesia,gymnoxiphium,-159.652402,22.015927,USA,Hawaii,Kauai,50c9509d-22c7-4a22-a47d-8c48425ef4a7,1683250000
Wilkesia gymnoxiphium A.Gray,Wilkesia,gymnoxiphium,-159.725546,22.050659,USA,Hawaii,Kauai,50c9509d-22c7-4a22-a47d-8c48425ef4a7,1683250000
Wilkesia gymnoxiphium A.Gray,Wilkesia,gymnoxiphium,-159.662189,22.044981,USA,Hawaii,Kauai,50c9509d-22c7-4a22-a47d-8c48425ef4a7,1683250000
Wilkesia gymnoxiphium A.Gray,Wilkesia,gymnoxiphium,-159.629405,22.157681,USA,Hawaii,Kauai,50c9509d-22c7-4a22-a47d-8c48425ef4a7,1683250000
Wilkesia gymnoxiphium A.Gray,Wilkesia,gymnoxiphium,-159.725413,22.032284,USA,Hawaii,Kauai,50c9509d-22c7-4a22-a47d-8c48425ef4a7,1683250000
Wilkesia gymnoxiphium A.Gray,Wilkesia,gymnoxiphium,-159.728674,22.040237,USA,Hawaii,Kauai,50c9509d-22c7-4a22-a47d-8c48425ef4a7,1683250000
Wilkesia gymnoxiphium A.Gray,Wilkesia,gymnoxiphium,-159.659643,22.036674,USA,Hawaii,Kauai,50c9509d-22c7-4a22-a47d-8c48425ef4a7,1683250000
Wilkesia gymnoxiphium A.Gray,Wilkesia,gymnoxiphium,-159.638758,22.139643,USA,Hawaii,Kauai,50c9509d-22c7-4a22-a47d-8c48425ef4a7,1683250000
Wilkesia gymnoxiphium A.Gray,Wilkesia,gymnoxiphium,-159.760127,22.002241,Hawaii,Kauai,NA,50c9509d-22c7-4a22-a47d-8c48425ef4a7,1683250000
Wilkesia gymnoxiphium A.Gray,Wilkesia,gymnoxiphium,-159.66,22.05,USA,Hawaii,Kauai,14d5676a-2c54-4f94-9023-1e8dcd822aa0,1683250000
Wilkesia gymnoxiphium A.Gray,Wilkesia,gymnoxiphium,-159.671664,22.127332,USA,Hawaii,Kauai,50c9509d-22c7-4a22-a47d-8c48425ef4a7,1683250000
Wilkesia gymnoxiphium A.Gray,Wilkesia,gymnoxiphium,-159.70159,22.115261,USA,Hawaii,Kauai,50c9509d-22c7-4a22-a47d-8c48425ef4a7,1683250000
Wilkesia gymnoxiphium A.Gray,Wilkesia,gymnoxiphium,-159.773972,22.032556,USA,Hawaii,Kauai,50c9509d-22c7-4a22-a47d-8c48425ef4a7,1683250000
Wilkesia gymnoxiphium A.Gray,Wilkesia,gymnoxiphium,-159.549043,22.098026,USA,Hawaii,Kauai,50c9509d-22c7-4a22-a47d-8c48425ef4a7,1683250000
Wilkesia gymnoxiphium A.Gray,Wilkesia,gymnoxiphium,-159.731916,22.023035,USA,Hawaii,Kauai,50c9509d-22c7-4a22-a47d-8c48425ef4a7,1683250000
Wilkesia gymnoxiphium A.Gray,Wilkesia,gymnoxiphium,-159.605612,22.008215,USA,Hawaii,Kauai,50c9509d-22c7-4a22-a47d-8c48425ef4a7,1683250000
Wilkesia gymnoxiphium A.Gray,Wilkesia,gymnoxiphium,-159.714602,22.006521,USA,Hawaii,Kauai,50c9509d-22c7-4a22-a47d-8c48425ef4a7,1683250000
Wilkesia gymnoxiphium A.Gray,Wilkesia,gymnoxiphium,-159.603209,22.041676,USA,Hawaii,Kauai,50c9509d-22c7-4a22-a47d-8c48425ef4a7,1683250000
Wilkesia gymnoxiphium A.Gray,Wilkesia,gymnoxiphium,-159.690528,22.059522,USA,Hawaii,Kauai,50c9509d-22c7-4a22-a47d-8c48425ef4a7,1683250000
Wilkesia gymnoxiphium A.Gray,Wilkesia,gymnoxiphium,-159.775203,22.046308,USA,Hawaii,Kauai,50c9509d-22c7-4a22-a47d-8c48425ef4a7,1683250000
Wilkesia gymnoxiphium A.Gray,Wilkesia,gymnoxiphium,-159.628047,22.081774,USA,Hawaii,Kauai,50c9509d-22c7-4a22-a47d-8c48425ef4a7,1683250000
Wilkesia gymnoxiphium A.Gray,Wilkesia,gymnoxiphium,-159.692038,22.114618,USA,Hawaii,Kauai,50c9509d-22c7-4a22-a47d-8c48425ef4a7,1683250000
Wilkesia gymnoxiphium A.Gray,Wilkesia,gymnoxiphium,-159.650756,22.007289,USA,Hawaii,Kauai,50c9509d-22c7-4a22-a47d-8c48425ef4a7,1683250000
Wilkesia gymnoxiphium A.Gray,Wilkesia,gymnoxiphium,-159.67859,22.159267,USA,Hawaii,Kauai,50c9509d-22c7-4a22-a47d-8c48425ef4a7,1683250000
Wilkesia gymnoxiphium A.Gray,Wilkesia,gymnoxiphium,-159.633766,22.03208,USA,Hawaii,Kauai,50c9509d-22c7-4a22-a47d-8c48425ef4a7,1683250000
Wilkesia gymnoxiphium A.Gray,Wilkesia,gymnoxiphium,-159.752481,22.03033,USA,Hawaii,Kauai,50c9509d-22c7-4a22-a47d-8c48425ef4a7,1683250000
Wilkesia gymnoxiphium A.Gray,Wilkesia,gymnoxiphium,-159.719417,22.055033,USA,Hawaii,Kauai,50c9509d-22c7-4a22-a47d-8c48425ef4a7,1683250000
Wilkesia gymnoxiphium A.Gray,Wilkesia,gymnoxiphium,-159.637834,22.107948,USA,Hawaii,Kauai,50c9509d-22c7-4a22-a47d-8c48425ef4a7,1683250000
Wilkesia gymnoxiphium A.Gray,Wilkesia,gymnoxiphium,-159.715927,22.060073,USA,Hawaii,Kauai,50c9509d-22c7-4a22-a47d-8c48425ef4a7,1683250000
Wilkesia gymnoxiphium A.Gray,Wilkesia,gymnoxiphium,-159.736102,22.092276,USA,Hawaii,Kauai,50c9509d-22c7-4a22-a47d-8c48425ef4a7,1683250000
Wilkesia gymnoxiphium A.Gray,Wilkesia,gymnoxiphium,-159.669736,22.009765,USA,Hawaii,Kauai,50c9509d-22c7-4a22-a47d-8c48425ef4a7,1683250000
Wilkesia gymnoxiphium A.Gray,Wilkesia,gymnoxiphium,-159.656832,22.005962,USA,Hawaii,Kauai,50c9509d-22c7-4a22-a47d-8c48425ef4a7,1683250000
Wilkesia gymnoxiphium A.Gray,Wilkesia,gymnoxiphium,-159.671193,22.053096,USA,Hawaii,Kauai,50c9509d-22c7-4a22-a47d-8c48425ef4a7,1683250000
Wilkesia gymnoxiphium A.Gray,Wilkesia,gymnoxiphium,-159.674224,22.123338,USA,Hawaii,Kauai,50c9509d-22c7-4a22-a47d-8c48425ef4a7,1683250000
Wilkesia gymnoxiphium A.Gray,Wilkesia,gymnoxiphium,-159.600528,22.103547,USA,Hawaii,Kauai,50c9509d-22c7-4a22-a47d-8c48425ef4a7,1683250000
Wilkesia gymnoxiphium A.Gray,Wilkesia,gymnoxiphium,-159.73222,22.126688,USA,Hawaii,Kauai,50c9509d-22c7-4a22-a47d-8c48425ef4a7,1683250000
Wilkesia gymnoxiphium A.Gray,Wilkesia,gymnoxiphium,-159.652593,22.004641,USA,Hawaii,Kauai,50c9509d-22c7-4a22-a47d-8c48425ef4a7,1683250000
Wilkesia gymnoxiphium A.Gray,Wilkesia,gymnoxiphium,-159.692349,22.163033,Hawaii,Kauai,NA,50c9509d-22c7-4a22-a47d-8c48425ef4a7,1683250000
Wilkesia gymnoxiphium A.Gray,Wilkesia,gymnoxiphium,-159.614286,22.196034,USA,Hawaii,Kauai,50c9509d-22c7-4a22-a47d-8c48425ef4a7,1683250000
Wilkesia gymnoxiphium A.Gray,Wilkesia,gymnoxiphium,-159.767763,22.063316,USA,Hawaii,Kauai,50c9509d-22c7-4a22-a47d-8c48425ef4a7,1683250000
Wilkesia gymnoxiphium A.Gray,Wilkesia,gymnoxiphium,-159.641832,22.139665,USA,Hawaii,Kauai,50c9509d-22c7-4a22-a47d-8c48425ef4a7,1683250000
Wilkesia gymnoxiphium A.Gray,Wilkesia,gymnoxiphium,-159.533499,22.005067,USA,Hawaii,Kauai,50c9509d-22c7-4a22-a47d-8c48425ef4a7,1683250000
Wilkesia gymnoxiphium A.Gray,Wilkesia,gymnoxiphium,-159.61448,22.179639,USA,Hawaii,Kauai,50c9509d-22c7-4a22-a47d-8c48425ef4a7,1683250000
Wilkesia gymnoxiphium A.Gray,Wilkesia,gymnoxiphium,-159.629205,22.044299,USA,Hawaii,Kauai,50c9509d-22c7-4a22-a47d-8c48425ef4a7,1683250000
Wilkesia gymnoxiphium A.Gray,Wilkesia,gymnoxiphium,-159.776337,22.015215,Hawaii,Kauai,NA,50c9509d-22c7-4a22-a47d-8c48425ef4a7,1683250000
Wilkesia gymnoxiphium A.Gray,Wilkesia,gymnoxiphium,-159.449752,22.107982,USA,Hawaii,Kauai,50c9509d-22c7-4a22-a47d-8c48425ef4a7,1683250000
Wilkesia gymnoxiphium A.Gray,Wilkesia,gymnoxiphium,-159.480813,22.033573,USA,Hawaii,Kauai,50c9509d-22c7-4a22-a47d-8c48425ef4a7,1683250000
Wilkesia gymnoxiphium A.Gray,Wilkesia,gymnoxiphium,-159.729927,22.128687,USA,Hawaii,Kauai,50c9509d-22c7-4a22-a47d-8c48425ef4a7,1683250000
Wilkesia gymnoxiphium A.Gray,Wilkesia,gymnoxiphium,-159.617636,22.171119,USA,Hawaii,Kauai,50c9509d-22c7-4a22-a47d-8c48425ef4a7,1683250000
Wilkesia gymnoxiphium A.Gray,Wilkesia,gymnoxiphium,-159.710281,22.078361,USA,Hawaii,Kauai,50c9509d-22c7-4a22-a47d-8c48425ef4a7,1683250000
Wilkesia gymnoxiphium A.Gray,Wilkesia,gymnoxiphium,-159.441048,22.169877,USA,Hawaii,Kauai,50c9509d-22c7-4a22-a47d-8c48425ef4a7,1683250000
Wilkesia gymnoxiphium A.Gray,Wilkesia,gymnoxiphium,-159.578961,22.188428,USA,Hawaii,Kauai,50c9509d-22c7-4a22-a47d-8c48425ef4a7,1683250000
Wilkesia gymnoxiphium A.Gray,Wilkesia,gymnoxiphium,-159.405015,22.051883,USA,Hawaii,Kauai,50c9509d-22c7-4a22-a47d-8c48425ef4a7,1683250000
Wilkesia gymnoxiphium A.Gray,Wilkesia,gymnoxiphium,-159.740876,22.03116,USA,Hawaii,Kauai,50c9509d-22c7-4a22-a47d-8c48425ef4a7,1683250000
Wilkesia gymnoxiphium A.Gray,Wilkesia,gymnoxiphium,-159.746759,22.012723,USA,Hawaii,Kauai,50c9509d-22c7-4a22-a47d-8c48425ef4a7,1683250000
Wilkesia gymnoxiphium A.Gray,Wilkesia,gymnoxiphium,-159.733,22.0333,USA,Hawaii,Kauai,b929f23d-290f-4e85-8f17-764c55b3b284,1683250000
Wilkesia gymnoxiphium A.Gray,Wilkesia,gymnoxiphium,-159.656903,22.051297,USA,Hawaii,Kauai,9781ce05-2379-4a10-ab3b-c91346510df8,1683250000
Wilkesia gymnoxiphium A.Gray,Wilkesia,gymnoxiphium,-159.659694,22.119131,USA,Hawaii,Kauai,9781ce05-2379-4a10-ab3b-c91346510df8,1683250000
Wilkesia gymnoxiphium A.Gray,Wilkesia,gymnoxiphium,-159.659694,22.119131,USA,Hawaii,Kauai,9781ce05-2379-4a10-ab3b-c91346510df8,1683250000
Wilkesia gymnoxiphium A.Gray,Wilkesia,gymnoxiphium,-159.659694,22.119131,USA,Hawaii,Kauai,8567736a-23db-4ab2-aa13-888d3123be1b,1683250000
Wilkesia gymnoxiphium A.Gray,Wilkesia,gymnoxiphium,-159.659694,22.119131,USA,Hawaii,Kauai,8567736a-23db-4ab2-aa13-888d3123be1b,1683250000
Wilkesia gymnoxiphium A.Gray,Wilkesia,gymnoxiphium,-155.6681,20.02,USA,Hawaii,NA,cafff6a5-1fa4-4a90-a2b3-f3db78b93d02,11824312500
Wilkesia gymnoxiphium A.Gray,Wilkesia,gymnoxiphium,-159.5,22.06667,USA,Hawaii,Kauai,15f819bd-6612-4447-854b-14d12ee1022d,1683250000
Wilkesia hobdyi H.St.John,Wilkesia,hobdyi,-159.486713,22.053945,USA,Hawaii,Kauai,50c9509d-22c7-4a22-a47d-8c48425ef4a7,1683250000
