"acceptedScientificName","genericName","specificEpithet","decimalLongitude","decimalLatitude","first","second","third","datasetKey","areas"
"Tetragnatha tantalus Gillespie, 1992","Tetragnatha","tantalus",-157.812073,21.339627,"USA","Hawaii","Oahu","50c9509d-22c7-4a22-a47d-8c48425ef4a7",1801687500
"Tetragnatha tantalus Gillespie, 1992","Tetragnatha","tantalus",-157.811011,21.337991,"USA","Hawaii","Oahu","50c9509d-22c7-4a22-a47d-8c48425ef4a7",1801687500
"Tetragnatha trituberculata Gillespie, 1992","Tetragnatha","trituberculata",-156.234128,20.933007,"Hawaii","Maui",NA,"50c9509d-22c7-4a22-a47d-8c48425ef4a7",2165812500
"Tetragnatha hawaiensis Simon, 1900","Tetragnatha","hawaiensis",-157.787888,21.368212,"USA","Hawaii","Oahu","50c9509d-22c7-4a22-a47d-8c48425ef4a7",1801687500
"Tetragnatha quasimodo Gillespie, 1992","Tetragnatha","quasimodo",-155.664493,19.314871,"USA","Hawaii",NA,"50c9509d-22c7-4a22-a47d-8c48425ef4a7",11824312500
"Tetragnatha quasimodo Gillespie, 1992","Tetragnatha","quasimodo",-155.632965,19.376699,"USA","Hawaii",NA,"50c9509d-22c7-4a22-a47d-8c48425ef4a7",11824312500
"Tetragnatha perkinsi Simon, 1900","Tetragnatha","perkinsi",-155.632315,20.112929,"USA","Hawaii",NA,"50c9509d-22c7-4a22-a47d-8c48425ef4a7",11824312500
"Tetragnatha quasimodo Gillespie, 1992","Tetragnatha","quasimodo",-155.367021,19.67181,"USA","Hawaii",NA,"50c9509d-22c7-4a22-a47d-8c48425ef4a7",11824312500
"Tetragnatha quasimodo Gillespie, 1992","Tetragnatha","quasimodo",-155.367021,19.67181,"USA","Hawaii",NA,"50c9509d-22c7-4a22-a47d-8c48425ef4a7",11824312500
"Tetragnatha quasimodo Gillespie, 1992","Tetragnatha","quasimodo",-155.367021,19.67181,"USA","Hawaii",NA,"50c9509d-22c7-4a22-a47d-8c48425ef4a7",11824312500
"Tetragnatha tantalus Gillespie, 1992","Tetragnatha","tantalus",-157.813417,21.331747,"USA","Hawaii","Oahu","50c9509d-22c7-4a22-a47d-8c48425ef4a7",1801687500
"Tetragnatha tantalus Gillespie, 1992","Tetragnatha","tantalus",-157.813252,21.331541,"USA","Hawaii","Oahu","50c9509d-22c7-4a22-a47d-8c48425ef4a7",1801687500
"Tetragnatha tantalus Gillespie, 1992","Tetragnatha","tantalus",-157.813308,21.331828,"USA","Hawaii","Oahu","50c9509d-22c7-4a22-a47d-8c48425ef4a7",1801687500
"Tetragnatha tantalus Gillespie, 1992","Tetragnatha","tantalus",-157.81285,21.332158,"USA","Hawaii","Oahu","50c9509d-22c7-4a22-a47d-8c48425ef4a7",1801687500
"Tetragnatha tantalus Gillespie, 1992","Tetragnatha","tantalus",-157.807081,21.344558,"USA","Hawaii","Oahu","50c9509d-22c7-4a22-a47d-8c48425ef4a7",1801687500
"Tetragnatha quasimodo Gillespie, 1992","Tetragnatha","quasimodo",-155.239111,19.413378,"USA","Hawaii",NA,"50c9509d-22c7-4a22-a47d-8c48425ef4a7",11824312500
"Tetragnatha stelarobusta Gillespie, 1992","Tetragnatha","stelarobusta",-156.302728,20.878839,"USA","Hawaii","Maui","50c9509d-22c7-4a22-a47d-8c48425ef4a7",2165812500
"Tetragnatha brevignatha Gillespie, 1992","Tetragnatha","brevignatha",-155.331469,19.675007,"USA","Hawaii",NA,"50c9509d-22c7-4a22-a47d-8c48425ef4a7",11824312500
"Tetragnatha brevignatha Gillespie, 1992","Tetragnatha","brevignatha",-155.367321,19.67144,"USA","Hawaii",NA,"50c9509d-22c7-4a22-a47d-8c48425ef4a7",11824312500
"Tetragnatha quasimodo Gillespie, 1992","Tetragnatha","quasimodo",-156.884003,20.820777,"USA","Hawaii","Lanai","50c9509d-22c7-4a22-a47d-8c48425ef4a7",419687500
"Tetragnatha paludicola Gillespie, 1992","Tetragnatha","paludicola",-156.385259,20.84508,"USA","Hawaii","Maui","50c9509d-22c7-4a22-a47d-8c48425ef4a7",2165812500
"Tetragnatha quasimodo Gillespie, 1992","Tetragnatha","quasimodo",-155.367823,19.671967,"USA","Hawaii",NA,"50c9509d-22c7-4a22-a47d-8c48425ef4a7",11824312500
"Tetragnatha quasimodo Gillespie, 1992","Tetragnatha","quasimodo",-156.899947,21.145931,"USA","Hawaii","Molokai","50c9509d-22c7-4a22-a47d-8c48425ef4a7",780312500
"Tetragnatha hawaiensis Simon, 1900","Tetragnatha","hawaiensis",-155.223046,19.568668,"USA","Hawaii",NA,"50c9509d-22c7-4a22-a47d-8c48425ef4a7",11824312500
"Tetragnatha quasimodo Gillespie, 1992","Tetragnatha","quasimodo",-155.76514,19.222723,"USA","Hawaii",NA,"50c9509d-22c7-4a22-a47d-8c48425ef4a7",11824312500
"Tetragnatha acuta Gillespie, 1992","Tetragnatha","acuta",-155.694592,19.379982,"USA","Hawaii",NA,"50c9509d-22c7-4a22-a47d-8c48425ef4a7",11824312500
"Tetragnatha quasimodo Gillespie, 1992","Tetragnatha","quasimodo",-155.796303,19.249413,"USA","Hawaii",NA,"50c9509d-22c7-4a22-a47d-8c48425ef4a7",11824312500
"Tetragnatha quasimodo Gillespie, 1992","Tetragnatha","quasimodo",-155.740996,19.261235,"USA","Hawaii",NA,"50c9509d-22c7-4a22-a47d-8c48425ef4a7",11824312500
"Tetragnatha quasimodo Gillespie, 1992","Tetragnatha","quasimodo",-155.700435,19.227282,"USA","Hawaii",NA,"50c9509d-22c7-4a22-a47d-8c48425ef4a7",11824312500
"Tetragnatha quasimodo Gillespie, 1992","Tetragnatha","quasimodo",-155.799035,19.242878,"USA","Hawaii",NA,"50c9509d-22c7-4a22-a47d-8c48425ef4a7",11824312500
"Tetragnatha netrix Simon, 1900","Tetragnatha","netrix",-155.3262,19.7895,"USA","Hawaii",NA,"50c9509d-22c7-4a22-a47d-8c48425ef4a7",11824312500
"Tetragnatha brevignatha Gillespie, 1992","Tetragnatha","brevignatha",-155.229879,19.401906,"USA","Hawaii",NA,"50c9509d-22c7-4a22-a47d-8c48425ef4a7",11824312500
"Tetragnatha acuta Gillespie, 1992","Tetragnatha","acuta",-155.964081,19.73993,"USA","Hawaii",NA,"50c9509d-22c7-4a22-a47d-8c48425ef4a7",11824312500
"Tetragnatha brevignatha Gillespie, 1992","Tetragnatha","brevignatha",-155.635895,19.182397,"USA","Hawaii",NA,"50c9509d-22c7-4a22-a47d-8c48425ef4a7",11824312500
"Tetragnatha quasimodo Gillespie, 1992","Tetragnatha","quasimodo",-155.219162,19.43075,"USA","Hawaii",NA,"50c9509d-22c7-4a22-a47d-8c48425ef4a7",11824312500
"Tetragnatha quasimodo Gillespie, 1992","Tetragnatha","quasimodo",-155.635987,19.18242,"USA","Hawaii",NA,"50c9509d-22c7-4a22-a47d-8c48425ef4a7",11824312500
"Tetragnatha quasimodo Gillespie, 1992","Tetragnatha","quasimodo",-155.323334,19.875226,"USA","Hawaii",NA,"50c9509d-22c7-4a22-a47d-8c48425ef4a7",11824312500
"Tetragnatha tantalus Gillespie, 1992","Tetragnatha","tantalus",-157.811172,21.341847,"USA","Hawaii","Oahu","50c9509d-22c7-4a22-a47d-8c48425ef4a7",1801687500
"Tetragnatha polychromata Gillespie, 1992","Tetragnatha","polychromata",-158.009891,21.405181,"USA","Hawaii","Oahu","50c9509d-22c7-4a22-a47d-8c48425ef4a7",1801687500
"Tetragnatha quasimodo Gillespie, 1992","Tetragnatha","quasimodo",-155.351996,19.66697,"USA","Hawaii",NA,"50c9509d-22c7-4a22-a47d-8c48425ef4a7",11824312500
"Tetragnatha tantalus Gillespie, 1992","Tetragnatha","tantalus",-157.811362,21.338064,"USA","Hawaii","Oahu","50c9509d-22c7-4a22-a47d-8c48425ef4a7",1801687500
"Tetragnatha tantalus Gillespie, 1992","Tetragnatha","tantalus",-157.811042,21.338109,"USA","Hawaii","Oahu","50c9509d-22c7-4a22-a47d-8c48425ef4a7",1801687500
"Tetragnatha tantalus Gillespie, 1992","Tetragnatha","tantalus",-157.811042,21.338109,"USA","Hawaii","Oahu","50c9509d-22c7-4a22-a47d-8c48425ef4a7",1801687500
"Tetragnatha hawaiensis Simon, 1900","Tetragnatha","hawaiensis",-155.238501,19.413883,"USA","Hawaii",NA,"50c9509d-22c7-4a22-a47d-8c48425ef4a7",11824312500
"Tetragnatha lena Gillespie, 2003","Tetragnatha","lena",-157.818463,21.333635,"USA","Hawaii","Oahu","50c9509d-22c7-4a22-a47d-8c48425ef4a7",1801687500
"Tetragnatha hawaiensis Simon, 1900","Tetragnatha","hawaiensis",-155.26944,19.55969,"USA","Hawaii",NA,"5d283bb6-64dd-4626-8b3b-a4e8db5415c3",11824312500
"Tetragnatha trituberculata Gillespie, 1992","Tetragnatha","trituberculata",-156.22764,20.7799,"USA","Hawaii","Maui","5d283bb6-64dd-4626-8b3b-a4e8db5415c3",2165812500
"Tetragnatha hawaiensis Simon, 1900","Tetragnatha","hawaiensis",-155.23093,19.56286,"USA","Hawaii",NA,"5d283bb6-64dd-4626-8b3b-a4e8db5415c3",11824312500
"Tetragnatha brevignatha Gillespie, 1992","Tetragnatha","brevignatha",-155.23093,19.56286,"USA","Hawaii",NA,"5d283bb6-64dd-4626-8b3b-a4e8db5415c3",11824312500
"Tetragnatha hawaiensis Simon, 1900","Tetragnatha","hawaiensis",-155.26944,19.55969,"USA","Hawaii",NA,"5d283bb6-64dd-4626-8b3b-a4e8db5415c3",11824312500
"Tetragnatha hawaiensis Simon, 1900","Tetragnatha","hawaiensis",-155.23093,19.56286,"USA","Hawaii",NA,"5d283bb6-64dd-4626-8b3b-a4e8db5415c3",11824312500
"Tetragnatha hawaiensis Simon, 1900","Tetragnatha","hawaiensis",-155.23093,19.56286,"USA","Hawaii",NA,"5d283bb6-64dd-4626-8b3b-a4e8db5415c3",11824312500
"Tetragnatha hawaiensis Simon, 1900","Tetragnatha","hawaiensis",-155.23093,19.56286,"USA","Hawaii",NA,"5d283bb6-64dd-4626-8b3b-a4e8db5415c3",11824312500
"Tetragnatha trituberculata Gillespie, 1992","Tetragnatha","trituberculata",-156.22764,20.7799,"USA","Hawaii","Maui","5d283bb6-64dd-4626-8b3b-a4e8db5415c3",2165812500
"Tetragnatha hawaiensis Simon, 1900","Tetragnatha","hawaiensis",-155.23093,19.56286,"USA","Hawaii",NA,"5d283bb6-64dd-4626-8b3b-a4e8db5415c3",11824312500
"Tetragnatha eurychasma Gillespie, 1992","Tetragnatha","eurychasma",-156.22764,20.7799,"USA","Hawaii","Maui","5d283bb6-64dd-4626-8b3b-a4e8db5415c3",2165812500
"Tetragnatha perkinsi Simon, 1900","Tetragnatha","perkinsi",-155.23093,19.56286,"USA","Hawaii",NA,"5d283bb6-64dd-4626-8b3b-a4e8db5415c3",11824312500
"Tetragnatha eurychasma Gillespie, 1992","Tetragnatha","eurychasma",-156.22741,20.77989,"USA","Hawaii","Maui","5d283bb6-64dd-4626-8b3b-a4e8db5415c3",2165812500
"Tetragnatha hawaiensis Simon, 1900","Tetragnatha","hawaiensis",-155.23093,19.56286,"USA","Hawaii",NA,"5d283bb6-64dd-4626-8b3b-a4e8db5415c3",11824312500
"Tetragnatha quasimodo Gillespie, 1992","Tetragnatha","quasimodo",-155.23093,19.56286,"USA","Hawaii",NA,"5d283bb6-64dd-4626-8b3b-a4e8db5415c3",11824312500
"Tetragnatha perkinsi Simon, 1900","Tetragnatha","perkinsi",-155.23093,19.56286,"USA","Hawaii",NA,"5d283bb6-64dd-4626-8b3b-a4e8db5415c3",11824312500
"Tetragnatha filiciphilia Gillespie, 1992","Tetragnatha","filiciphilia",-156.25465,20.8016,"USA","Hawaii","Maui","5d283bb6-64dd-4626-8b3b-a4e8db5415c3",2165812500
"Tetragnatha hawaiensis Simon, 1900","Tetragnatha","hawaiensis",-155.26944,19.55969,"USA","Hawaii",NA,"5d283bb6-64dd-4626-8b3b-a4e8db5415c3",11824312500
"Tetragnatha trituberculata Gillespie, 1992","Tetragnatha","trituberculata",-156.22761,20.77982,"USA","Hawaii","Maui","5d283bb6-64dd-4626-8b3b-a4e8db5415c3",2165812500
"Tetragnatha trituberculata Gillespie, 1992","Tetragnatha","trituberculata",-156.22752,20.78003,"USA","Hawaii","Maui","5d283bb6-64dd-4626-8b3b-a4e8db5415c3",2165812500
"Tetragnatha hawaiensis Simon, 1900","Tetragnatha","hawaiensis",-155.23093,19.56286,"USA","Hawaii",NA,"5d283bb6-64dd-4626-8b3b-a4e8db5415c3",11824312500
"Tetragnatha acuta Gillespie, 1992","Tetragnatha","acuta",-156.22756,20.7799,"USA","Hawaii","Maui","5d283bb6-64dd-4626-8b3b-a4e8db5415c3",2165812500
"Tetragnatha hawaiensis Simon, 1900","Tetragnatha","hawaiensis",-155.26944,19.55969,"USA","Hawaii",NA,"5d283bb6-64dd-4626-8b3b-a4e8db5415c3",11824312500
"Tetragnatha acuta Gillespie, 1992","Tetragnatha","acuta",-156.22761,20.77982,"USA","Hawaii","Maui","5d283bb6-64dd-4626-8b3b-a4e8db5415c3",2165812500
"Tetragnatha hawaiensis Simon, 1900","Tetragnatha","hawaiensis",-155.23093,19.56286,"USA","Hawaii",NA,"5d283bb6-64dd-4626-8b3b-a4e8db5415c3",11824312500
"Tetragnatha hawaiensis Simon, 1900","Tetragnatha","hawaiensis",-155.23093,19.56286,"USA","Hawaii",NA,"5d283bb6-64dd-4626-8b3b-a4e8db5415c3",11824312500
"Tetragnatha stelarobusta Gillespie, 1992","Tetragnatha","stelarobusta",-156.22768,20.78004,"USA","Hawaii","Maui","5d283bb6-64dd-4626-8b3b-a4e8db5415c3",2165812500
"Tetragnatha stelarobusta Gillespie, 1992","Tetragnatha","stelarobusta",-156.2528,20.79883,"USA","Hawaii","Maui","5d283bb6-64dd-4626-8b3b-a4e8db5415c3",2165812500
"Tetragnatha eurychasma Gillespie, 1992","Tetragnatha","eurychasma",-156.2275,20.77988,"USA","Hawaii","Maui","5d283bb6-64dd-4626-8b3b-a4e8db5415c3",2165812500
"Tetragnatha anuenue Gillespie, 2002","Tetragnatha","anuenue",-155.23093,19.56286,"USA","Hawaii",NA,"5d283bb6-64dd-4626-8b3b-a4e8db5415c3",11824312500
"Tetragnatha filiciphilia Gillespie, 1992","Tetragnatha","filiciphilia",-156.2528,20.79883,"USA","Hawaii","Maui","5d283bb6-64dd-4626-8b3b-a4e8db5415c3",2165812500
"Tetragnatha hawaiensis Simon, 1900","Tetragnatha","hawaiensis",-155.23093,19.56286,"USA","Hawaii",NA,"5d283bb6-64dd-4626-8b3b-a4e8db5415c3",11824312500
"Tetragnatha stelarobusta Gillespie, 1992","Tetragnatha","stelarobusta",-156.25287,20.79894,"USA","Hawaii","Maui","5d283bb6-64dd-4626-8b3b-a4e8db5415c3",2165812500
"Tetragnatha anuenue Gillespie, 2002","Tetragnatha","anuenue",-155.23093,19.56286,"USA","Hawaii",NA,"5d283bb6-64dd-4626-8b3b-a4e8db5415c3",11824312500
"Tetragnatha trituberculata Gillespie, 1992","Tetragnatha","trituberculata",-156.22741,20.77989,"USA","Hawaii","Maui","5d283bb6-64dd-4626-8b3b-a4e8db5415c3",2165812500
"Tetragnatha anuenue Gillespie, 2002","Tetragnatha","anuenue",-155.24842,19.46171,"USA","Hawaii",NA,"5d283bb6-64dd-4626-8b3b-a4e8db5415c3",11824312500
"Tetragnatha hawaiensis Simon, 1900","Tetragnatha","hawaiensis",-155.24842,19.46171,"USA","Hawaii",NA,"5d283bb6-64dd-4626-8b3b-a4e8db5415c3",11824312500
"Tetragnatha anuenue Gillespie, 2002","Tetragnatha","anuenue",-155.24842,19.46171,"USA","Hawaii",NA,"5d283bb6-64dd-4626-8b3b-a4e8db5415c3",11824312500
"Tetragnatha hawaiensis Simon, 1900","Tetragnatha","hawaiensis",-155.23093,19.56286,"USA","Hawaii",NA,"5d283bb6-64dd-4626-8b3b-a4e8db5415c3",11824312500
"Tetragnatha hawaiensis Simon, 1900","Tetragnatha","hawaiensis",-155.24842,19.46171,"USA","Hawaii",NA,"5d283bb6-64dd-4626-8b3b-a4e8db5415c3",11824312500
"Tetragnatha filiciphilia Gillespie, 1992","Tetragnatha","filiciphilia",-156.2528,20.79883,"USA","Hawaii","Maui","5d283bb6-64dd-4626-8b3b-a4e8db5415c3",2165812500
"Tetragnatha anuenue Gillespie, 2002","Tetragnatha","anuenue",-155.24842,19.46171,"USA","Hawaii",NA,"5d283bb6-64dd-4626-8b3b-a4e8db5415c3",11824312500
"Tetragnatha perkinsi Simon, 1900","Tetragnatha","perkinsi",-155.24842,19.46171,"USA","Hawaii",NA,"5d283bb6-64dd-4626-8b3b-a4e8db5415c3",11824312500
"Tetragnatha perkinsi Simon, 1900","Tetragnatha","perkinsi",-155.24842,19.46171,"USA","Hawaii",NA,"5d283bb6-64dd-4626-8b3b-a4e8db5415c3",11824312500
"Tetragnatha quasimodo Gillespie, 1992","Tetragnatha","quasimodo",-155.24842,19.46171,"USA","Hawaii",NA,"5d283bb6-64dd-4626-8b3b-a4e8db5415c3",11824312500
"Tetragnatha anuenue Gillespie, 2002","Tetragnatha","anuenue",-155.24842,19.46171,"USA","Hawaii",NA,"5d283bb6-64dd-4626-8b3b-a4e8db5415c3",11824312500
"Tetragnatha filiciphilia Gillespie, 1992","Tetragnatha","filiciphilia",-156.2528,20.79883,"USA","Hawaii","Maui","5d283bb6-64dd-4626-8b3b-a4e8db5415c3",2165812500
"Tetragnatha perkinsi Simon, 1900","Tetragnatha","perkinsi",-155.24842,19.46171,"USA","Hawaii",NA,"5d283bb6-64dd-4626-8b3b-a4e8db5415c3",11824312500
"Tetragnatha hawaiensis Simon, 1900","Tetragnatha","hawaiensis",-155.24842,19.46171,"USA","Hawaii",NA,"5d283bb6-64dd-4626-8b3b-a4e8db5415c3",11824312500
"Tetragnatha hawaiensis Simon, 1900","Tetragnatha","hawaiensis",-155.24842,19.46171,"USA","Hawaii",NA,"5d283bb6-64dd-4626-8b3b-a4e8db5415c3",11824312500
"Tetragnatha filiciphilia Gillespie, 1992","Tetragnatha","filiciphilia",-156.25287,20.79886,"USA","Hawaii","Maui","5d283bb6-64dd-4626-8b3b-a4e8db5415c3",2165812500
"Tetragnatha hawaiensis Simon, 1900","Tetragnatha","hawaiensis",-155.24842,19.46171,"USA","Hawaii",NA,"5d283bb6-64dd-4626-8b3b-a4e8db5415c3",11824312500
"Tetragnatha filiciphilia Gillespie, 1992","Tetragnatha","filiciphilia",-156.25285,20.79891,"USA","Hawaii","Maui","5d283bb6-64dd-4626-8b3b-a4e8db5415c3",2165812500
"Tetragnatha anuenue Gillespie, 2002","Tetragnatha","anuenue",-155.24842,19.46171,"USA","Hawaii",NA,"5d283bb6-64dd-4626-8b3b-a4e8db5415c3",11824312500
"Tetragnatha filiciphilia Gillespie, 1992","Tetragnatha","filiciphilia",-156.25457,20.80144,"USA","Hawaii","Maui","5d283bb6-64dd-4626-8b3b-a4e8db5415c3",2165812500
"Tetragnatha anuenue Gillespie, 2002","Tetragnatha","anuenue",-155.24842,19.46171,"USA","Hawaii",NA,"5d283bb6-64dd-4626-8b3b-a4e8db5415c3",11824312500
"Tetragnatha anuenue Gillespie, 2002","Tetragnatha","anuenue",-155.24842,19.46171,"USA","Hawaii",NA,"5d283bb6-64dd-4626-8b3b-a4e8db5415c3",11824312500
"Tetragnatha hawaiensis Simon, 1900","Tetragnatha","hawaiensis",-155.24842,19.46171,"USA","Hawaii",NA,"5d283bb6-64dd-4626-8b3b-a4e8db5415c3",11824312500
"Tetragnatha filiciphilia Gillespie, 1992","Tetragnatha","filiciphilia",-156.2528,20.79883,"USA","Hawaii","Maui","5d283bb6-64dd-4626-8b3b-a4e8db5415c3",2165812500
"Tetragnatha hawaiensis Simon, 1900","Tetragnatha","hawaiensis",-155.24842,19.46171,"USA","Hawaii",NA,"5d283bb6-64dd-4626-8b3b-a4e8db5415c3",11824312500
"Tetragnatha filiciphilia Gillespie, 1992","Tetragnatha","filiciphilia",-156.25456,20.80129,"USA","Hawaii","Maui","5d283bb6-64dd-4626-8b3b-a4e8db5415c3",2165812500
"Tetragnatha perkinsi Simon, 1900","Tetragnatha","perkinsi",-155.24842,19.46171,"USA","Hawaii",NA,"5d283bb6-64dd-4626-8b3b-a4e8db5415c3",11824312500
"Tetragnatha filiciphilia Gillespie, 1992","Tetragnatha","filiciphilia",-156.2528,20.79883,"USA","Hawaii","Maui","5d283bb6-64dd-4626-8b3b-a4e8db5415c3",2165812500
"Tetragnatha perkinsi Simon, 1900","Tetragnatha","perkinsi",-155.5187,19.23253,"USA","Hawaii",NA,"5d283bb6-64dd-4626-8b3b-a4e8db5415c3",11824312500
"Tetragnatha anuenue Gillespie, 2002","Tetragnatha","anuenue",-155.24842,19.46171,"USA","Hawaii",NA,"5d283bb6-64dd-4626-8b3b-a4e8db5415c3",11824312500
"Tetragnatha filiciphilia Gillespie, 1992","Tetragnatha","filiciphilia",-156.25288,20.799,"USA","Hawaii","Maui","5d283bb6-64dd-4626-8b3b-a4e8db5415c3",2165812500
"Tetragnatha hawaiensis Simon, 1900","Tetragnatha","hawaiensis",-155.24842,19.46171,"USA","Hawaii",NA,"5d283bb6-64dd-4626-8b3b-a4e8db5415c3",11824312500
"Tetragnatha anuenue Gillespie, 2002","Tetragnatha","anuenue",-155.24842,19.46171,"USA","Hawaii",NA,"5d283bb6-64dd-4626-8b3b-a4e8db5415c3",11824312500
"Tetragnatha filiciphilia Gillespie, 1992","Tetragnatha","filiciphilia",-156.25288,20.799,"USA","Hawaii","Maui","5d283bb6-64dd-4626-8b3b-a4e8db5415c3",2165812500
"Tetragnatha anuenue Gillespie, 2002","Tetragnatha","anuenue",-155.24842,19.46171,"USA","Hawaii",NA,"5d283bb6-64dd-4626-8b3b-a4e8db5415c3",11824312500
"Tetragnatha anuenue Gillespie, 2002","Tetragnatha","anuenue",-155.24842,19.46171,"USA","Hawaii",NA,"5d283bb6-64dd-4626-8b3b-a4e8db5415c3",11824312500
"Tetragnatha anuenue Gillespie, 2002","Tetragnatha","anuenue",-155.24842,19.46171,"USA","Hawaii",NA,"5d283bb6-64dd-4626-8b3b-a4e8db5415c3",11824312500
"Tetragnatha anuenue Gillespie, 2002","Tetragnatha","anuenue",-155.24842,19.46171,"USA","Hawaii",NA,"5d283bb6-64dd-4626-8b3b-a4e8db5415c3",11824312500
"Tetragnatha filiciphilia Gillespie, 1992","Tetragnatha","filiciphilia",-156.2528,20.79883,"USA","Hawaii","Maui","5d283bb6-64dd-4626-8b3b-a4e8db5415c3",2165812500
"Tetragnatha anuenue Gillespie, 2002","Tetragnatha","anuenue",-155.24842,19.46171,"USA","Hawaii",NA,"5d283bb6-64dd-4626-8b3b-a4e8db5415c3",11824312500
"Tetragnatha anuenue Gillespie, 2002","Tetragnatha","anuenue",-155.24842,19.46171,"USA","Hawaii",NA,"5d283bb6-64dd-4626-8b3b-a4e8db5415c3",11824312500
"Tetragnatha anuenue Gillespie, 2002","Tetragnatha","anuenue",-155.30106,19.92114,"USA","Hawaii",NA,"5d283bb6-64dd-4626-8b3b-a4e8db5415c3",11824312500
"Tetragnatha anuenue Gillespie, 2002","Tetragnatha","anuenue",-155.24842,19.46171,"USA","Hawaii",NA,"5d283bb6-64dd-4626-8b3b-a4e8db5415c3",11824312500
"Tetragnatha perkinsi Simon, 1900","Tetragnatha","perkinsi",-155.24842,19.46171,"USA","Hawaii",NA,"5d283bb6-64dd-4626-8b3b-a4e8db5415c3",11824312500
"Tetragnatha filiciphilia Gillespie, 1992","Tetragnatha","filiciphilia",-156.25288,20.799,"USA","Hawaii","Maui","5d283bb6-64dd-4626-8b3b-a4e8db5415c3",2165812500
"Tetragnatha filiciphilia Gillespie, 1992","Tetragnatha","filiciphilia",-156.25288,20.799,"USA","Hawaii","Maui","5d283bb6-64dd-4626-8b3b-a4e8db5415c3",2165812500
"Tetragnatha filiciphilia Gillespie, 1992","Tetragnatha","filiciphilia",-156.25288,20.799,"USA","Hawaii","Maui","5d283bb6-64dd-4626-8b3b-a4e8db5415c3",2165812500
"Tetragnatha hawaiensis Simon, 1900","Tetragnatha","hawaiensis",-155.24842,19.46171,"USA","Hawaii",NA,"5d283bb6-64dd-4626-8b3b-a4e8db5415c3",11824312500
"Tetragnatha anuenue Gillespie, 2002","Tetragnatha","anuenue",-155.30106,19.92114,"USA","Hawaii",NA,"5d283bb6-64dd-4626-8b3b-a4e8db5415c3",11824312500
"Tetragnatha hawaiensis Simon, 1900","Tetragnatha","hawaiensis",-155.24842,19.46171,"USA","Hawaii",NA,"5d283bb6-64dd-4626-8b3b-a4e8db5415c3",11824312500
"Tetragnatha anuenue Gillespie, 2002","Tetragnatha","anuenue",-155.30106,19.92114,"USA","Hawaii",NA,"5d283bb6-64dd-4626-8b3b-a4e8db5415c3",11824312500
"Tetragnatha anuenue Gillespie, 2002","Tetragnatha","anuenue",-155.24842,19.46171,"USA","Hawaii",NA,"5d283bb6-64dd-4626-8b3b-a4e8db5415c3",11824312500
"Tetragnatha anuenue Gillespie, 2002","Tetragnatha","anuenue",-155.24842,19.46171,"USA","Hawaii",NA,"5d283bb6-64dd-4626-8b3b-a4e8db5415c3",11824312500
"Tetragnatha anuenue Gillespie, 2002","Tetragnatha","anuenue",-155.30106,19.92114,"USA","Hawaii",NA,"5d283bb6-64dd-4626-8b3b-a4e8db5415c3",11824312500
"Tetragnatha anuenue Gillespie, 2002","Tetragnatha","anuenue",-155.24842,19.46171,"USA","Hawaii",NA,"5d283bb6-64dd-4626-8b3b-a4e8db5415c3",11824312500
"Tetragnatha hawaiensis Simon, 1900","Tetragnatha","hawaiensis",-155.24842,19.46171,"USA","Hawaii",NA,"5d283bb6-64dd-4626-8b3b-a4e8db5415c3",11824312500
"Tetragnatha perkinsi Simon, 1900","Tetragnatha","perkinsi",-155.23093,19.56286,"USA","Hawaii",NA,"5d283bb6-64dd-4626-8b3b-a4e8db5415c3",11824312500
"Tetragnatha stelarobusta Gillespie, 1992","Tetragnatha","stelarobusta",-156.25294,20.79902,"USA","Hawaii","Maui","5d283bb6-64dd-4626-8b3b-a4e8db5415c3",2165812500
"Tetragnatha quasimodo Gillespie, 1992","Tetragnatha","quasimodo",-155.23093,19.56286,"USA","Hawaii",NA,"5d283bb6-64dd-4626-8b3b-a4e8db5415c3",11824312500
"Tetragnatha anuenue Gillespie, 2002","Tetragnatha","anuenue",-155.30106,19.92114,"USA","Hawaii",NA,"5d283bb6-64dd-4626-8b3b-a4e8db5415c3",11824312500
"Tetragnatha perkinsi Simon, 1900","Tetragnatha","perkinsi",-155.23093,19.56286,"USA","Hawaii",NA,"5d283bb6-64dd-4626-8b3b-a4e8db5415c3",11824312500
"Tetragnatha filiciphilia Gillespie, 1992","Tetragnatha","filiciphilia",-156.25288,20.799,"USA","Hawaii","Maui","5d283bb6-64dd-4626-8b3b-a4e8db5415c3",2165812500
"Tetragnatha perkinsi Simon, 1900","Tetragnatha","perkinsi",-155.23093,19.56286,"USA","Hawaii",NA,"5d283bb6-64dd-4626-8b3b-a4e8db5415c3",11824312500
"Tetragnatha brevignatha Gillespie, 1992","Tetragnatha","brevignatha",-155.23093,19.56286,"USA","Hawaii",NA,"5d283bb6-64dd-4626-8b3b-a4e8db5415c3",11824312500
"Tetragnatha hawaiensis Simon, 1900","Tetragnatha","hawaiensis",-155.23093,19.56286,"USA","Hawaii",NA,"5d283bb6-64dd-4626-8b3b-a4e8db5415c3",11824312500
"Tetragnatha anuenue Gillespie, 2002","Tetragnatha","anuenue",-155.23093,19.56286,"USA","Hawaii",NA,"5d283bb6-64dd-4626-8b3b-a4e8db5415c3",11824312500
"Tetragnatha stelarobusta Gillespie, 1992","Tetragnatha","stelarobusta",-156.25288,20.799,"USA","Hawaii","Maui","5d283bb6-64dd-4626-8b3b-a4e8db5415c3",2165812500
"Tetragnatha brevignatha Gillespie, 1992","Tetragnatha","brevignatha",-155.23093,19.56286,"USA","Hawaii",NA,"5d283bb6-64dd-4626-8b3b-a4e8db5415c3",11824312500
"Tetragnatha filiciphilia Gillespie, 1992","Tetragnatha","filiciphilia",-156.25441,20.80106,"USA","Hawaii","Maui","5d283bb6-64dd-4626-8b3b-a4e8db5415c3",2165812500
"Tetragnatha filiciphilia Gillespie, 1992","Tetragnatha","filiciphilia",-156.25287,20.79899,"USA","Hawaii","Maui","5d283bb6-64dd-4626-8b3b-a4e8db5415c3",2165812500
"Tetragnatha anuenue Gillespie, 2002","Tetragnatha","anuenue",-155.23093,19.56286,"USA","Hawaii",NA,"5d283bb6-64dd-4626-8b3b-a4e8db5415c3",11824312500
"Tetragnatha perkinsi Simon, 1900","Tetragnatha","perkinsi",-155.23093,19.56286,"USA","Hawaii",NA,"5d283bb6-64dd-4626-8b3b-a4e8db5415c3",11824312500
"Tetragnatha hawaiensis Simon, 1900","Tetragnatha","hawaiensis",-155.23093,19.56286,"USA","Hawaii",NA,"5d283bb6-64dd-4626-8b3b-a4e8db5415c3",11824312500
"Tetragnatha filiciphilia Gillespie, 1992","Tetragnatha","filiciphilia",-156.25295,20.79902,"USA","Hawaii","Maui","5d283bb6-64dd-4626-8b3b-a4e8db5415c3",2165812500
"Tetragnatha perkinsi Simon, 1900","Tetragnatha","perkinsi",-155.23093,19.56286,"USA","Hawaii",NA,"5d283bb6-64dd-4626-8b3b-a4e8db5415c3",11824312500
"Tetragnatha perkinsi Simon, 1900","Tetragnatha","perkinsi",-155.23093,19.56286,"USA","Hawaii",NA,"5d283bb6-64dd-4626-8b3b-a4e8db5415c3",11824312500
"Tetragnatha perkinsi Simon, 1900","Tetragnatha","perkinsi",-155.23093,19.56286,"USA","Hawaii",NA,"5d283bb6-64dd-4626-8b3b-a4e8db5415c3",11824312500
"Tetragnatha hawaiensis Simon, 1900","Tetragnatha","hawaiensis",-155.23093,19.56286,"USA","Hawaii",NA,"5d283bb6-64dd-4626-8b3b-a4e8db5415c3",11824312500
"Tetragnatha perkinsi Simon, 1900","Tetragnatha","perkinsi",-155.23093,19.56286,"USA","Hawaii",NA,"5d283bb6-64dd-4626-8b3b-a4e8db5415c3",11824312500
"Tetragnatha perkinsi Simon, 1900","Tetragnatha","perkinsi",-155.23093,19.56286,"USA","Hawaii",NA,"5d283bb6-64dd-4626-8b3b-a4e8db5415c3",11824312500
"Tetragnatha hawaiensis Simon, 1900","Tetragnatha","hawaiensis",-155.23093,19.56286,"USA","Hawaii",NA,"5d283bb6-64dd-4626-8b3b-a4e8db5415c3",11824312500
"Tetragnatha stelarobusta Gillespie, 1992","Tetragnatha","stelarobusta",-156.25295,20.79902,"USA","Hawaii","Maui","5d283bb6-64dd-4626-8b3b-a4e8db5415c3",2165812500
"Tetragnatha quasimodo Gillespie, 1992","Tetragnatha","quasimodo",-155.23093,19.56286,"USA","Hawaii",NA,"5d283bb6-64dd-4626-8b3b-a4e8db5415c3",11824312500
"Tetragnatha quasimodo Gillespie, 1992","Tetragnatha","quasimodo",-155.23093,19.56286,"USA","Hawaii",NA,"5d283bb6-64dd-4626-8b3b-a4e8db5415c3",11824312500
"Tetragnatha filiciphilia Gillespie, 1992","Tetragnatha","filiciphilia",-156.25295,20.79902,"USA","Hawaii","Maui","5d283bb6-64dd-4626-8b3b-a4e8db5415c3",2165812500
"Tetragnatha filiciphilia Gillespie, 1992","Tetragnatha","filiciphilia",-156.25295,20.799,"USA","Hawaii","Maui","5d283bb6-64dd-4626-8b3b-a4e8db5415c3",2165812500
"Tetragnatha filiciphilia Gillespie, 1992","Tetragnatha","filiciphilia",-156.25307,20.79918,"USA","Hawaii","Maui","5d283bb6-64dd-4626-8b3b-a4e8db5415c3",2165812500
"Tetragnatha quasimodo Gillespie, 1992","Tetragnatha","quasimodo",-155.23093,19.56286,"USA","Hawaii",NA,"5d283bb6-64dd-4626-8b3b-a4e8db5415c3",11824312500
"Tetragnatha filiciphilia Gillespie, 1992","Tetragnatha","filiciphilia",-156.25295,20.799,"USA","Hawaii","Maui","5d283bb6-64dd-4626-8b3b-a4e8db5415c3",2165812500
"Tetragnatha anuenue Gillespie, 2002","Tetragnatha","anuenue",-155.23093,19.56286,"USA","Hawaii",NA,"5d283bb6-64dd-4626-8b3b-a4e8db5415c3",11824312500
"Tetragnatha hawaiensis Simon, 1900","Tetragnatha","hawaiensis",-155.23093,19.56286,"USA","Hawaii",NA,"5d283bb6-64dd-4626-8b3b-a4e8db5415c3",11824312500
"Tetragnatha hawaiensis Simon, 1900","Tetragnatha","hawaiensis",-155.23093,19.56286,"USA","Hawaii",NA,"5d283bb6-64dd-4626-8b3b-a4e8db5415c3",11824312500
"Tetragnatha brevignatha Gillespie, 1992","Tetragnatha","brevignatha",-155.23093,19.56286,"USA","Hawaii",NA,"5d283bb6-64dd-4626-8b3b-a4e8db5415c3",11824312500
"Tetragnatha anuenue Gillespie, 2002","Tetragnatha","anuenue",-155.23093,19.56286,"USA","Hawaii",NA,"5d283bb6-64dd-4626-8b3b-a4e8db5415c3",11824312500
"Tetragnatha perkinsi Simon, 1900","Tetragnatha","perkinsi",-155.23093,19.56286,"USA","Hawaii",NA,"5d283bb6-64dd-4626-8b3b-a4e8db5415c3",11824312500
"Tetragnatha perkinsi Simon, 1900","Tetragnatha","perkinsi",-155.23093,19.56286,"USA","Hawaii",NA,"5d283bb6-64dd-4626-8b3b-a4e8db5415c3",11824312500
"Tetragnatha hawaiensis Simon, 1900","Tetragnatha","hawaiensis",-155.23093,19.56286,"USA","Hawaii",NA,"5d283bb6-64dd-4626-8b3b-a4e8db5415c3",11824312500
"Tetragnatha filiciphilia Gillespie, 1992","Tetragnatha","filiciphilia",-156.25307,20.79918,"USA","Hawaii","Maui","5d283bb6-64dd-4626-8b3b-a4e8db5415c3",2165812500
"Tetragnatha perkinsi Simon, 1900","Tetragnatha","perkinsi",-155.23093,19.56286,"USA","Hawaii",NA,"5d283bb6-64dd-4626-8b3b-a4e8db5415c3",11824312500
"Tetragnatha hawaiensis Simon, 1900","Tetragnatha","hawaiensis",-155.23093,19.56286,"USA","Hawaii",NA,"5d283bb6-64dd-4626-8b3b-a4e8db5415c3",11824312500
"Tetragnatha quasimodo Gillespie, 1992","Tetragnatha","quasimodo",-155.23093,19.56286,"USA","Hawaii",NA,"5d283bb6-64dd-4626-8b3b-a4e8db5415c3",11824312500
"Tetragnatha filiciphilia Gillespie, 1992","Tetragnatha","filiciphilia",-156.25301,20.79904,"USA","Hawaii","Maui","5d283bb6-64dd-4626-8b3b-a4e8db5415c3",2165812500
"Tetragnatha quasimodo Gillespie, 1992","Tetragnatha","quasimodo",-155.23093,19.56286,"USA","Hawaii",NA,"5d283bb6-64dd-4626-8b3b-a4e8db5415c3",11824312500
"Tetragnatha brevignatha Gillespie, 1992","Tetragnatha","brevignatha",-155.23093,19.56286,"USA","Hawaii",NA,"5d283bb6-64dd-4626-8b3b-a4e8db5415c3",11824312500
"Tetragnatha hawaiensis Simon, 1900","Tetragnatha","hawaiensis",-155.23093,19.56286,"USA","Hawaii",NA,"5d283bb6-64dd-4626-8b3b-a4e8db5415c3",11824312500
"Tetragnatha hawaiensis Simon, 1900","Tetragnatha","hawaiensis",-155.23093,19.56286,"USA","Hawaii",NA,"5d283bb6-64dd-4626-8b3b-a4e8db5415c3",11824312500
"Tetragnatha quasimodo Gillespie, 1992","Tetragnatha","quasimodo",-155.23093,19.56286,"USA","Hawaii",NA,"5d283bb6-64dd-4626-8b3b-a4e8db5415c3",11824312500
"Tetragnatha anuenue Gillespie, 2002","Tetragnatha","anuenue",-155.23093,19.56286,"USA","Hawaii",NA,"5d283bb6-64dd-4626-8b3b-a4e8db5415c3",11824312500
"Tetragnatha brevignatha Gillespie, 1992","Tetragnatha","brevignatha",-155.30106,19.92114,"USA","Hawaii",NA,"5d283bb6-64dd-4626-8b3b-a4e8db5415c3",11824312500
"Tetragnatha filiciphilia Gillespie, 1992","Tetragnatha","filiciphilia",-156.25295,20.799,"USA","Hawaii","Maui","5d283bb6-64dd-4626-8b3b-a4e8db5415c3",2165812500
"Tetragnatha filiciphilia Gillespie, 1992","Tetragnatha","filiciphilia",-156.25307,20.79918,"USA","Hawaii","Maui","5d283bb6-64dd-4626-8b3b-a4e8db5415c3",2165812500
"Tetragnatha perkinsi Simon, 1900","Tetragnatha","perkinsi",-155.23093,19.56286,"USA","Hawaii",NA,"5d283bb6-64dd-4626-8b3b-a4e8db5415c3",11824312500
"Tetragnatha brevignatha Gillespie, 1992","Tetragnatha","brevignatha",-155.30106,19.92114,"USA","Hawaii",NA,"5d283bb6-64dd-4626-8b3b-a4e8db5415c3",11824312500
"Tetragnatha hawaiensis Simon, 1900","Tetragnatha","hawaiensis",-155.23093,19.56286,"USA","Hawaii",NA,"5d283bb6-64dd-4626-8b3b-a4e8db5415c3",11824312500
"Tetragnatha quasimodo Gillespie, 1992","Tetragnatha","quasimodo",-155.23093,19.56286,"USA","Hawaii",NA,"5d283bb6-64dd-4626-8b3b-a4e8db5415c3",11824312500
"Tetragnatha hawaiensis Simon, 1900","Tetragnatha","hawaiensis",-155.23093,19.56286,"USA","Hawaii",NA,"5d283bb6-64dd-4626-8b3b-a4e8db5415c3",11824312500
"Tetragnatha hawaiensis Simon, 1900","Tetragnatha","hawaiensis",-155.23093,19.56286,"USA","Hawaii",NA,"5d283bb6-64dd-4626-8b3b-a4e8db5415c3",11824312500
"Tetragnatha filiciphilia Gillespie, 1992","Tetragnatha","filiciphilia",-156.25298,20.79921,"USA","Hawaii","Maui","5d283bb6-64dd-4626-8b3b-a4e8db5415c3",2165812500
"Tetragnatha hawaiensis Simon, 1900","Tetragnatha","hawaiensis",-155.23093,19.56286,"USA","Hawaii",NA,"5d283bb6-64dd-4626-8b3b-a4e8db5415c3",11824312500
"Tetragnatha quasimodo Gillespie, 1992","Tetragnatha","quasimodo",-155.23093,19.56286,"USA","Hawaii",NA,"5d283bb6-64dd-4626-8b3b-a4e8db5415c3",11824312500
"Tetragnatha filiciphilia Gillespie, 1992","Tetragnatha","filiciphilia",-156.25441,20.80106,"USA","Hawaii","Maui","5d283bb6-64dd-4626-8b3b-a4e8db5415c3",2165812500
"Tetragnatha hawaiensis Simon, 1900","Tetragnatha","hawaiensis",-155.23093,19.56286,"USA","Hawaii",NA,"5d283bb6-64dd-4626-8b3b-a4e8db5415c3",11824312500
"Tetragnatha brevignatha Gillespie, 1992","Tetragnatha","brevignatha",-155.23093,19.56286,"USA","Hawaii",NA,"5d283bb6-64dd-4626-8b3b-a4e8db5415c3",11824312500
"Tetragnatha quasimodo Gillespie, 1992","Tetragnatha","quasimodo",-155.30106,19.92114,"USA","Hawaii",NA,"5d283bb6-64dd-4626-8b3b-a4e8db5415c3",11824312500
"Tetragnatha anuenue Gillespie, 2002","Tetragnatha","anuenue",-155.23093,19.56286,"USA","Hawaii",NA,"5d283bb6-64dd-4626-8b3b-a4e8db5415c3",11824312500
"Tetragnatha quasimodo Gillespie, 1992","Tetragnatha","quasimodo",-155.30106,19.92114,"USA","Hawaii",NA,"5d283bb6-64dd-4626-8b3b-a4e8db5415c3",11824312500
"Tetragnatha anuenue Gillespie, 2002","Tetragnatha","anuenue",-155.30106,19.92114,"USA","Hawaii",NA,"5d283bb6-64dd-4626-8b3b-a4e8db5415c3",11824312500
"Tetragnatha quasimodo Gillespie, 1992","Tetragnatha","quasimodo",-155.30106,19.92114,"USA","Hawaii",NA,"5d283bb6-64dd-4626-8b3b-a4e8db5415c3",11824312500
"Tetragnatha quasimodo Gillespie, 1992","Tetragnatha","quasimodo",-155.30106,19.92114,"USA","Hawaii",NA,"5d283bb6-64dd-4626-8b3b-a4e8db5415c3",11824312500
"Tetragnatha perkinsi Simon, 1900","Tetragnatha","perkinsi",-155.23093,19.56286,"USA","Hawaii",NA,"5d283bb6-64dd-4626-8b3b-a4e8db5415c3",11824312500
"Tetragnatha brevignatha Gillespie, 1992","Tetragnatha","brevignatha",-155.30106,19.92114,"USA","Hawaii",NA,"5d283bb6-64dd-4626-8b3b-a4e8db5415c3",11824312500
"Tetragnatha brevignatha Gillespie, 1992","Tetragnatha","brevignatha",-155.30106,19.92114,"USA","Hawaii",NA,"5d283bb6-64dd-4626-8b3b-a4e8db5415c3",11824312500
"Tetragnatha quasimodo Gillespie, 1992","Tetragnatha","quasimodo",-155.30106,19.92114,"USA","Hawaii",NA,"5d283bb6-64dd-4626-8b3b-a4e8db5415c3",11824312500
"Tetragnatha brevignatha Gillespie, 1992","Tetragnatha","brevignatha",-155.30106,19.92114,"USA","Hawaii",NA,"5d283bb6-64dd-4626-8b3b-a4e8db5415c3",11824312500
"Tetragnatha brevignatha Gillespie, 1992","Tetragnatha","brevignatha",-155.30106,19.92114,"USA","Hawaii",NA,"5d283bb6-64dd-4626-8b3b-a4e8db5415c3",11824312500
"Tetragnatha filiciphilia Gillespie, 1992","Tetragnatha","filiciphilia",-156.25307,20.79926,"USA","Hawaii","Maui","5d283bb6-64dd-4626-8b3b-a4e8db5415c3",2165812500
"Tetragnatha brevignatha Gillespie, 1992","Tetragnatha","brevignatha",-155.30106,19.92114,"USA","Hawaii",NA,"5d283bb6-64dd-4626-8b3b-a4e8db5415c3",11824312500
"Tetragnatha acuta Gillespie, 1992","Tetragnatha","acuta",-156.22835,20.77876,"USA","Hawaii","Maui","5d283bb6-64dd-4626-8b3b-a4e8db5415c3",2165812500
"Tetragnatha quasimodo Gillespie, 1992","Tetragnatha","quasimodo",-155.30106,19.92114,"USA","Hawaii",NA,"5d283bb6-64dd-4626-8b3b-a4e8db5415c3",11824312500
"Tetragnatha brevignatha Gillespie, 1992","Tetragnatha","brevignatha",-155.30106,19.92114,"USA","Hawaii",NA,"5d283bb6-64dd-4626-8b3b-a4e8db5415c3",11824312500
"Tetragnatha brevignatha Gillespie, 1992","Tetragnatha","brevignatha",-155.30106,19.92114,"USA","Hawaii",NA,"5d283bb6-64dd-4626-8b3b-a4e8db5415c3",11824312500
"Tetragnatha brevignatha Gillespie, 1992","Tetragnatha","brevignatha",-155.23093,19.56286,"USA","Hawaii",NA,"5d283bb6-64dd-4626-8b3b-a4e8db5415c3",11824312500
"Tetragnatha hawaiensis Simon, 1900","Tetragnatha","hawaiensis",-155.23093,19.56286,"USA","Hawaii",NA,"5d283bb6-64dd-4626-8b3b-a4e8db5415c3",11824312500
"Tetragnatha hawaiensis Simon, 1900","Tetragnatha","hawaiensis",-155.23093,19.56286,"USA","Hawaii",NA,"5d283bb6-64dd-4626-8b3b-a4e8db5415c3",11824312500
"Tetragnatha brevignatha Gillespie, 1992","Tetragnatha","brevignatha",-155.30106,19.92114,"USA","Hawaii",NA,"5d283bb6-64dd-4626-8b3b-a4e8db5415c3",11824312500
"Tetragnatha quasimodo Gillespie, 1992","Tetragnatha","quasimodo",-155.30106,19.92114,"USA","Hawaii",NA,"5d283bb6-64dd-4626-8b3b-a4e8db5415c3",11824312500
"Tetragnatha filiciphilia Gillespie, 1992","Tetragnatha","filiciphilia",-156.25307,20.79926,"USA","Hawaii","Maui","5d283bb6-64dd-4626-8b3b-a4e8db5415c3",2165812500
"Tetragnatha brevignatha Gillespie, 1992","Tetragnatha","brevignatha",-155.23093,19.56286,"USA","Hawaii",NA,"5d283bb6-64dd-4626-8b3b-a4e8db5415c3",11824312500
"Tetragnatha quasimodo Gillespie, 1992","Tetragnatha","quasimodo",-155.30106,19.92114,"USA","Hawaii",NA,"5d283bb6-64dd-4626-8b3b-a4e8db5415c3",11824312500
"Tetragnatha anuenue Gillespie, 2002","Tetragnatha","anuenue",-155.30106,19.92114,"USA","Hawaii",NA,"5d283bb6-64dd-4626-8b3b-a4e8db5415c3",11824312500
"Tetragnatha perkinsi Simon, 1900","Tetragnatha","perkinsi",-155.23093,19.56286,"USA","Hawaii",NA,"5d283bb6-64dd-4626-8b3b-a4e8db5415c3",11824312500
"Tetragnatha brevignatha Gillespie, 1992","Tetragnatha","brevignatha",-155.30106,19.92114,"USA","Hawaii",NA,"5d283bb6-64dd-4626-8b3b-a4e8db5415c3",11824312500
"Tetragnatha perkinsi Simon, 1900","Tetragnatha","perkinsi",-155.23093,19.56286,"USA","Hawaii",NA,"5d283bb6-64dd-4626-8b3b-a4e8db5415c3",11824312500
"Tetragnatha hawaiensis Simon, 1900","Tetragnatha","hawaiensis",-155.23093,19.56286,"USA","Hawaii",NA,"5d283bb6-64dd-4626-8b3b-a4e8db5415c3",11824312500
"Tetragnatha perkinsi Simon, 1900","Tetragnatha","perkinsi",-155.23093,19.56286,"USA","Hawaii",NA,"5d283bb6-64dd-4626-8b3b-a4e8db5415c3",11824312500
"Tetragnatha quasimodo Gillespie, 1992","Tetragnatha","quasimodo",-155.30106,19.92114,"USA","Hawaii",NA,"5d283bb6-64dd-4626-8b3b-a4e8db5415c3",11824312500
"Tetragnatha brevignatha Gillespie, 1992","Tetragnatha","brevignatha",-155.23093,19.56286,"USA","Hawaii",NA,"5d283bb6-64dd-4626-8b3b-a4e8db5415c3",11824312500
"Tetragnatha brevignatha Gillespie, 1992","Tetragnatha","brevignatha",-155.30106,19.92114,"USA","Hawaii",NA,"5d283bb6-64dd-4626-8b3b-a4e8db5415c3",11824312500
"Tetragnatha quasimodo Gillespie, 1992","Tetragnatha","quasimodo",-155.30106,19.92114,"USA","Hawaii",NA,"5d283bb6-64dd-4626-8b3b-a4e8db5415c3",11824312500
"Tetragnatha eurychasma Gillespie, 1992","Tetragnatha","eurychasma",-156.22832,20.77872,"USA","Hawaii","Maui","5d283bb6-64dd-4626-8b3b-a4e8db5415c3",2165812500
"Tetragnatha anuenue Gillespie, 2002","Tetragnatha","anuenue",-155.30106,19.92114,"USA","Hawaii",NA,"5d283bb6-64dd-4626-8b3b-a4e8db5415c3",11824312500
"Tetragnatha quasimodo Gillespie, 1992","Tetragnatha","quasimodo",-155.30106,19.92114,"USA","Hawaii",NA,"5d283bb6-64dd-4626-8b3b-a4e8db5415c3",11824312500
"Tetragnatha brevignatha Gillespie, 1992","Tetragnatha","brevignatha",-155.23093,19.56286,"USA","Hawaii",NA,"5d283bb6-64dd-4626-8b3b-a4e8db5415c3",11824312500
"Tetragnatha brevignatha Gillespie, 1992","Tetragnatha","brevignatha",-155.30106,19.92114,"USA","Hawaii",NA,"5d283bb6-64dd-4626-8b3b-a4e8db5415c3",11824312500
"Tetragnatha perkinsi Simon, 1900","Tetragnatha","perkinsi",-155.23093,19.56286,"USA","Hawaii",NA,"5d283bb6-64dd-4626-8b3b-a4e8db5415c3",11824312500
"Tetragnatha hawaiensis Simon, 1900","Tetragnatha","hawaiensis",-155.23093,19.56286,"USA","Hawaii",NA,"5d283bb6-64dd-4626-8b3b-a4e8db5415c3",11824312500
"Tetragnatha brevignatha Gillespie, 1992","Tetragnatha","brevignatha",-155.23093,19.56286,"USA","Hawaii",NA,"5d283bb6-64dd-4626-8b3b-a4e8db5415c3",11824312500
"Tetragnatha hawaiensis Simon, 1900","Tetragnatha","hawaiensis",-155.23093,19.56286,"USA","Hawaii",NA,"5d283bb6-64dd-4626-8b3b-a4e8db5415c3",11824312500
"Tetragnatha brevignatha Gillespie, 1992","Tetragnatha","brevignatha",-155.30106,19.92114,"USA","Hawaii",NA,"5d283bb6-64dd-4626-8b3b-a4e8db5415c3",11824312500
"Tetragnatha acuta Gillespie, 1992","Tetragnatha","acuta",-156.22849,20.77831,"USA","Hawaii","Maui","5d283bb6-64dd-4626-8b3b-a4e8db5415c3",2165812500
"Tetragnatha quasimodo Gillespie, 1992","Tetragnatha","quasimodo",-155.30106,19.92114,"USA","Hawaii",NA,"5d283bb6-64dd-4626-8b3b-a4e8db5415c3",11824312500
"Tetragnatha perkinsi Simon, 1900","Tetragnatha","perkinsi",-155.23093,19.56286,"USA","Hawaii",NA,"5d283bb6-64dd-4626-8b3b-a4e8db5415c3",11824312500
"Tetragnatha brevignatha Gillespie, 1992","Tetragnatha","brevignatha",-155.23093,19.56286,"USA","Hawaii",NA,"5d283bb6-64dd-4626-8b3b-a4e8db5415c3",11824312500
"Tetragnatha perkinsi Simon, 1900","Tetragnatha","perkinsi",-155.23093,19.56286,"USA","Hawaii",NA,"5d283bb6-64dd-4626-8b3b-a4e8db5415c3",11824312500
"Tetragnatha hawaiensis Simon, 1900","Tetragnatha","hawaiensis",-155.23093,19.56286,"USA","Hawaii",NA,"5d283bb6-64dd-4626-8b3b-a4e8db5415c3",11824312500
"Tetragnatha brevignatha Gillespie, 1992","Tetragnatha","brevignatha",-155.30106,19.92114,"USA","Hawaii",NA,"5d283bb6-64dd-4626-8b3b-a4e8db5415c3",11824312500
"Tetragnatha acuta Gillespie, 1992","Tetragnatha","acuta",-156.22848,20.77842,"USA","Hawaii","Maui","5d283bb6-64dd-4626-8b3b-a4e8db5415c3",2165812500
"Tetragnatha hawaiensis Simon, 1900","Tetragnatha","hawaiensis",-155.23093,19.56286,"USA","Hawaii",NA,"5d283bb6-64dd-4626-8b3b-a4e8db5415c3",11824312500
"Tetragnatha quasimodo Gillespie, 1992","Tetragnatha","quasimodo",-155.30106,19.92114,"USA","Hawaii",NA,"5d283bb6-64dd-4626-8b3b-a4e8db5415c3",11824312500
"Tetragnatha perkinsi Simon, 1900","Tetragnatha","perkinsi",-155.23093,19.56286,"USA","Hawaii",NA,"5d283bb6-64dd-4626-8b3b-a4e8db5415c3",11824312500
"Tetragnatha perkinsi Simon, 1900","Tetragnatha","perkinsi",-155.23093,19.56286,"USA","Hawaii",NA,"5d283bb6-64dd-4626-8b3b-a4e8db5415c3",11824312500
"Tetragnatha anuenue Gillespie, 2002","Tetragnatha","anuenue",-155.30106,19.92114,"USA","Hawaii",NA,"5d283bb6-64dd-4626-8b3b-a4e8db5415c3",11824312500
"Tetragnatha brevignatha Gillespie, 1992","Tetragnatha","brevignatha",-155.30106,19.92114,"USA","Hawaii",NA,"5d283bb6-64dd-4626-8b3b-a4e8db5415c3",11824312500
"Tetragnatha perkinsi Simon, 1900","Tetragnatha","perkinsi",-155.23093,19.56286,"USA","Hawaii",NA,"5d283bb6-64dd-4626-8b3b-a4e8db5415c3",11824312500
"Tetragnatha anuenue Gillespie, 2002","Tetragnatha","anuenue",-155.30106,19.92114,"USA","Hawaii",NA,"5d283bb6-64dd-4626-8b3b-a4e8db5415c3",11824312500
"Tetragnatha perkinsi Simon, 1900","Tetragnatha","perkinsi",-155.23093,19.56286,"USA","Hawaii",NA,"5d283bb6-64dd-4626-8b3b-a4e8db5415c3",11824312500
"Tetragnatha eurychasma Gillespie, 1992","Tetragnatha","eurychasma",-156.22832,20.77872,"USA","Hawaii","Maui","5d283bb6-64dd-4626-8b3b-a4e8db5415c3",2165812500
"Tetragnatha perkinsi Simon, 1900","Tetragnatha","perkinsi",-155.23093,19.56286,"USA","Hawaii",NA,"5d283bb6-64dd-4626-8b3b-a4e8db5415c3",11824312500
"Tetragnatha brevignatha Gillespie, 1992","Tetragnatha","brevignatha",-155.30106,19.92114,"USA","Hawaii",NA,"5d283bb6-64dd-4626-8b3b-a4e8db5415c3",11824312500
"Tetragnatha perkinsi Simon, 1900","Tetragnatha","perkinsi",-155.23093,19.56286,"USA","Hawaii",NA,"5d283bb6-64dd-4626-8b3b-a4e8db5415c3",11824312500
"Tetragnatha brevignatha Gillespie, 1992","Tetragnatha","brevignatha",-155.23093,19.56286,"USA","Hawaii",NA,"5d283bb6-64dd-4626-8b3b-a4e8db5415c3",11824312500
"Tetragnatha quasimodo Gillespie, 1992","Tetragnatha","quasimodo",-155.30106,19.92114,"USA","Hawaii",NA,"5d283bb6-64dd-4626-8b3b-a4e8db5415c3",11824312500
"Tetragnatha quasimodo Gillespie, 1992","Tetragnatha","quasimodo",-155.30106,19.92114,"USA","Hawaii",NA,"5d283bb6-64dd-4626-8b3b-a4e8db5415c3",11824312500
"Tetragnatha filiciphilia Gillespie, 1992","Tetragnatha","filiciphilia",-156.25441,20.80106,"USA","Hawaii","Maui","5d283bb6-64dd-4626-8b3b-a4e8db5415c3",2165812500
"Tetragnatha quasimodo Gillespie, 1992","Tetragnatha","quasimodo",-155.30106,19.92114,"USA","Hawaii",NA,"5d283bb6-64dd-4626-8b3b-a4e8db5415c3",11824312500
"Tetragnatha stelarobusta Gillespie, 1992","Tetragnatha","stelarobusta",-156.22843,20.77894,"USA","Hawaii","Maui","5d283bb6-64dd-4626-8b3b-a4e8db5415c3",2165812500
"Tetragnatha perkinsi Simon, 1900","Tetragnatha","perkinsi",-155.23093,19.56286,"USA","Hawaii",NA,"5d283bb6-64dd-4626-8b3b-a4e8db5415c3",11824312500
"Tetragnatha acuta Gillespie, 1992","Tetragnatha","acuta",-156.22861,20.77832,"USA","Hawaii","Maui","5d283bb6-64dd-4626-8b3b-a4e8db5415c3",2165812500
"Tetragnatha eurychasma Gillespie, 1992","Tetragnatha","eurychasma",-156.22839,20.77837,"USA","Hawaii","Maui","5d283bb6-64dd-4626-8b3b-a4e8db5415c3",2165812500
"Tetragnatha brevignatha Gillespie, 1992","Tetragnatha","brevignatha",-155.30106,19.92114,"USA","Hawaii",NA,"5d283bb6-64dd-4626-8b3b-a4e8db5415c3",11824312500
"Tetragnatha acuta Gillespie, 1992","Tetragnatha","acuta",-156.22861,20.77832,"USA","Hawaii","Maui","5d283bb6-64dd-4626-8b3b-a4e8db5415c3",2165812500
"Tetragnatha hawaiensis Simon, 1900","Tetragnatha","hawaiensis",-155.2898,19.9347,"USA","Hawaii",NA,"5d283bb6-64dd-4626-8b3b-a4e8db5415c3",11824312500
"Tetragnatha eurychasma Gillespie, 1992","Tetragnatha","eurychasma",-156.22769,20.77955,"USA","Hawaii","Maui","5d283bb6-64dd-4626-8b3b-a4e8db5415c3",2165812500
"Tetragnatha quasimodo Gillespie, 1992","Tetragnatha","quasimodo",-155.30106,19.92114,"USA","Hawaii",NA,"5d283bb6-64dd-4626-8b3b-a4e8db5415c3",11824312500
"Tetragnatha quasimodo Gillespie, 1992","Tetragnatha","quasimodo",-155.30106,19.92114,"USA","Hawaii",NA,"5d283bb6-64dd-4626-8b3b-a4e8db5415c3",11824312500
"Tetragnatha eurychasma Gillespie, 1992","Tetragnatha","eurychasma",-156.22819,20.7792,"USA","Hawaii","Maui","5d283bb6-64dd-4626-8b3b-a4e8db5415c3",2165812500
"Tetragnatha quasimodo Gillespie, 1992","Tetragnatha","quasimodo",-155.30106,19.92114,"USA","Hawaii",NA,"5d283bb6-64dd-4626-8b3b-a4e8db5415c3",11824312500
"Tetragnatha perkinsi Simon, 1900","Tetragnatha","perkinsi",-155.30106,19.92114,"USA","Hawaii",NA,"5d283bb6-64dd-4626-8b3b-a4e8db5415c3",11824312500
"Tetragnatha hawaiensis Simon, 1900","Tetragnatha","hawaiensis",-155.2898,19.9347,"USA","Hawaii",NA,"5d283bb6-64dd-4626-8b3b-a4e8db5415c3",11824312500
"Tetragnatha brevignatha Gillespie, 1992","Tetragnatha","brevignatha",-155.30106,19.92114,"USA","Hawaii",NA,"5d283bb6-64dd-4626-8b3b-a4e8db5415c3",11824312500
"Tetragnatha brevignatha Gillespie, 1992","Tetragnatha","brevignatha",-155.30106,19.92114,"USA","Hawaii",NA,"5d283bb6-64dd-4626-8b3b-a4e8db5415c3",11824312500
"Tetragnatha quasimodo Gillespie, 1992","Tetragnatha","quasimodo",-155.30106,19.92114,"USA","Hawaii",NA,"5d283bb6-64dd-4626-8b3b-a4e8db5415c3",11824312500
"Tetragnatha eurychasma Gillespie, 1992","Tetragnatha","eurychasma",-156.22809,20.77931,"USA","Hawaii","Maui","5d283bb6-64dd-4626-8b3b-a4e8db5415c3",2165812500
"Tetragnatha quasimodo Gillespie, 1992","Tetragnatha","quasimodo",-155.30106,19.92114,"USA","Hawaii",NA,"5d283bb6-64dd-4626-8b3b-a4e8db5415c3",11824312500
"Tetragnatha quasimodo Gillespie, 1992","Tetragnatha","quasimodo",-155.30106,19.92114,"USA","Hawaii",NA,"5d283bb6-64dd-4626-8b3b-a4e8db5415c3",11824312500
"Tetragnatha anuenue Gillespie, 2002","Tetragnatha","anuenue",-155.30106,19.92114,"USA","Hawaii",NA,"5d283bb6-64dd-4626-8b3b-a4e8db5415c3",11824312500
"Tetragnatha quasimodo Gillespie, 1992","Tetragnatha","quasimodo",-155.30106,19.92114,"USA","Hawaii",NA,"5d283bb6-64dd-4626-8b3b-a4e8db5415c3",11824312500
"Tetragnatha filiciphilia Gillespie, 1992","Tetragnatha","filiciphilia",-156.25441,20.80106,"USA","Hawaii","Maui","5d283bb6-64dd-4626-8b3b-a4e8db5415c3",2165812500
"Tetragnatha anuenue Gillespie, 2002","Tetragnatha","anuenue",-155.30106,19.92114,"USA","Hawaii",NA,"5d283bb6-64dd-4626-8b3b-a4e8db5415c3",11824312500
"Tetragnatha eurychasma Gillespie, 1992","Tetragnatha","eurychasma",-156.22809,20.77931,"USA","Hawaii","Maui","5d283bb6-64dd-4626-8b3b-a4e8db5415c3",2165812500
"Tetragnatha filiciphilia Gillespie, 1992","Tetragnatha","filiciphilia",-156.25459,20.80272,"USA","Hawaii","Maui","5d283bb6-64dd-4626-8b3b-a4e8db5415c3",2165812500
"Tetragnatha quasimodo Gillespie, 1992","Tetragnatha","quasimodo",-156.22814,20.77927,"USA","Hawaii","Maui","5d283bb6-64dd-4626-8b3b-a4e8db5415c3",2165812500
"Tetragnatha anuenue Gillespie, 2002","Tetragnatha","anuenue",-155.30106,19.92114,"USA","Hawaii",NA,"5d283bb6-64dd-4626-8b3b-a4e8db5415c3",11824312500
"Tetragnatha stelarobusta Gillespie, 1992","Tetragnatha","stelarobusta",-156.22769,20.77955,"USA","Hawaii","Maui","5d283bb6-64dd-4626-8b3b-a4e8db5415c3",2165812500
"Tetragnatha quasimodo Gillespie, 1992","Tetragnatha","quasimodo",-155.30106,19.92114,"USA","Hawaii",NA,"5d283bb6-64dd-4626-8b3b-a4e8db5415c3",11824312500
"Tetragnatha quasimodo Gillespie, 1992","Tetragnatha","quasimodo",-155.30106,19.92114,"USA","Hawaii",NA,"5d283bb6-64dd-4626-8b3b-a4e8db5415c3",11824312500
"Tetragnatha eurychasma Gillespie, 1992","Tetragnatha","eurychasma",-156.22809,20.77931,"USA","Hawaii","Maui","5d283bb6-64dd-4626-8b3b-a4e8db5415c3",2165812500
"Tetragnatha quasimodo Gillespie, 1992","Tetragnatha","quasimodo",-155.30106,19.92114,"USA","Hawaii",NA,"5d283bb6-64dd-4626-8b3b-a4e8db5415c3",11824312500
"Tetragnatha quasimodo Gillespie, 1992","Tetragnatha","quasimodo",-155.30106,19.92114,"USA","Hawaii",NA,"5d283bb6-64dd-4626-8b3b-a4e8db5415c3",11824312500
"Tetragnatha hawaiensis Simon, 1900","Tetragnatha","hawaiensis",-155.2898,19.9347,"USA","Hawaii",NA,"5d283bb6-64dd-4626-8b3b-a4e8db5415c3",11824312500
"Tetragnatha eurychasma Gillespie, 1992","Tetragnatha","eurychasma",-156.22813,20.77928,"USA","Hawaii","Maui","5d283bb6-64dd-4626-8b3b-a4e8db5415c3",2165812500
"Tetragnatha hawaiensis Simon, 1900","Tetragnatha","hawaiensis",-155.2898,19.9347,"USA","Hawaii",NA,"5d283bb6-64dd-4626-8b3b-a4e8db5415c3",11824312500
"Tetragnatha quasimodo Gillespie, 1992","Tetragnatha","quasimodo",-155.30106,19.92114,"USA","Hawaii",NA,"5d283bb6-64dd-4626-8b3b-a4e8db5415c3",11824312500
"Tetragnatha filiciphilia Gillespie, 1992","Tetragnatha","filiciphilia",-156.25459,20.80272,"USA","Hawaii","Maui","5d283bb6-64dd-4626-8b3b-a4e8db5415c3",2165812500
"Tetragnatha hawaiensis Simon, 1900","Tetragnatha","hawaiensis",-155.2898,19.9347,"USA","Hawaii",NA,"5d283bb6-64dd-4626-8b3b-a4e8db5415c3",11824312500
"Tetragnatha quasimodo Gillespie, 1992","Tetragnatha","quasimodo",-155.30106,19.92114,"USA","Hawaii",NA,"5d283bb6-64dd-4626-8b3b-a4e8db5415c3",11824312500
"Tetragnatha quasimodo Gillespie, 1992","Tetragnatha","quasimodo",-155.30106,19.92114,"USA","Hawaii",NA,"5d283bb6-64dd-4626-8b3b-a4e8db5415c3",11824312500
"Tetragnatha trituberculata Gillespie, 1992","Tetragnatha","trituberculata",-156.22763,20.7797,"USA","Hawaii","Maui","5d283bb6-64dd-4626-8b3b-a4e8db5415c3",2165812500
"Tetragnatha quasimodo Gillespie, 1992","Tetragnatha","quasimodo",-155.30106,19.92114,"USA","Hawaii",NA,"5d283bb6-64dd-4626-8b3b-a4e8db5415c3",11824312500
"Tetragnatha quasimodo Gillespie, 1992","Tetragnatha","quasimodo",-155.30106,19.92114,"USA","Hawaii",NA,"5d283bb6-64dd-4626-8b3b-a4e8db5415c3",11824312500
"Tetragnatha anuenue Gillespie, 2002","Tetragnatha","anuenue",-155.30106,19.92114,"USA","Hawaii",NA,"5d283bb6-64dd-4626-8b3b-a4e8db5415c3",11824312500
"Tetragnatha quasimodo Gillespie, 1992","Tetragnatha","quasimodo",-155.30106,19.92114,"USA","Hawaii",NA,"5d283bb6-64dd-4626-8b3b-a4e8db5415c3",11824312500
"Tetragnatha quasimodo Gillespie, 1992","Tetragnatha","quasimodo",-155.30106,19.92114,"USA","Hawaii",NA,"5d283bb6-64dd-4626-8b3b-a4e8db5415c3",11824312500
"Tetragnatha quasimodo Gillespie, 1992","Tetragnatha","quasimodo",-155.30106,19.92114,"USA","Hawaii",NA,"5d283bb6-64dd-4626-8b3b-a4e8db5415c3",11824312500
"Tetragnatha quasimodo Gillespie, 1992","Tetragnatha","quasimodo",-155.30106,19.92114,"USA","Hawaii",NA,"5d283bb6-64dd-4626-8b3b-a4e8db5415c3",11824312500
"Tetragnatha quasimodo Gillespie, 1992","Tetragnatha","quasimodo",-155.30106,19.92114,"USA","Hawaii",NA,"5d283bb6-64dd-4626-8b3b-a4e8db5415c3",11824312500
"Tetragnatha quasimodo Gillespie, 1992","Tetragnatha","quasimodo",-155.30106,19.92114,"USA","Hawaii",NA,"5d283bb6-64dd-4626-8b3b-a4e8db5415c3",11824312500
"Tetragnatha quasimodo Gillespie, 1992","Tetragnatha","quasimodo",-155.30106,19.92114,"USA","Hawaii",NA,"5d283bb6-64dd-4626-8b3b-a4e8db5415c3",11824312500
"Tetragnatha quasimodo Gillespie, 1992","Tetragnatha","quasimodo",-155.30106,19.92114,"USA","Hawaii",NA,"5d283bb6-64dd-4626-8b3b-a4e8db5415c3",11824312500
"Tetragnatha quasimodo Gillespie, 1992","Tetragnatha","quasimodo",-155.30106,19.92114,"USA","Hawaii",NA,"5d283bb6-64dd-4626-8b3b-a4e8db5415c3",11824312500
"Tetragnatha quasimodo Gillespie, 1992","Tetragnatha","quasimodo",-155.30106,19.92114,"USA","Hawaii",NA,"5d283bb6-64dd-4626-8b3b-a4e8db5415c3",11824312500
"Tetragnatha quasimodo Gillespie, 1992","Tetragnatha","quasimodo",-155.30106,19.92114,"USA","Hawaii",NA,"5d283bb6-64dd-4626-8b3b-a4e8db5415c3",11824312500
"Tetragnatha quasimodo Gillespie, 1992","Tetragnatha","quasimodo",-155.30106,19.92114,"USA","Hawaii",NA,"5d283bb6-64dd-4626-8b3b-a4e8db5415c3",11824312500
"Tetragnatha quasimodo Gillespie, 1992","Tetragnatha","quasimodo",-155.30106,19.92114,"USA","Hawaii",NA,"5d283bb6-64dd-4626-8b3b-a4e8db5415c3",11824312500
"Tetragnatha quasimodo Gillespie, 1992","Tetragnatha","quasimodo",-155.30106,19.92114,"USA","Hawaii",NA,"5d283bb6-64dd-4626-8b3b-a4e8db5415c3",11824312500
"Tetragnatha quasimodo Gillespie, 1992","Tetragnatha","quasimodo",-156.22806,20.77939,"USA","Hawaii","Maui","5d283bb6-64dd-4626-8b3b-a4e8db5415c3",2165812500
"Tetragnatha brevignatha Gillespie, 1992","Tetragnatha","brevignatha",-155.30106,19.92114,"USA","Hawaii",NA,"5d283bb6-64dd-4626-8b3b-a4e8db5415c3",11824312500
"Tetragnatha quasimodo Gillespie, 1992","Tetragnatha","quasimodo",-155.30106,19.92114,"USA","Hawaii",NA,"5d283bb6-64dd-4626-8b3b-a4e8db5415c3",11824312500
"Tetragnatha quasimodo Gillespie, 1992","Tetragnatha","quasimodo",-155.30106,19.92114,"USA","Hawaii",NA,"5d283bb6-64dd-4626-8b3b-a4e8db5415c3",11824312500
"Tetragnatha quasimodo Gillespie, 1992","Tetragnatha","quasimodo",-155.30106,19.92114,"USA","Hawaii",NA,"5d283bb6-64dd-4626-8b3b-a4e8db5415c3",11824312500
"Tetragnatha quasimodo Gillespie, 1992","Tetragnatha","quasimodo",-155.30106,19.92114,"USA","Hawaii",NA,"5d283bb6-64dd-4626-8b3b-a4e8db5415c3",11824312500
"Tetragnatha quasimodo Gillespie, 1992","Tetragnatha","quasimodo",-155.30106,19.92114,"USA","Hawaii",NA,"5d283bb6-64dd-4626-8b3b-a4e8db5415c3",11824312500
"Tetragnatha quasimodo Gillespie, 1992","Tetragnatha","quasimodo",-155.30106,19.92114,"USA","Hawaii",NA,"5d283bb6-64dd-4626-8b3b-a4e8db5415c3",11824312500
"Tetragnatha brevignatha Gillespie, 1992","Tetragnatha","brevignatha",-155.30106,19.92114,"USA","Hawaii",NA,"5d283bb6-64dd-4626-8b3b-a4e8db5415c3",11824312500
"Tetragnatha quasimodo Gillespie, 1992","Tetragnatha","quasimodo",-155.30106,19.92114,"USA","Hawaii",NA,"5d283bb6-64dd-4626-8b3b-a4e8db5415c3",11824312500
"Tetragnatha hawaiensis Simon, 1900","Tetragnatha","hawaiensis",-155.30106,19.92114,"USA","Hawaii",NA,"5d283bb6-64dd-4626-8b3b-a4e8db5415c3",11824312500
"Tetragnatha quasimodo Gillespie, 1992","Tetragnatha","quasimodo",-155.30106,19.92114,"USA","Hawaii",NA,"5d283bb6-64dd-4626-8b3b-a4e8db5415c3",11824312500
"Tetragnatha quasimodo Gillespie, 1992","Tetragnatha","quasimodo",-155.30106,19.92114,"USA","Hawaii",NA,"5d283bb6-64dd-4626-8b3b-a4e8db5415c3",11824312500
"Tetragnatha eurychasma Gillespie, 1992","Tetragnatha","eurychasma",-156.22763,20.7797,"USA","Hawaii","Maui","5d283bb6-64dd-4626-8b3b-a4e8db5415c3",2165812500
"Tetragnatha quasimodo Gillespie, 1992","Tetragnatha","quasimodo",-155.30106,19.92114,"USA","Hawaii",NA,"5d283bb6-64dd-4626-8b3b-a4e8db5415c3",11824312500
"Tetragnatha quasimodo Gillespie, 1992","Tetragnatha","quasimodo",-155.30106,19.92114,"USA","Hawaii",NA,"5d283bb6-64dd-4626-8b3b-a4e8db5415c3",11824312500
"Tetragnatha quasimodo Gillespie, 1992","Tetragnatha","quasimodo",-155.30106,19.92114,"USA","Hawaii",NA,"5d283bb6-64dd-4626-8b3b-a4e8db5415c3",11824312500
"Tetragnatha quasimodo Gillespie, 1992","Tetragnatha","quasimodo",-155.30106,19.92114,"USA","Hawaii",NA,"5d283bb6-64dd-4626-8b3b-a4e8db5415c3",11824312500
"Tetragnatha quasimodo Gillespie, 1992","Tetragnatha","quasimodo",-155.30106,19.92114,"USA","Hawaii",NA,"5d283bb6-64dd-4626-8b3b-a4e8db5415c3",11824312500
"Tetragnatha quasimodo Gillespie, 1992","Tetragnatha","quasimodo",-155.30106,19.92114,"USA","Hawaii",NA,"5d283bb6-64dd-4626-8b3b-a4e8db5415c3",11824312500
"Tetragnatha quasimodo Gillespie, 1992","Tetragnatha","quasimodo",-155.30106,19.92114,"USA","Hawaii",NA,"5d283bb6-64dd-4626-8b3b-a4e8db5415c3",11824312500
"Tetragnatha quasimodo Gillespie, 1992","Tetragnatha","quasimodo",-155.30106,19.92114,"USA","Hawaii",NA,"5d283bb6-64dd-4626-8b3b-a4e8db5415c3",11824312500
"Tetragnatha quasimodo Gillespie, 1992","Tetragnatha","quasimodo",-155.30106,19.92114,"USA","Hawaii",NA,"5d283bb6-64dd-4626-8b3b-a4e8db5415c3",11824312500
"Tetragnatha quasimodo Gillespie, 1992","Tetragnatha","quasimodo",-155.30106,19.92114,"USA","Hawaii",NA,"5d283bb6-64dd-4626-8b3b-a4e8db5415c3",11824312500
"Tetragnatha quasimodo Gillespie, 1992","Tetragnatha","quasimodo",-155.30106,19.92114,"USA","Hawaii",NA,"5d283bb6-64dd-4626-8b3b-a4e8db5415c3",11824312500
"Tetragnatha quasimodo Gillespie, 1992","Tetragnatha","quasimodo",-155.30106,19.92114,"USA","Hawaii",NA,"5d283bb6-64dd-4626-8b3b-a4e8db5415c3",11824312500
"Tetragnatha quasimodo Gillespie, 1992","Tetragnatha","quasimodo",-155.30106,19.92114,"USA","Hawaii",NA,"5d283bb6-64dd-4626-8b3b-a4e8db5415c3",11824312500
"Tetragnatha filiciphilia Gillespie, 1992","Tetragnatha","filiciphilia",-156.25455,20.80246,"USA","Hawaii","Maui","5d283bb6-64dd-4626-8b3b-a4e8db5415c3",2165812500
"Tetragnatha quasimodo Gillespie, 1992","Tetragnatha","quasimodo",-155.30106,19.92114,"USA","Hawaii",NA,"5d283bb6-64dd-4626-8b3b-a4e8db5415c3",11824312500
"Tetragnatha quasimodo Gillespie, 1992","Tetragnatha","quasimodo",-155.30106,19.92114,"USA","Hawaii",NA,"5d283bb6-64dd-4626-8b3b-a4e8db5415c3",11824312500
"Tetragnatha quasimodo Gillespie, 1992","Tetragnatha","quasimodo",-155.30106,19.92114,"USA","Hawaii",NA,"5d283bb6-64dd-4626-8b3b-a4e8db5415c3",11824312500
"Tetragnatha quasimodo Gillespie, 1992","Tetragnatha","quasimodo",-155.30106,19.92114,"USA","Hawaii",NA,"5d283bb6-64dd-4626-8b3b-a4e8db5415c3",11824312500
"Tetragnatha quasimodo Gillespie, 1992","Tetragnatha","quasimodo",-155.30106,19.92114,"USA","Hawaii",NA,"5d283bb6-64dd-4626-8b3b-a4e8db5415c3",11824312500
"Tetragnatha hawaiensis Simon, 1900","Tetragnatha","hawaiensis",-155.26944,19.55969,"USA","Hawaii",NA,"5d283bb6-64dd-4626-8b3b-a4e8db5415c3",11824312500
"Tetragnatha hawaiensis Simon, 1900","Tetragnatha","hawaiensis",-155.26944,19.55969,"USA","Hawaii",NA,"5d283bb6-64dd-4626-8b3b-a4e8db5415c3",11824312500
"Tetragnatha hawaiensis Simon, 1900","Tetragnatha","hawaiensis",-155.26944,19.55969,"USA","Hawaii",NA,"5d283bb6-64dd-4626-8b3b-a4e8db5415c3",11824312500
"Tetragnatha quasimodo Gillespie, 1992","Tetragnatha","quasimodo",-155.30106,19.92114,"USA","Hawaii",NA,"5d283bb6-64dd-4626-8b3b-a4e8db5415c3",11824312500
"Tetragnatha perkinsi Simon, 1900","Tetragnatha","perkinsi",-155.26944,19.55969,"USA","Hawaii",NA,"5d283bb6-64dd-4626-8b3b-a4e8db5415c3",11824312500
"Tetragnatha quasimodo Gillespie, 1992","Tetragnatha","quasimodo",-155.30106,19.92114,"USA","Hawaii",NA,"5d283bb6-64dd-4626-8b3b-a4e8db5415c3",11824312500
"Tetragnatha anuenue Gillespie, 2002","Tetragnatha","anuenue",-155.30106,19.92114,"USA","Hawaii",NA,"5d283bb6-64dd-4626-8b3b-a4e8db5415c3",11824312500
"Tetragnatha quasimodo Gillespie, 1992","Tetragnatha","quasimodo",-155.30106,19.92114,"USA","Hawaii",NA,"5d283bb6-64dd-4626-8b3b-a4e8db5415c3",11824312500
"Tetragnatha quasimodo Gillespie, 1992","Tetragnatha","quasimodo",-155.30106,19.92114,"USA","Hawaii",NA,"5d283bb6-64dd-4626-8b3b-a4e8db5415c3",11824312500
"Tetragnatha hawaiensis Simon, 1900","Tetragnatha","hawaiensis",-155.26944,19.55969,"USA","Hawaii",NA,"5d283bb6-64dd-4626-8b3b-a4e8db5415c3",11824312500
"Tetragnatha quasimodo Gillespie, 1992","Tetragnatha","quasimodo",-155.30106,19.92114,"USA","Hawaii",NA,"5d283bb6-64dd-4626-8b3b-a4e8db5415c3",11824312500
"Tetragnatha anuenue Gillespie, 2002","Tetragnatha","anuenue",-155.26944,19.55969,"USA","Hawaii",NA,"5d283bb6-64dd-4626-8b3b-a4e8db5415c3",11824312500
"Tetragnatha quasimodo Gillespie, 1992","Tetragnatha","quasimodo",-155.30106,19.92114,"USA","Hawaii",NA,"5d283bb6-64dd-4626-8b3b-a4e8db5415c3",11824312500
"Tetragnatha quasimodo Gillespie, 1992","Tetragnatha","quasimodo",-155.26944,19.55969,"USA","Hawaii",NA,"5d283bb6-64dd-4626-8b3b-a4e8db5415c3",11824312500
"Tetragnatha hawaiensis Simon, 1900","Tetragnatha","hawaiensis",-155.26944,19.55969,"USA","Hawaii",NA,"5d283bb6-64dd-4626-8b3b-a4e8db5415c3",11824312500
"Tetragnatha hawaiensis Simon, 1900","Tetragnatha","hawaiensis",-155.26944,19.55969,"USA","Hawaii",NA,"5d283bb6-64dd-4626-8b3b-a4e8db5415c3",11824312500
"Tetragnatha hawaiensis Simon, 1900","Tetragnatha","hawaiensis",-155.26944,19.55969,"USA","Hawaii",NA,"5d283bb6-64dd-4626-8b3b-a4e8db5415c3",11824312500
"Tetragnatha hawaiensis Simon, 1900","Tetragnatha","hawaiensis",-155.26944,19.55969,"USA","Hawaii",NA,"5d283bb6-64dd-4626-8b3b-a4e8db5415c3",11824312500
"Tetragnatha quasimodo Gillespie, 1992","Tetragnatha","quasimodo",-155.30106,19.92114,"USA","Hawaii",NA,"5d283bb6-64dd-4626-8b3b-a4e8db5415c3",11824312500
"Tetragnatha hawaiensis Simon, 1900","Tetragnatha","hawaiensis",-155.26944,19.55969,"USA","Hawaii",NA,"5d283bb6-64dd-4626-8b3b-a4e8db5415c3",11824312500
"Tetragnatha hawaiensis Simon, 1900","Tetragnatha","hawaiensis",-155.26944,19.55969,"USA","Hawaii",NA,"5d283bb6-64dd-4626-8b3b-a4e8db5415c3",11824312500
"Tetragnatha hawaiensis Simon, 1900","Tetragnatha","hawaiensis",-155.26944,19.55969,"USA","Hawaii",NA,"5d283bb6-64dd-4626-8b3b-a4e8db5415c3",11824312500
"Tetragnatha hawaiensis Simon, 1900","Tetragnatha","hawaiensis",-155.26944,19.55969,"USA","Hawaii",NA,"5d283bb6-64dd-4626-8b3b-a4e8db5415c3",11824312500
"Tetragnatha quasimodo Gillespie, 1992","Tetragnatha","quasimodo",-155.26944,19.55969,"USA","Hawaii",NA,"5d283bb6-64dd-4626-8b3b-a4e8db5415c3",11824312500
"Tetragnatha quasimodo Gillespie, 1992","Tetragnatha","quasimodo",-155.26944,19.55969,"USA","Hawaii",NA,"5d283bb6-64dd-4626-8b3b-a4e8db5415c3",11824312500
"Tetragnatha quasimodo Gillespie, 1992","Tetragnatha","quasimodo",-155.30106,19.92114,"USA","Hawaii",NA,"5d283bb6-64dd-4626-8b3b-a4e8db5415c3",11824312500
"Tetragnatha hawaiensis Simon, 1900","Tetragnatha","hawaiensis",-155.26944,19.55969,"USA","Hawaii",NA,"5d283bb6-64dd-4626-8b3b-a4e8db5415c3",11824312500
"Tetragnatha hawaiensis Simon, 1900","Tetragnatha","hawaiensis",-155.26944,19.55969,"USA","Hawaii",NA,"5d283bb6-64dd-4626-8b3b-a4e8db5415c3",11824312500
"Tetragnatha quasimodo Gillespie, 1992","Tetragnatha","quasimodo",-155.30106,19.92114,"USA","Hawaii",NA,"5d283bb6-64dd-4626-8b3b-a4e8db5415c3",11824312500
"Tetragnatha quasimodo Gillespie, 1992","Tetragnatha","quasimodo",-155.30106,19.92114,"USA","Hawaii",NA,"5d283bb6-64dd-4626-8b3b-a4e8db5415c3",11824312500
"Tetragnatha hawaiensis Simon, 1900","Tetragnatha","hawaiensis",-155.26944,19.55969,"USA","Hawaii",NA,"5d283bb6-64dd-4626-8b3b-a4e8db5415c3",11824312500
"Tetragnatha hawaiensis Simon, 1900","Tetragnatha","hawaiensis",-155.26944,19.55969,"USA","Hawaii",NA,"5d283bb6-64dd-4626-8b3b-a4e8db5415c3",11824312500
"Tetragnatha hawaiensis Simon, 1900","Tetragnatha","hawaiensis",-155.26944,19.55969,"USA","Hawaii",NA,"5d283bb6-64dd-4626-8b3b-a4e8db5415c3",11824312500
"Tetragnatha quasimodo Gillespie, 1992","Tetragnatha","quasimodo",-155.30106,19.92114,"USA","Hawaii",NA,"5d283bb6-64dd-4626-8b3b-a4e8db5415c3",11824312500
"Tetragnatha quasimodo Gillespie, 1992","Tetragnatha","quasimodo",-156.22809,20.77926,"USA","Hawaii","Maui","5d283bb6-64dd-4626-8b3b-a4e8db5415c3",2165812500
"Tetragnatha quasimodo Gillespie, 1992","Tetragnatha","quasimodo",-155.30106,19.92114,"USA","Hawaii",NA,"5d283bb6-64dd-4626-8b3b-a4e8db5415c3",11824312500
"Tetragnatha hawaiensis Simon, 1900","Tetragnatha","hawaiensis",-155.26944,19.55969,"USA","Hawaii",NA,"5d283bb6-64dd-4626-8b3b-a4e8db5415c3",11824312500
"Tetragnatha quasimodo Gillespie, 1992","Tetragnatha","quasimodo",-156.22838,20.77871,"USA","Hawaii","Maui","5d283bb6-64dd-4626-8b3b-a4e8db5415c3",2165812500
"Tetragnatha quasimodo Gillespie, 1992","Tetragnatha","quasimodo",-155.30106,19.92114,"USA","Hawaii",NA,"5d283bb6-64dd-4626-8b3b-a4e8db5415c3",11824312500
"Tetragnatha hawaiensis Simon, 1900","Tetragnatha","hawaiensis",-155.26944,19.55969,"USA","Hawaii",NA,"5d283bb6-64dd-4626-8b3b-a4e8db5415c3",11824312500
"Tetragnatha quasimodo Gillespie, 1992","Tetragnatha","quasimodo",-155.30106,19.92114,"USA","Hawaii",NA,"5d283bb6-64dd-4626-8b3b-a4e8db5415c3",11824312500
"Tetragnatha quasimodo Gillespie, 1992","Tetragnatha","quasimodo",-155.30106,19.92114,"USA","Hawaii",NA,"5d283bb6-64dd-4626-8b3b-a4e8db5415c3",11824312500
"Tetragnatha quasimodo Gillespie, 1992","Tetragnatha","quasimodo",-155.30106,19.92114,"USA","Hawaii",NA,"5d283bb6-64dd-4626-8b3b-a4e8db5415c3",11824312500
"Tetragnatha brevignatha Gillespie, 1992","Tetragnatha","brevignatha",-155.30106,19.92114,"USA","Hawaii",NA,"5d283bb6-64dd-4626-8b3b-a4e8db5415c3",11824312500
"Tetragnatha quasimodo Gillespie, 1992","Tetragnatha","quasimodo",-155.30106,19.92114,"USA","Hawaii",NA,"5d283bb6-64dd-4626-8b3b-a4e8db5415c3",11824312500
"Tetragnatha quasimodo Gillespie, 1992","Tetragnatha","quasimodo",-156.22817,20.7792,"USA","Hawaii","Maui","5d283bb6-64dd-4626-8b3b-a4e8db5415c3",2165812500
"Tetragnatha quasimodo Gillespie, 1992","Tetragnatha","quasimodo",-155.30106,19.92114,"USA","Hawaii",NA,"5d283bb6-64dd-4626-8b3b-a4e8db5415c3",11824312500
"Tetragnatha quasimodo Gillespie, 1992","Tetragnatha","quasimodo",-155.30106,19.92114,"USA","Hawaii",NA,"5d283bb6-64dd-4626-8b3b-a4e8db5415c3",11824312500
"Tetragnatha brevignatha Gillespie, 1992","Tetragnatha","brevignatha",-155.30106,19.92114,"USA","Hawaii",NA,"5d283bb6-64dd-4626-8b3b-a4e8db5415c3",11824312500
"Tetragnatha quasimodo Gillespie, 1992","Tetragnatha","quasimodo",-155.30106,19.92114,"USA","Hawaii",NA,"5d283bb6-64dd-4626-8b3b-a4e8db5415c3",11824312500
"Tetragnatha quasimodo Gillespie, 1992","Tetragnatha","quasimodo",-155.30106,19.92114,"USA","Hawaii",NA,"5d283bb6-64dd-4626-8b3b-a4e8db5415c3",11824312500
"Tetragnatha quasimodo Gillespie, 1992","Tetragnatha","quasimodo",-155.30106,19.92114,"USA","Hawaii",NA,"5d283bb6-64dd-4626-8b3b-a4e8db5415c3",11824312500
"Tetragnatha quasimodo Gillespie, 1992","Tetragnatha","quasimodo",-155.30106,19.92114,"USA","Hawaii",NA,"5d283bb6-64dd-4626-8b3b-a4e8db5415c3",11824312500
"Tetragnatha quasimodo Gillespie, 1992","Tetragnatha","quasimodo",-155.30106,19.92114,"USA","Hawaii",NA,"5d283bb6-64dd-4626-8b3b-a4e8db5415c3",11824312500
"Tetragnatha quasimodo Gillespie, 1992","Tetragnatha","quasimodo",-155.30106,19.92114,"USA","Hawaii",NA,"5d283bb6-64dd-4626-8b3b-a4e8db5415c3",11824312500
"Tetragnatha quasimodo Gillespie, 1992","Tetragnatha","quasimodo",-155.30106,19.92114,"USA","Hawaii",NA,"5d283bb6-64dd-4626-8b3b-a4e8db5415c3",11824312500
"Tetragnatha quasimodo Gillespie, 1992","Tetragnatha","quasimodo",-155.30106,19.92114,"USA","Hawaii",NA,"5d283bb6-64dd-4626-8b3b-a4e8db5415c3",11824312500
"Tetragnatha quasimodo Gillespie, 1992","Tetragnatha","quasimodo",-155.30106,19.92114,"USA","Hawaii",NA,"5d283bb6-64dd-4626-8b3b-a4e8db5415c3",11824312500
"Tetragnatha quasimodo Gillespie, 1992","Tetragnatha","quasimodo",-155.30106,19.92114,"USA","Hawaii",NA,"5d283bb6-64dd-4626-8b3b-a4e8db5415c3",11824312500
"Tetragnatha quasimodo Gillespie, 1992","Tetragnatha","quasimodo",-155.30106,19.92114,"USA","Hawaii",NA,"5d283bb6-64dd-4626-8b3b-a4e8db5415c3",11824312500
"Tetragnatha quasimodo Gillespie, 1992","Tetragnatha","quasimodo",-155.30106,19.92114,"USA","Hawaii",NA,"5d283bb6-64dd-4626-8b3b-a4e8db5415c3",11824312500
"Tetragnatha quasimodo Gillespie, 1992","Tetragnatha","quasimodo",-155.30106,19.92114,"USA","Hawaii",NA,"5d283bb6-64dd-4626-8b3b-a4e8db5415c3",11824312500
"Tetragnatha quasimodo Gillespie, 1992","Tetragnatha","quasimodo",-155.30106,19.92114,"USA","Hawaii",NA,"5d283bb6-64dd-4626-8b3b-a4e8db5415c3",11824312500
"Tetragnatha quasimodo Gillespie, 1992","Tetragnatha","quasimodo",-155.30106,19.92114,"USA","Hawaii",NA,"5d283bb6-64dd-4626-8b3b-a4e8db5415c3",11824312500
"Tetragnatha brevignatha Gillespie, 1992","Tetragnatha","brevignatha",-155.30106,19.92114,"USA","Hawaii",NA,"5d283bb6-64dd-4626-8b3b-a4e8db5415c3",11824312500
"Tetragnatha quasimodo Gillespie, 1992","Tetragnatha","quasimodo",-155.30106,19.92114,"USA","Hawaii",NA,"5d283bb6-64dd-4626-8b3b-a4e8db5415c3",11824312500
"Tetragnatha quasimodo Gillespie, 1992","Tetragnatha","quasimodo",-155.30106,19.92114,"USA","Hawaii",NA,"5d283bb6-64dd-4626-8b3b-a4e8db5415c3",11824312500
"Tetragnatha quasimodo Gillespie, 1992","Tetragnatha","quasimodo",-155.30106,19.92114,"USA","Hawaii",NA,"5d283bb6-64dd-4626-8b3b-a4e8db5415c3",11824312500
"Tetragnatha quasimodo Gillespie, 1992","Tetragnatha","quasimodo",-155.30106,19.92114,"USA","Hawaii",NA,"5d283bb6-64dd-4626-8b3b-a4e8db5415c3",11824312500
"Tetragnatha quasimodo Gillespie, 1992","Tetragnatha","quasimodo",-155.30106,19.92114,"USA","Hawaii",NA,"5d283bb6-64dd-4626-8b3b-a4e8db5415c3",11824312500
"Tetragnatha quasimodo Gillespie, 1992","Tetragnatha","quasimodo",-155.30106,19.92114,"USA","Hawaii",NA,"5d283bb6-64dd-4626-8b3b-a4e8db5415c3",11824312500
"Tetragnatha quasimodo Gillespie, 1992","Tetragnatha","quasimodo",-155.30106,19.92114,"USA","Hawaii",NA,"5d283bb6-64dd-4626-8b3b-a4e8db5415c3",11824312500
"Tetragnatha quasimodo Gillespie, 1992","Tetragnatha","quasimodo",-155.30106,19.92114,"USA","Hawaii",NA,"5d283bb6-64dd-4626-8b3b-a4e8db5415c3",11824312500
"Tetragnatha quasimodo Gillespie, 1992","Tetragnatha","quasimodo",-155.30106,19.92114,"USA","Hawaii",NA,"5d283bb6-64dd-4626-8b3b-a4e8db5415c3",11824312500
"Tetragnatha quasimodo Gillespie, 1992","Tetragnatha","quasimodo",-155.30106,19.92114,"USA","Hawaii",NA,"5d283bb6-64dd-4626-8b3b-a4e8db5415c3",11824312500
"Tetragnatha quasimodo Gillespie, 1992","Tetragnatha","quasimodo",-155.30106,19.92114,"USA","Hawaii",NA,"5d283bb6-64dd-4626-8b3b-a4e8db5415c3",11824312500
"Tetragnatha quasimodo Gillespie, 1992","Tetragnatha","quasimodo",-155.30106,19.92114,"USA","Hawaii",NA,"5d283bb6-64dd-4626-8b3b-a4e8db5415c3",11824312500
"Tetragnatha filiciphilia Gillespie, 1992","Tetragnatha","filiciphilia",-156.25455,20.80246,"USA","Hawaii","Maui","5d283bb6-64dd-4626-8b3b-a4e8db5415c3",2165812500
"Tetragnatha quasimodo Gillespie, 1992","Tetragnatha","quasimodo",-155.30106,19.92114,"USA","Hawaii",NA,"5d283bb6-64dd-4626-8b3b-a4e8db5415c3",11824312500
"Tetragnatha quasimodo Gillespie, 1992","Tetragnatha","quasimodo",-155.30106,19.92114,"USA","Hawaii",NA,"5d283bb6-64dd-4626-8b3b-a4e8db5415c3",11824312500
"Tetragnatha quasimodo Gillespie, 1992","Tetragnatha","quasimodo",-155.30106,19.92114,"USA","Hawaii",NA,"5d283bb6-64dd-4626-8b3b-a4e8db5415c3",11824312500
"Tetragnatha quasimodo Gillespie, 1992","Tetragnatha","quasimodo",-155.30106,19.92114,"USA","Hawaii",NA,"5d283bb6-64dd-4626-8b3b-a4e8db5415c3",11824312500
"Tetragnatha quasimodo Gillespie, 1992","Tetragnatha","quasimodo",-155.30106,19.92114,"USA","Hawaii",NA,"5d283bb6-64dd-4626-8b3b-a4e8db5415c3",11824312500
"Tetragnatha quasimodo Gillespie, 1992","Tetragnatha","quasimodo",-155.30106,19.92114,"USA","Hawaii",NA,"5d283bb6-64dd-4626-8b3b-a4e8db5415c3",11824312500
"Tetragnatha quasimodo Gillespie, 1992","Tetragnatha","quasimodo",-155.30106,19.92114,"USA","Hawaii",NA,"5d283bb6-64dd-4626-8b3b-a4e8db5415c3",11824312500
"Tetragnatha quasimodo Gillespie, 1992","Tetragnatha","quasimodo",-155.30106,19.92114,"USA","Hawaii",NA,"5d283bb6-64dd-4626-8b3b-a4e8db5415c3",11824312500
"Tetragnatha brevignatha Gillespie, 1992","Tetragnatha","brevignatha",-155.30106,19.92114,"USA","Hawaii",NA,"5d283bb6-64dd-4626-8b3b-a4e8db5415c3",11824312500
"Tetragnatha quasimodo Gillespie, 1992","Tetragnatha","quasimodo",-155.30106,19.92114,"USA","Hawaii",NA,"5d283bb6-64dd-4626-8b3b-a4e8db5415c3",11824312500
"Tetragnatha quasimodo Gillespie, 1992","Tetragnatha","quasimodo",-155.30106,19.92114,"USA","Hawaii",NA,"5d283bb6-64dd-4626-8b3b-a4e8db5415c3",11824312500
"Tetragnatha quasimodo Gillespie, 1992","Tetragnatha","quasimodo",-155.30106,19.92114,"USA","Hawaii",NA,"5d283bb6-64dd-4626-8b3b-a4e8db5415c3",11824312500
"Tetragnatha anuenue Gillespie, 2002","Tetragnatha","anuenue",-155.23093,19.56286,"USA","Hawaii",NA,"5d283bb6-64dd-4626-8b3b-a4e8db5415c3",11824312500
"Tetragnatha quasimodo Gillespie, 1992","Tetragnatha","quasimodo",-155.30106,19.92114,"USA","Hawaii",NA,"5d283bb6-64dd-4626-8b3b-a4e8db5415c3",11824312500
"Tetragnatha brevignatha Gillespie, 1992","Tetragnatha","brevignatha",-155.23093,19.56286,"USA","Hawaii",NA,"5d283bb6-64dd-4626-8b3b-a4e8db5415c3",11824312500
"Tetragnatha quasimodo Gillespie, 1992","Tetragnatha","quasimodo",-155.30106,19.92114,"USA","Hawaii",NA,"5d283bb6-64dd-4626-8b3b-a4e8db5415c3",11824312500
"Tetragnatha brevignatha Gillespie, 1992","Tetragnatha","brevignatha",-155.30106,19.92114,"USA","Hawaii",NA,"5d283bb6-64dd-4626-8b3b-a4e8db5415c3",11824312500
"Tetragnatha quasimodo Gillespie, 1992","Tetragnatha","quasimodo",-155.30106,19.92114,"USA","Hawaii",NA,"5d283bb6-64dd-4626-8b3b-a4e8db5415c3",11824312500
"Tetragnatha quasimodo Gillespie, 1992","Tetragnatha","quasimodo",-155.30106,19.92114,"USA","Hawaii",NA,"5d283bb6-64dd-4626-8b3b-a4e8db5415c3",11824312500
"Tetragnatha filiciphilia Gillespie, 1992","Tetragnatha","filiciphilia",-156.25455,20.80246,"USA","Hawaii","Maui","5d283bb6-64dd-4626-8b3b-a4e8db5415c3",2165812500
"Tetragnatha quasimodo Gillespie, 1992","Tetragnatha","quasimodo",-155.30106,19.92114,"USA","Hawaii",NA,"5d283bb6-64dd-4626-8b3b-a4e8db5415c3",11824312500
"Tetragnatha quasimodo Gillespie, 1992","Tetragnatha","quasimodo",-155.30106,19.92114,"USA","Hawaii",NA,"5d283bb6-64dd-4626-8b3b-a4e8db5415c3",11824312500
"Tetragnatha anuenue Gillespie, 2002","Tetragnatha","anuenue",-155.26944,19.55969,"USA","Hawaii",NA,"5d283bb6-64dd-4626-8b3b-a4e8db5415c3",11824312500
"Tetragnatha quasimodo Gillespie, 1992","Tetragnatha","quasimodo",-155.26944,19.55969,"USA","Hawaii",NA,"5d283bb6-64dd-4626-8b3b-a4e8db5415c3",11824312500
"Tetragnatha anuenue Gillespie, 2002","Tetragnatha","anuenue",-155.26944,19.55969,"USA","Hawaii",NA,"5d283bb6-64dd-4626-8b3b-a4e8db5415c3",11824312500
"Tetragnatha hawaiensis Simon, 1900","Tetragnatha","hawaiensis",-155.26944,19.55969,"USA","Hawaii",NA,"5d283bb6-64dd-4626-8b3b-a4e8db5415c3",11824312500
"Tetragnatha hawaiensis Simon, 1900","Tetragnatha","hawaiensis",-155.26944,19.55969,"USA","Hawaii",NA,"5d283bb6-64dd-4626-8b3b-a4e8db5415c3",11824312500
"Tetragnatha hawaiensis Simon, 1900","Tetragnatha","hawaiensis",-155.26944,19.55969,"USA","Hawaii",NA,"5d283bb6-64dd-4626-8b3b-a4e8db5415c3",11824312500
"Tetragnatha hawaiensis Simon, 1900","Tetragnatha","hawaiensis",-155.26944,19.55969,"USA","Hawaii",NA,"5d283bb6-64dd-4626-8b3b-a4e8db5415c3",11824312500
"Tetragnatha quasimodo Gillespie, 1992","Tetragnatha","quasimodo",-155.23093,19.56286,"USA","Hawaii",NA,"5d283bb6-64dd-4626-8b3b-a4e8db5415c3",11824312500
"Tetragnatha hawaiensis Simon, 1900","Tetragnatha","hawaiensis",-155.26944,19.55969,"USA","Hawaii",NA,"5d283bb6-64dd-4626-8b3b-a4e8db5415c3",11824312500
"Tetragnatha hawaiensis Simon, 1900","Tetragnatha","hawaiensis",-155.26944,19.55969,"USA","Hawaii",NA,"5d283bb6-64dd-4626-8b3b-a4e8db5415c3",11824312500
"Tetragnatha perkinsi Simon, 1900","Tetragnatha","perkinsi",-155.26944,19.55969,"USA","Hawaii",NA,"5d283bb6-64dd-4626-8b3b-a4e8db5415c3",11824312500
"Tetragnatha quasimodo Gillespie, 1992","Tetragnatha","quasimodo",-155.26944,19.55969,"USA","Hawaii",NA,"5d283bb6-64dd-4626-8b3b-a4e8db5415c3",11824312500
"Tetragnatha hawaiensis Simon, 1900","Tetragnatha","hawaiensis",-155.26944,19.55969,"USA","Hawaii",NA,"5d283bb6-64dd-4626-8b3b-a4e8db5415c3",11824312500
"Tetragnatha perkinsi Simon, 1900","Tetragnatha","perkinsi",-155.26944,19.55969,"USA","Hawaii",NA,"5d283bb6-64dd-4626-8b3b-a4e8db5415c3",11824312500
"Tetragnatha hawaiensis Simon, 1900","Tetragnatha","hawaiensis",-155.26944,19.55969,"USA","Hawaii",NA,"5d283bb6-64dd-4626-8b3b-a4e8db5415c3",11824312500
"Tetragnatha hawaiensis Simon, 1900","Tetragnatha","hawaiensis",-155.26944,19.55969,"USA","Hawaii",NA,"5d283bb6-64dd-4626-8b3b-a4e8db5415c3",11824312500
"Tetragnatha hawaiensis Simon, 1900","Tetragnatha","hawaiensis",-155.26944,19.55969,"USA","Hawaii",NA,"5d283bb6-64dd-4626-8b3b-a4e8db5415c3",11824312500
"Tetragnatha hawaiensis Simon, 1900","Tetragnatha","hawaiensis",-155.26944,19.55969,"USA","Hawaii",NA,"5d283bb6-64dd-4626-8b3b-a4e8db5415c3",11824312500
"Tetragnatha hawaiensis Simon, 1900","Tetragnatha","hawaiensis",-155.26944,19.55969,"USA","Hawaii",NA,"5d283bb6-64dd-4626-8b3b-a4e8db5415c3",11824312500
"Tetragnatha quasimodo Gillespie, 1992","Tetragnatha","quasimodo",-155.26944,19.55969,"USA","Hawaii",NA,"5d283bb6-64dd-4626-8b3b-a4e8db5415c3",11824312500
"Tetragnatha filiciphilia Gillespie, 1992","Tetragnatha","filiciphilia",-156.25448,20.80261,"USA","Hawaii","Maui","5d283bb6-64dd-4626-8b3b-a4e8db5415c3",2165812500
"Tetragnatha hawaiensis Simon, 1900","Tetragnatha","hawaiensis",-155.26944,19.55969,"USA","Hawaii",NA,"5d283bb6-64dd-4626-8b3b-a4e8db5415c3",11824312500
"Tetragnatha hawaiensis Simon, 1900","Tetragnatha","hawaiensis",-155.26944,19.55969,"USA","Hawaii",NA,"5d283bb6-64dd-4626-8b3b-a4e8db5415c3",11824312500
"Tetragnatha hawaiensis Simon, 1900","Tetragnatha","hawaiensis",-155.26944,19.55969,"USA","Hawaii",NA,"5d283bb6-64dd-4626-8b3b-a4e8db5415c3",11824312500
"Tetragnatha hawaiensis Simon, 1900","Tetragnatha","hawaiensis",-155.26944,19.55969,"USA","Hawaii",NA,"5d283bb6-64dd-4626-8b3b-a4e8db5415c3",11824312500
"Tetragnatha hawaiensis Simon, 1900","Tetragnatha","hawaiensis",-155.26944,19.55969,"USA","Hawaii",NA,"5d283bb6-64dd-4626-8b3b-a4e8db5415c3",11824312500
"Tetragnatha anuenue Gillespie, 2002","Tetragnatha","anuenue",-155.26944,19.55969,"USA","Hawaii",NA,"5d283bb6-64dd-4626-8b3b-a4e8db5415c3",11824312500
"Tetragnatha hawaiensis Simon, 1900","Tetragnatha","hawaiensis",-155.26944,19.55969,"USA","Hawaii",NA,"5d283bb6-64dd-4626-8b3b-a4e8db5415c3",11824312500
"Tetragnatha hawaiensis Simon, 1900","Tetragnatha","hawaiensis",-155.26944,19.55969,"USA","Hawaii",NA,"5d283bb6-64dd-4626-8b3b-a4e8db5415c3",11824312500
"Tetragnatha hawaiensis Simon, 1900","Tetragnatha","hawaiensis",-155.26944,19.55969,"USA","Hawaii",NA,"5d283bb6-64dd-4626-8b3b-a4e8db5415c3",11824312500
"Tetragnatha hawaiensis Simon, 1900","Tetragnatha","hawaiensis",-155.26944,19.55969,"USA","Hawaii",NA,"5d283bb6-64dd-4626-8b3b-a4e8db5415c3",11824312500
"Tetragnatha hawaiensis Simon, 1900","Tetragnatha","hawaiensis",-155.26944,19.55969,"USA","Hawaii",NA,"5d283bb6-64dd-4626-8b3b-a4e8db5415c3",11824312500
"Tetragnatha hawaiensis Simon, 1900","Tetragnatha","hawaiensis",-155.26944,19.55969,"USA","Hawaii",NA,"5d283bb6-64dd-4626-8b3b-a4e8db5415c3",11824312500
"Tetragnatha hawaiensis Simon, 1900","Tetragnatha","hawaiensis",-155.26944,19.55969,"USA","Hawaii",NA,"5d283bb6-64dd-4626-8b3b-a4e8db5415c3",11824312500
"Tetragnatha hawaiensis Simon, 1900","Tetragnatha","hawaiensis",-155.26944,19.55969,"USA","Hawaii",NA,"5d283bb6-64dd-4626-8b3b-a4e8db5415c3",11824312500
"Tetragnatha hawaiensis Simon, 1900","Tetragnatha","hawaiensis",-155.26944,19.55969,"USA","Hawaii",NA,"5d283bb6-64dd-4626-8b3b-a4e8db5415c3",11824312500
"Tetragnatha hawaiensis Simon, 1900","Tetragnatha","hawaiensis",-155.26944,19.55969,"USA","Hawaii",NA,"5d283bb6-64dd-4626-8b3b-a4e8db5415c3",11824312500
"Tetragnatha hawaiensis Simon, 1900","Tetragnatha","hawaiensis",-155.26944,19.55969,"USA","Hawaii",NA,"5d283bb6-64dd-4626-8b3b-a4e8db5415c3",11824312500
"Tetragnatha hawaiensis Simon, 1900","Tetragnatha","hawaiensis",-155.26944,19.55969,"USA","Hawaii",NA,"5d283bb6-64dd-4626-8b3b-a4e8db5415c3",11824312500
"Tetragnatha hawaiensis Simon, 1900","Tetragnatha","hawaiensis",-155.26944,19.55969,"USA","Hawaii",NA,"5d283bb6-64dd-4626-8b3b-a4e8db5415c3",11824312500
"Tetragnatha hawaiensis Simon, 1900","Tetragnatha","hawaiensis",-155.26944,19.55969,"USA","Hawaii",NA,"5d283bb6-64dd-4626-8b3b-a4e8db5415c3",11824312500
"Tetragnatha hawaiensis Simon, 1900","Tetragnatha","hawaiensis",-155.26944,19.55969,"USA","Hawaii",NA,"5d283bb6-64dd-4626-8b3b-a4e8db5415c3",11824312500
"Tetragnatha hawaiensis Simon, 1900","Tetragnatha","hawaiensis",-155.26944,19.55969,"USA","Hawaii",NA,"5d283bb6-64dd-4626-8b3b-a4e8db5415c3",11824312500
"Tetragnatha hawaiensis Simon, 1900","Tetragnatha","hawaiensis",-155.26944,19.55969,"USA","Hawaii",NA,"5d283bb6-64dd-4626-8b3b-a4e8db5415c3",11824312500
"Tetragnatha hawaiensis Simon, 1900","Tetragnatha","hawaiensis",-155.26944,19.55969,"USA","Hawaii",NA,"5d283bb6-64dd-4626-8b3b-a4e8db5415c3",11824312500
"Tetragnatha hawaiensis Simon, 1900","Tetragnatha","hawaiensis",-155.26944,19.55969,"USA","Hawaii",NA,"5d283bb6-64dd-4626-8b3b-a4e8db5415c3",11824312500
"Tetragnatha hawaiensis Simon, 1900","Tetragnatha","hawaiensis",-155.26944,19.55969,"USA","Hawaii",NA,"5d283bb6-64dd-4626-8b3b-a4e8db5415c3",11824312500
"Tetragnatha hawaiensis Simon, 1900","Tetragnatha","hawaiensis",-155.26944,19.55969,"USA","Hawaii",NA,"5d283bb6-64dd-4626-8b3b-a4e8db5415c3",11824312500
"Tetragnatha hawaiensis Simon, 1900","Tetragnatha","hawaiensis",-155.26944,19.55969,"USA","Hawaii",NA,"5d283bb6-64dd-4626-8b3b-a4e8db5415c3",11824312500
"Tetragnatha hawaiensis Simon, 1900","Tetragnatha","hawaiensis",-155.26944,19.55969,"USA","Hawaii",NA,"5d283bb6-64dd-4626-8b3b-a4e8db5415c3",11824312500
"Tetragnatha hawaiensis Simon, 1900","Tetragnatha","hawaiensis",-155.26944,19.55969,"USA","Hawaii",NA,"5d283bb6-64dd-4626-8b3b-a4e8db5415c3",11824312500
"Tetragnatha hawaiensis Simon, 1900","Tetragnatha","hawaiensis",-155.26944,19.55969,"USA","Hawaii",NA,"5d283bb6-64dd-4626-8b3b-a4e8db5415c3",11824312500
"Tetragnatha hawaiensis Simon, 1900","Tetragnatha","hawaiensis",-155.26944,19.55969,"USA","Hawaii",NA,"5d283bb6-64dd-4626-8b3b-a4e8db5415c3",11824312500
"Tetragnatha hawaiensis Simon, 1900","Tetragnatha","hawaiensis",-155.26944,19.55969,"USA","Hawaii",NA,"5d283bb6-64dd-4626-8b3b-a4e8db5415c3",11824312500
"Tetragnatha hawaiensis Simon, 1900","Tetragnatha","hawaiensis",-155.26944,19.55969,"USA","Hawaii",NA,"5d283bb6-64dd-4626-8b3b-a4e8db5415c3",11824312500
"Tetragnatha hawaiensis Simon, 1900","Tetragnatha","hawaiensis",-155.26944,19.55969,"USA","Hawaii",NA,"5d283bb6-64dd-4626-8b3b-a4e8db5415c3",11824312500
"Tetragnatha hawaiensis Simon, 1900","Tetragnatha","hawaiensis",-155.26944,19.55969,"USA","Hawaii",NA,"5d283bb6-64dd-4626-8b3b-a4e8db5415c3",11824312500
"Tetragnatha hawaiensis Simon, 1900","Tetragnatha","hawaiensis",-155.26944,19.55969,"USA","Hawaii",NA,"5d283bb6-64dd-4626-8b3b-a4e8db5415c3",11824312500
"Tetragnatha filiciphilia Gillespie, 1992","Tetragnatha","filiciphilia",-156.25448,20.80261,"USA","Hawaii","Maui","5d283bb6-64dd-4626-8b3b-a4e8db5415c3",2165812500
"Tetragnatha hawaiensis Simon, 1900","Tetragnatha","hawaiensis",-155.26944,19.55969,"USA","Hawaii",NA,"5d283bb6-64dd-4626-8b3b-a4e8db5415c3",11824312500
"Tetragnatha hawaiensis Simon, 1900","Tetragnatha","hawaiensis",-155.26944,19.55969,"USA","Hawaii",NA,"5d283bb6-64dd-4626-8b3b-a4e8db5415c3",11824312500
"Tetragnatha hawaiensis Simon, 1900","Tetragnatha","hawaiensis",-155.26944,19.55969,"USA","Hawaii",NA,"5d283bb6-64dd-4626-8b3b-a4e8db5415c3",11824312500
"Tetragnatha hawaiensis Simon, 1900","Tetragnatha","hawaiensis",-155.26944,19.55969,"USA","Hawaii",NA,"5d283bb6-64dd-4626-8b3b-a4e8db5415c3",11824312500
"Tetragnatha hawaiensis Simon, 1900","Tetragnatha","hawaiensis",-155.26944,19.55969,"USA","Hawaii",NA,"5d283bb6-64dd-4626-8b3b-a4e8db5415c3",11824312500
"Tetragnatha hawaiensis Simon, 1900","Tetragnatha","hawaiensis",-155.26944,19.55969,"USA","Hawaii",NA,"5d283bb6-64dd-4626-8b3b-a4e8db5415c3",11824312500
"Tetragnatha hawaiensis Simon, 1900","Tetragnatha","hawaiensis",-155.26944,19.55969,"USA","Hawaii",NA,"5d283bb6-64dd-4626-8b3b-a4e8db5415c3",11824312500
"Tetragnatha anuenue Gillespie, 2002","Tetragnatha","anuenue",-155.26944,19.55969,"USA","Hawaii",NA,"5d283bb6-64dd-4626-8b3b-a4e8db5415c3",11824312500
"Tetragnatha hawaiensis Simon, 1900","Tetragnatha","hawaiensis",-155.26944,19.55969,"USA","Hawaii",NA,"5d283bb6-64dd-4626-8b3b-a4e8db5415c3",11824312500
"Tetragnatha hawaiensis Simon, 1900","Tetragnatha","hawaiensis",-155.26944,19.55969,"USA","Hawaii",NA,"5d283bb6-64dd-4626-8b3b-a4e8db5415c3",11824312500
"Tetragnatha hawaiensis Simon, 1900","Tetragnatha","hawaiensis",-155.26944,19.55969,"USA","Hawaii",NA,"5d283bb6-64dd-4626-8b3b-a4e8db5415c3",11824312500
"Tetragnatha perkinsi Simon, 1900","Tetragnatha","perkinsi",-155.26944,19.55969,"USA","Hawaii",NA,"5d283bb6-64dd-4626-8b3b-a4e8db5415c3",11824312500
"Tetragnatha hawaiensis Simon, 1900","Tetragnatha","hawaiensis",-155.26944,19.55969,"USA","Hawaii",NA,"5d283bb6-64dd-4626-8b3b-a4e8db5415c3",11824312500
"Tetragnatha hawaiensis Simon, 1900","Tetragnatha","hawaiensis",-155.26944,19.55969,"USA","Hawaii",NA,"5d283bb6-64dd-4626-8b3b-a4e8db5415c3",11824312500
"Tetragnatha hawaiensis Simon, 1900","Tetragnatha","hawaiensis",-155.26944,19.55969,"USA","Hawaii",NA,"5d283bb6-64dd-4626-8b3b-a4e8db5415c3",11824312500
"Tetragnatha hawaiensis Simon, 1900","Tetragnatha","hawaiensis",-155.26944,19.55969,"USA","Hawaii",NA,"5d283bb6-64dd-4626-8b3b-a4e8db5415c3",11824312500
"Tetragnatha hawaiensis Simon, 1900","Tetragnatha","hawaiensis",-155.26944,19.55969,"USA","Hawaii",NA,"5d283bb6-64dd-4626-8b3b-a4e8db5415c3",11824312500
"Tetragnatha hawaiensis Simon, 1900","Tetragnatha","hawaiensis",-155.26944,19.55969,"USA","Hawaii",NA,"5d283bb6-64dd-4626-8b3b-a4e8db5415c3",11824312500
"Tetragnatha hawaiensis Simon, 1900","Tetragnatha","hawaiensis",-155.26944,19.55969,"USA","Hawaii",NA,"5d283bb6-64dd-4626-8b3b-a4e8db5415c3",11824312500
"Tetragnatha hawaiensis Simon, 1900","Tetragnatha","hawaiensis",-155.26944,19.55969,"USA","Hawaii",NA,"5d283bb6-64dd-4626-8b3b-a4e8db5415c3",11824312500
"Tetragnatha hawaiensis Simon, 1900","Tetragnatha","hawaiensis",-155.26944,19.55969,"USA","Hawaii",NA,"5d283bb6-64dd-4626-8b3b-a4e8db5415c3",11824312500
"Tetragnatha hawaiensis Simon, 1900","Tetragnatha","hawaiensis",-155.26944,19.55969,"USA","Hawaii",NA,"5d283bb6-64dd-4626-8b3b-a4e8db5415c3",11824312500
"Tetragnatha hawaiensis Simon, 1900","Tetragnatha","hawaiensis",-155.26944,19.55969,"USA","Hawaii",NA,"5d283bb6-64dd-4626-8b3b-a4e8db5415c3",11824312500
"Tetragnatha hawaiensis Simon, 1900","Tetragnatha","hawaiensis",-155.26944,19.55969,"USA","Hawaii",NA,"5d283bb6-64dd-4626-8b3b-a4e8db5415c3",11824312500
"Tetragnatha hawaiensis Simon, 1900","Tetragnatha","hawaiensis",-155.26944,19.55969,"USA","Hawaii",NA,"5d283bb6-64dd-4626-8b3b-a4e8db5415c3",11824312500
"Tetragnatha hawaiensis Simon, 1900","Tetragnatha","hawaiensis",-155.26944,19.55969,"USA","Hawaii",NA,"5d283bb6-64dd-4626-8b3b-a4e8db5415c3",11824312500
"Tetragnatha hawaiensis Simon, 1900","Tetragnatha","hawaiensis",-155.26944,19.55969,"USA","Hawaii",NA,"5d283bb6-64dd-4626-8b3b-a4e8db5415c3",11824312500
"Tetragnatha hawaiensis Simon, 1900","Tetragnatha","hawaiensis",-155.26944,19.55969,"USA","Hawaii",NA,"5d283bb6-64dd-4626-8b3b-a4e8db5415c3",11824312500
"Tetragnatha hawaiensis Simon, 1900","Tetragnatha","hawaiensis",-155.26944,19.55969,"USA","Hawaii",NA,"5d283bb6-64dd-4626-8b3b-a4e8db5415c3",11824312500
"Tetragnatha hawaiensis Simon, 1900","Tetragnatha","hawaiensis",-155.26944,19.55969,"USA","Hawaii",NA,"5d283bb6-64dd-4626-8b3b-a4e8db5415c3",11824312500
"Tetragnatha hawaiensis Simon, 1900","Tetragnatha","hawaiensis",-155.26944,19.55969,"USA","Hawaii",NA,"5d283bb6-64dd-4626-8b3b-a4e8db5415c3",11824312500
"Tetragnatha hawaiensis Simon, 1900","Tetragnatha","hawaiensis",-155.26944,19.55969,"USA","Hawaii",NA,"5d283bb6-64dd-4626-8b3b-a4e8db5415c3",11824312500
"Tetragnatha hawaiensis Simon, 1900","Tetragnatha","hawaiensis",-155.26944,19.55969,"USA","Hawaii",NA,"5d283bb6-64dd-4626-8b3b-a4e8db5415c3",11824312500
"Tetragnatha hawaiensis Simon, 1900","Tetragnatha","hawaiensis",-155.26944,19.55969,"USA","Hawaii",NA,"5d283bb6-64dd-4626-8b3b-a4e8db5415c3",11824312500
"Tetragnatha hawaiensis Simon, 1900","Tetragnatha","hawaiensis",-155.26944,19.55969,"USA","Hawaii",NA,"5d283bb6-64dd-4626-8b3b-a4e8db5415c3",11824312500
"Tetragnatha hawaiensis Simon, 1900","Tetragnatha","hawaiensis",-155.26944,19.55969,"USA","Hawaii",NA,"5d283bb6-64dd-4626-8b3b-a4e8db5415c3",11824312500
"Tetragnatha hawaiensis Simon, 1900","Tetragnatha","hawaiensis",-155.26944,19.55969,"USA","Hawaii",NA,"5d283bb6-64dd-4626-8b3b-a4e8db5415c3",11824312500
"Tetragnatha hawaiensis Simon, 1900","Tetragnatha","hawaiensis",-155.26944,19.55969,"USA","Hawaii",NA,"5d283bb6-64dd-4626-8b3b-a4e8db5415c3",11824312500
"Tetragnatha hawaiensis Simon, 1900","Tetragnatha","hawaiensis",-155.26944,19.55969,"USA","Hawaii",NA,"5d283bb6-64dd-4626-8b3b-a4e8db5415c3",11824312500
"Tetragnatha anuenue Gillespie, 2002","Tetragnatha","anuenue",-155.26944,19.55969,"USA","Hawaii",NA,"5d283bb6-64dd-4626-8b3b-a4e8db5415c3",11824312500
"Tetragnatha hawaiensis Simon, 1900","Tetragnatha","hawaiensis",-155.26944,19.55969,"USA","Hawaii",NA,"5d283bb6-64dd-4626-8b3b-a4e8db5415c3",11824312500
"Tetragnatha hawaiensis Simon, 1900","Tetragnatha","hawaiensis",-155.26944,19.55969,"USA","Hawaii",NA,"5d283bb6-64dd-4626-8b3b-a4e8db5415c3",11824312500
"Tetragnatha hawaiensis Simon, 1900","Tetragnatha","hawaiensis",-155.26944,19.55969,"USA","Hawaii",NA,"5d283bb6-64dd-4626-8b3b-a4e8db5415c3",11824312500
"Tetragnatha hawaiensis Simon, 1900","Tetragnatha","hawaiensis",-155.26944,19.55969,"USA","Hawaii",NA,"5d283bb6-64dd-4626-8b3b-a4e8db5415c3",11824312500
"Tetragnatha filiciphilia Gillespie, 1992","Tetragnatha","filiciphilia",-156.25441,20.80106,"USA","Hawaii","Maui","5d283bb6-64dd-4626-8b3b-a4e8db5415c3",2165812500
"Tetragnatha hawaiensis Simon, 1900","Tetragnatha","hawaiensis",-155.26944,19.55969,"USA","Hawaii",NA,"5d283bb6-64dd-4626-8b3b-a4e8db5415c3",11824312500
"Tetragnatha hawaiensis Simon, 1900","Tetragnatha","hawaiensis",-155.26944,19.55969,"USA","Hawaii",NA,"5d283bb6-64dd-4626-8b3b-a4e8db5415c3",11824312500
"Tetragnatha hawaiensis Simon, 1900","Tetragnatha","hawaiensis",-155.26944,19.55969,"USA","Hawaii",NA,"5d283bb6-64dd-4626-8b3b-a4e8db5415c3",11824312500
"Tetragnatha hawaiensis Simon, 1900","Tetragnatha","hawaiensis",-155.26944,19.55969,"USA","Hawaii",NA,"5d283bb6-64dd-4626-8b3b-a4e8db5415c3",11824312500
"Tetragnatha hawaiensis Simon, 1900","Tetragnatha","hawaiensis",-155.26944,19.55969,"USA","Hawaii",NA,"5d283bb6-64dd-4626-8b3b-a4e8db5415c3",11824312500
"Tetragnatha hawaiensis Simon, 1900","Tetragnatha","hawaiensis",-155.26944,19.55969,"USA","Hawaii",NA,"5d283bb6-64dd-4626-8b3b-a4e8db5415c3",11824312500
"Tetragnatha hawaiensis Simon, 1900","Tetragnatha","hawaiensis",-155.26944,19.55969,"USA","Hawaii",NA,"5d283bb6-64dd-4626-8b3b-a4e8db5415c3",11824312500
"Tetragnatha hawaiensis Simon, 1900","Tetragnatha","hawaiensis",-155.26944,19.55969,"USA","Hawaii",NA,"5d283bb6-64dd-4626-8b3b-a4e8db5415c3",11824312500
"Tetragnatha filiciphilia Gillespie, 1992","Tetragnatha","filiciphilia",-156.25448,20.80261,"USA","Hawaii","Maui","5d283bb6-64dd-4626-8b3b-a4e8db5415c3",2165812500
"Tetragnatha hawaiensis Simon, 1900","Tetragnatha","hawaiensis",-155.26944,19.55969,"USA","Hawaii",NA,"5d283bb6-64dd-4626-8b3b-a4e8db5415c3",11824312500
"Tetragnatha hawaiensis Simon, 1900","Tetragnatha","hawaiensis",-155.26944,19.55969,"USA","Hawaii",NA,"5d283bb6-64dd-4626-8b3b-a4e8db5415c3",11824312500
"Tetragnatha trituberculata Gillespie, 1992","Tetragnatha","trituberculata",-156.22706,20.78079,"USA","Hawaii","Maui","5d283bb6-64dd-4626-8b3b-a4e8db5415c3",2165812500
"Tetragnatha hawaiensis Simon, 1900","Tetragnatha","hawaiensis",-155.26944,19.55969,"USA","Hawaii",NA,"5d283bb6-64dd-4626-8b3b-a4e8db5415c3",11824312500
"Tetragnatha brevignatha Gillespie, 1992","Tetragnatha","brevignatha",-155.26944,19.55969,"USA","Hawaii",NA,"5d283bb6-64dd-4626-8b3b-a4e8db5415c3",11824312500
"Tetragnatha hawaiensis Simon, 1900","Tetragnatha","hawaiensis",-155.26944,19.55969,"USA","Hawaii",NA,"5d283bb6-64dd-4626-8b3b-a4e8db5415c3",11824312500
"Tetragnatha hawaiensis Simon, 1900","Tetragnatha","hawaiensis",-155.26944,19.55969,"USA","Hawaii",NA,"5d283bb6-64dd-4626-8b3b-a4e8db5415c3",11824312500
"Tetragnatha hawaiensis Simon, 1900","Tetragnatha","hawaiensis",-155.23093,19.56286,"USA","Hawaii",NA,"5d283bb6-64dd-4626-8b3b-a4e8db5415c3",11824312500
"Tetragnatha quasimodo Gillespie, 1992","Tetragnatha","quasimodo",-155.26944,19.55969,"USA","Hawaii",NA,"5d283bb6-64dd-4626-8b3b-a4e8db5415c3",11824312500
"Tetragnatha hawaiensis Simon, 1900","Tetragnatha","hawaiensis",-155.26944,19.55969,"USA","Hawaii",NA,"5d283bb6-64dd-4626-8b3b-a4e8db5415c3",11824312500
"Tetragnatha hawaiensis Simon, 1900","Tetragnatha","hawaiensis",-155.26944,19.55969,"USA","Hawaii",NA,"5d283bb6-64dd-4626-8b3b-a4e8db5415c3",11824312500
"Tetragnatha brevignatha Gillespie, 1992","Tetragnatha","brevignatha",-155.26944,19.55969,"USA","Hawaii",NA,"5d283bb6-64dd-4626-8b3b-a4e8db5415c3",11824312500
"Tetragnatha hawaiensis Simon, 1900","Tetragnatha","hawaiensis",-155.26944,19.55969,"USA","Hawaii",NA,"5d283bb6-64dd-4626-8b3b-a4e8db5415c3",11824312500
"Tetragnatha hawaiensis Simon, 1900","Tetragnatha","hawaiensis",-155.26944,19.55969,"USA","Hawaii",NA,"5d283bb6-64dd-4626-8b3b-a4e8db5415c3",11824312500
"Tetragnatha stelarobusta Gillespie, 1992","Tetragnatha","stelarobusta",-156.22699,20.78068,"USA","Hawaii","Maui","5d283bb6-64dd-4626-8b3b-a4e8db5415c3",2165812500
"Tetragnatha hawaiensis Simon, 1900","Tetragnatha","hawaiensis",-155.26944,19.55969,"USA","Hawaii",NA,"5d283bb6-64dd-4626-8b3b-a4e8db5415c3",11824312500
"Tetragnatha anuenue Gillespie, 2002","Tetragnatha","anuenue",-155.23093,19.56286,"USA","Hawaii",NA,"5d283bb6-64dd-4626-8b3b-a4e8db5415c3",11824312500
"Tetragnatha perkinsi Simon, 1900","Tetragnatha","perkinsi",-155.23093,19.56286,"USA","Hawaii",NA,"5d283bb6-64dd-4626-8b3b-a4e8db5415c3",11824312500
"Tetragnatha hawaiensis Simon, 1900","Tetragnatha","hawaiensis",-155.23093,19.56286,"USA","Hawaii",NA,"5d283bb6-64dd-4626-8b3b-a4e8db5415c3",11824312500
"Tetragnatha quasimodo Gillespie, 1992","Tetragnatha","quasimodo",-155.294,19.92714,"USA","Hawaii",NA,"5d283bb6-64dd-4626-8b3b-a4e8db5415c3",11824312500
"Tetragnatha quasimodo Gillespie, 1992","Tetragnatha","quasimodo",-155.30106,19.92114,"USA","Hawaii",NA,"5d283bb6-64dd-4626-8b3b-a4e8db5415c3",11824312500
"Tetragnatha hawaiensis Simon, 1900","Tetragnatha","hawaiensis",-155.23093,19.56286,"USA","Hawaii",NA,"5d283bb6-64dd-4626-8b3b-a4e8db5415c3",11824312500
"Tetragnatha hawaiensis Simon, 1900","Tetragnatha","hawaiensis",-155.26944,19.55969,"USA","Hawaii",NA,"5d283bb6-64dd-4626-8b3b-a4e8db5415c3",11824312500
"Tetragnatha quasimodo Gillespie, 1992","Tetragnatha","quasimodo",-155.28562,19.94168,"USA","Hawaii",NA,"5d283bb6-64dd-4626-8b3b-a4e8db5415c3",11824312500
"Tetragnatha hawaiensis Simon, 1900","Tetragnatha","hawaiensis",-155.26944,19.55969,"USA","Hawaii",NA,"5d283bb6-64dd-4626-8b3b-a4e8db5415c3",11824312500
"Tetragnatha hawaiensis Simon, 1900","Tetragnatha","hawaiensis",-155.23093,19.56286,"USA","Hawaii",NA,"5d283bb6-64dd-4626-8b3b-a4e8db5415c3",11824312500
"Tetragnatha quasimodo Gillespie, 1992","Tetragnatha","quasimodo",-155.30106,19.92114,"USA","Hawaii",NA,"5d283bb6-64dd-4626-8b3b-a4e8db5415c3",11824312500
"Tetragnatha perkinsi Simon, 1900","Tetragnatha","perkinsi",-155.23093,19.56286,"USA","Hawaii",NA,"5d283bb6-64dd-4626-8b3b-a4e8db5415c3",11824312500
"Tetragnatha quasimodo Gillespie, 1992","Tetragnatha","quasimodo",-155.30106,19.92114,"USA","Hawaii",NA,"5d283bb6-64dd-4626-8b3b-a4e8db5415c3",11824312500
"Tetragnatha quasimodo Gillespie, 1992","Tetragnatha","quasimodo",-155.294,19.92714,"USA","Hawaii",NA,"5d283bb6-64dd-4626-8b3b-a4e8db5415c3",11824312500
"Tetragnatha quasimodo Gillespie, 1992","Tetragnatha","quasimodo",-155.294,19.92714,"USA","Hawaii",NA,"5d283bb6-64dd-4626-8b3b-a4e8db5415c3",11824312500
"Tetragnatha acuta Gillespie, 1992","Tetragnatha","acuta",-156.22701,20.78073,"USA","Hawaii","Maui","5d283bb6-64dd-4626-8b3b-a4e8db5415c3",2165812500
"Tetragnatha hawaiensis Simon, 1900","Tetragnatha","hawaiensis",-155.26944,19.55969,"USA","Hawaii",NA,"5d283bb6-64dd-4626-8b3b-a4e8db5415c3",11824312500
"Tetragnatha quasimodo Gillespie, 1992","Tetragnatha","quasimodo",-155.28562,19.94168,"USA","Hawaii",NA,"5d283bb6-64dd-4626-8b3b-a4e8db5415c3",11824312500
"Tetragnatha stelarobusta Gillespie, 1992","Tetragnatha","stelarobusta",-156.2271,20.78069,"USA","Hawaii","Maui","5d283bb6-64dd-4626-8b3b-a4e8db5415c3",2165812500
"Tetragnatha quasimodo Gillespie, 1992","Tetragnatha","quasimodo",-155.294,19.92714,"USA","Hawaii",NA,"5d283bb6-64dd-4626-8b3b-a4e8db5415c3",11824312500
"Tetragnatha hawaiensis Simon, 1900","Tetragnatha","hawaiensis",-155.23093,19.56286,"USA","Hawaii",NA,"5d283bb6-64dd-4626-8b3b-a4e8db5415c3",11824312500
"Tetragnatha quasimodo Gillespie, 1992","Tetragnatha","quasimodo",-155.294,19.92714,"USA","Hawaii",NA,"5d283bb6-64dd-4626-8b3b-a4e8db5415c3",11824312500
"Tetragnatha stelarobusta Gillespie, 1992","Tetragnatha","stelarobusta",-156.22699,20.78068,"USA","Hawaii","Maui","5d283bb6-64dd-4626-8b3b-a4e8db5415c3",2165812500
"Tetragnatha quasimodo Gillespie, 1992","Tetragnatha","quasimodo",-155.28562,19.94168,"USA","Hawaii",NA,"5d283bb6-64dd-4626-8b3b-a4e8db5415c3",11824312500
"Tetragnatha quasimodo Gillespie, 1992","Tetragnatha","quasimodo",-155.30106,19.92114,"USA","Hawaii",NA,"5d283bb6-64dd-4626-8b3b-a4e8db5415c3",11824312500
"Tetragnatha filiciphilia Gillespie, 1992","Tetragnatha","filiciphilia",-156.25448,20.80261,"USA","Hawaii","Maui","5d283bb6-64dd-4626-8b3b-a4e8db5415c3",2165812500
"Tetragnatha quasimodo Gillespie, 1992","Tetragnatha","quasimodo",-155.27751,19.95667,"USA","Hawaii",NA,"5d283bb6-64dd-4626-8b3b-a4e8db5415c3",11824312500
"Tetragnatha eurychasma Gillespie, 1992","Tetragnatha","eurychasma",-156.22701,20.78073,"USA","Hawaii","Maui","5d283bb6-64dd-4626-8b3b-a4e8db5415c3",2165812500
"Tetragnatha quasimodo Gillespie, 1992","Tetragnatha","quasimodo",-155.294,19.92714,"USA","Hawaii",NA,"5d283bb6-64dd-4626-8b3b-a4e8db5415c3",11824312500
"Tetragnatha hawaiensis Simon, 1900","Tetragnatha","hawaiensis",-155.26944,19.55969,"USA","Hawaii",NA,"5d283bb6-64dd-4626-8b3b-a4e8db5415c3",11824312500
"Tetragnatha quasimodo Gillespie, 1992","Tetragnatha","quasimodo",-155.30106,19.92114,"USA","Hawaii",NA,"5d283bb6-64dd-4626-8b3b-a4e8db5415c3",11824312500
"Tetragnatha quasimodo Gillespie, 1992","Tetragnatha","quasimodo",-155.294,19.92714,"USA","Hawaii",NA,"5d283bb6-64dd-4626-8b3b-a4e8db5415c3",11824312500
"Tetragnatha quasimodo Gillespie, 1992","Tetragnatha","quasimodo",-155.30106,19.92114,"USA","Hawaii",NA,"5d283bb6-64dd-4626-8b3b-a4e8db5415c3",11824312500
"Tetragnatha eurychasma Gillespie, 1992","Tetragnatha","eurychasma",-156.22706,20.78058,"USA","Hawaii","Maui","5d283bb6-64dd-4626-8b3b-a4e8db5415c3",2165812500
"Tetragnatha quasimodo Gillespie, 1992","Tetragnatha","quasimodo",-155.28562,19.94168,"USA","Hawaii",NA,"5d283bb6-64dd-4626-8b3b-a4e8db5415c3",11824312500
"Tetragnatha quasimodo Gillespie, 1992","Tetragnatha","quasimodo",-155.30106,19.92114,"USA","Hawaii",NA,"5d283bb6-64dd-4626-8b3b-a4e8db5415c3",11824312500
"Tetragnatha quasimodo Gillespie, 1992","Tetragnatha","quasimodo",-155.294,19.92714,"USA","Hawaii",NA,"5d283bb6-64dd-4626-8b3b-a4e8db5415c3",11824312500
"Tetragnatha quasimodo Gillespie, 1992","Tetragnatha","quasimodo",-155.30106,19.92114,"USA","Hawaii",NA,"5d283bb6-64dd-4626-8b3b-a4e8db5415c3",11824312500
"Tetragnatha quasimodo Gillespie, 1992","Tetragnatha","quasimodo",-155.28562,19.94168,"USA","Hawaii",NA,"5d283bb6-64dd-4626-8b3b-a4e8db5415c3",11824312500
"Tetragnatha anuenue Gillespie, 2002","Tetragnatha","anuenue",-155.23093,19.56286,"USA","Hawaii",NA,"5d283bb6-64dd-4626-8b3b-a4e8db5415c3",11824312500
"Tetragnatha eurychasma Gillespie, 1992","Tetragnatha","eurychasma",-156.22709,20.78062,"USA","Hawaii","Maui","5d283bb6-64dd-4626-8b3b-a4e8db5415c3",2165812500
"Tetragnatha quasimodo Gillespie, 1992","Tetragnatha","quasimodo",-155.294,19.92714,"USA","Hawaii",NA,"5d283bb6-64dd-4626-8b3b-a4e8db5415c3",11824312500
"Tetragnatha quasimodo Gillespie, 1992","Tetragnatha","quasimodo",-155.30106,19.92114,"USA","Hawaii",NA,"5d283bb6-64dd-4626-8b3b-a4e8db5415c3",11824312500
"Tetragnatha trituberculata Gillespie, 1992","Tetragnatha","trituberculata",-156.2271,20.78069,"USA","Hawaii","Maui","5d283bb6-64dd-4626-8b3b-a4e8db5415c3",2165812500
"Tetragnatha quasimodo Gillespie, 1992","Tetragnatha","quasimodo",-155.294,19.92714,"USA","Hawaii",NA,"5d283bb6-64dd-4626-8b3b-a4e8db5415c3",11824312500
"Tetragnatha quasimodo Gillespie, 1992","Tetragnatha","quasimodo",-155.28562,19.94168,"USA","Hawaii",NA,"5d283bb6-64dd-4626-8b3b-a4e8db5415c3",11824312500
"Tetragnatha anuenue Gillespie, 2002","Tetragnatha","anuenue",-155.23093,19.56286,"USA","Hawaii",NA,"5d283bb6-64dd-4626-8b3b-a4e8db5415c3",11824312500
"Tetragnatha quasimodo Gillespie, 1992","Tetragnatha","quasimodo",-155.294,19.92714,"USA","Hawaii",NA,"5d283bb6-64dd-4626-8b3b-a4e8db5415c3",11824312500
"Tetragnatha brevignatha Gillespie, 1992","Tetragnatha","brevignatha",-155.23093,19.56286,"USA","Hawaii",NA,"5d283bb6-64dd-4626-8b3b-a4e8db5415c3",11824312500
"Tetragnatha quasimodo Gillespie, 1992","Tetragnatha","quasimodo",-155.28562,19.94168,"USA","Hawaii",NA,"5d283bb6-64dd-4626-8b3b-a4e8db5415c3",11824312500
"Tetragnatha quasimodo Gillespie, 1992","Tetragnatha","quasimodo",-155.23093,19.56286,"USA","Hawaii",NA,"5d283bb6-64dd-4626-8b3b-a4e8db5415c3",11824312500
"Tetragnatha anuenue Gillespie, 2002","Tetragnatha","anuenue",-155.23093,19.56286,"USA","Hawaii",NA,"5d283bb6-64dd-4626-8b3b-a4e8db5415c3",11824312500
"Tetragnatha hawaiensis Simon, 1900","Tetragnatha","hawaiensis",-155.23093,19.56286,"USA","Hawaii",NA,"5d283bb6-64dd-4626-8b3b-a4e8db5415c3",11824312500
"Tetragnatha trituberculata Gillespie, 1992","Tetragnatha","trituberculata",-156.22714,20.78062,"USA","Hawaii","Maui","5d283bb6-64dd-4626-8b3b-a4e8db5415c3",2165812500
"Tetragnatha brevignatha Gillespie, 1992","Tetragnatha","brevignatha",-155.294,19.92714,"USA","Hawaii",NA,"5d283bb6-64dd-4626-8b3b-a4e8db5415c3",11824312500
"Tetragnatha quasimodo Gillespie, 1992","Tetragnatha","quasimodo",-155.30106,19.92114,"USA","Hawaii",NA,"5d283bb6-64dd-4626-8b3b-a4e8db5415c3",11824312500
"Tetragnatha hawaiensis Simon, 1900","Tetragnatha","hawaiensis",-155.27751,19.95667,"USA","Hawaii",NA,"5d283bb6-64dd-4626-8b3b-a4e8db5415c3",11824312500
"Tetragnatha quasimodo Gillespie, 1992","Tetragnatha","quasimodo",-155.28562,19.94168,"USA","Hawaii",NA,"5d283bb6-64dd-4626-8b3b-a4e8db5415c3",11824312500
"Tetragnatha quasimodo Gillespie, 1992","Tetragnatha","quasimodo",-155.28562,19.94168,"USA","Hawaii",NA,"5d283bb6-64dd-4626-8b3b-a4e8db5415c3",11824312500
"Tetragnatha hawaiensis Simon, 1900","Tetragnatha","hawaiensis",-155.294,19.92714,"USA","Hawaii",NA,"5d283bb6-64dd-4626-8b3b-a4e8db5415c3",11824312500
"Tetragnatha quasimodo Gillespie, 1992","Tetragnatha","quasimodo",-155.28562,19.94168,"USA","Hawaii",NA,"5d283bb6-64dd-4626-8b3b-a4e8db5415c3",11824312500
"Tetragnatha brevignatha Gillespie, 1992","Tetragnatha","brevignatha",-155.23093,19.56286,"USA","Hawaii",NA,"5d283bb6-64dd-4626-8b3b-a4e8db5415c3",11824312500
"Tetragnatha eurychasma Gillespie, 1992","Tetragnatha","eurychasma",-156.22709,20.78062,"USA","Hawaii","Maui","5d283bb6-64dd-4626-8b3b-a4e8db5415c3",2165812500
"Tetragnatha perkinsi Simon, 1900","Tetragnatha","perkinsi",-155.23093,19.56286,"USA","Hawaii",NA,"5d283bb6-64dd-4626-8b3b-a4e8db5415c3",11824312500
"Tetragnatha quasimodo Gillespie, 1992","Tetragnatha","quasimodo",-155.28562,19.94168,"USA","Hawaii",NA,"5d283bb6-64dd-4626-8b3b-a4e8db5415c3",11824312500
"Tetragnatha quasimodo Gillespie, 1992","Tetragnatha","quasimodo",-155.28562,19.94168,"USA","Hawaii",NA,"5d283bb6-64dd-4626-8b3b-a4e8db5415c3",11824312500
"Tetragnatha quasimodo Gillespie, 1992","Tetragnatha","quasimodo",-155.28562,19.94168,"USA","Hawaii",NA,"5d283bb6-64dd-4626-8b3b-a4e8db5415c3",11824312500
"Tetragnatha brevignatha Gillespie, 1992","Tetragnatha","brevignatha",-155.294,19.92714,"USA","Hawaii",NA,"5d283bb6-64dd-4626-8b3b-a4e8db5415c3",11824312500
"Tetragnatha stelarobusta Gillespie, 1992","Tetragnatha","stelarobusta",-156.2271,20.78069,"USA","Hawaii","Maui","5d283bb6-64dd-4626-8b3b-a4e8db5415c3",2165812500
"Tetragnatha quasimodo Gillespie, 1992","Tetragnatha","quasimodo",-155.28562,19.94168,"USA","Hawaii",NA,"5d283bb6-64dd-4626-8b3b-a4e8db5415c3",11824312500
"Tetragnatha hawaiensis Simon, 1900","Tetragnatha","hawaiensis",-155.27751,19.95667,"USA","Hawaii",NA,"5d283bb6-64dd-4626-8b3b-a4e8db5415c3",11824312500
"Tetragnatha filiciphilia Gillespie, 1992","Tetragnatha","filiciphilia",-156.25457,20.80263,"USA","Hawaii","Maui","5d283bb6-64dd-4626-8b3b-a4e8db5415c3",2165812500
"Tetragnatha stelarobusta Gillespie, 1992","Tetragnatha","stelarobusta",-156.22709,20.78061,"USA","Hawaii","Maui","5d283bb6-64dd-4626-8b3b-a4e8db5415c3",2165812500
"Tetragnatha quasimodo Gillespie, 1992","Tetragnatha","quasimodo",-155.27751,19.95667,"USA","Hawaii",NA,"5d283bb6-64dd-4626-8b3b-a4e8db5415c3",11824312500
"Tetragnatha quasimodo Gillespie, 1992","Tetragnatha","quasimodo",-155.27751,19.95667,"USA","Hawaii",NA,"5d283bb6-64dd-4626-8b3b-a4e8db5415c3",11824312500
"Tetragnatha perkinsi Simon, 1900","Tetragnatha","perkinsi",-155.23093,19.56286,"USA","Hawaii",NA,"5d283bb6-64dd-4626-8b3b-a4e8db5415c3",11824312500
"Tetragnatha quasimodo Gillespie, 1992","Tetragnatha","quasimodo",-155.28562,19.94168,"USA","Hawaii",NA,"5d283bb6-64dd-4626-8b3b-a4e8db5415c3",11824312500
"Tetragnatha anuenue Gillespie, 2002","Tetragnatha","anuenue",-155.23093,19.56286,"USA","Hawaii",NA,"5d283bb6-64dd-4626-8b3b-a4e8db5415c3",11824312500
"Tetragnatha stelarobusta Gillespie, 1992","Tetragnatha","stelarobusta",-156.25279,20.7987,"USA","Hawaii","Maui","5d283bb6-64dd-4626-8b3b-a4e8db5415c3",2165812500
"Tetragnatha quasimodo Gillespie, 1992","Tetragnatha","quasimodo",-155.28562,19.94168,"USA","Hawaii",NA,"5d283bb6-64dd-4626-8b3b-a4e8db5415c3",11824312500
"Tetragnatha anuenue Gillespie, 2002","Tetragnatha","anuenue",-155.30106,19.92114,"USA","Hawaii",NA,"5d283bb6-64dd-4626-8b3b-a4e8db5415c3",11824312500
"Tetragnatha stelarobusta Gillespie, 1992","Tetragnatha","stelarobusta",-156.25279,20.79864,"USA","Hawaii","Maui","5d283bb6-64dd-4626-8b3b-a4e8db5415c3",2165812500
"Tetragnatha quasimodo Gillespie, 1992","Tetragnatha","quasimodo",-155.294,19.92714,"USA","Hawaii",NA,"5d283bb6-64dd-4626-8b3b-a4e8db5415c3",11824312500
"Tetragnatha stelarobusta Gillespie, 1992","Tetragnatha","stelarobusta",-156.25282,20.79871,"USA","Hawaii","Maui","5d283bb6-64dd-4626-8b3b-a4e8db5415c3",2165812500
"Tetragnatha hawaiensis Simon, 1900","Tetragnatha","hawaiensis",-155.294,19.92714,"USA","Hawaii",NA,"5d283bb6-64dd-4626-8b3b-a4e8db5415c3",11824312500
"Tetragnatha quasimodo Gillespie, 1992","Tetragnatha","quasimodo",-155.30106,19.92114,"USA","Hawaii",NA,"5d283bb6-64dd-4626-8b3b-a4e8db5415c3",11824312500
"Tetragnatha quasimodo Gillespie, 1992","Tetragnatha","quasimodo",-155.27751,19.95667,"USA","Hawaii",NA,"5d283bb6-64dd-4626-8b3b-a4e8db5415c3",11824312500
"Tetragnatha stelarobusta Gillespie, 1992","Tetragnatha","stelarobusta",-156.22709,20.78061,"USA","Hawaii","Maui","5d283bb6-64dd-4626-8b3b-a4e8db5415c3",2165812500
"Tetragnatha perkinsi Simon, 1900","Tetragnatha","perkinsi",-155.23093,19.56286,"USA","Hawaii",NA,"5d283bb6-64dd-4626-8b3b-a4e8db5415c3",11824312500
"Tetragnatha filiciphilia Gillespie, 1992","Tetragnatha","filiciphilia",-156.25282,20.79871,"USA","Hawaii","Maui","5d283bb6-64dd-4626-8b3b-a4e8db5415c3",2165812500
"Tetragnatha brevignatha Gillespie, 1992","Tetragnatha","brevignatha",-155.23093,19.56286,"USA","Hawaii",NA,"5d283bb6-64dd-4626-8b3b-a4e8db5415c3",11824312500
"Tetragnatha perkinsi Simon, 1900","Tetragnatha","perkinsi",-155.23093,19.56286,"USA","Hawaii",NA,"5d283bb6-64dd-4626-8b3b-a4e8db5415c3",11824312500
"Tetragnatha filiciphilia Gillespie, 1992","Tetragnatha","filiciphilia",-156.25457,20.80263,"USA","Hawaii","Maui","5d283bb6-64dd-4626-8b3b-a4e8db5415c3",2165812500
"Tetragnatha perkinsi Simon, 1900","Tetragnatha","perkinsi",-155.23093,19.56286,"USA","Hawaii",NA,"5d283bb6-64dd-4626-8b3b-a4e8db5415c3",11824312500
"Tetragnatha brevignatha Gillespie, 1992","Tetragnatha","brevignatha",-155.30106,19.92114,"USA","Hawaii",NA,"5d283bb6-64dd-4626-8b3b-a4e8db5415c3",11824312500
"Tetragnatha hawaiensis Simon, 1900","Tetragnatha","hawaiensis",-155.23093,19.56286,"USA","Hawaii",NA,"5d283bb6-64dd-4626-8b3b-a4e8db5415c3",11824312500
"Tetragnatha brevignatha Gillespie, 1992","Tetragnatha","brevignatha",-155.23093,19.56286,"USA","Hawaii",NA,"5d283bb6-64dd-4626-8b3b-a4e8db5415c3",11824312500
"Tetragnatha quasimodo Gillespie, 1992","Tetragnatha","quasimodo",-155.30106,19.92114,"USA","Hawaii",NA,"5d283bb6-64dd-4626-8b3b-a4e8db5415c3",11824312500
"Tetragnatha stelarobusta Gillespie, 1992","Tetragnatha","stelarobusta",-156.22725,20.78061,"USA","Hawaii","Maui","5d283bb6-64dd-4626-8b3b-a4e8db5415c3",2165812500
"Tetragnatha anuenue Gillespie, 2002","Tetragnatha","anuenue",-155.23093,19.56286,"USA","Hawaii",NA,"5d283bb6-64dd-4626-8b3b-a4e8db5415c3",11824312500
"Tetragnatha perkinsi Simon, 1900","Tetragnatha","perkinsi",-155.23093,19.56286,"USA","Hawaii",NA,"5d283bb6-64dd-4626-8b3b-a4e8db5415c3",11824312500
"Tetragnatha stelarobusta Gillespie, 1992","Tetragnatha","stelarobusta",-156.22725,20.78061,"USA","Hawaii","Maui","5d283bb6-64dd-4626-8b3b-a4e8db5415c3",2165812500
"Tetragnatha perkinsi Simon, 1900","Tetragnatha","perkinsi",-155.23093,19.56286,"USA","Hawaii",NA,"5d283bb6-64dd-4626-8b3b-a4e8db5415c3",11824312500
"Tetragnatha stelarobusta Gillespie, 1992","Tetragnatha","stelarobusta",-156.25282,20.79871,"USA","Hawaii","Maui","5d283bb6-64dd-4626-8b3b-a4e8db5415c3",2165812500
"Tetragnatha brevignatha Gillespie, 1992","Tetragnatha","brevignatha",-155.23093,19.56286,"USA","Hawaii",NA,"5d283bb6-64dd-4626-8b3b-a4e8db5415c3",11824312500
"Tetragnatha anuenue Gillespie, 2002","Tetragnatha","anuenue",-155.23093,19.56286,"USA","Hawaii",NA,"5d283bb6-64dd-4626-8b3b-a4e8db5415c3",11824312500
"Tetragnatha filiciphilia Gillespie, 1992","Tetragnatha","filiciphilia",-156.25272,20.79869,"USA","Hawaii","Maui","5d283bb6-64dd-4626-8b3b-a4e8db5415c3",2165812500
"Tetragnatha perkinsi Simon, 1900","Tetragnatha","perkinsi",-155.26944,19.55969,"USA","Hawaii",NA,"5d283bb6-64dd-4626-8b3b-a4e8db5415c3",11824312500
"Tetragnatha filiciphilia Gillespie, 1992","Tetragnatha","filiciphilia",-156.25287,20.79872,"USA","Hawaii","Maui","5d283bb6-64dd-4626-8b3b-a4e8db5415c3",2165812500
"Tetragnatha perkinsi Simon, 1900","Tetragnatha","perkinsi",-155.26944,19.55969,"USA","Hawaii",NA,"5d283bb6-64dd-4626-8b3b-a4e8db5415c3",11824312500
"Tetragnatha brevignatha Gillespie, 1992","Tetragnatha","brevignatha",-155.26944,19.55969,"USA","Hawaii",NA,"5d283bb6-64dd-4626-8b3b-a4e8db5415c3",11824312500
"Tetragnatha brevignatha Gillespie, 1992","Tetragnatha","brevignatha",-155.23093,19.56286,"USA","Hawaii",NA,"5d283bb6-64dd-4626-8b3b-a4e8db5415c3",11824312500
"Tetragnatha brevignatha Gillespie, 1992","Tetragnatha","brevignatha",-155.23093,19.56286,"USA","Hawaii",NA,"5d283bb6-64dd-4626-8b3b-a4e8db5415c3",11824312500
"Tetragnatha perkinsi Simon, 1900","Tetragnatha","perkinsi",-155.26944,19.55969,"USA","Hawaii",NA,"5d283bb6-64dd-4626-8b3b-a4e8db5415c3",11824312500
"Tetragnatha hawaiensis Simon, 1900","Tetragnatha","hawaiensis",-155.23093,19.56286,"USA","Hawaii",NA,"5d283bb6-64dd-4626-8b3b-a4e8db5415c3",11824312500
"Tetragnatha quasimodo Gillespie, 1992","Tetragnatha","quasimodo",-155.26944,19.55969,"USA","Hawaii",NA,"5d283bb6-64dd-4626-8b3b-a4e8db5415c3",11824312500
"Tetragnatha hawaiensis Simon, 1900","Tetragnatha","hawaiensis",-155.26944,19.55969,"USA","Hawaii",NA,"5d283bb6-64dd-4626-8b3b-a4e8db5415c3",11824312500
"Tetragnatha filiciphilia Gillespie, 1992","Tetragnatha","filiciphilia",-156.25279,20.79864,"USA","Hawaii","Maui","5d283bb6-64dd-4626-8b3b-a4e8db5415c3",2165812500
"Tetragnatha quasimodo Gillespie, 1992","Tetragnatha","quasimodo",-155.23093,19.56286,"USA","Hawaii",NA,"5d283bb6-64dd-4626-8b3b-a4e8db5415c3",11824312500
"Tetragnatha hawaiensis Simon, 1900","Tetragnatha","hawaiensis",-155.26944,19.55969,"USA","Hawaii",NA,"5d283bb6-64dd-4626-8b3b-a4e8db5415c3",11824312500
"Tetragnatha brevignatha Gillespie, 1992","Tetragnatha","brevignatha",-155.23093,19.56286,"USA","Hawaii",NA,"5d283bb6-64dd-4626-8b3b-a4e8db5415c3",11824312500
"Tetragnatha quasimodo Gillespie, 1992","Tetragnatha","quasimodo",-155.26944,19.55969,"USA","Hawaii",NA,"5d283bb6-64dd-4626-8b3b-a4e8db5415c3",11824312500
"Tetragnatha filiciphilia Gillespie, 1992","Tetragnatha","filiciphilia",-156.25287,20.79872,"USA","Hawaii","Maui","5d283bb6-64dd-4626-8b3b-a4e8db5415c3",2165812500
"Tetragnatha quasimodo Gillespie, 1992","Tetragnatha","quasimodo",-155.26944,19.55969,"USA","Hawaii",NA,"5d283bb6-64dd-4626-8b3b-a4e8db5415c3",11824312500
"Tetragnatha hawaiensis Simon, 1900","Tetragnatha","hawaiensis",-155.23093,19.56286,"USA","Hawaii",NA,"5d283bb6-64dd-4626-8b3b-a4e8db5415c3",11824312500
"Tetragnatha perkinsi Simon, 1900","Tetragnatha","perkinsi",-155.23093,19.56286,"USA","Hawaii",NA,"5d283bb6-64dd-4626-8b3b-a4e8db5415c3",11824312500
"Tetragnatha quasimodo Gillespie, 1992","Tetragnatha","quasimodo",-155.26944,19.55969,"USA","Hawaii",NA,"5d283bb6-64dd-4626-8b3b-a4e8db5415c3",11824312500
"Tetragnatha brevignatha Gillespie, 1992","Tetragnatha","brevignatha",-155.23093,19.56286,"USA","Hawaii",NA,"5d283bb6-64dd-4626-8b3b-a4e8db5415c3",11824312500
"Tetragnatha quasimodo Gillespie, 1992","Tetragnatha","quasimodo",-155.26944,19.55969,"USA","Hawaii",NA,"5d283bb6-64dd-4626-8b3b-a4e8db5415c3",11824312500
"Tetragnatha anuenue Gillespie, 2002","Tetragnatha","anuenue",-155.23093,19.56286,"USA","Hawaii",NA,"5d283bb6-64dd-4626-8b3b-a4e8db5415c3",11824312500
"Tetragnatha filiciphilia Gillespie, 1992","Tetragnatha","filiciphilia",-156.25272,20.79869,"USA","Hawaii","Maui","5d283bb6-64dd-4626-8b3b-a4e8db5415c3",2165812500
"Tetragnatha perkinsi Simon, 1900","Tetragnatha","perkinsi",-155.26944,19.55969,"USA","Hawaii",NA,"5d283bb6-64dd-4626-8b3b-a4e8db5415c3",11824312500
"Tetragnatha perkinsi Simon, 1900","Tetragnatha","perkinsi",-155.26944,19.55969,"USA","Hawaii",NA,"5d283bb6-64dd-4626-8b3b-a4e8db5415c3",11824312500
"Tetragnatha perkinsi Simon, 1900","Tetragnatha","perkinsi",-155.26944,19.55969,"USA","Hawaii",NA,"5d283bb6-64dd-4626-8b3b-a4e8db5415c3",11824312500
"Tetragnatha filiciphilia Gillespie, 1992","Tetragnatha","filiciphilia",-156.25286,20.79881,"USA","Hawaii","Maui","5d283bb6-64dd-4626-8b3b-a4e8db5415c3",2165812500
"Tetragnatha stelarobusta Gillespie, 1992","Tetragnatha","stelarobusta",-156.25282,20.79871,"USA","Hawaii","Maui","5d283bb6-64dd-4626-8b3b-a4e8db5415c3",2165812500
"Tetragnatha filiciphilia Gillespie, 1992","Tetragnatha","filiciphilia",-156.25286,20.79881,"USA","Hawaii","Maui","5d283bb6-64dd-4626-8b3b-a4e8db5415c3",2165812500
"Tetragnatha brevignatha Gillespie, 1992","Tetragnatha","brevignatha",-155.23093,19.56286,"USA","Hawaii",NA,"5d283bb6-64dd-4626-8b3b-a4e8db5415c3",11824312500
"Tetragnatha hawaiensis Simon, 1900","Tetragnatha","hawaiensis",-155.23093,19.56286,"USA","Hawaii",NA,"5d283bb6-64dd-4626-8b3b-a4e8db5415c3",11824312500
"Tetragnatha brevignatha Gillespie, 1992","Tetragnatha","brevignatha",-155.23093,19.56286,"USA","Hawaii",NA,"5d283bb6-64dd-4626-8b3b-a4e8db5415c3",11824312500
"Tetragnatha brevignatha Gillespie, 1992","Tetragnatha","brevignatha",-155.26944,19.55969,"USA","Hawaii",NA,"5d283bb6-64dd-4626-8b3b-a4e8db5415c3",11824312500
"Tetragnatha hawaiensis Simon, 1900","Tetragnatha","hawaiensis",-155.26944,19.55969,"USA","Hawaii",NA,"5d283bb6-64dd-4626-8b3b-a4e8db5415c3",11824312500
"Tetragnatha perkinsi Simon, 1900","Tetragnatha","perkinsi",-155.26944,19.55969,"USA","Hawaii",NA,"5d283bb6-64dd-4626-8b3b-a4e8db5415c3",11824312500
"Tetragnatha quasimodo Gillespie, 1992","Tetragnatha","quasimodo",-155.26944,19.55969,"USA","Hawaii",NA,"5d283bb6-64dd-4626-8b3b-a4e8db5415c3",11824312500
"Tetragnatha anuenue Gillespie, 2002","Tetragnatha","anuenue",-155.26944,19.55969,"USA","Hawaii",NA,"5d283bb6-64dd-4626-8b3b-a4e8db5415c3",11824312500
"Tetragnatha anuenue Gillespie, 2002","Tetragnatha","anuenue",-155.26944,19.55969,"USA","Hawaii",NA,"5d283bb6-64dd-4626-8b3b-a4e8db5415c3",11824312500
"Tetragnatha acuta Gillespie, 1992","Tetragnatha","acuta",-156.25286,20.79881,"USA","Hawaii","Maui","5d283bb6-64dd-4626-8b3b-a4e8db5415c3",2165812500
"Tetragnatha hawaiensis Simon, 1900","Tetragnatha","hawaiensis",-155.23093,19.56286,"USA","Hawaii",NA,"5d283bb6-64dd-4626-8b3b-a4e8db5415c3",11824312500
"Tetragnatha quasimodo Gillespie, 1992","Tetragnatha","quasimodo",-155.26944,19.55969,"USA","Hawaii",NA,"5d283bb6-64dd-4626-8b3b-a4e8db5415c3",11824312500
"Tetragnatha hawaiensis Simon, 1900","Tetragnatha","hawaiensis",-155.26944,19.55969,"USA","Hawaii",NA,"5d283bb6-64dd-4626-8b3b-a4e8db5415c3",11824312500
"Tetragnatha hawaiensis Simon, 1900","Tetragnatha","hawaiensis",-155.26944,19.55969,"USA","Hawaii",NA,"5d283bb6-64dd-4626-8b3b-a4e8db5415c3",11824312500
"Tetragnatha quasimodo Gillespie, 1992","Tetragnatha","quasimodo",-155.23093,19.56286,"USA","Hawaii",NA,"5d283bb6-64dd-4626-8b3b-a4e8db5415c3",11824312500
"Tetragnatha quasimodo Gillespie, 1992","Tetragnatha","quasimodo",-155.26944,19.55969,"USA","Hawaii",NA,"5d283bb6-64dd-4626-8b3b-a4e8db5415c3",11824312500
"Tetragnatha perkinsi Simon, 1900","Tetragnatha","perkinsi",-155.26944,19.55969,"USA","Hawaii",NA,"5d283bb6-64dd-4626-8b3b-a4e8db5415c3",11824312500
"Tetragnatha brevignatha Gillespie, 1992","Tetragnatha","brevignatha",-155.26944,19.55969,"USA","Hawaii",NA,"5d283bb6-64dd-4626-8b3b-a4e8db5415c3",11824312500
"Tetragnatha perkinsi Simon, 1900","Tetragnatha","perkinsi",-155.26944,19.55969,"USA","Hawaii",NA,"5d283bb6-64dd-4626-8b3b-a4e8db5415c3",11824312500
"Tetragnatha quasimodo Gillespie, 1992","Tetragnatha","quasimodo",-155.26944,19.55969,"USA","Hawaii",NA,"5d283bb6-64dd-4626-8b3b-a4e8db5415c3",11824312500
"Tetragnatha anuenue Gillespie, 2002","Tetragnatha","anuenue",-155.26944,19.55969,"USA","Hawaii",NA,"5d283bb6-64dd-4626-8b3b-a4e8db5415c3",11824312500
"Tetragnatha filiciphilia Gillespie, 1992","Tetragnatha","filiciphilia",-156.25286,20.79881,"USA","Hawaii","Maui","5d283bb6-64dd-4626-8b3b-a4e8db5415c3",2165812500
"Tetragnatha perkinsi Simon, 1900","Tetragnatha","perkinsi",-155.26944,19.55969,"USA","Hawaii",NA,"5d283bb6-64dd-4626-8b3b-a4e8db5415c3",11824312500
"Tetragnatha quasimodo Gillespie, 1992","Tetragnatha","quasimodo",-155.23093,19.56286,"USA","Hawaii",NA,"5d283bb6-64dd-4626-8b3b-a4e8db5415c3",11824312500
"Tetragnatha anuenue Gillespie, 2002","Tetragnatha","anuenue",-155.26944,19.55969,"USA","Hawaii",NA,"5d283bb6-64dd-4626-8b3b-a4e8db5415c3",11824312500
"Tetragnatha hawaiensis Simon, 1900","Tetragnatha","hawaiensis",-155.26944,19.55969,"USA","Hawaii",NA,"5d283bb6-64dd-4626-8b3b-a4e8db5415c3",11824312500
"Tetragnatha quasimodo Gillespie, 1992","Tetragnatha","quasimodo",-155.26944,19.55969,"USA","Hawaii",NA,"5d283bb6-64dd-4626-8b3b-a4e8db5415c3",11824312500
"Tetragnatha filiciphilia Gillespie, 1992","Tetragnatha","filiciphilia",-156.25286,20.79881,"USA","Hawaii","Maui","5d283bb6-64dd-4626-8b3b-a4e8db5415c3",2165812500
"Tetragnatha brevignatha Gillespie, 1992","Tetragnatha","brevignatha",-155.26944,19.55969,"USA","Hawaii",NA,"5d283bb6-64dd-4626-8b3b-a4e8db5415c3",11824312500
"Tetragnatha filiciphilia Gillespie, 1992","Tetragnatha","filiciphilia",-156.25457,20.80263,"USA","Hawaii","Maui","5d283bb6-64dd-4626-8b3b-a4e8db5415c3",2165812500
"Tetragnatha filiciphilia Gillespie, 1992","Tetragnatha","filiciphilia",-156.25286,20.79881,"USA","Hawaii","Maui","5d283bb6-64dd-4626-8b3b-a4e8db5415c3",2165812500
"Tetragnatha anuenue Gillespie, 2002","Tetragnatha","anuenue",-155.26944,19.55969,"USA","Hawaii",NA,"5d283bb6-64dd-4626-8b3b-a4e8db5415c3",11824312500
"Tetragnatha quasimodo Gillespie, 1992","Tetragnatha","quasimodo",-155.26944,19.55969,"USA","Hawaii",NA,"5d283bb6-64dd-4626-8b3b-a4e8db5415c3",11824312500
"Tetragnatha hawaiensis Simon, 1900","Tetragnatha","hawaiensis",-155.26944,19.55969,"USA","Hawaii",NA,"5d283bb6-64dd-4626-8b3b-a4e8db5415c3",11824312500
"Tetragnatha brevignatha Gillespie, 1992","Tetragnatha","brevignatha",-155.26944,19.55969,"USA","Hawaii",NA,"5d283bb6-64dd-4626-8b3b-a4e8db5415c3",11824312500
"Tetragnatha hawaiensis Simon, 1900","Tetragnatha","hawaiensis",-155.26944,19.55969,"USA","Hawaii",NA,"5d283bb6-64dd-4626-8b3b-a4e8db5415c3",11824312500
"Tetragnatha acuta Gillespie, 1992","Tetragnatha","acuta",-156.23527,20.77286,"USA","Hawaii","Maui","5d283bb6-64dd-4626-8b3b-a4e8db5415c3",2165812500
"Tetragnatha quasimodo Gillespie, 1992","Tetragnatha","quasimodo",-155.26944,19.55969,"USA","Hawaii",NA,"5d283bb6-64dd-4626-8b3b-a4e8db5415c3",11824312500
"Tetragnatha hawaiensis Simon, 1900","Tetragnatha","hawaiensis",-155.26944,19.55969,"USA","Hawaii",NA,"5d283bb6-64dd-4626-8b3b-a4e8db5415c3",11824312500
"Tetragnatha perkinsi Simon, 1900","Tetragnatha","perkinsi",-155.23093,19.56286,"USA","Hawaii",NA,"5d283bb6-64dd-4626-8b3b-a4e8db5415c3",11824312500
"Tetragnatha perkinsi Simon, 1900","Tetragnatha","perkinsi",-155.26944,19.55969,"USA","Hawaii",NA,"5d283bb6-64dd-4626-8b3b-a4e8db5415c3",11824312500
"Tetragnatha brevignatha Gillespie, 1992","Tetragnatha","brevignatha",-155.26944,19.55969,"USA","Hawaii",NA,"5d283bb6-64dd-4626-8b3b-a4e8db5415c3",11824312500
"Tetragnatha filiciphilia Gillespie, 1992","Tetragnatha","filiciphilia",-156.25286,20.79881,"USA","Hawaii","Maui","5d283bb6-64dd-4626-8b3b-a4e8db5415c3",2165812500
"Tetragnatha hawaiensis Simon, 1900","Tetragnatha","hawaiensis",-155.26944,19.55969,"USA","Hawaii",NA,"5d283bb6-64dd-4626-8b3b-a4e8db5415c3",11824312500
"Tetragnatha acuta Gillespie, 1992","Tetragnatha","acuta",-156.23527,20.77286,"USA","Hawaii","Maui","5d283bb6-64dd-4626-8b3b-a4e8db5415c3",2165812500
"Tetragnatha quasimodo Gillespie, 1992","Tetragnatha","quasimodo",-155.26944,19.55969,"USA","Hawaii",NA,"5d283bb6-64dd-4626-8b3b-a4e8db5415c3",11824312500
"Tetragnatha anuenue Gillespie, 2002","Tetragnatha","anuenue",-155.26944,19.55969,"USA","Hawaii",NA,"5d283bb6-64dd-4626-8b3b-a4e8db5415c3",11824312500
"Tetragnatha brevignatha Gillespie, 1992","Tetragnatha","brevignatha",-155.26944,19.55969,"USA","Hawaii",NA,"5d283bb6-64dd-4626-8b3b-a4e8db5415c3",11824312500
"Tetragnatha anuenue Gillespie, 2002","Tetragnatha","anuenue",-155.26944,19.55969,"USA","Hawaii",NA,"5d283bb6-64dd-4626-8b3b-a4e8db5415c3",11824312500
"Tetragnatha anuenue Gillespie, 2002","Tetragnatha","anuenue",-155.26944,19.55969,"USA","Hawaii",NA,"5d283bb6-64dd-4626-8b3b-a4e8db5415c3",11824312500
"Tetragnatha perkinsi Simon, 1900","Tetragnatha","perkinsi",-155.26944,19.55969,"USA","Hawaii",NA,"5d283bb6-64dd-4626-8b3b-a4e8db5415c3",11824312500
"Tetragnatha hawaiensis Simon, 1900","Tetragnatha","hawaiensis",-155.26944,19.55969,"USA","Hawaii",NA,"5d283bb6-64dd-4626-8b3b-a4e8db5415c3",11824312500
"Tetragnatha hawaiensis Simon, 1900","Tetragnatha","hawaiensis",-155.26944,19.55969,"USA","Hawaii",NA,"5d283bb6-64dd-4626-8b3b-a4e8db5415c3",11824312500
"Tetragnatha brevignatha Gillespie, 1992","Tetragnatha","brevignatha",-155.26944,19.55969,"USA","Hawaii",NA,"5d283bb6-64dd-4626-8b3b-a4e8db5415c3",11824312500
"Tetragnatha quasimodo Gillespie, 1992","Tetragnatha","quasimodo",-155.26944,19.55969,"USA","Hawaii",NA,"5d283bb6-64dd-4626-8b3b-a4e8db5415c3",11824312500
"Tetragnatha perkinsi Simon, 1900","Tetragnatha","perkinsi",-155.26944,19.55969,"USA","Hawaii",NA,"5d283bb6-64dd-4626-8b3b-a4e8db5415c3",11824312500
"Tetragnatha hawaiensis Simon, 1900","Tetragnatha","hawaiensis",-155.26944,19.55969,"USA","Hawaii",NA,"5d283bb6-64dd-4626-8b3b-a4e8db5415c3",11824312500
"Tetragnatha hawaiensis Simon, 1900","Tetragnatha","hawaiensis",-155.26944,19.55969,"USA","Hawaii",NA,"5d283bb6-64dd-4626-8b3b-a4e8db5415c3",11824312500
"Tetragnatha hawaiensis Simon, 1900","Tetragnatha","hawaiensis",-155.26944,19.55969,"USA","Hawaii",NA,"5d283bb6-64dd-4626-8b3b-a4e8db5415c3",11824312500
"Tetragnatha brevignatha Gillespie, 1992","Tetragnatha","brevignatha",-155.26944,19.55969,"USA","Hawaii",NA,"5d283bb6-64dd-4626-8b3b-a4e8db5415c3",11824312500
"Tetragnatha hawaiensis Simon, 1900","Tetragnatha","hawaiensis",-155.26944,19.55969,"USA","Hawaii",NA,"5d283bb6-64dd-4626-8b3b-a4e8db5415c3",11824312500
"Tetragnatha anuenue Gillespie, 2002","Tetragnatha","anuenue",-155.26944,19.55969,"USA","Hawaii",NA,"5d283bb6-64dd-4626-8b3b-a4e8db5415c3",11824312500
"Tetragnatha acuta Gillespie, 1992","Tetragnatha","acuta",-156.2353,20.77286,"USA","Hawaii","Maui","5d283bb6-64dd-4626-8b3b-a4e8db5415c3",2165812500
"Tetragnatha anuenue Gillespie, 2002","Tetragnatha","anuenue",-155.23093,19.56286,"USA","Hawaii",NA,"5d283bb6-64dd-4626-8b3b-a4e8db5415c3",11824312500
"Tetragnatha acuta Gillespie, 1992","Tetragnatha","acuta",-156.22867,20.77844,"USA","Hawaii","Maui","5d283bb6-64dd-4626-8b3b-a4e8db5415c3",2165812500
"Tetragnatha quasimodo Gillespie, 1992","Tetragnatha","quasimodo",-155.26944,19.55969,"USA","Hawaii",NA,"5d283bb6-64dd-4626-8b3b-a4e8db5415c3",11824312500
"Tetragnatha perkinsi Simon, 1900","Tetragnatha","perkinsi",-155.26944,19.55969,"USA","Hawaii",NA,"5d283bb6-64dd-4626-8b3b-a4e8db5415c3",11824312500
"Tetragnatha hawaiensis Simon, 1900","Tetragnatha","hawaiensis",-155.26944,19.55969,"USA","Hawaii",NA,"5d283bb6-64dd-4626-8b3b-a4e8db5415c3",11824312500
"Tetragnatha perkinsi Simon, 1900","Tetragnatha","perkinsi",-155.26944,19.55969,"USA","Hawaii",NA,"5d283bb6-64dd-4626-8b3b-a4e8db5415c3",11824312500
"Tetragnatha brevignatha Gillespie, 1992","Tetragnatha","brevignatha",-155.26944,19.55969,"USA","Hawaii",NA,"5d283bb6-64dd-4626-8b3b-a4e8db5415c3",11824312500
"Tetragnatha acuta Gillespie, 1992","Tetragnatha","acuta",-156.23527,20.77286,"USA","Hawaii","Maui","5d283bb6-64dd-4626-8b3b-a4e8db5415c3",2165812500
"Tetragnatha acuta Gillespie, 1992","Tetragnatha","acuta",-156.22833,20.77846,"USA","Hawaii","Maui","5d283bb6-64dd-4626-8b3b-a4e8db5415c3",2165812500
"Tetragnatha hawaiensis Simon, 1900","Tetragnatha","hawaiensis",-155.26944,19.55969,"USA","Hawaii",NA,"5d283bb6-64dd-4626-8b3b-a4e8db5415c3",11824312500
"Tetragnatha quasimodo Gillespie, 1992","Tetragnatha","quasimodo",-155.30106,19.92114,"USA","Hawaii",NA,"5d283bb6-64dd-4626-8b3b-a4e8db5415c3",11824312500
"Tetragnatha acuta Gillespie, 1992","Tetragnatha","acuta",-156.23535,20.7729,"USA","Hawaii","Maui","5d283bb6-64dd-4626-8b3b-a4e8db5415c3",2165812500
"Tetragnatha brevignatha Gillespie, 1992","Tetragnatha","brevignatha",-155.30106,19.92114,"USA","Hawaii",NA,"5d283bb6-64dd-4626-8b3b-a4e8db5415c3",11824312500
"Tetragnatha anuenue Gillespie, 2002","Tetragnatha","anuenue",-155.30106,19.92114,"USA","Hawaii",NA,"5d283bb6-64dd-4626-8b3b-a4e8db5415c3",11824312500
"Tetragnatha quasimodo Gillespie, 1992","Tetragnatha","quasimodo",-155.26944,19.55969,"USA","Hawaii",NA,"5d283bb6-64dd-4626-8b3b-a4e8db5415c3",11824312500
"Tetragnatha acuta Gillespie, 1992","Tetragnatha","acuta",-156.22852,20.77839,"USA","Hawaii","Maui","5d283bb6-64dd-4626-8b3b-a4e8db5415c3",2165812500
"Tetragnatha quasimodo Gillespie, 1992","Tetragnatha","quasimodo",-155.30106,19.92114,"USA","Hawaii",NA,"5d283bb6-64dd-4626-8b3b-a4e8db5415c3",11824312500
"Tetragnatha perkinsi Simon, 1900","Tetragnatha","perkinsi",-155.26944,19.55969,"USA","Hawaii",NA,"5d283bb6-64dd-4626-8b3b-a4e8db5415c3",11824312500
"Tetragnatha acuta Gillespie, 1992","Tetragnatha","acuta",-156.22851,20.77831,"USA","Hawaii","Maui","5d283bb6-64dd-4626-8b3b-a4e8db5415c3",2165812500
"Tetragnatha quasimodo Gillespie, 1992","Tetragnatha","quasimodo",-155.30106,19.92114,"USA","Hawaii",NA,"5d283bb6-64dd-4626-8b3b-a4e8db5415c3",11824312500
"Tetragnatha quasimodo Gillespie, 1992","Tetragnatha","quasimodo",-155.30106,19.92114,"USA","Hawaii",NA,"5d283bb6-64dd-4626-8b3b-a4e8db5415c3",11824312500
"Tetragnatha anuenue Gillespie, 2002","Tetragnatha","anuenue",-155.30106,19.92114,"USA","Hawaii",NA,"5d283bb6-64dd-4626-8b3b-a4e8db5415c3",11824312500
"Tetragnatha acuta Gillespie, 1992","Tetragnatha","acuta",-156.22859,20.77843,"USA","Hawaii","Maui","5d283bb6-64dd-4626-8b3b-a4e8db5415c3",2165812500
"Tetragnatha quasimodo Gillespie, 1992","Tetragnatha","quasimodo",-155.30106,19.92114,"USA","Hawaii",NA,"5d283bb6-64dd-4626-8b3b-a4e8db5415c3",11824312500
"Tetragnatha brevignatha Gillespie, 1992","Tetragnatha","brevignatha",-155.26944,19.55969,"USA","Hawaii",NA,"5d283bb6-64dd-4626-8b3b-a4e8db5415c3",11824312500
"Tetragnatha acuta Gillespie, 1992","Tetragnatha","acuta",-156.22859,20.77843,"USA","Hawaii","Maui","5d283bb6-64dd-4626-8b3b-a4e8db5415c3",2165812500
"Tetragnatha acuta Gillespie, 1992","Tetragnatha","acuta",-156.22851,20.77831,"USA","Hawaii","Maui","5d283bb6-64dd-4626-8b3b-a4e8db5415c3",2165812500
"Tetragnatha quasimodo Gillespie, 1992","Tetragnatha","quasimodo",-155.30106,19.92114,"USA","Hawaii",NA,"5d283bb6-64dd-4626-8b3b-a4e8db5415c3",11824312500
"Tetragnatha quasimodo Gillespie, 1992","Tetragnatha","quasimodo",-155.30106,19.92114,"USA","Hawaii",NA,"5d283bb6-64dd-4626-8b3b-a4e8db5415c3",11824312500
"Tetragnatha quasimodo Gillespie, 1992","Tetragnatha","quasimodo",-155.30106,19.92114,"USA","Hawaii",NA,"5d283bb6-64dd-4626-8b3b-a4e8db5415c3",11824312500
"Tetragnatha quasimodo Gillespie, 1992","Tetragnatha","quasimodo",-155.30106,19.92114,"USA","Hawaii",NA,"5d283bb6-64dd-4626-8b3b-a4e8db5415c3",11824312500
"Tetragnatha quasimodo Gillespie, 1992","Tetragnatha","quasimodo",-155.30106,19.92114,"USA","Hawaii",NA,"5d283bb6-64dd-4626-8b3b-a4e8db5415c3",11824312500
"Tetragnatha quasimodo Gillespie, 1992","Tetragnatha","quasimodo",-155.30106,19.92114,"USA","Hawaii",NA,"5d283bb6-64dd-4626-8b3b-a4e8db5415c3",11824312500
"Tetragnatha anuenue Gillespie, 2002","Tetragnatha","anuenue",-155.30106,19.92114,"USA","Hawaii",NA,"5d283bb6-64dd-4626-8b3b-a4e8db5415c3",11824312500
"Tetragnatha quasimodo Gillespie, 1992","Tetragnatha","quasimodo",-155.30106,19.92114,"USA","Hawaii",NA,"5d283bb6-64dd-4626-8b3b-a4e8db5415c3",11824312500
"Tetragnatha acuta Gillespie, 1992","Tetragnatha","acuta",-156.22867,20.77824,"USA","Hawaii","Maui","5d283bb6-64dd-4626-8b3b-a4e8db5415c3",2165812500
"Tetragnatha filiciphilia Gillespie, 1992","Tetragnatha","filiciphilia",-156.2546,20.80276,"USA","Hawaii","Maui","5d283bb6-64dd-4626-8b3b-a4e8db5415c3",2165812500
"Tetragnatha quasimodo Gillespie, 1992","Tetragnatha","quasimodo",-155.30106,19.92114,"USA","Hawaii",NA,"5d283bb6-64dd-4626-8b3b-a4e8db5415c3",11824312500
"Tetragnatha quasimodo Gillespie, 1992","Tetragnatha","quasimodo",-155.30106,19.92114,"USA","Hawaii",NA,"5d283bb6-64dd-4626-8b3b-a4e8db5415c3",11824312500
"Tetragnatha brevignatha Gillespie, 1992","Tetragnatha","brevignatha",-155.30106,19.92114,"USA","Hawaii",NA,"5d283bb6-64dd-4626-8b3b-a4e8db5415c3",11824312500
"Tetragnatha quasimodo Gillespie, 1992","Tetragnatha","quasimodo",-155.30106,19.92114,"USA","Hawaii",NA,"5d283bb6-64dd-4626-8b3b-a4e8db5415c3",11824312500
"Tetragnatha quasimodo Gillespie, 1992","Tetragnatha","quasimodo",-155.30106,19.92114,"USA","Hawaii",NA,"5d283bb6-64dd-4626-8b3b-a4e8db5415c3",11824312500
"Tetragnatha stelarobusta Gillespie, 1992","Tetragnatha","stelarobusta",-156.25065,20.80171,"USA","Hawaii","Maui","5d283bb6-64dd-4626-8b3b-a4e8db5415c3",2165812500
"Tetragnatha quasimodo Gillespie, 1992","Tetragnatha","quasimodo",-155.30106,19.92114,"USA","Hawaii",NA,"5d283bb6-64dd-4626-8b3b-a4e8db5415c3",11824312500
"Tetragnatha quasimodo Gillespie, 1992","Tetragnatha","quasimodo",-155.30106,19.92114,"USA","Hawaii",NA,"5d283bb6-64dd-4626-8b3b-a4e8db5415c3",11824312500
"Tetragnatha quasimodo Gillespie, 1992","Tetragnatha","quasimodo",-155.30106,19.92114,"USA","Hawaii",NA,"5d283bb6-64dd-4626-8b3b-a4e8db5415c3",11824312500
"Tetragnatha quasimodo Gillespie, 1992","Tetragnatha","quasimodo",-155.30106,19.92114,"USA","Hawaii",NA,"5d283bb6-64dd-4626-8b3b-a4e8db5415c3",11824312500
"Tetragnatha quasimodo Gillespie, 1992","Tetragnatha","quasimodo",-155.30106,19.92114,"USA","Hawaii",NA,"5d283bb6-64dd-4626-8b3b-a4e8db5415c3",11824312500
"Tetragnatha quasimodo Gillespie, 1992","Tetragnatha","quasimodo",-155.30106,19.92114,"USA","Hawaii",NA,"5d283bb6-64dd-4626-8b3b-a4e8db5415c3",11824312500
"Tetragnatha quasimodo Gillespie, 1992","Tetragnatha","quasimodo",-155.30106,19.92114,"USA","Hawaii",NA,"5d283bb6-64dd-4626-8b3b-a4e8db5415c3",11824312500
"Tetragnatha quasimodo Gillespie, 1992","Tetragnatha","quasimodo",-155.30106,19.92114,"USA","Hawaii",NA,"5d283bb6-64dd-4626-8b3b-a4e8db5415c3",11824312500
"Tetragnatha quasimodo Gillespie, 1992","Tetragnatha","quasimodo",-155.30106,19.92114,"USA","Hawaii",NA,"5d283bb6-64dd-4626-8b3b-a4e8db5415c3",11824312500
"Tetragnatha quasimodo Gillespie, 1992","Tetragnatha","quasimodo",-155.30106,19.92114,"USA","Hawaii",NA,"5d283bb6-64dd-4626-8b3b-a4e8db5415c3",11824312500
"Tetragnatha brevignatha Gillespie, 1992","Tetragnatha","brevignatha",-155.30106,19.92114,"USA","Hawaii",NA,"5d283bb6-64dd-4626-8b3b-a4e8db5415c3",11824312500
"Tetragnatha brevignatha Gillespie, 1992","Tetragnatha","brevignatha",-155.30106,19.92114,"USA","Hawaii",NA,"5d283bb6-64dd-4626-8b3b-a4e8db5415c3",11824312500
"Tetragnatha trituberculata Gillespie, 1992","Tetragnatha","trituberculata",-156.2276,20.78005,"USA","Hawaii","Maui","5d283bb6-64dd-4626-8b3b-a4e8db5415c3",2165812500
"Tetragnatha quasimodo Gillespie, 1992","Tetragnatha","quasimodo",-155.30106,19.92114,"USA","Hawaii",NA,"5d283bb6-64dd-4626-8b3b-a4e8db5415c3",11824312500
"Tetragnatha quasimodo Gillespie, 1992","Tetragnatha","quasimodo",-155.30106,19.92114,"USA","Hawaii",NA,"5d283bb6-64dd-4626-8b3b-a4e8db5415c3",11824312500
"Tetragnatha stelarobusta Gillespie, 1992","Tetragnatha","stelarobusta",-156.25054,20.8018,"USA","Hawaii","Maui","5d283bb6-64dd-4626-8b3b-a4e8db5415c3",2165812500
"Tetragnatha quasimodo Gillespie, 1992","Tetragnatha","quasimodo",-155.30106,19.92114,"USA","Hawaii",NA,"5d283bb6-64dd-4626-8b3b-a4e8db5415c3",11824312500
"Tetragnatha quasimodo Gillespie, 1992","Tetragnatha","quasimodo",-155.30106,19.92114,"USA","Hawaii",NA,"5d283bb6-64dd-4626-8b3b-a4e8db5415c3",11824312500
"Tetragnatha filiciphilia Gillespie, 1992","Tetragnatha","filiciphilia",-156.25062,20.80176,"USA","Hawaii","Maui","5d283bb6-64dd-4626-8b3b-a4e8db5415c3",2165812500
"Tetragnatha filiciphilia Gillespie, 1992","Tetragnatha","filiciphilia",-156.25057,20.80168,"USA","Hawaii","Maui","5d283bb6-64dd-4626-8b3b-a4e8db5415c3",2165812500
"Tetragnatha quasimodo Gillespie, 1992","Tetragnatha","quasimodo",-155.30106,19.92114,"USA","Hawaii",NA,"5d283bb6-64dd-4626-8b3b-a4e8db5415c3",11824312500
"Tetragnatha quasimodo Gillespie, 1992","Tetragnatha","quasimodo",-155.30106,19.92114,"USA","Hawaii",NA,"5d283bb6-64dd-4626-8b3b-a4e8db5415c3",11824312500
"Tetragnatha brevignatha Gillespie, 1992","Tetragnatha","brevignatha",-155.30106,19.92114,"USA","Hawaii",NA,"5d283bb6-64dd-4626-8b3b-a4e8db5415c3",11824312500
"Tetragnatha anuenue Gillespie, 2002","Tetragnatha","anuenue",-155.30106,19.92114,"USA","Hawaii",NA,"5d283bb6-64dd-4626-8b3b-a4e8db5415c3",11824312500
"Tetragnatha brevignatha Gillespie, 1992","Tetragnatha","brevignatha",-155.30106,19.92114,"USA","Hawaii",NA,"5d283bb6-64dd-4626-8b3b-a4e8db5415c3",11824312500
"Tetragnatha filiciphilia Gillespie, 1992","Tetragnatha","filiciphilia",-156.2546,20.80276,"USA","Hawaii","Maui","5d283bb6-64dd-4626-8b3b-a4e8db5415c3",2165812500
"Tetragnatha quasimodo Gillespie, 1992","Tetragnatha","quasimodo",-155.30106,19.92114,"USA","Hawaii",NA,"5d283bb6-64dd-4626-8b3b-a4e8db5415c3",11824312500
"Tetragnatha quasimodo Gillespie, 1992","Tetragnatha","quasimodo",-155.30106,19.92114,"USA","Hawaii",NA,"5d283bb6-64dd-4626-8b3b-a4e8db5415c3",11824312500
"Tetragnatha quasimodo Gillespie, 1992","Tetragnatha","quasimodo",-155.30106,19.92114,"USA","Hawaii",NA,"5d283bb6-64dd-4626-8b3b-a4e8db5415c3",11824312500
"Tetragnatha quasimodo Gillespie, 1992","Tetragnatha","quasimodo",-155.30106,19.92114,"USA","Hawaii",NA,"5d283bb6-64dd-4626-8b3b-a4e8db5415c3",11824312500
"Tetragnatha quasimodo Gillespie, 1992","Tetragnatha","quasimodo",-155.30106,19.92114,"USA","Hawaii",NA,"5d283bb6-64dd-4626-8b3b-a4e8db5415c3",11824312500
"Tetragnatha filiciphilia Gillespie, 1992","Tetragnatha","filiciphilia",-156.25062,20.80167,"USA","Hawaii","Maui","5d283bb6-64dd-4626-8b3b-a4e8db5415c3",2165812500
"Tetragnatha quasimodo Gillespie, 1992","Tetragnatha","quasimodo",-155.30106,19.92114,"USA","Hawaii",NA,"5d283bb6-64dd-4626-8b3b-a4e8db5415c3",11824312500
"Tetragnatha quasimodo Gillespie, 1992","Tetragnatha","quasimodo",-155.30106,19.92114,"USA","Hawaii",NA,"5d283bb6-64dd-4626-8b3b-a4e8db5415c3",11824312500
"Tetragnatha quasimodo Gillespie, 1992","Tetragnatha","quasimodo",-155.30106,19.92114,"USA","Hawaii",NA,"5d283bb6-64dd-4626-8b3b-a4e8db5415c3",11824312500
"Tetragnatha quasimodo Gillespie, 1992","Tetragnatha","quasimodo",-155.30106,19.92114,"USA","Hawaii",NA,"5d283bb6-64dd-4626-8b3b-a4e8db5415c3",11824312500
"Tetragnatha quasimodo Gillespie, 1992","Tetragnatha","quasimodo",-155.30106,19.92114,"USA","Hawaii",NA,"5d283bb6-64dd-4626-8b3b-a4e8db5415c3",11824312500
"Tetragnatha quasimodo Gillespie, 1992","Tetragnatha","quasimodo",-155.30106,19.92114,"USA","Hawaii",NA,"5d283bb6-64dd-4626-8b3b-a4e8db5415c3",11824312500
"Tetragnatha quasimodo Gillespie, 1992","Tetragnatha","quasimodo",-155.23093,19.56286,"USA","Hawaii",NA,"5d283bb6-64dd-4626-8b3b-a4e8db5415c3",11824312500
"Tetragnatha quasimodo Gillespie, 1992","Tetragnatha","quasimodo",-155.30106,19.92114,"USA","Hawaii",NA,"5d283bb6-64dd-4626-8b3b-a4e8db5415c3",11824312500
"Tetragnatha filiciphilia Gillespie, 1992","Tetragnatha","filiciphilia",-156.25062,20.80167,"USA","Hawaii","Maui","5d283bb6-64dd-4626-8b3b-a4e8db5415c3",2165812500
"Tetragnatha quasimodo Gillespie, 1992","Tetragnatha","quasimodo",-155.30106,19.92114,"USA","Hawaii",NA,"5d283bb6-64dd-4626-8b3b-a4e8db5415c3",11824312500
"Tetragnatha quasimodo Gillespie, 1992","Tetragnatha","quasimodo",-155.30106,19.92114,"USA","Hawaii",NA,"5d283bb6-64dd-4626-8b3b-a4e8db5415c3",11824312500
"Tetragnatha brevignatha Gillespie, 1992","Tetragnatha","brevignatha",-155.30106,19.92114,"USA","Hawaii",NA,"5d283bb6-64dd-4626-8b3b-a4e8db5415c3",11824312500
"Tetragnatha quasimodo Gillespie, 1992","Tetragnatha","quasimodo",-155.30106,19.92114,"USA","Hawaii",NA,"5d283bb6-64dd-4626-8b3b-a4e8db5415c3",11824312500
"Tetragnatha stelarobusta Gillespie, 1992","Tetragnatha","stelarobusta",-156.22746,20.78026,"USA","Hawaii","Maui","5d283bb6-64dd-4626-8b3b-a4e8db5415c3",2165812500
"Tetragnatha filiciphilia Gillespie, 1992","Tetragnatha","filiciphilia",-156.25043,20.80164,"USA","Hawaii","Maui","5d283bb6-64dd-4626-8b3b-a4e8db5415c3",2165812500
"Tetragnatha anuenue Gillespie, 2002","Tetragnatha","anuenue",-155.30106,19.92114,"USA","Hawaii",NA,"5d283bb6-64dd-4626-8b3b-a4e8db5415c3",11824312500
"Tetragnatha quasimodo Gillespie, 1992","Tetragnatha","quasimodo",-155.30106,19.92114,"USA","Hawaii",NA,"5d283bb6-64dd-4626-8b3b-a4e8db5415c3",11824312500
"Tetragnatha hawaiensis Simon, 1900","Tetragnatha","hawaiensis",-155.26944,19.55969,"USA","Hawaii",NA,"5d283bb6-64dd-4626-8b3b-a4e8db5415c3",11824312500
"Tetragnatha quasimodo Gillespie, 1992","Tetragnatha","quasimodo",-155.30106,19.92114,"USA","Hawaii",NA,"5d283bb6-64dd-4626-8b3b-a4e8db5415c3",11824312500
"Tetragnatha filiciphilia Gillespie, 1992","Tetragnatha","filiciphilia",-156.25043,20.80164,"USA","Hawaii","Maui","5d283bb6-64dd-4626-8b3b-a4e8db5415c3",2165812500
"Tetragnatha brevignatha Gillespie, 1992","Tetragnatha","brevignatha",-155.23093,19.56286,"USA","Hawaii",NA,"5d283bb6-64dd-4626-8b3b-a4e8db5415c3",11824312500
"Tetragnatha eurychasma Gillespie, 1992","Tetragnatha","eurychasma",-156.22754,20.78031,"USA","Hawaii","Maui","5d283bb6-64dd-4626-8b3b-a4e8db5415c3",2165812500
"Tetragnatha quasimodo Gillespie, 1992","Tetragnatha","quasimodo",-155.30106,19.92114,"USA","Hawaii",NA,"5d283bb6-64dd-4626-8b3b-a4e8db5415c3",11824312500
"Tetragnatha perkinsi Simon, 1900","Tetragnatha","perkinsi",-155.26944,19.55969,"USA","Hawaii",NA,"5d283bb6-64dd-4626-8b3b-a4e8db5415c3",11824312500
"Tetragnatha quasimodo Gillespie, 1992","Tetragnatha","quasimodo",-155.30106,19.92114,"USA","Hawaii",NA,"5d283bb6-64dd-4626-8b3b-a4e8db5415c3",11824312500
"Tetragnatha hawaiensis Simon, 1900","Tetragnatha","hawaiensis",-155.26944,19.55969,"USA","Hawaii",NA,"5d283bb6-64dd-4626-8b3b-a4e8db5415c3",11824312500
"Tetragnatha hawaiensis Simon, 1900","Tetragnatha","hawaiensis",-155.26944,19.55969,"USA","Hawaii",NA,"5d283bb6-64dd-4626-8b3b-a4e8db5415c3",11824312500
"Tetragnatha quasimodo Gillespie, 1992","Tetragnatha","quasimodo",-155.23093,19.56286,"USA","Hawaii",NA,"5d283bb6-64dd-4626-8b3b-a4e8db5415c3",11824312500
"Tetragnatha quasimodo Gillespie, 1992","Tetragnatha","quasimodo",-155.30106,19.92114,"USA","Hawaii",NA,"5d283bb6-64dd-4626-8b3b-a4e8db5415c3",11824312500
"Tetragnatha quasimodo Gillespie, 1992","Tetragnatha","quasimodo",-155.26944,19.55969,"USA","Hawaii",NA,"5d283bb6-64dd-4626-8b3b-a4e8db5415c3",11824312500
"Tetragnatha perkinsi Simon, 1900","Tetragnatha","perkinsi",-155.23093,19.56286,"USA","Hawaii",NA,"5d283bb6-64dd-4626-8b3b-a4e8db5415c3",11824312500
"Tetragnatha hawaiensis Simon, 1900","Tetragnatha","hawaiensis",-155.26944,19.55969,"USA","Hawaii",NA,"5d283bb6-64dd-4626-8b3b-a4e8db5415c3",11824312500
"Tetragnatha quasimodo Gillespie, 1992","Tetragnatha","quasimodo",-155.26944,19.55969,"USA","Hawaii",NA,"5d283bb6-64dd-4626-8b3b-a4e8db5415c3",11824312500
"Tetragnatha brevignatha Gillespie, 1992","Tetragnatha","brevignatha",-155.23093,19.56286,"USA","Hawaii",NA,"5d283bb6-64dd-4626-8b3b-a4e8db5415c3",11824312500
"Tetragnatha perkinsi Simon, 1900","Tetragnatha","perkinsi",-155.26944,19.55969,"USA","Hawaii",NA,"5d283bb6-64dd-4626-8b3b-a4e8db5415c3",11824312500
"Tetragnatha hawaiensis Simon, 1900","Tetragnatha","hawaiensis",-155.23093,19.56286,"USA","Hawaii",NA,"5d283bb6-64dd-4626-8b3b-a4e8db5415c3",11824312500
"Tetragnatha quasimodo Gillespie, 1992","Tetragnatha","quasimodo",-155.23093,19.56286,"USA","Hawaii",NA,"5d283bb6-64dd-4626-8b3b-a4e8db5415c3",11824312500
"Tetragnatha stelarobusta Gillespie, 1992","Tetragnatha","stelarobusta",-156.22731,20.78029,"USA","Hawaii","Maui","5d283bb6-64dd-4626-8b3b-a4e8db5415c3",2165812500
"Tetragnatha hawaiensis Simon, 1900","Tetragnatha","hawaiensis",-155.26944,19.55969,"USA","Hawaii",NA,"5d283bb6-64dd-4626-8b3b-a4e8db5415c3",11824312500
"Tetragnatha hawaiensis Simon, 1900","Tetragnatha","hawaiensis",-155.26944,19.55969,"USA","Hawaii",NA,"5d283bb6-64dd-4626-8b3b-a4e8db5415c3",11824312500
"Tetragnatha perkinsi Simon, 1900","Tetragnatha","perkinsi",-155.26944,19.55969,"USA","Hawaii",NA,"5d283bb6-64dd-4626-8b3b-a4e8db5415c3",11824312500
"Tetragnatha perkinsi Simon, 1900","Tetragnatha","perkinsi",-155.23093,19.56286,"USA","Hawaii",NA,"5d283bb6-64dd-4626-8b3b-a4e8db5415c3",11824312500
"Tetragnatha hawaiensis Simon, 1900","Tetragnatha","hawaiensis",-155.26944,19.55969,"USA","Hawaii",NA,"5d283bb6-64dd-4626-8b3b-a4e8db5415c3",11824312500
"Tetragnatha anuenue Gillespie, 2002","Tetragnatha","anuenue",-155.23093,19.56286,"USA","Hawaii",NA,"5d283bb6-64dd-4626-8b3b-a4e8db5415c3",11824312500
"Tetragnatha hawaiensis Simon, 1900","Tetragnatha","hawaiensis",-155.26944,19.55969,"USA","Hawaii",NA,"5d283bb6-64dd-4626-8b3b-a4e8db5415c3",11824312500
"Tetragnatha quasimodo Gillespie, 1992","Tetragnatha","quasimodo",-155.26944,19.55969,"USA","Hawaii",NA,"5d283bb6-64dd-4626-8b3b-a4e8db5415c3",11824312500
"Tetragnatha filiciphilia Gillespie, 1992","Tetragnatha","filiciphilia",-156.2546,20.80276,"USA","Hawaii","Maui","5d283bb6-64dd-4626-8b3b-a4e8db5415c3",2165812500
"Tetragnatha quasimodo Gillespie, 1992","Tetragnatha","quasimodo",-155.26944,19.55969,"USA","Hawaii",NA,"5d283bb6-64dd-4626-8b3b-a4e8db5415c3",11824312500
"Tetragnatha perkinsi Simon, 1900","Tetragnatha","perkinsi",-155.26944,19.55969,"USA","Hawaii",NA,"5d283bb6-64dd-4626-8b3b-a4e8db5415c3",11824312500
"Tetragnatha hawaiensis Simon, 1900","Tetragnatha","hawaiensis",-155.26944,19.55969,"USA","Hawaii",NA,"5d283bb6-64dd-4626-8b3b-a4e8db5415c3",11824312500
"Tetragnatha stelarobusta Gillespie, 1992","Tetragnatha","stelarobusta",-156.22731,20.78029,"USA","Hawaii","Maui","5d283bb6-64dd-4626-8b3b-a4e8db5415c3",2165812500
"Tetragnatha hawaiensis Simon, 1900","Tetragnatha","hawaiensis",-155.26944,19.55969,"USA","Hawaii",NA,"5d283bb6-64dd-4626-8b3b-a4e8db5415c3",11824312500
"Tetragnatha trituberculata Gillespie, 1992","Tetragnatha","trituberculata",-156.22747,20.78027,"USA","Hawaii","Maui","5d283bb6-64dd-4626-8b3b-a4e8db5415c3",2165812500
"Tetragnatha quasimodo Gillespie, 1992","Tetragnatha","quasimodo",-155.26944,19.55969,"USA","Hawaii",NA,"5d283bb6-64dd-4626-8b3b-a4e8db5415c3",11824312500
"Tetragnatha quasimodo Gillespie, 1992","Tetragnatha","quasimodo",-155.26944,19.55969,"USA","Hawaii",NA,"5d283bb6-64dd-4626-8b3b-a4e8db5415c3",11824312500
"Tetragnatha hawaiensis Simon, 1900","Tetragnatha","hawaiensis",-155.23093,19.56286,"USA","Hawaii",NA,"5d283bb6-64dd-4626-8b3b-a4e8db5415c3",11824312500
"Tetragnatha hawaiensis Simon, 1900","Tetragnatha","hawaiensis",-155.26944,19.55969,"USA","Hawaii",NA,"5d283bb6-64dd-4626-8b3b-a4e8db5415c3",11824312500
"Tetragnatha hawaiensis Simon, 1900","Tetragnatha","hawaiensis",-155.26944,19.55969,"USA","Hawaii",NA,"5d283bb6-64dd-4626-8b3b-a4e8db5415c3",11824312500
"Tetragnatha hawaiensis Simon, 1900","Tetragnatha","hawaiensis",-155.26944,19.55969,"USA","Hawaii",NA,"5d283bb6-64dd-4626-8b3b-a4e8db5415c3",11824312500
"Tetragnatha hawaiensis Simon, 1900","Tetragnatha","hawaiensis",-155.26944,19.55969,"USA","Hawaii",NA,"5d283bb6-64dd-4626-8b3b-a4e8db5415c3",11824312500
"Tetragnatha anuenue Gillespie, 2002","Tetragnatha","anuenue",-155.26944,19.55969,"USA","Hawaii",NA,"5d283bb6-64dd-4626-8b3b-a4e8db5415c3",11824312500
"Tetragnatha hawaiensis Simon, 1900","Tetragnatha","hawaiensis",-155.26944,19.55969,"USA","Hawaii",NA,"5d283bb6-64dd-4626-8b3b-a4e8db5415c3",11824312500
"Tetragnatha brevignatha Gillespie, 1992","Tetragnatha","brevignatha",-155.26944,19.55969,"USA","Hawaii",NA,"5d283bb6-64dd-4626-8b3b-a4e8db5415c3",11824312500
"Tetragnatha stelarobusta Gillespie, 1992","Tetragnatha","stelarobusta",-156.22754,20.78013,"USA","Hawaii","Maui","5d283bb6-64dd-4626-8b3b-a4e8db5415c3",2165812500
"Tetragnatha eurychasma Gillespie, 1992","Tetragnatha","eurychasma",-156.22759,20.77986,"USA","Hawaii","Maui","5d283bb6-64dd-4626-8b3b-a4e8db5415c3",2165812500
"Tetragnatha hawaiensis Simon, 1900","Tetragnatha","hawaiensis",-155.26944,19.55969,"USA","Hawaii",NA,"5d283bb6-64dd-4626-8b3b-a4e8db5415c3",11824312500
"Tetragnatha stelarobusta Gillespie, 1992","Tetragnatha","stelarobusta",-156.22769,20.78004,"USA","Hawaii","Maui","5d283bb6-64dd-4626-8b3b-a4e8db5415c3",2165812500
"Tetragnatha hawaiensis Simon, 1900","Tetragnatha","hawaiensis",-155.26944,19.55969,"USA","Hawaii",NA,"5d283bb6-64dd-4626-8b3b-a4e8db5415c3",11824312500
"Tetragnatha stelarobusta Gillespie, 1992","Tetragnatha","stelarobusta",-156.22769,20.78004,"USA","Hawaii","Maui","5d283bb6-64dd-4626-8b3b-a4e8db5415c3",2165812500
"Tetragnatha quasimodo Gillespie, 1992","Tetragnatha","quasimodo",-155.26944,19.55969,"USA","Hawaii",NA,"5d283bb6-64dd-4626-8b3b-a4e8db5415c3",11824312500
"Tetragnatha perkinsi Simon, 1900","Tetragnatha","perkinsi",-155.26944,19.55969,"USA","Hawaii",NA,"5d283bb6-64dd-4626-8b3b-a4e8db5415c3",11824312500
"Tetragnatha brevignatha Gillespie, 1992","Tetragnatha","brevignatha",-155.26944,19.55969,"USA","Hawaii",NA,"5d283bb6-64dd-4626-8b3b-a4e8db5415c3",11824312500
"Tetragnatha perkinsi Simon, 1900","Tetragnatha","perkinsi",-155.26944,19.55969,"USA","Hawaii",NA,"5d283bb6-64dd-4626-8b3b-a4e8db5415c3",11824312500
"Tetragnatha hawaiensis Simon, 1900","Tetragnatha","hawaiensis",-155.26944,19.55969,"USA","Hawaii",NA,"5d283bb6-64dd-4626-8b3b-a4e8db5415c3",11824312500
"Tetragnatha hawaiensis Simon, 1900","Tetragnatha","hawaiensis",-155.26944,19.55969,"USA","Hawaii",NA,"5d283bb6-64dd-4626-8b3b-a4e8db5415c3",11824312500
"Tetragnatha hawaiensis Simon, 1900","Tetragnatha","hawaiensis",-155.26944,19.55969,"USA","Hawaii",NA,"5d283bb6-64dd-4626-8b3b-a4e8db5415c3",11824312500
"Tetragnatha hawaiensis Simon, 1900","Tetragnatha","hawaiensis",-155.26944,19.55969,"USA","Hawaii",NA,"5d283bb6-64dd-4626-8b3b-a4e8db5415c3",11824312500
"Tetragnatha perkinsi Simon, 1900","Tetragnatha","perkinsi",-155.26944,19.55969,"USA","Hawaii",NA,"5d283bb6-64dd-4626-8b3b-a4e8db5415c3",11824312500
"Tetragnatha quasimodo Gillespie, 1992","Tetragnatha","quasimodo",-155.26944,19.55969,"USA","Hawaii",NA,"5d283bb6-64dd-4626-8b3b-a4e8db5415c3",11824312500
"Tetragnatha stelarobusta Gillespie, 1992","Tetragnatha","stelarobusta",-156.22758,20.77985,"USA","Hawaii","Maui","5d283bb6-64dd-4626-8b3b-a4e8db5415c3",2165812500
"Tetragnatha quasimodo Gillespie, 1992","Tetragnatha","quasimodo",-155.26944,19.55969,"USA","Hawaii",NA,"5d283bb6-64dd-4626-8b3b-a4e8db5415c3",11824312500
"Tetragnatha quasimodo Gillespie, 1992","Tetragnatha","quasimodo",-155.26944,19.55969,"USA","Hawaii",NA,"5d283bb6-64dd-4626-8b3b-a4e8db5415c3",11824312500
"Tetragnatha eurychasma Gillespie, 1992","Tetragnatha","eurychasma",-156.22757,20.77989,"USA","Hawaii","Maui","5d283bb6-64dd-4626-8b3b-a4e8db5415c3",2165812500
"Tetragnatha quasimodo Gillespie, 1992","Tetragnatha","quasimodo",-155.26944,19.55969,"USA","Hawaii",NA,"5d283bb6-64dd-4626-8b3b-a4e8db5415c3",11824312500
"Tetragnatha quasimodo Gillespie, 1992","Tetragnatha","quasimodo",-155.26944,19.55969,"USA","Hawaii",NA,"5d283bb6-64dd-4626-8b3b-a4e8db5415c3",11824312500
"Tetragnatha stelarobusta Gillespie, 1992","Tetragnatha","stelarobusta",-156.22757,20.77989,"USA","Hawaii","Maui","5d283bb6-64dd-4626-8b3b-a4e8db5415c3",2165812500
"Tetragnatha filiciphilia Gillespie, 1992","Tetragnatha","filiciphilia",-156.2546,20.80276,"USA","Hawaii","Maui","5d283bb6-64dd-4626-8b3b-a4e8db5415c3",2165812500
"Tetragnatha stelarobusta Gillespie, 1992","Tetragnatha","stelarobusta",-156.22751,20.77997,"USA","Hawaii","Maui","5d283bb6-64dd-4626-8b3b-a4e8db5415c3",2165812500
"Tetragnatha quasimodo Gillespie, 1992","Tetragnatha","quasimodo",-155.26944,19.55969,"USA","Hawaii",NA,"5d283bb6-64dd-4626-8b3b-a4e8db5415c3",11824312500
"Tetragnatha quasimodo Gillespie, 1992","Tetragnatha","quasimodo",-155.26944,19.55969,"USA","Hawaii",NA,"5d283bb6-64dd-4626-8b3b-a4e8db5415c3",11824312500
"Tetragnatha hawaiensis Simon, 1900","Tetragnatha","hawaiensis",-155.26944,19.55969,"USA","Hawaii",NA,"5d283bb6-64dd-4626-8b3b-a4e8db5415c3",11824312500
"Tetragnatha quasimodo Gillespie, 1992","Tetragnatha","quasimodo",-155.26944,19.55969,"USA","Hawaii",NA,"5d283bb6-64dd-4626-8b3b-a4e8db5415c3",11824312500
"Tetragnatha eurychasma Gillespie, 1992","Tetragnatha","eurychasma",-156.22758,20.7798,"USA","Hawaii","Maui","5d283bb6-64dd-4626-8b3b-a4e8db5415c3",2165812500
"Tetragnatha brevignatha Gillespie, 1992","Tetragnatha","brevignatha",-155.26944,19.55969,"USA","Hawaii",NA,"5d283bb6-64dd-4626-8b3b-a4e8db5415c3",11824312500
"Tetragnatha hawaiensis Simon, 1900","Tetragnatha","hawaiensis",-155.26944,19.55969,"USA","Hawaii",NA,"5d283bb6-64dd-4626-8b3b-a4e8db5415c3",11824312500
"Tetragnatha hawaiensis Simon, 1900","Tetragnatha","hawaiensis",-155.26944,19.55969,"USA","Hawaii",NA,"5d283bb6-64dd-4626-8b3b-a4e8db5415c3",11824312500
"Tetragnatha perkinsi Simon, 1900","Tetragnatha","perkinsi",-155.26944,19.55969,"USA","Hawaii",NA,"5d283bb6-64dd-4626-8b3b-a4e8db5415c3",11824312500
"Tetragnatha perkinsi Simon, 1900","Tetragnatha","perkinsi",-155.26944,19.55969,"USA","Hawaii",NA,"5d283bb6-64dd-4626-8b3b-a4e8db5415c3",11824312500
"Tetragnatha brevignatha Gillespie, 1992","Tetragnatha","brevignatha",-155.26944,19.55969,"USA","Hawaii",NA,"5d283bb6-64dd-4626-8b3b-a4e8db5415c3",11824312500
"Tetragnatha hawaiensis Simon, 1900","Tetragnatha","hawaiensis",-155.26944,19.55969,"USA","Hawaii",NA,"5d283bb6-64dd-4626-8b3b-a4e8db5415c3",11824312500
"Tetragnatha hawaiensis Simon, 1900","Tetragnatha","hawaiensis",-155.26944,19.55969,"USA","Hawaii",NA,"5d283bb6-64dd-4626-8b3b-a4e8db5415c3",11824312500
"Tetragnatha quasimodo Gillespie, 1992","Tetragnatha","quasimodo",-155.26944,19.55969,"USA","Hawaii",NA,"5d283bb6-64dd-4626-8b3b-a4e8db5415c3",11824312500
"Tetragnatha hawaiensis Simon, 1900","Tetragnatha","hawaiensis",-155.26944,19.55969,"USA","Hawaii",NA,"5d283bb6-64dd-4626-8b3b-a4e8db5415c3",11824312500
"Tetragnatha hawaiensis Simon, 1900","Tetragnatha","hawaiensis",-155.26944,19.55969,"USA","Hawaii",NA,"5d283bb6-64dd-4626-8b3b-a4e8db5415c3",11824312500
"Tetragnatha eurychasma Gillespie, 1992","Tetragnatha","eurychasma",-156.22757,20.77995,"USA","Hawaii","Maui","5d283bb6-64dd-4626-8b3b-a4e8db5415c3",2165812500
"Tetragnatha hawaiensis Simon, 1900","Tetragnatha","hawaiensis",-155.26944,19.55969,"USA","Hawaii",NA,"5d283bb6-64dd-4626-8b3b-a4e8db5415c3",11824312500
"Tetragnatha stelarobusta Gillespie, 1992","Tetragnatha","stelarobusta",-156.22758,20.7798,"USA","Hawaii","Maui","5d283bb6-64dd-4626-8b3b-a4e8db5415c3",2165812500
"Tetragnatha anuenue Gillespie, 2002","Tetragnatha","anuenue",-155.26944,19.55969,"USA","Hawaii",NA,"5d283bb6-64dd-4626-8b3b-a4e8db5415c3",11824312500
"Tetragnatha hawaiensis Simon, 1900","Tetragnatha","hawaiensis",-155.26944,19.55969,"USA","Hawaii",NA,"5d283bb6-64dd-4626-8b3b-a4e8db5415c3",11824312500
"Tetragnatha anuenue Gillespie, 2002","Tetragnatha","anuenue",-155.26944,19.55969,"USA","Hawaii",NA,"5d283bb6-64dd-4626-8b3b-a4e8db5415c3",11824312500
"Tetragnatha acuta Gillespie, 1992","Tetragnatha","acuta",-156.22759,20.77991,"USA","Hawaii","Maui","5d283bb6-64dd-4626-8b3b-a4e8db5415c3",2165812500
"Tetragnatha quasimodo Gillespie, 1992","Tetragnatha","quasimodo",-155.26944,19.55969,"USA","Hawaii",NA,"5d283bb6-64dd-4626-8b3b-a4e8db5415c3",11824312500
"Tetragnatha hawaiensis Simon, 1900","Tetragnatha","hawaiensis",-155.26944,19.55969,"USA","Hawaii",NA,"5d283bb6-64dd-4626-8b3b-a4e8db5415c3",11824312500
"Tetragnatha hawaiensis Simon, 1900","Tetragnatha","hawaiensis",-155.26944,19.55969,"USA","Hawaii",NA,"5d283bb6-64dd-4626-8b3b-a4e8db5415c3",11824312500
"Tetragnatha acuta Gillespie, 1992","Tetragnatha","acuta",-156.22759,20.77991,"USA","Hawaii","Maui","5d283bb6-64dd-4626-8b3b-a4e8db5415c3",2165812500
"Tetragnatha hawaiensis Simon, 1900","Tetragnatha","hawaiensis",-155.26944,19.55969,"USA","Hawaii",NA,"5d283bb6-64dd-4626-8b3b-a4e8db5415c3",11824312500
"Tetragnatha filiciphilia Gillespie, 1992","Tetragnatha","filiciphilia",-156.2546,20.80276,"USA","Hawaii","Maui","5d283bb6-64dd-4626-8b3b-a4e8db5415c3",2165812500
"Tetragnatha brevignatha Gillespie, 1992","Tetragnatha","brevignatha",-155.26944,19.55969,"USA","Hawaii",NA,"5d283bb6-64dd-4626-8b3b-a4e8db5415c3",11824312500
"Tetragnatha stelarobusta Gillespie, 1992","Tetragnatha","stelarobusta",-156.25438,20.80077,"USA","Hawaii","Maui","5d283bb6-64dd-4626-8b3b-a4e8db5415c3",2165812500
"Tetragnatha perkinsi Simon, 1900","Tetragnatha","perkinsi",-155.26944,19.55969,"USA","Hawaii",NA,"5d283bb6-64dd-4626-8b3b-a4e8db5415c3",11824312500
"Tetragnatha filiciphilia Gillespie, 1992","Tetragnatha","filiciphilia",-156.25438,20.80077,"USA","Hawaii","Maui","5d283bb6-64dd-4626-8b3b-a4e8db5415c3",2165812500
"Tetragnatha hawaiensis Simon, 1900","Tetragnatha","hawaiensis",-155.26944,19.55969,"USA","Hawaii",NA,"5d283bb6-64dd-4626-8b3b-a4e8db5415c3",11824312500
"Tetragnatha filiciphilia Gillespie, 1992","Tetragnatha","filiciphilia",-156.25426,20.80079,"USA","Hawaii","Maui","5d283bb6-64dd-4626-8b3b-a4e8db5415c3",2165812500
"Tetragnatha filiciphilia Gillespie, 1992","Tetragnatha","filiciphilia",-156.25419,20.80063,"USA","Hawaii","Maui","5d283bb6-64dd-4626-8b3b-a4e8db5415c3",2165812500
"Tetragnatha eurychasma Gillespie, 1992","Tetragnatha","eurychasma",-156.22764,20.7799,"USA","Hawaii","Maui","5d283bb6-64dd-4626-8b3b-a4e8db5415c3",2165812500
"Tetragnatha eurychasma Gillespie, 1992","Tetragnatha","eurychasma",-156.22761,20.77982,"USA","Hawaii","Maui","5d283bb6-64dd-4626-8b3b-a4e8db5415c3",2165812500
"Tetragnatha filiciphilia Gillespie, 1992","Tetragnatha","filiciphilia",-156.25417,20.80067,"USA","Hawaii","Maui","5d283bb6-64dd-4626-8b3b-a4e8db5415c3",2165812500
"Tetragnatha perkinsi Simon, 1900","Tetragnatha","perkinsi",-155.26944,19.55969,"USA","Hawaii",NA,"5d283bb6-64dd-4626-8b3b-a4e8db5415c3",11824312500
"Tetragnatha filiciphilia Gillespie, 1992","Tetragnatha","filiciphilia",-156.25419,20.80063,"USA","Hawaii","Maui","5d283bb6-64dd-4626-8b3b-a4e8db5415c3",2165812500
"Tetragnatha filiciphilia Gillespie, 1992","Tetragnatha","filiciphilia",-156.25419,20.80063,"USA","Hawaii","Maui","5d283bb6-64dd-4626-8b3b-a4e8db5415c3",2165812500
"Tetragnatha filiciphilia Gillespie, 1992","Tetragnatha","filiciphilia",-156.25426,20.80079,"USA","Hawaii","Maui","5d283bb6-64dd-4626-8b3b-a4e8db5415c3",2165812500
"Tetragnatha versicolor Walckenaer, 1841","Tetragnatha","versicolor",-155.311829,19.838317,"USA","Hawaii",NA,"d762b508-7a70-441b-94ad-48fd77593275",11824312500
"Tetragnatha quasimodo Gillespie, 1992","Tetragnatha","quasimodo",-155.317839,19.820786,"USA","Hawaii",NA,"d762b508-7a70-441b-94ad-48fd77593275",11824312500
"Tetragnatha quasimodo Gillespie, 1992","Tetragnatha","quasimodo",-155.323331,19.823639,"USA","Hawaii",NA,"d762b508-7a70-441b-94ad-48fd77593275",11824312500
"Tetragnatha quasimodo Gillespie, 1992","Tetragnatha","quasimodo",-155.307724,19.839461,"USA","Hawaii",NA,"d762b508-7a70-441b-94ad-48fd77593275",11824312500
"Tetragnatha quasimodo Gillespie, 1992","Tetragnatha","quasimodo",-155.317428,19.837328,"USA","Hawaii",NA,"d762b508-7a70-441b-94ad-48fd77593275",11824312500
"Tetragnatha restricta Simon, 1900","Tetragnatha","restricta",-155.313028,19.827362,"USA","Hawaii",NA,"d762b508-7a70-441b-94ad-48fd77593275",11824312500
"Tetragnatha quasimodo Gillespie, 1992","Tetragnatha","quasimodo",-155.307724,19.839461,"USA","Hawaii",NA,"d762b508-7a70-441b-94ad-48fd77593275",11824312500
"Tetragnatha restricta Simon, 1900","Tetragnatha","restricta",-155.323638,19.81287,"USA","Hawaii",NA,"d762b508-7a70-441b-94ad-48fd77593275",11824312500
"Tetragnatha trituberculata Gillespie, 1992","Tetragnatha","trituberculata",-155.310165,19.837327,"USA","Hawaii",NA,"d762b508-7a70-441b-94ad-48fd77593275",11824312500
"Tetragnatha quasimodo Gillespie, 1992","Tetragnatha","quasimodo",-155.284282,19.433942,"USA","Hawaii",NA,"50c9509d-22c7-4a22-a47d-8c48425ef4a7",11824312500
"Tetragnatha quasimodo Gillespie, 1992","Tetragnatha","quasimodo",-155.249466,19.419243,"USA","Hawaii",NA,"50c9509d-22c7-4a22-a47d-8c48425ef4a7",11824312500
"Tetragnatha waikamoi Gillespie, 1992","Tetragnatha","waikamoi",-156.25271,20.80378,"USA","Hawaii","Maui","5d283bb6-64dd-4626-8b3b-a4e8db5415c3",2165812500
"Tetragnatha paludicola Gillespie, 1992","Tetragnatha","paludicola",-156.10178,20.73064,"USA","Hawaii","Maui","5d283bb6-64dd-4626-8b3b-a4e8db5415c3",2165812500
"Tetragnatha eurychasma Gillespie, 1992","Tetragnatha","eurychasma",-156.10178,20.73064,"USA","Hawaii","Maui","5d283bb6-64dd-4626-8b3b-a4e8db5415c3",2165812500
"Tetragnatha eurychasma Gillespie, 1992","Tetragnatha","eurychasma",-156.10178,20.73064,"USA","Hawaii","Maui","5d283bb6-64dd-4626-8b3b-a4e8db5415c3",2165812500
"Tetragnatha eurychasma Gillespie, 1992","Tetragnatha","eurychasma",-156.89636,21.10764,"USA","Hawaii","Molokai","5d283bb6-64dd-4626-8b3b-a4e8db5415c3",780312500
"Tetragnatha kamakou Gillespie, 1992","Tetragnatha","kamakou",-156.10178,20.73064,"USA","Hawaii","Maui","5d283bb6-64dd-4626-8b3b-a4e8db5415c3",2165812500
"Tetragnatha eurychasma Gillespie, 1992","Tetragnatha","eurychasma",-156.89636,21.10764,"USA","Hawaii","Molokai","5d283bb6-64dd-4626-8b3b-a4e8db5415c3",780312500
"Tetragnatha paludicola Gillespie, 1992","Tetragnatha","paludicola",-156.10178,20.73064,"USA","Hawaii","Maui","5d283bb6-64dd-4626-8b3b-a4e8db5415c3",2165812500
"Tetragnatha paludicola Gillespie, 1992","Tetragnatha","paludicola",-156.10178,20.73064,"USA","Hawaii","Maui","5d283bb6-64dd-4626-8b3b-a4e8db5415c3",2165812500
"Tetragnatha paludicola Gillespie, 1992","Tetragnatha","paludicola",-156.10178,20.73064,"USA","Hawaii","Maui","5d283bb6-64dd-4626-8b3b-a4e8db5415c3",2165812500
"Tetragnatha eurychasma Gillespie, 1992","Tetragnatha","eurychasma",-156.89636,21.10764,"USA","Hawaii","Molokai","5d283bb6-64dd-4626-8b3b-a4e8db5415c3",780312500
"Tetragnatha kamakou Gillespie, 1992","Tetragnatha","kamakou",-156.89636,21.10764,"USA","Hawaii","Molokai","5d283bb6-64dd-4626-8b3b-a4e8db5415c3",780312500
"Tetragnatha kamakou Gillespie, 1992","Tetragnatha","kamakou",-156.89559,21.10774,"USA","Hawaii","Molokai","5d283bb6-64dd-4626-8b3b-a4e8db5415c3",780312500
"Tetragnatha eurychasma Gillespie, 1992","Tetragnatha","eurychasma",-156.89636,21.10764,"USA","Hawaii","Molokai","5d283bb6-64dd-4626-8b3b-a4e8db5415c3",780312500
"Tetragnatha eurychasma Gillespie, 1992","Tetragnatha","eurychasma",-156.89636,21.10764,"USA","Hawaii","Molokai","5d283bb6-64dd-4626-8b3b-a4e8db5415c3",780312500
"Tetragnatha eurychasma Gillespie, 1992","Tetragnatha","eurychasma",-156.89559,21.10774,"USA","Hawaii","Molokai","5d283bb6-64dd-4626-8b3b-a4e8db5415c3",780312500
"Tetragnatha eurychasma Gillespie, 1992","Tetragnatha","eurychasma",-156.89636,21.10764,"USA","Hawaii","Molokai","5d283bb6-64dd-4626-8b3b-a4e8db5415c3",780312500
"Tetragnatha eurychasma Gillespie, 1992","Tetragnatha","eurychasma",-156.89636,21.10764,"USA","Hawaii","Molokai","5d283bb6-64dd-4626-8b3b-a4e8db5415c3",780312500
"Tetragnatha kamakou Gillespie, 1992","Tetragnatha","kamakou",-156.89636,21.10764,"USA","Hawaii","Molokai","5d283bb6-64dd-4626-8b3b-a4e8db5415c3",780312500
"Tetragnatha eurychasma Gillespie, 1992","Tetragnatha","eurychasma",-156.10178,20.73064,"USA","Hawaii","Maui","5d283bb6-64dd-4626-8b3b-a4e8db5415c3",2165812500
"Tetragnatha eurychasma Gillespie, 1992","Tetragnatha","eurychasma",-156.90703,21.1095,"USA","Hawaii","Molokai","5d283bb6-64dd-4626-8b3b-a4e8db5415c3",780312500
"Tetragnatha eurychasma Gillespie, 1992","Tetragnatha","eurychasma",-156.89636,21.10764,"USA","Hawaii","Molokai","5d283bb6-64dd-4626-8b3b-a4e8db5415c3",780312500
"Tetragnatha kamakou Gillespie, 1992","Tetragnatha","kamakou",-156.89636,21.10764,"USA","Hawaii","Molokai","5d283bb6-64dd-4626-8b3b-a4e8db5415c3",780312500
"Tetragnatha acuta Gillespie, 1992","Tetragnatha","acuta",-155.59704,19.82913,"USA","Hawaii",NA,"5d283bb6-64dd-4626-8b3b-a4e8db5415c3",11824312500
"Tetragnatha kamakou Gillespie, 1992","Tetragnatha","kamakou",-156.89636,21.10764,"USA","Hawaii","Molokai","5d283bb6-64dd-4626-8b3b-a4e8db5415c3",780312500
"Tetragnatha eurychasma Gillespie, 1992","Tetragnatha","eurychasma",-156.10178,20.73064,"USA","Hawaii","Maui","5d283bb6-64dd-4626-8b3b-a4e8db5415c3",2165812500
"Tetragnatha paludicola Gillespie, 1992","Tetragnatha","paludicola",-156.10178,20.73064,"USA","Hawaii","Maui","5d283bb6-64dd-4626-8b3b-a4e8db5415c3",2165812500
"Tetragnatha eurychasma Gillespie, 1992","Tetragnatha","eurychasma",-156.10178,20.73064,"USA","Hawaii","Maui","5d283bb6-64dd-4626-8b3b-a4e8db5415c3",2165812500
"Tetragnatha kamakou Gillespie, 1992","Tetragnatha","kamakou",-156.89636,21.10764,"USA","Hawaii","Molokai","5d283bb6-64dd-4626-8b3b-a4e8db5415c3",780312500
"Tetragnatha eurychasma Gillespie, 1992","Tetragnatha","eurychasma",-156.12755,20.6902,"USA","Hawaii","Maui","5d283bb6-64dd-4626-8b3b-a4e8db5415c3",2165812500
"Tetragnatha paludicola Gillespie, 1992","Tetragnatha","paludicola",-156.10178,20.73064,"USA","Hawaii","Maui","5d283bb6-64dd-4626-8b3b-a4e8db5415c3",2165812500
"Tetragnatha kamakou Gillespie, 1992","Tetragnatha","kamakou",-156.89636,21.10764,"USA","Hawaii","Molokai","5d283bb6-64dd-4626-8b3b-a4e8db5415c3",780312500
"Tetragnatha kamakou Gillespie, 1992","Tetragnatha","kamakou",-156.89636,21.10764,"USA","Hawaii","Molokai","5d283bb6-64dd-4626-8b3b-a4e8db5415c3",780312500
"Tetragnatha eurychasma Gillespie, 1992","Tetragnatha","eurychasma",-156.12317,20.66354,"USA","Hawaii","Maui","5d283bb6-64dd-4626-8b3b-a4e8db5415c3",2165812500
"Tetragnatha kamakou Gillespie, 1992","Tetragnatha","kamakou",-156.89636,21.10764,"USA","Hawaii","Molokai","5d283bb6-64dd-4626-8b3b-a4e8db5415c3",780312500
"Tetragnatha kamakou Gillespie, 1992","Tetragnatha","kamakou",-156.89636,21.10764,"USA","Hawaii","Molokai","5d283bb6-64dd-4626-8b3b-a4e8db5415c3",780312500
"Tetragnatha paludicola Gillespie, 1992","Tetragnatha","paludicola",-156.10178,20.73064,"USA","Hawaii","Maui","5d283bb6-64dd-4626-8b3b-a4e8db5415c3",2165812500
"Tetragnatha eurychasma Gillespie, 1992","Tetragnatha","eurychasma",-156.10178,20.73064,"USA","Hawaii","Maui","5d283bb6-64dd-4626-8b3b-a4e8db5415c3",2165812500
"Tetragnatha kamakou Gillespie, 1992","Tetragnatha","kamakou",-156.10178,20.73064,"USA","Hawaii","Maui","5d283bb6-64dd-4626-8b3b-a4e8db5415c3",2165812500
"Tetragnatha quasimodo Gillespie, 1992","Tetragnatha","quasimodo",-156.10178,20.73064,"USA","Hawaii","Maui","5d283bb6-64dd-4626-8b3b-a4e8db5415c3",2165812500
"Tetragnatha stelarobusta Gillespie, 1992","Tetragnatha","stelarobusta",-156.10178,20.73064,"USA","Hawaii","Maui","5d283bb6-64dd-4626-8b3b-a4e8db5415c3",2165812500
"Tetragnatha kamakou Gillespie, 1992","Tetragnatha","kamakou",-156.10178,20.73064,"USA","Hawaii","Maui","5d283bb6-64dd-4626-8b3b-a4e8db5415c3",2165812500
"Tetragnatha paludicola Gillespie, 1992","Tetragnatha","paludicola",-156.10178,20.73064,"USA","Hawaii","Maui","5d283bb6-64dd-4626-8b3b-a4e8db5415c3",2165812500
"Tetragnatha waikamoi Gillespie, 1992","Tetragnatha","waikamoi",-156.10178,20.73064,"USA","Hawaii","Maui","5d283bb6-64dd-4626-8b3b-a4e8db5415c3",2165812500
"Tetragnatha eurychasma Gillespie, 1992","Tetragnatha","eurychasma",-156.0674,20.70707,"USA","Hawaii","Maui","5d283bb6-64dd-4626-8b3b-a4e8db5415c3",2165812500
"Tetragnatha waikamoi Gillespie, 1992","Tetragnatha","waikamoi",-156.10178,20.73064,"USA","Hawaii","Maui","5d283bb6-64dd-4626-8b3b-a4e8db5415c3",2165812500
"Tetragnatha waikamoi Gillespie, 1992","Tetragnatha","waikamoi",-156.10178,20.73064,"USA","Hawaii","Maui","5d283bb6-64dd-4626-8b3b-a4e8db5415c3",2165812500
"Tetragnatha waikamoi Gillespie, 1992","Tetragnatha","waikamoi",-156.10178,20.73064,"USA","Hawaii","Maui","5d283bb6-64dd-4626-8b3b-a4e8db5415c3",2165812500
"Tetragnatha waikamoi Gillespie, 1992","Tetragnatha","waikamoi",-156.10178,20.73064,"USA","Hawaii","Maui","5d283bb6-64dd-4626-8b3b-a4e8db5415c3",2165812500
"Tetragnatha waikamoi Gillespie, 1992","Tetragnatha","waikamoi",-156.10178,20.73064,"USA","Hawaii","Maui","5d283bb6-64dd-4626-8b3b-a4e8db5415c3",2165812500
"Tetragnatha eurychasma Gillespie, 1992","Tetragnatha","eurychasma",-156.90703,21.1095,"USA","Hawaii","Molokai","5d283bb6-64dd-4626-8b3b-a4e8db5415c3",780312500
"Tetragnatha eurychasma Gillespie, 1992","Tetragnatha","eurychasma",-156.89769,21.11181,"USA","Hawaii","Molokai","5d283bb6-64dd-4626-8b3b-a4e8db5415c3",780312500
"Tetragnatha waikamoi Gillespie, 1992","Tetragnatha","waikamoi",-156.24341,20.78077,"USA","Hawaii","Maui","5d283bb6-64dd-4626-8b3b-a4e8db5415c3",2165812500
"Tetragnatha macracantha Gillespie, 1992","Tetragnatha","macracantha",-156.13181,20.72252,"USA","Hawaii","Maui","5d283bb6-64dd-4626-8b3b-a4e8db5415c3",2165812500
"Tetragnatha waikamoi Gillespie, 1992","Tetragnatha","waikamoi",-156.10178,20.73064,"USA","Hawaii","Maui","5d283bb6-64dd-4626-8b3b-a4e8db5415c3",2165812500
"Tetragnatha eurychasma Gillespie, 1992","Tetragnatha","eurychasma",-156.90597,21.11024,"USA","Hawaii","Molokai","5d283bb6-64dd-4626-8b3b-a4e8db5415c3",780312500
"Tetragnatha eurychasma Gillespie, 1992","Tetragnatha","eurychasma",-156.58635,20.89027,"USA","Hawaii","Maui","5d283bb6-64dd-4626-8b3b-a4e8db5415c3",2165812500
"Tetragnatha eurychasma Gillespie, 1992","Tetragnatha","eurychasma",-156.90703,21.1095,"USA","Hawaii","Molokai","5d283bb6-64dd-4626-8b3b-a4e8db5415c3",780312500
"Tetragnatha restricta Simon, 1900","Tetragnatha","restricta",-156.25029,20.8047,"USA","Hawaii","Maui","5d283bb6-64dd-4626-8b3b-a4e8db5415c3",2165812500
"Tetragnatha waikamoi Gillespie, 1992","Tetragnatha","waikamoi",-156.24341,20.78077,"USA","Hawaii","Maui","5d283bb6-64dd-4626-8b3b-a4e8db5415c3",2165812500
"Tetragnatha macracantha Gillespie, 1992","Tetragnatha","macracantha",-156.13181,20.72252,"USA","Hawaii","Maui","5d283bb6-64dd-4626-8b3b-a4e8db5415c3",2165812500
"Tetragnatha macracantha Gillespie, 1992","Tetragnatha","macracantha",-156.13181,20.72252,"USA","Hawaii","Maui","5d283bb6-64dd-4626-8b3b-a4e8db5415c3",2165812500
"Tetragnatha waikamoi Gillespie, 1992","Tetragnatha","waikamoi",-156.25029,20.8047,"USA","Hawaii","Maui","5d283bb6-64dd-4626-8b3b-a4e8db5415c3",2165812500
"Tetragnatha eurychasma Gillespie, 1992","Tetragnatha","eurychasma",-156.90666,21.10814,"USA","Hawaii","Molokai","5d283bb6-64dd-4626-8b3b-a4e8db5415c3",780312500
"Tetragnatha waikamoi Gillespie, 1992","Tetragnatha","waikamoi",-156.24341,20.78077,"USA","Hawaii","Maui","5d283bb6-64dd-4626-8b3b-a4e8db5415c3",2165812500
"Tetragnatha stelarobusta Gillespie, 1992","Tetragnatha","stelarobusta",-156.12317,20.66354,"USA","Hawaii","Maui","5d283bb6-64dd-4626-8b3b-a4e8db5415c3",2165812500
"Tetragnatha waikamoi Gillespie, 1992","Tetragnatha","waikamoi",-156.24341,20.78077,"USA","Hawaii","Maui","5d283bb6-64dd-4626-8b3b-a4e8db5415c3",2165812500
"Tetragnatha eurychasma Gillespie, 1992","Tetragnatha","eurychasma",-156.58635,20.89027,"USA","Hawaii","Maui","5d283bb6-64dd-4626-8b3b-a4e8db5415c3",2165812500
"Tetragnatha paludicola Gillespie, 1992","Tetragnatha","paludicola",-156.58635,20.89027,"USA","Hawaii","Maui","5d283bb6-64dd-4626-8b3b-a4e8db5415c3",2165812500
"Tetragnatha eurychasma Gillespie, 1992","Tetragnatha","eurychasma",-156.58635,20.89027,"USA","Hawaii","Maui","5d283bb6-64dd-4626-8b3b-a4e8db5415c3",2165812500
"Tetragnatha eurychasma Gillespie, 1992","Tetragnatha","eurychasma",-156.90597,21.11024,"USA","Hawaii","Molokai","5d283bb6-64dd-4626-8b3b-a4e8db5415c3",780312500
"Tetragnatha eurychasma Gillespie, 1992","Tetragnatha","eurychasma",-156.58635,20.89027,"USA","Hawaii","Maui","5d283bb6-64dd-4626-8b3b-a4e8db5415c3",2165812500
"Tetragnatha eurychasma Gillespie, 1992","Tetragnatha","eurychasma",-156.24341,20.78077,"USA","Hawaii","Maui","5d283bb6-64dd-4626-8b3b-a4e8db5415c3",2165812500
"Tetragnatha kamakou Gillespie, 1992","Tetragnatha","kamakou",-156.12317,20.66354,"USA","Hawaii","Maui","5d283bb6-64dd-4626-8b3b-a4e8db5415c3",2165812500
"Tetragnatha kamakou Gillespie, 1992","Tetragnatha","kamakou",-156.89769,21.11181,"USA","Hawaii","Molokai","5d283bb6-64dd-4626-8b3b-a4e8db5415c3",780312500
"Tetragnatha eurychasma Gillespie, 1992","Tetragnatha","eurychasma",-156.90666,21.10814,"USA","Hawaii","Molokai","5d283bb6-64dd-4626-8b3b-a4e8db5415c3",780312500
"Tetragnatha eurychasma Gillespie, 1992","Tetragnatha","eurychasma",-156.58635,20.89027,"USA","Hawaii","Maui","5d283bb6-64dd-4626-8b3b-a4e8db5415c3",2165812500
"Tetragnatha eurychasma Gillespie, 1992","Tetragnatha","eurychasma",-156.90703,21.1095,"USA","Hawaii","Molokai","5d283bb6-64dd-4626-8b3b-a4e8db5415c3",780312500
"Tetragnatha waikamoi Gillespie, 1992","Tetragnatha","waikamoi",-156.24341,20.78077,"USA","Hawaii","Maui","5d283bb6-64dd-4626-8b3b-a4e8db5415c3",2165812500
"Tetragnatha kamakou Gillespie, 1992","Tetragnatha","kamakou",-156.89769,21.11181,"USA","Hawaii","Molokai","5d283bb6-64dd-4626-8b3b-a4e8db5415c3",780312500
"Tetragnatha kamakou Gillespie, 1992","Tetragnatha","kamakou",-156.89769,21.11181,"USA","Hawaii","Molokai","5d283bb6-64dd-4626-8b3b-a4e8db5415c3",780312500
"Tetragnatha kamakou Gillespie, 1992","Tetragnatha","kamakou",-156.24206,20.77835,"USA","Hawaii","Maui","5d283bb6-64dd-4626-8b3b-a4e8db5415c3",2165812500
"Tetragnatha eurychasma Gillespie, 1992","Tetragnatha","eurychasma",-156.58635,20.89027,"USA","Hawaii","Maui","5d283bb6-64dd-4626-8b3b-a4e8db5415c3",2165812500
"Tetragnatha kamakou Gillespie, 1992","Tetragnatha","kamakou",-156.89769,21.11181,"USA","Hawaii","Molokai","5d283bb6-64dd-4626-8b3b-a4e8db5415c3",780312500
"Tetragnatha kamakou Gillespie, 1992","Tetragnatha","kamakou",-156.89769,21.11181,"USA","Hawaii","Molokai","5d283bb6-64dd-4626-8b3b-a4e8db5415c3",780312500
"Tetragnatha kamakou Gillespie, 1992","Tetragnatha","kamakou",-156.89613,21.11191,"USA","Hawaii","Molokai","5d283bb6-64dd-4626-8b3b-a4e8db5415c3",780312500
"Tetragnatha kamakou Gillespie, 1992","Tetragnatha","kamakou",-156.89793,21.11195,"USA","Hawaii","Molokai","5d283bb6-64dd-4626-8b3b-a4e8db5415c3",780312500
"Tetragnatha eurychasma Gillespie, 1992","Tetragnatha","eurychasma",-156.58635,20.89027,"USA","Hawaii","Maui","5d283bb6-64dd-4626-8b3b-a4e8db5415c3",2165812500
"Tetragnatha eurychasma Gillespie, 1992","Tetragnatha","eurychasma",-156.58635,20.89027,"USA","Hawaii","Maui","5d283bb6-64dd-4626-8b3b-a4e8db5415c3",2165812500
"Tetragnatha paludicola Gillespie, 1992","Tetragnatha","paludicola",-156.10178,20.73064,"USA","Hawaii","Maui","5d283bb6-64dd-4626-8b3b-a4e8db5415c3",2165812500
"Tetragnatha eurychasma Gillespie, 1992","Tetragnatha","eurychasma",-156.24341,20.78077,"USA","Hawaii","Maui","5d283bb6-64dd-4626-8b3b-a4e8db5415c3",2165812500
"Tetragnatha quasimodo Gillespie, 1992","Tetragnatha","quasimodo",-155.27112,19.71573,"USA","Hawaii",NA,"5d283bb6-64dd-4626-8b3b-a4e8db5415c3",11824312500
"Tetragnatha eurychasma Gillespie, 1992","Tetragnatha","eurychasma",-156.58635,20.89027,"USA","Hawaii","Maui","5d283bb6-64dd-4626-8b3b-a4e8db5415c3",2165812500
"Tetragnatha kamakou Gillespie, 1992","Tetragnatha","kamakou",-156.89793,21.11195,"USA","Hawaii","Molokai","5d283bb6-64dd-4626-8b3b-a4e8db5415c3",780312500
"Tetragnatha eurychasma Gillespie, 1992","Tetragnatha","eurychasma",-156.58635,20.89027,"USA","Hawaii","Maui","5d283bb6-64dd-4626-8b3b-a4e8db5415c3",2165812500
"Tetragnatha kamakou Gillespie, 1992","Tetragnatha","kamakou",-156.89623,21.10768,"USA","Hawaii","Molokai","5d283bb6-64dd-4626-8b3b-a4e8db5415c3",780312500
"Tetragnatha quasimodo Gillespie, 1992","Tetragnatha","quasimodo",-155.1824,19.55201,"USA","Hawaii",NA,"5d283bb6-64dd-4626-8b3b-a4e8db5415c3",11824312500
"Tetragnatha eurychasma Gillespie, 1992","Tetragnatha","eurychasma",-156.58635,20.89027,"USA","Hawaii","Maui","5d283bb6-64dd-4626-8b3b-a4e8db5415c3",2165812500
"Tetragnatha waikamoi Gillespie, 1992","Tetragnatha","waikamoi",-156.24296,20.78039,"USA","Hawaii","Maui","5d283bb6-64dd-4626-8b3b-a4e8db5415c3",2165812500
"Tetragnatha eurychasma Gillespie, 1992","Tetragnatha","eurychasma",-156.06474,20.66402,"Hawaii","Maui",NA,"5d283bb6-64dd-4626-8b3b-a4e8db5415c3",2165812500
"Tetragnatha macracantha Gillespie, 1992","Tetragnatha","macracantha",-156.06474,20.66402,"Hawaii","Maui",NA,"5d283bb6-64dd-4626-8b3b-a4e8db5415c3",2165812500
"Tetragnatha restricta Simon, 1900","Tetragnatha","restricta",-156.25627,20.80206,"USA","Hawaii","Maui","5d283bb6-64dd-4626-8b3b-a4e8db5415c3",2165812500
"Tetragnatha macracantha Gillespie, 1992","Tetragnatha","macracantha",-156.06474,20.66402,"Hawaii","Maui",NA,"5d283bb6-64dd-4626-8b3b-a4e8db5415c3",2165812500
"Tetragnatha macracantha Gillespie, 1992","Tetragnatha","macracantha",-156.13181,20.72252,"USA","Hawaii","Maui","5d283bb6-64dd-4626-8b3b-a4e8db5415c3",2165812500
"Tetragnatha quasimodo Gillespie, 1992","Tetragnatha","quasimodo",-155.77678,19.4186,"USA","Hawaii",NA,"5d283bb6-64dd-4626-8b3b-a4e8db5415c3",11824312500
"Tetragnatha eurychasma Gillespie, 1992","Tetragnatha","eurychasma",-156.57449,20.91665,"USA","Hawaii","Maui","5d283bb6-64dd-4626-8b3b-a4e8db5415c3",2165812500
"Tetragnatha quasimodo Gillespie, 1992","Tetragnatha","quasimodo",-156.88545,21.11401,"USA","Hawaii","Molokai","5d283bb6-64dd-4626-8b3b-a4e8db5415c3",780312500
"Tetragnatha stelarobusta Gillespie, 1992","Tetragnatha","stelarobusta",-156.57425,20.9198,"USA","Hawaii","Maui","5d283bb6-64dd-4626-8b3b-a4e8db5415c3",2165812500
"Tetragnatha stelarobusta Gillespie, 1992","Tetragnatha","stelarobusta",-156.55551,20.84017,"USA","Hawaii","Maui","5d283bb6-64dd-4626-8b3b-a4e8db5415c3",2165812500
"Tetragnatha eurychasma Gillespie, 1992","Tetragnatha","eurychasma",-156.89636,21.10764,"USA","Hawaii","Molokai","5d283bb6-64dd-4626-8b3b-a4e8db5415c3",780312500
"Tetragnatha restricta Simon, 1900","Tetragnatha","restricta",-155.32681,19.82759,"USA","Hawaii",NA,"5d283bb6-64dd-4626-8b3b-a4e8db5415c3",11824312500
"Tetragnatha kamakou Gillespie, 1992","Tetragnatha","kamakou",-156.22656,20.80855,"USA","Hawaii","Maui","5d283bb6-64dd-4626-8b3b-a4e8db5415c3",2165812500
"Tetragnatha quasimodo Gillespie, 1992","Tetragnatha","quasimodo",-156.89613,21.11191,"USA","Hawaii","Molokai","5d283bb6-64dd-4626-8b3b-a4e8db5415c3",780312500
"Tetragnatha quasimodo Gillespie, 1992","Tetragnatha","quasimodo",-156.9097,21.11761,"USA","Hawaii","Molokai","5d283bb6-64dd-4626-8b3b-a4e8db5415c3",780312500
"Tetragnatha kamakou Gillespie, 1992","Tetragnatha","kamakou",-156.10178,20.73064,"USA","Hawaii","Maui","5d283bb6-64dd-4626-8b3b-a4e8db5415c3",2165812500
"Tetragnatha stelarobusta Gillespie, 1992","Tetragnatha","stelarobusta",-156.57449,20.91665,"USA","Hawaii","Maui","5d283bb6-64dd-4626-8b3b-a4e8db5415c3",2165812500
"Tetragnatha kamakou Gillespie, 1992","Tetragnatha","kamakou",-156.10178,20.73064,"USA","Hawaii","Maui","5d283bb6-64dd-4626-8b3b-a4e8db5415c3",2165812500
"Tetragnatha paludicola Gillespie, 1992","Tetragnatha","paludicola",-156.10178,20.73064,"USA","Hawaii","Maui","5d283bb6-64dd-4626-8b3b-a4e8db5415c3",2165812500
"Tetragnatha restricta Simon, 1900","Tetragnatha","restricta",-155.32681,19.82759,"USA","Hawaii",NA,"5d283bb6-64dd-4626-8b3b-a4e8db5415c3",11824312500
"Tetragnatha quasimodo Gillespie, 1992","Tetragnatha","quasimodo",-156.89651,21.10765,"USA","Hawaii","Molokai","5d283bb6-64dd-4626-8b3b-a4e8db5415c3",780312500
"Tetragnatha kamakou Gillespie, 1992","Tetragnatha","kamakou",-156.22656,20.80855,"USA","Hawaii","Maui","5d283bb6-64dd-4626-8b3b-a4e8db5415c3",2165812500
"Tetragnatha quasimodo Gillespie, 1992","Tetragnatha","quasimodo",-156.87312,20.81217,"USA","Hawaii","Lanai","5d283bb6-64dd-4626-8b3b-a4e8db5415c3",419687500
"Tetragnatha stelarobusta Gillespie, 1992","Tetragnatha","stelarobusta",-156.57449,20.91665,"USA","Hawaii","Maui","5d283bb6-64dd-4626-8b3b-a4e8db5415c3",2165812500
"Tetragnatha stelarobusta Gillespie, 1992","Tetragnatha","stelarobusta",-156.57449,20.91665,"USA","Hawaii","Maui","5d283bb6-64dd-4626-8b3b-a4e8db5415c3",2165812500
"Tetragnatha kamakou Gillespie, 1992","Tetragnatha","kamakou",-156.22656,20.80855,"USA","Hawaii","Maui","5d283bb6-64dd-4626-8b3b-a4e8db5415c3",2165812500
"Tetragnatha brevignatha Gillespie, 1992","Tetragnatha","brevignatha",-155.25204,19.56281,"USA","Hawaii",NA,"5d283bb6-64dd-4626-8b3b-a4e8db5415c3",11824312500
"Tetragnatha quasimodo Gillespie, 1992","Tetragnatha","quasimodo",-156.89613,21.11191,"USA","Hawaii","Molokai","5d283bb6-64dd-4626-8b3b-a4e8db5415c3",780312500
"Tetragnatha kamakou Gillespie, 1992","Tetragnatha","kamakou",-156.10178,20.73064,"USA","Hawaii","Maui","5d283bb6-64dd-4626-8b3b-a4e8db5415c3",2165812500
"Tetragnatha kamakou Gillespie, 1992","Tetragnatha","kamakou",-156.10178,20.73064,"USA","Hawaii","Maui","5d283bb6-64dd-4626-8b3b-a4e8db5415c3",2165812500
"Tetragnatha quasimodo Gillespie, 1992","Tetragnatha","quasimodo",-156.90159,21.1022,"USA","Hawaii","Molokai","5d283bb6-64dd-4626-8b3b-a4e8db5415c3",780312500
"Tetragnatha kamakou Gillespie, 1992","Tetragnatha","kamakou",-156.22656,20.80855,"USA","Hawaii","Maui","5d283bb6-64dd-4626-8b3b-a4e8db5415c3",2165812500
"Tetragnatha brevignatha Gillespie, 1992","Tetragnatha","brevignatha",-155.7633,20.11482,"USA","Hawaii",NA,"5d283bb6-64dd-4626-8b3b-a4e8db5415c3",11824312500
"Tetragnatha kamakou Gillespie, 1992","Tetragnatha","kamakou",-156.10178,20.73064,"USA","Hawaii","Maui","5d283bb6-64dd-4626-8b3b-a4e8db5415c3",2165812500
"Tetragnatha eurychasma Gillespie, 1992","Tetragnatha","eurychasma",-156.10178,20.73064,"USA","Hawaii","Maui","5d283bb6-64dd-4626-8b3b-a4e8db5415c3",2165812500
"Tetragnatha kamakou Gillespie, 1992","Tetragnatha","kamakou",-156.10178,20.73064,"USA","Hawaii","Maui","5d283bb6-64dd-4626-8b3b-a4e8db5415c3",2165812500
"Tetragnatha kamakou Gillespie, 1992","Tetragnatha","kamakou",-156.22656,20.80855,"USA","Hawaii","Maui","5d283bb6-64dd-4626-8b3b-a4e8db5415c3",2165812500
"Tetragnatha quasimodo Gillespie, 1992","Tetragnatha","quasimodo",-156.88545,21.11401,"USA","Hawaii","Molokai","5d283bb6-64dd-4626-8b3b-a4e8db5415c3",780312500
"Tetragnatha quasimodo Gillespie, 1992","Tetragnatha","quasimodo",-156.13181,20.72252,"USA","Hawaii","Maui","5d283bb6-64dd-4626-8b3b-a4e8db5415c3",2165812500
"Tetragnatha quasimodo Gillespie, 1992","Tetragnatha","quasimodo",-155.32681,19.82759,"USA","Hawaii",NA,"5d283bb6-64dd-4626-8b3b-a4e8db5415c3",11824312500
"Tetragnatha kamakou Gillespie, 1992","Tetragnatha","kamakou",-156.10178,20.73064,"USA","Hawaii","Maui","5d283bb6-64dd-4626-8b3b-a4e8db5415c3",2165812500
"Tetragnatha quasimodo Gillespie, 1992","Tetragnatha","quasimodo",-156.28436,20.75703,"USA","Hawaii","Maui","5d283bb6-64dd-4626-8b3b-a4e8db5415c3",2165812500
"Tetragnatha quasimodo Gillespie, 1992","Tetragnatha","quasimodo",-156.88545,21.11401,"USA","Hawaii","Molokai","5d283bb6-64dd-4626-8b3b-a4e8db5415c3",780312500
"Tetragnatha quasimodo Gillespie, 1992","Tetragnatha","quasimodo",-156.90282,21.10361,"USA","Hawaii","Molokai","5d283bb6-64dd-4626-8b3b-a4e8db5415c3",780312500
"Tetragnatha kamakou Gillespie, 1992","Tetragnatha","kamakou",-156.10178,20.73064,"USA","Hawaii","Maui","5d283bb6-64dd-4626-8b3b-a4e8db5415c3",2165812500
"Tetragnatha kamakou Gillespie, 1992","Tetragnatha","kamakou",-156.57449,20.91665,"USA","Hawaii","Maui","5d283bb6-64dd-4626-8b3b-a4e8db5415c3",2165812500
"Tetragnatha kamakou Gillespie, 1992","Tetragnatha","kamakou",-156.10178,20.73064,"USA","Hawaii","Maui","5d283bb6-64dd-4626-8b3b-a4e8db5415c3",2165812500
"Tetragnatha quasimodo Gillespie, 1992","Tetragnatha","quasimodo",-156.89643,21.12052,"USA","Hawaii","Molokai","5d283bb6-64dd-4626-8b3b-a4e8db5415c3",780312500
"Tetragnatha stelarobusta Gillespie, 1992","Tetragnatha","stelarobusta",-156.89643,21.12052,"USA","Hawaii","Molokai","5d283bb6-64dd-4626-8b3b-a4e8db5415c3",780312500
"Tetragnatha eurychasma Gillespie, 1992","Tetragnatha","eurychasma",-156.10847,20.71102,"USA","Hawaii","Maui","5d283bb6-64dd-4626-8b3b-a4e8db5415c3",2165812500
"Tetragnatha quasimodo Gillespie, 1992","Tetragnatha","quasimodo",-156.22656,20.80855,"USA","Hawaii","Maui","5d283bb6-64dd-4626-8b3b-a4e8db5415c3",2165812500
"Tetragnatha quasimodo Gillespie, 1992","Tetragnatha","quasimodo",-156.9097,21.11761,"USA","Hawaii","Molokai","5d283bb6-64dd-4626-8b3b-a4e8db5415c3",780312500
"Tetragnatha quasimodo Gillespie, 1992","Tetragnatha","quasimodo",-156.88545,21.11401,"USA","Hawaii","Molokai","5d283bb6-64dd-4626-8b3b-a4e8db5415c3",780312500
"Tetragnatha quasimodo Gillespie, 1992","Tetragnatha","quasimodo",-155.21715,19.42047,"USA","Hawaii",NA,"5d283bb6-64dd-4626-8b3b-a4e8db5415c3",11824312500
"Tetragnatha quasimodo Gillespie, 1992","Tetragnatha","quasimodo",-155.25484,19.47335,"USA","Hawaii",NA,"5d283bb6-64dd-4626-8b3b-a4e8db5415c3",11824312500
"Tetragnatha kamakou Gillespie, 1992","Tetragnatha","kamakou",-156.10178,20.73064,"USA","Hawaii","Maui","5d283bb6-64dd-4626-8b3b-a4e8db5415c3",2165812500
"Tetragnatha quasimodo Gillespie, 1992","Tetragnatha","quasimodo",-156.10597,20.79909,"USA","Hawaii","Maui","5d283bb6-64dd-4626-8b3b-a4e8db5415c3",2165812500
"Tetragnatha quasimodo Gillespie, 1992","Tetragnatha","quasimodo",-155.33184,19.78723,"USA","Hawaii",NA,"5d283bb6-64dd-4626-8b3b-a4e8db5415c3",11824312500
"Tetragnatha quasimodo Gillespie, 1992","Tetragnatha","quasimodo",-155.22557,19.47578,"USA","Hawaii",NA,"5d283bb6-64dd-4626-8b3b-a4e8db5415c3",11824312500
"Tetragnatha quasimodo Gillespie, 1992","Tetragnatha","quasimodo",-155.34678,19.67002,"USA","Hawaii",NA,"5d283bb6-64dd-4626-8b3b-a4e8db5415c3",11824312500
"Tetragnatha quasimodo Gillespie, 1992","Tetragnatha","quasimodo",-155.38698,19.67796,"USA","Hawaii",NA,"5d283bb6-64dd-4626-8b3b-a4e8db5415c3",11824312500
"Tetragnatha quasimodo Gillespie, 1992","Tetragnatha","quasimodo",-155.38698,19.67796,"USA","Hawaii",NA,"5d283bb6-64dd-4626-8b3b-a4e8db5415c3",11824312500
"Tetragnatha quasimodo Gillespie, 1992","Tetragnatha","quasimodo",-155.27505,19.91998,"USA","Hawaii",NA,"5d283bb6-64dd-4626-8b3b-a4e8db5415c3",11824312500
"Tetragnatha quasimodo Gillespie, 1992","Tetragnatha","quasimodo",-156.87197,20.81028,"USA","Hawaii","Lanai","5d283bb6-64dd-4626-8b3b-a4e8db5415c3",419687500
"Tetragnatha eurychasma Gillespie, 1992","Tetragnatha","eurychasma",-156.8971,21.10743,"USA","Hawaii","Molokai","5d283bb6-64dd-4626-8b3b-a4e8db5415c3",780312500
"Tetragnatha quasimodo Gillespie, 1992","Tetragnatha","quasimodo",-155.82842,19.24596,"USA","Hawaii",NA,"5d283bb6-64dd-4626-8b3b-a4e8db5415c3",11824312500
"Tetragnatha anuenue Gillespie, 2002","Tetragnatha","anuenue",-155.26788,19.92734,"USA","Hawaii",NA,"5d283bb6-64dd-4626-8b3b-a4e8db5415c3",11824312500
"Tetragnatha quasimodo Gillespie, 1992","Tetragnatha","quasimodo",-155.82842,19.24596,"USA","Hawaii",NA,"5d283bb6-64dd-4626-8b3b-a4e8db5415c3",11824312500
"Tetragnatha waikamoi Gillespie, 1992","Tetragnatha","waikamoi",-156.22404,20.80779,"USA","Hawaii","Maui","5d283bb6-64dd-4626-8b3b-a4e8db5415c3",2165812500
"Tetragnatha quasimodo Gillespie, 1992","Tetragnatha","quasimodo",-155.25204,19.56281,"USA","Hawaii",NA,"5d283bb6-64dd-4626-8b3b-a4e8db5415c3",11824312500
"Tetragnatha quasimodo Gillespie, 1992","Tetragnatha","quasimodo",-155.26568,19.49058,"USA","Hawaii",NA,"5d283bb6-64dd-4626-8b3b-a4e8db5415c3",11824312500
"Tetragnatha quasimodo Gillespie, 1992","Tetragnatha","quasimodo",-155.26788,19.92734,"USA","Hawaii",NA,"5d283bb6-64dd-4626-8b3b-a4e8db5415c3",11824312500
"Tetragnatha anuenue Gillespie, 2002","Tetragnatha","anuenue",-155.26568,19.49058,"USA","Hawaii",NA,"5d283bb6-64dd-4626-8b3b-a4e8db5415c3",11824312500
"Tetragnatha quasimodo Gillespie, 1992","Tetragnatha","quasimodo",-155.82842,19.24596,"USA","Hawaii",NA,"5d283bb6-64dd-4626-8b3b-a4e8db5415c3",11824312500
"Tetragnatha anuenue Gillespie, 2002","Tetragnatha","anuenue",-155.25204,19.56281,"USA","Hawaii",NA,"5d283bb6-64dd-4626-8b3b-a4e8db5415c3",11824312500
"Tetragnatha quasimodo Gillespie, 1992","Tetragnatha","quasimodo",-155.25204,19.56281,"USA","Hawaii",NA,"5d283bb6-64dd-4626-8b3b-a4e8db5415c3",11824312500
"Tetragnatha anuenue Gillespie, 2002","Tetragnatha","anuenue",-155.25204,19.56281,"USA","Hawaii",NA,"5d283bb6-64dd-4626-8b3b-a4e8db5415c3",11824312500
"Tetragnatha anuenue Gillespie, 2002","Tetragnatha","anuenue",-155.25204,19.56281,"USA","Hawaii",NA,"5d283bb6-64dd-4626-8b3b-a4e8db5415c3",11824312500
"Tetragnatha acuta Gillespie, 1992","Tetragnatha","acuta",-155.36489,19.66347,"USA","Hawaii",NA,"5d283bb6-64dd-4626-8b3b-a4e8db5415c3",11824312500
"Tetragnatha quasimodo Gillespie, 1992","Tetragnatha","quasimodo",-155.25204,19.56281,"USA","Hawaii",NA,"5d283bb6-64dd-4626-8b3b-a4e8db5415c3",11824312500
"Tetragnatha perkinsi Simon, 1900","Tetragnatha","perkinsi",-155.24978,19.46457,"USA","Hawaii",NA,"5d283bb6-64dd-4626-8b3b-a4e8db5415c3",11824312500
"Tetragnatha anuenue Gillespie, 2002","Tetragnatha","anuenue",-155.26568,19.49058,"USA","Hawaii",NA,"5d283bb6-64dd-4626-8b3b-a4e8db5415c3",11824312500
"Tetragnatha anuenue Gillespie, 2002","Tetragnatha","anuenue",-155.26568,19.49058,"USA","Hawaii",NA,"5d283bb6-64dd-4626-8b3b-a4e8db5415c3",11824312500
"Tetragnatha waikamoi Gillespie, 1992","Tetragnatha","waikamoi",-156.22404,20.80779,"USA","Hawaii","Maui","5d283bb6-64dd-4626-8b3b-a4e8db5415c3",2165812500
"Tetragnatha quasimodo Gillespie, 1992","Tetragnatha","quasimodo",-156.22656,20.80855,"USA","Hawaii","Maui","5d283bb6-64dd-4626-8b3b-a4e8db5415c3",2165812500
"Tetragnatha quasimodo Gillespie, 1992","Tetragnatha","quasimodo",-155.26568,19.49058,"USA","Hawaii",NA,"5d283bb6-64dd-4626-8b3b-a4e8db5415c3",11824312500
"Tetragnatha brevignatha Gillespie, 1992","Tetragnatha","brevignatha",-155.25014,19.54944,"USA","Hawaii",NA,"5d283bb6-64dd-4626-8b3b-a4e8db5415c3",11824312500
"Tetragnatha eurychasma Gillespie, 1992","Tetragnatha","eurychasma",-156.22656,20.80855,"USA","Hawaii","Maui","5d283bb6-64dd-4626-8b3b-a4e8db5415c3",2165812500
"Tetragnatha macracantha Gillespie, 1992","Tetragnatha","macracantha",-156.07235,20.67484,"USA","Hawaii","Maui","5d283bb6-64dd-4626-8b3b-a4e8db5415c3",2165812500
"Tetragnatha quasimodo Gillespie, 1992","Tetragnatha","quasimodo",-155.71437,20.09357,"USA","Hawaii",NA,"5d283bb6-64dd-4626-8b3b-a4e8db5415c3",11824312500
"Tetragnatha anuenue Gillespie, 2002","Tetragnatha","anuenue",-155.33349,19.67483,"USA","Hawaii",NA,"5d283bb6-64dd-4626-8b3b-a4e8db5415c3",11824312500
"Tetragnatha perkinsi Simon, 1900","Tetragnatha","perkinsi",-155.24978,19.46457,"USA","Hawaii",NA,"5d283bb6-64dd-4626-8b3b-a4e8db5415c3",11824312500
"Tetragnatha macracantha Gillespie, 1992","Tetragnatha","macracantha",-156.07235,20.67484,"USA","Hawaii","Maui","5d283bb6-64dd-4626-8b3b-a4e8db5415c3",2165812500
"Tetragnatha anuenue Gillespie, 2002","Tetragnatha","anuenue",-155.36489,19.66347,"USA","Hawaii",NA,"5d283bb6-64dd-4626-8b3b-a4e8db5415c3",11824312500
"Tetragnatha anuenue Gillespie, 2002","Tetragnatha","anuenue",-155.26788,19.92734,"USA","Hawaii",NA,"5d283bb6-64dd-4626-8b3b-a4e8db5415c3",11824312500
"Tetragnatha quasimodo Gillespie, 1992","Tetragnatha","quasimodo",-156.25436,20.80984,"USA","Hawaii","Maui","5d283bb6-64dd-4626-8b3b-a4e8db5415c3",2165812500
"Tetragnatha kamakou Gillespie, 1992","Tetragnatha","kamakou",-156.11602,20.71607,"USA","Hawaii","Maui","5d283bb6-64dd-4626-8b3b-a4e8db5415c3",2165812500
"Tetragnatha quasimodo Gillespie, 1992","Tetragnatha","quasimodo",-155.71797,20.09191,"USA","Hawaii",NA,"5d283bb6-64dd-4626-8b3b-a4e8db5415c3",11824312500
"Tetragnatha brevignatha Gillespie, 1992","Tetragnatha","brevignatha",-155.33324,19.67482,"USA","Hawaii",NA,"5d283bb6-64dd-4626-8b3b-a4e8db5415c3",11824312500
"Tetragnatha hawaiensis Simon, 1900","Tetragnatha","hawaiensis",-155.36489,19.66347,"USA","Hawaii",NA,"5d283bb6-64dd-4626-8b3b-a4e8db5415c3",11824312500
"Tetragnatha quasimodo Gillespie, 1992","Tetragnatha","quasimodo",-156.13675,20.72435,"USA","Hawaii","Maui","5d283bb6-64dd-4626-8b3b-a4e8db5415c3",2165812500
"Tetragnatha quasimodo Gillespie, 1992","Tetragnatha","quasimodo",-155.71437,20.09357,"USA","Hawaii",NA,"5d283bb6-64dd-4626-8b3b-a4e8db5415c3",11824312500
"Tetragnatha anuenue Gillespie, 2002","Tetragnatha","anuenue",-155.26568,19.49058,"USA","Hawaii",NA,"5d283bb6-64dd-4626-8b3b-a4e8db5415c3",11824312500
"Tetragnatha waikamoi Gillespie, 1992","Tetragnatha","waikamoi",-156.10178,20.73064,"USA","Hawaii","Maui","5d283bb6-64dd-4626-8b3b-a4e8db5415c3",2165812500
"Tetragnatha quasimodo Gillespie, 1992","Tetragnatha","quasimodo",-155.71437,20.09357,"USA","Hawaii",NA,"5d283bb6-64dd-4626-8b3b-a4e8db5415c3",11824312500
"Tetragnatha brevignatha Gillespie, 1992","Tetragnatha","brevignatha",-155.71437,20.09357,"USA","Hawaii",NA,"5d283bb6-64dd-4626-8b3b-a4e8db5415c3",11824312500
"Tetragnatha quasimodo Gillespie, 1992","Tetragnatha","quasimodo",-155.71437,20.09357,"USA","Hawaii",NA,"5d283bb6-64dd-4626-8b3b-a4e8db5415c3",11824312500
"Tetragnatha macracantha Gillespie, 1992","Tetragnatha","macracantha",-156.11602,20.71607,"USA","Hawaii","Maui","5d283bb6-64dd-4626-8b3b-a4e8db5415c3",2165812500
"Tetragnatha kamakou Gillespie, 1992","Tetragnatha","kamakou",-156.11602,20.71607,"USA","Hawaii","Maui","5d283bb6-64dd-4626-8b3b-a4e8db5415c3",2165812500
"Tetragnatha macracantha Gillespie, 1992","Tetragnatha","macracantha",-156.10233,20.71198,"USA","Hawaii","Maui","5d283bb6-64dd-4626-8b3b-a4e8db5415c3",2165812500
"Tetragnatha brevignatha Gillespie, 1992","Tetragnatha","brevignatha",-155.33349,19.67483,"USA","Hawaii",NA,"5d283bb6-64dd-4626-8b3b-a4e8db5415c3",11824312500
"Tetragnatha waikamoi Gillespie, 1992","Tetragnatha","waikamoi",-156.22656,20.80855,"USA","Hawaii","Maui","5d283bb6-64dd-4626-8b3b-a4e8db5415c3",2165812500
"Tetragnatha macracantha Gillespie, 1992","Tetragnatha","macracantha",-156.07235,20.67484,"USA","Hawaii","Maui","5d283bb6-64dd-4626-8b3b-a4e8db5415c3",2165812500
"Tetragnatha quasimodo Gillespie, 1992","Tetragnatha","quasimodo",-155.71437,20.09357,"USA","Hawaii",NA,"5d283bb6-64dd-4626-8b3b-a4e8db5415c3",11824312500
"Tetragnatha brevignatha Gillespie, 1992","Tetragnatha","brevignatha",-155.80262,19.16946,"USA","Hawaii",NA,"5d283bb6-64dd-4626-8b3b-a4e8db5415c3",11824312500
"Tetragnatha kamakou Gillespie, 1992","Tetragnatha","kamakou",-156.10233,20.71198,"USA","Hawaii","Maui","5d283bb6-64dd-4626-8b3b-a4e8db5415c3",2165812500
"Tetragnatha brevignatha Gillespie, 1992","Tetragnatha","brevignatha",-155.33351,19.67476,"USA","Hawaii",NA,"5d283bb6-64dd-4626-8b3b-a4e8db5415c3",11824312500
"Tetragnatha quasimodo Gillespie, 1992","Tetragnatha","quasimodo",-156.08001,20.68035,"USA","Hawaii","Maui","5d283bb6-64dd-4626-8b3b-a4e8db5415c3",2165812500
"Tetragnatha macracantha Gillespie, 1992","Tetragnatha","macracantha",-156.07235,20.67484,"USA","Hawaii","Maui","5d283bb6-64dd-4626-8b3b-a4e8db5415c3",2165812500
"Tetragnatha macracantha Gillespie, 1992","Tetragnatha","macracantha",-156.11602,20.71607,"USA","Hawaii","Maui","5d283bb6-64dd-4626-8b3b-a4e8db5415c3",2165812500
"Tetragnatha anuenue Gillespie, 2002","Tetragnatha","anuenue",-155.26568,19.49058,"USA","Hawaii",NA,"5d283bb6-64dd-4626-8b3b-a4e8db5415c3",11824312500
"Tetragnatha quasimodo Gillespie, 1992","Tetragnatha","quasimodo",-156.60307,20.85001,"USA","Hawaii","Maui","5d283bb6-64dd-4626-8b3b-a4e8db5415c3",2165812500
"Tetragnatha macracantha Gillespie, 1992","Tetragnatha","macracantha",-156.10233,20.71198,"USA","Hawaii","Maui","5d283bb6-64dd-4626-8b3b-a4e8db5415c3",2165812500
"Tetragnatha quasimodo Gillespie, 1992","Tetragnatha","quasimodo",-155.71437,20.09357,"USA","Hawaii",NA,"5d283bb6-64dd-4626-8b3b-a4e8db5415c3",11824312500
"Tetragnatha eurychasma Gillespie, 1992","Tetragnatha","eurychasma",-156.07186,20.6751,"USA","Hawaii","Maui","5d283bb6-64dd-4626-8b3b-a4e8db5415c3",2165812500
"Tetragnatha quasimodo Gillespie, 1992","Tetragnatha","quasimodo",-155.71437,20.09357,"USA","Hawaii",NA,"5d283bb6-64dd-4626-8b3b-a4e8db5415c3",11824312500
"Tetragnatha quasimodo Gillespie, 1992","Tetragnatha","quasimodo",-156.90379,21.12364,"USA","Hawaii","Molokai","5d283bb6-64dd-4626-8b3b-a4e8db5415c3",780312500
"Tetragnatha kamakou Gillespie, 1992","Tetragnatha","kamakou",-156.13181,20.72252,"USA","Hawaii","Maui","5d283bb6-64dd-4626-8b3b-a4e8db5415c3",2165812500
"Tetragnatha kamakou Gillespie, 1992","Tetragnatha","kamakou",-156.11602,20.71607,"USA","Hawaii","Maui","5d283bb6-64dd-4626-8b3b-a4e8db5415c3",2165812500
"Tetragnatha anuenue Gillespie, 2002","Tetragnatha","anuenue",-155.25204,19.56281,"USA","Hawaii",NA,"5d283bb6-64dd-4626-8b3b-a4e8db5415c3",11824312500
"Tetragnatha kamakou Gillespie, 1992","Tetragnatha","kamakou",-156.13181,20.72252,"USA","Hawaii","Maui","5d283bb6-64dd-4626-8b3b-a4e8db5415c3",2165812500
"Tetragnatha eurychasma Gillespie, 1992","Tetragnatha","eurychasma",-156.22656,20.80855,"USA","Hawaii","Maui","5d283bb6-64dd-4626-8b3b-a4e8db5415c3",2165812500
"Tetragnatha quasimodo Gillespie, 1992","Tetragnatha","quasimodo",-155.71437,20.09357,"USA","Hawaii",NA,"5d283bb6-64dd-4626-8b3b-a4e8db5415c3",11824312500
"Tetragnatha macracantha Gillespie, 1992","Tetragnatha","macracantha",-156.08358,20.70074,"USA","Hawaii","Maui","5d283bb6-64dd-4626-8b3b-a4e8db5415c3",2165812500
"Tetragnatha quasimodo Gillespie, 1992","Tetragnatha","quasimodo",-156.0787,20.67888,"USA","Hawaii","Maui","5d283bb6-64dd-4626-8b3b-a4e8db5415c3",2165812500
"Tetragnatha acuta Gillespie, 1992","Tetragnatha","acuta",-155.32788,19.82662,"USA","Hawaii",NA,"5d283bb6-64dd-4626-8b3b-a4e8db5415c3",11824312500
"Tetragnatha quasimodo Gillespie, 1992","Tetragnatha","quasimodo",-156.12381,20.74615,"USA","Hawaii","Maui","5d283bb6-64dd-4626-8b3b-a4e8db5415c3",2165812500
"Tetragnatha hawaiensis Simon, 1900","Tetragnatha","hawaiensis",-155.19613,19.52711,"USA","Hawaii",NA,"5d283bb6-64dd-4626-8b3b-a4e8db5415c3",11824312500
"Tetragnatha quasimodo Gillespie, 1992","Tetragnatha","quasimodo",-155.28522,19.91084,"USA","Hawaii",NA,"5d283bb6-64dd-4626-8b3b-a4e8db5415c3",11824312500
"Tetragnatha quasimodo Gillespie, 1992","Tetragnatha","quasimodo",-155.26827,19.92712,"USA","Hawaii",NA,"5d283bb6-64dd-4626-8b3b-a4e8db5415c3",11824312500
"Tetragnatha macracantha Gillespie, 1992","Tetragnatha","macracantha",-156.10631,20.79875,"USA","Hawaii","Maui","5d283bb6-64dd-4626-8b3b-a4e8db5415c3",2165812500
"Tetragnatha quasimodo Gillespie, 1992","Tetragnatha","quasimodo",-155.25251,19.56273,"USA","Hawaii",NA,"5d283bb6-64dd-4626-8b3b-a4e8db5415c3",11824312500
"Tetragnatha anuenue Gillespie, 2002","Tetragnatha","anuenue",-155.28522,19.91084,"USA","Hawaii",NA,"5d283bb6-64dd-4626-8b3b-a4e8db5415c3",11824312500
"Tetragnatha anuenue Gillespie, 2002","Tetragnatha","anuenue",-155.25187,19.94459,"USA","Hawaii",NA,"5d283bb6-64dd-4626-8b3b-a4e8db5415c3",11824312500
"Tetragnatha anuenue Gillespie, 2002","Tetragnatha","anuenue",-155.25251,19.56273,"USA","Hawaii",NA,"5d283bb6-64dd-4626-8b3b-a4e8db5415c3",11824312500
"Tetragnatha quasimodo Gillespie, 1992","Tetragnatha","quasimodo",-155.25187,19.94459,"USA","Hawaii",NA,"5d283bb6-64dd-4626-8b3b-a4e8db5415c3",11824312500
"Tetragnatha quasimodo Gillespie, 1992","Tetragnatha","quasimodo",-155.84627,19.49236,"USA","Hawaii",NA,"5d283bb6-64dd-4626-8b3b-a4e8db5415c3",11824312500
"Tetragnatha quasimodo Gillespie, 1992","Tetragnatha","quasimodo",-155.84627,19.49236,"USA","Hawaii",NA,"5d283bb6-64dd-4626-8b3b-a4e8db5415c3",11824312500
"Tetragnatha quasimodo Gillespie, 1992","Tetragnatha","quasimodo",-155.28062,19.91411,"USA","Hawaii",NA,"5d283bb6-64dd-4626-8b3b-a4e8db5415c3",11824312500
"Tetragnatha quasimodo Gillespie, 1992","Tetragnatha","quasimodo",-155.25251,19.56273,"USA","Hawaii",NA,"5d283bb6-64dd-4626-8b3b-a4e8db5415c3",11824312500
"Tetragnatha anuenue Gillespie, 2002","Tetragnatha","anuenue",-155.25309,19.56285,"USA","Hawaii",NA,"5d283bb6-64dd-4626-8b3b-a4e8db5415c3",11824312500
"Tetragnatha quasimodo Gillespie, 1992","Tetragnatha","quasimodo",-155.31281,19.89918,"USA","Hawaii",NA,"5d283bb6-64dd-4626-8b3b-a4e8db5415c3",11824312500
"Tetragnatha anuenue Gillespie, 2002","Tetragnatha","anuenue",-155.28522,19.91084,"USA","Hawaii",NA,"5d283bb6-64dd-4626-8b3b-a4e8db5415c3",11824312500
"Tetragnatha anuenue Gillespie, 2002","Tetragnatha","anuenue",-155.20031,19.57187,"USA","Hawaii",NA,"5d283bb6-64dd-4626-8b3b-a4e8db5415c3",11824312500
"Tetragnatha quasimodo Gillespie, 1992","Tetragnatha","quasimodo",-155.87238,19.49343,"USA","Hawaii",NA,"5d283bb6-64dd-4626-8b3b-a4e8db5415c3",11824312500
"Tetragnatha anuenue Gillespie, 2002","Tetragnatha","anuenue",-155.25309,19.56285,"USA","Hawaii",NA,"5d283bb6-64dd-4626-8b3b-a4e8db5415c3",11824312500
"Tetragnatha quasimodo Gillespie, 1992","Tetragnatha","quasimodo",-155.35795,19.66541,"USA","Hawaii",NA,"5d283bb6-64dd-4626-8b3b-a4e8db5415c3",11824312500
"Tetragnatha quasimodo Gillespie, 1992","Tetragnatha","quasimodo",-155.35795,19.66541,"USA","Hawaii",NA,"5d283bb6-64dd-4626-8b3b-a4e8db5415c3",11824312500
"Tetragnatha anuenue Gillespie, 2002","Tetragnatha","anuenue",-155.25309,19.56285,"USA","Hawaii",NA,"5d283bb6-64dd-4626-8b3b-a4e8db5415c3",11824312500
"Tetragnatha quasimodo Gillespie, 1992","Tetragnatha","quasimodo",-155.35925,19.47508,"USA","Hawaii",NA,"5d283bb6-64dd-4626-8b3b-a4e8db5415c3",11824312500
"Tetragnatha quasimodo Gillespie, 1992","Tetragnatha","quasimodo",-155.30205,19.44256,"USA","Hawaii",NA,"5d283bb6-64dd-4626-8b3b-a4e8db5415c3",11824312500
"Tetragnatha quasimodo Gillespie, 1992","Tetragnatha","quasimodo",-155.25187,19.94459,"USA","Hawaii",NA,"5d283bb6-64dd-4626-8b3b-a4e8db5415c3",11824312500
"Tetragnatha quasimodo Gillespie, 1992","Tetragnatha","quasimodo",-155.35795,19.66541,"USA","Hawaii",NA,"5d283bb6-64dd-4626-8b3b-a4e8db5415c3",11824312500
"Tetragnatha quasimodo Gillespie, 1992","Tetragnatha","quasimodo",-155.84627,19.49236,"USA","Hawaii",NA,"5d283bb6-64dd-4626-8b3b-a4e8db5415c3",11824312500
"Tetragnatha quasimodo Gillespie, 1992","Tetragnatha","quasimodo",-155.20611,19.57057,"USA","Hawaii",NA,"5d283bb6-64dd-4626-8b3b-a4e8db5415c3",11824312500
"Tetragnatha quasimodo Gillespie, 1992","Tetragnatha","quasimodo",-155.30205,19.44256,"USA","Hawaii",NA,"5d283bb6-64dd-4626-8b3b-a4e8db5415c3",11824312500
"Tetragnatha anuenue Gillespie, 2002","Tetragnatha","anuenue",-155.25251,19.56273,"USA","Hawaii",NA,"5d283bb6-64dd-4626-8b3b-a4e8db5415c3",11824312500
"Tetragnatha quasimodo Gillespie, 1992","Tetragnatha","quasimodo",-155.28007,19.91445,"USA","Hawaii",NA,"5d283bb6-64dd-4626-8b3b-a4e8db5415c3",11824312500
"Tetragnatha quasimodo Gillespie, 1992","Tetragnatha","quasimodo",-155.84627,19.49236,"USA","Hawaii",NA,"5d283bb6-64dd-4626-8b3b-a4e8db5415c3",11824312500
"Tetragnatha quasimodo Gillespie, 1992","Tetragnatha","quasimodo",-155.35925,19.47508,"USA","Hawaii",NA,"5d283bb6-64dd-4626-8b3b-a4e8db5415c3",11824312500
"Tetragnatha quasimodo Gillespie, 1992","Tetragnatha","quasimodo",-155.30205,19.44256,"USA","Hawaii",NA,"5d283bb6-64dd-4626-8b3b-a4e8db5415c3",11824312500
"Tetragnatha quasimodo Gillespie, 1992","Tetragnatha","quasimodo",-155.26827,19.92712,"USA","Hawaii",NA,"5d283bb6-64dd-4626-8b3b-a4e8db5415c3",11824312500
"Tetragnatha quasimodo Gillespie, 1992","Tetragnatha","quasimodo",-155.84627,19.49236,"USA","Hawaii",NA,"5d283bb6-64dd-4626-8b3b-a4e8db5415c3",11824312500
"Tetragnatha quasimodo Gillespie, 1992","Tetragnatha","quasimodo",-155.35795,19.66541,"USA","Hawaii",NA,"5d283bb6-64dd-4626-8b3b-a4e8db5415c3",11824312500
"Tetragnatha kamakou Gillespie, 1992","Tetragnatha","kamakou",-156.88545,21.11401,"USA","Hawaii","Molokai","5d283bb6-64dd-4626-8b3b-a4e8db5415c3",780312500
"Tetragnatha quasimodo Gillespie, 1992","Tetragnatha","quasimodo",-155.35795,19.66541,"USA","Hawaii",NA,"5d283bb6-64dd-4626-8b3b-a4e8db5415c3",11824312500
"Tetragnatha brevignatha Gillespie, 1992","Tetragnatha","brevignatha",-155.25204,19.56281,"USA","Hawaii",NA,"5d283bb6-64dd-4626-8b3b-a4e8db5415c3",11824312500
"Tetragnatha quasimodo Gillespie, 1992","Tetragnatha","quasimodo",-155.26827,19.92712,"USA","Hawaii",NA,"5d283bb6-64dd-4626-8b3b-a4e8db5415c3",11824312500
"Tetragnatha anuenue Gillespie, 2002","Tetragnatha","anuenue",-155.25204,19.56281,"USA","Hawaii",NA,"5d283bb6-64dd-4626-8b3b-a4e8db5415c3",11824312500
"Tetragnatha anuenue Gillespie, 2002","Tetragnatha","anuenue",-155.28522,19.91084,"USA","Hawaii",NA,"5d283bb6-64dd-4626-8b3b-a4e8db5415c3",11824312500
"Tetragnatha quasimodo Gillespie, 1992","Tetragnatha","quasimodo",-155.25187,19.94459,"USA","Hawaii",NA,"5d283bb6-64dd-4626-8b3b-a4e8db5415c3",11824312500
"Tetragnatha quasimodo Gillespie, 1992","Tetragnatha","quasimodo",-155.35925,19.47508,"USA","Hawaii",NA,"5d283bb6-64dd-4626-8b3b-a4e8db5415c3",11824312500
"Tetragnatha kamakou Gillespie, 1992","Tetragnatha","kamakou",-156.88545,21.11401,"USA","Hawaii","Molokai","5d283bb6-64dd-4626-8b3b-a4e8db5415c3",780312500
"Tetragnatha anuenue Gillespie, 2002","Tetragnatha","anuenue",-155.34678,19.67002,"USA","Hawaii",NA,"5d283bb6-64dd-4626-8b3b-a4e8db5415c3",11824312500
"Tetragnatha anuenue Gillespie, 2002","Tetragnatha","anuenue",-155.34678,19.67002,"USA","Hawaii",NA,"5d283bb6-64dd-4626-8b3b-a4e8db5415c3",11824312500
"Tetragnatha brevignatha Gillespie, 1992","Tetragnatha","brevignatha",-155.87238,19.49343,"USA","Hawaii",NA,"5d283bb6-64dd-4626-8b3b-a4e8db5415c3",11824312500
"Tetragnatha quasimodo Gillespie, 1992","Tetragnatha","quasimodo",-155.35925,19.47508,"USA","Hawaii",NA,"5d283bb6-64dd-4626-8b3b-a4e8db5415c3",11824312500
"Tetragnatha anuenue Gillespie, 2002","Tetragnatha","anuenue",-155.8442,19.67839,"USA","Hawaii",NA,"5d283bb6-64dd-4626-8b3b-a4e8db5415c3",11824312500
"Tetragnatha quasimodo Gillespie, 1992","Tetragnatha","quasimodo",-155.87238,19.49343,"USA","Hawaii",NA,"5d283bb6-64dd-4626-8b3b-a4e8db5415c3",11824312500
"Tetragnatha quasimodo Gillespie, 1992","Tetragnatha","quasimodo",-155.30205,19.44256,"USA","Hawaii",NA,"5d283bb6-64dd-4626-8b3b-a4e8db5415c3",11824312500
"Tetragnatha brevignatha Gillespie, 1992","Tetragnatha","brevignatha",-155.8442,19.67839,"USA","Hawaii",NA,"5d283bb6-64dd-4626-8b3b-a4e8db5415c3",11824312500
"Tetragnatha waikamoi Gillespie, 1992","Tetragnatha","waikamoi",-156.22404,20.80779,"USA","Hawaii","Maui","5d283bb6-64dd-4626-8b3b-a4e8db5415c3",2165812500
"Tetragnatha anuenue Gillespie, 2002","Tetragnatha","anuenue",-155.22421,19.68966,"USA","Hawaii",NA,"5d283bb6-64dd-4626-8b3b-a4e8db5415c3",11824312500
"Tetragnatha quasimodo Gillespie, 1992","Tetragnatha","quasimodo",-155.8442,19.67839,"USA","Hawaii",NA,"5d283bb6-64dd-4626-8b3b-a4e8db5415c3",11824312500
"Tetragnatha quasimodo Gillespie, 1992","Tetragnatha","quasimodo",-155.87238,19.49343,"USA","Hawaii",NA,"5d283bb6-64dd-4626-8b3b-a4e8db5415c3",11824312500
"Tetragnatha quasimodo Gillespie, 1992","Tetragnatha","quasimodo",-155.20031,19.57187,"USA","Hawaii",NA,"5d283bb6-64dd-4626-8b3b-a4e8db5415c3",11824312500
"Tetragnatha quasimodo Gillespie, 1992","Tetragnatha","quasimodo",-155.87238,19.49343,"USA","Hawaii",NA,"5d283bb6-64dd-4626-8b3b-a4e8db5415c3",11824312500
"Tetragnatha quasimodo Gillespie, 1992","Tetragnatha","quasimodo",-155.38633,19.48774,"USA","Hawaii",NA,"5d283bb6-64dd-4626-8b3b-a4e8db5415c3",11824312500
"Tetragnatha quasimodo Gillespie, 1992","Tetragnatha","quasimodo",-155.30205,19.44256,"USA","Hawaii",NA,"5d283bb6-64dd-4626-8b3b-a4e8db5415c3",11824312500
"Tetragnatha quasimodo Gillespie, 1992","Tetragnatha","quasimodo",-155.35925,19.47508,"USA","Hawaii",NA,"5d283bb6-64dd-4626-8b3b-a4e8db5415c3",11824312500
"Tetragnatha quasimodo Gillespie, 1992","Tetragnatha","quasimodo",-155.22441,19.68981,"USA","Hawaii",NA,"5d283bb6-64dd-4626-8b3b-a4e8db5415c3",11824312500
"Tetragnatha quasimodo Gillespie, 1992","Tetragnatha","quasimodo",-155.35795,19.66541,"USA","Hawaii",NA,"5d283bb6-64dd-4626-8b3b-a4e8db5415c3",11824312500
"Tetragnatha eurychasma Gillespie, 1992","Tetragnatha","eurychasma",-156.07235,20.67484,"USA","Hawaii","Maui","5d283bb6-64dd-4626-8b3b-a4e8db5415c3",2165812500
"Tetragnatha quasimodo Gillespie, 1992","Tetragnatha","quasimodo",-155.46633,19.68648,"USA","Hawaii",NA,"5d283bb6-64dd-4626-8b3b-a4e8db5415c3",11824312500
"Tetragnatha anuenue Gillespie, 2002","Tetragnatha","anuenue",-155.33501,19.67403,"USA","Hawaii",NA,"5d283bb6-64dd-4626-8b3b-a4e8db5415c3",11824312500
"Tetragnatha anuenue Gillespie, 2002","Tetragnatha","anuenue",-155.25204,19.56281,"USA","Hawaii",NA,"5d283bb6-64dd-4626-8b3b-a4e8db5415c3",11824312500
"Tetragnatha eurychasma Gillespie, 1992","Tetragnatha","eurychasma",-156.12361,20.81102,"USA","Hawaii","Maui","5d283bb6-64dd-4626-8b3b-a4e8db5415c3",2165812500
"Tetragnatha brevignatha Gillespie, 1992","Tetragnatha","brevignatha",-155.8442,19.67839,"USA","Hawaii",NA,"5d283bb6-64dd-4626-8b3b-a4e8db5415c3",11824312500
"Tetragnatha anuenue Gillespie, 2002","Tetragnatha","anuenue",-155.34678,19.67002,"USA","Hawaii",NA,"5d283bb6-64dd-4626-8b3b-a4e8db5415c3",11824312500
"Tetragnatha anuenue Gillespie, 2002","Tetragnatha","anuenue",-155.25204,19.56281,"USA","Hawaii",NA,"5d283bb6-64dd-4626-8b3b-a4e8db5415c3",11824312500
"Tetragnatha waikamoi Gillespie, 1992","Tetragnatha","waikamoi",-156.24205,20.79499,"USA","Hawaii","Maui","5d283bb6-64dd-4626-8b3b-a4e8db5415c3",2165812500
"Tetragnatha quasimodo Gillespie, 1992","Tetragnatha","quasimodo",-155.29257,19.41682,"USA","Hawaii",NA,"5d283bb6-64dd-4626-8b3b-a4e8db5415c3",11824312500
"Tetragnatha waikamoi Gillespie, 1992","Tetragnatha","waikamoi",-156.25618,20.80194,"USA","Hawaii","Maui","5d283bb6-64dd-4626-8b3b-a4e8db5415c3",2165812500
"Tetragnatha waikamoi Gillespie, 1992","Tetragnatha","waikamoi",-156.24205,20.79499,"USA","Hawaii","Maui","5d283bb6-64dd-4626-8b3b-a4e8db5415c3",2165812500
"Tetragnatha macracantha Gillespie, 1992","Tetragnatha","macracantha",-156.07235,20.67484,"USA","Hawaii","Maui","5d283bb6-64dd-4626-8b3b-a4e8db5415c3",2165812500
"Tetragnatha waikamoi Gillespie, 1992","Tetragnatha","waikamoi",-156.22656,20.80855,"USA","Hawaii","Maui","5d283bb6-64dd-4626-8b3b-a4e8db5415c3",2165812500
"Tetragnatha eurychasma Gillespie, 1992","Tetragnatha","eurychasma",-156.90597,21.11024,"USA","Hawaii","Molokai","5d283bb6-64dd-4626-8b3b-a4e8db5415c3",780312500
"Tetragnatha eurychasma Gillespie, 1992","Tetragnatha","eurychasma",-156.33748,20.64622,"USA","Hawaii","Maui","5d283bb6-64dd-4626-8b3b-a4e8db5415c3",2165812500
"Tetragnatha waikamoi Gillespie, 1992","Tetragnatha","waikamoi",-156.24341,20.78077,"USA","Hawaii","Maui","5d283bb6-64dd-4626-8b3b-a4e8db5415c3",2165812500
"Tetragnatha eurychasma Gillespie, 1992","Tetragnatha","eurychasma",-156.07993,20.68626,"USA","Hawaii","Maui","5d283bb6-64dd-4626-8b3b-a4e8db5415c3",2165812500
"Tetragnatha waikamoi Gillespie, 1992","Tetragnatha","waikamoi",-156.24205,20.79499,"USA","Hawaii","Maui","5d283bb6-64dd-4626-8b3b-a4e8db5415c3",2165812500
"Tetragnatha eurychasma Gillespie, 1992","Tetragnatha","eurychasma",-156.89643,21.12052,"USA","Hawaii","Molokai","5d283bb6-64dd-4626-8b3b-a4e8db5415c3",780312500
"Tetragnatha eurychasma Gillespie, 1992","Tetragnatha","eurychasma",-156.08358,20.70074,"USA","Hawaii","Maui","5d283bb6-64dd-4626-8b3b-a4e8db5415c3",2165812500
"Tetragnatha hawaiensis Simon, 1900","Tetragnatha","hawaiensis",-155.13379,19.47236,"USA","Hawaii",NA,"5d283bb6-64dd-4626-8b3b-a4e8db5415c3",11824312500
"Tetragnatha waikamoi Gillespie, 1992","Tetragnatha","waikamoi",-156.23138,20.79905,"USA","Hawaii","Maui","5d283bb6-64dd-4626-8b3b-a4e8db5415c3",2165812500
"Tetragnatha eurychasma Gillespie, 1992","Tetragnatha","eurychasma",-156.9097,21.11761,"USA","Hawaii","Molokai","5d283bb6-64dd-4626-8b3b-a4e8db5415c3",780312500
"Tetragnatha waikamoi Gillespie, 1992","Tetragnatha","waikamoi",-156.25683,20.80274,"USA","Hawaii","Maui","5d283bb6-64dd-4626-8b3b-a4e8db5415c3",2165812500
"Tetragnatha eurychasma Gillespie, 1992","Tetragnatha","eurychasma",-156.33748,20.64622,"USA","Hawaii","Maui","5d283bb6-64dd-4626-8b3b-a4e8db5415c3",2165812500
"Tetragnatha eurychasma Gillespie, 1992","Tetragnatha","eurychasma",-156.90666,21.10814,"USA","Hawaii","Molokai","5d283bb6-64dd-4626-8b3b-a4e8db5415c3",780312500
"Tetragnatha hawaiensis Simon, 1900","Tetragnatha","hawaiensis",-155.20109,19.57186,"USA","Hawaii",NA,"5d283bb6-64dd-4626-8b3b-a4e8db5415c3",11824312500
"Tetragnatha waikamoi Gillespie, 1992","Tetragnatha","waikamoi",-156.25861,20.80294,"USA","Hawaii","Maui","5d283bb6-64dd-4626-8b3b-a4e8db5415c3",2165812500
"Tetragnatha waikamoi Gillespie, 1992","Tetragnatha","waikamoi",-156.24205,20.79499,"USA","Hawaii","Maui","5d283bb6-64dd-4626-8b3b-a4e8db5415c3",2165812500
"Tetragnatha eurychasma Gillespie, 1992","Tetragnatha","eurychasma",-156.12152,20.75803,"USA","Hawaii","Maui","5d283bb6-64dd-4626-8b3b-a4e8db5415c3",2165812500
"Tetragnatha eurychasma Gillespie, 1992","Tetragnatha","eurychasma",-156.33748,20.64622,"USA","Hawaii","Maui","5d283bb6-64dd-4626-8b3b-a4e8db5415c3",2165812500
"Tetragnatha waikamoi Gillespie, 1992","Tetragnatha","waikamoi",-156.24205,20.79499,"USA","Hawaii","Maui","5d283bb6-64dd-4626-8b3b-a4e8db5415c3",2165812500
"Tetragnatha eurychasma Gillespie, 1992","Tetragnatha","eurychasma",-156.89643,21.12052,"USA","Hawaii","Molokai","5d283bb6-64dd-4626-8b3b-a4e8db5415c3",780312500
"Tetragnatha eurychasma Gillespie, 1992","Tetragnatha","eurychasma",-156.90666,21.10814,"USA","Hawaii","Molokai","5d283bb6-64dd-4626-8b3b-a4e8db5415c3",780312500
"Tetragnatha hawaiensis Simon, 1900","Tetragnatha","hawaiensis",-155.84627,19.49236,"USA","Hawaii",NA,"5d283bb6-64dd-4626-8b3b-a4e8db5415c3",11824312500
"Tetragnatha hawaiensis Simon, 1900","Tetragnatha","hawaiensis",-155.15418,19.58921,"USA","Hawaii",NA,"5d283bb6-64dd-4626-8b3b-a4e8db5415c3",11824312500
"Tetragnatha hawaiensis Simon, 1900","Tetragnatha","hawaiensis",-155.30205,19.44256,"USA","Hawaii",NA,"5d283bb6-64dd-4626-8b3b-a4e8db5415c3",11824312500
"Tetragnatha eurychasma Gillespie, 1992","Tetragnatha","eurychasma",-156.33752,20.64597,"USA","Hawaii","Maui","5d283bb6-64dd-4626-8b3b-a4e8db5415c3",2165812500
"Tetragnatha perkinsi Simon, 1900","Tetragnatha","perkinsi",-155.24703,19.5415,"USA","Hawaii",NA,"5d283bb6-64dd-4626-8b3b-a4e8db5415c3",11824312500
"Tetragnatha hawaiensis Simon, 1900","Tetragnatha","hawaiensis",-155.28062,19.91411,"USA","Hawaii",NA,"5d283bb6-64dd-4626-8b3b-a4e8db5415c3",11824312500
"Tetragnatha eurychasma Gillespie, 1992","Tetragnatha","eurychasma",-156.65122,20.90348,"USA","Hawaii","Maui","5d283bb6-64dd-4626-8b3b-a4e8db5415c3",2165812500
"Tetragnatha hawaiensis Simon, 1900","Tetragnatha","hawaiensis",-155.26827,19.92712,"USA","Hawaii",NA,"5d283bb6-64dd-4626-8b3b-a4e8db5415c3",11824312500
"Tetragnatha waikamoi Gillespie, 1992","Tetragnatha","waikamoi",-156.24255,20.77992,"USA","Hawaii","Maui","5d283bb6-64dd-4626-8b3b-a4e8db5415c3",2165812500
"Tetragnatha hawaiensis Simon, 1900","Tetragnatha","hawaiensis",-155.23699,19.5447,"USA","Hawaii",NA,"5d283bb6-64dd-4626-8b3b-a4e8db5415c3",11824312500
"Tetragnatha hawaiensis Simon, 1900","Tetragnatha","hawaiensis",-155.22808,19.54841,"USA","Hawaii",NA,"5d283bb6-64dd-4626-8b3b-a4e8db5415c3",11824312500
"Tetragnatha perkinsi Simon, 1900","Tetragnatha","perkinsi",-155.24703,19.5415,"USA","Hawaii",NA,"5d283bb6-64dd-4626-8b3b-a4e8db5415c3",11824312500
"Tetragnatha hawaiensis Simon, 1900","Tetragnatha","hawaiensis",-155.82537,19.1095,"USA","Hawaii",NA,"5d283bb6-64dd-4626-8b3b-a4e8db5415c3",11824312500
"Tetragnatha hawaiensis Simon, 1900","Tetragnatha","hawaiensis",-155.13379,19.47236,"USA","Hawaii",NA,"5d283bb6-64dd-4626-8b3b-a4e8db5415c3",11824312500
"Tetragnatha hawaiensis Simon, 1900","Tetragnatha","hawaiensis",-155.28522,19.91084,"USA","Hawaii",NA,"5d283bb6-64dd-4626-8b3b-a4e8db5415c3",11824312500
"Tetragnatha eurychasma Gillespie, 1992","Tetragnatha","eurychasma",-156.90703,21.1095,"USA","Hawaii","Molokai","5d283bb6-64dd-4626-8b3b-a4e8db5415c3",780312500
"Tetragnatha hawaiensis Simon, 1900","Tetragnatha","hawaiensis",-155.24703,19.5415,"USA","Hawaii",NA,"5d283bb6-64dd-4626-8b3b-a4e8db5415c3",11824312500
"Tetragnatha hawaiensis Simon, 1900","Tetragnatha","hawaiensis",-155.28007,19.91445,"USA","Hawaii",NA,"5d283bb6-64dd-4626-8b3b-a4e8db5415c3",11824312500
"Tetragnatha restricta Simon, 1900","Tetragnatha","restricta",-156.25683,20.80274,"USA","Hawaii","Maui","5d283bb6-64dd-4626-8b3b-a4e8db5415c3",2165812500
"Tetragnatha hawaiensis Simon, 1900","Tetragnatha","hawaiensis",-155.18984,19.40915,"USA","Hawaii",NA,"5d283bb6-64dd-4626-8b3b-a4e8db5415c3",11824312500
"Tetragnatha hawaiensis Simon, 1900","Tetragnatha","hawaiensis",-155.26827,19.92712,"USA","Hawaii",NA,"5d283bb6-64dd-4626-8b3b-a4e8db5415c3",11824312500
"Tetragnatha eurychasma Gillespie, 1992","Tetragnatha","eurychasma",-156.33752,20.64597,"USA","Hawaii","Maui","5d283bb6-64dd-4626-8b3b-a4e8db5415c3",2165812500
"Tetragnatha hawaiensis Simon, 1900","Tetragnatha","hawaiensis",-155.26394,19.53507,"USA","Hawaii",NA,"5d283bb6-64dd-4626-8b3b-a4e8db5415c3",11824312500
"Tetragnatha hawaiensis Simon, 1900","Tetragnatha","hawaiensis",-155.25212,19.56303,"USA","Hawaii",NA,"5d283bb6-64dd-4626-8b3b-a4e8db5415c3",11824312500
"Tetragnatha hawaiensis Simon, 1900","Tetragnatha","hawaiensis",-155.35795,19.66541,"USA","Hawaii",NA,"5d283bb6-64dd-4626-8b3b-a4e8db5415c3",11824312500
"Tetragnatha perkinsi Simon, 1900","Tetragnatha","perkinsi",-155.67922,20.08537,"USA","Hawaii",NA,"5d283bb6-64dd-4626-8b3b-a4e8db5415c3",11824312500
"Tetragnatha hawaiensis Simon, 1900","Tetragnatha","hawaiensis",-155.24703,19.5415,"USA","Hawaii",NA,"5d283bb6-64dd-4626-8b3b-a4e8db5415c3",11824312500
"Tetragnatha hawaiensis Simon, 1900","Tetragnatha","hawaiensis",-155.26827,19.92712,"USA","Hawaii",NA,"5d283bb6-64dd-4626-8b3b-a4e8db5415c3",11824312500
"Tetragnatha hawaiensis Simon, 1900","Tetragnatha","hawaiensis",-155.26827,19.92712,"USA","Hawaii",NA,"5d283bb6-64dd-4626-8b3b-a4e8db5415c3",11824312500
"Tetragnatha perkinsi Simon, 1900","Tetragnatha","perkinsi",-155.22808,19.54841,"USA","Hawaii",NA,"5d283bb6-64dd-4626-8b3b-a4e8db5415c3",11824312500
"Tetragnatha perkinsi Simon, 1900","Tetragnatha","perkinsi",-155.67922,20.08537,"USA","Hawaii",NA,"5d283bb6-64dd-4626-8b3b-a4e8db5415c3",11824312500
"Tetragnatha restricta Simon, 1900","Tetragnatha","restricta",-155.32681,19.82759,"USA","Hawaii",NA,"5d283bb6-64dd-4626-8b3b-a4e8db5415c3",11824312500
"Tetragnatha hawaiensis Simon, 1900","Tetragnatha","hawaiensis",-155.12169,19.44482,"USA","Hawaii",NA,"5d283bb6-64dd-4626-8b3b-a4e8db5415c3",11824312500
"Tetragnatha perkinsi Simon, 1900","Tetragnatha","perkinsi",-155.25173,19.46817,"USA","Hawaii",NA,"5d283bb6-64dd-4626-8b3b-a4e8db5415c3",11824312500
"Tetragnatha hawaiensis Simon, 1900","Tetragnatha","hawaiensis",-155.79138,19.14473,"USA","Hawaii",NA,"5d283bb6-64dd-4626-8b3b-a4e8db5415c3",11824312500
"Tetragnatha hawaiensis Simon, 1900","Tetragnatha","hawaiensis",-155.29396,19.55409,"USA","Hawaii",NA,"5d283bb6-64dd-4626-8b3b-a4e8db5415c3",11824312500
"Tetragnatha hawaiensis Simon, 1900","Tetragnatha","hawaiensis",-155.28007,19.91445,"USA","Hawaii",NA,"5d283bb6-64dd-4626-8b3b-a4e8db5415c3",11824312500
"Tetragnatha hawaiensis Simon, 1900","Tetragnatha","hawaiensis",-155.25173,19.46817,"USA","Hawaii",NA,"5d283bb6-64dd-4626-8b3b-a4e8db5415c3",11824312500
"Tetragnatha perkinsi Simon, 1900","Tetragnatha","perkinsi",-155.25212,19.56303,"USA","Hawaii",NA,"5d283bb6-64dd-4626-8b3b-a4e8db5415c3",11824312500
"Tetragnatha hawaiensis Simon, 1900","Tetragnatha","hawaiensis",-155.84739,19.49227,"USA","Hawaii",NA,"5d283bb6-64dd-4626-8b3b-a4e8db5415c3",11824312500
"Tetragnatha perkinsi Simon, 1900","Tetragnatha","perkinsi",-155.24703,19.5415,"USA","Hawaii",NA,"5d283bb6-64dd-4626-8b3b-a4e8db5415c3",11824312500
"Tetragnatha perkinsi Simon, 1900","Tetragnatha","perkinsi",-155.26394,19.53507,"USA","Hawaii",NA,"5d283bb6-64dd-4626-8b3b-a4e8db5415c3",11824312500
"Tetragnatha perkinsi Simon, 1900","Tetragnatha","perkinsi",-155.67922,20.08537,"USA","Hawaii",NA,"5d283bb6-64dd-4626-8b3b-a4e8db5415c3",11824312500
"Tetragnatha restricta Simon, 1900","Tetragnatha","restricta",-156.08358,20.70074,"USA","Hawaii","Maui","5d283bb6-64dd-4626-8b3b-a4e8db5415c3",2165812500
"Tetragnatha restricta Simon, 1900","Tetragnatha","restricta",-155.32681,19.82759,"USA","Hawaii",NA,"5d283bb6-64dd-4626-8b3b-a4e8db5415c3",11824312500
"Tetragnatha hawaiensis Simon, 1900","Tetragnatha","hawaiensis",-155.08696,19.40257,"USA","Hawaii",NA,"5d283bb6-64dd-4626-8b3b-a4e8db5415c3",11824312500
"Tetragnatha perkinsi Simon, 1900","Tetragnatha","perkinsi",-155.26394,19.53507,"USA","Hawaii",NA,"5d283bb6-64dd-4626-8b3b-a4e8db5415c3",11824312500
"Tetragnatha perkinsi Simon, 1900","Tetragnatha","perkinsi",-155.25212,19.56303,"USA","Hawaii",NA,"5d283bb6-64dd-4626-8b3b-a4e8db5415c3",11824312500
"Tetragnatha hawaiensis Simon, 1900","Tetragnatha","hawaiensis",-155.18576,19.68157,"USA","Hawaii",NA,"5d283bb6-64dd-4626-8b3b-a4e8db5415c3",11824312500
"Tetragnatha hawaiensis Simon, 1900","Tetragnatha","hawaiensis",-155.26827,19.92712,"USA","Hawaii",NA,"5d283bb6-64dd-4626-8b3b-a4e8db5415c3",11824312500
"Tetragnatha hawaiensis Simon, 1900","Tetragnatha","hawaiensis",-155.70218,20.12254,"USA","Hawaii",NA,"5d283bb6-64dd-4626-8b3b-a4e8db5415c3",11824312500
"Tetragnatha restricta Simon, 1900","Tetragnatha","restricta",-156.2087,20.76494,"USA","Hawaii","Maui","5d283bb6-64dd-4626-8b3b-a4e8db5415c3",2165812500
"Tetragnatha hawaiensis Simon, 1900","Tetragnatha","hawaiensis",-155.26394,19.53507,"USA","Hawaii",NA,"5d283bb6-64dd-4626-8b3b-a4e8db5415c3",11824312500
"Tetragnatha eurychasma Gillespie, 1992","Tetragnatha","eurychasma",-156.22404,20.80779,"USA","Hawaii","Maui","5d283bb6-64dd-4626-8b3b-a4e8db5415c3",2165812500
"Tetragnatha hawaiensis Simon, 1900","Tetragnatha","hawaiensis",-155.28494,19.91096,"USA","Hawaii",NA,"5d283bb6-64dd-4626-8b3b-a4e8db5415c3",11824312500
"Tetragnatha acuta Gillespie, 1992","Tetragnatha","acuta",-155.34678,19.67002,"USA","Hawaii",NA,"5d283bb6-64dd-4626-8b3b-a4e8db5415c3",11824312500
"Tetragnatha restricta Simon, 1900","Tetragnatha","restricta",-155.28062,19.91411,"USA","Hawaii",NA,"5d283bb6-64dd-4626-8b3b-a4e8db5415c3",11824312500
"Tetragnatha eurychasma Gillespie, 1992","Tetragnatha","eurychasma",-156.12361,20.81102,"USA","Hawaii","Maui","5d283bb6-64dd-4626-8b3b-a4e8db5415c3",2165812500
"Tetragnatha perkinsi Simon, 1900","Tetragnatha","perkinsi",-155.24703,19.5415,"USA","Hawaii",NA,"5d283bb6-64dd-4626-8b3b-a4e8db5415c3",11824312500
"Tetragnatha restricta Simon, 1900","Tetragnatha","restricta",-155.28007,19.91445,"USA","Hawaii",NA,"5d283bb6-64dd-4626-8b3b-a4e8db5415c3",11824312500
"Tetragnatha restricta Simon, 1900","Tetragnatha","restricta",-156.07235,20.67484,"USA","Hawaii","Maui","5d283bb6-64dd-4626-8b3b-a4e8db5415c3",2165812500
"Tetragnatha hawaiensis Simon, 1900","Tetragnatha","hawaiensis",-155.26788,19.92734,"USA","Hawaii",NA,"5d283bb6-64dd-4626-8b3b-a4e8db5415c3",11824312500
"Tetragnatha perkinsi Simon, 1900","Tetragnatha","perkinsi",-155.67922,20.08537,"USA","Hawaii",NA,"5d283bb6-64dd-4626-8b3b-a4e8db5415c3",11824312500
"Tetragnatha perkinsi Simon, 1900","Tetragnatha","perkinsi",-155.67922,20.08537,"USA","Hawaii",NA,"5d283bb6-64dd-4626-8b3b-a4e8db5415c3",11824312500
"Tetragnatha restricta Simon, 1900","Tetragnatha","restricta",-155.32681,19.82759,"USA","Hawaii",NA,"5d283bb6-64dd-4626-8b3b-a4e8db5415c3",11824312500
"Tetragnatha acuta Gillespie, 1992","Tetragnatha","acuta",-155.34678,19.67002,"USA","Hawaii",NA,"5d283bb6-64dd-4626-8b3b-a4e8db5415c3",11824312500
"Tetragnatha anuenue Gillespie, 2002","Tetragnatha","anuenue",-155.22808,19.54841,"USA","Hawaii",NA,"5d283bb6-64dd-4626-8b3b-a4e8db5415c3",11824312500
"Tetragnatha acuta Gillespie, 1992","Tetragnatha","acuta",-155.8442,19.67839,"USA","Hawaii",NA,"5d283bb6-64dd-4626-8b3b-a4e8db5415c3",11824312500
"Tetragnatha kamakou Gillespie, 1992","Tetragnatha","kamakou",-156.89643,21.12052,"USA","Hawaii","Molokai","5d283bb6-64dd-4626-8b3b-a4e8db5415c3",780312500
"Tetragnatha eurychasma Gillespie, 1992","Tetragnatha","eurychasma",-156.22656,20.80855,"USA","Hawaii","Maui","5d283bb6-64dd-4626-8b3b-a4e8db5415c3",2165812500
"Tetragnatha eurychasma Gillespie, 1992","Tetragnatha","eurychasma",-156.08358,20.70074,"USA","Hawaii","Maui","5d283bb6-64dd-4626-8b3b-a4e8db5415c3",2165812500
"Tetragnatha eurychasma Gillespie, 1992","Tetragnatha","eurychasma",-156.25175,20.80691,"USA","Hawaii","Maui","5d283bb6-64dd-4626-8b3b-a4e8db5415c3",2165812500
"Tetragnatha perkinsi Simon, 1900","Tetragnatha","perkinsi",-155.67922,20.08537,"USA","Hawaii",NA,"5d283bb6-64dd-4626-8b3b-a4e8db5415c3",11824312500
"Tetragnatha acuta Gillespie, 1992","Tetragnatha","acuta",-155.34678,19.67002,"USA","Hawaii",NA,"5d283bb6-64dd-4626-8b3b-a4e8db5415c3",11824312500
"Tetragnatha restricta Simon, 1900","Tetragnatha","restricta",-155.32681,19.82759,"USA","Hawaii",NA,"5d283bb6-64dd-4626-8b3b-a4e8db5415c3",11824312500
"Tetragnatha eurychasma Gillespie, 1992","Tetragnatha","eurychasma",-156.24341,20.78077,"USA","Hawaii","Maui","5d283bb6-64dd-4626-8b3b-a4e8db5415c3",2165812500
"Tetragnatha restricta Simon, 1900","Tetragnatha","restricta",-155.28007,19.91445,"USA","Hawaii",NA,"5d283bb6-64dd-4626-8b3b-a4e8db5415c3",11824312500
"Tetragnatha acuta Gillespie, 1992","Tetragnatha","acuta",-155.23753,19.41425,"USA","Hawaii",NA,"5d283bb6-64dd-4626-8b3b-a4e8db5415c3",11824312500
"Tetragnatha perkinsi Simon, 1900","Tetragnatha","perkinsi",-155.24703,19.5415,"USA","Hawaii",NA,"5d283bb6-64dd-4626-8b3b-a4e8db5415c3",11824312500
"Tetragnatha restricta Simon, 1900","Tetragnatha","restricta",-156.08358,20.70074,"USA","Hawaii","Maui","5d283bb6-64dd-4626-8b3b-a4e8db5415c3",2165812500
"Tetragnatha kamakou Gillespie, 1992","Tetragnatha","kamakou",-156.89769,21.11181,"USA","Hawaii","Molokai","5d283bb6-64dd-4626-8b3b-a4e8db5415c3",780312500
"Tetragnatha kamakou Gillespie, 1992","Tetragnatha","kamakou",-156.89651,21.10765,"USA","Hawaii","Molokai","5d283bb6-64dd-4626-8b3b-a4e8db5415c3",780312500
"Tetragnatha acuta Gillespie, 1992","Tetragnatha","acuta",-155.82842,19.24596,"USA","Hawaii",NA,"5d283bb6-64dd-4626-8b3b-a4e8db5415c3",11824312500
"Tetragnatha acuta Gillespie, 1992","Tetragnatha","acuta",-155.33168,19.67449,"USA","Hawaii",NA,"5d283bb6-64dd-4626-8b3b-a4e8db5415c3",11824312500
"Tetragnatha anuenue Gillespie, 2002","Tetragnatha","anuenue",-155.33351,19.67476,"USA","Hawaii",NA,"5d283bb6-64dd-4626-8b3b-a4e8db5415c3",11824312500
"Tetragnatha restricta Simon, 1900","Tetragnatha","restricta",-155.26827,19.92712,"USA","Hawaii",NA,"5d283bb6-64dd-4626-8b3b-a4e8db5415c3",11824312500
"Tetragnatha restricta Simon, 1900","Tetragnatha","restricta",-155.84814,19.2443,"USA","Hawaii",NA,"5d283bb6-64dd-4626-8b3b-a4e8db5415c3",11824312500
"Tetragnatha acuta Gillespie, 1992","Tetragnatha","acuta",-155.35795,19.66541,"USA","Hawaii",NA,"5d283bb6-64dd-4626-8b3b-a4e8db5415c3",11824312500
"Tetragnatha anuenue Gillespie, 2002","Tetragnatha","anuenue",-155.33351,19.67476,"USA","Hawaii",NA,"5d283bb6-64dd-4626-8b3b-a4e8db5415c3",11824312500
"Tetragnatha acuta Gillespie, 1992","Tetragnatha","acuta",-155.76594,20.1091,"USA","Hawaii",NA,"5d283bb6-64dd-4626-8b3b-a4e8db5415c3",11824312500
"Tetragnatha acuta Gillespie, 1992","Tetragnatha","acuta",-155.33501,19.67403,"USA","Hawaii",NA,"5d283bb6-64dd-4626-8b3b-a4e8db5415c3",11824312500
"Tetragnatha eurychasma Gillespie, 1992","Tetragnatha","eurychasma",-156.58635,20.89027,"USA","Hawaii","Maui","5d283bb6-64dd-4626-8b3b-a4e8db5415c3",2165812500
"Tetragnatha acuta Gillespie, 1992","Tetragnatha","acuta",-155.35795,19.66541,"USA","Hawaii",NA,"5d283bb6-64dd-4626-8b3b-a4e8db5415c3",11824312500
"Tetragnatha anuenue Gillespie, 2002","Tetragnatha","anuenue",-155.33351,19.67476,"USA","Hawaii",NA,"5d283bb6-64dd-4626-8b3b-a4e8db5415c3",11824312500
"Tetragnatha acuta Gillespie, 1992","Tetragnatha","acuta",-155.46633,19.68648,"USA","Hawaii",NA,"5d283bb6-64dd-4626-8b3b-a4e8db5415c3",11824312500
"Tetragnatha anuenue Gillespie, 2002","Tetragnatha","anuenue",-155.33168,19.67449,"USA","Hawaii",NA,"5d283bb6-64dd-4626-8b3b-a4e8db5415c3",11824312500
"Tetragnatha acuta Gillespie, 1992","Tetragnatha","acuta",-155.35795,19.66541,"USA","Hawaii",NA,"5d283bb6-64dd-4626-8b3b-a4e8db5415c3",11824312500
"Tetragnatha kamakou Gillespie, 1992","Tetragnatha","kamakou",-156.90353,21.10977,"USA","Hawaii","Molokai","5d283bb6-64dd-4626-8b3b-a4e8db5415c3",780312500
"Tetragnatha kamakou Gillespie, 1992","Tetragnatha","kamakou",-156.92858,21.11273,"USA","Hawaii","Molokai","5d283bb6-64dd-4626-8b3b-a4e8db5415c3",780312500
"Tetragnatha acuta Gillespie, 1992","Tetragnatha","acuta",-155.67922,20.08537,"USA","Hawaii",NA,"5d283bb6-64dd-4626-8b3b-a4e8db5415c3",11824312500
"Tetragnatha kamakou Gillespie, 1992","Tetragnatha","kamakou",-156.89643,21.12052,"USA","Hawaii","Molokai","5d283bb6-64dd-4626-8b3b-a4e8db5415c3",780312500
"Tetragnatha eurychasma Gillespie, 1992","Tetragnatha","eurychasma",-156.11602,20.71607,"USA","Hawaii","Maui","5d283bb6-64dd-4626-8b3b-a4e8db5415c3",2165812500
"Tetragnatha anuenue Gillespie, 2002","Tetragnatha","anuenue",-155.33351,19.67476,"USA","Hawaii",NA,"5d283bb6-64dd-4626-8b3b-a4e8db5415c3",11824312500
"Tetragnatha anuenue Gillespie, 2002","Tetragnatha","anuenue",-155.24703,19.5415,"USA","Hawaii",NA,"5d283bb6-64dd-4626-8b3b-a4e8db5415c3",11824312500
"Tetragnatha acuta Gillespie, 1992","Tetragnatha","acuta",-155.38432,19.67701,"USA","Hawaii",NA,"5d283bb6-64dd-4626-8b3b-a4e8db5415c3",11824312500
"Tetragnatha anuenue Gillespie, 2002","Tetragnatha","anuenue",-155.24703,19.5415,"USA","Hawaii",NA,"5d283bb6-64dd-4626-8b3b-a4e8db5415c3",11824312500
"Tetragnatha anuenue Gillespie, 2002","Tetragnatha","anuenue",-155.33351,19.67476,"USA","Hawaii",NA,"5d283bb6-64dd-4626-8b3b-a4e8db5415c3",11824312500
"Tetragnatha anuenue Gillespie, 2002","Tetragnatha","anuenue",-155.33351,19.67476,"USA","Hawaii",NA,"5d283bb6-64dd-4626-8b3b-a4e8db5415c3",11824312500
"Tetragnatha anuenue Gillespie, 2002","Tetragnatha","anuenue",-155.33351,19.67476,"USA","Hawaii",NA,"5d283bb6-64dd-4626-8b3b-a4e8db5415c3",11824312500
"Tetragnatha acuta Gillespie, 1992","Tetragnatha","acuta",-155.33351,19.67476,"USA","Hawaii",NA,"5d283bb6-64dd-4626-8b3b-a4e8db5415c3",11824312500
"Tetragnatha anuenue Gillespie, 2002","Tetragnatha","anuenue",-155.25173,19.46817,"USA","Hawaii",NA,"5d283bb6-64dd-4626-8b3b-a4e8db5415c3",11824312500
"Tetragnatha paludicola Gillespie, 1992","Tetragnatha","paludicola",-156.58635,20.89027,"USA","Hawaii","Maui","5d283bb6-64dd-4626-8b3b-a4e8db5415c3",2165812500
"Tetragnatha acuta Gillespie, 1992","Tetragnatha","acuta",-155.32681,19.82759,"USA","Hawaii",NA,"5d283bb6-64dd-4626-8b3b-a4e8db5415c3",11824312500
"Tetragnatha anuenue Gillespie, 2002","Tetragnatha","anuenue",-155.2649,19.71862,"USA","Hawaii",NA,"5d283bb6-64dd-4626-8b3b-a4e8db5415c3",11824312500
"Tetragnatha anuenue Gillespie, 2002","Tetragnatha","anuenue",-155.23699,19.5447,"USA","Hawaii",NA,"5d283bb6-64dd-4626-8b3b-a4e8db5415c3",11824312500
"Tetragnatha kamakou Gillespie, 1992","Tetragnatha","kamakou",-156.89643,21.12052,"USA","Hawaii","Molokai","5d283bb6-64dd-4626-8b3b-a4e8db5415c3",780312500
"Tetragnatha acuta Gillespie, 1992","Tetragnatha","acuta",-155.67922,20.08537,"USA","Hawaii",NA,"5d283bb6-64dd-4626-8b3b-a4e8db5415c3",11824312500
"Tetragnatha anuenue Gillespie, 2002","Tetragnatha","anuenue",-155.33351,19.67476,"USA","Hawaii",NA,"5d283bb6-64dd-4626-8b3b-a4e8db5415c3",11824312500
"Tetragnatha acuta Gillespie, 1992","Tetragnatha","acuta",-155.82842,19.24596,"USA","Hawaii",NA,"5d283bb6-64dd-4626-8b3b-a4e8db5415c3",11824312500
"Tetragnatha anuenue Gillespie, 2002","Tetragnatha","anuenue",-155.35795,19.66541,"USA","Hawaii",NA,"5d283bb6-64dd-4626-8b3b-a4e8db5415c3",11824312500
"Tetragnatha kamakou Gillespie, 1992","Tetragnatha","kamakou",-156.89643,21.12052,"USA","Hawaii","Molokai","5d283bb6-64dd-4626-8b3b-a4e8db5415c3",780312500
"Tetragnatha anuenue Gillespie, 2002","Tetragnatha","anuenue",-155.28007,19.91445,"USA","Hawaii",NA,"5d283bb6-64dd-4626-8b3b-a4e8db5415c3",11824312500
"Tetragnatha anuenue Gillespie, 2002","Tetragnatha","anuenue",-155.33351,19.67476,"USA","Hawaii",NA,"5d283bb6-64dd-4626-8b3b-a4e8db5415c3",11824312500
"Tetragnatha paludicola Gillespie, 1992","Tetragnatha","paludicola",-156.58635,20.89027,"USA","Hawaii","Maui","5d283bb6-64dd-4626-8b3b-a4e8db5415c3",2165812500
"Tetragnatha acuta Gillespie, 1992","Tetragnatha","acuta",-155.33168,19.67449,"USA","Hawaii",NA,"5d283bb6-64dd-4626-8b3b-a4e8db5415c3",11824312500
"Tetragnatha paludicola Gillespie, 1992","Tetragnatha","paludicola",-156.58635,20.89027,"USA","Hawaii","Maui","5d283bb6-64dd-4626-8b3b-a4e8db5415c3",2165812500
"Tetragnatha eurychasma Gillespie, 1992","Tetragnatha","eurychasma",-156.10233,20.71198,"USA","Hawaii","Maui","5d283bb6-64dd-4626-8b3b-a4e8db5415c3",2165812500
"Tetragnatha anuenue Gillespie, 2002","Tetragnatha","anuenue",-155.35795,19.66541,"USA","Hawaii",NA,"5d283bb6-64dd-4626-8b3b-a4e8db5415c3",11824312500
"Tetragnatha anuenue Gillespie, 2002","Tetragnatha","anuenue",-155.25173,19.46817,"USA","Hawaii",NA,"5d283bb6-64dd-4626-8b3b-a4e8db5415c3",11824312500
"Tetragnatha brevignatha Gillespie, 1992","Tetragnatha","brevignatha",-155.8442,19.67839,"USA","Hawaii",NA,"5d283bb6-64dd-4626-8b3b-a4e8db5415c3",11824312500
"Tetragnatha paludicola Gillespie, 1992","Tetragnatha","paludicola",-156.58635,20.89027,"USA","Hawaii","Maui","5d283bb6-64dd-4626-8b3b-a4e8db5415c3",2165812500
"Tetragnatha anuenue Gillespie, 2002","Tetragnatha","anuenue",-155.25173,19.46817,"USA","Hawaii",NA,"5d283bb6-64dd-4626-8b3b-a4e8db5415c3",11824312500
"Tetragnatha acuta Gillespie, 1992","Tetragnatha","acuta",-155.82842,19.24596,"USA","Hawaii",NA,"5d283bb6-64dd-4626-8b3b-a4e8db5415c3",11824312500
"Tetragnatha paludicola Gillespie, 1992","Tetragnatha","paludicola",-156.58635,20.89027,"USA","Hawaii","Maui","5d283bb6-64dd-4626-8b3b-a4e8db5415c3",2165812500
"Tetragnatha anuenue Gillespie, 2002","Tetragnatha","anuenue",-155.35795,19.66541,"USA","Hawaii",NA,"5d283bb6-64dd-4626-8b3b-a4e8db5415c3",11824312500
"Tetragnatha anuenue Gillespie, 2002","Tetragnatha","anuenue",-155.33351,19.67476,"USA","Hawaii",NA,"5d283bb6-64dd-4626-8b3b-a4e8db5415c3",11824312500
"Tetragnatha anuenue Gillespie, 2002","Tetragnatha","anuenue",-155.33351,19.67476,"USA","Hawaii",NA,"5d283bb6-64dd-4626-8b3b-a4e8db5415c3",11824312500
"Tetragnatha anuenue Gillespie, 2002","Tetragnatha","anuenue",-155.24703,19.5415,"USA","Hawaii",NA,"5d283bb6-64dd-4626-8b3b-a4e8db5415c3",11824312500
"Tetragnatha eurychasma Gillespie, 1992","Tetragnatha","eurychasma",-156.24205,20.79499,"USA","Hawaii","Maui","5d283bb6-64dd-4626-8b3b-a4e8db5415c3",2165812500
"Tetragnatha paludicola Gillespie, 1992","Tetragnatha","paludicola",-156.58635,20.89027,"USA","Hawaii","Maui","5d283bb6-64dd-4626-8b3b-a4e8db5415c3",2165812500
"Tetragnatha paludicola Gillespie, 1992","Tetragnatha","paludicola",-156.22656,20.80855,"USA","Hawaii","Maui","5d283bb6-64dd-4626-8b3b-a4e8db5415c3",2165812500
"Tetragnatha eurychasma Gillespie, 1992","Tetragnatha","eurychasma",-156.22656,20.80855,"USA","Hawaii","Maui","5d283bb6-64dd-4626-8b3b-a4e8db5415c3",2165812500
"Tetragnatha acuta Gillespie, 1992","Tetragnatha","acuta",-155.82842,19.24596,"USA","Hawaii",NA,"5d283bb6-64dd-4626-8b3b-a4e8db5415c3",11824312500
"Tetragnatha anuenue Gillespie, 2002","Tetragnatha","anuenue",-155.28007,19.91445,"USA","Hawaii",NA,"5d283bb6-64dd-4626-8b3b-a4e8db5415c3",11824312500
"Tetragnatha acuta Gillespie, 1992","Tetragnatha","acuta",-155.82842,19.24596,"USA","Hawaii",NA,"5d283bb6-64dd-4626-8b3b-a4e8db5415c3",11824312500
"Tetragnatha anuenue Gillespie, 2002","Tetragnatha","anuenue",-155.33168,19.67449,"USA","Hawaii",NA,"5d283bb6-64dd-4626-8b3b-a4e8db5415c3",11824312500
"Tetragnatha brevignatha Gillespie, 1992","Tetragnatha","brevignatha",-155.33349,19.67483,"USA","Hawaii",NA,"5d283bb6-64dd-4626-8b3b-a4e8db5415c3",11824312500
"Tetragnatha brevignatha Gillespie, 1992","Tetragnatha","brevignatha",-155.33351,19.67476,"USA","Hawaii",NA,"5d283bb6-64dd-4626-8b3b-a4e8db5415c3",11824312500
"Tetragnatha paludicola Gillespie, 1992","Tetragnatha","paludicola",-156.08358,20.70074,"USA","Hawaii","Maui","5d283bb6-64dd-4626-8b3b-a4e8db5415c3",2165812500
"Tetragnatha anuenue Gillespie, 2002","Tetragnatha","anuenue",-155.33349,19.67483,"USA","Hawaii",NA,"5d283bb6-64dd-4626-8b3b-a4e8db5415c3",11824312500
"Tetragnatha paludicola Gillespie, 1992","Tetragnatha","paludicola",-156.11602,20.71607,"USA","Hawaii","Maui","5d283bb6-64dd-4626-8b3b-a4e8db5415c3",2165812500
"Tetragnatha acuta Gillespie, 1992","Tetragnatha","acuta",-155.32681,19.82759,"USA","Hawaii",NA,"5d283bb6-64dd-4626-8b3b-a4e8db5415c3",11824312500
"Tetragnatha stelarobusta Gillespie, 1992","Tetragnatha","stelarobusta",-156.58635,20.89027,"USA","Hawaii","Maui","5d283bb6-64dd-4626-8b3b-a4e8db5415c3",2165812500
"Tetragnatha brevignatha Gillespie, 1992","Tetragnatha","brevignatha",-155.33351,19.67476,"USA","Hawaii",NA,"5d283bb6-64dd-4626-8b3b-a4e8db5415c3",11824312500
"Tetragnatha anuenue Gillespie, 2002","Tetragnatha","anuenue",-155.35795,19.66541,"USA","Hawaii",NA,"5d283bb6-64dd-4626-8b3b-a4e8db5415c3",11824312500
"Tetragnatha acuta Gillespie, 1992","Tetragnatha","acuta",-155.82842,19.24596,"USA","Hawaii",NA,"5d283bb6-64dd-4626-8b3b-a4e8db5415c3",11824312500
"Tetragnatha anuenue Gillespie, 2002","Tetragnatha","anuenue",-155.33358,19.6764,"USA","Hawaii",NA,"5d283bb6-64dd-4626-8b3b-a4e8db5415c3",11824312500
"Tetragnatha paludicola Gillespie, 1992","Tetragnatha","paludicola",-156.58635,20.89027,"USA","Hawaii","Maui","5d283bb6-64dd-4626-8b3b-a4e8db5415c3",2165812500
"Tetragnatha stelarobusta Gillespie, 1992","Tetragnatha","stelarobusta",-156.58635,20.89027,"USA","Hawaii","Maui","5d283bb6-64dd-4626-8b3b-a4e8db5415c3",2165812500
"Tetragnatha stelarobusta Gillespie, 1992","Tetragnatha","stelarobusta",-156.87312,20.81217,"USA","Hawaii","Lanai","5d283bb6-64dd-4626-8b3b-a4e8db5415c3",419687500
"Tetragnatha paludicola Gillespie, 1992","Tetragnatha","paludicola",-156.58635,20.89027,"USA","Hawaii","Maui","5d283bb6-64dd-4626-8b3b-a4e8db5415c3",2165812500
"Tetragnatha anuenue Gillespie, 2002","Tetragnatha","anuenue",-155.35795,19.66541,"USA","Hawaii",NA,"5d283bb6-64dd-4626-8b3b-a4e8db5415c3",11824312500
"Tetragnatha stelarobusta Gillespie, 1992","Tetragnatha","stelarobusta",-156.58635,20.89027,"USA","Hawaii","Maui","5d283bb6-64dd-4626-8b3b-a4e8db5415c3",2165812500
"Tetragnatha stelarobusta Gillespie, 1992","Tetragnatha","stelarobusta",-156.58635,20.89027,"USA","Hawaii","Maui","5d283bb6-64dd-4626-8b3b-a4e8db5415c3",2165812500
"Tetragnatha paludicola Gillespie, 1992","Tetragnatha","paludicola",-156.58635,20.89027,"USA","Hawaii","Maui","5d283bb6-64dd-4626-8b3b-a4e8db5415c3",2165812500
"Tetragnatha paludicola Gillespie, 1992","Tetragnatha","paludicola",-156.58635,20.89027,"USA","Hawaii","Maui","5d283bb6-64dd-4626-8b3b-a4e8db5415c3",2165812500
"Tetragnatha kamakou Gillespie, 1992","Tetragnatha","kamakou",-156.24205,20.79499,"USA","Hawaii","Maui","5d283bb6-64dd-4626-8b3b-a4e8db5415c3",2165812500
"Tetragnatha paludicola Gillespie, 1992","Tetragnatha","paludicola",-156.58635,20.89027,"USA","Hawaii","Maui","5d283bb6-64dd-4626-8b3b-a4e8db5415c3",2165812500
"Tetragnatha anuenue Gillespie, 2002","Tetragnatha","anuenue",-155.28007,19.91445,"USA","Hawaii",NA,"5d283bb6-64dd-4626-8b3b-a4e8db5415c3",11824312500
"Tetragnatha brevignatha Gillespie, 1992","Tetragnatha","brevignatha",-155.24703,19.5415,"USA","Hawaii",NA,"5d283bb6-64dd-4626-8b3b-a4e8db5415c3",11824312500
"Tetragnatha stelarobusta Gillespie, 1992","Tetragnatha","stelarobusta",-156.58635,20.89027,"USA","Hawaii","Maui","5d283bb6-64dd-4626-8b3b-a4e8db5415c3",2165812500
"Tetragnatha brevignatha Gillespie, 1992","Tetragnatha","brevignatha",-155.33351,19.67476,"USA","Hawaii",NA,"5d283bb6-64dd-4626-8b3b-a4e8db5415c3",11824312500
"Tetragnatha brevignatha Gillespie, 1992","Tetragnatha","brevignatha",-155.85438,19.24385,"USA","Hawaii",NA,"5d283bb6-64dd-4626-8b3b-a4e8db5415c3",11824312500
"Tetragnatha brevignatha Gillespie, 1992","Tetragnatha","brevignatha",-155.33351,19.67476,"USA","Hawaii",NA,"5d283bb6-64dd-4626-8b3b-a4e8db5415c3",11824312500
"Tetragnatha kamakou Gillespie, 1992","Tetragnatha","kamakou",-156.24205,20.79499,"USA","Hawaii","Maui","5d283bb6-64dd-4626-8b3b-a4e8db5415c3",2165812500
"Tetragnatha brevignatha Gillespie, 1992","Tetragnatha","brevignatha",-155.33349,19.67483,"USA","Hawaii",NA,"5d283bb6-64dd-4626-8b3b-a4e8db5415c3",11824312500
"Tetragnatha stelarobusta Gillespie, 1992","Tetragnatha","stelarobusta",-156.87312,20.81217,"USA","Hawaii","Lanai","5d283bb6-64dd-4626-8b3b-a4e8db5415c3",419687500
"Tetragnatha kamakou Gillespie, 1992","Tetragnatha","kamakou",-156.24205,20.79499,"USA","Hawaii","Maui","5d283bb6-64dd-4626-8b3b-a4e8db5415c3",2165812500
"Tetragnatha anuenue Gillespie, 2002","Tetragnatha","anuenue",-155.33168,19.67449,"USA","Hawaii",NA,"5d283bb6-64dd-4626-8b3b-a4e8db5415c3",11824312500
"Tetragnatha paludicola Gillespie, 1992","Tetragnatha","paludicola",-156.58635,20.89027,"USA","Hawaii","Maui","5d283bb6-64dd-4626-8b3b-a4e8db5415c3",2165812500
"Tetragnatha kamakou Gillespie, 1992","Tetragnatha","kamakou",-156.24341,20.78077,"USA","Hawaii","Maui","5d283bb6-64dd-4626-8b3b-a4e8db5415c3",2165812500
"Tetragnatha kamakou Gillespie, 1992","Tetragnatha","kamakou",-156.25683,20.80274,"USA","Hawaii","Maui","5d283bb6-64dd-4626-8b3b-a4e8db5415c3",2165812500
"Tetragnatha brevignatha Gillespie, 1992","Tetragnatha","brevignatha",-155.79138,19.14473,"USA","Hawaii",NA,"5d283bb6-64dd-4626-8b3b-a4e8db5415c3",11824312500
"Tetragnatha paludicola Gillespie, 1992","Tetragnatha","paludicola",-156.58635,20.89027,"USA","Hawaii","Maui","5d283bb6-64dd-4626-8b3b-a4e8db5415c3",2165812500
"Tetragnatha brevignatha Gillespie, 1992","Tetragnatha","brevignatha",-155.33349,19.67483,"USA","Hawaii",NA,"5d283bb6-64dd-4626-8b3b-a4e8db5415c3",11824312500
"Tetragnatha quasimodo Gillespie, 1992","Tetragnatha","quasimodo",-155.82842,19.24596,"USA","Hawaii",NA,"5d283bb6-64dd-4626-8b3b-a4e8db5415c3",11824312500
"Tetragnatha quasimodo Gillespie, 1992","Tetragnatha","quasimodo",-155.3025,19.43934,"USA","Hawaii",NA,"5d283bb6-64dd-4626-8b3b-a4e8db5415c3",11824312500
"Tetragnatha kamakou Gillespie, 1992","Tetragnatha","kamakou",-156.24341,20.78077,"USA","Hawaii","Maui","5d283bb6-64dd-4626-8b3b-a4e8db5415c3",2165812500
"Tetragnatha kamakou Gillespie, 1992","Tetragnatha","kamakou",-156.24341,20.78077,"USA","Hawaii","Maui","5d283bb6-64dd-4626-8b3b-a4e8db5415c3",2165812500
"Tetragnatha kamakou Gillespie, 1992","Tetragnatha","kamakou",-156.22656,20.80855,"USA","Hawaii","Maui","5d283bb6-64dd-4626-8b3b-a4e8db5415c3",2165812500
"Tetragnatha kamakou Gillespie, 1992","Tetragnatha","kamakou",-156.24341,20.78077,"USA","Hawaii","Maui","5d283bb6-64dd-4626-8b3b-a4e8db5415c3",2165812500
"Tetragnatha stelarobusta Gillespie, 1992","Tetragnatha","stelarobusta",-156.24341,20.78077,"USA","Hawaii","Maui","5d283bb6-64dd-4626-8b3b-a4e8db5415c3",2165812500
"Tetragnatha quasimodo Gillespie, 1992","Tetragnatha","quasimodo",-155.32681,19.82759,"USA","Hawaii",NA,"5d283bb6-64dd-4626-8b3b-a4e8db5415c3",11824312500
"Tetragnatha kamakou Gillespie, 1992","Tetragnatha","kamakou",-156.24341,20.78077,"USA","Hawaii","Maui","5d283bb6-64dd-4626-8b3b-a4e8db5415c3",2165812500
"Tetragnatha brevignatha Gillespie, 1992","Tetragnatha","brevignatha",-155.28007,19.91445,"USA","Hawaii",NA,"5d283bb6-64dd-4626-8b3b-a4e8db5415c3",11824312500
"Tetragnatha quasimodo Gillespie, 1992","Tetragnatha","quasimodo",-155.32681,19.82759,"USA","Hawaii",NA,"5d283bb6-64dd-4626-8b3b-a4e8db5415c3",11824312500
"Tetragnatha anuenue Gillespie, 2002","Tetragnatha","anuenue",-155.33349,19.67483,"USA","Hawaii",NA,"5d283bb6-64dd-4626-8b3b-a4e8db5415c3",11824312500
"Tetragnatha stelarobusta Gillespie, 1992","Tetragnatha","stelarobusta",-156.87312,20.81217,"USA","Hawaii","Lanai","5d283bb6-64dd-4626-8b3b-a4e8db5415c3",419687500
"Tetragnatha kamakou Gillespie, 1992","Tetragnatha","kamakou",-156.57449,20.91665,"USA","Hawaii","Maui","5d283bb6-64dd-4626-8b3b-a4e8db5415c3",2165812500
"Tetragnatha quasimodo Gillespie, 1992","Tetragnatha","quasimodo",-155.33351,19.67476,"USA","Hawaii",NA,"5d283bb6-64dd-4626-8b3b-a4e8db5415c3",11824312500
"Tetragnatha paludicola Gillespie, 1992","Tetragnatha","paludicola",-156.58635,20.89027,"USA","Hawaii","Maui","5d283bb6-64dd-4626-8b3b-a4e8db5415c3",2165812500
"Tetragnatha quasimodo Gillespie, 1992","Tetragnatha","quasimodo",-155.33501,19.67403,"USA","Hawaii",NA,"5d283bb6-64dd-4626-8b3b-a4e8db5415c3",11824312500
"Tetragnatha quasimodo Gillespie, 1992","Tetragnatha","quasimodo",-155.46633,19.68648,"USA","Hawaii",NA,"5d283bb6-64dd-4626-8b3b-a4e8db5415c3",11824312500
"Tetragnatha quasimodo Gillespie, 1992","Tetragnatha","quasimodo",-156.08358,20.70074,"USA","Hawaii","Maui","5d283bb6-64dd-4626-8b3b-a4e8db5415c3",2165812500
"Tetragnatha stelarobusta Gillespie, 1992","Tetragnatha","stelarobusta",-156.11602,20.71607,"USA","Hawaii","Maui","5d283bb6-64dd-4626-8b3b-a4e8db5415c3",2165812500
"Tetragnatha kamakou Gillespie, 1992","Tetragnatha","kamakou",-156.22656,20.80855,"USA","Hawaii","Maui","5d283bb6-64dd-4626-8b3b-a4e8db5415c3",2165812500
"Tetragnatha quasimodo Gillespie, 1992","Tetragnatha","quasimodo",-156.87312,20.81217,"USA","Hawaii","Lanai","5d283bb6-64dd-4626-8b3b-a4e8db5415c3",419687500
"Tetragnatha brevignatha Gillespie, 1992","Tetragnatha","brevignatha",-155.26788,19.92734,"USA","Hawaii",NA,"5d283bb6-64dd-4626-8b3b-a4e8db5415c3",11824312500
"Tetragnatha quasimodo Gillespie, 1992","Tetragnatha","quasimodo",-155.24703,19.5415,"USA","Hawaii",NA,"5d283bb6-64dd-4626-8b3b-a4e8db5415c3",11824312500
"Tetragnatha quasimodo Gillespie, 1992","Tetragnatha","quasimodo",-156.89793,21.11195,"USA","Hawaii","Molokai","5d283bb6-64dd-4626-8b3b-a4e8db5415c3",780312500
"Tetragnatha quasimodo Gillespie, 1992","Tetragnatha","quasimodo",-155.33351,19.67476,"USA","Hawaii",NA,"5d283bb6-64dd-4626-8b3b-a4e8db5415c3",11824312500
"Tetragnatha kamakou Gillespie, 1992","Tetragnatha","kamakou",-156.58635,20.89027,"USA","Hawaii","Maui","5d283bb6-64dd-4626-8b3b-a4e8db5415c3",2165812500
"Tetragnatha quasimodo Gillespie, 1992","Tetragnatha","quasimodo",-155.32681,19.82759,"USA","Hawaii",NA,"5d283bb6-64dd-4626-8b3b-a4e8db5415c3",11824312500
"Tetragnatha quasimodo Gillespie, 1992","Tetragnatha","quasimodo",-155.7633,20.11482,"USA","Hawaii",NA,"5d283bb6-64dd-4626-8b3b-a4e8db5415c3",11824312500
"Tetragnatha kamakou Gillespie, 1992","Tetragnatha","kamakou",-156.24341,20.78077,"USA","Hawaii","Maui","5d283bb6-64dd-4626-8b3b-a4e8db5415c3",2165812500
"Tetragnatha quasimodo Gillespie, 1992","Tetragnatha","quasimodo",-156.13181,20.72252,"USA","Hawaii","Maui","5d283bb6-64dd-4626-8b3b-a4e8db5415c3",2165812500
"Tetragnatha quasimodo Gillespie, 1992","Tetragnatha","quasimodo",-155.18984,19.40915,"USA","Hawaii",NA,"5d283bb6-64dd-4626-8b3b-a4e8db5415c3",11824312500
"Tetragnatha quasimodo Gillespie, 1992","Tetragnatha","quasimodo",-156.11602,20.71607,"USA","Hawaii","Maui","5d283bb6-64dd-4626-8b3b-a4e8db5415c3",2165812500
"Tetragnatha quasimodo Gillespie, 1992","Tetragnatha","quasimodo",-156.89651,21.10765,"USA","Hawaii","Molokai","5d283bb6-64dd-4626-8b3b-a4e8db5415c3",780312500
"Tetragnatha quasimodo Gillespie, 1992","Tetragnatha","quasimodo",-156.251,20.79327,"USA","Hawaii","Maui","5d283bb6-64dd-4626-8b3b-a4e8db5415c3",2165812500
"Tetragnatha quasimodo Gillespie, 1992","Tetragnatha","quasimodo",-155.3258,19.81947,"USA","Hawaii",NA,"5d283bb6-64dd-4626-8b3b-a4e8db5415c3",11824312500
"Tetragnatha quasimodo Gillespie, 1992","Tetragnatha","quasimodo",-156.24341,20.78077,"USA","Hawaii","Maui","5d283bb6-64dd-4626-8b3b-a4e8db5415c3",2165812500
"Tetragnatha kamakou Gillespie, 1992","Tetragnatha","kamakou",-156.24438,20.77554,"USA","Hawaii","Maui","5d283bb6-64dd-4626-8b3b-a4e8db5415c3",2165812500
"Tetragnatha quasimodo Gillespie, 1992","Tetragnatha","quasimodo",-156.22404,20.80779,"USA","Hawaii","Maui","5d283bb6-64dd-4626-8b3b-a4e8db5415c3",2165812500
"Tetragnatha kamakou Gillespie, 1992","Tetragnatha","kamakou",-156.24438,20.77554,"USA","Hawaii","Maui","5d283bb6-64dd-4626-8b3b-a4e8db5415c3",2165812500
"Tetragnatha quasimodo Gillespie, 1992","Tetragnatha","quasimodo",-155.32681,19.82759,"USA","Hawaii",NA,"5d283bb6-64dd-4626-8b3b-a4e8db5415c3",11824312500
"Tetragnatha brevignatha Gillespie, 1992","Tetragnatha","brevignatha",-155.28494,19.91096,"USA","Hawaii",NA,"5d283bb6-64dd-4626-8b3b-a4e8db5415c3",11824312500
"Tetragnatha quasimodo Gillespie, 1992","Tetragnatha","quasimodo",-156.87312,20.81217,"USA","Hawaii","Lanai","5d283bb6-64dd-4626-8b3b-a4e8db5415c3",419687500
"Tetragnatha quasimodo Gillespie, 1992","Tetragnatha","quasimodo",-155.33351,19.67476,"USA","Hawaii",NA,"5d283bb6-64dd-4626-8b3b-a4e8db5415c3",11824312500
"Tetragnatha quasimodo Gillespie, 1992","Tetragnatha","quasimodo",-156.13181,20.72252,"USA","Hawaii","Maui","5d283bb6-64dd-4626-8b3b-a4e8db5415c3",2165812500
"Tetragnatha stelarobusta Gillespie, 1992","Tetragnatha","stelarobusta",-156.87312,20.81217,"USA","Hawaii","Lanai","5d283bb6-64dd-4626-8b3b-a4e8db5415c3",419687500
"Tetragnatha quasimodo Gillespie, 1992","Tetragnatha","quasimodo",-155.38432,19.67701,"USA","Hawaii",NA,"5d283bb6-64dd-4626-8b3b-a4e8db5415c3",11824312500
"Tetragnatha quasimodo Gillespie, 1992","Tetragnatha","quasimodo",-156.12302,20.75064,"USA","Hawaii","Maui","5d283bb6-64dd-4626-8b3b-a4e8db5415c3",2165812500
"Tetragnatha quasimodo Gillespie, 1992","Tetragnatha","quasimodo",-156.84979,21.13242,"USA","Hawaii","Molokai","5d283bb6-64dd-4626-8b3b-a4e8db5415c3",780312500
"Tetragnatha quasimodo Gillespie, 1992","Tetragnatha","quasimodo",-156.1267,20.71887,"USA","Hawaii","Maui","5d283bb6-64dd-4626-8b3b-a4e8db5415c3",2165812500
"Tetragnatha quasimodo Gillespie, 1992","Tetragnatha","quasimodo",-155.32681,19.82759,"USA","Hawaii",NA,"5d283bb6-64dd-4626-8b3b-a4e8db5415c3",11824312500
"Tetragnatha quasimodo Gillespie, 1992","Tetragnatha","quasimodo",-155.3258,19.81947,"USA","Hawaii",NA,"5d283bb6-64dd-4626-8b3b-a4e8db5415c3",11824312500
"Tetragnatha quasimodo Gillespie, 1992","Tetragnatha","quasimodo",-155.3258,19.81947,"USA","Hawaii",NA,"5d283bb6-64dd-4626-8b3b-a4e8db5415c3",11824312500
"Tetragnatha quasimodo Gillespie, 1992","Tetragnatha","quasimodo",-156.12392,20.74586,"USA","Hawaii","Maui","5d283bb6-64dd-4626-8b3b-a4e8db5415c3",2165812500
"Tetragnatha quasimodo Gillespie, 1992","Tetragnatha","quasimodo",-156.89769,21.11181,"USA","Hawaii","Molokai","5d283bb6-64dd-4626-8b3b-a4e8db5415c3",780312500
"Tetragnatha quasimodo Gillespie, 1992","Tetragnatha","quasimodo",-156.25683,20.80274,"USA","Hawaii","Maui","5d283bb6-64dd-4626-8b3b-a4e8db5415c3",2165812500
"Tetragnatha quasimodo Gillespie, 1992","Tetragnatha","quasimodo",-156.22656,20.80855,"USA","Hawaii","Maui","5d283bb6-64dd-4626-8b3b-a4e8db5415c3",2165812500
"Tetragnatha quasimodo Gillespie, 1992","Tetragnatha","quasimodo",-156.12392,20.74586,"USA","Hawaii","Maui","5d283bb6-64dd-4626-8b3b-a4e8db5415c3",2165812500
"Tetragnatha quasimodo Gillespie, 1992","Tetragnatha","quasimodo",-156.25089,20.80551,"USA","Hawaii","Maui","5d283bb6-64dd-4626-8b3b-a4e8db5415c3",2165812500
"Tetragnatha quasimodo Gillespie, 1992","Tetragnatha","quasimodo",-156.10233,20.71198,"USA","Hawaii","Maui","5d283bb6-64dd-4626-8b3b-a4e8db5415c3",2165812500
"Tetragnatha quasimodo Gillespie, 1992","Tetragnatha","quasimodo",-155.33351,19.67476,"USA","Hawaii",NA,"5d283bb6-64dd-4626-8b3b-a4e8db5415c3",11824312500
"Tetragnatha quasimodo Gillespie, 1992","Tetragnatha","quasimodo",-156.11602,20.71607,"USA","Hawaii","Maui","5d283bb6-64dd-4626-8b3b-a4e8db5415c3",2165812500
"Tetragnatha quasimodo Gillespie, 1992","Tetragnatha","quasimodo",-156.89139,21.11111,"USA","Hawaii","Molokai","5d283bb6-64dd-4626-8b3b-a4e8db5415c3",780312500
"Tetragnatha stelarobusta Gillespie, 1992","Tetragnatha","stelarobusta",-156.58635,20.89027,"USA","Hawaii","Maui","5d283bb6-64dd-4626-8b3b-a4e8db5415c3",2165812500
"Tetragnatha quasimodo Gillespie, 1992","Tetragnatha","quasimodo",-155.82842,19.24596,"USA","Hawaii",NA,"5d283bb6-64dd-4626-8b3b-a4e8db5415c3",11824312500
"Tetragnatha quasimodo Gillespie, 1992","Tetragnatha","quasimodo",-156.89651,21.10765,"USA","Hawaii","Molokai","5d283bb6-64dd-4626-8b3b-a4e8db5415c3",780312500
"Tetragnatha quasimodo Gillespie, 1992","Tetragnatha","quasimodo",-156.87312,20.81217,"USA","Hawaii","Lanai","5d283bb6-64dd-4626-8b3b-a4e8db5415c3",419687500
"Tetragnatha quasimodo Gillespie, 1992","Tetragnatha","quasimodo",-155.46633,19.68648,"USA","Hawaii",NA,"5d283bb6-64dd-4626-8b3b-a4e8db5415c3",11824312500
"Tetragnatha quasimodo Gillespie, 1992","Tetragnatha","quasimodo",-156.13181,20.72252,"USA","Hawaii","Maui","5d283bb6-64dd-4626-8b3b-a4e8db5415c3",2165812500
"Tetragnatha quasimodo Gillespie, 1992","Tetragnatha","quasimodo",-155.79138,19.14473,"USA","Hawaii",NA,"5d283bb6-64dd-4626-8b3b-a4e8db5415c3",11824312500
"Tetragnatha quasimodo Gillespie, 1992","Tetragnatha","quasimodo",-155.76594,20.1091,"USA","Hawaii",NA,"5d283bb6-64dd-4626-8b3b-a4e8db5415c3",11824312500
"Tetragnatha quasimodo Gillespie, 1992","Tetragnatha","quasimodo",-155.73721,20.09422,"USA","Hawaii",NA,"5d283bb6-64dd-4626-8b3b-a4e8db5415c3",11824312500
"Tetragnatha quasimodo Gillespie, 1992","Tetragnatha","quasimodo",-156.88545,21.11401,"USA","Hawaii","Molokai","5d283bb6-64dd-4626-8b3b-a4e8db5415c3",780312500
"Tetragnatha quasimodo Gillespie, 1992","Tetragnatha","quasimodo",-156.13181,20.72252,"USA","Hawaii","Maui","5d283bb6-64dd-4626-8b3b-a4e8db5415c3",2165812500
"Tetragnatha quasimodo Gillespie, 1992","Tetragnatha","quasimodo",-156.24341,20.78077,"USA","Hawaii","Maui","5d283bb6-64dd-4626-8b3b-a4e8db5415c3",2165812500
"Tetragnatha quasimodo Gillespie, 1992","Tetragnatha","quasimodo",-156.25089,20.80551,"USA","Hawaii","Maui","5d283bb6-64dd-4626-8b3b-a4e8db5415c3",2165812500
"Tetragnatha quasimodo Gillespie, 1992","Tetragnatha","quasimodo",-156.13181,20.72252,"USA","Hawaii","Maui","5d283bb6-64dd-4626-8b3b-a4e8db5415c3",2165812500
"Tetragnatha quasimodo Gillespie, 1992","Tetragnatha","quasimodo",-156.25029,20.8047,"USA","Hawaii","Maui","5d283bb6-64dd-4626-8b3b-a4e8db5415c3",2165812500
"Tetragnatha quasimodo Gillespie, 1992","Tetragnatha","quasimodo",-156.2075,20.79111,"USA","Hawaii","Maui","5d283bb6-64dd-4626-8b3b-a4e8db5415c3",2165812500
"Tetragnatha quasimodo Gillespie, 1992","Tetragnatha","quasimodo",-156.35309,20.80415,"USA","Hawaii","Maui","5d283bb6-64dd-4626-8b3b-a4e8db5415c3",2165812500
"Tetragnatha quasimodo Gillespie, 1992","Tetragnatha","quasimodo",-156.10611,20.73333,"USA","Hawaii","Maui","5d283bb6-64dd-4626-8b3b-a4e8db5415c3",2165812500
"Tetragnatha quasimodo Gillespie, 1992","Tetragnatha","quasimodo",-156.90042,21.10498,"USA","Hawaii","Molokai","5d283bb6-64dd-4626-8b3b-a4e8db5415c3",780312500
"Tetragnatha quasimodo Gillespie, 1992","Tetragnatha","quasimodo",-156.12392,20.74586,"USA","Hawaii","Maui","5d283bb6-64dd-4626-8b3b-a4e8db5415c3",2165812500
"Tetragnatha quasimodo Gillespie, 1992","Tetragnatha","quasimodo",-156.90703,21.1095,"USA","Hawaii","Molokai","5d283bb6-64dd-4626-8b3b-a4e8db5415c3",780312500
"Tetragnatha quasimodo Gillespie, 1992","Tetragnatha","quasimodo",-155.73721,20.09422,"USA","Hawaii",NA,"5d283bb6-64dd-4626-8b3b-a4e8db5415c3",11824312500
"Tetragnatha quasimodo Gillespie, 1992","Tetragnatha","quasimodo",-156.24341,20.78077,"USA","Hawaii","Maui","5d283bb6-64dd-4626-8b3b-a4e8db5415c3",2165812500
"Tetragnatha quasimodo Gillespie, 1992","Tetragnatha","quasimodo",-156.89559,21.10774,"USA","Hawaii","Molokai","5d283bb6-64dd-4626-8b3b-a4e8db5415c3",780312500
"Tetragnatha quasimodo Gillespie, 1992","Tetragnatha","quasimodo",-156.13181,20.72252,"USA","Hawaii","Maui","5d283bb6-64dd-4626-8b3b-a4e8db5415c3",2165812500
"Tetragnatha quasimodo Gillespie, 1992","Tetragnatha","quasimodo",-155.32681,19.82759,"USA","Hawaii",NA,"5d283bb6-64dd-4626-8b3b-a4e8db5415c3",11824312500
"Tetragnatha quasimodo Gillespie, 1992","Tetragnatha","quasimodo",-156.22656,20.80855,"USA","Hawaii","Maui","5d283bb6-64dd-4626-8b3b-a4e8db5415c3",2165812500
"Tetragnatha quasimodo Gillespie, 1992","Tetragnatha","quasimodo",-155.33351,19.67476,"USA","Hawaii",NA,"5d283bb6-64dd-4626-8b3b-a4e8db5415c3",11824312500
"Tetragnatha quasimodo Gillespie, 1992","Tetragnatha","quasimodo",-156.58635,20.89027,"USA","Hawaii","Maui","5d283bb6-64dd-4626-8b3b-a4e8db5415c3",2165812500
"Tetragnatha quasimodo Gillespie, 1992","Tetragnatha","quasimodo",-156.13181,20.72252,"USA","Hawaii","Maui","5d283bb6-64dd-4626-8b3b-a4e8db5415c3",2165812500
"Tetragnatha quasimodo Gillespie, 1992","Tetragnatha","quasimodo",-155.85438,19.24385,"USA","Hawaii",NA,"5d283bb6-64dd-4626-8b3b-a4e8db5415c3",11824312500
"Tetragnatha quasimodo Gillespie, 1992","Tetragnatha","quasimodo",-155.82842,19.24596,"USA","Hawaii",NA,"5d283bb6-64dd-4626-8b3b-a4e8db5415c3",11824312500
"Tetragnatha quasimodo Gillespie, 1992","Tetragnatha","quasimodo",-156.9097,21.11761,"USA","Hawaii","Molokai","5d283bb6-64dd-4626-8b3b-a4e8db5415c3",780312500
"Tetragnatha quasimodo Gillespie, 1992","Tetragnatha","quasimodo",-156.24341,20.78077,"USA","Hawaii","Maui","5d283bb6-64dd-4626-8b3b-a4e8db5415c3",2165812500
"Tetragnatha quasimodo Gillespie, 1992","Tetragnatha","quasimodo",-156.12392,20.74586,"USA","Hawaii","Maui","5d283bb6-64dd-4626-8b3b-a4e8db5415c3",2165812500
"Tetragnatha quasimodo Gillespie, 1992","Tetragnatha","quasimodo",-155.3339,19.6748,"USA","Hawaii",NA,"5d283bb6-64dd-4626-8b3b-a4e8db5415c3",11824312500
"Tetragnatha quasimodo Gillespie, 1992","Tetragnatha","quasimodo",-156.08079,20.69386,"USA","Hawaii","Maui","5d283bb6-64dd-4626-8b3b-a4e8db5415c3",2165812500
"Tetragnatha quasimodo Gillespie, 1992","Tetragnatha","quasimodo",-155.35795,19.66541,"USA","Hawaii",NA,"5d283bb6-64dd-4626-8b3b-a4e8db5415c3",11824312500
"Tetragnatha quasimodo Gillespie, 1992","Tetragnatha","quasimodo",-156.07235,20.67484,"USA","Hawaii","Maui","5d283bb6-64dd-4626-8b3b-a4e8db5415c3",2165812500
"Tetragnatha quasimodo Gillespie, 1992","Tetragnatha","quasimodo",-156.89651,21.10765,"USA","Hawaii","Molokai","5d283bb6-64dd-4626-8b3b-a4e8db5415c3",780312500
"Tetragnatha quasimodo Gillespie, 1992","Tetragnatha","quasimodo",-155.33168,19.67449,"USA","Hawaii",NA,"5d283bb6-64dd-4626-8b3b-a4e8db5415c3",11824312500
"Tetragnatha quasimodo Gillespie, 1992","Tetragnatha","quasimodo",-156.25972,20.80056,"USA","Hawaii","Maui","5d283bb6-64dd-4626-8b3b-a4e8db5415c3",2165812500
"Tetragnatha quasimodo Gillespie, 1992","Tetragnatha","quasimodo",-156.0674,20.70707,"USA","Hawaii","Maui","5d283bb6-64dd-4626-8b3b-a4e8db5415c3",2165812500
"Tetragnatha quasimodo Gillespie, 1992","Tetragnatha","quasimodo",-155.46633,19.68648,"USA","Hawaii",NA,"5d283bb6-64dd-4626-8b3b-a4e8db5415c3",11824312500
"Tetragnatha quasimodo Gillespie, 1992","Tetragnatha","quasimodo",-156.10961,20.76749,"USA","Hawaii","Maui","5d283bb6-64dd-4626-8b3b-a4e8db5415c3",2165812500
"Tetragnatha quasimodo Gillespie, 1992","Tetragnatha","quasimodo",-156.22404,20.80779,"USA","Hawaii","Maui","5d283bb6-64dd-4626-8b3b-a4e8db5415c3",2165812500
"Tetragnatha lena Gillespie, 2003","Tetragnatha","lena",-157.87934,21.39839,"USA","Hawaii","Oahu","5d283bb6-64dd-4626-8b3b-a4e8db5415c3",1801687500
"Tetragnatha hawaiensis Simon, 1900","Tetragnatha","hawaiensis",-155.70218,20.12254,"USA","Hawaii",NA,"5d283bb6-64dd-4626-8b3b-a4e8db5415c3",11824312500
"Tetragnatha perkinsi Simon, 1900","Tetragnatha","perkinsi",-155.24175,19.45182,"USA","Hawaii",NA,"5d283bb6-64dd-4626-8b3b-a4e8db5415c3",11824312500
"Tetragnatha restricta Simon, 1900","Tetragnatha","restricta",-156.28436,20.75703,"USA","Hawaii","Maui","5d283bb6-64dd-4626-8b3b-a4e8db5415c3",2165812500
"Tetragnatha eurychasma Gillespie, 1992","Tetragnatha","eurychasma",-156.33752,20.64597,"USA","Hawaii","Maui","5d283bb6-64dd-4626-8b3b-a4e8db5415c3",2165812500
"Tetragnatha restricta Simon, 1900","Tetragnatha","restricta",-156.2434,20.76867,"USA","Hawaii","Maui","5d283bb6-64dd-4626-8b3b-a4e8db5415c3",2165812500
"Tetragnatha restricta Simon, 1900","Tetragnatha","restricta",-156.22656,20.80855,"USA","Hawaii","Maui","5d283bb6-64dd-4626-8b3b-a4e8db5415c3",2165812500
"Tetragnatha hawaiensis Simon, 1900","Tetragnatha","hawaiensis",-155.23699,19.5447,"USA","Hawaii",NA,"5d283bb6-64dd-4626-8b3b-a4e8db5415c3",11824312500
"Tetragnatha restricta Simon, 1900","Tetragnatha","restricta",-156.22656,20.80855,"USA","Hawaii","Maui","5d283bb6-64dd-4626-8b3b-a4e8db5415c3",2165812500
"Tetragnatha eurychasma Gillespie, 1992","Tetragnatha","eurychasma",-156.22656,20.80855,"USA","Hawaii","Maui","5d283bb6-64dd-4626-8b3b-a4e8db5415c3",2165812500
"Tetragnatha waikamoi Gillespie, 1992","Tetragnatha","waikamoi",-156.24205,20.79499,"USA","Hawaii","Maui","5d283bb6-64dd-4626-8b3b-a4e8db5415c3",2165812500
"Tetragnatha eurychasma Gillespie, 1992","Tetragnatha","eurychasma",-156.90042,21.10498,"USA","Hawaii","Molokai","5d283bb6-64dd-4626-8b3b-a4e8db5415c3",780312500
"Tetragnatha acuta Gillespie, 1992","Tetragnatha","acuta",-155.32681,19.82759,"USA","Hawaii",NA,"5d283bb6-64dd-4626-8b3b-a4e8db5415c3",11824312500
"Tetragnatha kamakou Gillespie, 1992","Tetragnatha","kamakou",-156.88545,21.11401,"USA","Hawaii","Molokai","5d283bb6-64dd-4626-8b3b-a4e8db5415c3",780312500
"Tetragnatha eurychasma Gillespie, 1992","Tetragnatha","eurychasma",-156.57449,20.91665,"USA","Hawaii","Maui","5d283bb6-64dd-4626-8b3b-a4e8db5415c3",2165812500
"Tetragnatha acuta Gillespie, 1992","Tetragnatha","acuta",-155.46633,19.68648,"USA","Hawaii",NA,"5d283bb6-64dd-4626-8b3b-a4e8db5415c3",11824312500
"Tetragnatha kamakou Gillespie, 1992","Tetragnatha","kamakou",-156.90282,21.10361,"USA","Hawaii","Molokai","5d283bb6-64dd-4626-8b3b-a4e8db5415c3",780312500
"Tetragnatha acuta Gillespie, 1992","Tetragnatha","acuta",-155.32681,19.82759,"USA","Hawaii",NA,"5d283bb6-64dd-4626-8b3b-a4e8db5415c3",11824312500
"Tetragnatha kamakou Gillespie, 1992","Tetragnatha","kamakou",-156.90282,21.10361,"USA","Hawaii","Molokai","5d283bb6-64dd-4626-8b3b-a4e8db5415c3",780312500
"Tetragnatha brevignatha Gillespie, 1992","Tetragnatha","brevignatha",-155.28522,19.91084,"USA","Hawaii",NA,"5d283bb6-64dd-4626-8b3b-a4e8db5415c3",11824312500
"Tetragnatha brevignatha Gillespie, 1992","Tetragnatha","brevignatha",-155.26788,19.92734,"USA","Hawaii",NA,"5d283bb6-64dd-4626-8b3b-a4e8db5415c3",11824312500
"Tetragnatha brevignatha Gillespie, 1992","Tetragnatha","brevignatha",-155.28007,19.91445,"USA","Hawaii",NA,"5d283bb6-64dd-4626-8b3b-a4e8db5415c3",11824312500
"Tetragnatha brevignatha Gillespie, 1992","Tetragnatha","brevignatha",-155.28007,19.91445,"USA","Hawaii",NA,"5d283bb6-64dd-4626-8b3b-a4e8db5415c3",11824312500
"Tetragnatha brevignatha Gillespie, 1992","Tetragnatha","brevignatha",-155.26788,19.92734,"USA","Hawaii",NA,"5d283bb6-64dd-4626-8b3b-a4e8db5415c3",11824312500
"Tetragnatha brevignatha Gillespie, 1992","Tetragnatha","brevignatha",-155.25187,19.94459,"USA","Hawaii",NA,"5d283bb6-64dd-4626-8b3b-a4e8db5415c3",11824312500
"Tetragnatha brevignatha Gillespie, 1992","Tetragnatha","brevignatha",-155.28007,19.91445,"USA","Hawaii",NA,"5d283bb6-64dd-4626-8b3b-a4e8db5415c3",11824312500
"Tetragnatha brevignatha Gillespie, 1992","Tetragnatha","brevignatha",-155.28522,19.91084,"USA","Hawaii",NA,"5d283bb6-64dd-4626-8b3b-a4e8db5415c3",11824312500
"Tetragnatha brevignatha Gillespie, 1992","Tetragnatha","brevignatha",-155.28007,19.91445,"USA","Hawaii",NA,"5d283bb6-64dd-4626-8b3b-a4e8db5415c3",11824312500
"Tetragnatha brevignatha Gillespie, 1992","Tetragnatha","brevignatha",-155.28007,19.91445,"USA","Hawaii",NA,"5d283bb6-64dd-4626-8b3b-a4e8db5415c3",11824312500
"Tetragnatha brevignatha Gillespie, 1992","Tetragnatha","brevignatha",-155.79138,19.14473,"USA","Hawaii",NA,"5d283bb6-64dd-4626-8b3b-a4e8db5415c3",11824312500
"Tetragnatha stelarobusta Gillespie, 1992","Tetragnatha","stelarobusta",-156.58635,20.89027,"USA","Hawaii","Maui","5d283bb6-64dd-4626-8b3b-a4e8db5415c3",2165812500
"Tetragnatha brevignatha Gillespie, 1992","Tetragnatha","brevignatha",-155.25014,19.54944,"USA","Hawaii",NA,"5d283bb6-64dd-4626-8b3b-a4e8db5415c3",11824312500
"Tetragnatha stelarobusta Gillespie, 1992","Tetragnatha","stelarobusta",-156.58635,20.89027,"USA","Hawaii","Maui","5d283bb6-64dd-4626-8b3b-a4e8db5415c3",2165812500
"Tetragnatha stelarobusta Gillespie, 1992","Tetragnatha","stelarobusta",-156.58635,20.89027,"USA","Hawaii","Maui","5d283bb6-64dd-4626-8b3b-a4e8db5415c3",2165812500
"Tetragnatha kamakou Gillespie, 1992","Tetragnatha","kamakou",-156.25618,20.80194,"USA","Hawaii","Maui","5d283bb6-64dd-4626-8b3b-a4e8db5415c3",2165812500
"Tetragnatha kamakou Gillespie, 1992","Tetragnatha","kamakou",-156.25029,20.8047,"USA","Hawaii","Maui","5d283bb6-64dd-4626-8b3b-a4e8db5415c3",2165812500
"Tetragnatha kamakou Gillespie, 1992","Tetragnatha","kamakou",-156.24341,20.78077,"USA","Hawaii","Maui","5d283bb6-64dd-4626-8b3b-a4e8db5415c3",2165812500
"Tetragnatha quasimodo Gillespie, 1992","Tetragnatha","quasimodo",-156.13416,20.74057,"USA","Hawaii","Maui","5d283bb6-64dd-4626-8b3b-a4e8db5415c3",2165812500
"Tetragnatha quasimodo Gillespie, 1992","Tetragnatha","quasimodo",-156.25618,20.80194,"USA","Hawaii","Maui","5d283bb6-64dd-4626-8b3b-a4e8db5415c3",2165812500
"Tetragnatha quasimodo Gillespie, 1992","Tetragnatha","quasimodo",-155.33275,19.78976,"USA","Hawaii",NA,"5d283bb6-64dd-4626-8b3b-a4e8db5415c3",11824312500
"Tetragnatha quasimodo Gillespie, 1992","Tetragnatha","quasimodo",-156.59835,20.85167,"USA","Hawaii","Maui","5d283bb6-64dd-4626-8b3b-a4e8db5415c3",2165812500
