"SpeciesName","Genus","Species","Longitude","Latitude","First","Second","Third","datasetKey","areas"
"Acacia koa A.Gray","Acacia","koa","-157.793697","21.313778","USA","Hawaii","Oahu","50c9509d-22c7-4a22-a47d-8c48425ef4a7",1801687500
"Acacia koa A.Gray","Acacia","koa","-157.791839","21.314686","USA","Hawaii","Oahu","50c9509d-22c7-4a22-a47d-8c48425ef4a7",1801687500
"Acacia koa A.Gray","Acacia","koa","-157.785176","21.328342","USA","Hawaii","Oahu","50c9509d-22c7-4a22-a47d-8c48425ef4a7",1801687500
"Acacia confusa Merr.","Acacia","confusa","-158.157613","21.49019","USA","Hawaii","Oahu","50c9509d-22c7-4a22-a47d-8c48425ef4a7",1801687500
"Acacia koa A.Gray","Acacia","koa","-158.152834","21.502405","USA","Hawaii","Oahu","50c9509d-22c7-4a22-a47d-8c48425ef4a7",1801687500
"Acacia koa A.Gray","Acacia","koa","-155.366585","19.670737","USA","Hawaii",NA,"50c9509d-22c7-4a22-a47d-8c48425ef4a7",11824312500
"Acacia koa A.Gray","Acacia","koa","-155.367953","19.671847","USA","Hawaii",NA,"50c9509d-22c7-4a22-a47d-8c48425ef4a7",11824312500
"Acacia koa A.Gray","Acacia","koa","-155.466115","19.687843","USA","Hawaii",NA,"50c9509d-22c7-4a22-a47d-8c48425ef4a7",11824312500
"Acacia koa A.Gray","Acacia","koa","-155.463898","19.687342","USA","Hawaii",NA,"50c9509d-22c7-4a22-a47d-8c48425ef4a7",11824312500
"Acacia mearnsii De Wild.","Acacia","mearnsii","-157.82132","21.33067","USA","Hawaii","Oahu","50c9509d-22c7-4a22-a47d-8c48425ef4a7",1801687500
"Acacia confusa Merr.","Acacia","confusa","-155.800951","20.237242","USA","Hawaii",NA,"50c9509d-22c7-4a22-a47d-8c48425ef4a7",11824312500
"Acacia koa A.Gray","Acacia","koa","-159.661493","22.053084","USA","Hawaii","Kauai","50c9509d-22c7-4a22-a47d-8c48425ef4a7",1683250000
"Acacia koa A.Gray","Acacia","koa","-157.79636","21.325522","USA","Hawaii","Oahu","50c9509d-22c7-4a22-a47d-8c48425ef4a7",1801687500
"Acacia koa A.Gray","Acacia","koa","-156.93434","20.796698","USA","Hawaii","Lanai","50c9509d-22c7-4a22-a47d-8c48425ef4a7",419687500
"Acacia confusa Merr.","Acacia","confusa","-157.779612","21.304293","USA","Hawaii","Oahu","50c9509d-22c7-4a22-a47d-8c48425ef4a7",1801687500
"Acacia koa A.Gray","Acacia","koa","-156.937105","20.762193","USA","Hawaii","Lanai","50c9509d-22c7-4a22-a47d-8c48425ef4a7",419687500
"Acacia koa A.Gray","Acacia","koa","-155.27552","19.430769","USA","Hawaii",NA,"50c9509d-22c7-4a22-a47d-8c48425ef4a7",11824312500
"Acacia confusa Merr.","Acacia","confusa","-157.884576","21.375345","USA","Hawaii","Oahu","50c9509d-22c7-4a22-a47d-8c48425ef4a7",1801687500
"Acacia koa A.Gray","Acacia","koa","-155.275247","19.431435","USA","Hawaii",NA,"50c9509d-22c7-4a22-a47d-8c48425ef4a7",11824312500
"Acacia koa A.Gray","Acacia","koa","-159.662916","22.147174","USA","Hawaii","Kauai","50c9509d-22c7-4a22-a47d-8c48425ef4a7",1683250000
"Acacia koa A.Gray","Acacia","koa","-155.259012","19.430165","USA","Hawaii",NA,"50c9509d-22c7-4a22-a47d-8c48425ef4a7",11824312500
"Acacia koa A.Gray","Acacia","koa","-155.292826","19.43146","USA","Hawaii",NA,"50c9509d-22c7-4a22-a47d-8c48425ef4a7",11824312500
"Acacia koa A.Gray","Acacia","koa","-155.303012","19.436898","USA","Hawaii",NA,"50c9509d-22c7-4a22-a47d-8c48425ef4a7",11824312500
"Acacia koa A.Gray","Acacia","koa","-155.304772","19.440467","USA","Hawaii",NA,"50c9509d-22c7-4a22-a47d-8c48425ef4a7",11824312500
"Acacia koa A.Gray","Acacia","koa","-155.242385","19.508532","USA","Hawaii",NA,"50c9509d-22c7-4a22-a47d-8c48425ef4a7",11824312500
"Acacia koa A.Gray","Acacia","koa","-155.302933","19.437193","USA","Hawaii",NA,"50c9509d-22c7-4a22-a47d-8c48425ef4a7",11824312500
"Acacia koa A.Gray","Acacia","koa","-155.46662","19.686574","USA","Hawaii",NA,"50c9509d-22c7-4a22-a47d-8c48425ef4a7",11824312500
"Acacia koa A.Gray","Acacia","koa","-156.312677","20.696521","USA","Hawaii","Maui","50c9509d-22c7-4a22-a47d-8c48425ef4a7",2165812500
"Acacia confusa Merr.","Acacia","confusa","-157.825617","21.316933","USA","Hawaii","Oahu","50c9509d-22c7-4a22-a47d-8c48425ef4a7",1801687500
"Acacia koa A.Gray","Acacia","koa","-155.275443","19.430812","USA","Hawaii",NA,"50c9509d-22c7-4a22-a47d-8c48425ef4a7",11824312500
"Acacia koa A.Gray","Acacia","koa","-157.81983","21.343618","USA","Hawaii","Oahu","50c9509d-22c7-4a22-a47d-8c48425ef4a7",1801687500
"Acacia confusa Merr.","Acacia","confusa","-157.822595","21.342673","USA","Hawaii","Oahu","50c9509d-22c7-4a22-a47d-8c48425ef4a7",1801687500
"Acacia koa A.Gray","Acacia","koa","-155.385772","19.672245","USA","Hawaii",NA,"50c9509d-22c7-4a22-a47d-8c48425ef4a7",11824312500
"Acacia koa A.Gray","Acacia","koa","-155.903763","19.50052","USA","Hawaii",NA,"50c9509d-22c7-4a22-a47d-8c48425ef4a7",11824312500
"Acacia koa A.Gray","Acacia","koa","-155.196108","19.687458","USA","Hawaii",NA,"50c9509d-22c7-4a22-a47d-8c48425ef4a7",11824312500
"Acacia mangium Willd.","Acacia","mangium","-157.934722","21.43124","USA","Hawaii","Oahu","50c9509d-22c7-4a22-a47d-8c48425ef4a7",1801687500
"Acacia koa A.Gray","Acacia","koa","-157.915395","21.43959","USA","Hawaii","Oahu","50c9509d-22c7-4a22-a47d-8c48425ef4a7",1801687500
"Acacia koa A.Gray","Acacia","koa","-157.902886","21.445301","USA","Hawaii","Oahu","50c9509d-22c7-4a22-a47d-8c48425ef4a7",1801687500
"Acacia koa A.Gray","Acacia","koa","-157.901029","21.447167","USA","Hawaii","Oahu","50c9509d-22c7-4a22-a47d-8c48425ef4a7",1801687500
"Acacia koa A.Gray","Acacia","koa","-157.902654","21.445534","USA","Hawaii","Oahu","50c9509d-22c7-4a22-a47d-8c48425ef4a7",1801687500
"Acacia koa A.Gray","Acacia","koa","-157.907743","21.443188","USA","Hawaii","Oahu","50c9509d-22c7-4a22-a47d-8c48425ef4a7",1801687500
"Acacia confusa Merr.","Acacia","confusa","-157.823147","21.313394","USA","Hawaii","Oahu","50c9509d-22c7-4a22-a47d-8c48425ef4a7",1801687500
"Acacia koa A.Gray","Acacia","koa","-157.760883","21.338847","USA","Hawaii","Oahu","50c9509d-22c7-4a22-a47d-8c48425ef4a7",1801687500
"Acacia mearnsii De Wild.","Acacia","mearnsii","-159.664447","22.071183","USA","Hawaii","Kauai","50c9509d-22c7-4a22-a47d-8c48425ef4a7",1683250000
"Acacia koa A.Gray","Acacia","koa","-159.665583","22.075803","USA","Hawaii","Kauai","50c9509d-22c7-4a22-a47d-8c48425ef4a7",1683250000
"Acacia koa A.Gray","Acacia","koa","-157.878048","21.40761","USA","Hawaii","Oahu","50c9509d-22c7-4a22-a47d-8c48425ef4a7",1801687500
"Acacia koa A.Gray","Acacia","koa","-159.529225","21.911211","USA","Hawaii","Kauai","50c9509d-22c7-4a22-a47d-8c48425ef4a7",1683250000
"Acacia koa A.Gray","Acacia","koa","-157.753834","21.31493","USA","Hawaii","Oahu","50c9509d-22c7-4a22-a47d-8c48425ef4a7",1801687500
"Acacia koa A.Gray","Acacia","koa","-157.752318","21.319524","USA","Hawaii","Oahu","50c9509d-22c7-4a22-a47d-8c48425ef4a7",1801687500
"Acacia koa A.Gray","Acacia","koa","-157.751086","21.321285","USA","Hawaii","Oahu","50c9509d-22c7-4a22-a47d-8c48425ef4a7",1801687500
"Acacia koa A.Gray","Acacia","koa","-157.751181","21.321351","USA","Hawaii","Oahu","50c9509d-22c7-4a22-a47d-8c48425ef4a7",1801687500
"Acacia koa A.Gray","Acacia","koa","-157.753772","21.317015","USA","Hawaii","Oahu","50c9509d-22c7-4a22-a47d-8c48425ef4a7",1801687500
"Acacia koa A.Gray","Acacia","koa","-157.880497","21.406307","USA","Hawaii","Oahu","50c9509d-22c7-4a22-a47d-8c48425ef4a7",1801687500
"Acacia koa A.Gray","Acacia","koa","-157.880498","21.406295","USA","Hawaii","Oahu","50c9509d-22c7-4a22-a47d-8c48425ef4a7",1801687500
"Acacia koa A.Gray","Acacia","koa","-157.880399","21.406317","USA","Hawaii","Oahu","50c9509d-22c7-4a22-a47d-8c48425ef4a7",1801687500
"Acacia koa A.Gray","Acacia","koa","-155.301287","19.440555","USA","Hawaii",NA,"50c9509d-22c7-4a22-a47d-8c48425ef4a7",11824312500
"Acacia koa A.Gray","Acacia","koa","-155.301287","19.440555","USA","Hawaii",NA,"50c9509d-22c7-4a22-a47d-8c48425ef4a7",11824312500
"Acacia koa A.Gray","Acacia","koa","-155.303253","19.43802","USA","Hawaii",NA,"50c9509d-22c7-4a22-a47d-8c48425ef4a7",11824312500
"Acacia confusa Merr.","Acacia","confusa","-157.921144","21.608083","USA","Hawaii","Oahu","50c9509d-22c7-4a22-a47d-8c48425ef4a7",1801687500
"Acacia confusa Merr.","Acacia","confusa","-157.725831","21.309675","USA","Hawaii","Oahu","50c9509d-22c7-4a22-a47d-8c48425ef4a7",1801687500
"Acacia koa A.Gray","Acacia","koa","-155.947707","19.724993","USA","Hawaii",NA,"50c9509d-22c7-4a22-a47d-8c48425ef4a7",11824312500
"Acacia koa A.Gray","Acacia","koa","-157.796982","21.32481","USA","Hawaii","Oahu","50c9509d-22c7-4a22-a47d-8c48425ef4a7",1801687500
"Acacia koa A.Gray","Acacia","koa","-157.926585","21.500489","USA","Hawaii","Oahu","50c9509d-22c7-4a22-a47d-8c48425ef4a7",1801687500
"Acacia mearnsii De Wild.","Acacia","mearnsii","-156.31778","20.734483","USA","Hawaii","Maui","50c9509d-22c7-4a22-a47d-8c48425ef4a7",2165812500
"Acacia koa A.Gray","Acacia","koa","-155.732055","20.0592","USA","Hawaii",NA,"50c9509d-22c7-4a22-a47d-8c48425ef4a7",11824312500
"Acacia confusa Merr.","Acacia","confusa","-157.727114","21.309362","USA","Hawaii","Oahu","50c9509d-22c7-4a22-a47d-8c48425ef4a7",1801687500
"Acacia confusa Merr.","Acacia","confusa","-157.726933","21.310148","USA","Hawaii","Oahu","50c9509d-22c7-4a22-a47d-8c48425ef4a7",1801687500
"Acacia confusa Merr.","Acacia","confusa","-157.727375","21.31003","USA","Hawaii","Oahu","50c9509d-22c7-4a22-a47d-8c48425ef4a7",1801687500
"Acacia confusa Merr.","Acacia","confusa","-157.726824","21.30852","USA","Hawaii","Oahu","50c9509d-22c7-4a22-a47d-8c48425ef4a7",1801687500
"Acacia koa A.Gray","Acacia","koa","-157.948783","21.488801","USA","Hawaii","Oahu","50c9509d-22c7-4a22-a47d-8c48425ef4a7",1801687500
"Acacia confusa Merr.","Acacia","confusa","-157.804402","21.301559","USA","Hawaii","Oahu","50c9509d-22c7-4a22-a47d-8c48425ef4a7",1801687500
"Acacia koa A.Gray","Acacia","koa","-157.789237","21.335916","USA","Hawaii","Oahu","50c9509d-22c7-4a22-a47d-8c48425ef4a7",1801687500
"Acacia koa A.Gray","Acacia","koa","-157.805032","21.304767","USA","Hawaii","Oahu","50c9509d-22c7-4a22-a47d-8c48425ef4a7",1801687500
"Acacia koa A.Gray","Acacia","koa","-157.805152","21.304783","USA","Hawaii","Oahu","50c9509d-22c7-4a22-a47d-8c48425ef4a7",1801687500
"Acacia koa A.Gray","Acacia","koa","-155.366879","19.671663","USA","Hawaii",NA,"50c9509d-22c7-4a22-a47d-8c48425ef4a7",11824312500
"Acacia koa A.Gray","Acacia","koa","-159.661758","22.071797","USA","Hawaii","Kauai","50c9509d-22c7-4a22-a47d-8c48425ef4a7",1683250000
"Acacia mearnsii De Wild.","Acacia","mearnsii","-159.646513","21.986278","USA","Hawaii","Kauai","50c9509d-22c7-4a22-a47d-8c48425ef4a7",1683250000
"Acacia koa A.Gray","Acacia","koa","-159.661788","22.071245","USA","Hawaii","Kauai","50c9509d-22c7-4a22-a47d-8c48425ef4a7",1683250000
"Acacia koa A.Gray","Acacia","koa","-155.956283","19.729572","USA","Hawaii",NA,"50c9509d-22c7-4a22-a47d-8c48425ef4a7",11824312500
"Acacia koa A.Gray","Acacia","koa","-155.956714","19.731339","USA","Hawaii",NA,"50c9509d-22c7-4a22-a47d-8c48425ef4a7",11824312500
"Acacia koa A.Gray","Acacia","koa","-155.948247","19.726442","USA","Hawaii",NA,"50c9509d-22c7-4a22-a47d-8c48425ef4a7",11824312500
"Acacia koa A.Gray","Acacia","koa","-155.948036","19.725233","USA","Hawaii",NA,"50c9509d-22c7-4a22-a47d-8c48425ef4a7",11824312500
"Acacia koa A.Gray","Acacia","koa","-157.793608","21.313913","USA","Hawaii","Oahu","50c9509d-22c7-4a22-a47d-8c48425ef4a7",1801687500
"Acacia confusa Merr.","Acacia","confusa","-159.7444","22.096967","USA","Hawaii","Kauai","50c9509d-22c7-4a22-a47d-8c48425ef4a7",1683250000
"Acacia koa A.Gray","Acacia","koa","-155.328872","19.79065","USA","Hawaii",NA,"50c9509d-22c7-4a22-a47d-8c48425ef4a7",11824312500
"Acacia mearnsii De Wild.","Acacia","mearnsii","-155.67337","20.020111","USA","Hawaii",NA,"50c9509d-22c7-4a22-a47d-8c48425ef4a7",11824312500
"Acacia koa A.Gray","Acacia","koa","-159.659728","22.051961","USA","Hawaii","Kauai","50c9509d-22c7-4a22-a47d-8c48425ef4a7",1683250000
"Acacia koa A.Gray","Acacia","koa","-158.021145","21.532023","USA","Hawaii","Oahu","50c9509d-22c7-4a22-a47d-8c48425ef4a7",1801687500
"Acacia koa A.Gray","Acacia","koa","-155.275238","19.431413","USA","Hawaii",NA,"50c9509d-22c7-4a22-a47d-8c48425ef4a7",11824312500
"Acacia koa A.Gray","Acacia","koa","-155.22311","19.69663","USA","Hawaii",NA,"50c9509d-22c7-4a22-a47d-8c48425ef4a7",11824312500
"Acacia koa A.Gray","Acacia","koa","-155.304734","19.915965","USA","Hawaii",NA,"50c9509d-22c7-4a22-a47d-8c48425ef4a7",11824312500
"Acacia mangium Willd.","Acacia","mangium","-154.967712","19.593506","USA","Hawaii",NA,"50c9509d-22c7-4a22-a47d-8c48425ef4a7",11824312500
"Acacia koa A.Gray","Acacia","koa","-159.673472","22.151321","USA","Hawaii","Kauai","50c9509d-22c7-4a22-a47d-8c48425ef4a7",1683250000
"Acacia koa A.Gray","Acacia","koa","-157.766317","21.373432","USA","Hawaii","Oahu","50c9509d-22c7-4a22-a47d-8c48425ef4a7",1801687500
"Acacia mearnsii De Wild.","Acacia","mearnsii","-157.821258","21.330703","USA","Hawaii","Oahu","50c9509d-22c7-4a22-a47d-8c48425ef4a7",1801687500
"Acacia mearnsii De Wild.","Acacia","mearnsii","-157.821275","21.330633","USA","Hawaii","Oahu","50c9509d-22c7-4a22-a47d-8c48425ef4a7",1801687500
"Acacia confusa Merr.","Acacia","confusa","-157.897128","21.399677","USA","Hawaii","Oahu","50c9509d-22c7-4a22-a47d-8c48425ef4a7",1801687500
"Acacia koa A.Gray","Acacia","koa","-159.662187","22.07175","USA","Hawaii","Kauai","50c9509d-22c7-4a22-a47d-8c48425ef4a7",1683250000
"Acacia koa A.Gray","Acacia","koa","-155.235163","19.428232","USA","Hawaii",NA,"50c9509d-22c7-4a22-a47d-8c48425ef4a7",11824312500
"Acacia koa A.Gray","Acacia","koa","-155.235163","19.428232","USA","Hawaii",NA,"50c9509d-22c7-4a22-a47d-8c48425ef4a7",11824312500
"Acacia koa A.Gray","Acacia","koa","-155.235163","19.428232","USA","Hawaii",NA,"50c9509d-22c7-4a22-a47d-8c48425ef4a7",11824312500
"Acacia koa A.Gray","Acacia","koa","-155.235163","19.428232","USA","Hawaii",NA,"50c9509d-22c7-4a22-a47d-8c48425ef4a7",11824312500
"Acacia koa A.Gray","Acacia","koa","-157.802338","21.320663","USA","Hawaii","Oahu","50c9509d-22c7-4a22-a47d-8c48425ef4a7",1801687500
"Acacia koa A.Gray","Acacia","koa","-155.257545","19.426927","USA","Hawaii",NA,"50c9509d-22c7-4a22-a47d-8c48425ef4a7",11824312500
"Acacia koa A.Gray","Acacia","koa","-155.303245","19.437626","USA","Hawaii",NA,"50c9509d-22c7-4a22-a47d-8c48425ef4a7",11824312500
"Acacia koa A.Gray","Acacia","koa","-155.336962","19.7898","USA","Hawaii",NA,"50c9509d-22c7-4a22-a47d-8c48425ef4a7",11824312500
"Acacia confusa Merr.","Acacia","confusa","-155.027969","19.733212","USA","Hawaii",NA,"50c9509d-22c7-4a22-a47d-8c48425ef4a7",11824312500
"Acacia koa A.Gray","Acacia","koa","-157.80533","21.297994","USA","Hawaii","Oahu","50c9509d-22c7-4a22-a47d-8c48425ef4a7",1801687500
"Acacia koa A.Gray","Acacia","koa","-159.65988","22.051761","USA","Hawaii","Kauai","50c9509d-22c7-4a22-a47d-8c48425ef4a7",1683250000
"Acacia mearnsii De Wild.","Acacia","mearnsii","-159.677033","22.009003","USA","Hawaii","Kauai","50c9509d-22c7-4a22-a47d-8c48425ef4a7",1683250000
"Acacia koa A.Gray","Acacia","koa","-157.971011","21.556227","USA","Hawaii","Oahu","50c9509d-22c7-4a22-a47d-8c48425ef4a7",1801687500
"Acacia koa A.Gray","Acacia","koa","-157.962607","21.493319","USA","Hawaii","Oahu","50c9509d-22c7-4a22-a47d-8c48425ef4a7",1801687500
"Acacia koa A.Gray","Acacia","koa","-159.66223","22.071658","USA","Hawaii","Kauai","50c9509d-22c7-4a22-a47d-8c48425ef4a7",1683250000
"Acacia koa A.Gray","Acacia","koa","-159.662217","22.071683","USA","Hawaii","Kauai","50c9509d-22c7-4a22-a47d-8c48425ef4a7",1683250000
"Acacia koa A.Gray","Acacia","koa","-157.789364","21.323553","USA","Hawaii","Oahu","50c9509d-22c7-4a22-a47d-8c48425ef4a7",1801687500
"Acacia confusa Merr.","Acacia","confusa","-157.896252","21.400464","USA","Hawaii","Oahu","50c9509d-22c7-4a22-a47d-8c48425ef4a7",1801687500
"Acacia confusa Merr.","Acacia","confusa","-155.751993","20.019146","USA","Hawaii",NA,"50c9509d-22c7-4a22-a47d-8c48425ef4a7",11824312500
"Acacia koa A.Gray","Acacia","koa","-157.893172","21.402778","USA","Hawaii","Oahu","50c9509d-22c7-4a22-a47d-8c48425ef4a7",1801687500
"Acacia koa A.Gray","Acacia","koa","-157.886305","21.403678","USA","Hawaii","Oahu","50c9509d-22c7-4a22-a47d-8c48425ef4a7",1801687500
"Acacia koa A.Gray","Acacia","koa","-157.882142","21.403437","USA","Hawaii","Oahu","50c9509d-22c7-4a22-a47d-8c48425ef4a7",1801687500
"Acacia koa A.Gray","Acacia","koaia","-155.616574","20.050627","USA","Hawaii",NA,"50c9509d-22c7-4a22-a47d-8c48425ef4a7",11824312500
"Acacia koa A.Gray","Acacia","koa","-157.852386","21.405719","USA","Hawaii","Oahu","50c9509d-22c7-4a22-a47d-8c48425ef4a7",1801687500
"Acacia koa A.Gray","Acacia","koa","-157.853181","21.405878","USA","Hawaii","Oahu","50c9509d-22c7-4a22-a47d-8c48425ef4a7",1801687500
"Acacia koa A.Gray","Acacia","koa","-157.852203","21.405683","USA","Hawaii","Oahu","50c9509d-22c7-4a22-a47d-8c48425ef4a7",1801687500
"Acacia koa A.Gray","Acacia","koa","-157.851989","21.405625","USA","Hawaii","Oahu","50c9509d-22c7-4a22-a47d-8c48425ef4a7",1801687500
"Acacia koa A.Gray","Acacia","koa","-157.851989","21.405625","USA","Hawaii","Oahu","50c9509d-22c7-4a22-a47d-8c48425ef4a7",1801687500
"Acacia koa A.Gray","Acacia","koa","-157.84285","21.404386","USA","Hawaii","Oahu","50c9509d-22c7-4a22-a47d-8c48425ef4a7",1801687500
"Acacia koa A.Gray","Acacia","koa","-155.465536","19.687351","USA","Hawaii",NA,"50c9509d-22c7-4a22-a47d-8c48425ef4a7",11824312500
"Acacia mearnsii De Wild.","Acacia","mearnsii","-156.319333","20.731519","USA","Hawaii","Maui","50c9509d-22c7-4a22-a47d-8c48425ef4a7",2165812500
"Acacia koa A.Gray","Acacia","koa","-159.64065","22.136937","USA","Hawaii","Kauai","50c9509d-22c7-4a22-a47d-8c48425ef4a7",1683250000
"Acacia koa A.Gray","Acacia","koa","-155.38594","19.492242","USA","Hawaii",NA,"50c9509d-22c7-4a22-a47d-8c48425ef4a7",11824312500
"Acacia mearnsii De Wild.","Acacia","mearnsii","-156.305593","20.70491","USA","Hawaii","Maui","50c9509d-22c7-4a22-a47d-8c48425ef4a7",2165812500
"Acacia confusa Merr.","Acacia","confusa","-157.820892","21.315008","USA","Hawaii","Oahu","50c9509d-22c7-4a22-a47d-8c48425ef4a7",1801687500
"Acacia koa A.Gray","Acacia","koa","-157.794722","21.3264","USA","Hawaii","Oahu","50c9509d-22c7-4a22-a47d-8c48425ef4a7",1801687500
"Acacia koa A.Gray","Acacia","koa","-157.793838","21.326905","USA","Hawaii","Oahu","50c9509d-22c7-4a22-a47d-8c48425ef4a7",1801687500
"Acacia confusa Merr.","Acacia","confusa","-157.820738","21.31497","USA","Hawaii","Oahu","50c9509d-22c7-4a22-a47d-8c48425ef4a7",1801687500
"Acacia koa A.Gray","Acacia","koa","-155.697908","19.127656","USA","Hawaii",NA,"50c9509d-22c7-4a22-a47d-8c48425ef4a7",11824312500
"Acacia koa A.Gray","Acacia","koa","-155.697389","19.128858","USA","Hawaii",NA,"50c9509d-22c7-4a22-a47d-8c48425ef4a7",11824312500
"Acacia koa A.Gray","Acacia","koa","-155.696533","19.130075","USA","Hawaii",NA,"50c9509d-22c7-4a22-a47d-8c48425ef4a7",11824312500
"Acacia koa A.Gray","Acacia","koa","-155.386719","19.661481","USA","Hawaii",NA,"50c9509d-22c7-4a22-a47d-8c48425ef4a7",11824312500
"Acacia koa A.Gray","Acacia","koa","-155.387603","19.663192","USA","Hawaii",NA,"50c9509d-22c7-4a22-a47d-8c48425ef4a7",11824312500
"Acacia koa A.Gray","Acacia","koa","-159.672287","21.986825","USA","Hawaii","Kauai","50c9509d-22c7-4a22-a47d-8c48425ef4a7",1683250000
"Acacia koa A.Gray","Acacia","koa","-159.665365","22.111899","USA","Hawaii","Kauai","50c9509d-22c7-4a22-a47d-8c48425ef4a7",1683250000
"Acacia koa A.Gray","Acacia","koa","-159.474595","22.199595","USA","Hawaii","Kauai","50c9509d-22c7-4a22-a47d-8c48425ef4a7",1683250000
"Acacia koa A.Gray","Acacia","koa","-159.454055","21.92473","USA","Hawaii","Kauai","50c9509d-22c7-4a22-a47d-8c48425ef4a7",1683250000
"Acacia koa A.Gray","Acacia","koa","-159.676206","22.125851","USA","Hawaii","Kauai","50c9509d-22c7-4a22-a47d-8c48425ef4a7",1683250000
"Acacia koa A.Gray","Acacia","koa","-155.326338","19.779583","USA","Hawaii",NA,"50c9509d-22c7-4a22-a47d-8c48425ef4a7",11824312500
"Acacia koa A.Gray","Acacia","koa","-159.653703","22.126378","USA","Hawaii","Kauai","50c9509d-22c7-4a22-a47d-8c48425ef4a7",1683250000
"Acacia koa A.Gray","Acacia","koa","-157.758715","21.319605","USA","Hawaii","Oahu","50c9509d-22c7-4a22-a47d-8c48425ef4a7",1801687500
"Acacia koa A.Gray","Acacia","koa","-155.367786","19.670989","USA","Hawaii",NA,"50c9509d-22c7-4a22-a47d-8c48425ef4a7",11824312500
"Acacia confusa Merr.","Acacia","confusa","-157.762228","21.304813","USA","Hawaii","Oahu","50c9509d-22c7-4a22-a47d-8c48425ef4a7",1801687500
"Acacia koa A.Gray","Acacia","koa","-158.181","21.534737","USA","Hawaii","Oahu","50c9509d-22c7-4a22-a47d-8c48425ef4a7",1801687500
"Acacia melanoxylon R.Br.","Acacia","melanoxylon","-155.302439","19.442819","USA","Hawaii",NA,"50c9509d-22c7-4a22-a47d-8c48425ef4a7",11824312500
"Acacia confusa Merr.","Acacia","confusa","-156.637751","20.991257","USA","Hawaii","Maui","50c9509d-22c7-4a22-a47d-8c48425ef4a7",2165812500
"Acacia koa A.Gray","Acacia","koa","-155.303313","19.437562","USA","Hawaii",NA,"50c9509d-22c7-4a22-a47d-8c48425ef4a7",11824312500
"Acacia confusa Merr.","Acacia","confusa","-157.783355","21.299513","USA","Hawaii","Oahu","50c9509d-22c7-4a22-a47d-8c48425ef4a7",1801687500
"Acacia koa A.Gray","Acacia","koa","-155.947645","19.719705","USA","Hawaii",NA,"50c9509d-22c7-4a22-a47d-8c48425ef4a7",11824312500
"Acacia koa A.Gray","Acacia","koa","-155.94741","19.721781","USA","Hawaii",NA,"50c9509d-22c7-4a22-a47d-8c48425ef4a7",11824312500
"Acacia koa A.Gray","Acacia","koa","-155.330855","19.790387","USA","Hawaii",NA,"50c9509d-22c7-4a22-a47d-8c48425ef4a7",11824312500
"Acacia koa A.Gray","Acacia","koa","-157.810897","21.327428","USA","Hawaii","Oahu","50c9509d-22c7-4a22-a47d-8c48425ef4a7",1801687500
"Acacia koa A.Gray","Acacia","koa","-157.810853","21.329338","USA","Hawaii","Oahu","50c9509d-22c7-4a22-a47d-8c48425ef4a7",1801687500
"Acacia koa A.Gray","Acacia","koa","-157.811037","21.329772","USA","Hawaii","Oahu","50c9509d-22c7-4a22-a47d-8c48425ef4a7",1801687500
"Acacia koa A.Gray","Acacia","koa","-157.81102","21.329788","USA","Hawaii","Oahu","50c9509d-22c7-4a22-a47d-8c48425ef4a7",1801687500
"Acacia koa A.Gray","Acacia","koa","-155.272842","19.431058","USA","Hawaii",NA,"50c9509d-22c7-4a22-a47d-8c48425ef4a7",11824312500
"Acacia koa A.Gray","Acacia","koa","-155.336052","19.790903","USA","Hawaii",NA,"50c9509d-22c7-4a22-a47d-8c48425ef4a7",11824312500
"Acacia koa A.Gray","Acacia","koa","-159.665167","22.111956","USA","Hawaii","Kauai","50c9509d-22c7-4a22-a47d-8c48425ef4a7",1683250000
"Acacia koa A.Gray","Acacia","koa","-155.230089","19.812288","USA","Hawaii",NA,"50c9509d-22c7-4a22-a47d-8c48425ef4a7",11824312500
"Acacia koa A.Gray","Acacia","koa","-155.257613","19.427813","USA","Hawaii",NA,"50c9509d-22c7-4a22-a47d-8c48425ef4a7",11824312500
"Acacia confusa Merr.","Acacia","confusa","-157.721207","21.30909","USA","Hawaii","Oahu","50c9509d-22c7-4a22-a47d-8c48425ef4a7",1801687500
"Acacia koa A.Gray","Acacia","koaia","-155.884215","20.216525","Hawaii","Hawaii",NA,"50c9509d-22c7-4a22-a47d-8c48425ef4a7",11824312500
"Acacia koa A.Gray","Acacia","koa","-155.336105","19.790933","USA","Hawaii",NA,"50c9509d-22c7-4a22-a47d-8c48425ef4a7",11824312500
"Acacia koa A.Gray","Acacia","koa","-157.894989","21.416786","USA","Hawaii","Oahu","50c9509d-22c7-4a22-a47d-8c48425ef4a7",1801687500
"Acacia mearnsii De Wild.","Acacia","mearnsii","-156.301203","20.718261","USA","Hawaii","Maui","50c9509d-22c7-4a22-a47d-8c48425ef4a7",2165812500
"Acacia koa A.Gray","Acacia","koa","-157.837008","21.424045","USA","Hawaii","Oahu","50c9509d-22c7-4a22-a47d-8c48425ef4a7",1801687500
"Acacia mearnsii De Wild.","Acacia","mearnsii","-159.691283","22.018847","USA","Hawaii","Kauai","50c9509d-22c7-4a22-a47d-8c48425ef4a7",1683250000
"Acacia koa A.Gray","Acacia","koa","-159.655992","22.05145","USA","Hawaii","Kauai","50c9509d-22c7-4a22-a47d-8c48425ef4a7",1683250000
"Acacia koa A.Gray","Acacia","koa","-159.656983","22.051428","USA","Hawaii","Kauai","50c9509d-22c7-4a22-a47d-8c48425ef4a7",1683250000
"Acacia mearnsii De Wild.","Acacia","mearnsii","-159.671692","22.089364","USA","Hawaii","Kauai","50c9509d-22c7-4a22-a47d-8c48425ef4a7",1683250000
"Acacia confusa Merr.","Acacia","confusa","-159.484955","21.945512","USA","Hawaii","Kauai","50c9509d-22c7-4a22-a47d-8c48425ef4a7",1683250000
"Acacia confusa Merr.","Acacia","confusa","-159.484572","21.945062","USA","Hawaii","Kauai","50c9509d-22c7-4a22-a47d-8c48425ef4a7",1683250000
"Acacia koa A.Gray","Acacia","koa","-155.365516","19.764674","USA","Hawaii",NA,"50c9509d-22c7-4a22-a47d-8c48425ef4a7",11824312500
"Acacia koa A.Gray","Acacia","koa","-155.329967","19.790325","USA","Hawaii",NA,"50c9509d-22c7-4a22-a47d-8c48425ef4a7",11824312500
"Acacia mearnsii De Wild.","Acacia","mearnsii","-156.986985","21.136458","USA","Hawaii","Molokai","50c9509d-22c7-4a22-a47d-8c48425ef4a7",780312500
"Acacia confusa Merr.","Acacia","confusa","-156.997798","21.132511","USA","Hawaii","Molokai","50c9509d-22c7-4a22-a47d-8c48425ef4a7",780312500
"Acacia confusa Merr.","Acacia","confusa","-156.264135","20.925089","USA","Hawaii","Maui","50c9509d-22c7-4a22-a47d-8c48425ef4a7",2165812500
"Acacia confusa Merr.","Acacia","confusa","-157.746981","21.3636","USA","Hawaii","Oahu","50c9509d-22c7-4a22-a47d-8c48425ef4a7",1801687500
"Acacia confusa Merr.","Acacia","confusa","-157.74495","21.368483","USA","Hawaii","Oahu","50c9509d-22c7-4a22-a47d-8c48425ef4a7",1801687500
"Acacia koa A.Gray","Acacia","koa","-155.38553","19.672085","USA","Hawaii",NA,"50c9509d-22c7-4a22-a47d-8c48425ef4a7",11824312500
"Acacia confusa Merr.","Acacia","confusa","-156.894567","20.776836","USA","Hawaii","Lanai","50c9509d-22c7-4a22-a47d-8c48425ef4a7",419687500
"Acacia koa A.Gray","Acacia","koa","-157.937125","21.532756","USA","Hawaii","Oahu","50c9509d-22c7-4a22-a47d-8c48425ef4a7",1801687500
"Acacia mearnsii De Wild.","Acacia","mearnsii","-159.65518","22.1265","USA","Hawaii","Kauai","50c9509d-22c7-4a22-a47d-8c48425ef4a7",1683250000
"Acacia koa A.Gray","Acacia","koa","-157.89141","21.480093","USA","Hawaii","Oahu","50c9509d-22c7-4a22-a47d-8c48425ef4a7",1801687500
"Acacia koa A.Gray","Acacia","koa","-155.466965","19.686495","USA","Hawaii",NA,"50c9509d-22c7-4a22-a47d-8c48425ef4a7",11824312500
"Acacia koa A.Gray","Acacia","koa","-155.684535","19.091835","USA","Hawaii",NA,"50c9509d-22c7-4a22-a47d-8c48425ef4a7",11824312500
"Acacia koa A.Gray","Acacia","koa","-155.328797","19.790736","USA","Hawaii",NA,"50c9509d-22c7-4a22-a47d-8c48425ef4a7",11824312500
"Acacia koa A.Gray","Acacia","koa","-157.789617","21.318906","USA","Hawaii","Oahu","50c9509d-22c7-4a22-a47d-8c48425ef4a7",1801687500
"Acacia confusa Merr.","Acacia","confusa","-157.813758","21.299329","USA","Hawaii","Oahu","50c9509d-22c7-4a22-a47d-8c48425ef4a7",1801687500
"Acacia koa A.Gray","Acacia","koa","-157.76112","21.336573","USA","Hawaii","Oahu","50c9509d-22c7-4a22-a47d-8c48425ef4a7",1801687500
"Acacia koa A.Gray","Acacia","koa","-157.760847","21.338954","USA","Hawaii","Oahu","50c9509d-22c7-4a22-a47d-8c48425ef4a7",1801687500
"Acacia confusa Merr.","Acacia","confusa","-155.070909","19.72458","USA","Hawaii",NA,"50c9509d-22c7-4a22-a47d-8c48425ef4a7",11824312500
"Acacia koa A.Gray","Acacia","koa","-159.674417","22.151579","USA","Hawaii","Kauai","50c9509d-22c7-4a22-a47d-8c48425ef4a7",1683250000
"Acacia koa A.Gray","Acacia","koa","-159.660617","22.129064","USA","Hawaii","Kauai","50c9509d-22c7-4a22-a47d-8c48425ef4a7",1683250000
"Acacia koa A.Gray","Acacia","koa","-157.879622","21.40665","USA","Hawaii","Oahu","50c9509d-22c7-4a22-a47d-8c48425ef4a7",1801687500
"Acacia koa A.Gray","Acacia","koa","-159.710202","22.051411","USA","Hawaii","Kauai","50c9509d-22c7-4a22-a47d-8c48425ef4a7",1683250000
"Acacia mearnsii De Wild.","Acacia","mearnsii","-159.661847","22.071853","USA","Hawaii","Kauai","50c9509d-22c7-4a22-a47d-8c48425ef4a7",1683250000
"Acacia confusa Merr.","Acacia","confusa","-157.75","21.3","USA","Hawaii","Oahu","a92f4b3c-ae5c-45af-8dac-4a6a88d35ddd",1801687500
"Acacia mearnsii De Wild.","Acacia","mearnsii","-156.307358","20.727075","USA","Hawaii","Maui","50c9509d-22c7-4a22-a47d-8c48425ef4a7",2165812500
"Acacia confusa Merr.","Acacia","confusa","-157.896928","21.393347","USA","Hawaii","Oahu","50c9509d-22c7-4a22-a47d-8c48425ef4a7",1801687500
"Acacia mearnsii De Wild.","Acacia","mearnsii","-155.665544","20.019357","USA","Hawaii",NA,"50c9509d-22c7-4a22-a47d-8c48425ef4a7",11824312500
"Acacia koa A.Gray","Acacia","koa","-155.526262","19.748592","USA","Hawaii",NA,"50c9509d-22c7-4a22-a47d-8c48425ef4a7",11824312500
"Acacia koa A.Gray","Acacia","koa","-155.292554","19.437146","USA","Hawaii",NA,"50c9509d-22c7-4a22-a47d-8c48425ef4a7",11824312500
"Acacia koa A.Gray","Acacia","koa","-155.678452","19.064058","USA","Hawaii",NA,"50c9509d-22c7-4a22-a47d-8c48425ef4a7",11824312500
"Acacia koa A.Gray","Acacia","koa","-155.526556","19.749092","USA","Hawaii",NA,"50c9509d-22c7-4a22-a47d-8c48425ef4a7",11824312500
"Acacia mearnsii De Wild.","Acacia","mearnsii","-159.640604","22.130367","USA","Hawaii","Kauai","50c9509d-22c7-4a22-a47d-8c48425ef4a7",1683250000
"Acacia koa A.Gray","Acacia","koa","-155.387755","19.664353","USA","Hawaii",NA,"50c9509d-22c7-4a22-a47d-8c48425ef4a7",11824312500
"Acacia mearnsii De Wild.","Acacia","mearnsii","-155.74644","20.05656","USA","Hawaii",NA,"50c9509d-22c7-4a22-a47d-8c48425ef4a7",11824312500
"Acacia koa A.Gray","Acacia","koa","-155.685221","19.068843","USA","Hawaii",NA,"50c9509d-22c7-4a22-a47d-8c48425ef4a7",11824312500
"Acacia koa A.Gray","Acacia","koa","-157.910463","21.517115","USA","Hawaii","Oahu","50c9509d-22c7-4a22-a47d-8c48425ef4a7",1801687500
"Acacia koa A.Gray","Acacia","koa","-157.850173","21.414616","USA","Hawaii","Oahu","50c9509d-22c7-4a22-a47d-8c48425ef4a7",1801687500
"Acacia koa A.Gray","Acacia","koa","-155.381263","19.66389","USA","Hawaii",NA,"50c9509d-22c7-4a22-a47d-8c48425ef4a7",11824312500
"Acacia koa A.Gray","Acacia","koa","-156.026544","20.793","USA","Hawaii","Maui","50c9509d-22c7-4a22-a47d-8c48425ef4a7",2165812500
"Acacia koa A.Gray","Acacia","koa","-159.661902","22.071863","USA","Hawaii","Kauai","50c9509d-22c7-4a22-a47d-8c48425ef4a7",1683250000
"Acacia mearnsii De Wild.","Acacia","mearnsii","-159.677021","22.008988","USA","Hawaii","Kauai","50c9509d-22c7-4a22-a47d-8c48425ef4a7",1683250000
"Acacia koa A.Gray","Acacia","koa","-155.73679","20.049371","USA","Hawaii",NA,"50c9509d-22c7-4a22-a47d-8c48425ef4a7",11824312500
"Acacia koa A.Gray","Acacia","koa","-155.248642","19.694172","USA","Hawaii",NA,"50c9509d-22c7-4a22-a47d-8c48425ef4a7",11824312500
"Acacia koa A.Gray","Acacia","koa","-155.678037","19.064065","USA","Hawaii",NA,"50c9509d-22c7-4a22-a47d-8c48425ef4a7",11824312500
"Acacia koa A.Gray","Acacia","koa","-155.378237","19.656932","USA","Hawaii",NA,"50c9509d-22c7-4a22-a47d-8c48425ef4a7",11824312500
"Acacia koa A.Gray","Acacia","koa","-155.333388","19.789603","USA","Hawaii",NA,"50c9509d-22c7-4a22-a47d-8c48425ef4a7",11824312500
"Acacia confusa Merr.","Acacia","confusa","-159.354396","22.062966","USA","Hawaii","Kauai","50c9509d-22c7-4a22-a47d-8c48425ef4a7",1683250000
"Acacia koa A.Gray","Acacia","koa","-155.253107","19.406124","USA","Hawaii",NA,"50c9509d-22c7-4a22-a47d-8c48425ef4a7",11824312500
"Acacia koa A.Gray","Acacia","koa","-155.253166","19.405768","USA","Hawaii",NA,"50c9509d-22c7-4a22-a47d-8c48425ef4a7",11824312500
"Acacia koa A.Gray","Acacia","koa","-155.38506","19.493441","USA","Hawaii",NA,"50c9509d-22c7-4a22-a47d-8c48425ef4a7",11824312500
"Acacia koa A.Gray","Acacia","koa","-155.38506","19.493441","USA","Hawaii",NA,"50c9509d-22c7-4a22-a47d-8c48425ef4a7",11824312500
"Acacia koa A.Gray","Acacia","koa","-155.385183","19.493659","USA","Hawaii",NA,"50c9509d-22c7-4a22-a47d-8c48425ef4a7",11824312500
"Acacia koa A.Gray","Acacia","koa","-155.302308","19.439874","USA","Hawaii",NA,"50c9509d-22c7-4a22-a47d-8c48425ef4a7",11824312500
"Acacia koa A.Gray","Acacia","koa","-155.687324","19.107313","USA","Hawaii",NA,"50c9509d-22c7-4a22-a47d-8c48425ef4a7",11824312500
"Acacia koa A.Gray","Acacia","koa","-155.692131","19.105372","USA","Hawaii",NA,"50c9509d-22c7-4a22-a47d-8c48425ef4a7",11824312500
"Acacia confusa Merr.","Acacia","confusa","-157.914898","21.605576","USA","Hawaii","Oahu","50c9509d-22c7-4a22-a47d-8c48425ef4a7",1801687500
"Acacia confusa Merr.","Acacia","confusa","-155.695261","20.02622","USA","Hawaii",NA,"50c9509d-22c7-4a22-a47d-8c48425ef4a7",11824312500
"Acacia mearnsii De Wild.","Acacia","mearnsii","-159.6624","22.071333","USA","Hawaii","Kauai","50c9509d-22c7-4a22-a47d-8c48425ef4a7",1683250000
"Acacia mearnsii De Wild.","Acacia","mearnsii","-159.66168","22.07162","USA","Hawaii","Kauai","50c9509d-22c7-4a22-a47d-8c48425ef4a7",1683250000
"Acacia koa A.Gray","Acacia","koa","-159.665815","22.111343","USA","Hawaii","Kauai","50c9509d-22c7-4a22-a47d-8c48425ef4a7",1683250000
"Acacia confusa Merr.","Acacia","confusa","-159.343326","22.047767","USA","Hawaii","Kauai","50c9509d-22c7-4a22-a47d-8c48425ef4a7",1683250000
"Acacia mearnsii De Wild.","Acacia","mearnsii","-158.210372","21.570575","USA","Hawaii","Oahu","50c9509d-22c7-4a22-a47d-8c48425ef4a7",1801687500
"Acacia mearnsii De Wild.","Acacia","mearnsii","-158.211547","21.55935","USA","Hawaii","Oahu","50c9509d-22c7-4a22-a47d-8c48425ef4a7",1801687500
"Acacia koa A.Gray","Acacia","koa","-157.831511","21.355633","USA","Hawaii","Oahu","50c9509d-22c7-4a22-a47d-8c48425ef4a7",1801687500
"Acacia confusa Merr.","Acacia","confusa","-157.777243","21.291931","USA","Hawaii","Oahu","50c9509d-22c7-4a22-a47d-8c48425ef4a7",1801687500
"Acacia confusa Merr.","Acacia","confusa","-157.897187","21.39958","USA","Hawaii","Oahu","50c9509d-22c7-4a22-a47d-8c48425ef4a7",1801687500
"Acacia koa A.Gray","Acacia","koa","-157.799886","21.335981","USA","Hawaii","Oahu","50c9509d-22c7-4a22-a47d-8c48425ef4a7",1801687500
"Acacia koa A.Gray","Acacia","koa","-155.737696","20.049086","USA","Hawaii",NA,"50c9509d-22c7-4a22-a47d-8c48425ef4a7",11824312500
"Acacia koa A.Gray","Acacia","koa","-155.466023","19.68666","USA","Hawaii",NA,"50c9509d-22c7-4a22-a47d-8c48425ef4a7",11824312500
"Acacia koa A.Gray","Acacia","koa","-155.465444","19.686959","USA","Hawaii",NA,"50c9509d-22c7-4a22-a47d-8c48425ef4a7",11824312500
"Acacia confusa Merr.","Acacia","confusa","-158.038192","21.525408","USA","Hawaii","Oahu","50c9509d-22c7-4a22-a47d-8c48425ef4a7",1801687500
"Acacia confusa Merr.","Acacia","confusa","-157.9486","21.657297","USA","Hawaii","Oahu","50c9509d-22c7-4a22-a47d-8c48425ef4a7",1801687500
"Acacia koa A.Gray","Acacia","koa","-155.258295","19.42929","USA","Hawaii",NA,"50c9509d-22c7-4a22-a47d-8c48425ef4a7",11824312500
"Acacia confusa Merr.","Acacia","confusa","-159.474717","22.213528","USA","Hawaii","Kauai","50c9509d-22c7-4a22-a47d-8c48425ef4a7",1683250000
"Acacia mangium Willd.","Acacia","mangium","-155.103997","19.85896","USA","Hawaii",NA,"50c9509d-22c7-4a22-a47d-8c48425ef4a7",11824312500
"Acacia mangium Willd.","Acacia","mangium","-155.103997","19.85896","USA","Hawaii",NA,"50c9509d-22c7-4a22-a47d-8c48425ef4a7",11824312500
"Acacia koa A.Gray","Acacia","koa","-155.367171","19.672087","USA","Hawaii",NA,"50c9509d-22c7-4a22-a47d-8c48425ef4a7",11824312500
"Acacia koa A.Gray","Acacia","koa","-155.365779","19.673034","USA","Hawaii",NA,"50c9509d-22c7-4a22-a47d-8c48425ef4a7",11824312500
"Acacia koa A.Gray","Acacia","koa","-159.675445","22.096178","USA","Hawaii","Kauai","50c9509d-22c7-4a22-a47d-8c48425ef4a7",1683250000
"Acacia koa A.Gray","Acacia","koa","-157.790801","21.321888","USA","Hawaii","Oahu","50c9509d-22c7-4a22-a47d-8c48425ef4a7",1801687500
"Acacia koa A.Gray","Acacia","koa","-157.793822","21.326814","USA","Hawaii","Oahu","50c9509d-22c7-4a22-a47d-8c48425ef4a7",1801687500
"Acacia koa A.Gray","Acacia","koa","-157.788204","21.323594","USA","Hawaii","Oahu","50c9509d-22c7-4a22-a47d-8c48425ef4a7",1801687500
"Acacia koa A.Gray","Acacia","koa","-159.662537","22.105714","USA","Hawaii","Kauai","50c9509d-22c7-4a22-a47d-8c48425ef4a7",1683250000
"Acacia mearnsii De Wild.","Acacia","mearnsii","-158.210053","21.571375","USA","Hawaii","Oahu","50c9509d-22c7-4a22-a47d-8c48425ef4a7",1801687500
"Acacia koa A.Gray","Acacia","koa","-155.303253","19.437913","USA","Hawaii",NA,"50c9509d-22c7-4a22-a47d-8c48425ef4a7",11824312500
"Acacia confusa Merr.","Acacia","confusa","-156.634372","20.987607","USA","Hawaii","Maui","50c9509d-22c7-4a22-a47d-8c48425ef4a7",2165812500
"Acacia koa A.Gray","Acacia","koa","-157.866897","21.405767","USA","Hawaii","Oahu","50c9509d-22c7-4a22-a47d-8c48425ef4a7",1801687500
"Acacia koa A.Gray","Acacia","koa","-157.868867","21.405175","USA","Hawaii","Oahu","50c9509d-22c7-4a22-a47d-8c48425ef4a7",1801687500
"Acacia confusa Merr.","Acacia","confusa","-157.762207","21.304406","USA","Hawaii","Oahu","50c9509d-22c7-4a22-a47d-8c48425ef4a7",1801687500
"Acacia koa A.Gray","Acacia","koa","-157.755394","21.324153","USA","Hawaii","Oahu","50c9509d-22c7-4a22-a47d-8c48425ef4a7",1801687500
"Acacia koa A.Gray","Acacia","koa","-157.759516","21.31468","USA","Hawaii","Oahu","50c9509d-22c7-4a22-a47d-8c48425ef4a7",1801687500
"Acacia confusa Merr.","Acacia","confusa","-157.76247","21.304763","USA","Hawaii","Oahu","50c9509d-22c7-4a22-a47d-8c48425ef4a7",1801687500
"Acacia mearnsii De Wild.","Acacia","mearnsii","-159.661713","22.071683","USA","Hawaii","Kauai","50c9509d-22c7-4a22-a47d-8c48425ef4a7",1683250000
"Acacia confusa Merr.","Acacia","confusa","-156.998413","21.177195","USA","Hawaii","Molokai","50c9509d-22c7-4a22-a47d-8c48425ef4a7",780312500
"Acacia koa A.Gray","Acacia","koa","-157.88205","21.40587","USA","Hawaii","Oahu","50c9509d-22c7-4a22-a47d-8c48425ef4a7",1801687500
"Acacia koa A.Gray","Acacia","koa","-157.893705","21.402508","USA","Hawaii","Oahu","50c9509d-22c7-4a22-a47d-8c48425ef4a7",1801687500
"Acacia koa A.Gray","Acacia","koaia","-155.665577","20.103073","USA","Hawaii",NA,"50c9509d-22c7-4a22-a47d-8c48425ef4a7",11824312500
"Acacia koa A.Gray","Acacia","koa","-155.332322","19.787463","USA","Hawaii",NA,"50c9509d-22c7-4a22-a47d-8c48425ef4a7",11824312500
"Acacia koa A.Gray","Acacia","koa","-156.310438","20.702808","USA","Hawaii","Maui","50c9509d-22c7-4a22-a47d-8c48425ef4a7",2165812500
"Acacia mearnsii De Wild.","Acacia","mearnsii","-156.297856","20.71671","USA","Hawaii","Maui","50c9509d-22c7-4a22-a47d-8c48425ef4a7",2165812500
"Acacia koa A.Gray","Acacia","koa","-157.795672","21.326421","USA","Hawaii","Oahu","50c9509d-22c7-4a22-a47d-8c48425ef4a7",1801687500
"Acacia koa A.Gray","Acacia","koa","-157.815613","21.337022","USA","Hawaii","Oahu","50c9509d-22c7-4a22-a47d-8c48425ef4a7",1801687500
"Acacia koa A.Gray","Acacia","koa","-157.859558","21.406712","USA","Hawaii","Oahu","50c9509d-22c7-4a22-a47d-8c48425ef4a7",1801687500
"Acacia koa A.Gray","Acacia","koa","-157.856308","21.406405","USA","Hawaii","Oahu","50c9509d-22c7-4a22-a47d-8c48425ef4a7",1801687500
"Acacia koa A.Gray","Acacia","koa","-155.3679","19.671764","USA","Hawaii",NA,"50c9509d-22c7-4a22-a47d-8c48425ef4a7",11824312500
"Acacia koa A.Gray","Acacia","koa","-155.255508","19.426808","USA","Hawaii",NA,"50c9509d-22c7-4a22-a47d-8c48425ef4a7",11824312500
"Acacia koa A.Gray","Acacia","koa","-159.785321","22.025274","Hawaii","Kauai",NA,"50c9509d-22c7-4a22-a47d-8c48425ef4a7",1683250000
"Acacia koa A.Gray","Acacia","koa","-157.789675","21.323435","USA","Hawaii","Oahu","50c9509d-22c7-4a22-a47d-8c48425ef4a7",1801687500
"Acacia koa A.Gray","Acacia","koa","-159.632363","22.122696","USA","Hawaii","Kauai","50c9509d-22c7-4a22-a47d-8c48425ef4a7",1683250000
"Acacia koa A.Gray","Acacia","koa","-157.795167","21.32603","USA","Hawaii","Oahu","50c9509d-22c7-4a22-a47d-8c48425ef4a7",1801687500
"Acacia koa A.Gray","Acacia","koa","-157.793609","21.334509","USA","Hawaii","Oahu","50c9509d-22c7-4a22-a47d-8c48425ef4a7",1801687500
"Acacia koa A.Gray","Acacia","koa","-157.886275","21.403533","USA","Hawaii","Oahu","50c9509d-22c7-4a22-a47d-8c48425ef4a7",1801687500
"Acacia koa A.Gray","Acacia","koa","-157.804605","21.337229","USA","Hawaii","Oahu","50c9509d-22c7-4a22-a47d-8c48425ef4a7",1801687500
"Acacia koa A.Gray","Acacia","koa","-157.804665","21.337203","USA","Hawaii","Oahu","50c9509d-22c7-4a22-a47d-8c48425ef4a7",1801687500
"Acacia koa A.Gray","Acacia","koa","-157.804792","21.337181","USA","Hawaii","Oahu","50c9509d-22c7-4a22-a47d-8c48425ef4a7",1801687500
"Acacia koa A.Gray","Acacia","koa","-159.669738","22.109383","USA","Hawaii","Kauai","50c9509d-22c7-4a22-a47d-8c48425ef4a7",1683250000
"Acacia confusa Merr.","Acacia","confusa","-159.526053","21.907179","USA","Hawaii","Kauai","50c9509d-22c7-4a22-a47d-8c48425ef4a7",1683250000
"Acacia koa A.Gray","Acacia","koa","-155.366491","19.672645","USA","Hawaii",NA,"50c9509d-22c7-4a22-a47d-8c48425ef4a7",11824312500
"Acacia koa A.Gray","Acacia","koa","-155.366491","19.672645","USA","Hawaii",NA,"50c9509d-22c7-4a22-a47d-8c48425ef4a7",11824312500
"Acacia koa A.Gray","Acacia","koa","-155.302941","19.437969","USA","Hawaii",NA,"50c9509d-22c7-4a22-a47d-8c48425ef4a7",11824312500
"Acacia koa A.Gray","Acacia","koa","-155.301418","19.4421","USA","Hawaii",NA,"50c9509d-22c7-4a22-a47d-8c48425ef4a7",11824312500
"Acacia koa A.Gray","Acacia","koa","-159.66906","22.034625","USA","Hawaii","Kauai","50c9509d-22c7-4a22-a47d-8c48425ef4a7",1683250000
"Acacia koa A.Gray","Acacia","koa","-157.818572","21.333945","USA","Hawaii","Oahu","50c9509d-22c7-4a22-a47d-8c48425ef4a7",1801687500
"Acacia mearnsii De Wild.","Acacia","mearnsii","-156.323582","20.741324","USA","Hawaii","Maui","50c9509d-22c7-4a22-a47d-8c48425ef4a7",2165812500
"Acacia melanoxylon R.Br.","Acacia","melanoxylon","-159.622548","22.142144","USA","Hawaii","Kauai","50c9509d-22c7-4a22-a47d-8c48425ef4a7",1683250000
"Acacia koa A.Gray","Acacia","koa","-155.366876","19.671603","USA","Hawaii",NA,"50c9509d-22c7-4a22-a47d-8c48425ef4a7",11824312500
"Acacia koa A.Gray","Acacia","koa","-155.303133","19.438229","USA","Hawaii",NA,"50c9509d-22c7-4a22-a47d-8c48425ef4a7",11824312500
"Acacia koa A.Gray","Acacia","koa","-155.331034","19.790282","USA","Hawaii",NA,"50c9509d-22c7-4a22-a47d-8c48425ef4a7",11824312500
"Acacia koa A.Gray","Acacia","koa","-155.385525","19.67211","USA","Hawaii",NA,"50c9509d-22c7-4a22-a47d-8c48425ef4a7",11824312500
"Acacia koa A.Gray","Acacia","koa","-157.789507","21.318828","USA","Hawaii","Oahu","50c9509d-22c7-4a22-a47d-8c48425ef4a7",1801687500
"Acacia koa A.Gray","Acacia","koa","-159.665817","22.077486","USA","Hawaii","Kauai","50c9509d-22c7-4a22-a47d-8c48425ef4a7",1683250000
"Acacia confusa Merr.","Acacia","confusa","-157.723158","21.3082","USA","Hawaii","Oahu","50c9509d-22c7-4a22-a47d-8c48425ef4a7",1801687500
"Acacia koa A.Gray","Acacia","koa","-155.30438","19.442355","USA","Hawaii",NA,"50c9509d-22c7-4a22-a47d-8c48425ef4a7",11824312500
"Acacia koa A.Gray","Acacia","koa","-155.301731","19.443001","USA","Hawaii",NA,"50c9509d-22c7-4a22-a47d-8c48425ef4a7",11824312500
"Acacia koa A.Gray","Acacia","koa","-155.442642","20.041595","USA","Hawaii",NA,"50c9509d-22c7-4a22-a47d-8c48425ef4a7",11824312500
"Acacia mearnsii De Wild.","Acacia","mearnsii","-159.664092","22.07493","USA","Hawaii","Kauai","50c9509d-22c7-4a22-a47d-8c48425ef4a7",1683250000
"Acacia koa A.Gray","Acacia","koa","-159.649194","22.123017","USA","Hawaii","Kauai","50c9509d-22c7-4a22-a47d-8c48425ef4a7",1683250000
"Acacia koa A.Gray","Acacia","koa","-155.302472","19.439768","USA","Hawaii",NA,"50c9509d-22c7-4a22-a47d-8c48425ef4a7",11824312500
"Acacia koa A.Gray","Acacia","koa","-157.899856","21.403324","USA","Hawaii","Oahu","50c9509d-22c7-4a22-a47d-8c48425ef4a7",1801687500
"Acacia koa A.Gray","Acacia","koa","-155.331158","19.790242","USA","Hawaii",NA,"50c9509d-22c7-4a22-a47d-8c48425ef4a7",11824312500
"Acacia koa A.Gray","Acacia","koa","-157.969743","21.414651","USA","Hawaii","Oahu","50c9509d-22c7-4a22-a47d-8c48425ef4a7",1801687500
"Acacia koa A.Gray","Acacia","koa","-155.334852","19.790203","USA","Hawaii",NA,"50c9509d-22c7-4a22-a47d-8c48425ef4a7",11824312500
"Acacia koa A.Gray","Acacia","koa","-157.805772","21.382955","USA","Hawaii","Oahu","50c9509d-22c7-4a22-a47d-8c48425ef4a7",1801687500
"Acacia koa A.Gray","Acacia","koa","-159.661483","22.105295","USA","Hawaii","Kauai","50c9509d-22c7-4a22-a47d-8c48425ef4a7",1683250000
"Acacia koa A.Gray","Acacia","koa","-159.663912","22.108817","USA","Hawaii","Kauai","50c9509d-22c7-4a22-a47d-8c48425ef4a7",1683250000
"Acacia koa A.Gray","Acacia","koa","-159.662628","22.106914","USA","Hawaii","Kauai","50c9509d-22c7-4a22-a47d-8c48425ef4a7",1683250000
"Acacia koa A.Gray","Acacia","koa","-155.466658","19.68863","USA","Hawaii",NA,"50c9509d-22c7-4a22-a47d-8c48425ef4a7",11824312500
"Acacia koa A.Gray","Acacia","koa","-159.653213","22.157281","USA","Hawaii","Kauai","50c9509d-22c7-4a22-a47d-8c48425ef4a7",1683250000
"Acacia koa A.Gray","Acacia","koa","-159.607986","22.020564","USA","Hawaii","Kauai","50c9509d-22c7-4a22-a47d-8c48425ef4a7",1683250000
"Acacia koa A.Gray","Acacia","koa","-159.659547","22.05147","USA","Hawaii","Kauai","50c9509d-22c7-4a22-a47d-8c48425ef4a7",1683250000
"Acacia koa A.Gray","Acacia","koa","-155.206817","19.425525","USA","Hawaii",NA,"50c9509d-22c7-4a22-a47d-8c48425ef4a7",11824312500
"Acacia confusa Merr.","Acacia","confusa","-157.722004","21.308392","USA","Hawaii","Oahu","50c9509d-22c7-4a22-a47d-8c48425ef4a7",1801687500
"Acacia confusa Merr.","Acacia","confusa","-157.721546","21.309049","USA","Hawaii","Oahu","50c9509d-22c7-4a22-a47d-8c48425ef4a7",1801687500
"Acacia koa A.Gray","Acacia","koa","-155.329422","19.790445","USA","Hawaii",NA,"50c9509d-22c7-4a22-a47d-8c48425ef4a7",11824312500
"Acacia mearnsii De Wild.","Acacia","mearnsii","-159.661714","22.071628","USA","Hawaii","Kauai","50c9509d-22c7-4a22-a47d-8c48425ef4a7",1683250000
"Acacia mearnsii De Wild.","Acacia","mearnsii","-159.661955","22.071942","USA","Hawaii","Kauai","50c9509d-22c7-4a22-a47d-8c48425ef4a7",1683250000
"Acacia mearnsii De Wild.","Acacia","mearnsii","-156.305152","20.696876","USA","Hawaii","Maui","50c9509d-22c7-4a22-a47d-8c48425ef4a7",2165812500
"Acacia koa A.Gray","Acacia","koa","-159.657642","22.130513","USA","Hawaii","Kauai","50c9509d-22c7-4a22-a47d-8c48425ef4a7",1683250000
"Acacia koa A.Gray","Acacia","koa","-155.331077","19.79031","USA","Hawaii",NA,"50c9509d-22c7-4a22-a47d-8c48425ef4a7",11824312500
"Acacia koa A.Gray","Acacia","koa","-157.813935","21.33456","USA","Hawaii","Oahu","50c9509d-22c7-4a22-a47d-8c48425ef4a7",1801687500
"Acacia koa A.Gray","Acacia","koa","-157.79178","21.327336","USA","Hawaii","Oahu","50c9509d-22c7-4a22-a47d-8c48425ef4a7",1801687500
"Acacia koa A.Gray","Acacia","koa","-157.773742","21.324395","USA","Hawaii","Oahu","50c9509d-22c7-4a22-a47d-8c48425ef4a7",1801687500
"Acacia koa A.Gray","Acacia","koa","-155.466901","19.686634","USA","Hawaii",NA,"50c9509d-22c7-4a22-a47d-8c48425ef4a7",11824312500
"Acacia koa A.Gray","Acacia","koa","-155.271692","19.432006","USA","Hawaii",NA,"50c9509d-22c7-4a22-a47d-8c48425ef4a7",11824312500
"Acacia koa A.Gray","Acacia","koa","-159.669312","22.109053","USA","Hawaii","Kauai","50c9509d-22c7-4a22-a47d-8c48425ef4a7",1683250000
"Acacia koa A.Gray","Acacia","koa","-159.665528","22.11112","USA","Hawaii","Kauai","50c9509d-22c7-4a22-a47d-8c48425ef4a7",1683250000
"Acacia koa A.Gray","Acacia","koa","-159.661912","22.071464","USA","Hawaii","Kauai","50c9509d-22c7-4a22-a47d-8c48425ef4a7",1683250000
"Acacia koa A.Gray","Acacia","koa","-155.385968","19.661067","USA","Hawaii",NA,"50c9509d-22c7-4a22-a47d-8c48425ef4a7",11824312500
"Acacia koa A.Gray","Acacia","koa","-155.387523","19.663471","USA","Hawaii",NA,"50c9509d-22c7-4a22-a47d-8c48425ef4a7",11824312500
"Acacia koa A.Gray","Acacia","koa","-159.655975","22.051361","USA","Hawaii","Kauai","50c9509d-22c7-4a22-a47d-8c48425ef4a7",1683250000
"Acacia koa A.Gray","Acacia","koa","-157.791715","21.317718","USA","Hawaii","Oahu","50c9509d-22c7-4a22-a47d-8c48425ef4a7",1801687500
"Acacia koa A.Gray","Acacia","koa","-155.384332","19.496581","USA","Hawaii",NA,"50c9509d-22c7-4a22-a47d-8c48425ef4a7",11824312500
"Acacia confusa Merr.","Acacia","confusa","-157.745594","21.299598","USA","Hawaii","Oahu","50c9509d-22c7-4a22-a47d-8c48425ef4a7",1801687500
"Acacia koa A.Gray","Acacia","koa","-157.745342","21.304981","USA","Hawaii","Oahu","50c9509d-22c7-4a22-a47d-8c48425ef4a7",1801687500
"Acacia koa A.Gray","Acacia","koa","-157.744779","21.307614","USA","Hawaii","Oahu","50c9509d-22c7-4a22-a47d-8c48425ef4a7",1801687500
"Acacia koa A.Gray","Acacia","koa","-157.742877","21.319143","USA","Hawaii","Oahu","50c9509d-22c7-4a22-a47d-8c48425ef4a7",1801687500
"Acacia confusa Merr.","Acacia","confusa","-157.820293","21.315063","USA","Hawaii","Oahu","50c9509d-22c7-4a22-a47d-8c48425ef4a7",1801687500
"Acacia koa A.Gray","Acacia","koa","-159.662628","22.071653","USA","Hawaii","Kauai","50c9509d-22c7-4a22-a47d-8c48425ef4a7",1683250000
"Acacia koa A.Gray","Acacia","koa","-159.662675","22.071803","USA","Hawaii","Kauai","50c9509d-22c7-4a22-a47d-8c48425ef4a7",1683250000
"Acacia confusa Merr.","Acacia","confusa","-157.820295","21.315047","USA","Hawaii","Oahu","50c9509d-22c7-4a22-a47d-8c48425ef4a7",1801687500
"Acacia koa A.Gray","Acacia","koa","-155.367176","19.670865","USA","Hawaii",NA,"50c9509d-22c7-4a22-a47d-8c48425ef4a7",11824312500
"Acacia koa A.Gray","Acacia","koa","-155.366466","19.670864","USA","Hawaii",NA,"50c9509d-22c7-4a22-a47d-8c48425ef4a7",11824312500
"Acacia confusa Merr.","Acacia","confusa","-157.784562","21.298703","USA","Hawaii","Oahu","50c9509d-22c7-4a22-a47d-8c48425ef4a7",1801687500
"Acacia koa A.Gray","Acacia","koa","-157.856431","21.31975","USA","Hawaii","Oahu","50c9509d-22c7-4a22-a47d-8c48425ef4a7",1801687500
"Acacia koa A.Gray","Acacia","koa","-155.367706","19.671051","USA","Hawaii",NA,"50c9509d-22c7-4a22-a47d-8c48425ef4a7",11824312500
"Acacia confusa Merr.","Acacia","confusa","-157.784645","21.298588","USA","Hawaii","Oahu","50c9509d-22c7-4a22-a47d-8c48425ef4a7",1801687500
"Acacia confusa Merr.","Acacia","confusa","-157.783302","21.300165","USA","Hawaii","Oahu","50c9509d-22c7-4a22-a47d-8c48425ef4a7",1801687500
"Acacia confusa Merr.","Acacia","confusa","-157.782567","21.300944","USA","Hawaii","Oahu","50c9509d-22c7-4a22-a47d-8c48425ef4a7",1801687500
"Acacia confusa Merr.","Acacia","confusa","-157.78058","21.303363","USA","Hawaii","Oahu","50c9509d-22c7-4a22-a47d-8c48425ef4a7",1801687500
"Acacia confusa Merr.","Acacia","confusa","-157.779517","21.304184","USA","Hawaii","Oahu","50c9509d-22c7-4a22-a47d-8c48425ef4a7",1801687500
"Acacia koa A.Gray","Acacia","koa","-157.775296","21.310303","USA","Hawaii","Oahu","50c9509d-22c7-4a22-a47d-8c48425ef4a7",1801687500
"Acacia koa A.Gray","Acacia","koa","-157.773392","21.311792","USA","Hawaii","Oahu","50c9509d-22c7-4a22-a47d-8c48425ef4a7",1801687500
"Acacia koa A.Gray","Acacia","koa","-157.772691","21.313602","USA","Hawaii","Oahu","50c9509d-22c7-4a22-a47d-8c48425ef4a7",1801687500
"Acacia koa A.Gray","Acacia","koa","-157.771925","21.31453","USA","Hawaii","Oahu","50c9509d-22c7-4a22-a47d-8c48425ef4a7",1801687500
"Acacia koa A.Gray","Acacia","koa","-157.771427","21.31616","USA","Hawaii","Oahu","50c9509d-22c7-4a22-a47d-8c48425ef4a7",1801687500
"Acacia koa A.Gray","Acacia","koa","-157.771066","21.317097","USA","Hawaii","Oahu","50c9509d-22c7-4a22-a47d-8c48425ef4a7",1801687500
"Acacia koa A.Gray","Acacia","koa","-157.770246","21.320103","USA","Hawaii","Oahu","50c9509d-22c7-4a22-a47d-8c48425ef4a7",1801687500
"Acacia koa A.Gray","Acacia","koa","-157.76889","21.321667","USA","Hawaii","Oahu","50c9509d-22c7-4a22-a47d-8c48425ef4a7",1801687500
"Acacia koa A.Gray","Acacia","koa","-157.76742","21.322342","USA","Hawaii","Oahu","50c9509d-22c7-4a22-a47d-8c48425ef4a7",1801687500
"Acacia koa A.Gray","Acacia","koa","-157.771039","21.317074","USA","Hawaii","Oahu","50c9509d-22c7-4a22-a47d-8c48425ef4a7",1801687500
"Acacia koa A.Gray","Acacia","koa","-155.367092","19.672211","USA","Hawaii",NA,"50c9509d-22c7-4a22-a47d-8c48425ef4a7",11824312500
"Acacia koa A.Gray","Acacia","koa","-155.465552","19.687579","USA","Hawaii",NA,"50c9509d-22c7-4a22-a47d-8c48425ef4a7",11824312500
"Acacia koa A.Gray","Acacia","koa","-155.465516","19.687472","USA","Hawaii",NA,"50c9509d-22c7-4a22-a47d-8c48425ef4a7",11824312500
"Acacia koa A.Gray","Acacia","koa","-155.466839","19.686595","USA","Hawaii",NA,"50c9509d-22c7-4a22-a47d-8c48425ef4a7",11824312500
"Acacia confusa Merr.","Acacia","confusa","-155.040193","19.621881","USA","Hawaii",NA,"50c9509d-22c7-4a22-a47d-8c48425ef4a7",11824312500
"Acacia confusa Merr.","Acacia","confusa","-155.040205","19.621872","USA","Hawaii",NA,"50c9509d-22c7-4a22-a47d-8c48425ef4a7",11824312500
"Acacia koa A.Gray","Acacia","koa","-155.301847","19.440253","USA","Hawaii",NA,"50c9509d-22c7-4a22-a47d-8c48425ef4a7",11824312500
"Acacia koa A.Gray","Acacia","koa","-155.367059","19.671564","USA","Hawaii",NA,"50c9509d-22c7-4a22-a47d-8c48425ef4a7",11824312500
"Acacia koa A.Gray","Acacia","koa","-155.366866","19.671636","USA","Hawaii",NA,"50c9509d-22c7-4a22-a47d-8c48425ef4a7",11824312500
"Acacia koa A.Gray","Acacia","koa","-155.367997","19.671383","USA","Hawaii",NA,"50c9509d-22c7-4a22-a47d-8c48425ef4a7",11824312500
"Acacia koa A.Gray","Acacia","koa","-155.366913","19.6716","USA","Hawaii",NA,"50c9509d-22c7-4a22-a47d-8c48425ef4a7",11824312500
"Acacia koa A.Gray","Acacia","koa","-155.36785","19.671746","USA","Hawaii",NA,"50c9509d-22c7-4a22-a47d-8c48425ef4a7",11824312500
"Acacia koa A.Gray","Acacia","koa","-155.947753","19.720055","USA","Hawaii",NA,"50c9509d-22c7-4a22-a47d-8c48425ef4a7",11824312500
"Acacia confusa Merr.","Acacia","confusa","-157.89715","21.399619","USA","Hawaii","Oahu","50c9509d-22c7-4a22-a47d-8c48425ef4a7",1801687500
"Acacia koa A.Gray","Acacia","koa","-157.893425","21.40267","USA","Hawaii","Oahu","50c9509d-22c7-4a22-a47d-8c48425ef4a7",1801687500
"Acacia koa A.Gray","Acacia","koa","-157.881126","21.406127","USA","Hawaii","Oahu","50c9509d-22c7-4a22-a47d-8c48425ef4a7",1801687500
"Acacia koa A.Gray","Acacia","koa","-157.879775","21.406482","USA","Hawaii","Oahu","50c9509d-22c7-4a22-a47d-8c48425ef4a7",1801687500
"Acacia confusa Merr.","Acacia","confusa","-157.901722","21.39651","USA","Hawaii","Oahu","50c9509d-22c7-4a22-a47d-8c48425ef4a7",1801687500
"Acacia koa A.Gray","Acacia","koa","-155.465484","19.687195","USA","Hawaii",NA,"50c9509d-22c7-4a22-a47d-8c48425ef4a7",11824312500
"Acacia koa A.Gray","Acacia","koa","-155.464913","19.686754","USA","Hawaii",NA,"50c9509d-22c7-4a22-a47d-8c48425ef4a7",11824312500
"Acacia koa A.Gray","Acacia","koa","-155.464967","19.686762","USA","Hawaii",NA,"50c9509d-22c7-4a22-a47d-8c48425ef4a7",11824312500
"Acacia koa A.Gray","Acacia","koa","-155.465453","19.68738","USA","Hawaii",NA,"50c9509d-22c7-4a22-a47d-8c48425ef4a7",11824312500
"Acacia koa A.Gray","Acacia","koa","-159.399386","21.972905","USA","Hawaii","Kauai","50c9509d-22c7-4a22-a47d-8c48425ef4a7",1683250000
"Acacia confusa Merr.","Acacia","confusa","-157.897321","21.399632","USA","Hawaii","Oahu","50c9509d-22c7-4a22-a47d-8c48425ef4a7",1801687500
"Acacia koa A.Gray","Acacia","koa","-155.178965","19.667708","USA","Hawaii",NA,"50c9509d-22c7-4a22-a47d-8c48425ef4a7",11824312500
"Acacia confusa Merr.","Acacia","confusa","-157.821229","21.314817","USA","Hawaii","Oahu","50c9509d-22c7-4a22-a47d-8c48425ef4a7",1801687500
"Acacia confusa Merr.","Acacia","confusa","-157.821723","21.314492","USA","Hawaii","Oahu","50c9509d-22c7-4a22-a47d-8c48425ef4a7",1801687500
"Acacia confusa Merr.","Acacia","confusa","-157.815688","21.309472","USA","Hawaii","Oahu","50c9509d-22c7-4a22-a47d-8c48425ef4a7",1801687500
"Acacia koa A.Gray","Acacia","koa","-157.793608","21.32696","USA","Hawaii","Oahu","50c9509d-22c7-4a22-a47d-8c48425ef4a7",1801687500
"Acacia confusa Merr.","Acacia","confusa","-157.897308","21.399663","USA","Hawaii","Oahu","50c9509d-22c7-4a22-a47d-8c48425ef4a7",1801687500
"Acacia confusa Merr.","Acacia","confusa","-156.2439","20.910425","USA","Hawaii","Maui","50c9509d-22c7-4a22-a47d-8c48425ef4a7",2165812500
"Acacia koa A.Gray","Acacia","koa","-157.761445","21.31072","USA","Hawaii","Oahu","50c9509d-22c7-4a22-a47d-8c48425ef4a7",1801687500
"Acacia koa A.Gray","Acacia","koa","-157.76175","21.312053","USA","Hawaii","Oahu","50c9509d-22c7-4a22-a47d-8c48425ef4a7",1801687500
"Acacia koa A.Gray","Acacia","koa","-157.761095","21.3131","USA","Hawaii","Oahu","50c9509d-22c7-4a22-a47d-8c48425ef4a7",1801687500
"Acacia mearnsii De Wild.","Acacia","mearnsii","-156.271928","20.817912","USA","Hawaii","Maui","50c9509d-22c7-4a22-a47d-8c48425ef4a7",2165812500
"Acacia koa A.Gray","Acacia","koa","-157.881805","21.405938","USA","Hawaii","Oahu","50c9509d-22c7-4a22-a47d-8c48425ef4a7",1801687500
"Acacia koa A.Gray","Acacia","koa","-157.881837","21.405987","USA","Hawaii","Oahu","50c9509d-22c7-4a22-a47d-8c48425ef4a7",1801687500
"Acacia confusa Merr.","Acacia","confusa","-156.631683","20.983228","USA","Hawaii","Maui","50c9509d-22c7-4a22-a47d-8c48425ef4a7",2165812500
"Acacia koa A.Gray","Acacia","koa","-159.593044","22.212081","USA","Hawaii","Kauai","50c9509d-22c7-4a22-a47d-8c48425ef4a7",1683250000
"Acacia koa A.Gray","Acacia","koa","-159.661816","22.071838","USA","Hawaii","Kauai","50c9509d-22c7-4a22-a47d-8c48425ef4a7",1683250000
"Acacia confusa Merr.","Acacia","confusa","-157.748947","21.346881","USA","Hawaii","Oahu","50c9509d-22c7-4a22-a47d-8c48425ef4a7",1801687500
"Acacia confusa Merr.","Acacia","confusa","-157.746658","21.348231","USA","Hawaii","Oahu","50c9509d-22c7-4a22-a47d-8c48425ef4a7",1801687500
"Acacia confusa Merr.","Acacia","confusa","-158.061767","21.452007","USA","Hawaii","Oahu","50c9509d-22c7-4a22-a47d-8c48425ef4a7",1801687500
"Acacia koa A.Gray","Acacia","koa","-157.856184","21.383802","USA","Hawaii","Oahu","50c9509d-22c7-4a22-a47d-8c48425ef4a7",1801687500
"Acacia koa A.Gray","Acacia","koa","-157.782442","21.349196","USA","Hawaii","Oahu","50c9509d-22c7-4a22-a47d-8c48425ef4a7",1801687500
"Acacia koa A.Gray","Acacia","koa","-157.781721","21.352066","USA","Hawaii","Oahu","50c9509d-22c7-4a22-a47d-8c48425ef4a7",1801687500
"Acacia koa A.Gray","Acacia","koa","-155.145233","19.671108","USA","Hawaii",NA,"50c9509d-22c7-4a22-a47d-8c48425ef4a7",11824312500
"Acacia koa A.Gray","Acacia","koa","-157.820018","21.340936","USA","Hawaii","Oahu","50c9509d-22c7-4a22-a47d-8c48425ef4a7",1801687500
"Acacia koa A.Gray","Acacia","koa","-157.821667","21.340112","USA","Hawaii","Oahu","50c9509d-22c7-4a22-a47d-8c48425ef4a7",1801687500
"Acacia confusa Merr.","Acacia","confusa","-157.901597","21.395264","USA","Hawaii","Oahu","50c9509d-22c7-4a22-a47d-8c48425ef4a7",1801687500
"Acacia koa A.Gray","Acacia","koa","-155.202402","19.895372","USA","Hawaii",NA,"50c9509d-22c7-4a22-a47d-8c48425ef4a7",11824312500
"Acacia koa A.Gray","Acacia","koa","-155.464789","19.687688","USA","Hawaii",NA,"50c9509d-22c7-4a22-a47d-8c48425ef4a7",11824312500
"Acacia koa A.Gray","Acacia","koa","-155.464645","19.687758","USA","Hawaii",NA,"50c9509d-22c7-4a22-a47d-8c48425ef4a7",11824312500
"Acacia koa A.Gray","Acacia","koa","-155.257612","19.42673","USA","Hawaii",NA,"50c9509d-22c7-4a22-a47d-8c48425ef4a7",11824312500
"Acacia koa A.Gray","Acacia","koa","-155.387803","19.66447","USA","Hawaii",NA,"50c9509d-22c7-4a22-a47d-8c48425ef4a7",11824312500
"Acacia koa A.Gray","Acacia","koa","-157.769676","21.320653","USA","Hawaii","Oahu","50c9509d-22c7-4a22-a47d-8c48425ef4a7",1801687500
"Acacia koa A.Gray","Acacia","koa","-155.381519","19.628721","USA","Hawaii",NA,"50c9509d-22c7-4a22-a47d-8c48425ef4a7",11824312500
"Acacia koa A.Gray","Acacia","koa","-157.805695","21.382603","USA","Hawaii","Oahu","50c9509d-22c7-4a22-a47d-8c48425ef4a7",1801687500
"Acacia koa A.Gray","Acacia","koa","-157.816978","21.320722","USA","Hawaii","Oahu","50c9509d-22c7-4a22-a47d-8c48425ef4a7",1801687500
"Acacia koa A.Gray","Acacia","koa","-157.7453","21.30492","USA","Hawaii","Oahu","50c9509d-22c7-4a22-a47d-8c48425ef4a7",1801687500
"Acacia koa A.Gray","Acacia","koa","-157.79877","21.307767","USA","Hawaii","Oahu","50c9509d-22c7-4a22-a47d-8c48425ef4a7",1801687500
"Acacia confusa Merr.","Acacia","confusa","-157.822514","21.444712","USA","Hawaii","Oahu","50c9509d-22c7-4a22-a47d-8c48425ef4a7",1801687500
"Acacia confusa Merr.","Acacia","confusa","-156.642239","20.983612","USA","Hawaii","Maui","50c9509d-22c7-4a22-a47d-8c48425ef4a7",2165812500
"Acacia koa A.Gray","Acacia","koa","-157.881775","21.405978","USA","Hawaii","Oahu","50c9509d-22c7-4a22-a47d-8c48425ef4a7",1801687500
"Acacia koa A.Gray","Acacia","koa","-157.886275","21.401387","USA","Hawaii","Oahu","50c9509d-22c7-4a22-a47d-8c48425ef4a7",1801687500
"Acacia koa A.Gray","Acacia","koa","-155.466049","19.687838","USA","Hawaii",NA,"50c9509d-22c7-4a22-a47d-8c48425ef4a7",11824312500
"Acacia koa A.Gray","Acacia","koa","-155.629943","19.025535","USA","Hawaii",NA,"50c9509d-22c7-4a22-a47d-8c48425ef4a7",11824312500
"Acacia confusa Merr.","Acacia","confusa","-159.742653","22.093583","USA","Hawaii","Kauai","50c9509d-22c7-4a22-a47d-8c48425ef4a7",1683250000
"Acacia koa A.Gray","Acacia","koa","-155.366872","19.671634","USA","Hawaii",NA,"50c9509d-22c7-4a22-a47d-8c48425ef4a7",11824312500
"Acacia koa A.Gray","Acacia","koa","-158.100756","21.414053","USA","Hawaii","Oahu","50c9509d-22c7-4a22-a47d-8c48425ef4a7",1801687500
"Acacia koa A.Gray","Acacia","koa","-155.389343","19.66535","USA","Hawaii",NA,"50c9509d-22c7-4a22-a47d-8c48425ef4a7",11824312500
"Acacia koa A.Gray","Acacia","koa","-155.302612","19.438903","USA","Hawaii",NA,"50c9509d-22c7-4a22-a47d-8c48425ef4a7",11824312500
"Acacia koa A.Gray","Acacia","koa","-155.30098","19.440762","USA","Hawaii",NA,"50c9509d-22c7-4a22-a47d-8c48425ef4a7",11824312500
"Acacia koa A.Gray","Acacia","koa","-157.90186","21.547526","USA","Hawaii","Oahu","50c9509d-22c7-4a22-a47d-8c48425ef4a7",1801687500
"Acacia koa A.Gray","Acacia","koa","-159.5755","22.218753","USA","Hawaii","Kauai","50c9509d-22c7-4a22-a47d-8c48425ef4a7",1683250000
"Acacia koa A.Gray","Acacia","koa","-155.330842","19.790245","USA","Hawaii",NA,"50c9509d-22c7-4a22-a47d-8c48425ef4a7",11824312500
"Acacia koa A.Gray","Acacia","koa","-155.32878","19.790725","USA","Hawaii",NA,"50c9509d-22c7-4a22-a47d-8c48425ef4a7",11824312500
"Acacia koa A.Gray","Acacia","koa","-155.38743","19.67111","USA","Hawaii",NA,"50c9509d-22c7-4a22-a47d-8c48425ef4a7",11824312500
"Acacia koa A.Gray","Acacia","koa","-155.280934","19.434666","USA","Hawaii",NA,"50c9509d-22c7-4a22-a47d-8c48425ef4a7",11824312500
"Acacia koa A.Gray","Acacia","koa","-155.280906","19.434677","USA","Hawaii",NA,"50c9509d-22c7-4a22-a47d-8c48425ef4a7",11824312500
"Acacia koa A.Gray","Acacia","koa","-155.300951","19.437495","USA","Hawaii",NA,"50c9509d-22c7-4a22-a47d-8c48425ef4a7",11824312500
"Acacia koa A.Gray","Acacia","koa","-155.387437","19.663305","USA","Hawaii",NA,"50c9509d-22c7-4a22-a47d-8c48425ef4a7",11824312500
"Acacia koa A.Gray","Acacia","koa","-155.324445","19.437698","USA","Hawaii",NA,"50c9509d-22c7-4a22-a47d-8c48425ef4a7",11824312500
"Acacia confusa Merr.","Acacia","confusa","-158.116877","21.382102","USA","Hawaii","Oahu","50c9509d-22c7-4a22-a47d-8c48425ef4a7",1801687500
"Acacia koa A.Gray","Acacia","koa","-157.818074","21.411718","USA","Hawaii","Oahu","50c9509d-22c7-4a22-a47d-8c48425ef4a7",1801687500
"Acacia koa A.Gray","Acacia","koa","-157.805086","21.337344","USA","Hawaii","Oahu","50c9509d-22c7-4a22-a47d-8c48425ef4a7",1801687500
"Acacia koa A.Gray","Acacia","koa","-155.280902","19.434504","USA","Hawaii",NA,"50c9509d-22c7-4a22-a47d-8c48425ef4a7",11824312500
"Acacia confusa Merr.","Acacia","confusa","-158.058551","21.641576","USA","Hawaii","Oahu","50c9509d-22c7-4a22-a47d-8c48425ef4a7",1801687500
"Acacia confusa Merr.","Acacia","confusa","-155.981149","19.812504","USA","Hawaii",NA,"50c9509d-22c7-4a22-a47d-8c48425ef4a7",11824312500
"Acacia koa A.Gray","Acacia","koa","-155.694703","19.129972","USA","Hawaii",NA,"50c9509d-22c7-4a22-a47d-8c48425ef4a7",11824312500
"Acacia confusa Merr.","Acacia","confusa","-157.74434","21.34526","USA","Hawaii","Oahu","50c9509d-22c7-4a22-a47d-8c48425ef4a7",1801687500
"Acacia confusa Merr.","Acacia","confusa","-157.829361","21.312424","USA","Hawaii","Oahu","50c9509d-22c7-4a22-a47d-8c48425ef4a7",1801687500
"Acacia confusa Merr.","Acacia","confusa","-157.784633","21.29875","USA","Hawaii","Oahu","50c9509d-22c7-4a22-a47d-8c48425ef4a7",1801687500
"Acacia koa A.Gray","Acacia","koa","-159.661853","22.071931","USA","Hawaii","Kauai","50c9509d-22c7-4a22-a47d-8c48425ef4a7",1683250000
"Acacia koa A.Gray","Acacia","koa","-155.913383","19.716779","USA","Hawaii",NA,"50c9509d-22c7-4a22-a47d-8c48425ef4a7",11824312500
"Acacia mearnsii De Wild.","Acacia","mearnsii","-156.358108","20.703908","USA","Hawaii","Maui","50c9509d-22c7-4a22-a47d-8c48425ef4a7",2165812500
"Acacia koa A.Gray","Acacia","koa","-155.331281","19.790415","USA","Hawaii",NA,"50c9509d-22c7-4a22-a47d-8c48425ef4a7",11824312500
"Acacia koa A.Gray","Acacia","koa","-155.947384","19.719948","USA","Hawaii",NA,"50c9509d-22c7-4a22-a47d-8c48425ef4a7",11824312500
"Acacia koa A.Gray","Acacia","koa","-155.467222","19.687135","USA","Hawaii",NA,"50c9509d-22c7-4a22-a47d-8c48425ef4a7",11824312500
"Acacia koa A.Gray","Acacia","koa","-155.466312","19.687433","USA","Hawaii",NA,"50c9509d-22c7-4a22-a47d-8c48425ef4a7",11824312500
"Acacia koa A.Gray","Acacia","koa","-155.387297","19.662875","USA","Hawaii",NA,"50c9509d-22c7-4a22-a47d-8c48425ef4a7",11824312500
"Acacia koa A.Gray","Acacia","koa","-157.789825","21.317742","USA","Hawaii","Oahu","50c9509d-22c7-4a22-a47d-8c48425ef4a7",1801687500
"Acacia koa A.Gray","Acacia","koa","-155.256383","19.415055","USA","Hawaii",NA,"50c9509d-22c7-4a22-a47d-8c48425ef4a7",11824312500
"Acacia koa A.Gray","Acacia","koa","-159.674926","22.152117","USA","Hawaii","Kauai","50c9509d-22c7-4a22-a47d-8c48425ef4a7",1683250000
"Acacia koa A.Gray","Acacia","koa","-155.302172","19.440175","USA","Hawaii",NA,"50c9509d-22c7-4a22-a47d-8c48425ef4a7",11824312500
"Acacia confusa Merr.","Acacia","confusa","-157.956573","21.669327","USA","Hawaii","Oahu","50c9509d-22c7-4a22-a47d-8c48425ef4a7",1801687500
"Acacia confusa Merr.","Acacia","confusa","-157.9366","21.659698","USA","Hawaii","Oahu","50c9509d-22c7-4a22-a47d-8c48425ef4a7",1801687500
"Acacia koa A.Gray","Acacia","koa","-155.385143","19.672589","USA","Hawaii",NA,"50c9509d-22c7-4a22-a47d-8c48425ef4a7",11824312500
"Acacia confusa Merr.","Acacia","confusa","-155.751665","20.020813","USA","Hawaii",NA,"50c9509d-22c7-4a22-a47d-8c48425ef4a7",11824312500
"Acacia koa A.Gray","Acacia","koa","-155.387638","19.663723","USA","Hawaii",NA,"50c9509d-22c7-4a22-a47d-8c48425ef4a7",11824312500
"Acacia mearnsii De Wild.","Acacia","mearnsii","-157.892682","21.396933","USA","Hawaii","Oahu","50c9509d-22c7-4a22-a47d-8c48425ef4a7",1801687500
"Acacia koa A.Gray","Acacia","koa","-155.325553","19.819042","USA","Hawaii",NA,"50c9509d-22c7-4a22-a47d-8c48425ef4a7",11824312500
"Acacia koa A.Gray","Acacia","koa","-155.33181","19.789903","USA","Hawaii",NA,"50c9509d-22c7-4a22-a47d-8c48425ef4a7",11824312500
"Acacia koa A.Gray","Acacia","koa","-155.423541","19.804581","USA","Hawaii",NA,"50c9509d-22c7-4a22-a47d-8c48425ef4a7",11824312500
"Acacia mangium Willd.","Acacia","mangium","-157.80466","21.383638","USA","Hawaii","Oahu","50c9509d-22c7-4a22-a47d-8c48425ef4a7",1801687500
"Acacia koa A.Gray","Acacia","koa","-159.662064","22.071744","USA","Hawaii","Kauai","50c9509d-22c7-4a22-a47d-8c48425ef4a7",1683250000
"Acacia koa A.Gray","Acacia","koa","-159.659936","22.051708","USA","Hawaii","Kauai","50c9509d-22c7-4a22-a47d-8c48425ef4a7",1683250000
"Acacia koa A.Gray","Acacia","koa","-159.659742","22.051556","USA","Hawaii","Kauai","50c9509d-22c7-4a22-a47d-8c48425ef4a7",1683250000
"Acacia koa A.Gray","Acacia","koa","-159.659817","22.051969","USA","Hawaii","Kauai","50c9509d-22c7-4a22-a47d-8c48425ef4a7",1683250000
"Acacia koa A.Gray","Acacia","koa","-159.659703","22.051975","USA","Hawaii","Kauai","50c9509d-22c7-4a22-a47d-8c48425ef4a7",1683250000
"Acacia confusa Merr.","Acacia","confusa","-155.751616","20.020644","USA","Hawaii",NA,"50c9509d-22c7-4a22-a47d-8c48425ef4a7",11824312500
"Acacia confusa Merr.","Acacia","confusa","-157.822435","21.26884","Hawaii","Oahu",NA,"50c9509d-22c7-4a22-a47d-8c48425ef4a7",1801687500
"Acacia confusa Merr.","Acacia","confusa","-156.636087","20.989009","USA","Hawaii","Maui","50c9509d-22c7-4a22-a47d-8c48425ef4a7",2165812500
"Acacia koa A.Gray","Acacia","koa","-155.153067","19.758388","USA","Hawaii",NA,"50c9509d-22c7-4a22-a47d-8c48425ef4a7",11824312500
"Acacia koa A.Gray","Acacia","koa","-159.660076","22.050802","USA","Hawaii","Kauai","50c9509d-22c7-4a22-a47d-8c48425ef4a7",1683250000
"Acacia koa A.Gray","Acacia","koa","-159.658925","22.05204","USA","Hawaii","Kauai","50c9509d-22c7-4a22-a47d-8c48425ef4a7",1683250000
"Acacia mearnsii De Wild.","Acacia","mearnsii","-159.675047","22.105028","USA","Hawaii","Kauai","50c9509d-22c7-4a22-a47d-8c48425ef4a7",1683250000
"Acacia confusa Merr.","Acacia","confusa","-157.909311","21.386465","USA","Hawaii","Oahu","50c9509d-22c7-4a22-a47d-8c48425ef4a7",1801687500
"Acacia koa A.Gray","Acacia","koa","-159.662889","22.108111","USA","Hawaii","Kauai","50c9509d-22c7-4a22-a47d-8c48425ef4a7",1683250000
"Acacia koa A.Gray","Acacia","koa","-155.736481","20.049194","USA","Hawaii",NA,"50c9509d-22c7-4a22-a47d-8c48425ef4a7",11824312500
"Acacia koa A.Gray","Acacia","koa","-155.947346","19.721687","USA","Hawaii",NA,"50c9509d-22c7-4a22-a47d-8c48425ef4a7",11824312500
"Acacia confusa Merr.","Acacia","confusa","-155.027755","19.733455","USA","Hawaii",NA,"50c9509d-22c7-4a22-a47d-8c48425ef4a7",11824312500
"Acacia koa A.Gray","Acacia","koa","-156.284378","20.892138","USA","Hawaii","Maui","50c9509d-22c7-4a22-a47d-8c48425ef4a7",2165812500
"Acacia koa A.Gray","Acacia","koa","-155.335424","19.899423","USA","Hawaii",NA,"50c9509d-22c7-4a22-a47d-8c48425ef4a7",11824312500
"Acacia confusa Merr.","Acacia","confusa","-155.069629","19.70364","USA","Hawaii",NA,"50c9509d-22c7-4a22-a47d-8c48425ef4a7",11824312500
"Acacia koa A.Gray","Acacia","koa","-155.303283","19.437562","USA","Hawaii",NA,"50c9509d-22c7-4a22-a47d-8c48425ef4a7",11824312500
"Acacia koa A.Gray","Acacia","koa","-155.258434","19.428959","USA","Hawaii",NA,"50c9509d-22c7-4a22-a47d-8c48425ef4a7",11824312500
"Acacia koa A.Gray","Acacia","koa","-155.335685","19.454605","USA","Hawaii",NA,"50c9509d-22c7-4a22-a47d-8c48425ef4a7",11824312500
"Acacia confusa Merr.","Acacia","confusa","-157.803981","21.301671","USA","Hawaii","Oahu","50c9509d-22c7-4a22-a47d-8c48425ef4a7",1801687500
"Acacia confusa Merr.","Acacia","confusa","-157.894272","21.391693","USA","Hawaii","Oahu","50c9509d-22c7-4a22-a47d-8c48425ef4a7",1801687500
"Acacia confusa Merr.","Acacia","confusa","-155.440441","20.068581","USA","Hawaii",NA,"50c9509d-22c7-4a22-a47d-8c48425ef4a7",11824312500
"Acacia koa A.Gray","Acacia","koa","-157.893103","21.402744","USA","Hawaii","Oahu","50c9509d-22c7-4a22-a47d-8c48425ef4a7",1801687500
"Acacia confusa Merr.","Acacia","confusa","-155.069782","19.716256","USA","Hawaii",NA,"50c9509d-22c7-4a22-a47d-8c48425ef4a7",11824312500
"Acacia koa A.Gray","Acacia","koa","-155.281046","19.434351","USA","Hawaii",NA,"50c9509d-22c7-4a22-a47d-8c48425ef4a7",11824312500
"Acacia koa A.Gray","Acacia","koa","-155.336014","19.790726","USA","Hawaii",NA,"50c9509d-22c7-4a22-a47d-8c48425ef4a7",11824312500
"Acacia koa A.Gray","Acacia","koa","-155.281028","19.434529","USA","Hawaii",NA,"50c9509d-22c7-4a22-a47d-8c48425ef4a7",11824312500
"Acacia koa A.Gray","Acacia","koa","-159.631759","22.147515","USA","Hawaii","Kauai","50c9509d-22c7-4a22-a47d-8c48425ef4a7",1683250000
"Acacia koa A.Gray","Acacia","koa","-159.668943","22.150112","USA","Hawaii","Kauai","50c9509d-22c7-4a22-a47d-8c48425ef4a7",1683250000
"Acacia koa A.Gray","Acacia","koa","-159.665543","22.111139","USA","Hawaii","Kauai","50c9509d-22c7-4a22-a47d-8c48425ef4a7",1683250000
"Acacia koa A.Gray","Acacia","koa","-156.320197","20.732749","USA","Hawaii","Maui","50c9509d-22c7-4a22-a47d-8c48425ef4a7",2165812500
"Acacia confusa Merr.","Acacia","confusa","-155.085335","19.681162","USA","Hawaii",NA,"50c9509d-22c7-4a22-a47d-8c48425ef4a7",11824312500
"Acacia koa A.Gray","Acacia","koa","-155.318211","19.7887","USA","Hawaii",NA,"50c9509d-22c7-4a22-a47d-8c48425ef4a7",11824312500
"Acacia koa A.Gray","Acacia","koa","-155.28265","19.433288","USA","Hawaii",NA,"50c9509d-22c7-4a22-a47d-8c48425ef4a7",11824312500
"Acacia koa A.Gray","Acacia","koa","-155.347914","19.785926","USA","Hawaii",NA,"50c9509d-22c7-4a22-a47d-8c48425ef4a7",11824312500
"Acacia koa A.Gray","Acacia","koa","-155.318978","19.443167","USA","Hawaii",NA,"50c9509d-22c7-4a22-a47d-8c48425ef4a7",11824312500
"Acacia mearnsii De Wild.","Acacia","mearnsii","-159.676987","22.009","USA","Hawaii","Kauai","50c9509d-22c7-4a22-a47d-8c48425ef4a7",1683250000
"Acacia koa A.Gray","Acacia","koa","-158.15352","21.502496","USA","Hawaii","Oahu","50c9509d-22c7-4a22-a47d-8c48425ef4a7",1801687500
"Acacia confusa Merr.","Acacia","confusa","-157.805528","21.263512","Hawaii","Oahu",NA,"50c9509d-22c7-4a22-a47d-8c48425ef4a7",1801687500
"Acacia confusa Merr.","Acacia","confusa","-157.867966","21.339539","USA","Hawaii","Oahu","50c9509d-22c7-4a22-a47d-8c48425ef4a7",1801687500
"Acacia mearnsii De Wild.","Acacia","mearnsii","-159.661606","22.071806","USA","Hawaii","Kauai","50c9509d-22c7-4a22-a47d-8c48425ef4a7",1683250000
"Acacia koa A.Gray","Acacia","koa","-155.366223","19.670443","USA","Hawaii",NA,"50c9509d-22c7-4a22-a47d-8c48425ef4a7",11824312500
"Acacia koa A.Gray","Acacia","koa","-155.366223","19.670443","USA","Hawaii",NA,"50c9509d-22c7-4a22-a47d-8c48425ef4a7",11824312500
"Acacia confusa Merr.","Acacia","confusa","-159.555523","21.920907","USA","Hawaii","Kauai","50c9509d-22c7-4a22-a47d-8c48425ef4a7",1683250000
"Acacia confusa Merr.","Acacia","confusa","-156.639224","20.993658","USA","Hawaii","Maui","50c9509d-22c7-4a22-a47d-8c48425ef4a7",2165812500
"Acacia koa A.Gray","Acacia","koa","-155.304316","19.442277","USA","Hawaii",NA,"50c9509d-22c7-4a22-a47d-8c48425ef4a7",11824312500
"Acacia confusa Merr.","Acacia","confusa","-156.639224","20.993658","USA","Hawaii","Maui","50c9509d-22c7-4a22-a47d-8c48425ef4a7",2165812500
"Acacia koa A.Gray","Acacia","koa","-155.322207","19.793082","USA","Hawaii",NA,"50c9509d-22c7-4a22-a47d-8c48425ef4a7",11824312500
"Acacia koa A.Gray","Acacia","koa","-155.327382","19.793202","USA","Hawaii",NA,"50c9509d-22c7-4a22-a47d-8c48425ef4a7",11824312500
"Acacia koa A.Gray","Acacia","koa","-155.951018","19.719875","USA","Hawaii",NA,"50c9509d-22c7-4a22-a47d-8c48425ef4a7",11824312500
"Acacia koa A.Gray","Acacia","koa","-155.32805","19.791553","USA","Hawaii",NA,"50c9509d-22c7-4a22-a47d-8c48425ef4a7",11824312500
"Acacia koa A.Gray","Acacia","koa","-155.32805","19.791553","USA","Hawaii",NA,"50c9509d-22c7-4a22-a47d-8c48425ef4a7",11824312500
"Acacia koa A.Gray","Acacia","koa","-155.330855","19.790262","USA","Hawaii",NA,"50c9509d-22c7-4a22-a47d-8c48425ef4a7",11824312500
"Acacia koa A.Gray","Acacia","koa","-155.330887","19.790267","USA","Hawaii",NA,"50c9509d-22c7-4a22-a47d-8c48425ef4a7",11824312500
"Acacia koa A.Gray","Acacia","koa","-155.330933","19.790305","USA","Hawaii",NA,"50c9509d-22c7-4a22-a47d-8c48425ef4a7",11824312500
"Acacia koa A.Gray","Acacia","koa","-155.3033","19.436903","USA","Hawaii",NA,"50c9509d-22c7-4a22-a47d-8c48425ef4a7",11824312500
"Acacia koa A.Gray","Acacia","koa","-159.65657","22.051358","USA","Hawaii","Kauai","50c9509d-22c7-4a22-a47d-8c48425ef4a7",1683250000
"Acacia koa A.Gray","Acacia","koa","-157.814042","21.30317","USA","Hawaii","Oahu","50c9509d-22c7-4a22-a47d-8c48425ef4a7",1801687500
"Acacia koa A.Gray","Acacia","koaia","-156.407636","20.613622","USA","Hawaii","Maui","50c9509d-22c7-4a22-a47d-8c48425ef4a7",2165812500
"Acacia koa A.Gray","Acacia","koa","-156.466416","20.795072","USA","Hawaii","Maui","50c9509d-22c7-4a22-a47d-8c48425ef4a7",2165812500
"Acacia koa A.Gray","Acacia","koa","-155.329178","19.790497","USA","Hawaii",NA,"50c9509d-22c7-4a22-a47d-8c48425ef4a7",11824312500
"Acacia koa A.Gray","Acacia","koa","-158.193927","21.542475","USA","Hawaii","Oahu","50c9509d-22c7-4a22-a47d-8c48425ef4a7",1801687500
"Acacia koa A.Gray","Acacia","koa","-155.46545","19.687252","USA","Hawaii",NA,"50c9509d-22c7-4a22-a47d-8c48425ef4a7",11824312500
"Acacia confusa Merr.","Acacia","confusa","-157.902083","21.396597","USA","Hawaii","Oahu","50c9509d-22c7-4a22-a47d-8c48425ef4a7",1801687500
"Acacia koa A.Gray","Acacia","koa","-159.61674","22.109448","USA","Hawaii","Kauai","50c9509d-22c7-4a22-a47d-8c48425ef4a7",1683250000
"Acacia koa A.Gray","Acacia","koa","-155.3853","19.4929","USA","Hawaii",NA,"50c9509d-22c7-4a22-a47d-8c48425ef4a7",11824312500
"Acacia koa A.Gray","Acacia","koa","-155.306673","19.42083","USA","Hawaii",NA,"50c9509d-22c7-4a22-a47d-8c48425ef4a7",11824312500
"Acacia mangium Willd.","Acacia","mangium","-154.907903","19.537926","USA","Hawaii",NA,"50c9509d-22c7-4a22-a47d-8c48425ef4a7",11824312500
"Acacia confusa Merr.","Acacia","confusa","-157.805575","21.263381","Hawaii","Oahu",NA,"50c9509d-22c7-4a22-a47d-8c48425ef4a7",1801687500
"Acacia confusa Merr.","Acacia","confusa","-157.678307","21.310842","USA","Hawaii","Oahu","50c9509d-22c7-4a22-a47d-8c48425ef4a7",1801687500
"Acacia koa A.Gray","Acacia","koa","-156.090278","20.700833","USA","Hawaii","Maui","50c9509d-22c7-4a22-a47d-8c48425ef4a7",2165812500
"Acacia koa A.Gray","Acacia","koa","-155.278764","19.327261","USA","Hawaii",NA,"50c9509d-22c7-4a22-a47d-8c48425ef4a7",11824312500
"Acacia confusa Merr.","Acacia","confusa","-157.769565","21.318991","USA","Hawaii","Oahu","50c9509d-22c7-4a22-a47d-8c48425ef4a7",1801687500
"Acacia mearnsii De Wild.","Acacia","mearnsii","-159.676991","22.008942","USA","Hawaii","Kauai","50c9509d-22c7-4a22-a47d-8c48425ef4a7",1683250000
"Acacia koa A.Gray","Acacia","koa","-159.474717","22.199572","USA","Hawaii","Kauai","50c9509d-22c7-4a22-a47d-8c48425ef4a7",1683250000
"Acacia koa A.Gray","Acacia","koa","-158.194589","21.544392","USA","Hawaii","Oahu","50c9509d-22c7-4a22-a47d-8c48425ef4a7",1801687500
"Acacia confusa Merr.","Acacia","confusa","-155.82663","20.251228","USA","Hawaii",NA,"50c9509d-22c7-4a22-a47d-8c48425ef4a7",11824312500
"Acacia confusa Merr.","Acacia","confusa","-159.354869","22.061217","USA","Hawaii","Kauai","50c9509d-22c7-4a22-a47d-8c48425ef4a7",1683250000
"Acacia confusa Merr.","Acacia","confusa","-159.354806","22.061461","USA","Hawaii","Kauai","50c9509d-22c7-4a22-a47d-8c48425ef4a7",1683250000
"Acacia mearnsii De Wild.","Acacia","mearnsii","-159.677032","22.008942","USA","Hawaii","Kauai","50c9509d-22c7-4a22-a47d-8c48425ef4a7",1683250000
"Acacia mearnsii De Wild.","Acacia","mearnsii","-155.768318","20.077632","USA","Hawaii",NA,"50c9509d-22c7-4a22-a47d-8c48425ef4a7",11824312500
"Acacia koa A.Gray","Acacia","koa","-157.879103","21.4072","USA","Hawaii","Oahu","50c9509d-22c7-4a22-a47d-8c48425ef4a7",1801687500
"Acacia koa A.Gray","Acacia","koa","-158.046677","21.517548","USA","Hawaii","Oahu","50c9509d-22c7-4a22-a47d-8c48425ef4a7",1801687500
"Acacia koa A.Gray","Acacia","koa","-155.257625","19.428553","USA","Hawaii",NA,"50c9509d-22c7-4a22-a47d-8c48425ef4a7",11824312500
"Acacia confusa Merr.","Acacia","confusa","-157.788362","21.381897","USA","Hawaii","Oahu","50c9509d-22c7-4a22-a47d-8c48425ef4a7",1801687500
"Acacia koa A.Gray","Acacia","koa","-159.664093","21.967668","USA","Hawaii","Kauai","50c9509d-22c7-4a22-a47d-8c48425ef4a7",1683250000
"Acacia koa A.Gray","Acacia","koa","-157.852342","21.38677","USA","Hawaii","Oahu","50c9509d-22c7-4a22-a47d-8c48425ef4a7",1801687500
"Acacia koa A.Gray","Acacia","koa","-158.100209","21.414511","USA","Hawaii","Oahu","50c9509d-22c7-4a22-a47d-8c48425ef4a7",1801687500
"Acacia koa A.Gray","Acacia","koa","-155.947297","19.722364","USA","Hawaii",NA,"50c9509d-22c7-4a22-a47d-8c48425ef4a7",11824312500
"Acacia koa A.Gray","Acacia","koa","-155.947144","19.722306","USA","Hawaii",NA,"50c9509d-22c7-4a22-a47d-8c48425ef4a7",11824312500
"Acacia koa A.Gray","Acacia","koa","-155.947844","19.724492","USA","Hawaii",NA,"50c9509d-22c7-4a22-a47d-8c48425ef4a7",11824312500
"Acacia koa A.Gray","Acacia","koa","-155.948044","19.725156","USA","Hawaii",NA,"50c9509d-22c7-4a22-a47d-8c48425ef4a7",11824312500
"Acacia koa A.Gray","Acacia","koa","-155.948181","19.726006","USA","Hawaii",NA,"50c9509d-22c7-4a22-a47d-8c48425ef4a7",11824312500
"Acacia koa A.Gray","Acacia","koa","-155.948333","19.726622","USA","Hawaii",NA,"50c9509d-22c7-4a22-a47d-8c48425ef4a7",11824312500
"Acacia koa A.Gray","Acacia","koa","-155.948425","19.726811","USA","Hawaii",NA,"50c9509d-22c7-4a22-a47d-8c48425ef4a7",11824312500
"Acacia koa A.Gray","Acacia","koa","-157.897383","21.399584","USA","Hawaii","Oahu","50c9509d-22c7-4a22-a47d-8c48425ef4a7",1801687500
"Acacia koa A.Gray","Acacia","koa","-157.892792","21.537778","USA","Hawaii","Oahu","50c9509d-22c7-4a22-a47d-8c48425ef4a7",1801687500
"Acacia koa A.Gray","Acacia","koa","-155.387388","19.663128","USA","Hawaii",NA,"50c9509d-22c7-4a22-a47d-8c48425ef4a7",11824312500
"Acacia mearnsii De Wild.","Acacia","mearnsii","-159.671651","22.089296","USA","Hawaii","Kauai","50c9509d-22c7-4a22-a47d-8c48425ef4a7",1683250000
"Acacia koa A.Gray","Acacia","koa","-159.669937","22.109482","USA","Hawaii","Kauai","50c9509d-22c7-4a22-a47d-8c48425ef4a7",1683250000
"Acacia confusa Merr.","Acacia","confusa","-156.92536","20.812324","USA","Hawaii","Lanai","50c9509d-22c7-4a22-a47d-8c48425ef4a7",419687500
"Acacia confusa Merr.","Acacia","confusa","-156.920963","20.841967","USA","Hawaii","Lanai","50c9509d-22c7-4a22-a47d-8c48425ef4a7",419687500
"Acacia confusa Merr.","Acacia","confusa","-156.912893","20.805656","USA","Hawaii","Lanai","50c9509d-22c7-4a22-a47d-8c48425ef4a7",419687500
"Acacia confusa Merr.","Acacia","confusa","-156.924219","20.830705","USA","Hawaii","Lanai","50c9509d-22c7-4a22-a47d-8c48425ef4a7",419687500
"Acacia koa A.Gray","Acacia","koa","-155.902774","19.509553","USA","Hawaii",NA,"50c9509d-22c7-4a22-a47d-8c48425ef4a7",11824312500
"Acacia confusa Merr.","Acacia","confusa","-156.937916","20.846893","USA","Hawaii","Lanai","50c9509d-22c7-4a22-a47d-8c48425ef4a7",419687500
"Acacia confusa Merr.","Acacia","confusa","-156.89133","20.779263","USA","Hawaii","Lanai","50c9509d-22c7-4a22-a47d-8c48425ef4a7",419687500
"Acacia confusa Merr.","Acacia","confusa","-157.878601","21.325821","USA","Hawaii","Oahu","50c9509d-22c7-4a22-a47d-8c48425ef4a7",1801687500
"Acacia mearnsii De Wild.","Acacia","mearnsii","-159.676936","22.009036","USA","Hawaii","Kauai","50c9509d-22c7-4a22-a47d-8c48425ef4a7",1683250000
"Acacia koa A.Gray","Acacia","koa","-155.3035","19.440389","USA","Hawaii",NA,"50c9509d-22c7-4a22-a47d-8c48425ef4a7",11824312500
"Acacia confusa Merr.","Acacia","confusa","-158.007509","21.316164","USA","Hawaii","Oahu","50c9509d-22c7-4a22-a47d-8c48425ef4a7",1801687500
"Acacia confusa Merr.","Acacia","confusa","-157.897139","21.399606","USA","Hawaii","Oahu","50c9509d-22c7-4a22-a47d-8c48425ef4a7",1801687500
"Acacia koa A.Gray","Acacia","koa","-157.897414","21.399544","USA","Hawaii","Oahu","50c9509d-22c7-4a22-a47d-8c48425ef4a7",1801687500
"Acacia confusa Merr.","Acacia","confusa","-156.63208","20.920769","USA","Hawaii","Maui","50c9509d-22c7-4a22-a47d-8c48425ef4a7",2165812500
"Acacia koa A.Gray","Acacia","koa","-155.271805","19.432092","USA","Hawaii",NA,"50c9509d-22c7-4a22-a47d-8c48425ef4a7",11824312500
"Acacia confusa Merr.","Acacia","confusa","-156.532132","20.952872","USA","Hawaii","Maui","50c9509d-22c7-4a22-a47d-8c48425ef4a7",2165812500
"Acacia confusa Merr.","Acacia","confusa","-158.149078","21.413055","USA","Hawaii","Oahu","50c9509d-22c7-4a22-a47d-8c48425ef4a7",1801687500
"Acacia confusa Merr.","Acacia","confusa","-156.637012","20.990569","USA","Hawaii","Maui","50c9509d-22c7-4a22-a47d-8c48425ef4a7",2165812500
"Acacia koa A.Gray","Acacia","koa","-155.46605","19.687816","USA","Hawaii",NA,"50c9509d-22c7-4a22-a47d-8c48425ef4a7",11824312500
"Acacia koa A.Gray","Acacia","koa","-155.698745","19.135895","USA","Hawaii",NA,"50c9509d-22c7-4a22-a47d-8c48425ef4a7",11824312500
"Acacia koa A.Gray","Acacia","koa","-157.913847","21.440208","USA","Hawaii","Oahu","50c9509d-22c7-4a22-a47d-8c48425ef4a7",1801687500
"Acacia koa A.Gray","Acacia","koa","-159.669363","22.108941","USA","Hawaii","Kauai","50c9509d-22c7-4a22-a47d-8c48425ef4a7",1683250000
"Acacia mearnsii De Wild.","Acacia","mearnsii","-159.681488","22.02629","USA","Hawaii","Kauai","50c9509d-22c7-4a22-a47d-8c48425ef4a7",1683250000
"Acacia koa A.Gray","Acacia","koa","-155.330887","19.790237","USA","Hawaii",NA,"50c9509d-22c7-4a22-a47d-8c48425ef4a7",11824312500
"Acacia koa A.Gray","Acacia","koa","-157.893128","21.402787","USA","Hawaii","Oahu","50c9509d-22c7-4a22-a47d-8c48425ef4a7",1801687500
"Acacia koa A.Gray","Acacia","koa","-155.948723","19.720302","USA","Hawaii",NA,"50c9509d-22c7-4a22-a47d-8c48425ef4a7",11824312500
"Acacia koa A.Gray","Acacia","koa","-155.948809","19.720545","USA","Hawaii",NA,"50c9509d-22c7-4a22-a47d-8c48425ef4a7",11824312500
"Acacia koa A.Gray","Acacia","koa","-155.948809","19.721433","USA","Hawaii",NA,"50c9509d-22c7-4a22-a47d-8c48425ef4a7",11824312500
"Acacia koa A.Gray","Acacia","koa","-155.948638","19.720545","USA","Hawaii",NA,"50c9509d-22c7-4a22-a47d-8c48425ef4a7",11824312500
"Acacia koa A.Gray","Acacia","koa","-155.953959","19.722322","USA","Hawaii",NA,"50c9509d-22c7-4a22-a47d-8c48425ef4a7",11824312500
"Acacia koa A.Gray","Acacia","koa","-155.954302","19.721595","USA","Hawaii",NA,"50c9509d-22c7-4a22-a47d-8c48425ef4a7",11824312500
"Acacia koa A.Gray","Acacia","koa","-155.95456","19.72103","USA","Hawaii",NA,"50c9509d-22c7-4a22-a47d-8c48425ef4a7",11824312500
"Acacia koa A.Gray","Acacia","koa","-159.698137","22.040333","USA","Hawaii","Kauai","50c9509d-22c7-4a22-a47d-8c48425ef4a7",1683250000
"Acacia koa A.Gray","Acacia","koa","-155.387496","19.66321","USA","Hawaii",NA,"50c9509d-22c7-4a22-a47d-8c48425ef4a7",11824312500
"Acacia koa A.Gray","Acacia","koa","-155.367843","19.671732","USA","Hawaii",NA,"50c9509d-22c7-4a22-a47d-8c48425ef4a7",11824312500
"Acacia confusa Merr.","Acacia","confusa","-157.814993","21.333085","USA","Hawaii","Oahu","50c9509d-22c7-4a22-a47d-8c48425ef4a7",1801687500
"Acacia koa A.Gray","Acacia","koa","-155.385799","19.492285","USA","Hawaii",NA,"50c9509d-22c7-4a22-a47d-8c48425ef4a7",11824312500
"Acacia confusa Merr.","Acacia","confusa","-157.76227","21.303417","USA","Hawaii","Oahu","50c9509d-22c7-4a22-a47d-8c48425ef4a7",1801687500
"Acacia koa A.Gray","Acacia","koa","-155.259581","19.430899","USA","Hawaii",NA,"50c9509d-22c7-4a22-a47d-8c48425ef4a7",11824312500
"Acacia koa A.Gray","Acacia","koa","-155.302038","19.440095","USA","Hawaii",NA,"50c9509d-22c7-4a22-a47d-8c48425ef4a7",11824312500
"Acacia koa A.Gray","Acacia","koa","-159.640964","22.151198","USA","Hawaii","Kauai","50c9509d-22c7-4a22-a47d-8c48425ef4a7",1683250000
"Acacia koa A.Gray","Acacia","koa","-155.385788","19.49226","USA","Hawaii",NA,"50c9509d-22c7-4a22-a47d-8c48425ef4a7",11824312500
"Acacia koa A.Gray","Acacia","koa","-155.327635","19.791427","USA","Hawaii",NA,"50c9509d-22c7-4a22-a47d-8c48425ef4a7",11824312500
"Acacia koa A.Gray","Acacia","koa","-155.466125","19.687333","USA","Hawaii",NA,"50c9509d-22c7-4a22-a47d-8c48425ef4a7",11824312500
"Acacia koa A.Gray","Acacia","koa","-159.665533","22.1111","USA","Hawaii","Kauai","50c9509d-22c7-4a22-a47d-8c48425ef4a7",1683250000
"Acacia koa A.Gray","Acacia","koa","-159.475187","22.199165","USA","Hawaii","Kauai","50c9509d-22c7-4a22-a47d-8c48425ef4a7",1683250000
"Acacia koa A.Gray","Acacia","koa","-157.812072","21.337472","USA","Hawaii","Oahu","50c9509d-22c7-4a22-a47d-8c48425ef4a7",1801687500
"Acacia koa A.Gray","Acacia","koa","-155.331497","19.790853","USA","Hawaii",NA,"50c9509d-22c7-4a22-a47d-8c48425ef4a7",11824312500
"Acacia koa A.Gray","Acacia","koa","-159.660995","22.048878","USA","Hawaii","Kauai","50c9509d-22c7-4a22-a47d-8c48425ef4a7",1683250000
"Acacia koa A.Gray","Acacia","koa","-155.323104","19.79478","USA","Hawaii",NA,"50c9509d-22c7-4a22-a47d-8c48425ef4a7",11824312500
"Acacia koa A.Gray","Acacia","koa","-155.386385","19.671811","USA","Hawaii",NA,"50c9509d-22c7-4a22-a47d-8c48425ef4a7",11824312500
"Acacia mearnsii De Wild.","Acacia","mearnsii","-155.68","20.01","USA","Hawaii",NA,"50c9509d-22c7-4a22-a47d-8c48425ef4a7",11824312500
"Acacia koa A.Gray","Acacia","koa","-155.33618","19.791017","USA","Hawaii",NA,"50c9509d-22c7-4a22-a47d-8c48425ef4a7",11824312500
"Acacia koa A.Gray","Acacia","koa","-155.755172","19.151761","USA","Hawaii",NA,"50c9509d-22c7-4a22-a47d-8c48425ef4a7",11824312500
"Acacia confusa Merr.","Acacia","confusa","-156.16871","20.871053","USA","Hawaii","Maui","50c9509d-22c7-4a22-a47d-8c48425ef4a7",2165812500
"Acacia koa A.Gray","Acacia","koaia","-155.752721","20.070891","USA","Hawaii",NA,"50c9509d-22c7-4a22-a47d-8c48425ef4a7",11824312500
"Acacia koa A.Gray","Acacia","koaia","-155.681471","20.108095","USA","Hawaii",NA,"50c9509d-22c7-4a22-a47d-8c48425ef4a7",11824312500
"Acacia koa A.Gray","Acacia","koaia","-155.624769","20.099057","USA","Hawaii",NA,"50c9509d-22c7-4a22-a47d-8c48425ef4a7",11824312500
"Acacia koa A.Gray","Acacia","koa","-155.258655","19.42937","USA","Hawaii",NA,"50c9509d-22c7-4a22-a47d-8c48425ef4a7",11824312500
"Acacia koa A.Gray","Acacia","koa","-155.330783","19.790277","USA","Hawaii",NA,"50c9509d-22c7-4a22-a47d-8c48425ef4a7",11824312500
"Acacia koa A.Gray","Acacia","koa","-157.893415","21.402729","USA","Hawaii","Oahu","50c9509d-22c7-4a22-a47d-8c48425ef4a7",1801687500
"Acacia confusa Merr.","Acacia","confusa","-157.897296","21.399638","USA","Hawaii","Oahu","50c9509d-22c7-4a22-a47d-8c48425ef4a7",1801687500
"Acacia koa A.Gray","Acacia","koa","-155.302997","19.441174","USA","Hawaii",NA,"50c9509d-22c7-4a22-a47d-8c48425ef4a7",11824312500
"Acacia mangium Willd.","Acacia","mangium","-159.385782","22.125731","USA","Hawaii","Kauai","50c9509d-22c7-4a22-a47d-8c48425ef4a7",1683250000
"Acacia koa A.Gray","Acacia","koa","-157.675733","21.295514","USA","Hawaii","Oahu","50c9509d-22c7-4a22-a47d-8c48425ef4a7",1801687500
"Acacia koa A.Gray","Acacia","koa","-158.052558","21.633208","USA","Hawaii","Oahu","50c9509d-22c7-4a22-a47d-8c48425ef4a7",1801687500
"Acacia koa A.Gray","Acacia","koa","-155.302597","19.439041","USA","Hawaii",NA,"50c9509d-22c7-4a22-a47d-8c48425ef4a7",11824312500
"Acacia koa A.Gray","Acacia","koa","-159.54967","22.166014","USA","Hawaii","Kauai","50c9509d-22c7-4a22-a47d-8c48425ef4a7",1683250000
"Acacia koa A.Gray","Acacia","koa","-157.877532","21.40812","USA","Hawaii","Oahu","50c9509d-22c7-4a22-a47d-8c48425ef4a7",1801687500
"Acacia koa A.Gray","Acacia","koa","-159.66075","22.1193","USA","Hawaii","Kauai","50c9509d-22c7-4a22-a47d-8c48425ef4a7",1683250000
"Acacia koa A.Gray","Acacia","koa","-157.744765","21.307487","USA","Hawaii","Oahu","50c9509d-22c7-4a22-a47d-8c48425ef4a7",1801687500
"Acacia koa A.Gray","Acacia","koa","-157.813767","21.3325","USA","Hawaii","Oahu","50c9509d-22c7-4a22-a47d-8c48425ef4a7",1801687500
"Acacia confusa Merr.","Acacia","confusa","-158.182137","21.499388","USA","Hawaii","Oahu","50c9509d-22c7-4a22-a47d-8c48425ef4a7",1801687500
"Acacia koa A.Gray","Acacia","koa","-159.662033","22.071883","USA","Hawaii","Kauai","50c9509d-22c7-4a22-a47d-8c48425ef4a7",1683250000
"Acacia mearnsii De Wild.","Acacia","mearnsii","-159.662033","22.071883","USA","Hawaii","Kauai","50c9509d-22c7-4a22-a47d-8c48425ef4a7",1683250000
"Acacia koa A.Gray","Acacia","koa","-159.667669","22.11305","USA","Hawaii","Kauai","50c9509d-22c7-4a22-a47d-8c48425ef4a7",1683250000
"Acacia koa A.Gray","Acacia","koa","-159.665561","22.11115","USA","Hawaii","Kauai","50c9509d-22c7-4a22-a47d-8c48425ef4a7",1683250000
"Acacia koa A.Gray","Acacia","koa","-159.657","22.130856","USA","Hawaii","Kauai","50c9509d-22c7-4a22-a47d-8c48425ef4a7",1683250000
"Acacia koa A.Gray","Acacia","koa","-159.659639","22.051736","USA","Hawaii","Kauai","50c9509d-22c7-4a22-a47d-8c48425ef4a7",1683250000
"Acacia koa A.Gray","Acacia","koa","-155.46699","19.687865","USA","Hawaii",NA,"50c9509d-22c7-4a22-a47d-8c48425ef4a7",11824312500
"Acacia koa A.Gray","Acacia","koa","-155.467265","19.68816","USA","Hawaii",NA,"50c9509d-22c7-4a22-a47d-8c48425ef4a7",11824312500
"Acacia koa A.Gray","Acacia","koa","-155.467265","19.68816","USA","Hawaii",NA,"50c9509d-22c7-4a22-a47d-8c48425ef4a7",11824312500
"Acacia koa A.Gray","Acacia","koa","-157.760079","21.313875","USA","Hawaii","Oahu","50c9509d-22c7-4a22-a47d-8c48425ef4a7",1801687500
"Acacia koa A.Gray","Acacia","koa","-155.304173","19.4423","USA","Hawaii",NA,"50c9509d-22c7-4a22-a47d-8c48425ef4a7",11824312500
"Acacia koa A.Gray","Acacia","koa","-157.81337","21.339738","USA","Hawaii","Oahu","50c9509d-22c7-4a22-a47d-8c48425ef4a7",1801687500
"Acacia koa A.Gray","Acacia","koa","-155.36683","19.671625","USA","Hawaii",NA,"50c9509d-22c7-4a22-a47d-8c48425ef4a7",11824312500
"Acacia mearnsii De Wild.","Acacia","mearnsii","-159.648768","22.134474","USA","Hawaii","Kauai","50c9509d-22c7-4a22-a47d-8c48425ef4a7",1683250000
"Acacia confusa Merr.","Acacia","confusa","-157.897292","21.39965","USA","Hawaii","Oahu","50c9509d-22c7-4a22-a47d-8c48425ef4a7",1801687500
"Acacia koa A.Gray","Acacia","koa","-155.366931","19.671623","USA","Hawaii",NA,"50c9509d-22c7-4a22-a47d-8c48425ef4a7",11824312500
"Acacia koa A.Gray","Acacia","koaia","-155.608236","20.140579","USA","Hawaii",NA,"50c9509d-22c7-4a22-a47d-8c48425ef4a7",11824312500
"Acacia mearnsii De Wild.","Acacia","mearnsii","-156.337967","20.817345","USA","Hawaii","Maui","50c9509d-22c7-4a22-a47d-8c48425ef4a7",2165812500
"Acacia koa A.Gray","Acacia","koa","-159.65738","22.051112","USA","Hawaii","Kauai","50c9509d-22c7-4a22-a47d-8c48425ef4a7",1683250000
"Acacia koa A.Gray","Acacia","koa","-155.649182","20.035908","USA","Hawaii",NA,"50c9509d-22c7-4a22-a47d-8c48425ef4a7",11824312500
"Acacia koa A.Gray","Acacia","koa","-157.753464","21.317372","USA","Hawaii","Oahu","50c9509d-22c7-4a22-a47d-8c48425ef4a7",1801687500
"Acacia koa A.Gray","Acacia","koa","-155.28128","19.434437","USA","Hawaii",NA,"50c9509d-22c7-4a22-a47d-8c48425ef4a7",11824312500
"Acacia koa A.Gray","Acacia","koa","-155.304627","19.439899","USA","Hawaii",NA,"50c9509d-22c7-4a22-a47d-8c48425ef4a7",11824312500
"Acacia koa A.Gray","Acacia","koa","-159.670314","22.110378","USA","Hawaii","Kauai","50c9509d-22c7-4a22-a47d-8c48425ef4a7",1683250000
"Acacia confusa Merr.","Acacia","confusa","-156.635861","21.009564","USA","Hawaii","Maui","50c9509d-22c7-4a22-a47d-8c48425ef4a7",2165812500
"Acacia koa A.Gray","Acacia","koa","-155.304747","19.439888","USA","Hawaii",NA,"50c9509d-22c7-4a22-a47d-8c48425ef4a7",11824312500
"Acacia confusa Merr.","Acacia","confusa","-157.745558","21.299525","USA","Hawaii","Oahu","50c9509d-22c7-4a22-a47d-8c48425ef4a7",1801687500
"Acacia koa A.Gray","Acacia","koa","-159.659496","22.051386","USA","Hawaii","Kauai","50c9509d-22c7-4a22-a47d-8c48425ef4a7",1683250000
"Acacia confusa Merr.","Acacia","confusa","-157.72584","21.293262","USA","Hawaii","Oahu","50c9509d-22c7-4a22-a47d-8c48425ef4a7",1801687500
"Acacia koa A.Gray","Acacia","koa","-155.239487","19.426022","USA","Hawaii",NA,"50c9509d-22c7-4a22-a47d-8c48425ef4a7",11824312500
"Acacia koa A.Gray","Acacia","koa","-157.790772","21.295642","USA","Hawaii","Oahu","50c9509d-22c7-4a22-a47d-8c48425ef4a7",1801687500
"Acacia koa A.Gray","Acacia","koa","-159.62282","22.128617","USA","Hawaii","Kauai","50c9509d-22c7-4a22-a47d-8c48425ef4a7",1683250000
"Acacia koa A.Gray","Acacia","koa","-159.66382","22.147114","USA","Hawaii","Kauai","50c9509d-22c7-4a22-a47d-8c48425ef4a7",1683250000
"Acacia koa A.Gray","Acacia","koa","-159.666458","22.148495","USA","Hawaii","Kauai","50c9509d-22c7-4a22-a47d-8c48425ef4a7",1683250000
"Acacia koa A.Gray","Acacia","koa","-155.387531","19.66337","USA","Hawaii",NA,"50c9509d-22c7-4a22-a47d-8c48425ef4a7",11824312500
"Acacia koa A.Gray","Acacia","koa","-155.384414","19.675018","USA","Hawaii",NA,"50c9509d-22c7-4a22-a47d-8c48425ef4a7",11824312500
"Acacia koa A.Gray","Acacia","koa","-155.366883","19.671688","USA","Hawaii",NA,"50c9509d-22c7-4a22-a47d-8c48425ef4a7",11824312500
"Acacia confusa Merr.","Acacia","confusa","-159.354905","22.061167","USA","Hawaii","Kauai","50c9509d-22c7-4a22-a47d-8c48425ef4a7",1683250000
"Acacia koa A.Gray","Acacia","koa","-155.299483","19.434862","USA","Hawaii",NA,"50c9509d-22c7-4a22-a47d-8c48425ef4a7",11824312500
"Acacia koa A.Gray","Acacia","koa","-155.304078","19.43973","USA","Hawaii",NA,"50c9509d-22c7-4a22-a47d-8c48425ef4a7",11824312500
"Acacia koa A.Gray","Acacia","koa","-155.30452","19.442167","USA","Hawaii",NA,"50c9509d-22c7-4a22-a47d-8c48425ef4a7",11824312500
"Acacia koa A.Gray","Acacia","koa","-155.30417","19.442437","USA","Hawaii",NA,"50c9509d-22c7-4a22-a47d-8c48425ef4a7",11824312500
"Acacia koa A.Gray","Acacia","koa","-155.303863","19.442587","USA","Hawaii",NA,"50c9509d-22c7-4a22-a47d-8c48425ef4a7",11824312500
"Acacia koa A.Gray","Acacia","koa","-155.302322","19.439922","USA","Hawaii",NA,"50c9509d-22c7-4a22-a47d-8c48425ef4a7",11824312500
"Acacia koa A.Gray","Acacia","koa","-155.33612","19.450222","USA","Hawaii",NA,"50c9509d-22c7-4a22-a47d-8c48425ef4a7",11824312500
"Acacia koa A.Gray","Acacia","koa","-155.337263","19.450438","USA","Hawaii",NA,"50c9509d-22c7-4a22-a47d-8c48425ef4a7",11824312500
"Acacia koa A.Gray","Acacia","koa","-155.384872","19.492337","USA","Hawaii",NA,"50c9509d-22c7-4a22-a47d-8c48425ef4a7",11824312500
"Acacia koa A.Gray","Acacia","koa","-155.287963","19.422547","USA","Hawaii",NA,"50c9509d-22c7-4a22-a47d-8c48425ef4a7",11824312500
"Acacia koa A.Gray","Acacia","koa","-155.303362","19.437287","USA","Hawaii",NA,"50c9509d-22c7-4a22-a47d-8c48425ef4a7",11824312500
"Acacia koa A.Gray","Acacia","koa","-155.298462","19.432608","USA","Hawaii",NA,"50c9509d-22c7-4a22-a47d-8c48425ef4a7",11824312500
"Acacia koa A.Gray","Acacia","koa","-155.28122","19.43448","USA","Hawaii",NA,"50c9509d-22c7-4a22-a47d-8c48425ef4a7",11824312500
"Acacia koa A.Gray","Acacia","koa","-155.482912","19.944822","USA","Hawaii",NA,"50c9509d-22c7-4a22-a47d-8c48425ef4a7",11824312500
"Acacia koa A.Gray","Acacia","koa","-155.445606","19.687174","USA","Hawaii",NA,"50c9509d-22c7-4a22-a47d-8c48425ef4a7",11824312500
"Acacia koa A.Gray","Acacia","koa","-157.893158","21.402706","USA","Hawaii","Oahu","50c9509d-22c7-4a22-a47d-8c48425ef4a7",1801687500
"Acacia confusa Merr.","Acacia","confusa","-157.821586","21.314564","USA","Hawaii","Oahu","50c9509d-22c7-4a22-a47d-8c48425ef4a7",1801687500
"Acacia koa A.Gray","Acacia","koa","-155.306956","19.295548","USA","Hawaii",NA,"50c9509d-22c7-4a22-a47d-8c48425ef4a7",11824312500
"Acacia confusa Merr.","Acacia","confusa","-157.921692","21.606481","USA","Hawaii","Oahu","50c9509d-22c7-4a22-a47d-8c48425ef4a7",1801687500
"Acacia koa A.Gray","Acacia","koa","-155.327203","19.79024","USA","Hawaii",NA,"50c9509d-22c7-4a22-a47d-8c48425ef4a7",11824312500
"Acacia melanoxylon R.Br.","Acacia","melanoxylon","-159.63129","22.132722","USA","Hawaii","Kauai","50c9509d-22c7-4a22-a47d-8c48425ef4a7",1683250000
"Acacia melanoxylon R.Br.","Acacia","melanoxylon","-159.636881","22.132611","USA","Hawaii","Kauai","50c9509d-22c7-4a22-a47d-8c48425ef4a7",1683250000
"Acacia koa A.Gray","Acacia","koa","-159.660121","22.05162","USA","Hawaii","Kauai","50c9509d-22c7-4a22-a47d-8c48425ef4a7",1683250000
"Acacia koa A.Gray","Acacia","koa","-157.699756","21.33643","USA","Hawaii","Oahu","50c9509d-22c7-4a22-a47d-8c48425ef4a7",1801687500
"Acacia koa A.Gray","Acacia","koa","-155.32001","19.78802","USA","Hawaii",NA,"50c9509d-22c7-4a22-a47d-8c48425ef4a7",11824312500
"Acacia koa A.Gray","Acacia","koa","-155.330842","19.790072","USA","Hawaii",NA,"50c9509d-22c7-4a22-a47d-8c48425ef4a7",11824312500
"Acacia koa A.Gray","Acacia","koa","-155.331639","19.790778","USA","Hawaii",NA,"50c9509d-22c7-4a22-a47d-8c48425ef4a7",11824312500
"Acacia koa A.Gray","Acacia","koa","-155.320469","19.788467","USA","Hawaii",NA,"50c9509d-22c7-4a22-a47d-8c48425ef4a7",11824312500
"Acacia koa A.Gray","Acacia","koa","-155.331855","19.790728","USA","Hawaii",NA,"50c9509d-22c7-4a22-a47d-8c48425ef4a7",11824312500
"Acacia koa A.Gray","Acacia","koa","-159.667425","22.034764","USA","Hawaii","Kauai","50c9509d-22c7-4a22-a47d-8c48425ef4a7",1683250000
"Acacia mearnsii De Wild.","Acacia","mearnsii","-159.667425","22.034764","USA","Hawaii","Kauai","50c9509d-22c7-4a22-a47d-8c48425ef4a7",1683250000
"Acacia confusa Merr.","Acacia","confusa","-159.661322","22.048483","USA","Hawaii","Kauai","50c9509d-22c7-4a22-a47d-8c48425ef4a7",1683250000
"Acacia koa A.Gray","Acacia","koa","-159.661322","22.048483","USA","Hawaii","Kauai","50c9509d-22c7-4a22-a47d-8c48425ef4a7",1683250000
"Acacia koa A.Gray","Acacia","koa","-159.661322","22.048483","USA","Hawaii","Kauai","50c9509d-22c7-4a22-a47d-8c48425ef4a7",1683250000
"Acacia koa A.Gray","Acacia","koa","-159.663127","22.126408","USA","Hawaii","Kauai","50c9509d-22c7-4a22-a47d-8c48425ef4a7",1683250000
"Acacia koa A.Gray","Acacia","koa","-159.657837","22.130896","USA","Hawaii","Kauai","50c9509d-22c7-4a22-a47d-8c48425ef4a7",1683250000
"Acacia koa A.Gray","Acacia","koa","-159.631368","22.147352","USA","Hawaii","Kauai","50c9509d-22c7-4a22-a47d-8c48425ef4a7",1683250000
"Acacia mearnsii De Wild.","Acacia","mearnsii","-159.633935","22.131092","USA","Hawaii","Kauai","50c9509d-22c7-4a22-a47d-8c48425ef4a7",1683250000
"Acacia mearnsii De Wild.","Acacia","mearnsii","-159.637663","22.13143","USA","Hawaii","Kauai","50c9509d-22c7-4a22-a47d-8c48425ef4a7",1683250000
"Acacia koa A.Gray","Acacia","koa","-159.659877","22.051422","USA","Hawaii","Kauai","50c9509d-22c7-4a22-a47d-8c48425ef4a7",1683250000
"Acacia koa A.Gray","Acacia","koa","-159.665393","22.071535","USA","Hawaii","Kauai","50c9509d-22c7-4a22-a47d-8c48425ef4a7",1683250000
"Acacia koa A.Gray","Acacia","koa","-155.306866","19.29443","USA","Hawaii",NA,"50c9509d-22c7-4a22-a47d-8c48425ef4a7",11824312500
"Acacia koa A.Gray","Acacia","koa","-159.614533","22.080011","USA","Hawaii","Kauai","50c9509d-22c7-4a22-a47d-8c48425ef4a7",1683250000
"Acacia koa A.Gray","Acacia","koa","-158.194617","21.54429","USA","Hawaii","Oahu","50c9509d-22c7-4a22-a47d-8c48425ef4a7",1801687500
"Acacia koa A.Gray","Acacia","koa","-157.759103","21.346128","USA","Hawaii","Oahu","50c9509d-22c7-4a22-a47d-8c48425ef4a7",1801687500
"Acacia koa A.Gray","Acacia","koa","-157.787129","21.388514","USA","Hawaii","Oahu","50c9509d-22c7-4a22-a47d-8c48425ef4a7",1801687500
"Acacia koa A.Gray","Acacia","koa","-155.303038","19.438383","USA","Hawaii",NA,"50c9509d-22c7-4a22-a47d-8c48425ef4a7",11824312500
"Acacia koa A.Gray","Acacia","koa","-157.781009","21.354023","USA","Hawaii","Oahu","50c9509d-22c7-4a22-a47d-8c48425ef4a7",1801687500
"Acacia koa A.Gray","Acacia","koa","-155.303377","19.43782","USA","Hawaii",NA,"50c9509d-22c7-4a22-a47d-8c48425ef4a7",11824312500
"Acacia koa A.Gray","Acacia","koa","-157.790358","21.32235","USA","Hawaii","Oahu","50c9509d-22c7-4a22-a47d-8c48425ef4a7",1801687500
"Acacia koa A.Gray","Acacia","koa","-157.794395","21.311738","USA","Hawaii","Oahu","50c9509d-22c7-4a22-a47d-8c48425ef4a7",1801687500
"Acacia koa A.Gray","Acacia","koa","-157.78845","21.321644","USA","Hawaii","Oahu","50c9509d-22c7-4a22-a47d-8c48425ef4a7",1801687500
"Acacia koa A.Gray","Acacia","koa","-157.746036","21.296876","USA","Hawaii","Oahu","50c9509d-22c7-4a22-a47d-8c48425ef4a7",1801687500
"Acacia confusa Merr.","Acacia","confusa","-157.861635","21.467816","USA","Hawaii","Oahu","50c9509d-22c7-4a22-a47d-8c48425ef4a7",1801687500
"Acacia koa A.Gray","Acacia","koa","-155.360563","19.47522","USA","Hawaii",NA,"50c9509d-22c7-4a22-a47d-8c48425ef4a7",11824312500
"Acacia koa A.Gray","Acacia","koa","-155.948643","19.725784","USA","Hawaii",NA,"50c9509d-22c7-4a22-a47d-8c48425ef4a7",11824312500
"Acacia koa A.Gray","Acacia","koa","-155.948675","19.72577","USA","Hawaii",NA,"50c9509d-22c7-4a22-a47d-8c48425ef4a7",11824312500
"Acacia koa A.Gray","Acacia","koa","-155.366867","19.671651","USA","Hawaii",NA,"50c9509d-22c7-4a22-a47d-8c48425ef4a7",11824312500
"Acacia koa A.Gray","Acacia","koa","-155.385798","19.492375","USA","Hawaii",NA,"50c9509d-22c7-4a22-a47d-8c48425ef4a7",11824312500
"Acacia koa A.Gray","Acacia","koa","-159.575487","22.218417","USA","Hawaii","Kauai","50c9509d-22c7-4a22-a47d-8c48425ef4a7",1683250000
"Acacia confusa Merr.","Acacia","confusa","-157.916339","21.599844","USA","Hawaii","Oahu","50c9509d-22c7-4a22-a47d-8c48425ef4a7",1801687500
"Acacia confusa Merr.","Acacia","confusa","-157.918031","21.595931","USA","Hawaii","Oahu","50c9509d-22c7-4a22-a47d-8c48425ef4a7",1801687500
"Acacia koa A.Gray","Acacia","koa","-157.70518","21.377358","USA","Hawaii","Oahu","50c9509d-22c7-4a22-a47d-8c48425ef4a7",1801687500
"Acacia koa A.Gray","Acacia","koa","-157.882387","21.40383","USA","Hawaii","Oahu","50c9509d-22c7-4a22-a47d-8c48425ef4a7",1801687500
"Acacia koa A.Gray","Acacia","koa","-157.719705","21.279633","USA","Hawaii","Oahu","50c9509d-22c7-4a22-a47d-8c48425ef4a7",1801687500
"Acacia koa A.Gray","Acacia","koa","-159.661732","22.071641","USA","Hawaii","Kauai","50c9509d-22c7-4a22-a47d-8c48425ef4a7",1683250000
"Acacia koa A.Gray","Acacia","koa","-157.823027","21.329477","USA","Hawaii","Oahu","50c9509d-22c7-4a22-a47d-8c48425ef4a7",1801687500
"Acacia mangium Willd.","Acacia","mangium","-155.051704","19.48771","USA","Hawaii",NA,"14d5676a-2c54-4f94-9023-1e8dcd822aa0",11824312500
"Acacia koa A.Gray","Acacia","koa","-155.367709","19.670635","USA","Hawaii",NA,"50c9509d-22c7-4a22-a47d-8c48425ef4a7",11824312500
"Acacia koa A.Gray","Acacia","koa","-155.366871","19.671656","USA","Hawaii",NA,"50c9509d-22c7-4a22-a47d-8c48425ef4a7",11824312500
"Acacia koa A.Gray","Acacia","koa","-155.46685","19.686314","USA","Hawaii",NA,"50c9509d-22c7-4a22-a47d-8c48425ef4a7",11824312500
"Acacia koa A.Gray","Acacia","koa","-155.295783","19.424835","USA","Hawaii",NA,"50c9509d-22c7-4a22-a47d-8c48425ef4a7",11824312500
"Acacia koa A.Gray","Acacia","koa","-155.327962","19.988136","USA","Hawaii",NA,"50c9509d-22c7-4a22-a47d-8c48425ef4a7",11824312500
"Acacia koa A.Gray","Acacia","koa","-155.696955","19.110163","USA","Hawaii",NA,"50c9509d-22c7-4a22-a47d-8c48425ef4a7",11824312500
"Acacia koa A.Gray","Acacia","koa","-155.695803","19.122546","USA","Hawaii",NA,"50c9509d-22c7-4a22-a47d-8c48425ef4a7",11824312500
"Acacia koa A.Gray","Acacia","koa","-155.687416","19.169076","USA","Hawaii",NA,"50c9509d-22c7-4a22-a47d-8c48425ef4a7",11824312500
"Acacia koa A.Gray","Acacia","koa","-157.99676","21.391585","USA","Hawaii","Oahu","50c9509d-22c7-4a22-a47d-8c48425ef4a7",1801687500
"Acacia confusa Merr.","Acacia","confusa","-157.997891","21.350837","Hawaii","Oahu",NA,"50c9509d-22c7-4a22-a47d-8c48425ef4a7",1801687500
"Acacia koa A.Gray","Acacia","koa","-155.302945","19.437253","USA","Hawaii",NA,"50c9509d-22c7-4a22-a47d-8c48425ef4a7",11824312500
"Acacia koa A.Gray","Acacia","koa","-155.922737","19.717119","USA","Hawaii",NA,"50c9509d-22c7-4a22-a47d-8c48425ef4a7",11824312500
"Acacia koa A.Gray","Acacia","koaia","-155.607516","20.041226","USA","Hawaii",NA,"50c9509d-22c7-4a22-a47d-8c48425ef4a7",11824312500
"Acacia koa A.Gray","Acacia","koaia","-155.684648","20.095234","USA","Hawaii",NA,"50c9509d-22c7-4a22-a47d-8c48425ef4a7",11824312500
"Acacia koa A.Gray","Acacia","koaia","-155.758744","20.027674","USA","Hawaii",NA,"50c9509d-22c7-4a22-a47d-8c48425ef4a7",11824312500
"Acacia mearnsii De Wild.","Acacia","mearnsii","-155.747724","20.06083","USA","Hawaii",NA,"50c9509d-22c7-4a22-a47d-8c48425ef4a7",11824312500
"Acacia koa A.Gray","Acacia","koa","-159.659728","22.051606","USA","Hawaii","Kauai","50c9509d-22c7-4a22-a47d-8c48425ef4a7",1683250000
"Acacia koa A.Gray","Acacia","koa","-155.257797","19.428222","USA","Hawaii",NA,"50c9509d-22c7-4a22-a47d-8c48425ef4a7",11824312500
"Acacia confusa Merr.","Acacia","confusa","-155.1123","19.547373","USA","Hawaii",NA,"50c9509d-22c7-4a22-a47d-8c48425ef4a7",11824312500
"Acacia koa A.Gray","Acacia","koa","-159.680142","22.098758","USA","Hawaii","Kauai","50c9509d-22c7-4a22-a47d-8c48425ef4a7",1683250000
"Acacia mearnsii De Wild.","Acacia","mearnsii","-159.714131","22.141596","USA","Hawaii","Kauai","50c9509d-22c7-4a22-a47d-8c48425ef4a7",1683250000
"Acacia koa A.Gray","Acacia","koa","-159.685983","22.018155","USA","Hawaii","Kauai","50c9509d-22c7-4a22-a47d-8c48425ef4a7",1683250000
"Acacia koa A.Gray","Acacia","koa","-155.387745","19.663867","USA","Hawaii",NA,"50c9509d-22c7-4a22-a47d-8c48425ef4a7",11824312500
"Acacia confusa Merr.","Acacia","confusa","-159.354828","22.061311","USA","Hawaii","Kauai","50c9509d-22c7-4a22-a47d-8c48425ef4a7",1683250000
"Acacia koa A.Gray","Acacia","koa","-155.94818","19.726028","USA","Hawaii",NA,"50c9509d-22c7-4a22-a47d-8c48425ef4a7",11824312500
"Acacia koa A.Gray","Acacia","koa","-159.659133","22.146144","USA","Hawaii","Kauai","50c9509d-22c7-4a22-a47d-8c48425ef4a7",1683250000
"Acacia koa A.Gray","Acacia","koa","-157.917825","21.374203","USA","Hawaii","Oahu","50c9509d-22c7-4a22-a47d-8c48425ef4a7",1801687500
"Acacia koa A.Gray","Acacia","koa","-155.33075","19.790233","USA","Hawaii",NA,"50c9509d-22c7-4a22-a47d-8c48425ef4a7",11824312500
"Acacia koa A.Gray","Acacia","koa","-157.818611","21.331043","USA","Hawaii","Oahu","50c9509d-22c7-4a22-a47d-8c48425ef4a7",1801687500
"Acacia confusa Merr.","Acacia","confusa","-157.73505","21.35199","USA","Hawaii","Oahu","50c9509d-22c7-4a22-a47d-8c48425ef4a7",1801687500
"Acacia confusa Merr.","Acacia","confusa","-157.73322","21.34989","USA","Hawaii","Oahu","50c9509d-22c7-4a22-a47d-8c48425ef4a7",1801687500
"Acacia koa A.Gray","Acacia","koa","-155.956584","19.726343","USA","Hawaii",NA,"50c9509d-22c7-4a22-a47d-8c48425ef4a7",11824312500
"Acacia koa A.Gray","Acacia","koa","-155.956563","19.726708","USA","Hawaii",NA,"50c9509d-22c7-4a22-a47d-8c48425ef4a7",11824312500
"Acacia koa A.Gray","Acacia","koa","-155.950087","19.732035","USA","Hawaii",NA,"50c9509d-22c7-4a22-a47d-8c48425ef4a7",11824312500
"Acacia koa A.Gray","Acacia","koa","-155.949949","19.731745","USA","Hawaii",NA,"50c9509d-22c7-4a22-a47d-8c48425ef4a7",11824312500
"Acacia koa A.Gray","Acacia","koa","-155.949876","19.730266","USA","Hawaii",NA,"50c9509d-22c7-4a22-a47d-8c48425ef4a7",11824312500
"Acacia koa A.Gray","Acacia","koa","-155.948363","19.726818","USA","Hawaii",NA,"50c9509d-22c7-4a22-a47d-8c48425ef4a7",11824312500
"Acacia confusa Merr.","Acacia","confusa","-157.770405","21.292237","USA","Hawaii","Oahu","50c9509d-22c7-4a22-a47d-8c48425ef4a7",1801687500
"Acacia confusa Merr.","Acacia","confusa","-157.76234","21.303117","USA","Hawaii","Oahu","50c9509d-22c7-4a22-a47d-8c48425ef4a7",1801687500
"Acacia confusa Merr.","Acacia","confusa","-157.76225","21.30337","USA","Hawaii","Oahu","50c9509d-22c7-4a22-a47d-8c48425ef4a7",1801687500
"Acacia koa A.Gray","Acacia","koa","-155.239188","19.426258","USA","Hawaii",NA,"50c9509d-22c7-4a22-a47d-8c48425ef4a7",11824312500
"Acacia koa A.Gray","Acacia","koa","-155.239901","19.425618","USA","Hawaii",NA,"50c9509d-22c7-4a22-a47d-8c48425ef4a7",11824312500
"Acacia koa A.Gray","Acacia","koa","-158.031557","21.450756","USA","Hawaii","Oahu","50c9509d-22c7-4a22-a47d-8c48425ef4a7",1801687500
"Acacia koa A.Gray","Acacia","koa","-155.330894","19.790167","USA","Hawaii",NA,"50c9509d-22c7-4a22-a47d-8c48425ef4a7",11824312500
"Acacia koa A.Gray","Acacia","koa","-155.736978","20.047819","USA","Hawaii",NA,"50c9509d-22c7-4a22-a47d-8c48425ef4a7",11824312500
"Acacia koa A.Gray","Acacia","koa","-155.304897","19.44025","USA","Hawaii",NA,"50c9509d-22c7-4a22-a47d-8c48425ef4a7",11824312500
"Acacia koa A.Gray","Acacia","koa","-159.660571","22.052344","USA","Hawaii","Kauai","50c9509d-22c7-4a22-a47d-8c48425ef4a7",1683250000
"Acacia confusa Merr.","Acacia","confusa","-157.762253","21.302563","USA","Hawaii","Oahu","50c9509d-22c7-4a22-a47d-8c48425ef4a7",1801687500
"Acacia confusa Merr.","Acacia","confusa","-157.762572","21.29975","USA","Hawaii","Oahu","50c9509d-22c7-4a22-a47d-8c48425ef4a7",1801687500
"Acacia confusa Merr.","Acacia","confusa","-157.784683","21.298662","USA","Hawaii","Oahu","50c9509d-22c7-4a22-a47d-8c48425ef4a7",1801687500
"Acacia confusa Merr.","Acacia","confusa","-157.767363","21.28092","USA","Hawaii","Oahu","50c9509d-22c7-4a22-a47d-8c48425ef4a7",1801687500
"Acacia confusa Merr.","Acacia","confusa","-157.808992","21.407522","USA","Hawaii","Oahu","50c9509d-22c7-4a22-a47d-8c48425ef4a7",1801687500
"Acacia confusa Merr.","Acacia","confusa","-159.354828","22.061328","USA","Hawaii","Kauai","50c9509d-22c7-4a22-a47d-8c48425ef4a7",1683250000
"Acacia confusa Merr.","Acacia","confusa","-157.91992","21.60802","USA","Hawaii","Oahu","50c9509d-22c7-4a22-a47d-8c48425ef4a7",1801687500
"Acacia koa A.Gray","Acacia","koa","-159.669689","22.109294","USA","Hawaii","Kauai","50c9509d-22c7-4a22-a47d-8c48425ef4a7",1683250000
"Acacia mearnsii De Wild.","Acacia","mearnsii","-159.664836","22.04667","USA","Hawaii","Kauai","50c9509d-22c7-4a22-a47d-8c48425ef4a7",1683250000
"Acacia koa A.Gray","Acacia","koa","-158.145547","21.571445","USA","Hawaii","Oahu","50c9509d-22c7-4a22-a47d-8c48425ef4a7",1801687500
"Acacia koa A.Gray","Acacia","koa","-155.253317","19.405292","USA","Hawaii",NA,"50c9509d-22c7-4a22-a47d-8c48425ef4a7",11824312500
"Acacia koa A.Gray","Acacia","koa","-155.253317","19.405292","USA","Hawaii",NA,"50c9509d-22c7-4a22-a47d-8c48425ef4a7",11824312500
"Acacia mearnsii De Wild.","Acacia","mearnsii","-156.33769","20.736479","USA","Hawaii","Maui","50c9509d-22c7-4a22-a47d-8c48425ef4a7",2165812500
"Acacia koa A.Gray","Acacia","koa","-155.272809","19.431019","USA","Hawaii",NA,"50c9509d-22c7-4a22-a47d-8c48425ef4a7",11824312500
"Acacia mearnsii De Wild.","Acacia","mearnsii","-156.323542","20.737401","USA","Hawaii","Maui","50c9509d-22c7-4a22-a47d-8c48425ef4a7",2165812500
"Acacia mearnsii De Wild.","Acacia","mearnsii","-156.285727","20.804294","USA","Hawaii","Maui","50c9509d-22c7-4a22-a47d-8c48425ef4a7",2165812500
"Acacia confusa Merr.","Acacia","confusa","-157.705124","21.316841","USA","Hawaii","Oahu","50c9509d-22c7-4a22-a47d-8c48425ef4a7",1801687500
"Acacia koa A.Gray","Acacia","koa","-155.91978","19.474814","USA","Hawaii",NA,"50c9509d-22c7-4a22-a47d-8c48425ef4a7",11824312500
"Acacia koa A.Gray","Acacia","koa","-155.678437","19.064128","USA","Hawaii",NA,"50c9509d-22c7-4a22-a47d-8c48425ef4a7",11824312500
"Acacia koa A.Gray","Acacia","koa","-157.88231","21.403407","USA","Hawaii","Oahu","50c9509d-22c7-4a22-a47d-8c48425ef4a7",1801687500
"Acacia koa A.Gray","Acacia","koa","-155.413954","19.666964","USA","Hawaii",NA,"50c9509d-22c7-4a22-a47d-8c48425ef4a7",11824312500
"Acacia koa A.Gray","Acacia","koa","-155.285729","19.500073","USA","Hawaii",NA,"50c9509d-22c7-4a22-a47d-8c48425ef4a7",11824312500
"Acacia confusa Merr.","Acacia","confusa","-157.897204","21.399573","USA","Hawaii","Oahu","50c9509d-22c7-4a22-a47d-8c48425ef4a7",1801687500
"Acacia confusa Merr.","Acacia","confusa","-157.818924","21.314457","USA","Hawaii","Oahu","50c9509d-22c7-4a22-a47d-8c48425ef4a7",1801687500
"Acacia koa A.Gray","Acacia","koa","-155.552573","19.617231","USA","Hawaii",NA,"50c9509d-22c7-4a22-a47d-8c48425ef4a7",11824312500
"Acacia koa A.Gray","Acacia","koa","-155.552573","19.617231","USA","Hawaii",NA,"50c9509d-22c7-4a22-a47d-8c48425ef4a7",11824312500
"Acacia koa A.Gray","Acacia","koa","-155.255006","19.405236","USA","Hawaii",NA,"50c9509d-22c7-4a22-a47d-8c48425ef4a7",11824312500
"Acacia mearnsii De Wild.","Acacia","mearnsii","-155.673478","20.020122","USA","Hawaii",NA,"50c9509d-22c7-4a22-a47d-8c48425ef4a7",11824312500
"Acacia confusa Merr.","Acacia","confusa","-157.73679","21.35377","USA","Hawaii","Oahu","50c9509d-22c7-4a22-a47d-8c48425ef4a7",1801687500
"Acacia confusa Merr.","Acacia","confusa","-157.73663","21.35423","USA","Hawaii","Oahu","50c9509d-22c7-4a22-a47d-8c48425ef4a7",1801687500
"Acacia mearnsii De Wild.","Acacia","mearnsii","-159.672294","22.027918","USA","Hawaii","Kauai","50c9509d-22c7-4a22-a47d-8c48425ef4a7",1683250000
"Acacia koa A.Gray","Acacia","koa","-159.664862","22.036826","USA","Hawaii","Kauai","50c9509d-22c7-4a22-a47d-8c48425ef4a7",1683250000
"Acacia koa A.Gray","Acacia","koa","-159.662497","22.042672","USA","Hawaii","Kauai","50c9509d-22c7-4a22-a47d-8c48425ef4a7",1683250000
"Acacia koa A.Gray","Acacia","koa","-159.658143","22.049157","USA","Hawaii","Kauai","50c9509d-22c7-4a22-a47d-8c48425ef4a7",1683250000
"Acacia koa A.Gray","Acacia","koa","-159.66579","22.075604","USA","Hawaii","Kauai","50c9509d-22c7-4a22-a47d-8c48425ef4a7",1683250000
"Acacia mearnsii De Wild.","Acacia","mearnsii","-159.665472","22.075785","USA","Hawaii","Kauai","50c9509d-22c7-4a22-a47d-8c48425ef4a7",1683250000
"Acacia mearnsii De Wild.","Acacia","mearnsii","-159.67426","22.030134","USA","Hawaii","Kauai","50c9509d-22c7-4a22-a47d-8c48425ef4a7",1683250000
"Acacia confusa Merr.","Acacia","confusa","-155.693542","20.030981","USA","Hawaii",NA,"50c9509d-22c7-4a22-a47d-8c48425ef4a7",11824312500
"Acacia koa A.Gray","Acacia","koa","-155.737","20.04785","USA","Hawaii",NA,"50c9509d-22c7-4a22-a47d-8c48425ef4a7",11824312500
"Acacia koa A.Gray","Acacia","koa","-155.301691","19.440244","USA","Hawaii",NA,"50c9509d-22c7-4a22-a47d-8c48425ef4a7",11824312500
"Acacia koa A.Gray","Acacia","koa","-155.307071","19.294882","USA","Hawaii",NA,"50c9509d-22c7-4a22-a47d-8c48425ef4a7",11824312500
"Acacia confusa Merr.","Acacia","confusa","-157.919795","21.611792","USA","Hawaii","Oahu","50c9509d-22c7-4a22-a47d-8c48425ef4a7",1801687500
"Acacia koa A.Gray","Acacia","koa","-159.669595","22.109418","USA","Hawaii","Kauai","50c9509d-22c7-4a22-a47d-8c48425ef4a7",1683250000
"Acacia confusa Merr.","Acacia","confusa","-157.73466","21.35478","USA","Hawaii","Oahu","50c9509d-22c7-4a22-a47d-8c48425ef4a7",1801687500
"Acacia mearnsii De Wild.","Acacia","mearnsii","-159.661713","22.071594","USA","Hawaii","Kauai","50c9509d-22c7-4a22-a47d-8c48425ef4a7",1683250000
"Acacia koa A.Gray","Acacia","koa","-159.656995","22.076293","USA","Hawaii","Kauai","50c9509d-22c7-4a22-a47d-8c48425ef4a7",1683250000
"Acacia koa A.Gray","Acacia","koa","-155.259078","19.430155","USA","Hawaii",NA,"50c9509d-22c7-4a22-a47d-8c48425ef4a7",11824312500
"Acacia koa A.Gray","Acacia","koa","-155.253905","19.405167","USA","Hawaii",NA,"50c9509d-22c7-4a22-a47d-8c48425ef4a7",11824312500
"Acacia koa A.Gray","Acacia","koa","-155.467","19.687","USA","Hawaii",NA,"50c9509d-22c7-4a22-a47d-8c48425ef4a7",11824312500
"Acacia koa A.Gray","Acacia","koa","-159.593017","22.212008","USA","Hawaii","Kauai","50c9509d-22c7-4a22-a47d-8c48425ef4a7",1683250000
"Acacia auriculiformis A.Cunn. ex Benth.","Acacia","auriculiformis","-159.6624","22.071322","USA","Hawaii","Kauai","7a3679ef-5582-4aaa-81f0-8c2545cafc81",1683250000
"Acacia koa A.Gray","Acacia","koa","-155.273254","19.431034","USA","Hawaii",NA,"50c9509d-22c7-4a22-a47d-8c48425ef4a7",11824312500
"Acacia koa A.Gray","Acacia","koa","-159.725147","21.974379","Hawaii","Kauai",NA,"50c9509d-22c7-4a22-a47d-8c48425ef4a7",1683250000
"Acacia koa A.Gray","Acacia","koa","-157.818817","21.332425","USA","Hawaii","Oahu","50c9509d-22c7-4a22-a47d-8c48425ef4a7",1801687500
"Acacia koa A.Gray","Acacia","koa","-157.817458","21.332575","USA","Hawaii","Oahu","50c9509d-22c7-4a22-a47d-8c48425ef4a7",1801687500
"Acacia koa A.Gray","Acacia","koa","-157.814955","21.332928","USA","Hawaii","Oahu","50c9509d-22c7-4a22-a47d-8c48425ef4a7",1801687500
"Acacia koa A.Gray","Acacia","koaia","-155.715618","20.135665","USA","Hawaii",NA,"50c9509d-22c7-4a22-a47d-8c48425ef4a7",11824312500
"Acacia melanoxylon R.Br.","Acacia","melanoxylon","-159.713559","22.142808","USA","Hawaii","Kauai","50c9509d-22c7-4a22-a47d-8c48425ef4a7",1683250000
"Acacia mearnsii De Wild.","Acacia","mearnsii","-159.667068","22.036287","USA","Hawaii","Kauai","50c9509d-22c7-4a22-a47d-8c48425ef4a7",1683250000
"Acacia koa A.Gray","Acacia","koa","-159.668942","22.111481","USA","Hawaii","Kauai","50c9509d-22c7-4a22-a47d-8c48425ef4a7",1683250000
"Acacia koa A.Gray","Acacia","koa","-155.079146","19.394052","USA","Hawaii",NA,"50c9509d-22c7-4a22-a47d-8c48425ef4a7",11824312500
"Acacia koa A.Gray","Acacia","koa","-155.690348","19.100852","USA","Hawaii",NA,"50c9509d-22c7-4a22-a47d-8c48425ef4a7",11824312500
"Acacia koa A.Gray","Acacia","koa","-155.687444","19.107701","USA","Hawaii",NA,"50c9509d-22c7-4a22-a47d-8c48425ef4a7",11824312500
"Acacia koa A.Gray","Acacia","koa","-155.367821","19.671565","USA","Hawaii",NA,"50c9509d-22c7-4a22-a47d-8c48425ef4a7",11824312500
"Acacia koa A.Gray","Acacia","koa","-155.274855","19.431499","USA","Hawaii",NA,"50c9509d-22c7-4a22-a47d-8c48425ef4a7",11824312500
"Acacia koa A.Gray","Acacia","koa","-155.256139","19.422582","USA","Hawaii",NA,"50c9509d-22c7-4a22-a47d-8c48425ef4a7",11824312500
"Acacia koa A.Gray","Acacia","koa","-159.669358","22.108897","USA","Hawaii","Kauai","50c9509d-22c7-4a22-a47d-8c48425ef4a7",1683250000
"Acacia koa A.Gray","Acacia","koa","-159.661925","22.071933","USA","Hawaii","Kauai","50c9509d-22c7-4a22-a47d-8c48425ef4a7",1683250000
"Acacia koa A.Gray","Acacia","koa","-155.33612","19.790975","USA","Hawaii",NA,"50c9509d-22c7-4a22-a47d-8c48425ef4a7",11824312500
"Acacia koa A.Gray","Acacia","koa","-155.301715","19.442963","USA","Hawaii",NA,"7a3679ef-5582-4aaa-81f0-8c2545cafc81",11824312500
"Acacia koa A.Gray","Acacia","koa","-158.041117","21.513199","USA","Hawaii","Oahu","50c9509d-22c7-4a22-a47d-8c48425ef4a7",1801687500
"Acacia confusa Merr.","Acacia","confusa","-157.773762","21.375106","USA","Hawaii","Oahu","50c9509d-22c7-4a22-a47d-8c48425ef4a7",1801687500
"Acacia koa A.Gray","Acacia","koaia","-155.763008","20.020393","USA","Hawaii",NA,"50c9509d-22c7-4a22-a47d-8c48425ef4a7",11824312500
"Acacia koa A.Gray","Acacia","koaia","-155.761671","20.163502","USA","Hawaii",NA,"50c9509d-22c7-4a22-a47d-8c48425ef4a7",11824312500
"Acacia mearnsii De Wild.","Acacia","mearnsii","-155.672706","20.019278","USA","Hawaii",NA,"50c9509d-22c7-4a22-a47d-8c48425ef4a7",11824312500
"Acacia koa A.Gray","Acacia","koa","-155.257656","19.428435","USA","Hawaii",NA,"50c9509d-22c7-4a22-a47d-8c48425ef4a7",11824312500
"Acacia koa A.Gray","Acacia","koa","-155.950031","19.731672","USA","Hawaii",NA,"50c9509d-22c7-4a22-a47d-8c48425ef4a7",11824312500
"Acacia koa A.Gray","Acacia","koa","-157.936447","21.533122","USA","Hawaii","Oahu","50c9509d-22c7-4a22-a47d-8c48425ef4a7",1801687500
"Acacia koa A.Gray","Acacia","koa","-157.946487","21.530455","USA","Hawaii","Oahu","50c9509d-22c7-4a22-a47d-8c48425ef4a7",1801687500
"Acacia koa A.Gray","Acacia","koa","-155.273394","19.431309","USA","Hawaii",NA,"50c9509d-22c7-4a22-a47d-8c48425ef4a7",11824312500
"Acacia koa A.Gray","Acacia","koa","-155.344532","19.454962","USA","Hawaii",NA,"50c9509d-22c7-4a22-a47d-8c48425ef4a7",11824312500
"Acacia confusa Merr.","Acacia","confusa","-157.821397","21.314697","USA","Hawaii","Oahu","50c9509d-22c7-4a22-a47d-8c48425ef4a7",1801687500
"Acacia confusa Merr.","Acacia","confusa","-159.354883","22.065786","USA","Hawaii","Kauai","50c9509d-22c7-4a22-a47d-8c48425ef4a7",1683250000
"Acacia koa A.Gray","Acacia","koa","-157.893356","21.402716","USA","Hawaii","Oahu","50c9509d-22c7-4a22-a47d-8c48425ef4a7",1801687500
"Acacia koa A.Gray","Acacia","koa","-157.878036","21.407662","USA","Hawaii","Oahu","50c9509d-22c7-4a22-a47d-8c48425ef4a7",1801687500
"Acacia mearnsii De Wild.","Acacia","mearnsii","-155.665978","20.019368","USA","Hawaii",NA,"50c9509d-22c7-4a22-a47d-8c48425ef4a7",11824312500
"Acacia confusa Merr.","Acacia","confusa","-157.829712","21.338333","USA","Hawaii","Oahu","50c9509d-22c7-4a22-a47d-8c48425ef4a7",1801687500
"Acacia koa A.Gray","Acacia","koaia","-155.731944","20.087449","USA","Hawaii",NA,"50c9509d-22c7-4a22-a47d-8c48425ef4a7",11824312500
"Acacia confusa Merr.","Acacia","confusa","-157.902717","21.39811","USA","Hawaii","Oahu","50c9509d-22c7-4a22-a47d-8c48425ef4a7",1801687500
"Acacia koa A.Gray","Acacia","koaia","-155.756849","19.907446","USA","Hawaii",NA,"50c9509d-22c7-4a22-a47d-8c48425ef4a7",11824312500
"Acacia koa A.Gray","Acacia","koa","-155.32733","19.791638","USA","Hawaii",NA,"50c9509d-22c7-4a22-a47d-8c48425ef4a7",11824312500
"Acacia koa A.Gray","Acacia","koa","-155.265428","19.403758","USA","Hawaii",NA,"50c9509d-22c7-4a22-a47d-8c48425ef4a7",11824312500
"Acacia confusa Merr.","Acacia","confusa","-157.74573","21.34508","USA","Hawaii","Oahu","50c9509d-22c7-4a22-a47d-8c48425ef4a7",1801687500
"Acacia confusa Merr.","Acacia","confusa","-157.74434","21.34351","USA","Hawaii","Oahu","50c9509d-22c7-4a22-a47d-8c48425ef4a7",1801687500
"Acacia koa A.Gray","Acacia","koa","-155.466788","19.688204","USA","Hawaii",NA,"50c9509d-22c7-4a22-a47d-8c48425ef4a7",11824312500
"Acacia koa A.Gray","Acacia","koa","-155.466846","19.68822","USA","Hawaii",NA,"50c9509d-22c7-4a22-a47d-8c48425ef4a7",11824312500
"Acacia koa A.Gray","Acacia","koa","-155.922887","19.715247","USA","Hawaii",NA,"50c9509d-22c7-4a22-a47d-8c48425ef4a7",11824312500
"Acacia koa A.Gray","Acacia","koa","-155.922724","19.715644","USA","Hawaii",NA,"50c9509d-22c7-4a22-a47d-8c48425ef4a7",11824312500
"Acacia confusa Merr.","Acacia","confusa","-157.722612","21.336382","USA","Hawaii","Oahu","50c9509d-22c7-4a22-a47d-8c48425ef4a7",1801687500
"Acacia koa A.Gray","Acacia","koa","-157.79045","21.316494","USA","Hawaii","Oahu","50c9509d-22c7-4a22-a47d-8c48425ef4a7",1801687500
"Acacia koa A.Gray","Acacia","koa","-155.38594","19.49224","USA","Hawaii",NA,"50c9509d-22c7-4a22-a47d-8c48425ef4a7",11824312500
"Acacia confusa Merr.","Acacia","confusa","-157.721597","21.308892","USA","Hawaii","Oahu","50c9509d-22c7-4a22-a47d-8c48425ef4a7",1801687500
"Acacia koa A.Gray","Acacia","koa","-159.413477","22.052074","USA","Hawaii","Kauai","50c9509d-22c7-4a22-a47d-8c48425ef4a7",1683250000
"Acacia koa A.Gray","Acacia","koa","-155.466897","19.686472","USA","Hawaii",NA,"50c9509d-22c7-4a22-a47d-8c48425ef4a7",11824312500
"Acacia koa A.Gray","Acacia","koa","-157.78949","21.319","USA","Hawaii","Oahu","50c9509d-22c7-4a22-a47d-8c48425ef4a7",1801687500
"Acacia koa A.Gray","Acacia","koa","-155.327788","19.791467","USA","Hawaii",NA,"50c9509d-22c7-4a22-a47d-8c48425ef4a7",11824312500
"Acacia koa A.Gray","Acacia","koa","-155.387388","19.663162","USA","Hawaii",NA,"50c9509d-22c7-4a22-a47d-8c48425ef4a7",11824312500
"Acacia koa A.Gray","Acacia","koa","-155.259155","19.430505","USA","Hawaii",NA,"50c9509d-22c7-4a22-a47d-8c48425ef4a7",11824312500
"Acacia koa A.Gray","Acacia","koa","-157.882097","21.405331","USA","Hawaii","Oahu","50c9509d-22c7-4a22-a47d-8c48425ef4a7",1801687500
"Acacia koa A.Gray","Acacia","koa","-156.226718","20.812946","USA","Hawaii","Maui","50c9509d-22c7-4a22-a47d-8c48425ef4a7",2165812500
"Acacia koa A.Gray","Acacia","koaia","-155.701755","19.929531","USA","Hawaii",NA,"50c9509d-22c7-4a22-a47d-8c48425ef4a7",11824312500
"Acacia koa A.Gray","Acacia","koa","-155.331092","19.790117","USA","Hawaii",NA,"50c9509d-22c7-4a22-a47d-8c48425ef4a7",11824312500
"Acacia koa A.Gray","Acacia","koa","-155.330297","19.790315","USA","Hawaii",NA,"50c9509d-22c7-4a22-a47d-8c48425ef4a7",11824312500
"Acacia koa A.Gray","Acacia","koa","-155.556716","20.052669","USA","Hawaii",NA,"50c9509d-22c7-4a22-a47d-8c48425ef4a7",11824312500
"Acacia koa A.Gray","Acacia","koaia","-155.623483","19.949138","USA","Hawaii",NA,"50c9509d-22c7-4a22-a47d-8c48425ef4a7",11824312500
"Acacia koa A.Gray","Acacia","koa","-155.321331","19.79298","USA","Hawaii",NA,"50c9509d-22c7-4a22-a47d-8c48425ef4a7",11824312500
"Acacia koa A.Gray","Acacia","koa","-155.386291","19.669059","USA","Hawaii",NA,"50c9509d-22c7-4a22-a47d-8c48425ef4a7",11824312500
"Acacia koa A.Gray","Acacia","koa","-155.386291","19.669059","USA","Hawaii",NA,"50c9509d-22c7-4a22-a47d-8c48425ef4a7",11824312500
"Acacia koa A.Gray","Acacia","koa","-159.662462","22.071536","USA","Hawaii","Kauai","50c9509d-22c7-4a22-a47d-8c48425ef4a7",1683250000
"Acacia mearnsii De Wild.","Acacia","mearnsii","-159.662338","22.071578","USA","Hawaii","Kauai","50c9509d-22c7-4a22-a47d-8c48425ef4a7",1683250000
"Acacia koa A.Gray","Acacia","koa","-157.897599","21.399673","USA","Hawaii","Oahu","50c9509d-22c7-4a22-a47d-8c48425ef4a7",1801687500
"Acacia koa A.Gray","Acacia","koa","-157.897411","21.399593","USA","Hawaii","Oahu","50c9509d-22c7-4a22-a47d-8c48425ef4a7",1801687500
"Acacia koa A.Gray","Acacia","koa","-157.982727","21.420834","USA","Hawaii","Oahu","50c9509d-22c7-4a22-a47d-8c48425ef4a7",1801687500
"Acacia confusa Merr.","Acacia","confusa","-157.821713","21.314517","USA","Hawaii","Oahu","50c9509d-22c7-4a22-a47d-8c48425ef4a7",1801687500
"Acacia koa A.Gray","Acacia","koa","-155.330825","19.790255","USA","Hawaii",NA,"50c9509d-22c7-4a22-a47d-8c48425ef4a7",11824312500
"Acacia mearnsii De Wild.","Acacia","mearnsii","-159.661697","22.071731","USA","Hawaii","Kauai","50c9509d-22c7-4a22-a47d-8c48425ef4a7",1683250000
"Acacia koa A.Gray","Acacia","koaia","-155.739438","20.088707","USA","Hawaii",NA,"50c9509d-22c7-4a22-a47d-8c48425ef4a7",11824312500
"Acacia confusa Merr.","Acacia","confusa","-159.354858","22.061371","USA","Hawaii","Kauai","50c9509d-22c7-4a22-a47d-8c48425ef4a7",1683250000
"Acacia koa A.Gray","Acacia","koa","-159.738702","22.059159","USA","Hawaii","Kauai","50c9509d-22c7-4a22-a47d-8c48425ef4a7",1683250000
"Acacia koa A.Gray","Acacia","koa","-159.666405","22.085376","USA","Hawaii","Kauai","50c9509d-22c7-4a22-a47d-8c48425ef4a7",1683250000
"Acacia koa A.Gray","Acacia","koa","-155.292573","19.6832","USA","Hawaii",NA,"50c9509d-22c7-4a22-a47d-8c48425ef4a7",11824312500
"Acacia koa A.Gray","Acacia","koa","-155.922557","19.717622","USA","Hawaii",NA,"50c9509d-22c7-4a22-a47d-8c48425ef4a7",11824312500
"Acacia koa A.Gray","Acacia","koa","-159.753765","22.014508","USA","Hawaii","Kauai","50c9509d-22c7-4a22-a47d-8c48425ef4a7",1683250000
"Acacia koa A.Gray","Acacia","koa","-155.385513","19.4927","USA","Hawaii",NA,"50c9509d-22c7-4a22-a47d-8c48425ef4a7",11824312500
"Acacia koa A.Gray","Acacia","koa","-155.385803","19.492412","USA","Hawaii",NA,"50c9509d-22c7-4a22-a47d-8c48425ef4a7",11824312500
"Acacia koa A.Gray","Acacia","koa","-155.38565","19.492553","USA","Hawaii",NA,"50c9509d-22c7-4a22-a47d-8c48425ef4a7",11824312500
"Acacia koa A.Gray","Acacia","koa","-159.665572","22.11115","USA","Hawaii","Kauai","50c9509d-22c7-4a22-a47d-8c48425ef4a7",1683250000
"Acacia koa A.Gray","Acacia","koa","-155.695152","19.11222","USA","Hawaii",NA,"50c9509d-22c7-4a22-a47d-8c48425ef4a7",11824312500
"Acacia koa A.Gray","Acacia","koa","-155.695175","19.112553","USA","Hawaii",NA,"50c9509d-22c7-4a22-a47d-8c48425ef4a7",11824312500
"Acacia koa A.Gray","Acacia","koa","-155.387576","19.663153","USA","Hawaii",NA,"50c9509d-22c7-4a22-a47d-8c48425ef4a7",11824312500
"Acacia koa A.Gray","Acacia","koa","-155.69182","19.130506","USA","Hawaii",NA,"50c9509d-22c7-4a22-a47d-8c48425ef4a7",11824312500
"Acacia koa A.Gray","Acacia","koa","-157.879105","21.407208","USA","Hawaii","Oahu","50c9509d-22c7-4a22-a47d-8c48425ef4a7",1801687500
"Acacia koa A.Gray","Acacia","koa","-157.879395","21.407125","USA","Hawaii","Oahu","50c9509d-22c7-4a22-a47d-8c48425ef4a7",1801687500
"Acacia koa A.Gray","Acacia","koa","-155.302047","19.440237","USA","Hawaii",NA,"50c9509d-22c7-4a22-a47d-8c48425ef4a7",11824312500
"Acacia koa A.Gray","Acacia","koa","-157.863998","21.380211","USA","Hawaii","Oahu","50c9509d-22c7-4a22-a47d-8c48425ef4a7",1801687500
"Acacia koa A.Gray","Acacia","koa","-155.385831","19.492251","USA","Hawaii",NA,"50c9509d-22c7-4a22-a47d-8c48425ef4a7",11824312500
"Acacia koa A.Gray","Acacia","koa","-157.773158","21.325128","USA","Hawaii","Oahu","50c9509d-22c7-4a22-a47d-8c48425ef4a7",1801687500
"Acacia koa A.Gray","Acacia","koa","-155.947214","19.722479","USA","Hawaii",NA,"50c9509d-22c7-4a22-a47d-8c48425ef4a7",11824312500
"Acacia koa A.Gray","Acacia","koa","-155.737672","20.048625","USA","Hawaii",NA,"50c9509d-22c7-4a22-a47d-8c48425ef4a7",11824312500
"Acacia koa A.Gray","Acacia","koaia","-155.635442","20.00322","USA","Hawaii",NA,"50c9509d-22c7-4a22-a47d-8c48425ef4a7",11824312500
"Acacia confusa Merr.","Acacia","confusa","-158.05652","21.642127","USA","Hawaii","Oahu","50c9509d-22c7-4a22-a47d-8c48425ef4a7",1801687500
"Acacia koa A.Gray","Acacia","koa","-159.665933","22.077221","USA","Hawaii","Kauai","50c9509d-22c7-4a22-a47d-8c48425ef4a7",1683250000
"Acacia koa A.Gray","Acacia","koa","-158.041214","21.513107","USA","Hawaii","Oahu","50c9509d-22c7-4a22-a47d-8c48425ef4a7",1801687500
"Acacia koa A.Gray","Acacia","koa","-159.648282","22.144321","USA","Hawaii","Kauai","50c9509d-22c7-4a22-a47d-8c48425ef4a7",1683250000
"Acacia confusa Merr.","Acacia","confusa","-156.650329","21.003987","USA","Hawaii","Maui","50c9509d-22c7-4a22-a47d-8c48425ef4a7",2165812500
"Acacia koa A.Gray","Acacia","koaia","-155.609609","20.135903","USA","Hawaii",NA,"50c9509d-22c7-4a22-a47d-8c48425ef4a7",11824312500
"Acacia koa A.Gray","Acacia","koa","-159.770195","22.012684","Hawaii","Kauai",NA,"50c9509d-22c7-4a22-a47d-8c48425ef4a7",1683250000
"Acacia koa A.Gray","Acacia","koa","-155.737087","20.049104","USA","Hawaii",NA,"50c9509d-22c7-4a22-a47d-8c48425ef4a7",11824312500
"Acacia koa A.Gray","Acacia","koa","-159.661993","22.071881","USA","Hawaii","Kauai","50c9509d-22c7-4a22-a47d-8c48425ef4a7",1683250000
"Acacia mearnsii De Wild.","Acacia","mearnsii","-159.661951","22.071999","USA","Hawaii","Kauai","50c9509d-22c7-4a22-a47d-8c48425ef4a7",1683250000
"Acacia koa A.Gray","Acacia","koa","-159.647463","22.045187","USA","Hawaii","Kauai","50c9509d-22c7-4a22-a47d-8c48425ef4a7",1683250000
"Acacia koa A.Gray","Acacia","koa","-159.658905","22.051925","USA","Hawaii","Kauai","50c9509d-22c7-4a22-a47d-8c48425ef4a7",1683250000
"Acacia mearnsii De Wild.","Acacia","mearnsii","-159.66195","22.071992","USA","Hawaii","Kauai","50c9509d-22c7-4a22-a47d-8c48425ef4a7",1683250000
"Acacia koa A.Gray","Acacia","koa","-159.647463","22.045181","USA","Hawaii","Kauai","50c9509d-22c7-4a22-a47d-8c48425ef4a7",1683250000
"Acacia mearnsii De Wild.","Acacia","mearnsii","-159.66195","22.071992","USA","Hawaii","Kauai","50c9509d-22c7-4a22-a47d-8c48425ef4a7",1683250000
"Acacia koa A.Gray","Acacia","koa","-159.661978","22.07187","USA","Hawaii","Kauai","50c9509d-22c7-4a22-a47d-8c48425ef4a7",1683250000
"Acacia koa A.Gray","Acacia","koa","-159.593812","22.21127","USA","Hawaii","Kauai","50c9509d-22c7-4a22-a47d-8c48425ef4a7",1683250000
"Acacia koa A.Gray","Acacia","koa","-159.669358","22.109031","USA","Hawaii","Kauai","50c9509d-22c7-4a22-a47d-8c48425ef4a7",1683250000
"Acacia koa A.Gray","Acacia","koa","-159.659745","22.051686","USA","Hawaii","Kauai","50c9509d-22c7-4a22-a47d-8c48425ef4a7",1683250000
"Acacia confusa Merr.","Acacia","confusa","-157.186701","21.145574","USA","Hawaii","Molokai","50c9509d-22c7-4a22-a47d-8c48425ef4a7",780312500
"Acacia mangium Willd.","Acacia","mangium","-157.097284","21.146565","USA","Hawaii","Molokai","50c9509d-22c7-4a22-a47d-8c48425ef4a7",780312500
"Acacia confusa Merr.","Acacia","confusa","-157.032948","21.153203","USA","Hawaii","Molokai","50c9509d-22c7-4a22-a47d-8c48425ef4a7",780312500
"Acacia confusa Merr.","Acacia","confusa","-156.733391","21.127987","USA","Hawaii","Molokai","50c9509d-22c7-4a22-a47d-8c48425ef4a7",780312500
"Acacia confusa Merr.","Acacia","confusa","-157.011685","21.134452","USA","Hawaii","Molokai","50c9509d-22c7-4a22-a47d-8c48425ef4a7",780312500
"Acacia confusa Merr.","Acacia","confusa","-157.000657","21.132507","USA","Hawaii","Molokai","50c9509d-22c7-4a22-a47d-8c48425ef4a7",780312500
"Acacia confusa Merr.","Acacia","confusa","-156.992884","21.13449","USA","Hawaii","Molokai","50c9509d-22c7-4a22-a47d-8c48425ef4a7",780312500
"Acacia mearnsii De Wild.","Acacia","mearnsii","-156.981532","21.139427","USA","Hawaii","Molokai","50c9509d-22c7-4a22-a47d-8c48425ef4a7",780312500
"Acacia koa A.Gray","Acacia","koa","-158.002244","21.537563","USA","Hawaii","Oahu","50c9509d-22c7-4a22-a47d-8c48425ef4a7",1801687500
"Acacia koa A.Gray","Acacia","koa","-155.258589","19.405372","USA","Hawaii",NA,"50c9509d-22c7-4a22-a47d-8c48425ef4a7",11824312500
"Acacia koa A.Gray","Acacia","koa","-155.201569","19.692003","USA","Hawaii",NA,"50c9509d-22c7-4a22-a47d-8c48425ef4a7",11824312500
"Acacia koa A.Gray","Acacia","koa","-155.32788","19.791437","USA","Hawaii",NA,"50c9509d-22c7-4a22-a47d-8c48425ef4a7",11824312500
"Acacia koa A.Gray","Acacia","koa","-155.328705","19.790767","USA","Hawaii",NA,"50c9509d-22c7-4a22-a47d-8c48425ef4a7",11824312500
"Acacia koa A.Gray","Acacia","koa","-157.83667","21.384052","USA","Hawaii","Oahu","50c9509d-22c7-4a22-a47d-8c48425ef4a7",1801687500
"Acacia koa A.Gray","Acacia","koa","-155.3275","19.790272","USA","Hawaii",NA,"50c9509d-22c7-4a22-a47d-8c48425ef4a7",11824312500
"Acacia mearnsii De Wild.","Acacia","mearnsii","-155.840028","19.820617","USA","Hawaii",NA,"50c9509d-22c7-4a22-a47d-8c48425ef4a7",11824312500
"Acacia koa A.Gray","Acacia","koa","-155.331435","19.790105","USA","Hawaii",NA,"50c9509d-22c7-4a22-a47d-8c48425ef4a7",11824312500
"Acacia koa A.Gray","Acacia","koa","-155.327772","19.791436","USA","Hawaii",NA,"50c9509d-22c7-4a22-a47d-8c48425ef4a7",11824312500
"Acacia koa A.Gray","Acacia","koa","-155.330506","19.790353","USA","Hawaii",NA,"50c9509d-22c7-4a22-a47d-8c48425ef4a7",11824312500
"Acacia koa A.Gray","Acacia","koa","-155.329575","19.791356","USA","Hawaii",NA,"50c9509d-22c7-4a22-a47d-8c48425ef4a7",11824312500
"Acacia koa A.Gray","Acacia","koa","-155.331297","19.790322","USA","Hawaii",NA,"50c9509d-22c7-4a22-a47d-8c48425ef4a7",11824312500
"Acacia koa A.Gray","Acacia","koa","-157.873628","21.369158","USA","Hawaii","Oahu","50c9509d-22c7-4a22-a47d-8c48425ef4a7",1801687500
"Acacia koa A.Gray","Acacia","koa","-155.326389","19.442738","USA","Hawaii",NA,"50c9509d-22c7-4a22-a47d-8c48425ef4a7",11824312500
"Acacia koa A.Gray","Acacia","koa","-157.888473","21.43944","USA","Hawaii","Oahu","50c9509d-22c7-4a22-a47d-8c48425ef4a7",1801687500
"Acacia confusa Merr.","Acacia","confusa","-157.94869","21.418144","USA","Hawaii","Oahu","50c9509d-22c7-4a22-a47d-8c48425ef4a7",1801687500
"Acacia confusa Merr.","Acacia","confusa","-157.746139","21.366874","USA","Hawaii","Oahu","50c9509d-22c7-4a22-a47d-8c48425ef4a7",1801687500
"Acacia koa A.Gray","Acacia","koa","-157.951434","21.531308","USA","Hawaii","Oahu","50c9509d-22c7-4a22-a47d-8c48425ef4a7",1801687500
"Acacia koa A.Gray","Acacia","koaia","-155.764403","19.078748","USA","Hawaii",NA,"7a3679ef-5582-4aaa-81f0-8c2545cafc81",11824312500
"Acacia confusa Merr.","Acacia","confusa","-157.72498","21.31062","USA","Hawaii","Oahu","50c9509d-22c7-4a22-a47d-8c48425ef4a7",1801687500
"Acacia koa A.Gray","Acacia","koa","-157.750707","21.316172","USA","Hawaii","Oahu","50c9509d-22c7-4a22-a47d-8c48425ef4a7",1801687500
"Acacia koa A.Gray","Acacia","koa","-155.072386","19.701047","USA","Hawaii",NA,"50c9509d-22c7-4a22-a47d-8c48425ef4a7",11824312500
"Acacia koa A.Gray","Acacia","koa","-157.788453","21.321655","USA","Hawaii","Oahu","50c9509d-22c7-4a22-a47d-8c48425ef4a7",1801687500
"Acacia koa A.Gray","Acacia","koa","-157.78975","21.31855","USA","Hawaii","Oahu","50c9509d-22c7-4a22-a47d-8c48425ef4a7",1801687500
"Acacia koa A.Gray","Acacia","koa","-155.465494","19.687344","USA","Hawaii",NA,"50c9509d-22c7-4a22-a47d-8c48425ef4a7",11824312500
"Acacia confusa Merr.","Acacia","confusa","-157.897155","21.3996","USA","Hawaii","Oahu","50c9509d-22c7-4a22-a47d-8c48425ef4a7",1801687500
"Acacia koa A.Gray","Acacia","koa","-158.008702","21.647636","USA","Hawaii","Oahu","50c9509d-22c7-4a22-a47d-8c48425ef4a7",1801687500
"Acacia koa A.Gray","Acacia","koa","-155.798937","19.913088","USA","Hawaii",NA,"50c9509d-22c7-4a22-a47d-8c48425ef4a7",11824312500
"Acacia koa A.Gray","Acacia","koa","-158.093781","21.44117","USA","Hawaii","Oahu","50c9509d-22c7-4a22-a47d-8c48425ef4a7",1801687500
"Acacia koa A.Gray","Acacia","koa","-157.789886","21.312987","USA","Hawaii","Oahu","50c9509d-22c7-4a22-a47d-8c48425ef4a7",1801687500
"Acacia koa A.Gray","Acacia","koa","-157.742937","21.318805","USA","Hawaii","Oahu","50c9509d-22c7-4a22-a47d-8c48425ef4a7",1801687500
"Acacia confusa Merr.","Acacia","confusa","-157.746047","21.29758","USA","Hawaii","Oahu","50c9509d-22c7-4a22-a47d-8c48425ef4a7",1801687500
"Acacia koa A.Gray","Acacia","koa","-155.38527","19.673956","USA","Hawaii",NA,"50c9509d-22c7-4a22-a47d-8c48425ef4a7",11824312500
"Acacia koa A.Gray","Acacia","koa","-155.3876","19.664114","USA","Hawaii",NA,"50c9509d-22c7-4a22-a47d-8c48425ef4a7",11824312500
"Acacia koa A.Gray","Acacia","koa","-156.290633","20.769912","USA","Hawaii","Maui","50c9509d-22c7-4a22-a47d-8c48425ef4a7",2165812500
"Acacia koa A.Gray","Acacia","koa","-155.775975","19.158408","USA","Hawaii",NA,"50c9509d-22c7-4a22-a47d-8c48425ef4a7",11824312500
"Acacia koa A.Gray","Acacia","koa","-155.722336","19.055628","USA","Hawaii",NA,"50c9509d-22c7-4a22-a47d-8c48425ef4a7",11824312500
"Acacia koa A.Gray","Acacia","koa","-157.858505","21.383797","USA","Hawaii","Oahu","50c9509d-22c7-4a22-a47d-8c48425ef4a7",1801687500
"Acacia koa A.Gray","Acacia","koa","-155.466927","19.686824","USA","Hawaii",NA,"50c9509d-22c7-4a22-a47d-8c48425ef4a7",11824312500
"Acacia koa A.Gray","Acacia","koa","-155.467573","19.68646","USA","Hawaii",NA,"50c9509d-22c7-4a22-a47d-8c48425ef4a7",11824312500
"Acacia koa A.Gray","Acacia","koa","-155.467552","19.686678","USA","Hawaii",NA,"50c9509d-22c7-4a22-a47d-8c48425ef4a7",11824312500
"Acacia mearnsii De Wild.","Acacia","mearnsii","-156.285583","20.804472","USA","Hawaii","Maui","50c9509d-22c7-4a22-a47d-8c48425ef4a7",2165812500
"Acacia koa A.Gray","Acacia","koa","-157.859725","21.415405","USA","Hawaii","Oahu","50c9509d-22c7-4a22-a47d-8c48425ef4a7",1801687500
"Acacia koa A.Gray","Acacia","koa","-157.881713","21.403522","USA","Hawaii","Oahu","50c9509d-22c7-4a22-a47d-8c48425ef4a7",1801687500
"Acacia koa A.Gray","Acacia","koa","-157.882063","21.403658","USA","Hawaii","Oahu","50c9509d-22c7-4a22-a47d-8c48425ef4a7",1801687500
"Acacia koa A.Gray","Acacia","koa","-157.864682","21.563411","USA","Hawaii","Oahu","50c9509d-22c7-4a22-a47d-8c48425ef4a7",1801687500
"Acacia koa A.Gray","Acacia","koa","-157.829162","21.436008","USA","Hawaii","Oahu","50c9509d-22c7-4a22-a47d-8c48425ef4a7",1801687500
"Acacia koa A.Gray","Acacia","koa","-157.79393","21.326845","USA","Hawaii","Oahu","50c9509d-22c7-4a22-a47d-8c48425ef4a7",1801687500
"Acacia koa A.Gray","Acacia","koa","-157.794587","21.32643","USA","Hawaii","Oahu","50c9509d-22c7-4a22-a47d-8c48425ef4a7",1801687500
"Acacia koa A.Gray","Acacia","koa","-157.893455","21.402706","USA","Hawaii","Oahu","50c9509d-22c7-4a22-a47d-8c48425ef4a7",1801687500
"Acacia mearnsii De Wild.","Acacia","mearnsii","-158.227071","21.554866","USA","Hawaii","Oahu","50c9509d-22c7-4a22-a47d-8c48425ef4a7",1801687500
"Acacia confusa Merr.","Acacia","confusa","-155.672197","20.015253","USA","Hawaii",NA,"50c9509d-22c7-4a22-a47d-8c48425ef4a7",11824312500
"Acacia koa A.Gray","Acacia","koa","-155.341393","19.663049","USA","Hawaii",NA,"50c9509d-22c7-4a22-a47d-8c48425ef4a7",11824312500
"Acacia koa A.Gray","Acacia","koa","-155.254346","19.765908","USA","Hawaii",NA,"50c9509d-22c7-4a22-a47d-8c48425ef4a7",11824312500
"Acacia koa A.Gray","Acacia","koa","-155.330734","19.790213","USA","Hawaii",NA,"50c9509d-22c7-4a22-a47d-8c48425ef4a7",11824312500
"Acacia koa A.Gray","Acacia","koa","-155.384805","19.673238","USA","Hawaii",NA,"50c9509d-22c7-4a22-a47d-8c48425ef4a7",11824312500
"Acacia koa A.Gray","Acacia","koa","-158.059481","21.462758","USA","Hawaii","Oahu","50c9509d-22c7-4a22-a47d-8c48425ef4a7",1801687500
"Acacia koa A.Gray","Acacia","koa","-155.336808","19.871667","USA","Hawaii",NA,"50c9509d-22c7-4a22-a47d-8c48425ef4a7",11824312500
"Acacia koa A.Gray","Acacia","koa","-155.303947","19.566847","USA","Hawaii",NA,"50c9509d-22c7-4a22-a47d-8c48425ef4a7",11824312500
"Acacia koa A.Gray","Acacia","koa","-157.756455","21.323463","USA","Hawaii","Oahu","50c9509d-22c7-4a22-a47d-8c48425ef4a7",1801687500
"Acacia koa A.Gray","Acacia","koa","-157.795098","21.310067","USA","Hawaii","Oahu","50c9509d-22c7-4a22-a47d-8c48425ef4a7",1801687500
"Acacia koa A.Gray","Acacia","koa","-159.661931","22.071908","USA","Hawaii","Kauai","50c9509d-22c7-4a22-a47d-8c48425ef4a7",1683250000
"Acacia koa A.Gray","Acacia","koa","-159.669344","22.108906","USA","Hawaii","Kauai","50c9509d-22c7-4a22-a47d-8c48425ef4a7",1683250000
"Acacia koa A.Gray","Acacia","koa","-159.651183","22.156074","USA","Hawaii","Kauai","50c9509d-22c7-4a22-a47d-8c48425ef4a7",1683250000
"Acacia koa A.Gray","Acacia","koa","-155.409439","20.02846","USA","Hawaii",NA,"50c9509d-22c7-4a22-a47d-8c48425ef4a7",11824312500
"Acacia koa A.Gray","Acacia","koa","-157.902908","21.445262","USA","Hawaii","Oahu","50c9509d-22c7-4a22-a47d-8c48425ef4a7",1801687500
"Acacia koa A.Gray","Acacia","koa","-155.366718","19.672056","USA","Hawaii",NA,"50c9509d-22c7-4a22-a47d-8c48425ef4a7",11824312500
"Acacia koa A.Gray","Acacia","koaia","-155.79683","20.160921","USA","Hawaii",NA,"50c9509d-22c7-4a22-a47d-8c48425ef4a7",11824312500
"Acacia koa A.Gray","Acacia","koa","-157.895247","21.447587","USA","Hawaii","Oahu","50c9509d-22c7-4a22-a47d-8c48425ef4a7",1801687500
"Acacia koa A.Gray","Acacia","koa","-159.662195","22.07186","USA","Hawaii","Kauai","50c9509d-22c7-4a22-a47d-8c48425ef4a7",1683250000
"Acacia koa A.Gray","Acacia","koa","-159.659873","22.050487","USA","Hawaii","Kauai","50c9509d-22c7-4a22-a47d-8c48425ef4a7",1683250000
"Acacia confusa Merr.","Acacia","confusa","-157.762253","21.303403","USA","Hawaii","Oahu","50c9509d-22c7-4a22-a47d-8c48425ef4a7",1801687500
"Acacia koa A.Gray","Acacia","koa","-157.902878","21.445205","USA","Hawaii","Oahu","50c9509d-22c7-4a22-a47d-8c48425ef4a7",1801687500
"Acacia koa A.Gray","Acacia","koa","-157.90683","21.443742","USA","Hawaii","Oahu","50c9509d-22c7-4a22-a47d-8c48425ef4a7",1801687500
"Acacia koa A.Gray","Acacia","koa","-157.912737","21.440405","USA","Hawaii","Oahu","50c9509d-22c7-4a22-a47d-8c48425ef4a7",1801687500
"Acacia koa A.Gray","Acacia","koa","-157.912737","21.440413","USA","Hawaii","Oahu","50c9509d-22c7-4a22-a47d-8c48425ef4a7",1801687500
"Acacia koa A.Gray","Acacia","koa","-157.920228","21.437683","USA","Hawaii","Oahu","50c9509d-22c7-4a22-a47d-8c48425ef4a7",1801687500
"Acacia koa A.Gray","Acacia","koa","-157.920837","21.437497","USA","Hawaii","Oahu","50c9509d-22c7-4a22-a47d-8c48425ef4a7",1801687500
"Acacia koa A.Gray","Acacia","koa","-157.825849","21.324785","USA","Hawaii","Oahu","50c9509d-22c7-4a22-a47d-8c48425ef4a7",1801687500
"Acacia koa A.Gray","Acacia","koa","-157.825849","21.324785","USA","Hawaii","Oahu","50c9509d-22c7-4a22-a47d-8c48425ef4a7",1801687500
"Acacia koa A.Gray","Acacia","koaia","-155.603373","20.045468","USA","Hawaii",NA,"50c9509d-22c7-4a22-a47d-8c48425ef4a7",11824312500
"Acacia koa A.Gray","Acacia","koa","-156.897422","21.069892","USA","Hawaii","Molokai","50c9509d-22c7-4a22-a47d-8c48425ef4a7",780312500
"Acacia koa A.Gray","Acacia","koaia","-155.69391","20.140949","USA","Hawaii",NA,"50c9509d-22c7-4a22-a47d-8c48425ef4a7",11824312500
"Acacia confusa Merr.","Acacia","confusa","-157.722438","21.318186","USA","Hawaii","Oahu","50c9509d-22c7-4a22-a47d-8c48425ef4a7",1801687500
"Acacia koa A.Gray","Acacia","koa","-157.723645","21.318103","USA","Hawaii","Oahu","50c9509d-22c7-4a22-a47d-8c48425ef4a7",1801687500
"Acacia koa A.Gray","Acacia","koa","-155.387586","19.664143","USA","Hawaii",NA,"50c9509d-22c7-4a22-a47d-8c48425ef4a7",11824312500
"Acacia koa A.Gray","Acacia","koa","-155.303253","19.437617","USA","Hawaii",NA,"50c9509d-22c7-4a22-a47d-8c48425ef4a7",11824312500
"Acacia koa A.Gray","Acacia","koa","-159.661653","22.071481","USA","Hawaii","Kauai","50c9509d-22c7-4a22-a47d-8c48425ef4a7",1683250000
"Acacia confusa Merr.","Acacia","confusa","-157.782975","21.300697","USA","Hawaii","Oahu","50c9509d-22c7-4a22-a47d-8c48425ef4a7",1801687500
"Acacia koa A.Gray","Acacia","koa","-157.793863","21.293875","USA","Hawaii","Oahu","50c9509d-22c7-4a22-a47d-8c48425ef4a7",1801687500
"Acacia koa A.Gray","Acacia","koa","-158.113145","21.375548","USA","Hawaii","Oahu","50c9509d-22c7-4a22-a47d-8c48425ef4a7",1801687500
"Acacia koa A.Gray","Acacia","koa","-158.11335","21.375442","USA","Hawaii","Oahu","50c9509d-22c7-4a22-a47d-8c48425ef4a7",1801687500
"Acacia confusa Merr.","Acacia","confusa","-158.028256","21.451229","USA","Hawaii","Oahu","50c9509d-22c7-4a22-a47d-8c48425ef4a7",1801687500
"Acacia confusa Merr.","Acacia","confusa","-158.20098","21.563889","USA","Hawaii","Oahu","50c9509d-22c7-4a22-a47d-8c48425ef4a7",1801687500
"Acacia melanoxylon R.Br.","Acacia","melanoxylon","-159.495987","21.919798","USA","Hawaii","Kauai","50c9509d-22c7-4a22-a47d-8c48425ef4a7",1683250000
"Acacia confusa Merr.","Acacia","confusa","-158.202781","21.508064","USA","Hawaii","Oahu","50c9509d-22c7-4a22-a47d-8c48425ef4a7",1801687500
"Acacia confusa Merr.","Acacia","confusa","-158.205447","21.506594","USA","Hawaii","Oahu","50c9509d-22c7-4a22-a47d-8c48425ef4a7",1801687500
"Acacia confusa Merr.","Acacia","confusa","-158.193478","21.506797","USA","Hawaii","Oahu","50c9509d-22c7-4a22-a47d-8c48425ef4a7",1801687500
"Acacia confusa Merr.","Acacia","confusa","-157.75056","21.34501","USA","Hawaii","Oahu","50c9509d-22c7-4a22-a47d-8c48425ef4a7",1801687500
"Acacia koa A.Gray","Acacia","koa","-158.087784","21.443754","USA","Hawaii","Oahu","50c9509d-22c7-4a22-a47d-8c48425ef4a7",1801687500
"Acacia koa A.Gray","Acacia","koa","-159.614747","22.110064","USA","Hawaii","Kauai","50c9509d-22c7-4a22-a47d-8c48425ef4a7",1683250000
"Acacia koa A.Gray","Acacia","koa","-159.709057","22.137836","USA","Hawaii","Kauai","50c9509d-22c7-4a22-a47d-8c48425ef4a7",1683250000
"Acacia mearnsii De Wild.","Acacia","mearnsii","-156.30023","20.718325","USA","Hawaii","Maui","50c9509d-22c7-4a22-a47d-8c48425ef4a7",2165812500
"Acacia mearnsii De Wild.","Acacia","mearnsii","-159.677003","22.008931","USA","Hawaii","Kauai","50c9509d-22c7-4a22-a47d-8c48425ef4a7",1683250000
"Acacia koa A.Gray","Acacia","koa","-157.856528","21.557211","USA","Hawaii","Oahu","50c9509d-22c7-4a22-a47d-8c48425ef4a7",1801687500
"Acacia koa A.Gray","Acacia","koa","-157.879751","21.56889","USA","Hawaii","Oahu","50c9509d-22c7-4a22-a47d-8c48425ef4a7",1801687500
"Acacia koa A.Gray","Acacia","koa","-157.93436","21.431643","USA","Hawaii","Oahu","50c9509d-22c7-4a22-a47d-8c48425ef4a7",1801687500
"Acacia koa A.Gray","Acacia","koa","-157.88507","21.401705","USA","Hawaii","Oahu","50c9509d-22c7-4a22-a47d-8c48425ef4a7",1801687500
"Acacia confusa Merr.","Acacia","confusa","-157.766875","21.280395","USA","Hawaii","Oahu","50c9509d-22c7-4a22-a47d-8c48425ef4a7",1801687500
"Acacia koa A.Gray","Acacia","koa","-155.367018","19.671203","USA","Hawaii",NA,"50c9509d-22c7-4a22-a47d-8c48425ef4a7",11824312500
"Acacia koa A.Gray","Acacia","koa","-155.951467","19.72171","USA","Hawaii",NA,"50c9509d-22c7-4a22-a47d-8c48425ef4a7",11824312500
"Acacia koa A.Gray","Acacia","koa","-155.951467","19.72171","USA","Hawaii",NA,"50c9509d-22c7-4a22-a47d-8c48425ef4a7",11824312500
"Acacia koa A.Gray","Acacia","koa","-155.951467","19.72171","USA","Hawaii",NA,"50c9509d-22c7-4a22-a47d-8c48425ef4a7",11824312500
"Acacia koa A.Gray","Acacia","koa","-155.302792","19.440299","USA","Hawaii",NA,"50c9509d-22c7-4a22-a47d-8c48425ef4a7",11824312500
"Acacia koa A.Gray","Acacia","koa","-155.302792","19.440299","USA","Hawaii",NA,"50c9509d-22c7-4a22-a47d-8c48425ef4a7",11824312500
"Acacia koa A.Gray","Acacia","koa","-155.302792","19.440299","USA","Hawaii",NA,"50c9509d-22c7-4a22-a47d-8c48425ef4a7",11824312500
"Acacia koa A.Gray","Acacia","koa","-155.270542","19.430506","USA","Hawaii",NA,"50c9509d-22c7-4a22-a47d-8c48425ef4a7",11824312500
"Acacia koa A.Gray","Acacia","koaia","-159.387391","21.971781","USA","Hawaii","Kauai","7a3679ef-5582-4aaa-81f0-8c2545cafc81",1683250000
"Acacia koa A.Gray","Acacia","koa","-155.696871","20.025793","USA","Hawaii",NA,"50c9509d-22c7-4a22-a47d-8c48425ef4a7",11824312500
"Acacia koa A.Gray","Acacia","koa","-159.663988","22.074447","USA","Hawaii","Kauai","50c9509d-22c7-4a22-a47d-8c48425ef4a7",1683250000
"Acacia confusa Merr.","Acacia","confusa","-157.993079","21.34292","Hawaii","Oahu",NA,"50c9509d-22c7-4a22-a47d-8c48425ef4a7",1801687500
"Acacia koa A.Gray","Acacia","koa","-157.895257","21.389686","USA","Hawaii","Oahu","50c9509d-22c7-4a22-a47d-8c48425ef4a7",1801687500
"Acacia koa A.Gray","Acacia","koa","-157.831729","21.357382","USA","Hawaii","Oahu","50c9509d-22c7-4a22-a47d-8c48425ef4a7",1801687500
"Acacia koa A.Gray","Acacia","koa","-155.769943","19.133907","USA","Hawaii",NA,"50c9509d-22c7-4a22-a47d-8c48425ef4a7",11824312500
"Acacia koa A.Gray","Acacia","koa","-159.65974","22.051477","USA","Hawaii","Kauai","50c9509d-22c7-4a22-a47d-8c48425ef4a7",1683250000
"Acacia koa A.Gray","Acacia","koa","-155.150783","19.66632","USA","Hawaii",NA,"50c9509d-22c7-4a22-a47d-8c48425ef4a7",11824312500
"Acacia confusa Merr.","Acacia","confusa","-157.775796","21.405532","USA","Hawaii","Oahu","50c9509d-22c7-4a22-a47d-8c48425ef4a7",1801687500
"Acacia koa A.Gray","Acacia","koa","-159.659713","22.051525","USA","Hawaii","Kauai","50c9509d-22c7-4a22-a47d-8c48425ef4a7",1683250000
"Acacia confusa Merr.","Acacia","confusa","-157.897053","21.399666","USA","Hawaii","Oahu","50c9509d-22c7-4a22-a47d-8c48425ef4a7",1801687500
"Acacia koa A.Gray","Acacia","koa","-157.794431","21.311606","USA","Hawaii","Oahu","50c9509d-22c7-4a22-a47d-8c48425ef4a7",1801687500
"Acacia koa A.Gray","Acacia","koa","-157.837269","21.3751","USA","Hawaii","Oahu","50c9509d-22c7-4a22-a47d-8c48425ef4a7",1801687500
"Acacia koa A.Gray","Acacia","koa","-157.860069","21.360894","USA","Hawaii","Oahu","50c9509d-22c7-4a22-a47d-8c48425ef4a7",1801687500
"Acacia confusa Merr.","Acacia","confusa","-157.825908","21.316631","USA","Hawaii","Oahu","50c9509d-22c7-4a22-a47d-8c48425ef4a7",1801687500
"Acacia auriculiformis A.Cunn. ex Benth.","Acacia","auriculiformis","-157.713106","21.332667","USA","Hawaii","Oahu","50c9509d-22c7-4a22-a47d-8c48425ef4a7",1801687500
"Acacia koa A.Gray","Acacia","koa","-155.330292","19.838699","USA","Hawaii",NA,"50c9509d-22c7-4a22-a47d-8c48425ef4a7",11824312500
"Acacia koa A.Gray","Acacia","koa","-157.789537","21.318928","USA","Hawaii","Oahu","50c9509d-22c7-4a22-a47d-8c48425ef4a7",1801687500
"Acacia koa A.Gray","Acacia","koa","-157.818103","21.330925","USA","Hawaii","Oahu","50c9509d-22c7-4a22-a47d-8c48425ef4a7",1801687500
"Acacia koa A.Gray","Acacia","koa","-159.669736","22.115574","USA","Hawaii","Kauai","50c9509d-22c7-4a22-a47d-8c48425ef4a7",1683250000
"Acacia koa A.Gray","Acacia","koa","-155.94829","19.72655","USA","Hawaii",NA,"50c9509d-22c7-4a22-a47d-8c48425ef4a7",11824312500
"Acacia confusa Merr.","Acacia","confusa","-157.808212","21.311783","USA","Hawaii","Oahu","50c9509d-22c7-4a22-a47d-8c48425ef4a7",1801687500
"Acacia koa A.Gray","Acacia","koa","-157.725558","21.321852","USA","Hawaii","Oahu","50c9509d-22c7-4a22-a47d-8c48425ef4a7",1801687500
"Acacia koa A.Gray","Acacia","koa","-157.750919","21.347674","USA","Hawaii","Oahu","50c9509d-22c7-4a22-a47d-8c48425ef4a7",1801687500
"Acacia koa A.Gray","Acacia","koa","-155.303238","19.437947","USA","Hawaii",NA,"50c9509d-22c7-4a22-a47d-8c48425ef4a7",11824312500
"Acacia koa A.Gray","Acacia","koa","-157.791887","21.29884","USA","Hawaii","Oahu","50c9509d-22c7-4a22-a47d-8c48425ef4a7",1801687500
"Acacia koa A.Gray","Acacia","koa","-157.790178","21.322467","USA","Hawaii","Oahu","50c9509d-22c7-4a22-a47d-8c48425ef4a7",1801687500
"Acacia mangium Willd.","Acacia","mangium","-157.8049","21.383483","USA","Hawaii","Oahu","50c9509d-22c7-4a22-a47d-8c48425ef4a7",1801687500
"Acacia koa A.Gray","Acacia","koa","-159.66198","22.071888","USA","Hawaii","Kauai","50c9509d-22c7-4a22-a47d-8c48425ef4a7",1683250000
"Acacia koa A.Gray","Acacia","koa","-157.777906","21.305642","USA","Hawaii","Oahu","50c9509d-22c7-4a22-a47d-8c48425ef4a7",1801687500
"Acacia koa A.Gray","Acacia","koa","-157.818522","21.340999","USA","Hawaii","Oahu","50c9509d-22c7-4a22-a47d-8c48425ef4a7",1801687500
"Acacia koa A.Gray","Acacia","koa","-157.862394","21.311347","USA","Hawaii","Oahu","50c9509d-22c7-4a22-a47d-8c48425ef4a7",1801687500
"Acacia koa A.Gray","Acacia","koa","-157.885946","21.338548","USA","Hawaii","Oahu","50c9509d-22c7-4a22-a47d-8c48425ef4a7",1801687500
"Acacia koa A.Gray","Acacia","koa","-159.661903","22.071989","USA","Hawaii","Kauai","50c9509d-22c7-4a22-a47d-8c48425ef4a7",1683250000
"Acacia koa A.Gray","Acacia","koa","-157.842405","21.387541","USA","Hawaii","Oahu","50c9509d-22c7-4a22-a47d-8c48425ef4a7",1801687500
"Acacia koa A.Gray","Acacia","koa","-157.838343","21.386517","USA","Hawaii","Oahu","50c9509d-22c7-4a22-a47d-8c48425ef4a7",1801687500
"Acacia koa A.Gray","Acacia","koa","-157.838343","21.386517","USA","Hawaii","Oahu","50c9509d-22c7-4a22-a47d-8c48425ef4a7",1801687500
"Acacia koa A.Gray","Acacia","koa","-157.859486","21.320054","USA","Hawaii","Oahu","50c9509d-22c7-4a22-a47d-8c48425ef4a7",1801687500
"Acacia koa A.Gray","Acacia","koa","-157.745269","21.304822","USA","Hawaii","Oahu","50c9509d-22c7-4a22-a47d-8c48425ef4a7",1801687500
"Acacia koa A.Gray","Acacia","koa","-157.742707","21.315695","USA","Hawaii","Oahu","50c9509d-22c7-4a22-a47d-8c48425ef4a7",1801687500
"Acacia confusa Merr.","Acacia","confusa","-156.998695","21.168509","USA","Hawaii","Molokai","50c9509d-22c7-4a22-a47d-8c48425ef4a7",780312500
"Acacia koa A.Gray","Acacia","koa","-159.662418","22.071319","USA","Hawaii","Kauai","50c9509d-22c7-4a22-a47d-8c48425ef4a7",1683250000
"Acacia koa A.Gray","Acacia","koa","-158.136786","21.512128","USA","Hawaii","Oahu","50c9509d-22c7-4a22-a47d-8c48425ef4a7",1801687500
"Acacia koa A.Gray","Acacia","koa","-157.770662","21.326312","USA","Hawaii","Oahu","50c9509d-22c7-4a22-a47d-8c48425ef4a7",1801687500
"Acacia confusa Merr.","Acacia","confusa","-158.078339","21.457","USA","Hawaii","Oahu","50c9509d-22c7-4a22-a47d-8c48425ef4a7",1801687500
"Acacia koa A.Gray","Acacia","koa","-158.098249","21.440444","USA","Hawaii","Oahu","50c9509d-22c7-4a22-a47d-8c48425ef4a7",1801687500
"Acacia koa A.Gray","Acacia","koa","-158.164547","21.501908","USA","Hawaii","Oahu","50c9509d-22c7-4a22-a47d-8c48425ef4a7",1801687500
"Acacia koa A.Gray","Acacia","koa","-155.275247","19.430827","USA","Hawaii",NA,"50c9509d-22c7-4a22-a47d-8c48425ef4a7",11824312500
"Acacia koa A.Gray","Acacia","koa","-157.886503","21.534375","USA","Hawaii","Oahu","50c9509d-22c7-4a22-a47d-8c48425ef4a7",1801687500
"Acacia koa A.Gray","Acacia","koa","-157.756235","21.323614","USA","Hawaii","Oahu","50c9509d-22c7-4a22-a47d-8c48425ef4a7",1801687500
"Acacia confusa Merr.","Acacia","confusa","-157.729917","21.308653","USA","Hawaii","Oahu","50c9509d-22c7-4a22-a47d-8c48425ef4a7",1801687500
"Acacia koa A.Gray","Acacia","koa","-158.140092","21.470294","USA","Hawaii","Oahu","50c9509d-22c7-4a22-a47d-8c48425ef4a7",1801687500
"Acacia confusa Merr.","Acacia","confusa","-157.900808","21.397378","USA","Hawaii","Oahu","50c9509d-22c7-4a22-a47d-8c48425ef4a7",1801687500
"Acacia koa A.Gray","Acacia","koa","-155.736816","20.048114","USA","Hawaii",NA,"50c9509d-22c7-4a22-a47d-8c48425ef4a7",11824312500
"Acacia koa A.Gray","Acacia","koa","-157.793913","21.326767","USA","Hawaii","Oahu","50c9509d-22c7-4a22-a47d-8c48425ef4a7",1801687500
"Acacia confusa Merr.","Acacia","confusa","-157.724695","21.282099","USA","Hawaii","Oahu","50c9509d-22c7-4a22-a47d-8c48425ef4a7",1801687500
"Acacia koa A.Gray","Acacia","koa","-159.66185","22.071961","USA","Hawaii","Kauai","50c9509d-22c7-4a22-a47d-8c48425ef4a7",1683250000
"Acacia koa A.Gray","Acacia","koa","-159.662675","22.152025","USA","Hawaii","Kauai","50c9509d-22c7-4a22-a47d-8c48425ef4a7",1683250000
"Acacia confusa Merr.","Acacia","confusa","-157.80505","21.304693","USA","Hawaii","Oahu","50c9509d-22c7-4a22-a47d-8c48425ef4a7",1801687500
"Acacia koa A.Gray","Acacia","koa","-157.866705","21.359438","USA","Hawaii","Oahu","50c9509d-22c7-4a22-a47d-8c48425ef4a7",1801687500
"Acacia koa A.Gray","Acacia","koa","-157.821129","21.39058","USA","Hawaii","Oahu","50c9509d-22c7-4a22-a47d-8c48425ef4a7",1801687500
"Acacia koa A.Gray","Acacia","koa","-157.84521","21.301879","USA","Hawaii","Oahu","50c9509d-22c7-4a22-a47d-8c48425ef4a7",1801687500
"Acacia koa A.Gray","Acacia","koa","-157.949587","21.337311","USA","Hawaii","Oahu","50c9509d-22c7-4a22-a47d-8c48425ef4a7",1801687500
"Acacia koa A.Gray","Acacia","koa","-159.662763","22.107292","USA","Hawaii","Kauai","50c9509d-22c7-4a22-a47d-8c48425ef4a7",1683250000
"Acacia confusa Merr.","Acacia","confusa","-157.711323","21.31167","USA","Hawaii","Oahu","50c9509d-22c7-4a22-a47d-8c48425ef4a7",1801687500
"Acacia koa A.Gray","Acacia","koa","-155.445718","19.686733","USA","Hawaii",NA,"50c9509d-22c7-4a22-a47d-8c48425ef4a7",11824312500
"Acacia koa A.Gray","Acacia","koa","-158.152629","21.476845","USA","Hawaii","Oahu","50c9509d-22c7-4a22-a47d-8c48425ef4a7",1801687500
"Acacia confusa Merr.","Acacia","confusa","-157.780926","21.373903","USA","Hawaii","Oahu","50c9509d-22c7-4a22-a47d-8c48425ef4a7",1801687500
"Acacia koa A.Gray","Acacia","koa","-157.886777","21.593407","USA","Hawaii","Oahu","50c9509d-22c7-4a22-a47d-8c48425ef4a7",1801687500
"Acacia koa A.Gray","Acacia","koa","-157.878868","21.560993","USA","Hawaii","Oahu","50c9509d-22c7-4a22-a47d-8c48425ef4a7",1801687500
"Acacia koa A.Gray","Acacia","koa","-157.992141","21.532402","USA","Hawaii","Oahu","50c9509d-22c7-4a22-a47d-8c48425ef4a7",1801687500
"Acacia koa A.Gray","Acacia","koa","-157.964479","21.555649","USA","Hawaii","Oahu","50c9509d-22c7-4a22-a47d-8c48425ef4a7",1801687500
"Acacia koa A.Gray","Acacia","koa","-157.757098","21.322121","USA","Hawaii","Oahu","50c9509d-22c7-4a22-a47d-8c48425ef4a7",1801687500
"Acacia mangium Willd.","Acacia","mangium","-155.04829","19.65188","USA","Hawaii",NA,"14d5676a-2c54-4f94-9023-1e8dcd822aa0",11824312500
"Acacia koa A.Gray","Acacia","koa","-155.922707","19.716844","USA","Hawaii",NA,"50c9509d-22c7-4a22-a47d-8c48425ef4a7",11824312500
"Acacia koa A.Gray","Acacia","koa","-157.78843","21.321795","USA","Hawaii","Oahu","50c9509d-22c7-4a22-a47d-8c48425ef4a7",1801687500
"Acacia koa A.Gray","Acacia","koa","-155.272675","19.430997","USA","Hawaii",NA,"50c9509d-22c7-4a22-a47d-8c48425ef4a7",11824312500
"Acacia koa A.Gray","Acacia","koa","-159.669397","22.108906","USA","Hawaii","Kauai","50c9509d-22c7-4a22-a47d-8c48425ef4a7",1683250000
"Acacia mearnsii De Wild.","Acacia","mearnsii","-158.210811","21.570383","USA","Hawaii","Oahu","50c9509d-22c7-4a22-a47d-8c48425ef4a7",1801687500
"Acacia mearnsii De Wild.","Acacia","mearnsii","-158.210375","21.570617","USA","Hawaii","Oahu","50c9509d-22c7-4a22-a47d-8c48425ef4a7",1801687500
"Acacia mearnsii De Wild.","Acacia","mearnsii","-158.210247","21.568014","USA","Hawaii","Oahu","50c9509d-22c7-4a22-a47d-8c48425ef4a7",1801687500
"Acacia mearnsii De Wild.","Acacia","mearnsii","-158.211047","21.561456","USA","Hawaii","Oahu","50c9509d-22c7-4a22-a47d-8c48425ef4a7",1801687500
"Acacia mearnsii De Wild.","Acacia","mearnsii","-158.212106","21.560272","USA","Hawaii","Oahu","50c9509d-22c7-4a22-a47d-8c48425ef4a7",1801687500
"Acacia mearnsii De Wild.","Acacia","mearnsii","-158.21449","21.557137","USA","Hawaii","Oahu","50c9509d-22c7-4a22-a47d-8c48425ef4a7",1801687500
"Acacia mearnsii De Wild.","Acacia","mearnsii","-158.212106","21.560272","USA","Hawaii","Oahu","50c9509d-22c7-4a22-a47d-8c48425ef4a7",1801687500
"Acacia mearnsii De Wild.","Acacia","mearnsii","-158.222141","21.55816","USA","Hawaii","Oahu","50c9509d-22c7-4a22-a47d-8c48425ef4a7",1801687500
"Acacia mearnsii De Wild.","Acacia","mearnsii","-158.224564","21.55783","USA","Hawaii","Oahu","50c9509d-22c7-4a22-a47d-8c48425ef4a7",1801687500
"Acacia mearnsii De Wild.","Acacia","mearnsii","-158.230682","21.556474","USA","Hawaii","Oahu","50c9509d-22c7-4a22-a47d-8c48425ef4a7",1801687500
"Acacia mearnsii De Wild.","Acacia","mearnsii","-158.220997","21.5517","USA","Hawaii","Oahu","50c9509d-22c7-4a22-a47d-8c48425ef4a7",1801687500
"Acacia koa A.Gray","Acacia","koa","-155.3861","19.492414","USA","Hawaii",NA,"50c9509d-22c7-4a22-a47d-8c48425ef4a7",11824312500
"Acacia confusa Merr.","Acacia","confusa","-157.856819","21.504272","USA","Hawaii","Oahu","50c9509d-22c7-4a22-a47d-8c48425ef4a7",1801687500
"Acacia koa A.Gray","Acacia","koa","-157.987862","21.584348","USA","Hawaii","Oahu","50c9509d-22c7-4a22-a47d-8c48425ef4a7",1801687500
"Acacia koa A.Gray","Acacia","koa","-157.909092","21.432275","USA","Hawaii","Oahu","50c9509d-22c7-4a22-a47d-8c48425ef4a7",1801687500
"Acacia koa A.Gray","Acacia","koa","-155.415487","20.03644","USA","Hawaii",NA,"50c9509d-22c7-4a22-a47d-8c48425ef4a7",11824312500
"Acacia koa A.Gray","Acacia","koa","-159.658014","22.130358","USA","Hawaii","Kauai","50c9509d-22c7-4a22-a47d-8c48425ef4a7",1683250000
"Acacia koa A.Gray","Acacia","koa","-159.669447","22.109379","USA","Hawaii","Kauai","50c9509d-22c7-4a22-a47d-8c48425ef4a7",1683250000
"Acacia koa A.Gray","Acacia","koa","-159.661897","22.071666","USA","Hawaii","Kauai","50c9509d-22c7-4a22-a47d-8c48425ef4a7",1683250000
"Acacia koa A.Gray","Acacia","koa","-159.659755","22.05166","USA","Hawaii","Kauai","50c9509d-22c7-4a22-a47d-8c48425ef4a7",1683250000
"Acacia koa A.Gray","Acacia","koa","-157.906588","21.444365","USA","Hawaii","Oahu","50c9509d-22c7-4a22-a47d-8c48425ef4a7",1801687500
"Acacia koa A.Gray","Acacia","koa","-157.903369","21.445078","USA","Hawaii","Oahu","50c9509d-22c7-4a22-a47d-8c48425ef4a7",1801687500
"Acacia koa A.Gray","Acacia","koa","-158.242572","21.575544","USA","Hawaii","Oahu","50c9509d-22c7-4a22-a47d-8c48425ef4a7",1801687500
"Acacia koa A.Gray","Acacia","koa","-158.161367","21.465403","USA","Hawaii","Oahu","50c9509d-22c7-4a22-a47d-8c48425ef4a7",1801687500
"Acacia koa A.Gray","Acacia","koa","-157.903081","21.397828","USA","Hawaii","Oahu","50c9509d-22c7-4a22-a47d-8c48425ef4a7",1801687500
"Acacia koa A.Gray","Acacia","koa","-155.2751","19.43142","USA","Hawaii",NA,"50c9509d-22c7-4a22-a47d-8c48425ef4a7",11824312500
"Acacia koa A.Gray","Acacia","koa","-155.281158","19.434577","USA","Hawaii",NA,"50c9509d-22c7-4a22-a47d-8c48425ef4a7",11824312500
"Acacia koa A.Gray","Acacia","koa","-155.303005","19.436942","USA","Hawaii",NA,"50c9509d-22c7-4a22-a47d-8c48425ef4a7",11824312500
"Acacia koa A.Gray","Acacia","koa","-155.302944","19.436888","USA","Hawaii",NA,"50c9509d-22c7-4a22-a47d-8c48425ef4a7",11824312500
"Acacia koa A.Gray","Acacia","koa","-155.281298","19.434643","USA","Hawaii",NA,"50c9509d-22c7-4a22-a47d-8c48425ef4a7",11824312500
"Acacia koa A.Gray","Acacia","koa","-155.46608","19.687442","USA","Hawaii",NA,"50c9509d-22c7-4a22-a47d-8c48425ef4a7",11824312500
"Acacia confusa Merr.","Acacia","confusa","-157.784942","21.298463","USA","Hawaii","Oahu","50c9509d-22c7-4a22-a47d-8c48425ef4a7",1801687500
"Acacia confusa Merr.","Acacia","confusa","-157.78447","21.298722","USA","Hawaii","Oahu","50c9509d-22c7-4a22-a47d-8c48425ef4a7",1801687500
"Acacia koa A.Gray","Acacia","koa","-158.194522","21.545","USA","Hawaii","Oahu","50c9509d-22c7-4a22-a47d-8c48425ef4a7",1801687500
"Acacia confusa Merr.","Acacia","confusa","-156.900238","20.804171","USA","Hawaii","Lanai","50c9509d-22c7-4a22-a47d-8c48425ef4a7",419687500
"Acacia mearnsii De Wild.","Acacia","mearnsii","-156.356872","20.704988","USA","Hawaii","Maui","50c9509d-22c7-4a22-a47d-8c48425ef4a7",2165812500
"Acacia koa A.Gray","Acacia","koa","-155.303147","19.437006","USA","Hawaii",NA,"50c9509d-22c7-4a22-a47d-8c48425ef4a7",11824312500
"Acacia koa A.Gray","Acacia","koa","-155.301092","19.440811","USA","Hawaii",NA,"50c9509d-22c7-4a22-a47d-8c48425ef4a7",11824312500
"Acacia koa A.Gray","Acacia","koa","-157.796355","21.325467","USA","Hawaii","Oahu","50c9509d-22c7-4a22-a47d-8c48425ef4a7",1801687500
"Acacia koa A.Gray","Acacia","koa","-156.46484","20.795059","USA","Hawaii","Maui","50c9509d-22c7-4a22-a47d-8c48425ef4a7",2165812500
"Acacia koa A.Gray","Acacia","koa","-155.947022","19.721945","USA","Hawaii",NA,"50c9509d-22c7-4a22-a47d-8c48425ef4a7",11824312500
"Acacia confusa Merr.","Acacia","confusa","-154.94867","19.609042","USA","Hawaii",NA,"50c9509d-22c7-4a22-a47d-8c48425ef4a7",11824312500
"Acacia koa A.Gray","Acacia","koa","-155.638205","19.23648","USA","Hawaii",NA,"50c9509d-22c7-4a22-a47d-8c48425ef4a7",11824312500
"Acacia koa A.Gray","Acacia","koa","-159.67018","22.109572","USA","Hawaii","Kauai","50c9509d-22c7-4a22-a47d-8c48425ef4a7",1683250000
"Acacia confusa Merr.","Acacia","confusa","-157.945755","21.629942","USA","Hawaii","Oahu","50c9509d-22c7-4a22-a47d-8c48425ef4a7",1801687500
"Acacia koa A.Gray","Acacia","koa","-157.810196","21.330505","USA","Hawaii","Oahu","50c9509d-22c7-4a22-a47d-8c48425ef4a7",1801687500
"Acacia koa A.Gray","Acacia","koa","-159.67572","22.151706","USA","Hawaii","Kauai","50c9509d-22c7-4a22-a47d-8c48425ef4a7",1683250000
"Acacia koa A.Gray","Acacia","koa","-155.321331","19.79298","USA","Hawaii",NA,"50c9509d-22c7-4a22-a47d-8c48425ef4a7",11824312500
"Acacia koa A.Gray","Acacia","koa","-159.661807","22.072041","USA","Hawaii","Kauai","50c9509d-22c7-4a22-a47d-8c48425ef4a7",1683250000
"Acacia koa A.Gray","Acacia","koa","-157.802355","21.294414","USA","Hawaii","Oahu","50c9509d-22c7-4a22-a47d-8c48425ef4a7",1801687500
"Acacia koa A.Gray","Acacia","koa","-157.81748","21.332554","USA","Hawaii","Oahu","50c9509d-22c7-4a22-a47d-8c48425ef4a7",1801687500
"Acacia koa A.Gray","Acacia","koa","-156.142512","20.69454","USA","Hawaii","Maui","50c9509d-22c7-4a22-a47d-8c48425ef4a7",2165812500
"Acacia koa A.Gray","Acacia","koa","-155.385222","19.492817","USA","Hawaii",NA,"50c9509d-22c7-4a22-a47d-8c48425ef4a7",11824312500
"Acacia koa A.Gray","Acacia","koa","-155.332962","19.789637","USA","Hawaii",NA,"50c9509d-22c7-4a22-a47d-8c48425ef4a7",11824312500
"Acacia koa A.Gray","Acacia","koa","-155.321331","19.79298","USA","Hawaii",NA,"50c9509d-22c7-4a22-a47d-8c48425ef4a7",11824312500
"Acacia koa A.Gray","Acacia","koa","-155.363083","19.364517","USA","Hawaii",NA,"50c9509d-22c7-4a22-a47d-8c48425ef4a7",11824312500
"Acacia koa A.Gray","Acacia","koa","-155.258493","19.429925","USA","Hawaii",NA,"50c9509d-22c7-4a22-a47d-8c48425ef4a7",11824312500
"Acacia koa A.Gray","Acacia","koa","-155.281858","19.44185","USA","Hawaii",NA,"50c9509d-22c7-4a22-a47d-8c48425ef4a7",11824312500
"Acacia koa A.Gray","Acacia","koa","-159.662033","22.071875","USA","Hawaii","Kauai","50c9509d-22c7-4a22-a47d-8c48425ef4a7",1683250000
"Acacia koa A.Gray","Acacia","koa","-157.752701","21.318979","USA","Hawaii","Oahu","50c9509d-22c7-4a22-a47d-8c48425ef4a7",1801687500
"Acacia confusa Merr.","Acacia","confusa","-157.746247","21.29747","USA","Hawaii","Oahu","50c9509d-22c7-4a22-a47d-8c48425ef4a7",1801687500
"Acacia confusa Merr.","Acacia","confusa","-156.644822","20.986303","USA","Hawaii","Maui","50c9509d-22c7-4a22-a47d-8c48425ef4a7",2165812500
"Acacia mangium Willd.","Acacia","mangium","-159.377148","22.071415","USA","Hawaii","Kauai","50c9509d-22c7-4a22-a47d-8c48425ef4a7",1683250000
"Acacia confusa Merr.","Acacia","confusa","-155.638276","19.042129","USA","Hawaii",NA,"50c9509d-22c7-4a22-a47d-8c48425ef4a7",11824312500
"Acacia koa A.Gray","Acacia","koa","-157.81253","21.336225","USA","Hawaii","Oahu","50c9509d-22c7-4a22-a47d-8c48425ef4a7",1801687500
"Acacia mangium Willd.","Acacia","mangium","-154.906386","19.538438","USA","Hawaii",NA,"50c9509d-22c7-4a22-a47d-8c48425ef4a7",11824312500
"Acacia mearnsii De Wild.","Acacia","mearnsii","-156.28138","20.800702","USA","Hawaii","Maui","50c9509d-22c7-4a22-a47d-8c48425ef4a7",2165812500
"Acacia koa A.Gray","Acacia","koa","-157.730815","21.307145","USA","Hawaii","Oahu","50c9509d-22c7-4a22-a47d-8c48425ef4a7",1801687500
"Acacia mangium Willd.","Acacia","mangium","-154.94349","19.583481","USA","Hawaii",NA,"14d5676a-2c54-4f94-9023-1e8dcd822aa0",11824312500
"Acacia confusa Merr.","Acacia","confusa","-155.080981","19.679697","USA","Hawaii",NA,"50c9509d-22c7-4a22-a47d-8c48425ef4a7",11824312500
"Acacia confusa Merr.","Acacia","confusa","-157.872012","21.359959","USA","Hawaii","Oahu","50c9509d-22c7-4a22-a47d-8c48425ef4a7",1801687500
"Acacia koa A.Gray","Acacia","koa","-157.805569","21.382735","USA","Hawaii","Oahu","50c9509d-22c7-4a22-a47d-8c48425ef4a7",1801687500
"Acacia koa A.Gray","Acacia","koa","-158.115487","21.374969","USA","Hawaii","Oahu","50c9509d-22c7-4a22-a47d-8c48425ef4a7",1801687500
"Acacia confusa Merr.","Acacia","confusa","-157.896237","21.395338","USA","Hawaii","Oahu","50c9509d-22c7-4a22-a47d-8c48425ef4a7",1801687500
"Acacia confusa Merr.","Acacia","confusa","-157.723956","21.306548","USA","Hawaii","Oahu","50c9509d-22c7-4a22-a47d-8c48425ef4a7",1801687500
"Acacia koa A.Gray","Acacia","koa","-157.812012","21.337422","USA","Hawaii","Oahu","50c9509d-22c7-4a22-a47d-8c48425ef4a7",1801687500
"Acacia koa A.Gray","Acacia","koa","-157.810775","21.33733","USA","Hawaii","Oahu","50c9509d-22c7-4a22-a47d-8c48425ef4a7",1801687500
"Acacia confusa Merr.","Acacia","confusa","-155.792834","19.938946","USA","Hawaii",NA,"50c9509d-22c7-4a22-a47d-8c48425ef4a7",11824312500
"Acacia mearnsii De Wild.","Acacia","mearnsii","-155.746048","20.056062","USA","Hawaii",NA,"50c9509d-22c7-4a22-a47d-8c48425ef4a7",11824312500
"Acacia koa A.Gray","Acacia","koa","-155.385191","19.671745","USA","Hawaii",NA,"50c9509d-22c7-4a22-a47d-8c48425ef4a7",11824312500
"Acacia mearnsii De Wild.","Acacia","mearnsii","-155.664642","19.88397","USA","Hawaii",NA,"50c9509d-22c7-4a22-a47d-8c48425ef4a7",11824312500
"Acacia koa A.Gray","Acacia","koa","-155.385739","19.672186","USA","Hawaii",NA,"50c9509d-22c7-4a22-a47d-8c48425ef4a7",11824312500
"Acacia confusa Merr.","Acacia","confusa","-157.821997","21.314246","USA","Hawaii","Oahu","50c9509d-22c7-4a22-a47d-8c48425ef4a7",1801687500
"Acacia koa A.Gray","Acacia","koa","-155.281097","19.434417","USA","Hawaii",NA,"50c9509d-22c7-4a22-a47d-8c48425ef4a7",11824312500
"Acacia koa A.Gray","Acacia","koa","-155.46698","19.687012","USA","Hawaii",NA,"50c9509d-22c7-4a22-a47d-8c48425ef4a7",11824312500
"Acacia koa A.Gray","Acacia","koa","-155.367939","19.673146","USA","Hawaii",NA,"50c9509d-22c7-4a22-a47d-8c48425ef4a7",11824312500
"Acacia koa A.Gray","Acacia","koaia","-155.73964","20.03207","USA","Hawaii",NA,"50c9509d-22c7-4a22-a47d-8c48425ef4a7",11824312500
"Acacia koa A.Gray","Acacia","koa","-155.3022","19.439753","USA","Hawaii",NA,"50c9509d-22c7-4a22-a47d-8c48425ef4a7",11824312500
"Acacia koa A.Gray","Acacia","koa","-155.303833","19.437468","USA","Hawaii",NA,"50c9509d-22c7-4a22-a47d-8c48425ef4a7",11824312500
"Acacia koa A.Gray","Acacia","koa","-155.312265","19.549124","USA","Hawaii",NA,"f0b88eb8-cfc1-4989-861d-30521645ce11",11824312500
"Acacia koa A.Gray","Acacia","koa","-155.319191","19.553624","USA","Hawaii",NA,"f0b88eb8-cfc1-4989-861d-30521645ce11",11824312500
"Acacia mearnsii De Wild.","Acacia","mearnsii","-156.319992","20.734683","USA","Hawaii","Maui","50c9509d-22c7-4a22-a47d-8c48425ef4a7",2165812500
"Acacia koa A.Gray","Acacia","koa","-157.822753","21.361617","USA","Hawaii","Oahu","50c9509d-22c7-4a22-a47d-8c48425ef4a7",1801687500
"Acacia koa A.Gray","Acacia","koa","-155.32061","19.78843","USA","Hawaii",NA,"50c9509d-22c7-4a22-a47d-8c48425ef4a7",11824312500
"Acacia koa A.Gray","Acacia","koa","-159.526124","22.09644","USA","Hawaii","Kauai","50c9509d-22c7-4a22-a47d-8c48425ef4a7",1683250000
"Acacia koa A.Gray","Acacia","koa","-155.300961","19.437766","USA","Hawaii",NA,"50c9509d-22c7-4a22-a47d-8c48425ef4a7",11824312500
"Acacia confusa Merr.","Acacia","confusa","-155.769199","19.157796","USA","Hawaii",NA,"50c9509d-22c7-4a22-a47d-8c48425ef4a7",11824312500
"Acacia koa A.Gray","Acacia","koa","-159.665847","22.111458","USA","Hawaii","Kauai","50c9509d-22c7-4a22-a47d-8c48425ef4a7",1683250000
"Acacia koa A.Gray","Acacia","koa","-155.267233","19.42985","USA","Hawaii",NA,"50c9509d-22c7-4a22-a47d-8c48425ef4a7",11824312500
"Acacia koa A.Gray","Acacia","koa","-155.267233","19.42985","USA","Hawaii",NA,"50c9509d-22c7-4a22-a47d-8c48425ef4a7",11824312500
"Acacia koa A.Gray","Acacia","koa","-157.836529","21.34986","USA","Hawaii","Oahu","50c9509d-22c7-4a22-a47d-8c48425ef4a7",1801687500
"Acacia koa A.Gray","Acacia","koa","-159.677232","22.101566","USA","Hawaii","Kauai","50c9509d-22c7-4a22-a47d-8c48425ef4a7",1683250000
"Acacia koa A.Gray","Acacia","koa","-155.466827","19.686478","USA","Hawaii",NA,"50c9509d-22c7-4a22-a47d-8c48425ef4a7",11824312500
"Acacia confusa Merr.","Acacia","confusa","-156.65248","20.964825","USA","Hawaii","Maui","50c9509d-22c7-4a22-a47d-8c48425ef4a7",2165812500
"Acacia koa A.Gray","Acacia","koa","-155.300781","19.437681","USA","Hawaii",NA,"50c9509d-22c7-4a22-a47d-8c48425ef4a7",11824312500
"Acacia koa A.Gray","Acacia","koa","-155.465863","19.687666","USA","Hawaii",NA,"50c9509d-22c7-4a22-a47d-8c48425ef4a7",11824312500
"Acacia koa A.Gray","Acacia","koa","-155.465965","19.687464","USA","Hawaii",NA,"50c9509d-22c7-4a22-a47d-8c48425ef4a7",11824312500
"Acacia koa A.Gray","Acacia","koa","-159.659764","22.051652","USA","Hawaii","Kauai","50c9509d-22c7-4a22-a47d-8c48425ef4a7",1683250000
"Acacia koa A.Gray","Acacia","koa","-159.6622","22.070958","USA","Hawaii","Kauai","50c9509d-22c7-4a22-a47d-8c48425ef4a7",1683250000
"Acacia koa A.Gray","Acacia","koa","-155.294546","19.45418","USA","Hawaii",NA,"50c9509d-22c7-4a22-a47d-8c48425ef4a7",11824312500
"Acacia confusa Merr.","Acacia","confusa","-157.944947","21.421117","USA","Hawaii","Oahu","50c9509d-22c7-4a22-a47d-8c48425ef4a7",1801687500
"Acacia koa A.Gray","Acacia","koa","-157.908997","21.432469","USA","Hawaii","Oahu","50c9509d-22c7-4a22-a47d-8c48425ef4a7",1801687500
"Acacia koa A.Gray","Acacia","koa","-157.86178","21.462558","USA","Hawaii","Oahu","50c9509d-22c7-4a22-a47d-8c48425ef4a7",1801687500
"Acacia koa A.Gray","Acacia","koa","-155.273071","19.431149","USA","Hawaii",NA,"50c9509d-22c7-4a22-a47d-8c48425ef4a7",11824312500
"Acacia koa A.Gray","Acacia","koa","-155.232372","19.429672","USA","Hawaii",NA,"50c9509d-22c7-4a22-a47d-8c48425ef4a7",11824312500
"Acacia koa A.Gray","Acacia","koa","-155.385816","19.492367","USA","Hawaii",NA,"50c9509d-22c7-4a22-a47d-8c48425ef4a7",11824312500
"Acacia koa A.Gray","Acacia","koa","-155.32015","19.443286","USA","Hawaii",NA,"50c9509d-22c7-4a22-a47d-8c48425ef4a7",11824312500
"Acacia koa A.Gray","Acacia","koa","-155.308603","19.520236","USA","Hawaii",NA,"50c9509d-22c7-4a22-a47d-8c48425ef4a7",11824312500
"Acacia confusa Merr.","Acacia","confusa","-156.517482","20.804392","USA","Hawaii","Maui","50c9509d-22c7-4a22-a47d-8c48425ef4a7",2165812500
"Acacia koa A.Gray","Acacia","koa","-155.28415","19.431103","USA","Hawaii",NA,"50c9509d-22c7-4a22-a47d-8c48425ef4a7",11824312500
"Acacia koa A.Gray","Acacia","koa","-155.285447","19.434338","USA","Hawaii",NA,"50c9509d-22c7-4a22-a47d-8c48425ef4a7",11824312500
"Acacia koa A.Gray","Acacia","koa","-155.291855","19.437175","USA","Hawaii",NA,"50c9509d-22c7-4a22-a47d-8c48425ef4a7",11824312500
"Acacia koa A.Gray","Acacia","koa","-156.239878","20.751243","USA","Hawaii","Maui","50c9509d-22c7-4a22-a47d-8c48425ef4a7",2165812500
"Acacia koa A.Gray","Acacia","koa","-155.281111","19.434474","USA","Hawaii",NA,"50c9509d-22c7-4a22-a47d-8c48425ef4a7",11824312500
"Acacia koa A.Gray","Acacia","koa","-155.272797","19.430922","USA","Hawaii",NA,"50c9509d-22c7-4a22-a47d-8c48425ef4a7",11824312500
"Acacia confusa Merr.","Acacia","confusa","-156.919394","20.845551","USA","Hawaii","Lanai","50c9509d-22c7-4a22-a47d-8c48425ef4a7",419687500
"Acacia koa A.Gray","Acacia","koa","-155.387634","19.664009","USA","Hawaii",NA,"50c9509d-22c7-4a22-a47d-8c48425ef4a7",11824312500
"Acacia koa A.Gray","Acacia","koa","-155.385056","19.672428","USA","Hawaii",NA,"50c9509d-22c7-4a22-a47d-8c48425ef4a7",11824312500
"Acacia koa A.Gray","Acacia","koa","-159.475719","22.200636","USA","Hawaii","Kauai","50c9509d-22c7-4a22-a47d-8c48425ef4a7",1683250000
"Acacia mearnsii De Wild.","Acacia","mearnsii","-159.672786","22.027486","USA","Hawaii","Kauai","50c9509d-22c7-4a22-a47d-8c48425ef4a7",1683250000
"Acacia mearnsii De Wild.","Acacia","mearnsii","-159.672202","22.027931","USA","Hawaii","Kauai","50c9509d-22c7-4a22-a47d-8c48425ef4a7",1683250000
"Acacia koa A.Gray","Acacia","koa","-155.759909","20.070566","USA","Hawaii",NA,"50c9509d-22c7-4a22-a47d-8c48425ef4a7",11824312500
"Acacia koa A.Gray","Acacia","koa","-155.385077","19.672353","USA","Hawaii",NA,"50c9509d-22c7-4a22-a47d-8c48425ef4a7",11824312500
"Acacia koa A.Gray","Acacia","koa","-155.387976","19.664637","USA","Hawaii",NA,"50c9509d-22c7-4a22-a47d-8c48425ef4a7",11824312500
"Acacia koa A.Gray","Acacia","koa","-155.301883","19.441218","USA","Hawaii",NA,"50c9509d-22c7-4a22-a47d-8c48425ef4a7",11824312500
"Acacia koa A.Gray","Acacia","koa","-155.841385","19.803104","USA","Hawaii",NA,"50c9509d-22c7-4a22-a47d-8c48425ef4a7",11824312500
"Acacia koa A.Gray","Acacia","koa","-157.900321","21.398598","USA","Hawaii","Oahu","50c9509d-22c7-4a22-a47d-8c48425ef4a7",1801687500
"Acacia koa A.Gray","Acacia","koa","-157.900321","21.398598","USA","Hawaii","Oahu","50c9509d-22c7-4a22-a47d-8c48425ef4a7",1801687500
"Acacia koa A.Gray","Acacia","koa","-155.385468","19.492542","USA","Hawaii",NA,"50c9509d-22c7-4a22-a47d-8c48425ef4a7",11824312500
"Acacia koa A.Gray","Acacia","koa","-155.281204","19.434523","USA","Hawaii",NA,"50c9509d-22c7-4a22-a47d-8c48425ef4a7",11824312500
"Acacia koa A.Gray","Acacia","koa","-155.286951","19.559284","USA","Hawaii",NA,"50c9509d-22c7-4a22-a47d-8c48425ef4a7",11824312500
"Acacia koa A.Gray","Acacia","koa","-157.822004","21.410022","USA","Hawaii","Oahu","50c9509d-22c7-4a22-a47d-8c48425ef4a7",1801687500
"Acacia koa A.Gray","Acacia","koa","-157.832261","21.44062","USA","Hawaii","Oahu","50c9509d-22c7-4a22-a47d-8c48425ef4a7",1801687500
"Acacia koa A.Gray","Acacia","koa","-159.66945","22.108817","USA","Hawaii","Kauai","50c9509d-22c7-4a22-a47d-8c48425ef4a7",1683250000
"Acacia koa A.Gray","Acacia","koa","-159.660112","22.064456","USA","Hawaii","Kauai","50c9509d-22c7-4a22-a47d-8c48425ef4a7",1683250000
"Acacia koa A.Gray","Acacia","koa","-159.662383","22.045739","USA","Hawaii","Kauai","50c9509d-22c7-4a22-a47d-8c48425ef4a7",1683250000
"Acacia koa A.Gray","Acacia","koa","-157.895952","21.401801","USA","Hawaii","Oahu","50c9509d-22c7-4a22-a47d-8c48425ef4a7",1801687500
"Acacia koa A.Gray","Acacia","koa","-159.697258","22.006724","USA","Hawaii","Kauai","50c9509d-22c7-4a22-a47d-8c48425ef4a7",1683250000
"Acacia koa A.Gray","Acacia","koa","-155.947695","19.719813","USA","Hawaii",NA,"50c9509d-22c7-4a22-a47d-8c48425ef4a7",11824312500
"Acacia koa A.Gray","Acacia","koa","-155.947261","19.720244","USA","Hawaii",NA,"50c9509d-22c7-4a22-a47d-8c48425ef4a7",11824312500
"Acacia koa A.Gray","Acacia","koa","-155.947292","19.721669","USA","Hawaii",NA,"50c9509d-22c7-4a22-a47d-8c48425ef4a7",11824312500
"Acacia koa A.Gray","Acacia","koa","-155.946615","19.720472","USA","Hawaii",NA,"50c9509d-22c7-4a22-a47d-8c48425ef4a7",11824312500
"Acacia koa A.Gray","Acacia","koa","-155.94724","19.722724","USA","Hawaii",NA,"50c9509d-22c7-4a22-a47d-8c48425ef4a7",11824312500
"Acacia koa A.Gray","Acacia","koa","-155.948336","19.726623","USA","Hawaii",NA,"50c9509d-22c7-4a22-a47d-8c48425ef4a7",11824312500
"Acacia koa A.Gray","Acacia","koa","-155.950439","19.733082","USA","Hawaii",NA,"50c9509d-22c7-4a22-a47d-8c48425ef4a7",11824312500
"Acacia koa A.Gray","Acacia","koa","-155.447997","19.918195","USA","Hawaii",NA,"50c9509d-22c7-4a22-a47d-8c48425ef4a7",11824312500
"Acacia koa A.Gray","Acacia","koa","-157.898955","21.393253","USA","Hawaii","Oahu","50c9509d-22c7-4a22-a47d-8c48425ef4a7",1801687500
"Acacia koa A.Gray","Acacia","koa","-159.664108","21.963758","USA","Hawaii","Kauai","50c9509d-22c7-4a22-a47d-8c48425ef4a7",1683250000
"Acacia koa A.Gray","Acacia","koa","-155.303611","19.446944","USA","Hawaii",NA,"50c9509d-22c7-4a22-a47d-8c48425ef4a7",11824312500
"Acacia koa A.Gray","Acacia","koa","-155.275852","19.452585","USA","Hawaii",NA,"50c9509d-22c7-4a22-a47d-8c48425ef4a7",11824312500
"Acacia koa A.Gray","Acacia","koa","-159.659714","22.051539","USA","Hawaii","Kauai","50c9509d-22c7-4a22-a47d-8c48425ef4a7",1683250000
"Acacia koa A.Gray","Acacia","koa","-156.180085","20.868678","USA","Hawaii","Maui","50c9509d-22c7-4a22-a47d-8c48425ef4a7",2165812500
"Acacia koa A.Gray","Acacia","koa","-155.288497","19.41937","USA","Hawaii",NA,"50c9509d-22c7-4a22-a47d-8c48425ef4a7",11824312500
"Acacia confusa Merr.","Acacia","confusa","-157.776092","21.405862","USA","Hawaii","Oahu","50c9509d-22c7-4a22-a47d-8c48425ef4a7",1801687500
"Acacia confusa Merr.","Acacia","confusa","-157.81392","21.299508","USA","Hawaii","Oahu","50c9509d-22c7-4a22-a47d-8c48425ef4a7",1801687500
"Acacia koa A.Gray","Acacia","koa","-155.3262","19.7895","USA","Hawaii",NA,"50c9509d-22c7-4a22-a47d-8c48425ef4a7",11824312500
"Acacia koa A.Gray","Acacia","koa","-155.385497","19.672055","USA","Hawaii",NA,"50c9509d-22c7-4a22-a47d-8c48425ef4a7",11824312500
"Acacia confusa Merr.","Acacia","confusa","-157.729675","21.368987","USA","Hawaii","Oahu","50c9509d-22c7-4a22-a47d-8c48425ef4a7",1801687500
"Acacia koa A.Gray","Acacia","koa","-155.387389","19.663214","USA","Hawaii",NA,"50c9509d-22c7-4a22-a47d-8c48425ef4a7",11824312500
"Acacia koa A.Gray","Acacia","koa","-155.385942","19.660958","USA","Hawaii",NA,"50c9509d-22c7-4a22-a47d-8c48425ef4a7",11824312500
"Acacia koa A.Gray","Acacia","koa","-158.152554","21.47662","USA","Hawaii","Oahu","50c9509d-22c7-4a22-a47d-8c48425ef4a7",1801687500
"Acacia koa A.Gray","Acacia","koa","-158.152653","21.476768","USA","Hawaii","Oahu","50c9509d-22c7-4a22-a47d-8c48425ef4a7",1801687500
"Acacia koa A.Gray","Acacia","koa","-155.947983","19.724487","USA","Hawaii",NA,"50c9509d-22c7-4a22-a47d-8c48425ef4a7",11824312500
"Acacia confusa Merr.","Acacia","confusa","-158.206406","21.494314","USA","Hawaii","Oahu","50c9509d-22c7-4a22-a47d-8c48425ef4a7",1801687500
"Acacia koa A.Gray","Acacia","koa","-157.897413","21.399563","USA","Hawaii","Oahu","50c9509d-22c7-4a22-a47d-8c48425ef4a7",1801687500
"Acacia koa A.Gray","Acacia","koa","-157.936009","21.645482","USA","Hawaii","Oahu","50c9509d-22c7-4a22-a47d-8c48425ef4a7",1801687500
"Acacia mearnsii De Wild.","Acacia","mearnsii","-159.632225","22.131038","USA","Hawaii","Kauai","50c9509d-22c7-4a22-a47d-8c48425ef4a7",1683250000
"Acacia mearnsii De Wild.","Acacia","mearnsii","-159.642622","22.124715","USA","Hawaii","Kauai","50c9509d-22c7-4a22-a47d-8c48425ef4a7",1683250000
"Acacia mearnsii De Wild.","Acacia","mearnsii","-155.678131","20.020336","USA","Hawaii",NA,"50c9509d-22c7-4a22-a47d-8c48425ef4a7",11824312500
"Acacia koa A.Gray","Acacia","koa","-159.634063","22.122197","USA","Hawaii","Kauai","50c9509d-22c7-4a22-a47d-8c48425ef4a7",1683250000
"Acacia koa A.Gray","Acacia","koa","-155.465728","19.687575","USA","Hawaii",NA,"50c9509d-22c7-4a22-a47d-8c48425ef4a7",11824312500
"Acacia koa A.Gray","Acacia","koa","-158.064893","21.458804","USA","Hawaii","Oahu","50c9509d-22c7-4a22-a47d-8c48425ef4a7",1801687500
"Acacia koa A.Gray","Acacia","koa","-159.662542","22.072099","USA","Hawaii","Kauai","50c9509d-22c7-4a22-a47d-8c48425ef4a7",1683250000
"Acacia koa A.Gray","Acacia","koa","-155.312477","19.797332","USA","Hawaii",NA,"50c9509d-22c7-4a22-a47d-8c48425ef4a7",11824312500
"Acacia melanoxylon R.Br.","Acacia","melanoxylon","-159.354548","22.061649","USA","Hawaii","Kauai","50c9509d-22c7-4a22-a47d-8c48425ef4a7",1683250000
"Acacia confusa Merr.","Acacia","confusa","-157.783447","21.299897","USA","Hawaii","Oahu","50c9509d-22c7-4a22-a47d-8c48425ef4a7",1801687500
"Acacia koa A.Gray","Acacia","koa","-155.328614","19.790689","USA","Hawaii",NA,"50c9509d-22c7-4a22-a47d-8c48425ef4a7",11824312500
"Acacia koa A.Gray","Acacia","koa","-155.327972","19.790991","USA","Hawaii",NA,"50c9509d-22c7-4a22-a47d-8c48425ef4a7",11824312500
"Acacia koa A.Gray","Acacia","koa","-155.327972","19.790991","USA","Hawaii",NA,"50c9509d-22c7-4a22-a47d-8c48425ef4a7",11824312500
"Acacia koa A.Gray","Acacia","koa","-155.327972","19.790991","USA","Hawaii",NA,"50c9509d-22c7-4a22-a47d-8c48425ef4a7",11824312500
"Acacia koa A.Gray","Acacia","koa","-155.735164","20.052836","USA","Hawaii",NA,"50c9509d-22c7-4a22-a47d-8c48425ef4a7",11824312500
"Acacia koa A.Gray","Acacia","koa","-155.327531","19.790947","USA","Hawaii",NA,"50c9509d-22c7-4a22-a47d-8c48425ef4a7",11824312500
"Acacia koa A.Gray","Acacia","koa","-159.657521","22.050999","USA","Hawaii","Kauai","50c9509d-22c7-4a22-a47d-8c48425ef4a7",1683250000
"Acacia koa A.Gray","Acacia","koa","-159.659696","22.051683","USA","Hawaii","Kauai","50c9509d-22c7-4a22-a47d-8c48425ef4a7",1683250000
"Acacia koa A.Gray","Acacia","koa","-155.334909","19.790011","USA","Hawaii",NA,"50c9509d-22c7-4a22-a47d-8c48425ef4a7",11824312500
"Acacia koa A.Gray","Acacia","koa","-155.333765","19.789738","USA","Hawaii",NA,"50c9509d-22c7-4a22-a47d-8c48425ef4a7",11824312500
"Acacia koa A.Gray","Acacia","koa","-155.320171","19.788294","USA","Hawaii",NA,"50c9509d-22c7-4a22-a47d-8c48425ef4a7",11824312500
"Acacia koa A.Gray","Acacia","koa","-155.238272","19.640195","USA","Hawaii",NA,"50c9509d-22c7-4a22-a47d-8c48425ef4a7",11824312500
"Acacia koa A.Gray","Acacia","koa","-155.328614","19.790689","USA","Hawaii",NA,"50c9509d-22c7-4a22-a47d-8c48425ef4a7",11824312500
"Acacia koa A.Gray","Acacia","koa","-155.221754","19.712062","USA","Hawaii",NA,"50c9509d-22c7-4a22-a47d-8c48425ef4a7",11824312500
"Acacia confusa Merr.","Acacia","confusa","-157.762283","21.303472","USA","Hawaii","Oahu","50c9509d-22c7-4a22-a47d-8c48425ef4a7",1801687500
"Acacia koa A.Gray","Acacia","koa","-155.38991","19.665141","USA","Hawaii",NA,"50c9509d-22c7-4a22-a47d-8c48425ef4a7",11824312500
"Acacia koa A.Gray","Acacia","koa","-155.330585","19.790369","USA","Hawaii",NA,"50c9509d-22c7-4a22-a47d-8c48425ef4a7",11824312500
"Acacia koa A.Gray","Acacia","koa","-157.897638","21.399562","USA","Hawaii","Oahu","50c9509d-22c7-4a22-a47d-8c48425ef4a7",1801687500
"Acacia koa A.Gray","Acacia","koa","-155.385247","19.672243","USA","Hawaii",NA,"50c9509d-22c7-4a22-a47d-8c48425ef4a7",11824312500
"Acacia koa A.Gray","Acacia","koa","-155.342376","19.785955","USA","Hawaii",NA,"50c9509d-22c7-4a22-a47d-8c48425ef4a7",11824312500
"Acacia koa A.Gray","Acacia","koa","-155.331329","19.789325","USA","Hawaii",NA,"50c9509d-22c7-4a22-a47d-8c48425ef4a7",11824312500
"Acacia koa A.Gray","Acacia","koa","-157.893203","21.402992","USA","Hawaii","Oahu","50c9509d-22c7-4a22-a47d-8c48425ef4a7",1801687500
"Acacia confusa Merr.","Acacia","confusa","-156.53209","20.9527","USA","Hawaii","Maui","50c9509d-22c7-4a22-a47d-8c48425ef4a7",2165812500
"Acacia confusa Merr.","Acacia","confusa","-156.53218","20.95284","USA","Hawaii","Maui","50c9509d-22c7-4a22-a47d-8c48425ef4a7",2165812500
"Acacia confusa Merr.","Acacia","confusa","-157.897075","21.399562","USA","Hawaii","Oahu","50c9509d-22c7-4a22-a47d-8c48425ef4a7",1801687500
"Acacia confusa Merr.","Acacia","confusa","-157.723927","21.305315","USA","Hawaii","Oahu","50c9509d-22c7-4a22-a47d-8c48425ef4a7",1801687500
"Acacia confusa Merr.","Acacia","confusa","-157.724247","21.309235","USA","Hawaii","Oahu","50c9509d-22c7-4a22-a47d-8c48425ef4a7",1801687500
"Acacia koa A.Gray","Acacia","koa","-155.827478","19.773352","USA","Hawaii",NA,"50c9509d-22c7-4a22-a47d-8c48425ef4a7",11824312500
"Acacia koa A.Gray","Acacia","koa","-159.661866","22.07163","USA","Hawaii","Kauai","50c9509d-22c7-4a22-a47d-8c48425ef4a7",1683250000
"Acacia koa A.Gray","Acacia","koa","-159.66927","22.109808","USA","Hawaii","Kauai","50c9509d-22c7-4a22-a47d-8c48425ef4a7",1683250000
"Acacia koa A.Gray","Acacia","koa","-159.65891","22.051947","USA","Hawaii","Kauai","50c9509d-22c7-4a22-a47d-8c48425ef4a7",1683250000
"Acacia koa A.Gray","Acacia","koa","-157.893329","21.400016","USA","Hawaii","Oahu","50c9509d-22c7-4a22-a47d-8c48425ef4a7",1801687500
"Acacia koa A.Gray","Acacia","koa","-157.893329","21.400016","USA","Hawaii","Oahu","50c9509d-22c7-4a22-a47d-8c48425ef4a7",1801687500
"Acacia koa A.Gray","Acacia","koa","-157.833495","21.355714","USA","Hawaii","Oahu","50c9509d-22c7-4a22-a47d-8c48425ef4a7",1801687500
"Acacia koa A.Gray","Acacia","koa","-159.673148","22.150706","USA","Hawaii","Kauai","50c9509d-22c7-4a22-a47d-8c48425ef4a7",1683250000
"Acacia koa A.Gray","Acacia","koa","-155.313957","19.798319","USA","Hawaii",NA,"50c9509d-22c7-4a22-a47d-8c48425ef4a7",11824312500
"Acacia koa A.Gray","Acacia","koa","-155.525748","19.750011","USA","Hawaii",NA,"50c9509d-22c7-4a22-a47d-8c48425ef4a7",11824312500
"Acacia koa A.Gray","Acacia","koa","-155.94513","19.659792","USA","Hawaii",NA,"50c9509d-22c7-4a22-a47d-8c48425ef4a7",11824312500
"Acacia koa A.Gray","Acacia","koa","-159.670278","22.13","USA","Hawaii","Kauai","50c9509d-22c7-4a22-a47d-8c48425ef4a7",1683250000
"Acacia koa A.Gray","Acacia","koa","-157.932332","21.431922","USA","Hawaii","Oahu","50c9509d-22c7-4a22-a47d-8c48425ef4a7",1801687500
"Acacia koa A.Gray","Acacia","koa","-155.947555","19.722272","USA","Hawaii",NA,"50c9509d-22c7-4a22-a47d-8c48425ef4a7",11824312500
"Acacia koa A.Gray","Acacia","koa","-159.661895","22.071628","USA","Hawaii","Kauai","50c9509d-22c7-4a22-a47d-8c48425ef4a7",1683250000
"Acacia koa A.Gray","Acacia","koa","-155.466142","19.687067","USA","Hawaii",NA,"50c9509d-22c7-4a22-a47d-8c48425ef4a7",11824312500
"Acacia koa A.Gray","Acacia","koa","-159.67292","22.092604","USA","Hawaii","Kauai","50c9509d-22c7-4a22-a47d-8c48425ef4a7",1683250000
"Acacia koa A.Gray","Acacia","koa","-159.674428","22.151501","USA","Hawaii","Kauai","50c9509d-22c7-4a22-a47d-8c48425ef4a7",1683250000
"Acacia koa A.Gray","Acacia","koa","-155.8385","19.7683","USA","Hawaii",NA,"50c9509d-22c7-4a22-a47d-8c48425ef4a7",11824312500
"Acacia koa A.Gray","Acacia","koa","-155.3853","19.6726","USA","Hawaii",NA,"50c9509d-22c7-4a22-a47d-8c48425ef4a7",11824312500
"Acacia koa A.Gray","Acacia","koa","-155.322006","19.788237","USA","Hawaii",NA,"50c9509d-22c7-4a22-a47d-8c48425ef4a7",11824312500
"Acacia koa A.Gray","Acacia","koa","-155.322006","19.788237","USA","Hawaii",NA,"50c9509d-22c7-4a22-a47d-8c48425ef4a7",11824312500
"Acacia koa A.Gray","Acacia","koa","-155.322006","19.788237","USA","Hawaii",NA,"50c9509d-22c7-4a22-a47d-8c48425ef4a7",11824312500
"Acacia koa A.Gray","Acacia","koa","-155.322006","19.788237","USA","Hawaii",NA,"50c9509d-22c7-4a22-a47d-8c48425ef4a7",11824312500
"Acacia koa A.Gray","Acacia","koa","-155.322006","19.788237","USA","Hawaii",NA,"50c9509d-22c7-4a22-a47d-8c48425ef4a7",11824312500
"Acacia koa A.Gray","Acacia","koa","-155.301883","19.440203","USA","Hawaii",NA,"50c9509d-22c7-4a22-a47d-8c48425ef4a7",11824312500
"Acacia koa A.Gray","Acacia","koa","-156.229185","20.77705","USA","Hawaii","Maui","50c9509d-22c7-4a22-a47d-8c48425ef4a7",2165812500
"Acacia koa A.Gray","Acacia","koa","-158.095932","21.441422","USA","Hawaii","Oahu","50c9509d-22c7-4a22-a47d-8c48425ef4a7",1801687500
"Acacia koa A.Gray","Acacia","koa","-157.897155","21.399645","USA","Hawaii","Oahu","50c9509d-22c7-4a22-a47d-8c48425ef4a7",1801687500
"Acacia koa A.Gray","Acacia","koa","-157.893142","21.402758","USA","Hawaii","Oahu","50c9509d-22c7-4a22-a47d-8c48425ef4a7",1801687500
"Acacia koa A.Gray","Acacia","koa","-157.841092","21.301911","USA","Hawaii","Oahu","50c9509d-22c7-4a22-a47d-8c48425ef4a7",1801687500
"Acacia koa A.Gray","Acacia","koa","-155.326853","19.789581","USA","Hawaii",NA,"50c9509d-22c7-4a22-a47d-8c48425ef4a7",11824312500
"Acacia confusa Merr.","Acacia","confusa","-155.926074","19.532531","USA","Hawaii",NA,"50c9509d-22c7-4a22-a47d-8c48425ef4a7",11824312500
"Acacia koa A.Gray","Acacia","koa","-155.466328","19.686637","USA","Hawaii",NA,"50c9509d-22c7-4a22-a47d-8c48425ef4a7",11824312500
"Acacia confusa Merr.","Acacia","confusa","-157.755066","21.365211","USA","Hawaii","Oahu","50c9509d-22c7-4a22-a47d-8c48425ef4a7",1801687500
"Acacia confusa Merr.","Acacia","confusa","-157.724228","21.30665","USA","Hawaii","Oahu","50c9509d-22c7-4a22-a47d-8c48425ef4a7",1801687500
"Acacia auriculiformis A.Cunn. ex Benth.","Acacia","auriculiformis","-159.316","22.1642","USA","Hawaii","Kauai","821cc27a-e3bb-4bc5-ac34-89ada245069d",1683250000
"Acacia confusa Merr.","Acacia","confusa","-157.754648","21.311272","USA","Hawaii","Oahu","50c9509d-22c7-4a22-a47d-8c48425ef4a7",1801687500
"Acacia confusa Merr.","Acacia","confusa","-157.754648","21.311272","USA","Hawaii","Oahu","50c9509d-22c7-4a22-a47d-8c48425ef4a7",1801687500
"Acacia confusa Merr.","Acacia","confusa","-157.754648","21.311272","USA","Hawaii","Oahu","50c9509d-22c7-4a22-a47d-8c48425ef4a7",1801687500
"Acacia koa A.Gray","Acacia","koa","-159.634172","22.128837","USA","Hawaii","Kauai","50c9509d-22c7-4a22-a47d-8c48425ef4a7",1683250000
"Acacia koa A.Gray","Acacia","koa","-155.295063","19.457143","USA","Hawaii",NA,"50c9509d-22c7-4a22-a47d-8c48425ef4a7",11824312500
"Acacia koa A.Gray","Acacia","koa","-155.295524","19.457627","USA","Hawaii",NA,"50c9509d-22c7-4a22-a47d-8c48425ef4a7",11824312500
"Acacia koa A.Gray","Acacia","koa","-155.331162","19.790205","USA","Hawaii",NA,"50c9509d-22c7-4a22-a47d-8c48425ef4a7",11824312500
"Acacia koa A.Gray","Acacia","koa","-159.674456","22.151557","USA","Hawaii","Kauai","50c9509d-22c7-4a22-a47d-8c48425ef4a7",1683250000
"Acacia koa A.Gray","Acacia","koa","-157.879166","21.522066","USA","Hawaii","Oahu","50c9509d-22c7-4a22-a47d-8c48425ef4a7",1801687500
"Acacia koa A.Gray","Acacia","koa","-157.810937","21.337688","USA","Hawaii","Oahu","50c9509d-22c7-4a22-a47d-8c48425ef4a7",1801687500
"Acacia koa A.Gray","Acacia","koa","-155.384107","19.676629","USA","Hawaii",NA,"50c9509d-22c7-4a22-a47d-8c48425ef4a7",11824312500
"Acacia koa A.Gray","Acacia","koa","-159.657514","22.130426","USA","Hawaii","Kauai","50c9509d-22c7-4a22-a47d-8c48425ef4a7",1683250000
"Acacia koa A.Gray","Acacia","koa","-155.3023","19.440014","USA","Hawaii",NA,"50c9509d-22c7-4a22-a47d-8c48425ef4a7",11824312500
"Acacia koa A.Gray","Acacia","koa","-155.282928","19.428143","USA","Hawaii",NA,"50c9509d-22c7-4a22-a47d-8c48425ef4a7",11824312500
"Acacia koa A.Gray","Acacia","koa","-155.302234","19.440066","USA","Hawaii",NA,"50c9509d-22c7-4a22-a47d-8c48425ef4a7",11824312500
"Acacia koa A.Gray","Acacia","koa","-157.897285","21.399556","USA","Hawaii","Oahu","50c9509d-22c7-4a22-a47d-8c48425ef4a7",1801687500
"Acacia koa A.Gray","Acacia","koa","-159.669811","22.109455","USA","Hawaii","Kauai","50c9509d-22c7-4a22-a47d-8c48425ef4a7",1683250000
"Acacia confusa Merr.","Acacia","confusa","-156.656385","20.997525","USA","Hawaii","Maui","50c9509d-22c7-4a22-a47d-8c48425ef4a7",2165812500
"Acacia confusa Merr.","Acacia","confusa","-156.64952","20.995553","USA","Hawaii","Maui","50c9509d-22c7-4a22-a47d-8c48425ef4a7",2165812500
"Acacia confusa Merr.","Acacia","confusa","-156.643749","20.984162","USA","Hawaii","Maui","50c9509d-22c7-4a22-a47d-8c48425ef4a7",2165812500
"Acacia koa A.Gray","Acacia","koa","-156.354753","20.660603","USA","Hawaii","Maui","50c9509d-22c7-4a22-a47d-8c48425ef4a7",2165812500
"Acacia koa A.Gray","Acacia","koa","-159.662624","22.071599","USA","Hawaii","Kauai","50c9509d-22c7-4a22-a47d-8c48425ef4a7",1683250000
"Acacia koa A.Gray","Acacia","koa","-155.272164","19.435939","USA","Hawaii",NA,"50c9509d-22c7-4a22-a47d-8c48425ef4a7",11824312500
"Acacia koa A.Gray","Acacia","koa","-155.465517","19.687537","USA","Hawaii",NA,"50c9509d-22c7-4a22-a47d-8c48425ef4a7",11824312500
"Acacia koa A.Gray","Acacia","koa","-155.325275","19.789518","USA","Hawaii",NA,"50c9509d-22c7-4a22-a47d-8c48425ef4a7",11824312500
"Acacia koa A.Gray","Acacia","koa","-158.184479","21.479328","USA","Hawaii","Oahu","50c9509d-22c7-4a22-a47d-8c48425ef4a7",1801687500
"Acacia koa A.Gray","Acacia","koa","-155.391555","19.659362","USA","Hawaii",NA,"50c9509d-22c7-4a22-a47d-8c48425ef4a7",11824312500
"Acacia mangium Willd.","Acacia","mangium","-159.425","22.0571","USA","Hawaii","Kauai","821cc27a-e3bb-4bc5-ac34-89ada245069d",1683250000
"Acacia mangium Willd.","Acacia","mangium","-156.23552","20.772194","USA","Hawaii","Maui","50c9509d-22c7-4a22-a47d-8c48425ef4a7",2165812500
"Acacia melanoxylon R.Br.","Acacia","melanoxylon","-156.235545","20.772143","USA","Hawaii","Maui","50c9509d-22c7-4a22-a47d-8c48425ef4a7",2165812500
"Acacia koa A.Gray","Acacia","koa","-156.234944","20.772545","USA","Hawaii","Maui","50c9509d-22c7-4a22-a47d-8c48425ef4a7",2165812500
"Acacia koa A.Gray","Acacia","koa","-156.234996","20.772865","USA","Hawaii","Maui","50c9509d-22c7-4a22-a47d-8c48425ef4a7",2165812500
"Acacia koa A.Gray","Acacia","koa","-156.235201","20.772653","USA","Hawaii","Maui","50c9509d-22c7-4a22-a47d-8c48425ef4a7",2165812500
"Acacia koa A.Gray","Acacia","koa","-156.235013","20.772768","USA","Hawaii","Maui","50c9509d-22c7-4a22-a47d-8c48425ef4a7",2165812500
"Acacia confusa Merr.","Acacia","confusa","-156.319888","20.852196","USA","Hawaii","Maui","50c9509d-22c7-4a22-a47d-8c48425ef4a7",2165812500
"Acacia koa A.Gray","Acacia","koa","-156.319418","20.851586","USA","Hawaii","Maui","50c9509d-22c7-4a22-a47d-8c48425ef4a7",2165812500
"Acacia koa A.Gray","Acacia","koa","-156.319577","20.851796","USA","Hawaii","Maui","50c9509d-22c7-4a22-a47d-8c48425ef4a7",2165812500
"Acacia koa A.Gray","Acacia","koa","-157.845428","21.391058","USA","Hawaii","Oahu","50c9509d-22c7-4a22-a47d-8c48425ef4a7",1801687500
"Acacia koa A.Gray","Acacia","koa","-156.24","20.771111","USA","Hawaii","Maui","50c9509d-22c7-4a22-a47d-8c48425ef4a7",2165812500
"Acacia koa A.Gray","Acacia","koa","-158.158644","21.49605","USA","Hawaii","Oahu","50c9509d-22c7-4a22-a47d-8c48425ef4a7",1801687500
"Acacia confusa Merr.","Acacia","confusa","-157.72213","21.308727","USA","Hawaii","Oahu","50c9509d-22c7-4a22-a47d-8c48425ef4a7",1801687500
"Acacia auriculiformis A.Cunn. ex Benth.","Acacia","auriculiformis","-159.315","22.1618","USA","Hawaii","Kauai","821cc27a-e3bb-4bc5-ac34-89ada245069d",1683250000
"Acacia confusa Merr.","Acacia","confusa","-158.157792","21.492437","USA","Hawaii","Oahu","50c9509d-22c7-4a22-a47d-8c48425ef4a7",1801687500
"Acacia koa A.Gray","Acacia","koa","-155.69368","19.137747","USA","Hawaii",NA,"50c9509d-22c7-4a22-a47d-8c48425ef4a7",11824312500
"Acacia koa A.Gray","Acacia","koa","-155.287146","19.430127","USA","Hawaii",NA,"50c9509d-22c7-4a22-a47d-8c48425ef4a7",11824312500
"Acacia koa A.Gray","Acacia","koa","-156.236465","20.77373","USA","Hawaii","Maui","50c9509d-22c7-4a22-a47d-8c48425ef4a7",2165812500
"Acacia koa A.Gray","Acacia","koa","-155.316545","19.788392","USA","Hawaii",NA,"50c9509d-22c7-4a22-a47d-8c48425ef4a7",11824312500
"Acacia koa A.Gray","Acacia","koa","-155.284882","19.81224","USA","Hawaii",NA,"50c9509d-22c7-4a22-a47d-8c48425ef4a7",11824312500
"Acacia koa A.Gray","Acacia","koaia","-159.486","21.9629","USA","Hawaii","Kauai","821cc27a-e3bb-4bc5-ac34-89ada245069d",1683250000
"Acacia koa A.Gray","Acacia","koa","-155.466542","19.687001","USA","Hawaii",NA,"50c9509d-22c7-4a22-a47d-8c48425ef4a7",11824312500
"Acacia mearnsii De Wild.","Acacia","mearnsii","-155.685893","20.037189","USA","Hawaii",NA,"50c9509d-22c7-4a22-a47d-8c48425ef4a7",11824312500
"Acacia koa A.Gray","Acacia","koa","-155.235156","19.429803","USA","Hawaii",NA,"50c9509d-22c7-4a22-a47d-8c48425ef4a7",11824312500
"Acacia koa A.Gray","Acacia","koa","-155.235078","19.429909","USA","Hawaii",NA,"50c9509d-22c7-4a22-a47d-8c48425ef4a7",11824312500
"Acacia koa A.Gray","Acacia","koa","-156.235233","20.771917","USA","Hawaii","Maui","50c9509d-22c7-4a22-a47d-8c48425ef4a7",2165812500
"Acacia koa A.Gray","Acacia","koa","-156.234983","20.774567","USA","Hawaii","Maui","50c9509d-22c7-4a22-a47d-8c48425ef4a7",2165812500
"Acacia koa A.Gray","Acacia","koa","-156.238083","20.768933","USA","Hawaii","Maui","50c9509d-22c7-4a22-a47d-8c48425ef4a7",2165812500
"Acacia koa A.Gray","Acacia","koa","-156.23735","20.76875","USA","Hawaii","Maui","50c9509d-22c7-4a22-a47d-8c48425ef4a7",2165812500
"Acacia koa A.Gray","Acacia","koa","-156.234983","20.772933","USA","Hawaii","Maui","50c9509d-22c7-4a22-a47d-8c48425ef4a7",2165812500
"Acacia koa A.Gray","Acacia","koaia","-159.579","22.2012","USA","Hawaii","Kauai","821cc27a-e3bb-4bc5-ac34-89ada245069d",1683250000
"Acacia koa A.Gray","Acacia","koa","-155.256849","19.426467","USA","Hawaii",NA,"50c9509d-22c7-4a22-a47d-8c48425ef4a7",11824312500
"Acacia koa A.Gray","Acacia","koa","-155.257311","19.425319","USA","Hawaii",NA,"50c9509d-22c7-4a22-a47d-8c48425ef4a7",11824312500
"Acacia koa A.Gray","Acacia","koa","-155.25738","19.425277","USA","Hawaii",NA,"50c9509d-22c7-4a22-a47d-8c48425ef4a7",11824312500
"Acacia koa A.Gray","Acacia","koa","-155.301043","19.437087","USA","Hawaii",NA,"50c9509d-22c7-4a22-a47d-8c48425ef4a7",11824312500
"Acacia koa A.Gray","Acacia","koa","-155.301162","19.437071","USA","Hawaii",NA,"50c9509d-22c7-4a22-a47d-8c48425ef4a7",11824312500
"Acacia koa A.Gray","Acacia","koa","-155.3034","19.43721","USA","Hawaii",NA,"50c9509d-22c7-4a22-a47d-8c48425ef4a7",11824312500
"Acacia koa A.Gray","Acacia","koa","-155.293307","19.422793","USA","Hawaii",NA,"50c9509d-22c7-4a22-a47d-8c48425ef4a7",11824312500
"Acacia koa A.Gray","Acacia","koa","-155.288293","19.428987","USA","Hawaii",NA,"50c9509d-22c7-4a22-a47d-8c48425ef4a7",11824312500
"Acacia koa A.Gray","Acacia","koa","-155.257063","19.426511","USA","Hawaii",NA,"50c9509d-22c7-4a22-a47d-8c48425ef4a7",11824312500
"Acacia koa A.Gray","Acacia","koa","-155.256472","19.426309","USA","Hawaii",NA,"50c9509d-22c7-4a22-a47d-8c48425ef4a7",11824312500
"Acacia koa A.Gray","Acacia","koa","-155.300966","19.436884","USA","Hawaii",NA,"50c9509d-22c7-4a22-a47d-8c48425ef4a7",11824312500
"Acacia koa A.Gray","Acacia","koa","-155.316272","19.443228","USA","Hawaii",NA,"50c9509d-22c7-4a22-a47d-8c48425ef4a7",11824312500
"Acacia koa A.Gray","Acacia","koa","-155.302624","19.438665","USA","Hawaii",NA,"50c9509d-22c7-4a22-a47d-8c48425ef4a7",11824312500
"Acacia koa A.Gray","Acacia","koa","-155.288293","19.428987","USA","Hawaii",NA,"50c9509d-22c7-4a22-a47d-8c48425ef4a7",11824312500
"Acacia koa A.Gray","Acacia","koa","-155.255197","19.420783","USA","Hawaii",NA,"50c9509d-22c7-4a22-a47d-8c48425ef4a7",11824312500
"Acacia koa A.Gray","Acacia","koa","-155.239236","19.334663","USA","Hawaii",NA,"50c9509d-22c7-4a22-a47d-8c48425ef4a7",11824312500
"Acacia koa A.Gray","Acacia","koa","-155.272658","19.384696","USA","Hawaii",NA,"50c9509d-22c7-4a22-a47d-8c48425ef4a7",11824312500
"Acacia koa A.Gray","Acacia","koa","-158.025578","21.644159","USA","Hawaii","Oahu","50c9509d-22c7-4a22-a47d-8c48425ef4a7",1801687500
"Acacia koa A.Gray","Acacia","koa","-157.87857","21.407362","USA","Hawaii","Oahu","50c9509d-22c7-4a22-a47d-8c48425ef4a7",1801687500
"Acacia koa A.Gray","Acacia","koa","-155.336156","19.454737","USA","Hawaii",NA,"50c9509d-22c7-4a22-a47d-8c48425ef4a7",11824312500
"Acacia koa A.Gray","Acacia","koa","-157.745977","21.2974","USA","Hawaii","Oahu","50c9509d-22c7-4a22-a47d-8c48425ef4a7",1801687500
"Acacia koa A.Gray","Acacia","koa","-159.657883","22.130367","USA","Hawaii","Kauai","50c9509d-22c7-4a22-a47d-8c48425ef4a7",1683250000
"Acacia koa A.Gray","Acacia","koa","-155.465775","19.687764","USA","Hawaii",NA,"50c9509d-22c7-4a22-a47d-8c48425ef4a7",11824312500
"Acacia koa A.Gray","Acacia","koa","-155.466903","19.686892","USA","Hawaii",NA,"50c9509d-22c7-4a22-a47d-8c48425ef4a7",11824312500
"Acacia confusa Merr.","Acacia","confusa","-158.102138","21.42817","USA","Hawaii","Oahu","50c9509d-22c7-4a22-a47d-8c48425ef4a7",1801687500
"Acacia koa A.Gray","Acacia","koa","-155.377399","19.747983","USA","Hawaii",NA,"50c9509d-22c7-4a22-a47d-8c48425ef4a7",11824312500
"Acacia koa A.Gray","Acacia","koa","-155.377399","19.747983","USA","Hawaii",NA,"50c9509d-22c7-4a22-a47d-8c48425ef4a7",11824312500
"Acacia koa A.Gray","Acacia","koa","-155.302044","19.794338","USA","Hawaii",NA,"50c9509d-22c7-4a22-a47d-8c48425ef4a7",11824312500
"Acacia koa A.Gray","Acacia","koa","-155.305701","19.797815","USA","Hawaii",NA,"50c9509d-22c7-4a22-a47d-8c48425ef4a7",11824312500
"Acacia koa A.Gray","Acacia","koa","-155.30978","19.784867","USA","Hawaii",NA,"50c9509d-22c7-4a22-a47d-8c48425ef4a7",11824312500
"Acacia koa A.Gray","Acacia","koa","-155.305021","19.792362","USA","Hawaii",NA,"50c9509d-22c7-4a22-a47d-8c48425ef4a7",11824312500
"Acacia koa A.Gray","Acacia","koa","-155.305021","19.792362","USA","Hawaii",NA,"50c9509d-22c7-4a22-a47d-8c48425ef4a7",11824312500
"Acacia koa A.Gray","Acacia","koa","-155.305021","19.792362","USA","Hawaii",NA,"50c9509d-22c7-4a22-a47d-8c48425ef4a7",11824312500
"Acacia koa A.Gray","Acacia","koa","-157.877523","21.407194","USA","Hawaii","Oahu","50c9509d-22c7-4a22-a47d-8c48425ef4a7",1801687500
"Acacia koa A.Gray","Acacia","koa","-159.677009","22.076652","USA","Hawaii","Kauai","50c9509d-22c7-4a22-a47d-8c48425ef4a7",1683250000
"Acacia confusa Merr.","Acacia","confusa","-157.745238","21.301437","USA","Hawaii","Oahu","50c9509d-22c7-4a22-a47d-8c48425ef4a7",1801687500
"Acacia koa A.Gray","Acacia","koa","-159.639528","22.120474","USA","Hawaii","Kauai","50c9509d-22c7-4a22-a47d-8c48425ef4a7",1683250000
"Acacia koa A.Gray","Acacia","koa","-159.669384","22.001567","USA","Hawaii","Kauai","50c9509d-22c7-4a22-a47d-8c48425ef4a7",1683250000
"Acacia koa A.Gray","Acacia","koa","-155.302593","19.438733","USA","Hawaii",NA,"50c9509d-22c7-4a22-a47d-8c48425ef4a7",11824312500
"Acacia koa A.Gray","Acacia","koaia","-159.536284","22.013368","USA","Hawaii","Kauai","50c9509d-22c7-4a22-a47d-8c48425ef4a7",1683250000
"Acacia koa A.Gray","Acacia","koaia","-159.63","22.08","USA","Hawaii","Kauai","821cc27a-e3bb-4bc5-ac34-89ada245069d",1683250000
"Acacia koa A.Gray","Acacia","koaia","-159.63","22.08","USA","Hawaii","Kauai","821cc27a-e3bb-4bc5-ac34-89ada245069d",1683250000
"Acacia koa A.Gray","Acacia","koa","-155.385925","19.660492","USA","Hawaii",NA,"50c9509d-22c7-4a22-a47d-8c48425ef4a7",11824312500
"Acacia koa A.Gray","Acacia","koa","-156.399688","20.880297","USA","Hawaii","Maui","50c9509d-22c7-4a22-a47d-8c48425ef4a7",2165812500
"Acacia koa A.Gray","Acacia","koa","-155.129167","19.899722","USA","Hawaii",NA,"50c9509d-22c7-4a22-a47d-8c48425ef4a7",11824312500
"Acacia koa A.Gray","Acacia","koa","-155.288497","19.41937","USA","Hawaii",NA,"50c9509d-22c7-4a22-a47d-8c48425ef4a7",11824312500
"Acacia koa A.Gray","Acacia","koa","-155.665857","19.542915","USA","Hawaii",NA,"50c9509d-22c7-4a22-a47d-8c48425ef4a7",11824312500
"Acacia koa A.Gray","Acacia","koa","-155.385233","19.493254","USA","Hawaii",NA,"50c9509d-22c7-4a22-a47d-8c48425ef4a7",11824312500
"Acacia koa A.Gray","Acacia","koa","-155.320755","19.788478","USA","Hawaii",NA,"50c9509d-22c7-4a22-a47d-8c48425ef4a7",11824312500
"Acacia koa A.Gray","Acacia","koa","-159.66472","22.110337","USA","Hawaii","Kauai","50c9509d-22c7-4a22-a47d-8c48425ef4a7",1683250000
"Acacia koa A.Gray","Acacia","koa","-156.178833","20.869114","USA","Hawaii","Maui","6ac3f774-d9fb-4796-b3e9-92bf6c81c084",2165812500
"Acacia aulacocarpa A.Cunn. ex Benth.","Acacia","aulacocarpa","-157.976","21.3932","USA","Hawaii","Oahu","b929f23d-290f-4e85-8f17-764c55b3b284",1801687500
"Acacia koa A.Gray","Acacia","koa","-157.744682","21.308242","USA","Hawaii","Oahu","50c9509d-22c7-4a22-a47d-8c48425ef4a7",1801687500
"Acacia koa A.Gray","Acacia","koa","-155.330629","19.820559","USA","Hawaii",NA,"50c9509d-22c7-4a22-a47d-8c48425ef4a7",11824312500
"Acacia koa A.Gray","Acacia","koa","-155.330629","19.820559","USA","Hawaii",NA,"50c9509d-22c7-4a22-a47d-8c48425ef4a7",11824312500
"Acacia koa A.Gray","Acacia","koa","-155.302778","19.795692","USA","Hawaii",NA,"50c9509d-22c7-4a22-a47d-8c48425ef4a7",11824312500
"Acacia koa A.Gray","Acacia","koa","-155.330629","19.820559","USA","Hawaii",NA,"50c9509d-22c7-4a22-a47d-8c48425ef4a7",11824312500
"Acacia koa A.Gray","Acacia","koa","-159.510964","22.083362","USA","Hawaii","Kauai","50c9509d-22c7-4a22-a47d-8c48425ef4a7",1683250000
"Acacia koa A.Gray","Acacia","koa","-159.67202","21.957416","Hawaii","Kauai",NA,"50c9509d-22c7-4a22-a47d-8c48425ef4a7",1683250000
"Acacia koa A.Gray","Acacia","koa","-159.664698","22.147116","USA","Hawaii","Kauai","50c9509d-22c7-4a22-a47d-8c48425ef4a7",1683250000
"Acacia koa A.Gray","Acacia","koa","-159.511498","22.048841","USA","Hawaii","Kauai","50c9509d-22c7-4a22-a47d-8c48425ef4a7",1683250000
"Acacia koa A.Gray","Acacia","koa","-159.38652","22.176635","USA","Hawaii","Kauai","50c9509d-22c7-4a22-a47d-8c48425ef4a7",1683250000
"Acacia koa A.Gray","Acacia","koa","-155.386553","19.670436","USA","Hawaii",NA,"50c9509d-22c7-4a22-a47d-8c48425ef4a7",11824312500
"Acacia koa A.Gray","Acacia","koa","-155.465681","19.687492","USA","Hawaii",NA,"50c9509d-22c7-4a22-a47d-8c48425ef4a7",11824312500
"Acacia koa A.Gray","Acacia","koa","-155.46621","19.687294","USA","Hawaii",NA,"50c9509d-22c7-4a22-a47d-8c48425ef4a7",11824312500
"Acacia mangium Willd.","Acacia","mangium","-159.404","22.0667","USA","Hawaii","Kauai","821cc27a-e3bb-4bc5-ac34-89ada245069d",1683250000
"Acacia mangium Willd.","Acacia","mangium","-159.404","22.0667","USA","Hawaii","Kauai","821cc27a-e3bb-4bc5-ac34-89ada245069d",1683250000
"Acacia koa A.Gray","Acacia","koa","-159.49586","22.082261","USA","Hawaii","Kauai","50c9509d-22c7-4a22-a47d-8c48425ef4a7",1683250000
"Acacia koa A.Gray","Acacia","koa","-159.66","22.07","USA","Hawaii","Kauai","b929f23d-290f-4e85-8f17-764c55b3b284",1683250000
"Acacia confusa Merr.","Acacia","confusa","-159.350824","22.065173","USA","Hawaii","Kauai","50c9509d-22c7-4a22-a47d-8c48425ef4a7",1683250000
"Acacia koa A.Gray","Acacia","koa","-157.867","21.4133","USA","Hawaii","Oahu","821cc27a-e3bb-4bc5-ac34-89ada245069d",1801687500
"Acacia koa A.Gray","Acacia","koa","-158.152","21.5022","USA","Hawaii","Oahu","821cc27a-e3bb-4bc5-ac34-89ada245069d",1801687500
"Acacia koa A.Gray","Acacia","koa","-159.66","22.07","USA","Hawaii","Kauai","821cc27a-e3bb-4bc5-ac34-89ada245069d",1683250000
"Acacia koa A.Gray","Acacia","koa","-156.268","20.8164","USA","Hawaii","Maui","821cc27a-e3bb-4bc5-ac34-89ada245069d",2165812500
"Acacia koa A.Gray","Acacia","koa","-159.67","22.02","USA","Hawaii","Kauai","821cc27a-e3bb-4bc5-ac34-89ada245069d",1683250000
"Acacia koa A.Gray","Acacia","koa","-159.67","22.02","USA","Hawaii","Kauai","821cc27a-e3bb-4bc5-ac34-89ada245069d",1683250000
"Acacia koa A.Gray","Acacia","koa","-159.67","22.02","USA","Hawaii","Kauai","821cc27a-e3bb-4bc5-ac34-89ada245069d",1683250000
"Acacia koa A.Gray","Acacia","koa","-157.773","21.3117","USA","Hawaii","Oahu","821cc27a-e3bb-4bc5-ac34-89ada245069d",1801687500
"Acacia koa A.Gray","Acacia","koa","-156.269","20.8211","USA","Hawaii","Maui","821cc27a-e3bb-4bc5-ac34-89ada245069d",2165812500
"Acacia koa A.Gray","Acacia","koa","-157.776","21.3106","USA","Hawaii","Oahu","821cc27a-e3bb-4bc5-ac34-89ada245069d",1801687500
"Acacia koa A.Gray","Acacia","koa","-157.879","21.4064","USA","Hawaii","Oahu","821cc27a-e3bb-4bc5-ac34-89ada245069d",1801687500
"Acacia koa A.Gray","Acacia","koa","-157.878","21.4078","USA","Hawaii","Oahu","821cc27a-e3bb-4bc5-ac34-89ada245069d",1801687500
"Acacia koa A.Gray","Acacia","koa","-158.162","21.5025","USA","Hawaii","Oahu","821cc27a-e3bb-4bc5-ac34-89ada245069d",1801687500
"Acacia confusa Merr.","Acacia","confusa","-157.813873","21.299728","USA","Hawaii","Oahu","96beb7d8-f762-11e1-a439-00145eb45e9a",1801687500
"Acacia confusa Merr.","Acacia","confusa","-157.813873","21.299728","USA","Hawaii","Oahu","96beb7d8-f762-11e1-a439-00145eb45e9a",1801687500
"Acacia koa A.Gray","Acacia","koa","-155.289001","19.419973","USA","Hawaii",NA,"50c9509d-22c7-4a22-a47d-8c48425ef4a7",11824312500
"Acacia koa A.Gray","Acacia","koa","-155.46536","19.686948","USA","Hawaii",NA,"50c9509d-22c7-4a22-a47d-8c48425ef4a7",11824312500
"Acacia koa A.Gray","Acacia","koa","-155.335403","19.449629","USA","Hawaii",NA,"50c9509d-22c7-4a22-a47d-8c48425ef4a7",11824312500
"Acacia koa A.Gray","Acacia","koa","-155.237778","19.430833","USA","Hawaii",NA,"8aa57fb1-a290-467f-a578-77ec8cbe76b6",11824312500
"Acacia koa A.Gray","Acacia","koa","-159.657669","22.13085","USA","Hawaii","Kauai","6ac3f774-d9fb-4796-b3e9-92bf6c81c084",1683250000
"Acacia retinodes Schltdl.","Acacia","retinodes","-156.323868","20.734949","USA","Hawaii","Maui","ebfe41de-79a4-492c-bd72-5c25e41237be",2165812500
"Acacia retinodes Schltdl.","Acacia","retinodes","-156.323166","20.733498","USA","Hawaii","Maui","ebfe41de-79a4-492c-bd72-5c25e41237be",2165812500
"Acacia retinodes Schltdl.","Acacia","retinodes","-156.322968","20.733561","USA","Hawaii","Maui","ebfe41de-79a4-492c-bd72-5c25e41237be",2165812500
"Acacia retinodes Schltdl.","Acacia","retinodes","-156.322952","20.73312","USA","Hawaii","Maui","ebfe41de-79a4-492c-bd72-5c25e41237be",2165812500
"Acacia retinodes Schltdl.","Acacia","retinodes","-156.322998","20.734102","USA","Hawaii","Maui","ebfe41de-79a4-492c-bd72-5c25e41237be",2165812500
"Acacia retinodes Schltdl.","Acacia","retinodes","-156.323166","20.732985","USA","Hawaii","Maui","ebfe41de-79a4-492c-bd72-5c25e41237be",2165812500
"Acacia retinodes Schltdl.","Acacia","retinodes","-156.323105","20.733616","USA","Hawaii","Maui","ebfe41de-79a4-492c-bd72-5c25e41237be",2165812500
"Acacia retinodes Schltdl.","Acacia","retinodes","-156.323105","20.73362","USA","Hawaii","Maui","ebfe41de-79a4-492c-bd72-5c25e41237be",2165812500
"Acacia retinodes Schltdl.","Acacia","retinodes","-156.322861","20.733858","USA","Hawaii","Maui","ebfe41de-79a4-492c-bd72-5c25e41237be",2165812500
"Acacia retinodes Schltdl.","Acacia","retinodes","-156.322327","20.733242","USA","Hawaii","Maui","ebfe41de-79a4-492c-bd72-5c25e41237be",2165812500
"Acacia retinodes Schltdl.","Acacia","retinodes","-156.324234","20.734587","USA","Hawaii","Maui","ebfe41de-79a4-492c-bd72-5c25e41237be",2165812500
"Acacia retinodes Schltdl.","Acacia","retinodes","-156.323318","20.732786","USA","Hawaii","Maui","ebfe41de-79a4-492c-bd72-5c25e41237be",2165812500
"Acacia retinodes Schltdl.","Acacia","retinodes","-156.323318","20.732868","USA","Hawaii","Maui","ebfe41de-79a4-492c-bd72-5c25e41237be",2165812500
"Acacia retinodes Schltdl.","Acacia","retinodes","-156.323212","20.732803","USA","Hawaii","Maui","ebfe41de-79a4-492c-bd72-5c25e41237be",2165812500
"Acacia retinodes Schltdl.","Acacia","retinodes","-156.323196","20.733566","USA","Hawaii","Maui","ebfe41de-79a4-492c-bd72-5c25e41237be",2165812500
"Acacia retinodes Schltdl.","Acacia","retinodes","-156.323196","20.732918","USA","Hawaii","Maui","ebfe41de-79a4-492c-bd72-5c25e41237be",2165812500
"Acacia retinodes Schltdl.","Acacia","retinodes","-156.323181","20.733543","USA","Hawaii","Maui","ebfe41de-79a4-492c-bd72-5c25e41237be",2165812500
"Acacia retinodes Schltdl.","Acacia","retinodes","-156.323181","20.733395","USA","Hawaii","Maui","ebfe41de-79a4-492c-bd72-5c25e41237be",2165812500
"Acacia retinodes Schltdl.","Acacia","retinodes","-156.323181","20.733496","USA","Hawaii","Maui","ebfe41de-79a4-492c-bd72-5c25e41237be",2165812500
"Acacia retinodes Schltdl.","Acacia","retinodes","-156.323166","20.732859","USA","Hawaii","Maui","ebfe41de-79a4-492c-bd72-5c25e41237be",2165812500
"Acacia retinodes Schltdl.","Acacia","retinodes","-156.323151","20.733492","USA","Hawaii","Maui","ebfe41de-79a4-492c-bd72-5c25e41237be",2165812500
"Acacia retinodes Schltdl.","Acacia","retinodes","-156.32312","20.733374","USA","Hawaii","Maui","ebfe41de-79a4-492c-bd72-5c25e41237be",2165812500
"Acacia retinodes Schltdl.","Acacia","retinodes","-156.32309","20.733564","USA","Hawaii","Maui","ebfe41de-79a4-492c-bd72-5c25e41237be",2165812500
"Acacia retinodes Schltdl.","Acacia","retinodes","-156.323074","20.733593","USA","Hawaii","Maui","ebfe41de-79a4-492c-bd72-5c25e41237be",2165812500
"Acacia retinodes Schltdl.","Acacia","retinodes","-156.323074","20.733358","USA","Hawaii","Maui","ebfe41de-79a4-492c-bd72-5c25e41237be",2165812500
"Acacia retinodes Schltdl.","Acacia","retinodes","-156.323074","20.733614","USA","Hawaii","Maui","ebfe41de-79a4-492c-bd72-5c25e41237be",2165812500
"Acacia retinodes Schltdl.","Acacia","retinodes","-156.322983","20.73307","USA","Hawaii","Maui","ebfe41de-79a4-492c-bd72-5c25e41237be",2165812500
"Acacia retinodes Schltdl.","Acacia","retinodes","-156.322952","20.733568","USA","Hawaii","Maui","ebfe41de-79a4-492c-bd72-5c25e41237be",2165812500
"Acacia retinodes Schltdl.","Acacia","retinodes","-156.322937","20.733067","USA","Hawaii","Maui","ebfe41de-79a4-492c-bd72-5c25e41237be",2165812500
"Acacia retinodes Schltdl.","Acacia","retinodes","-156.322876","20.733124","USA","Hawaii","Maui","ebfe41de-79a4-492c-bd72-5c25e41237be",2165812500
"Acacia retinodes Schltdl.","Acacia","retinodes","-156.322876","20.733339","USA","Hawaii","Maui","ebfe41de-79a4-492c-bd72-5c25e41237be",2165812500
"Acacia retinodes Schltdl.","Acacia","retinodes","-156.322815","20.734142","USA","Hawaii","Maui","ebfe41de-79a4-492c-bd72-5c25e41237be",2165812500
"Acacia retinodes Schltdl.","Acacia","retinodes","-156.3228","20.733372","USA","Hawaii","Maui","ebfe41de-79a4-492c-bd72-5c25e41237be",2165812500
"Acacia retinodes Schltdl.","Acacia","retinodes","-156.322784","20.733376","USA","Hawaii","Maui","ebfe41de-79a4-492c-bd72-5c25e41237be",2165812500
"Acacia retinodes Schltdl.","Acacia","retinodes","-156.322769","20.733395","USA","Hawaii","Maui","ebfe41de-79a4-492c-bd72-5c25e41237be",2165812500
"Acacia retinodes Schltdl.","Acacia","retinodes","-156.322754","20.733809","USA","Hawaii","Maui","ebfe41de-79a4-492c-bd72-5c25e41237be",2165812500
"Acacia retinodes Schltdl.","Acacia","retinodes","-156.32254","20.733027","USA","Hawaii","Maui","ebfe41de-79a4-492c-bd72-5c25e41237be",2165812500
"Acacia retinodes Schltdl.","Acacia","retinodes","-156.32251","20.733011","USA","Hawaii","Maui","ebfe41de-79a4-492c-bd72-5c25e41237be",2165812500
"Acacia retinodes Schltdl.","Acacia","retinodes","-156.322464","20.733173","USA","Hawaii","Maui","ebfe41de-79a4-492c-bd72-5c25e41237be",2165812500
"Acacia retinodes Schltdl.","Acacia","retinodes","-156.322449","20.733507","USA","Hawaii","Maui","ebfe41de-79a4-492c-bd72-5c25e41237be",2165812500
"Acacia retinodes Schltdl.","Acacia","retinodes","-156.322174","20.733347","USA","Hawaii","Maui","ebfe41de-79a4-492c-bd72-5c25e41237be",2165812500
"Acacia retinodes Schltdl.","Acacia","retinodes","-156.322113","20.733339","USA","Hawaii","Maui","ebfe41de-79a4-492c-bd72-5c25e41237be",2165812500
"Acacia retinodes Schltdl.","Acacia","retinodes","-156.322052","20.733706","USA","Hawaii","Maui","ebfe41de-79a4-492c-bd72-5c25e41237be",2165812500
"Acacia mangium Willd.","Acacia","mangium","-159.53","22.2148","USA","Hawaii","Kauai","b929f23d-290f-4e85-8f17-764c55b3b284",1683250000
"Acacia koa A.Gray","Acacia","koa","-159.657539","22.13028","USA","Hawaii","Kauai","50c9509d-22c7-4a22-a47d-8c48425ef4a7",1683250000
"Acacia koa A.Gray","Acacia","koa","-156.238102","20.768538","USA","Hawaii","Maui","50c9509d-22c7-4a22-a47d-8c48425ef4a7",2165812500
"Acacia koa A.Gray","Acacia","koa","-156.186362","20.874433","USA","Hawaii","Maui","50c9509d-22c7-4a22-a47d-8c48425ef4a7",2165812500
"Acacia koa A.Gray","Acacia","koa","-156.186362","20.874433","USA","Hawaii","Maui","50c9509d-22c7-4a22-a47d-8c48425ef4a7",2165812500
"Acacia koa A.Gray","Acacia","koa","-155.36509","19.839113","USA","Hawaii",NA,"50c9509d-22c7-4a22-a47d-8c48425ef4a7",11824312500
"Acacia koa A.Gray","Acacia","koa","-155.36509","19.839113","USA","Hawaii",NA,"50c9509d-22c7-4a22-a47d-8c48425ef4a7",11824312500
"Acacia koa A.Gray","Acacia","koa","-155.1686","19.58368","USA","Hawaii",NA,"e05fd4c2-4d77-4c50-880e-1b22096af300",11824312500
"Acacia retinodes Schltdl.","Acacia","retinodes","-156.325394","20.733097","USA","Hawaii","Maui","ebfe41de-79a4-492c-bd72-5c25e41237be",2165812500
"Acacia retinodes Schltdl.","Acacia","retinodes","-156.323044","20.733665","USA","Hawaii","Maui","ebfe41de-79a4-492c-bd72-5c25e41237be",2165812500
"Acacia retinodes Schltdl.","Acacia","retinodes","-156.323135","20.733589","USA","Hawaii","Maui","ebfe41de-79a4-492c-bd72-5c25e41237be",2165812500
"Acacia retinodes Schltdl.","Acacia","retinodes","-156.322861","20.73333","USA","Hawaii","Maui","ebfe41de-79a4-492c-bd72-5c25e41237be",2165812500
"Acacia retinodes Schltdl.","Acacia","retinodes","-156.322983","20.733423","USA","Hawaii","Maui","ebfe41de-79a4-492c-bd72-5c25e41237be",2165812500
"Acacia retinodes Schltdl.","Acacia","retinodes","-156.323196","20.73278","USA","Hawaii","Maui","ebfe41de-79a4-492c-bd72-5c25e41237be",2165812500
"Acacia retinodes Schltdl.","Acacia","retinodes","-156.322586","20.733007","USA","Hawaii","Maui","ebfe41de-79a4-492c-bd72-5c25e41237be",2165812500
"Acacia retinodes Schltdl.","Acacia","retinodes","-156.323654","20.733154","USA","Hawaii","Maui","ebfe41de-79a4-492c-bd72-5c25e41237be",2165812500
"Acacia retinodes Schltdl.","Acacia","retinodes","-156.326218","20.7327","USA","Hawaii","Maui","ebfe41de-79a4-492c-bd72-5c25e41237be",2165812500
"Acacia retinodes Schltdl.","Acacia","retinodes","-156.323227","20.73333","USA","Hawaii","Maui","ebfe41de-79a4-492c-bd72-5c25e41237be",2165812500
"Acacia retinodes Schltdl.","Acacia","retinodes","-156.323212","20.733446","USA","Hawaii","Maui","ebfe41de-79a4-492c-bd72-5c25e41237be",2165812500
"Acacia retinodes Schltdl.","Acacia","retinodes","-156.323196","20.733297","USA","Hawaii","Maui","ebfe41de-79a4-492c-bd72-5c25e41237be",2165812500
"Acacia retinodes Schltdl.","Acacia","retinodes","-156.323029","20.733292","USA","Hawaii","Maui","ebfe41de-79a4-492c-bd72-5c25e41237be",2165812500
"Acacia retinodes Schltdl.","Acacia","retinodes","-156.322983","20.733042","USA","Hawaii","Maui","ebfe41de-79a4-492c-bd72-5c25e41237be",2165812500
"Acacia retinodes Schltdl.","Acacia","retinodes","-156.324631","20.733685","USA","Hawaii","Maui","ebfe41de-79a4-492c-bd72-5c25e41237be",2165812500
"Acacia retinodes Schltdl.","Acacia","retinodes","-156.326172","20.73267","USA","Hawaii","Maui","ebfe41de-79a4-492c-bd72-5c25e41237be",2165812500
"Acacia retinodes Schltdl.","Acacia","retinodes","-156.326279","20.732702","USA","Hawaii","Maui","ebfe41de-79a4-492c-bd72-5c25e41237be",2165812500
"Acacia retinodes Schltdl.","Acacia","retinodes","-156.326248","20.732685","USA","Hawaii","Maui","ebfe41de-79a4-492c-bd72-5c25e41237be",2165812500
"Acacia retinodes Schltdl.","Acacia","retinodes","-156.325699","20.738049","USA","Hawaii","Maui","ebfe41de-79a4-492c-bd72-5c25e41237be",2165812500
"Acacia retinodes Schltdl.","Acacia","retinodes","-156.325668","20.738104","USA","Hawaii","Maui","ebfe41de-79a4-492c-bd72-5c25e41237be",2165812500
"Acacia retinodes Schltdl.","Acacia","retinodes","-156.325348","20.733067","USA","Hawaii","Maui","ebfe41de-79a4-492c-bd72-5c25e41237be",2165812500
"Acacia retinodes Schltdl.","Acacia","retinodes","-156.324615","20.733181","USA","Hawaii","Maui","ebfe41de-79a4-492c-bd72-5c25e41237be",2165812500
"Acacia retinodes Schltdl.","Acacia","retinodes","-156.324493","20.733303","USA","Hawaii","Maui","ebfe41de-79a4-492c-bd72-5c25e41237be",2165812500
"Acacia retinodes Schltdl.","Acacia","retinodes","-156.324188","20.733751","USA","Hawaii","Maui","ebfe41de-79a4-492c-bd72-5c25e41237be",2165812500
"Acacia retinodes Schltdl.","Acacia","retinodes","-156.323441","20.733101","USA","Hawaii","Maui","ebfe41de-79a4-492c-bd72-5c25e41237be",2165812500
"Acacia retinodes Schltdl.","Acacia","retinodes","-156.323425","20.733095","USA","Hawaii","Maui","ebfe41de-79a4-492c-bd72-5c25e41237be",2165812500
"Acacia retinodes Schltdl.","Acacia","retinodes","-156.323364","20.73291","USA","Hawaii","Maui","ebfe41de-79a4-492c-bd72-5c25e41237be",2165812500
"Acacia retinodes Schltdl.","Acacia","retinodes","-156.323349","20.73325","USA","Hawaii","Maui","ebfe41de-79a4-492c-bd72-5c25e41237be",2165812500
"Acacia retinodes Schltdl.","Acacia","retinodes","-156.323288","20.733393","USA","Hawaii","Maui","ebfe41de-79a4-492c-bd72-5c25e41237be",2165812500
"Acacia retinodes Schltdl.","Acacia","retinodes","-156.323273","20.73283","USA","Hawaii","Maui","ebfe41de-79a4-492c-bd72-5c25e41237be",2165812500
"Acacia retinodes Schltdl.","Acacia","retinodes","-156.323227","20.733789","USA","Hawaii","Maui","ebfe41de-79a4-492c-bd72-5c25e41237be",2165812500
"Acacia retinodes Schltdl.","Acacia","retinodes","-156.323212","20.733192","USA","Hawaii","Maui","ebfe41de-79a4-492c-bd72-5c25e41237be",2165812500
"Acacia retinodes Schltdl.","Acacia","retinodes","-156.323212","20.733368","USA","Hawaii","Maui","ebfe41de-79a4-492c-bd72-5c25e41237be",2165812500
"Acacia retinodes Schltdl.","Acacia","retinodes","-156.323196","20.733582","USA","Hawaii","Maui","ebfe41de-79a4-492c-bd72-5c25e41237be",2165812500
"Acacia retinodes Schltdl.","Acacia","retinodes","-156.323181","20.733374","USA","Hawaii","Maui","ebfe41de-79a4-492c-bd72-5c25e41237be",2165812500
"Acacia retinodes Schltdl.","Acacia","retinodes","-156.323181","20.733255","USA","Hawaii","Maui","ebfe41de-79a4-492c-bd72-5c25e41237be",2165812500
"Acacia retinodes Schltdl.","Acacia","retinodes","-156.323151","20.733507","USA","Hawaii","Maui","ebfe41de-79a4-492c-bd72-5c25e41237be",2165812500
"Acacia retinodes Schltdl.","Acacia","retinodes","-156.323151","20.733793","USA","Hawaii","Maui","ebfe41de-79a4-492c-bd72-5c25e41237be",2165812500
"Acacia retinodes Schltdl.","Acacia","retinodes","-156.323151","20.733246","USA","Hawaii","Maui","ebfe41de-79a4-492c-bd72-5c25e41237be",2165812500
"Acacia retinodes Schltdl.","Acacia","retinodes","-156.323135","20.733564","USA","Hawaii","Maui","ebfe41de-79a4-492c-bd72-5c25e41237be",2165812500
"Acacia retinodes Schltdl.","Acacia","retinodes","-156.32312","20.733835","USA","Hawaii","Maui","ebfe41de-79a4-492c-bd72-5c25e41237be",2165812500
"Acacia retinodes Schltdl.","Acacia","retinodes","-156.32309","20.733498","USA","Hawaii","Maui","ebfe41de-79a4-492c-bd72-5c25e41237be",2165812500
"Acacia retinodes Schltdl.","Acacia","retinodes","-156.32309","20.733711","USA","Hawaii","Maui","ebfe41de-79a4-492c-bd72-5c25e41237be",2165812500
"Acacia retinodes Schltdl.","Acacia","retinodes","-156.32309","20.732885","USA","Hawaii","Maui","ebfe41de-79a4-492c-bd72-5c25e41237be",2165812500
"Acacia retinodes Schltdl.","Acacia","retinodes","-156.323074","20.733316","USA","Hawaii","Maui","ebfe41de-79a4-492c-bd72-5c25e41237be",2165812500
"Acacia retinodes Schltdl.","Acacia","retinodes","-156.323059","20.733383","USA","Hawaii","Maui","ebfe41de-79a4-492c-bd72-5c25e41237be",2165812500
"Acacia retinodes Schltdl.","Acacia","retinodes","-156.323044","20.733343","USA","Hawaii","Maui","ebfe41de-79a4-492c-bd72-5c25e41237be",2165812500
"Acacia retinodes Schltdl.","Acacia","retinodes","-156.323029","20.733398","USA","Hawaii","Maui","ebfe41de-79a4-492c-bd72-5c25e41237be",2165812500
"Acacia retinodes Schltdl.","Acacia","retinodes","-156.323013","20.733583","USA","Hawaii","Maui","ebfe41de-79a4-492c-bd72-5c25e41237be",2165812500
"Acacia retinodes Schltdl.","Acacia","retinodes","-156.322998","20.733166","USA","Hawaii","Maui","ebfe41de-79a4-492c-bd72-5c25e41237be",2165812500
"Acacia retinodes Schltdl.","Acacia","retinodes","-156.322998","20.73362","USA","Hawaii","Maui","ebfe41de-79a4-492c-bd72-5c25e41237be",2165812500
"Acacia retinodes Schltdl.","Acacia","retinodes","-156.322952","20.732952","USA","Hawaii","Maui","ebfe41de-79a4-492c-bd72-5c25e41237be",2165812500
"Acacia retinodes Schltdl.","Acacia","retinodes","-156.322906","20.733677","USA","Hawaii","Maui","ebfe41de-79a4-492c-bd72-5c25e41237be",2165812500
"Acacia retinodes Schltdl.","Acacia","retinodes","-156.322906","20.733458","USA","Hawaii","Maui","ebfe41de-79a4-492c-bd72-5c25e41237be",2165812500
"Acacia retinodes Schltdl.","Acacia","retinodes","-156.322876","20.733313","USA","Hawaii","Maui","ebfe41de-79a4-492c-bd72-5c25e41237be",2165812500
"Acacia retinodes Schltdl.","Acacia","retinodes","-156.322876","20.733118","USA","Hawaii","Maui","ebfe41de-79a4-492c-bd72-5c25e41237be",2165812500
"Acacia retinodes Schltdl.","Acacia","retinodes","-156.322815","20.73399","USA","Hawaii","Maui","ebfe41de-79a4-492c-bd72-5c25e41237be",2165812500
"Acacia retinodes Schltdl.","Acacia","retinodes","-156.3228","20.733238","USA","Hawaii","Maui","ebfe41de-79a4-492c-bd72-5c25e41237be",2165812500
"Acacia retinodes Schltdl.","Acacia","retinodes","-156.322769","20.733246","USA","Hawaii","Maui","ebfe41de-79a4-492c-bd72-5c25e41237be",2165812500
"Acacia retinodes Schltdl.","Acacia","retinodes","-156.322754","20.732859","USA","Hawaii","Maui","ebfe41de-79a4-492c-bd72-5c25e41237be",2165812500
"Acacia retinodes Schltdl.","Acacia","retinodes","-156.322739","20.733173","USA","Hawaii","Maui","ebfe41de-79a4-492c-bd72-5c25e41237be",2165812500
"Acacia retinodes Schltdl.","Acacia","retinodes","-156.322739","20.733437","USA","Hawaii","Maui","ebfe41de-79a4-492c-bd72-5c25e41237be",2165812500
"Acacia retinodes Schltdl.","Acacia","retinodes","-156.322723","20.732849","USA","Hawaii","Maui","ebfe41de-79a4-492c-bd72-5c25e41237be",2165812500
"Acacia retinodes Schltdl.","Acacia","retinodes","-156.322708","20.732897","USA","Hawaii","Maui","ebfe41de-79a4-492c-bd72-5c25e41237be",2165812500
"Acacia retinodes Schltdl.","Acacia","retinodes","-156.32254","20.732971","USA","Hawaii","Maui","ebfe41de-79a4-492c-bd72-5c25e41237be",2165812500
"Acacia retinodes Schltdl.","Acacia","retinodes","-156.322479","20.733377","USA","Hawaii","Maui","ebfe41de-79a4-492c-bd72-5c25e41237be",2165812500
"Acacia retinodes Schltdl.","Acacia","retinodes","-156.322418","20.73321","USA","Hawaii","Maui","ebfe41de-79a4-492c-bd72-5c25e41237be",2165812500
"Acacia retinodes Schltdl.","Acacia","retinodes","-156.322342","20.733574","USA","Hawaii","Maui","ebfe41de-79a4-492c-bd72-5c25e41237be",2165812500
"Acacia retinodes Schltdl.","Acacia","retinodes","-156.32225","20.733683","USA","Hawaii","Maui","ebfe41de-79a4-492c-bd72-5c25e41237be",2165812500
"Acacia retinodes Schltdl.","Acacia","retinodes","-156.32225","20.73385","USA","Hawaii","Maui","ebfe41de-79a4-492c-bd72-5c25e41237be",2165812500
"Acacia retinodes Schltdl.","Acacia","retinodes","-156.322189","20.73345","USA","Hawaii","Maui","ebfe41de-79a4-492c-bd72-5c25e41237be",2165812500
"Acacia retinodes Schltdl.","Acacia","retinodes","-156.322174","20.733618","USA","Hawaii","Maui","ebfe41de-79a4-492c-bd72-5c25e41237be",2165812500
"Acacia koa A.Gray","Acacia","koa","-155.331359","19.444539","USA","Hawaii",NA,"50c9509d-22c7-4a22-a47d-8c48425ef4a7",11824312500
"Acacia koa A.Gray","Acacia","koa","-155.611038","19.112407","USA","Hawaii",NA,"50c9509d-22c7-4a22-a47d-8c48425ef4a7",11824312500
"Acacia melanoxylon R.Br.","Acacia","melanoxylon","-156.939","21.1374","USA","Hawaii","Molokai","b929f23d-290f-4e85-8f17-764c55b3b284",780312500
"Acacia melanoxylon R.Br.","Acacia","melanoxylon","-156.936","21.1332","USA","Hawaii","Molokai","b929f23d-290f-4e85-8f17-764c55b3b284",780312500
"Acacia koa A.Gray","Acacia","koaia","-156.841","20.8133","USA","Hawaii","Lanai","b929f23d-290f-4e85-8f17-764c55b3b284",419687500
"Acacia koa A.Gray","Acacia","koa","-159.662504","22.065278","USA","Hawaii","Kauai","50c9509d-22c7-4a22-a47d-8c48425ef4a7",1683250000
"Acacia confusa Merr.","Acacia","confusa","-159.656944","22.129167","USA","Hawaii","Kauai","f873ef66-231a-4ea3-bd4d-a16f182bf337",1683250000
"Acacia koa A.Gray","Acacia","koaia","-156.356","20.6229","USA","Hawaii","Maui","b929f23d-290f-4e85-8f17-764c55b3b284",2165812500
"Acacia confusa Merr.","Acacia","confusa","-159.656889","22.129083","USA","Hawaii","Kauai","7bd65a7a-f762-11e1-a439-00145eb45e9a",1683250000
"Acacia confusa Merr.","Acacia","confusa","-159.656889","22.129083","USA","Hawaii","Kauai","e053ff53-c156-4e2e-b9b5-4462e9625424",1683250000
"Acacia confusa Merr.","Acacia","confusa","-156.757","21.1432","USA","Hawaii","Molokai","b929f23d-290f-4e85-8f17-764c55b3b284",780312500
"Acacia podalyriifolia A.Cunn. ex G.Don","Acacia","podalyriifolia","-156.323349","20.73325","USA","Hawaii","Maui","ebfe41de-79a4-492c-bd72-5c25e41237be",2165812500
"Acacia podalyriifolia A.Cunn. ex G.Don","Acacia","podalyriifolia","-156.323288","20.73424","USA","Hawaii","Maui","ebfe41de-79a4-492c-bd72-5c25e41237be",2165812500
"Acacia podalyriifolia A.Cunn. ex G.Don","Acacia","podalyriifolia","-156.322983","20.732819","USA","Hawaii","Maui","ebfe41de-79a4-492c-bd72-5c25e41237be",2165812500
"Acacia podalyriifolia A.Cunn. ex G.Don","Acacia","podalyriifolia","-156.322006","20.733521","USA","Hawaii","Maui","ebfe41de-79a4-492c-bd72-5c25e41237be",2165812500
"Acacia koa A.Gray","Acacia","koa","-156.237159","20.778313","USA","Hawaii","Maui","50c9509d-22c7-4a22-a47d-8c48425ef4a7",2165812500
"Acacia koa A.Gray","Acacia","koa","-159.639755","22.137337","USA","Hawaii","Kauai","50c9509d-22c7-4a22-a47d-8c48425ef4a7",1683250000
"Acacia mangium Willd.","Acacia","mangium","-159.408","22.0633","USA","Hawaii","Kauai","b929f23d-290f-4e85-8f17-764c55b3b284",1683250000
"Acacia koa A.Gray","Acacia","koa","-156.532","20.8219","USA","Hawaii","Maui","b929f23d-290f-4e85-8f17-764c55b3b284",2165812500
"Acacia mangium Willd.","Acacia","mangium","-159.408","22.0633","USA","Hawaii","Kauai","821cc27a-e3bb-4bc5-ac34-89ada245069d",1683250000
"Acacia koa A.Gray","Acacia","koa","-155.336111","19.865556","USA","Hawaii",NA,"50c9509d-22c7-4a22-a47d-8c48425ef4a7",11824312500
"Acacia koa A.Gray","Acacia","koa","-159.662142","22.071728","USA","Hawaii","Kauai","50c9509d-22c7-4a22-a47d-8c48425ef4a7",1683250000
"Acacia confusa Merr.","Acacia","confusa","-158.15422","21.488445","USA","Hawaii","Oahu","50c9509d-22c7-4a22-a47d-8c48425ef4a7",1801687500
"Acacia koa A.Gray","Acacia","koaia","-159.729","22.1294","USA","Hawaii","Kauai","821cc27a-e3bb-4bc5-ac34-89ada245069d",1683250000
"Acacia koa A.Gray","Acacia","koa","-159.57596","22.22011","USA","Hawaii","Kauai","e05fd4c2-4d77-4c50-880e-1b22096af300",1683250000
"Acacia koa A.Gray","Acacia","koa","-155.321338","19.792993","USA","Hawaii",NA,"50c9509d-22c7-4a22-a47d-8c48425ef4a7",11824312500
"Acacia koa A.Gray","Acacia","koa","-155.3","19.4","USA","Hawaii",NA,"61a9ca38-b62f-11e2-afcb-00145eb45e9a",11824312500
"Acacia koa A.Gray","Acacia","koa","-155.3","19.4","USA","Hawaii",NA,"61a9ca38-b62f-11e2-afcb-00145eb45e9a",11824312500
"Acacia koa A.Gray","Acacia","koa","-155.3","19.4","USA","Hawaii",NA,"61a9ca38-b62f-11e2-afcb-00145eb45e9a",11824312500
"Acacia koa A.Gray","Acacia","koa","-157.882399","21.403801","USA","Hawaii","Oahu","50c9509d-22c7-4a22-a47d-8c48425ef4a7",1801687500
"Acacia koa A.Gray","Acacia","koa","-156.136039","20.831333","USA","Hawaii","Maui","50c9509d-22c7-4a22-a47d-8c48425ef4a7",2165812500
"Acacia retinodes Schltdl.","Acacia","retinodes","-156.325653","20.738031","USA","Hawaii","Maui","ebfe41de-79a4-492c-bd72-5c25e41237be",2165812500
"Acacia retinodes Schltdl.","Acacia","retinodes","-156.325745","20.738085","USA","Hawaii","Maui","ebfe41de-79a4-492c-bd72-5c25e41237be",2165812500
"Acacia koa A.Gray","Acacia","koa","-155.725604","19.669332","USA","Hawaii",NA,"50c9509d-22c7-4a22-a47d-8c48425ef4a7",11824312500
"Acacia koa A.Gray","Acacia","koa","-156.612","20.85","USA","Hawaii","Maui","b929f23d-290f-4e85-8f17-764c55b3b284",2165812500
"Acacia koa A.Gray","Acacia","koa","-156.612","20.85","USA","Hawaii","Maui","b929f23d-290f-4e85-8f17-764c55b3b284",2165812500
"Acacia Mill.","Acacia",NA,"-156.295","20.8411","USA","Hawaii","Maui","b929f23d-290f-4e85-8f17-764c55b3b284",2165812500
"Acacia Mill.","Acacia",NA,"-156.295","20.8411","USA","Hawaii","Maui","b929f23d-290f-4e85-8f17-764c55b3b284",2165812500
"Acacia melanoxylon R.Br.","Acacia","melanoxylon","-156.295","20.8411","USA","Hawaii","Maui","b929f23d-290f-4e85-8f17-764c55b3b284",2165812500
"Acacia disparrima subsp. disparrima","Acacia","disparrima","-156.295","20.8411","USA","Hawaii","Maui","b929f23d-290f-4e85-8f17-764c55b3b284",2165812500
"Acacia Mill.","Acacia",NA,"-156.292417","20.837972","USA","Hawaii","Maui","5a3b50fa-c882-4129-9405-38e54c0a73f3",2165812500
"Acacia melanoxylon R.Br.","Acacia","melanoxylon","-156.295","20.8411","USA","Hawaii","Maui","b929f23d-290f-4e85-8f17-764c55b3b284",2165812500
"Acacia koa A.Gray","Acacia","koa","-155.303074","19.44086","USA","Hawaii",NA,"50c9509d-22c7-4a22-a47d-8c48425ef4a7",11824312500
"Acacia auriculiformis A.Cunn. ex Benth.","Acacia","auriculiformis","-156.347","20.9144","USA","Hawaii","Maui","b929f23d-290f-4e85-8f17-764c55b3b284",2165812500
"Acacia mangium Willd.","Acacia","mangium","-156.347","20.9144","USA","Hawaii","Maui","b929f23d-290f-4e85-8f17-764c55b3b284",2165812500
"Acacia mangium Willd.","Acacia","mangium","-156.347","20.9144","USA","Hawaii","Maui","b929f23d-290f-4e85-8f17-764c55b3b284",2165812500
"Acacia confusa Merr.","Acacia","confusa","-157.806537","21.262519","Hawaii","Oahu",NA,"50c9509d-22c7-4a22-a47d-8c48425ef4a7",1801687500
"Acacia koa A.Gray","Acacia","koa","-155.303056","19.437639","USA","Hawaii",NA,"50c9509d-22c7-4a22-a47d-8c48425ef4a7",11824312500
"Acacia mearnsii De Wild.","Acacia","mearnsii","-156.383","20.6333","USA","Hawaii","Maui","b929f23d-290f-4e85-8f17-764c55b3b284",2165812500
"Acacia koa A.Gray","Acacia","koa","-155.317669","19.440775","USA","Hawaii",NA,"50c9509d-22c7-4a22-a47d-8c48425ef4a7",11824312500
"Acacia koa A.Gray","Acacia","koa","-157.879553","21.551604","USA","Hawaii","Oahu","50c9509d-22c7-4a22-a47d-8c48425ef4a7",1801687500
"Acacia koa A.Gray","Acacia","koa","-155.230009","19.374689","USA","Hawaii",NA,"50c9509d-22c7-4a22-a47d-8c48425ef4a7",11824312500
"Acacia koa A.Gray","Acacia","koa","-159.659325","22.052174","USA","Hawaii","Kauai","50c9509d-22c7-4a22-a47d-8c48425ef4a7",1683250000
"Acacia koa A.Gray","Acacia","koa","-159.646426","22.139924","USA","Hawaii","Kauai","50c9509d-22c7-4a22-a47d-8c48425ef4a7",1683250000
"Acacia podalyriifolia A.Cunn. ex G.Don","Acacia","podalyriifolia","-156.317","20.7333","USA","Hawaii","Maui","b929f23d-290f-4e85-8f17-764c55b3b284",2165812500
"Acacia retinodes Schltdl.","Acacia","retinodes","-156.317","20.7333","USA","Hawaii","Maui","b929f23d-290f-4e85-8f17-764c55b3b284",2165812500
"Acacia mearnsii De Wild.","Acacia","mearnsii","-156.328743","20.677464","USA","Hawaii","Maui","50c9509d-22c7-4a22-a47d-8c48425ef4a7",2165812500
"Acacia koa A.Gray","Acacia","koaia","-157.783","21.3","USA","Hawaii","Oahu","b929f23d-290f-4e85-8f17-764c55b3b284",1801687500
"Acacia koa A.Gray","Acacia","koaia","-159.481","22.2","USA","Hawaii","Kauai","b929f23d-290f-4e85-8f17-764c55b3b284",1683250000
"Acacia koa A.Gray","Acacia","koaia","-159.481","22.2","USA","Hawaii","Kauai","821cc27a-e3bb-4bc5-ac34-89ada245069d",1683250000
"Acacia koa A.Gray","Acacia","koa","-159.671692","21.985075","USA","Hawaii","Kauai","50c9509d-22c7-4a22-a47d-8c48425ef4a7",1683250000
"Acacia koa A.Gray","Acacia","koa","-159.671692","21.985075","USA","Hawaii","Kauai","50c9509d-22c7-4a22-a47d-8c48425ef4a7",1683250000
"Acacia parramattensis Tindale","Acacia","parramattensis","-157.827","21.3278","USA","Hawaii","Oahu","b929f23d-290f-4e85-8f17-764c55b3b284",1801687500
"Acacia parramattensis Tindale","Acacia","parramattensis","-157.82683","21.32783","USA","Hawaii","Oahu","d415c253-4d61-4459-9d25-4015b9084fb0",1801687500
"Acacia koa A.Gray","Acacia","koa","-159.708","22.1417","USA","Hawaii","Kauai","821cc27a-e3bb-4bc5-ac34-89ada245069d",1683250000
"Acacia koa A.Gray","Acacia","koa","-158.183","21.5333","USA","Hawaii","Oahu","b929f23d-290f-4e85-8f17-764c55b3b284",1801687500
"Acacia koa A.Gray","Acacia","koa","-158.18","21.53","USA","Hawaii","Oahu","d415c253-4d61-4459-9d25-4015b9084fb0",1801687500
"Acacia confusa Merr.","Acacia","confusa","-157.82","21.3","USA","Hawaii","Oahu","d415c253-4d61-4459-9d25-4015b9084fb0",1801687500
"Acacia confusa Merr.","Acacia","confusa","-157.817","21.3","USA","Hawaii","Oahu","b929f23d-290f-4e85-8f17-764c55b3b284",1801687500
"Acacia mearnsii De Wild.","Acacia","mearnsii","-159.63","22.12","USA","Hawaii","Kauai","d415c253-4d61-4459-9d25-4015b9084fb0",1683250000
"Acacia mearnsii De Wild.","Acacia","mearnsii","-159.633","22.15","USA","Hawaii","Kauai","b929f23d-290f-4e85-8f17-764c55b3b284",1683250000
"Acacia koa A.Gray","Acacia","koa","-155.3653","19.64032","USA","Hawaii",NA,"0096dfc0-9925-47ef-9700-9b77814295f1",11824312500
"Acacia koa A.Gray","Acacia","koa","-155.3448","19.46271","USA","Hawaii",NA,"0096dfc0-9925-47ef-9700-9b77814295f1",11824312500
"Acacia koa A.Gray","Acacia","koa","-156.59914","20.85149","USA","Hawaii","Maui","b929f23d-290f-4e85-8f17-764c55b3b284",2165812500
"Acacia koa A.Gray","Acacia","koa","-155.45","19.6833","USA","Hawaii",NA,"b929f23d-290f-4e85-8f17-764c55b3b284",11824312500
"Acacia confusa Merr.","Acacia","confusa","-155.417","19.3333","USA","Hawaii",NA,"b929f23d-290f-4e85-8f17-764c55b3b284",11824312500
"Acacia koa A.Gray","Acacia","koa","-159.666667","22.106667","USA","Hawaii","Kauai","7bd65a7a-f762-11e1-a439-00145eb45e9a",1683250000
"Acacia koa A.Gray","Acacia","koa","-155.45","19.68333","USA","Hawaii",NA,"7bd65a7a-f762-11e1-a439-00145eb45e9a",11824312500
"Acacia confusa Merr.","Acacia","confusa","-155.41666","19.33333","USA","Hawaii",NA,"7bd65a7a-f762-11e1-a439-00145eb45e9a",11824312500
"Acacia koa A.Gray","Acacia","koa","-159.533844","22.075459","USA","Hawaii","Kauai","6ac3f774-d9fb-4796-b3e9-92bf6c81c084",1683250000
"Acacia koa A.Gray","Racosperma","koa","-158.016667","21.65","USA","Hawaii","Oahu","4ce8e3f9-2546-4af1-b28d-e2eadf05dfd4",1801687500
"Acacia koa A.Gray","Acacia","koa","-158.01","21.39","USA","Hawaii","Oahu","b929f23d-290f-4e85-8f17-764c55b3b284",1801687500
"Acacia koa A.Gray","Racosperma","koa","-158.016667","21.65","USA","Hawaii","Oahu","15738fee-78b1-4751-bcc1-cbf7139c68de",1801687500
"Acacia koa A.Gray","Racosperma","koa","-158.02","21.65","USA","Hawaii","Oahu","07a54454-87c7-4e1e-b2ba-88a9d98d534b",1801687500
"Acacia koa A.Gray","Acacia","koaia","-155.833","19.7833","USA","Hawaii",NA,"b929f23d-290f-4e85-8f17-764c55b3b284",11824312500
"Acacia koa A.Gray","Racosperma","koa","-157.916667","21.433333","USA","Hawaii","Oahu","15738fee-78b1-4751-bcc1-cbf7139c68de",1801687500
"Acacia koa A.Gray","Racosperma","koa","-155.316667","19.433333","USA","Hawaii",NA,"15738fee-78b1-4751-bcc1-cbf7139c68de",11824312500
"Acacia koa A.Gray","Racosperma","koa","-155.316667","19.433333","USA","Hawaii",NA,"15738fee-78b1-4751-bcc1-cbf7139c68de",11824312500
"Acacia koa A.Gray","Racosperma","koa","-155.316667","19.433333","USA","Hawaii",NA,"15738fee-78b1-4751-bcc1-cbf7139c68de",11824312500
"Acacia koa A.Gray","Racosperma","koa","-158.083333","21.5","USA","Hawaii","Oahu","15738fee-78b1-4751-bcc1-cbf7139c68de",1801687500
"Acacia koa A.Gray","Acacia","koa","-155.752778","20.066111","USA","Hawaii",NA,"5a3b50fa-c882-4129-9405-38e54c0a73f3",11824312500
"Acacia koa A.Gray","Acacia","koa","-155.752778","20.066111","USA","Hawaii",NA,"5a3b50fa-c882-4129-9405-38e54c0a73f3",11824312500
"Acacia koa A.Gray","Racosperma","koa","-155.283333","19.416667","USA","Hawaii",NA,"4ce8e3f9-2546-4af1-b28d-e2eadf05dfd4",11824312500
"Acacia koa A.Gray","Acacia","koa","-155.281389","19.434444","USA","Hawaii",NA,"5a3b50fa-c882-4129-9405-38e54c0a73f3",11824312500
"Acacia koa A.Gray","Acacia","koa","-155.752778","20.066111","USA","Hawaii",NA,"5a3b50fa-c882-4129-9405-38e54c0a73f3",11824312500
"Acacia koa A.Gray","Acacia","koa","-155.308056","19.440556","USA","Hawaii",NA,"5a3b50fa-c882-4129-9405-38e54c0a73f3",11824312500
"Acacia koa A.Gray","Acacia","koa","-155.281389","19.434444","USA","Hawaii",NA,"5a3b50fa-c882-4129-9405-38e54c0a73f3",11824312500
"Acacia koa A.Gray","Acacia","koa","-155.281389","19.434444","USA","Hawaii",NA,"5a3b50fa-c882-4129-9405-38e54c0a73f3",11824312500
"Acacia mearnsii De Wild.","Acacia","mearnsii","-159.659444","22.051944","USA","Hawaii","Kauai","7827f68d-c981-4023-bace-288a03434044",1683250000
"Acacia koa A.Gray","Acacia","koa","-159.672344","22.028699","USA","Hawaii","Kauai","c45ad8ca-a406-4430-8c61-f5afbe29e3b4",1683250000
"Acacia koa A.Gray","Acacia","koa","-155.338353","19.888718","USA","Hawaii",NA,"39c43f87-ad33-48f6-867c-29768e1f06d1",11824312500
"Acacia koa A.Gray","Racosperma","koa","-155.333333","19.883333","USA","Hawaii",NA,"4ce8e3f9-2546-4af1-b28d-e2eadf05dfd4",11824312500
"Acacia koa A.Gray","Acacia","koa","-155.470833","19.823611","USA","Hawaii",NA,"aab0cf80-0c64-11dd-84d1-b8a03c50a862",11824312500
"Acacia koa A.Gray","Acacia","koaia","-155.633","19.9333","USA","Hawaii",NA,"b929f23d-290f-4e85-8f17-764c55b3b284",11824312500
"Acacia koa A.Gray","Acacia","koa","-155.5","19.3","USA","Hawaii",NA,"b929f23d-290f-4e85-8f17-764c55b3b284",11824312500
"Acacia confusa Merr.","Acacia","confusa","-157.782461","21.301014","USA","Hawaii","Oahu","b2d55172-8980-4195-9632-a186edb27d5a",1801687500
"Acacia baileyana F.Muell.","Acacia","baileyana","-155.217","19.3333","USA","Hawaii",NA,"b929f23d-290f-4e85-8f17-764c55b3b284",11824312500
"Acacia koa A.Gray","Acacia","koa","-159.633","22.1667","USA","Hawaii","Kauai","b929f23d-290f-4e85-8f17-764c55b3b284",1683250000
"Acacia koa A.Gray","Acacia","koa","-155.3","19.4833","USA","Hawaii",NA,"b929f23d-290f-4e85-8f17-764c55b3b284",11824312500
"Acacia koa A.Gray","Acacia","koa","-155.317","19.4667","USA","Hawaii",NA,"b929f23d-290f-4e85-8f17-764c55b3b284",11824312500
"Acacia koa A.Gray","Acacia","koa","-159.35","22.0167","USA","Hawaii","Kauai","b929f23d-290f-4e85-8f17-764c55b3b284",1683250000
"Acacia confusa Merr.","Acacia","confusa","-157.847778","21.315278","USA","Hawaii","Oahu","677aece2-a65b-4b78-b391-0f2e21a2b7ed",1801687500
"Acacia aneura F.Muell. ex Benth.","Acacia","aneura","-157.155","21.141667","USA","Hawaii","Molokai","aab0cf80-0c64-11dd-84d1-b8a03c50a862",780312500
"Acacia melanoxylon R.Br.","Acacia","melanoxylon","-155.665833","19.542778","USA","Hawaii",NA,"aab0cf80-0c64-11dd-84d1-b8a03c50a862",11824312500
"Acacia koa A.Gray","Acacia","koaia","-155.665833","19.542778","USA","Hawaii",NA,"aab0cf80-0c64-11dd-84d1-b8a03c50a862",11824312500
"Acacia koa A.Gray","Acacia","koa","-159.672206","22.030006","USA","Hawaii","Kauai","9781ce05-2379-4a10-ab3b-c91346510df8",1683250000
"Acacia koa A.Gray","Acacia","koa","-159.672206","22.030006","USA","Hawaii","Kauai","9781ce05-2379-4a10-ab3b-c91346510df8",1683250000
"Acacia koa A.Gray","Acacia","koaia","-156.879167","20.783611","USA","Hawaii","Lanai","aab0cf80-0c64-11dd-84d1-b8a03c50a862",419687500
"Acacia koa A.Gray","Acacia","koaia","-159.5","22.05","USA","Hawaii","Kauai","1064b787-c882-493e-b17d-4ffba363b776",1683250000
"Acacia koa A.Gray","Acacia","koa","-159.524167","22.055278","USA","Hawaii","Kauai","aab0cf80-0c64-11dd-84d1-b8a03c50a862",1683250000
"Acacia koa A.Gray","Acacia","koa","-157.762349","21.305194","USA","Hawaii","Oahu","9781ce05-2379-4a10-ab3b-c91346510df8",1801687500
"Acacia confusa Merr.","Acacia","confusa","-158","21.438889","USA","Hawaii","Oahu","aab0cf80-0c64-11dd-84d1-b8a03c50a862",1801687500
"Acacia decurrens Willd.","Acacia","decurrens","-156.331944","20.798333","USA","Hawaii","Maui","aab0cf80-0c64-11dd-84d1-b8a03c50a862",2165812500
"Acacia koa A.Gray","Racosperma","koa","-158.033333","21.566667","USA","Hawaii","Oahu","4ce8e3f9-2546-4af1-b28d-e2eadf05dfd4",1801687500
"Acacia koa A.Gray","Acacia","koa","-158.020356","21.60889","USA","Hawaii","Oahu","39c43f87-ad33-48f6-867c-29768e1f06d1",1801687500
"Acacia koa A.Gray","Acacia","koa","-158.020356","21.60889","USA","Hawaii","Oahu","39c43f87-ad33-48f6-867c-29768e1f06d1",1801687500
"Acacia koa A.Gray","Acacia","koa","-158.02036","21.60889","USA","Hawaii","Oahu","e523cf2d-4fc2-48d8-aa75-80ecbc90b3f5",1801687500
"Acacia koa A.Gray","Racosperma","koa","-158.05","21.633333","USA","Hawaii","Oahu","4ce8e3f9-2546-4af1-b28d-e2eadf05dfd4",1801687500
"Acacia koa A.Gray","Acacia","koa","-158","21.438889","USA","Hawaii","Oahu","aab0cf80-0c64-11dd-84d1-b8a03c50a862",1801687500
"Acacia koa A.Gray","Acacia","koa","-155.3","19.3","USA","Hawaii",NA,"07fd0d79-4883-435f-bba1-58fef110cd13",11824312500
"Acacia koa A.Gray","Acacia","koa","-158.08022","21.46325","USA","Hawaii","Oahu","9781ce05-2379-4a10-ab3b-c91346510df8",1801687500
"Acacia koa A.Gray","Acacia","koaia","-155.722145","20.042201","USA","Hawaii",NA,"9781ce05-2379-4a10-ab3b-c91346510df8",11824312500
"Acacia koa A.Gray","Acacia","kauaiensis","-159.656806","22.129513","USA","Hawaii","Kauai","9781ce05-2379-4a10-ab3b-c91346510df8",1683250000
"Acacia koa A.Gray","Acacia","koa","-157.964379","21.462769","USA","Hawaii","Oahu","2ab496e3-18cb-4cc0-9dca-9402d29b4e5b",1801687500
"Acacia koa A.Gray","Racosperma","koa","-156.883333","20.783333","USA","Hawaii","Lanai","4ce8e3f9-2546-4af1-b28d-e2eadf05dfd4",419687500
"Acacia koa A.Gray","Racosperma","kauaiense","-156.916667","20.85","USA","Hawaii","Lanai","4ce8e3f9-2546-4af1-b28d-e2eadf05dfd4",419687500
"Acacia koa A.Gray","Racosperma","kauaiense","-156.916667","20.85","USA","Hawaii","Lanai","4ce8e3f9-2546-4af1-b28d-e2eadf05dfd4",419687500
"Acacia mearnsii De Wild.","Acacia","mearnsii","-159.4","22.0667","USA","Hawaii","Kauai","b929f23d-290f-4e85-8f17-764c55b3b284",1683250000
"Acacia Mill.","Acacia",NA,"-156.883333","20.783333","USA","Hawaii","Lanai","15738fee-78b1-4751-bcc1-cbf7139c68de",419687500
"Acacia Mill.","Acacia",NA,"-156.916667","20.85","USA","Hawaii","Lanai","4ce8e3f9-2546-4af1-b28d-e2eadf05dfd4",419687500
"Acacia Mill.","Acacia",NA,"-156.916667","20.85","USA","Hawaii","Lanai","4ce8e3f9-2546-4af1-b28d-e2eadf05dfd4",419687500
"Acacia koa A.Gray","Acacia","koaia","-156.861961","20.797717","USA","Hawaii","Lanai","39c43f87-ad33-48f6-867c-29768e1f06d1",419687500
"Acacia koa A.Gray","Acacia","koa","-156.901944","20.806667","USA","Hawaii","Lanai","5a3b50fa-c882-4129-9405-38e54c0a73f3",419687500
"Acacia Mill.","Acacia",NA,"-156.9","20.8","USA","Hawaii","Lanai","4ce8e3f9-2546-4af1-b28d-e2eadf05dfd4",419687500
"Acacia koa A.Gray","Acacia","koa","-158.2","21.5","USA","Hawaii","Oahu","07fd0d79-4883-435f-bba1-58fef110cd13",1801687500
"Acacia koa A.Gray","Acacia","koa","-158.04","21.55","USA","Hawaii","Oahu","3dedd874-1c74-487c-9fb3-48dcaf922bab",1801687500
"Acacia koa A.Gray","Acacia","koa","-156.268158","20.770239","USA","Hawaii","Maui","f3f03cbf-1a01-4739-ae15-c1355b8c2dbf",2165812500
"Acacia koa A.Gray","Acacia","koa","-156.268158","20.770239","USA","Hawaii","Maui","f3f03cbf-1a01-4739-ae15-c1355b8c2dbf",2165812500
"Acacia koa A.Gray","Acacia","koa","-157.858333","21.306944","USA","Hawaii","Oahu","a6f37a35-cb18-4395-9a0c-5be222c8e6c8",1801687500
"Acacia confusa Merr.","Acacia","confusa","-158.1","21.4","USA","Hawaii","Oahu","07fd0d79-4883-435f-bba1-58fef110cd13",1801687500
"Acacia koa A.Gray","Acacia","koa","-158","21.5","USA","Hawaii","Oahu","07fd0d79-4883-435f-bba1-58fef110cd13",1801687500
"Acacia koa A.Gray","Acacia","koa","-155.3","19.4","USA","Hawaii",NA,"07fd0d79-4883-435f-bba1-58fef110cd13",11824312500
"Acacia koa A.Gray","Acacia","koa","-157.8","21.3","USA","Hawaii","Oahu","07fd0d79-4883-435f-bba1-58fef110cd13",1801687500
"Acacia koa A.Gray","Acacia","koa","-157.934207","21.47869","USA","Hawaii","Oahu","963f12d0-f762-11e1-a439-00145eb45e9a",1801687500
"Acacia koa A.Gray","Acacia","koa","-157.934207","21.47869","USA","Hawaii","Oahu","963f12d0-f762-11e1-a439-00145eb45e9a",1801687500
"Acacia koa A.Gray","Acacia","koa","-158.1","21.4","USA","Hawaii","Oahu","07fd0d79-4883-435f-bba1-58fef110cd13",1801687500
"Acacia koa A.Gray","Racosperma","kauaiense","-159.616667","22.133333","USA","Hawaii","Kauai","15738fee-78b1-4751-bcc1-cbf7139c68de",1683250000
"Acacia koa A.Gray","Racosperma","kauaiense","-159.616667","22.133333","USA","Hawaii","Kauai","15738fee-78b1-4751-bcc1-cbf7139c68de",1683250000
"Acacia koa A.Gray","Acacia","koa","-155.815","19.5075","USA","Hawaii",NA,"e523cf2d-4fc2-48d8-aa75-80ecbc90b3f5",11824312500
"Acacia aroma Gillies, 1833","Acacia","aroma","-157.85","21.3","USA","Hawaii","Oahu","b929f23d-290f-4e85-8f17-764c55b3b284",1801687500
"Acacia koa A.Gray","Acacia","koa","-157.8","21.3333","USA","Hawaii","Oahu","b929f23d-290f-4e85-8f17-764c55b3b284",1801687500
"Acacia koa A.Gray","Acacia","koa","-156.25","20.616667","Hawaii","Maui",NA,"2651f9da-9999-4cd2-9f17-293a977ffe58",2165812500
"Acacia koa A.Gray","Acacia","koaia","-156.60155","20.855931","USA","Hawaii","Maui","707e1918-0999-4f2f-9ad1-22c0be104861",2165812500
"Acacia parramattensis Tindale","Acacia","parramattensis","-157.85","21.3","USA","Hawaii","Oahu","b929f23d-290f-4e85-8f17-764c55b3b284",1801687500
"Acacia mearnsii De Wild.","Acacia","mearnsii","-155.05","19.7333","USA","Hawaii",NA,"b929f23d-290f-4e85-8f17-764c55b3b284",11824312500
"Acacia koa A.Gray","Acacia","koa","-159.513717","22.185915","USA","Hawaii","Kauai","89c53edb-0fac-4118-bdc0-d70ca50953dc",1683250000
"Acacia koa A.Gray","Acacia","koa","-159.663056","21.957778","Hawaii","Kauai",NA,"43fb301d-0354-45bc-94d2-dd50f3142a50",1683250000
"Acacia koa A.Gray","Acacia","koa","-159.663056","21.957778","Hawaii","Kauai",NA,"43fb301d-0354-45bc-94d2-dd50f3142a50",1683250000
"Acacia koa A.Gray","Acacia","koa","-159.663056","21.957778","Hawaii","Kauai",NA,"43fb301d-0354-45bc-94d2-dd50f3142a50",1683250000
"Acacia koa A.Gray","Acacia","koa","-159.663056","21.957778","Hawaii","Kauai",NA,"43fb301d-0354-45bc-94d2-dd50f3142a50",1683250000
"Acacia koa A.Gray","Acacia","koa","-155.496389","19.264722","USA","Hawaii",NA,"43fb301d-0354-45bc-94d2-dd50f3142a50",11824312500
"Acacia koa A.Gray","Acacia","koa","-155.496389","19.264722","USA","Hawaii",NA,"43fb301d-0354-45bc-94d2-dd50f3142a50",11824312500
"Acacia koa A.Gray","Acacia","koa","-157.824439","21.298148","USA","Hawaii","Oahu","a92de2e1-647c-43f2-a8b7-ab1c1a6453dd",1801687500
"Acacia koa A.Gray","Acacia","koa","-157.824439","21.298148","USA","Hawaii","Oahu","a92de2e1-647c-43f2-a8b7-ab1c1a6453dd",1801687500
"Acacia koa A.Gray","Acacia","koa","-158","21.64","USA","Hawaii","Oahu","3dedd874-1c74-487c-9fb3-48dcaf922bab",1801687500
"Acacia koa A.Gray","Acacia","koaia","-155.665833","19.542778","USA","Hawaii",NA,"aab0cf80-0c64-11dd-84d1-b8a03c50a862",11824312500
"Acacia koa A.Gray","Acacia","koaia","-155.665833","19.542778","USA","Hawaii",NA,"aab0cf80-0c64-11dd-84d1-b8a03c50a862",11824312500
"Acacia koa A.Gray","Acacia","koa","-158","21.438889","USA","Hawaii","Oahu","aab0cf80-0c64-11dd-84d1-b8a03c50a862",1801687500
"Acacia decurrens Willd.","Acacia","decurrens","-157.0225","21.144444","USA","Hawaii","Molokai","aab0cf80-0c64-11dd-84d1-b8a03c50a862",780312500
"Acacia decurrens Willd.","Acacia","decurrens","-157.0225","21.144444","USA","Hawaii","Molokai","aab0cf80-0c64-11dd-84d1-b8a03c50a862",780312500
"Acacia Mill.","Acacia",NA,"-155.46809","19.82061","USA","Hawaii",NA,"b5cdf794-8fa4-4a85-8b26-755d087bf531",11824312500
"Acacia Mill.","Acacia",NA,"-158.00006","21.43891","USA","Hawaii","Oahu","b5cdf794-8fa4-4a85-8b26-755d087bf531",1801687500
"Acacia koa A.Gray","Acacia","koa","-158","21.438889","USA","Hawaii","Oahu","aab0cf80-0c64-11dd-84d1-b8a03c50a862",1801687500
"Acacia koa A.Gray","Acacia","koa","-158","21.438889","USA","Hawaii","Oahu","aab0cf80-0c64-11dd-84d1-b8a03c50a862",1801687500
"Acacia Mill.","Acacia",NA,"-157.966667","21.433333","USA","Hawaii","Oahu","4ce8e3f9-2546-4af1-b28d-e2eadf05dfd4",1801687500
"Acacia simplex (Sparrm.) Pedley","Acacia","simplex","-157.673","21.2861","Hawaii","Oahu",NA,"b929f23d-290f-4e85-8f17-764c55b3b284",1801687500
"Acacia koa A.Gray","Acacia","koa","-157.9","21.6","USA","Hawaii","Oahu","b929f23d-290f-4e85-8f17-764c55b3b284",1801687500
"Acacia koa A.Gray","Acacia","koa","-159.5","22.06667","USA","Hawaii","Kauai","15f819bd-6612-4447-854b-14d12ee1022d",1683250000
"Acacia koa A.Gray","Acacia","koa","-159.5","22.06667","USA","Hawaii","Kauai","15f819bd-6612-4447-854b-14d12ee1022d",1683250000
"Acacia Mill.","Acacia",NA,"-155.5","19.58333","USA","Hawaii",NA,"f577c9f3-ae71-4278-b6bf-512ba1dfaa21",11824312500
