"key","scientificName","decimalLatitude","decimalLongitude","issues","datasetKey","publishingOrgKey","installationKey","hostingOrganizationKey","publishingCountry","protocol","lastCrawled","lastParsed","crawlId","basisOfRecord","occurrenceStatus","taxonKey","kingdomKey","phylumKey","orderKey","familyKey","genusKey","speciesKey","acceptedTaxonKey","acceptedScientificName","kingdom","phylum","order","family","genus","species","genericName","specificEpithet","taxonRank","taxonomicStatus","iucnRedListCategory","dateIdentified","coordinateUncertaintyInMeters","continent","stateProvince","year","month","day","eventDate","startDayOfYear","endDayOfYear","modified","lastInterpreted","references","license","isSequenced","identifier","facts","relations","isInCluster","datasetName","recordedBy","identifiedBy","geodeticDatum","countryCode","recordedByIDs","identifiedByIDs","gbifRegion","country","publishedByGbifRegion","rightsHolder","identifier.1","http...unknown.org.nick","verbatimEventDate","gbifID","verbatimLocality","collectionCode","occurrenceID","taxonID","catalogNumber","institutionCode","eventTime","http...unknown.org.captive","identificationID","name","lifeStage","dynamicProperties","vitality","projectId","occurrenceRemarks","informationWithheld","identificationRemarks","individualCount","higherGeography","institutionKey","collectionKey","preparations","institutionID","verbatimSRS","verbatimCoordinateSystem","higherClassification","collectionID","waterBody","samplingProtocol","habitat","locationRemarks","organismName","locality","verbatimDepth","elevation","typeStatus","nomenclaturalStatus","combinationAuthors","municipality","verbatimScientificName","namePublishedIn","http...unknown.org.verbatimLabel","combinationYear","canonicalName","county","sex","networkKeys","eventID","acceptedNameUsage","fieldNumber","language","type","previousIdentifications","locationID","ownerInstitutionCode","acceptedNameUsageID","identificationQualifier","eventRemarks","recordedByIDs.type","recordedByIDs.value","identifiedByIDs.type","identifiedByIDs.value","georeferencedBy","programmeAcronym","organismQuantity","organismQuantityType","vernacularName","gadm","otherCatalogNumbers","http...unknown.org.recordID","rights","http...unknown.org.recordEnteredBy","taxonConceptID","georeferencedDate","georeferenceVerificationStatus","georeferenceSources","associatedSequences","distanceFromCentroidInMeters","verbatimElevation","depth","depthAccuracy","basionymAuthors","basionymYear","establishmentMeans","recordNumber","nomenclaturalCode","bibliographicCitation","accessRights","georeferenceProtocol","locationAccordingTo","coordinatePrecision","elevationAccuracy","disposition","sampleSizeUnit","sampleSizeValue","datasetID","samplingEffort","verbatimTaxonRank","georeferenceRemarks","footprintWKT","organismID","identificationReferences","behavior","associatedReferences","typifiedName","infraspecificEpithet","materialEntityID","parentNameUsage","associatedOccurrences","higherGeographyID","http...unknown.org.habitat","http...unknown.org.recordId","fieldNotes","subfamily","taxonRemarks","footprintSRS","verbatimIdentification","originalNameUsage","featurecla","name","areas","Species"
"4532703708","Enteromius neumayeri (Fischer, 1884)",-0.37588,34.02136,"","c2914e4b-381d-4814-8a34-66a7d949fd44","fd515d3a-b237-42de-bba6-760008580da5","b75cac4b-10fd-424f-a4f7-7bae2657bf64","fd515d3a-b237-42de-bba6-760008580da5","KE","EML","2025-01-19T06:08:27.326+00:00","2025-02-01T00:48:45.945+00:00",36,"PRESERVED_SPECIMEN","PRESENT",9414131,1,44,1153,7336,2363128,9414131,9414131,"Enteromius neumayeri (Fischer, 1884)","Animalia","Chordata","Cypriniformes","Cyprinidae","Enteromius","Enteromius neumayeri","Enteromius","neumayeri","SPECIES","ACCEPTED","LC",NA,NA,"AFRICA",NA,2023,7,11,"2023-07-11",192,192,NA,"2025-02-01T00:48:45.945+00:00",NA,"http://creativecommons.org/publicdomain/zero/1.0/legalcode",FALSE,"KNM.ICH.FW/5557/1-8","none","none",FALSE,NA,NA,"Kosgei, G.","WGS84","KE","none","none","AFRICA","Kenya","AFRICA",NA,"KNM.ICH.FW/5557/1-8",NA,NA,"4532703708",NA,"ICH","KNM.ICH.FW/5557/1-8",NA,NA,"NMK",NA,NA,NA,"Enteromius neumayeri (Fischer, 1884)",NA,NA,NA,"70018 JRS-University of Florida -NMK",NA,NA,NA,8,"Africa; Kenya","9e37bf7c-0304-4477-b506-e26fa6d5cf45","71110d30-6742-4174-b0d3-c401acd069b1","Ethanol","https://scientific-collections.gbif.org/institution/9e37bf7c-0304-4477-b506-e26fa6d5cf45","WGS84","decimal degrees","Animalia;Chordata;Osteichthyes;Cypriniformes;Cyprinidae","https://scientific-collections.gbif.org/collection/71110d30-6742-4174-b0d3-c401acd069b1",NA,NA,NA,NA,NA,NA,NA,NA,NA,NA,NA,NA,NA,NA,NA,NA,NA,NA,NA,NA,NA,NA,NA,NA,NA,NA,NA,NA,NA,NA,NA,NA,NA,NA,NA,NA,NA,NA,NA,NA,NA,NA,NA,NA,NA,NA,NA,NA,NA,NA,NA,NA,NA,NA,NA,NA,NA,NA,NA,NA,NA,NA,NA,NA,NA,NA,NA,NA,NA,NA,NA,NA,NA,NA,NA,NA,NA,NA,NA,NA,NA,NA,NA,NA,NA,NA,NA,NA,NA,NA,NA,"Lake","Lake Victoria",67332250502.7392,"Enteromius neumayeri"
"3336820311","Enteromius jacksoni (Günther, 1889)",0.238524,33.993361,"cdc,gass84,osiic","5a53f318-2cba-42ea-ab8c-01335c2ac646","4f3d98d3-f69a-4929-9291-6c35340b6711","a114f599-3d05-4ca1-90ed-dba5b7aa5722","4f3d98d3-f69a-4929-9291-6c35340b6711","UG","EML","2025-01-22T19:45:52.705+00:00","2025-01-31T20:54:42.427+00:00",46,"HUMAN_OBSERVATION","PRESENT",9406569,1,44,1153,7336,2363128,9406569,9406569,"Enteromius jacksoni (Günther, 1889)","Animalia","Chordata","Cypriniformes","Cyprinidae","Enteromius","Enteromius jacksoni","Enteromius","jacksoni","SPECIES","ACCEPTED","LC",NA,NA,"AFRICA",NA,2021,4,30,"2021-04-30",120,120,NA,"2025-01-31T20:54:42.427+00:00",NA,"http://creativecommons.org/licenses/by-nc/4.0/legalcode",FALSE,"RS_NaFIRRI_17390","none","none",FALSE,NA,"Mark Olokotum","Mark Olokotum,Mugeni Bairon,Richard Mageni,Nuwahereza colleb,BasoomaAnthony, Bukirwa shakirah","WGS84","UG","none","none","AFRICA","Uganda","AFRICA",NA,"RS_NaFIRRI_17390",NA,NA,"3336820311",NA,NA,"RS_NaFIRRI_17390",NA,NA,"NaFIRRI/National Fisheries Resources Research Institute",NA,NA,NA,"Enteromius jacksoni (Günther, 1889)",NA,NA,NA,"BID-AF2020-145-USE",NA,NA,NA,3,NA,NA,NA,NA,"https://www.firi.go.ug",NA,NA,NA,NA,"River Sio","Gillnetting (Multifilament nets of mesh sizes 1 to 8 inches)","River",NA,"Enteromius jacksonii","Inshore",NA,NA,NA,NA,NA,NA,NA,NA,NA,NA,NA,NA,NA,NA,NA,NA,NA,NA,NA,NA,NA,NA,NA,NA,NA,NA,NA,NA,NA,NA,"BID",100.3,"grams","Jackson's barb",NA,NA,NA,NA,NA,NA,NA,NA,NA,NA,NA,NA,NA,NA,NA,NA,NA,NA,NA,NA,NA,NA,NA,NA,NA,NA,NA,NA,NA,NA,NA,NA,NA,NA,NA,NA,NA,NA,NA,NA,NA,NA,NA,NA,NA,NA,NA,NA,NA,NA,NA,"Lake","Lake Victoria",67332250502.7392,"Enteromius jacksoni"
"3336820307","Enteromius apleurogramma (Boulenger, 1911)",0.238545,33.993942,"cdc,gass84,osiic","5a53f318-2cba-42ea-ab8c-01335c2ac646","4f3d98d3-f69a-4929-9291-6c35340b6711","a114f599-3d05-4ca1-90ed-dba5b7aa5722","4f3d98d3-f69a-4929-9291-6c35340b6711","UG","EML","2025-01-22T19:45:52.705+00:00","2025-01-31T20:54:42.365+00:00",46,"HUMAN_OBSERVATION","PRESENT",9573924,1,44,1153,7336,2363128,9573924,9573924,"Enteromius apleurogramma (Boulenger, 1911)","Animalia","Chordata","Cypriniformes","Cyprinidae","Enteromius","Enteromius apleurogramma","Enteromius","apleurogramma","SPECIES","ACCEPTED","LC",NA,NA,"AFRICA",NA,2021,4,30,"2021-04-30",120,120,NA,"2025-01-31T20:54:42.365+00:00",NA,"http://creativecommons.org/licenses/by-nc/4.0/legalcode",FALSE,"RS_NaFIRRI_17396","none","none",FALSE,NA,"Mark Olokotum","Mark Olokotum,Mugeni Bairon,Richard Mageni,Nuwahereza colleb,BasoomaAnthony, Bukirwa shakirah","WGS84","UG","none","none","AFRICA","Uganda","AFRICA",NA,"RS_NaFIRRI_17396",NA,NA,"3336820307",NA,NA,"RS_NaFIRRI_17396",NA,NA,"NaFIRRI/National Fisheries Resources Research Institute",NA,NA,NA,"Enteromius apleurogramma (Boulenger, 1911)",NA,NA,NA,"BID-AF2020-145-USE",NA,NA,NA,70,NA,NA,NA,NA,"https://www.firi.go.ug",NA,NA,NA,NA,"River Sio","Gillnetting (Multifilament nets of mesh sizes 1 to 8 inches)","River",NA,"Enteromius apluerogramma","Middle",NA,NA,NA,NA,NA,NA,NA,NA,NA,NA,NA,NA,NA,NA,NA,NA,NA,NA,NA,NA,NA,NA,NA,NA,NA,NA,NA,NA,NA,NA,"BID",430,"grams","East African red finned barb",NA,NA,NA,NA,NA,NA,NA,NA,NA,NA,NA,NA,NA,NA,NA,NA,NA,NA,NA,NA,NA,NA,NA,NA,NA,NA,NA,NA,NA,NA,NA,NA,NA,NA,NA,NA,NA,NA,NA,NA,NA,NA,NA,NA,NA,NA,NA,NA,NA,NA,NA,"Lake","Lake Victoria",67332250502.7392,"Enteromius apleurogramma"
"3336820305","Enteromius jacksoni (Günther, 1889)",0.238545,33.993942,"cdc,gass84,osiic","5a53f318-2cba-42ea-ab8c-01335c2ac646","4f3d98d3-f69a-4929-9291-6c35340b6711","a114f599-3d05-4ca1-90ed-dba5b7aa5722","4f3d98d3-f69a-4929-9291-6c35340b6711","UG","EML","2025-01-22T19:45:52.705+00:00","2025-01-31T20:54:42.361+00:00",46,"HUMAN_OBSERVATION","PRESENT",9406569,1,44,1153,7336,2363128,9406569,9406569,"Enteromius jacksoni (Günther, 1889)","Animalia","Chordata","Cypriniformes","Cyprinidae","Enteromius","Enteromius jacksoni","Enteromius","jacksoni","SPECIES","ACCEPTED","LC",NA,NA,"AFRICA",NA,2021,4,30,"2021-04-30",120,120,NA,"2025-01-31T20:54:42.361+00:00",NA,"http://creativecommons.org/licenses/by-nc/4.0/legalcode",FALSE,"RS_NaFIRRI_17397","none","none",FALSE,NA,"Mark Olokotum","Mark Olokotum,Mugeni Bairon,Richard Mageni,Nuwahereza colleb,BasoomaAnthony, Bukirwa shakirah","WGS84","UG","none","none","AFRICA","Uganda","AFRICA",NA,"RS_NaFIRRI_17397",NA,NA,"3336820305",NA,NA,"RS_NaFIRRI_17397",NA,NA,"NaFIRRI/National Fisheries Resources Research Institute",NA,NA,NA,"Enteromius jacksoni (Günther, 1889)",NA,NA,NA,"BID-AF2020-145-USE",NA,NA,NA,2,NA,NA,NA,NA,"https://www.firi.go.ug",NA,NA,NA,NA,"River Sio","Gillnetting (Multifilament nets of mesh sizes 1 to 8 inches)","River",NA,"Enteromius jacksonii","Middle",NA,NA,NA,NA,NA,NA,NA,NA,NA,NA,NA,NA,NA,NA,NA,NA,NA,NA,NA,NA,NA,NA,NA,NA,NA,NA,NA,NA,NA,NA,"BID",11.8,"grams","Jackson's barb",NA,NA,NA,NA,NA,NA,NA,NA,NA,NA,NA,NA,NA,NA,NA,NA,NA,NA,NA,NA,NA,NA,NA,NA,NA,NA,NA,NA,NA,NA,NA,NA,NA,NA,NA,NA,NA,NA,NA,NA,NA,NA,NA,NA,NA,NA,NA,NA,NA,NA,NA,"Lake","Lake Victoria",67332250502.7392,"Enteromius jacksoni"
"3336820326","Enteromius kerstenii (Peters, 1868)",-0.944036,31.777067,"cdc,gass84,osiic","5a53f318-2cba-42ea-ab8c-01335c2ac646","4f3d98d3-f69a-4929-9291-6c35340b6711","a114f599-3d05-4ca1-90ed-dba5b7aa5722","4f3d98d3-f69a-4929-9291-6c35340b6711","UG","EML","2025-01-22T19:45:52.705+00:00","2025-01-31T20:54:42.527+00:00",46,"HUMAN_OBSERVATION","PRESENT",9461154,1,44,1153,7336,2363128,9461154,9461154,"Enteromius kerstenii (Peters, 1868)","Animalia","Chordata","Cypriniformes","Cyprinidae","Enteromius","Enteromius kerstenii","Enteromius","kerstenii","SPECIES","ACCEPTED","LC",NA,NA,"AFRICA",NA,2021,5,1,"2021-05-01",121,121,NA,"2025-01-31T20:54:42.527+00:00",NA,"http://creativecommons.org/licenses/by-nc/4.0/legalcode",FALSE,"RS_NaFIRRI_17425","none","none",FALSE,NA,"Mark Olokotum","Mark Olokotum,Mugeni Bairon,Richard Mageni,Nuwahereza colleb,BasoomaAnthony, Bukirwa shakirah","WGS84","UG","none","none","AFRICA","Uganda","AFRICA",NA,"RS_NaFIRRI_17425",NA,NA,"3336820326",NA,NA,"RS_NaFIRRI_17425",NA,NA,"NaFIRRI/National Fisheries Resources Research Institute",NA,NA,NA,"Enteromius kerstenii (Peters, 1868)",NA,NA,NA,"BID-AF2020-145-USE",NA,NA,NA,1,NA,NA,NA,NA,"https://www.firi.go.ug",NA,NA,NA,NA,"River Kagera","Electrofishing","River",NA,"Enteromius kerstenii","River mouth",NA,NA,NA,NA,NA,NA,NA,NA,NA,NA,NA,NA,NA,NA,NA,NA,NA,NA,NA,NA,NA,NA,NA,NA,NA,NA,NA,NA,NA,NA,"BID",1.5,"grams","Redspot barb",NA,NA,NA,NA,NA,NA,NA,NA,NA,NA,NA,NA,NA,NA,NA,NA,NA,NA,NA,NA,NA,NA,NA,NA,NA,NA,NA,NA,NA,NA,NA,NA,NA,NA,NA,NA,NA,NA,NA,NA,NA,NA,NA,NA,NA,NA,NA,NA,NA,NA,NA,"Lake","Lake Victoria",67332250502.7392,"Enteromius kerstenii"
"2830976313","Enteromius alberti (Poll, 1939)",-0.092,29.758417,"cdc,gass84,osiic,inmano","5fcc010d-8df1-418f-87b1-b29e649ed604","a064f300-1bc8-41ea-9364-b864ef4e8938","7ce8aef1-9e92-11dc-8740-b8a03c50a999","7ce8aef0-9e92-11dc-8738-b8a03c50a862","FR","DWC_ARCHIVE","2025-03-02T07:49:58.703+00:00","2025-03-02T07:56:50.663+00:00",233,"MATERIAL_CITATION","PRESENT",10758256,1,44,1153,7336,2363128,9326520,9326520,"Enteromius stigmatopygus (Boulenger, 1903)","Animalia","Chordata","Cypriniformes","Cyprinidae","Enteromius","Enteromius stigmatopygus","Enteromius","alberti","SPECIES","SYNONYM","NE",NA,NA,"AFRICA","Lake Edward",2018,1,20,"2018-01-20",20,20,NA,"2025-03-02T07:56:50.663+00:00","https://treatment.plazi.org/id/03B287EEF85FF30EFD90D6845856C948#3B733CA5F841F30FFAD3D56D5957CEBE","http://creativecommons.org/publicdomain/zero/1.0/legalcode",FALSE,"03B287EEF85FF30EFD90D6845856C948.mc.3B733CA5F841F30FFAD3D56D5957CEBE","none","none",TRUE,NA,"GenBank & Supplementary",NA,"WGS84","UG","none","none","AFRICA","Uganda","EUROPE",NA,"03B287EEF85FF30EFD90D6845856C948.mc.3B733CA5F841F30FFAD3D56D5957CEBE",NA,NA,"2830976313",NA,NA,"03B287EEF85FF30EFD90D6845856C948.mc.3B733CA5F841F30FFAD3D56D5957CEBE","03B287EEF85FF30EFD90D6845856C948.taxon","RMCA 2018.008.P.0247","HIPE, MT, SM",NA,NA,NA,"Enteromius alberti (Poll, 1939)",NA,NA,NA,NA,NA,NA,NA,1,NA,NA,NA,NA,NA,NA,NA,NA,NA,NA,NA,NA,NA,NA,"Lake Edward",NA,NA,NA,NA,NA,"Kayanja","Enteromius alberti (Poll, 1939)",NA,"1 spec.; Kayanja, offshore, Lake Edward; 0 ° 05 ʹ 31.2 ʺ S, 29 ° 45 ʹ 30.3 ʺ E; 20 Jan. 2018; HIPE exped.; GenBank: MT 251133; RMCA 2018.008. P. 0247 (Supplementary file SM. 01: HP 2599)",NA,"Enteromius alberti",NA,NA,NA,NA,NA,NA,NA,NA,NA,NA,NA,NA,NA,NA,NA,NA,NA,NA,NA,NA,NA,NA,NA,NA,NA,NA,NA,NA,NA,NA,NA,NA,NA,NA,NA,NA,NA,"Poll","1939",NA,NA,NA,NA,NA,NA,NA,NA,NA,NA,NA,NA,NA,NA,NA,NA,NA,NA,NA,NA,NA,NA,NA,NA,NA,NA,NA,NA,NA,NA,NA,NA,NA,NA,NA,"Lake","Lake Edward",2219606178.99023,"Enteromius alberti"
"4454483578","Enteromius alberti (Poll, 1939)",-0.092,29.758417,"cdc,cdround,gass84,osiic","9cfa6cb6-5833-44b2-97f1-18a3c12fed47","575c52b0-a742-11db-a6ff-b8a03c50a862","96dec937-f8d1-4d18-a8a1-1e9f4ca1aabd","575c52b0-a742-11db-a6ff-b8a03c50a862","BE","EML","2025-02-28T23:01:23.697+00:00","2025-02-28T23:02:19.797+00:00",71,"PRESERVED_SPECIMEN","PRESENT",10758256,1,44,1153,7336,2363128,9326520,9326520,"Enteromius stigmatopygus (Boulenger, 1903)","Animalia","Chordata","Cypriniformes","Cyprinidae","Enteromius","Enteromius stigmatopygus","Enteromius","alberti","SPECIES","SYNONYM","NE","2019-01-01T00:00:00",NA,"AFRICA",NA,2018,1,20,"2018-01-20",20,20,"2019-09-13T00:00:00.000+00:00","2025-02-28T23:02:19.797+00:00",NA,"http://creativecommons.org/licenses/by/4.0/legalcode",FALSE,"https://darwinweb.africamuseum.be/object/feae031a-da11-4d89-bdae-27f8df32ec14","none","none",TRUE,NA,NA,"Maetens Heleen","WGS84","UG","none","none","AFRICA","Uganda","EUROPE",NA,"https://darwinweb.africamuseum.be/object/feae031a-da11-4d89-bdae-27f8df32ec14",NA,NA,"4454483578",NA,"VER-FIS","https://darwinweb.africamuseum.be/object/feae031a-da11-4d89-bdae-27f8df32ec14",NA,"BE_RMCA_Vert.2018.008.P.0247","RMCA",NA,NA,NA,"Enteromius alberti (Poll, 1939)",NA,NA,NA,NA,NA,NA,NA,1,NA,"2784e794-f70f-4455-854d-110f8ab37d19","2406d0ea-4647-4181-903d-b523057b208c",NA,"https://ror.org/001805t51",NA,NA,NA,NA,NA,NA,NA,NA,NA,"Kayanja, offshore, lake Edward",NA,NA,NA,NA,NA,NA,NA,NA,NA,NA,NA,NA,NA,NA,NA,NA,NA,NA,NA,NA,NA,NA,NA,NA,NA,NA,NA,NA,NA,NA,NA,NA,NA,NA,NA,"feae031a-da11-4d89-bdae-27f8df32ec14",NA,NA,NA,NA,NA,NA,NA,NA,NA,NA,NA,NA,NA,NA,NA,NA,NA,NA,NA,NA,NA,NA,NA,NA,NA,NA,NA,NA,NA,NA,NA,NA,NA,NA,NA,NA,NA,NA,NA,NA,NA,NA,NA,NA,NA,NA,NA,NA,NA,"Lake","Lake Edward",2219606178.99023,"Enteromius alberti"
"3349390953","Enteromius alberti (Poll, 1939)",-0.09,29.76,"cdc,gass84","d8cd16ba-bb74-4420-821e-083f2bac17c2","ada9d123-ddb4-467d-8891-806ea8d94230","17a83780-3060-4851-9d6f-029d5fcb81c9","fbca90e3-8aed-48b1-84e3-369afbd000ce","GB","EML","2025-03-08T12:04:01.127+00:00","2025-03-08T12:39:12.741+00:00",209,"PRESERVED_SPECIMEN","PRESENT",10758256,1,44,1153,7336,2363128,9326520,9326520,"Enteromius stigmatopygus (Boulenger, 1903)","Animalia","Chordata","Cypriniformes","Cyprinidae","Enteromius","Enteromius stigmatopygus","Enteromius","alberti","SPECIES","SYNONYM","NE",NA,NA,"AFRICA",NA,2018,1,20,"2018-01-20",20,20,NA,"2025-03-08T12:39:12.741+00:00","https://www.ebi.ac.uk/ena/browser/view/MT251133","http://creativecommons.org/licenses/by/4.0/legalcode",TRUE,"MT251133","none","none",FALSE,NA,NA,NA,"WGS84","UG","none","none","AFRICA","Uganda","EUROPE",NA,"MT251133",NA,NA,"3349390953",NA,NA,"MT251133","ASV:93de4e642d6e36bdf1d135731cbd0b11","RMCA 2018.008.P.0247 HP2599",NA,NA,NA,NA,"Enteromius alberti (Poll, 1939)",NA,NA,NA,NA,"Enteromius alberti voucher RMCA 2018.008.P.0247 HP2599 cytochrome c oxidase subunit I (COX1) gene, partial cds mitochondrial.",NA,NA,NA,NA,NA,NA,NA,NA,NA,NA,NA,NA,NA,NA,NA,NA,NA,"Kayanja, ofshore, Lake Edward",NA,NA,NA,NA,NA,NA,NA,NA,NA,NA,NA,NA,NA,NA,NA,NA,NA,NA,NA,NA,NA,NA,NA,NA,NA,NA,NA,NA,NA,NA,NA,NA,NA,NA,NA,NA,NA,NA,NA,"https://www.ebi.ac.uk/ena/browser/view/Taxon:2721485",NA,NA,NA,"https://www.ebi.ac.uk/ena/browser/api/embl/MT251133",NA,NA,NA,NA,NA,NA,NA,NA,NA,NA,NA,NA,NA,NA,NA,NA,NA,NA,NA,NA,NA,NA,NA,NA,NA,NA,NA,NA,NA,NA,NA,NA,NA,NA,NA,NA,NA,NA,NA,NA,NA,"Lake","Lake Edward",2219606178.99023,"Enteromius alberti"
"3818464019","Enteromius alberti (Poll, 1939)",-0.09,29.76,"cdc,gass84","d8cd16ba-bb74-4420-821e-083f2bac17c2","ada9d123-ddb4-467d-8891-806ea8d94230","17a83780-3060-4851-9d6f-029d5fcb81c9","fbca90e3-8aed-48b1-84e3-369afbd000ce","GB","EML","2025-03-08T12:04:01.127+00:00","2025-03-08T12:39:12.414+00:00",209,"PRESERVED_SPECIMEN","PRESENT",10758256,1,44,1153,7336,2363128,9326520,9326520,"Enteromius stigmatopygus (Boulenger, 1903)","Animalia","Chordata","Cypriniformes","Cyprinidae","Enteromius","Enteromius stigmatopygus","Enteromius","alberti","SPECIES","SYNONYM","NE",NA,NA,"AFRICA",NA,2018,1,20,"2018-01-20",20,20,NA,"2025-03-08T12:39:12.414+00:00","https://www.ebi.ac.uk/ena/browser/view/MT523359","http://creativecommons.org/licenses/by/4.0/legalcode",TRUE,"MT523359","none","none",FALSE,NA,NA,NA,"WGS84","UG","none","none","AFRICA","Uganda","EUROPE",NA,"MT523359",NA,NA,"3818464019",NA,NA,"MT523359","ASV:93de4e642d6e36bdf1d135731cbd0b11","RMCA:2018.008.P.0247 - DNA2599",NA,NA,NA,NA,"Enteromius alberti (Poll, 1939)",NA,NA,NA,NA,"Enteromius alberti voucher RMCA:2018.008.P.0247 - DNA2599 cytochrome c oxidase subunit I (COX1) gene, partial cds mitochondrial.",NA,NA,NA,NA,NA,NA,NA,NA,NA,NA,NA,NA,NA,NA,NA,NA,NA,"Kayanja, ofshore, Lake Edward",NA,NA,NA,NA,NA,NA,NA,NA,NA,NA,NA,NA,NA,NA,NA,NA,NA,NA,NA,NA,NA,NA,NA,NA,NA,NA,NA,NA,NA,NA,NA,NA,NA,NA,NA,NA,NA,NA,NA,"https://www.ebi.ac.uk/ena/browser/view/Taxon:2721485",NA,NA,NA,"https://www.ebi.ac.uk/ena/browser/api/embl/MT523359",NA,NA,NA,NA,NA,NA,NA,NA,NA,NA,NA,NA,NA,NA,NA,NA,NA,NA,NA,NA,NA,NA,NA,NA,NA,NA,NA,NA,NA,NA,NA,NA,NA,NA,NA,NA,NA,NA,NA,NA,NA,"Lake","Lake Edward",2219606178.99023,"Enteromius alberti"
"4454508468","Enteromius apleurogramma (Boulenger, 1911)",-2.2175,28.864444,"cdc,cdround,cudc,cuiv,gass84,osiic","9cfa6cb6-5833-44b2-97f1-18a3c12fed47","575c52b0-a742-11db-a6ff-b8a03c50a862","96dec937-f8d1-4d18-a8a1-1e9f4ca1aabd","575c52b0-a742-11db-a6ff-b8a03c50a862","BE","EML","2025-02-28T23:01:23.697+00:00","2025-02-28T23:02:22.644+00:00",71,"PRESERVED_SPECIMEN","PRESENT",9573924,1,44,1153,7336,2363128,9573924,9573924,"Enteromius apleurogramma (Boulenger, 1911)","Animalia","Chordata","Cypriniformes","Cyprinidae","Enteromius","Enteromius apleurogramma","Enteromius","apleurogramma","SPECIES","ACCEPTED","LC","2022-01-01T00:00:00",NA,"AFRICA",NA,2018,6,23,"2018-06-23",174,174,"2022-11-30T00:00:00.000+00:00","2025-02-28T23:02:22.644+00:00",NA,"http://creativecommons.org/licenses/by/4.0/legalcode",FALSE,"https://darwinweb.africamuseum.be/object/acb7fccb-a713-4950-8082-d520bac7f395","none","none",FALSE,NA,"Nabintu Noëla","Muzumani Risasi, D.","WGS84","CD","none","none","AFRICA","Congo, Democratic Republic of the","EUROPE",NA,"https://darwinweb.africamuseum.be/object/acb7fccb-a713-4950-8082-d520bac7f395",NA,NA,"4454508468",NA,"VER-FIS","https://darwinweb.africamuseum.be/object/acb7fccb-a713-4950-8082-d520bac7f395",NA,"BE_RMCA_Vert.2018.025.P.0001-0025","RMCA",NA,NA,NA,"Enteromius apleurogramma (Boulenger, 1911)",NA,NA,NA,NA,NA,NA,NA,25,NA,"2784e794-f70f-4455-854d-110f8ab37d19","2406d0ea-4647-4181-903d-b523057b208c",NA,"https://ror.org/001805t51",NA,NA,NA,NA,NA,NA,NA,NA,NA,"riv. Nkene, bassin lac Kivu",NA,NA,NA,NA,NA,NA,NA,NA,NA,NA,NA,NA,NA,NA,NA,NA,NA,NA,NA,NA,NA,NA,NA,NA,NA,NA,NA,NA,NA,NA,NA,NA,NA,NA,NA,"acb7fccb-a713-4950-8082-d520bac7f395",NA,NA,NA,NA,NA,NA,NA,NA,NA,NA,NA,NA,NA,NA,NA,NA,NA,NA,NA,NA,NA,NA,NA,NA,NA,NA,NA,NA,NA,NA,NA,NA,NA,NA,NA,NA,NA,NA,NA,NA,NA,NA,NA,NA,NA,NA,NA,NA,NA,"Lake","Lake Kivu",2415288353.60194,"Enteromius apleurogramma"
"1883343177","Enteromius litamba (Keilhack, 1908)",-12.535,34.7363,"osiic","9c2cc134-5b4c-497a-8445-c45610722317","7bc628b1-114a-41e0-b0db-b81170b0d2a1","e0f2d99d-f183-469a-adb1-f321a3c4609f","7d77970a-28ba-43e3-9dc8-de37db3e1894","MZ","EML","2025-01-23T18:33:42.052+00:00","2025-01-31T23:45:17.812+00:00",212,"HUMAN_OBSERVATION","PRESENT",9240381,1,44,1153,7336,2363128,9240381,9240381,"Enteromius litamba (Keilhack, 1908)","Animalia","Chordata","Cypriniformes","Cyprinidae","Enteromius","Enteromius litamba","Enteromius","litamba","SPECIES","ACCEPTED","DD","2018-01-01T00:00:00",15000,"AFRICA","Niassa",2017,1,13,"2017-01-13",13,13,NA,"2025-01-31T23:45:17.812+00:00",NA,"http://creativecommons.org/licenses/by/4.0/legalcode",FALSE,"urn:catalog:IIP:MOZ:Niassa:fish:26320","none","none",FALSE,"Instituto Nacional de Investigação Pesqueira","José Momade","José Momade","WGS84","MZ","none","none","AFRICA","Mozambique","AFRICA",NA,"urn:catalog:IIP:MOZ:Niassa:fish:26320",NA,NA,"1883343177",NA,NA,"urn:catalog:IIP:MOZ:Niassa:fish:26320",NA,NA,"IIP",NA,NA,NA,"Enteromius litamba (Keilhack, 1908)",NA,NA,NA,"BID-AF2017-0047-NAC",NA,NA,NA,1,NA,NA,NA,NA,NA,NA,NA,NA,NA,NA,"Gillnet",NA,NA,NA,"Lago Aberto do Lago",NA,478.4,NA,NA,NA,NA,NA,NA,NA,NA,NA,"Lago","Indeterminate",NA,NA,NA,NA,NA,NA,NA,NA,NA,NA,NA,NA,NA,NA,NA,NA,NA,"BID",NA,NA,NA,NA,NA,NA,NA,NA,NA,NA,NA,NA,NA,NA,NA,NA,NA,NA,NA,NA,NA,NA,NA,NA,NA,"Manual locality search",NA,NA,NA,NA,NA,NA,NA,NA,NA,NA,NA,NA,NA,NA,NA,NA,NA,NA,NA,NA,NA,NA,NA,NA,NA,NA,NA,NA,"Lake","Lake Malawi",28951795749.1886,"Enteromius litamba"
"1883343471","Enteromius litamba (Keilhack, 1908)",-13.419,34.8599,"osiic","9c2cc134-5b4c-497a-8445-c45610722317","7bc628b1-114a-41e0-b0db-b81170b0d2a1","e0f2d99d-f183-469a-adb1-f321a3c4609f","7d77970a-28ba-43e3-9dc8-de37db3e1894","MZ","EML","2025-01-23T18:33:42.052+00:00","2025-01-31T23:45:17.709+00:00",212,"HUMAN_OBSERVATION","PRESENT",9240381,1,44,1153,7336,2363128,9240381,9240381,"Enteromius litamba (Keilhack, 1908)","Animalia","Chordata","Cypriniformes","Cyprinidae","Enteromius","Enteromius litamba","Enteromius","litamba","SPECIES","ACCEPTED","DD","2018-01-01T00:00:00",15000,"AFRICA","Niassa",2017,2,17,"2017-02-17",48,48,NA,"2025-01-31T23:45:17.709+00:00",NA,"http://creativecommons.org/licenses/by/4.0/legalcode",FALSE,"urn:catalog:IIP:MOZ:Niassa:fish:26573","none","none",FALSE,"Instituto Nacional de Investigação Pesqueira","João Saide","João Saide","WGS84","MZ","none","none","AFRICA","Mozambique","AFRICA",NA,"urn:catalog:IIP:MOZ:Niassa:fish:26573",NA,NA,"1883343471",NA,NA,"urn:catalog:IIP:MOZ:Niassa:fish:26573",NA,NA,"IIP",NA,NA,NA,"Enteromius litamba (Keilhack, 1908)",NA,NA,NA,"BID-AF2017-0047-NAC",NA,NA,NA,3,NA,NA,NA,NA,NA,NA,NA,NA,NA,NA,"Gillnet",NA,NA,NA,"Foz do Rio de Laga",NA,475.5,NA,NA,NA,NA,NA,NA,NA,NA,NA,"Lichinga","Indeterminate",NA,NA,NA,NA,NA,NA,NA,NA,NA,NA,NA,NA,NA,NA,NA,NA,NA,"BID",NA,NA,NA,NA,NA,NA,NA,NA,NA,NA,NA,NA,NA,NA,NA,NA,NA,NA,NA,NA,NA,NA,NA,NA,NA,"Manual locality search",NA,NA,NA,NA,NA,NA,NA,NA,NA,NA,NA,NA,NA,NA,NA,NA,NA,NA,NA,NA,NA,NA,NA,NA,NA,NA,NA,NA,"Lake","Lake Malawi",28951795749.1886,"Enteromius litamba"
"4454494675","Enteromius mimus (Boulenger, 1912)",-0.204,29.877,"cdc,gass84,osiic","9cfa6cb6-5833-44b2-97f1-18a3c12fed47","575c52b0-a742-11db-a6ff-b8a03c50a862","96dec937-f8d1-4d18-a8a1-1e9f4ca1aabd","575c52b0-a742-11db-a6ff-b8a03c50a862","BE","EML","2025-02-28T23:01:23.697+00:00","2025-02-28T23:02:21.050+00:00",71,"PRESERVED_SPECIMEN","PRESENT",9325494,1,44,1153,7336,2363128,9325494,9325494,"Enteromius mimus (Boulenger, 1912)","Animalia","Chordata","Cypriniformes","Cyprinidae","Enteromius","Enteromius mimus","Enteromius","mimus","SPECIES","ACCEPTED","LC","2019-01-01T00:00:00",NA,"AFRICA",NA,2017,3,24,"2017-03-24",83,83,"2019-09-06T00:00:00.000+00:00","2025-02-28T23:02:21.050+00:00",NA,"http://creativecommons.org/licenses/by/4.0/legalcode",FALSE,"https://darwinweb.africamuseum.be/object/476f1978-d00f-4d19-b8c8-56eaf5a37f3b","none","none",FALSE,NA,NA,"Maetens Heleen","WGS84","UG","none","none","AFRICA","Uganda","EUROPE",NA,"https://darwinweb.africamuseum.be/object/476f1978-d00f-4d19-b8c8-56eaf5a37f3b",NA,NA,"4454494675",NA,"VER-FIS","https://darwinweb.africamuseum.be/object/476f1978-d00f-4d19-b8c8-56eaf5a37f3b",NA,"BE_RMCA_Vert.2017.006.P.0230-0236","RMCA",NA,NA,NA,"Enteromius mimus (Boulenger, 1912)",NA,NA,NA,NA,NA,NA,NA,7,NA,"2784e794-f70f-4455-854d-110f8ab37d19","2406d0ea-4647-4181-903d-b523057b208c",NA,"https://ror.org/001805t51",NA,NA,NA,NA,NA,NA,NA,NA,NA,"mouth of Kazinga Channel,  hard substrate, lake Edward",NA,NA,NA,NA,NA,NA,NA,NA,NA,NA,NA,NA,NA,NA,NA,NA,NA,NA,NA,NA,NA,NA,NA,NA,NA,NA,NA,NA,NA,NA,NA,NA,NA,NA,NA,"476f1978-d00f-4d19-b8c8-56eaf5a37f3b",NA,NA,NA,NA,NA,NA,NA,NA,NA,NA,NA,NA,NA,NA,NA,NA,NA,NA,NA,NA,NA,NA,NA,NA,NA,NA,NA,NA,NA,NA,NA,NA,NA,NA,NA,NA,NA,NA,NA,NA,NA,NA,NA,NA,NA,NA,NA,NA,NA,"Lake","Lake Edward",2219606178.99023,"Enteromius mimus"
"4454543309","Enteromius mimus (Boulenger, 1912)",-0.204,29.877,"cdc,gass84,osiic","9cfa6cb6-5833-44b2-97f1-18a3c12fed47","575c52b0-a742-11db-a6ff-b8a03c50a862","96dec937-f8d1-4d18-a8a1-1e9f4ca1aabd","575c52b0-a742-11db-a6ff-b8a03c50a862","BE","EML","2025-02-28T23:01:23.697+00:00","2025-02-28T23:02:25.859+00:00",71,"PRESERVED_SPECIMEN","PRESENT",9325494,1,44,1153,7336,2363128,9325494,9325494,"Enteromius mimus (Boulenger, 1912)","Animalia","Chordata","Cypriniformes","Cyprinidae","Enteromius","Enteromius mimus","Enteromius","mimus","SPECIES","ACCEPTED","LC","2019-01-01T00:00:00",NA,"AFRICA",NA,2017,3,23,"2017-03-23",82,82,"2019-09-06T00:00:00.000+00:00","2025-02-28T23:02:25.859+00:00",NA,"http://creativecommons.org/licenses/by/4.0/legalcode",FALSE,"https://darwinweb.africamuseum.be/object/f0530d36-ba11-4c70-b8c6-552859925f7e","none","none",FALSE,NA,NA,"Maetens Heleen","WGS84","UG","none","none","AFRICA","Uganda","EUROPE",NA,"https://darwinweb.africamuseum.be/object/f0530d36-ba11-4c70-b8c6-552859925f7e",NA,NA,"4454543309",NA,"VER-FIS","https://darwinweb.africamuseum.be/object/f0530d36-ba11-4c70-b8c6-552859925f7e",NA,"BE_RMCA_Vert.2017.006.P.0225-0229","RMCA",NA,NA,NA,"Enteromius mimus (Boulenger, 1912)",NA,NA,NA,NA,NA,NA,NA,5,NA,"2784e794-f70f-4455-854d-110f8ab37d19","2406d0ea-4647-4181-903d-b523057b208c",NA,"https://ror.org/001805t51",NA,NA,NA,NA,NA,NA,NA,NA,NA,"mouth of Kazinga Channel,  hard substrate, lake Edward",NA,NA,NA,NA,NA,NA,NA,NA,NA,NA,NA,NA,NA,NA,NA,NA,NA,NA,NA,NA,NA,NA,NA,NA,NA,NA,NA,NA,NA,NA,NA,NA,NA,NA,NA,"f0530d36-ba11-4c70-b8c6-552859925f7e",NA,NA,NA,NA,NA,NA,NA,NA,NA,NA,NA,NA,NA,NA,NA,NA,NA,NA,NA,NA,NA,NA,NA,NA,NA,NA,NA,NA,NA,NA,NA,NA,NA,NA,NA,NA,NA,NA,NA,NA,NA,NA,NA,NA,NA,NA,NA,NA,NA,"Lake","Lake Edward",2219606178.99023,"Enteromius mimus"
"3351811396","Enteromius mimus (Boulenger, 1912)",-0.2,29.88,"cdc,gass84","d8cd16ba-bb74-4420-821e-083f2bac17c2","ada9d123-ddb4-467d-8891-806ea8d94230","17a83780-3060-4851-9d6f-029d5fcb81c9","fbca90e3-8aed-48b1-84e3-369afbd000ce","GB","EML","2025-03-08T12:04:01.127+00:00","2025-03-08T12:39:15.006+00:00",209,"PRESERVED_SPECIMEN","PRESENT",9325494,1,44,1153,7336,2363128,9325494,9325494,"Enteromius mimus (Boulenger, 1912)","Animalia","Chordata","Cypriniformes","Cyprinidae","Enteromius","Enteromius mimus","Enteromius","mimus","SPECIES","ACCEPTED","LC",NA,NA,"AFRICA",NA,2017,3,24,"2017-03-24",83,83,NA,"2025-03-08T12:39:15.006+00:00","https://www.ebi.ac.uk/ena/browser/view/MT251010","http://creativecommons.org/licenses/by/4.0/legalcode",TRUE,"MT251010","none","none",FALSE,NA,NA,NA,"WGS84","UG","none","none","AFRICA","Uganda","EUROPE",NA,"MT251010",NA,NA,"3351811396",NA,NA,"MT251010","ASV:0b6e1ae73a5c74120a7ecc80f943de5c","RMCA 2017.006.P.0230-0236 HP1259",NA,NA,NA,NA,"Enteromius mimus (Boulenger, 1912)",NA,NA,NA,NA,"Enteromius cf. mimus HM-2020 voucher RMCA 2017.006.P.0230-0236 HP1259 cytochrome c oxidase subunit I (COX1) gene, partial cds mitochondrial.",NA,NA,NA,NA,NA,NA,NA,NA,NA,NA,NA,NA,NA,NA,NA,NA,NA,"Mouth of Kazinga Channel, hard substrate, Lake Edward",NA,NA,NA,NA,NA,NA,NA,NA,NA,NA,NA,NA,NA,NA,NA,NA,NA,NA,NA,NA,NA,NA,NA,NA,NA,NA,NA,NA,NA,NA,NA,NA,NA,NA,NA,NA,NA,NA,NA,"https://www.ebi.ac.uk/ena/browser/view/Taxon:2721486",NA,NA,NA,"https://www.ebi.ac.uk/ena/browser/api/embl/MT251010",NA,NA,NA,NA,NA,NA,NA,NA,NA,NA,NA,NA,NA,NA,NA,NA,NA,NA,NA,NA,NA,NA,NA,NA,NA,NA,NA,NA,NA,NA,NA,NA,NA,NA,NA,NA,NA,NA,NA,NA,NA,"Lake","Lake Edward",2219606178.99023,"Enteromius mimus"
"3351824214","Enteromius mimus (Boulenger, 1912)",-0.2,29.88,"cdc,gass84","d8cd16ba-bb74-4420-821e-083f2bac17c2","ada9d123-ddb4-467d-8891-806ea8d94230","17a83780-3060-4851-9d6f-029d5fcb81c9","fbca90e3-8aed-48b1-84e3-369afbd000ce","GB","EML","2025-03-08T12:04:01.127+00:00","2025-03-08T12:39:15.497+00:00",209,"PRESERVED_SPECIMEN","PRESENT",9325494,1,44,1153,7336,2363128,9325494,9325494,"Enteromius mimus (Boulenger, 1912)","Animalia","Chordata","Cypriniformes","Cyprinidae","Enteromius","Enteromius mimus","Enteromius","mimus","SPECIES","ACCEPTED","LC",NA,NA,"AFRICA",NA,2017,3,24,"2017-03-24",83,83,NA,"2025-03-08T12:39:15.497+00:00","https://www.ebi.ac.uk/ena/browser/view/MT251012","http://creativecommons.org/licenses/by/4.0/legalcode",TRUE,"MT251012","none","none",FALSE,NA,NA,NA,"WGS84","UG","none","none","AFRICA","Uganda","EUROPE",NA,"MT251012",NA,NA,"3351824214",NA,NA,"MT251012","ASV:13e179b4a0a5e7b0c6ae592c7544ed0c","RMCA 2017.006.P.0230-0236 HP1255",NA,NA,NA,NA,"Enteromius mimus (Boulenger, 1912)",NA,NA,NA,NA,"Enteromius cf. mimus HM-2020 voucher RMCA 2017.006.P.0230-0236 HP1255 cytochrome c oxidase subunit I (COX1) gene, partial cds mitochondrial.",NA,NA,NA,NA,NA,NA,NA,NA,NA,NA,NA,NA,NA,NA,NA,NA,NA,"Mouth of Kazinga Channel, hard substrate, Lake Edward",NA,NA,NA,NA,NA,NA,NA,NA,NA,NA,NA,NA,NA,NA,NA,NA,NA,NA,NA,NA,NA,NA,NA,NA,NA,NA,NA,NA,NA,NA,NA,NA,NA,NA,NA,NA,NA,NA,NA,"https://www.ebi.ac.uk/ena/browser/view/Taxon:2721486",NA,NA,NA,"https://www.ebi.ac.uk/ena/browser/api/embl/MT251012",NA,NA,NA,NA,NA,NA,NA,NA,NA,NA,NA,NA,NA,NA,NA,NA,NA,NA,NA,NA,NA,NA,NA,NA,NA,NA,NA,NA,NA,NA,NA,NA,NA,NA,NA,NA,NA,NA,NA,NA,NA,"Lake","Lake Edward",2219606178.99023,"Enteromius mimus"
"3349390950","Enteromius mimus (Boulenger, 1912)",-0.2,29.88,"cdc,gass84","d8cd16ba-bb74-4420-821e-083f2bac17c2","ada9d123-ddb4-467d-8891-806ea8d94230","17a83780-3060-4851-9d6f-029d5fcb81c9","fbca90e3-8aed-48b1-84e3-369afbd000ce","GB","EML","2025-03-08T12:04:01.127+00:00","2025-03-08T12:39:12.738+00:00",209,"PRESERVED_SPECIMEN","PRESENT",9325494,1,44,1153,7336,2363128,9325494,9325494,"Enteromius mimus (Boulenger, 1912)","Animalia","Chordata","Cypriniformes","Cyprinidae","Enteromius","Enteromius mimus","Enteromius","mimus","SPECIES","ACCEPTED","LC",NA,NA,"AFRICA",NA,2017,3,23,"2017-03-23",82,82,NA,"2025-03-08T12:39:12.738+00:00","https://www.ebi.ac.uk/ena/browser/view/MT251034","http://creativecommons.org/licenses/by/4.0/legalcode",TRUE,"MT251034","none","none",FALSE,NA,NA,NA,"WGS84","UG","none","none","AFRICA","Uganda","EUROPE",NA,"MT251034",NA,NA,"3349390950",NA,NA,"MT251034","ASV:0b6e1ae73a5c74120a7ecc80f943de5c","RMCA 2017.006.P.0225-0229 HP1166",NA,NA,NA,NA,"Enteromius mimus (Boulenger, 1912)",NA,NA,NA,NA,"Enteromius cf. mimus HM-2020 voucher RMCA 2017.006.P.0225-0229 HP1166 cytochrome c oxidase subunit I (COX1) gene, partial cds mitochondrial.",NA,NA,NA,NA,NA,NA,NA,NA,NA,NA,NA,NA,NA,NA,NA,NA,NA,"Mouth of Kazinga Channel, hard substrate, Lake Edward",NA,NA,NA,NA,NA,NA,NA,NA,NA,NA,NA,NA,NA,NA,NA,NA,NA,NA,NA,NA,NA,NA,NA,NA,NA,NA,NA,NA,NA,NA,NA,NA,NA,NA,NA,NA,NA,NA,NA,"https://www.ebi.ac.uk/ena/browser/view/Taxon:2721486",NA,NA,NA,"https://www.ebi.ac.uk/ena/browser/api/embl/MT251034",NA,NA,NA,NA,NA,NA,NA,NA,NA,NA,NA,NA,NA,NA,NA,NA,NA,NA,NA,NA,NA,NA,NA,NA,NA,NA,NA,NA,NA,NA,NA,NA,NA,NA,NA,NA,NA,NA,NA,NA,NA,"Lake","Lake Edward",2219606178.99023,"Enteromius mimus"
"3349375048","Enteromius mimus (Boulenger, 1912)",-0.2,29.88,"cdc,gass84","d8cd16ba-bb74-4420-821e-083f2bac17c2","ada9d123-ddb4-467d-8891-806ea8d94230","17a83780-3060-4851-9d6f-029d5fcb81c9","fbca90e3-8aed-48b1-84e3-369afbd000ce","GB","EML","2025-03-08T12:04:01.127+00:00","2025-03-08T12:39:12.347+00:00",209,"PRESERVED_SPECIMEN","PRESENT",9325494,1,44,1153,7336,2363128,9325494,9325494,"Enteromius mimus (Boulenger, 1912)","Animalia","Chordata","Cypriniformes","Cyprinidae","Enteromius","Enteromius mimus","Enteromius","mimus","SPECIES","ACCEPTED","LC",NA,NA,"AFRICA",NA,2017,3,24,"2017-03-24",83,83,NA,"2025-03-08T12:39:12.347+00:00","https://www.ebi.ac.uk/ena/browser/view/MT251035","http://creativecommons.org/licenses/by/4.0/legalcode",TRUE,"MT251035","none","none",FALSE,NA,NA,NA,"WGS84","UG","none","none","AFRICA","Uganda","EUROPE",NA,"MT251035",NA,NA,"3349375048",NA,NA,"MT251035","ASV:0b6e1ae73a5c74120a7ecc80f943de5c","RMCA 2017.006.P.0230-0236 HP1258",NA,NA,NA,NA,"Enteromius mimus (Boulenger, 1912)",NA,NA,NA,NA,"Enteromius cf. mimus HM-2020 voucher RMCA 2017.006.P.0230-0236 HP1258 cytochrome c oxidase subunit I (COX1) gene, partial cds mitochondrial.",NA,NA,NA,NA,NA,NA,NA,NA,NA,NA,NA,NA,NA,NA,NA,NA,NA,"Mouth of Kazinga Channel, hard substrate, Lake Edward",NA,NA,NA,NA,NA,NA,NA,NA,NA,NA,NA,NA,NA,NA,NA,NA,NA,NA,NA,NA,NA,NA,NA,NA,NA,NA,NA,NA,NA,NA,NA,NA,NA,NA,NA,NA,NA,NA,NA,"https://www.ebi.ac.uk/ena/browser/view/Taxon:2721486",NA,NA,NA,"https://www.ebi.ac.uk/ena/browser/api/embl/MT251035",NA,NA,NA,NA,NA,NA,NA,NA,NA,NA,NA,NA,NA,NA,NA,NA,NA,NA,NA,NA,NA,NA,NA,NA,NA,NA,NA,NA,NA,NA,NA,NA,NA,NA,NA,NA,NA,NA,NA,NA,NA,"Lake","Lake Edward",2219606178.99023,"Enteromius mimus"
"3351921220","Enteromius mimus (Boulenger, 1912)",-0.2,29.88,"cdc,gass84","d8cd16ba-bb74-4420-821e-083f2bac17c2","ada9d123-ddb4-467d-8891-806ea8d94230","17a83780-3060-4851-9d6f-029d5fcb81c9","fbca90e3-8aed-48b1-84e3-369afbd000ce","GB","EML","2025-03-08T12:04:01.127+00:00","2025-03-08T12:39:13.096+00:00",209,"PRESERVED_SPECIMEN","PRESENT",9325494,1,44,1153,7336,2363128,9325494,9325494,"Enteromius mimus (Boulenger, 1912)","Animalia","Chordata","Cypriniformes","Cyprinidae","Enteromius","Enteromius mimus","Enteromius","mimus","SPECIES","ACCEPTED","LC",NA,NA,"AFRICA",NA,2017,3,24,"2017-03-24",83,83,NA,"2025-03-08T12:39:13.096+00:00","https://www.ebi.ac.uk/ena/browser/view/MT251054","http://creativecommons.org/licenses/by/4.0/legalcode",TRUE,"MT251054","none","none",FALSE,NA,NA,NA,"WGS84","UG","none","none","AFRICA","Uganda","EUROPE",NA,"MT251054",NA,NA,"3351921220",NA,NA,"MT251054","ASV:81461e1244b2712f9e8bc108d387bdb4","RMCA 2017.006.P.0230-0236 HP1242",NA,NA,NA,NA,"Enteromius mimus (Boulenger, 1912)",NA,NA,NA,NA,"Enteromius cf. mimus HM-2020 voucher RMCA 2017.006.P.0230-0236 HP1242 cytochrome c oxidase subunit I (COX1) gene, partial cds mitochondrial.",NA,NA,NA,NA,NA,NA,NA,NA,NA,NA,NA,NA,NA,NA,NA,NA,NA,"Mouth of Kazinga Channel, hard substrate, Lake Edward",NA,NA,NA,NA,NA,NA,NA,NA,NA,NA,NA,NA,NA,NA,NA,NA,NA,NA,NA,NA,NA,NA,NA,NA,NA,NA,NA,NA,NA,NA,NA,NA,NA,NA,NA,NA,NA,NA,NA,"https://www.ebi.ac.uk/ena/browser/view/Taxon:2721486",NA,NA,NA,"https://www.ebi.ac.uk/ena/browser/api/embl/MT251054",NA,NA,NA,NA,NA,NA,NA,NA,NA,NA,NA,NA,NA,NA,NA,NA,NA,NA,NA,NA,NA,NA,NA,NA,NA,NA,NA,NA,NA,NA,NA,NA,NA,NA,NA,NA,NA,NA,NA,NA,NA,"Lake","Lake Edward",2219606178.99023,"Enteromius mimus"
"3351811398","Enteromius mimus (Boulenger, 1912)",-0.2,29.88,"cdc,gass84","d8cd16ba-bb74-4420-821e-083f2bac17c2","ada9d123-ddb4-467d-8891-806ea8d94230","17a83780-3060-4851-9d6f-029d5fcb81c9","fbca90e3-8aed-48b1-84e3-369afbd000ce","GB","EML","2025-03-08T12:04:01.127+00:00","2025-03-08T12:39:13.473+00:00",209,"PRESERVED_SPECIMEN","PRESENT",9325494,1,44,1153,7336,2363128,9325494,9325494,"Enteromius mimus (Boulenger, 1912)","Animalia","Chordata","Cypriniformes","Cyprinidae","Enteromius","Enteromius mimus","Enteromius","mimus","SPECIES","ACCEPTED","LC",NA,NA,"AFRICA",NA,2017,3,24,"2017-03-24",83,83,NA,"2025-03-08T12:39:13.473+00:00","https://www.ebi.ac.uk/ena/browser/view/MT251065","http://creativecommons.org/licenses/by/4.0/legalcode",TRUE,"MT251065","none","none",FALSE,NA,NA,NA,"WGS84","UG","none","none","AFRICA","Uganda","EUROPE",NA,"MT251065",NA,NA,"3351811398",NA,NA,"MT251065","ASV:b7314b1b006cc0012d89b94219e2d41c","RMCA 2017.006.P.0230-0236 HP1250",NA,NA,NA,NA,"Enteromius mimus (Boulenger, 1912)",NA,NA,NA,NA,"Enteromius cf. mimus HM-2020 voucher RMCA 2017.006.P.0230-0236 HP1250 cytochrome c oxidase subunit I (COX1) gene, partial cds mitochondrial.",NA,NA,NA,NA,NA,NA,NA,NA,NA,NA,NA,NA,NA,NA,NA,NA,NA,"Mouth of Kazinga Channel, hard substrate, Lake Edward",NA,NA,NA,NA,NA,NA,NA,NA,NA,NA,NA,NA,NA,NA,NA,NA,NA,NA,NA,NA,NA,NA,NA,NA,NA,NA,NA,NA,NA,NA,NA,NA,NA,NA,NA,NA,NA,NA,NA,"https://www.ebi.ac.uk/ena/browser/view/Taxon:2721486",NA,NA,NA,"https://www.ebi.ac.uk/ena/browser/api/embl/MT251065",NA,NA,NA,NA,NA,NA,NA,NA,NA,NA,NA,NA,NA,NA,NA,NA,NA,NA,NA,NA,NA,NA,NA,NA,NA,NA,NA,NA,NA,NA,NA,NA,NA,NA,NA,NA,NA,NA,NA,NA,NA,"Lake","Lake Edward",2219606178.99023,"Enteromius mimus"
"3351817207","Enteromius mimus (Boulenger, 1912)",-0.2,29.88,"cdc,gass84","d8cd16ba-bb74-4420-821e-083f2bac17c2","ada9d123-ddb4-467d-8891-806ea8d94230","17a83780-3060-4851-9d6f-029d5fcb81c9","fbca90e3-8aed-48b1-84e3-369afbd000ce","GB","EML","2025-03-08T12:04:01.127+00:00","2025-03-08T12:39:15.537+00:00",209,"PRESERVED_SPECIMEN","PRESENT",9325494,1,44,1153,7336,2363128,9325494,9325494,"Enteromius mimus (Boulenger, 1912)","Animalia","Chordata","Cypriniformes","Cyprinidae","Enteromius","Enteromius mimus","Enteromius","mimus","SPECIES","ACCEPTED","LC",NA,NA,"AFRICA",NA,2017,3,23,"2017-03-23",82,82,NA,"2025-03-08T12:39:15.537+00:00","https://www.ebi.ac.uk/ena/browser/view/MT251069","http://creativecommons.org/licenses/by/4.0/legalcode",TRUE,"MT251069","none","none",FALSE,NA,NA,NA,"WGS84","UG","none","none","AFRICA","Uganda","EUROPE",NA,"MT251069",NA,NA,"3351817207",NA,NA,"MT251069","ASV:b7314b1b006cc0012d89b94219e2d41c","RMCA 2017.006.P.0225-0229 HP1200",NA,NA,NA,NA,"Enteromius mimus (Boulenger, 1912)",NA,NA,NA,NA,"Enteromius cf. mimus HM-2020 voucher RMCA 2017.006.P.0225-0229 HP1200 cytochrome c oxidase subunit I (COX1) gene, partial cds mitochondrial.",NA,NA,NA,NA,NA,NA,NA,NA,NA,NA,NA,NA,NA,NA,NA,NA,NA,"Mouth of Kazinga Channel, hard substrate, Lake Edward",NA,NA,NA,NA,NA,NA,NA,NA,NA,NA,NA,NA,NA,NA,NA,NA,NA,NA,NA,NA,NA,NA,NA,NA,NA,NA,NA,NA,NA,NA,NA,NA,NA,NA,NA,NA,NA,NA,NA,"https://www.ebi.ac.uk/ena/browser/view/Taxon:2721486",NA,NA,NA,"https://www.ebi.ac.uk/ena/browser/api/embl/MT251069",NA,NA,NA,NA,NA,NA,NA,NA,NA,NA,NA,NA,NA,NA,NA,NA,NA,NA,NA,NA,NA,NA,NA,NA,NA,NA,NA,NA,NA,NA,NA,NA,NA,NA,NA,NA,NA,NA,NA,NA,NA,"Lake","Lake Edward",2219606178.99023,"Enteromius mimus"
"3349390951","Enteromius mimus (Boulenger, 1912)",-0.2,29.88,"cdc,gass84","d8cd16ba-bb74-4420-821e-083f2bac17c2","ada9d123-ddb4-467d-8891-806ea8d94230","17a83780-3060-4851-9d6f-029d5fcb81c9","fbca90e3-8aed-48b1-84e3-369afbd000ce","GB","EML","2025-03-08T12:04:01.127+00:00","2025-03-08T12:39:12.740+00:00",209,"PRESERVED_SPECIMEN","PRESENT",9325494,1,44,1153,7336,2363128,9325494,9325494,"Enteromius mimus (Boulenger, 1912)","Animalia","Chordata","Cypriniformes","Cyprinidae","Enteromius","Enteromius mimus","Enteromius","mimus","SPECIES","ACCEPTED","LC",NA,NA,"AFRICA",NA,2017,3,24,"2017-03-24",83,83,NA,"2025-03-08T12:39:12.740+00:00","https://www.ebi.ac.uk/ena/browser/view/MT251070","http://creativecommons.org/licenses/by/4.0/legalcode",TRUE,"MT251070","none","none",FALSE,NA,NA,NA,"WGS84","UG","none","none","AFRICA","Uganda","EUROPE",NA,"MT251070",NA,NA,"3349390951",NA,NA,"MT251070","ASV:b7314b1b006cc0012d89b94219e2d41c","RMCA 2017.006.P.0230-0236 HP1240",NA,NA,NA,NA,"Enteromius mimus (Boulenger, 1912)",NA,NA,NA,NA,"Enteromius cf. mimus HM-2020 voucher RMCA 2017.006.P.0230-0236 HP1240 cytochrome c oxidase subunit I (COX1) gene, partial cds mitochondrial.",NA,NA,NA,NA,NA,NA,NA,NA,NA,NA,NA,NA,NA,NA,NA,NA,NA,"Mouth of Kazinga Channel, hard substrate, Lake Edward",NA,NA,NA,NA,NA,NA,NA,NA,NA,NA,NA,NA,NA,NA,NA,NA,NA,NA,NA,NA,NA,NA,NA,NA,NA,NA,NA,NA,NA,NA,NA,NA,NA,NA,NA,NA,NA,NA,NA,"https://www.ebi.ac.uk/ena/browser/view/Taxon:2721486",NA,NA,NA,"https://www.ebi.ac.uk/ena/browser/api/embl/MT251070",NA,NA,NA,NA,NA,NA,NA,NA,NA,NA,NA,NA,NA,NA,NA,NA,NA,NA,NA,NA,NA,NA,NA,NA,NA,NA,NA,NA,NA,NA,NA,NA,NA,NA,NA,NA,NA,NA,NA,NA,NA,"Lake","Lake Edward",2219606178.99023,"Enteromius mimus"
"3349375049","Enteromius mimus (Boulenger, 1912)",-0.2,29.88,"cdc,gass84","d8cd16ba-bb74-4420-821e-083f2bac17c2","ada9d123-ddb4-467d-8891-806ea8d94230","17a83780-3060-4851-9d6f-029d5fcb81c9","fbca90e3-8aed-48b1-84e3-369afbd000ce","GB","EML","2025-03-08T12:04:01.127+00:00","2025-03-08T12:39:12.349+00:00",209,"PRESERVED_SPECIMEN","PRESENT",9325494,1,44,1153,7336,2363128,9325494,9325494,"Enteromius mimus (Boulenger, 1912)","Animalia","Chordata","Cypriniformes","Cyprinidae","Enteromius","Enteromius mimus","Enteromius","mimus","SPECIES","ACCEPTED","LC",NA,NA,"AFRICA",NA,2017,3,24,"2017-03-24",83,83,NA,"2025-03-08T12:39:12.349+00:00","https://www.ebi.ac.uk/ena/browser/view/MT251071","http://creativecommons.org/licenses/by/4.0/legalcode",TRUE,"MT251071","none","none",FALSE,NA,NA,NA,"WGS84","UG","none","none","AFRICA","Uganda","EUROPE",NA,"MT251071",NA,NA,"3349375049",NA,NA,"MT251071","ASV:370a168418f73c09a5015687df98db75","RMCA 2017.006.P.0230-0236 HP1254",NA,NA,NA,NA,"Enteromius mimus (Boulenger, 1912)",NA,NA,NA,NA,"Enteromius cf. mimus HM-2020 voucher RMCA 2017.006.P.0230-0236 HP1254 cytochrome c oxidase subunit I (COX1) gene, partial cds mitochondrial.",NA,NA,NA,NA,NA,NA,NA,NA,NA,NA,NA,NA,NA,NA,NA,NA,NA,"Mouth of Kazinga Channel, hard substrate, Lake Edward",NA,NA,NA,NA,NA,NA,NA,NA,NA,NA,NA,NA,NA,NA,NA,NA,NA,NA,NA,NA,NA,NA,NA,NA,NA,NA,NA,NA,NA,NA,NA,NA,NA,NA,NA,NA,NA,NA,NA,"https://www.ebi.ac.uk/ena/browser/view/Taxon:2721486",NA,NA,NA,"https://www.ebi.ac.uk/ena/browser/api/embl/MT251071",NA,NA,NA,NA,NA,NA,NA,NA,NA,NA,NA,NA,NA,NA,NA,NA,NA,NA,NA,NA,NA,NA,NA,NA,NA,NA,NA,NA,NA,NA,NA,NA,NA,NA,NA,NA,NA,NA,NA,NA,NA,"Lake","Lake Edward",2219606178.99023,"Enteromius mimus"
"3349410442","Enteromius mimus (Boulenger, 1912)",-0.2,29.88,"cdc,gass84","d8cd16ba-bb74-4420-821e-083f2bac17c2","ada9d123-ddb4-467d-8891-806ea8d94230","17a83780-3060-4851-9d6f-029d5fcb81c9","fbca90e3-8aed-48b1-84e3-369afbd000ce","GB","EML","2025-03-08T12:04:01.127+00:00","2025-03-08T12:39:13.097+00:00",209,"PRESERVED_SPECIMEN","PRESENT",9325494,1,44,1153,7336,2363128,9325494,9325494,"Enteromius mimus (Boulenger, 1912)","Animalia","Chordata","Cypriniformes","Cyprinidae","Enteromius","Enteromius mimus","Enteromius","mimus","SPECIES","ACCEPTED","LC",NA,NA,"AFRICA",NA,2017,3,23,"2017-03-23",82,82,NA,"2025-03-08T12:39:13.097+00:00","https://www.ebi.ac.uk/ena/browser/view/MT251081","http://creativecommons.org/licenses/by/4.0/legalcode",TRUE,"MT251081","none","none",FALSE,NA,NA,NA,"WGS84","UG","none","none","AFRICA","Uganda","EUROPE",NA,"MT251081",NA,NA,"3349410442",NA,NA,"MT251081","ASV:e27b3ad3294495e6917791a1fff46db5","RMCA 2017.006.P.0225-0229 HP1201",NA,NA,NA,NA,"Enteromius mimus (Boulenger, 1912)",NA,NA,NA,NA,"Enteromius cf. mimus HM-2020 voucher RMCA 2017.006.P.0225-0229 HP1201 cytochrome c oxidase subunit I (COX1) gene, partial cds mitochondrial.",NA,NA,NA,NA,NA,NA,NA,NA,NA,NA,NA,NA,NA,NA,NA,NA,NA,"Mouth of Kazinga Channel, hard substrate, Lake Edward",NA,NA,NA,NA,NA,NA,NA,NA,NA,NA,NA,NA,NA,NA,NA,NA,NA,NA,NA,NA,NA,NA,NA,NA,NA,NA,NA,NA,NA,NA,NA,NA,NA,NA,NA,NA,NA,NA,NA,"https://www.ebi.ac.uk/ena/browser/view/Taxon:2721486",NA,NA,NA,"https://www.ebi.ac.uk/ena/browser/api/embl/MT251081",NA,NA,NA,NA,NA,NA,NA,NA,NA,NA,NA,NA,NA,NA,NA,NA,NA,NA,NA,NA,NA,NA,NA,NA,NA,NA,NA,NA,NA,NA,NA,NA,NA,NA,NA,NA,NA,NA,NA,NA,NA,"Lake","Lake Edward",2219606178.99023,"Enteromius mimus"
"3349427268","Enteromius mimus (Boulenger, 1912)",-0.2,29.88,"cdc,gass84","d8cd16ba-bb74-4420-821e-083f2bac17c2","ada9d123-ddb4-467d-8891-806ea8d94230","17a83780-3060-4851-9d6f-029d5fcb81c9","fbca90e3-8aed-48b1-84e3-369afbd000ce","GB","EML","2025-03-08T12:04:01.127+00:00","2025-03-08T12:39:11.736+00:00",209,"PRESERVED_SPECIMEN","PRESENT",9325494,1,44,1153,7336,2363128,9325494,9325494,"Enteromius mimus (Boulenger, 1912)","Animalia","Chordata","Cypriniformes","Cyprinidae","Enteromius","Enteromius mimus","Enteromius","mimus","SPECIES","ACCEPTED","LC",NA,NA,"AFRICA",NA,2017,3,23,"2017-03-23",82,82,NA,"2025-03-08T12:39:11.736+00:00","https://www.ebi.ac.uk/ena/browser/view/MT251085","http://creativecommons.org/licenses/by/4.0/legalcode",TRUE,"MT251085","none","none",FALSE,NA,NA,NA,"WGS84","UG","none","none","AFRICA","Uganda","EUROPE",NA,"MT251085",NA,NA,"3349427268",NA,NA,"MT251085","ASV:03ef691ed8370b9e55bc7dfe64f42d67","RMCA 2017.006.P.0225-0229 HP1224",NA,NA,NA,NA,"Enteromius mimus (Boulenger, 1912)",NA,NA,NA,NA,"Enteromius cf. mimus HM-2020 voucher RMCA 2017.006.P.0225-0229 HP1224 cytochrome c oxidase subunit I (COX1) gene, partial cds mitochondrial.",NA,NA,NA,NA,NA,NA,NA,NA,NA,NA,NA,NA,NA,NA,NA,NA,NA,"Mouth of Kazinga Channel, hard substrate, Lake Edward",NA,NA,NA,NA,NA,NA,NA,NA,NA,NA,NA,NA,NA,NA,NA,NA,NA,NA,NA,NA,NA,NA,NA,NA,NA,NA,NA,NA,NA,NA,NA,NA,NA,NA,NA,NA,NA,NA,NA,"https://www.ebi.ac.uk/ena/browser/view/Taxon:2721486",NA,NA,NA,"https://www.ebi.ac.uk/ena/browser/api/embl/MT251085",NA,NA,NA,NA,NA,NA,NA,NA,NA,NA,NA,NA,NA,NA,NA,NA,NA,NA,NA,NA,NA,NA,NA,NA,NA,NA,NA,NA,NA,NA,NA,NA,NA,NA,NA,NA,NA,NA,NA,NA,NA,"Lake","Lake Edward",2219606178.99023,"Enteromius mimus"
"3349345208","Enteromius mimus (Boulenger, 1912)",-0.2,29.88,"cdc,gass84","d8cd16ba-bb74-4420-821e-083f2bac17c2","ada9d123-ddb4-467d-8891-806ea8d94230","17a83780-3060-4851-9d6f-029d5fcb81c9","fbca90e3-8aed-48b1-84e3-369afbd000ce","GB","EML","2025-03-08T12:04:01.127+00:00","2025-03-08T12:39:15.007+00:00",209,"PRESERVED_SPECIMEN","PRESENT",9325494,1,44,1153,7336,2363128,9325494,9325494,"Enteromius mimus (Boulenger, 1912)","Animalia","Chordata","Cypriniformes","Cyprinidae","Enteromius","Enteromius mimus","Enteromius","mimus","SPECIES","ACCEPTED","LC",NA,NA,"AFRICA",NA,2017,3,23,"2017-03-23",82,82,NA,"2025-03-08T12:39:15.007+00:00","https://www.ebi.ac.uk/ena/browser/view/MT251097","http://creativecommons.org/licenses/by/4.0/legalcode",TRUE,"MT251097","none","none",FALSE,NA,NA,NA,"WGS84","UG","none","none","AFRICA","Uganda","EUROPE",NA,"MT251097",NA,NA,"3349345208",NA,NA,"MT251097","ASV:ab9bfbb8fb153f6d84e1e80c2d5a56a5","RMCA 2017.006.P.0225-0229 HP1225",NA,NA,NA,NA,"Enteromius mimus (Boulenger, 1912)",NA,NA,NA,NA,"Enteromius cf. mimus HM-2020 voucher RMCA 2017.006.P.0225-0229 HP1225 cytochrome c oxidase subunit I (COX1) gene, partial cds mitochondrial.",NA,NA,NA,NA,NA,NA,NA,NA,NA,NA,NA,NA,NA,NA,NA,NA,NA,"Mouth of Kazinga Channel, hard substrate, Lake Edward",NA,NA,NA,NA,NA,NA,NA,NA,NA,NA,NA,NA,NA,NA,NA,NA,NA,NA,NA,NA,NA,NA,NA,NA,NA,NA,NA,NA,NA,NA,NA,NA,NA,NA,NA,NA,NA,NA,NA,"https://www.ebi.ac.uk/ena/browser/view/Taxon:2721486",NA,NA,NA,"https://www.ebi.ac.uk/ena/browser/api/embl/MT251097",NA,NA,NA,NA,NA,NA,NA,NA,NA,NA,NA,NA,NA,NA,NA,NA,NA,NA,NA,NA,NA,NA,NA,NA,NA,NA,NA,NA,NA,NA,NA,NA,NA,NA,NA,NA,NA,NA,NA,NA,NA,"Lake","Lake Edward",2219606178.99023,"Enteromius mimus"
"3818464012","Enteromius mimus (Boulenger, 1912)",-0.2,29.88,"cdc,gass84","d8cd16ba-bb74-4420-821e-083f2bac17c2","ada9d123-ddb4-467d-8891-806ea8d94230","17a83780-3060-4851-9d6f-029d5fcb81c9","fbca90e3-8aed-48b1-84e3-369afbd000ce","GB","EML","2025-03-08T12:04:01.127+00:00","2025-03-08T12:39:13.642+00:00",209,"PRESERVED_SPECIMEN","PRESENT",9325494,1,44,1153,7336,2363128,9325494,9325494,"Enteromius mimus (Boulenger, 1912)","Animalia","Chordata","Cypriniformes","Cyprinidae","Enteromius","Enteromius mimus","Enteromius","mimus","SPECIES","ACCEPTED","LC",NA,NA,"AFRICA",NA,2017,3,24,"2017-03-24",83,83,NA,"2025-03-08T12:39:13.642+00:00","https://www.ebi.ac.uk/ena/browser/view/MT523142","http://creativecommons.org/licenses/by/4.0/legalcode",TRUE,"MT523142","none","none",FALSE,NA,NA,NA,"WGS84","UG","none","none","AFRICA","Uganda","EUROPE",NA,"MT523142",NA,NA,"3818464012",NA,NA,"MT523142","ASV:b7314b1b006cc0012d89b94219e2d41c","RMCA:2017.006.P.0230-0236 - DNA1250",NA,NA,NA,NA,"Enteromius mimus (Boulenger, 1912)",NA,NA,NA,NA,"Enteromius cf. mimus HM-2020 voucher RMCA:2017.006.P.0230-0236 - DNA1250 cytochrome c oxidase subunit I (COX1) gene, partial cds mitochondrial.",NA,NA,NA,NA,NA,NA,NA,NA,NA,NA,NA,NA,NA,NA,NA,NA,NA,"Mouth of Kazinga Channel, hard substrate, Lake Edward",NA,NA,NA,NA,NA,NA,NA,NA,NA,NA,NA,NA,NA,NA,NA,NA,NA,NA,NA,NA,NA,NA,NA,NA,NA,NA,NA,NA,NA,NA,NA,NA,NA,NA,NA,NA,NA,NA,NA,"https://www.ebi.ac.uk/ena/browser/view/Taxon:2721486",NA,NA,NA,"https://www.ebi.ac.uk/ena/browser/api/embl/MT523142",NA,NA,NA,NA,NA,NA,NA,NA,NA,NA,NA,NA,NA,NA,NA,NA,NA,NA,NA,NA,NA,NA,NA,NA,NA,NA,NA,NA,NA,NA,NA,NA,NA,NA,NA,NA,NA,NA,NA,NA,NA,"Lake","Lake Edward",2219606178.99023,"Enteromius mimus"
"3817984926","Enteromius mimus (Boulenger, 1912)",-0.2,29.88,"cdc,gass84","d8cd16ba-bb74-4420-821e-083f2bac17c2","ada9d123-ddb4-467d-8891-806ea8d94230","17a83780-3060-4851-9d6f-029d5fcb81c9","fbca90e3-8aed-48b1-84e3-369afbd000ce","GB","EML","2025-03-08T12:04:01.127+00:00","2025-03-08T12:39:12.368+00:00",209,"PRESERVED_SPECIMEN","PRESENT",9325494,1,44,1153,7336,2363128,9325494,9325494,"Enteromius mimus (Boulenger, 1912)","Animalia","Chordata","Cypriniformes","Cyprinidae","Enteromius","Enteromius mimus","Enteromius","mimus","SPECIES","ACCEPTED","LC",NA,NA,"AFRICA",NA,2017,3,23,"2017-03-23",82,82,NA,"2025-03-08T12:39:12.368+00:00","https://www.ebi.ac.uk/ena/browser/view/MT523335","http://creativecommons.org/licenses/by/4.0/legalcode",TRUE,"MT523335","none","none",FALSE,NA,NA,NA,"WGS84","UG","none","none","AFRICA","Uganda","EUROPE",NA,"MT523335",NA,NA,"3817984926",NA,NA,"MT523335","ASV:0b6e1ae73a5c74120a7ecc80f943de5c","RMCA:2017.006.P.0225-0229 - DNA1166",NA,NA,NA,NA,"Enteromius mimus (Boulenger, 1912)",NA,NA,NA,NA,"Enteromius cf. mimus HM-2020 voucher RMCA:2017.006.P.0225-0229 - DNA1166 cytochrome c oxidase subunit I (COX1) gene, partial cds mitochondrial.",NA,NA,NA,NA,NA,NA,NA,NA,NA,NA,NA,NA,NA,NA,NA,NA,NA,"Mouth of Kazinga Channel, hard substrate, Lake Edward",NA,NA,NA,NA,NA,NA,NA,NA,NA,NA,NA,NA,NA,NA,NA,NA,NA,NA,NA,NA,NA,NA,NA,NA,NA,NA,NA,NA,NA,NA,NA,NA,NA,NA,NA,NA,NA,NA,NA,"https://www.ebi.ac.uk/ena/browser/view/Taxon:2721486",NA,NA,NA,"https://www.ebi.ac.uk/ena/browser/api/embl/MT523335",NA,NA,NA,NA,NA,NA,NA,NA,NA,NA,NA,NA,NA,NA,NA,NA,NA,NA,NA,NA,NA,NA,NA,NA,NA,NA,NA,NA,NA,NA,NA,NA,NA,NA,NA,NA,NA,NA,NA,NA,NA,"Lake","Lake Edward",2219606178.99023,"Enteromius mimus"
"3817983831","Enteromius mimus (Boulenger, 1912)",-0.2,29.88,"cdc,gass84","d8cd16ba-bb74-4420-821e-083f2bac17c2","ada9d123-ddb4-467d-8891-806ea8d94230","17a83780-3060-4851-9d6f-029d5fcb81c9","fbca90e3-8aed-48b1-84e3-369afbd000ce","GB","EML","2025-03-08T12:04:01.127+00:00","2025-03-08T12:39:13.065+00:00",209,"PRESERVED_SPECIMEN","PRESENT",9325494,1,44,1153,7336,2363128,9325494,9325494,"Enteromius mimus (Boulenger, 1912)","Animalia","Chordata","Cypriniformes","Cyprinidae","Enteromius","Enteromius mimus","Enteromius","mimus","SPECIES","ACCEPTED","LC",NA,NA,"AFRICA",NA,2017,3,23,"2017-03-23",82,82,NA,"2025-03-08T12:39:13.065+00:00","https://www.ebi.ac.uk/ena/browser/view/MT523336","http://creativecommons.org/licenses/by/4.0/legalcode",TRUE,"MT523336","none","none",FALSE,NA,NA,NA,"WGS84","UG","none","none","AFRICA","Uganda","EUROPE",NA,"MT523336",NA,NA,"3817983831",NA,NA,"MT523336","ASV:b7314b1b006cc0012d89b94219e2d41c","RMCA:2017.006.P.0225-0229 - DNA1200",NA,NA,NA,NA,"Enteromius mimus (Boulenger, 1912)",NA,NA,NA,NA,"Enteromius cf. mimus HM-2020 voucher RMCA:2017.006.P.0225-0229 - DNA1200 cytochrome c oxidase subunit I (COX1) gene, partial cds mitochondrial.",NA,NA,NA,NA,NA,NA,NA,NA,NA,NA,NA,NA,NA,NA,NA,NA,NA,"Mouth of Kazinga Channel, hard substrate, Lake Edward",NA,NA,NA,NA,NA,NA,NA,NA,NA,NA,NA,NA,NA,NA,NA,NA,NA,NA,NA,NA,NA,NA,NA,NA,NA,NA,NA,NA,NA,NA,NA,NA,NA,NA,NA,NA,NA,NA,NA,"https://www.ebi.ac.uk/ena/browser/view/Taxon:2721486",NA,NA,NA,"https://www.ebi.ac.uk/ena/browser/api/embl/MT523336",NA,NA,NA,NA,NA,NA,NA,NA,NA,NA,NA,NA,NA,NA,NA,NA,NA,NA,NA,NA,NA,NA,NA,NA,NA,NA,NA,NA,NA,NA,NA,NA,NA,NA,NA,NA,NA,NA,NA,NA,NA,"Lake","Lake Edward",2219606178.99023,"Enteromius mimus"
"3817978857","Enteromius mimus (Boulenger, 1912)",-0.2,29.88,"cdc,gass84","d8cd16ba-bb74-4420-821e-083f2bac17c2","ada9d123-ddb4-467d-8891-806ea8d94230","17a83780-3060-4851-9d6f-029d5fcb81c9","fbca90e3-8aed-48b1-84e3-369afbd000ce","GB","EML","2025-03-08T12:04:01.127+00:00","2025-03-08T12:39:16.220+00:00",209,"PRESERVED_SPECIMEN","PRESENT",9325494,1,44,1153,7336,2363128,9325494,9325494,"Enteromius mimus (Boulenger, 1912)","Animalia","Chordata","Cypriniformes","Cyprinidae","Enteromius","Enteromius mimus","Enteromius","mimus","SPECIES","ACCEPTED","LC",NA,NA,"AFRICA",NA,2017,3,23,"2017-03-23",82,82,NA,"2025-03-08T12:39:16.220+00:00","https://www.ebi.ac.uk/ena/browser/view/MT523337","http://creativecommons.org/licenses/by/4.0/legalcode",TRUE,"MT523337","none","none",FALSE,NA,NA,NA,"WGS84","UG","none","none","AFRICA","Uganda","EUROPE",NA,"MT523337",NA,NA,"3817978857",NA,NA,"MT523337","ASV:e27b3ad3294495e6917791a1fff46db5","RMCA:2017.006.P.0225-0229 - DNA1201",NA,NA,NA,NA,"Enteromius mimus (Boulenger, 1912)",NA,NA,NA,NA,"Enteromius cf. mimus HM-2020 voucher RMCA:2017.006.P.0225-0229 - DNA1201 cytochrome c oxidase subunit I (COX1) gene, partial cds mitochondrial.",NA,NA,NA,NA,NA,NA,NA,NA,NA,NA,NA,NA,NA,NA,NA,NA,NA,"Mouth of Kazinga Channel, hard substrate, Lake Edward",NA,NA,NA,NA,NA,NA,NA,NA,NA,NA,NA,NA,NA,NA,NA,NA,NA,NA,NA,NA,NA,NA,NA,NA,NA,NA,NA,NA,NA,NA,NA,NA,NA,NA,NA,NA,NA,NA,NA,"https://www.ebi.ac.uk/ena/browser/view/Taxon:2721486",NA,NA,NA,"https://www.ebi.ac.uk/ena/browser/api/embl/MT523337",NA,NA,NA,NA,NA,NA,NA,NA,NA,NA,NA,NA,NA,NA,NA,NA,NA,NA,NA,NA,NA,NA,NA,NA,NA,NA,NA,NA,NA,NA,NA,NA,NA,NA,NA,NA,NA,NA,NA,NA,NA,"Lake","Lake Edward",2219606178.99023,"Enteromius mimus"
"3817981751","Enteromius mimus (Boulenger, 1912)",-0.2,29.88,"cdc,gass84","d8cd16ba-bb74-4420-821e-083f2bac17c2","ada9d123-ddb4-467d-8891-806ea8d94230","17a83780-3060-4851-9d6f-029d5fcb81c9","fbca90e3-8aed-48b1-84e3-369afbd000ce","GB","EML","2025-03-08T12:04:01.127+00:00","2025-03-08T12:39:15.635+00:00",209,"PRESERVED_SPECIMEN","PRESENT",9325494,1,44,1153,7336,2363128,9325494,9325494,"Enteromius mimus (Boulenger, 1912)","Animalia","Chordata","Cypriniformes","Cyprinidae","Enteromius","Enteromius mimus","Enteromius","mimus","SPECIES","ACCEPTED","LC",NA,NA,"AFRICA",NA,2017,3,23,"2017-03-23",82,82,NA,"2025-03-08T12:39:15.635+00:00","https://www.ebi.ac.uk/ena/browser/view/MT523338","http://creativecommons.org/licenses/by/4.0/legalcode",TRUE,"MT523338","none","none",FALSE,NA,NA,NA,"WGS84","UG","none","none","AFRICA","Uganda","EUROPE",NA,"MT523338",NA,NA,"3817981751",NA,NA,"MT523338","ASV:03ef691ed8370b9e55bc7dfe64f42d67","RMCA:2017.006.P.0225-0229 - DNA1224",NA,NA,NA,NA,"Enteromius mimus (Boulenger, 1912)",NA,NA,NA,NA,"Enteromius cf. mimus HM-2020 voucher RMCA:2017.006.P.0225-0229 - DNA1224 cytochrome c oxidase subunit I (COX1) gene, partial cds mitochondrial.",NA,NA,NA,NA,NA,NA,NA,NA,NA,NA,NA,NA,NA,NA,NA,NA,NA,"Mouth of Kazinga Channel, hard substrate, Lake Edward",NA,NA,NA,NA,NA,NA,NA,NA,NA,NA,NA,NA,NA,NA,NA,NA,NA,NA,NA,NA,NA,NA,NA,NA,NA,NA,NA,NA,NA,NA,NA,NA,NA,NA,NA,NA,NA,NA,NA,"https://www.ebi.ac.uk/ena/browser/view/Taxon:2721486",NA,NA,NA,"https://www.ebi.ac.uk/ena/browser/api/embl/MT523338",NA,NA,NA,NA,NA,NA,NA,NA,NA,NA,NA,NA,NA,NA,NA,NA,NA,NA,NA,NA,NA,NA,NA,NA,NA,NA,NA,NA,NA,NA,NA,NA,NA,NA,NA,NA,NA,NA,NA,NA,NA,"Lake","Lake Edward",2219606178.99023,"Enteromius mimus"
"3818464018","Enteromius mimus (Boulenger, 1912)",-0.2,29.88,"cdc,gass84","d8cd16ba-bb74-4420-821e-083f2bac17c2","ada9d123-ddb4-467d-8891-806ea8d94230","17a83780-3060-4851-9d6f-029d5fcb81c9","fbca90e3-8aed-48b1-84e3-369afbd000ce","GB","EML","2025-03-08T12:04:01.127+00:00","2025-03-08T12:39:13.646+00:00",209,"PRESERVED_SPECIMEN","PRESENT",9325494,1,44,1153,7336,2363128,9325494,9325494,"Enteromius mimus (Boulenger, 1912)","Animalia","Chordata","Cypriniformes","Cyprinidae","Enteromius","Enteromius mimus","Enteromius","mimus","SPECIES","ACCEPTED","LC",NA,NA,"AFRICA",NA,2017,3,23,"2017-03-23",82,82,NA,"2025-03-08T12:39:13.646+00:00","https://www.ebi.ac.uk/ena/browser/view/MT523340","http://creativecommons.org/licenses/by/4.0/legalcode",TRUE,"MT523340","none","none",FALSE,NA,NA,NA,"WGS84","UG","none","none","AFRICA","Uganda","EUROPE",NA,"MT523340",NA,NA,"3818464018",NA,NA,"MT523340","ASV:ab9bfbb8fb153f6d84e1e80c2d5a56a5","RMCA:2017.006.P.0225-0229 - DNA1225",NA,NA,NA,NA,"Enteromius mimus (Boulenger, 1912)",NA,NA,NA,NA,"Enteromius cf. mimus HM-2020 voucher RMCA:2017.006.P.0225-0229 - DNA1225 cytochrome c oxidase subunit I (COX1) gene, partial cds mitochondrial.",NA,NA,NA,NA,NA,NA,NA,NA,NA,NA,NA,NA,NA,NA,NA,NA,NA,"Mouth of Kazinga Channel, hard substrate, Lake Edward",NA,NA,NA,NA,NA,NA,NA,NA,NA,NA,NA,NA,NA,NA,NA,NA,NA,NA,NA,NA,NA,NA,NA,NA,NA,NA,NA,NA,NA,NA,NA,NA,NA,NA,NA,NA,NA,NA,NA,"https://www.ebi.ac.uk/ena/browser/view/Taxon:2721486",NA,NA,NA,"https://www.ebi.ac.uk/ena/browser/api/embl/MT523340",NA,NA,NA,NA,NA,NA,NA,NA,NA,NA,NA,NA,NA,NA,NA,NA,NA,NA,NA,NA,NA,NA,NA,NA,NA,NA,NA,NA,NA,NA,NA,NA,NA,NA,NA,NA,NA,NA,NA,NA,NA,"Lake","Lake Edward",2219606178.99023,"Enteromius mimus"
"3817988916","Enteromius mimus (Boulenger, 1912)",-0.2,29.88,"cdc,gass84","d8cd16ba-bb74-4420-821e-083f2bac17c2","ada9d123-ddb4-467d-8891-806ea8d94230","17a83780-3060-4851-9d6f-029d5fcb81c9","fbca90e3-8aed-48b1-84e3-369afbd000ce","GB","EML","2025-03-08T12:04:01.127+00:00","2025-03-08T12:39:13.439+00:00",209,"PRESERVED_SPECIMEN","PRESENT",9325494,1,44,1153,7336,2363128,9325494,9325494,"Enteromius mimus (Boulenger, 1912)","Animalia","Chordata","Cypriniformes","Cyprinidae","Enteromius","Enteromius mimus","Enteromius","mimus","SPECIES","ACCEPTED","LC",NA,NA,"AFRICA",NA,2017,3,24,"2017-03-24",83,83,NA,"2025-03-08T12:39:13.439+00:00","https://www.ebi.ac.uk/ena/browser/view/MT523341","http://creativecommons.org/licenses/by/4.0/legalcode",TRUE,"MT523341","none","none",FALSE,NA,NA,NA,"WGS84","UG","none","none","AFRICA","Uganda","EUROPE",NA,"MT523341",NA,NA,"3817988916",NA,NA,"MT523341","ASV:b7314b1b006cc0012d89b94219e2d41c","RMCA:2017.006.P.0230-0236 - DNA1240",NA,NA,NA,NA,"Enteromius mimus (Boulenger, 1912)",NA,NA,NA,NA,"Enteromius cf. mimus HM-2020 voucher RMCA:2017.006.P.0230-0236 - DNA1240 cytochrome c oxidase subunit I (COX1) gene, partial cds mitochondrial.",NA,NA,NA,NA,NA,NA,NA,NA,NA,NA,NA,NA,NA,NA,NA,NA,NA,"Mouth of Kazinga Channel, hard substrate, Lake Edward",NA,NA,NA,NA,NA,NA,NA,NA,NA,NA,NA,NA,NA,NA,NA,NA,NA,NA,NA,NA,NA,NA,NA,NA,NA,NA,NA,NA,NA,NA,NA,NA,NA,NA,NA,NA,NA,NA,NA,"https://www.ebi.ac.uk/ena/browser/view/Taxon:2721486",NA,NA,NA,"https://www.ebi.ac.uk/ena/browser/api/embl/MT523341",NA,NA,NA,NA,NA,NA,NA,NA,NA,NA,NA,NA,NA,NA,NA,NA,NA,NA,NA,NA,NA,NA,NA,NA,NA,NA,NA,NA,NA,NA,NA,NA,NA,NA,NA,NA,NA,NA,NA,NA,NA,"Lake","Lake Edward",2219606178.99023,"Enteromius mimus"
"3817985888","Enteromius mimus (Boulenger, 1912)",-0.2,29.88,"cdc,gass84","d8cd16ba-bb74-4420-821e-083f2bac17c2","ada9d123-ddb4-467d-8891-806ea8d94230","17a83780-3060-4851-9d6f-029d5fcb81c9","fbca90e3-8aed-48b1-84e3-369afbd000ce","GB","EML","2025-03-08T12:04:01.127+00:00","2025-03-08T12:39:14.065+00:00",209,"PRESERVED_SPECIMEN","PRESENT",9325494,1,44,1153,7336,2363128,9325494,9325494,"Enteromius mimus (Boulenger, 1912)","Animalia","Chordata","Cypriniformes","Cyprinidae","Enteromius","Enteromius mimus","Enteromius","mimus","SPECIES","ACCEPTED","LC",NA,NA,"AFRICA",NA,2017,3,24,"2017-03-24",83,83,NA,"2025-03-08T12:39:14.065+00:00","https://www.ebi.ac.uk/ena/browser/view/MT523342","http://creativecommons.org/licenses/by/4.0/legalcode",TRUE,"MT523342","none","none",FALSE,NA,NA,NA,"WGS84","UG","none","none","AFRICA","Uganda","EUROPE",NA,"MT523342",NA,NA,"3817985888",NA,NA,"MT523342","ASV:81461e1244b2712f9e8bc108d387bdb4","RMCA:2017.006.P.0230-0236 - DNA1242",NA,NA,NA,NA,"Enteromius mimus (Boulenger, 1912)",NA,NA,NA,NA,"Enteromius cf. mimus HM-2020 voucher RMCA:2017.006.P.0230-0236 - DNA1242 cytochrome c oxidase subunit I (COX1) gene, partial cds mitochondrial.",NA,NA,NA,NA,NA,NA,NA,NA,NA,NA,NA,NA,NA,NA,NA,NA,NA,"Mouth of Kazinga Channel, hard substrate, Lake Edward",NA,NA,NA,NA,NA,NA,NA,NA,NA,NA,NA,NA,NA,NA,NA,NA,NA,NA,NA,NA,NA,NA,NA,NA,NA,NA,NA,NA,NA,NA,NA,NA,NA,NA,NA,NA,NA,NA,NA,"https://www.ebi.ac.uk/ena/browser/view/Taxon:2721486",NA,NA,NA,"https://www.ebi.ac.uk/ena/browser/api/embl/MT523342",NA,NA,NA,NA,NA,NA,NA,NA,NA,NA,NA,NA,NA,NA,NA,NA,NA,NA,NA,NA,NA,NA,NA,NA,NA,NA,NA,NA,NA,NA,NA,NA,NA,NA,NA,NA,NA,NA,NA,NA,NA,"Lake","Lake Edward",2219606178.99023,"Enteromius mimus"
"3817980785","Enteromius mimus (Boulenger, 1912)",-0.2,29.88,"cdc,gass84","d8cd16ba-bb74-4420-821e-083f2bac17c2","ada9d123-ddb4-467d-8891-806ea8d94230","17a83780-3060-4851-9d6f-029d5fcb81c9","fbca90e3-8aed-48b1-84e3-369afbd000ce","GB","EML","2025-03-08T12:04:01.127+00:00","2025-03-08T12:39:12.356+00:00",209,"PRESERVED_SPECIMEN","PRESENT",9325494,1,44,1153,7336,2363128,9325494,9325494,"Enteromius mimus (Boulenger, 1912)","Animalia","Chordata","Cypriniformes","Cyprinidae","Enteromius","Enteromius mimus","Enteromius","mimus","SPECIES","ACCEPTED","LC",NA,NA,"AFRICA",NA,2017,3,24,"2017-03-24",83,83,NA,"2025-03-08T12:39:12.356+00:00","https://www.ebi.ac.uk/ena/browser/view/MT523343","http://creativecommons.org/licenses/by/4.0/legalcode",TRUE,"MT523343","none","none",FALSE,NA,NA,NA,"WGS84","UG","none","none","AFRICA","Uganda","EUROPE",NA,"MT523343",NA,NA,"3817980785",NA,NA,"MT523343","ASV:370a168418f73c09a5015687df98db75","RMCA:2017.006.P.0230-0236 - DNA1254",NA,NA,NA,NA,"Enteromius mimus (Boulenger, 1912)",NA,NA,NA,NA,"Enteromius cf. mimus HM-2020 voucher RMCA:2017.006.P.0230-0236 - DNA1254 cytochrome c oxidase subunit I (COX1) gene, partial cds mitochondrial.",NA,NA,NA,NA,NA,NA,NA,NA,NA,NA,NA,NA,NA,NA,NA,NA,NA,"Mouth of Kazinga Channel, hard substrate, Lake Edward",NA,NA,NA,NA,NA,NA,NA,NA,NA,NA,NA,NA,NA,NA,NA,NA,NA,NA,NA,NA,NA,NA,NA,NA,NA,NA,NA,NA,NA,NA,NA,NA,NA,NA,NA,NA,NA,NA,NA,"https://www.ebi.ac.uk/ena/browser/view/Taxon:2721486",NA,NA,NA,"https://www.ebi.ac.uk/ena/browser/api/embl/MT523343",NA,NA,NA,NA,NA,NA,NA,NA,NA,NA,NA,NA,NA,NA,NA,NA,NA,NA,NA,NA,NA,NA,NA,NA,NA,NA,NA,NA,NA,NA,NA,NA,NA,NA,NA,NA,NA,NA,NA,NA,NA,"Lake","Lake Edward",2219606178.99023,"Enteromius mimus"
"3817970996","Enteromius mimus (Boulenger, 1912)",-0.2,29.88,"cdc,gass84","d8cd16ba-bb74-4420-821e-083f2bac17c2","ada9d123-ddb4-467d-8891-806ea8d94230","17a83780-3060-4851-9d6f-029d5fcb81c9","fbca90e3-8aed-48b1-84e3-369afbd000ce","GB","EML","2025-03-08T12:04:01.127+00:00","2025-03-08T12:39:12.368+00:00",209,"PRESERVED_SPECIMEN","PRESENT",9325494,1,44,1153,7336,2363128,9325494,9325494,"Enteromius mimus (Boulenger, 1912)","Animalia","Chordata","Cypriniformes","Cyprinidae","Enteromius","Enteromius mimus","Enteromius","mimus","SPECIES","ACCEPTED","LC",NA,NA,"AFRICA",NA,2017,3,24,"2017-03-24",83,83,NA,"2025-03-08T12:39:12.368+00:00","https://www.ebi.ac.uk/ena/browser/view/MT523344","http://creativecommons.org/licenses/by/4.0/legalcode",TRUE,"MT523344","none","none",FALSE,NA,NA,NA,"WGS84","UG","none","none","AFRICA","Uganda","EUROPE",NA,"MT523344",NA,NA,"3817970996",NA,NA,"MT523344","ASV:13e179b4a0a5e7b0c6ae592c7544ed0c","RMCA:2017.006.P.0230-0236 - DNA1255",NA,NA,NA,NA,"Enteromius mimus (Boulenger, 1912)",NA,NA,NA,NA,"Enteromius cf. mimus HM-2020 voucher RMCA:2017.006.P.0230-0236 - DNA1255 cytochrome c oxidase subunit I (COX1) gene, partial cds mitochondrial.",NA,NA,NA,NA,NA,NA,NA,NA,NA,NA,NA,NA,NA,NA,NA,NA,NA,"Mouth of Kazinga Channel, hard substrate, Lake Edward",NA,NA,NA,NA,NA,NA,NA,NA,NA,NA,NA,NA,NA,NA,NA,NA,NA,NA,NA,NA,NA,NA,NA,NA,NA,NA,NA,NA,NA,NA,NA,NA,NA,NA,NA,NA,NA,NA,NA,"https://www.ebi.ac.uk/ena/browser/view/Taxon:2721486",NA,NA,NA,"https://www.ebi.ac.uk/ena/browser/api/embl/MT523344",NA,NA,NA,NA,NA,NA,NA,NA,NA,NA,NA,NA,NA,NA,NA,NA,NA,NA,NA,NA,NA,NA,NA,NA,NA,NA,NA,NA,NA,NA,NA,NA,NA,NA,NA,NA,NA,NA,NA,NA,NA,"Lake","Lake Edward",2219606178.99023,"Enteromius mimus"
"3817993615","Enteromius mimus (Boulenger, 1912)",-0.2,29.88,"cdc,gass84","d8cd16ba-bb74-4420-821e-083f2bac17c2","ada9d123-ddb4-467d-8891-806ea8d94230","17a83780-3060-4851-9d6f-029d5fcb81c9","fbca90e3-8aed-48b1-84e3-369afbd000ce","GB","EML","2025-03-08T12:04:01.127+00:00","2025-03-08T12:39:13.065+00:00",209,"PRESERVED_SPECIMEN","PRESENT",9325494,1,44,1153,7336,2363128,9325494,9325494,"Enteromius mimus (Boulenger, 1912)","Animalia","Chordata","Cypriniformes","Cyprinidae","Enteromius","Enteromius mimus","Enteromius","mimus","SPECIES","ACCEPTED","LC",NA,NA,"AFRICA",NA,2017,3,24,"2017-03-24",83,83,NA,"2025-03-08T12:39:13.065+00:00","https://www.ebi.ac.uk/ena/browser/view/MT523345","http://creativecommons.org/licenses/by/4.0/legalcode",TRUE,"MT523345","none","none",FALSE,NA,NA,NA,"WGS84","UG","none","none","AFRICA","Uganda","EUROPE",NA,"MT523345",NA,NA,"3817993615",NA,NA,"MT523345","ASV:0b6e1ae73a5c74120a7ecc80f943de5c","RMCA:2017.006.P.0230-0236 - DNA1258",NA,NA,NA,NA,"Enteromius mimus (Boulenger, 1912)",NA,NA,NA,NA,"Enteromius cf. mimus HM-2020 voucher RMCA:2017.006.P.0230-0236 - DNA1258 cytochrome c oxidase subunit I (COX1) gene, partial cds mitochondrial.",NA,NA,NA,NA,NA,NA,NA,NA,NA,NA,NA,NA,NA,NA,NA,NA,NA,"Mouth of Kazinga Channel, hard substrate, Lake Edward",NA,NA,NA,NA,NA,NA,NA,NA,NA,NA,NA,NA,NA,NA,NA,NA,NA,NA,NA,NA,NA,NA,NA,NA,NA,NA,NA,NA,NA,NA,NA,NA,NA,NA,NA,NA,NA,NA,NA,"https://www.ebi.ac.uk/ena/browser/view/Taxon:2721486",NA,NA,NA,"https://www.ebi.ac.uk/ena/browser/api/embl/MT523345",NA,NA,NA,NA,NA,NA,NA,NA,NA,NA,NA,NA,NA,NA,NA,NA,NA,NA,NA,NA,NA,NA,NA,NA,NA,NA,NA,NA,NA,NA,NA,NA,NA,NA,NA,NA,NA,NA,NA,NA,NA,"Lake","Lake Edward",2219606178.99023,"Enteromius mimus"
"3817979814","Enteromius mimus (Boulenger, 1912)",-0.2,29.88,"cdc,gass84","d8cd16ba-bb74-4420-821e-083f2bac17c2","ada9d123-ddb4-467d-8891-806ea8d94230","17a83780-3060-4851-9d6f-029d5fcb81c9","fbca90e3-8aed-48b1-84e3-369afbd000ce","GB","EML","2025-03-08T12:04:01.127+00:00","2025-03-08T12:39:16.221+00:00",209,"PRESERVED_SPECIMEN","PRESENT",9325494,1,44,1153,7336,2363128,9325494,9325494,"Enteromius mimus (Boulenger, 1912)","Animalia","Chordata","Cypriniformes","Cyprinidae","Enteromius","Enteromius mimus","Enteromius","mimus","SPECIES","ACCEPTED","LC",NA,NA,"AFRICA",NA,2017,3,24,"2017-03-24",83,83,NA,"2025-03-08T12:39:16.221+00:00","https://www.ebi.ac.uk/ena/browser/view/MT523346","http://creativecommons.org/licenses/by/4.0/legalcode",TRUE,"MT523346","none","none",FALSE,NA,NA,NA,"WGS84","UG","none","none","AFRICA","Uganda","EUROPE",NA,"MT523346",NA,NA,"3817979814",NA,NA,"MT523346","ASV:0b6e1ae73a5c74120a7ecc80f943de5c","RMCA:2017.006.P.0230-0236 - DNA1259",NA,NA,NA,NA,"Enteromius mimus (Boulenger, 1912)",NA,NA,NA,NA,"Enteromius cf. mimus HM-2020 voucher RMCA:2017.006.P.0230-0236 - DNA1259 cytochrome c oxidase subunit I (COX1) gene, partial cds mitochondrial.",NA,NA,NA,NA,NA,NA,NA,NA,NA,NA,NA,NA,NA,NA,NA,NA,NA,"Mouth of Kazinga Channel, hard substrate, Lake Edward",NA,NA,NA,NA,NA,NA,NA,NA,NA,NA,NA,NA,NA,NA,NA,NA,NA,NA,NA,NA,NA,NA,NA,NA,NA,NA,NA,NA,NA,NA,NA,NA,NA,NA,NA,NA,NA,NA,NA,"https://www.ebi.ac.uk/ena/browser/view/Taxon:2721486",NA,NA,NA,"https://www.ebi.ac.uk/ena/browser/api/embl/MT523346",NA,NA,NA,NA,NA,NA,NA,NA,NA,NA,NA,NA,NA,NA,NA,NA,NA,NA,NA,NA,NA,NA,NA,NA,NA,NA,NA,NA,NA,NA,NA,NA,NA,NA,NA,NA,NA,NA,NA,NA,NA,"Lake","Lake Edward",2219606178.99023,"Enteromius mimus"
"1883343590","Enteromius litamba (Keilhack, 1908)",-12.38,34.7069,"osiic","9c2cc134-5b4c-497a-8445-c45610722317","7bc628b1-114a-41e0-b0db-b81170b0d2a1","e0f2d99d-f183-469a-adb1-f321a3c4609f","7d77970a-28ba-43e3-9dc8-de37db3e1894","MZ","EML","2025-01-23T18:33:42.052+00:00","2025-01-31T23:45:18.165+00:00",212,"HUMAN_OBSERVATION","PRESENT",9240381,1,44,1153,7336,2363128,9240381,9240381,"Enteromius litamba (Keilhack, 1908)","Animalia","Chordata","Cypriniformes","Cyprinidae","Enteromius","Enteromius litamba","Enteromius","litamba","SPECIES","ACCEPTED","DD","2018-01-01T00:00:00",15000,"AFRICA","Niassa",2017,3,10,"2017-03-10",69,69,NA,"2025-01-31T23:45:18.165+00:00",NA,"http://creativecommons.org/licenses/by/4.0/legalcode",FALSE,"urn:catalog:IIP:MOZ:Niassa:fish:26714","none","none",FALSE,"Instituto Nacional de Investigação Pesqueira","Estevão Juma","Estevão Juma","WGS84","MZ","none","none","AFRICA","Mozambique","AFRICA",NA,"urn:catalog:IIP:MOZ:Niassa:fish:26714",NA,NA,"1883343590",NA,NA,"urn:catalog:IIP:MOZ:Niassa:fish:26714",NA,NA,"IIP",NA,NA,NA,"Enteromius litamba (Keilhack, 1908)",NA,NA,NA,"BID-AF2017-0047-NAC",NA,NA,NA,2,NA,NA,NA,NA,NA,NA,NA,NA,NA,NA,"Gillnet",NA,NA,NA,"Foz do Rio do Lago",NA,479.3,NA,NA,NA,NA,NA,NA,NA,NA,NA,"Lago","Indeterminate",NA,NA,NA,NA,NA,NA,NA,NA,NA,NA,NA,NA,NA,NA,NA,NA,NA,"BID",NA,NA,NA,NA,NA,NA,NA,NA,NA,NA,NA,NA,NA,NA,NA,NA,NA,NA,NA,NA,NA,NA,NA,NA,NA,"Manual locality search",NA,NA,NA,NA,NA,NA,NA,NA,NA,NA,NA,NA,NA,NA,NA,NA,NA,NA,NA,NA,NA,NA,NA,NA,NA,NA,NA,NA,"Lake","Lake Malawi",28951795749.1886,"Enteromius litamba"
"1883344128","Enteromius litamba (Keilhack, 1908)",-12.451,34.6972,"osiic","9c2cc134-5b4c-497a-8445-c45610722317","7bc628b1-114a-41e0-b0db-b81170b0d2a1","e0f2d99d-f183-469a-adb1-f321a3c4609f","7d77970a-28ba-43e3-9dc8-de37db3e1894","MZ","EML","2025-01-23T18:33:42.052+00:00","2025-01-31T23:45:15.754+00:00",212,"HUMAN_OBSERVATION","PRESENT",9240381,1,44,1153,7336,2363128,9240381,9240381,"Enteromius litamba (Keilhack, 1908)","Animalia","Chordata","Cypriniformes","Cyprinidae","Enteromius","Enteromius litamba","Enteromius","litamba","SPECIES","ACCEPTED","DD","2018-01-01T00:00:00",15000,"AFRICA","Niassa",2017,5,24,"2017-05-24",144,144,NA,"2025-01-31T23:45:15.754+00:00",NA,"http://creativecommons.org/licenses/by/4.0/legalcode",FALSE,"urn:catalog:IIP:MOZ:Niassa:fish:27207","none","none",FALSE,"Instituto Nacional de Investigação Pesqueira","Estevão Juma","Estevão Juma","WGS84","MZ","none","none","AFRICA","Mozambique","AFRICA",NA,"urn:catalog:IIP:MOZ:Niassa:fish:27207",NA,NA,"1883344128",NA,NA,"urn:catalog:IIP:MOZ:Niassa:fish:27207",NA,NA,"IIP",NA,NA,NA,"Enteromius litamba (Keilhack, 1908)",NA,NA,NA,"BID-AF2017-0047-NAC",NA,NA,NA,1,NA,NA,NA,NA,NA,NA,NA,NA,NA,NA,"Gillnet",NA,NA,NA,"Lago Aberto do Lago",NA,477.9,NA,NA,NA,NA,NA,NA,NA,NA,NA,"Lago","Indeterminate",NA,NA,NA,NA,NA,NA,NA,NA,NA,NA,NA,NA,NA,NA,NA,NA,NA,"BID",NA,NA,NA,NA,NA,NA,NA,NA,NA,NA,NA,NA,NA,NA,NA,NA,NA,NA,NA,NA,NA,NA,NA,NA,NA,"Manual locality search",NA,NA,NA,NA,NA,NA,NA,NA,NA,NA,NA,NA,NA,NA,NA,NA,NA,NA,NA,NA,NA,NA,NA,NA,NA,NA,NA,NA,"Lake","Lake Malawi",28951795749.1886,"Enteromius litamba"
"1883344667","Enteromius litamba (Keilhack, 1908)",-12.467,34.7004,"osiic","9c2cc134-5b4c-497a-8445-c45610722317","7bc628b1-114a-41e0-b0db-b81170b0d2a1","e0f2d99d-f183-469a-adb1-f321a3c4609f","7d77970a-28ba-43e3-9dc8-de37db3e1894","MZ","EML","2025-01-23T18:33:42.052+00:00","2025-01-31T23:45:15.872+00:00",212,"HUMAN_OBSERVATION","PRESENT",9240381,1,44,1153,7336,2363128,9240381,9240381,"Enteromius litamba (Keilhack, 1908)","Animalia","Chordata","Cypriniformes","Cyprinidae","Enteromius","Enteromius litamba","Enteromius","litamba","SPECIES","ACCEPTED","DD","2018-01-01T00:00:00",15000,"AFRICA","Niassa",2017,9,20,"2017-09-20",263,263,NA,"2025-01-31T23:45:15.872+00:00",NA,"http://creativecommons.org/licenses/by/4.0/legalcode",FALSE,"urn:catalog:IIP:MOZ:Niassa:fish:27856","none","none",FALSE,"Instituto Nacional de Investigação Pesqueira","Estevão Juma","Estevão Juma","WGS84","MZ","none","none","AFRICA","Mozambique","AFRICA",NA,"urn:catalog:IIP:MOZ:Niassa:fish:27856",NA,NA,"1883344667",NA,NA,"urn:catalog:IIP:MOZ:Niassa:fish:27856",NA,NA,"IIP",NA,NA,NA,"Enteromius litamba (Keilhack, 1908)",NA,NA,NA,"BID-AF2017-0047-NAC",NA,NA,NA,4,NA,NA,NA,NA,NA,NA,NA,NA,NA,NA,"Gillnet",NA,NA,NA,"Lago Aberto do Lago",NA,478,NA,NA,NA,NA,NA,NA,NA,NA,NA,"Lago","Indeterminate",NA,NA,NA,NA,NA,NA,NA,NA,NA,NA,NA,NA,NA,NA,NA,NA,NA,"BID",NA,NA,NA,NA,NA,NA,NA,NA,NA,NA,NA,NA,NA,NA,NA,NA,NA,NA,NA,NA,NA,NA,NA,NA,NA,"Manual locality search",NA,NA,NA,NA,NA,NA,NA,NA,NA,NA,NA,NA,NA,NA,NA,NA,NA,NA,NA,NA,NA,NA,NA,NA,NA,NA,NA,NA,"Lake","Lake Malawi",28951795749.1886,"Enteromius litamba"
"1883344927","Enteromius litamba (Keilhack, 1908)",-12.078,34.8118,"osiic","9c2cc134-5b4c-497a-8445-c45610722317","7bc628b1-114a-41e0-b0db-b81170b0d2a1","e0f2d99d-f183-469a-adb1-f321a3c4609f","7d77970a-28ba-43e3-9dc8-de37db3e1894","MZ","EML","2025-01-23T18:33:42.052+00:00","2025-01-31T23:45:17.438+00:00",212,"HUMAN_OBSERVATION","PRESENT",9240381,1,44,1153,7336,2363128,9240381,9240381,"Enteromius litamba (Keilhack, 1908)","Animalia","Chordata","Cypriniformes","Cyprinidae","Enteromius","Enteromius litamba","Enteromius","litamba","SPECIES","ACCEPTED","DD","2018-01-01T00:00:00",15000,"AFRICA","Niassa",2017,11,7,"2017-11-07",311,311,NA,"2025-01-31T23:45:17.438+00:00",NA,"http://creativecommons.org/licenses/by/4.0/legalcode",FALSE,"urn:catalog:IIP:MOZ:Niassa:fish:28052","none","none",FALSE,"Instituto Nacional de Investigação Pesqueira","Ernesto Cauele","Ernesto Cauele","WGS84","MZ","none","none","AFRICA","Mozambique","AFRICA",NA,"urn:catalog:IIP:MOZ:Niassa:fish:28052",NA,NA,"1883344927",NA,NA,"urn:catalog:IIP:MOZ:Niassa:fish:28052",NA,NA,"IIP",NA,NA,NA,"Enteromius litamba (Keilhack, 1908)",NA,NA,NA,"BID-AF2017-0047-NAC",NA,NA,NA,6,NA,NA,NA,NA,NA,NA,NA,NA,NA,NA,"Gillnet",NA,NA,NA,"Foz do Rio do Lago",NA,480.6,NA,NA,NA,NA,NA,NA,NA,NA,NA,"Lago","Indeterminate",NA,NA,NA,NA,NA,NA,NA,NA,NA,NA,NA,NA,NA,NA,NA,NA,NA,"BID",NA,NA,NA,NA,NA,NA,NA,NA,NA,NA,NA,NA,NA,NA,NA,NA,NA,NA,NA,NA,NA,NA,NA,NA,NA,"Manual locality search",NA,NA,NA,NA,NA,NA,NA,NA,NA,NA,NA,NA,NA,NA,NA,NA,NA,NA,NA,NA,NA,NA,NA,NA,NA,NA,NA,NA,"Lake","Lake Malawi",28951795749.1886,"Enteromius litamba"
"1883340818","Enteromius litamba (Keilhack, 1908)",-13.386,34.8556,"osiic","9c2cc134-5b4c-497a-8445-c45610722317","7bc628b1-114a-41e0-b0db-b81170b0d2a1","e0f2d99d-f183-469a-adb1-f321a3c4609f","7d77970a-28ba-43e3-9dc8-de37db3e1894","MZ","EML","2025-01-23T18:33:42.052+00:00","2025-01-31T23:45:16.937+00:00",212,"HUMAN_OBSERVATION","PRESENT",9240381,1,44,1153,7336,2363128,9240381,9240381,"Enteromius litamba (Keilhack, 1908)","Animalia","Chordata","Cypriniformes","Cyprinidae","Enteromius","Enteromius litamba","Enteromius","litamba","SPECIES","ACCEPTED","DD","2018-01-01T00:00:00",15000,"AFRICA","Niassa",2016,1,11,"2016-01-11",11,11,NA,"2025-01-31T23:45:16.937+00:00",NA,"http://creativecommons.org/licenses/by/4.0/legalcode",FALSE,"urn:catalog:IIP:MOZ:Niassa:fish:23950","none","none",FALSE,"Instituto Nacional de Investigação Pesqueira","João Saide","João Saide","WGS84","MZ","none","none","AFRICA","Mozambique","AFRICA",NA,"urn:catalog:IIP:MOZ:Niassa:fish:23950",NA,NA,"1883340818",NA,NA,"urn:catalog:IIP:MOZ:Niassa:fish:23950",NA,NA,"IIP",NA,NA,NA,"Enteromius litamba (Keilhack, 1908)",NA,NA,NA,"BID-AF2017-0047-NAC",NA,NA,NA,1,NA,NA,NA,NA,NA,NA,NA,NA,NA,NA,"Gillnet",NA,NA,NA,"Foz do Rio de Laga",NA,519.7,NA,NA,NA,NA,NA,NA,NA,NA,NA,"Lichinga","Indeterminate",NA,NA,NA,NA,NA,NA,NA,NA,NA,NA,NA,NA,NA,NA,NA,NA,NA,"BID",NA,NA,NA,NA,NA,NA,NA,NA,NA,NA,NA,NA,NA,NA,NA,NA,NA,NA,NA,NA,NA,NA,NA,NA,NA,"Manual locality search",NA,NA,NA,NA,NA,NA,NA,NA,NA,NA,NA,NA,NA,NA,NA,NA,NA,NA,NA,NA,NA,NA,NA,NA,NA,NA,NA,NA,"Lake","Lake Malawi",28951795749.1886,"Enteromius litamba"
"1883340882","Enteromius litamba (Keilhack, 1908)",-13.419,34.8599,"osiic","9c2cc134-5b4c-497a-8445-c45610722317","7bc628b1-114a-41e0-b0db-b81170b0d2a1","e0f2d99d-f183-469a-adb1-f321a3c4609f","7d77970a-28ba-43e3-9dc8-de37db3e1894","MZ","EML","2025-01-23T18:33:42.052+00:00","2025-01-31T23:45:18.068+00:00",212,"HUMAN_OBSERVATION","PRESENT",9240381,1,44,1153,7336,2363128,9240381,9240381,"Enteromius litamba (Keilhack, 1908)","Animalia","Chordata","Cypriniformes","Cyprinidae","Enteromius","Enteromius litamba","Enteromius","litamba","SPECIES","ACCEPTED","DD","2018-01-01T00:00:00",15000,"AFRICA","Niassa",2016,1,15,"2016-01-15",15,15,NA,"2025-01-31T23:45:18.068+00:00",NA,"http://creativecommons.org/licenses/by/4.0/legalcode",FALSE,"urn:catalog:IIP:MOZ:Niassa:fish:24011","none","none",FALSE,"Instituto Nacional de Investigação Pesqueira","João Saide","João Saide","WGS84","MZ","none","none","AFRICA","Mozambique","AFRICA",NA,"urn:catalog:IIP:MOZ:Niassa:fish:24011",NA,NA,"1883340882",NA,NA,"urn:catalog:IIP:MOZ:Niassa:fish:24011",NA,NA,"IIP",NA,NA,NA,"Enteromius litamba (Keilhack, 1908)",NA,NA,NA,"BID-AF2017-0047-NAC",NA,NA,NA,2,NA,NA,NA,NA,NA,NA,NA,NA,NA,NA,"Gillnet",NA,NA,NA,"Foz do Rio de Laga",NA,475.5,NA,NA,NA,NA,NA,NA,NA,NA,NA,"Lichinga","Indeterminate",NA,NA,NA,NA,NA,NA,NA,NA,NA,NA,NA,NA,NA,NA,NA,NA,NA,"BID",NA,NA,NA,NA,NA,NA,NA,NA,NA,NA,NA,NA,NA,NA,NA,NA,NA,NA,NA,NA,NA,NA,NA,NA,NA,"Manual locality search",NA,NA,NA,NA,NA,NA,NA,NA,NA,NA,NA,NA,NA,NA,NA,NA,NA,NA,NA,NA,NA,NA,NA,NA,NA,NA,NA,NA,"Lake","Lake Malawi",28951795749.1886,"Enteromius litamba"
"1883340982","Enteromius litamba (Keilhack, 1908)",-12.535,34.7363,"osiic","9c2cc134-5b4c-497a-8445-c45610722317","7bc628b1-114a-41e0-b0db-b81170b0d2a1","e0f2d99d-f183-469a-adb1-f321a3c4609f","7d77970a-28ba-43e3-9dc8-de37db3e1894","MZ","EML","2025-01-23T18:33:42.052+00:00","2025-01-31T23:45:18.152+00:00",212,"HUMAN_OBSERVATION","PRESENT",9240381,1,44,1153,7336,2363128,9240381,9240381,"Enteromius litamba (Keilhack, 1908)","Animalia","Chordata","Cypriniformes","Cyprinidae","Enteromius","Enteromius litamba","Enteromius","litamba","SPECIES","ACCEPTED","DD","2018-01-01T00:00:00",15000,"AFRICA","Niassa",2016,2,1,"2016-02-01",32,32,NA,"2025-01-31T23:45:18.152+00:00",NA,"http://creativecommons.org/licenses/by/4.0/legalcode",FALSE,"urn:catalog:IIP:MOZ:Niassa:fish:24160","none","none",FALSE,"Instituto Nacional de Investigação Pesqueira","José Momade","José Momade","WGS84","MZ","none","none","AFRICA","Mozambique","AFRICA",NA,"urn:catalog:IIP:MOZ:Niassa:fish:24160",NA,NA,"1883340982",NA,NA,"urn:catalog:IIP:MOZ:Niassa:fish:24160",NA,NA,"IIP",NA,NA,NA,"Enteromius litamba (Keilhack, 1908)",NA,NA,NA,"BID-AF2017-0047-NAC",NA,NA,NA,5,NA,NA,NA,NA,NA,NA,NA,NA,NA,NA,"Gillnet",NA,NA,NA,"Lago Aberto do Lago",NA,478.4,NA,NA,NA,NA,NA,NA,NA,NA,NA,"Lago","Indeterminate",NA,NA,NA,NA,NA,NA,NA,NA,NA,NA,NA,NA,NA,NA,NA,NA,NA,"BID",NA,NA,NA,NA,NA,NA,NA,NA,NA,NA,NA,NA,NA,NA,NA,NA,NA,NA,NA,NA,NA,NA,NA,NA,NA,"Manual locality search",NA,NA,NA,NA,NA,NA,NA,NA,NA,NA,NA,NA,NA,NA,NA,NA,NA,NA,NA,NA,NA,NA,NA,NA,NA,NA,NA,NA,"Lake","Lake Malawi",28951795749.1886,"Enteromius litamba"
"1883341148","Enteromius litamba (Keilhack, 1908)",-13.386,34.8556,"osiic","9c2cc134-5b4c-497a-8445-c45610722317","7bc628b1-114a-41e0-b0db-b81170b0d2a1","e0f2d99d-f183-469a-adb1-f321a3c4609f","7d77970a-28ba-43e3-9dc8-de37db3e1894","MZ","EML","2025-01-23T18:33:42.052+00:00","2025-01-31T23:45:17.958+00:00",212,"HUMAN_OBSERVATION","PRESENT",9240381,1,44,1153,7336,2363128,9240381,9240381,"Enteromius litamba (Keilhack, 1908)","Animalia","Chordata","Cypriniformes","Cyprinidae","Enteromius","Enteromius litamba","Enteromius","litamba","SPECIES","ACCEPTED","DD","2018-01-01T00:00:00",15000,"AFRICA","Niassa",2016,2,11,"2016-02-11",42,42,NA,"2025-01-31T23:45:17.958+00:00",NA,"http://creativecommons.org/licenses/by/4.0/legalcode",FALSE,"urn:catalog:IIP:MOZ:Niassa:fish:24281","none","none",FALSE,"Instituto Nacional de Investigação Pesqueira","João Saide","João Saide","WGS84","MZ","none","none","AFRICA","Mozambique","AFRICA",NA,"urn:catalog:IIP:MOZ:Niassa:fish:24281",NA,NA,"1883341148",NA,NA,"urn:catalog:IIP:MOZ:Niassa:fish:24281",NA,NA,"IIP",NA,NA,NA,"Enteromius litamba (Keilhack, 1908)",NA,NA,NA,"BID-AF2017-0047-NAC",NA,NA,NA,1,NA,NA,NA,NA,NA,NA,NA,NA,NA,NA,"Gillnet",NA,NA,NA,"Foz do Rio de Laga",NA,519.7,NA,NA,NA,NA,NA,NA,NA,NA,NA,"Lichinga","Indeterminate",NA,NA,NA,NA,NA,NA,NA,NA,NA,NA,NA,NA,NA,NA,NA,NA,NA,"BID",NA,NA,NA,NA,NA,NA,NA,NA,NA,NA,NA,NA,NA,NA,NA,NA,NA,NA,NA,NA,NA,NA,NA,NA,NA,"Manual locality search",NA,NA,NA,NA,NA,NA,NA,NA,NA,NA,NA,NA,NA,NA,NA,NA,NA,NA,NA,NA,NA,NA,NA,NA,NA,NA,NA,NA,"Lake","Lake Malawi",28951795749.1886,"Enteromius litamba"
"1883341466","Enteromius litamba (Keilhack, 1908)",-12.38,34.7069,"osiic","9c2cc134-5b4c-497a-8445-c45610722317","7bc628b1-114a-41e0-b0db-b81170b0d2a1","e0f2d99d-f183-469a-adb1-f321a3c4609f","7d77970a-28ba-43e3-9dc8-de37db3e1894","MZ","EML","2025-01-23T18:33:42.052+00:00","2025-01-31T23:45:18.211+00:00",212,"HUMAN_OBSERVATION","PRESENT",9240381,1,44,1153,7336,2363128,9240381,9240381,"Enteromius litamba (Keilhack, 1908)","Animalia","Chordata","Cypriniformes","Cyprinidae","Enteromius","Enteromius litamba","Enteromius","litamba","SPECIES","ACCEPTED","DD","2018-01-01T00:00:00",15000,"AFRICA","Niassa",2016,3,23,"2016-03-23",83,83,NA,"2025-01-31T23:45:18.211+00:00",NA,"http://creativecommons.org/licenses/by/4.0/legalcode",FALSE,"urn:catalog:IIP:MOZ:Niassa:fish:24625","none","none",FALSE,"Instituto Nacional de Investigação Pesqueira","Estevão Juma","Estevão Juma","WGS84","MZ","none","none","AFRICA","Mozambique","AFRICA",NA,"urn:catalog:IIP:MOZ:Niassa:fish:24625",NA,NA,"1883341466",NA,NA,"urn:catalog:IIP:MOZ:Niassa:fish:24625",NA,NA,"IIP",NA,NA,NA,"Enteromius litamba (Keilhack, 1908)",NA,NA,NA,"BID-AF2017-0047-NAC",NA,NA,NA,2,NA,NA,NA,NA,NA,NA,NA,NA,NA,NA,"Gillnet",NA,NA,NA,"Foz do Rio do Lago",NA,479.3,NA,NA,NA,NA,NA,NA,NA,NA,NA,"Lago","Indeterminate",NA,NA,NA,NA,NA,NA,NA,NA,NA,NA,NA,NA,NA,NA,NA,NA,NA,"BID",NA,NA,NA,NA,NA,NA,NA,NA,NA,NA,NA,NA,NA,NA,NA,NA,NA,NA,NA,NA,NA,NA,NA,NA,NA,"Manual locality search",NA,NA,NA,NA,NA,NA,NA,NA,NA,NA,NA,NA,NA,NA,NA,NA,NA,NA,NA,NA,NA,NA,NA,NA,NA,NA,NA,NA,"Lake","Lake Malawi",28951795749.1886,"Enteromius litamba"
"4454561035","Enteromius alberti (Poll, 1939)",-0.173,29.837,"cdc,gass84,osiic","9cfa6cb6-5833-44b2-97f1-18a3c12fed47","575c52b0-a742-11db-a6ff-b8a03c50a862","96dec937-f8d1-4d18-a8a1-1e9f4ca1aabd","575c52b0-a742-11db-a6ff-b8a03c50a862","BE","EML","2025-02-28T23:01:23.697+00:00","2025-02-28T23:02:27.260+00:00",71,"PRESERVED_SPECIMEN","PRESENT",10758256,1,44,1153,7336,2363128,9326520,9326520,"Enteromius stigmatopygus (Boulenger, 1903)","Animalia","Chordata","Cypriniformes","Cyprinidae","Enteromius","Enteromius stigmatopygus","Enteromius","alberti","SPECIES","SYNONYM","NE","2019-01-01T00:00:00",NA,"AFRICA",NA,2016,10,22,"2016-10-22",296,296,"2019-09-13T00:00:00.000+00:00","2025-02-28T23:02:27.260+00:00",NA,"http://creativecommons.org/licenses/by/4.0/legalcode",FALSE,"https://darwinweb.africamuseum.be/object/0586ee62-bfe8-4c5a-b90f-6ab7adca3f4c","none","none",FALSE,NA,NA,"Maetens Heleen","WGS84","UG","none","none","AFRICA","Uganda","EUROPE",NA,"https://darwinweb.africamuseum.be/object/0586ee62-bfe8-4c5a-b90f-6ab7adca3f4c",NA,NA,"4454561035",NA,"VER-FIS","https://darwinweb.africamuseum.be/object/0586ee62-bfe8-4c5a-b90f-6ab7adca3f4c",NA,"BE_RMCA_Vert.2016.035.P.0150-0154","RMCA",NA,NA,NA,"Enteromius alberti (Poll, 1939)",NA,NA,NA,NA,NA,NA,NA,5,NA,"2784e794-f70f-4455-854d-110f8ab37d19","2406d0ea-4647-4181-903d-b523057b208c",NA,"https://ror.org/001805t51",NA,NA,NA,NA,NA,NA,NA,NA,NA,"lake Edward, 1km E. of Nyamugasani river, sand substrate",NA,NA,NA,NA,NA,NA,NA,NA,NA,NA,NA,NA,NA,NA,NA,NA,NA,NA,NA,NA,NA,NA,NA,NA,NA,NA,NA,NA,NA,NA,NA,NA,NA,NA,NA,"0586ee62-bfe8-4c5a-b90f-6ab7adca3f4c",NA,NA,NA,NA,NA,NA,NA,NA,NA,NA,NA,NA,NA,NA,NA,NA,NA,NA,NA,NA,NA,NA,NA,NA,NA,NA,NA,NA,NA,NA,NA,NA,NA,NA,NA,NA,NA,NA,NA,NA,NA,NA,NA,NA,NA,NA,NA,NA,NA,"Lake","Lake Edward",2219606178.99023,"Enteromius alberti"
"3351752198","Enteromius alberti (Poll, 1939)",-0.17,29.84,"cdc,gass84","d8cd16ba-bb74-4420-821e-083f2bac17c2","ada9d123-ddb4-467d-8891-806ea8d94230","17a83780-3060-4851-9d6f-029d5fcb81c9","fbca90e3-8aed-48b1-84e3-369afbd000ce","GB","EML","2025-03-08T12:04:01.127+00:00","2025-03-08T12:39:12.740+00:00",209,"PRESERVED_SPECIMEN","PRESENT",10758256,1,44,1153,7336,2363128,9326520,9326520,"Enteromius stigmatopygus (Boulenger, 1903)","Animalia","Chordata","Cypriniformes","Cyprinidae","Enteromius","Enteromius stigmatopygus","Enteromius","alberti","SPECIES","SYNONYM","NE",NA,NA,"AFRICA",NA,2016,10,22,"2016-10-22",296,296,NA,"2025-03-08T12:39:12.740+00:00","https://www.ebi.ac.uk/ena/browser/view/MT251115","http://creativecommons.org/licenses/by/4.0/legalcode",TRUE,"MT251115","none","none",FALSE,NA,NA,NA,"WGS84","UG","none","none","AFRICA","Uganda","EUROPE",NA,"MT251115",NA,NA,"3351752198",NA,NA,"MT251115","ASV:39733e977bf0c64207080e202de4357a","RMCA 2016.035.P.0150-0154 HP227",NA,NA,NA,NA,"Enteromius alberti (Poll, 1939)",NA,NA,NA,NA,"Enteromius alberti voucher RMCA 2016.035.P.0150-0154 HP227 cytochrome c oxidase subunit I (COX1) gene, partial cds mitochondrial.",NA,NA,NA,NA,NA,NA,NA,NA,NA,NA,NA,NA,NA,NA,NA,NA,NA,"Lake Edward, sand substrate, 1 km east of Nyamugasani river",NA,NA,NA,NA,NA,NA,NA,NA,NA,NA,NA,NA,NA,NA,NA,NA,NA,NA,NA,NA,NA,NA,NA,NA,NA,NA,NA,NA,NA,NA,NA,NA,NA,NA,NA,NA,NA,NA,NA,"https://www.ebi.ac.uk/ena/browser/view/Taxon:2721485",NA,NA,NA,"https://www.ebi.ac.uk/ena/browser/api/embl/MT251115",NA,NA,NA,NA,NA,NA,NA,NA,NA,NA,NA,NA,NA,NA,NA,NA,NA,NA,NA,NA,NA,NA,NA,NA,NA,NA,NA,NA,NA,NA,NA,NA,NA,NA,NA,NA,NA,NA,NA,NA,NA,"Lake","Lake Edward",2219606178.99023,"Enteromius alberti"
"3351746557","Enteromius alberti (Poll, 1939)",-0.17,29.84,"cdc,gass84","d8cd16ba-bb74-4420-821e-083f2bac17c2","ada9d123-ddb4-467d-8891-806ea8d94230","17a83780-3060-4851-9d6f-029d5fcb81c9","fbca90e3-8aed-48b1-84e3-369afbd000ce","GB","EML","2025-03-08T12:04:01.127+00:00","2025-03-08T12:39:12.350+00:00",209,"PRESERVED_SPECIMEN","PRESENT",10758256,1,44,1153,7336,2363128,9326520,9326520,"Enteromius stigmatopygus (Boulenger, 1903)","Animalia","Chordata","Cypriniformes","Cyprinidae","Enteromius","Enteromius stigmatopygus","Enteromius","alberti","SPECIES","SYNONYM","NE",NA,NA,"AFRICA",NA,2016,10,22,"2016-10-22",296,296,NA,"2025-03-08T12:39:12.350+00:00","https://www.ebi.ac.uk/ena/browser/view/MT251116","http://creativecommons.org/licenses/by/4.0/legalcode",TRUE,"MT251116","none","none",FALSE,NA,NA,NA,"WGS84","UG","none","none","AFRICA","Uganda","EUROPE",NA,"MT251116",NA,NA,"3351746557",NA,NA,"MT251116","ASV:39733e977bf0c64207080e202de4357a","RMCA 2016.035.P.0150-0154 HP231",NA,NA,NA,NA,"Enteromius alberti (Poll, 1939)",NA,NA,NA,NA,"Enteromius alberti voucher RMCA 2016.035.P.0150-0154 HP231 cytochrome c oxidase subunit I (COX1) gene, partial cds mitochondrial.",NA,NA,NA,NA,NA,NA,NA,NA,NA,NA,NA,NA,NA,NA,NA,NA,NA,"Lake Edward, sand substrate, 1 km east of Nyamugasani river",NA,NA,NA,NA,NA,NA,NA,NA,NA,NA,NA,NA,NA,NA,NA,NA,NA,NA,NA,NA,NA,NA,NA,NA,NA,NA,NA,NA,NA,NA,NA,NA,NA,NA,NA,NA,NA,NA,NA,"https://www.ebi.ac.uk/ena/browser/view/Taxon:2721485",NA,NA,NA,"https://www.ebi.ac.uk/ena/browser/api/embl/MT251116",NA,NA,NA,NA,NA,NA,NA,NA,NA,NA,NA,NA,NA,NA,NA,NA,NA,NA,NA,NA,NA,NA,NA,NA,NA,NA,NA,NA,NA,NA,NA,NA,NA,NA,NA,NA,NA,NA,NA,NA,NA,"Lake","Lake Edward",2219606178.99023,"Enteromius alberti"
"3351921222","Enteromius alberti (Poll, 1939)",-0.17,29.84,"cdc,gass84","d8cd16ba-bb74-4420-821e-083f2bac17c2","ada9d123-ddb4-467d-8891-806ea8d94230","17a83780-3060-4851-9d6f-029d5fcb81c9","fbca90e3-8aed-48b1-84e3-369afbd000ce","GB","EML","2025-03-08T12:04:01.127+00:00","2025-03-08T12:39:13.098+00:00",209,"PRESERVED_SPECIMEN","PRESENT",10758256,1,44,1153,7336,2363128,9326520,9326520,"Enteromius stigmatopygus (Boulenger, 1903)","Animalia","Chordata","Cypriniformes","Cyprinidae","Enteromius","Enteromius stigmatopygus","Enteromius","alberti","SPECIES","SYNONYM","NE",NA,NA,"AFRICA",NA,2016,10,22,"2016-10-22",296,296,NA,"2025-03-08T12:39:13.098+00:00","https://www.ebi.ac.uk/ena/browser/view/MT251117","http://creativecommons.org/licenses/by/4.0/legalcode",TRUE,"MT251117","none","none",FALSE,NA,NA,NA,"WGS84","UG","none","none","AFRICA","Uganda","EUROPE",NA,"MT251117",NA,NA,"3351921222",NA,NA,"MT251117","ASV:39733e977bf0c64207080e202de4357a","RMCA 2016.035.P.0150-0154 HP232",NA,NA,NA,NA,"Enteromius alberti (Poll, 1939)",NA,NA,NA,NA,"Enteromius alberti voucher RMCA 2016.035.P.0150-0154 HP232 cytochrome c oxidase subunit I (COX1) gene, partial cds mitochondrial.",NA,NA,NA,NA,NA,NA,NA,NA,NA,NA,NA,NA,NA,NA,NA,NA,NA,"Lake Edward, sand substrate, 1 km east of Nyamugasani river",NA,NA,NA,NA,NA,NA,NA,NA,NA,NA,NA,NA,NA,NA,NA,NA,NA,NA,NA,NA,NA,NA,NA,NA,NA,NA,NA,NA,NA,NA,NA,NA,NA,NA,NA,NA,NA,NA,NA,"https://www.ebi.ac.uk/ena/browser/view/Taxon:2721485",NA,NA,NA,"https://www.ebi.ac.uk/ena/browser/api/embl/MT251117",NA,NA,NA,NA,NA,NA,NA,NA,NA,NA,NA,NA,NA,NA,NA,NA,NA,NA,NA,NA,NA,NA,NA,NA,NA,NA,NA,NA,NA,NA,NA,NA,NA,NA,NA,NA,NA,NA,NA,NA,NA,"Lake","Lake Edward",2219606178.99023,"Enteromius alberti"
"3349385160","Enteromius alberti (Poll, 1939)",-0.17,29.84,"cdc,gass84","d8cd16ba-bb74-4420-821e-083f2bac17c2","ada9d123-ddb4-467d-8891-806ea8d94230","17a83780-3060-4851-9d6f-029d5fcb81c9","fbca90e3-8aed-48b1-84e3-369afbd000ce","GB","EML","2025-03-08T12:04:01.127+00:00","2025-03-08T12:39:12.821+00:00",209,"PRESERVED_SPECIMEN","PRESENT",10758256,1,44,1153,7336,2363128,9326520,9326520,"Enteromius stigmatopygus (Boulenger, 1903)","Animalia","Chordata","Cypriniformes","Cyprinidae","Enteromius","Enteromius stigmatopygus","Enteromius","alberti","SPECIES","SYNONYM","NE",NA,NA,"AFRICA",NA,2016,10,22,"2016-10-22",296,296,NA,"2025-03-08T12:39:12.821+00:00","https://www.ebi.ac.uk/ena/browser/view/MT251118","http://creativecommons.org/licenses/by/4.0/legalcode",TRUE,"MT251118","none","none",FALSE,NA,NA,NA,"WGS84","UG","none","none","AFRICA","Uganda","EUROPE",NA,"MT251118",NA,NA,"3349385160",NA,NA,"MT251118","ASV:39733e977bf0c64207080e202de4357a","RMCA 2016.035.P.0150-0154 HP233",NA,NA,NA,NA,"Enteromius alberti (Poll, 1939)",NA,NA,NA,NA,"Enteromius alberti voucher RMCA 2016.035.P.0150-0154 HP233 cytochrome c oxidase subunit I (COX1) gene, partial cds mitochondrial.",NA,NA,NA,NA,NA,NA,NA,NA,NA,NA,NA,NA,NA,NA,NA,NA,NA,"Lake Edward, sand substrate, 1 km east of Nyamugasani river",NA,NA,NA,NA,NA,NA,NA,NA,NA,NA,NA,NA,NA,NA,NA,NA,NA,NA,NA,NA,NA,NA,NA,NA,NA,NA,NA,NA,NA,NA,NA,NA,NA,NA,NA,NA,NA,NA,NA,"https://www.ebi.ac.uk/ena/browser/view/Taxon:2721485",NA,NA,NA,"https://www.ebi.ac.uk/ena/browser/api/embl/MT251118",NA,NA,NA,NA,NA,NA,NA,NA,NA,NA,NA,NA,NA,NA,NA,NA,NA,NA,NA,NA,NA,NA,NA,NA,NA,NA,NA,NA,NA,NA,NA,NA,NA,NA,NA,NA,NA,NA,NA,NA,NA,"Lake","Lake Edward",2219606178.99023,"Enteromius alberti"
"3349375050","Enteromius alberti (Poll, 1939)",-0.17,29.84,"cdc,gass84","d8cd16ba-bb74-4420-821e-083f2bac17c2","ada9d123-ddb4-467d-8891-806ea8d94230","17a83780-3060-4851-9d6f-029d5fcb81c9","fbca90e3-8aed-48b1-84e3-369afbd000ce","GB","EML","2025-03-08T12:04:01.127+00:00","2025-03-08T12:39:12.352+00:00",209,"PRESERVED_SPECIMEN","PRESENT",10758256,1,44,1153,7336,2363128,9326520,9326520,"Enteromius stigmatopygus (Boulenger, 1903)","Animalia","Chordata","Cypriniformes","Cyprinidae","Enteromius","Enteromius stigmatopygus","Enteromius","alberti","SPECIES","SYNONYM","NE",NA,NA,"AFRICA",NA,2016,10,22,"2016-10-22",296,296,NA,"2025-03-08T12:39:12.352+00:00","https://www.ebi.ac.uk/ena/browser/view/MT251134","http://creativecommons.org/licenses/by/4.0/legalcode",TRUE,"MT251134","none","none",FALSE,NA,NA,NA,"WGS84","UG","none","none","AFRICA","Uganda","EUROPE",NA,"MT251134",NA,NA,"3349375050",NA,NA,"MT251134","ASV:7da0669ec6caedcce10c08e9c6a242d4","RMCA 2016.035.P.0150-0154 HP234",NA,NA,NA,NA,"Enteromius alberti (Poll, 1939)",NA,NA,NA,NA,"Enteromius alberti voucher RMCA 2016.035.P.0150-0154 HP234 cytochrome c oxidase subunit I (COX1) gene, partial cds mitochondrial.",NA,NA,NA,NA,NA,NA,NA,NA,NA,NA,NA,NA,NA,NA,NA,NA,NA,"Lake Edward, sand substrate, 1 km east of Nyamugasani river",NA,NA,NA,NA,NA,NA,NA,NA,NA,NA,NA,NA,NA,NA,NA,NA,NA,NA,NA,NA,NA,NA,NA,NA,NA,NA,NA,NA,NA,NA,NA,NA,NA,NA,NA,NA,NA,NA,NA,"https://www.ebi.ac.uk/ena/browser/view/Taxon:2721485",NA,NA,NA,"https://www.ebi.ac.uk/ena/browser/api/embl/MT251134",NA,NA,NA,NA,NA,NA,NA,NA,NA,NA,NA,NA,NA,NA,NA,NA,NA,NA,NA,NA,NA,NA,NA,NA,NA,NA,NA,NA,NA,NA,NA,NA,NA,NA,NA,NA,NA,NA,NA,NA,NA,"Lake","Lake Edward",2219606178.99023,"Enteromius alberti"
"3817977904","Enteromius alberti (Poll, 1939)",-0.17,29.84,"cdc,gass84","d8cd16ba-bb74-4420-821e-083f2bac17c2","ada9d123-ddb4-467d-8891-806ea8d94230","17a83780-3060-4851-9d6f-029d5fcb81c9","fbca90e3-8aed-48b1-84e3-369afbd000ce","GB","EML","2025-03-08T12:04:01.127+00:00","2025-03-08T12:39:13.649+00:00",209,"PRESERVED_SPECIMEN","PRESENT",10758256,1,44,1153,7336,2363128,9326520,9326520,"Enteromius stigmatopygus (Boulenger, 1903)","Animalia","Chordata","Cypriniformes","Cyprinidae","Enteromius","Enteromius stigmatopygus","Enteromius","alberti","SPECIES","SYNONYM","NE",NA,NA,"AFRICA",NA,2016,10,22,"2016-10-22",296,296,NA,"2025-03-08T12:39:13.649+00:00","https://www.ebi.ac.uk/ena/browser/view/MT523520","http://creativecommons.org/licenses/by/4.0/legalcode",TRUE,"MT523520","none","none",FALSE,NA,NA,NA,"WGS84","UG","none","none","AFRICA","Uganda","EUROPE",NA,"MT523520",NA,NA,"3817977904",NA,NA,"MT523520","ASV:39733e977bf0c64207080e202de4357a","RMCA:2016.035.P.0150-0154 - DNA227",NA,NA,NA,NA,"Enteromius alberti (Poll, 1939)",NA,NA,NA,NA,"Enteromius alberti voucher RMCA:2016.035.P.0150-0154 - DNA227 cytochrome c oxidase subunit I (COX1) gene, partial cds mitochondrial.",NA,NA,NA,NA,NA,NA,NA,NA,NA,NA,NA,NA,NA,NA,NA,NA,NA,"Lake Edward, sand substrate, 1 km east of Nyamugasani river",NA,NA,NA,NA,NA,NA,NA,NA,NA,NA,NA,NA,NA,NA,NA,NA,NA,NA,NA,NA,NA,NA,NA,NA,NA,NA,NA,NA,NA,NA,NA,NA,NA,NA,NA,NA,NA,NA,NA,"https://www.ebi.ac.uk/ena/browser/view/Taxon:2721485",NA,NA,NA,"https://www.ebi.ac.uk/ena/browser/api/embl/MT523520",NA,NA,NA,NA,NA,NA,NA,NA,NA,NA,NA,NA,NA,NA,NA,NA,NA,NA,NA,NA,NA,NA,NA,NA,NA,NA,NA,NA,NA,NA,NA,NA,NA,NA,NA,NA,NA,NA,NA,NA,NA,"Lake","Lake Edward",2219606178.99023,"Enteromius alberti"
"3818410848","Enteromius alberti (Poll, 1939)",-0.17,29.84,"cdc,gass84","d8cd16ba-bb74-4420-821e-083f2bac17c2","ada9d123-ddb4-467d-8891-806ea8d94230","17a83780-3060-4851-9d6f-029d5fcb81c9","fbca90e3-8aed-48b1-84e3-369afbd000ce","GB","EML","2025-03-08T12:04:01.127+00:00","2025-03-08T12:39:13.441+00:00",209,"PRESERVED_SPECIMEN","PRESENT",10758256,1,44,1153,7336,2363128,9326520,9326520,"Enteromius stigmatopygus (Boulenger, 1903)","Animalia","Chordata","Cypriniformes","Cyprinidae","Enteromius","Enteromius stigmatopygus","Enteromius","alberti","SPECIES","SYNONYM","NE",NA,NA,"AFRICA",NA,2016,10,22,"2016-10-22",296,296,NA,"2025-03-08T12:39:13.441+00:00","https://www.ebi.ac.uk/ena/browser/view/MT523521","http://creativecommons.org/licenses/by/4.0/legalcode",TRUE,"MT523521","none","none",FALSE,NA,NA,NA,"WGS84","UG","none","none","AFRICA","Uganda","EUROPE",NA,"MT523521",NA,NA,"3818410848",NA,NA,"MT523521","ASV:39733e977bf0c64207080e202de4357a","RMCA:2016.035.P.0150-0154 - DNA231",NA,NA,NA,NA,"Enteromius alberti (Poll, 1939)",NA,NA,NA,NA,"Enteromius alberti voucher RMCA:2016.035.P.0150-0154 - DNA231 cytochrome c oxidase subunit I (COX1) gene, partial cds mitochondrial.",NA,NA,NA,NA,NA,NA,NA,NA,NA,NA,NA,NA,NA,NA,NA,NA,NA,"Lake Edward, sand substrate, 1 km east of Nyamugasani river",NA,NA,NA,NA,NA,NA,NA,NA,NA,NA,NA,NA,NA,NA,NA,NA,NA,NA,NA,NA,NA,NA,NA,NA,NA,NA,NA,NA,NA,NA,NA,NA,NA,NA,NA,NA,NA,NA,NA,"https://www.ebi.ac.uk/ena/browser/view/Taxon:2721485",NA,NA,NA,"https://www.ebi.ac.uk/ena/browser/api/embl/MT523521",NA,NA,NA,NA,NA,NA,NA,NA,NA,NA,NA,NA,NA,NA,NA,NA,NA,NA,NA,NA,NA,NA,NA,NA,NA,NA,NA,NA,NA,NA,NA,NA,NA,NA,NA,NA,NA,NA,NA,NA,NA,"Lake","Lake Edward",2219606178.99023,"Enteromius alberti"
"3818408958","Enteromius alberti (Poll, 1939)",-0.17,29.84,"cdc,gass84","d8cd16ba-bb74-4420-821e-083f2bac17c2","ada9d123-ddb4-467d-8891-806ea8d94230","17a83780-3060-4851-9d6f-029d5fcb81c9","fbca90e3-8aed-48b1-84e3-369afbd000ce","GB","EML","2025-03-08T12:04:01.127+00:00","2025-03-08T12:39:14.067+00:00",209,"PRESERVED_SPECIMEN","PRESENT",10758256,1,44,1153,7336,2363128,9326520,9326520,"Enteromius stigmatopygus (Boulenger, 1903)","Animalia","Chordata","Cypriniformes","Cyprinidae","Enteromius","Enteromius stigmatopygus","Enteromius","alberti","SPECIES","SYNONYM","NE",NA,NA,"AFRICA",NA,2016,10,22,"2016-10-22",296,296,NA,"2025-03-08T12:39:14.067+00:00","https://www.ebi.ac.uk/ena/browser/view/MT523522","http://creativecommons.org/licenses/by/4.0/legalcode",TRUE,"MT523522","none","none",FALSE,NA,NA,NA,"WGS84","UG","none","none","AFRICA","Uganda","EUROPE",NA,"MT523522",NA,NA,"3818408958",NA,NA,"MT523522","ASV:39733e977bf0c64207080e202de4357a","RMCA:2016.035.P.0150-0154 - DNA232",NA,NA,NA,NA,"Enteromius alberti (Poll, 1939)",NA,NA,NA,NA,"Enteromius alberti voucher RMCA:2016.035.P.0150-0154 - DNA232 cytochrome c oxidase subunit I (COX1) gene, partial cds mitochondrial.",NA,NA,NA,NA,NA,NA,NA,NA,NA,NA,NA,NA,NA,NA,NA,NA,NA,"Lake Edward, sand substrate, 1 km east of Nyamugasani river",NA,NA,NA,NA,NA,NA,NA,NA,NA,NA,NA,NA,NA,NA,NA,NA,NA,NA,NA,NA,NA,NA,NA,NA,NA,NA,NA,NA,NA,NA,NA,NA,NA,NA,NA,NA,NA,NA,NA,"https://www.ebi.ac.uk/ena/browser/view/Taxon:2721485",NA,NA,NA,"https://www.ebi.ac.uk/ena/browser/api/embl/MT523522",NA,NA,NA,NA,NA,NA,NA,NA,NA,NA,NA,NA,NA,NA,NA,NA,NA,NA,NA,NA,NA,NA,NA,NA,NA,NA,NA,NA,NA,NA,NA,NA,NA,NA,NA,NA,NA,NA,NA,NA,NA,"Lake","Lake Edward",2219606178.99023,"Enteromius alberti"
"3818407936","Enteromius alberti (Poll, 1939)",-0.17,29.84,"cdc,gass84","d8cd16ba-bb74-4420-821e-083f2bac17c2","ada9d123-ddb4-467d-8891-806ea8d94230","17a83780-3060-4851-9d6f-029d5fcb81c9","fbca90e3-8aed-48b1-84e3-369afbd000ce","GB","EML","2025-03-08T12:04:01.127+00:00","2025-03-08T12:39:12.359+00:00",209,"PRESERVED_SPECIMEN","PRESENT",10758256,1,44,1153,7336,2363128,9326520,9326520,"Enteromius stigmatopygus (Boulenger, 1903)","Animalia","Chordata","Cypriniformes","Cyprinidae","Enteromius","Enteromius stigmatopygus","Enteromius","alberti","SPECIES","SYNONYM","NE",NA,NA,"AFRICA",NA,2016,10,22,"2016-10-22",296,296,NA,"2025-03-08T12:39:12.359+00:00","https://www.ebi.ac.uk/ena/browser/view/MT523523","http://creativecommons.org/licenses/by/4.0/legalcode",TRUE,"MT523523","none","none",FALSE,NA,NA,NA,"WGS84","UG","none","none","AFRICA","Uganda","EUROPE",NA,"MT523523",NA,NA,"3818407936",NA,NA,"MT523523","ASV:39733e977bf0c64207080e202de4357a","RMCA:2016.035.P.0150-0154 - DNA233",NA,NA,NA,NA,"Enteromius alberti (Poll, 1939)",NA,NA,NA,NA,"Enteromius alberti voucher RMCA:2016.035.P.0150-0154 - DNA233 cytochrome c oxidase subunit I (COX1) gene, partial cds mitochondrial.",NA,NA,NA,NA,NA,NA,NA,NA,NA,NA,NA,NA,NA,NA,NA,NA,NA,"Lake Edward, sand substrate, 1 km east of Nyamugasani river",NA,NA,NA,NA,NA,NA,NA,NA,NA,NA,NA,NA,NA,NA,NA,NA,NA,NA,NA,NA,NA,NA,NA,NA,NA,NA,NA,NA,NA,NA,NA,NA,NA,NA,NA,NA,NA,NA,NA,"https://www.ebi.ac.uk/ena/browser/view/Taxon:2721485",NA,NA,NA,"https://www.ebi.ac.uk/ena/browser/api/embl/MT523523",NA,NA,NA,NA,NA,NA,NA,NA,NA,NA,NA,NA,NA,NA,NA,NA,NA,NA,NA,NA,NA,NA,NA,NA,NA,NA,NA,NA,NA,NA,NA,NA,NA,NA,NA,NA,NA,NA,NA,NA,NA,"Lake","Lake Edward",2219606178.99023,"Enteromius alberti"
"3818404783","Enteromius alberti (Poll, 1939)",-0.17,29.84,"cdc,gass84","d8cd16ba-bb74-4420-821e-083f2bac17c2","ada9d123-ddb4-467d-8891-806ea8d94230","17a83780-3060-4851-9d6f-029d5fcb81c9","fbca90e3-8aed-48b1-84e3-369afbd000ce","GB","EML","2025-03-08T12:04:01.127+00:00","2025-03-08T12:39:12.372+00:00",209,"PRESERVED_SPECIMEN","PRESENT",10758256,1,44,1153,7336,2363128,9326520,9326520,"Enteromius stigmatopygus (Boulenger, 1903)","Animalia","Chordata","Cypriniformes","Cyprinidae","Enteromius","Enteromius stigmatopygus","Enteromius","alberti","SPECIES","SYNONYM","NE",NA,NA,"AFRICA",NA,2016,10,22,"2016-10-22",296,296,NA,"2025-03-08T12:39:12.372+00:00","https://www.ebi.ac.uk/ena/browser/view/MT523524","http://creativecommons.org/licenses/by/4.0/legalcode",TRUE,"MT523524","none","none",FALSE,NA,NA,NA,"WGS84","UG","none","none","AFRICA","Uganda","EUROPE",NA,"MT523524",NA,NA,"3818404783",NA,NA,"MT523524","ASV:7da0669ec6caedcce10c08e9c6a242d4","RMCA:2016.035.P.0150-0154 - DNA234",NA,NA,NA,NA,"Enteromius alberti (Poll, 1939)",NA,NA,NA,NA,"Enteromius alberti voucher RMCA:2016.035.P.0150-0154 - DNA234 cytochrome c oxidase subunit I (COX1) gene, partial cds mitochondrial.",NA,NA,NA,NA,NA,NA,NA,NA,NA,NA,NA,NA,NA,NA,NA,NA,NA,"Lake Edward, sand substrate, 1 km east of Nyamugasani river",NA,NA,NA,NA,NA,NA,NA,NA,NA,NA,NA,NA,NA,NA,NA,NA,NA,NA,NA,NA,NA,NA,NA,NA,NA,NA,NA,NA,NA,NA,NA,NA,NA,NA,NA,NA,NA,NA,NA,"https://www.ebi.ac.uk/ena/browser/view/Taxon:2721485",NA,NA,NA,"https://www.ebi.ac.uk/ena/browser/api/embl/MT523524",NA,NA,NA,NA,NA,NA,NA,NA,NA,NA,NA,NA,NA,NA,NA,NA,NA,NA,NA,NA,NA,NA,NA,NA,NA,NA,NA,NA,NA,NA,NA,NA,NA,NA,NA,NA,NA,NA,NA,NA,NA,"Lake","Lake Edward",2219606178.99023,"Enteromius alberti"
"2635960354","Enteromius perince (Rüppell, 1835)",2.231545,31.348308,"gass84,osiic","5764708e-2a95-4d95-9447-2ed8a3bc46bd","4f3d98d3-f69a-4929-9291-6c35340b6711","a114f599-3d05-4ca1-90ed-dba5b7aa5722","4f3d98d3-f69a-4929-9291-6c35340b6711","UG","EML","2025-01-23T08:46:15.411+00:00","2025-01-31T20:48:26.238+00:00",99,"HUMAN_OBSERVATION","PRESENT",9503298,1,44,1153,7336,2363128,9503298,9503298,"Enteromius perince (Rüppell, 1835)","Animalia","Chordata","Cypriniformes","Cyprinidae","Enteromius","Enteromius perince","Enteromius","perince","SPECIES","ACCEPTED","LC",NA,NA,"AFRICA",NA,2016,12,4,"2016-12-04",339,339,NA,"2025-01-31T20:48:26.238+00:00",NA,"http://creativecommons.org/licenses/by/4.0/legalcode",FALSE,"RS_NaFIRRI_15333","none","none",FALSE,NA,"Mark Olokotum","Mark Olokotum","WGS84","UG","none","none","AFRICA","Uganda","AFRICA",NA,"RS_NaFIRRI_15333",NA,NA,"2635960354",NA,NA,"RS_NaFIRRI_15333",NA,NA,"NaFIRRI/National Fisheries Resources Research Institute",NA,NA,NA,"Enteromius perince (Rüppell, 1835)",NA,NA,NA,NA,NA,NA,NA,6,NA,NA,NA,NA,NA,NA,NA,NA,NA,"Victoria Nile","Gillnetting","River","Floating Macrophytes",NA,"Delta",NA,NA,NA,NA,NA,NA,NA,NA,NA,NA,NA,NA,NA,NA,NA,NA,NA,NA,NA,NA,"ALT12-Inshore",NA,NA,NA,NA,NA,NA,NA,NA,NA,NA,77,"weight in grams",NA,NA,NA,NA,NA,NA,NA,NA,NA,NA,NA,NA,NA,NA,NA,NA,NA,NA,NA,NA,NA,NA,NA,NA,NA,NA,NA,NA,NA,NA,NA,NA,NA,NA,NA,NA,NA,NA,NA,NA,NA,NA,NA,NA,NA,NA,NA,NA,NA,NA,NA,NA,"Lake","Lake Albert",5404605008.37131,"Enteromius perince"
"1883342833","Enteromius litamba (Keilhack, 1908)",-13.386,34.8556,"osiic","9c2cc134-5b4c-497a-8445-c45610722317","7bc628b1-114a-41e0-b0db-b81170b0d2a1","e0f2d99d-f183-469a-adb1-f321a3c4609f","7d77970a-28ba-43e3-9dc8-de37db3e1894","MZ","EML","2025-01-23T18:33:42.052+00:00","2025-01-31T23:45:17.470+00:00",212,"HUMAN_OBSERVATION","PRESENT",9240381,1,44,1153,7336,2363128,9240381,9240381,"Enteromius litamba (Keilhack, 1908)","Animalia","Chordata","Cypriniformes","Cyprinidae","Enteromius","Enteromius litamba","Enteromius","litamba","SPECIES","ACCEPTED","DD","2018-01-01T00:00:00",15000,"AFRICA","Niassa",2016,12,5,"2016-12-05",340,340,NA,"2025-01-31T23:45:17.470+00:00",NA,"http://creativecommons.org/licenses/by/4.0/legalcode",FALSE,"urn:catalog:IIP:MOZ:Niassa:fish:26022","none","none",FALSE,"Instituto Nacional de Investigação Pesqueira","João Saide","João Saide","WGS84","MZ","none","none","AFRICA","Mozambique","AFRICA",NA,"urn:catalog:IIP:MOZ:Niassa:fish:26022",NA,NA,"1883342833",NA,NA,"urn:catalog:IIP:MOZ:Niassa:fish:26022",NA,NA,"IIP",NA,NA,NA,"Enteromius litamba (Keilhack, 1908)",NA,NA,NA,"BID-AF2017-0047-NAC",NA,NA,NA,3,NA,NA,NA,NA,NA,NA,NA,NA,NA,NA,"Gillnet",NA,NA,NA,"Foz do Rio de Laga",NA,519.7,NA,NA,NA,NA,NA,NA,NA,NA,NA,"Lichinga","Indeterminate",NA,NA,NA,NA,NA,NA,NA,NA,NA,NA,NA,NA,NA,NA,NA,NA,NA,"BID",NA,NA,NA,NA,NA,NA,NA,NA,NA,NA,NA,NA,NA,NA,NA,NA,NA,NA,NA,NA,NA,NA,NA,NA,NA,"Manual locality search",NA,NA,NA,NA,NA,NA,NA,NA,NA,NA,NA,NA,NA,NA,NA,NA,NA,NA,NA,NA,NA,NA,NA,NA,NA,NA,NA,NA,"Lake","Lake Malawi",28951795749.1886,"Enteromius litamba"
"1883342948","Enteromius litamba (Keilhack, 1908)",-13.386,34.8556,"osiic","9c2cc134-5b4c-497a-8445-c45610722317","7bc628b1-114a-41e0-b0db-b81170b0d2a1","e0f2d99d-f183-469a-adb1-f321a3c4609f","7d77970a-28ba-43e3-9dc8-de37db3e1894","MZ","EML","2025-01-23T18:33:42.052+00:00","2025-01-31T23:45:17.527+00:00",212,"HUMAN_OBSERVATION","PRESENT",9240381,1,44,1153,7336,2363128,9240381,9240381,"Enteromius litamba (Keilhack, 1908)","Animalia","Chordata","Cypriniformes","Cyprinidae","Enteromius","Enteromius litamba","Enteromius","litamba","SPECIES","ACCEPTED","DD","2018-01-01T00:00:00",15000,"AFRICA","Niassa",2016,12,9,"2016-12-09",344,344,NA,"2025-01-31T23:45:17.527+00:00",NA,"http://creativecommons.org/licenses/by/4.0/legalcode",FALSE,"urn:catalog:IIP:MOZ:Niassa:fish:26052","none","none",FALSE,"Instituto Nacional de Investigação Pesqueira","João Saide","João Saide","WGS84","MZ","none","none","AFRICA","Mozambique","AFRICA",NA,"urn:catalog:IIP:MOZ:Niassa:fish:26052",NA,NA,"1883342948",NA,NA,"urn:catalog:IIP:MOZ:Niassa:fish:26052",NA,NA,"IIP",NA,NA,NA,"Enteromius litamba (Keilhack, 1908)",NA,NA,NA,"BID-AF2017-0047-NAC",NA,NA,NA,1,NA,NA,NA,NA,NA,NA,NA,NA,NA,NA,"Gillnet",NA,NA,NA,"Foz do Rio de Laga",NA,519.7,NA,NA,NA,NA,NA,NA,NA,NA,NA,"Lichinga","Indeterminate",NA,NA,NA,NA,NA,NA,NA,NA,NA,NA,NA,NA,NA,NA,NA,NA,NA,"BID",NA,NA,NA,NA,NA,NA,NA,NA,NA,NA,NA,NA,NA,NA,NA,NA,NA,NA,NA,NA,NA,NA,NA,NA,NA,"Manual locality search",NA,NA,NA,NA,NA,NA,NA,NA,NA,NA,NA,NA,NA,NA,NA,NA,NA,NA,NA,NA,NA,NA,NA,NA,NA,NA,NA,NA,"Lake","Lake Malawi",28951795749.1886,"Enteromius litamba"
"1883337890","Enteromius litamba (Keilhack, 1908)",-12.078,34.8118,"osiic","9c2cc134-5b4c-497a-8445-c45610722317","7bc628b1-114a-41e0-b0db-b81170b0d2a1","e0f2d99d-f183-469a-adb1-f321a3c4609f","7d77970a-28ba-43e3-9dc8-de37db3e1894","MZ","EML","2025-01-23T18:33:42.052+00:00","2025-01-31T23:45:16.805+00:00",212,"HUMAN_OBSERVATION","PRESENT",9240381,1,44,1153,7336,2363128,9240381,9240381,"Enteromius litamba (Keilhack, 1908)","Animalia","Chordata","Cypriniformes","Cyprinidae","Enteromius","Enteromius litamba","Enteromius","litamba","SPECIES","ACCEPTED","DD","2018-01-01T00:00:00",15000,"AFRICA","Niassa",2015,1,5,"2015-01-05",5,5,NA,"2025-01-31T23:45:16.805+00:00",NA,"http://creativecommons.org/licenses/by/4.0/legalcode",FALSE,"urn:catalog:IIP:MOZ:Niassa:fish:21070","none","none",FALSE,"Instituto Nacional de Investigação Pesqueira","Ernesto Cauele","Ernesto Cauele","WGS84","MZ","none","none","AFRICA","Mozambique","AFRICA",NA,"urn:catalog:IIP:MOZ:Niassa:fish:21070",NA,NA,"1883337890",NA,NA,"urn:catalog:IIP:MOZ:Niassa:fish:21070",NA,NA,"IIP",NA,NA,NA,"Enteromius litamba (Keilhack, 1908)",NA,NA,NA,"BID-AF2017-0047-NAC",NA,NA,NA,6,NA,NA,NA,NA,NA,NA,NA,NA,NA,NA,"Gillnet",NA,NA,NA,"Foz do Rio do Lago",NA,480.6,NA,NA,NA,NA,NA,NA,NA,NA,NA,"Lago","Indeterminate",NA,NA,NA,NA,NA,NA,NA,NA,NA,NA,NA,NA,NA,NA,NA,NA,NA,"BID",NA,NA,NA,NA,NA,NA,NA,NA,NA,NA,NA,NA,NA,NA,NA,NA,NA,NA,NA,NA,NA,NA,NA,NA,NA,"Manual locality search",NA,NA,NA,NA,NA,NA,NA,NA,NA,NA,NA,NA,NA,NA,NA,NA,NA,NA,NA,NA,NA,NA,NA,NA,NA,NA,NA,NA,"Lake","Lake Malawi",28951795749.1886,"Enteromius litamba"
"1883337906","Enteromius litamba (Keilhack, 1908)",-12.38,34.7069,"osiic","9c2cc134-5b4c-497a-8445-c45610722317","7bc628b1-114a-41e0-b0db-b81170b0d2a1","e0f2d99d-f183-469a-adb1-f321a3c4609f","7d77970a-28ba-43e3-9dc8-de37db3e1894","MZ","EML","2025-01-23T18:33:42.052+00:00","2025-01-31T23:45:16.701+00:00",212,"HUMAN_OBSERVATION","PRESENT",9240381,1,44,1153,7336,2363128,9240381,9240381,"Enteromius litamba (Keilhack, 1908)","Animalia","Chordata","Cypriniformes","Cyprinidae","Enteromius","Enteromius litamba","Enteromius","litamba","SPECIES","ACCEPTED","DD","2018-01-01T00:00:00",15000,"AFRICA","Niassa",2015,1,6,"2015-01-06",6,6,NA,"2025-01-31T23:45:16.701+00:00",NA,"http://creativecommons.org/licenses/by/4.0/legalcode",FALSE,"urn:catalog:IIP:MOZ:Niassa:fish:21105","none","none",FALSE,"Instituto Nacional de Investigação Pesqueira","Estevão Juma","Estevão Juma","WGS84","MZ","none","none","AFRICA","Mozambique","AFRICA",NA,"urn:catalog:IIP:MOZ:Niassa:fish:21105",NA,NA,"1883337906",NA,NA,"urn:catalog:IIP:MOZ:Niassa:fish:21105",NA,NA,"IIP",NA,NA,NA,"Enteromius litamba (Keilhack, 1908)",NA,NA,NA,"BID-AF2017-0047-NAC",NA,NA,NA,1,NA,NA,NA,NA,NA,NA,NA,NA,NA,NA,"Gillnet",NA,NA,NA,"Foz do Rio do Lago",NA,479.3,NA,NA,NA,NA,NA,NA,NA,NA,NA,"Lago","Indeterminate",NA,NA,NA,NA,NA,NA,NA,NA,NA,NA,NA,NA,NA,NA,NA,NA,NA,"BID",NA,NA,NA,NA,NA,NA,NA,NA,NA,NA,NA,NA,NA,NA,NA,NA,NA,NA,NA,NA,NA,NA,NA,NA,NA,"Manual locality search",NA,NA,NA,NA,NA,NA,NA,NA,NA,NA,NA,NA,NA,NA,NA,NA,NA,NA,NA,NA,NA,NA,NA,NA,NA,NA,NA,NA,"Lake","Lake Malawi",28951795749.1886,"Enteromius litamba"
"1883338085","Enteromius litamba (Keilhack, 1908)",-12.078,34.8118,"osiic","9c2cc134-5b4c-497a-8445-c45610722317","7bc628b1-114a-41e0-b0db-b81170b0d2a1","e0f2d99d-f183-469a-adb1-f321a3c4609f","7d77970a-28ba-43e3-9dc8-de37db3e1894","MZ","EML","2025-01-23T18:33:42.052+00:00","2025-01-31T23:45:16.751+00:00",212,"HUMAN_OBSERVATION","PRESENT",9240381,1,44,1153,7336,2363128,9240381,9240381,"Enteromius litamba (Keilhack, 1908)","Animalia","Chordata","Cypriniformes","Cyprinidae","Enteromius","Enteromius litamba","Enteromius","litamba","SPECIES","ACCEPTED","DD","2018-01-01T00:00:00",15000,"AFRICA","Niassa",2015,1,15,"2015-01-15",15,15,NA,"2025-01-31T23:45:16.751+00:00",NA,"http://creativecommons.org/licenses/by/4.0/legalcode",FALSE,"urn:catalog:IIP:MOZ:Niassa:fish:21206","none","none",FALSE,"Instituto Nacional de Investigação Pesqueira","Ernesto Cauele","Ernesto Cauele","WGS84","MZ","none","none","AFRICA","Mozambique","AFRICA",NA,"urn:catalog:IIP:MOZ:Niassa:fish:21206",NA,NA,"1883338085",NA,NA,"urn:catalog:IIP:MOZ:Niassa:fish:21206",NA,NA,"IIP",NA,NA,NA,"Enteromius litamba (Keilhack, 1908)",NA,NA,NA,"BID-AF2017-0047-NAC",NA,NA,NA,11,NA,NA,NA,NA,NA,NA,NA,NA,NA,NA,"Gillnet",NA,NA,NA,"Foz do Rio do Lago",NA,480.6,NA,NA,NA,NA,NA,NA,NA,NA,NA,"Lago","Indeterminate",NA,NA,NA,NA,NA,NA,NA,NA,NA,NA,NA,NA,NA,NA,NA,NA,NA,"BID",NA,NA,NA,NA,NA,NA,NA,NA,NA,NA,NA,NA,NA,NA,NA,NA,NA,NA,NA,NA,NA,NA,NA,NA,NA,"Manual locality search",NA,NA,NA,NA,NA,NA,NA,NA,NA,NA,NA,NA,NA,NA,NA,NA,NA,NA,NA,NA,NA,NA,NA,NA,NA,NA,NA,NA,"Lake","Lake Malawi",28951795749.1886,"Enteromius litamba"
"1883338175","Enteromius litamba (Keilhack, 1908)",-12.467,34.7004,"osiic","9c2cc134-5b4c-497a-8445-c45610722317","7bc628b1-114a-41e0-b0db-b81170b0d2a1","e0f2d99d-f183-469a-adb1-f321a3c4609f","7d77970a-28ba-43e3-9dc8-de37db3e1894","MZ","EML","2025-01-23T18:33:42.052+00:00","2025-01-31T23:45:16.960+00:00",212,"HUMAN_OBSERVATION","PRESENT",9240381,1,44,1153,7336,2363128,9240381,9240381,"Enteromius litamba (Keilhack, 1908)","Animalia","Chordata","Cypriniformes","Cyprinidae","Enteromius","Enteromius litamba","Enteromius","litamba","SPECIES","ACCEPTED","DD","2018-01-01T00:00:00",15000,"AFRICA","Niassa",2015,1,27,"2015-01-27",27,27,NA,"2025-01-31T23:45:16.960+00:00",NA,"http://creativecommons.org/licenses/by/4.0/legalcode",FALSE,"urn:catalog:IIP:MOZ:Niassa:fish:21330","none","none",FALSE,"Instituto Nacional de Investigação Pesqueira","Estevão Juma","Estevão Juma","WGS84","MZ","none","none","AFRICA","Mozambique","AFRICA",NA,"urn:catalog:IIP:MOZ:Niassa:fish:21330",NA,NA,"1883338175",NA,NA,"urn:catalog:IIP:MOZ:Niassa:fish:21330",NA,NA,"IIP",NA,NA,NA,"Enteromius litamba (Keilhack, 1908)",NA,NA,NA,"BID-AF2017-0047-NAC",NA,NA,NA,3,NA,NA,NA,NA,NA,NA,NA,NA,NA,NA,"Gillnet",NA,NA,NA,"Lago Aberto do Lago",NA,478,NA,NA,NA,NA,NA,NA,NA,NA,NA,"Lago","Indeterminate",NA,NA,NA,NA,NA,NA,NA,NA,NA,NA,NA,NA,NA,NA,NA,NA,NA,"BID",NA,NA,NA,NA,NA,NA,NA,NA,NA,NA,NA,NA,NA,NA,NA,NA,NA,NA,NA,NA,NA,NA,NA,NA,NA,"Manual locality search",NA,NA,NA,NA,NA,NA,NA,NA,NA,NA,NA,NA,NA,NA,NA,NA,NA,NA,NA,NA,NA,NA,NA,NA,NA,NA,NA,NA,"Lake","Lake Malawi",28951795749.1886,"Enteromius litamba"
"1883338902","Enteromius litamba (Keilhack, 1908)",-13.386,34.8556,"osiic","9c2cc134-5b4c-497a-8445-c45610722317","7bc628b1-114a-41e0-b0db-b81170b0d2a1","e0f2d99d-f183-469a-adb1-f321a3c4609f","7d77970a-28ba-43e3-9dc8-de37db3e1894","MZ","EML","2025-01-23T18:33:42.052+00:00","2025-01-31T23:45:17.024+00:00",212,"HUMAN_OBSERVATION","PRESENT",9240381,1,44,1153,7336,2363128,9240381,9240381,"Enteromius litamba (Keilhack, 1908)","Animalia","Chordata","Cypriniformes","Cyprinidae","Enteromius","Enteromius litamba","Enteromius","litamba","SPECIES","ACCEPTED","DD","2018-01-01T00:00:00",15000,"AFRICA","Niassa",2015,3,30,"2015-03-30",89,89,NA,"2025-01-31T23:45:17.024+00:00",NA,"http://creativecommons.org/licenses/by/4.0/legalcode",FALSE,"urn:catalog:IIP:MOZ:Niassa:fish:21962","none","none",FALSE,"Instituto Nacional de Investigação Pesqueira","João Saide","João Saide","WGS84","MZ","none","none","AFRICA","Mozambique","AFRICA",NA,"urn:catalog:IIP:MOZ:Niassa:fish:21962",NA,NA,"1883338902",NA,NA,"urn:catalog:IIP:MOZ:Niassa:fish:21962",NA,NA,"IIP",NA,NA,NA,"Enteromius litamba (Keilhack, 1908)",NA,NA,NA,"BID-AF2017-0047-NAC",NA,NA,NA,1,NA,NA,NA,NA,NA,NA,NA,NA,NA,NA,"Gillnet",NA,NA,NA,"Foz do Rio de Laga",NA,519.7,NA,NA,NA,NA,NA,NA,NA,NA,NA,"Lichinga","Indeterminate",NA,NA,NA,NA,NA,NA,NA,NA,NA,NA,NA,NA,NA,NA,NA,NA,NA,"BID",NA,NA,NA,NA,NA,NA,NA,NA,NA,NA,NA,NA,NA,NA,NA,NA,NA,NA,NA,NA,NA,NA,NA,NA,NA,"Manual locality search",NA,NA,NA,NA,NA,NA,NA,NA,NA,NA,NA,NA,NA,NA,NA,NA,NA,NA,NA,NA,NA,NA,NA,NA,NA,NA,NA,NA,"Lake","Lake Malawi",28951795749.1886,"Enteromius litamba"
"1883338884","Enteromius litamba (Keilhack, 1908)",-12.078,34.8118,"osiic","9c2cc134-5b4c-497a-8445-c45610722317","7bc628b1-114a-41e0-b0db-b81170b0d2a1","e0f2d99d-f183-469a-adb1-f321a3c4609f","7d77970a-28ba-43e3-9dc8-de37db3e1894","MZ","EML","2025-01-23T18:33:42.052+00:00","2025-01-31T23:45:18.183+00:00",212,"HUMAN_OBSERVATION","PRESENT",9240381,1,44,1153,7336,2363128,9240381,9240381,"Enteromius litamba (Keilhack, 1908)","Animalia","Chordata","Cypriniformes","Cyprinidae","Enteromius","Enteromius litamba","Enteromius","litamba","SPECIES","ACCEPTED","DD","2018-01-01T00:00:00",15000,"AFRICA","Niassa",2015,4,9,"2015-04-09",99,99,NA,"2025-01-31T23:45:18.183+00:00",NA,"http://creativecommons.org/licenses/by/4.0/legalcode",FALSE,"urn:catalog:IIP:MOZ:Niassa:fish:22047","none","none",FALSE,"Instituto Nacional de Investigação Pesqueira","Ernesto Cauele","Ernesto Cauele","WGS84","MZ","none","none","AFRICA","Mozambique","AFRICA",NA,"urn:catalog:IIP:MOZ:Niassa:fish:22047",NA,NA,"1883338884",NA,NA,"urn:catalog:IIP:MOZ:Niassa:fish:22047",NA,NA,"IIP",NA,NA,NA,"Enteromius litamba (Keilhack, 1908)",NA,NA,NA,"BID-AF2017-0047-NAC",NA,NA,NA,6,NA,NA,NA,NA,NA,NA,NA,NA,NA,NA,"Gillnet",NA,NA,NA,"Foz do Rio do Lago",NA,480.6,NA,NA,NA,NA,NA,NA,NA,NA,NA,"Lago","Indeterminate",NA,NA,NA,NA,NA,NA,NA,NA,NA,NA,NA,NA,NA,NA,NA,NA,NA,"BID",NA,NA,NA,NA,NA,NA,NA,NA,NA,NA,NA,NA,NA,NA,NA,NA,NA,NA,NA,NA,NA,NA,NA,NA,NA,"Manual locality search",NA,NA,NA,NA,NA,NA,NA,NA,NA,NA,NA,NA,NA,NA,NA,NA,NA,NA,NA,NA,NA,NA,NA,NA,NA,NA,NA,NA,"Lake","Lake Malawi",28951795749.1886,"Enteromius litamba"
"2619878536","Enteromius trimaculatus (Peters, 1852)",-10.531,34.572,"cdc","50c9509d-22c7-4a22-a47d-8c48425ef4a7","28eb1a3f-1c15-4a95-931a-4af90ecb574d","997448a8-f762-11e1-a439-00145eb45e9a","28eb1a3f-1c15-4a95-931a-4af90ecb574d","GB","DWC_ARCHIVE","2025-03-04T19:59:57.055+00:00","2025-03-07T12:18:37.066+00:00",521,"HUMAN_OBSERVATION","PRESENT",9331420,1,44,1153,7336,2363128,9331420,9331420,"Enteromius trimaculatus (Peters, 1852)","Animalia","Chordata","Cypriniformes","Cyprinidae","Enteromius","Enteromius trimaculatus","Enteromius","trimaculatus","SPECIES","ACCEPTED","LC","2020-04-02T12:29:37",NA,"AFRICA","Njombe",2015,7,31,"2015-07-31T11:05",212,212,"2021-05-03T19:59:12.000+00:00","2025-03-07T12:18:37.066+00:00","https://www.inaturalist.org/observations/41158156","http://creativecommons.org/licenses/by/4.0/legalcode",FALSE,"41158156","none","none",FALSE,"iNaturalist research-grade observations","tilapiamap","tilapiamap","WGS84","TZ","none","none","AFRICA","Tanzania, United Republic of","EUROPE","tilapiamap","41158156","tilapiamap","2015/07/31 11:05 AM +0100","2619878536","Ludewa, Tanzania","Observations","https://www.inaturalist.org/observations/41158156","612907","41158156","iNaturalist","11:05:00+02:00","wild","93240529","Enteromius trimaculatus (Peters, 1852)",NA,NA,NA,NA,"T8J7",NA,NA,NA,NA,NA,NA,NA,NA,NA,NA,NA,NA,NA,NA,NA,NA,NA,NA,NA,NA,NA,NA,NA,NA,NA,NA,NA,NA,NA,NA,NA,NA,NA,NA,NA,NA,NA,NA,NA,NA,NA,NA,NA,NA,NA,NA,NA,NA,NA,NA,NA,NA,NA,NA,NA,NA,NA,NA,NA,NA,NA,NA,NA,NA,NA,NA,NA,NA,NA,NA,NA,NA,NA,NA,NA,NA,NA,NA,NA,NA,NA,NA,NA,NA,NA,NA,NA,NA,NA,NA,NA,NA,NA,NA,NA,NA,NA,NA,NA,NA,NA,NA,NA,"Lake","Lake Malawi",28951795749.1886,"Enteromius trimaculatus"
"2619872564","Enteromius trimaculatus (Peters, 1852)",-10.531,34.572,"cdc","50c9509d-22c7-4a22-a47d-8c48425ef4a7","28eb1a3f-1c15-4a95-931a-4af90ecb574d","997448a8-f762-11e1-a439-00145eb45e9a","28eb1a3f-1c15-4a95-931a-4af90ecb574d","GB","DWC_ARCHIVE","2025-03-04T19:59:57.055+00:00","2025-03-07T17:28:12.880+00:00",521,"HUMAN_OBSERVATION","PRESENT",9331420,1,44,1153,7336,2363128,9331420,9331420,"Enteromius trimaculatus (Peters, 1852)","Animalia","Chordata","Cypriniformes","Cyprinidae","Enteromius","Enteromius trimaculatus","Enteromius","trimaculatus","SPECIES","ACCEPTED","LC","2020-04-02T12:29:39",NA,"AFRICA","Njombe",2015,7,31,"2015-07-31T11:05",212,212,"2021-05-03T19:59:12.000+00:00","2025-03-07T17:28:12.880+00:00","https://www.inaturalist.org/observations/41158157","http://creativecommons.org/licenses/by/4.0/legalcode",FALSE,"41158157","none","none",FALSE,"iNaturalist research-grade observations","tilapiamap","tilapiamap","WGS84","TZ","none","none","AFRICA","Tanzania, United Republic of","EUROPE","tilapiamap","41158157","tilapiamap","2015/07/31 11:05 AM +0100","2619872564","Ludewa, Tanzania","Observations","https://www.inaturalist.org/observations/41158157","612907","41158157","iNaturalist","11:05:00+02:00","wild","93240531","Enteromius trimaculatus (Peters, 1852)",NA,NA,NA,NA,"T8J8",NA,NA,NA,NA,NA,NA,NA,NA,NA,NA,NA,NA,NA,NA,NA,NA,NA,NA,NA,NA,NA,NA,NA,NA,NA,NA,NA,NA,NA,NA,NA,NA,NA,NA,NA,NA,NA,NA,NA,NA,NA,NA,NA,NA,NA,NA,NA,NA,NA,NA,NA,NA,NA,NA,NA,NA,NA,NA,NA,NA,NA,NA,NA,NA,NA,NA,NA,NA,NA,NA,NA,NA,NA,NA,NA,NA,NA,NA,NA,NA,NA,NA,NA,NA,NA,NA,NA,NA,NA,NA,NA,NA,NA,NA,NA,NA,NA,NA,NA,NA,NA,NA,NA,"Lake","Lake Malawi",28951795749.1886,"Enteromius trimaculatus"
"2619872568","Enteromius paludinosus (Peters, 1852)",-10.531,34.572,"cdc","50c9509d-22c7-4a22-a47d-8c48425ef4a7","28eb1a3f-1c15-4a95-931a-4af90ecb574d","997448a8-f762-11e1-a439-00145eb45e9a","28eb1a3f-1c15-4a95-931a-4af90ecb574d","GB","DWC_ARCHIVE","2025-03-04T19:59:57.055+00:00","2025-03-07T12:18:41.049+00:00",521,"HUMAN_OBSERVATION","PRESENT",9264695,1,44,1153,7336,2363128,9264695,9264695,"Enteromius paludinosus (Peters, 1852)","Animalia","Chordata","Cypriniformes","Cyprinidae","Enteromius","Enteromius paludinosus","Enteromius","paludinosus","SPECIES","ACCEPTED","LC","2020-04-03T08:15:23",NA,"AFRICA","Njombe",2015,7,31,"2015-07-31T18:11",212,212,"2021-05-03T19:59:12.000+00:00","2025-03-07T12:18:41.049+00:00","https://www.inaturalist.org/observations/41239931","http://creativecommons.org/licenses/by/4.0/legalcode",FALSE,"41239931","none","none",FALSE,"iNaturalist research-grade observations","tilapiamap","tilapiamap","WGS84","TZ","none","none","AFRICA","Tanzania, United Republic of","EUROPE","tilapiamap","41239931","tilapiamap","2015/07/31 6:11 PM +0100","2619872568","Ludewa, Tanzania","Observations","https://www.inaturalist.org/observations/41239931","612855","41239931","iNaturalist","18:11:00+02:00","wild","93389410","Enteromius paludinosus (Peters, 1852)",NA,NA,NA,NA,"T8J9",NA,NA,NA,NA,NA,NA,NA,NA,NA,NA,NA,NA,NA,NA,NA,NA,NA,NA,NA,NA,NA,NA,NA,NA,NA,NA,NA,NA,NA,NA,NA,NA,NA,NA,NA,NA,NA,NA,NA,NA,NA,NA,NA,NA,NA,NA,NA,NA,NA,NA,NA,NA,NA,NA,NA,NA,NA,NA,NA,NA,NA,NA,NA,NA,NA,NA,NA,NA,NA,NA,NA,NA,NA,NA,NA,NA,NA,NA,NA,NA,NA,NA,NA,NA,NA,NA,NA,NA,NA,NA,NA,NA,NA,NA,NA,NA,NA,NA,NA,NA,NA,NA,NA,"Lake","Lake Malawi",28951795749.1886,"Enteromius paludinosus"
"2619928632","Enteromius paludinosus (Peters, 1852)",-10.531,34.572,"cdc","50c9509d-22c7-4a22-a47d-8c48425ef4a7","28eb1a3f-1c15-4a95-931a-4af90ecb574d","997448a8-f762-11e1-a439-00145eb45e9a","28eb1a3f-1c15-4a95-931a-4af90ecb574d","GB","DWC_ARCHIVE","2025-03-04T19:59:57.055+00:00","2025-03-07T17:28:17.400+00:00",521,"HUMAN_OBSERVATION","PRESENT",9264695,1,44,1153,7336,2363128,9264695,9264695,"Enteromius paludinosus (Peters, 1852)","Animalia","Chordata","Cypriniformes","Cyprinidae","Enteromius","Enteromius paludinosus","Enteromius","paludinosus","SPECIES","ACCEPTED","LC","2020-04-03T08:15:29",NA,"AFRICA","Njombe",2015,7,31,"2015-07-31T18:11",212,212,"2021-05-03T19:59:12.000+00:00","2025-03-07T17:28:17.400+00:00","https://www.inaturalist.org/observations/41239934","http://creativecommons.org/licenses/by/4.0/legalcode",FALSE,"41239934","none","none",FALSE,"iNaturalist research-grade observations","tilapiamap","tilapiamap","WGS84","TZ","none","none","AFRICA","Tanzania, United Republic of","EUROPE","tilapiamap","41239934","tilapiamap","2015/07/31 6:11 PM +0100","2619928632","Ludewa, Tanzania","Observations","https://www.inaturalist.org/observations/41239934","612855","41239934","iNaturalist","18:11:00+02:00","wild","93389416","Enteromius paludinosus (Peters, 1852)",NA,NA,NA,NA,"T8J10",NA,NA,NA,NA,NA,NA,NA,NA,NA,NA,NA,NA,NA,NA,NA,NA,NA,NA,NA,NA,NA,NA,NA,NA,NA,NA,NA,NA,NA,NA,NA,NA,NA,NA,NA,NA,NA,NA,NA,NA,NA,NA,NA,NA,NA,NA,NA,NA,NA,NA,NA,NA,NA,NA,NA,NA,NA,NA,NA,NA,NA,NA,NA,NA,NA,NA,NA,NA,NA,NA,NA,NA,NA,NA,NA,NA,NA,NA,NA,NA,NA,NA,NA,NA,NA,NA,NA,NA,NA,NA,NA,NA,NA,NA,NA,NA,NA,NA,NA,NA,NA,NA,NA,"Lake","Lake Malawi",28951795749.1886,"Enteromius paludinosus"
"1883339609","Enteromius litamba (Keilhack, 1908)",-12.451,34.6972,"osiic","9c2cc134-5b4c-497a-8445-c45610722317","7bc628b1-114a-41e0-b0db-b81170b0d2a1","e0f2d99d-f183-469a-adb1-f321a3c4609f","7d77970a-28ba-43e3-9dc8-de37db3e1894","MZ","EML","2025-01-23T18:33:42.052+00:00","2025-01-31T23:45:14.820+00:00",212,"HUMAN_OBSERVATION","PRESENT",9240381,1,44,1153,7336,2363128,9240381,9240381,"Enteromius litamba (Keilhack, 1908)","Animalia","Chordata","Cypriniformes","Cyprinidae","Enteromius","Enteromius litamba","Enteromius","litamba","SPECIES","ACCEPTED","DD","2018-01-01T00:00:00",15000,"AFRICA","Niassa",2015,7,27,"2015-07-27",208,208,NA,"2025-01-31T23:45:14.820+00:00",NA,"http://creativecommons.org/licenses/by/4.0/legalcode",FALSE,"urn:catalog:IIP:MOZ:Niassa:fish:22809","none","none",FALSE,"Instituto Nacional de Investigação Pesqueira","Estevão Juma","Estevão Juma","WGS84","MZ","none","none","AFRICA","Mozambique","AFRICA",NA,"urn:catalog:IIP:MOZ:Niassa:fish:22809",NA,NA,"1883339609",NA,NA,"urn:catalog:IIP:MOZ:Niassa:fish:22809",NA,NA,"IIP",NA,NA,NA,"Enteromius litamba (Keilhack, 1908)",NA,NA,NA,"BID-AF2017-0047-NAC",NA,NA,NA,2,NA,NA,NA,NA,NA,NA,NA,NA,NA,NA,"Gillnet",NA,NA,NA,"Lago Aberto do Lago",NA,477.9,NA,NA,NA,NA,NA,NA,NA,NA,NA,"Lago","Indeterminate",NA,NA,NA,NA,NA,NA,NA,NA,NA,NA,NA,NA,NA,NA,NA,NA,NA,"BID",NA,NA,NA,NA,NA,NA,NA,NA,NA,NA,NA,NA,NA,NA,NA,NA,NA,NA,NA,NA,NA,NA,NA,NA,NA,"Manual locality search",NA,NA,NA,NA,NA,NA,NA,NA,NA,NA,NA,NA,NA,NA,NA,NA,NA,NA,NA,NA,NA,NA,NA,NA,NA,NA,NA,NA,"Lake","Lake Malawi",28951795749.1886,"Enteromius litamba"
"1883340176","Enteromius litamba (Keilhack, 1908)",-12.078,34.8118,"osiic","9c2cc134-5b4c-497a-8445-c45610722317","7bc628b1-114a-41e0-b0db-b81170b0d2a1","e0f2d99d-f183-469a-adb1-f321a3c4609f","7d77970a-28ba-43e3-9dc8-de37db3e1894","MZ","EML","2025-01-23T18:33:42.052+00:00","2025-01-31T23:45:16.510+00:00",212,"HUMAN_OBSERVATION","PRESENT",9240381,1,44,1153,7336,2363128,9240381,9240381,"Enteromius litamba (Keilhack, 1908)","Animalia","Chordata","Cypriniformes","Cyprinidae","Enteromius","Enteromius litamba","Enteromius","litamba","SPECIES","ACCEPTED","DD","2018-01-01T00:00:00",15000,"AFRICA","Niassa",2015,10,14,"2015-10-14",287,287,NA,"2025-01-31T23:45:16.510+00:00",NA,"http://creativecommons.org/licenses/by/4.0/legalcode",FALSE,"urn:catalog:IIP:MOZ:Niassa:fish:23328","none","none",FALSE,"Instituto Nacional de Investigação Pesqueira","Ernesto Cauele","Ernesto Cauele","WGS84","MZ","none","none","AFRICA","Mozambique","AFRICA",NA,"urn:catalog:IIP:MOZ:Niassa:fish:23328",NA,NA,"1883340176",NA,NA,"urn:catalog:IIP:MOZ:Niassa:fish:23328",NA,NA,"IIP",NA,NA,NA,"Enteromius litamba (Keilhack, 1908)",NA,NA,NA,"BID-AF2017-0047-NAC",NA,NA,NA,5,NA,NA,NA,NA,NA,NA,NA,NA,NA,NA,"Gillnet",NA,NA,NA,"Foz do Rio do Lago",NA,480.6,NA,NA,NA,NA,NA,NA,NA,NA,NA,"Lago","Indeterminate",NA,NA,NA,NA,NA,NA,NA,NA,NA,NA,NA,NA,NA,NA,NA,NA,NA,"BID",NA,NA,NA,NA,NA,NA,NA,NA,NA,NA,NA,NA,NA,NA,NA,NA,NA,NA,NA,NA,NA,NA,NA,NA,NA,"Manual locality search",NA,NA,NA,NA,NA,NA,NA,NA,NA,NA,NA,NA,NA,NA,NA,NA,NA,NA,NA,NA,NA,NA,NA,NA,NA,NA,NA,NA,"Lake","Lake Malawi",28951795749.1886,"Enteromius litamba"
"1883340526","Enteromius litamba (Keilhack, 1908)",-12.078,34.8118,"osiic","9c2cc134-5b4c-497a-8445-c45610722317","7bc628b1-114a-41e0-b0db-b81170b0d2a1","e0f2d99d-f183-469a-adb1-f321a3c4609f","7d77970a-28ba-43e3-9dc8-de37db3e1894","MZ","EML","2025-01-23T18:33:42.052+00:00","2025-01-31T23:45:16.799+00:00",212,"HUMAN_OBSERVATION","PRESENT",9240381,1,44,1153,7336,2363128,9240381,9240381,"Enteromius litamba (Keilhack, 1908)","Animalia","Chordata","Cypriniformes","Cyprinidae","Enteromius","Enteromius litamba","Enteromius","litamba","SPECIES","ACCEPTED","DD","2018-01-01T00:00:00",15000,"AFRICA","Niassa",2015,12,7,"2015-12-07",341,341,NA,"2025-01-31T23:45:16.799+00:00",NA,"http://creativecommons.org/licenses/by/4.0/legalcode",FALSE,"urn:catalog:IIP:MOZ:Niassa:fish:23697","none","none",FALSE,"Instituto Nacional de Investigação Pesqueira","Ernesto Cauele","Ernesto Cauele","WGS84","MZ","none","none","AFRICA","Mozambique","AFRICA",NA,"urn:catalog:IIP:MOZ:Niassa:fish:23697",NA,NA,"1883340526",NA,NA,"urn:catalog:IIP:MOZ:Niassa:fish:23697",NA,NA,"IIP",NA,NA,NA,"Enteromius litamba (Keilhack, 1908)",NA,NA,NA,"BID-AF2017-0047-NAC",NA,NA,NA,7,NA,NA,NA,NA,NA,NA,NA,NA,NA,NA,"Gillnet",NA,NA,NA,"Foz do Rio do Lago",NA,480.6,NA,NA,NA,NA,NA,NA,NA,NA,NA,"Lago","Indeterminate",NA,NA,NA,NA,NA,NA,NA,NA,NA,NA,NA,NA,NA,NA,NA,NA,NA,"BID",NA,NA,NA,NA,NA,NA,NA,NA,NA,NA,NA,NA,NA,NA,NA,NA,NA,NA,NA,NA,NA,NA,NA,NA,NA,"Manual locality search",NA,NA,NA,NA,NA,NA,NA,NA,NA,NA,NA,NA,NA,NA,NA,NA,NA,NA,NA,NA,NA,NA,NA,NA,NA,NA,NA,NA,"Lake","Lake Malawi",28951795749.1886,"Enteromius litamba"
"1883340645","Enteromius litamba (Keilhack, 1908)",-12.078,34.8118,"osiic","9c2cc134-5b4c-497a-8445-c45610722317","7bc628b1-114a-41e0-b0db-b81170b0d2a1","e0f2d99d-f183-469a-adb1-f321a3c4609f","7d77970a-28ba-43e3-9dc8-de37db3e1894","MZ","EML","2025-01-23T18:33:42.052+00:00","2025-01-31T23:45:16.711+00:00",212,"HUMAN_OBSERVATION","PRESENT",9240381,1,44,1153,7336,2363128,9240381,9240381,"Enteromius litamba (Keilhack, 1908)","Animalia","Chordata","Cypriniformes","Cyprinidae","Enteromius","Enteromius litamba","Enteromius","litamba","SPECIES","ACCEPTED","DD","2018-01-01T00:00:00",15000,"AFRICA","Niassa",2015,12,17,"2015-12-17",351,351,NA,"2025-01-31T23:45:16.711+00:00",NA,"http://creativecommons.org/licenses/by/4.0/legalcode",FALSE,"urn:catalog:IIP:MOZ:Niassa:fish:23785","none","none",FALSE,"Instituto Nacional de Investigação Pesqueira","Ernesto Cauele","Ernesto Cauele","WGS84","MZ","none","none","AFRICA","Mozambique","AFRICA",NA,"urn:catalog:IIP:MOZ:Niassa:fish:23785",NA,NA,"1883340645",NA,NA,"urn:catalog:IIP:MOZ:Niassa:fish:23785",NA,NA,"IIP",NA,NA,NA,"Enteromius litamba (Keilhack, 1908)",NA,NA,NA,"BID-AF2017-0047-NAC",NA,NA,NA,6,NA,NA,NA,NA,NA,NA,NA,NA,NA,NA,"Gillnet",NA,NA,NA,"Foz do Rio do Lago",NA,480.6,NA,NA,NA,NA,NA,NA,NA,NA,NA,"Lago","Indeterminate",NA,NA,NA,NA,NA,NA,NA,NA,NA,NA,NA,NA,NA,NA,NA,NA,NA,"BID",NA,NA,NA,NA,NA,NA,NA,NA,NA,NA,NA,NA,NA,NA,NA,NA,NA,NA,NA,NA,NA,NA,NA,NA,NA,"Manual locality search",NA,NA,NA,NA,NA,NA,NA,NA,NA,NA,NA,NA,NA,NA,NA,NA,NA,NA,NA,NA,NA,NA,NA,NA,NA,NA,NA,NA,"Lake","Lake Malawi",28951795749.1886,"Enteromius litamba"
"1883340632","Enteromius litamba (Keilhack, 1908)",-13.386,34.8556,"osiic","9c2cc134-5b4c-497a-8445-c45610722317","7bc628b1-114a-41e0-b0db-b81170b0d2a1","e0f2d99d-f183-469a-adb1-f321a3c4609f","7d77970a-28ba-43e3-9dc8-de37db3e1894","MZ","EML","2025-01-23T18:33:42.052+00:00","2025-01-31T23:45:16.736+00:00",212,"HUMAN_OBSERVATION","PRESENT",9240381,1,44,1153,7336,2363128,9240381,9240381,"Enteromius litamba (Keilhack, 1908)","Animalia","Chordata","Cypriniformes","Cyprinidae","Enteromius","Enteromius litamba","Enteromius","litamba","SPECIES","ACCEPTED","DD","2018-01-01T00:00:00",15000,"AFRICA","Niassa",2015,12,18,"2015-12-18",352,352,NA,"2025-01-31T23:45:16.736+00:00",NA,"http://creativecommons.org/licenses/by/4.0/legalcode",FALSE,"urn:catalog:IIP:MOZ:Niassa:fish:23804","none","none",FALSE,"Instituto Nacional de Investigação Pesqueira","João Saide","João Saide","WGS84","MZ","none","none","AFRICA","Mozambique","AFRICA",NA,"urn:catalog:IIP:MOZ:Niassa:fish:23804",NA,NA,"1883340632",NA,NA,"urn:catalog:IIP:MOZ:Niassa:fish:23804",NA,NA,"IIP",NA,NA,NA,"Enteromius litamba (Keilhack, 1908)",NA,NA,NA,"BID-AF2017-0047-NAC",NA,NA,NA,1,NA,NA,NA,NA,NA,NA,NA,NA,NA,NA,"Gillnet",NA,NA,NA,"Foz do Rio de Laga",NA,519.7,NA,NA,NA,NA,NA,NA,NA,NA,NA,"Lichinga","Indeterminate",NA,NA,NA,NA,NA,NA,NA,NA,NA,NA,NA,NA,NA,NA,NA,NA,NA,"BID",NA,NA,NA,NA,NA,NA,NA,NA,NA,NA,NA,NA,NA,NA,NA,NA,NA,NA,NA,NA,NA,NA,NA,NA,NA,"Manual locality search",NA,NA,NA,NA,NA,NA,NA,NA,NA,NA,NA,NA,NA,NA,NA,NA,NA,NA,NA,NA,NA,NA,NA,NA,NA,NA,NA,NA,"Lake","Lake Malawi",28951795749.1886,"Enteromius litamba"
"1883340765","Enteromius litamba (Keilhack, 1908)",-13.386,34.8556,"osiic","9c2cc134-5b4c-497a-8445-c45610722317","7bc628b1-114a-41e0-b0db-b81170b0d2a1","e0f2d99d-f183-469a-adb1-f321a3c4609f","7d77970a-28ba-43e3-9dc8-de37db3e1894","MZ","EML","2025-01-23T18:33:42.052+00:00","2025-01-31T23:45:16.741+00:00",212,"HUMAN_OBSERVATION","PRESENT",9240381,1,44,1153,7336,2363128,9240381,9240381,"Enteromius litamba (Keilhack, 1908)","Animalia","Chordata","Cypriniformes","Cyprinidae","Enteromius","Enteromius litamba","Enteromius","litamba","SPECIES","ACCEPTED","DD","2018-01-01T00:00:00",15000,"AFRICA","Niassa",2015,12,23,"2015-12-23",357,357,NA,"2025-01-31T23:45:16.741+00:00",NA,"http://creativecommons.org/licenses/by/4.0/legalcode",FALSE,"urn:catalog:IIP:MOZ:Niassa:fish:23844","none","none",FALSE,"Instituto Nacional de Investigação Pesqueira","João Saide","João Saide","WGS84","MZ","none","none","AFRICA","Mozambique","AFRICA",NA,"urn:catalog:IIP:MOZ:Niassa:fish:23844",NA,NA,"1883340765",NA,NA,"urn:catalog:IIP:MOZ:Niassa:fish:23844",NA,NA,"IIP",NA,NA,NA,"Enteromius litamba (Keilhack, 1908)",NA,NA,NA,"BID-AF2017-0047-NAC",NA,NA,NA,1,NA,NA,NA,NA,NA,NA,NA,NA,NA,NA,"Gillnet",NA,NA,NA,"Foz do Rio de Laga",NA,519.7,NA,NA,NA,NA,NA,NA,NA,NA,NA,"Lichinga","Indeterminate",NA,NA,NA,NA,NA,NA,NA,NA,NA,NA,NA,NA,NA,NA,NA,NA,NA,"BID",NA,NA,NA,NA,NA,NA,NA,NA,NA,NA,NA,NA,NA,NA,NA,NA,NA,NA,NA,NA,NA,NA,NA,NA,NA,"Manual locality search",NA,NA,NA,NA,NA,NA,NA,NA,NA,NA,NA,NA,NA,NA,NA,NA,NA,NA,NA,NA,NA,NA,NA,NA,NA,NA,NA,NA,"Lake","Lake Malawi",28951795749.1886,"Enteromius litamba"
"1883334821","Enteromius litamba (Keilhack, 1908)",-13.419,34.8599,"osiic","9c2cc134-5b4c-497a-8445-c45610722317","7bc628b1-114a-41e0-b0db-b81170b0d2a1","e0f2d99d-f183-469a-adb1-f321a3c4609f","7d77970a-28ba-43e3-9dc8-de37db3e1894","MZ","EML","2025-01-23T18:33:42.052+00:00","2025-01-31T23:45:16.884+00:00",212,"HUMAN_OBSERVATION","PRESENT",9240381,1,44,1153,7336,2363128,9240381,9240381,"Enteromius litamba (Keilhack, 1908)","Animalia","Chordata","Cypriniformes","Cyprinidae","Enteromius","Enteromius litamba","Enteromius","litamba","SPECIES","ACCEPTED","DD","2018-01-01T00:00:00",15000,"AFRICA","Niassa",2014,1,22,"2014-01-22",22,22,NA,"2025-01-31T23:45:16.884+00:00",NA,"http://creativecommons.org/licenses/by/4.0/legalcode",FALSE,"urn:catalog:IIP:MOZ:Niassa:fish:18011","none","none",FALSE,"Instituto Nacional de Investigação Pesqueira","João Saide","João Saide","WGS84","MZ","none","none","AFRICA","Mozambique","AFRICA",NA,"urn:catalog:IIP:MOZ:Niassa:fish:18011",NA,NA,"1883334821",NA,NA,"urn:catalog:IIP:MOZ:Niassa:fish:18011",NA,NA,"IIP",NA,NA,NA,"Enteromius litamba (Keilhack, 1908)",NA,NA,NA,"BID-AF2017-0047-NAC",NA,NA,NA,1,NA,NA,NA,NA,NA,NA,NA,NA,NA,NA,"Gillnet",NA,NA,NA,"Foz do Rio de Laga",NA,475.5,NA,NA,NA,NA,NA,NA,NA,NA,NA,"Lichinga","Indeterminate",NA,NA,NA,NA,NA,NA,NA,NA,NA,NA,NA,NA,NA,NA,NA,NA,NA,"BID",NA,NA,NA,NA,NA,NA,NA,NA,NA,NA,NA,NA,NA,NA,NA,NA,NA,NA,NA,NA,NA,NA,NA,NA,NA,"Manual locality search",NA,NA,NA,NA,NA,NA,NA,NA,NA,NA,NA,NA,NA,NA,NA,NA,NA,NA,NA,NA,NA,NA,NA,NA,NA,NA,NA,NA,"Lake","Lake Malawi",28951795749.1886,"Enteromius litamba"
"1883334962","Enteromius litamba (Keilhack, 1908)",-12.535,34.7363,"osiic","9c2cc134-5b4c-497a-8445-c45610722317","7bc628b1-114a-41e0-b0db-b81170b0d2a1","e0f2d99d-f183-469a-adb1-f321a3c4609f","7d77970a-28ba-43e3-9dc8-de37db3e1894","MZ","EML","2025-01-23T18:33:42.052+00:00","2025-01-31T23:45:16.901+00:00",212,"HUMAN_OBSERVATION","PRESENT",9240381,1,44,1153,7336,2363128,9240381,9240381,"Enteromius litamba (Keilhack, 1908)","Animalia","Chordata","Cypriniformes","Cyprinidae","Enteromius","Enteromius litamba","Enteromius","litamba","SPECIES","ACCEPTED","DD","2018-01-01T00:00:00",15000,"AFRICA","Niassa",2014,1,24,"2014-01-24",24,24,NA,"2025-01-31T23:45:16.901+00:00",NA,"http://creativecommons.org/licenses/by/4.0/legalcode",FALSE,"urn:catalog:IIP:MOZ:Niassa:fish:18056","none","none",FALSE,"Instituto Nacional de Investigação Pesqueira","José Momade","José Momade","WGS84","MZ","none","none","AFRICA","Mozambique","AFRICA",NA,"urn:catalog:IIP:MOZ:Niassa:fish:18056",NA,NA,"1883334962",NA,NA,"urn:catalog:IIP:MOZ:Niassa:fish:18056",NA,NA,"IIP",NA,NA,NA,"Enteromius litamba (Keilhack, 1908)",NA,NA,NA,"BID-AF2017-0047-NAC",NA,NA,NA,1,NA,NA,NA,NA,NA,NA,NA,NA,NA,NA,"Gillnet",NA,NA,NA,"Lago Aberto do Lago",NA,478.4,NA,NA,NA,NA,NA,NA,NA,NA,NA,"Lago","Indeterminate",NA,NA,NA,NA,NA,NA,NA,NA,NA,NA,NA,NA,NA,NA,NA,NA,NA,"BID",NA,NA,NA,NA,NA,NA,NA,NA,NA,NA,NA,NA,NA,NA,NA,NA,NA,NA,NA,NA,NA,NA,NA,NA,NA,"Manual locality search",NA,NA,NA,NA,NA,NA,NA,NA,NA,NA,NA,NA,NA,NA,NA,NA,NA,NA,NA,NA,NA,NA,NA,NA,NA,NA,NA,NA,"Lake","Lake Malawi",28951795749.1886,"Enteromius litamba"
"1883334974","Enteromius litamba (Keilhack, 1908)",-13.386,34.8556,"osiic","9c2cc134-5b4c-497a-8445-c45610722317","7bc628b1-114a-41e0-b0db-b81170b0d2a1","e0f2d99d-f183-469a-adb1-f321a3c4609f","7d77970a-28ba-43e3-9dc8-de37db3e1894","MZ","EML","2025-01-23T18:33:42.052+00:00","2025-01-31T23:45:16.910+00:00",212,"HUMAN_OBSERVATION","PRESENT",9240381,1,44,1153,7336,2363128,9240381,9240381,"Enteromius litamba (Keilhack, 1908)","Animalia","Chordata","Cypriniformes","Cyprinidae","Enteromius","Enteromius litamba","Enteromius","litamba","SPECIES","ACCEPTED","DD","2018-01-01T00:00:00",15000,"AFRICA","Niassa",2014,1,27,"2014-01-27",27,27,NA,"2025-01-31T23:45:16.910+00:00",NA,"http://creativecommons.org/licenses/by/4.0/legalcode",FALSE,"urn:catalog:IIP:MOZ:Niassa:fish:18095","none","none",FALSE,"Instituto Nacional de Investigação Pesqueira","João Saide","João Saide","WGS84","MZ","none","none","AFRICA","Mozambique","AFRICA",NA,"urn:catalog:IIP:MOZ:Niassa:fish:18095",NA,NA,"1883334974",NA,NA,"urn:catalog:IIP:MOZ:Niassa:fish:18095",NA,NA,"IIP",NA,NA,NA,"Enteromius litamba (Keilhack, 1908)",NA,NA,NA,"BID-AF2017-0047-NAC",NA,NA,NA,1,NA,NA,NA,NA,NA,NA,NA,NA,NA,NA,"Gillnet",NA,NA,NA,"Foz do Rio de Laga",NA,519.7,NA,NA,NA,NA,NA,NA,NA,NA,NA,"Lichinga","Indeterminate",NA,NA,NA,NA,NA,NA,NA,NA,NA,NA,NA,NA,NA,NA,NA,NA,NA,"BID",NA,NA,NA,NA,NA,NA,NA,NA,NA,NA,NA,NA,NA,NA,NA,NA,NA,NA,NA,NA,NA,NA,NA,NA,NA,"Manual locality search",NA,NA,NA,NA,NA,NA,NA,NA,NA,NA,NA,NA,NA,NA,NA,NA,NA,NA,NA,NA,NA,NA,NA,NA,NA,NA,NA,NA,"Lake","Lake Malawi",28951795749.1886,"Enteromius litamba"
"1883334983","Enteromius litamba (Keilhack, 1908)",-13.386,34.8556,"osiic","9c2cc134-5b4c-497a-8445-c45610722317","7bc628b1-114a-41e0-b0db-b81170b0d2a1","e0f2d99d-f183-469a-adb1-f321a3c4609f","7d77970a-28ba-43e3-9dc8-de37db3e1894","MZ","EML","2025-01-23T18:33:42.052+00:00","2025-01-31T23:45:17.103+00:00",212,"HUMAN_OBSERVATION","PRESENT",9240381,1,44,1153,7336,2363128,9240381,9240381,"Enteromius litamba (Keilhack, 1908)","Animalia","Chordata","Cypriniformes","Cyprinidae","Enteromius","Enteromius litamba","Enteromius","litamba","SPECIES","ACCEPTED","DD","2018-01-01T00:00:00",15000,"AFRICA","Niassa",2014,1,29,"2014-01-29",29,29,NA,"2025-01-31T23:45:17.103+00:00",NA,"http://creativecommons.org/licenses/by/4.0/legalcode",FALSE,"urn:catalog:IIP:MOZ:Niassa:fish:18125","none","none",FALSE,"Instituto Nacional de Investigação Pesqueira","João Saide","João Saide","WGS84","MZ","none","none","AFRICA","Mozambique","AFRICA",NA,"urn:catalog:IIP:MOZ:Niassa:fish:18125",NA,NA,"1883334983",NA,NA,"urn:catalog:IIP:MOZ:Niassa:fish:18125",NA,NA,"IIP",NA,NA,NA,"Enteromius litamba (Keilhack, 1908)",NA,NA,NA,"BID-AF2017-0047-NAC",NA,NA,NA,2,NA,NA,NA,NA,NA,NA,NA,NA,NA,NA,"Gillnet",NA,NA,NA,"Foz do Rio de Laga",NA,519.7,NA,NA,NA,NA,NA,NA,NA,NA,NA,"Lichinga","Indeterminate",NA,NA,NA,NA,NA,NA,NA,NA,NA,NA,NA,NA,NA,NA,NA,NA,NA,"BID",NA,NA,NA,NA,NA,NA,NA,NA,NA,NA,NA,NA,NA,NA,NA,NA,NA,NA,NA,NA,NA,NA,NA,NA,NA,"Manual locality search",NA,NA,NA,NA,NA,NA,NA,NA,NA,NA,NA,NA,NA,NA,NA,NA,NA,NA,NA,NA,NA,NA,NA,NA,NA,NA,NA,NA,"Lake","Lake Malawi",28951795749.1886,"Enteromius litamba"
"1883335077","Enteromius litamba (Keilhack, 1908)",-13.386,34.8556,"osiic","9c2cc134-5b4c-497a-8445-c45610722317","7bc628b1-114a-41e0-b0db-b81170b0d2a1","e0f2d99d-f183-469a-adb1-f321a3c4609f","7d77970a-28ba-43e3-9dc8-de37db3e1894","MZ","EML","2025-01-23T18:33:42.052+00:00","2025-01-31T23:45:17.136+00:00",212,"HUMAN_OBSERVATION","PRESENT",9240381,1,44,1153,7336,2363128,9240381,9240381,"Enteromius litamba (Keilhack, 1908)","Animalia","Chordata","Cypriniformes","Cyprinidae","Enteromius","Enteromius litamba","Enteromius","litamba","SPECIES","ACCEPTED","DD","2018-01-01T00:00:00",15000,"AFRICA","Niassa",2014,2,7,"2014-02-07",38,38,NA,"2025-01-31T23:45:17.136+00:00",NA,"http://creativecommons.org/licenses/by/4.0/legalcode",FALSE,"urn:catalog:IIP:MOZ:Niassa:fish:18214","none","none",FALSE,"Instituto Nacional de Investigação Pesqueira","João Saide","João Saide","WGS84","MZ","none","none","AFRICA","Mozambique","AFRICA",NA,"urn:catalog:IIP:MOZ:Niassa:fish:18214",NA,NA,"1883335077",NA,NA,"urn:catalog:IIP:MOZ:Niassa:fish:18214",NA,NA,"IIP",NA,NA,NA,"Enteromius litamba (Keilhack, 1908)",NA,NA,NA,"BID-AF2017-0047-NAC",NA,NA,NA,1,NA,NA,NA,NA,NA,NA,NA,NA,NA,NA,"Gillnet",NA,NA,NA,"Foz do Rio de Laga",NA,519.7,NA,NA,NA,NA,NA,NA,NA,NA,NA,"Lichinga","Indeterminate",NA,NA,NA,NA,NA,NA,NA,NA,NA,NA,NA,NA,NA,NA,NA,NA,NA,"BID",NA,NA,NA,NA,NA,NA,NA,NA,NA,NA,NA,NA,NA,NA,NA,NA,NA,NA,NA,NA,NA,NA,NA,NA,NA,"Manual locality search",NA,NA,NA,NA,NA,NA,NA,NA,NA,NA,NA,NA,NA,NA,NA,NA,NA,NA,NA,NA,NA,NA,NA,NA,NA,NA,NA,NA,"Lake","Lake Malawi",28951795749.1886,"Enteromius litamba"
"1883335140","Enteromius litamba (Keilhack, 1908)",-12.38,34.7069,"osiic","9c2cc134-5b4c-497a-8445-c45610722317","7bc628b1-114a-41e0-b0db-b81170b0d2a1","e0f2d99d-f183-469a-adb1-f321a3c4609f","7d77970a-28ba-43e3-9dc8-de37db3e1894","MZ","EML","2025-01-23T18:33:42.052+00:00","2025-01-31T23:45:17.140+00:00",212,"HUMAN_OBSERVATION","PRESENT",9240381,1,44,1153,7336,2363128,9240381,9240381,"Enteromius litamba (Keilhack, 1908)","Animalia","Chordata","Cypriniformes","Cyprinidae","Enteromius","Enteromius litamba","Enteromius","litamba","SPECIES","ACCEPTED","DD","2018-01-01T00:00:00",15000,"AFRICA","Niassa",2014,2,7,"2014-02-07",38,38,NA,"2025-01-31T23:45:17.140+00:00",NA,"http://creativecommons.org/licenses/by/4.0/legalcode",FALSE,"urn:catalog:IIP:MOZ:Niassa:fish:18222","none","none",FALSE,"Instituto Nacional de Investigação Pesqueira","Estevão Juma","Estevão Juma","WGS84","MZ","none","none","AFRICA","Mozambique","AFRICA",NA,"urn:catalog:IIP:MOZ:Niassa:fish:18222",NA,NA,"1883335140",NA,NA,"urn:catalog:IIP:MOZ:Niassa:fish:18222",NA,NA,"IIP",NA,NA,NA,"Enteromius litamba (Keilhack, 1908)",NA,NA,NA,"BID-AF2017-0047-NAC",NA,NA,NA,7,NA,NA,NA,NA,NA,NA,NA,NA,NA,NA,"Gillnet",NA,NA,NA,"Foz do Rio do Lago",NA,479.3,NA,NA,NA,NA,NA,NA,NA,NA,NA,"Lago","Indeterminate",NA,NA,NA,NA,NA,NA,NA,NA,NA,NA,NA,NA,NA,NA,NA,NA,NA,"BID",NA,NA,NA,NA,NA,NA,NA,NA,NA,NA,NA,NA,NA,NA,NA,NA,NA,NA,NA,NA,NA,NA,NA,NA,NA,"Manual locality search",NA,NA,NA,NA,NA,NA,NA,NA,NA,NA,NA,NA,NA,NA,NA,NA,NA,NA,NA,NA,NA,NA,NA,NA,NA,NA,NA,NA,"Lake","Lake Malawi",28951795749.1886,"Enteromius litamba"
"1883335113","Enteromius litamba (Keilhack, 1908)",-12.535,34.7363,"osiic","9c2cc134-5b4c-497a-8445-c45610722317","7bc628b1-114a-41e0-b0db-b81170b0d2a1","e0f2d99d-f183-469a-adb1-f321a3c4609f","7d77970a-28ba-43e3-9dc8-de37db3e1894","MZ","EML","2025-01-23T18:33:42.052+00:00","2025-01-31T23:45:17.164+00:00",212,"HUMAN_OBSERVATION","PRESENT",9240381,1,44,1153,7336,2363128,9240381,9240381,"Enteromius litamba (Keilhack, 1908)","Animalia","Chordata","Cypriniformes","Cyprinidae","Enteromius","Enteromius litamba","Enteromius","litamba","SPECIES","ACCEPTED","DD","2018-01-01T00:00:00",15000,"AFRICA","Niassa",2014,2,12,"2014-02-12",43,43,NA,"2025-01-31T23:45:17.164+00:00",NA,"http://creativecommons.org/licenses/by/4.0/legalcode",FALSE,"urn:catalog:IIP:MOZ:Niassa:fish:18293","none","none",FALSE,"Instituto Nacional de Investigação Pesqueira","José Momade","José Momade","WGS84","MZ","none","none","AFRICA","Mozambique","AFRICA",NA,"urn:catalog:IIP:MOZ:Niassa:fish:18293",NA,NA,"1883335113",NA,NA,"urn:catalog:IIP:MOZ:Niassa:fish:18293",NA,NA,"IIP",NA,NA,NA,"Enteromius litamba (Keilhack, 1908)",NA,NA,NA,"BID-AF2017-0047-NAC",NA,NA,NA,1,NA,NA,NA,NA,NA,NA,NA,NA,NA,NA,"Gillnet",NA,NA,NA,"Lago Aberto do Lago",NA,478.4,NA,NA,NA,NA,NA,NA,NA,NA,NA,"Lago","Indeterminate",NA,NA,NA,NA,NA,NA,NA,NA,NA,NA,NA,NA,NA,NA,NA,NA,NA,"BID",NA,NA,NA,NA,NA,NA,NA,NA,NA,NA,NA,NA,NA,NA,NA,NA,NA,NA,NA,NA,NA,NA,NA,NA,NA,"Manual locality search",NA,NA,NA,NA,NA,NA,NA,NA,NA,NA,NA,NA,NA,NA,NA,NA,NA,NA,NA,NA,NA,NA,NA,NA,NA,NA,NA,NA,"Lake","Lake Malawi",28951795749.1886,"Enteromius litamba"
"1883335411","Enteromius litamba (Keilhack, 1908)",-12.078,34.8118,"osiic","9c2cc134-5b4c-497a-8445-c45610722317","7bc628b1-114a-41e0-b0db-b81170b0d2a1","e0f2d99d-f183-469a-adb1-f321a3c4609f","7d77970a-28ba-43e3-9dc8-de37db3e1894","MZ","EML","2025-01-23T18:33:42.052+00:00","2025-01-31T23:45:17.057+00:00",212,"HUMAN_OBSERVATION","PRESENT",9240381,1,44,1153,7336,2363128,9240381,9240381,"Enteromius litamba (Keilhack, 1908)","Animalia","Chordata","Cypriniformes","Cyprinidae","Enteromius","Enteromius litamba","Enteromius","litamba","SPECIES","ACCEPTED","DD","2018-01-01T00:00:00",15000,"AFRICA","Niassa",2014,2,26,"2014-02-26",57,57,NA,"2025-01-31T23:45:17.057+00:00",NA,"http://creativecommons.org/licenses/by/4.0/legalcode",FALSE,"urn:catalog:IIP:MOZ:Niassa:fish:18528","none","none",FALSE,"Instituto Nacional de Investigação Pesqueira","Ernesto Cauele","Ernesto Cauele","WGS84","MZ","none","none","AFRICA","Mozambique","AFRICA",NA,"urn:catalog:IIP:MOZ:Niassa:fish:18528",NA,NA,"1883335411",NA,NA,"urn:catalog:IIP:MOZ:Niassa:fish:18528",NA,NA,"IIP",NA,NA,NA,"Enteromius litamba (Keilhack, 1908)",NA,NA,NA,"BID-AF2017-0047-NAC",NA,NA,NA,4,NA,NA,NA,NA,NA,NA,NA,NA,NA,NA,"Gillnet",NA,NA,NA,"Foz do Rio do Lago",NA,480.6,NA,NA,NA,NA,NA,NA,NA,NA,NA,"Lago","Indeterminate",NA,NA,NA,NA,NA,NA,NA,NA,NA,NA,NA,NA,NA,NA,NA,NA,NA,"BID",NA,NA,NA,NA,NA,NA,NA,NA,NA,NA,NA,NA,NA,NA,NA,NA,NA,NA,NA,NA,NA,NA,NA,NA,NA,"Manual locality search",NA,NA,NA,NA,NA,NA,NA,NA,NA,NA,NA,NA,NA,NA,NA,NA,NA,NA,NA,NA,NA,NA,NA,NA,NA,NA,NA,NA,"Lake","Lake Malawi",28951795749.1886,"Enteromius litamba"
"1883335750","Enteromius litamba (Keilhack, 1908)",-13.386,34.8556,"osiic","9c2cc134-5b4c-497a-8445-c45610722317","7bc628b1-114a-41e0-b0db-b81170b0d2a1","e0f2d99d-f183-469a-adb1-f321a3c4609f","7d77970a-28ba-43e3-9dc8-de37db3e1894","MZ","EML","2025-01-23T18:33:42.052+00:00","2025-01-31T23:45:17.303+00:00",212,"HUMAN_OBSERVATION","PRESENT",9240381,1,44,1153,7336,2363128,9240381,9240381,"Enteromius litamba (Keilhack, 1908)","Animalia","Chordata","Cypriniformes","Cyprinidae","Enteromius","Enteromius litamba","Enteromius","litamba","SPECIES","ACCEPTED","DD","2018-01-01T00:00:00",15000,"AFRICA","Niassa",2014,3,25,"2014-03-25",84,84,NA,"2025-01-31T23:45:17.303+00:00",NA,"http://creativecommons.org/licenses/by/4.0/legalcode",FALSE,"urn:catalog:IIP:MOZ:Niassa:fish:18924","none","none",FALSE,"Instituto Nacional de Investigação Pesqueira","João Saide","João Saide","WGS84","MZ","none","none","AFRICA","Mozambique","AFRICA",NA,"urn:catalog:IIP:MOZ:Niassa:fish:18924",NA,NA,"1883335750",NA,NA,"urn:catalog:IIP:MOZ:Niassa:fish:18924",NA,NA,"IIP",NA,NA,NA,"Enteromius litamba (Keilhack, 1908)",NA,NA,NA,"BID-AF2017-0047-NAC",NA,NA,NA,1,NA,NA,NA,NA,NA,NA,NA,NA,NA,NA,"Gillnet",NA,NA,NA,"Foz do Rio de Laga",NA,519.7,NA,NA,NA,NA,NA,NA,NA,NA,NA,"Lichinga","Indeterminate",NA,NA,NA,NA,NA,NA,NA,NA,NA,NA,NA,NA,NA,NA,NA,NA,NA,"BID",NA,NA,NA,NA,NA,NA,NA,NA,NA,NA,NA,NA,NA,NA,NA,NA,NA,NA,NA,NA,NA,NA,NA,NA,NA,"Manual locality search",NA,NA,NA,NA,NA,NA,NA,NA,NA,NA,NA,NA,NA,NA,NA,NA,NA,NA,NA,NA,NA,NA,NA,NA,NA,NA,NA,NA,"Lake","Lake Malawi",28951795749.1886,"Enteromius litamba"
"1883336264","Enteromius litamba (Keilhack, 1908)",-12.467,34.7004,"osiic","9c2cc134-5b4c-497a-8445-c45610722317","7bc628b1-114a-41e0-b0db-b81170b0d2a1","e0f2d99d-f183-469a-adb1-f321a3c4609f","7d77970a-28ba-43e3-9dc8-de37db3e1894","MZ","EML","2025-01-23T18:33:42.052+00:00","2025-01-31T23:45:14.938+00:00",212,"HUMAN_OBSERVATION","PRESENT",9240381,1,44,1153,7336,2363128,9240381,9240381,"Enteromius litamba (Keilhack, 1908)","Animalia","Chordata","Cypriniformes","Cyprinidae","Enteromius","Enteromius litamba","Enteromius","litamba","SPECIES","ACCEPTED","DD","2018-01-01T00:00:00",15000,"AFRICA","Niassa",2014,5,14,"2014-05-14",134,134,NA,"2025-01-31T23:45:14.938+00:00",NA,"http://creativecommons.org/licenses/by/4.0/legalcode",FALSE,"urn:catalog:IIP:MOZ:Niassa:fish:19362","none","none",FALSE,"Instituto Nacional de Investigação Pesqueira","Estevão Juma","Estevão Juma","WGS84","MZ","none","none","AFRICA","Mozambique","AFRICA",NA,"urn:catalog:IIP:MOZ:Niassa:fish:19362",NA,NA,"1883336264",NA,NA,"urn:catalog:IIP:MOZ:Niassa:fish:19362",NA,NA,"IIP",NA,NA,NA,"Enteromius litamba (Keilhack, 1908)",NA,NA,NA,"BID-AF2017-0047-NAC",NA,NA,NA,2,NA,NA,NA,NA,NA,NA,NA,NA,NA,NA,"Gillnet",NA,NA,NA,"Lago Aberto do Lago",NA,478,NA,NA,NA,NA,NA,NA,NA,NA,NA,"Lago","Indeterminate",NA,NA,NA,NA,NA,NA,NA,NA,NA,NA,NA,NA,NA,NA,NA,NA,NA,"BID",NA,NA,NA,NA,NA,NA,NA,NA,NA,NA,NA,NA,NA,NA,NA,NA,NA,NA,NA,NA,NA,NA,NA,NA,NA,"Manual locality search",NA,NA,NA,NA,NA,NA,NA,NA,NA,NA,NA,NA,NA,NA,NA,NA,NA,NA,NA,NA,NA,NA,NA,NA,NA,NA,NA,NA,"Lake","Lake Malawi",28951795749.1886,"Enteromius litamba"
"1883336292","Enteromius litamba (Keilhack, 1908)",-13.386,34.8556,"osiic","9c2cc134-5b4c-497a-8445-c45610722317","7bc628b1-114a-41e0-b0db-b81170b0d2a1","e0f2d99d-f183-469a-adb1-f321a3c4609f","7d77970a-28ba-43e3-9dc8-de37db3e1894","MZ","EML","2025-01-23T18:33:42.052+00:00","2025-01-31T23:45:15.310+00:00",212,"HUMAN_OBSERVATION","PRESENT",9240381,1,44,1153,7336,2363128,9240381,9240381,"Enteromius litamba (Keilhack, 1908)","Animalia","Chordata","Cypriniformes","Cyprinidae","Enteromius","Enteromius litamba","Enteromius","litamba","SPECIES","ACCEPTED","DD","2018-01-01T00:00:00",15000,"AFRICA","Niassa",2014,5,21,"2014-05-21",141,141,NA,"2025-01-31T23:45:15.310+00:00",NA,"http://creativecommons.org/licenses/by/4.0/legalcode",FALSE,"urn:catalog:IIP:MOZ:Niassa:fish:19429","none","none",FALSE,"Instituto Nacional de Investigação Pesqueira","João Saide","João Saide","WGS84","MZ","none","none","AFRICA","Mozambique","AFRICA",NA,"urn:catalog:IIP:MOZ:Niassa:fish:19429",NA,NA,"1883336292",NA,NA,"urn:catalog:IIP:MOZ:Niassa:fish:19429",NA,NA,"IIP",NA,NA,NA,"Enteromius litamba (Keilhack, 1908)",NA,NA,NA,"BID-AF2017-0047-NAC",NA,NA,NA,1,NA,NA,NA,NA,NA,NA,NA,NA,NA,NA,"Gillnet",NA,NA,NA,"Foz do Rio de Laga",NA,519.7,NA,NA,NA,NA,NA,NA,NA,NA,NA,"Lichinga","Indeterminate",NA,NA,NA,NA,NA,NA,NA,NA,NA,NA,NA,NA,NA,NA,NA,NA,NA,"BID",NA,NA,NA,NA,NA,NA,NA,NA,NA,NA,NA,NA,NA,NA,NA,NA,NA,NA,NA,NA,NA,NA,NA,NA,NA,"Manual locality search",NA,NA,NA,NA,NA,NA,NA,NA,NA,NA,NA,NA,NA,NA,NA,NA,NA,NA,NA,NA,NA,NA,NA,NA,NA,NA,NA,NA,"Lake","Lake Malawi",28951795749.1886,"Enteromius litamba"
"1883336346","Enteromius litamba (Keilhack, 1908)",-13.386,34.8556,"osiic","9c2cc134-5b4c-497a-8445-c45610722317","7bc628b1-114a-41e0-b0db-b81170b0d2a1","e0f2d99d-f183-469a-adb1-f321a3c4609f","7d77970a-28ba-43e3-9dc8-de37db3e1894","MZ","EML","2025-01-23T18:33:42.052+00:00","2025-01-31T23:45:15.366+00:00",212,"HUMAN_OBSERVATION","PRESENT",9240381,1,44,1153,7336,2363128,9240381,9240381,"Enteromius litamba (Keilhack, 1908)","Animalia","Chordata","Cypriniformes","Cyprinidae","Enteromius","Enteromius litamba","Enteromius","litamba","SPECIES","ACCEPTED","DD","2018-01-01T00:00:00",15000,"AFRICA","Niassa",2014,6,5,"2014-06-05",156,156,NA,"2025-01-31T23:45:15.366+00:00",NA,"http://creativecommons.org/licenses/by/4.0/legalcode",FALSE,"urn:catalog:IIP:MOZ:Niassa:fish:19537","none","none",FALSE,"Instituto Nacional de Investigação Pesqueira","João Saide","João Saide","WGS84","MZ","none","none","AFRICA","Mozambique","AFRICA",NA,"urn:catalog:IIP:MOZ:Niassa:fish:19537",NA,NA,"1883336346",NA,NA,"urn:catalog:IIP:MOZ:Niassa:fish:19537",NA,NA,"IIP",NA,NA,NA,"Enteromius litamba (Keilhack, 1908)",NA,NA,NA,"BID-AF2017-0047-NAC",NA,NA,NA,1,NA,NA,NA,NA,NA,NA,NA,NA,NA,NA,"Gillnet",NA,NA,NA,"Foz do Rio de Laga",NA,519.7,NA,NA,NA,NA,NA,NA,NA,NA,NA,"Lichinga","Indeterminate",NA,NA,NA,NA,NA,NA,NA,NA,NA,NA,NA,NA,NA,NA,NA,NA,NA,"BID",NA,NA,NA,NA,NA,NA,NA,NA,NA,NA,NA,NA,NA,NA,NA,NA,NA,NA,NA,NA,NA,NA,NA,NA,NA,"Manual locality search",NA,NA,NA,NA,NA,NA,NA,NA,NA,NA,NA,NA,NA,NA,NA,NA,NA,NA,NA,NA,NA,NA,NA,NA,NA,NA,NA,NA,"Lake","Lake Malawi",28951795749.1886,"Enteromius litamba"
"1883337131","Enteromius litamba (Keilhack, 1908)",-12.758,34.8067,"osiic","9c2cc134-5b4c-497a-8445-c45610722317","7bc628b1-114a-41e0-b0db-b81170b0d2a1","e0f2d99d-f183-469a-adb1-f321a3c4609f","7d77970a-28ba-43e3-9dc8-de37db3e1894","MZ","EML","2025-01-23T18:33:42.052+00:00","2025-01-31T23:45:14.873+00:00",212,"HUMAN_OBSERVATION","PRESENT",9240381,1,44,1153,7336,2363128,9240381,9240381,"Enteromius litamba (Keilhack, 1908)","Animalia","Chordata","Cypriniformes","Cyprinidae","Enteromius","Enteromius litamba","Enteromius","litamba","SPECIES","ACCEPTED","DD","2018-01-01T00:00:00",15000,"AFRICA","Niassa",2014,9,17,"2014-09-17",260,260,NA,"2025-01-31T23:45:14.873+00:00",NA,"http://creativecommons.org/licenses/by/4.0/legalcode",FALSE,"urn:catalog:IIP:MOZ:Niassa:fish:20234","none","none",FALSE,"Instituto Nacional de Investigação Pesqueira","José Momade","José Momade","WGS84","MZ","none","none","AFRICA","Mozambique","AFRICA",NA,"urn:catalog:IIP:MOZ:Niassa:fish:20234",NA,NA,"1883337131",NA,NA,"urn:catalog:IIP:MOZ:Niassa:fish:20234",NA,NA,"IIP",NA,NA,NA,"Enteromius litamba (Keilhack, 1908)",NA,NA,NA,"BID-AF2017-0047-NAC",NA,NA,NA,1,NA,NA,NA,NA,NA,NA,NA,NA,NA,NA,"Gillnet",NA,NA,NA,"Foz do Rio do Lago",NA,476,NA,NA,NA,NA,NA,NA,NA,NA,NA,"Lago","Indeterminate",NA,NA,NA,NA,NA,NA,NA,NA,NA,NA,NA,NA,NA,NA,NA,NA,NA,"BID",NA,NA,NA,NA,NA,NA,NA,NA,NA,NA,NA,NA,NA,NA,NA,NA,NA,NA,NA,NA,NA,NA,NA,NA,NA,"Manual locality search",NA,NA,NA,NA,NA,NA,NA,NA,NA,NA,NA,NA,NA,NA,NA,NA,NA,NA,NA,NA,NA,NA,NA,NA,NA,NA,NA,NA,"Lake","Lake Malawi",28951795749.1886,"Enteromius litamba"
"1883337468","Enteromius litamba (Keilhack, 1908)",-12.533,34.731,"osiic","9c2cc134-5b4c-497a-8445-c45610722317","7bc628b1-114a-41e0-b0db-b81170b0d2a1","e0f2d99d-f183-469a-adb1-f321a3c4609f","7d77970a-28ba-43e3-9dc8-de37db3e1894","MZ","EML","2025-01-23T18:33:42.052+00:00","2025-01-31T23:45:15.354+00:00",212,"HUMAN_OBSERVATION","PRESENT",9240381,1,44,1153,7336,2363128,9240381,9240381,"Enteromius litamba (Keilhack, 1908)","Animalia","Chordata","Cypriniformes","Cyprinidae","Enteromius","Enteromius litamba","Enteromius","litamba","SPECIES","ACCEPTED","DD","2018-01-01T00:00:00",15000,"AFRICA","Niassa",2014,11,5,"2014-11-05",309,309,NA,"2025-01-31T23:45:15.354+00:00",NA,"http://creativecommons.org/licenses/by/4.0/legalcode",FALSE,"urn:catalog:IIP:MOZ:Niassa:fish:20610","none","none",FALSE,"Instituto Nacional de Investigação Pesqueira","Francisco A. Lucas","Francisco A. Lucas","WGS84","MZ","none","none","AFRICA","Mozambique","AFRICA",NA,"urn:catalog:IIP:MOZ:Niassa:fish:20610",NA,NA,"1883337468",NA,NA,"urn:catalog:IIP:MOZ:Niassa:fish:20610",NA,NA,"IIP",NA,NA,NA,"Enteromius litamba (Keilhack, 1908)",NA,NA,NA,"BID-AF2017-0047-NAC",NA,NA,NA,9,NA,NA,NA,NA,NA,NA,NA,NA,NA,NA,"Gillnet",NA,NA,NA,"Rochoso do Lago",NA,478.8,NA,NA,NA,NA,NA,NA,NA,NA,NA,"Lago","Indeterminate",NA,NA,NA,NA,NA,NA,NA,NA,NA,NA,NA,NA,NA,NA,NA,NA,NA,"BID",NA,NA,NA,NA,NA,NA,NA,NA,NA,NA,NA,NA,NA,NA,NA,NA,NA,NA,NA,NA,NA,NA,NA,NA,NA,"Manual locality search",NA,NA,NA,NA,NA,NA,NA,NA,NA,NA,NA,NA,NA,NA,NA,NA,NA,NA,NA,NA,NA,NA,NA,NA,NA,NA,NA,NA,"Lake","Lake Malawi",28951795749.1886,"Enteromius litamba"
"1883337500","Enteromius litamba (Keilhack, 1908)",-12.467,34.7004,"osiic","9c2cc134-5b4c-497a-8445-c45610722317","7bc628b1-114a-41e0-b0db-b81170b0d2a1","e0f2d99d-f183-469a-adb1-f321a3c4609f","7d77970a-28ba-43e3-9dc8-de37db3e1894","MZ","EML","2025-01-23T18:33:42.052+00:00","2025-01-31T23:45:15.201+00:00",212,"HUMAN_OBSERVATION","PRESENT",9240381,1,44,1153,7336,2363128,9240381,9240381,"Enteromius litamba (Keilhack, 1908)","Animalia","Chordata","Cypriniformes","Cyprinidae","Enteromius","Enteromius litamba","Enteromius","litamba","SPECIES","ACCEPTED","DD","2018-01-01T00:00:00",15000,"AFRICA","Niassa",2014,11,11,"2014-11-11",315,315,NA,"2025-01-31T23:45:15.201+00:00",NA,"http://creativecommons.org/licenses/by/4.0/legalcode",FALSE,"urn:catalog:IIP:MOZ:Niassa:fish:20654","none","none",FALSE,"Instituto Nacional de Investigação Pesqueira","Estevão Juma","Estevão Juma","WGS84","MZ","none","none","AFRICA","Mozambique","AFRICA",NA,"urn:catalog:IIP:MOZ:Niassa:fish:20654",NA,NA,"1883337500",NA,NA,"urn:catalog:IIP:MOZ:Niassa:fish:20654",NA,NA,"IIP",NA,NA,NA,"Enteromius litamba (Keilhack, 1908)",NA,NA,NA,"BID-AF2017-0047-NAC",NA,NA,NA,1,NA,NA,NA,NA,NA,NA,NA,NA,NA,NA,"Gillnet",NA,NA,NA,"Lago Aberto do Lago",NA,478,NA,NA,NA,NA,NA,NA,NA,NA,NA,"Lago","Indeterminate",NA,NA,NA,NA,NA,NA,NA,NA,NA,NA,NA,NA,NA,NA,NA,NA,NA,"BID",NA,NA,NA,NA,NA,NA,NA,NA,NA,NA,NA,NA,NA,NA,NA,NA,NA,NA,NA,NA,NA,NA,NA,NA,NA,"Manual locality search",NA,NA,NA,NA,NA,NA,NA,NA,NA,NA,NA,NA,NA,NA,NA,NA,NA,NA,NA,NA,NA,NA,NA,NA,NA,NA,NA,NA,"Lake","Lake Malawi",28951795749.1886,"Enteromius litamba"
"1883337807","Enteromius litamba (Keilhack, 1908)",-12.078,34.8118,"osiic","9c2cc134-5b4c-497a-8445-c45610722317","7bc628b1-114a-41e0-b0db-b81170b0d2a1","e0f2d99d-f183-469a-adb1-f321a3c4609f","7d77970a-28ba-43e3-9dc8-de37db3e1894","MZ","EML","2025-01-23T18:33:42.052+00:00","2025-01-31T23:45:15.532+00:00",212,"HUMAN_OBSERVATION","PRESENT",9240381,1,44,1153,7336,2363128,9240381,9240381,"Enteromius litamba (Keilhack, 1908)","Animalia","Chordata","Cypriniformes","Cyprinidae","Enteromius","Enteromius litamba","Enteromius","litamba","SPECIES","ACCEPTED","DD","2018-01-01T00:00:00",15000,"AFRICA","Niassa",2014,12,17,"2014-12-17",351,351,NA,"2025-01-31T23:45:15.532+00:00",NA,"http://creativecommons.org/licenses/by/4.0/legalcode",FALSE,"urn:catalog:IIP:MOZ:Niassa:fish:20984","none","none",FALSE,"Instituto Nacional de Investigação Pesqueira","Ernesto Cauele","Ernesto Cauele","WGS84","MZ","none","none","AFRICA","Mozambique","AFRICA",NA,"urn:catalog:IIP:MOZ:Niassa:fish:20984",NA,NA,"1883337807",NA,NA,"urn:catalog:IIP:MOZ:Niassa:fish:20984",NA,NA,"IIP",NA,NA,NA,"Enteromius litamba (Keilhack, 1908)",NA,NA,NA,"BID-AF2017-0047-NAC",NA,NA,NA,7,NA,NA,NA,NA,NA,NA,NA,NA,NA,NA,"Gillnet",NA,NA,NA,"Foz do Rio do Lago",NA,480.6,NA,NA,NA,NA,NA,NA,NA,NA,NA,"Lago","Indeterminate",NA,NA,NA,NA,NA,NA,NA,NA,NA,NA,NA,NA,NA,NA,NA,NA,NA,"BID",NA,NA,NA,NA,NA,NA,NA,NA,NA,NA,NA,NA,NA,NA,NA,NA,NA,NA,NA,NA,NA,NA,NA,NA,NA,"Manual locality search",NA,NA,NA,NA,NA,NA,NA,NA,NA,NA,NA,NA,NA,NA,NA,NA,NA,NA,NA,NA,NA,NA,NA,NA,NA,NA,NA,NA,"Lake","Lake Malawi",28951795749.1886,"Enteromius litamba"
"1883337948","Enteromius litamba (Keilhack, 1908)",-12.38,34.7069,"osiic","9c2cc134-5b4c-497a-8445-c45610722317","7bc628b1-114a-41e0-b0db-b81170b0d2a1","e0f2d99d-f183-469a-adb1-f321a3c4609f","7d77970a-28ba-43e3-9dc8-de37db3e1894","MZ","EML","2025-01-23T18:33:42.052+00:00","2025-01-31T23:45:16.844+00:00",212,"HUMAN_OBSERVATION","PRESENT",9240381,1,44,1153,7336,2363128,9240381,9240381,"Enteromius litamba (Keilhack, 1908)","Animalia","Chordata","Cypriniformes","Cyprinidae","Enteromius","Enteromius litamba","Enteromius","litamba","SPECIES","ACCEPTED","DD","2018-01-01T00:00:00",15000,"AFRICA","Niassa",2014,12,23,"2014-12-23",357,357,NA,"2025-01-31T23:45:16.844+00:00",NA,"http://creativecommons.org/licenses/by/4.0/legalcode",FALSE,"urn:catalog:IIP:MOZ:Niassa:fish:21025","none","none",FALSE,"Instituto Nacional de Investigação Pesqueira","Estevão Juma","Estevão Juma","WGS84","MZ","none","none","AFRICA","Mozambique","AFRICA",NA,"urn:catalog:IIP:MOZ:Niassa:fish:21025",NA,NA,"1883337948",NA,NA,"urn:catalog:IIP:MOZ:Niassa:fish:21025",NA,NA,"IIP",NA,NA,NA,"Enteromius litamba (Keilhack, 1908)",NA,NA,NA,"BID-AF2017-0047-NAC",NA,NA,NA,2,NA,NA,NA,NA,NA,NA,NA,NA,NA,NA,"Gillnet",NA,NA,NA,"Foz do Rio do Lago",NA,479.3,NA,NA,NA,NA,NA,NA,NA,NA,NA,"Lago","Indeterminate",NA,NA,NA,NA,NA,NA,NA,NA,NA,NA,NA,NA,NA,NA,NA,NA,NA,"BID",NA,NA,NA,NA,NA,NA,NA,NA,NA,NA,NA,NA,NA,NA,NA,NA,NA,NA,NA,NA,NA,NA,NA,NA,NA,"Manual locality search",NA,NA,NA,NA,NA,NA,NA,NA,NA,NA,NA,NA,NA,NA,NA,NA,NA,NA,NA,NA,NA,NA,NA,NA,NA,NA,NA,NA,"Lake","Lake Malawi",28951795749.1886,"Enteromius litamba"
"1883331561","Enteromius litamba (Keilhack, 1908)",-12.451,34.6972,"osiic","9c2cc134-5b4c-497a-8445-c45610722317","7bc628b1-114a-41e0-b0db-b81170b0d2a1","e0f2d99d-f183-469a-adb1-f321a3c4609f","7d77970a-28ba-43e3-9dc8-de37db3e1894","MZ","EML","2025-01-23T18:33:42.052+00:00","2025-01-31T23:45:18.161+00:00",212,"HUMAN_OBSERVATION","PRESENT",9240381,1,44,1153,7336,2363128,9240381,9240381,"Enteromius litamba (Keilhack, 1908)","Animalia","Chordata","Cypriniformes","Cyprinidae","Enteromius","Enteromius litamba","Enteromius","litamba","SPECIES","ACCEPTED","DD","2018-01-01T00:00:00",15000,"AFRICA","Niassa",2013,1,2,"2013-01-02",2,2,NA,"2025-01-31T23:45:18.161+00:00",NA,"http://creativecommons.org/licenses/by/4.0/legalcode",FALSE,"urn:catalog:IIP:MOZ:Niassa:fish:14716","none","none",FALSE,"Instituto Nacional de Investigação Pesqueira","Estevão Juma","Estevão Juma","WGS84","MZ","none","none","AFRICA","Mozambique","AFRICA",NA,"urn:catalog:IIP:MOZ:Niassa:fish:14716",NA,NA,"1883331561",NA,NA,"urn:catalog:IIP:MOZ:Niassa:fish:14716",NA,NA,"IIP",NA,NA,NA,"Enteromius litamba (Keilhack, 1908)",NA,NA,NA,"BID-AF2017-0047-NAC",NA,NA,NA,6,NA,NA,NA,NA,NA,NA,NA,NA,NA,NA,"Gillnet",NA,NA,NA,"Lago Aberto do Lago",NA,477.9,NA,NA,NA,NA,NA,NA,NA,NA,NA,"Lago","Indeterminate",NA,NA,NA,NA,NA,NA,NA,NA,NA,NA,NA,NA,NA,NA,NA,NA,NA,"BID",NA,NA,NA,NA,NA,NA,NA,NA,NA,NA,NA,NA,NA,NA,NA,NA,NA,NA,NA,NA,NA,NA,NA,NA,NA,"Manual locality search",NA,NA,NA,NA,NA,NA,NA,NA,NA,NA,NA,NA,NA,NA,NA,NA,NA,NA,NA,NA,NA,NA,NA,NA,NA,NA,NA,NA,"Lake","Lake Malawi",28951795749.1886,"Enteromius litamba"
"1883331630","Enteromius litamba (Keilhack, 1908)",-12.38,34.7069,"osiic","9c2cc134-5b4c-497a-8445-c45610722317","7bc628b1-114a-41e0-b0db-b81170b0d2a1","e0f2d99d-f183-469a-adb1-f321a3c4609f","7d77970a-28ba-43e3-9dc8-de37db3e1894","MZ","EML","2025-01-23T18:33:42.052+00:00","2025-01-31T23:45:18.117+00:00",212,"HUMAN_OBSERVATION","PRESENT",9240381,1,44,1153,7336,2363128,9240381,9240381,"Enteromius litamba (Keilhack, 1908)","Animalia","Chordata","Cypriniformes","Cyprinidae","Enteromius","Enteromius litamba","Enteromius","litamba","SPECIES","ACCEPTED","DD","2018-01-01T00:00:00",15000,"AFRICA","Niassa",2013,1,4,"2013-01-04",4,4,NA,"2025-01-31T23:45:18.117+00:00",NA,"http://creativecommons.org/licenses/by/4.0/legalcode",FALSE,"urn:catalog:IIP:MOZ:Niassa:fish:14743","none","none",FALSE,"Instituto Nacional de Investigação Pesqueira","Estevão Juma","Estevão Juma","WGS84","MZ","none","none","AFRICA","Mozambique","AFRICA",NA,"urn:catalog:IIP:MOZ:Niassa:fish:14743",NA,NA,"1883331630",NA,NA,"urn:catalog:IIP:MOZ:Niassa:fish:14743",NA,NA,"IIP",NA,NA,NA,"Enteromius litamba (Keilhack, 1908)",NA,NA,NA,"BID-AF2017-0047-NAC",NA,NA,NA,8,NA,NA,NA,NA,NA,NA,NA,NA,NA,NA,"Gillnet",NA,NA,NA,"Foz do Rio do Lago",NA,479.3,NA,NA,NA,NA,NA,NA,NA,NA,NA,"Lago","Indeterminate",NA,NA,NA,NA,NA,NA,NA,NA,NA,NA,NA,NA,NA,NA,NA,NA,NA,"BID",NA,NA,NA,NA,NA,NA,NA,NA,NA,NA,NA,NA,NA,NA,NA,NA,NA,NA,NA,NA,NA,NA,NA,NA,NA,"Manual locality search",NA,NA,NA,NA,NA,NA,NA,NA,NA,NA,NA,NA,NA,NA,NA,NA,NA,NA,NA,NA,NA,NA,NA,NA,NA,NA,NA,NA,"Lake","Lake Malawi",28951795749.1886,"Enteromius litamba"
"1883331563","Enteromius litamba (Keilhack, 1908)",-12.078,34.8118,"osiic","9c2cc134-5b4c-497a-8445-c45610722317","7bc628b1-114a-41e0-b0db-b81170b0d2a1","e0f2d99d-f183-469a-adb1-f321a3c4609f","7d77970a-28ba-43e3-9dc8-de37db3e1894","MZ","EML","2025-01-23T18:33:42.052+00:00","2025-01-31T23:45:18.123+00:00",212,"HUMAN_OBSERVATION","PRESENT",9240381,1,44,1153,7336,2363128,9240381,9240381,"Enteromius litamba (Keilhack, 1908)","Animalia","Chordata","Cypriniformes","Cyprinidae","Enteromius","Enteromius litamba","Enteromius","litamba","SPECIES","ACCEPTED","DD","2018-01-01T00:00:00",15000,"AFRICA","Niassa",2013,1,8,"2013-01-08",8,8,NA,"2025-01-31T23:45:18.123+00:00",NA,"http://creativecommons.org/licenses/by/4.0/legalcode",FALSE,"urn:catalog:IIP:MOZ:Niassa:fish:14765","none","none",FALSE,"Instituto Nacional de Investigação Pesqueira","Ernesto Cauele","Ernesto Cauele","WGS84","MZ","none","none","AFRICA","Mozambique","AFRICA",NA,"urn:catalog:IIP:MOZ:Niassa:fish:14765",NA,NA,"1883331563",NA,NA,"urn:catalog:IIP:MOZ:Niassa:fish:14765",NA,NA,"IIP",NA,NA,NA,"Enteromius litamba (Keilhack, 1908)",NA,NA,NA,"BID-AF2017-0047-NAC",NA,NA,NA,5,NA,NA,NA,NA,NA,NA,NA,NA,NA,NA,"Gillnet",NA,NA,NA,"Foz do Rio do Lago",NA,480.6,NA,NA,NA,NA,NA,NA,NA,NA,NA,"Lago","Indeterminate",NA,NA,NA,NA,NA,NA,NA,NA,NA,NA,NA,NA,NA,NA,NA,NA,NA,"BID",NA,NA,NA,NA,NA,NA,NA,NA,NA,NA,NA,NA,NA,NA,NA,NA,NA,NA,NA,NA,NA,NA,NA,NA,NA,"Manual locality search",NA,NA,NA,NA,NA,NA,NA,NA,NA,NA,NA,NA,NA,NA,NA,NA,NA,NA,NA,NA,NA,NA,NA,NA,NA,NA,NA,NA,"Lake","Lake Malawi",28951795749.1886,"Enteromius litamba"
"1883331714","Enteromius litamba (Keilhack, 1908)",-12.38,34.7069,"osiic","9c2cc134-5b4c-497a-8445-c45610722317","7bc628b1-114a-41e0-b0db-b81170b0d2a1","e0f2d99d-f183-469a-adb1-f321a3c4609f","7d77970a-28ba-43e3-9dc8-de37db3e1894","MZ","EML","2025-01-23T18:33:42.052+00:00","2025-01-31T23:45:17.979+00:00",212,"HUMAN_OBSERVATION","PRESENT",9240381,1,44,1153,7336,2363128,9240381,9240381,"Enteromius litamba (Keilhack, 1908)","Animalia","Chordata","Cypriniformes","Cyprinidae","Enteromius","Enteromius litamba","Enteromius","litamba","SPECIES","ACCEPTED","DD","2018-01-01T00:00:00",15000,"AFRICA","Niassa",2013,1,16,"2013-01-16",16,16,NA,"2025-01-31T23:45:17.979+00:00",NA,"http://creativecommons.org/licenses/by/4.0/legalcode",FALSE,"urn:catalog:IIP:MOZ:Niassa:fish:14853","none","none",FALSE,"Instituto Nacional de Investigação Pesqueira","Estevão Juma","Estevão Juma","WGS84","MZ","none","none","AFRICA","Mozambique","AFRICA",NA,"urn:catalog:IIP:MOZ:Niassa:fish:14853",NA,NA,"1883331714",NA,NA,"urn:catalog:IIP:MOZ:Niassa:fish:14853",NA,NA,"IIP",NA,NA,NA,"Enteromius litamba (Keilhack, 1908)",NA,NA,NA,"BID-AF2017-0047-NAC",NA,NA,NA,4,NA,NA,NA,NA,NA,NA,NA,NA,NA,NA,"Gillnet",NA,NA,NA,"Foz do Rio do Lago",NA,479.3,NA,NA,NA,NA,NA,NA,NA,NA,NA,"Lago","Indeterminate",NA,NA,NA,NA,NA,NA,NA,NA,NA,NA,NA,NA,NA,NA,NA,NA,NA,"BID",NA,NA,NA,NA,NA,NA,NA,NA,NA,NA,NA,NA,NA,NA,NA,NA,NA,NA,NA,NA,NA,NA,NA,NA,NA,"Manual locality search",NA,NA,NA,NA,NA,NA,NA,NA,NA,NA,NA,NA,NA,NA,NA,NA,NA,NA,NA,NA,NA,NA,NA,NA,NA,NA,NA,NA,"Lake","Lake Malawi",28951795749.1886,"Enteromius litamba"
"1883331800","Enteromius litamba (Keilhack, 1908)",-12.078,34.8118,"osiic","9c2cc134-5b4c-497a-8445-c45610722317","7bc628b1-114a-41e0-b0db-b81170b0d2a1","e0f2d99d-f183-469a-adb1-f321a3c4609f","7d77970a-28ba-43e3-9dc8-de37db3e1894","MZ","EML","2025-01-23T18:33:42.052+00:00","2025-01-31T23:45:18.016+00:00",212,"HUMAN_OBSERVATION","PRESENT",9240381,1,44,1153,7336,2363128,9240381,9240381,"Enteromius litamba (Keilhack, 1908)","Animalia","Chordata","Cypriniformes","Cyprinidae","Enteromius","Enteromius litamba","Enteromius","litamba","SPECIES","ACCEPTED","DD","2018-01-01T00:00:00",15000,"AFRICA","Niassa",2013,1,22,"2013-01-22",22,22,NA,"2025-01-31T23:45:18.016+00:00",NA,"http://creativecommons.org/licenses/by/4.0/legalcode",FALSE,"urn:catalog:IIP:MOZ:Niassa:fish:14903","none","none",FALSE,"Instituto Nacional de Investigação Pesqueira","Ernesto Cauele","Ernesto Cauele","WGS84","MZ","none","none","AFRICA","Mozambique","AFRICA",NA,"urn:catalog:IIP:MOZ:Niassa:fish:14903",NA,NA,"1883331800",NA,NA,"urn:catalog:IIP:MOZ:Niassa:fish:14903",NA,NA,"IIP",NA,NA,NA,"Enteromius litamba (Keilhack, 1908)",NA,NA,NA,"BID-AF2017-0047-NAC",NA,NA,NA,3,NA,NA,NA,NA,NA,NA,NA,NA,NA,NA,"Gillnet",NA,NA,NA,"Foz do Rio do Lago",NA,480.6,NA,NA,NA,NA,NA,NA,NA,NA,NA,"Lago","Indeterminate",NA,NA,NA,NA,NA,NA,NA,NA,NA,NA,NA,NA,NA,NA,NA,NA,NA,"BID",NA,NA,NA,NA,NA,NA,NA,NA,NA,NA,NA,NA,NA,NA,NA,NA,NA,NA,NA,NA,NA,NA,NA,NA,NA,"Manual locality search",NA,NA,NA,NA,NA,NA,NA,NA,NA,NA,NA,NA,NA,NA,NA,NA,NA,NA,NA,NA,NA,NA,NA,NA,NA,NA,NA,NA,"Lake","Lake Malawi",28951795749.1886,"Enteromius litamba"
"1883331873","Enteromius litamba (Keilhack, 1908)",-13.419,34.8599,"osiic","9c2cc134-5b4c-497a-8445-c45610722317","7bc628b1-114a-41e0-b0db-b81170b0d2a1","e0f2d99d-f183-469a-adb1-f321a3c4609f","7d77970a-28ba-43e3-9dc8-de37db3e1894","MZ","EML","2025-01-23T18:33:42.052+00:00","2025-01-31T23:45:18.036+00:00",212,"HUMAN_OBSERVATION","PRESENT",9240381,1,44,1153,7336,2363128,9240381,9240381,"Enteromius litamba (Keilhack, 1908)","Animalia","Chordata","Cypriniformes","Cyprinidae","Enteromius","Enteromius litamba","Enteromius","litamba","SPECIES","ACCEPTED","DD","2018-01-01T00:00:00",15000,"AFRICA","Niassa",2013,1,25,"2013-01-25",25,25,NA,"2025-01-31T23:45:18.036+00:00",NA,"http://creativecommons.org/licenses/by/4.0/legalcode",FALSE,"urn:catalog:IIP:MOZ:Niassa:fish:14966","none","none",FALSE,"Instituto Nacional de Investigação Pesqueira","João Saide","João Saide","WGS84","MZ","none","none","AFRICA","Mozambique","AFRICA",NA,"urn:catalog:IIP:MOZ:Niassa:fish:14966",NA,NA,"1883331873",NA,NA,"urn:catalog:IIP:MOZ:Niassa:fish:14966",NA,NA,"IIP",NA,NA,NA,"Enteromius litamba (Keilhack, 1908)",NA,NA,NA,"BID-AF2017-0047-NAC",NA,NA,NA,1,NA,NA,NA,NA,NA,NA,NA,NA,NA,NA,"Gillnet",NA,NA,NA,"Foz do Rio de Laga",NA,475.5,NA,NA,NA,NA,NA,NA,NA,NA,NA,"Lichinga","Indeterminate",NA,NA,NA,NA,NA,NA,NA,NA,NA,NA,NA,NA,NA,NA,NA,NA,NA,"BID",NA,NA,NA,NA,NA,NA,NA,NA,NA,NA,NA,NA,NA,NA,NA,NA,NA,NA,NA,NA,NA,NA,NA,NA,NA,"Manual locality search",NA,NA,NA,NA,NA,NA,NA,NA,NA,NA,NA,NA,NA,NA,NA,NA,NA,NA,NA,NA,NA,NA,NA,NA,NA,NA,NA,NA,"Lake","Lake Malawi",28951795749.1886,"Enteromius litamba"
"1883331862","Enteromius litamba (Keilhack, 1908)",-13.386,34.8556,"osiic","9c2cc134-5b4c-497a-8445-c45610722317","7bc628b1-114a-41e0-b0db-b81170b0d2a1","e0f2d99d-f183-469a-adb1-f321a3c4609f","7d77970a-28ba-43e3-9dc8-de37db3e1894","MZ","EML","2025-01-23T18:33:42.052+00:00","2025-01-31T23:45:15.431+00:00",212,"HUMAN_OBSERVATION","PRESENT",9240381,1,44,1153,7336,2363128,9240381,9240381,"Enteromius litamba (Keilhack, 1908)","Animalia","Chordata","Cypriniformes","Cyprinidae","Enteromius","Enteromius litamba","Enteromius","litamba","SPECIES","ACCEPTED","DD","2018-01-01T00:00:00",15000,"AFRICA","Niassa",2013,1,29,"2013-01-29",29,29,NA,"2025-01-31T23:45:15.431+00:00",NA,"http://creativecommons.org/licenses/by/4.0/legalcode",FALSE,"urn:catalog:IIP:MOZ:Niassa:fish:15020","none","none",FALSE,"Instituto Nacional de Investigação Pesqueira","João Saide","João Saide","WGS84","MZ","none","none","AFRICA","Mozambique","AFRICA",NA,"urn:catalog:IIP:MOZ:Niassa:fish:15020",NA,NA,"1883331862",NA,NA,"urn:catalog:IIP:MOZ:Niassa:fish:15020",NA,NA,"IIP",NA,NA,NA,"Enteromius litamba (Keilhack, 1908)",NA,NA,NA,"BID-AF2017-0047-NAC",NA,NA,NA,1,NA,NA,NA,NA,NA,NA,NA,NA,NA,NA,"Gillnet",NA,NA,NA,"Foz do Rio de Laga",NA,519.7,NA,NA,NA,NA,NA,NA,NA,NA,NA,"Lichinga","Indeterminate",NA,NA,NA,NA,NA,NA,NA,NA,NA,NA,NA,NA,NA,NA,NA,NA,NA,"BID",NA,NA,NA,NA,NA,NA,NA,NA,NA,NA,NA,NA,NA,NA,NA,NA,NA,NA,NA,NA,NA,NA,NA,NA,NA,"Manual locality search",NA,NA,NA,NA,NA,NA,NA,NA,NA,NA,NA,NA,NA,NA,NA,NA,NA,NA,NA,NA,NA,NA,NA,NA,NA,NA,NA,NA,"Lake","Lake Malawi",28951795749.1886,"Enteromius litamba"
"1851096649","Enteromius jacksoni (Günther, 1889)",0.239364,33.996064,"gass84,osiic","90b6055a-c12b-4c91-951a-7efbe184bca1","4f3d98d3-f69a-4929-9291-6c35340b6711","a114f599-3d05-4ca1-90ed-dba5b7aa5722","4f3d98d3-f69a-4929-9291-6c35340b6711","UG","EML","2025-01-23T19:14:41.902+00:00","2025-01-31T23:19:55.277+00:00",232,"HUMAN_OBSERVATION","PRESENT",9406569,1,44,1153,7336,2363128,9406569,9406569,"Enteromius jacksoni (Günther, 1889)","Animalia","Chordata","Cypriniformes","Cyprinidae","Enteromius","Enteromius jacksoni","Enteromius","jacksoni","SPECIES","ACCEPTED","LC",NA,NA,"AFRICA",NA,2013,2,14,"2013-02-14",45,45,NA,"2025-01-31T23:19:55.277+00:00",NA,"http://creativecommons.org/licenses/by/4.0/legalcode",FALSE,"RS_NaFIRRI_5331","none","none",FALSE,NA,"Sylveseter Wandera","Sylvester Wandera","WGS84","UG","none","none","AFRICA","Uganda","AFRICA",NA,"RS_NaFIRRI_5331",NA,NA,"1851096649",NA,NA,"RS_NaFIRRI_5331",NA,NA,"NaFIRRI/National Fisheries Resources Research Institute",NA,NA,NA,"Enteromius jacksoni (Günther, 1889)",NA,NA,NA,"BID-AF2017-0206-SMA",NA,NA,NA,7,NA,NA,NA,NA,NA,NA,NA,NA,NA,"Lake Victoria","Night gillnetting","Lake",NA,NA,"Sio rivermouth inshore",NA,NA,NA,NA,NA,NA,NA,NA,NA,NA,NA,NA,NA,NA,NA,NA,NA,NA,NA,NA,NA,NA,NA,NA,NA,NA,NA,NA,NA,NA,"BID",104,"weight (grams)",NA,NA,NA,NA,NA,NA,NA,NA,NA,NA,NA,NA,NA,NA,NA,NA,NA,NA,NA,NA,NA,NA,NA,NA,NA,NA,NA,NA,NA,NA,NA,NA,NA,NA,NA,NA,NA,NA,NA,NA,NA,NA,NA,NA,NA,NA,NA,NA,NA,NA,NA,NA,"Lake","Lake Victoria",67332250502.7392,"Enteromius jacksoni"
"1851096628","Enteromius jacksoni (Günther, 1889)",0.23804,33.994699,"gass84,osiic","90b6055a-c12b-4c91-951a-7efbe184bca1","4f3d98d3-f69a-4929-9291-6c35340b6711","a114f599-3d05-4ca1-90ed-dba5b7aa5722","4f3d98d3-f69a-4929-9291-6c35340b6711","UG","EML","2025-01-23T19:14:41.902+00:00","2025-01-31T23:19:55.272+00:00",232,"HUMAN_OBSERVATION","PRESENT",9406569,1,44,1153,7336,2363128,9406569,9406569,"Enteromius jacksoni (Günther, 1889)","Animalia","Chordata","Cypriniformes","Cyprinidae","Enteromius","Enteromius jacksoni","Enteromius","jacksoni","SPECIES","ACCEPTED","LC",NA,NA,"AFRICA",NA,2013,2,14,"2013-02-14",45,45,NA,"2025-01-31T23:19:55.272+00:00",NA,"http://creativecommons.org/licenses/by/4.0/legalcode",FALSE,"RS_NaFIRRI_5345","none","none",FALSE,NA,"Sylveseter Wandera","Sylvester Wandera","WGS84","UG","none","none","AFRICA","Uganda","AFRICA",NA,"RS_NaFIRRI_5345",NA,NA,"1851096628",NA,NA,"RS_NaFIRRI_5345",NA,NA,"NaFIRRI/National Fisheries Resources Research Institute",NA,NA,NA,"Enteromius jacksoni (Günther, 1889)",NA,NA,NA,"BID-AF2017-0206-SMA",NA,NA,NA,10,NA,NA,NA,NA,NA,NA,NA,NA,NA,"Lake Victoria","Night gillnetting","Lake",NA,NA,"Sio rivermouth middle",NA,NA,NA,NA,NA,NA,NA,NA,NA,NA,NA,NA,NA,NA,NA,NA,NA,NA,NA,NA,NA,NA,NA,NA,NA,NA,NA,NA,NA,NA,"BID",126,"weight (grams)",NA,NA,NA,NA,NA,NA,NA,NA,NA,NA,NA,NA,NA,NA,NA,NA,NA,NA,NA,NA,NA,NA,NA,NA,NA,NA,NA,NA,NA,NA,NA,NA,NA,NA,NA,NA,NA,NA,NA,NA,NA,NA,NA,NA,NA,NA,NA,NA,NA,NA,NA,NA,"Lake","Lake Victoria",67332250502.7392,"Enteromius jacksoni"
"1883331848","Enteromius litamba (Keilhack, 1908)",-12.078,34.8118,"osiic","9c2cc134-5b4c-497a-8445-c45610722317","7bc628b1-114a-41e0-b0db-b81170b0d2a1","e0f2d99d-f183-469a-adb1-f321a3c4609f","7d77970a-28ba-43e3-9dc8-de37db3e1894","MZ","EML","2025-01-23T18:33:42.052+00:00","2025-01-31T23:45:15.725+00:00",212,"HUMAN_OBSERVATION","PRESENT",9240381,1,44,1153,7336,2363128,9240381,9240381,"Enteromius litamba (Keilhack, 1908)","Animalia","Chordata","Cypriniformes","Cyprinidae","Enteromius","Enteromius litamba","Enteromius","litamba","SPECIES","ACCEPTED","DD","2018-01-01T00:00:00",15000,"AFRICA","Niassa",2013,2,6,"2013-02-06",37,37,NA,"2025-01-31T23:45:15.725+00:00",NA,"http://creativecommons.org/licenses/by/4.0/legalcode",FALSE,"urn:catalog:IIP:MOZ:Niassa:fish:15077","none","none",FALSE,"Instituto Nacional de Investigação Pesqueira","Ernesto Cauele","Ernesto Cauele","WGS84","MZ","none","none","AFRICA","Mozambique","AFRICA",NA,"urn:catalog:IIP:MOZ:Niassa:fish:15077",NA,NA,"1883331848",NA,NA,"urn:catalog:IIP:MOZ:Niassa:fish:15077",NA,NA,"IIP",NA,NA,NA,"Enteromius litamba (Keilhack, 1908)",NA,NA,NA,"BID-AF2017-0047-NAC",NA,NA,NA,3,NA,NA,NA,NA,NA,NA,NA,NA,NA,NA,"Gillnet",NA,NA,NA,"Foz do Rio do Lago",NA,480.6,NA,NA,NA,NA,NA,NA,NA,NA,NA,"Lago","Indeterminate",NA,NA,NA,NA,NA,NA,NA,NA,NA,NA,NA,NA,NA,NA,NA,NA,NA,"BID",NA,NA,NA,NA,NA,NA,NA,NA,NA,NA,NA,NA,NA,NA,NA,NA,NA,NA,NA,NA,NA,NA,NA,NA,NA,"Manual locality search",NA,NA,NA,NA,NA,NA,NA,NA,NA,NA,NA,NA,NA,NA,NA,NA,NA,NA,NA,NA,NA,NA,NA,NA,NA,NA,NA,NA,"Lake","Lake Malawi",28951795749.1886,"Enteromius litamba"
"1883332040","Enteromius litamba (Keilhack, 1908)",-13.386,34.8556,"osiic","9c2cc134-5b4c-497a-8445-c45610722317","7bc628b1-114a-41e0-b0db-b81170b0d2a1","e0f2d99d-f183-469a-adb1-f321a3c4609f","7d77970a-28ba-43e3-9dc8-de37db3e1894","MZ","EML","2025-01-23T18:33:42.052+00:00","2025-01-31T23:45:15.778+00:00",212,"HUMAN_OBSERVATION","PRESENT",9240381,1,44,1153,7336,2363128,9240381,9240381,"Enteromius litamba (Keilhack, 1908)","Animalia","Chordata","Cypriniformes","Cyprinidae","Enteromius","Enteromius litamba","Enteromius","litamba","SPECIES","ACCEPTED","DD","2018-01-01T00:00:00",15000,"AFRICA","Niassa",2013,2,13,"2013-02-13",44,44,NA,"2025-01-31T23:45:15.778+00:00",NA,"http://creativecommons.org/licenses/by/4.0/legalcode",FALSE,"urn:catalog:IIP:MOZ:Niassa:fish:15181","none","none",FALSE,"Instituto Nacional de Investigação Pesqueira","João Saide","João Saide","WGS84","MZ","none","none","AFRICA","Mozambique","AFRICA",NA,"urn:catalog:IIP:MOZ:Niassa:fish:15181",NA,NA,"1883332040",NA,NA,"urn:catalog:IIP:MOZ:Niassa:fish:15181",NA,NA,"IIP",NA,NA,NA,"Enteromius litamba (Keilhack, 1908)",NA,NA,NA,"BID-AF2017-0047-NAC",NA,NA,NA,1,NA,NA,NA,NA,NA,NA,NA,NA,NA,NA,"Gillnet",NA,NA,NA,"Foz do Rio de Laga",NA,519.7,NA,NA,NA,NA,NA,NA,NA,NA,NA,"Lichinga","Indeterminate",NA,NA,NA,NA,NA,NA,NA,NA,NA,NA,NA,NA,NA,NA,NA,NA,NA,"BID",NA,NA,NA,NA,NA,NA,NA,NA,NA,NA,NA,NA,NA,NA,NA,NA,NA,NA,NA,NA,NA,NA,NA,NA,NA,"Manual locality search",NA,NA,NA,NA,NA,NA,NA,NA,NA,NA,NA,NA,NA,NA,NA,NA,NA,NA,NA,NA,NA,NA,NA,NA,NA,NA,NA,NA,"Lake","Lake Malawi",28951795749.1886,"Enteromius litamba"
"1883332072","Enteromius litamba (Keilhack, 1908)",-13.419,34.8599,"osiic","9c2cc134-5b4c-497a-8445-c45610722317","7bc628b1-114a-41e0-b0db-b81170b0d2a1","e0f2d99d-f183-469a-adb1-f321a3c4609f","7d77970a-28ba-43e3-9dc8-de37db3e1894","MZ","EML","2025-01-23T18:33:42.052+00:00","2025-01-31T23:45:15.781+00:00",212,"HUMAN_OBSERVATION","PRESENT",9240381,1,44,1153,7336,2363128,9240381,9240381,"Enteromius litamba (Keilhack, 1908)","Animalia","Chordata","Cypriniformes","Cyprinidae","Enteromius","Enteromius litamba","Enteromius","litamba","SPECIES","ACCEPTED","DD","2018-01-01T00:00:00",15000,"AFRICA","Niassa",2013,2,14,"2013-02-14",45,45,NA,"2025-01-31T23:45:15.781+00:00",NA,"http://creativecommons.org/licenses/by/4.0/legalcode",FALSE,"urn:catalog:IIP:MOZ:Niassa:fish:15197","none","none",FALSE,"Instituto Nacional de Investigação Pesqueira","João Saide","João Saide","WGS84","MZ","none","none","AFRICA","Mozambique","AFRICA",NA,"urn:catalog:IIP:MOZ:Niassa:fish:15197",NA,NA,"1883332072",NA,NA,"urn:catalog:IIP:MOZ:Niassa:fish:15197",NA,NA,"IIP",NA,NA,NA,"Enteromius litamba (Keilhack, 1908)",NA,NA,NA,"BID-AF2017-0047-NAC",NA,NA,NA,1,NA,NA,NA,NA,NA,NA,NA,NA,NA,NA,"Gillnet",NA,NA,NA,"Foz do Rio de Laga",NA,475.5,NA,NA,NA,NA,NA,NA,NA,NA,NA,"Lichinga","Indeterminate",NA,NA,NA,NA,NA,NA,NA,NA,NA,NA,NA,NA,NA,NA,NA,NA,NA,"BID",NA,NA,NA,NA,NA,NA,NA,NA,NA,NA,NA,NA,NA,NA,NA,NA,NA,NA,NA,NA,NA,NA,NA,NA,NA,"Manual locality search",NA,NA,NA,NA,NA,NA,NA,NA,NA,NA,NA,NA,NA,NA,NA,NA,NA,NA,NA,NA,NA,NA,NA,NA,NA,NA,NA,NA,"Lake","Lake Malawi",28951795749.1886,"Enteromius litamba"
"1883332106","Enteromius litamba (Keilhack, 1908)",-13.386,34.8556,"osiic","9c2cc134-5b4c-497a-8445-c45610722317","7bc628b1-114a-41e0-b0db-b81170b0d2a1","e0f2d99d-f183-469a-adb1-f321a3c4609f","7d77970a-28ba-43e3-9dc8-de37db3e1894","MZ","EML","2025-01-23T18:33:42.052+00:00","2025-01-31T23:45:15.768+00:00",212,"HUMAN_OBSERVATION","PRESENT",9240381,1,44,1153,7336,2363128,9240381,9240381,"Enteromius litamba (Keilhack, 1908)","Animalia","Chordata","Cypriniformes","Cyprinidae","Enteromius","Enteromius litamba","Enteromius","litamba","SPECIES","ACCEPTED","DD","2018-01-01T00:00:00",15000,"AFRICA","Niassa",2013,2,19,"2013-02-19",50,50,NA,"2025-01-31T23:45:15.768+00:00",NA,"http://creativecommons.org/licenses/by/4.0/legalcode",FALSE,"urn:catalog:IIP:MOZ:Niassa:fish:15253","none","none",FALSE,"Instituto Nacional de Investigação Pesqueira","João Saide","João Saide","WGS84","MZ","none","none","AFRICA","Mozambique","AFRICA",NA,"urn:catalog:IIP:MOZ:Niassa:fish:15253",NA,NA,"1883332106",NA,NA,"urn:catalog:IIP:MOZ:Niassa:fish:15253",NA,NA,"IIP",NA,NA,NA,"Enteromius litamba (Keilhack, 1908)",NA,NA,NA,"BID-AF2017-0047-NAC",NA,NA,NA,1,NA,NA,NA,NA,NA,NA,NA,NA,NA,NA,"Gillnet",NA,NA,NA,"Foz do Rio de Laga",NA,519.7,NA,NA,NA,NA,NA,NA,NA,NA,NA,"Lichinga","Indeterminate",NA,NA,NA,NA,NA,NA,NA,NA,NA,NA,NA,NA,NA,NA,NA,NA,NA,"BID",NA,NA,NA,NA,NA,NA,NA,NA,NA,NA,NA,NA,NA,NA,NA,NA,NA,NA,NA,NA,NA,NA,NA,NA,NA,"Manual locality search",NA,NA,NA,NA,NA,NA,NA,NA,NA,NA,NA,NA,NA,NA,NA,NA,NA,NA,NA,NA,NA,NA,NA,NA,NA,NA,NA,NA,"Lake","Lake Malawi",28951795749.1886,"Enteromius litamba"
"1883332141","Enteromius litamba (Keilhack, 1908)",-12.38,34.7069,"osiic","9c2cc134-5b4c-497a-8445-c45610722317","7bc628b1-114a-41e0-b0db-b81170b0d2a1","e0f2d99d-f183-469a-adb1-f321a3c4609f","7d77970a-28ba-43e3-9dc8-de37db3e1894","MZ","EML","2025-01-23T18:33:42.052+00:00","2025-01-31T23:45:15.770+00:00",212,"HUMAN_OBSERVATION","PRESENT",9240381,1,44,1153,7336,2363128,9240381,9240381,"Enteromius litamba (Keilhack, 1908)","Animalia","Chordata","Cypriniformes","Cyprinidae","Enteromius","Enteromius litamba","Enteromius","litamba","SPECIES","ACCEPTED","DD","2018-01-01T00:00:00",15000,"AFRICA","Niassa",2013,2,19,"2013-02-19",50,50,NA,"2025-01-31T23:45:15.770+00:00",NA,"http://creativecommons.org/licenses/by/4.0/legalcode",FALSE,"urn:catalog:IIP:MOZ:Niassa:fish:15260","none","none",FALSE,"Instituto Nacional de Investigação Pesqueira","Estevão Juma","Estevão Juma","WGS84","MZ","none","none","AFRICA","Mozambique","AFRICA",NA,"urn:catalog:IIP:MOZ:Niassa:fish:15260",NA,NA,"1883332141",NA,NA,"urn:catalog:IIP:MOZ:Niassa:fish:15260",NA,NA,"IIP",NA,NA,NA,"Enteromius litamba (Keilhack, 1908)",NA,NA,NA,"BID-AF2017-0047-NAC",NA,NA,NA,3,NA,NA,NA,NA,NA,NA,NA,NA,NA,NA,"Gillnet",NA,NA,NA,"Foz do Rio do Lago",NA,479.3,NA,NA,NA,NA,NA,NA,NA,NA,NA,"Lago","Indeterminate",NA,NA,NA,NA,NA,NA,NA,NA,NA,NA,NA,NA,NA,NA,NA,NA,NA,"BID",NA,NA,NA,NA,NA,NA,NA,NA,NA,NA,NA,NA,NA,NA,NA,NA,NA,NA,NA,NA,NA,NA,NA,NA,NA,"Manual locality search",NA,NA,NA,NA,NA,NA,NA,NA,NA,NA,NA,NA,NA,NA,NA,NA,NA,NA,NA,NA,NA,NA,NA,NA,NA,NA,NA,NA,"Lake","Lake Malawi",28951795749.1886,"Enteromius litamba"
"1883332311","Enteromius litamba (Keilhack, 1908)",-13.386,34.8556,"osiic","9c2cc134-5b4c-497a-8445-c45610722317","7bc628b1-114a-41e0-b0db-b81170b0d2a1","e0f2d99d-f183-469a-adb1-f321a3c4609f","7d77970a-28ba-43e3-9dc8-de37db3e1894","MZ","EML","2025-01-23T18:33:42.052+00:00","2025-01-31T23:45:15.645+00:00",212,"HUMAN_OBSERVATION","PRESENT",9240381,1,44,1153,7336,2363128,9240381,9240381,"Enteromius litamba (Keilhack, 1908)","Animalia","Chordata","Cypriniformes","Cyprinidae","Enteromius","Enteromius litamba","Enteromius","litamba","SPECIES","ACCEPTED","DD","2018-01-01T00:00:00",15000,"AFRICA","Niassa",2013,3,8,"2013-03-08",67,67,NA,"2025-01-31T23:45:15.645+00:00",NA,"http://creativecommons.org/licenses/by/4.0/legalcode",FALSE,"urn:catalog:IIP:MOZ:Niassa:fish:15424","none","none",FALSE,"Instituto Nacional de Investigação Pesqueira","João Saide","João Saide","WGS84","MZ","none","none","AFRICA","Mozambique","AFRICA",NA,"urn:catalog:IIP:MOZ:Niassa:fish:15424",NA,NA,"1883332311",NA,NA,"urn:catalog:IIP:MOZ:Niassa:fish:15424",NA,NA,"IIP",NA,NA,NA,"Enteromius litamba (Keilhack, 1908)",NA,NA,NA,"BID-AF2017-0047-NAC",NA,NA,NA,1,NA,NA,NA,NA,NA,NA,NA,NA,NA,NA,"Gillnet",NA,NA,NA,"Foz do Rio de Laga",NA,519.7,NA,NA,NA,NA,NA,NA,NA,NA,NA,"Lichinga","Indeterminate",NA,NA,NA,NA,NA,NA,NA,NA,NA,NA,NA,NA,NA,NA,NA,NA,NA,"BID",NA,NA,NA,NA,NA,NA,NA,NA,NA,NA,NA,NA,NA,NA,NA,NA,NA,NA,NA,NA,NA,NA,NA,NA,NA,"Manual locality search",NA,NA,NA,NA,NA,NA,NA,NA,NA,NA,NA,NA,NA,NA,NA,NA,NA,NA,NA,NA,NA,NA,NA,NA,NA,NA,NA,NA,"Lake","Lake Malawi",28951795749.1886,"Enteromius litamba"
"1883332339","Enteromius litamba (Keilhack, 1908)",-13.386,34.8556,"osiic","9c2cc134-5b4c-497a-8445-c45610722317","7bc628b1-114a-41e0-b0db-b81170b0d2a1","e0f2d99d-f183-469a-adb1-f321a3c4609f","7d77970a-28ba-43e3-9dc8-de37db3e1894","MZ","EML","2025-01-23T18:33:42.052+00:00","2025-01-31T23:45:15.651+00:00",212,"HUMAN_OBSERVATION","PRESENT",9240381,1,44,1153,7336,2363128,9240381,9240381,"Enteromius litamba (Keilhack, 1908)","Animalia","Chordata","Cypriniformes","Cyprinidae","Enteromius","Enteromius litamba","Enteromius","litamba","SPECIES","ACCEPTED","DD","2018-01-01T00:00:00",15000,"AFRICA","Niassa",2013,3,11,"2013-03-11",70,70,NA,"2025-01-31T23:45:15.651+00:00",NA,"http://creativecommons.org/licenses/by/4.0/legalcode",FALSE,"urn:catalog:IIP:MOZ:Niassa:fish:15434","none","none",FALSE,"Instituto Nacional de Investigação Pesqueira","João Saide","João Saide","WGS84","MZ","none","none","AFRICA","Mozambique","AFRICA",NA,"urn:catalog:IIP:MOZ:Niassa:fish:15434",NA,NA,"1883332339",NA,NA,"urn:catalog:IIP:MOZ:Niassa:fish:15434",NA,NA,"IIP",NA,NA,NA,"Enteromius litamba (Keilhack, 1908)",NA,NA,NA,"BID-AF2017-0047-NAC",NA,NA,NA,2,NA,NA,NA,NA,NA,NA,NA,NA,NA,NA,"Gillnet",NA,NA,NA,"Foz do Rio de Laga",NA,519.7,NA,NA,NA,NA,NA,NA,NA,NA,NA,"Lichinga","Indeterminate",NA,NA,NA,NA,NA,NA,NA,NA,NA,NA,NA,NA,NA,NA,NA,NA,NA,"BID",NA,NA,NA,NA,NA,NA,NA,NA,NA,NA,NA,NA,NA,NA,NA,NA,NA,NA,NA,NA,NA,NA,NA,NA,NA,"Manual locality search",NA,NA,NA,NA,NA,NA,NA,NA,NA,NA,NA,NA,NA,NA,NA,NA,NA,NA,NA,NA,NA,NA,NA,NA,NA,NA,NA,NA,"Lake","Lake Malawi",28951795749.1886,"Enteromius litamba"
"1883332398","Enteromius litamba (Keilhack, 1908)",-12.38,34.7069,"osiic","9c2cc134-5b4c-497a-8445-c45610722317","7bc628b1-114a-41e0-b0db-b81170b0d2a1","e0f2d99d-f183-469a-adb1-f321a3c4609f","7d77970a-28ba-43e3-9dc8-de37db3e1894","MZ","EML","2025-01-23T18:33:42.052+00:00","2025-01-31T23:45:15.978+00:00",212,"HUMAN_OBSERVATION","PRESENT",9240381,1,44,1153,7336,2363128,9240381,9240381,"Enteromius litamba (Keilhack, 1908)","Animalia","Chordata","Cypriniformes","Cyprinidae","Enteromius","Enteromius litamba","Enteromius","litamba","SPECIES","ACCEPTED","DD","2018-01-01T00:00:00",15000,"AFRICA","Niassa",2013,3,25,"2013-03-25",84,84,NA,"2025-01-31T23:45:15.978+00:00",NA,"http://creativecommons.org/licenses/by/4.0/legalcode",FALSE,"urn:catalog:IIP:MOZ:Niassa:fish:15619","none","none",FALSE,"Instituto Nacional de Investigação Pesqueira","Estevão Juma","Estevão Juma","WGS84","MZ","none","none","AFRICA","Mozambique","AFRICA",NA,"urn:catalog:IIP:MOZ:Niassa:fish:15619",NA,NA,"1883332398",NA,NA,"urn:catalog:IIP:MOZ:Niassa:fish:15619",NA,NA,"IIP",NA,NA,NA,"Enteromius litamba (Keilhack, 1908)",NA,NA,NA,"BID-AF2017-0047-NAC",NA,NA,NA,2,NA,NA,NA,NA,NA,NA,NA,NA,NA,NA,"Gillnet",NA,NA,NA,"Foz do Rio do Lago",NA,479.3,NA,NA,NA,NA,NA,NA,NA,NA,NA,"Lago","Indeterminate",NA,NA,NA,NA,NA,NA,NA,NA,NA,NA,NA,NA,NA,NA,NA,NA,NA,"BID",NA,NA,NA,NA,NA,NA,NA,NA,NA,NA,NA,NA,NA,NA,NA,NA,NA,NA,NA,NA,NA,NA,NA,NA,NA,"Manual locality search",NA,NA,NA,NA,NA,NA,NA,NA,NA,NA,NA,NA,NA,NA,NA,NA,NA,NA,NA,NA,NA,NA,NA,NA,NA,NA,NA,NA,"Lake","Lake Malawi",28951795749.1886,"Enteromius litamba"
"1883333014","Enteromius litamba (Keilhack, 1908)",-13.386,34.8556,"osiic","9c2cc134-5b4c-497a-8445-c45610722317","7bc628b1-114a-41e0-b0db-b81170b0d2a1","e0f2d99d-f183-469a-adb1-f321a3c4609f","7d77970a-28ba-43e3-9dc8-de37db3e1894","MZ","EML","2025-01-23T18:33:42.052+00:00","2025-01-31T23:45:17.438+00:00",212,"HUMAN_OBSERVATION","PRESENT",9240381,1,44,1153,7336,2363128,9240381,9240381,"Enteromius litamba (Keilhack, 1908)","Animalia","Chordata","Cypriniformes","Cyprinidae","Enteromius","Enteromius litamba","Enteromius","litamba","SPECIES","ACCEPTED","DD","2018-01-01T00:00:00",15000,"AFRICA","Niassa",2013,6,3,"2013-06-03",154,154,NA,"2025-01-31T23:45:17.438+00:00",NA,"http://creativecommons.org/licenses/by/4.0/legalcode",FALSE,"urn:catalog:IIP:MOZ:Niassa:fish:16081","none","none",FALSE,"Instituto Nacional de Investigação Pesqueira","João Saide","João Saide","WGS84","MZ","none","none","AFRICA","Mozambique","AFRICA",NA,"urn:catalog:IIP:MOZ:Niassa:fish:16081",NA,NA,"1883333014",NA,NA,"urn:catalog:IIP:MOZ:Niassa:fish:16081",NA,NA,"IIP",NA,NA,NA,"Enteromius litamba (Keilhack, 1908)",NA,NA,NA,"BID-AF2017-0047-NAC",NA,NA,NA,1,NA,NA,NA,NA,NA,NA,NA,NA,NA,NA,"Gillnet",NA,NA,NA,"Foz do Rio de Laga",NA,519.7,NA,NA,NA,NA,NA,NA,NA,NA,NA,"Lichinga","Indeterminate",NA,NA,NA,NA,NA,NA,NA,NA,NA,NA,NA,NA,NA,NA,NA,NA,NA,"BID",NA,NA,NA,NA,NA,NA,NA,NA,NA,NA,NA,NA,NA,NA,NA,NA,NA,NA,NA,NA,NA,NA,NA,NA,NA,"Manual locality search",NA,NA,NA,NA,NA,NA,NA,NA,NA,NA,NA,NA,NA,NA,NA,NA,NA,NA,NA,NA,NA,NA,NA,NA,NA,NA,NA,NA,"Lake","Lake Malawi",28951795749.1886,"Enteromius litamba"
"1883333539","Enteromius litamba (Keilhack, 1908)",-13.386,34.8556,"osiic","9c2cc134-5b4c-497a-8445-c45610722317","7bc628b1-114a-41e0-b0db-b81170b0d2a1","e0f2d99d-f183-469a-adb1-f321a3c4609f","7d77970a-28ba-43e3-9dc8-de37db3e1894","MZ","EML","2025-01-23T18:33:42.052+00:00","2025-01-31T23:45:17.466+00:00",212,"HUMAN_OBSERVATION","PRESENT",9240381,1,44,1153,7336,2363128,9240381,9240381,"Enteromius litamba (Keilhack, 1908)","Animalia","Chordata","Cypriniformes","Cyprinidae","Enteromius","Enteromius litamba","Enteromius","litamba","SPECIES","ACCEPTED","DD","2018-01-01T00:00:00",15000,"AFRICA","Niassa",2013,8,14,"2013-08-14",226,226,NA,"2025-01-31T23:45:17.466+00:00",NA,"http://creativecommons.org/licenses/by/4.0/legalcode",FALSE,"urn:catalog:IIP:MOZ:Niassa:fish:16696","none","none",FALSE,"Instituto Nacional de Investigação Pesqueira","João Saide","João Saide","WGS84","MZ","none","none","AFRICA","Mozambique","AFRICA",NA,"urn:catalog:IIP:MOZ:Niassa:fish:16696",NA,NA,"1883333539",NA,NA,"urn:catalog:IIP:MOZ:Niassa:fish:16696",NA,NA,"IIP",NA,NA,NA,"Enteromius litamba (Keilhack, 1908)",NA,NA,NA,"BID-AF2017-0047-NAC",NA,NA,NA,1,NA,NA,NA,NA,NA,NA,NA,NA,NA,NA,"Gillnet",NA,NA,NA,"Foz do Rio de Laga",NA,519.7,NA,NA,NA,NA,NA,NA,NA,NA,NA,"Lichinga","Indeterminate",NA,NA,NA,NA,NA,NA,NA,NA,NA,NA,NA,NA,NA,NA,NA,NA,NA,"BID",NA,NA,NA,NA,NA,NA,NA,NA,NA,NA,NA,NA,NA,NA,NA,NA,NA,NA,NA,NA,NA,NA,NA,NA,NA,"Manual locality search",NA,NA,NA,NA,NA,NA,NA,NA,NA,NA,NA,NA,NA,NA,NA,NA,NA,NA,NA,NA,NA,NA,NA,NA,NA,NA,NA,NA,"Lake","Lake Malawi",28951795749.1886,"Enteromius litamba"
"1883333714","Enteromius litamba (Keilhack, 1908)",-12.078,34.8118,"osiic","9c2cc134-5b4c-497a-8445-c45610722317","7bc628b1-114a-41e0-b0db-b81170b0d2a1","e0f2d99d-f183-469a-adb1-f321a3c4609f","7d77970a-28ba-43e3-9dc8-de37db3e1894","MZ","EML","2025-01-23T18:33:42.052+00:00","2025-01-31T23:45:17.487+00:00",212,"HUMAN_OBSERVATION","PRESENT",9240381,1,44,1153,7336,2363128,9240381,9240381,"Enteromius litamba (Keilhack, 1908)","Animalia","Chordata","Cypriniformes","Cyprinidae","Enteromius","Enteromius litamba","Enteromius","litamba","SPECIES","ACCEPTED","DD","2018-01-01T00:00:00",15000,"AFRICA","Niassa",2013,8,22,"2013-08-22",234,234,NA,"2025-01-31T23:45:17.487+00:00",NA,"http://creativecommons.org/licenses/by/4.0/legalcode",FALSE,"urn:catalog:IIP:MOZ:Niassa:fish:16769","none","none",FALSE,"Instituto Nacional de Investigação Pesqueira","Ernesto Cauele","Ernesto Cauele","WGS84","MZ","none","none","AFRICA","Mozambique","AFRICA",NA,"urn:catalog:IIP:MOZ:Niassa:fish:16769",NA,NA,"1883333714",NA,NA,"urn:catalog:IIP:MOZ:Niassa:fish:16769",NA,NA,"IIP",NA,NA,NA,"Enteromius litamba (Keilhack, 1908)",NA,NA,NA,"BID-AF2017-0047-NAC",NA,NA,NA,2,NA,NA,NA,NA,NA,NA,NA,NA,NA,NA,"Gillnet",NA,NA,NA,"Foz do Rio do Lago",NA,480.6,NA,NA,NA,NA,NA,NA,NA,NA,NA,"Lago","Indeterminate",NA,NA,NA,NA,NA,NA,NA,NA,NA,NA,NA,NA,NA,NA,NA,NA,NA,"BID",NA,NA,NA,NA,NA,NA,NA,NA,NA,NA,NA,NA,NA,NA,NA,NA,NA,NA,NA,NA,NA,NA,NA,NA,NA,"Manual locality search",NA,NA,NA,NA,NA,NA,NA,NA,NA,NA,NA,NA,NA,NA,NA,NA,NA,NA,NA,NA,NA,NA,NA,NA,NA,NA,NA,NA,"Lake","Lake Malawi",28951795749.1886,"Enteromius litamba"
"1883333948","Enteromius litamba (Keilhack, 1908)",-12.467,34.7004,"osiic","9c2cc134-5b4c-497a-8445-c45610722317","7bc628b1-114a-41e0-b0db-b81170b0d2a1","e0f2d99d-f183-469a-adb1-f321a3c4609f","7d77970a-28ba-43e3-9dc8-de37db3e1894","MZ","EML","2025-01-23T18:33:42.052+00:00","2025-01-31T23:45:15.272+00:00",212,"HUMAN_OBSERVATION","PRESENT",9240381,1,44,1153,7336,2363128,9240381,9240381,"Enteromius litamba (Keilhack, 1908)","Animalia","Chordata","Cypriniformes","Cyprinidae","Enteromius","Enteromius litamba","Enteromius","litamba","SPECIES","ACCEPTED","DD","2018-01-01T00:00:00",15000,"AFRICA","Niassa",2013,10,8,"2013-10-08",281,281,NA,"2025-01-31T23:45:15.272+00:00",NA,"http://creativecommons.org/licenses/by/4.0/legalcode",FALSE,"urn:catalog:IIP:MOZ:Niassa:fish:17140","none","none",FALSE,"Instituto Nacional de Investigação Pesqueira","Estevão Juma","Estevão Juma","WGS84","MZ","none","none","AFRICA","Mozambique","AFRICA",NA,"urn:catalog:IIP:MOZ:Niassa:fish:17140",NA,NA,"1883333948",NA,NA,"urn:catalog:IIP:MOZ:Niassa:fish:17140",NA,NA,"IIP",NA,NA,NA,"Enteromius litamba (Keilhack, 1908)",NA,NA,NA,"BID-AF2017-0047-NAC",NA,NA,NA,1,NA,NA,NA,NA,NA,NA,NA,NA,NA,NA,"Gillnet",NA,NA,NA,"Lago Aberto do Lago",NA,478,NA,NA,NA,NA,NA,NA,NA,NA,NA,"Lago","Indeterminate",NA,NA,NA,NA,NA,NA,NA,NA,NA,NA,NA,NA,NA,NA,NA,NA,NA,"BID",NA,NA,NA,NA,NA,NA,NA,NA,NA,NA,NA,NA,NA,NA,NA,NA,NA,NA,NA,NA,NA,NA,NA,NA,NA,"Manual locality search",NA,NA,NA,NA,NA,NA,NA,NA,NA,NA,NA,NA,NA,NA,NA,NA,NA,NA,NA,NA,NA,NA,NA,NA,NA,NA,NA,NA,"Lake","Lake Malawi",28951795749.1886,"Enteromius litamba"
"1883334416","Enteromius litamba (Keilhack, 1908)",-13.386,34.8556,"osiic","9c2cc134-5b4c-497a-8445-c45610722317","7bc628b1-114a-41e0-b0db-b81170b0d2a1","e0f2d99d-f183-469a-adb1-f321a3c4609f","7d77970a-28ba-43e3-9dc8-de37db3e1894","MZ","EML","2025-01-23T18:33:42.052+00:00","2025-01-31T23:45:15.401+00:00",212,"HUMAN_OBSERVATION","PRESENT",9240381,1,44,1153,7336,2363128,9240381,9240381,"Enteromius litamba (Keilhack, 1908)","Animalia","Chordata","Cypriniformes","Cyprinidae","Enteromius","Enteromius litamba","Enteromius","litamba","SPECIES","ACCEPTED","DD","2018-01-01T00:00:00",15000,"AFRICA","Niassa",2013,11,26,"2013-11-26",330,330,NA,"2025-01-31T23:45:15.401+00:00",NA,"http://creativecommons.org/licenses/by/4.0/legalcode",FALSE,"urn:catalog:IIP:MOZ:Niassa:fish:17542","none","none",FALSE,"Instituto Nacional de Investigação Pesqueira","João Saide","João Saide","WGS84","MZ","none","none","AFRICA","Mozambique","AFRICA",NA,"urn:catalog:IIP:MOZ:Niassa:fish:17542",NA,NA,"1883334416",NA,NA,"urn:catalog:IIP:MOZ:Niassa:fish:17542",NA,NA,"IIP",NA,NA,NA,"Enteromius litamba (Keilhack, 1908)",NA,NA,NA,"BID-AF2017-0047-NAC",NA,NA,NA,4,NA,NA,NA,NA,NA,NA,NA,NA,NA,NA,"Gillnet",NA,NA,NA,"Foz do Rio de Laga",NA,519.7,NA,NA,NA,NA,NA,NA,NA,NA,NA,"Lichinga","Indeterminate",NA,NA,NA,NA,NA,NA,NA,NA,NA,NA,NA,NA,NA,NA,NA,NA,NA,"BID",NA,NA,NA,NA,NA,NA,NA,NA,NA,NA,NA,NA,NA,NA,NA,NA,NA,NA,NA,NA,NA,NA,NA,NA,NA,"Manual locality search",NA,NA,NA,NA,NA,NA,NA,NA,NA,NA,NA,NA,NA,NA,NA,NA,NA,NA,NA,NA,NA,NA,NA,NA,NA,NA,NA,NA,"Lake","Lake Malawi",28951795749.1886,"Enteromius litamba"
"1883334446","Enteromius litamba (Keilhack, 1908)",-13.386,34.8556,"osiic","9c2cc134-5b4c-497a-8445-c45610722317","7bc628b1-114a-41e0-b0db-b81170b0d2a1","e0f2d99d-f183-469a-adb1-f321a3c4609f","7d77970a-28ba-43e3-9dc8-de37db3e1894","MZ","EML","2025-01-23T18:33:42.052+00:00","2025-01-31T23:45:15.400+00:00",212,"HUMAN_OBSERVATION","PRESENT",9240381,1,44,1153,7336,2363128,9240381,9240381,"Enteromius litamba (Keilhack, 1908)","Animalia","Chordata","Cypriniformes","Cyprinidae","Enteromius","Enteromius litamba","Enteromius","litamba","SPECIES","ACCEPTED","DD","2018-01-01T00:00:00",15000,"AFRICA","Niassa",2013,11,27,"2013-11-27",331,331,NA,"2025-01-31T23:45:15.400+00:00",NA,"http://creativecommons.org/licenses/by/4.0/legalcode",FALSE,"urn:catalog:IIP:MOZ:Niassa:fish:17557","none","none",FALSE,"Instituto Nacional de Investigação Pesqueira","João Saide","João Saide","WGS84","MZ","none","none","AFRICA","Mozambique","AFRICA",NA,"urn:catalog:IIP:MOZ:Niassa:fish:17557",NA,NA,"1883334446",NA,NA,"urn:catalog:IIP:MOZ:Niassa:fish:17557",NA,NA,"IIP",NA,NA,NA,"Enteromius litamba (Keilhack, 1908)",NA,NA,NA,"BID-AF2017-0047-NAC",NA,NA,NA,1,NA,NA,NA,NA,NA,NA,NA,NA,NA,NA,"Gillnet",NA,NA,NA,"Foz do Rio de Laga",NA,519.7,NA,NA,NA,NA,NA,NA,NA,NA,NA,"Lichinga","Indeterminate",NA,NA,NA,NA,NA,NA,NA,NA,NA,NA,NA,NA,NA,NA,NA,NA,NA,"BID",NA,NA,NA,NA,NA,NA,NA,NA,NA,NA,NA,NA,NA,NA,NA,NA,NA,NA,NA,NA,NA,NA,NA,NA,NA,"Manual locality search",NA,NA,NA,NA,NA,NA,NA,NA,NA,NA,NA,NA,NA,NA,NA,NA,NA,NA,NA,NA,NA,NA,NA,NA,NA,NA,NA,NA,"Lake","Lake Malawi",28951795749.1886,"Enteromius litamba"
"1883334445","Enteromius litamba (Keilhack, 1908)",-13.386,34.8556,"osiic","9c2cc134-5b4c-497a-8445-c45610722317","7bc628b1-114a-41e0-b0db-b81170b0d2a1","e0f2d99d-f183-469a-adb1-f321a3c4609f","7d77970a-28ba-43e3-9dc8-de37db3e1894","MZ","EML","2025-01-23T18:33:42.052+00:00","2025-01-31T23:45:15.437+00:00",212,"HUMAN_OBSERVATION","PRESENT",9240381,1,44,1153,7336,2363128,9240381,9240381,"Enteromius litamba (Keilhack, 1908)","Animalia","Chordata","Cypriniformes","Cyprinidae","Enteromius","Enteromius litamba","Enteromius","litamba","SPECIES","ACCEPTED","DD","2018-01-01T00:00:00",15000,"AFRICA","Niassa",2013,12,2,"2013-12-02",336,336,NA,"2025-01-31T23:45:15.437+00:00",NA,"http://creativecommons.org/licenses/by/4.0/legalcode",FALSE,"urn:catalog:IIP:MOZ:Niassa:fish:17583","none","none",FALSE,"Instituto Nacional de Investigação Pesqueira","João Saide","João Saide","WGS84","MZ","none","none","AFRICA","Mozambique","AFRICA",NA,"urn:catalog:IIP:MOZ:Niassa:fish:17583",NA,NA,"1883334445",NA,NA,"urn:catalog:IIP:MOZ:Niassa:fish:17583",NA,NA,"IIP",NA,NA,NA,"Enteromius litamba (Keilhack, 1908)",NA,NA,NA,"BID-AF2017-0047-NAC",NA,NA,NA,1,NA,NA,NA,NA,NA,NA,NA,NA,NA,NA,"Gillnet",NA,NA,NA,"Foz do Rio de Laga",NA,519.7,NA,NA,NA,NA,NA,NA,NA,NA,NA,"Lichinga","Indeterminate",NA,NA,NA,NA,NA,NA,NA,NA,NA,NA,NA,NA,NA,NA,NA,NA,NA,"BID",NA,NA,NA,NA,NA,NA,NA,NA,NA,NA,NA,NA,NA,NA,NA,NA,NA,NA,NA,NA,NA,NA,NA,NA,NA,"Manual locality search",NA,NA,NA,NA,NA,NA,NA,NA,NA,NA,NA,NA,NA,NA,NA,NA,NA,NA,NA,NA,NA,NA,NA,NA,NA,NA,NA,NA,"Lake","Lake Malawi",28951795749.1886,"Enteromius litamba"
"1883334456","Enteromius litamba (Keilhack, 1908)",-12.078,34.8118,"osiic","9c2cc134-5b4c-497a-8445-c45610722317","7bc628b1-114a-41e0-b0db-b81170b0d2a1","e0f2d99d-f183-469a-adb1-f321a3c4609f","7d77970a-28ba-43e3-9dc8-de37db3e1894","MZ","EML","2025-01-23T18:33:42.052+00:00","2025-01-31T23:45:15.442+00:00",212,"HUMAN_OBSERVATION","PRESENT",9240381,1,44,1153,7336,2363128,9240381,9240381,"Enteromius litamba (Keilhack, 1908)","Animalia","Chordata","Cypriniformes","Cyprinidae","Enteromius","Enteromius litamba","Enteromius","litamba","SPECIES","ACCEPTED","DD","2018-01-01T00:00:00",15000,"AFRICA","Niassa",2013,12,3,"2013-12-03",337,337,NA,"2025-01-31T23:45:15.442+00:00",NA,"http://creativecommons.org/licenses/by/4.0/legalcode",FALSE,"urn:catalog:IIP:MOZ:Niassa:fish:17595","none","none",FALSE,"Instituto Nacional de Investigação Pesqueira","Ernesto Cauele","Ernesto Cauele","WGS84","MZ","none","none","AFRICA","Mozambique","AFRICA",NA,"urn:catalog:IIP:MOZ:Niassa:fish:17595",NA,NA,"1883334456",NA,NA,"urn:catalog:IIP:MOZ:Niassa:fish:17595",NA,NA,"IIP",NA,NA,NA,"Enteromius litamba (Keilhack, 1908)",NA,NA,NA,"BID-AF2017-0047-NAC",NA,NA,NA,7,NA,NA,NA,NA,NA,NA,NA,NA,NA,NA,"Gillnet",NA,NA,NA,"Foz do Rio do Lago",NA,480.6,NA,NA,NA,NA,NA,NA,NA,NA,NA,"Lago","Indeterminate",NA,NA,NA,NA,NA,NA,NA,NA,NA,NA,NA,NA,NA,NA,NA,NA,NA,"BID",NA,NA,NA,NA,NA,NA,NA,NA,NA,NA,NA,NA,NA,NA,NA,NA,NA,NA,NA,NA,NA,NA,NA,NA,NA,"Manual locality search",NA,NA,NA,NA,NA,NA,NA,NA,NA,NA,NA,NA,NA,NA,NA,NA,NA,NA,NA,NA,NA,NA,NA,NA,NA,NA,NA,NA,"Lake","Lake Malawi",28951795749.1886,"Enteromius litamba"
"1883334496","Enteromius litamba (Keilhack, 1908)",-13.386,34.8556,"osiic","9c2cc134-5b4c-497a-8445-c45610722317","7bc628b1-114a-41e0-b0db-b81170b0d2a1","e0f2d99d-f183-469a-adb1-f321a3c4609f","7d77970a-28ba-43e3-9dc8-de37db3e1894","MZ","EML","2025-01-23T18:33:42.052+00:00","2025-01-31T23:45:15.417+00:00",212,"HUMAN_OBSERVATION","PRESENT",9240381,1,44,1153,7336,2363128,9240381,9240381,"Enteromius litamba (Keilhack, 1908)","Animalia","Chordata","Cypriniformes","Cyprinidae","Enteromius","Enteromius litamba","Enteromius","litamba","SPECIES","ACCEPTED","DD","2018-01-01T00:00:00",15000,"AFRICA","Niassa",2013,12,5,"2013-12-05",339,339,NA,"2025-01-31T23:45:15.417+00:00",NA,"http://creativecommons.org/licenses/by/4.0/legalcode",FALSE,"urn:catalog:IIP:MOZ:Niassa:fish:17637","none","none",FALSE,"Instituto Nacional de Investigação Pesqueira","João Saide","João Saide","WGS84","MZ","none","none","AFRICA","Mozambique","AFRICA",NA,"urn:catalog:IIP:MOZ:Niassa:fish:17637",NA,NA,"1883334496",NA,NA,"urn:catalog:IIP:MOZ:Niassa:fish:17637",NA,NA,"IIP",NA,NA,NA,"Enteromius litamba (Keilhack, 1908)",NA,NA,NA,"BID-AF2017-0047-NAC",NA,NA,NA,1,NA,NA,NA,NA,NA,NA,NA,NA,NA,NA,"Gillnet",NA,NA,NA,"Foz do Rio de Laga",NA,519.7,NA,NA,NA,NA,NA,NA,NA,NA,NA,"Lichinga","Indeterminate",NA,NA,NA,NA,NA,NA,NA,NA,NA,NA,NA,NA,NA,NA,NA,NA,NA,"BID",NA,NA,NA,NA,NA,NA,NA,NA,NA,NA,NA,NA,NA,NA,NA,NA,NA,NA,NA,NA,NA,NA,NA,NA,NA,"Manual locality search",NA,NA,NA,NA,NA,NA,NA,NA,NA,NA,NA,NA,NA,NA,NA,NA,NA,NA,NA,NA,NA,NA,NA,NA,NA,NA,NA,NA,"Lake","Lake Malawi",28951795749.1886,"Enteromius litamba"
"1883334575","Enteromius litamba (Keilhack, 1908)",-13.386,34.8556,"osiic","9c2cc134-5b4c-497a-8445-c45610722317","7bc628b1-114a-41e0-b0db-b81170b0d2a1","e0f2d99d-f183-469a-adb1-f321a3c4609f","7d77970a-28ba-43e3-9dc8-de37db3e1894","MZ","EML","2025-01-23T18:33:42.052+00:00","2025-01-31T23:45:15.426+00:00",212,"HUMAN_OBSERVATION","PRESENT",9240381,1,44,1153,7336,2363128,9240381,9240381,"Enteromius litamba (Keilhack, 1908)","Animalia","Chordata","Cypriniformes","Cyprinidae","Enteromius","Enteromius litamba","Enteromius","litamba","SPECIES","ACCEPTED","DD","2018-01-01T00:00:00",15000,"AFRICA","Niassa",2013,12,9,"2013-12-09",343,343,NA,"2025-01-31T23:45:15.426+00:00",NA,"http://creativecommons.org/licenses/by/4.0/legalcode",FALSE,"urn:catalog:IIP:MOZ:Niassa:fish:17677","none","none",FALSE,"Instituto Nacional de Investigação Pesqueira","João Saide","João Saide","WGS84","MZ","none","none","AFRICA","Mozambique","AFRICA",NA,"urn:catalog:IIP:MOZ:Niassa:fish:17677",NA,NA,"1883334575",NA,NA,"urn:catalog:IIP:MOZ:Niassa:fish:17677",NA,NA,"IIP",NA,NA,NA,"Enteromius litamba (Keilhack, 1908)",NA,NA,NA,"BID-AF2017-0047-NAC",NA,NA,NA,1,NA,NA,NA,NA,NA,NA,NA,NA,NA,NA,"Gillnet",NA,NA,NA,"Foz do Rio de Laga",NA,519.7,NA,NA,NA,NA,NA,NA,NA,NA,NA,"Lichinga","Indeterminate",NA,NA,NA,NA,NA,NA,NA,NA,NA,NA,NA,NA,NA,NA,NA,NA,NA,"BID",NA,NA,NA,NA,NA,NA,NA,NA,NA,NA,NA,NA,NA,NA,NA,NA,NA,NA,NA,NA,NA,NA,NA,NA,NA,"Manual locality search",NA,NA,NA,NA,NA,NA,NA,NA,NA,NA,NA,NA,NA,NA,NA,NA,NA,NA,NA,NA,NA,NA,NA,NA,NA,NA,NA,NA,"Lake","Lake Malawi",28951795749.1886,"Enteromius litamba"
"1883334612","Enteromius litamba (Keilhack, 1908)",-13.419,34.8599,"osiic","9c2cc134-5b4c-497a-8445-c45610722317","7bc628b1-114a-41e0-b0db-b81170b0d2a1","e0f2d99d-f183-469a-adb1-f321a3c4609f","7d77970a-28ba-43e3-9dc8-de37db3e1894","MZ","EML","2025-01-23T18:33:42.052+00:00","2025-01-31T23:45:15.698+00:00",212,"HUMAN_OBSERVATION","PRESENT",9240381,1,44,1153,7336,2363128,9240381,9240381,"Enteromius litamba (Keilhack, 1908)","Animalia","Chordata","Cypriniformes","Cyprinidae","Enteromius","Enteromius litamba","Enteromius","litamba","SPECIES","ACCEPTED","DD","2018-01-01T00:00:00",15000,"AFRICA","Niassa",2013,12,26,"2013-12-26",360,360,NA,"2025-01-31T23:45:15.698+00:00",NA,"http://creativecommons.org/licenses/by/4.0/legalcode",FALSE,"urn:catalog:IIP:MOZ:Niassa:fish:17768","none","none",FALSE,"Instituto Nacional de Investigação Pesqueira","João Saide","João Saide","WGS84","MZ","none","none","AFRICA","Mozambique","AFRICA",NA,"urn:catalog:IIP:MOZ:Niassa:fish:17768",NA,NA,"1883334612",NA,NA,"urn:catalog:IIP:MOZ:Niassa:fish:17768",NA,NA,"IIP",NA,NA,NA,"Enteromius litamba (Keilhack, 1908)",NA,NA,NA,"BID-AF2017-0047-NAC",NA,NA,NA,1,NA,NA,NA,NA,NA,NA,NA,NA,NA,NA,"Gillnet",NA,NA,NA,"Foz do Rio de Laga",NA,475.5,NA,NA,NA,NA,NA,NA,NA,NA,NA,"Lichinga","Indeterminate",NA,NA,NA,NA,NA,NA,NA,NA,NA,NA,NA,NA,NA,NA,NA,NA,NA,"BID",NA,NA,NA,NA,NA,NA,NA,NA,NA,NA,NA,NA,NA,NA,NA,NA,NA,NA,NA,NA,NA,NA,NA,NA,NA,"Manual locality search",NA,NA,NA,NA,NA,NA,NA,NA,NA,NA,NA,NA,NA,NA,NA,NA,NA,NA,NA,NA,NA,NA,NA,NA,NA,NA,NA,NA,"Lake","Lake Malawi",28951795749.1886,"Enteromius litamba"
"1851095732","Enteromius radiatus (Peters, 1853)",0.239776,33.992266,"gass84,osiic","90b6055a-c12b-4c91-951a-7efbe184bca1","4f3d98d3-f69a-4929-9291-6c35340b6711","a114f599-3d05-4ca1-90ed-dba5b7aa5722","4f3d98d3-f69a-4929-9291-6c35340b6711","UG","EML","2025-01-23T19:14:41.902+00:00","2025-01-31T23:19:55.251+00:00",232,"HUMAN_OBSERVATION","PRESENT",9252016,1,44,1153,7336,2363128,9252016,9252016,"Enteromius radiatus (Peters, 1853)","Animalia","Chordata","Cypriniformes","Cyprinidae","Enteromius","Enteromius radiatus","Enteromius","radiatus","SPECIES","ACCEPTED","LC",NA,NA,"AFRICA",NA,2012,1,17,"2012-01-17",17,17,NA,"2025-01-31T23:19:55.251+00:00",NA,"http://creativecommons.org/licenses/by/4.0/legalcode",FALSE,"RS_NaFIRRI_4054","none","none",FALSE,NA,"Sylveseter Wandera","Sylvester Wandera","WGS84","UG","none","none","AFRICA","Uganda","AFRICA",NA,"RS_NaFIRRI_4054",NA,NA,"1851095732",NA,NA,"RS_NaFIRRI_4054",NA,NA,"NaFIRRI/National Fisheries Resources Research Institute",NA,NA,NA,"Enteromius radiatus (Peters, 1853)",NA,NA,NA,"BID-AF2017-0206-SMA",NA,NA,NA,2,NA,NA,NA,NA,NA,NA,NA,NA,NA,"Lake Victoria","Gillnetting","Lake",NA,NA,"Maduwa Inshore",NA,NA,NA,NA,NA,NA,NA,NA,NA,NA,NA,NA,NA,NA,NA,NA,NA,NA,NA,NA,NA,NA,NA,NA,NA,NA,NA,NA,NA,NA,"BID",44,"weight (grams)","Redeye barb",NA,NA,NA,NA,NA,NA,NA,NA,NA,NA,NA,NA,NA,NA,NA,NA,NA,NA,NA,NA,NA,NA,NA,NA,NA,NA,NA,NA,NA,NA,NA,NA,NA,NA,NA,NA,NA,NA,NA,NA,NA,NA,NA,NA,NA,NA,NA,NA,NA,NA,NA,"Lake","Lake Victoria",67332250502.7392,"Enteromius radiatus"
"1851095742","Enteromius jacksoni (Günther, 1889)",0.238638,33.994218,"gass84,osiic","90b6055a-c12b-4c91-951a-7efbe184bca1","4f3d98d3-f69a-4929-9291-6c35340b6711","a114f599-3d05-4ca1-90ed-dba5b7aa5722","4f3d98d3-f69a-4929-9291-6c35340b6711","UG","EML","2025-01-23T19:14:41.902+00:00","2025-01-31T23:19:55.245+00:00",232,"HUMAN_OBSERVATION","PRESENT",9406569,1,44,1153,7336,2363128,9406569,9406569,"Enteromius jacksoni (Günther, 1889)","Animalia","Chordata","Cypriniformes","Cyprinidae","Enteromius","Enteromius jacksoni","Enteromius","jacksoni","SPECIES","ACCEPTED","LC",NA,NA,"AFRICA",NA,2012,1,17,"2012-01-17",17,17,NA,"2025-01-31T23:19:55.245+00:00",NA,"http://creativecommons.org/licenses/by/4.0/legalcode",FALSE,"RS_NaFIRRI_4073","none","none",FALSE,NA,"Sylveseter Wandera","Sylvester Wandera","WGS84","UG","none","none","AFRICA","Uganda","AFRICA",NA,"RS_NaFIRRI_4073",NA,NA,"1851095742",NA,NA,"RS_NaFIRRI_4073",NA,NA,"NaFIRRI/National Fisheries Resources Research Institute",NA,NA,NA,"Enteromius jacksoni (Günther, 1889)",NA,NA,NA,"BID-AF2017-0206-SMA",NA,NA,NA,14,NA,NA,NA,NA,NA,NA,NA,NA,NA,"Lake Victoria","Night gillnetting","Lake",NA,NA,"Maduwa Offshore",NA,NA,NA,NA,NA,NA,NA,NA,NA,NA,NA,NA,NA,NA,NA,NA,NA,NA,NA,NA,NA,NA,NA,NA,NA,NA,NA,NA,NA,NA,"BID",192,"weight (grams)",NA,NA,NA,NA,NA,NA,NA,NA,NA,NA,NA,NA,NA,NA,NA,NA,NA,NA,NA,NA,NA,NA,NA,NA,NA,NA,NA,NA,NA,NA,NA,NA,NA,NA,NA,NA,NA,NA,NA,NA,NA,NA,NA,NA,NA,NA,NA,NA,NA,NA,NA,NA,"Lake","Lake Victoria",67332250502.7392,"Enteromius jacksoni"
"1883328715","Enteromius litamba (Keilhack, 1908)",-12.078,34.8118,"osiic","9c2cc134-5b4c-497a-8445-c45610722317","7bc628b1-114a-41e0-b0db-b81170b0d2a1","e0f2d99d-f183-469a-adb1-f321a3c4609f","7d77970a-28ba-43e3-9dc8-de37db3e1894","MZ","EML","2025-01-23T18:33:42.052+00:00","2025-01-31T23:45:16.742+00:00",212,"HUMAN_OBSERVATION","PRESENT",9240381,1,44,1153,7336,2363128,9240381,9240381,"Enteromius litamba (Keilhack, 1908)","Animalia","Chordata","Cypriniformes","Cyprinidae","Enteromius","Enteromius litamba","Enteromius","litamba","SPECIES","ACCEPTED","DD","2018-01-01T00:00:00",15000,"AFRICA","Niassa",2012,1,13,"2012-01-13",13,13,NA,"2025-01-31T23:45:16.742+00:00",NA,"http://creativecommons.org/licenses/by/4.0/legalcode",FALSE,"urn:catalog:IIP:MOZ:Niassa:fish:11857","none","none",FALSE,"Instituto Nacional de Investigação Pesqueira","Ernesto Cauele","Ernesto Cauele","WGS84","MZ","none","none","AFRICA","Mozambique","AFRICA",NA,"urn:catalog:IIP:MOZ:Niassa:fish:11857",NA,NA,"1883328715",NA,NA,"urn:catalog:IIP:MOZ:Niassa:fish:11857",NA,NA,"IIP",NA,NA,NA,"Enteromius litamba (Keilhack, 1908)",NA,NA,NA,"BID-AF2017-0047-NAC",NA,NA,NA,6,NA,NA,NA,NA,NA,NA,NA,NA,NA,NA,"Gillnet",NA,NA,NA,"Foz do Rio do Lago",NA,480.6,NA,NA,NA,NA,NA,NA,NA,NA,NA,"Lago","Indeterminate",NA,NA,NA,NA,NA,NA,NA,NA,NA,NA,NA,NA,NA,NA,NA,NA,NA,"BID",NA,NA,NA,NA,NA,NA,NA,NA,NA,NA,NA,NA,NA,NA,NA,NA,NA,NA,NA,NA,NA,NA,NA,NA,NA,"Manual locality search",NA,NA,NA,NA,NA,NA,NA,NA,NA,NA,NA,NA,NA,NA,NA,NA,NA,NA,NA,NA,NA,NA,NA,NA,NA,NA,NA,NA,"Lake","Lake Malawi",28951795749.1886,"Enteromius litamba"
"1883328819","Enteromius litamba (Keilhack, 1908)",-13.419,34.8599,"osiic","9c2cc134-5b4c-497a-8445-c45610722317","7bc628b1-114a-41e0-b0db-b81170b0d2a1","e0f2d99d-f183-469a-adb1-f321a3c4609f","7d77970a-28ba-43e3-9dc8-de37db3e1894","MZ","EML","2025-01-23T18:33:42.052+00:00","2025-01-31T23:45:16.943+00:00",212,"HUMAN_OBSERVATION","PRESENT",9240381,1,44,1153,7336,2363128,9240381,9240381,"Enteromius litamba (Keilhack, 1908)","Animalia","Chordata","Cypriniformes","Cyprinidae","Enteromius","Enteromius litamba","Enteromius","litamba","SPECIES","ACCEPTED","DD","2018-01-01T00:00:00",15000,"AFRICA","Niassa",2012,1,25,"2012-01-25",25,25,NA,"2025-01-31T23:45:16.943+00:00",NA,"http://creativecommons.org/licenses/by/4.0/legalcode",FALSE,"urn:catalog:IIP:MOZ:Niassa:fish:11988","none","none",FALSE,"Instituto Nacional de Investigação Pesqueira","João Saide","João Saide","WGS84","MZ","none","none","AFRICA","Mozambique","AFRICA",NA,"urn:catalog:IIP:MOZ:Niassa:fish:11988",NA,NA,"1883328819",NA,NA,"urn:catalog:IIP:MOZ:Niassa:fish:11988",NA,NA,"IIP",NA,NA,NA,"Enteromius litamba (Keilhack, 1908)",NA,NA,NA,"BID-AF2017-0047-NAC",NA,NA,NA,1,NA,NA,NA,NA,NA,NA,NA,NA,NA,NA,"Gillnet",NA,NA,NA,"Foz do Rio de Laga",NA,475.5,NA,NA,NA,NA,NA,NA,NA,NA,NA,"Lichinga","Indeterminate",NA,NA,NA,NA,NA,NA,NA,NA,NA,NA,NA,NA,NA,NA,NA,NA,NA,"BID",NA,NA,NA,NA,NA,NA,NA,NA,NA,NA,NA,NA,NA,NA,NA,NA,NA,NA,NA,NA,NA,NA,NA,NA,NA,"Manual locality search",NA,NA,NA,NA,NA,NA,NA,NA,NA,NA,NA,NA,NA,NA,NA,NA,NA,NA,NA,NA,NA,NA,NA,NA,NA,NA,NA,NA,"Lake","Lake Malawi",28951795749.1886,"Enteromius litamba"
"1883328843","Enteromius litamba (Keilhack, 1908)",-13.386,34.8556,"osiic","9c2cc134-5b4c-497a-8445-c45610722317","7bc628b1-114a-41e0-b0db-b81170b0d2a1","e0f2d99d-f183-469a-adb1-f321a3c4609f","7d77970a-28ba-43e3-9dc8-de37db3e1894","MZ","EML","2025-01-23T18:33:42.052+00:00","2025-01-31T23:45:18.060+00:00",212,"HUMAN_OBSERVATION","PRESENT",9240381,1,44,1153,7336,2363128,9240381,9240381,"Enteromius litamba (Keilhack, 1908)","Animalia","Chordata","Cypriniformes","Cyprinidae","Enteromius","Enteromius litamba","Enteromius","litamba","SPECIES","ACCEPTED","DD","2018-01-01T00:00:00",15000,"AFRICA","Niassa",2012,1,27,"2012-01-27",27,27,NA,"2025-01-31T23:45:18.060+00:00",NA,"http://creativecommons.org/licenses/by/4.0/legalcode",FALSE,"urn:catalog:IIP:MOZ:Niassa:fish:12011","none","none",FALSE,"Instituto Nacional de Investigação Pesqueira","João Saide","João Saide","WGS84","MZ","none","none","AFRICA","Mozambique","AFRICA",NA,"urn:catalog:IIP:MOZ:Niassa:fish:12011",NA,NA,"1883328843",NA,NA,"urn:catalog:IIP:MOZ:Niassa:fish:12011",NA,NA,"IIP",NA,NA,NA,"Enteromius litamba (Keilhack, 1908)",NA,NA,NA,"BID-AF2017-0047-NAC",NA,NA,NA,1,NA,NA,NA,NA,NA,NA,NA,NA,NA,NA,"Gillnet",NA,NA,NA,"Foz do Rio de Laga",NA,519.7,NA,NA,NA,NA,NA,NA,NA,NA,NA,"Lichinga","Indeterminate",NA,NA,NA,NA,NA,NA,NA,NA,NA,NA,NA,NA,NA,NA,NA,NA,NA,"BID",NA,NA,NA,NA,NA,NA,NA,NA,NA,NA,NA,NA,NA,NA,NA,NA,NA,NA,NA,NA,NA,NA,NA,NA,NA,"Manual locality search",NA,NA,NA,NA,NA,NA,NA,NA,NA,NA,NA,NA,NA,NA,NA,NA,NA,NA,NA,NA,NA,NA,NA,NA,NA,NA,NA,NA,"Lake","Lake Malawi",28951795749.1886,"Enteromius litamba"
"1883328939","Enteromius litamba (Keilhack, 1908)",-13.386,34.8556,"osiic","9c2cc134-5b4c-497a-8445-c45610722317","7bc628b1-114a-41e0-b0db-b81170b0d2a1","e0f2d99d-f183-469a-adb1-f321a3c4609f","7d77970a-28ba-43e3-9dc8-de37db3e1894","MZ","EML","2025-01-23T18:33:42.052+00:00","2025-01-31T23:45:18.070+00:00",212,"HUMAN_OBSERVATION","PRESENT",9240381,1,44,1153,7336,2363128,9240381,9240381,"Enteromius litamba (Keilhack, 1908)","Animalia","Chordata","Cypriniformes","Cyprinidae","Enteromius","Enteromius litamba","Enteromius","litamba","SPECIES","ACCEPTED","DD","2018-01-01T00:00:00",15000,"AFRICA","Niassa",2012,2,1,"2012-02-01",32,32,NA,"2025-01-31T23:45:18.070+00:00",NA,"http://creativecommons.org/licenses/by/4.0/legalcode",FALSE,"urn:catalog:IIP:MOZ:Niassa:fish:12037","none","none",FALSE,"Instituto Nacional de Investigação Pesqueira","João Saide","João Saide","WGS84","MZ","none","none","AFRICA","Mozambique","AFRICA",NA,"urn:catalog:IIP:MOZ:Niassa:fish:12037",NA,NA,"1883328939",NA,NA,"urn:catalog:IIP:MOZ:Niassa:fish:12037",NA,NA,"IIP",NA,NA,NA,"Enteromius litamba (Keilhack, 1908)",NA,NA,NA,"BID-AF2017-0047-NAC",NA,NA,NA,1,NA,NA,NA,NA,NA,NA,NA,NA,NA,NA,"Gillnet",NA,NA,NA,"Foz do Rio de Laga",NA,519.7,NA,NA,NA,NA,NA,NA,NA,NA,NA,"Lichinga","Indeterminate",NA,NA,NA,NA,NA,NA,NA,NA,NA,NA,NA,NA,NA,NA,NA,NA,NA,"BID",NA,NA,NA,NA,NA,NA,NA,NA,NA,NA,NA,NA,NA,NA,NA,NA,NA,NA,NA,NA,NA,NA,NA,NA,NA,"Manual locality search",NA,NA,NA,NA,NA,NA,NA,NA,NA,NA,NA,NA,NA,NA,NA,NA,NA,NA,NA,NA,NA,NA,NA,NA,NA,NA,NA,NA,"Lake","Lake Malawi",28951795749.1886,"Enteromius litamba"
"1883328952","Enteromius litamba (Keilhack, 1908)",-12.078,34.8118,"osiic","9c2cc134-5b4c-497a-8445-c45610722317","7bc628b1-114a-41e0-b0db-b81170b0d2a1","e0f2d99d-f183-469a-adb1-f321a3c4609f","7d77970a-28ba-43e3-9dc8-de37db3e1894","MZ","EML","2025-01-23T18:33:42.052+00:00","2025-01-31T23:45:18.099+00:00",212,"HUMAN_OBSERVATION","PRESENT",9240381,1,44,1153,7336,2363128,9240381,9240381,"Enteromius litamba (Keilhack, 1908)","Animalia","Chordata","Cypriniformes","Cyprinidae","Enteromius","Enteromius litamba","Enteromius","litamba","SPECIES","ACCEPTED","DD","2018-01-01T00:00:00",15000,"AFRICA","Niassa",2012,2,7,"2012-02-07",38,38,NA,"2025-01-31T23:45:18.099+00:00",NA,"http://creativecommons.org/licenses/by/4.0/legalcode",FALSE,"urn:catalog:IIP:MOZ:Niassa:fish:12096","none","none",FALSE,"Instituto Nacional de Investigação Pesqueira","Ernesto Cauele","Ernesto Cauele","WGS84","MZ","none","none","AFRICA","Mozambique","AFRICA",NA,"urn:catalog:IIP:MOZ:Niassa:fish:12096",NA,NA,"1883328952",NA,NA,"urn:catalog:IIP:MOZ:Niassa:fish:12096",NA,NA,"IIP",NA,NA,NA,"Enteromius litamba (Keilhack, 1908)",NA,NA,NA,"BID-AF2017-0047-NAC",NA,NA,NA,6,NA,NA,NA,NA,NA,NA,NA,NA,NA,NA,"Gillnet",NA,NA,NA,"Foz do Rio do Lago",NA,480.6,NA,NA,NA,NA,NA,NA,NA,NA,NA,"Lago","Indeterminate",NA,NA,NA,NA,NA,NA,NA,NA,NA,NA,NA,NA,NA,NA,NA,NA,NA,"BID",NA,NA,NA,NA,NA,NA,NA,NA,NA,NA,NA,NA,NA,NA,NA,NA,NA,NA,NA,NA,NA,NA,NA,NA,NA,"Manual locality search",NA,NA,NA,NA,NA,NA,NA,NA,NA,NA,NA,NA,NA,NA,NA,NA,NA,NA,NA,NA,NA,NA,NA,NA,NA,NA,NA,NA,"Lake","Lake Malawi",28951795749.1886,"Enteromius litamba"
"1883329002","Enteromius litamba (Keilhack, 1908)",-12.078,34.8118,"osiic","9c2cc134-5b4c-497a-8445-c45610722317","7bc628b1-114a-41e0-b0db-b81170b0d2a1","e0f2d99d-f183-469a-adb1-f321a3c4609f","7d77970a-28ba-43e3-9dc8-de37db3e1894","MZ","EML","2025-01-23T18:33:42.052+00:00","2025-01-31T23:45:18.156+00:00",212,"HUMAN_OBSERVATION","PRESENT",9240381,1,44,1153,7336,2363128,9240381,9240381,"Enteromius litamba (Keilhack, 1908)","Animalia","Chordata","Cypriniformes","Cyprinidae","Enteromius","Enteromius litamba","Enteromius","litamba","SPECIES","ACCEPTED","DD","2018-01-01T00:00:00",15000,"AFRICA","Niassa",2012,2,16,"2012-02-16",47,47,NA,"2025-01-31T23:45:18.156+00:00",NA,"http://creativecommons.org/licenses/by/4.0/legalcode",FALSE,"urn:catalog:IIP:MOZ:Niassa:fish:12194","none","none",FALSE,"Instituto Nacional de Investigação Pesqueira","Ernesto Cauele","Ernesto Cauele","WGS84","MZ","none","none","AFRICA","Mozambique","AFRICA",NA,"urn:catalog:IIP:MOZ:Niassa:fish:12194",NA,NA,"1883329002",NA,NA,"urn:catalog:IIP:MOZ:Niassa:fish:12194",NA,NA,"IIP",NA,NA,NA,"Enteromius litamba (Keilhack, 1908)",NA,NA,NA,"BID-AF2017-0047-NAC",NA,NA,NA,6,NA,NA,NA,NA,NA,NA,NA,NA,NA,NA,"Gillnet",NA,NA,NA,"Foz do Rio do Lago",NA,480.6,NA,NA,NA,NA,NA,NA,NA,NA,NA,"Lago","Indeterminate",NA,NA,NA,NA,NA,NA,NA,NA,NA,NA,NA,NA,NA,NA,NA,NA,NA,"BID",NA,NA,NA,NA,NA,NA,NA,NA,NA,NA,NA,NA,NA,NA,NA,NA,NA,NA,NA,NA,NA,NA,NA,NA,NA,"Manual locality search",NA,NA,NA,NA,NA,NA,NA,NA,NA,NA,NA,NA,NA,NA,NA,NA,NA,NA,NA,NA,NA,NA,NA,NA,NA,NA,NA,NA,"Lake","Lake Malawi",28951795749.1886,"Enteromius litamba"
"1883329254","Enteromius litamba (Keilhack, 1908)",-13.419,34.8599,"osiic","9c2cc134-5b4c-497a-8445-c45610722317","7bc628b1-114a-41e0-b0db-b81170b0d2a1","e0f2d99d-f183-469a-adb1-f321a3c4609f","7d77970a-28ba-43e3-9dc8-de37db3e1894","MZ","EML","2025-01-23T18:33:42.052+00:00","2025-01-31T23:45:18.003+00:00",212,"HUMAN_OBSERVATION","PRESENT",9240381,1,44,1153,7336,2363128,9240381,9240381,"Enteromius litamba (Keilhack, 1908)","Animalia","Chordata","Cypriniformes","Cyprinidae","Enteromius","Enteromius litamba","Enteromius","litamba","SPECIES","ACCEPTED","DD","2018-01-01T00:00:00",15000,"AFRICA","Niassa",2012,3,1,"2012-03-01",61,61,NA,"2025-01-31T23:45:18.003+00:00",NA,"http://creativecommons.org/licenses/by/4.0/legalcode",FALSE,"urn:catalog:IIP:MOZ:Niassa:fish:12359","none","none",FALSE,"Instituto Nacional de Investigação Pesqueira","João Saide","João Saide","WGS84","MZ","none","none","AFRICA","Mozambique","AFRICA",NA,"urn:catalog:IIP:MOZ:Niassa:fish:12359",NA,NA,"1883329254",NA,NA,"urn:catalog:IIP:MOZ:Niassa:fish:12359",NA,NA,"IIP",NA,NA,NA,"Enteromius litamba (Keilhack, 1908)",NA,NA,NA,"BID-AF2017-0047-NAC",NA,NA,NA,1,NA,NA,NA,NA,NA,NA,NA,NA,NA,NA,"Long line",NA,NA,NA,"Foz do Rio de Laga",NA,475.5,NA,NA,NA,NA,NA,NA,NA,NA,NA,"Lichinga","Indeterminate",NA,NA,NA,NA,NA,NA,NA,NA,NA,NA,NA,NA,NA,NA,NA,NA,NA,"BID",NA,NA,NA,NA,NA,NA,NA,NA,NA,NA,NA,NA,NA,NA,NA,NA,NA,NA,NA,NA,NA,NA,NA,NA,NA,"Manual locality search",NA,NA,NA,NA,NA,NA,NA,NA,NA,NA,NA,NA,NA,NA,NA,NA,NA,NA,NA,NA,NA,NA,NA,NA,NA,NA,NA,NA,"Lake","Lake Malawi",28951795749.1886,"Enteromius litamba"
"1883329321","Enteromius litamba (Keilhack, 1908)",-12.078,34.8118,"osiic","9c2cc134-5b4c-497a-8445-c45610722317","7bc628b1-114a-41e0-b0db-b81170b0d2a1","e0f2d99d-f183-469a-adb1-f321a3c4609f","7d77970a-28ba-43e3-9dc8-de37db3e1894","MZ","EML","2025-01-23T18:33:42.052+00:00","2025-01-31T23:45:18.350+00:00",212,"HUMAN_OBSERVATION","PRESENT",9240381,1,44,1153,7336,2363128,9240381,9240381,"Enteromius litamba (Keilhack, 1908)","Animalia","Chordata","Cypriniformes","Cyprinidae","Enteromius","Enteromius litamba","Enteromius","litamba","SPECIES","ACCEPTED","DD","2018-01-01T00:00:00",15000,"AFRICA","Niassa",2012,3,7,"2012-03-07",67,67,NA,"2025-01-31T23:45:18.350+00:00",NA,"http://creativecommons.org/licenses/by/4.0/legalcode",FALSE,"urn:catalog:IIP:MOZ:Niassa:fish:12407","none","none",FALSE,"Instituto Nacional de Investigação Pesqueira","Ernesto Cauele","Ernesto Cauele","WGS84","MZ","none","none","AFRICA","Mozambique","AFRICA",NA,"urn:catalog:IIP:MOZ:Niassa:fish:12407",NA,NA,"1883329321",NA,NA,"urn:catalog:IIP:MOZ:Niassa:fish:12407",NA,NA,"IIP",NA,NA,NA,"Enteromius litamba (Keilhack, 1908)",NA,NA,NA,"BID-AF2017-0047-NAC",NA,NA,NA,2,NA,NA,NA,NA,NA,NA,NA,NA,NA,NA,"Gillnet",NA,NA,NA,"Foz do Rio do Lago",NA,480.6,NA,NA,NA,NA,NA,NA,NA,NA,NA,"Lago","Indeterminate",NA,NA,NA,NA,NA,NA,NA,NA,NA,NA,NA,NA,NA,NA,NA,NA,NA,"BID",NA,NA,NA,NA,NA,NA,NA,NA,NA,NA,NA,NA,NA,NA,NA,NA,NA,NA,NA,NA,NA,NA,NA,NA,NA,"Manual locality search",NA,NA,NA,NA,NA,NA,NA,NA,NA,NA,NA,NA,NA,NA,NA,NA,NA,NA,NA,NA,NA,NA,NA,NA,NA,NA,NA,NA,"Lake","Lake Malawi",28951795749.1886,"Enteromius litamba"
"1883329388","Enteromius litamba (Keilhack, 1908)",-13.386,34.8556,"osiic","9c2cc134-5b4c-497a-8445-c45610722317","7bc628b1-114a-41e0-b0db-b81170b0d2a1","e0f2d99d-f183-469a-adb1-f321a3c4609f","7d77970a-28ba-43e3-9dc8-de37db3e1894","MZ","EML","2025-01-23T18:33:42.052+00:00","2025-01-31T23:45:18.369+00:00",212,"HUMAN_OBSERVATION","PRESENT",9240381,1,44,1153,7336,2363128,9240381,9240381,"Enteromius litamba (Keilhack, 1908)","Animalia","Chordata","Cypriniformes","Cyprinidae","Enteromius","Enteromius litamba","Enteromius","litamba","SPECIES","ACCEPTED","DD","2018-01-01T00:00:00",15000,"AFRICA","Niassa",2012,3,21,"2012-03-21",81,81,NA,"2025-01-31T23:45:18.369+00:00",NA,"http://creativecommons.org/licenses/by/4.0/legalcode",FALSE,"urn:catalog:IIP:MOZ:Niassa:fish:12576","none","none",FALSE,"Instituto Nacional de Investigação Pesqueira","João Saide","João Saide","WGS84","MZ","none","none","AFRICA","Mozambique","AFRICA",NA,"urn:catalog:IIP:MOZ:Niassa:fish:12576",NA,NA,"1883329388",NA,NA,"urn:catalog:IIP:MOZ:Niassa:fish:12576",NA,NA,"IIP",NA,NA,NA,"Enteromius litamba (Keilhack, 1908)",NA,NA,NA,"BID-AF2017-0047-NAC",NA,NA,NA,2,NA,NA,NA,NA,NA,NA,NA,NA,NA,NA,"Gillnet",NA,NA,NA,"Foz do Rio de Laga",NA,519.7,NA,NA,NA,NA,NA,NA,NA,NA,NA,"Lichinga","Indeterminate",NA,NA,NA,NA,NA,NA,NA,NA,NA,NA,NA,NA,NA,NA,NA,NA,NA,"BID",NA,NA,NA,NA,NA,NA,NA,NA,NA,NA,NA,NA,NA,NA,NA,NA,NA,NA,NA,NA,NA,NA,NA,NA,NA,"Manual locality search",NA,NA,NA,NA,NA,NA,NA,NA,NA,NA,NA,NA,NA,NA,NA,NA,NA,NA,NA,NA,NA,NA,NA,NA,NA,NA,NA,NA,"Lake","Lake Malawi",28951795749.1886,"Enteromius litamba"
"1883329443","Enteromius litamba (Keilhack, 1908)",-13.386,34.8556,"osiic","9c2cc134-5b4c-497a-8445-c45610722317","7bc628b1-114a-41e0-b0db-b81170b0d2a1","e0f2d99d-f183-469a-adb1-f321a3c4609f","7d77970a-28ba-43e3-9dc8-de37db3e1894","MZ","EML","2025-01-23T18:33:42.052+00:00","2025-01-31T23:45:18.376+00:00",212,"HUMAN_OBSERVATION","PRESENT",9240381,1,44,1153,7336,2363128,9240381,9240381,"Enteromius litamba (Keilhack, 1908)","Animalia","Chordata","Cypriniformes","Cyprinidae","Enteromius","Enteromius litamba","Enteromius","litamba","SPECIES","ACCEPTED","DD","2018-01-01T00:00:00",15000,"AFRICA","Niassa",2012,3,22,"2012-03-22",82,82,NA,"2025-01-31T23:45:18.376+00:00",NA,"http://creativecommons.org/licenses/by/4.0/legalcode",FALSE,"urn:catalog:IIP:MOZ:Niassa:fish:12590","none","none",FALSE,"Instituto Nacional de Investigação Pesqueira","João Saide","João Saide","WGS84","MZ","none","none","AFRICA","Mozambique","AFRICA",NA,"urn:catalog:IIP:MOZ:Niassa:fish:12590",NA,NA,"1883329443",NA,NA,"urn:catalog:IIP:MOZ:Niassa:fish:12590",NA,NA,"IIP",NA,NA,NA,"Enteromius litamba (Keilhack, 1908)",NA,NA,NA,"BID-AF2017-0047-NAC",NA,NA,NA,1,NA,NA,NA,NA,NA,NA,NA,NA,NA,NA,"Gillnet",NA,NA,NA,"Foz do Rio de Laga",NA,519.7,NA,NA,NA,NA,NA,NA,NA,NA,NA,"Lichinga","Indeterminate",NA,NA,NA,NA,NA,NA,NA,NA,NA,NA,NA,NA,NA,NA,NA,NA,NA,"BID",NA,NA,NA,NA,NA,NA,NA,NA,NA,NA,NA,NA,NA,NA,NA,NA,NA,NA,NA,NA,NA,NA,NA,NA,NA,"Manual locality search",NA,NA,NA,NA,NA,NA,NA,NA,NA,NA,NA,NA,NA,NA,NA,NA,NA,NA,NA,NA,NA,NA,NA,NA,NA,NA,NA,NA,"Lake","Lake Malawi",28951795749.1886,"Enteromius litamba"
"1883329579","Enteromius litamba (Keilhack, 1908)",-13.386,34.8556,"osiic","9c2cc134-5b4c-497a-8445-c45610722317","7bc628b1-114a-41e0-b0db-b81170b0d2a1","e0f2d99d-f183-469a-adb1-f321a3c4609f","7d77970a-28ba-43e3-9dc8-de37db3e1894","MZ","EML","2025-01-23T18:33:42.052+00:00","2025-01-31T23:45:18.210+00:00",212,"HUMAN_OBSERVATION","PRESENT",9240381,1,44,1153,7336,2363128,9240381,9240381,"Enteromius litamba (Keilhack, 1908)","Animalia","Chordata","Cypriniformes","Cyprinidae","Enteromius","Enteromius litamba","Enteromius","litamba","SPECIES","ACCEPTED","DD","2018-01-01T00:00:00",15000,"AFRICA","Niassa",2012,3,29,"2012-03-29",89,89,NA,"2025-01-31T23:45:18.210+00:00",NA,"http://creativecommons.org/licenses/by/4.0/legalcode",FALSE,"urn:catalog:IIP:MOZ:Niassa:fish:12636","none","none",FALSE,"Instituto Nacional de Investigação Pesqueira","João Saide","João Saide","WGS84","MZ","none","none","AFRICA","Mozambique","AFRICA",NA,"urn:catalog:IIP:MOZ:Niassa:fish:12636",NA,NA,"1883329579",NA,NA,"urn:catalog:IIP:MOZ:Niassa:fish:12636",NA,NA,"IIP",NA,NA,NA,"Enteromius litamba (Keilhack, 1908)",NA,NA,NA,"BID-AF2017-0047-NAC",NA,NA,NA,1,NA,NA,NA,NA,NA,NA,NA,NA,NA,NA,"Gillnet",NA,NA,NA,"Foz do Rio de Laga",NA,519.7,NA,NA,NA,NA,NA,NA,NA,NA,NA,"Lichinga","Indeterminate",NA,NA,NA,NA,NA,NA,NA,NA,NA,NA,NA,NA,NA,NA,NA,NA,NA,"BID",NA,NA,NA,NA,NA,NA,NA,NA,NA,NA,NA,NA,NA,NA,NA,NA,NA,NA,NA,NA,NA,NA,NA,NA,NA,"Manual locality search",NA,NA,NA,NA,NA,NA,NA,NA,NA,NA,NA,NA,NA,NA,NA,NA,NA,NA,NA,NA,NA,NA,NA,NA,NA,NA,NA,NA,"Lake","Lake Malawi",28951795749.1886,"Enteromius litamba"
"1883329578","Enteromius litamba (Keilhack, 1908)",-13.386,34.8556,"osiic","9c2cc134-5b4c-497a-8445-c45610722317","7bc628b1-114a-41e0-b0db-b81170b0d2a1","e0f2d99d-f183-469a-adb1-f321a3c4609f","7d77970a-28ba-43e3-9dc8-de37db3e1894","MZ","EML","2025-01-23T18:33:42.052+00:00","2025-01-31T23:45:18.213+00:00",212,"HUMAN_OBSERVATION","PRESENT",9240381,1,44,1153,7336,2363128,9240381,9240381,"Enteromius litamba (Keilhack, 1908)","Animalia","Chordata","Cypriniformes","Cyprinidae","Enteromius","Enteromius litamba","Enteromius","litamba","SPECIES","ACCEPTED","DD","2018-01-01T00:00:00",15000,"AFRICA","Niassa",2012,3,30,"2012-03-30",90,90,NA,"2025-01-31T23:45:18.213+00:00",NA,"http://creativecommons.org/licenses/by/4.0/legalcode",FALSE,"urn:catalog:IIP:MOZ:Niassa:fish:12650","none","none",FALSE,"Instituto Nacional de Investigação Pesqueira","João Saide","João Saide","WGS84","MZ","none","none","AFRICA","Mozambique","AFRICA",NA,"urn:catalog:IIP:MOZ:Niassa:fish:12650",NA,NA,"1883329578",NA,NA,"urn:catalog:IIP:MOZ:Niassa:fish:12650",NA,NA,"IIP",NA,NA,NA,"Enteromius litamba (Keilhack, 1908)",NA,NA,NA,"BID-AF2017-0047-NAC",NA,NA,NA,2,NA,NA,NA,NA,NA,NA,NA,NA,NA,NA,"Gillnet",NA,NA,NA,"Foz do Rio de Laga",NA,519.7,NA,NA,NA,NA,NA,NA,NA,NA,NA,"Lichinga","Indeterminate",NA,NA,NA,NA,NA,NA,NA,NA,NA,NA,NA,NA,NA,NA,NA,NA,NA,"BID",NA,NA,NA,NA,NA,NA,NA,NA,NA,NA,NA,NA,NA,NA,NA,NA,NA,NA,NA,NA,NA,NA,NA,NA,NA,"Manual locality search",NA,NA,NA,NA,NA,NA,NA,NA,NA,NA,NA,NA,NA,NA,NA,NA,NA,NA,NA,NA,NA,NA,NA,NA,NA,NA,NA,NA,"Lake","Lake Malawi",28951795749.1886,"Enteromius litamba"
"1883329889","Enteromius litamba (Keilhack, 1908)",-13.386,34.8556,"osiic","9c2cc134-5b4c-497a-8445-c45610722317","7bc628b1-114a-41e0-b0db-b81170b0d2a1","e0f2d99d-f183-469a-adb1-f321a3c4609f","7d77970a-28ba-43e3-9dc8-de37db3e1894","MZ","EML","2025-01-23T18:33:42.052+00:00","2025-01-31T23:45:18.714+00:00",212,"HUMAN_OBSERVATION","PRESENT",9240381,1,44,1153,7336,2363128,9240381,9240381,"Enteromius litamba (Keilhack, 1908)","Animalia","Chordata","Cypriniformes","Cyprinidae","Enteromius","Enteromius litamba","Enteromius","litamba","SPECIES","ACCEPTED","DD","2018-01-01T00:00:00",15000,"AFRICA","Niassa",2012,5,14,"2012-05-14",135,135,NA,"2025-01-31T23:45:18.714+00:00",NA,"http://creativecommons.org/licenses/by/4.0/legalcode",FALSE,"urn:catalog:IIP:MOZ:Niassa:fish:12985","none","none",FALSE,"Instituto Nacional de Investigação Pesqueira","João Saide","João Saide","WGS84","MZ","none","none","AFRICA","Mozambique","AFRICA",NA,"urn:catalog:IIP:MOZ:Niassa:fish:12985",NA,NA,"1883329889",NA,NA,"urn:catalog:IIP:MOZ:Niassa:fish:12985",NA,NA,"IIP",NA,NA,NA,"Enteromius litamba (Keilhack, 1908)",NA,NA,NA,"BID-AF2017-0047-NAC",NA,NA,NA,1,NA,NA,NA,NA,NA,NA,NA,NA,NA,NA,"Gillnet",NA,NA,NA,"Foz do Rio de Laga",NA,519.7,NA,NA,NA,NA,NA,NA,NA,NA,NA,"Lichinga","Indeterminate",NA,NA,NA,NA,NA,NA,NA,NA,NA,NA,NA,NA,NA,NA,NA,NA,NA,"BID",NA,NA,NA,NA,NA,NA,NA,NA,NA,NA,NA,NA,NA,NA,NA,NA,NA,NA,NA,NA,NA,NA,NA,NA,NA,"Manual locality search",NA,NA,NA,NA,NA,NA,NA,NA,NA,NA,NA,NA,NA,NA,NA,NA,NA,NA,NA,NA,NA,NA,NA,NA,NA,NA,NA,NA,"Lake","Lake Malawi",28951795749.1886,"Enteromius litamba"
"1883330230","Enteromius litamba (Keilhack, 1908)",-13.386,34.8556,"osiic","9c2cc134-5b4c-497a-8445-c45610722317","7bc628b1-114a-41e0-b0db-b81170b0d2a1","e0f2d99d-f183-469a-adb1-f321a3c4609f","7d77970a-28ba-43e3-9dc8-de37db3e1894","MZ","EML","2025-01-23T18:33:42.052+00:00","2025-01-31T23:45:16.171+00:00",212,"HUMAN_OBSERVATION","PRESENT",9240381,1,44,1153,7336,2363128,9240381,9240381,"Enteromius litamba (Keilhack, 1908)","Animalia","Chordata","Cypriniformes","Cyprinidae","Enteromius","Enteromius litamba","Enteromius","litamba","SPECIES","ACCEPTED","DD","2018-01-01T00:00:00",15000,"AFRICA","Niassa",2012,7,2,"2012-07-02",184,184,NA,"2025-01-31T23:45:16.171+00:00",NA,"http://creativecommons.org/licenses/by/4.0/legalcode",FALSE,"urn:catalog:IIP:MOZ:Niassa:fish:13347","none","none",FALSE,"Instituto Nacional de Investigação Pesqueira","João Saide","João Saide","WGS84","MZ","none","none","AFRICA","Mozambique","AFRICA",NA,"urn:catalog:IIP:MOZ:Niassa:fish:13347",NA,NA,"1883330230",NA,NA,"urn:catalog:IIP:MOZ:Niassa:fish:13347",NA,NA,"IIP",NA,NA,NA,"Enteromius litamba (Keilhack, 1908)",NA,NA,NA,"BID-AF2017-0047-NAC",NA,NA,NA,1,NA,NA,NA,NA,NA,NA,NA,NA,NA,NA,"Gillnet",NA,NA,NA,"Foz do Rio de Laga",NA,519.7,NA,NA,NA,NA,NA,NA,NA,NA,NA,"Lichinga","Indeterminate",NA,NA,NA,NA,NA,NA,NA,NA,NA,NA,NA,NA,NA,NA,NA,NA,NA,"BID",NA,NA,NA,NA,NA,NA,NA,NA,NA,NA,NA,NA,NA,NA,NA,NA,NA,NA,NA,NA,NA,NA,NA,NA,NA,"Manual locality search",NA,NA,NA,NA,NA,NA,NA,NA,NA,NA,NA,NA,NA,NA,NA,NA,NA,NA,NA,NA,NA,NA,NA,NA,NA,NA,NA,NA,"Lake","Lake Malawi",28951795749.1886,"Enteromius litamba"
"1883330499","Enteromius litamba (Keilhack, 1908)",-12.738,34.8175,"osiic","9c2cc134-5b4c-497a-8445-c45610722317","7bc628b1-114a-41e0-b0db-b81170b0d2a1","e0f2d99d-f183-469a-adb1-f321a3c4609f","7d77970a-28ba-43e3-9dc8-de37db3e1894","MZ","EML","2025-01-23T18:33:42.052+00:00","2025-01-31T23:45:16.139+00:00",212,"HUMAN_OBSERVATION","PRESENT",9240381,1,44,1153,7336,2363128,9240381,9240381,"Enteromius litamba (Keilhack, 1908)","Animalia","Chordata","Cypriniformes","Cyprinidae","Enteromius","Enteromius litamba","Enteromius","litamba","SPECIES","ACCEPTED","DD","2018-01-01T00:00:00",15000,"AFRICA","Niassa",2012,8,9,"2012-08-09",222,222,NA,"2025-01-31T23:45:16.139+00:00",NA,"http://creativecommons.org/licenses/by/4.0/legalcode",FALSE,"urn:catalog:IIP:MOZ:Niassa:fish:13600","none","none",FALSE,"Instituto Nacional de Investigação Pesqueira","José Momade","José Momade","WGS84","MZ","none","none","AFRICA","Mozambique","AFRICA",NA,"urn:catalog:IIP:MOZ:Niassa:fish:13600",NA,NA,"1883330499",NA,NA,"urn:catalog:IIP:MOZ:Niassa:fish:13600",NA,NA,"IIP",NA,NA,NA,"Enteromius litamba (Keilhack, 1908)",NA,NA,NA,"BID-AF2017-0047-NAC",NA,NA,NA,2,NA,NA,NA,NA,NA,NA,NA,NA,NA,NA,"Gillnet",NA,NA,NA,"Lago Aberto do Lago",NA,477.6,NA,NA,NA,NA,NA,NA,NA,NA,NA,"Lago","Indeterminate",NA,NA,NA,NA,NA,NA,NA,NA,NA,NA,NA,NA,NA,NA,NA,NA,NA,"BID",NA,NA,NA,NA,NA,NA,NA,NA,NA,NA,NA,NA,NA,NA,NA,NA,NA,NA,NA,NA,NA,NA,NA,NA,NA,"Manual locality search",NA,NA,NA,NA,NA,NA,NA,NA,NA,NA,NA,NA,NA,NA,NA,NA,NA,NA,NA,NA,NA,NA,NA,NA,NA,NA,NA,NA,"Lake","Lake Malawi",28951795749.1886,"Enteromius litamba"
"1883330893","Enteromius litamba (Keilhack, 1908)",-12.453,34.6986,"osiic","9c2cc134-5b4c-497a-8445-c45610722317","7bc628b1-114a-41e0-b0db-b81170b0d2a1","e0f2d99d-f183-469a-adb1-f321a3c4609f","7d77970a-28ba-43e3-9dc8-de37db3e1894","MZ","EML","2025-01-23T18:33:42.052+00:00","2025-01-31T23:45:17.457+00:00",212,"HUMAN_OBSERVATION","PRESENT",9240381,1,44,1153,7336,2363128,9240381,9240381,"Enteromius litamba (Keilhack, 1908)","Animalia","Chordata","Cypriniformes","Cyprinidae","Enteromius","Enteromius litamba","Enteromius","litamba","SPECIES","ACCEPTED","DD","2018-01-01T00:00:00",15000,"AFRICA","Niassa",2012,9,28,"2012-09-28",272,272,NA,"2025-01-31T23:45:17.457+00:00",NA,"http://creativecommons.org/licenses/by/4.0/legalcode",FALSE,"urn:catalog:IIP:MOZ:Niassa:fish:14011","none","none",FALSE,"Instituto Nacional de Investigação Pesqueira","Estevão Juma","Estevão Juma","WGS84","MZ","none","none","AFRICA","Mozambique","AFRICA",NA,"urn:catalog:IIP:MOZ:Niassa:fish:14011",NA,NA,"1883330893",NA,NA,"urn:catalog:IIP:MOZ:Niassa:fish:14011",NA,NA,"IIP",NA,NA,NA,"Enteromius litamba (Keilhack, 1908)",NA,NA,NA,"BID-AF2017-0047-NAC",NA,NA,NA,1,NA,NA,NA,NA,NA,NA,NA,NA,NA,NA,"Long line",NA,NA,NA,"Lago Aberto do Lago",NA,478.5,NA,NA,NA,NA,NA,NA,NA,NA,NA,"Lago","Indeterminate",NA,NA,NA,NA,NA,NA,NA,NA,NA,NA,NA,NA,NA,NA,NA,NA,NA,"BID",NA,NA,NA,NA,NA,NA,NA,NA,NA,NA,NA,NA,NA,NA,NA,NA,NA,NA,NA,NA,NA,NA,NA,NA,NA,"Manual locality search",NA,NA,NA,NA,NA,NA,NA,NA,NA,NA,NA,NA,NA,NA,NA,NA,NA,NA,NA,NA,NA,NA,NA,NA,NA,NA,NA,NA,"Lake","Lake Malawi",28951795749.1886,"Enteromius litamba"
"1883331331","Enteromius litamba (Keilhack, 1908)",-13.386,34.8556,"osiic","9c2cc134-5b4c-497a-8445-c45610722317","7bc628b1-114a-41e0-b0db-b81170b0d2a1","e0f2d99d-f183-469a-adb1-f321a3c4609f","7d77970a-28ba-43e3-9dc8-de37db3e1894","MZ","EML","2025-01-23T18:33:42.052+00:00","2025-01-31T23:45:17.686+00:00",212,"HUMAN_OBSERVATION","PRESENT",9240381,1,44,1153,7336,2363128,9240381,9240381,"Enteromius litamba (Keilhack, 1908)","Animalia","Chordata","Cypriniformes","Cyprinidae","Enteromius","Enteromius litamba","Enteromius","litamba","SPECIES","ACCEPTED","DD","2018-01-01T00:00:00",15000,"AFRICA","Niassa",2012,12,5,"2012-12-05",340,340,NA,"2025-01-31T23:45:17.686+00:00",NA,"http://creativecommons.org/licenses/by/4.0/legalcode",FALSE,"urn:catalog:IIP:MOZ:Niassa:fish:14506","none","none",FALSE,"Instituto Nacional de Investigação Pesqueira","João Saide","João Saide","WGS84","MZ","none","none","AFRICA","Mozambique","AFRICA",NA,"urn:catalog:IIP:MOZ:Niassa:fish:14506",NA,NA,"1883331331",NA,NA,"urn:catalog:IIP:MOZ:Niassa:fish:14506",NA,NA,"IIP",NA,NA,NA,"Enteromius litamba (Keilhack, 1908)",NA,NA,NA,"BID-AF2017-0047-NAC",NA,NA,NA,1,NA,NA,NA,NA,NA,NA,NA,NA,NA,NA,"Gillnet",NA,NA,NA,"Foz do Rio de Laga",NA,519.7,NA,NA,NA,NA,NA,NA,NA,NA,NA,"Lichinga","Indeterminate",NA,NA,NA,NA,NA,NA,NA,NA,NA,NA,NA,NA,NA,NA,NA,NA,NA,"BID",NA,NA,NA,NA,NA,NA,NA,NA,NA,NA,NA,NA,NA,NA,NA,NA,NA,NA,NA,NA,NA,NA,NA,NA,NA,"Manual locality search",NA,NA,NA,NA,NA,NA,NA,NA,NA,NA,NA,NA,NA,NA,NA,NA,NA,NA,NA,NA,NA,NA,NA,NA,NA,NA,NA,NA,"Lake","Lake Malawi",28951795749.1886,"Enteromius litamba"
"1883331395","Enteromius litamba (Keilhack, 1908)",-13.386,34.8556,"osiic","9c2cc134-5b4c-497a-8445-c45610722317","7bc628b1-114a-41e0-b0db-b81170b0d2a1","e0f2d99d-f183-469a-adb1-f321a3c4609f","7d77970a-28ba-43e3-9dc8-de37db3e1894","MZ","EML","2025-01-23T18:33:42.052+00:00","2025-01-31T23:45:17.688+00:00",212,"HUMAN_OBSERVATION","PRESENT",9240381,1,44,1153,7336,2363128,9240381,9240381,"Enteromius litamba (Keilhack, 1908)","Animalia","Chordata","Cypriniformes","Cyprinidae","Enteromius","Enteromius litamba","Enteromius","litamba","SPECIES","ACCEPTED","DD","2018-01-01T00:00:00",15000,"AFRICA","Niassa",2012,12,6,"2012-12-06",341,341,NA,"2025-01-31T23:45:17.688+00:00",NA,"http://creativecommons.org/licenses/by/4.0/legalcode",FALSE,"urn:catalog:IIP:MOZ:Niassa:fish:14512","none","none",FALSE,"Instituto Nacional de Investigação Pesqueira","João Saide","João Saide","WGS84","MZ","none","none","AFRICA","Mozambique","AFRICA",NA,"urn:catalog:IIP:MOZ:Niassa:fish:14512",NA,NA,"1883331395",NA,NA,"urn:catalog:IIP:MOZ:Niassa:fish:14512",NA,NA,"IIP",NA,NA,NA,"Enteromius litamba (Keilhack, 1908)",NA,NA,NA,"BID-AF2017-0047-NAC",NA,NA,NA,2,NA,NA,NA,NA,NA,NA,NA,NA,NA,NA,"Gillnet",NA,NA,NA,"Foz do Rio de Laga",NA,519.7,NA,NA,NA,NA,NA,NA,NA,NA,NA,"Lichinga","Indeterminate",NA,NA,NA,NA,NA,NA,NA,NA,NA,NA,NA,NA,NA,NA,NA,NA,NA,"BID",NA,NA,NA,NA,NA,NA,NA,NA,NA,NA,NA,NA,NA,NA,NA,NA,NA,NA,NA,NA,NA,NA,NA,NA,NA,"Manual locality search",NA,NA,NA,NA,NA,NA,NA,NA,NA,NA,NA,NA,NA,NA,NA,NA,NA,NA,NA,NA,NA,NA,NA,NA,NA,NA,NA,NA,"Lake","Lake Malawi",28951795749.1886,"Enteromius litamba"
"1883331448","Enteromius litamba (Keilhack, 1908)",-13.386,34.8556,"osiic","9c2cc134-5b4c-497a-8445-c45610722317","7bc628b1-114a-41e0-b0db-b81170b0d2a1","e0f2d99d-f183-469a-adb1-f321a3c4609f","7d77970a-28ba-43e3-9dc8-de37db3e1894","MZ","EML","2025-01-23T18:33:42.052+00:00","2025-01-31T23:45:17.702+00:00",212,"HUMAN_OBSERVATION","PRESENT",9240381,1,44,1153,7336,2363128,9240381,9240381,"Enteromius litamba (Keilhack, 1908)","Animalia","Chordata","Cypriniformes","Cyprinidae","Enteromius","Enteromius litamba","Enteromius","litamba","SPECIES","ACCEPTED","DD","2018-01-01T00:00:00",15000,"AFRICA","Niassa",2012,12,13,"2012-12-13",348,348,NA,"2025-01-31T23:45:17.702+00:00",NA,"http://creativecommons.org/licenses/by/4.0/legalcode",FALSE,"urn:catalog:IIP:MOZ:Niassa:fish:14566","none","none",FALSE,"Instituto Nacional de Investigação Pesqueira","João Saide","João Saide","WGS84","MZ","none","none","AFRICA","Mozambique","AFRICA",NA,"urn:catalog:IIP:MOZ:Niassa:fish:14566",NA,NA,"1883331448",NA,NA,"urn:catalog:IIP:MOZ:Niassa:fish:14566",NA,NA,"IIP",NA,NA,NA,"Enteromius litamba (Keilhack, 1908)",NA,NA,NA,"BID-AF2017-0047-NAC",NA,NA,NA,1,NA,NA,NA,NA,NA,NA,NA,NA,NA,NA,"Gillnet",NA,NA,NA,"Foz do Rio de Laga",NA,519.7,NA,NA,NA,NA,NA,NA,NA,NA,NA,"Lichinga","Indeterminate",NA,NA,NA,NA,NA,NA,NA,NA,NA,NA,NA,NA,NA,NA,NA,NA,NA,"BID",NA,NA,NA,NA,NA,NA,NA,NA,NA,NA,NA,NA,NA,NA,NA,NA,NA,NA,NA,NA,NA,NA,NA,NA,NA,"Manual locality search",NA,NA,NA,NA,NA,NA,NA,NA,NA,NA,NA,NA,NA,NA,NA,NA,NA,NA,NA,NA,NA,NA,NA,NA,NA,NA,NA,NA,"Lake","Lake Malawi",28951795749.1886,"Enteromius litamba"
"1883331502","Enteromius litamba (Keilhack, 1908)",-13.386,34.8556,"osiic","9c2cc134-5b4c-497a-8445-c45610722317","7bc628b1-114a-41e0-b0db-b81170b0d2a1","e0f2d99d-f183-469a-adb1-f321a3c4609f","7d77970a-28ba-43e3-9dc8-de37db3e1894","MZ","EML","2025-01-23T18:33:42.052+00:00","2025-01-31T23:45:18.049+00:00",212,"HUMAN_OBSERVATION","PRESENT",9240381,1,44,1153,7336,2363128,9240381,9240381,"Enteromius litamba (Keilhack, 1908)","Animalia","Chordata","Cypriniformes","Cyprinidae","Enteromius","Enteromius litamba","Enteromius","litamba","SPECIES","ACCEPTED","DD","2018-01-01T00:00:00",15000,"AFRICA","Niassa",2012,12,19,"2012-12-19",354,354,NA,"2025-01-31T23:45:18.049+00:00",NA,"http://creativecommons.org/licenses/by/4.0/legalcode",FALSE,"urn:catalog:IIP:MOZ:Niassa:fish:14639","none","none",FALSE,"Instituto Nacional de Investigação Pesqueira","João Saide","João Saide","WGS84","MZ","none","none","AFRICA","Mozambique","AFRICA",NA,"urn:catalog:IIP:MOZ:Niassa:fish:14639",NA,NA,"1883331502",NA,NA,"urn:catalog:IIP:MOZ:Niassa:fish:14639",NA,NA,"IIP",NA,NA,NA,"Enteromius litamba (Keilhack, 1908)",NA,NA,NA,"BID-AF2017-0047-NAC",NA,NA,NA,1,NA,NA,NA,NA,NA,NA,NA,NA,NA,NA,"Gillnet",NA,NA,NA,"Foz do Rio de Laga",NA,519.7,NA,NA,NA,NA,NA,NA,NA,NA,NA,"Lichinga","Indeterminate",NA,NA,NA,NA,NA,NA,NA,NA,NA,NA,NA,NA,NA,NA,NA,NA,NA,"BID",NA,NA,NA,NA,NA,NA,NA,NA,NA,NA,NA,NA,NA,NA,NA,NA,NA,NA,NA,NA,NA,NA,NA,NA,NA,"Manual locality search",NA,NA,NA,NA,NA,NA,NA,NA,NA,NA,NA,NA,NA,NA,NA,NA,NA,NA,NA,NA,NA,NA,NA,NA,NA,NA,NA,NA,"Lake","Lake Malawi",28951795749.1886,"Enteromius litamba"
"1883331571","Enteromius litamba (Keilhack, 1908)",-13.419,34.8599,"osiic","9c2cc134-5b4c-497a-8445-c45610722317","7bc628b1-114a-41e0-b0db-b81170b0d2a1","e0f2d99d-f183-469a-adb1-f321a3c4609f","7d77970a-28ba-43e3-9dc8-de37db3e1894","MZ","EML","2025-01-23T18:33:42.052+00:00","2025-01-31T23:45:18.065+00:00",212,"HUMAN_OBSERVATION","PRESENT",9240381,1,44,1153,7336,2363128,9240381,9240381,"Enteromius litamba (Keilhack, 1908)","Animalia","Chordata","Cypriniformes","Cyprinidae","Enteromius","Enteromius litamba","Enteromius","litamba","SPECIES","ACCEPTED","DD","2018-01-01T00:00:00",15000,"AFRICA","Niassa",2012,12,26,"2012-12-26",361,361,NA,"2025-01-31T23:45:18.065+00:00",NA,"http://creativecommons.org/licenses/by/4.0/legalcode",FALSE,"urn:catalog:IIP:MOZ:Niassa:fish:14685","none","none",FALSE,"Instituto Nacional de Investigação Pesqueira","João Saide","João Saide","WGS84","MZ","none","none","AFRICA","Mozambique","AFRICA",NA,"urn:catalog:IIP:MOZ:Niassa:fish:14685",NA,NA,"1883331571",NA,NA,"urn:catalog:IIP:MOZ:Niassa:fish:14685",NA,NA,"IIP",NA,NA,NA,"Enteromius litamba (Keilhack, 1908)",NA,NA,NA,"BID-AF2017-0047-NAC",NA,NA,NA,2,NA,NA,NA,NA,NA,NA,NA,NA,NA,NA,"Gillnet",NA,NA,NA,"Foz do Rio de Laga",NA,475.5,NA,NA,NA,NA,NA,NA,NA,NA,NA,"Lichinga","Indeterminate",NA,NA,NA,NA,NA,NA,NA,NA,NA,NA,NA,NA,NA,NA,NA,NA,NA,"BID",NA,NA,NA,NA,NA,NA,NA,NA,NA,NA,NA,NA,NA,NA,NA,NA,NA,NA,NA,NA,NA,NA,NA,NA,NA,"Manual locality search",NA,NA,NA,NA,NA,NA,NA,NA,NA,NA,NA,NA,NA,NA,NA,NA,NA,NA,NA,NA,NA,NA,NA,NA,NA,NA,NA,NA,"Lake","Lake Malawi",28951795749.1886,"Enteromius litamba"
"1883325799","Enteromius litamba (Keilhack, 1908)",-13.386,34.8556,"osiic","9c2cc134-5b4c-497a-8445-c45610722317","7bc628b1-114a-41e0-b0db-b81170b0d2a1","e0f2d99d-f183-469a-adb1-f321a3c4609f","7d77970a-28ba-43e3-9dc8-de37db3e1894","MZ","EML","2025-01-23T18:33:42.052+00:00","2025-01-31T23:45:17.006+00:00",212,"HUMAN_OBSERVATION","PRESENT",9240381,1,44,1153,7336,2363128,9240381,9240381,"Enteromius litamba (Keilhack, 1908)","Animalia","Chordata","Cypriniformes","Cyprinidae","Enteromius","Enteromius litamba","Enteromius","litamba","SPECIES","ACCEPTED","DD","2018-01-01T00:00:00",15000,"AFRICA","Niassa",2011,1,4,"2011-01-04",4,4,NA,"2025-01-31T23:45:17.006+00:00",NA,"http://creativecommons.org/licenses/by/4.0/legalcode",FALSE,"urn:catalog:IIP:MOZ:Niassa:fish:8894","none","none",FALSE,"Instituto Nacional de Investigação Pesqueira","João Saide","João Saide","WGS84","MZ","none","none","AFRICA","Mozambique","AFRICA",NA,"urn:catalog:IIP:MOZ:Niassa:fish:8894",NA,NA,"1883325799",NA,NA,"urn:catalog:IIP:MOZ:Niassa:fish:8894",NA,NA,"IIP",NA,NA,NA,"Enteromius litamba (Keilhack, 1908)",NA,NA,NA,"BID-AF2017-0047-NAC",NA,NA,NA,2,NA,NA,NA,NA,NA,NA,NA,NA,NA,NA,"Gillnet",NA,NA,NA,"Foz do Rio de Laga",NA,519.7,NA,NA,NA,NA,NA,NA,NA,NA,NA,"Lichinga","Indeterminate",NA,NA,NA,NA,NA,NA,NA,NA,NA,NA,NA,NA,NA,NA,NA,NA,NA,"BID",NA,NA,NA,NA,NA,NA,NA,NA,NA,NA,NA,NA,NA,NA,NA,NA,NA,NA,NA,NA,NA,NA,NA,NA,NA,"Manual locality search",NA,NA,NA,NA,NA,NA,NA,NA,NA,NA,NA,NA,NA,NA,NA,NA,NA,NA,NA,NA,NA,NA,NA,NA,NA,NA,NA,NA,"Lake","Lake Malawi",28951795749.1886,"Enteromius litamba"
"1883325895","Enteromius litamba (Keilhack, 1908)",-13.386,34.8556,"osiic","9c2cc134-5b4c-497a-8445-c45610722317","7bc628b1-114a-41e0-b0db-b81170b0d2a1","e0f2d99d-f183-469a-adb1-f321a3c4609f","7d77970a-28ba-43e3-9dc8-de37db3e1894","MZ","EML","2025-01-23T18:33:42.052+00:00","2025-01-31T23:45:17.042+00:00",212,"HUMAN_OBSERVATION","PRESENT",9240381,1,44,1153,7336,2363128,9240381,9240381,"Enteromius litamba (Keilhack, 1908)","Animalia","Chordata","Cypriniformes","Cyprinidae","Enteromius","Enteromius litamba","Enteromius","litamba","SPECIES","ACCEPTED","DD","2018-01-01T00:00:00",15000,"AFRICA","Niassa",2011,1,12,"2011-01-12",12,12,NA,"2025-01-31T23:45:17.042+00:00",NA,"http://creativecommons.org/licenses/by/4.0/legalcode",FALSE,"urn:catalog:IIP:MOZ:Niassa:fish:8975","none","none",FALSE,"Instituto Nacional de Investigação Pesqueira","João Saide","João Saide","WGS84","MZ","none","none","AFRICA","Mozambique","AFRICA",NA,"urn:catalog:IIP:MOZ:Niassa:fish:8975",NA,NA,"1883325895",NA,NA,"urn:catalog:IIP:MOZ:Niassa:fish:8975",NA,NA,"IIP",NA,NA,NA,"Enteromius litamba (Keilhack, 1908)",NA,NA,NA,"BID-AF2017-0047-NAC",NA,NA,NA,1,NA,NA,NA,NA,NA,NA,NA,NA,NA,NA,"Gillnet",NA,NA,NA,"Foz do Rio de Laga",NA,519.7,NA,NA,NA,NA,NA,NA,NA,NA,NA,"Lichinga","Indeterminate",NA,NA,NA,NA,NA,NA,NA,NA,NA,NA,NA,NA,NA,NA,NA,NA,NA,"BID",NA,NA,NA,NA,NA,NA,NA,NA,NA,NA,NA,NA,NA,NA,NA,NA,NA,NA,NA,NA,NA,NA,NA,NA,NA,"Manual locality search",NA,NA,NA,NA,NA,NA,NA,NA,NA,NA,NA,NA,NA,NA,NA,NA,NA,NA,NA,NA,NA,NA,NA,NA,NA,NA,NA,NA,"Lake","Lake Malawi",28951795749.1886,"Enteromius litamba"
"1883325875","Enteromius litamba (Keilhack, 1908)",-13.386,34.8556,"osiic","9c2cc134-5b4c-497a-8445-c45610722317","7bc628b1-114a-41e0-b0db-b81170b0d2a1","e0f2d99d-f183-469a-adb1-f321a3c4609f","7d77970a-28ba-43e3-9dc8-de37db3e1894","MZ","EML","2025-01-23T18:33:42.052+00:00","2025-01-31T23:45:18.258+00:00",212,"HUMAN_OBSERVATION","PRESENT",9240381,1,44,1153,7336,2363128,9240381,9240381,"Enteromius litamba (Keilhack, 1908)","Animalia","Chordata","Cypriniformes","Cyprinidae","Enteromius","Enteromius litamba","Enteromius","litamba","SPECIES","ACCEPTED","DD","2018-01-01T00:00:00",15000,"AFRICA","Niassa",2011,1,14,"2011-01-14",14,14,NA,"2025-01-31T23:45:18.258+00:00",NA,"http://creativecommons.org/licenses/by/4.0/legalcode",FALSE,"urn:catalog:IIP:MOZ:Niassa:fish:9024","none","none",FALSE,"Instituto Nacional de Investigação Pesqueira","João Saide","João Saide","WGS84","MZ","none","none","AFRICA","Mozambique","AFRICA",NA,"urn:catalog:IIP:MOZ:Niassa:fish:9024",NA,NA,"1883325875",NA,NA,"urn:catalog:IIP:MOZ:Niassa:fish:9024",NA,NA,"IIP",NA,NA,NA,"Enteromius litamba (Keilhack, 1908)",NA,NA,NA,"BID-AF2017-0047-NAC",NA,NA,NA,1,NA,NA,NA,NA,NA,NA,NA,NA,NA,NA,"Gillnet",NA,NA,NA,"Foz do Rio de Laga",NA,519.7,NA,NA,NA,NA,NA,NA,NA,NA,NA,"Lichinga","Indeterminate",NA,NA,NA,NA,NA,NA,NA,NA,NA,NA,NA,NA,NA,NA,NA,NA,NA,"BID",NA,NA,NA,NA,NA,NA,NA,NA,NA,NA,NA,NA,NA,NA,NA,NA,NA,NA,NA,NA,NA,NA,NA,NA,NA,"Manual locality search",NA,NA,NA,NA,NA,NA,NA,NA,NA,NA,NA,NA,NA,NA,NA,NA,NA,NA,NA,NA,NA,NA,NA,NA,NA,NA,NA,NA,"Lake","Lake Malawi",28951795749.1886,"Enteromius litamba"
"1883325920","Enteromius litamba (Keilhack, 1908)",-13.386,34.8556,"osiic","9c2cc134-5b4c-497a-8445-c45610722317","7bc628b1-114a-41e0-b0db-b81170b0d2a1","e0f2d99d-f183-469a-adb1-f321a3c4609f","7d77970a-28ba-43e3-9dc8-de37db3e1894","MZ","EML","2025-01-23T18:33:42.052+00:00","2025-01-31T23:45:18.271+00:00",212,"HUMAN_OBSERVATION","PRESENT",9240381,1,44,1153,7336,2363128,9240381,9240381,"Enteromius litamba (Keilhack, 1908)","Animalia","Chordata","Cypriniformes","Cyprinidae","Enteromius","Enteromius litamba","Enteromius","litamba","SPECIES","ACCEPTED","DD","2018-01-01T00:00:00",15000,"AFRICA","Niassa",2011,1,20,"2011-01-20",20,20,NA,"2025-01-31T23:45:18.271+00:00",NA,"http://creativecommons.org/licenses/by/4.0/legalcode",FALSE,"urn:catalog:IIP:MOZ:Niassa:fish:9076","none","none",FALSE,"Instituto Nacional de Investigação Pesqueira","João Saide","João Saide","WGS84","MZ","none","none","AFRICA","Mozambique","AFRICA",NA,"urn:catalog:IIP:MOZ:Niassa:fish:9076",NA,NA,"1883325920",NA,NA,"urn:catalog:IIP:MOZ:Niassa:fish:9076",NA,NA,"IIP",NA,NA,NA,"Enteromius litamba (Keilhack, 1908)",NA,NA,NA,"BID-AF2017-0047-NAC",NA,NA,NA,1,NA,NA,NA,NA,NA,NA,NA,NA,NA,NA,"Gillnet",NA,NA,NA,"Foz do Rio de Laga",NA,519.7,NA,NA,NA,NA,NA,NA,NA,NA,NA,"Lichinga","Indeterminate",NA,NA,NA,NA,NA,NA,NA,NA,NA,NA,NA,NA,NA,NA,NA,NA,NA,"BID",NA,NA,NA,NA,NA,NA,NA,NA,NA,NA,NA,NA,NA,NA,NA,NA,NA,NA,NA,NA,NA,NA,NA,NA,NA,"Manual locality search",NA,NA,NA,NA,NA,NA,NA,NA,NA,NA,NA,NA,NA,NA,NA,NA,NA,NA,NA,NA,NA,NA,NA,NA,NA,NA,NA,NA,"Lake","Lake Malawi",28951795749.1886,"Enteromius litamba"
"1883326004","Enteromius litamba (Keilhack, 1908)",-13.386,34.8556,"osiic","9c2cc134-5b4c-497a-8445-c45610722317","7bc628b1-114a-41e0-b0db-b81170b0d2a1","e0f2d99d-f183-469a-adb1-f321a3c4609f","7d77970a-28ba-43e3-9dc8-de37db3e1894","MZ","EML","2025-01-23T18:33:42.052+00:00","2025-01-31T23:45:18.263+00:00",212,"HUMAN_OBSERVATION","PRESENT",9240381,1,44,1153,7336,2363128,9240381,9240381,"Enteromius litamba (Keilhack, 1908)","Animalia","Chordata","Cypriniformes","Cyprinidae","Enteromius","Enteromius litamba","Enteromius","litamba","SPECIES","ACCEPTED","DD","2018-01-01T00:00:00",15000,"AFRICA","Niassa",2011,1,21,"2011-01-21",21,21,NA,"2025-01-31T23:45:18.263+00:00",NA,"http://creativecommons.org/licenses/by/4.0/legalcode",FALSE,"urn:catalog:IIP:MOZ:Niassa:fish:9088","none","none",FALSE,"Instituto Nacional de Investigação Pesqueira","João Saide","João Saide","WGS84","MZ","none","none","AFRICA","Mozambique","AFRICA",NA,"urn:catalog:IIP:MOZ:Niassa:fish:9088",NA,NA,"1883326004",NA,NA,"urn:catalog:IIP:MOZ:Niassa:fish:9088",NA,NA,"IIP",NA,NA,NA,"Enteromius litamba (Keilhack, 1908)",NA,NA,NA,"BID-AF2017-0047-NAC",NA,NA,NA,1,NA,NA,NA,NA,NA,NA,NA,NA,NA,NA,"Gillnet",NA,NA,NA,"Foz do Rio de Laga",NA,519.7,NA,NA,NA,NA,NA,NA,NA,NA,NA,"Lichinga","Indeterminate",NA,NA,NA,NA,NA,NA,NA,NA,NA,NA,NA,NA,NA,NA,NA,NA,NA,"BID",NA,NA,NA,NA,NA,NA,NA,NA,NA,NA,NA,NA,NA,NA,NA,NA,NA,NA,NA,NA,NA,NA,NA,NA,NA,"Manual locality search",NA,NA,NA,NA,NA,NA,NA,NA,NA,NA,NA,NA,NA,NA,NA,NA,NA,NA,NA,NA,NA,NA,NA,NA,NA,NA,NA,NA,"Lake","Lake Malawi",28951795749.1886,"Enteromius litamba"
"1883325968","Enteromius litamba (Keilhack, 1908)",-13.419,34.8599,"osiic","9c2cc134-5b4c-497a-8445-c45610722317","7bc628b1-114a-41e0-b0db-b81170b0d2a1","e0f2d99d-f183-469a-adb1-f321a3c4609f","7d77970a-28ba-43e3-9dc8-de37db3e1894","MZ","EML","2025-01-23T18:33:42.052+00:00","2025-01-31T23:45:18.323+00:00",212,"HUMAN_OBSERVATION","PRESENT",9240381,1,44,1153,7336,2363128,9240381,9240381,"Enteromius litamba (Keilhack, 1908)","Animalia","Chordata","Cypriniformes","Cyprinidae","Enteromius","Enteromius litamba","Enteromius","litamba","SPECIES","ACCEPTED","DD","2018-01-01T00:00:00",15000,"AFRICA","Niassa",2011,1,25,"2011-01-25",25,25,NA,"2025-01-31T23:45:18.323+00:00",NA,"http://creativecommons.org/licenses/by/4.0/legalcode",FALSE,"urn:catalog:IIP:MOZ:Niassa:fish:9113","none","none",FALSE,"Instituto Nacional de Investigação Pesqueira","João Saide","João Saide","WGS84","MZ","none","none","AFRICA","Mozambique","AFRICA",NA,"urn:catalog:IIP:MOZ:Niassa:fish:9113",NA,NA,"1883325968",NA,NA,"urn:catalog:IIP:MOZ:Niassa:fish:9113",NA,NA,"IIP",NA,NA,NA,"Enteromius litamba (Keilhack, 1908)",NA,NA,NA,"BID-AF2017-0047-NAC",NA,NA,NA,1,NA,NA,NA,NA,NA,NA,NA,NA,NA,NA,"Gillnet",NA,NA,NA,"Foz do Rio de Laga",NA,475.5,NA,NA,NA,NA,NA,NA,NA,NA,NA,"Lichinga","Indeterminate",NA,NA,NA,NA,NA,NA,NA,NA,NA,NA,NA,NA,NA,NA,NA,NA,NA,"BID",NA,NA,NA,NA,NA,NA,NA,NA,NA,NA,NA,NA,NA,NA,NA,NA,NA,NA,NA,NA,NA,NA,NA,NA,NA,"Manual locality search",NA,NA,NA,NA,NA,NA,NA,NA,NA,NA,NA,NA,NA,NA,NA,NA,NA,NA,NA,NA,NA,NA,NA,NA,NA,NA,NA,NA,"Lake","Lake Malawi",28951795749.1886,"Enteromius litamba"
"1883325995","Enteromius litamba (Keilhack, 1908)",-13.386,34.8556,"osiic","9c2cc134-5b4c-497a-8445-c45610722317","7bc628b1-114a-41e0-b0db-b81170b0d2a1","e0f2d99d-f183-469a-adb1-f321a3c4609f","7d77970a-28ba-43e3-9dc8-de37db3e1894","MZ","EML","2025-01-23T18:33:42.052+00:00","2025-01-31T23:45:18.332+00:00",212,"HUMAN_OBSERVATION","PRESENT",9240381,1,44,1153,7336,2363128,9240381,9240381,"Enteromius litamba (Keilhack, 1908)","Animalia","Chordata","Cypriniformes","Cyprinidae","Enteromius","Enteromius litamba","Enteromius","litamba","SPECIES","ACCEPTED","DD","2018-01-01T00:00:00",15000,"AFRICA","Niassa",2011,1,28,"2011-01-28",28,28,NA,"2025-01-31T23:45:18.332+00:00",NA,"http://creativecommons.org/licenses/by/4.0/legalcode",FALSE,"urn:catalog:IIP:MOZ:Niassa:fish:9140","none","none",FALSE,"Instituto Nacional de Investigação Pesqueira","João Saide","João Saide","WGS84","MZ","none","none","AFRICA","Mozambique","AFRICA",NA,"urn:catalog:IIP:MOZ:Niassa:fish:9140",NA,NA,"1883325995",NA,NA,"urn:catalog:IIP:MOZ:Niassa:fish:9140",NA,NA,"IIP",NA,NA,NA,"Enteromius litamba (Keilhack, 1908)",NA,NA,NA,"BID-AF2017-0047-NAC",NA,NA,NA,2,NA,NA,NA,NA,NA,NA,NA,NA,NA,NA,"Gillnet",NA,NA,NA,"Foz do Rio de Laga",NA,519.7,NA,NA,NA,NA,NA,NA,NA,NA,NA,"Lichinga","Indeterminate",NA,NA,NA,NA,NA,NA,NA,NA,NA,NA,NA,NA,NA,NA,NA,NA,NA,"BID",NA,NA,NA,NA,NA,NA,NA,NA,NA,NA,NA,NA,NA,NA,NA,NA,NA,NA,NA,NA,NA,NA,NA,NA,NA,"Manual locality search",NA,NA,NA,NA,NA,NA,NA,NA,NA,NA,NA,NA,NA,NA,NA,NA,NA,NA,NA,NA,NA,NA,NA,NA,NA,NA,NA,NA,"Lake","Lake Malawi",28951795749.1886,"Enteromius litamba"
"1883326343","Enteromius litamba (Keilhack, 1908)",-13.386,34.8556,"osiic","9c2cc134-5b4c-497a-8445-c45610722317","7bc628b1-114a-41e0-b0db-b81170b0d2a1","e0f2d99d-f183-469a-adb1-f321a3c4609f","7d77970a-28ba-43e3-9dc8-de37db3e1894","MZ","EML","2025-01-23T18:33:42.052+00:00","2025-01-31T23:45:18.530+00:00",212,"HUMAN_OBSERVATION","PRESENT",9240381,1,44,1153,7336,2363128,9240381,9240381,"Enteromius litamba (Keilhack, 1908)","Animalia","Chordata","Cypriniformes","Cyprinidae","Enteromius","Enteromius litamba","Enteromius","litamba","SPECIES","ACCEPTED","DD","2018-01-01T00:00:00",15000,"AFRICA","Niassa",2011,3,8,"2011-03-08",67,67,NA,"2025-01-31T23:45:18.530+00:00",NA,"http://creativecommons.org/licenses/by/4.0/legalcode",FALSE,"urn:catalog:IIP:MOZ:Niassa:fish:9453","none","none",FALSE,"Instituto Nacional de Investigação Pesqueira","João Saide","João Saide","WGS84","MZ","none","none","AFRICA","Mozambique","AFRICA",NA,"urn:catalog:IIP:MOZ:Niassa:fish:9453",NA,NA,"1883326343",NA,NA,"urn:catalog:IIP:MOZ:Niassa:fish:9453",NA,NA,"IIP",NA,NA,NA,"Enteromius litamba (Keilhack, 1908)",NA,NA,NA,"BID-AF2017-0047-NAC",NA,NA,NA,1,NA,NA,NA,NA,NA,NA,NA,NA,NA,NA,"Gillnet",NA,NA,NA,"Foz do Rio de Laga",NA,519.7,NA,NA,NA,NA,NA,NA,NA,NA,NA,"Lichinga","Indeterminate",NA,NA,NA,NA,NA,NA,NA,NA,NA,NA,NA,NA,NA,NA,NA,NA,NA,"BID",NA,NA,NA,NA,NA,NA,NA,NA,NA,NA,NA,NA,NA,NA,NA,NA,NA,NA,NA,NA,NA,NA,NA,NA,NA,"Manual locality search",NA,NA,NA,NA,NA,NA,NA,NA,NA,NA,NA,NA,NA,NA,NA,NA,NA,NA,NA,NA,NA,NA,NA,NA,NA,NA,NA,NA,"Lake","Lake Malawi",28951795749.1886,"Enteromius litamba"
"1883326460","Enteromius litamba (Keilhack, 1908)",-13.386,34.8556,"osiic","9c2cc134-5b4c-497a-8445-c45610722317","7bc628b1-114a-41e0-b0db-b81170b0d2a1","e0f2d99d-f183-469a-adb1-f321a3c4609f","7d77970a-28ba-43e3-9dc8-de37db3e1894","MZ","EML","2025-01-23T18:33:42.052+00:00","2025-01-31T23:45:18.599+00:00",212,"HUMAN_OBSERVATION","PRESENT",9240381,1,44,1153,7336,2363128,9240381,9240381,"Enteromius litamba (Keilhack, 1908)","Animalia","Chordata","Cypriniformes","Cyprinidae","Enteromius","Enteromius litamba","Enteromius","litamba","SPECIES","ACCEPTED","DD","2018-01-01T00:00:00",15000,"AFRICA","Niassa",2011,3,15,"2011-03-15",74,74,NA,"2025-01-31T23:45:18.599+00:00",NA,"http://creativecommons.org/licenses/by/4.0/legalcode",FALSE,"urn:catalog:IIP:MOZ:Niassa:fish:9557","none","none",FALSE,"Instituto Nacional de Investigação Pesqueira","João Saide","João Saide","WGS84","MZ","none","none","AFRICA","Mozambique","AFRICA",NA,"urn:catalog:IIP:MOZ:Niassa:fish:9557",NA,NA,"1883326460",NA,NA,"urn:catalog:IIP:MOZ:Niassa:fish:9557",NA,NA,"IIP",NA,NA,NA,"Enteromius litamba (Keilhack, 1908)",NA,NA,NA,"BID-AF2017-0047-NAC",NA,NA,NA,1,NA,NA,NA,NA,NA,NA,NA,NA,NA,NA,"Gillnet",NA,NA,NA,"Foz do Rio de Laga",NA,519.7,NA,NA,NA,NA,NA,NA,NA,NA,NA,"Lichinga","Indeterminate",NA,NA,NA,NA,NA,NA,NA,NA,NA,NA,NA,NA,NA,NA,NA,NA,NA,"BID",NA,NA,NA,NA,NA,NA,NA,NA,NA,NA,NA,NA,NA,NA,NA,NA,NA,NA,NA,NA,NA,NA,NA,NA,NA,"Manual locality search",NA,NA,NA,NA,NA,NA,NA,NA,NA,NA,NA,NA,NA,NA,NA,NA,NA,NA,NA,NA,NA,NA,NA,NA,NA,NA,NA,NA,"Lake","Lake Malawi",28951795749.1886,"Enteromius litamba"
"1883326457","Enteromius litamba (Keilhack, 1908)",-12.451,34.6972,"osiic","9c2cc134-5b4c-497a-8445-c45610722317","7bc628b1-114a-41e0-b0db-b81170b0d2a1","e0f2d99d-f183-469a-adb1-f321a3c4609f","7d77970a-28ba-43e3-9dc8-de37db3e1894","MZ","EML","2025-01-23T18:33:42.052+00:00","2025-01-31T23:45:18.572+00:00",212,"HUMAN_OBSERVATION","PRESENT",9240381,1,44,1153,7336,2363128,9240381,9240381,"Enteromius litamba (Keilhack, 1908)","Animalia","Chordata","Cypriniformes","Cyprinidae","Enteromius","Enteromius litamba","Enteromius","litamba","SPECIES","ACCEPTED","DD","2018-01-01T00:00:00",15000,"AFRICA","Niassa",2011,3,16,"2011-03-16",75,75,NA,"2025-01-31T23:45:18.572+00:00",NA,"http://creativecommons.org/licenses/by/4.0/legalcode",FALSE,"urn:catalog:IIP:MOZ:Niassa:fish:9568","none","none",FALSE,"Instituto Nacional de Investigação Pesqueira","Estevão Juma","Estevão Juma","WGS84","MZ","none","none","AFRICA","Mozambique","AFRICA",NA,"urn:catalog:IIP:MOZ:Niassa:fish:9568",NA,NA,"1883326457",NA,NA,"urn:catalog:IIP:MOZ:Niassa:fish:9568",NA,NA,"IIP",NA,NA,NA,"Enteromius litamba (Keilhack, 1908)",NA,NA,NA,"BID-AF2017-0047-NAC",NA,NA,NA,1,NA,NA,NA,NA,NA,NA,NA,NA,NA,NA,"Gillnet",NA,NA,NA,"Lago Aberto do Lago",NA,477.9,NA,NA,NA,NA,NA,NA,NA,NA,NA,"Lago","Indeterminate",NA,NA,NA,NA,NA,NA,NA,NA,NA,NA,NA,NA,NA,NA,NA,NA,NA,"BID",NA,NA,NA,NA,NA,NA,NA,NA,NA,NA,NA,NA,NA,NA,NA,NA,NA,NA,NA,NA,NA,NA,NA,NA,NA,"Manual locality search",NA,NA,NA,NA,NA,NA,NA,NA,NA,NA,NA,NA,NA,NA,NA,NA,NA,NA,NA,NA,NA,NA,NA,NA,NA,NA,NA,NA,"Lake","Lake Malawi",28951795749.1886,"Enteromius litamba"
"1883327096","Enteromius litamba (Keilhack, 1908)",-12.451,34.6972,"osiic","9c2cc134-5b4c-497a-8445-c45610722317","7bc628b1-114a-41e0-b0db-b81170b0d2a1","e0f2d99d-f183-469a-adb1-f321a3c4609f","7d77970a-28ba-43e3-9dc8-de37db3e1894","MZ","EML","2025-01-23T18:33:42.052+00:00","2025-01-31T23:45:18.639+00:00",212,"HUMAN_OBSERVATION","PRESENT",9240381,1,44,1153,7336,2363128,9240381,9240381,"Enteromius litamba (Keilhack, 1908)","Animalia","Chordata","Cypriniformes","Cyprinidae","Enteromius","Enteromius litamba","Enteromius","litamba","SPECIES","ACCEPTED","DD","2018-01-01T00:00:00",15000,"AFRICA","Niassa",2011,5,30,"2011-05-30",150,150,NA,"2025-01-31T23:45:18.639+00:00",NA,"http://creativecommons.org/licenses/by/4.0/legalcode",FALSE,"urn:catalog:IIP:MOZ:Niassa:fish:10206","none","none",FALSE,"Instituto Nacional de Investigação Pesqueira","Estevão Juma","Estevão Juma","WGS84","MZ","none","none","AFRICA","Mozambique","AFRICA",NA,"urn:catalog:IIP:MOZ:Niassa:fish:10206",NA,NA,"1883327096",NA,NA,"urn:catalog:IIP:MOZ:Niassa:fish:10206",NA,NA,"IIP",NA,NA,NA,"Enteromius litamba (Keilhack, 1908)",NA,NA,NA,"BID-AF2017-0047-NAC",NA,NA,NA,2,NA,NA,NA,NA,NA,NA,NA,NA,NA,NA,"Gillnet",NA,NA,NA,"Lago Aberto do Lago",NA,477.9,NA,NA,NA,NA,NA,NA,NA,NA,NA,"Lago","Indeterminate",NA,NA,NA,NA,NA,NA,NA,NA,NA,NA,NA,NA,NA,NA,NA,NA,NA,"BID",NA,NA,NA,NA,NA,NA,NA,NA,NA,NA,NA,NA,NA,NA,NA,NA,NA,NA,NA,NA,NA,NA,NA,NA,NA,"Manual locality search",NA,NA,NA,NA,NA,NA,NA,NA,NA,NA,NA,NA,NA,NA,NA,NA,NA,NA,NA,NA,NA,NA,NA,NA,NA,NA,NA,NA,"Lake","Lake Malawi",28951795749.1886,"Enteromius litamba"
"1883327163","Enteromius litamba (Keilhack, 1908)",-12.451,34.6972,"osiic","9c2cc134-5b4c-497a-8445-c45610722317","7bc628b1-114a-41e0-b0db-b81170b0d2a1","e0f2d99d-f183-469a-adb1-f321a3c4609f","7d77970a-28ba-43e3-9dc8-de37db3e1894","MZ","EML","2025-01-23T18:33:42.052+00:00","2025-01-31T23:45:18.615+00:00",212,"HUMAN_OBSERVATION","PRESENT",9240381,1,44,1153,7336,2363128,9240381,9240381,"Enteromius litamba (Keilhack, 1908)","Animalia","Chordata","Cypriniformes","Cyprinidae","Enteromius","Enteromius litamba","Enteromius","litamba","SPECIES","ACCEPTED","DD","2018-01-01T00:00:00",15000,"AFRICA","Niassa",2011,6,14,"2011-06-14",165,165,NA,"2025-01-31T23:45:18.615+00:00",NA,"http://creativecommons.org/licenses/by/4.0/legalcode",FALSE,"urn:catalog:IIP:MOZ:Niassa:fish:10292","none","none",FALSE,"Instituto Nacional de Investigação Pesqueira","Estevão Juma","Estevão Juma","WGS84","MZ","none","none","AFRICA","Mozambique","AFRICA",NA,"urn:catalog:IIP:MOZ:Niassa:fish:10292",NA,NA,"1883327163",NA,NA,"urn:catalog:IIP:MOZ:Niassa:fish:10292",NA,NA,"IIP",NA,NA,NA,"Enteromius litamba (Keilhack, 1908)",NA,NA,NA,"BID-AF2017-0047-NAC",NA,NA,NA,3,NA,NA,NA,NA,NA,NA,NA,NA,NA,NA,"Gillnet",NA,NA,NA,"Lago Aberto do Lago",NA,477.9,NA,NA,NA,NA,NA,NA,NA,NA,NA,"Lago","Indeterminate",NA,NA,NA,NA,NA,NA,NA,NA,NA,NA,NA,NA,NA,NA,NA,NA,NA,"BID",NA,NA,NA,NA,NA,NA,NA,NA,NA,NA,NA,NA,NA,NA,NA,NA,NA,NA,NA,NA,NA,NA,NA,NA,NA,"Manual locality search",NA,NA,NA,NA,NA,NA,NA,NA,NA,NA,NA,NA,NA,NA,NA,NA,NA,NA,NA,NA,NA,NA,NA,NA,NA,NA,NA,NA,"Lake","Lake Malawi",28951795749.1886,"Enteromius litamba"
"1883327900","Enteromius litamba (Keilhack, 1908)",-12.451,34.6972,"osiic","9c2cc134-5b4c-497a-8445-c45610722317","7bc628b1-114a-41e0-b0db-b81170b0d2a1","e0f2d99d-f183-469a-adb1-f321a3c4609f","7d77970a-28ba-43e3-9dc8-de37db3e1894","MZ","EML","2025-01-23T18:33:42.052+00:00","2025-01-31T23:45:16.117+00:00",212,"HUMAN_OBSERVATION","PRESENT",9240381,1,44,1153,7336,2363128,9240381,9240381,"Enteromius litamba (Keilhack, 1908)","Animalia","Chordata","Cypriniformes","Cyprinidae","Enteromius","Enteromius litamba","Enteromius","litamba","SPECIES","ACCEPTED","DD","2018-01-01T00:00:00",15000,"AFRICA","Niassa",2011,10,10,"2011-10-10",283,283,NA,"2025-01-31T23:45:16.117+00:00",NA,"http://creativecommons.org/licenses/by/4.0/legalcode",FALSE,"urn:catalog:IIP:MOZ:Niassa:fish:11039","none","none",FALSE,"Instituto Nacional de Investigação Pesqueira","Estevão Juma","Estevão Juma","WGS84","MZ","none","none","AFRICA","Mozambique","AFRICA",NA,"urn:catalog:IIP:MOZ:Niassa:fish:11039",NA,NA,"1883327900",NA,NA,"urn:catalog:IIP:MOZ:Niassa:fish:11039",NA,NA,"IIP",NA,NA,NA,"Enteromius litamba (Keilhack, 1908)",NA,NA,NA,"BID-AF2017-0047-NAC",NA,NA,NA,1,NA,NA,NA,NA,NA,NA,NA,NA,NA,NA,"Gillnet",NA,NA,NA,"Lago Aberto do Lago",NA,477.9,NA,NA,NA,NA,NA,NA,NA,NA,NA,"Lago","Indeterminate",NA,NA,NA,NA,NA,NA,NA,NA,NA,NA,NA,NA,NA,NA,NA,NA,NA,"BID",NA,NA,NA,NA,NA,NA,NA,NA,NA,NA,NA,NA,NA,NA,NA,NA,NA,NA,NA,NA,NA,NA,NA,NA,NA,"Manual locality search",NA,NA,NA,NA,NA,NA,NA,NA,NA,NA,NA,NA,NA,NA,NA,NA,NA,NA,NA,NA,NA,NA,NA,NA,NA,NA,NA,NA,"Lake","Lake Malawi",28951795749.1886,"Enteromius litamba"
"1883328125","Enteromius litamba (Keilhack, 1908)",-13.386,34.8556,"osiic","9c2cc134-5b4c-497a-8445-c45610722317","7bc628b1-114a-41e0-b0db-b81170b0d2a1","e0f2d99d-f183-469a-adb1-f321a3c4609f","7d77970a-28ba-43e3-9dc8-de37db3e1894","MZ","EML","2025-01-23T18:33:42.052+00:00","2025-01-31T23:45:16.598+00:00",212,"HUMAN_OBSERVATION","PRESENT",9240381,1,44,1153,7336,2363128,9240381,9240381,"Enteromius litamba (Keilhack, 1908)","Animalia","Chordata","Cypriniformes","Cyprinidae","Enteromius","Enteromius litamba","Enteromius","litamba","SPECIES","ACCEPTED","DD","2018-01-01T00:00:00",15000,"AFRICA","Niassa",2011,11,10,"2011-11-10",314,314,NA,"2025-01-31T23:45:16.598+00:00",NA,"http://creativecommons.org/licenses/by/4.0/legalcode",FALSE,"urn:catalog:IIP:MOZ:Niassa:fish:11299","none","none",FALSE,"Instituto Nacional de Investigação Pesqueira","João Saide","João Saide","WGS84","MZ","none","none","AFRICA","Mozambique","AFRICA",NA,"urn:catalog:IIP:MOZ:Niassa:fish:11299",NA,NA,"1883328125",NA,NA,"urn:catalog:IIP:MOZ:Niassa:fish:11299",NA,NA,"IIP",NA,NA,NA,"Enteromius litamba (Keilhack, 1908)",NA,NA,NA,"BID-AF2017-0047-NAC",NA,NA,NA,1,NA,NA,NA,NA,NA,NA,NA,NA,NA,NA,"Gillnet",NA,NA,NA,"Foz do Rio de Laga",NA,519.7,NA,NA,NA,NA,NA,NA,NA,NA,NA,"Lichinga","Indeterminate",NA,NA,NA,NA,NA,NA,NA,NA,NA,NA,NA,NA,NA,NA,NA,NA,NA,"BID",NA,NA,NA,NA,NA,NA,NA,NA,NA,NA,NA,NA,NA,NA,NA,NA,NA,NA,NA,NA,NA,NA,NA,NA,NA,"Manual locality search",NA,NA,NA,NA,NA,NA,NA,NA,NA,NA,NA,NA,NA,NA,NA,NA,NA,NA,NA,NA,NA,NA,NA,NA,NA,NA,NA,NA,"Lake","Lake Malawi",28951795749.1886,"Enteromius litamba"
"1883328339","Enteromius litamba (Keilhack, 1908)",-13.386,34.8556,"osiic","9c2cc134-5b4c-497a-8445-c45610722317","7bc628b1-114a-41e0-b0db-b81170b0d2a1","e0f2d99d-f183-469a-adb1-f321a3c4609f","7d77970a-28ba-43e3-9dc8-de37db3e1894","MZ","EML","2025-01-23T18:33:42.052+00:00","2025-01-31T23:45:16.536+00:00",212,"HUMAN_OBSERVATION","PRESENT",9240381,1,44,1153,7336,2363128,9240381,9240381,"Enteromius litamba (Keilhack, 1908)","Animalia","Chordata","Cypriniformes","Cyprinidae","Enteromius","Enteromius litamba","Enteromius","litamba","SPECIES","ACCEPTED","DD","2018-01-01T00:00:00",15000,"AFRICA","Niassa",2011,11,28,"2011-11-28",332,332,NA,"2025-01-31T23:45:16.536+00:00",NA,"http://creativecommons.org/licenses/by/4.0/legalcode",FALSE,"urn:catalog:IIP:MOZ:Niassa:fish:11454","none","none",FALSE,"Instituto Nacional de Investigação Pesqueira","João Saide","João Saide","WGS84","MZ","none","none","AFRICA","Mozambique","AFRICA",NA,"urn:catalog:IIP:MOZ:Niassa:fish:11454",NA,NA,"1883328339",NA,NA,"urn:catalog:IIP:MOZ:Niassa:fish:11454",NA,NA,"IIP",NA,NA,NA,"Enteromius litamba (Keilhack, 1908)",NA,NA,NA,"BID-AF2017-0047-NAC",NA,NA,NA,2,NA,NA,NA,NA,NA,NA,NA,NA,NA,NA,"Gillnet",NA,NA,NA,"Foz do Rio de Laga",NA,519.7,NA,NA,NA,NA,NA,NA,NA,NA,NA,"Lichinga","Indeterminate",NA,NA,NA,NA,NA,NA,NA,NA,NA,NA,NA,NA,NA,NA,NA,NA,NA,"BID",NA,NA,NA,NA,NA,NA,NA,NA,NA,NA,NA,NA,NA,NA,NA,NA,NA,NA,NA,NA,NA,NA,NA,NA,NA,"Manual locality search",NA,NA,NA,NA,NA,NA,NA,NA,NA,NA,NA,NA,NA,NA,NA,NA,NA,NA,NA,NA,NA,NA,NA,NA,NA,NA,NA,NA,"Lake","Lake Malawi",28951795749.1886,"Enteromius litamba"
"1883328382","Enteromius litamba (Keilhack, 1908)",-13.386,34.8556,"osiic","9c2cc134-5b4c-497a-8445-c45610722317","7bc628b1-114a-41e0-b0db-b81170b0d2a1","e0f2d99d-f183-469a-adb1-f321a3c4609f","7d77970a-28ba-43e3-9dc8-de37db3e1894","MZ","EML","2025-01-23T18:33:42.052+00:00","2025-01-31T23:45:16.515+00:00",212,"HUMAN_OBSERVATION","PRESENT",9240381,1,44,1153,7336,2363128,9240381,9240381,"Enteromius litamba (Keilhack, 1908)","Animalia","Chordata","Cypriniformes","Cyprinidae","Enteromius","Enteromius litamba","Enteromius","litamba","SPECIES","ACCEPTED","DD","2018-01-01T00:00:00",15000,"AFRICA","Niassa",2011,11,29,"2011-11-29",333,333,NA,"2025-01-31T23:45:16.515+00:00",NA,"http://creativecommons.org/licenses/by/4.0/legalcode",FALSE,"urn:catalog:IIP:MOZ:Niassa:fish:11471","none","none",FALSE,"Instituto Nacional de Investigação Pesqueira","João Saide","João Saide","WGS84","MZ","none","none","AFRICA","Mozambique","AFRICA",NA,"urn:catalog:IIP:MOZ:Niassa:fish:11471",NA,NA,"1883328382",NA,NA,"urn:catalog:IIP:MOZ:Niassa:fish:11471",NA,NA,"IIP",NA,NA,NA,"Enteromius litamba (Keilhack, 1908)",NA,NA,NA,"BID-AF2017-0047-NAC",NA,NA,NA,2,NA,NA,NA,NA,NA,NA,NA,NA,NA,NA,"Gillnet",NA,NA,NA,"Foz do Rio de Laga",NA,519.7,NA,NA,NA,NA,NA,NA,NA,NA,NA,"Lichinga","Indeterminate",NA,NA,NA,NA,NA,NA,NA,NA,NA,NA,NA,NA,NA,NA,NA,NA,NA,"BID",NA,NA,NA,NA,NA,NA,NA,NA,NA,NA,NA,NA,NA,NA,NA,NA,NA,NA,NA,NA,NA,NA,NA,NA,NA,"Manual locality search",NA,NA,NA,NA,NA,NA,NA,NA,NA,NA,NA,NA,NA,NA,NA,NA,NA,NA,NA,NA,NA,NA,NA,NA,NA,NA,NA,NA,"Lake","Lake Malawi",28951795749.1886,"Enteromius litamba"
"1883328392","Enteromius litamba (Keilhack, 1908)",-13.419,34.8599,"osiic","9c2cc134-5b4c-497a-8445-c45610722317","7bc628b1-114a-41e0-b0db-b81170b0d2a1","e0f2d99d-f183-469a-adb1-f321a3c4609f","7d77970a-28ba-43e3-9dc8-de37db3e1894","MZ","EML","2025-01-23T18:33:42.052+00:00","2025-01-31T23:45:16.519+00:00",212,"HUMAN_OBSERVATION","PRESENT",9240381,1,44,1153,7336,2363128,9240381,9240381,"Enteromius litamba (Keilhack, 1908)","Animalia","Chordata","Cypriniformes","Cyprinidae","Enteromius","Enteromius litamba","Enteromius","litamba","SPECIES","ACCEPTED","DD","2018-01-01T00:00:00",15000,"AFRICA","Niassa",2011,11,30,"2011-11-30",334,334,NA,"2025-01-31T23:45:16.519+00:00",NA,"http://creativecommons.org/licenses/by/4.0/legalcode",FALSE,"urn:catalog:IIP:MOZ:Niassa:fish:11487","none","none",FALSE,"Instituto Nacional de Investigação Pesqueira","João Saide","João Saide","WGS84","MZ","none","none","AFRICA","Mozambique","AFRICA",NA,"urn:catalog:IIP:MOZ:Niassa:fish:11487",NA,NA,"1883328392",NA,NA,"urn:catalog:IIP:MOZ:Niassa:fish:11487",NA,NA,"IIP",NA,NA,NA,"Enteromius litamba (Keilhack, 1908)",NA,NA,NA,"BID-AF2017-0047-NAC",NA,NA,NA,3,NA,NA,NA,NA,NA,NA,NA,NA,NA,NA,"Gillnet",NA,NA,NA,"Foz do Rio de Laga",NA,475.5,NA,NA,NA,NA,NA,NA,NA,NA,NA,"Lichinga","Indeterminate",NA,NA,NA,NA,NA,NA,NA,NA,NA,NA,NA,NA,NA,NA,NA,NA,NA,"BID",NA,NA,NA,NA,NA,NA,NA,NA,NA,NA,NA,NA,NA,NA,NA,NA,NA,NA,NA,NA,NA,NA,NA,NA,NA,"Manual locality search",NA,NA,NA,NA,NA,NA,NA,NA,NA,NA,NA,NA,NA,NA,NA,NA,NA,NA,NA,NA,NA,NA,NA,NA,NA,NA,NA,NA,"Lake","Lake Malawi",28951795749.1886,"Enteromius litamba"
"1883328343","Enteromius litamba (Keilhack, 1908)",-13.386,34.8556,"osiic","9c2cc134-5b4c-497a-8445-c45610722317","7bc628b1-114a-41e0-b0db-b81170b0d2a1","e0f2d99d-f183-469a-adb1-f321a3c4609f","7d77970a-28ba-43e3-9dc8-de37db3e1894","MZ","EML","2025-01-23T18:33:42.052+00:00","2025-01-31T23:45:16.524+00:00",212,"HUMAN_OBSERVATION","PRESENT",9240381,1,44,1153,7336,2363128,9240381,9240381,"Enteromius litamba (Keilhack, 1908)","Animalia","Chordata","Cypriniformes","Cyprinidae","Enteromius","Enteromius litamba","Enteromius","litamba","SPECIES","ACCEPTED","DD","2018-01-01T00:00:00",15000,"AFRICA","Niassa",2011,12,2,"2011-12-02",336,336,NA,"2025-01-31T23:45:16.524+00:00",NA,"http://creativecommons.org/licenses/by/4.0/legalcode",FALSE,"urn:catalog:IIP:MOZ:Niassa:fish:11499","none","none",FALSE,"Instituto Nacional de Investigação Pesqueira","João Saide","João Saide","WGS84","MZ","none","none","AFRICA","Mozambique","AFRICA",NA,"urn:catalog:IIP:MOZ:Niassa:fish:11499",NA,NA,"1883328343",NA,NA,"urn:catalog:IIP:MOZ:Niassa:fish:11499",NA,NA,"IIP",NA,NA,NA,"Enteromius litamba (Keilhack, 1908)",NA,NA,NA,"BID-AF2017-0047-NAC",NA,NA,NA,3,NA,NA,NA,NA,NA,NA,NA,NA,NA,NA,"Gillnet",NA,NA,NA,"Foz do Rio de Laga",NA,519.7,NA,NA,NA,NA,NA,NA,NA,NA,NA,"Lichinga","Indeterminate",NA,NA,NA,NA,NA,NA,NA,NA,NA,NA,NA,NA,NA,NA,NA,NA,NA,"BID",NA,NA,NA,NA,NA,NA,NA,NA,NA,NA,NA,NA,NA,NA,NA,NA,NA,NA,NA,NA,NA,NA,NA,NA,NA,"Manual locality search",NA,NA,NA,NA,NA,NA,NA,NA,NA,NA,NA,NA,NA,NA,NA,NA,NA,NA,NA,NA,NA,NA,NA,NA,NA,NA,NA,NA,"Lake","Lake Malawi",28951795749.1886,"Enteromius litamba"
"1883328404","Enteromius litamba (Keilhack, 1908)",-13.386,34.8556,"osiic","9c2cc134-5b4c-497a-8445-c45610722317","7bc628b1-114a-41e0-b0db-b81170b0d2a1","e0f2d99d-f183-469a-adb1-f321a3c4609f","7d77970a-28ba-43e3-9dc8-de37db3e1894","MZ","EML","2025-01-23T18:33:42.052+00:00","2025-01-31T23:45:16.790+00:00",212,"HUMAN_OBSERVATION","PRESENT",9240381,1,44,1153,7336,2363128,9240381,9240381,"Enteromius litamba (Keilhack, 1908)","Animalia","Chordata","Cypriniformes","Cyprinidae","Enteromius","Enteromius litamba","Enteromius","litamba","SPECIES","ACCEPTED","DD","2018-01-01T00:00:00",15000,"AFRICA","Niassa",2011,12,8,"2011-12-08",342,342,NA,"2025-01-31T23:45:16.790+00:00",NA,"http://creativecommons.org/licenses/by/4.0/legalcode",FALSE,"urn:catalog:IIP:MOZ:Niassa:fish:11569","none","none",FALSE,"Instituto Nacional de Investigação Pesqueira","João Saide","João Saide","WGS84","MZ","none","none","AFRICA","Mozambique","AFRICA",NA,"urn:catalog:IIP:MOZ:Niassa:fish:11569",NA,NA,"1883328404",NA,NA,"urn:catalog:IIP:MOZ:Niassa:fish:11569",NA,NA,"IIP",NA,NA,NA,"Enteromius litamba (Keilhack, 1908)",NA,NA,NA,"BID-AF2017-0047-NAC",NA,NA,NA,3,NA,NA,NA,NA,NA,NA,NA,NA,NA,NA,"Gillnet",NA,NA,NA,"Foz do Rio de Laga",NA,519.7,NA,NA,NA,NA,NA,NA,NA,NA,NA,"Lichinga","Indeterminate",NA,NA,NA,NA,NA,NA,NA,NA,NA,NA,NA,NA,NA,NA,NA,NA,NA,"BID",NA,NA,NA,NA,NA,NA,NA,NA,NA,NA,NA,NA,NA,NA,NA,NA,NA,NA,NA,NA,NA,NA,NA,NA,NA,"Manual locality search",NA,NA,NA,NA,NA,NA,NA,NA,NA,NA,NA,NA,NA,NA,NA,NA,NA,NA,NA,NA,NA,NA,NA,NA,NA,NA,NA,NA,"Lake","Lake Malawi",28951795749.1886,"Enteromius litamba"
"1230408035","Barbus paludinosus Peters, 1852",-12.629167,34.7725,"","1aaec653-c71c-4695-9b6e-0e26214dd817","cecc196e-f262-4986-a88a-6adf035dca0e","6adeff08-3d1e-4977-8524-24d3f58ab403","cecc196e-f262-4986-a88a-6adf035dca0e","ZA","EML","2025-01-22T00:53:29.548+00:00","2025-02-06T18:10:36.988+00:00",458,"PRESERVED_SPECIMEN","PRESENT",5206853,1,44,1153,7336,2363128,9264695,9264695,"Enteromius paludinosus (Peters, 1852)","Animalia","Chordata","Cypriniformes","Cyprinidae","Enteromius","Enteromius paludinosus","Barbus","paludinosus","SPECIES","SYNONYM","LC","2010-02-10T00:00:00",NA,"AFRICA","Niassa",2010,2,10,"2010-02-10",41,41,"2010-03-16T12:32:06.000+00:00","2025-02-06T18:10:36.988+00:00",NA,"http://creativecommons.org/licenses/by/4.0/legalcode",FALSE,"2ead908f-fc21-11e2-ac3f-081965b14959","none","none",FALSE,NA,"Roger Bills; Byron Grant","Roger Bills","WGS84","MZ","none","none","AFRICA","Mozambique","AFRICA","SAIAB","2ead908f-fc21-11e2-ac3f-081965b14959",NA,NA,"1230408035",NA,"FC","2ead908f-fc21-11e2-ac3f-081965b14959",NA,"87181","SAIAB",NA,NA,"4aea056e-fc21-11e2-ac3f-081965b14959","Barbus paludinosus Peters, 1852",NA,NA,NA,NA,NA,NA,NA,NA,"Africa|Mozambique|Niassa","a90ba963-9569-4b96-8d56-452aa7b83f75","a7d9ed64-4668-41b3-a862-27d87c50bfed","Whole specimen/s - 2","urn:lsid:biocol.org:col:34984","WGS84",NA,NA,"http://grscicoll.org/institutional-collection/national-fish-collection-0",NA,"seine",NA,"Geodetic datum assumed to be WGS84.",NA,"Mouth of river just north of Metangula",NA,NA,NA,NA,NA,NA,NA,NA,NA,NA,NA,NA,NA,"8e30b684-6a54-4aba-aa73-66201c2c736e","39e06389-fc21-11e2-ac3f-081965b14959","Enteromius paludinosus","Site 35(RB)","en","PhysicalObject","Enteromius paludinosus (current)","403ca2c6-fc21-11e2-ac3f-081965b14959","SAIAB","urn:lsid:marinespecies.org:taxname:1214761",NA,"Method: Seine and hand nets, electric fishing Revisited on 11-02-210, rotenoned swampy reeds around mouth - not great but extra eels and aplocheilichthys and clariids",NA,NA,NA,NA,"Nkosinathi Mazungula",NA,NA,NA,NA,NA,NA,NA,NA,NA,NA,NA,"verified by curator",NA,NA,NA,NA,1.5,NA,NA,NA,NA,NA,NA,NA,NA,NA,NA,0.000278,NA,NA,NA,NA,NA,NA,NA,NA,NA,NA,NA,NA,NA,NA,NA,NA,NA,NA,NA,NA,NA,NA,NA,NA,NA,NA,NA,"Lake","Lake Malawi",28951795749.1886,"Barbus paludinosus"
"1230408042","Barbus toppini Boulenger, 1916",-12.629167,34.7725,"","1aaec653-c71c-4695-9b6e-0e26214dd817","cecc196e-f262-4986-a88a-6adf035dca0e","6adeff08-3d1e-4977-8524-24d3f58ab403","cecc196e-f262-4986-a88a-6adf035dca0e","ZA","EML","2025-01-22T00:53:29.548+00:00","2025-02-06T18:10:36.909+00:00",458,"PRESERVED_SPECIMEN","PRESENT",5207126,1,44,1153,7336,2363128,9544735,9544735,"Enteromius toppini (Boulenger, 1916)","Animalia","Chordata","Cypriniformes","Cyprinidae","Enteromius","Enteromius toppini","Barbus","toppini","SPECIES","SYNONYM","LC","2010-02-10T00:00:00",NA,"AFRICA","Niassa",2010,2,10,"2010-02-10",41,41,"2010-04-09T08:58:56.000+00:00","2025-02-06T18:10:36.909+00:00",NA,"http://creativecommons.org/licenses/by/4.0/legalcode",FALSE,"2ead9811-fc21-11e2-ac3f-081965b14959","none","none",FALSE,NA,"Roger Bills; Byron Grant","Roger Bills","WGS84","MZ","none","none","AFRICA","Mozambique","AFRICA","SAIAB","2ead9811-fc21-11e2-ac3f-081965b14959",NA,NA,"1230408042",NA,"FC","2ead9811-fc21-11e2-ac3f-081965b14959",NA,"87184","SAIAB",NA,NA,"4aea0c1b-fc21-11e2-ac3f-081965b14959","Barbus toppini Boulenger, 1916",NA,NA,NA,NA,NA,NA,NA,NA,"Africa|Mozambique|Niassa","a90ba963-9569-4b96-8d56-452aa7b83f75","a7d9ed64-4668-41b3-a862-27d87c50bfed","Whole specimen/s - 133","urn:lsid:biocol.org:col:34984","WGS84",NA,NA,"http://grscicoll.org/institutional-collection/national-fish-collection-0",NA,"seine",NA,"Geodetic datum assumed to be WGS84.",NA,"Mouth of river just north of Metangula",NA,NA,NA,NA,NA,NA,NA,NA,NA,NA,NA,NA,NA,"8e30b684-6a54-4aba-aa73-66201c2c736e","39e06389-fc21-11e2-ac3f-081965b14959","Enteromius toppini","Site 35(RB)","en","PhysicalObject","Enteromius toppini (current)","403ca2c6-fc21-11e2-ac3f-081965b14959","SAIAB",NA,NA,"Method: Seine and hand nets, electric fishing Revisited on 11-02-210, rotenoned swampy reeds around mouth - not great but extra eels and aplocheilichthys and clariids",NA,NA,NA,NA,"Nkosinathi Mazungula",NA,NA,NA,NA,NA,NA,NA,NA,NA,NA,NA,"verified by curator",NA,NA,NA,NA,1.5,NA,NA,NA,NA,NA,NA,NA,NA,NA,NA,0.000278,NA,NA,NA,NA,NA,NA,NA,NA,NA,NA,NA,NA,NA,NA,NA,NA,NA,NA,NA,NA,NA,NA,NA,NA,NA,NA,NA,"Lake","Lake Malawi",28951795749.1886,"Barbus toppini"
"1230408267","Barbus arcislongae Keilhack, 1908",-12.629167,34.7725,"","1aaec653-c71c-4695-9b6e-0e26214dd817","cecc196e-f262-4986-a88a-6adf035dca0e","6adeff08-3d1e-4977-8524-24d3f58ab403","cecc196e-f262-4986-a88a-6adf035dca0e","ZA","EML","2025-01-22T00:53:29.548+00:00","2025-02-06T18:10:36.921+00:00",458,"PRESERVED_SPECIMEN","PRESENT",5207159,1,44,1153,7336,2363128,9293942,9293942,"Enteromius arcislongae (Keilhack, 1908)","Animalia","Chordata","Cypriniformes","Cyprinidae","Enteromius","Enteromius arcislongae","Barbus","arcislongae","SPECIES","SYNONYM","LC","2010-02-10T00:00:00",NA,"AFRICA","Niassa",2010,2,10,"2010-02-10",41,41,"2010-04-06T09:34:12.000+00:00","2025-02-06T18:10:36.921+00:00",NA,"http://creativecommons.org/licenses/by/4.0/legalcode",FALSE,"2eb29e05-fc21-11e2-ac3f-081965b14959","none","none",FALSE,NA,"Roger Bills; Byron Grant","Roger Bills","WGS84","MZ","none","none","AFRICA","Mozambique","AFRICA","SAIAB","2eb29e05-fc21-11e2-ac3f-081965b14959",NA,NA,"1230408267",NA,"FC","2eb29e05-fc21-11e2-ac3f-081965b14959",NA,"87441","SAIAB",NA,NA,"4aed96cb-fc21-11e2-ac3f-081965b14959","Barbus arcislongae Keilhack, 1908",NA,NA,NA,NA,NA,NA,NA,NA,"Africa|Mozambique|Niassa","a90ba963-9569-4b96-8d56-452aa7b83f75","a7d9ed64-4668-41b3-a862-27d87c50bfed","Whole specimen/s - 2","urn:lsid:biocol.org:col:34984","WGS84",NA,NA,"http://grscicoll.org/institutional-collection/national-fish-collection-0",NA,"seine",NA,"Geodetic datum assumed to be WGS84.",NA,"Mouth of river just north of Metangula",NA,NA,NA,NA,NA,NA,NA,NA,NA,NA,NA,NA,NA,"8e30b684-6a54-4aba-aa73-66201c2c736e","39e06389-fc21-11e2-ac3f-081965b14959","Enteromius arcislongae","Site 35(RB)","en","PhysicalObject","Enteromius arcislongae (current)","403ca2c6-fc21-11e2-ac3f-081965b14959","SAIAB",NA,NA,"Method: Seine and hand nets, electric fishing Revisited on 11-02-210, rotenoned swampy reeds around mouth - not great but extra eels and aplocheilichthys and clariids",NA,NA,NA,NA,"Nkosinathi Mazungula",NA,NA,NA,NA,NA,NA,NA,NA,NA,NA,NA,"verified by curator",NA,NA,NA,NA,1.5,NA,NA,NA,NA,NA,NA,NA,NA,NA,NA,0.000278,NA,NA,NA,NA,NA,NA,NA,NA,NA,NA,NA,NA,NA,NA,NA,NA,NA,NA,NA,NA,NA,NA,NA,NA,NA,NA,NA,"Lake","Lake Malawi",28951795749.1886,"Barbus arcislongae"
"4034584054","Barbus arcislongae Keilhack, 1908",-12.629167,34.7725,"","1aaec653-c71c-4695-9b6e-0e26214dd817","cecc196e-f262-4986-a88a-6adf035dca0e","6adeff08-3d1e-4977-8524-24d3f58ab403","cecc196e-f262-4986-a88a-6adf035dca0e","ZA","EML","2025-01-22T00:53:29.548+00:00","2025-02-06T18:10:46.146+00:00",458,"HUMAN_OBSERVATION","PRESENT",5207159,1,44,1153,7336,2363128,9293942,9293942,"Enteromius arcislongae (Keilhack, 1908)","Animalia","Chordata","Cypriniformes","Cyprinidae","Enteromius","Enteromius arcislongae","Barbus","arcislongae","SPECIES","SYNONYM","LC","2010-02-10T00:00:00",NA,"AFRICA","Niassa",2010,2,10,"2010-02-10",41,41,"2020-07-20T16:40:29.000+00:00","2025-02-06T18:10:46.146+00:00",NA,"http://creativecommons.org/licenses/by/4.0/legalcode",FALSE,"{32B2F450-7FA3-4B93-A01D-293F18DA364C}","none","none",FALSE,NA,"Roger Bills; Byron Grant","Roger Bills","WGS84","MZ","none","none","AFRICA","Mozambique","AFRICA","SAIAB","{32B2F450-7FA3-4B93-A01D-293F18DA364C}",NA,NA,"4034584054",NA,"FO","{32B2F450-7FA3-4B93-A01D-293F18DA364C}",NA,"235843","SAIAB",NA,NA,"{96193DE7-5B4A-4EE8-84E2-05D6356F48D0}","Barbus arcislongae Keilhack, 1908",NA,NA,NA,NA,NA,NA,NA,NA,"Africa|Mozambique|Niassa",NA,NA,NA,"urn:lsid:biocol.org:col:34984","WGS84",NA,NA,"http://grscicoll.org/institutional-collection/fish-observation-collection",NA,"seine",NA,"Geodetic datum assumed to be WGS84.",NA,"Mouth of river just north of Metangula",NA,NA,NA,NA,NA,NA,NA,NA,NA,NA,NA,NA,NA,"8e30b684-6a54-4aba-aa73-66201c2c736e","39e06389-fc21-11e2-ac3f-081965b14959","Enteromius arcislongae","Site 35(RB)","en","Event","Enteromius arcislongae (current)","403ca2c6-fc21-11e2-ac3f-081965b14959","SAIAB",NA,NA,"Method: Seine and hand nets, electric fishing Revisited on 11-02-210, rotenoned swampy reeds around mouth - not great but extra eels and aplocheilichthys and clariids",NA,NA,NA,NA,"Nkosinathi Mazungula",NA,NA,NA,NA,NA,NA,NA,NA,NA,NA,NA,"verified by curator",NA,NA,NA,NA,1.5,NA,NA,NA,NA,NA,NA,NA,NA,NA,NA,0.000278,NA,NA,NA,NA,NA,NA,NA,NA,NA,NA,NA,NA,NA,NA,NA,NA,NA,NA,NA,NA,NA,NA,NA,NA,NA,NA,NA,"Lake","Lake Malawi",28951795749.1886,"Barbus arcislongae"
"4034585232","Barbus arcislongae Keilhack, 1908",-12.629167,34.7725,"","1aaec653-c71c-4695-9b6e-0e26214dd817","cecc196e-f262-4986-a88a-6adf035dca0e","6adeff08-3d1e-4977-8524-24d3f58ab403","cecc196e-f262-4986-a88a-6adf035dca0e","ZA","EML","2025-01-22T00:53:29.548+00:00","2025-02-06T18:10:46.596+00:00",458,"HUMAN_OBSERVATION","PRESENT",5207159,1,44,1153,7336,2363128,9293942,9293942,"Enteromius arcislongae (Keilhack, 1908)","Animalia","Chordata","Cypriniformes","Cyprinidae","Enteromius","Enteromius arcislongae","Barbus","arcislongae","SPECIES","SYNONYM","LC","2010-02-10T00:00:00",NA,"AFRICA","Niassa",2010,2,10,"2010-02-10",41,41,"2020-07-20T16:40:29.000+00:00","2025-02-06T18:10:46.596+00:00",NA,"http://creativecommons.org/licenses/by/4.0/legalcode",FALSE,"{FFA3ED35-E1B1-4250-8644-C9C4767ECDC4}","none","none",FALSE,NA,"Roger Bills; Byron Grant","Roger Bills","WGS84","MZ","none","none","AFRICA","Mozambique","AFRICA","SAIAB","{FFA3ED35-E1B1-4250-8644-C9C4767ECDC4}",NA,NA,"4034585232",NA,"FO","{FFA3ED35-E1B1-4250-8644-C9C4767ECDC4}",NA,"235844","SAIAB",NA,NA,"{704E880C-80C9-415F-819B-7A7DAB8FBD66}","Barbus arcislongae Keilhack, 1908",NA,NA,NA,NA,NA,NA,NA,NA,"Africa|Mozambique|Niassa",NA,NA,NA,"urn:lsid:biocol.org:col:34984","WGS84",NA,NA,"http://grscicoll.org/institutional-collection/fish-observation-collection",NA,"seine",NA,"Geodetic datum assumed to be WGS84.",NA,"Mouth of river just north of Metangula",NA,NA,NA,NA,NA,NA,NA,NA,NA,NA,NA,NA,NA,"8e30b684-6a54-4aba-aa73-66201c2c736e","39e06389-fc21-11e2-ac3f-081965b14959","Enteromius arcislongae","Site 35(RB)","en","Event","Enteromius arcislongae (current)","403ca2c6-fc21-11e2-ac3f-081965b14959","SAIAB",NA,NA,"Method: Seine and hand nets, electric fishing Revisited on 11-02-210, rotenoned swampy reeds around mouth - not great but extra eels and aplocheilichthys and clariids",NA,NA,NA,NA,"Nkosinathi Mazungula",NA,NA,NA,NA,NA,NA,NA,NA,NA,NA,NA,"verified by curator",NA,NA,NA,NA,1.5,NA,NA,NA,NA,NA,NA,NA,NA,NA,NA,0.000278,NA,NA,NA,NA,NA,NA,NA,NA,NA,NA,NA,NA,NA,NA,NA,NA,NA,NA,NA,NA,NA,NA,NA,NA,NA,NA,NA,"Lake","Lake Malawi",28951795749.1886,"Barbus arcislongae"
"1883325463","Enteromius litamba (Keilhack, 1908)",-13.386,34.8556,"osiic","9c2cc134-5b4c-497a-8445-c45610722317","7bc628b1-114a-41e0-b0db-b81170b0d2a1","e0f2d99d-f183-469a-adb1-f321a3c4609f","7d77970a-28ba-43e3-9dc8-de37db3e1894","MZ","EML","2025-01-23T18:33:42.052+00:00","2025-01-31T23:45:16.864+00:00",212,"HUMAN_OBSERVATION","PRESENT",9240381,1,44,1153,7336,2363128,9240381,9240381,"Enteromius litamba (Keilhack, 1908)","Animalia","Chordata","Cypriniformes","Cyprinidae","Enteromius","Enteromius litamba","Enteromius","litamba","SPECIES","ACCEPTED","DD","2018-01-01T00:00:00",15000,"AFRICA","Niassa",2010,11,23,"2010-11-23",327,327,NA,"2025-01-31T23:45:16.864+00:00",NA,"http://creativecommons.org/licenses/by/4.0/legalcode",FALSE,"urn:catalog:IIP:MOZ:Niassa:fish:8547","none","none",FALSE,"Instituto Nacional de Investigação Pesqueira","João Saide","João Saide","WGS84","MZ","none","none","AFRICA","Mozambique","AFRICA",NA,"urn:catalog:IIP:MOZ:Niassa:fish:8547",NA,NA,"1883325463",NA,NA,"urn:catalog:IIP:MOZ:Niassa:fish:8547",NA,NA,"IIP",NA,NA,NA,"Enteromius litamba (Keilhack, 1908)",NA,NA,NA,"BID-AF2017-0047-NAC",NA,NA,NA,1,NA,NA,NA,NA,NA,NA,NA,NA,NA,NA,"Gillnet",NA,NA,NA,"Foz do Rio de Laga",NA,519.7,NA,NA,NA,NA,NA,NA,NA,NA,NA,"Lichinga","Indeterminate",NA,NA,NA,NA,NA,NA,NA,NA,NA,NA,NA,NA,NA,NA,NA,NA,NA,"BID",NA,NA,NA,NA,NA,NA,NA,NA,NA,NA,NA,NA,NA,NA,NA,NA,NA,NA,NA,NA,NA,NA,NA,NA,NA,"Manual locality search",NA,NA,NA,NA,NA,NA,NA,NA,NA,NA,NA,NA,NA,NA,NA,NA,NA,NA,NA,NA,NA,NA,NA,NA,NA,NA,NA,NA,"Lake","Lake Malawi",28951795749.1886,"Enteromius litamba"
"1883325556","Enteromius litamba (Keilhack, 1908)",-12.451,34.6972,"osiic","9c2cc134-5b4c-497a-8445-c45610722317","7bc628b1-114a-41e0-b0db-b81170b0d2a1","e0f2d99d-f183-469a-adb1-f321a3c4609f","7d77970a-28ba-43e3-9dc8-de37db3e1894","MZ","EML","2025-01-23T18:33:42.052+00:00","2025-01-31T23:45:16.869+00:00",212,"HUMAN_OBSERVATION","PRESENT",9240381,1,44,1153,7336,2363128,9240381,9240381,"Enteromius litamba (Keilhack, 1908)","Animalia","Chordata","Cypriniformes","Cyprinidae","Enteromius","Enteromius litamba","Enteromius","litamba","SPECIES","ACCEPTED","DD","2018-01-01T00:00:00",15000,"AFRICA","Niassa",2010,11,29,"2010-11-29",333,333,NA,"2025-01-31T23:45:16.869+00:00",NA,"http://creativecommons.org/licenses/by/4.0/legalcode",FALSE,"urn:catalog:IIP:MOZ:Niassa:fish:8586","none","none",FALSE,"Instituto Nacional de Investigação Pesqueira","Estevão Juma","Estevão Juma","WGS84","MZ","none","none","AFRICA","Mozambique","AFRICA",NA,"urn:catalog:IIP:MOZ:Niassa:fish:8586",NA,NA,"1883325556",NA,NA,"urn:catalog:IIP:MOZ:Niassa:fish:8586",NA,NA,"IIP",NA,NA,NA,"Enteromius litamba (Keilhack, 1908)",NA,NA,NA,"BID-AF2017-0047-NAC",NA,NA,NA,2,NA,NA,NA,NA,NA,NA,NA,NA,NA,NA,"Gillnet",NA,NA,NA,"Lago Aberto do Lago",NA,477.9,NA,NA,NA,NA,NA,NA,NA,NA,NA,"Lago","Indeterminate",NA,NA,NA,NA,NA,NA,NA,NA,NA,NA,NA,NA,NA,NA,NA,NA,NA,"BID",NA,NA,NA,NA,NA,NA,NA,NA,NA,NA,NA,NA,NA,NA,NA,NA,NA,NA,NA,NA,NA,NA,NA,NA,NA,"Manual locality search",NA,NA,NA,NA,NA,NA,NA,NA,NA,NA,NA,NA,NA,NA,NA,NA,NA,NA,NA,NA,NA,NA,NA,NA,NA,NA,NA,NA,"Lake","Lake Malawi",28951795749.1886,"Enteromius litamba"
"1883325582","Enteromius litamba (Keilhack, 1908)",-13.386,34.8556,"osiic","9c2cc134-5b4c-497a-8445-c45610722317","7bc628b1-114a-41e0-b0db-b81170b0d2a1","e0f2d99d-f183-469a-adb1-f321a3c4609f","7d77970a-28ba-43e3-9dc8-de37db3e1894","MZ","EML","2025-01-23T18:33:42.052+00:00","2025-01-31T23:45:16.883+00:00",212,"HUMAN_OBSERVATION","PRESENT",9240381,1,44,1153,7336,2363128,9240381,9240381,"Enteromius litamba (Keilhack, 1908)","Animalia","Chordata","Cypriniformes","Cyprinidae","Enteromius","Enteromius litamba","Enteromius","litamba","SPECIES","ACCEPTED","DD","2018-01-01T00:00:00",15000,"AFRICA","Niassa",2010,12,8,"2010-12-08",342,342,NA,"2025-01-31T23:45:16.883+00:00",NA,"http://creativecommons.org/licenses/by/4.0/legalcode",FALSE,"urn:catalog:IIP:MOZ:Niassa:fish:8629","none","none",FALSE,"Instituto Nacional de Investigação Pesqueira","João Saide","João Saide","WGS84","MZ","none","none","AFRICA","Mozambique","AFRICA",NA,"urn:catalog:IIP:MOZ:Niassa:fish:8629",NA,NA,"1883325582",NA,NA,"urn:catalog:IIP:MOZ:Niassa:fish:8629",NA,NA,"IIP",NA,NA,NA,"Enteromius litamba (Keilhack, 1908)",NA,NA,NA,"BID-AF2017-0047-NAC",NA,NA,NA,4,NA,NA,NA,NA,NA,NA,NA,NA,NA,NA,"Gillnet",NA,NA,NA,"Foz do Rio de Laga",NA,519.7,NA,NA,NA,NA,NA,NA,NA,NA,NA,"Lichinga","Indeterminate",NA,NA,NA,NA,NA,NA,NA,NA,NA,NA,NA,NA,NA,NA,NA,NA,NA,"BID",NA,NA,NA,NA,NA,NA,NA,NA,NA,NA,NA,NA,NA,NA,NA,NA,NA,NA,NA,NA,NA,NA,NA,NA,NA,"Manual locality search",NA,NA,NA,NA,NA,NA,NA,NA,NA,NA,NA,NA,NA,NA,NA,NA,NA,NA,NA,NA,NA,NA,NA,NA,NA,NA,NA,NA,"Lake","Lake Malawi",28951795749.1886,"Enteromius litamba"
"1883325515","Enteromius litamba (Keilhack, 1908)",-13.386,34.8556,"osiic","9c2cc134-5b4c-497a-8445-c45610722317","7bc628b1-114a-41e0-b0db-b81170b0d2a1","e0f2d99d-f183-469a-adb1-f321a3c4609f","7d77970a-28ba-43e3-9dc8-de37db3e1894","MZ","EML","2025-01-23T18:33:42.052+00:00","2025-01-31T23:45:16.876+00:00",212,"HUMAN_OBSERVATION","PRESENT",9240381,1,44,1153,7336,2363128,9240381,9240381,"Enteromius litamba (Keilhack, 1908)","Animalia","Chordata","Cypriniformes","Cyprinidae","Enteromius","Enteromius litamba","Enteromius","litamba","SPECIES","ACCEPTED","DD","2018-01-01T00:00:00",15000,"AFRICA","Niassa",2010,12,9,"2010-12-09",343,343,NA,"2025-01-31T23:45:16.876+00:00",NA,"http://creativecommons.org/licenses/by/4.0/legalcode",FALSE,"urn:catalog:IIP:MOZ:Niassa:fish:8640","none","none",FALSE,"Instituto Nacional de Investigação Pesqueira","João Saide","João Saide","WGS84","MZ","none","none","AFRICA","Mozambique","AFRICA",NA,"urn:catalog:IIP:MOZ:Niassa:fish:8640",NA,NA,"1883325515",NA,NA,"urn:catalog:IIP:MOZ:Niassa:fish:8640",NA,NA,"IIP",NA,NA,NA,"Enteromius litamba (Keilhack, 1908)",NA,NA,NA,"BID-AF2017-0047-NAC",NA,NA,NA,1,NA,NA,NA,NA,NA,NA,NA,NA,NA,NA,"Gillnet",NA,NA,NA,"Foz do Rio de Laga",NA,519.7,NA,NA,NA,NA,NA,NA,NA,NA,NA,"Lichinga","Indeterminate",NA,NA,NA,NA,NA,NA,NA,NA,NA,NA,NA,NA,NA,NA,NA,NA,NA,"BID",NA,NA,NA,NA,NA,NA,NA,NA,NA,NA,NA,NA,NA,NA,NA,NA,NA,NA,NA,NA,NA,NA,NA,NA,NA,"Manual locality search",NA,NA,NA,NA,NA,NA,NA,NA,NA,NA,NA,NA,NA,NA,NA,NA,NA,NA,NA,NA,NA,NA,NA,NA,NA,NA,NA,NA,"Lake","Lake Malawi",28951795749.1886,"Enteromius litamba"
"1883325513","Enteromius litamba (Keilhack, 1908)",-13.386,34.8556,"osiic","9c2cc134-5b4c-497a-8445-c45610722317","7bc628b1-114a-41e0-b0db-b81170b0d2a1","e0f2d99d-f183-469a-adb1-f321a3c4609f","7d77970a-28ba-43e3-9dc8-de37db3e1894","MZ","EML","2025-01-23T18:33:42.052+00:00","2025-01-31T23:45:16.897+00:00",212,"HUMAN_OBSERVATION","PRESENT",9240381,1,44,1153,7336,2363128,9240381,9240381,"Enteromius litamba (Keilhack, 1908)","Animalia","Chordata","Cypriniformes","Cyprinidae","Enteromius","Enteromius litamba","Enteromius","litamba","SPECIES","ACCEPTED","DD","2018-01-01T00:00:00",15000,"AFRICA","Niassa",2010,12,10,"2010-12-10",344,344,NA,"2025-01-31T23:45:16.897+00:00",NA,"http://creativecommons.org/licenses/by/4.0/legalcode",FALSE,"urn:catalog:IIP:MOZ:Niassa:fish:8655","none","none",FALSE,"Instituto Nacional de Investigação Pesqueira","João Saide","João Saide","WGS84","MZ","none","none","AFRICA","Mozambique","AFRICA",NA,"urn:catalog:IIP:MOZ:Niassa:fish:8655",NA,NA,"1883325513",NA,NA,"urn:catalog:IIP:MOZ:Niassa:fish:8655",NA,NA,"IIP",NA,NA,NA,"Enteromius litamba (Keilhack, 1908)",NA,NA,NA,"BID-AF2017-0047-NAC",NA,NA,NA,2,NA,NA,NA,NA,NA,NA,NA,NA,NA,NA,"Gillnet",NA,NA,NA,"Foz do Rio de Laga",NA,519.7,NA,NA,NA,NA,NA,NA,NA,NA,NA,"Lichinga","Indeterminate",NA,NA,NA,NA,NA,NA,NA,NA,NA,NA,NA,NA,NA,NA,NA,NA,NA,"BID",NA,NA,NA,NA,NA,NA,NA,NA,NA,NA,NA,NA,NA,NA,NA,NA,NA,NA,NA,NA,NA,NA,NA,NA,NA,"Manual locality search",NA,NA,NA,NA,NA,NA,NA,NA,NA,NA,NA,NA,NA,NA,NA,NA,NA,NA,NA,NA,NA,NA,NA,NA,NA,NA,NA,NA,"Lake","Lake Malawi",28951795749.1886,"Enteromius litamba"
"1883325547","Enteromius litamba (Keilhack, 1908)",-13.419,34.8599,"osiic","9c2cc134-5b4c-497a-8445-c45610722317","7bc628b1-114a-41e0-b0db-b81170b0d2a1","e0f2d99d-f183-469a-adb1-f321a3c4609f","7d77970a-28ba-43e3-9dc8-de37db3e1894","MZ","EML","2025-01-23T18:33:42.052+00:00","2025-01-31T23:45:16.894+00:00",212,"HUMAN_OBSERVATION","PRESENT",9240381,1,44,1153,7336,2363128,9240381,9240381,"Enteromius litamba (Keilhack, 1908)","Animalia","Chordata","Cypriniformes","Cyprinidae","Enteromius","Enteromius litamba","Enteromius","litamba","SPECIES","ACCEPTED","DD","2018-01-01T00:00:00",15000,"AFRICA","Niassa",2010,12,14,"2010-12-14",348,348,NA,"2025-01-31T23:45:16.894+00:00",NA,"http://creativecommons.org/licenses/by/4.0/legalcode",FALSE,"urn:catalog:IIP:MOZ:Niassa:fish:8689","none","none",FALSE,"Instituto Nacional de Investigação Pesqueira","João Saide","João Saide","WGS84","MZ","none","none","AFRICA","Mozambique","AFRICA",NA,"urn:catalog:IIP:MOZ:Niassa:fish:8689",NA,NA,"1883325547",NA,NA,"urn:catalog:IIP:MOZ:Niassa:fish:8689",NA,NA,"IIP",NA,NA,NA,"Enteromius litamba (Keilhack, 1908)",NA,NA,NA,"BID-AF2017-0047-NAC",NA,NA,NA,1,NA,NA,NA,NA,NA,NA,NA,NA,NA,NA,"Gillnet",NA,NA,NA,"Foz do Rio de Laga",NA,475.5,NA,NA,NA,NA,NA,NA,NA,NA,NA,"Lichinga","Indeterminate",NA,NA,NA,NA,NA,NA,NA,NA,NA,NA,NA,NA,NA,NA,NA,NA,NA,"BID",NA,NA,NA,NA,NA,NA,NA,NA,NA,NA,NA,NA,NA,NA,NA,NA,NA,NA,NA,NA,NA,NA,NA,NA,NA,"Manual locality search",NA,NA,NA,NA,NA,NA,NA,NA,NA,NA,NA,NA,NA,NA,NA,NA,NA,NA,NA,NA,NA,NA,NA,NA,NA,NA,NA,NA,"Lake","Lake Malawi",28951795749.1886,"Enteromius litamba"
"1883325592","Enteromius litamba (Keilhack, 1908)",-13.386,34.8556,"osiic","9c2cc134-5b4c-497a-8445-c45610722317","7bc628b1-114a-41e0-b0db-b81170b0d2a1","e0f2d99d-f183-469a-adb1-f321a3c4609f","7d77970a-28ba-43e3-9dc8-de37db3e1894","MZ","EML","2025-01-23T18:33:42.052+00:00","2025-01-31T23:45:16.916+00:00",212,"HUMAN_OBSERVATION","PRESENT",9240381,1,44,1153,7336,2363128,9240381,9240381,"Enteromius litamba (Keilhack, 1908)","Animalia","Chordata","Cypriniformes","Cyprinidae","Enteromius","Enteromius litamba","Enteromius","litamba","SPECIES","ACCEPTED","DD","2018-01-01T00:00:00",15000,"AFRICA","Niassa",2010,12,15,"2010-12-15",349,349,NA,"2025-01-31T23:45:16.916+00:00",NA,"http://creativecommons.org/licenses/by/4.0/legalcode",FALSE,"urn:catalog:IIP:MOZ:Niassa:fish:8717","none","none",FALSE,"Instituto Nacional de Investigação Pesqueira","João Saide","João Saide","WGS84","MZ","none","none","AFRICA","Mozambique","AFRICA",NA,"urn:catalog:IIP:MOZ:Niassa:fish:8717",NA,NA,"1883325592",NA,NA,"urn:catalog:IIP:MOZ:Niassa:fish:8717",NA,NA,"IIP",NA,NA,NA,"Enteromius litamba (Keilhack, 1908)",NA,NA,NA,"BID-AF2017-0047-NAC",NA,NA,NA,1,NA,NA,NA,NA,NA,NA,NA,NA,NA,NA,"Gillnet",NA,NA,NA,"Foz do Rio de Laga",NA,519.7,NA,NA,NA,NA,NA,NA,NA,NA,NA,"Lichinga","Indeterminate",NA,NA,NA,NA,NA,NA,NA,NA,NA,NA,NA,NA,NA,NA,NA,NA,NA,"BID",NA,NA,NA,NA,NA,NA,NA,NA,NA,NA,NA,NA,NA,NA,NA,NA,NA,NA,NA,NA,NA,NA,NA,NA,NA,"Manual locality search",NA,NA,NA,NA,NA,NA,NA,NA,NA,NA,NA,NA,NA,NA,NA,NA,NA,NA,NA,NA,NA,NA,NA,NA,NA,NA,NA,NA,"Lake","Lake Malawi",28951795749.1886,"Enteromius litamba"
"1883325601","Enteromius litamba (Keilhack, 1908)",-13.386,34.8556,"osiic","9c2cc134-5b4c-497a-8445-c45610722317","7bc628b1-114a-41e0-b0db-b81170b0d2a1","e0f2d99d-f183-469a-adb1-f321a3c4609f","7d77970a-28ba-43e3-9dc8-de37db3e1894","MZ","EML","2025-01-23T18:33:42.052+00:00","2025-01-31T23:45:16.937+00:00",212,"HUMAN_OBSERVATION","PRESENT",9240381,1,44,1153,7336,2363128,9240381,9240381,"Enteromius litamba (Keilhack, 1908)","Animalia","Chordata","Cypriniformes","Cyprinidae","Enteromius","Enteromius litamba","Enteromius","litamba","SPECIES","ACCEPTED","DD","2018-01-01T00:00:00",15000,"AFRICA","Niassa",2010,12,16,"2010-12-16",350,350,NA,"2025-01-31T23:45:16.937+00:00",NA,"http://creativecommons.org/licenses/by/4.0/legalcode",FALSE,"urn:catalog:IIP:MOZ:Niassa:fish:8737","none","none",FALSE,"Instituto Nacional de Investigação Pesqueira","João Saide","João Saide","WGS84","MZ","none","none","AFRICA","Mozambique","AFRICA",NA,"urn:catalog:IIP:MOZ:Niassa:fish:8737",NA,NA,"1883325601",NA,NA,"urn:catalog:IIP:MOZ:Niassa:fish:8737",NA,NA,"IIP",NA,NA,NA,"Enteromius litamba (Keilhack, 1908)",NA,NA,NA,"BID-AF2017-0047-NAC",NA,NA,NA,1,NA,NA,NA,NA,NA,NA,NA,NA,NA,NA,"Gillnet",NA,NA,NA,"Foz do Rio de Laga",NA,519.7,NA,NA,NA,NA,NA,NA,NA,NA,NA,"Lichinga","Indeterminate",NA,NA,NA,NA,NA,NA,NA,NA,NA,NA,NA,NA,NA,NA,NA,NA,NA,"BID",NA,NA,NA,NA,NA,NA,NA,NA,NA,NA,NA,NA,NA,NA,NA,NA,NA,NA,NA,NA,NA,NA,NA,NA,NA,"Manual locality search",NA,NA,NA,NA,NA,NA,NA,NA,NA,NA,NA,NA,NA,NA,NA,NA,NA,NA,NA,NA,NA,NA,NA,NA,NA,NA,NA,NA,"Lake","Lake Malawi",28951795749.1886,"Enteromius litamba"
"1883325581","Enteromius litamba (Keilhack, 1908)",-13.386,34.8556,"osiic","9c2cc134-5b4c-497a-8445-c45610722317","7bc628b1-114a-41e0-b0db-b81170b0d2a1","e0f2d99d-f183-469a-adb1-f321a3c4609f","7d77970a-28ba-43e3-9dc8-de37db3e1894","MZ","EML","2025-01-23T18:33:42.052+00:00","2025-01-31T23:45:16.930+00:00",212,"HUMAN_OBSERVATION","PRESENT",9240381,1,44,1153,7336,2363128,9240381,9240381,"Enteromius litamba (Keilhack, 1908)","Animalia","Chordata","Cypriniformes","Cyprinidae","Enteromius","Enteromius litamba","Enteromius","litamba","SPECIES","ACCEPTED","DD","2018-01-01T00:00:00",15000,"AFRICA","Niassa",2010,12,20,"2010-12-20",354,354,NA,"2025-01-31T23:45:16.930+00:00",NA,"http://creativecommons.org/licenses/by/4.0/legalcode",FALSE,"urn:catalog:IIP:MOZ:Niassa:fish:8761","none","none",FALSE,"Instituto Nacional de Investigação Pesqueira","João Saide","João Saide","WGS84","MZ","none","none","AFRICA","Mozambique","AFRICA",NA,"urn:catalog:IIP:MOZ:Niassa:fish:8761",NA,NA,"1883325581",NA,NA,"urn:catalog:IIP:MOZ:Niassa:fish:8761",NA,NA,"IIP",NA,NA,NA,"Enteromius litamba (Keilhack, 1908)",NA,NA,NA,"BID-AF2017-0047-NAC",NA,NA,NA,1,NA,NA,NA,NA,NA,NA,NA,NA,NA,NA,"Gillnet",NA,NA,NA,"Foz do Rio de Laga",NA,519.7,NA,NA,NA,NA,NA,NA,NA,NA,NA,"Lichinga","Indeterminate",NA,NA,NA,NA,NA,NA,NA,NA,NA,NA,NA,NA,NA,NA,NA,NA,NA,"BID",NA,NA,NA,NA,NA,NA,NA,NA,NA,NA,NA,NA,NA,NA,NA,NA,NA,NA,NA,NA,NA,NA,NA,NA,NA,"Manual locality search",NA,NA,NA,NA,NA,NA,NA,NA,NA,NA,NA,NA,NA,NA,NA,NA,NA,NA,NA,NA,NA,NA,NA,NA,NA,NA,NA,NA,"Lake","Lake Malawi",28951795749.1886,"Enteromius litamba"
"1883325575","Enteromius litamba (Keilhack, 1908)",-13.386,34.8556,"osiic","9c2cc134-5b4c-497a-8445-c45610722317","7bc628b1-114a-41e0-b0db-b81170b0d2a1","e0f2d99d-f183-469a-adb1-f321a3c4609f","7d77970a-28ba-43e3-9dc8-de37db3e1894","MZ","EML","2025-01-23T18:33:42.052+00:00","2025-01-31T23:45:16.957+00:00",212,"HUMAN_OBSERVATION","PRESENT",9240381,1,44,1153,7336,2363128,9240381,9240381,"Enteromius litamba (Keilhack, 1908)","Animalia","Chordata","Cypriniformes","Cyprinidae","Enteromius","Enteromius litamba","Enteromius","litamba","SPECIES","ACCEPTED","DD","2018-01-01T00:00:00",15000,"AFRICA","Niassa",2010,12,21,"2010-12-21",355,355,NA,"2025-01-31T23:45:16.957+00:00",NA,"http://creativecommons.org/licenses/by/4.0/legalcode",FALSE,"urn:catalog:IIP:MOZ:Niassa:fish:8772","none","none",FALSE,"Instituto Nacional de Investigação Pesqueira","João Saide","João Saide","WGS84","MZ","none","none","AFRICA","Mozambique","AFRICA",NA,"urn:catalog:IIP:MOZ:Niassa:fish:8772",NA,NA,"1883325575",NA,NA,"urn:catalog:IIP:MOZ:Niassa:fish:8772",NA,NA,"IIP",NA,NA,NA,"Enteromius litamba (Keilhack, 1908)",NA,NA,NA,"BID-AF2017-0047-NAC",NA,NA,NA,1,NA,NA,NA,NA,NA,NA,NA,NA,NA,NA,"Gillnet",NA,NA,NA,"Foz do Rio de Laga",NA,519.7,NA,NA,NA,NA,NA,NA,NA,NA,NA,"Lichinga","Indeterminate",NA,NA,NA,NA,NA,NA,NA,NA,NA,NA,NA,NA,NA,NA,NA,NA,NA,"BID",NA,NA,NA,NA,NA,NA,NA,NA,NA,NA,NA,NA,NA,NA,NA,NA,NA,NA,NA,NA,NA,NA,NA,NA,NA,"Manual locality search",NA,NA,NA,NA,NA,NA,NA,NA,NA,NA,NA,NA,NA,NA,NA,NA,NA,NA,NA,NA,NA,NA,NA,NA,NA,NA,NA,NA,"Lake","Lake Malawi",28951795749.1886,"Enteromius litamba"
"1883325674","Enteromius litamba (Keilhack, 1908)",-13.386,34.8556,"osiic","9c2cc134-5b4c-497a-8445-c45610722317","7bc628b1-114a-41e0-b0db-b81170b0d2a1","e0f2d99d-f183-469a-adb1-f321a3c4609f","7d77970a-28ba-43e3-9dc8-de37db3e1894","MZ","EML","2025-01-23T18:33:42.052+00:00","2025-01-31T23:45:16.974+00:00",212,"HUMAN_OBSERVATION","PRESENT",9240381,1,44,1153,7336,2363128,9240381,9240381,"Enteromius litamba (Keilhack, 1908)","Animalia","Chordata","Cypriniformes","Cyprinidae","Enteromius","Enteromius litamba","Enteromius","litamba","SPECIES","ACCEPTED","DD","2018-01-01T00:00:00",15000,"AFRICA","Niassa",2010,12,23,"2010-12-23",357,357,NA,"2025-01-31T23:45:16.974+00:00",NA,"http://creativecommons.org/licenses/by/4.0/legalcode",FALSE,"urn:catalog:IIP:MOZ:Niassa:fish:8805","none","none",FALSE,"Instituto Nacional de Investigação Pesqueira","João Saide","João Saide","WGS84","MZ","none","none","AFRICA","Mozambique","AFRICA",NA,"urn:catalog:IIP:MOZ:Niassa:fish:8805",NA,NA,"1883325674",NA,NA,"urn:catalog:IIP:MOZ:Niassa:fish:8805",NA,NA,"IIP",NA,NA,NA,"Enteromius litamba (Keilhack, 1908)",NA,NA,NA,"BID-AF2017-0047-NAC",NA,NA,NA,2,NA,NA,NA,NA,NA,NA,NA,NA,NA,NA,"Gillnet",NA,NA,NA,"Foz do Rio de Laga",NA,519.7,NA,NA,NA,NA,NA,NA,NA,NA,NA,"Lichinga","Indeterminate",NA,NA,NA,NA,NA,NA,NA,NA,NA,NA,NA,NA,NA,NA,NA,NA,NA,"BID",NA,NA,NA,NA,NA,NA,NA,NA,NA,NA,NA,NA,NA,NA,NA,NA,NA,NA,NA,NA,NA,NA,NA,NA,NA,"Manual locality search",NA,NA,NA,NA,NA,NA,NA,NA,NA,NA,NA,NA,NA,NA,NA,NA,NA,NA,NA,NA,NA,NA,NA,NA,NA,NA,NA,NA,"Lake","Lake Malawi",28951795749.1886,"Enteromius litamba"
"1883325653","Enteromius litamba (Keilhack, 1908)",-13.419,34.8599,"osiic","9c2cc134-5b4c-497a-8445-c45610722317","7bc628b1-114a-41e0-b0db-b81170b0d2a1","e0f2d99d-f183-469a-adb1-f321a3c4609f","7d77970a-28ba-43e3-9dc8-de37db3e1894","MZ","EML","2025-01-23T18:33:42.052+00:00","2025-01-31T23:45:16.978+00:00",212,"HUMAN_OBSERVATION","PRESENT",9240381,1,44,1153,7336,2363128,9240381,9240381,"Enteromius litamba (Keilhack, 1908)","Animalia","Chordata","Cypriniformes","Cyprinidae","Enteromius","Enteromius litamba","Enteromius","litamba","SPECIES","ACCEPTED","DD","2018-01-01T00:00:00",15000,"AFRICA","Niassa",2010,12,24,"2010-12-24",358,358,NA,"2025-01-31T23:45:16.978+00:00",NA,"http://creativecommons.org/licenses/by/4.0/legalcode",FALSE,"urn:catalog:IIP:MOZ:Niassa:fish:8817","none","none",FALSE,"Instituto Nacional de Investigação Pesqueira","João Saide","João Saide","WGS84","MZ","none","none","AFRICA","Mozambique","AFRICA",NA,"urn:catalog:IIP:MOZ:Niassa:fish:8817",NA,NA,"1883325653",NA,NA,"urn:catalog:IIP:MOZ:Niassa:fish:8817",NA,NA,"IIP",NA,NA,NA,"Enteromius litamba (Keilhack, 1908)",NA,NA,NA,"BID-AF2017-0047-NAC",NA,NA,NA,1,NA,NA,NA,NA,NA,NA,NA,NA,NA,NA,"Gillnet",NA,NA,NA,"Foz do Rio de Laga",NA,475.5,NA,NA,NA,NA,NA,NA,NA,NA,NA,"Lichinga","Indeterminate",NA,NA,NA,NA,NA,NA,NA,NA,NA,NA,NA,NA,NA,NA,NA,NA,NA,"BID",NA,NA,NA,NA,NA,NA,NA,NA,NA,NA,NA,NA,NA,NA,NA,NA,NA,NA,NA,NA,NA,NA,NA,NA,NA,"Manual locality search",NA,NA,NA,NA,NA,NA,NA,NA,NA,NA,NA,NA,NA,NA,NA,NA,NA,NA,NA,NA,NA,NA,NA,NA,NA,NA,NA,NA,"Lake","Lake Malawi",28951795749.1886,"Enteromius litamba"
"1883325663","Enteromius litamba (Keilhack, 1908)",-13.386,34.8556,"osiic","9c2cc134-5b4c-497a-8445-c45610722317","7bc628b1-114a-41e0-b0db-b81170b0d2a1","e0f2d99d-f183-469a-adb1-f321a3c4609f","7d77970a-28ba-43e3-9dc8-de37db3e1894","MZ","EML","2025-01-23T18:33:42.052+00:00","2025-01-31T23:45:16.975+00:00",212,"HUMAN_OBSERVATION","PRESENT",9240381,1,44,1153,7336,2363128,9240381,9240381,"Enteromius litamba (Keilhack, 1908)","Animalia","Chordata","Cypriniformes","Cyprinidae","Enteromius","Enteromius litamba","Enteromius","litamba","SPECIES","ACCEPTED","DD","2018-01-01T00:00:00",15000,"AFRICA","Niassa",2010,12,28,"2010-12-28",362,362,NA,"2025-01-31T23:45:16.975+00:00",NA,"http://creativecommons.org/licenses/by/4.0/legalcode",FALSE,"urn:catalog:IIP:MOZ:Niassa:fish:8839","none","none",FALSE,"Instituto Nacional de Investigação Pesqueira","João Saide","João Saide","WGS84","MZ","none","none","AFRICA","Mozambique","AFRICA",NA,"urn:catalog:IIP:MOZ:Niassa:fish:8839",NA,NA,"1883325663",NA,NA,"urn:catalog:IIP:MOZ:Niassa:fish:8839",NA,NA,"IIP",NA,NA,NA,"Enteromius litamba (Keilhack, 1908)",NA,NA,NA,"BID-AF2017-0047-NAC",NA,NA,NA,2,NA,NA,NA,NA,NA,NA,NA,NA,NA,NA,"Gillnet",NA,NA,NA,"Foz do Rio de Laga",NA,519.7,NA,NA,NA,NA,NA,NA,NA,NA,NA,"Lichinga","Indeterminate",NA,NA,NA,NA,NA,NA,NA,NA,NA,NA,NA,NA,NA,NA,NA,NA,NA,"BID",NA,NA,NA,NA,NA,NA,NA,NA,NA,NA,NA,NA,NA,NA,NA,NA,NA,NA,NA,NA,NA,NA,NA,NA,NA,"Manual locality search",NA,NA,NA,NA,NA,NA,NA,NA,NA,NA,NA,NA,NA,NA,NA,NA,NA,NA,NA,NA,NA,NA,NA,NA,NA,NA,NA,NA,"Lake","Lake Malawi",28951795749.1886,"Enteromius litamba"
"4454516757","Barbus neumayeri Fischer, 1884",-3.33933,29.23247,"cdc,gass84,osiic","9cfa6cb6-5833-44b2-97f1-18a3c12fed47","575c52b0-a742-11db-a6ff-b8a03c50a862","96dec937-f8d1-4d18-a8a1-1e9f4ca1aabd","575c52b0-a742-11db-a6ff-b8a03c50a862","BE","EML","2025-02-28T23:01:23.697+00:00","2025-02-28T23:02:23.392+00:00",71,"PRESERVED_SPECIMEN","PRESENT",5207110,1,44,1153,7336,2363128,9414131,9414131,"Enteromius neumayeri (Fischer, 1884)","Animalia","Chordata","Cypriniformes","Cyprinidae","Enteromius","Enteromius neumayeri","Barbus","neumayeri","SPECIES","SYNONYM","LC","2012-01-01T00:00:00",NA,"AFRICA",NA,2009,1,27,"2009-01-27",27,27,NA,"2025-02-28T23:02:23.392+00:00",NA,"http://creativecommons.org/licenses/by/4.0/legalcode",FALSE,"https://darwinweb.africamuseum.be/object/2a2ec870-59cd-41df-ba0d-bdfacaed8820","none","none",FALSE,NA,"Banyankimbona, G.","Banyankimbona, G.","WGS84","BI","none","none","AFRICA","Burundi","EUROPE",NA,"https://darwinweb.africamuseum.be/object/2a2ec870-59cd-41df-ba0d-bdfacaed8820",NA,NA,"4454516757",NA,"VER-FIS","https://darwinweb.africamuseum.be/object/2a2ec870-59cd-41df-ba0d-bdfacaed8820",NA,"BE_RMCA_Vert.2009.013.P.0320","RMCA",NA,NA,NA,"Barbus neumayeri Fischer, 1884",NA,"{ 'donators':'Banyankimbona, G. '}",NA,NA,NA,NA,NA,1,NA,"2784e794-f70f-4455-854d-110f8ab37d19","2406d0ea-4647-4181-903d-b523057b208c",NA,"https://ror.org/001805t51",NA,NA,NA,NA,NA,NA,NA,NA,NA,"marais Gatumba,ruisseau Pipa, à droite du pont sur route Uvira-Bujumbura, ± 1km de Gatumba, bassin Rusizi",NA,NA,NA,NA,NA,NA,NA,NA,NA,NA,NA,NA,NA,NA,NA,NA,NA,NA,NA,NA,NA,NA,NA,NA,NA,NA,NA,NA,NA,NA,NA,NA,NA,NA,NA,"2a2ec870-59cd-41df-ba0d-bdfacaed8820",NA,NA,NA,NA,NA,NA,NA,NA,NA,NA,NA,NA,NA,NA,NA,NA,NA,NA,NA,NA,NA,NA,NA,NA,NA,NA,NA,NA,NA,NA,NA,NA,NA,NA,NA,NA,NA,NA,NA,NA,NA,NA,NA,NA,NA,NA,NA,NA,NA,"Lake","Lake Tanganyika",32896759543.8782,"Barbus neumayeri"
"1883321336","Enteromius litamba (Keilhack, 1908)",-13.127,34.8011,"osiic","9c2cc134-5b4c-497a-8445-c45610722317","7bc628b1-114a-41e0-b0db-b81170b0d2a1","e0f2d99d-f183-469a-adb1-f321a3c4609f","7d77970a-28ba-43e3-9dc8-de37db3e1894","MZ","EML","2025-01-23T18:33:42.052+00:00","2025-01-31T23:45:17.474+00:00",212,"HUMAN_OBSERVATION","PRESENT",9240381,1,44,1153,7336,2363128,9240381,9240381,"Enteromius litamba (Keilhack, 1908)","Animalia","Chordata","Cypriniformes","Cyprinidae","Enteromius","Enteromius litamba","Enteromius","litamba","SPECIES","ACCEPTED","DD","2018-01-01T00:00:00",15000,"AFRICA","Niassa",2009,1,27,"2009-01-27",27,27,NA,"2025-01-31T23:45:17.474+00:00",NA,"http://creativecommons.org/licenses/by/4.0/legalcode",FALSE,"urn:catalog:IIP:MOZ:Niassa:fish:4539","none","none",FALSE,"Instituto Nacional de Investigação Pesqueira","César Bernardo","César Bernardo","WGS84","MZ","none","none","AFRICA","Mozambique","AFRICA",NA,"urn:catalog:IIP:MOZ:Niassa:fish:4539",NA,NA,"1883321336",NA,NA,"urn:catalog:IIP:MOZ:Niassa:fish:4539",NA,NA,"IIP",NA,NA,NA,"Enteromius litamba (Keilhack, 1908)",NA,NA,NA,"BID-AF2017-0047-NAC",NA,NA,NA,15,NA,NA,NA,NA,NA,NA,NA,NA,NA,NA,"Long line",NA,NA,NA,"Foz do Rio de Laga",NA,491.9,NA,NA,NA,NA,NA,NA,NA,NA,NA,"Lichinga","Indeterminate",NA,NA,NA,NA,NA,NA,NA,NA,NA,NA,NA,NA,NA,NA,NA,NA,NA,"BID",NA,NA,NA,NA,NA,NA,NA,NA,NA,NA,NA,NA,NA,NA,NA,NA,NA,NA,NA,NA,NA,NA,NA,NA,NA,"Manual locality search",NA,NA,NA,NA,NA,NA,NA,NA,NA,NA,NA,NA,NA,NA,NA,NA,NA,NA,NA,NA,NA,NA,NA,NA,NA,NA,NA,NA,"Lake","Lake Malawi",28951795749.1886,"Enteromius litamba"
"1883321573","Enteromius litamba (Keilhack, 1908)",-12.38,34.7069,"osiic","9c2cc134-5b4c-497a-8445-c45610722317","7bc628b1-114a-41e0-b0db-b81170b0d2a1","e0f2d99d-f183-469a-adb1-f321a3c4609f","7d77970a-28ba-43e3-9dc8-de37db3e1894","MZ","EML","2025-01-23T18:33:42.052+00:00","2025-01-31T23:45:17.553+00:00",212,"HUMAN_OBSERVATION","PRESENT",9240381,1,44,1153,7336,2363128,9240381,9240381,"Enteromius litamba (Keilhack, 1908)","Animalia","Chordata","Cypriniformes","Cyprinidae","Enteromius","Enteromius litamba","Enteromius","litamba","SPECIES","ACCEPTED","DD","2018-01-01T00:00:00",15000,"AFRICA","Niassa",2009,2,19,"2009-02-19",50,50,NA,"2025-01-31T23:45:17.553+00:00",NA,"http://creativecommons.org/licenses/by/4.0/legalcode",FALSE,"urn:catalog:IIP:MOZ:Niassa:fish:4747","none","none",FALSE,"Instituto Nacional de Investigação Pesqueira","Estevão Juma","Estevão Juma","WGS84","MZ","none","none","AFRICA","Mozambique","AFRICA",NA,"urn:catalog:IIP:MOZ:Niassa:fish:4747",NA,NA,"1883321573",NA,NA,"urn:catalog:IIP:MOZ:Niassa:fish:4747",NA,NA,"IIP",NA,NA,NA,"Enteromius litamba (Keilhack, 1908)",NA,NA,NA,"BID-AF2017-0047-NAC",NA,NA,NA,2,NA,NA,NA,NA,NA,NA,NA,NA,NA,NA,"Long line",NA,NA,NA,"Foz do Rio do Lago",NA,479.3,NA,NA,NA,NA,NA,NA,NA,NA,NA,"Lago","Indeterminate",NA,NA,NA,NA,NA,NA,NA,NA,NA,NA,NA,NA,NA,NA,NA,NA,NA,"BID",NA,NA,NA,NA,NA,NA,NA,NA,NA,NA,NA,NA,NA,NA,NA,NA,NA,NA,NA,NA,NA,NA,NA,NA,NA,"Manual locality search",NA,NA,NA,NA,NA,NA,NA,NA,NA,NA,NA,NA,NA,NA,NA,NA,NA,NA,NA,NA,NA,NA,NA,NA,NA,NA,NA,NA,"Lake","Lake Malawi",28951795749.1886,"Enteromius litamba"
"1883321599","Enteromius litamba (Keilhack, 1908)",-12.758,34.8067,"osiic","9c2cc134-5b4c-497a-8445-c45610722317","7bc628b1-114a-41e0-b0db-b81170b0d2a1","e0f2d99d-f183-469a-adb1-f321a3c4609f","7d77970a-28ba-43e3-9dc8-de37db3e1894","MZ","EML","2025-01-23T18:33:42.052+00:00","2025-01-31T23:45:17.598+00:00",212,"HUMAN_OBSERVATION","PRESENT",9240381,1,44,1153,7336,2363128,9240381,9240381,"Enteromius litamba (Keilhack, 1908)","Animalia","Chordata","Cypriniformes","Cyprinidae","Enteromius","Enteromius litamba","Enteromius","litamba","SPECIES","ACCEPTED","DD","2018-01-01T00:00:00",15000,"AFRICA","Niassa",2009,3,2,"2009-03-02",61,61,NA,"2025-01-31T23:45:17.598+00:00",NA,"http://creativecommons.org/licenses/by/4.0/legalcode",FALSE,"urn:catalog:IIP:MOZ:Niassa:fish:4828","none","none",FALSE,"Instituto Nacional de Investigação Pesqueira","José Momade","José Momade","WGS84","MZ","none","none","AFRICA","Mozambique","AFRICA",NA,"urn:catalog:IIP:MOZ:Niassa:fish:4828",NA,NA,"1883321599",NA,NA,"urn:catalog:IIP:MOZ:Niassa:fish:4828",NA,NA,"IIP",NA,NA,NA,"Enteromius litamba (Keilhack, 1908)",NA,NA,NA,"BID-AF2017-0047-NAC",NA,NA,NA,1,NA,NA,NA,NA,NA,NA,NA,NA,NA,NA,"Gillnet",NA,NA,NA,"Foz do Rio do Lago",NA,476,NA,NA,NA,NA,NA,NA,NA,NA,NA,"Lago","Indeterminate",NA,NA,NA,NA,NA,NA,NA,NA,NA,NA,NA,NA,NA,NA,NA,NA,NA,"BID",NA,NA,NA,NA,NA,NA,NA,NA,NA,NA,NA,NA,NA,NA,NA,NA,NA,NA,NA,NA,NA,NA,NA,NA,NA,"Manual locality search",NA,NA,NA,NA,NA,NA,NA,NA,NA,NA,NA,NA,NA,NA,NA,NA,NA,NA,NA,NA,NA,NA,NA,NA,NA,NA,NA,NA,"Lake","Lake Malawi",28951795749.1886,"Enteromius litamba"
"1883323282","Enteromius litamba (Keilhack, 1908)",-12.078,34.8118,"osiic","9c2cc134-5b4c-497a-8445-c45610722317","7bc628b1-114a-41e0-b0db-b81170b0d2a1","e0f2d99d-f183-469a-adb1-f321a3c4609f","7d77970a-28ba-43e3-9dc8-de37db3e1894","MZ","EML","2025-01-23T18:33:42.052+00:00","2025-01-31T23:45:17.053+00:00",212,"HUMAN_OBSERVATION","PRESENT",9240381,1,44,1153,7336,2363128,9240381,9240381,"Enteromius litamba (Keilhack, 1908)","Animalia","Chordata","Cypriniformes","Cyprinidae","Enteromius","Enteromius litamba","Enteromius","litamba","SPECIES","ACCEPTED","DD","2018-01-01T00:00:00",15000,"AFRICA","Niassa",2009,12,8,"2009-12-08",342,342,NA,"2025-01-31T23:45:17.053+00:00",NA,"http://creativecommons.org/licenses/by/4.0/legalcode",FALSE,"urn:catalog:IIP:MOZ:Niassa:fish:6368","none","none",FALSE,"Instituto Nacional de Investigação Pesqueira","Ernesto Cauele","Ernesto Cauele","WGS84","MZ","none","none","AFRICA","Mozambique","AFRICA",NA,"urn:catalog:IIP:MOZ:Niassa:fish:6368",NA,NA,"1883323282",NA,NA,"urn:catalog:IIP:MOZ:Niassa:fish:6368",NA,NA,"IIP",NA,NA,NA,"Enteromius litamba (Keilhack, 1908)",NA,NA,NA,"BID-AF2017-0047-NAC",NA,NA,NA,1,NA,NA,NA,NA,NA,NA,NA,NA,NA,NA,"Gillnet",NA,NA,NA,"Foz do Rio do Lago",NA,480.6,NA,NA,NA,NA,NA,NA,NA,NA,NA,"Lago","Indeterminate",NA,NA,NA,NA,NA,NA,NA,NA,NA,NA,NA,NA,NA,NA,NA,NA,NA,"BID",NA,NA,NA,NA,NA,NA,NA,NA,NA,NA,NA,NA,NA,NA,NA,NA,NA,NA,NA,NA,NA,NA,NA,NA,NA,"Manual locality search",NA,NA,NA,NA,NA,NA,NA,NA,NA,NA,NA,NA,NA,NA,NA,NA,NA,NA,NA,NA,NA,NA,NA,NA,NA,NA,NA,NA,"Lake","Lake Malawi",28951795749.1886,"Enteromius litamba"
"1883323234","Enteromius litamba (Keilhack, 1908)",-12.451,34.6972,"osiic","9c2cc134-5b4c-497a-8445-c45610722317","7bc628b1-114a-41e0-b0db-b81170b0d2a1","e0f2d99d-f183-469a-adb1-f321a3c4609f","7d77970a-28ba-43e3-9dc8-de37db3e1894","MZ","EML","2025-01-23T18:33:42.052+00:00","2025-01-31T23:45:17.059+00:00",212,"HUMAN_OBSERVATION","PRESENT",9240381,1,44,1153,7336,2363128,9240381,9240381,"Enteromius litamba (Keilhack, 1908)","Animalia","Chordata","Cypriniformes","Cyprinidae","Enteromius","Enteromius litamba","Enteromius","litamba","SPECIES","ACCEPTED","DD","2018-01-01T00:00:00",15000,"AFRICA","Niassa",2009,12,15,"2009-12-15",349,349,NA,"2025-01-31T23:45:17.059+00:00",NA,"http://creativecommons.org/licenses/by/4.0/legalcode",FALSE,"urn:catalog:IIP:MOZ:Niassa:fish:6416","none","none",FALSE,"Instituto Nacional de Investigação Pesqueira","Estevão Juma","Estevão Juma","WGS84","MZ","none","none","AFRICA","Mozambique","AFRICA",NA,"urn:catalog:IIP:MOZ:Niassa:fish:6416",NA,NA,"1883323234",NA,NA,"urn:catalog:IIP:MOZ:Niassa:fish:6416",NA,NA,"IIP",NA,NA,NA,"Enteromius litamba (Keilhack, 1908)",NA,NA,NA,"BID-AF2017-0047-NAC",NA,NA,NA,2,NA,NA,NA,NA,NA,NA,NA,NA,NA,NA,"Gillnet",NA,NA,NA,"Lago Aberto do Lago",NA,477.9,NA,NA,NA,NA,NA,NA,NA,NA,NA,"Lago","Indeterminate",NA,NA,NA,NA,NA,NA,NA,NA,NA,NA,NA,NA,NA,NA,NA,NA,NA,"BID",NA,NA,NA,NA,NA,NA,NA,NA,NA,NA,NA,NA,NA,NA,NA,NA,NA,NA,NA,NA,NA,NA,NA,NA,NA,"Manual locality search",NA,NA,NA,NA,NA,NA,NA,NA,NA,NA,NA,NA,NA,NA,NA,NA,NA,NA,NA,NA,NA,NA,NA,NA,NA,NA,NA,NA,"Lake","Lake Malawi",28951795749.1886,"Enteromius litamba"
"1883320449","Enteromius litamba (Keilhack, 1908)",-13.127,34.8011,"osiic","9c2cc134-5b4c-497a-8445-c45610722317","7bc628b1-114a-41e0-b0db-b81170b0d2a1","e0f2d99d-f183-469a-adb1-f321a3c4609f","7d77970a-28ba-43e3-9dc8-de37db3e1894","MZ","EML","2025-01-23T18:33:42.052+00:00","2025-01-31T23:45:15.793+00:00",212,"HUMAN_OBSERVATION","PRESENT",9240381,1,44,1153,7336,2363128,9240381,9240381,"Enteromius litamba (Keilhack, 1908)","Animalia","Chordata","Cypriniformes","Cyprinidae","Enteromius","Enteromius litamba","Enteromius","litamba","SPECIES","ACCEPTED","DD","2018-01-01T00:00:00",15000,"AFRICA","Niassa",2008,7,25,"2008-07-25",207,207,NA,"2025-01-31T23:45:15.793+00:00",NA,"http://creativecommons.org/licenses/by/4.0/legalcode",FALSE,"urn:catalog:IIP:MOZ:Niassa:fish:3625","none","none",FALSE,"Instituto Nacional de Investigação Pesqueira","César Bernardo","César Bernardo","WGS84","MZ","none","none","AFRICA","Mozambique","AFRICA",NA,"urn:catalog:IIP:MOZ:Niassa:fish:3625",NA,NA,"1883320449",NA,NA,"urn:catalog:IIP:MOZ:Niassa:fish:3625",NA,NA,"IIP",NA,NA,NA,"Enteromius litamba (Keilhack, 1908)",NA,NA,NA,"BID-AF2017-0047-NAC",NA,NA,NA,2,NA,NA,NA,NA,NA,NA,NA,NA,NA,NA,"Gillnet",NA,NA,NA,"Foz do Rio de Laga",NA,491.9,NA,NA,NA,NA,NA,NA,NA,NA,NA,"Lichinga","Indeterminate",NA,NA,NA,NA,NA,NA,NA,NA,NA,NA,NA,NA,NA,NA,NA,NA,NA,"BID",NA,NA,NA,NA,NA,NA,NA,NA,NA,NA,NA,NA,NA,NA,NA,NA,NA,NA,NA,NA,NA,NA,NA,NA,NA,"Manual locality search",NA,NA,NA,NA,NA,NA,NA,NA,NA,NA,NA,NA,NA,NA,NA,NA,NA,NA,NA,NA,NA,NA,NA,NA,NA,NA,NA,NA,"Lake","Lake Malawi",28951795749.1886,"Enteromius litamba"
"1883320930","Enteromius litamba (Keilhack, 1908)",-12.758,34.8067,"osiic","9c2cc134-5b4c-497a-8445-c45610722317","7bc628b1-114a-41e0-b0db-b81170b0d2a1","e0f2d99d-f183-469a-adb1-f321a3c4609f","7d77970a-28ba-43e3-9dc8-de37db3e1894","MZ","EML","2025-01-23T18:33:42.052+00:00","2025-01-31T23:45:17.160+00:00",212,"HUMAN_OBSERVATION","PRESENT",9240381,1,44,1153,7336,2363128,9240381,9240381,"Enteromius litamba (Keilhack, 1908)","Animalia","Chordata","Cypriniformes","Cyprinidae","Enteromius","Enteromius litamba","Enteromius","litamba","SPECIES","ACCEPTED","DD","2018-01-01T00:00:00",15000,"AFRICA","Niassa",2008,10,17,"2008-10-17",291,291,NA,"2025-01-31T23:45:17.160+00:00",NA,"http://creativecommons.org/licenses/by/4.0/legalcode",FALSE,"urn:catalog:IIP:MOZ:Niassa:fish:4050","none","none",FALSE,"Instituto Nacional de Investigação Pesqueira","José Momade","José Momade","WGS84","MZ","none","none","AFRICA","Mozambique","AFRICA",NA,"urn:catalog:IIP:MOZ:Niassa:fish:4050",NA,NA,"1883320930",NA,NA,"urn:catalog:IIP:MOZ:Niassa:fish:4050",NA,NA,"IIP",NA,NA,NA,"Enteromius litamba (Keilhack, 1908)",NA,NA,NA,"BID-AF2017-0047-NAC",NA,NA,NA,1,NA,NA,NA,NA,NA,NA,NA,NA,NA,NA,"Long line",NA,NA,NA,"Foz do Rio do Lago",NA,476,NA,NA,NA,NA,NA,NA,NA,NA,NA,"Lago","Indeterminate",NA,NA,NA,NA,NA,NA,NA,NA,NA,NA,NA,NA,NA,NA,NA,NA,NA,"BID",NA,NA,NA,NA,NA,NA,NA,NA,NA,NA,NA,NA,NA,NA,NA,NA,NA,NA,NA,NA,NA,NA,NA,NA,NA,"Manual locality search",NA,NA,NA,NA,NA,NA,NA,NA,NA,NA,NA,NA,NA,NA,NA,NA,NA,NA,NA,NA,NA,NA,NA,NA,NA,NA,NA,NA,"Lake","Lake Malawi",28951795749.1886,"Enteromius litamba"
"1883321278","Enteromius litamba (Keilhack, 1908)",-12.078,34.8118,"osiic","9c2cc134-5b4c-497a-8445-c45610722317","7bc628b1-114a-41e0-b0db-b81170b0d2a1","e0f2d99d-f183-469a-adb1-f321a3c4609f","7d77970a-28ba-43e3-9dc8-de37db3e1894","MZ","EML","2025-01-23T18:33:42.052+00:00","2025-01-31T23:45:17.381+00:00",212,"HUMAN_OBSERVATION","PRESENT",9240381,1,44,1153,7336,2363128,9240381,9240381,"Enteromius litamba (Keilhack, 1908)","Animalia","Chordata","Cypriniformes","Cyprinidae","Enteromius","Enteromius litamba","Enteromius","litamba","SPECIES","ACCEPTED","DD","2018-01-01T00:00:00",15000,"AFRICA","Niassa",2008,12,1,"2008-12-01",336,336,NA,"2025-01-31T23:45:17.381+00:00",NA,"http://creativecommons.org/licenses/by/4.0/legalcode",FALSE,"urn:catalog:IIP:MOZ:Niassa:fish:4301","none","none",FALSE,"Instituto Nacional de Investigação Pesqueira","Ernesto Cauele","Ernesto Cauele","WGS84","MZ","none","none","AFRICA","Mozambique","AFRICA",NA,"urn:catalog:IIP:MOZ:Niassa:fish:4301",NA,NA,"1883321278",NA,NA,"urn:catalog:IIP:MOZ:Niassa:fish:4301",NA,NA,"IIP",NA,NA,NA,"Enteromius litamba (Keilhack, 1908)",NA,NA,NA,"BID-AF2017-0047-NAC",NA,NA,NA,6,NA,NA,NA,NA,NA,NA,NA,NA,NA,NA,"Gillnet",NA,NA,NA,"Foz do Rio do Lago",NA,480.6,NA,NA,NA,NA,NA,NA,NA,NA,NA,"Lago","Indeterminate",NA,NA,NA,NA,NA,NA,NA,NA,NA,NA,NA,NA,NA,NA,NA,NA,NA,"BID",NA,NA,NA,NA,NA,NA,NA,NA,NA,NA,NA,NA,NA,NA,NA,NA,NA,NA,NA,NA,NA,NA,NA,NA,NA,"Manual locality search",NA,NA,NA,NA,NA,NA,NA,NA,NA,NA,NA,NA,NA,NA,NA,NA,NA,NA,NA,NA,NA,NA,NA,NA,NA,NA,NA,NA,"Lake","Lake Malawi",28951795749.1886,"Enteromius litamba"
"1883321261","Enteromius litamba (Keilhack, 1908)",-13.386,34.8556,"osiic","9c2cc134-5b4c-497a-8445-c45610722317","7bc628b1-114a-41e0-b0db-b81170b0d2a1","e0f2d99d-f183-469a-adb1-f321a3c4609f","7d77970a-28ba-43e3-9dc8-de37db3e1894","MZ","EML","2025-01-23T18:33:42.052+00:00","2025-01-31T23:45:17.386+00:00",212,"HUMAN_OBSERVATION","PRESENT",9240381,1,44,1153,7336,2363128,9240381,9240381,"Enteromius litamba (Keilhack, 1908)","Animalia","Chordata","Cypriniformes","Cyprinidae","Enteromius","Enteromius litamba","Enteromius","litamba","SPECIES","ACCEPTED","DD","2018-01-01T00:00:00",15000,"AFRICA","Niassa",2008,12,9,"2008-12-09",344,344,NA,"2025-01-31T23:45:17.386+00:00",NA,"http://creativecommons.org/licenses/by/4.0/legalcode",FALSE,"urn:catalog:IIP:MOZ:Niassa:fish:4360","none","none",FALSE,"Instituto Nacional de Investigação Pesqueira","João Saide","João Saide","WGS84","MZ","none","none","AFRICA","Mozambique","AFRICA",NA,"urn:catalog:IIP:MOZ:Niassa:fish:4360",NA,NA,"1883321261",NA,NA,"urn:catalog:IIP:MOZ:Niassa:fish:4360",NA,NA,"IIP",NA,NA,NA,"Enteromius litamba (Keilhack, 1908)",NA,NA,NA,"BID-AF2017-0047-NAC",NA,NA,NA,1,NA,NA,NA,NA,NA,NA,NA,NA,NA,NA,"Gillnet",NA,NA,NA,"Foz do Rio de Laga",NA,519.7,NA,NA,NA,NA,NA,NA,NA,NA,NA,"Lichinga","Indeterminate",NA,NA,NA,NA,NA,NA,NA,NA,NA,NA,NA,NA,NA,NA,NA,NA,NA,"BID",NA,NA,NA,NA,NA,NA,NA,NA,NA,NA,NA,NA,NA,NA,NA,NA,NA,NA,NA,NA,NA,NA,NA,NA,NA,"Manual locality search",NA,NA,NA,NA,NA,NA,NA,NA,NA,NA,NA,NA,NA,NA,NA,NA,NA,NA,NA,NA,NA,NA,NA,NA,NA,NA,NA,NA,"Lake","Lake Malawi",28951795749.1886,"Enteromius litamba"
"1883317797","Enteromius litamba (Keilhack, 1908)",-13.127,34.8011,"osiic","9c2cc134-5b4c-497a-8445-c45610722317","7bc628b1-114a-41e0-b0db-b81170b0d2a1","e0f2d99d-f183-469a-adb1-f321a3c4609f","7d77970a-28ba-43e3-9dc8-de37db3e1894","MZ","EML","2025-01-23T18:33:42.052+00:00","2025-01-31T23:45:15.839+00:00",212,"HUMAN_OBSERVATION","PRESENT",9240381,1,44,1153,7336,2363128,9240381,9240381,"Enteromius litamba (Keilhack, 1908)","Animalia","Chordata","Cypriniformes","Cyprinidae","Enteromius","Enteromius litamba","Enteromius","litamba","SPECIES","ACCEPTED","DD","2018-01-01T00:00:00",15000,"AFRICA","Niassa",2007,1,12,"2007-01-12",12,12,NA,"2025-01-31T23:45:15.839+00:00",NA,"http://creativecommons.org/licenses/by/4.0/legalcode",FALSE,"urn:catalog:IIP:MOZ:Niassa:fish:1032","none","none",FALSE,"Instituto Nacional de Investigação Pesqueira","César Bernardo","César Bernardo","WGS84","MZ","none","none","AFRICA","Mozambique","AFRICA",NA,"urn:catalog:IIP:MOZ:Niassa:fish:1032",NA,NA,"1883317797",NA,NA,"urn:catalog:IIP:MOZ:Niassa:fish:1032",NA,NA,"IIP",NA,NA,NA,"Enteromius litamba (Keilhack, 1908)",NA,NA,NA,"BID-AF2017-0047-NAC",NA,NA,NA,2,NA,NA,NA,NA,NA,NA,NA,NA,NA,NA,"Gillnet",NA,NA,NA,"Foz do Rio de Laga",NA,491.9,NA,NA,NA,NA,NA,NA,NA,NA,NA,"Lichinga","Indeterminate",NA,NA,NA,NA,NA,NA,NA,NA,NA,NA,NA,NA,NA,NA,NA,NA,NA,"BID",NA,NA,NA,NA,NA,NA,NA,NA,NA,NA,NA,NA,NA,NA,NA,NA,NA,NA,NA,NA,NA,NA,NA,NA,NA,"Manual locality search",NA,NA,NA,NA,NA,NA,NA,NA,NA,NA,NA,NA,NA,NA,NA,NA,NA,NA,NA,NA,NA,NA,NA,NA,NA,NA,NA,NA,"Lake","Lake Malawi",28951795749.1886,"Enteromius litamba"
"1883318137","Enteromius litamba (Keilhack, 1908)",-12.758,34.8067,"osiic","9c2cc134-5b4c-497a-8445-c45610722317","7bc628b1-114a-41e0-b0db-b81170b0d2a1","e0f2d99d-f183-469a-adb1-f321a3c4609f","7d77970a-28ba-43e3-9dc8-de37db3e1894","MZ","EML","2025-01-23T18:33:42.052+00:00","2025-01-31T23:45:15.998+00:00",212,"HUMAN_OBSERVATION","PRESENT",9240381,1,44,1153,7336,2363128,9240381,9240381,"Enteromius litamba (Keilhack, 1908)","Animalia","Chordata","Cypriniformes","Cyprinidae","Enteromius","Enteromius litamba","Enteromius","litamba","SPECIES","ACCEPTED","DD","2018-01-01T00:00:00",15000,"AFRICA","Niassa",2007,3,9,"2007-03-09",68,68,NA,"2025-01-31T23:45:15.998+00:00",NA,"http://creativecommons.org/licenses/by/4.0/legalcode",FALSE,"urn:catalog:IIP:MOZ:Niassa:fish:1302","none","none",FALSE,"Instituto Nacional de Investigação Pesqueira","José Momade","José Momade","WGS84","MZ","none","none","AFRICA","Mozambique","AFRICA",NA,"urn:catalog:IIP:MOZ:Niassa:fish:1302",NA,NA,"1883318137",NA,NA,"urn:catalog:IIP:MOZ:Niassa:fish:1302",NA,NA,"IIP",NA,NA,NA,"Enteromius litamba (Keilhack, 1908)",NA,NA,NA,"BID-AF2017-0047-NAC",NA,NA,NA,3,NA,NA,NA,NA,NA,NA,NA,NA,NA,NA,"Long line",NA,NA,NA,"Foz do Rio do Lago",NA,476,NA,NA,NA,NA,NA,NA,NA,NA,NA,"Lago","Indeterminate",NA,NA,NA,NA,NA,NA,NA,NA,NA,NA,NA,NA,NA,NA,NA,NA,NA,"BID",NA,NA,NA,NA,NA,NA,NA,NA,NA,NA,NA,NA,NA,NA,NA,NA,NA,NA,NA,NA,NA,NA,NA,NA,NA,"Manual locality search",NA,NA,NA,NA,NA,NA,NA,NA,NA,NA,NA,NA,NA,NA,NA,NA,NA,NA,NA,NA,NA,NA,NA,NA,NA,NA,NA,NA,"Lake","Lake Malawi",28951795749.1886,"Enteromius litamba"
"1883318244","Enteromius litamba (Keilhack, 1908)",-12.078,34.8118,"osiic","9c2cc134-5b4c-497a-8445-c45610722317","7bc628b1-114a-41e0-b0db-b81170b0d2a1","e0f2d99d-f183-469a-adb1-f321a3c4609f","7d77970a-28ba-43e3-9dc8-de37db3e1894","MZ","EML","2025-01-23T18:33:42.052+00:00","2025-01-31T23:45:16.016+00:00",212,"HUMAN_OBSERVATION","PRESENT",9240381,1,44,1153,7336,2363128,9240381,9240381,"Enteromius litamba (Keilhack, 1908)","Animalia","Chordata","Cypriniformes","Cyprinidae","Enteromius","Enteromius litamba","Enteromius","litamba","SPECIES","ACCEPTED","DD","2018-01-01T00:00:00",15000,"AFRICA","Niassa",2007,3,19,"2007-03-19",78,78,NA,"2025-01-31T23:45:16.016+00:00",NA,"http://creativecommons.org/licenses/by/4.0/legalcode",FALSE,"urn:catalog:IIP:MOZ:Niassa:fish:1338","none","none",FALSE,"Instituto Nacional de Investigação Pesqueira","Ernesto Cauele","Ernesto Cauele","WGS84","MZ","none","none","AFRICA","Mozambique","AFRICA",NA,"urn:catalog:IIP:MOZ:Niassa:fish:1338",NA,NA,"1883318244",NA,NA,"urn:catalog:IIP:MOZ:Niassa:fish:1338",NA,NA,"IIP",NA,NA,NA,"Enteromius litamba (Keilhack, 1908)",NA,NA,NA,"BID-AF2017-0047-NAC",NA,NA,NA,34,NA,NA,NA,NA,NA,NA,NA,NA,NA,NA,"Gillnet",NA,NA,NA,"Foz do Rio do Lago",NA,480.6,NA,NA,NA,NA,NA,NA,NA,NA,NA,"Lago","Indeterminate",NA,NA,NA,NA,NA,NA,NA,NA,NA,NA,NA,NA,NA,NA,NA,NA,NA,"BID",NA,NA,NA,NA,NA,NA,NA,NA,NA,NA,NA,NA,NA,NA,NA,NA,NA,NA,NA,NA,NA,NA,NA,NA,NA,"Manual locality search",NA,NA,NA,NA,NA,NA,NA,NA,NA,NA,NA,NA,NA,NA,NA,NA,NA,NA,NA,NA,NA,NA,NA,NA,NA,NA,NA,NA,"Lake","Lake Malawi",28951795749.1886,"Enteromius litamba"
"1883318314","Enteromius litamba (Keilhack, 1908)",-12.738,34.8175,"osiic","9c2cc134-5b4c-497a-8445-c45610722317","7bc628b1-114a-41e0-b0db-b81170b0d2a1","e0f2d99d-f183-469a-adb1-f321a3c4609f","7d77970a-28ba-43e3-9dc8-de37db3e1894","MZ","EML","2025-01-23T18:33:42.052+00:00","2025-01-31T23:45:16.088+00:00",212,"HUMAN_OBSERVATION","PRESENT",9240381,1,44,1153,7336,2363128,9240381,9240381,"Enteromius litamba (Keilhack, 1908)","Animalia","Chordata","Cypriniformes","Cyprinidae","Enteromius","Enteromius litamba","Enteromius","litamba","SPECIES","ACCEPTED","DD","2018-01-01T00:00:00",15000,"AFRICA","Niassa",2007,4,12,"2007-04-12",102,102,NA,"2025-01-31T23:45:16.088+00:00",NA,"http://creativecommons.org/licenses/by/4.0/legalcode",FALSE,"urn:catalog:IIP:MOZ:Niassa:fish:1463","none","none",FALSE,"Instituto Nacional de Investigação Pesqueira","José Momade","José Momade","WGS84","MZ","none","none","AFRICA","Mozambique","AFRICA",NA,"urn:catalog:IIP:MOZ:Niassa:fish:1463",NA,NA,"1883318314",NA,NA,"urn:catalog:IIP:MOZ:Niassa:fish:1463",NA,NA,"IIP",NA,NA,NA,"Enteromius litamba (Keilhack, 1908)",NA,NA,NA,"BID-AF2017-0047-NAC",NA,NA,NA,1,NA,NA,NA,NA,NA,NA,NA,NA,NA,NA,"Gillnet",NA,NA,NA,"Lago Aberto do Lago",NA,477.6,NA,NA,NA,NA,NA,NA,NA,NA,NA,"Lago","Indeterminate",NA,NA,NA,NA,NA,NA,NA,NA,NA,NA,NA,NA,NA,NA,NA,NA,NA,"BID",NA,NA,NA,NA,NA,NA,NA,NA,NA,NA,NA,NA,NA,NA,NA,NA,NA,NA,NA,NA,NA,NA,NA,NA,NA,"Manual locality search",NA,NA,NA,NA,NA,NA,NA,NA,NA,NA,NA,NA,NA,NA,NA,NA,NA,NA,NA,NA,NA,NA,NA,NA,NA,NA,NA,NA,"Lake","Lake Malawi",28951795749.1886,"Enteromius litamba"
"1883319149","Enteromius litamba (Keilhack, 1908)",-12.451,34.6972,"osiic","9c2cc134-5b4c-497a-8445-c45610722317","7bc628b1-114a-41e0-b0db-b81170b0d2a1","e0f2d99d-f183-469a-adb1-f321a3c4609f","7d77970a-28ba-43e3-9dc8-de37db3e1894","MZ","EML","2025-01-23T18:33:42.052+00:00","2025-01-31T23:45:17.629+00:00",212,"HUMAN_OBSERVATION","PRESENT",9240381,1,44,1153,7336,2363128,9240381,9240381,"Enteromius litamba (Keilhack, 1908)","Animalia","Chordata","Cypriniformes","Cyprinidae","Enteromius","Enteromius litamba","Enteromius","litamba","SPECIES","ACCEPTED","DD","2018-01-01T00:00:00",15000,"AFRICA","Niassa",2007,11,16,"2007-11-16",320,320,NA,"2025-01-31T23:45:17.629+00:00",NA,"http://creativecommons.org/licenses/by/4.0/legalcode",FALSE,"urn:catalog:IIP:MOZ:Niassa:fish:2247","none","none",FALSE,"Instituto Nacional de Investigação Pesqueira","Estevão Juma","Estevão Juma","WGS84","MZ","none","none","AFRICA","Mozambique","AFRICA",NA,"urn:catalog:IIP:MOZ:Niassa:fish:2247",NA,NA,"1883319149",NA,NA,"urn:catalog:IIP:MOZ:Niassa:fish:2247",NA,NA,"IIP",NA,NA,NA,"Enteromius litamba (Keilhack, 1908)",NA,NA,NA,"BID-AF2017-0047-NAC",NA,NA,NA,12,NA,NA,NA,NA,NA,NA,NA,NA,NA,NA,"Gillnet",NA,NA,NA,"Lago Aberto do Lago",NA,477.9,NA,NA,NA,NA,NA,NA,NA,NA,NA,"Lago","Indeterminate",NA,NA,NA,NA,NA,NA,NA,NA,NA,NA,NA,NA,NA,NA,NA,NA,NA,"BID",NA,NA,NA,NA,NA,NA,NA,NA,NA,NA,NA,NA,NA,NA,NA,NA,NA,NA,NA,NA,NA,NA,NA,NA,NA,"Manual locality search",NA,NA,NA,NA,NA,NA,NA,NA,NA,NA,NA,NA,NA,NA,NA,NA,NA,NA,NA,NA,NA,NA,NA,NA,NA,NA,NA,NA,"Lake","Lake Malawi",28951795749.1886,"Enteromius litamba"
"1883319233","Enteromius litamba (Keilhack, 1908)",-12.535,34.7363,"osiic","9c2cc134-5b4c-497a-8445-c45610722317","7bc628b1-114a-41e0-b0db-b81170b0d2a1","e0f2d99d-f183-469a-adb1-f321a3c4609f","7d77970a-28ba-43e3-9dc8-de37db3e1894","MZ","EML","2025-01-23T18:33:42.052+00:00","2025-01-31T23:45:17.694+00:00",212,"HUMAN_OBSERVATION","PRESENT",9240381,1,44,1153,7336,2363128,9240381,9240381,"Enteromius litamba (Keilhack, 1908)","Animalia","Chordata","Cypriniformes","Cyprinidae","Enteromius","Enteromius litamba","Enteromius","litamba","SPECIES","ACCEPTED","DD","2018-01-01T00:00:00",15000,"AFRICA","Niassa",2007,12,20,"2007-12-20",354,354,NA,"2025-01-31T23:45:17.694+00:00",NA,"http://creativecommons.org/licenses/by/4.0/legalcode",FALSE,"urn:catalog:IIP:MOZ:Niassa:fish:2413","none","none",FALSE,"Instituto Nacional de Investigação Pesqueira","José Momade","José Momade","WGS84","MZ","none","none","AFRICA","Mozambique","AFRICA",NA,"urn:catalog:IIP:MOZ:Niassa:fish:2413",NA,NA,"1883319233",NA,NA,"urn:catalog:IIP:MOZ:Niassa:fish:2413",NA,NA,"IIP",NA,NA,NA,"Enteromius litamba (Keilhack, 1908)",NA,NA,NA,"BID-AF2017-0047-NAC",NA,NA,NA,2,NA,NA,NA,NA,NA,NA,NA,NA,NA,NA,"Gillnet",NA,NA,NA,"Lago Aberto do Lago",NA,478.4,NA,NA,NA,NA,NA,NA,NA,NA,NA,"Lago","Indeterminate",NA,NA,NA,NA,NA,NA,NA,NA,NA,NA,NA,NA,NA,NA,NA,NA,NA,"BID",NA,NA,NA,NA,NA,NA,NA,NA,NA,NA,NA,NA,NA,NA,NA,NA,NA,NA,NA,NA,NA,NA,NA,NA,NA,"Manual locality search",NA,NA,NA,NA,NA,NA,NA,NA,NA,NA,NA,NA,NA,NA,NA,NA,NA,NA,NA,NA,NA,NA,NA,NA,NA,NA,NA,NA,"Lake","Lake Malawi",28951795749.1886,"Enteromius litamba"
"1883317533","Enteromius litamba (Keilhack, 1908)",-12.38,34.7069,"osiic","9c2cc134-5b4c-497a-8445-c45610722317","7bc628b1-114a-41e0-b0db-b81170b0d2a1","e0f2d99d-f183-469a-adb1-f321a3c4609f","7d77970a-28ba-43e3-9dc8-de37db3e1894","MZ","EML","2025-01-23T18:33:42.052+00:00","2025-01-31T23:45:18.599+00:00",212,"HUMAN_OBSERVATION","PRESENT",9240381,1,44,1153,7336,2363128,9240381,9240381,"Enteromius litamba (Keilhack, 1908)","Animalia","Chordata","Cypriniformes","Cyprinidae","Enteromius","Enteromius litamba","Enteromius","litamba","SPECIES","ACCEPTED","DD","2018-01-01T00:00:00",15000,"AFRICA","Niassa",2006,10,19,"2006-10-19",292,292,NA,"2025-01-31T23:45:18.599+00:00",NA,"http://creativecommons.org/licenses/by/4.0/legalcode",FALSE,"urn:catalog:IIP:MOZ:Niassa:fish:743","none","none",FALSE,"Instituto Nacional de Investigação Pesqueira","Estevão Juma","Estevão Juma","WGS84","MZ","none","none","AFRICA","Mozambique","AFRICA",NA,"urn:catalog:IIP:MOZ:Niassa:fish:743",NA,NA,"1883317533",NA,NA,"urn:catalog:IIP:MOZ:Niassa:fish:743",NA,NA,"IIP",NA,NA,NA,"Enteromius litamba (Keilhack, 1908)",NA,NA,NA,"BID-AF2017-0047-NAC",NA,NA,NA,7,NA,NA,NA,NA,NA,NA,NA,NA,NA,NA,"Fishing fence with light",NA,NA,NA,"Foz do Rio do Lago",NA,479.3,NA,NA,NA,NA,NA,NA,NA,NA,NA,"Lago","Indeterminate",NA,NA,NA,NA,NA,NA,NA,NA,NA,NA,NA,NA,NA,NA,NA,NA,NA,"BID",NA,NA,NA,NA,NA,NA,NA,NA,NA,NA,NA,NA,NA,NA,NA,NA,NA,NA,NA,NA,NA,NA,NA,NA,NA,"Manual locality search",NA,NA,NA,NA,NA,NA,NA,NA,NA,NA,NA,NA,NA,NA,NA,NA,NA,NA,NA,NA,NA,NA,NA,NA,NA,NA,NA,NA,"Lake","Lake Malawi",28951795749.1886,"Enteromius litamba"
"1883317705","Enteromius litamba (Keilhack, 1908)",-12.451,34.6972,"osiic","9c2cc134-5b4c-497a-8445-c45610722317","7bc628b1-114a-41e0-b0db-b81170b0d2a1","e0f2d99d-f183-469a-adb1-f321a3c4609f","7d77970a-28ba-43e3-9dc8-de37db3e1894","MZ","EML","2025-01-23T18:33:42.052+00:00","2025-01-31T23:45:18.530+00:00",212,"HUMAN_OBSERVATION","PRESENT",9240381,1,44,1153,7336,2363128,9240381,9240381,"Enteromius litamba (Keilhack, 1908)","Animalia","Chordata","Cypriniformes","Cyprinidae","Enteromius","Enteromius litamba","Enteromius","litamba","SPECIES","ACCEPTED","DD","2018-01-01T00:00:00",15000,"AFRICA","Niassa",2006,11,17,"2006-11-17",321,321,NA,"2025-01-31T23:45:18.530+00:00",NA,"http://creativecommons.org/licenses/by/4.0/legalcode",FALSE,"urn:catalog:IIP:MOZ:Niassa:fish:843","none","none",FALSE,"Instituto Nacional de Investigação Pesqueira","Estevão Juma","Estevão Juma","WGS84","MZ","none","none","AFRICA","Mozambique","AFRICA",NA,"urn:catalog:IIP:MOZ:Niassa:fish:843",NA,NA,"1883317705",NA,NA,"urn:catalog:IIP:MOZ:Niassa:fish:843",NA,NA,"IIP",NA,NA,NA,"Enteromius litamba (Keilhack, 1908)",NA,NA,NA,"BID-AF2017-0047-NAC",NA,NA,NA,1,NA,NA,NA,NA,NA,NA,NA,NA,NA,NA,"Gillnet",NA,NA,NA,"Lago Aberto do Lago",NA,477.9,NA,NA,NA,NA,NA,NA,NA,NA,NA,"Lago","Indeterminate",NA,NA,NA,NA,NA,NA,NA,NA,NA,NA,NA,NA,NA,NA,NA,NA,NA,"BID",NA,NA,NA,NA,NA,NA,NA,NA,NA,NA,NA,NA,NA,NA,NA,NA,NA,NA,NA,NA,NA,NA,NA,NA,NA,"Manual locality search",NA,NA,NA,NA,NA,NA,NA,NA,NA,NA,NA,NA,NA,NA,NA,NA,NA,NA,NA,NA,NA,NA,NA,NA,NA,NA,NA,NA,"Lake","Lake Malawi",28951795749.1886,"Enteromius litamba"
"1883317710","Enteromius litamba (Keilhack, 1908)",-12.535,34.7363,"osiic","9c2cc134-5b4c-497a-8445-c45610722317","7bc628b1-114a-41e0-b0db-b81170b0d2a1","e0f2d99d-f183-469a-adb1-f321a3c4609f","7d77970a-28ba-43e3-9dc8-de37db3e1894","MZ","EML","2025-01-23T18:33:42.052+00:00","2025-01-31T23:45:18.696+00:00",212,"HUMAN_OBSERVATION","PRESENT",9240381,1,44,1153,7336,2363128,9240381,9240381,"Enteromius litamba (Keilhack, 1908)","Animalia","Chordata","Cypriniformes","Cyprinidae","Enteromius","Enteromius litamba","Enteromius","litamba","SPECIES","ACCEPTED","DD","2018-01-01T00:00:00",15000,"AFRICA","Niassa",2006,12,18,"2006-12-18",352,352,NA,"2025-01-31T23:45:18.696+00:00",NA,"http://creativecommons.org/licenses/by/4.0/legalcode",FALSE,"urn:catalog:IIP:MOZ:Niassa:fish:927","none","none",FALSE,"Instituto Nacional de Investigação Pesqueira","José Momade","José Momade","WGS84","MZ","none","none","AFRICA","Mozambique","AFRICA",NA,"urn:catalog:IIP:MOZ:Niassa:fish:927",NA,NA,"1883317710",NA,NA,"urn:catalog:IIP:MOZ:Niassa:fish:927",NA,NA,"IIP",NA,NA,NA,"Enteromius litamba (Keilhack, 1908)",NA,NA,NA,"BID-AF2017-0047-NAC",NA,NA,NA,2,NA,NA,NA,NA,NA,NA,NA,NA,NA,NA,"Gillnet",NA,NA,NA,"Lago Aberto do Lago",NA,478.4,NA,NA,NA,NA,NA,NA,NA,NA,NA,"Lago","Indeterminate",NA,NA,NA,NA,NA,NA,NA,NA,NA,NA,NA,NA,NA,NA,NA,NA,NA,"BID",NA,NA,NA,NA,NA,NA,NA,NA,NA,NA,NA,NA,NA,NA,NA,NA,NA,NA,NA,NA,NA,NA,NA,NA,NA,"Manual locality search",NA,NA,NA,NA,NA,NA,NA,NA,NA,NA,NA,NA,NA,NA,NA,NA,NA,NA,NA,NA,NA,NA,NA,NA,NA,NA,NA,NA,"Lake","Lake Malawi",28951795749.1886,"Enteromius litamba"
"1883317820","Enteromius litamba (Keilhack, 1908)",-12.38,34.7069,"osiic","9c2cc134-5b4c-497a-8445-c45610722317","7bc628b1-114a-41e0-b0db-b81170b0d2a1","e0f2d99d-f183-469a-adb1-f321a3c4609f","7d77970a-28ba-43e3-9dc8-de37db3e1894","MZ","EML","2025-01-23T18:33:42.052+00:00","2025-01-31T23:45:18.720+00:00",212,"HUMAN_OBSERVATION","PRESENT",9240381,1,44,1153,7336,2363128,9240381,9240381,"Enteromius litamba (Keilhack, 1908)","Animalia","Chordata","Cypriniformes","Cyprinidae","Enteromius","Enteromius litamba","Enteromius","litamba","SPECIES","ACCEPTED","DD","2018-01-01T00:00:00",15000,"AFRICA","Niassa",2006,12,18,"2006-12-18",352,352,NA,"2025-01-31T23:45:18.720+00:00",NA,"http://creativecommons.org/licenses/by/4.0/legalcode",FALSE,"urn:catalog:IIP:MOZ:Niassa:fish:939","none","none",FALSE,"Instituto Nacional de Investigação Pesqueira","Estevão Juma","Estevão Juma","WGS84","MZ","none","none","AFRICA","Mozambique","AFRICA",NA,"urn:catalog:IIP:MOZ:Niassa:fish:939",NA,NA,"1883317820",NA,NA,"urn:catalog:IIP:MOZ:Niassa:fish:939",NA,NA,"IIP",NA,NA,NA,"Enteromius litamba (Keilhack, 1908)",NA,NA,NA,"BID-AF2017-0047-NAC",NA,NA,NA,1,NA,NA,NA,NA,NA,NA,NA,NA,NA,NA,"Gillnet",NA,NA,NA,"Foz do Rio do Lago",NA,479.3,NA,NA,NA,NA,NA,NA,NA,NA,NA,"Lago","Indeterminate",NA,NA,NA,NA,NA,NA,NA,NA,NA,NA,NA,NA,NA,NA,NA,NA,NA,"BID",NA,NA,NA,NA,NA,NA,NA,NA,NA,NA,NA,NA,NA,NA,NA,NA,NA,NA,NA,NA,NA,NA,NA,NA,NA,"Manual locality search",NA,NA,NA,NA,NA,NA,NA,NA,NA,NA,NA,NA,NA,NA,NA,NA,NA,NA,NA,NA,NA,NA,NA,NA,NA,NA,NA,NA,"Lake","Lake Malawi",28951795749.1886,"Enteromius litamba"
"3698515618","Barbus lufukiensis Boulenger, 1917",-5.2548,29.8023,"","3633e0e7-8c25-4c3d-b9c7-078c0be25665","cf9ceb80-9f3d-11da-b791-b8a03c50a862","a957a663-2f17-415f-b1c8-5cf6398df8ed","2053a639-84c3-4be5-b8bc-96b6d88a976c","US","EML","2025-01-18T01:45:08.261+00:00","2025-02-06T17:48:40.465+00:00",354,"PRESERVED_SPECIMEN","PRESENT",5206961,1,44,1153,7336,2363128,9605377,9605377,"Enteromius lufukiensis (Boulenger, 1917)","Animalia","Chordata","Cypriniformes","Cyprinidae","Enteromius","Enteromius lufukiensis","Barbus","lufukiensis","SPECIES","SYNONYM","NT",NA,NA,"AFRICA","Kigoma",2004,10,14,"2004-10-14",288,288,"2018-03-01T00:00:00.000+00:00","2025-02-06T17:48:40.465+00:00","http://portal.vertnet.org/o/cumv/fish?id=3b051030-f472-11e6-8713-0050569523c7","http://creativecommons.org/publicdomain/zero/1.0/legalcode",FALSE,"3b051030-f472-11e6-8713-0050569523c7","none","none",FALSE,NA,"John Friel;  George Kazumbe;  Simon Loader",NA,"WGS84","TZ","none","none","AFRICA","Tanzania, United Republic of","NORTH_AMERICA",NA,"3b051030-f472-11e6-8713-0050569523c7",NA,"2004-10-14T12:30-2004-10-14T15:30","3698515618","Africa | Tanzania | Kigoma | Malagarasi River Delta","Fish","3b051030-f472-11e6-8713-0050569523c7",NA,"90593","CUMV",NA,NA,NA,"Barbus lufukiensis Boulenger, 1917",NA,NA,NA,NA,NA,NA,NA,NA,"Africa|Tanzania|Kigoma","6928a795-6e98-4cd6-99cb-668424262c28","e8bcf1dd-0d12-4e46-95c8-1c32f52bc3ba","whole organism (ethanol) - 149","http://grbio.org/cool/i64g-wjcr",NA,NA,"Animalia | Chordata | Actinopterygii | Cypriniformes | Cyprinidae | Barbus","http://grbio.org/cool/99jy-5cxe",NA,NA,"Water body width: 45-100 m",NA,NA,"Malagarasi River Delta",NA,NA,NA,NA,NA,NA,NA,NA,NA,NA,NA,NA,NA,"99d66b6c-9087-452f-a9d4-f15f2c2d0e7e",NA,NA,"JPF 04-046","en","PhysicalObject",NA,NA,NA,NA,NA,NA,NA,NA,NA,NA,"Fish Herder",NA,NA,NA,NA,NA,NA,NA,NA,NA,NA,NA,"requires verification","unknown",NA,NA,NA,NA,NA,NA,NA,"native",NA,"ICZN","3b051030-f472-11e6-8713-0050569523c7.","http://vertnet.org/resources/norms.html",NA,NA,NA,NA,NA,NA,NA,NA,NA,NA,NA,NA,NA,NA,NA,NA,NA,NA,NA,NA,NA,NA,NA,NA,NA,NA,NA,NA,NA,NA,"Lake","Lake Tanganyika",32896759543.8782,"Barbus lufukiensis"
"2248092389","Enteromius litamba (Keilhack, 1908)",-13.533333,34.45,"cdc,cdround,cudc,osu","1ccf6240-9a89-4c0e-bf1a-3e4ddd6197ba","d44af9a3-e779-40c0-a186-79e7717c6d2b","07303f46-d2eb-452c-8a8b-84ed2077ae86","b43aa701-bc51-40a4-9f6c-b37e41d0e660","ZZ","EML","2025-01-23T14:37:27.253+00:00","2025-01-31T18:14:11.910+00:00",139,"HUMAN_OBSERVATION","PRESENT",9240381,1,44,1153,7336,2363128,9240381,9240381,"Enteromius litamba (Keilhack, 1908)","Animalia","Chordata","Cypriniformes","Cyprinidae","Enteromius","Enteromius litamba","Enteromius","litamba","SPECIES","ACCEPTED","DD",NA,NA,"AFRICA",NA,1999,NA,NA,"1999",NA,NA,NA,"2025-01-31T18:14:11.910+00:00",NA,"http://creativecommons.org/licenses/by-nc/4.0/legalcode",FALSE,"IUCN_FBU_LMNNC_4810","none","none",FALSE,NA,NA,NA,"WGS84","MW","none","none","AFRICA","Malawi",NA,NA,"IUCN_FBU_LMNNC_4810",NA,NA,"2248092389",NA,NA,"IUCN_FBU_LMNNC_4810",NA,NA,"IUCN (International Union for Conservation of Nature)",NA,NA,NA,"Enteromius litamba (Keilhack, 1908)",NA,NA,NA,NA,NA,NA,NA,NA,NA,NA,NA,NA,NA,NA,NA,NA,NA,NA,NA,NA,NA,NA,NA,NA,NA,NA,NA,NA,NA,NA,NA,NA,NA,NA,NA,NA,NA,NA,NA,NA,NA,NA,NA,NA,NA,NA,NA,NA,NA,NA,NA,NA,NA,NA,NA,NA,NA,NA,NA,NA,NA,NA,NA,NA,NA,NA,NA,NA,NA,NA,NA,NA,NA,NA,NA,NA,NA,NA,NA,NA,NA,NA,NA,NA,NA,NA,NA,NA,NA,NA,NA,NA,"1","EU Survey",NA,NA,NA,NA,NA,NA,NA,NA,NA,NA,NA,NA,NA,NA,"Lake","Lake Malawi",28951795749.1886,"Enteromius litamba"
"2248093782","Enteromius litamba (Keilhack, 1908)",-12.633333,34.783333,"cdc,cdround,cudc,osu","1ccf6240-9a89-4c0e-bf1a-3e4ddd6197ba","d44af9a3-e779-40c0-a186-79e7717c6d2b","07303f46-d2eb-452c-8a8b-84ed2077ae86","b43aa701-bc51-40a4-9f6c-b37e41d0e660","ZZ","EML","2025-01-23T14:37:27.253+00:00","2025-01-31T18:14:11.911+00:00",139,"HUMAN_OBSERVATION","PRESENT",9240381,1,44,1153,7336,2363128,9240381,9240381,"Enteromius litamba (Keilhack, 1908)","Animalia","Chordata","Cypriniformes","Cyprinidae","Enteromius","Enteromius litamba","Enteromius","litamba","SPECIES","ACCEPTED","DD",NA,NA,"AFRICA",NA,1999,NA,NA,"1999",NA,NA,NA,"2025-01-31T18:14:11.911+00:00",NA,"http://creativecommons.org/licenses/by-nc/4.0/legalcode",FALSE,"IUCN_FBU_LMNNC_4811","none","none",FALSE,NA,NA,NA,"WGS84","MZ","none","none","AFRICA","Mozambique",NA,NA,"IUCN_FBU_LMNNC_4811",NA,NA,"2248093782",NA,NA,"IUCN_FBU_LMNNC_4811",NA,NA,"IUCN (International Union for Conservation of Nature)",NA,NA,NA,"Enteromius litamba (Keilhack, 1908)",NA,NA,NA,NA,NA,NA,NA,NA,NA,NA,NA,NA,NA,NA,NA,NA,NA,NA,NA,NA,NA,NA,NA,NA,NA,NA,NA,NA,NA,NA,NA,NA,NA,NA,NA,NA,NA,NA,NA,NA,NA,NA,NA,NA,NA,NA,NA,NA,NA,NA,NA,NA,NA,NA,NA,NA,NA,NA,NA,NA,NA,NA,NA,NA,NA,NA,NA,NA,NA,NA,NA,NA,NA,NA,NA,NA,NA,NA,NA,NA,NA,NA,NA,NA,NA,NA,NA,NA,NA,NA,NA,NA,"1","EU Survey",NA,NA,NA,NA,NA,NA,NA,NA,NA,NA,NA,NA,NA,NA,"Lake","Lake Malawi",28951795749.1886,"Enteromius litamba"
"2248092695","Enteromius litamba (Keilhack, 1908)",-13.416667,34.366667,"cdc,cdround,cudc,osu","1ccf6240-9a89-4c0e-bf1a-3e4ddd6197ba","d44af9a3-e779-40c0-a186-79e7717c6d2b","07303f46-d2eb-452c-8a8b-84ed2077ae86","b43aa701-bc51-40a4-9f6c-b37e41d0e660","ZZ","EML","2025-01-23T14:37:27.253+00:00","2025-01-31T18:14:11.911+00:00",139,"HUMAN_OBSERVATION","PRESENT",9240381,1,44,1153,7336,2363128,9240381,9240381,"Enteromius litamba (Keilhack, 1908)","Animalia","Chordata","Cypriniformes","Cyprinidae","Enteromius","Enteromius litamba","Enteromius","litamba","SPECIES","ACCEPTED","DD",NA,NA,"AFRICA",NA,1999,NA,NA,"1999",NA,NA,NA,"2025-01-31T18:14:11.911+00:00",NA,"http://creativecommons.org/licenses/by-nc/4.0/legalcode",FALSE,"IUCN_FBU_LMNNC_4812","none","none",FALSE,NA,NA,NA,"WGS84","MW","none","none","AFRICA","Malawi",NA,NA,"IUCN_FBU_LMNNC_4812",NA,NA,"2248092695",NA,NA,"IUCN_FBU_LMNNC_4812",NA,NA,"IUCN (International Union for Conservation of Nature)",NA,NA,NA,"Enteromius litamba (Keilhack, 1908)",NA,NA,NA,NA,NA,NA,NA,NA,NA,NA,NA,NA,NA,NA,NA,NA,NA,NA,NA,NA,NA,NA,NA,NA,NA,NA,NA,NA,NA,NA,NA,NA,NA,NA,NA,NA,NA,NA,NA,NA,NA,NA,NA,NA,NA,NA,NA,NA,NA,NA,NA,NA,NA,NA,NA,NA,NA,NA,NA,NA,NA,NA,NA,NA,NA,NA,NA,NA,NA,NA,NA,NA,NA,NA,NA,NA,NA,NA,NA,NA,NA,NA,NA,NA,NA,NA,NA,NA,NA,NA,NA,NA,"1","EU Survey",NA,NA,NA,NA,NA,NA,NA,NA,NA,NA,NA,NA,NA,NA,"Lake","Lake Malawi",28951795749.1886,"Enteromius litamba"
"2248093979","Enteromius litamba (Keilhack, 1908)",-13.5,34.45,"cdc,cudc,osu","1ccf6240-9a89-4c0e-bf1a-3e4ddd6197ba","d44af9a3-e779-40c0-a186-79e7717c6d2b","07303f46-d2eb-452c-8a8b-84ed2077ae86","b43aa701-bc51-40a4-9f6c-b37e41d0e660","ZZ","EML","2025-01-23T14:37:27.253+00:00","2025-01-31T18:14:11.911+00:00",139,"HUMAN_OBSERVATION","PRESENT",9240381,1,44,1153,7336,2363128,9240381,9240381,"Enteromius litamba (Keilhack, 1908)","Animalia","Chordata","Cypriniformes","Cyprinidae","Enteromius","Enteromius litamba","Enteromius","litamba","SPECIES","ACCEPTED","DD",NA,NA,"AFRICA",NA,1999,NA,NA,"1999",NA,NA,NA,"2025-01-31T18:14:11.911+00:00",NA,"http://creativecommons.org/licenses/by-nc/4.0/legalcode",FALSE,"IUCN_FBU_LMNNC_4813","none","none",FALSE,NA,NA,NA,"WGS84","MW","none","none","AFRICA","Malawi",NA,NA,"IUCN_FBU_LMNNC_4813",NA,NA,"2248093979",NA,NA,"IUCN_FBU_LMNNC_4813",NA,NA,"IUCN (International Union for Conservation of Nature)",NA,NA,NA,"Enteromius litamba (Keilhack, 1908)",NA,NA,NA,NA,NA,NA,NA,NA,NA,NA,NA,NA,NA,NA,NA,NA,NA,NA,NA,NA,NA,NA,NA,NA,NA,NA,NA,NA,NA,NA,NA,NA,NA,NA,NA,NA,NA,NA,NA,NA,NA,NA,NA,NA,NA,NA,NA,NA,NA,NA,NA,NA,NA,NA,NA,NA,NA,NA,NA,NA,NA,NA,NA,NA,NA,NA,NA,NA,NA,NA,NA,NA,NA,NA,NA,NA,NA,NA,NA,NA,NA,NA,NA,NA,NA,NA,NA,NA,NA,NA,NA,NA,"1","EU Survey",NA,NA,NA,NA,NA,NA,NA,NA,NA,NA,NA,NA,NA,NA,"Lake","Lake Malawi",28951795749.1886,"Enteromius litamba"
"2248093067","Enteromius litamba (Keilhack, 1908)",-13.55,34.45,"cdc,cudc,osu","1ccf6240-9a89-4c0e-bf1a-3e4ddd6197ba","d44af9a3-e779-40c0-a186-79e7717c6d2b","07303f46-d2eb-452c-8a8b-84ed2077ae86","b43aa701-bc51-40a4-9f6c-b37e41d0e660","ZZ","EML","2025-01-23T14:37:27.253+00:00","2025-01-31T18:14:11.911+00:00",139,"HUMAN_OBSERVATION","PRESENT",9240381,1,44,1153,7336,2363128,9240381,9240381,"Enteromius litamba (Keilhack, 1908)","Animalia","Chordata","Cypriniformes","Cyprinidae","Enteromius","Enteromius litamba","Enteromius","litamba","SPECIES","ACCEPTED","DD",NA,NA,"AFRICA",NA,1999,NA,NA,"1999",NA,NA,NA,"2025-01-31T18:14:11.911+00:00",NA,"http://creativecommons.org/licenses/by-nc/4.0/legalcode",FALSE,"IUCN_FBU_LMNNC_4814","none","none",FALSE,NA,NA,NA,"WGS84","MW","none","none","AFRICA","Malawi",NA,NA,"IUCN_FBU_LMNNC_4814",NA,NA,"2248093067",NA,NA,"IUCN_FBU_LMNNC_4814",NA,NA,"IUCN (International Union for Conservation of Nature)",NA,NA,NA,"Enteromius litamba (Keilhack, 1908)",NA,NA,NA,NA,NA,NA,NA,NA,NA,NA,NA,NA,NA,NA,NA,NA,NA,NA,NA,NA,NA,NA,NA,NA,NA,NA,NA,NA,NA,NA,NA,NA,NA,NA,NA,NA,NA,NA,NA,NA,NA,NA,NA,NA,NA,NA,NA,NA,NA,NA,NA,NA,NA,NA,NA,NA,NA,NA,NA,NA,NA,NA,NA,NA,NA,NA,NA,NA,NA,NA,NA,NA,NA,NA,NA,NA,NA,NA,NA,NA,NA,NA,NA,NA,NA,NA,NA,NA,NA,NA,NA,NA,"1","EU Survey",NA,NA,NA,NA,NA,NA,NA,NA,NA,NA,NA,NA,NA,NA,"Lake","Lake Malawi",28951795749.1886,"Enteromius litamba"
"2248093173","Enteromius litamba (Keilhack, 1908)",-13.775,34.626,"cdc,cudc,osu","1ccf6240-9a89-4c0e-bf1a-3e4ddd6197ba","d44af9a3-e779-40c0-a186-79e7717c6d2b","07303f46-d2eb-452c-8a8b-84ed2077ae86","b43aa701-bc51-40a4-9f6c-b37e41d0e660","ZZ","EML","2025-01-23T14:37:27.253+00:00","2025-01-31T18:14:11.549+00:00",139,"HUMAN_OBSERVATION","PRESENT",9240381,1,44,1153,7336,2363128,9240381,9240381,"Enteromius litamba (Keilhack, 1908)","Animalia","Chordata","Cypriniformes","Cyprinidae","Enteromius","Enteromius litamba","Enteromius","litamba","SPECIES","ACCEPTED","DD",NA,NA,"AFRICA",NA,1999,NA,NA,"1999",NA,NA,NA,"2025-01-31T18:14:11.549+00:00",NA,"http://creativecommons.org/licenses/by-nc/4.0/legalcode",FALSE,"IUCN_FBU_LMNNC_5642","none","none",FALSE,NA,NA,NA,"WGS84","MW","none","none","AFRICA","Malawi",NA,NA,"IUCN_FBU_LMNNC_5642",NA,NA,"2248093173",NA,NA,"IUCN_FBU_LMNNC_5642",NA,NA,"IUCN (International Union for Conservation of Nature)",NA,NA,NA,"Enteromius litamba (Keilhack, 1908)",NA,NA,NA,NA,NA,NA,NA,NA,NA,NA,NA,NA,NA,NA,NA,NA,NA,NA,NA,NA,NA,NA,NA,NA,NA,NA,NA,NA,NA,NA,NA,NA,NA,NA,NA,NA,NA,NA,NA,NA,NA,NA,NA,NA,NA,NA,NA,NA,NA,NA,NA,NA,NA,NA,NA,NA,NA,NA,NA,NA,NA,NA,NA,NA,NA,NA,NA,NA,NA,NA,NA,NA,NA,NA,NA,NA,NA,NA,NA,NA,NA,NA,NA,NA,NA,NA,NA,NA,NA,NA,NA,NA,"1","FRU Demersal Survey",NA,NA,NA,NA,NA,NA,NA,NA,NA,NA,NA,NA,NA,NA,"Lake","Lake Malawi",28951795749.1886,"Enteromius litamba"
"2248094444","Enteromius litamba (Keilhack, 1908)",-13.775,34.638,"cdc,cudc,osu","1ccf6240-9a89-4c0e-bf1a-3e4ddd6197ba","d44af9a3-e779-40c0-a186-79e7717c6d2b","07303f46-d2eb-452c-8a8b-84ed2077ae86","b43aa701-bc51-40a4-9f6c-b37e41d0e660","ZZ","EML","2025-01-23T14:37:27.253+00:00","2025-01-31T18:14:11.550+00:00",139,"HUMAN_OBSERVATION","PRESENT",9240381,1,44,1153,7336,2363128,9240381,9240381,"Enteromius litamba (Keilhack, 1908)","Animalia","Chordata","Cypriniformes","Cyprinidae","Enteromius","Enteromius litamba","Enteromius","litamba","SPECIES","ACCEPTED","DD",NA,NA,"AFRICA",NA,1999,NA,NA,"1999",NA,NA,NA,"2025-01-31T18:14:11.550+00:00",NA,"http://creativecommons.org/licenses/by-nc/4.0/legalcode",FALSE,"IUCN_FBU_LMNNC_5643","none","none",FALSE,NA,NA,NA,"WGS84","MW","none","none","AFRICA","Malawi",NA,NA,"IUCN_FBU_LMNNC_5643",NA,NA,"2248094444",NA,NA,"IUCN_FBU_LMNNC_5643",NA,NA,"IUCN (International Union for Conservation of Nature)",NA,NA,NA,"Enteromius litamba (Keilhack, 1908)",NA,NA,NA,NA,NA,NA,NA,NA,NA,NA,NA,NA,NA,NA,NA,NA,NA,NA,NA,NA,NA,NA,NA,NA,NA,NA,NA,NA,NA,NA,NA,NA,NA,NA,NA,NA,NA,NA,NA,NA,NA,NA,NA,NA,NA,NA,NA,NA,NA,NA,NA,NA,NA,NA,NA,NA,NA,NA,NA,NA,NA,NA,NA,NA,NA,NA,NA,NA,NA,NA,NA,NA,NA,NA,NA,NA,NA,NA,NA,NA,NA,NA,NA,NA,NA,NA,NA,NA,NA,NA,NA,NA,"1","FRU Demersal Survey",NA,NA,NA,NA,NA,NA,NA,NA,NA,NA,NA,NA,NA,NA,"Lake","Lake Malawi",28951795749.1886,"Enteromius litamba"
"2248094017","Enteromius litamba (Keilhack, 1908)",-13.323,34.372,"cdc,cudc,osu","1ccf6240-9a89-4c0e-bf1a-3e4ddd6197ba","d44af9a3-e779-40c0-a186-79e7717c6d2b","07303f46-d2eb-452c-8a8b-84ed2077ae86","b43aa701-bc51-40a4-9f6c-b37e41d0e660","ZZ","EML","2025-01-23T14:37:27.253+00:00","2025-01-31T18:14:11.548+00:00",139,"HUMAN_OBSERVATION","PRESENT",9240381,1,44,1153,7336,2363128,9240381,9240381,"Enteromius litamba (Keilhack, 1908)","Animalia","Chordata","Cypriniformes","Cyprinidae","Enteromius","Enteromius litamba","Enteromius","litamba","SPECIES","ACCEPTED","DD",NA,NA,"AFRICA",NA,1999,NA,NA,"1999",NA,NA,NA,"2025-01-31T18:14:11.548+00:00",NA,"http://creativecommons.org/licenses/by-nc/4.0/legalcode",FALSE,"IUCN_FBU_LMNNC_5644","none","none",FALSE,NA,NA,NA,"WGS84","MW","none","none","AFRICA","Malawi",NA,NA,"IUCN_FBU_LMNNC_5644",NA,NA,"2248094017",NA,NA,"IUCN_FBU_LMNNC_5644",NA,NA,"IUCN (International Union for Conservation of Nature)",NA,NA,NA,"Enteromius litamba (Keilhack, 1908)",NA,NA,NA,NA,NA,NA,NA,NA,NA,NA,NA,NA,NA,NA,NA,NA,NA,NA,NA,NA,NA,NA,NA,NA,NA,NA,NA,NA,NA,NA,NA,NA,NA,NA,NA,NA,NA,NA,NA,NA,NA,NA,NA,NA,NA,NA,NA,NA,NA,NA,NA,NA,NA,NA,NA,NA,NA,NA,NA,NA,NA,NA,NA,NA,NA,NA,NA,NA,NA,NA,NA,NA,NA,NA,NA,NA,NA,NA,NA,NA,NA,NA,NA,NA,NA,NA,NA,NA,NA,NA,NA,NA,"1","FRU Demersal Survey",NA,NA,NA,NA,NA,NA,NA,NA,NA,NA,NA,NA,NA,NA,"Lake","Lake Malawi",28951795749.1886,"Enteromius litamba"
"2248093329","Enteromius litamba (Keilhack, 1908)",-11.825,34.22,"cdc,cudc,osu","1ccf6240-9a89-4c0e-bf1a-3e4ddd6197ba","d44af9a3-e779-40c0-a186-79e7717c6d2b","07303f46-d2eb-452c-8a8b-84ed2077ae86","b43aa701-bc51-40a4-9f6c-b37e41d0e660","ZZ","EML","2025-01-23T14:37:27.253+00:00","2025-01-31T18:14:11.548+00:00",139,"HUMAN_OBSERVATION","PRESENT",9240381,1,44,1153,7336,2363128,9240381,9240381,"Enteromius litamba (Keilhack, 1908)","Animalia","Chordata","Cypriniformes","Cyprinidae","Enteromius","Enteromius litamba","Enteromius","litamba","SPECIES","ACCEPTED","DD",NA,NA,"AFRICA",NA,1999,NA,NA,"1999",NA,NA,NA,"2025-01-31T18:14:11.548+00:00",NA,"http://creativecommons.org/licenses/by-nc/4.0/legalcode",FALSE,"IUCN_FBU_LMNNC_5646","none","none",FALSE,NA,NA,NA,"WGS84","MW","none","none","AFRICA","Malawi",NA,NA,"IUCN_FBU_LMNNC_5646",NA,NA,"2248093329",NA,NA,"IUCN_FBU_LMNNC_5646",NA,NA,"IUCN (International Union for Conservation of Nature)",NA,NA,NA,"Enteromius litamba (Keilhack, 1908)",NA,NA,NA,NA,NA,NA,NA,NA,NA,NA,NA,NA,NA,NA,NA,NA,NA,NA,NA,NA,NA,NA,NA,NA,NA,NA,NA,NA,NA,NA,NA,NA,NA,NA,NA,NA,NA,NA,NA,NA,NA,NA,NA,NA,NA,NA,NA,NA,NA,NA,NA,NA,NA,NA,NA,NA,NA,NA,NA,NA,NA,NA,NA,NA,NA,NA,NA,NA,NA,NA,NA,NA,NA,NA,NA,NA,NA,NA,NA,NA,NA,NA,NA,NA,NA,NA,NA,NA,NA,NA,NA,NA,"1","FRU Demersal Survey",NA,NA,NA,NA,NA,NA,NA,NA,NA,NA,NA,NA,NA,NA,"Lake","Lake Malawi",28951795749.1886,"Enteromius litamba"
"4454540687","Barbus paludinosus Peters, 1852",-9.62217,33.965,"cdc,gass84,osiic","9cfa6cb6-5833-44b2-97f1-18a3c12fed47","575c52b0-a742-11db-a6ff-b8a03c50a862","96dec937-f8d1-4d18-a8a1-1e9f4ca1aabd","575c52b0-a742-11db-a6ff-b8a03c50a862","BE","EML","2025-02-28T23:01:23.697+00:00","2025-02-28T23:02:25.640+00:00",71,"PRESERVED_SPECIMEN","PRESENT",5206853,1,44,1153,7336,2363128,9264695,9264695,"Enteromius paludinosus (Peters, 1852)","Animalia","Chordata","Cypriniformes","Cyprinidae","Enteromius","Enteromius paludinosus","Barbus","paludinosus","SPECIES","SYNONYM","LC","2000-01-01T00:00:00",NA,"AFRICA",NA,1998,1,14,"1998-01-14",14,14,NA,"2025-02-28T23:02:25.640+00:00",NA,"http://creativecommons.org/licenses/by/4.0/legalcode",FALSE,"https://darwinweb.africamuseum.be/object/937bd511-fb52-4a39-87d2-d678026b5abe","none","none",FALSE,NA,NA,"Snoeks & Hanssens","WGS84","TZ","none","none","AFRICA","Tanzania, United Republic of","EUROPE",NA,"https://darwinweb.africamuseum.be/object/937bd511-fb52-4a39-87d2-d678026b5abe",NA,NA,"4454540687",NA,"VER-FIS","https://darwinweb.africamuseum.be/object/937bd511-fb52-4a39-87d2-d678026b5abe",NA,"BE_RMCA_Vert.1999.041.P.2430-2467","RMCA",NA,NA,NA,"Barbus paludinosus Peters, 1852",NA,NA,NA,NA,NA,NA,NA,38,NA,"2784e794-f70f-4455-854d-110f8ab37d19","2406d0ea-4647-4181-903d-b523057b208c",NA,"https://ror.org/001805t51",NA,NA,NA,NA,NA,NA,NA,NA,NA,"Tanzania;;Tanzania;Weismann Bay, lake Malawi (28/114)",NA,NA,NA,NA,NA,NA,NA,NA,NA,NA,NA,NA,NA,NA,NA,NA,NA,NA,NA,NA,NA,NA,NA,NA,NA,NA,NA,NA,NA,NA,NA,NA,NA,NA,NA,"937bd511-fb52-4a39-87d2-d678026b5abe",NA,NA,NA,NA,NA,NA,NA,NA,NA,NA,NA,NA,NA,NA,NA,NA,NA,NA,NA,NA,NA,NA,NA,NA,NA,NA,NA,NA,NA,NA,NA,NA,NA,NA,NA,NA,NA,NA,NA,NA,NA,NA,NA,NA,NA,NA,NA,NA,NA,"Lake","Lake Malawi",28951795749.1886,"Barbus paludinosus"
"4532703572","Enteromius neumayeri (Fischer, 1884)",-0.16867,34.66458,"","c2914e4b-381d-4814-8a34-66a7d949fd44","fd515d3a-b237-42de-bba6-760008580da5","b75cac4b-10fd-424f-a4f7-7bae2657bf64","fd515d3a-b237-42de-bba6-760008580da5","KE","EML","2025-01-19T06:08:27.326+00:00","2025-02-01T00:48:44.037+00:00",36,"PRESERVED_SPECIMEN","PRESENT",9414131,1,44,1153,7336,2363128,9414131,9414131,"Enteromius neumayeri (Fischer, 1884)","Animalia","Chordata","Cypriniformes","Cyprinidae","Enteromius","Enteromius neumayeri","Enteromius","neumayeri","SPECIES","ACCEPTED","LC",NA,NA,"AFRICA",NA,1998,7,30,"1998-07-30",211,211,NA,"2025-02-01T00:48:44.037+00:00",NA,"http://creativecommons.org/publicdomain/zero/1.0/legalcode",FALSE,"KNM.ICH.FW/594/1","none","none",FALSE,NA,NA,"Mwoki, S.","WGS84","KE","none","none","AFRICA","Kenya","AFRICA",NA,"KNM.ICH.FW/594/1",NA,NA,"4532703572",NA,"ICH","KNM.ICH.FW/594/1",NA,NA,"NMK",NA,NA,NA,"Enteromius neumayeri (Fischer, 1884)",NA,NA,NA,"70018 JRS-University of Florida -NMK",NA,NA,NA,1,"Africa; Kenya","9e37bf7c-0304-4477-b506-e26fa6d5cf45","71110d30-6742-4174-b0d3-c401acd069b1","Ethanol","https://scientific-collections.gbif.org/institution/9e37bf7c-0304-4477-b506-e26fa6d5cf45","WGS 84","decimal degrees","Animalia;Chordata;Osteichthyes;Cypriniformes;Cyprinidae","https://scientific-collections.gbif.org/collection/71110d30-6742-4174-b0d3-c401acd069b1",NA,NA,NA,NA,NA,NA,NA,NA,NA,NA,NA,NA,NA,NA,NA,NA,NA,NA,NA,NA,NA,NA,NA,NA,NA,NA,NA,NA,NA,NA,NA,NA,NA,NA,NA,NA,NA,NA,NA,NA,NA,NA,NA,NA,NA,NA,NA,NA,NA,NA,NA,NA,NA,NA,NA,NA,NA,NA,NA,NA,NA,NA,NA,NA,NA,NA,NA,NA,NA,NA,NA,NA,NA,NA,NA,NA,NA,NA,NA,NA,NA,NA,NA,NA,NA,NA,NA,NA,NA,NA,NA,"Lake","Lake Victoria",67332250502.7392,"Enteromius neumayeri"
"2447204808","Barbus jacksonii Günther, 1889",-1.69743,32.78027,"txmatfuz,colmafu,inmafu","4bfac3ea-8763-4f4b-a71a-76a6f5f243d3","b4640710-8e03-11d8-b956-b8a03c50a862","b0f5183c-5ed0-47f4-b75f-65e0c1036cb5","b4640710-8e03-11d8-b956-b8a03c50a862","US","EML","2025-03-08T03:38:14.399+00:00","2025-03-08T04:22:54.040+00:00",649,"PRESERVED_SPECIMEN","PRESENT",5206770,1,44,1153,7336,2363128,9406569,9406569,"Enteromius jacksoni (Günther, 1889)","Animalia","Chordata","Cypriniformes","Cyprinidae","Enteromius","Enteromius jacksoni","Barbus","jacksonii","SPECIES","SYNONYM","LC","2019-10-24T00:00:00",162674,"AFRICA",NA,1998,12,NA,"1998-12-01/1998-12-31",335,365,"2024-12-20T16:19:20.000+00:00","2025-03-08T04:22:54.040+00:00","http://mczbase.mcz.harvard.edu/guid/MCZ:Ich:174090","http://creativecommons.org/licenses/by-nc/4.0/legalcode",FALSE,"MCZ:Ich:174090","none","none",FALSE,NA,"Joyce Kulekana, Lake Victoria Research Team","Leslie S. Kaufman","WGS84","TZ","none","none","AFRICA","Tanzania, United Republic of","NORTH_AMERICA","President and Fellows of Harvard College","MCZ:Ich:174090",NA,"98:12","2447204808","Kyar","Ich","MCZ:Ich:174090",NA,"174090","MCZ",NA,NA,NA,"Barbus jacksonii Günther, 1889",NA,NA,NA,NA,NA,NA,NA,3,"Africa: Tanzania","1cfca87c-083e-4d67-8e60-cb7d311f6058","9cb8dc80-5285-4d5b-aaf2-19dedc15929a","whole animal (70% ethanol)","b4640710-8e03-11d8-b956-b8a03c50a862",NA,"decimal degrees","Animalia Chordata Craniata Gnathostomata Osteichthyes Neopterygii Actinopterygii Cypriniformes Cyprinoidei Cyprinidae Barbus jacksoni",NA,NA,NA,NA,"Cannot locate ""Kyar"" on map; coordinates used are middle of Lake Victoria in Tanzania bc Kulekana collected in Tanaznia (AWE).",NA,"Lake Victoria",NA,NA,NA,NA,NA,NA,NA,NA,NA,NA,NA,NA,NA,"99d66b6c-9087-452f-a9d4-f15f2c2d0e7e",NA,NA,"V-KYAR98:12",NA,NA,NA,NA,"Museum of Comparative Zoology, Harvard University",NA,NA,NA,NA,NA,NA,NA,"Anne W. Everly",NA,NA,NA,NA,NA,"field number=V-KYAR98:12|group number=601",NA,NA,NA,NA,NA,"unverified","GeoLocate",NA,NA,NA,NA,NA,NA,NA,NA,NA,"ICZN",NA,NA,"GEOLocate",NA,1e-05,NA,"in collection",NA,NA,NA,NA,NA,NA,NA,NA,NA,NA,NA,NA,NA,NA,NA,"cloned from record          <a href=""http://mczbase.mcz.harvard.edu/SpecimenDetail.cfm?collection_object_id=5193557""> MCZ Ich 174087</a>","http://vocab.getty.edu/tgn/1000203",NA,NA,NA,NA,NA,NA,NA,NA,"Lake","Lake Victoria",67332250502.7392,"Barbus jacksonii"
"1230389446","Barbus apleurogramma Boulenger, 1911",-0.123889,34.011112,"","1aaec653-c71c-4695-9b6e-0e26214dd817","cecc196e-f262-4986-a88a-6adf035dca0e","6adeff08-3d1e-4977-8524-24d3f58ab403","cecc196e-f262-4986-a88a-6adf035dca0e","ZA","EML","2025-01-22T00:53:29.548+00:00","2025-02-06T18:10:34.099+00:00",458,"PRESERVED_SPECIMEN","PRESENT",5207034,1,44,1153,7336,2363128,9573924,9573924,"Enteromius apleurogramma (Boulenger, 1911)","Animalia","Chordata","Cypriniformes","Cyprinidae","Enteromius","Enteromius apleurogramma","Barbus","apleurogramma","SPECIES","SYNONYM","LC",NA,NA,"AFRICA",NA,1997,9,20,"1997-09-20",263,263,"2001-08-30T17:09:29.000+00:00","2025-02-06T18:10:34.099+00:00",NA,"http://creativecommons.org/licenses/by/4.0/legalcode",FALSE,"2a46fd17-fc21-11e2-ac3f-081965b14959","none","none",FALSE,NA,"Denis Tweddle",NA,"WGS84","KE","none","none","AFRICA","Kenya","AFRICA","SAIAB","2a46fd17-fc21-11e2-ac3f-081965b14959",NA,NA,"1230389446",NA,"FC","2a46fd17-fc21-11e2-ac3f-081965b14959",NA,"56991","SAIAB",NA,NA,"4977e3b5-fc21-11e2-ac3f-081965b14959","Barbus apleurogramma Boulenger, 1911",NA,NA,NA,NA,NA,NA,NA,NA,"Africa|Kenya","a90ba963-9569-4b96-8d56-452aa7b83f75","a7d9ed64-4668-41b3-a862-27d87c50bfed","Whole specimen/s - 3","urn:lsid:biocol.org:col:34984","WGS84",NA,NA,"http://grscicoll.org/institutional-collection/national-fish-collection-0",NA,"seine",NA,"Geodetic datum assumed to be WGS84.",NA,"Nyando River (Ogiro)",NA,NA,NA,NA,NA,NA,NA,NA,NA,NA,NA,NA,NA,"8e30b684-6a54-4aba-aa73-66201c2c736e","393be1bc-fc21-11e2-ac3f-081965b14959","Enteromius apleurogramma","Site 5-1","en","PhysicalObject","Enteromius apleurogramma (current)","3ffdd63a-fc21-11e2-ac3f-081965b14959","SAIAB",NA,NA,NA,NA,NA,NA,NA,"Collection Manager",NA,NA,NA,NA,NA,NA,NA,NA,NA,NA,NA,"requires verification",NA,NA,NA,NA,NA,NA,NA,NA,NA,NA,NA,NA,NA,NA,NA,NA,NA,NA,NA,NA,NA,NA,NA,NA,NA,NA,NA,NA,NA,NA,NA,NA,NA,NA,NA,NA,NA,NA,NA,NA,NA,NA,NA,"Lake","Lake Victoria",67332250502.7392,"Barbus apleurogramma"
"1230389409","Barbus nyanzae Whitehead, 1960",-0.123889,34.011112,"","1aaec653-c71c-4695-9b6e-0e26214dd817","cecc196e-f262-4986-a88a-6adf035dca0e","6adeff08-3d1e-4977-8524-24d3f58ab403","cecc196e-f262-4986-a88a-6adf035dca0e","ZA","EML","2025-01-22T00:53:29.548+00:00","2025-02-06T18:10:34.144+00:00",458,"PRESERVED_SPECIMEN","PRESENT",5206946,1,44,1153,7336,2363128,9272447,9272447,"Enteromius nyanzae (Whitehead, 1960)","Animalia","Chordata","Cypriniformes","Cyprinidae","Enteromius","Enteromius nyanzae","Barbus","nyanzae","SPECIES","SYNONYM","LC",NA,NA,"AFRICA",NA,1997,9,20,"1997-09-20",263,263,"2001-08-30T17:09:29.000+00:00","2025-02-06T18:10:34.144+00:00",NA,"http://creativecommons.org/licenses/by/4.0/legalcode",FALSE,"2a472586-fc21-11e2-ac3f-081965b14959","none","none",FALSE,NA,"Denis Tweddle",NA,"WGS84","KE","none","none","AFRICA","Kenya","AFRICA","SAIAB","2a472586-fc21-11e2-ac3f-081965b14959",NA,NA,"1230389409",NA,"FC","2a472586-fc21-11e2-ac3f-081965b14959",NA,"56992","SAIAB",NA,NA,"4977e6cc-fc21-11e2-ac3f-081965b14959","Barbus nyanzae Whitehead, 1960",NA,NA,NA,NA,NA,NA,NA,NA,"Africa|Kenya","a90ba963-9569-4b96-8d56-452aa7b83f75","a7d9ed64-4668-41b3-a862-27d87c50bfed","Whole specimen/s - 43","urn:lsid:biocol.org:col:34984","WGS84",NA,NA,"http://grscicoll.org/institutional-collection/national-fish-collection-0",NA,"seine",NA,"Geodetic datum assumed to be WGS84.",NA,"Nyando River (Ogiro)",NA,NA,NA,NA,NA,NA,NA,NA,NA,NA,NA,NA,NA,"8e30b684-6a54-4aba-aa73-66201c2c736e","393be618-fc21-11e2-ac3f-081965b14959","Enteromius nyanzae","Site 5-2","en","PhysicalObject","Enteromius nyanzae (current)","3ffdd63a-fc21-11e2-ac3f-081965b14959","SAIAB",NA,NA,NA,NA,NA,NA,NA,"Collection Manager",NA,NA,NA,NA,NA,NA,NA,NA,NA,NA,NA,"requires verification",NA,NA,NA,NA,NA,NA,NA,NA,NA,NA,NA,NA,NA,NA,NA,NA,NA,NA,NA,NA,NA,NA,NA,NA,NA,NA,NA,NA,NA,NA,NA,NA,NA,NA,NA,NA,NA,NA,NA,NA,NA,NA,NA,"Lake","Lake Victoria",67332250502.7392,"Barbus nyanzae"
"1230389470","Barbus profundus Greenwood, 1970",-0.333333,32.333332,"","1aaec653-c71c-4695-9b6e-0e26214dd817","cecc196e-f262-4986-a88a-6adf035dca0e","6adeff08-3d1e-4977-8524-24d3f58ab403","cecc196e-f262-4986-a88a-6adf035dca0e","ZA","EML","2025-01-22T00:53:29.548+00:00","2025-02-06T18:10:34.144+00:00",458,"PRESERVED_SPECIMEN","PRESENT",5207178,1,44,1153,7336,2363128,9500212,9500212,"Enteromius profundus (Greenwood, 1970)","Animalia","Chordata","Cypriniformes","Cyprinidae","Enteromius","Enteromius profundus","Barbus","profundus","SPECIES","SYNONYM","LC",NA,NA,"AFRICA",NA,1997,11,NA,"1997-11",NA,NA,"2007-03-28T08:54:20.000+00:00","2025-02-06T18:10:34.144+00:00",NA,"http://creativecommons.org/licenses/by/4.0/legalcode",FALSE,"2a485a48-fc21-11e2-ac3f-081965b14959","none","none",FALSE,NA,"Denis Tweddle",NA,"WGS84","UG","none","none","AFRICA","Uganda","AFRICA","SAIAB","2a485a48-fc21-11e2-ac3f-081965b14959",NA,NA,"1230389470",NA,"FC","2a485a48-fc21-11e2-ac3f-081965b14959",NA,"57026","SAIAB",NA,NA,"49783a3e-fc21-11e2-ac3f-081965b14959","Barbus profundus Greenwood, 1970",NA,NA,NA,NA,NA,NA,NA,NA,"Africa|Uganda","a90ba963-9569-4b96-8d56-452aa7b83f75","a7d9ed64-4668-41b3-a862-27d87c50bfed","Whole specimen/s - 1","urn:lsid:biocol.org:col:34984","WGS84",NA,NA,"http://grscicoll.org/institutional-collection/national-fish-collection-0",NA,NA,"Water hyacinth roots","Geodetic datum assumed to be WGS84.",NA,"Sese Island, Lake Victoria",NA,NA,NA,NA,NA,NA,NA,NA,NA,NA,NA,NA,NA,"8e30b684-6a54-4aba-aa73-66201c2c736e","393d2ddc-fc21-11e2-ac3f-081965b14959","Enteromius profundus","O","en","PhysicalObject","Enteromius profundus (current)","3ffe12da-fc21-11e2-ac3f-081965b14959","SAIAB",NA,NA,NA,NA,NA,NA,NA,"Collection Manager",NA,NA,NA,NA,NA,NA,NA,NA,NA,NA,NA,"requires verification",NA,NA,NA,NA,20,NA,NA,NA,NA,NA,NA,NA,NA,NA,NA,NA,NA,NA,NA,NA,NA,NA,NA,NA,NA,NA,NA,NA,NA,NA,NA,NA,NA,NA,NA,NA,NA,NA,NA,NA,NA,NA,NA,"Lake","Lake Victoria",67332250502.7392,"Barbus profundus"
"4454514294","Barbus paludinosus Peters, 1852",-5.95,29.2,"cdc,cudc,cuiv,gass84,osiic","9cfa6cb6-5833-44b2-97f1-18a3c12fed47","575c52b0-a742-11db-a6ff-b8a03c50a862","96dec937-f8d1-4d18-a8a1-1e9f4ca1aabd","575c52b0-a742-11db-a6ff-b8a03c50a862","BE","EML","2025-02-28T23:01:23.697+00:00","2025-02-28T23:02:23.173+00:00",71,"PRESERVED_SPECIMEN","PRESENT",5206853,1,44,1153,7336,2363128,9264695,9264695,"Enteromius paludinosus (Peters, 1852)","Animalia","Chordata","Cypriniformes","Cyprinidae","Enteromius","Enteromius paludinosus","Barbus","paludinosus","SPECIES","SYNONYM","LC","1996-01-01T00:00:00",NA,"AFRICA",NA,1994,5,21,"1994-05-21",141,141,NA,"2025-02-28T23:02:23.173+00:00",NA,"http://creativecommons.org/licenses/by/4.0/legalcode",FALSE,"https://darwinweb.africamuseum.be/object/14f93d8c-5459-4965-a463-066229bd156b","none","none",FALSE,NA,"De Vos L.","De Vos L.","WGS84","CD","none","none","AFRICA","Congo, Democratic Republic of the","EUROPE",NA,"https://darwinweb.africamuseum.be/object/14f93d8c-5459-4965-a463-066229bd156b",NA,NA,"4454514294",NA,"VER-FIS","https://darwinweb.africamuseum.be/object/14f93d8c-5459-4965-a463-066229bd156b",NA,"BE_RMCA_Vert.1994.048.P.0160-0166","RMCA",NA,NA,NA,"Barbus paludinosus Peters, 1852",NA,"{ 'donators':'De Vos L.'}",NA,NA,NA,NA,NA,7,NA,"2784e794-f70f-4455-854d-110f8ab37d19","2406d0ea-4647-4181-903d-b523057b208c",NA,"https://ror.org/001805t51",NA,NA,NA,NA,NA,NA,NA,NA,NA,"Congo, Democratic Republic of the;riv. Kalemie, au pont Kalemie-ville, affl. lac Tanganyika;;Tanganika region;Zaïre;riv. Kalemie, au pont Kalemie-ville, lac Tanganyika;riv. Kalemie, au pont Kalemie-ville, affl. lac Tanganyika",NA,NA,NA,NA,NA,NA,NA,NA,NA,NA,NA,NA,NA,NA,NA,NA,NA,NA,NA,NA,NA,NA,NA,NA,NA,NA,NA,NA,NA,NA,NA,NA,NA,NA,NA,"14f93d8c-5459-4965-a463-066229bd156b",NA,NA,NA,NA,NA,NA,NA,NA,NA,NA,NA,NA,NA,NA,NA,NA,NA,NA,NA,NA,NA,NA,NA,NA,NA,NA,NA,NA,NA,NA,NA,NA,NA,NA,NA,NA,NA,NA,NA,NA,NA,NA,NA,NA,NA,NA,NA,NA,NA,"Lake","Lake Tanganyika",32896759543.8782,"Barbus paludinosus"
"4454551276","Barbus oligogrammus David, 1937",-5.63333,29.33333,"cdc,cudc,cuiv,gass84,osiic","9cfa6cb6-5833-44b2-97f1-18a3c12fed47","575c52b0-a742-11db-a6ff-b8a03c50a862","96dec937-f8d1-4d18-a8a1-1e9f4ca1aabd","575c52b0-a742-11db-a6ff-b8a03c50a862","BE","EML","2025-02-28T23:01:23.697+00:00","2025-02-28T23:02:26.485+00:00",71,"PRESERVED_SPECIMEN","PRESENT",5206933,1,44,1153,7336,2363128,9248145,9248145,"Enteromius oligogrammus (David, 1937)","Animalia","Chordata","Cypriniformes","Cyprinidae","Enteromius","Enteromius oligogrammus","Barbus","oligogrammus","SPECIES","SYNONYM","LC","1996-01-01T00:00:00",NA,"AFRICA",NA,1994,5,31,"1994-05-31",151,151,NA,"2025-02-28T23:02:26.485+00:00",NA,"http://creativecommons.org/licenses/by/4.0/legalcode",FALSE,"https://darwinweb.africamuseum.be/object/6b62b09a-2bee-4e61-b230-a25f59f437df","none","none",FALSE,NA,"De Vos L.","De Vos L.","WGS84","CD","none","none","AFRICA","Congo, Democratic Republic of the","EUROPE",NA,"https://darwinweb.africamuseum.be/object/6b62b09a-2bee-4e61-b230-a25f59f437df",NA,NA,"4454551276",NA,"VER-FIS","https://darwinweb.africamuseum.be/object/6b62b09a-2bee-4e61-b230-a25f59f437df",NA,"BE_RMCA_Vert.1994.048.P.0983-1010","RMCA",NA,NA,NA,"Barbus oligogrammus David, 1937",NA,"{ 'donators':'De Vos L.'}",NA,NA,NA,NA,NA,28,NA,"2784e794-f70f-4455-854d-110f8ab37d19","2406d0ea-4647-4181-903d-b523057b208c",NA,"https://ror.org/001805t51",NA,NA,NA,NA,NA,NA,NA,NA,NA,"Congo, Democratic Republic of the;;Tanganika region;Zaïre;ruisseau Mulidja, affl. lac Tanganyika 6½km avant Kabimba, ± 64km N. Kalemie",NA,NA,NA,NA,NA,NA,NA,NA,NA,NA,NA,NA,NA,NA,NA,NA,NA,NA,NA,NA,NA,NA,NA,NA,NA,NA,NA,NA,NA,NA,NA,NA,NA,NA,NA,"6b62b09a-2bee-4e61-b230-a25f59f437df",NA,NA,NA,NA,NA,NA,NA,NA,NA,NA,NA,NA,NA,NA,NA,NA,NA,NA,NA,NA,NA,NA,NA,NA,NA,NA,NA,NA,NA,NA,NA,NA,NA,NA,NA,NA,NA,NA,NA,NA,NA,NA,NA,NA,NA,NA,NA,NA,NA,"Lake","Lake Tanganyika",32896759543.8782,"Barbus oligogrammus"
"4454544045","Barbus paludinosus Peters, 1852",-5.63333,29.33333,"cdc,cudc,cuiv,gass84,osiic","9cfa6cb6-5833-44b2-97f1-18a3c12fed47","575c52b0-a742-11db-a6ff-b8a03c50a862","96dec937-f8d1-4d18-a8a1-1e9f4ca1aabd","575c52b0-a742-11db-a6ff-b8a03c50a862","BE","EML","2025-02-28T23:01:23.697+00:00","2025-02-28T23:02:25.917+00:00",71,"PRESERVED_SPECIMEN","PRESENT",5206853,1,44,1153,7336,2363128,9264695,9264695,"Enteromius paludinosus (Peters, 1852)","Animalia","Chordata","Cypriniformes","Cyprinidae","Enteromius","Enteromius paludinosus","Barbus","paludinosus","SPECIES","SYNONYM","LC","1996-01-01T00:00:00",NA,"AFRICA",NA,1994,5,31,"1994-05-31",151,151,NA,"2025-02-28T23:02:25.917+00:00",NA,"http://creativecommons.org/licenses/by/4.0/legalcode",FALSE,"https://darwinweb.africamuseum.be/object/78daa87e-ae4f-4d66-b77d-280a332c7fe0","none","none",FALSE,NA,"De Vos L.","De Vos L.","WGS84","CD","none","none","AFRICA","Congo, Democratic Republic of the","EUROPE",NA,"https://darwinweb.africamuseum.be/object/78daa87e-ae4f-4d66-b77d-280a332c7fe0",NA,NA,"4454544045",NA,"VER-FIS","https://darwinweb.africamuseum.be/object/78daa87e-ae4f-4d66-b77d-280a332c7fe0",NA,"BE_RMCA_Vert.1994.048.P.0139","RMCA",NA,NA,NA,"Barbus paludinosus Peters, 1852",NA,"{ 'donators':'De Vos L.'}",NA,NA,NA,NA,NA,1,NA,"2784e794-f70f-4455-854d-110f8ab37d19","2406d0ea-4647-4181-903d-b523057b208c",NA,"https://ror.org/001805t51",NA,NA,NA,NA,NA,NA,NA,NA,NA,"Congo, Democratic Republic of the;;Tanganika region;Zaïre;ruisseau Mulidja, affl. lac Tanganyika 6½km avant Kabimba, ± 64km N. Kalemie",NA,NA,NA,NA,NA,NA,NA,NA,NA,NA,NA,NA,NA,NA,NA,NA,NA,NA,NA,NA,NA,NA,NA,NA,NA,NA,NA,NA,NA,NA,NA,NA,NA,NA,NA,"78daa87e-ae4f-4d66-b77d-280a332c7fe0",NA,NA,NA,NA,NA,NA,NA,NA,NA,NA,NA,NA,NA,NA,NA,NA,NA,NA,NA,NA,NA,NA,NA,NA,NA,NA,NA,NA,NA,NA,NA,NA,NA,NA,NA,NA,NA,NA,NA,NA,NA,NA,NA,NA,NA,NA,NA,NA,NA,"Lake","Lake Tanganyika",32896759543.8782,"Barbus paludinosus"
"4454536804","Barbus taeniopleura Boulenger, 1917",-5.63333,29.33333,"cdc,cudc,cuiv,gass84,osiic","9cfa6cb6-5833-44b2-97f1-18a3c12fed47","575c52b0-a742-11db-a6ff-b8a03c50a862","96dec937-f8d1-4d18-a8a1-1e9f4ca1aabd","575c52b0-a742-11db-a6ff-b8a03c50a862","BE","EML","2025-02-28T23:01:23.697+00:00","2025-02-28T23:02:25.320+00:00",71,"PRESERVED_SPECIMEN","PRESENT",5206957,1,44,1153,7336,2363128,9357965,9357965,"Enteromius taeniopleura (Boulenger, 1917)","Animalia","Chordata","Cypriniformes","Cyprinidae","Enteromius","Enteromius taeniopleura","Barbus","taeniopleura","SPECIES","SYNONYM","LC","1996-01-01T00:00:00",NA,"AFRICA",NA,1994,5,31,"1994-05-31",151,151,NA,"2025-02-28T23:02:25.320+00:00",NA,"http://creativecommons.org/licenses/by/4.0/legalcode",FALSE,"https://darwinweb.africamuseum.be/object/b600d689-8848-43f1-93e4-e81ed098daea","none","none",FALSE,NA,"De Vos L.","De Vos L.","WGS84","CD","none","none","AFRICA","Congo, Democratic Republic of the","EUROPE",NA,"https://darwinweb.africamuseum.be/object/b600d689-8848-43f1-93e4-e81ed098daea",NA,NA,"4454536804",NA,"VER-FIS","https://darwinweb.africamuseum.be/object/b600d689-8848-43f1-93e4-e81ed098daea",NA,"BE_RMCA_Vert.1994.048.P.0474-0478","RMCA",NA,NA,NA,"Barbus taeniopleura Boulenger, 1917",NA,"{ 'donators':'De Vos L.'}",NA,NA,NA,NA,NA,5,NA,"2784e794-f70f-4455-854d-110f8ab37d19","2406d0ea-4647-4181-903d-b523057b208c",NA,"https://ror.org/001805t51",NA,NA,NA,NA,NA,NA,NA,NA,NA,"Congo, Democratic Republic of the;;Tanganika region;Zaïre;ruisseau Mulidja, affl. lac Tanganyika 6½km avant Kabimba, ± 64km N. Kalemie",NA,NA,NA,NA,NA,NA,NA,NA,NA,NA,NA,NA,NA,NA,NA,NA,NA,NA,NA,NA,NA,NA,NA,NA,NA,NA,NA,NA,NA,NA,NA,NA,NA,NA,NA,"b600d689-8848-43f1-93e4-e81ed098daea",NA,NA,NA,NA,NA,NA,NA,NA,NA,NA,NA,NA,NA,NA,NA,NA,NA,NA,NA,NA,NA,NA,NA,NA,NA,NA,NA,NA,NA,NA,NA,NA,NA,NA,NA,NA,NA,NA,NA,NA,NA,NA,NA,NA,NA,NA,NA,NA,NA,"Lake","Lake Tanganyika",32896759543.8782,"Barbus taeniopleura"
"4454528800","Barbus oligogrammus David, 1937",-5.95,29.2,"cdc,cudc,cuiv,gass84,osiic","9cfa6cb6-5833-44b2-97f1-18a3c12fed47","575c52b0-a742-11db-a6ff-b8a03c50a862","96dec937-f8d1-4d18-a8a1-1e9f4ca1aabd","575c52b0-a742-11db-a6ff-b8a03c50a862","BE","EML","2025-02-28T23:01:23.697+00:00","2025-02-28T23:02:24.562+00:00",71,"PRESERVED_SPECIMEN","PRESENT",5206933,1,44,1153,7336,2363128,9248145,9248145,"Enteromius oligogrammus (David, 1937)","Animalia","Chordata","Cypriniformes","Cyprinidae","Enteromius","Enteromius oligogrammus","Barbus","oligogrammus","SPECIES","SYNONYM","LC","1996-01-01T00:00:00",NA,"AFRICA",NA,1994,5,21,"1994-05-21",141,141,NA,"2025-02-28T23:02:24.562+00:00",NA,"http://creativecommons.org/licenses/by/4.0/legalcode",FALSE,"https://darwinweb.africamuseum.be/object/cd87ec63-8500-41f4-bb79-037a6c62f208","none","none",FALSE,NA,"De Vos L.","De Vos L.","WGS84","CD","none","none","AFRICA","Congo, Democratic Republic of the","EUROPE",NA,"https://darwinweb.africamuseum.be/object/cd87ec63-8500-41f4-bb79-037a6c62f208",NA,NA,"4454528800",NA,"VER-FIS","https://darwinweb.africamuseum.be/object/cd87ec63-8500-41f4-bb79-037a6c62f208",NA,"BE_RMCA_Vert.1994.048.P.0972-0982","RMCA",NA,NA,NA,"Barbus oligogrammus David, 1937",NA,"{ 'donators':'De Vos L.'}",NA,NA,NA,NA,NA,11,NA,"2784e794-f70f-4455-854d-110f8ab37d19","2406d0ea-4647-4181-903d-b523057b208c",NA,"https://ror.org/001805t51",NA,NA,NA,NA,NA,NA,NA,NA,NA,"Congo, Democratic Republic of the;riv. Kalemie, au pont Kalemie-ville, affl. lac Tanganyika;;Tanganika region;Zaïre;riv. Kalemie, au pont Kalemie-ville, lac Tanganyika;riv. Kalemie, au pont Kalemie-ville, affl. lac Tanganyika",NA,NA,NA,NA,NA,NA,NA,NA,NA,NA,NA,NA,NA,NA,NA,NA,NA,NA,NA,NA,NA,NA,NA,NA,NA,NA,NA,NA,NA,NA,NA,NA,NA,NA,NA,"cd87ec63-8500-41f4-bb79-037a6c62f208",NA,NA,NA,NA,NA,NA,NA,NA,NA,NA,NA,NA,NA,NA,NA,NA,NA,NA,NA,NA,NA,NA,NA,NA,NA,NA,NA,NA,NA,NA,NA,NA,NA,NA,NA,NA,NA,NA,NA,NA,NA,NA,NA,NA,NA,NA,NA,NA,NA,"Lake","Lake Tanganyika",32896759543.8782,"Barbus oligogrammus"
"4454492550","Barbus taeniopleura Boulenger, 1917",-5.95,29.2,"cdc,cudc,cuiv,gass84,osiic","9cfa6cb6-5833-44b2-97f1-18a3c12fed47","575c52b0-a742-11db-a6ff-b8a03c50a862","96dec937-f8d1-4d18-a8a1-1e9f4ca1aabd","575c52b0-a742-11db-a6ff-b8a03c50a862","BE","EML","2025-02-28T23:01:23.697+00:00","2025-02-28T23:02:20.854+00:00",71,"PRESERVED_SPECIMEN","PRESENT",5206957,1,44,1153,7336,2363128,9357965,9357965,"Enteromius taeniopleura (Boulenger, 1917)","Animalia","Chordata","Cypriniformes","Cyprinidae","Enteromius","Enteromius taeniopleura","Barbus","taeniopleura","SPECIES","SYNONYM","LC","1996-01-01T00:00:00",NA,"AFRICA",NA,1994,5,21,"1994-05-21",141,141,NA,"2025-02-28T23:02:20.854+00:00",NA,"http://creativecommons.org/licenses/by/4.0/legalcode",FALSE,"https://darwinweb.africamuseum.be/object/eb1581f5-5749-4791-b8e5-2bd28313c5cc","none","none",FALSE,NA,"De Vos L.","De Vos L.","WGS84","CD","none","none","AFRICA","Congo, Democratic Republic of the","EUROPE",NA,"https://darwinweb.africamuseum.be/object/eb1581f5-5749-4791-b8e5-2bd28313c5cc",NA,NA,"4454492550",NA,"VER-FIS","https://darwinweb.africamuseum.be/object/eb1581f5-5749-4791-b8e5-2bd28313c5cc",NA,"BE_RMCA_Vert.1994.048.P.0469-0473","RMCA",NA,NA,NA,"Barbus taeniopleura Boulenger, 1917",NA,"{ 'donators':'De Vos L.'}",NA,NA,NA,NA,NA,5,NA,"2784e794-f70f-4455-854d-110f8ab37d19","2406d0ea-4647-4181-903d-b523057b208c",NA,"https://ror.org/001805t51",NA,NA,NA,NA,NA,NA,NA,NA,NA,"Congo, Democratic Republic of the;riv. Kalemie, au pont Kalemie-ville, affl. lac Tanganyika;;Tanganika region;Zaïre;riv. Kalemie, au pont Kalemie-ville, lac Tanganyika;riv. Kalemie, au pont Kalemie-ville, affl. lac Tanganyika",NA,NA,NA,NA,NA,NA,NA,NA,NA,NA,NA,NA,NA,NA,NA,NA,NA,NA,NA,NA,NA,NA,NA,NA,NA,NA,NA,NA,NA,NA,NA,NA,NA,NA,NA,"eb1581f5-5749-4791-b8e5-2bd28313c5cc",NA,NA,NA,NA,NA,NA,NA,NA,NA,NA,NA,NA,NA,NA,NA,NA,NA,NA,NA,NA,NA,NA,NA,NA,NA,NA,NA,NA,NA,NA,NA,NA,NA,NA,NA,NA,NA,NA,NA,NA,NA,NA,NA,NA,NA,NA,NA,NA,NA,"Lake","Lake Tanganyika",32896759543.8782,"Barbus taeniopleura"
"4454545186","Barbus oligogrammus David, 1937",-4.35,29.6,"cdc,gass84,osiic","9cfa6cb6-5833-44b2-97f1-18a3c12fed47","575c52b0-a742-11db-a6ff-b8a03c50a862","96dec937-f8d1-4d18-a8a1-1e9f4ca1aabd","575c52b0-a742-11db-a6ff-b8a03c50a862","BE","EML","2025-02-28T23:01:23.697+00:00","2025-02-28T23:02:26.009+00:00",71,"PRESERVED_SPECIMEN","PRESENT",5206933,1,44,1153,7336,2363128,9248145,9248145,"Enteromius oligogrammus (David, 1937)","Animalia","Chordata","Cypriniformes","Cyprinidae","Enteromius","Enteromius oligogrammus","Barbus","oligogrammus","SPECIES","SYNONYM","LC","1996-01-01T00:00:00",NA,"AFRICA",NA,1994,11,16,"1994-11-16",320,320,NA,"2025-02-28T23:02:26.009+00:00",NA,"http://creativecommons.org/licenses/by/4.0/legalcode",FALSE,"https://darwinweb.africamuseum.be/object/b3039556-d2c1-4213-9ff9-88935f58e2c1","none","none",FALSE,NA,"De Vos L.","De Vos L.","WGS84","BI","none","none","AFRICA","Burundi","EUROPE",NA,"https://darwinweb.africamuseum.be/object/b3039556-d2c1-4213-9ff9-88935f58e2c1",NA,NA,"4454545186",NA,"VER-FIS","https://darwinweb.africamuseum.be/object/b3039556-d2c1-4213-9ff9-88935f58e2c1",NA,"BE_RMCA_Vert.1996.031.P.0658-0662","RMCA",NA,NA,NA,"Barbus oligogrammus David, 1937",NA,"{ 'donators':'De Vos L.'}",NA,NA,NA,NA,NA,5,NA,"2784e794-f70f-4455-854d-110f8ab37d19","2406d0ea-4647-4181-903d-b523057b208c",NA,"https://ror.org/001805t51",NA,NA,NA,NA,NA,NA,NA,NA,NA,"riv. Rwaba (=Luaba), affl. lac Tanga- nyika, près de Nyanza-Lac;riv. Rwaba (=Luaba), affl. lac Tanganyika, près de Nyanza-Lac",NA,NA,NA,NA,NA,NA,NA,NA,NA,NA,NA,NA,NA,NA,NA,NA,NA,NA,NA,NA,NA,NA,NA,NA,NA,NA,NA,NA,NA,NA,NA,NA,NA,NA,NA,"b3039556-d2c1-4213-9ff9-88935f58e2c1",NA,NA,NA,NA,NA,NA,NA,NA,NA,NA,NA,NA,NA,NA,NA,NA,NA,NA,NA,NA,NA,NA,NA,NA,NA,NA,NA,NA,NA,NA,NA,NA,NA,NA,NA,NA,NA,NA,NA,NA,NA,NA,NA,NA,NA,NA,NA,NA,NA,"Lake","Lake Tanganyika",32896759543.8782,"Barbus oligogrammus"
"1230375267","Barbus litamba Keilhack, 1908",-14,34.916668,"","1aaec653-c71c-4695-9b6e-0e26214dd817","cecc196e-f262-4986-a88a-6adf035dca0e","6adeff08-3d1e-4977-8524-24d3f58ab403","cecc196e-f262-4986-a88a-6adf035dca0e","ZA","EML","2025-01-22T00:53:29.548+00:00","2025-02-06T18:10:32.989+00:00",458,"PRESERVED_SPECIMEN","PRESENT",5205529,1,44,1153,7336,2363128,9240381,9240381,"Enteromius litamba (Keilhack, 1908)","Animalia","Chordata","Cypriniformes","Cyprinidae","Enteromius","Enteromius litamba","Barbus","litamba","SPECIES","SYNONYM","DD",NA,NA,"AFRICA",NA,1993,6,NA,"1993-06",NA,NA,"2010-05-03T10:31:27.000+00:00","2025-02-06T18:10:32.989+00:00",NA,"http://creativecommons.org/licenses/by/4.0/legalcode",FALSE,"2956146d-fc21-11e2-ac3f-081965b14959","none","none",FALSE,NA,"Denis Tweddle",NA,"WGS84","MW","none","none","AFRICA","Malawi","AFRICA","SAIAB","2956146d-fc21-11e2-ac3f-081965b14959",NA,NA,"1230375267",NA,"FC","2956146d-fc21-11e2-ac3f-081965b14959",NA,"42105","SAIAB",NA,NA,"4880ba21-fc21-11e2-ac3f-081965b14959","Barbus litamba Keilhack, 1908",NA,NA,NA,NA,NA,NA,"1 of 3 in T136/5",NA,"Africa|Malawi","a90ba963-9569-4b96-8d56-452aa7b83f75","a7d9ed64-4668-41b3-a862-27d87c50bfed","Whole specimen/s - 3","urn:lsid:biocol.org:col:34984","WGS84",NA,NA,"http://grscicoll.org/institutional-collection/national-fish-collection-0",NA,NA,NA,"Geodetic datum assumed to be WGS84.",NA,"SE arm of Lake Malawi",NA,NA,NA,NA,NA,NA,NA,NA,NA,NA,NA,NA,NA,"8e30b684-6a54-4aba-aa73-66201c2c736e","386787f1-fc21-11e2-ac3f-081965b14959","Enteromius litamba",NA,"en","PhysicalObject","Enteromius litamba (current)","3f6e74df-fc21-11e2-ac3f-081965b14959","SAIAB",NA,NA,NA,NA,NA,NA,NA,"Collection Manager",NA,NA,NA,NA,NA,NA,NA,NA,NA,NA,NA,"requires verification",NA,NA,NA,NA,NA,NA,NA,NA,NA,NA,NA,NA,NA,NA,NA,NA,NA,NA,NA,NA,NA,NA,NA,NA,NA,NA,NA,NA,NA,NA,NA,NA,NA,NA,NA,NA,NA,NA,NA,NA,NA,NA,NA,"Lake","Lake Malawi",28951795749.1886,"Barbus litamba"
"4454472466","Barbus lineomaculatus Boulenger, 1903",-4.35,29.6,"cdc,gass84,osiic","9cfa6cb6-5833-44b2-97f1-18a3c12fed47","575c52b0-a742-11db-a6ff-b8a03c50a862","96dec937-f8d1-4d18-a8a1-1e9f4ca1aabd","575c52b0-a742-11db-a6ff-b8a03c50a862","BE","EML","2025-02-28T23:01:23.697+00:00","2025-02-28T23:02:17.504+00:00",71,"PRESERVED_SPECIMEN","PRESENT",5207098,1,44,1153,7336,2363128,9582714,9582714,"Enteromius lineomaculatus (Boulenger, 1903)","Animalia","Chordata","Cypriniformes","Cyprinidae","Enteromius","Enteromius lineomaculatus","Barbus","lineomaculatus","SPECIES","SYNONYM","LC","1996-01-01T00:00:00",NA,"AFRICA",NA,1993,8,26,"1993-08-26",238,238,NA,"2025-02-28T23:02:17.504+00:00",NA,"http://creativecommons.org/licenses/by/4.0/legalcode",FALSE,"https://darwinweb.africamuseum.be/object/37e8d4bf-3bcb-4948-b1ad-575c128c55da","none","none",FALSE,NA,"De Vos L.","De Vos L.","WGS84","BI","none","none","AFRICA","Burundi","EUROPE",NA,"https://darwinweb.africamuseum.be/object/37e8d4bf-3bcb-4948-b1ad-575c128c55da",NA,NA,"4454472466",NA,"VER-FIS","https://darwinweb.africamuseum.be/object/37e8d4bf-3bcb-4948-b1ad-575c128c55da",NA,"BE_RMCA_Vert.1993.150.P.0956-0957","RMCA",NA,NA,NA,"Barbus lineomaculatus Boulenger, 1903",NA,"{ 'donators':'De Vos L.'}",NA,NA,NA,NA,NA,2,NA,"2784e794-f70f-4455-854d-110f8ab37d19","2406d0ea-4647-4181-903d-b523057b208c",NA,"https://ror.org/001805t51",NA,NA,NA,NA,NA,NA,NA,NA,NA,"riv. Rwaba, à Nyanza-Lac, affl. lac Tanganyika",NA,NA,NA,NA,NA,NA,NA,NA,NA,NA,NA,NA,NA,NA,NA,NA,NA,NA,NA,NA,NA,NA,NA,NA,NA,NA,NA,NA,NA,NA,NA,NA,NA,NA,NA,"37e8d4bf-3bcb-4948-b1ad-575c128c55da",NA,NA,NA,NA,NA,NA,NA,NA,NA,NA,NA,NA,NA,NA,NA,NA,NA,NA,NA,NA,NA,NA,NA,NA,NA,NA,NA,NA,NA,NA,NA,NA,NA,NA,NA,NA,NA,NA,NA,NA,NA,NA,NA,NA,NA,NA,NA,NA,NA,"Lake","Lake Tanganyika",32896759543.8782,"Barbus lineomaculatus"
"4454539847","Barbus oligogrammus David, 1937",-4.35,29.6,"cdc,gass84,osiic","9cfa6cb6-5833-44b2-97f1-18a3c12fed47","575c52b0-a742-11db-a6ff-b8a03c50a862","96dec937-f8d1-4d18-a8a1-1e9f4ca1aabd","575c52b0-a742-11db-a6ff-b8a03c50a862","BE","EML","2025-02-28T23:01:23.697+00:00","2025-02-28T23:02:25.568+00:00",71,"PRESERVED_SPECIMEN","PRESENT",5206933,1,44,1153,7336,2363128,9248145,9248145,"Enteromius oligogrammus (David, 1937)","Animalia","Chordata","Cypriniformes","Cyprinidae","Enteromius","Enteromius oligogrammus","Barbus","oligogrammus","SPECIES","SYNONYM","LC","1996-01-01T00:00:00",NA,"AFRICA",NA,1993,9,8,"1993-09-08",251,251,NA,"2025-02-28T23:02:25.568+00:00",NA,"http://creativecommons.org/licenses/by/4.0/legalcode",FALSE,"https://darwinweb.africamuseum.be/object/0d64fc51-e6ed-413b-8b49-114ba197e9a6","none","none",FALSE,NA,"De Vos L.","De Vos L.","WGS84","BI","none","none","AFRICA","Burundi","EUROPE",NA,"https://darwinweb.africamuseum.be/object/0d64fc51-e6ed-413b-8b49-114ba197e9a6",NA,NA,"4454539847",NA,"VER-FIS","https://darwinweb.africamuseum.be/object/0d64fc51-e6ed-413b-8b49-114ba197e9a6",NA,"BE_RMCA_Vert.1993.150.P.1118-1135","RMCA",NA,NA,NA,"Barbus oligogrammus David, 1937",NA,"{ 'donators':'De Vos L.'}",NA,NA,NA,NA,NA,18,NA,"2784e794-f70f-4455-854d-110f8ab37d19","2406d0ea-4647-4181-903d-b523057b208c",NA,"https://ror.org/001805t51",NA,NA,NA,NA,NA,NA,NA,NA,NA,"riv. Rwaba, à Nyanza-Lac, affl. lac Tanganyika",NA,NA,NA,NA,NA,NA,NA,NA,NA,NA,NA,NA,NA,NA,NA,NA,NA,NA,NA,NA,NA,NA,NA,NA,NA,NA,NA,NA,NA,NA,NA,NA,NA,NA,NA,"0d64fc51-e6ed-413b-8b49-114ba197e9a6",NA,NA,NA,NA,NA,NA,NA,NA,NA,NA,NA,NA,NA,NA,NA,NA,NA,NA,NA,NA,NA,NA,NA,NA,NA,NA,NA,NA,NA,NA,NA,NA,NA,NA,NA,NA,NA,NA,NA,NA,NA,NA,NA,NA,NA,NA,NA,NA,NA,"Lake","Lake Tanganyika",32896759543.8782,"Barbus oligogrammus"
"4454494966","Barbus lineomaculatus Boulenger, 1903",-3.33333,29.25,"cdc,gass84,osiic","9cfa6cb6-5833-44b2-97f1-18a3c12fed47","575c52b0-a742-11db-a6ff-b8a03c50a862","96dec937-f8d1-4d18-a8a1-1e9f4ca1aabd","575c52b0-a742-11db-a6ff-b8a03c50a862","BE","EML","2025-02-28T23:01:23.697+00:00","2025-02-28T23:02:21.078+00:00",71,"PRESERVED_SPECIMEN","PRESENT",5207098,1,44,1153,7336,2363128,9582714,9582714,"Enteromius lineomaculatus (Boulenger, 1903)","Animalia","Chordata","Cypriniformes","Cyprinidae","Enteromius","Enteromius lineomaculatus","Barbus","lineomaculatus","SPECIES","SYNONYM","LC","1996-01-01T00:00:00",NA,"AFRICA",NA,1993,9,3,"1993-09-03",246,246,NA,"2025-02-28T23:02:21.078+00:00",NA,"http://creativecommons.org/licenses/by/4.0/legalcode",FALSE,"https://darwinweb.africamuseum.be/object/99f196c6-67e4-44b5-bd16-32998f339133","none","none",FALSE,NA,"De Vos L.","De Vos L.","WGS84","BI","none","none","AFRICA","Burundi","EUROPE",NA,"https://darwinweb.africamuseum.be/object/99f196c6-67e4-44b5-bd16-32998f339133",NA,NA,"4454494966",NA,"VER-FIS","https://darwinweb.africamuseum.be/object/99f196c6-67e4-44b5-bd16-32998f339133",NA,"BE_RMCA_Vert.1994.048.P.0603","RMCA",NA,NA,NA,"Barbus lineomaculatus Boulenger, 1903",NA,"{ 'donators':'De Vos L.'}",NA,NA,NA,NA,NA,1,NA,"2784e794-f70f-4455-854d-110f8ab37d19","2406d0ea-4647-4181-903d-b523057b208c",NA,"https://ror.org/001805t51",NA,NA,NA,NA,NA,NA,NA,NA,NA,"riv. Ruzizi, à Gatumba au niveau du pont",NA,NA,NA,NA,NA,NA,NA,NA,NA,NA,NA,NA,NA,NA,NA,NA,NA,NA,NA,NA,NA,NA,NA,NA,NA,NA,NA,NA,NA,NA,NA,NA,NA,NA,NA,"99f196c6-67e4-44b5-bd16-32998f339133",NA,NA,NA,NA,NA,NA,NA,NA,NA,NA,NA,NA,NA,NA,NA,NA,NA,NA,NA,NA,NA,NA,NA,NA,NA,NA,NA,NA,NA,NA,NA,NA,NA,NA,NA,NA,NA,NA,NA,NA,NA,NA,NA,NA,NA,NA,NA,NA,NA,"Lake","Lake Tanganyika",32896759543.8782,"Barbus lineomaculatus"
"4454544101","Barbus lineomaculatus Boulenger, 1903",-4.35,29.6,"cdc,gass84,osiic","9cfa6cb6-5833-44b2-97f1-18a3c12fed47","575c52b0-a742-11db-a6ff-b8a03c50a862","96dec937-f8d1-4d18-a8a1-1e9f4ca1aabd","575c52b0-a742-11db-a6ff-b8a03c50a862","BE","EML","2025-02-28T23:01:23.697+00:00","2025-02-28T23:02:25.921+00:00",71,"PRESERVED_SPECIMEN","PRESENT",5207098,1,44,1153,7336,2363128,9582714,9582714,"Enteromius lineomaculatus (Boulenger, 1903)","Animalia","Chordata","Cypriniformes","Cyprinidae","Enteromius","Enteromius lineomaculatus","Barbus","lineomaculatus","SPECIES","SYNONYM","LC","1996-01-01T00:00:00",NA,"AFRICA",NA,1993,9,8,"1993-09-08",251,251,NA,"2025-02-28T23:02:25.921+00:00",NA,"http://creativecommons.org/licenses/by/4.0/legalcode",FALSE,"https://darwinweb.africamuseum.be/object/a34d0d61-3936-4ebb-b83d-597873736659","none","none",FALSE,NA,"De Vos L.","De Vos L.","WGS84","BI","none","none","AFRICA","Burundi","EUROPE",NA,"https://darwinweb.africamuseum.be/object/a34d0d61-3936-4ebb-b83d-597873736659",NA,NA,"4454544101",NA,"VER-FIS","https://darwinweb.africamuseum.be/object/a34d0d61-3936-4ebb-b83d-597873736659",NA,"BE_RMCA_Vert.1993.150.P.0958-0963","RMCA",NA,NA,NA,"Barbus lineomaculatus Boulenger, 1903",NA,"{ 'donators':'De Vos L.'}",NA,NA,NA,NA,NA,6,NA,"2784e794-f70f-4455-854d-110f8ab37d19","2406d0ea-4647-4181-903d-b523057b208c",NA,"https://ror.org/001805t51",NA,NA,NA,NA,NA,NA,NA,NA,NA,"riv. Rwaba, à Nyanza-Lac, affl. lac Tanganyika",NA,NA,NA,NA,NA,NA,NA,NA,NA,NA,NA,NA,NA,NA,NA,NA,NA,NA,NA,NA,NA,NA,NA,NA,NA,NA,NA,NA,NA,NA,NA,NA,NA,NA,NA,"a34d0d61-3936-4ebb-b83d-597873736659",NA,NA,NA,NA,NA,NA,NA,NA,NA,NA,NA,NA,NA,NA,NA,NA,NA,NA,NA,NA,NA,NA,NA,NA,NA,NA,NA,NA,NA,NA,NA,NA,NA,NA,NA,NA,NA,NA,NA,NA,NA,NA,NA,NA,NA,NA,NA,NA,NA,"Lake","Lake Tanganyika",32896759543.8782,"Barbus lineomaculatus"
"2248091836","Enteromius kerstenii (Peters, 1868)",-11.9,34.22,"cdc,cudc,osu","1ccf6240-9a89-4c0e-bf1a-3e4ddd6197ba","d44af9a3-e779-40c0-a186-79e7717c6d2b","07303f46-d2eb-452c-8a8b-84ed2077ae86","b43aa701-bc51-40a4-9f6c-b37e41d0e660","ZZ","EML","2025-01-23T14:37:27.253+00:00","2025-01-31T18:14:09.934+00:00",139,"HUMAN_OBSERVATION","PRESENT",9461154,1,44,1153,7336,2363128,9461154,9461154,"Enteromius kerstenii (Peters, 1868)","Animalia","Chordata","Cypriniformes","Cyprinidae","Enteromius","Enteromius kerstenii","Enteromius","kerstenii","SPECIES","ACCEPTED","LC",NA,NA,"AFRICA",NA,1992,NA,NA,"1992",NA,NA,NA,"2025-01-31T18:14:09.934+00:00",NA,"http://creativecommons.org/licenses/by-nc/4.0/legalcode",FALSE,"IUCN_FBU_LMNNC_3757","none","none",FALSE,NA,NA,NA,"WGS84","MW","none","none","AFRICA","Malawi",NA,NA,"IUCN_FBU_LMNNC_3757",NA,NA,"2248091836",NA,NA,"IUCN_FBU_LMNNC_3757",NA,NA,"IUCN (International Union for Conservation of Nature)",NA,NA,NA,"Enteromius kerstenii (Peters, 1868)",NA,NA,NA,NA,NA,NA,NA,NA,NA,NA,NA,NA,NA,NA,NA,NA,NA,NA,NA,NA,"Kapeska",NA,NA,NA,NA,NA,NA,NA,NA,NA,NA,NA,NA,NA,NA,NA,NA,NA,NA,NA,NA,NA,NA,NA,NA,NA,NA,NA,NA,NA,NA,NA,NA,NA,NA,NA,NA,NA,NA,NA,NA,NA,NA,NA,NA,NA,NA,NA,NA,NA,NA,NA,NA,NA,NA,NA,NA,NA,NA,NA,NA,NA,NA,NA,NA,NA,NA,NA,NA,NA,NA,NA,"1","Denis Tweddle and PHS",NA,NA,NA,NA,NA,NA,NA,NA,NA,NA,NA,NA,NA,NA,"Lake","Lake Malawi",28951795749.1886,"Enteromius kerstenii"
"4454495951","Barbus pellegrini Poll, 1939",-3.65,29.33333,"cdc,gass84,osiic","9cfa6cb6-5833-44b2-97f1-18a3c12fed47","575c52b0-a742-11db-a6ff-b8a03c50a862","96dec937-f8d1-4d18-a8a1-1e9f4ca1aabd","575c52b0-a742-11db-a6ff-b8a03c50a862","BE","EML","2025-02-28T23:01:23.697+00:00","2025-02-28T23:02:21.198+00:00",71,"PRESERVED_SPECIMEN","PRESENT",5207331,1,44,1153,7336,2363128,9255837,9255837,"Enteromius pellegrini (Poll, 1939)","Animalia","Chordata","Cypriniformes","Cyprinidae","Enteromius","Enteromius pellegrini","Barbus","pellegrini","SPECIES","SYNONYM","LC","1994-01-01T00:00:00",NA,"AFRICA",NA,1991,3,17,"1991-03-17",76,76,NA,"2025-02-28T23:02:21.198+00:00",NA,"http://creativecommons.org/licenses/by/4.0/legalcode",FALSE,"https://darwinweb.africamuseum.be/object/8f2ae5c7-4f84-4428-a1fd-62231abcd053","none","none",FALSE,NA,"De Vos L.","De Vos L.","WGS84","BI","none","none","AFRICA","Burundi","EUROPE",NA,"https://darwinweb.africamuseum.be/object/8f2ae5c7-4f84-4428-a1fd-62231abcd053",NA,NA,"4454495951",NA,"VER-FIS","https://darwinweb.africamuseum.be/object/8f2ae5c7-4f84-4428-a1fd-62231abcd053",NA,"BE_RMCA_Vert.1991.034.P.0488","RMCA",NA,NA,NA,"Barbus pellegrini Poll, 1939",NA,"{ 'donators':'De Vos L.'}",NA,NA,NA,NA,NA,1,NA,"2784e794-f70f-4455-854d-110f8ab37d19","2406d0ea-4647-4181-903d-b523057b208c",NA,"https://ror.org/001805t51",NA,NA,NA,NA,NA,NA,NA,NA,NA,"riv. Rutunga, affl. Lac Tanganyika km 31 route Bujumbura-Nyanza Lac",NA,NA,NA,NA,NA,NA,NA,NA,NA,NA,NA,NA,NA,NA,NA,NA,NA,NA,NA,NA,NA,NA,NA,NA,NA,NA,NA,NA,NA,NA,NA,NA,NA,NA,NA,"8f2ae5c7-4f84-4428-a1fd-62231abcd053",NA,NA,NA,NA,NA,NA,NA,NA,NA,NA,NA,NA,NA,NA,NA,NA,NA,NA,NA,NA,NA,NA,NA,NA,NA,NA,NA,NA,NA,NA,NA,NA,NA,NA,NA,NA,NA,NA,NA,NA,NA,NA,NA,NA,NA,NA,NA,NA,NA,"Lake","Lake Tanganyika",32896759543.8782,"Barbus pellegrini"
"4454487883","Barbus oligogrammus David, 1937",-3.75,29.31667,"cdc,gass84,osiic","9cfa6cb6-5833-44b2-97f1-18a3c12fed47","575c52b0-a742-11db-a6ff-b8a03c50a862","96dec937-f8d1-4d18-a8a1-1e9f4ca1aabd","575c52b0-a742-11db-a6ff-b8a03c50a862","BE","EML","2025-02-28T23:01:23.697+00:00","2025-02-28T23:02:20.358+00:00",71,"PRESERVED_SPECIMEN","PRESENT",5206933,1,44,1153,7336,2363128,9248145,9248145,"Enteromius oligogrammus (David, 1937)","Animalia","Chordata","Cypriniformes","Cyprinidae","Enteromius","Enteromius oligogrammus","Barbus","oligogrammus","SPECIES","SYNONYM","LC","1996-01-01T00:00:00",NA,"AFRICA",NA,1991,3,20,"1991-03-20",79,79,NA,"2025-02-28T23:02:20.358+00:00",NA,"http://creativecommons.org/licenses/by/4.0/legalcode",FALSE,"https://darwinweb.africamuseum.be/object/b42870ea-4128-4100-aa45-ef606bdec2b7","none","none",FALSE,NA,"De Vos L.","De Vos L.","WGS84","BI","none","none","AFRICA","Burundi","EUROPE",NA,"https://darwinweb.africamuseum.be/object/b42870ea-4128-4100-aa45-ef606bdec2b7",NA,NA,"4454487883",NA,"VER-FIS","https://darwinweb.africamuseum.be/object/b42870ea-4128-4100-aa45-ef606bdec2b7",NA,"BE_RMCA_Vert.1991.034.P.0384","RMCA",NA,NA,NA,"Barbus oligogrammus David, 1937",NA,"{ 'donators':'De Vos L.'}",NA,NA,NA,NA,NA,1,NA,"2784e794-f70f-4455-854d-110f8ab37d19","2406d0ea-4647-4181-903d-b523057b208c",NA,"https://ror.org/001805t51",NA,NA,NA,NA,NA,NA,NA,NA,NA,"ruiss. Mugatale, affl. lac Tanganyika, km 44 route Bujumbura-Nyanza Lac",NA,NA,NA,NA,NA,NA,NA,NA,NA,NA,NA,NA,NA,NA,NA,NA,NA,NA,NA,NA,NA,NA,NA,NA,NA,NA,NA,NA,NA,NA,NA,NA,NA,NA,NA,"b42870ea-4128-4100-aa45-ef606bdec2b7",NA,NA,NA,NA,NA,NA,NA,NA,NA,NA,NA,NA,NA,NA,NA,NA,NA,NA,NA,NA,NA,NA,NA,NA,NA,NA,NA,NA,NA,NA,NA,NA,NA,NA,NA,NA,NA,NA,NA,NA,NA,NA,NA,NA,NA,NA,NA,NA,NA,"Lake","Lake Tanganyika",32896759543.8782,"Barbus oligogrammus"
"4454503285","Barbus lineomaculatus Boulenger, 1903",-3.75,29.31667,"cdc,gass84,osiic","9cfa6cb6-5833-44b2-97f1-18a3c12fed47","575c52b0-a742-11db-a6ff-b8a03c50a862","96dec937-f8d1-4d18-a8a1-1e9f4ca1aabd","575c52b0-a742-11db-a6ff-b8a03c50a862","BE","EML","2025-02-28T23:01:23.697+00:00","2025-02-28T23:02:22.130+00:00",71,"PRESERVED_SPECIMEN","PRESENT",5207098,1,44,1153,7336,2363128,9582714,9582714,"Enteromius lineomaculatus (Boulenger, 1903)","Animalia","Chordata","Cypriniformes","Cyprinidae","Enteromius","Enteromius lineomaculatus","Barbus","lineomaculatus","SPECIES","SYNONYM","LC","1994-01-01T00:00:00",NA,"AFRICA",NA,1991,3,20,"1991-03-20",79,79,NA,"2025-02-28T23:02:22.130+00:00",NA,"http://creativecommons.org/licenses/by/4.0/legalcode",FALSE,"https://darwinweb.africamuseum.be/object/e3198f1c-614c-44e2-b3be-14ff0678221a","none","none",FALSE,NA,"De Vos L.","De Vos L.","WGS84","BI","none","none","AFRICA","Burundi","EUROPE",NA,"https://darwinweb.africamuseum.be/object/e3198f1c-614c-44e2-b3be-14ff0678221a",NA,NA,"4454503285",NA,"VER-FIS","https://darwinweb.africamuseum.be/object/e3198f1c-614c-44e2-b3be-14ff0678221a",NA,"BE_RMCA_Vert.1991.034.P.0309","RMCA",NA,NA,NA,"Barbus lineomaculatus Boulenger, 1903",NA,"{ 'donators':'De Vos L.'}",NA,NA,NA,NA,NA,1,NA,"2784e794-f70f-4455-854d-110f8ab37d19","2406d0ea-4647-4181-903d-b523057b208c",NA,"https://ror.org/001805t51",NA,NA,NA,NA,NA,NA,NA,NA,NA,"ruiss. Mugatale, affl. lac Tanganyika, km 44 route Bujumbura-Nyanza Lac",NA,NA,NA,NA,NA,NA,NA,NA,NA,NA,NA,NA,NA,NA,NA,NA,NA,NA,NA,NA,NA,NA,NA,NA,NA,NA,NA,NA,NA,NA,NA,NA,NA,NA,NA,"e3198f1c-614c-44e2-b3be-14ff0678221a",NA,NA,NA,NA,NA,NA,NA,NA,NA,NA,NA,NA,NA,NA,NA,NA,NA,NA,NA,NA,NA,NA,NA,NA,NA,NA,NA,NA,NA,NA,NA,NA,NA,NA,NA,NA,NA,NA,NA,NA,NA,NA,NA,NA,NA,NA,NA,NA,NA,"Lake","Lake Tanganyika",32896759543.8782,"Barbus lineomaculatus"
"4454539385","Barbus litamba Keilhack, 1908",-9.76667,33.95,"cdc,gass84,osiic","9cfa6cb6-5833-44b2-97f1-18a3c12fed47","575c52b0-a742-11db-a6ff-b8a03c50a862","96dec937-f8d1-4d18-a8a1-1e9f4ca1aabd","575c52b0-a742-11db-a6ff-b8a03c50a862","BE","EML","2025-02-28T23:01:23.697+00:00","2025-02-28T23:02:25.526+00:00",71,"PRESERVED_SPECIMEN","PRESENT",5205529,1,44,1153,7336,2363128,9240381,9240381,"Enteromius litamba (Keilhack, 1908)","Animalia","Chordata","Cypriniformes","Cyprinidae","Enteromius","Enteromius litamba","Barbus","litamba","SPECIES","SYNONYM","DD","1989-01-01T00:00:00",NA,"AFRICA",NA,1989,5,NA,"1989-05",NA,NA,NA,"2025-02-28T23:02:25.526+00:00",NA,"http://creativecommons.org/licenses/by/4.0/legalcode",FALSE,"https://darwinweb.africamuseum.be/object/9cbcb8b1-4535-47c0-be66-905aefb76fb7","none","none",FALSE,NA,"Konings, A.","Konings, A.","WGS84","MW","none","none","AFRICA","Malawi","EUROPE",NA,"https://darwinweb.africamuseum.be/object/9cbcb8b1-4535-47c0-be66-905aefb76fb7",NA,NA,"4454539385",NA,"VER-FIS","https://darwinweb.africamuseum.be/object/9cbcb8b1-4535-47c0-be66-905aefb76fb7",NA,"BE_RMCA_Vert.1991.095.P.0001","RMCA",NA,NA,NA,"Barbus litamba Keilhack, 1908",NA,"{ 'donators':'Konings, A. '}",NA,NA,NA,NA,NA,1,NA,"2784e794-f70f-4455-854d-110f8ab37d19","2406d0ea-4647-4181-903d-b523057b208c",NA,"https://ror.org/001805t51",NA,NA,NA,NA,NA,NA,NA,NA,NA,"Kaporo, lake",NA,NA,NA,NA,NA,NA,NA,NA,NA,NA,NA,NA,NA,NA,NA,NA,NA,NA,NA,NA,NA,NA,NA,NA,NA,NA,NA,NA,NA,NA,NA,NA,NA,NA,NA,"9cbcb8b1-4535-47c0-be66-905aefb76fb7",NA,NA,NA,NA,NA,NA,NA,NA,NA,NA,NA,NA,NA,NA,NA,NA,NA,NA,NA,NA,NA,NA,NA,NA,NA,NA,NA,NA,NA,NA,NA,NA,NA,NA,NA,NA,NA,NA,NA,NA,NA,NA,NA,NA,NA,NA,NA,NA,NA,"Lake","Lake Malawi",28951795749.1886,"Barbus litamba"
"4454561907","Barbus kerstenii Peters, 1868",1.53333,30.95,"cdc,gass84,osiic","9cfa6cb6-5833-44b2-97f1-18a3c12fed47","575c52b0-a742-11db-a6ff-b8a03c50a862","96dec937-f8d1-4d18-a8a1-1e9f4ca1aabd","575c52b0-a742-11db-a6ff-b8a03c50a862","BE","EML","2025-02-28T23:01:23.697+00:00","2025-02-28T23:02:27.326+00:00",71,"PRESERVED_SPECIMEN","PRESENT",5206847,1,44,1153,7336,2363128,9461154,9461154,"Enteromius kerstenii (Peters, 1868)","Animalia","Chordata","Cypriniformes","Cyprinidae","Enteromius","Enteromius kerstenii","Barbus","kerstenii","SPECIES","SYNONYM","LC","1990-01-01T00:00:00",NA,"AFRICA",NA,1989,11,25,"1989-11-25",329,329,NA,"2025-02-28T23:02:27.326+00:00",NA,"http://creativecommons.org/licenses/by/4.0/legalcode",FALSE,"https://darwinweb.africamuseum.be/object/938bce06-5288-4db1-867f-d925981ce13f","none","none",FALSE,NA,"Van Neer W.","Teugels G.","WGS84","UG","none","none","AFRICA","Uganda","EUROPE",NA,"https://darwinweb.africamuseum.be/object/938bce06-5288-4db1-867f-d925981ce13f",NA,NA,"4454561907",NA,"VER-FIS","https://darwinweb.africamuseum.be/object/938bce06-5288-4db1-867f-d925981ce13f",NA,"BE_RMCA_Vert.1989.059.P.0236-0244","RMCA",NA,NA,NA,"Barbus kerstenii Peters, 1868",NA,NA,NA,NA,NA,NA,NA,9,NA,"2784e794-f70f-4455-854d-110f8ab37d19","2406d0ea-4647-4181-903d-b523057b208c",NA,"https://ror.org/001805t51",NA,NA,NA,NA,NA,NA,NA,NA,NA,"riv. Hokwa, loc. 2",NA,NA,NA,NA,NA,NA,NA,NA,NA,NA,NA,NA,NA,NA,NA,NA,NA,NA,NA,NA,NA,NA,NA,NA,NA,NA,NA,NA,NA,NA,NA,NA,NA,NA,NA,"938bce06-5288-4db1-867f-d925981ce13f",NA,NA,NA,NA,NA,NA,NA,NA,NA,NA,NA,NA,NA,NA,NA,NA,NA,NA,NA,NA,NA,NA,NA,NA,NA,NA,NA,NA,NA,NA,NA,NA,NA,NA,NA,NA,NA,NA,NA,NA,NA,NA,NA,NA,NA,NA,NA,NA,NA,"Lake","Lake Albert",5404605008.37131,"Barbus kerstenii"
"4454532007","Barbus perince Rüppell, 1835",-0.21667,29.88333,"cdc,gass84,osiic","9cfa6cb6-5833-44b2-97f1-18a3c12fed47","575c52b0-a742-11db-a6ff-b8a03c50a862","96dec937-f8d1-4d18-a8a1-1e9f4ca1aabd","575c52b0-a742-11db-a6ff-b8a03c50a862","BE","EML","2025-02-28T23:01:23.697+00:00","2025-02-28T23:02:24.876+00:00",71,"PRESERVED_SPECIMEN","PRESENT",5206839,1,44,1153,7336,2363128,9503298,9503298,"Enteromius perince (Rüppell, 1835)","Animalia","Chordata","Cypriniformes","Cyprinidae","Enteromius","Enteromius perince","Barbus","perince","SPECIES","SYNONYM","LC","1991-01-01T00:00:00",NA,"AFRICA",NA,1988,6,NA,"1988-06",NA,NA,NA,"2025-02-28T23:02:24.876+00:00",NA,"http://creativecommons.org/licenses/by/4.0/legalcode",FALSE,"https://darwinweb.africamuseum.be/object/b516c78b-2d17-4636-ad32-a01a0891494a","none","none",FALSE,NA,"Wildekamp, R.","Wildekamp, R.","WGS84","UG","none","none","AFRICA","Uganda","EUROPE",NA,"https://darwinweb.africamuseum.be/object/b516c78b-2d17-4636-ad32-a01a0891494a",NA,NA,"4454532007",NA,"VER-FIS","https://darwinweb.africamuseum.be/object/b516c78b-2d17-4636-ad32-a01a0891494a",NA,"BE_RMCA_Vert.1991.050.P.0001","RMCA",NA,NA,NA,"Barbus perince Rüppell, 1835",NA,"{ 'donators':'Wildekamp, R. '}",NA,NA,NA,NA,NA,1,NA,"2784e794-f70f-4455-854d-110f8ab37d19","2406d0ea-4647-4181-903d-b523057b208c",NA,"https://ror.org/001805t51",NA,NA,NA,NA,NA,NA,NA,NA,NA,"Kazinga channel",NA,NA,NA,NA,NA,NA,NA,NA,NA,NA,NA,NA,NA,NA,NA,NA,NA,NA,NA,NA,NA,NA,NA,NA,NA,NA,NA,NA,NA,NA,NA,NA,NA,NA,NA,"b516c78b-2d17-4636-ad32-a01a0891494a",NA,NA,NA,NA,NA,NA,NA,NA,NA,NA,NA,NA,NA,NA,NA,NA,NA,NA,NA,NA,NA,NA,NA,NA,NA,NA,NA,NA,NA,NA,NA,NA,NA,NA,NA,NA,NA,NA,NA,NA,NA,NA,NA,NA,NA,NA,NA,NA,NA,"Lake","Lake Edward",2219606178.99023,"Barbus perince"
"4454482976","Barbus pellegrini Poll, 1939",-1.7,29.25,"cdc,gass84,osiic","9cfa6cb6-5833-44b2-97f1-18a3c12fed47","575c52b0-a742-11db-a6ff-b8a03c50a862","96dec937-f8d1-4d18-a8a1-1e9f4ca1aabd","575c52b0-a742-11db-a6ff-b8a03c50a862","BE","EML","2025-02-28T23:01:23.697+00:00","2025-02-28T23:02:19.695+00:00",71,"PRESERVED_SPECIMEN","PRESENT",5207331,1,44,1153,7336,2363128,9255837,9255837,"Enteromius pellegrini (Poll, 1939)","Animalia","Chordata","Cypriniformes","Cyprinidae","Enteromius","Enteromius pellegrini","Barbus","pellegrini","SPECIES","SYNONYM","LC","1986-01-01T00:00:00",NA,"AFRICA",NA,1986,2,12,"1986-02-12",43,43,NA,"2025-02-28T23:02:19.695+00:00",NA,"http://creativecommons.org/licenses/by/4.0/legalcode",FALSE,"https://darwinweb.africamuseum.be/object/3fbfc9ad-5b48-4ac2-a405-04232dd4cea3","none","none",FALSE,NA,"De Vos L.","De Vos L.","WGS84","RW","none","none","AFRICA","Rwanda","EUROPE",NA,"https://darwinweb.africamuseum.be/object/3fbfc9ad-5b48-4ac2-a405-04232dd4cea3",NA,NA,"4454482976",NA,"VER-FIS","https://darwinweb.africamuseum.be/object/3fbfc9ad-5b48-4ac2-a405-04232dd4cea3",NA,"BE_RMCA_Vert.1986.012.P.0020","RMCA",NA,NA,NA,"Barbus pellegrini Poll, 1939",NA,NA,NA,NA,NA,NA,NA,1,NA,"2784e794-f70f-4455-854d-110f8ab37d19","2406d0ea-4647-4181-903d-b523057b208c",NA,"https://ror.org/001805t51",NA,NA,NA,NA,NA,NA,NA,NA,NA,"Gisenyi, riv. Sebeya",NA,NA,NA,NA,NA,NA,NA,NA,NA,NA,NA,NA,NA,NA,NA,NA,NA,NA,NA,NA,NA,NA,NA,NA,NA,NA,NA,NA,NA,NA,NA,NA,NA,NA,NA,"3fbfc9ad-5b48-4ac2-a405-04232dd4cea3",NA,NA,NA,NA,NA,NA,NA,NA,NA,NA,NA,NA,NA,NA,NA,NA,NA,NA,NA,NA,NA,NA,NA,NA,NA,NA,NA,NA,NA,NA,NA,NA,NA,NA,NA,NA,NA,NA,NA,NA,NA,NA,NA,NA,NA,NA,NA,NA,NA,"Lake","Lake Kivu",2415288353.60194,"Barbus pellegrini"
"4454554250","Barbus apleurogramma Boulenger, 1911",-1.7,29.25,"cdc,gass84,osiic","9cfa6cb6-5833-44b2-97f1-18a3c12fed47","575c52b0-a742-11db-a6ff-b8a03c50a862","96dec937-f8d1-4d18-a8a1-1e9f4ca1aabd","575c52b0-a742-11db-a6ff-b8a03c50a862","BE","EML","2025-02-28T23:01:23.697+00:00","2025-02-28T23:02:26.720+00:00",71,"PRESERVED_SPECIMEN","PRESENT",5207034,1,44,1153,7336,2363128,9573924,9573924,"Enteromius apleurogramma (Boulenger, 1911)","Animalia","Chordata","Cypriniformes","Cyprinidae","Enteromius","Enteromius apleurogramma","Barbus","apleurogramma","SPECIES","SYNONYM","LC","1986-01-01T00:00:00",NA,"AFRICA",NA,1986,2,12,"1986-02-12",43,43,NA,"2025-02-28T23:02:26.720+00:00",NA,"http://creativecommons.org/licenses/by/4.0/legalcode",FALSE,"https://darwinweb.africamuseum.be/object/54899685-5795-4cab-b394-ba9e90c767cb","none","none",FALSE,NA,"De Vos L.","De Vos L.","WGS84","RW","none","none","AFRICA","Rwanda","EUROPE",NA,"https://darwinweb.africamuseum.be/object/54899685-5795-4cab-b394-ba9e90c767cb",NA,NA,"4454554250",NA,"VER-FIS","https://darwinweb.africamuseum.be/object/54899685-5795-4cab-b394-ba9e90c767cb",NA,"BE_RMCA_Vert.1986.012.P.0073-0074","RMCA",NA,NA,NA,"Barbus apleurogramma Boulenger, 1911",NA,NA,NA,NA,NA,NA,NA,2,NA,"2784e794-f70f-4455-854d-110f8ab37d19","2406d0ea-4647-4181-903d-b523057b208c",NA,"https://ror.org/001805t51",NA,NA,NA,NA,NA,NA,NA,NA,NA,"Gisenyi, riv. Sebeya",NA,NA,NA,NA,NA,NA,NA,NA,NA,NA,NA,NA,NA,NA,NA,NA,NA,NA,NA,NA,NA,NA,NA,NA,NA,NA,NA,NA,NA,NA,NA,NA,NA,NA,NA,"54899685-5795-4cab-b394-ba9e90c767cb",NA,NA,NA,NA,NA,NA,NA,NA,NA,NA,NA,NA,NA,NA,NA,NA,NA,NA,NA,NA,NA,NA,NA,NA,NA,NA,NA,NA,NA,NA,NA,NA,NA,NA,NA,NA,NA,NA,NA,NA,NA,NA,NA,NA,NA,NA,NA,NA,NA,"Lake","Lake Kivu",2415288353.60194,"Barbus apleurogramma"
"4454537290","Barbus apleurogramma Boulenger, 1911",-1.7,29.25,"cdc,gass84,osiic","9cfa6cb6-5833-44b2-97f1-18a3c12fed47","575c52b0-a742-11db-a6ff-b8a03c50a862","96dec937-f8d1-4d18-a8a1-1e9f4ca1aabd","575c52b0-a742-11db-a6ff-b8a03c50a862","BE","EML","2025-02-28T23:01:23.697+00:00","2025-02-28T23:02:25.363+00:00",71,"PRESERVED_SPECIMEN","PRESENT",5207034,1,44,1153,7336,2363128,9573924,9573924,"Enteromius apleurogramma (Boulenger, 1911)","Animalia","Chordata","Cypriniformes","Cyprinidae","Enteromius","Enteromius apleurogramma","Barbus","apleurogramma","SPECIES","SYNONYM","LC","1986-01-01T00:00:00",NA,"AFRICA",NA,1986,3,11,"1986-03-11",70,70,NA,"2025-02-28T23:02:25.363+00:00",NA,"http://creativecommons.org/licenses/by/4.0/legalcode",FALSE,"https://darwinweb.africamuseum.be/object/552d25d1-682c-4991-a192-6a571f08e3ca","none","none",FALSE,NA,"De Vos L.","De Vos L.","WGS84","RW","none","none","AFRICA","Rwanda","EUROPE",NA,"https://darwinweb.africamuseum.be/object/552d25d1-682c-4991-a192-6a571f08e3ca",NA,NA,"4454537290",NA,"VER-FIS","https://darwinweb.africamuseum.be/object/552d25d1-682c-4991-a192-6a571f08e3ca",NA,"BE_RMCA_Vert.1986.012.P.0070-0072","RMCA",NA,NA,NA,"Barbus apleurogramma Boulenger, 1911",NA,NA,NA,NA,NA,NA,NA,3,NA,"2784e794-f70f-4455-854d-110f8ab37d19","2406d0ea-4647-4181-903d-b523057b208c",NA,"https://ror.org/001805t51",NA,NA,NA,NA,NA,NA,NA,NA,NA,"Gisenyi, mare près de l'embouchure de la Sebeya",NA,NA,NA,NA,NA,NA,NA,NA,NA,NA,NA,NA,NA,NA,NA,NA,NA,NA,NA,NA,NA,NA,NA,NA,NA,NA,NA,NA,NA,NA,NA,NA,NA,NA,NA,"552d25d1-682c-4991-a192-6a571f08e3ca",NA,NA,NA,NA,NA,NA,NA,NA,NA,NA,NA,NA,NA,NA,NA,NA,NA,NA,NA,NA,NA,NA,NA,NA,NA,NA,NA,NA,NA,NA,NA,NA,NA,NA,NA,NA,NA,NA,NA,NA,NA,NA,NA,NA,NA,NA,NA,NA,NA,"Lake","Lake Kivu",2415288353.60194,"Barbus apleurogramma"
"4454562431","Barbus pellegrini Poll, 1939",-1.7,29.25,"cdc,gass84,osiic","9cfa6cb6-5833-44b2-97f1-18a3c12fed47","575c52b0-a742-11db-a6ff-b8a03c50a862","96dec937-f8d1-4d18-a8a1-1e9f4ca1aabd","575c52b0-a742-11db-a6ff-b8a03c50a862","BE","EML","2025-02-28T23:01:23.697+00:00","2025-02-28T23:02:27.362+00:00",71,"PRESERVED_SPECIMEN","PRESENT",5207331,1,44,1153,7336,2363128,9255837,9255837,"Enteromius pellegrini (Poll, 1939)","Animalia","Chordata","Cypriniformes","Cyprinidae","Enteromius","Enteromius pellegrini","Barbus","pellegrini","SPECIES","SYNONYM","LC","1986-01-01T00:00:00",NA,"AFRICA",NA,1985,6,29,"1985-06-29",180,180,NA,"2025-02-28T23:02:27.362+00:00",NA,"http://creativecommons.org/licenses/by/4.0/legalcode",FALSE,"https://darwinweb.africamuseum.be/object/02f25fba-b871-43eb-a31d-9dd2f3a13339","none","none",FALSE,NA,"De Vos L.","De Vos L.","WGS84","RW","none","none","AFRICA","Rwanda","EUROPE",NA,"https://darwinweb.africamuseum.be/object/02f25fba-b871-43eb-a31d-9dd2f3a13339",NA,NA,"4454562431",NA,"VER-FIS","https://darwinweb.africamuseum.be/object/02f25fba-b871-43eb-a31d-9dd2f3a13339",NA,"BE_RMCA_Vert.1986.012.P.0014-0019","RMCA",NA,NA,NA,"Barbus pellegrini Poll, 1939",NA,NA,NA,NA,NA,NA,NA,6,NA,"2784e794-f70f-4455-854d-110f8ab37d19","2406d0ea-4647-4181-903d-b523057b208c",NA,"https://ror.org/001805t51",NA,NA,NA,NA,NA,NA,NA,NA,NA,"Gisenyi, riv. Sebeya",NA,NA,NA,NA,NA,NA,NA,NA,NA,NA,NA,NA,NA,NA,NA,NA,NA,NA,NA,NA,NA,NA,NA,NA,NA,NA,NA,NA,NA,NA,NA,NA,NA,NA,NA,"02f25fba-b871-43eb-a31d-9dd2f3a13339",NA,NA,NA,NA,NA,NA,NA,NA,NA,NA,NA,NA,NA,NA,NA,NA,NA,NA,NA,NA,NA,NA,NA,NA,NA,NA,NA,NA,NA,NA,NA,NA,NA,NA,NA,NA,NA,NA,NA,NA,NA,NA,NA,NA,NA,NA,NA,NA,NA,"Lake","Lake Kivu",2415288353.60194,"Barbus pellegrini"
"4454488564","Barbus kerstenii Peters, 1868",-1.7,29.25,"cdc,gass84,osiic","9cfa6cb6-5833-44b2-97f1-18a3c12fed47","575c52b0-a742-11db-a6ff-b8a03c50a862","96dec937-f8d1-4d18-a8a1-1e9f4ca1aabd","575c52b0-a742-11db-a6ff-b8a03c50a862","BE","EML","2025-02-28T23:01:23.697+00:00","2025-02-28T23:02:20.428+00:00",71,"PRESERVED_SPECIMEN","PRESENT",5206847,1,44,1153,7336,2363128,9461154,9461154,"Enteromius kerstenii (Peters, 1868)","Animalia","Chordata","Cypriniformes","Cyprinidae","Enteromius","Enteromius kerstenii","Barbus","kerstenii","SPECIES","SYNONYM","LC","1985-01-01T00:00:00",NA,"AFRICA",NA,1985,6,6,"1985-06-06",157,157,NA,"2025-02-28T23:02:20.428+00:00",NA,"http://creativecommons.org/licenses/by/4.0/legalcode",FALSE,"https://darwinweb.africamuseum.be/object/0bfab6c5-8e49-4d01-8886-840da7861afa","none","none",FALSE,NA,"De Vos L.","De Vos L.","WGS84","RW","none","none","AFRICA","Rwanda","EUROPE",NA,"https://darwinweb.africamuseum.be/object/0bfab6c5-8e49-4d01-8886-840da7861afa",NA,NA,"4454488564",NA,"VER-FIS","https://darwinweb.africamuseum.be/object/0bfab6c5-8e49-4d01-8886-840da7861afa",NA,"BE_RMCA_Vert.1985.040.P.0026-0033","RMCA",NA,NA,NA,"Barbus kerstenii Peters, 1868",NA,NA,NA,NA,NA,NA,NA,8,NA,"2784e794-f70f-4455-854d-110f8ab37d19","2406d0ea-4647-4181-903d-b523057b208c",NA,"https://ror.org/001805t51",NA,NA,NA,NA,NA,NA,NA,NA,NA,"Gisenyi, pêcherie, lac Kivu",NA,NA,NA,NA,NA,NA,NA,NA,NA,NA,NA,NA,NA,NA,NA,NA,NA,NA,NA,NA,NA,NA,NA,NA,NA,NA,NA,NA,NA,NA,NA,NA,NA,NA,NA,"0bfab6c5-8e49-4d01-8886-840da7861afa",NA,NA,NA,NA,NA,NA,NA,NA,NA,NA,NA,NA,NA,NA,NA,NA,NA,NA,NA,NA,NA,NA,NA,NA,NA,NA,NA,NA,NA,NA,NA,NA,NA,NA,NA,NA,NA,NA,NA,NA,NA,NA,NA,NA,NA,NA,NA,NA,NA,"Lake","Lake Kivu",2415288353.60194,"Barbus kerstenii"
"4454493043","Barbus pellegrini Poll, 1939",-1.7,29.25,"cdc,gass84,osiic","9cfa6cb6-5833-44b2-97f1-18a3c12fed47","575c52b0-a742-11db-a6ff-b8a03c50a862","96dec937-f8d1-4d18-a8a1-1e9f4ca1aabd","575c52b0-a742-11db-a6ff-b8a03c50a862","BE","EML","2025-02-28T23:01:23.697+00:00","2025-02-28T23:02:20.902+00:00",71,"PRESERVED_SPECIMEN","PRESENT",5207331,1,44,1153,7336,2363128,9255837,9255837,"Enteromius pellegrini (Poll, 1939)","Animalia","Chordata","Cypriniformes","Cyprinidae","Enteromius","Enteromius pellegrini","Barbus","pellegrini","SPECIES","SYNONYM","LC","1985-01-01T00:00:00",NA,"AFRICA",NA,1985,6,29,"1985-06-29",180,180,NA,"2025-02-28T23:02:20.902+00:00",NA,"http://creativecommons.org/licenses/by/4.0/legalcode",FALSE,"https://darwinweb.africamuseum.be/object/0e0b88ef-c863-44f0-92aa-f4488556eef5","none","none",FALSE,NA,"De Vos L.","De Vos L.","WGS84","RW","none","none","AFRICA","Rwanda","EUROPE",NA,"https://darwinweb.africamuseum.be/object/0e0b88ef-c863-44f0-92aa-f4488556eef5",NA,NA,"4454493043",NA,"VER-FIS","https://darwinweb.africamuseum.be/object/0e0b88ef-c863-44f0-92aa-f4488556eef5",NA,"BE_RMCA_Vert.1985.040.P.0057-0065","RMCA",NA,NA,NA,"Barbus pellegrini Poll, 1939",NA,NA,NA,NA,NA,NA,NA,9,NA,"2784e794-f70f-4455-854d-110f8ab37d19","2406d0ea-4647-4181-903d-b523057b208c",NA,"https://ror.org/001805t51",NA,NA,NA,NA,NA,NA,NA,NA,NA,"Gisenyi, riv. Sebeya, lac Kivu",NA,NA,NA,NA,NA,NA,NA,NA,NA,NA,NA,NA,NA,NA,NA,NA,NA,NA,NA,NA,NA,NA,NA,NA,NA,NA,NA,NA,NA,NA,NA,NA,NA,NA,NA,"0e0b88ef-c863-44f0-92aa-f4488556eef5",NA,NA,NA,NA,NA,NA,NA,NA,NA,NA,NA,NA,NA,NA,NA,NA,NA,NA,NA,NA,NA,NA,NA,NA,NA,NA,NA,NA,NA,NA,NA,NA,NA,NA,NA,NA,NA,NA,NA,NA,NA,NA,NA,NA,NA,NA,NA,NA,NA,"Lake","Lake Kivu",2415288353.60194,"Barbus pellegrini"
"4454505047","Barbus kerstenii Peters, 1868",-1.7,29.25,"cdc,gass84,osiic","9cfa6cb6-5833-44b2-97f1-18a3c12fed47","575c52b0-a742-11db-a6ff-b8a03c50a862","96dec937-f8d1-4d18-a8a1-1e9f4ca1aabd","575c52b0-a742-11db-a6ff-b8a03c50a862","BE","EML","2025-02-28T23:01:23.697+00:00","2025-02-28T23:02:22.293+00:00",71,"PRESERVED_SPECIMEN","PRESENT",5206847,1,44,1153,7336,2363128,9461154,9461154,"Enteromius kerstenii (Peters, 1868)","Animalia","Chordata","Cypriniformes","Cyprinidae","Enteromius","Enteromius kerstenii","Barbus","kerstenii","SPECIES","SYNONYM","LC","1986-01-01T00:00:00",NA,"AFRICA",NA,1985,6,6,"1985-06-06",157,157,NA,"2025-02-28T23:02:22.293+00:00",NA,"http://creativecommons.org/licenses/by/4.0/legalcode",FALSE,"https://darwinweb.africamuseum.be/object/a50291ae-64bf-4187-becd-0983141d8bf0","none","none",FALSE,NA,"De Vos L.","De Vos L.","WGS84","RW","none","none","AFRICA","Rwanda","EUROPE",NA,"https://darwinweb.africamuseum.be/object/a50291ae-64bf-4187-becd-0983141d8bf0",NA,NA,"4454505047",NA,"VER-FIS","https://darwinweb.africamuseum.be/object/a50291ae-64bf-4187-becd-0983141d8bf0",NA,"BE_RMCA_Vert.1987.011.P.1054-1102","RMCA",NA,NA,NA,"Barbus kerstenii Peters, 1868",NA,NA,NA,NA,NA,NA,NA,49,NA,"2784e794-f70f-4455-854d-110f8ab37d19","2406d0ea-4647-4181-903d-b523057b208c",NA,"https://ror.org/001805t51",NA,NA,NA,NA,NA,NA,NA,NA,NA,"Gisenyi, pêcherie, lac Kivu",NA,NA,NA,NA,NA,NA,NA,NA,NA,NA,NA,NA,NA,NA,NA,NA,NA,NA,NA,NA,NA,NA,NA,NA,NA,NA,NA,NA,NA,NA,NA,NA,NA,NA,NA,"a50291ae-64bf-4187-becd-0983141d8bf0",NA,NA,NA,NA,NA,NA,NA,NA,NA,NA,NA,NA,NA,NA,NA,NA,NA,NA,NA,NA,NA,NA,NA,NA,NA,NA,NA,NA,NA,NA,NA,NA,NA,NA,NA,NA,NA,NA,NA,NA,NA,NA,NA,NA,NA,NA,NA,NA,NA,"Lake","Lake Kivu",2415288353.60194,"Barbus kerstenii"
"4454533840","Barbus kerstenii Peters, 1868",-1.7,29.25,"cdc,gass84,osiic","9cfa6cb6-5833-44b2-97f1-18a3c12fed47","575c52b0-a742-11db-a6ff-b8a03c50a862","96dec937-f8d1-4d18-a8a1-1e9f4ca1aabd","575c52b0-a742-11db-a6ff-b8a03c50a862","BE","EML","2025-02-28T23:01:23.697+00:00","2025-02-28T23:02:25.048+00:00",71,"PRESERVED_SPECIMEN","PRESENT",5206847,1,44,1153,7336,2363128,9461154,9461154,"Enteromius kerstenii (Peters, 1868)","Animalia","Chordata","Cypriniformes","Cyprinidae","Enteromius","Enteromius kerstenii","Barbus","kerstenii","SPECIES","SYNONYM","LC","1987-01-01T00:00:00",NA,"AFRICA",NA,1985,7,20,"1985-07-20",201,201,NA,"2025-02-28T23:02:25.048+00:00",NA,"http://creativecommons.org/licenses/by/4.0/legalcode",FALSE,"https://darwinweb.africamuseum.be/object/59a24dd3-3281-4383-a87c-bc4596ca38bc","none","none",FALSE,NA,"De Vos L.","De Vos L.","WGS84","RW","none","none","AFRICA","Rwanda","EUROPE",NA,"https://darwinweb.africamuseum.be/object/59a24dd3-3281-4383-a87c-bc4596ca38bc",NA,NA,"4454533840",NA,"VER-FIS","https://darwinweb.africamuseum.be/object/59a24dd3-3281-4383-a87c-bc4596ca38bc",NA,"BE_RMCA_Vert.1987.011.P.3103-3107","RMCA",NA,NA,NA,"Barbus kerstenii Peters, 1868",NA,NA,NA,NA,NA,NA,NA,5,NA,"2784e794-f70f-4455-854d-110f8ab37d19","2406d0ea-4647-4181-903d-b523057b208c",NA,"https://ror.org/001805t51",NA,NA,NA,NA,NA,NA,NA,NA,NA,"Gisenyi, en face de la pêcherie, lac Kivu",NA,NA,NA,NA,NA,NA,NA,NA,NA,NA,NA,NA,NA,NA,NA,NA,NA,NA,NA,NA,NA,NA,NA,NA,NA,NA,NA,NA,NA,NA,NA,NA,NA,NA,NA,"59a24dd3-3281-4383-a87c-bc4596ca38bc",NA,NA,NA,NA,NA,NA,NA,NA,NA,NA,NA,NA,NA,NA,NA,NA,NA,NA,NA,NA,NA,NA,NA,NA,NA,NA,NA,NA,NA,NA,NA,NA,NA,NA,NA,NA,NA,NA,NA,NA,NA,NA,NA,NA,NA,NA,NA,NA,NA,"Lake","Lake Kivu",2415288353.60194,"Barbus kerstenii"
"4454504417","Barbus pellegrini Poll, 1939",-1.7,29.25,"cdc,gass84,osiic","9cfa6cb6-5833-44b2-97f1-18a3c12fed47","575c52b0-a742-11db-a6ff-b8a03c50a862","96dec937-f8d1-4d18-a8a1-1e9f4ca1aabd","575c52b0-a742-11db-a6ff-b8a03c50a862","BE","EML","2025-02-28T23:01:23.697+00:00","2025-02-28T23:02:22.242+00:00",71,"PRESERVED_SPECIMEN","PRESENT",5207331,1,44,1153,7336,2363128,9255837,9255837,"Enteromius pellegrini (Poll, 1939)","Animalia","Chordata","Cypriniformes","Cyprinidae","Enteromius","Enteromius pellegrini","Barbus","pellegrini","SPECIES","SYNONYM","LC","1986-01-01T00:00:00",NA,"AFRICA",NA,1985,11,8,"1985-11-08",312,312,NA,"2025-02-28T23:02:22.242+00:00",NA,"http://creativecommons.org/licenses/by/4.0/legalcode",FALSE,"https://darwinweb.africamuseum.be/object/64f73247-edd8-442f-82a1-45559e1c51bf","none","none",FALSE,NA,"De Vos L.","De Vos L.","WGS84","RW","none","none","AFRICA","Rwanda","EUROPE",NA,"https://darwinweb.africamuseum.be/object/64f73247-edd8-442f-82a1-45559e1c51bf",NA,NA,"4454504417",NA,"VER-FIS","https://darwinweb.africamuseum.be/object/64f73247-edd8-442f-82a1-45559e1c51bf",NA,"BE_RMCA_Vert.1986.012.P.0021","RMCA",NA,NA,NA,"Barbus pellegrini Poll, 1939",NA,NA,NA,NA,NA,NA,NA,1,NA,"2784e794-f70f-4455-854d-110f8ab37d19","2406d0ea-4647-4181-903d-b523057b208c",NA,"https://ror.org/001805t51",NA,NA,NA,NA,NA,NA,NA,NA,NA,"Gisenyi, pêcherie, lac Kivu",NA,NA,NA,NA,NA,NA,NA,NA,NA,NA,NA,NA,NA,NA,NA,NA,NA,NA,NA,NA,NA,NA,NA,NA,NA,NA,NA,NA,NA,NA,NA,NA,NA,NA,NA,"64f73247-edd8-442f-82a1-45559e1c51bf",NA,NA,NA,NA,NA,NA,NA,NA,NA,NA,NA,NA,NA,NA,NA,NA,NA,NA,NA,NA,NA,NA,NA,NA,NA,NA,NA,NA,NA,NA,NA,NA,NA,NA,NA,NA,NA,NA,NA,NA,NA,NA,NA,NA,NA,NA,NA,NA,NA,"Lake","Lake Kivu",2415288353.60194,"Barbus pellegrini"
"4454562216","Barbus kerstenii Peters, 1868",-1.7,29.25,"cdc,gass84,osiic","9cfa6cb6-5833-44b2-97f1-18a3c12fed47","575c52b0-a742-11db-a6ff-b8a03c50a862","96dec937-f8d1-4d18-a8a1-1e9f4ca1aabd","575c52b0-a742-11db-a6ff-b8a03c50a862","BE","EML","2025-02-28T23:01:23.697+00:00","2025-02-28T23:02:27.348+00:00",71,"PRESERVED_SPECIMEN","PRESENT",5206847,1,44,1153,7336,2363128,9461154,9461154,"Enteromius kerstenii (Peters, 1868)","Animalia","Chordata","Cypriniformes","Cyprinidae","Enteromius","Enteromius kerstenii","Barbus","kerstenii","SPECIES","SYNONYM","LC","1986-01-01T00:00:00",NA,"AFRICA",NA,1985,11,8,"1985-11-08",312,312,NA,"2025-02-28T23:02:27.348+00:00",NA,"http://creativecommons.org/licenses/by/4.0/legalcode",FALSE,"https://darwinweb.africamuseum.be/object/c3a6069b-cd9b-4a97-82bd-0e84c02d5704","none","none",FALSE,NA,"De Vos L.","De Vos L.","WGS84","RW","none","none","AFRICA","Rwanda","EUROPE",NA,"https://darwinweb.africamuseum.be/object/c3a6069b-cd9b-4a97-82bd-0e84c02d5704",NA,NA,"4454562216",NA,"VER-FIS","https://darwinweb.africamuseum.be/object/c3a6069b-cd9b-4a97-82bd-0e84c02d5704",NA,"BE_RMCA_Vert.1986.012.P.0103-0108","RMCA",NA,NA,NA,"Barbus kerstenii Peters, 1868",NA,NA,NA,NA,NA,NA,NA,6,NA,"2784e794-f70f-4455-854d-110f8ab37d19","2406d0ea-4647-4181-903d-b523057b208c",NA,"https://ror.org/001805t51",NA,NA,NA,NA,NA,NA,NA,NA,NA,"Gisenyi, en face de la pêcherie, lac Kivu",NA,NA,NA,NA,NA,NA,NA,NA,NA,NA,NA,NA,NA,NA,NA,NA,NA,NA,NA,NA,NA,NA,NA,NA,NA,NA,NA,NA,NA,NA,NA,NA,NA,NA,NA,"c3a6069b-cd9b-4a97-82bd-0e84c02d5704",NA,NA,NA,NA,NA,NA,NA,NA,NA,NA,NA,NA,NA,NA,NA,NA,NA,NA,NA,NA,NA,NA,NA,NA,NA,NA,NA,NA,NA,NA,NA,NA,NA,NA,NA,NA,NA,NA,NA,NA,NA,NA,NA,NA,NA,NA,NA,NA,NA,"Lake","Lake Kivu",2415288353.60194,"Barbus kerstenii"
"4454562099","Barbus apleurogramma Boulenger, 1911",-1.7,29.25,"cdc,gass84,osiic","9cfa6cb6-5833-44b2-97f1-18a3c12fed47","575c52b0-a742-11db-a6ff-b8a03c50a862","96dec937-f8d1-4d18-a8a1-1e9f4ca1aabd","575c52b0-a742-11db-a6ff-b8a03c50a862","BE","EML","2025-02-28T23:01:23.697+00:00","2025-02-28T23:02:27.338+00:00",71,"PRESERVED_SPECIMEN","PRESENT",5207034,1,44,1153,7336,2363128,9573924,9573924,"Enteromius apleurogramma (Boulenger, 1911)","Animalia","Chordata","Cypriniformes","Cyprinidae","Enteromius","Enteromius apleurogramma","Barbus","apleurogramma","SPECIES","SYNONYM","LC","1986-01-01T00:00:00",NA,"AFRICA",NA,1985,12,7,"1985-12-07",341,341,NA,"2025-02-28T23:02:27.338+00:00",NA,"http://creativecommons.org/licenses/by/4.0/legalcode",FALSE,"https://darwinweb.africamuseum.be/object/6ce6b8fc-1b58-4948-9408-9fef49d15c60","none","none",FALSE,NA,"De Vos L.","De Vos L.","WGS84","RW","none","none","AFRICA","Rwanda","EUROPE",NA,"https://darwinweb.africamuseum.be/object/6ce6b8fc-1b58-4948-9408-9fef49d15c60",NA,NA,"4454562099",NA,"VER-FIS","https://darwinweb.africamuseum.be/object/6ce6b8fc-1b58-4948-9408-9fef49d15c60",NA,"BE_RMCA_Vert.1986.012.P.0049","RMCA",NA,NA,NA,"Barbus apleurogramma Boulenger, 1911",NA,NA,NA,NA,NA,NA,NA,1,NA,"2784e794-f70f-4455-854d-110f8ab37d19","2406d0ea-4647-4181-903d-b523057b208c",NA,"https://ror.org/001805t51",NA,NA,NA,NA,NA,NA,NA,NA,NA,"Gisenyi, mare près de l'embouchure de la Sebeya",NA,NA,NA,NA,NA,NA,NA,NA,NA,NA,NA,NA,NA,NA,NA,NA,NA,NA,NA,NA,NA,NA,NA,NA,NA,NA,NA,NA,NA,NA,NA,NA,NA,NA,NA,"6ce6b8fc-1b58-4948-9408-9fef49d15c60",NA,NA,NA,NA,NA,NA,NA,NA,NA,NA,NA,NA,NA,NA,NA,NA,NA,NA,NA,NA,NA,NA,NA,NA,NA,NA,NA,NA,NA,NA,NA,NA,NA,NA,NA,NA,NA,NA,NA,NA,NA,NA,NA,NA,NA,NA,NA,NA,NA,"Lake","Lake Kivu",2415288353.60194,"Barbus apleurogramma"
"4454510610","Barbus apleurogramma Boulenger, 1911",-1.7,29.25,"cdc,gass84,osiic","9cfa6cb6-5833-44b2-97f1-18a3c12fed47","575c52b0-a742-11db-a6ff-b8a03c50a862","96dec937-f8d1-4d18-a8a1-1e9f4ca1aabd","575c52b0-a742-11db-a6ff-b8a03c50a862","BE","EML","2025-02-28T23:01:23.697+00:00","2025-02-28T23:02:22.854+00:00",71,"PRESERVED_SPECIMEN","PRESENT",5207034,1,44,1153,7336,2363128,9573924,9573924,"Enteromius apleurogramma (Boulenger, 1911)","Animalia","Chordata","Cypriniformes","Cyprinidae","Enteromius","Enteromius apleurogramma","Barbus","apleurogramma","SPECIES","SYNONYM","LC","1986-01-01T00:00:00",NA,"AFRICA",NA,1985,12,26,"1985-12-26",360,360,NA,"2025-02-28T23:02:22.854+00:00",NA,"http://creativecommons.org/licenses/by/4.0/legalcode",FALSE,"https://darwinweb.africamuseum.be/object/893d2c39-9fc7-4d73-b636-36ef92f5c7d3","none","none",FALSE,NA,"De Vos L.","De Vos L.","WGS84","RW","none","none","AFRICA","Rwanda","EUROPE",NA,"https://darwinweb.africamuseum.be/object/893d2c39-9fc7-4d73-b636-36ef92f5c7d3",NA,NA,"4454510610",NA,"VER-FIS","https://darwinweb.africamuseum.be/object/893d2c39-9fc7-4d73-b636-36ef92f5c7d3",NA,"BE_RMCA_Vert.1986.012.P.0050-0067","RMCA",NA,NA,NA,"Barbus apleurogramma Boulenger, 1911",NA,NA,NA,NA,NA,NA,NA,18,NA,"2784e794-f70f-4455-854d-110f8ab37d19","2406d0ea-4647-4181-903d-b523057b208c",NA,"https://ror.org/001805t51",NA,NA,NA,NA,NA,NA,NA,NA,NA,"Gisenyi, mare près de l'embouchure de la Sebeya",NA,NA,NA,NA,NA,NA,NA,NA,NA,NA,NA,NA,NA,NA,NA,NA,NA,NA,NA,NA,NA,NA,NA,NA,NA,NA,NA,NA,NA,NA,NA,NA,NA,NA,NA,"893d2c39-9fc7-4d73-b636-36ef92f5c7d3",NA,NA,NA,NA,NA,NA,NA,NA,NA,NA,NA,NA,NA,NA,NA,NA,NA,NA,NA,NA,NA,NA,NA,NA,NA,NA,NA,NA,NA,NA,NA,NA,NA,NA,NA,NA,NA,NA,NA,NA,NA,NA,NA,NA,NA,NA,NA,NA,NA,"Lake","Lake Kivu",2415288353.60194,"Barbus apleurogramma"
"4454533763","Barbus apleurogramma Boulenger, 1911",-1.7,29.25,"cdc,gass84,osiic","9cfa6cb6-5833-44b2-97f1-18a3c12fed47","575c52b0-a742-11db-a6ff-b8a03c50a862","96dec937-f8d1-4d18-a8a1-1e9f4ca1aabd","575c52b0-a742-11db-a6ff-b8a03c50a862","BE","EML","2025-02-28T23:01:23.697+00:00","2025-02-28T23:02:25.039+00:00",71,"PRESERVED_SPECIMEN","PRESENT",5207034,1,44,1153,7336,2363128,9573924,9573924,"Enteromius apleurogramma (Boulenger, 1911)","Animalia","Chordata","Cypriniformes","Cyprinidae","Enteromius","Enteromius apleurogramma","Barbus","apleurogramma","SPECIES","SYNONYM","LC","1986-01-01T00:00:00",NA,"AFRICA",NA,1985,12,30,"1985-12-30",364,364,NA,"2025-02-28T23:02:25.039+00:00",NA,"http://creativecommons.org/licenses/by/4.0/legalcode",FALSE,"https://darwinweb.africamuseum.be/object/bcff07c2-a59b-48f1-80e9-0162d7394268","none","none",FALSE,NA,"De Vos L.","De Vos L.","WGS84","RW","none","none","AFRICA","Rwanda","EUROPE",NA,"https://darwinweb.africamuseum.be/object/bcff07c2-a59b-48f1-80e9-0162d7394268",NA,NA,"4454533763",NA,"VER-FIS","https://darwinweb.africamuseum.be/object/bcff07c2-a59b-48f1-80e9-0162d7394268",NA,"BE_RMCA_Vert.1986.012.P.0068-0069","RMCA",NA,NA,NA,"Barbus apleurogramma Boulenger, 1911",NA,NA,NA,NA,NA,NA,NA,2,NA,"2784e794-f70f-4455-854d-110f8ab37d19","2406d0ea-4647-4181-903d-b523057b208c",NA,"https://ror.org/001805t51",NA,NA,NA,NA,NA,NA,NA,NA,NA,"Gisenyi, mare près de l'embouchure de la Sebeya",NA,NA,NA,NA,NA,NA,NA,NA,NA,NA,NA,NA,NA,NA,NA,NA,NA,NA,NA,NA,NA,NA,NA,NA,NA,NA,NA,NA,NA,NA,NA,NA,NA,NA,NA,"bcff07c2-a59b-48f1-80e9-0162d7394268",NA,NA,NA,NA,NA,NA,NA,NA,NA,NA,NA,NA,NA,NA,NA,NA,NA,NA,NA,NA,NA,NA,NA,NA,NA,NA,NA,NA,NA,NA,NA,NA,NA,NA,NA,NA,NA,NA,NA,NA,NA,NA,NA,NA,NA,NA,NA,NA,NA,"Lake","Lake Kivu",2415288353.60194,"Barbus apleurogramma"
"1230368061","Barbus arcislongae Keilhack, 1908",-14.083333,34.833332,"","1aaec653-c71c-4695-9b6e-0e26214dd817","cecc196e-f262-4986-a88a-6adf035dca0e","6adeff08-3d1e-4977-8524-24d3f58ab403","cecc196e-f262-4986-a88a-6adf035dca0e","ZA","EML","2025-01-22T00:53:29.548+00:00","2025-02-06T18:10:32.421+00:00",458,"PRESERVED_SPECIMEN","PRESENT",5207159,1,44,1153,7336,2363128,9293942,9293942,"Enteromius arcislongae (Keilhack, 1908)","Animalia","Chordata","Cypriniformes","Cyprinidae","Enteromius","Enteromius arcislongae","Barbus","arcislongae","SPECIES","SYNONYM","LC",NA,NA,"AFRICA",NA,1982,5,7,"1982-05-07",127,127,"2001-08-30T17:09:04.000+00:00","2025-02-06T18:10:32.421+00:00",NA,"http://creativecommons.org/licenses/by/4.0/legalcode",FALSE,"286bbd61-fc21-11e2-ac3f-081965b14959","none","none",FALSE,NA,"Denis Tweddle",NA,"WGS84","MW","none","none","AFRICA","Malawi","AFRICA","SAIAB","286bbd61-fc21-11e2-ac3f-081965b14959",NA,NA,"1230368061",NA,"FC","286bbd61-fc21-11e2-ac3f-081965b14959",NA,"34897","SAIAB",NA,NA,"480868d9-fc21-11e2-ac3f-081965b14959","Barbus arcislongae Keilhack, 1908",NA,NA,NA,NA,NA,NA,NA,NA,"Africa|Malawi","a90ba963-9569-4b96-8d56-452aa7b83f75","a7d9ed64-4668-41b3-a862-27d87c50bfed","Whole specimen/s - 12","urn:lsid:biocol.org:col:34984","WGS84",NA,NA,"http://grscicoll.org/institutional-collection/national-fish-collection-0",NA,NA,NA,"Geodetic datum assumed to be WGS84.",NA,"Nkandwe Stream",NA,NA,NA,NA,NA,NA,NA,NA,NA,NA,NA,NA,NA,"8e30b684-6a54-4aba-aa73-66201c2c736e","38167e6b-fc21-11e2-ac3f-081965b14959","Enteromius arcislongae",NA,"en","PhysicalObject","Enteromius arcislongae (current)","3f4a4bb3-fc21-11e2-ac3f-081965b14959","SAIAB",NA,NA,NA,NA,NA,NA,NA,"Collection Manager",NA,NA,NA,NA,NA,NA,NA,NA,NA,NA,NA,"requires verification",NA,NA,NA,NA,NA,NA,NA,NA,NA,NA,NA,NA,NA,NA,NA,NA,NA,NA,NA,NA,NA,NA,NA,NA,NA,NA,NA,NA,NA,NA,NA,NA,NA,NA,NA,NA,NA,NA,NA,NA,NA,NA,NA,"Lake","Lake Malawi",28951795749.1886,"Barbus arcislongae"
"4454559581","Barbus kerstenii Peters, 1868",-1.7,29.25,"cdc,gass84,osiic","9cfa6cb6-5833-44b2-97f1-18a3c12fed47","575c52b0-a742-11db-a6ff-b8a03c50a862","96dec937-f8d1-4d18-a8a1-1e9f4ca1aabd","575c52b0-a742-11db-a6ff-b8a03c50a862","BE","EML","2025-02-28T23:01:23.697+00:00","2025-02-28T23:02:27.138+00:00",71,"PRESERVED_SPECIMEN","PRESENT",5206847,1,44,1153,7336,2363128,9461154,9461154,"Enteromius kerstenii (Peters, 1868)","Animalia","Chordata","Cypriniformes","Cyprinidae","Enteromius","Enteromius kerstenii","Barbus","kerstenii","SPECIES","SYNONYM","LC","1982-01-01T00:00:00",NA,"AFRICA",NA,1981,7,24,"1981-07-24",205,205,NA,"2025-02-28T23:02:27.138+00:00",NA,"http://creativecommons.org/licenses/by/4.0/legalcode",FALSE,"https://darwinweb.africamuseum.be/object/af12e367-bd66-46cc-84bd-88cda23ed532","none","none",FALSE,NA,NA,"Thys van den Audenaerde Dirk","WGS84","RW","none","none","AFRICA","Rwanda","EUROPE",NA,"https://darwinweb.africamuseum.be/object/af12e367-bd66-46cc-84bd-88cda23ed532",NA,NA,"4454559581",NA,"VER-FIS","https://darwinweb.africamuseum.be/object/af12e367-bd66-46cc-84bd-88cda23ed532",NA,"BE_RMCA_Vert.1981.055.P.1087-1105","RMCA",NA,NA,NA,"Barbus kerstenii Peters, 1868",NA,NA,NA,NA,NA,NA,NA,19,NA,"2784e794-f70f-4455-854d-110f8ab37d19","2406d0ea-4647-4181-903d-b523057b208c",NA,"https://ror.org/001805t51",NA,NA,NA,NA,NA,NA,NA,NA,NA,"Gisenyi, langs Sebeya, Kivu meer",NA,NA,NA,NA,NA,NA,NA,NA,NA,NA,NA,NA,NA,NA,NA,NA,NA,NA,NA,NA,NA,NA,NA,NA,NA,NA,NA,NA,NA,NA,NA,NA,NA,NA,NA,"af12e367-bd66-46cc-84bd-88cda23ed532",NA,NA,NA,NA,NA,NA,NA,NA,NA,NA,NA,NA,NA,NA,NA,NA,NA,NA,NA,NA,NA,NA,NA,NA,NA,NA,NA,NA,NA,NA,NA,NA,NA,NA,NA,NA,NA,NA,NA,NA,NA,NA,NA,NA,NA,NA,NA,NA,NA,"Lake","Lake Kivu",2415288353.60194,"Barbus kerstenii"
"4454559016","Barbus kerstenii Peters, 1868",-1.7,29.25,"cdc,gass84,osiic","9cfa6cb6-5833-44b2-97f1-18a3c12fed47","575c52b0-a742-11db-a6ff-b8a03c50a862","96dec937-f8d1-4d18-a8a1-1e9f4ca1aabd","575c52b0-a742-11db-a6ff-b8a03c50a862","BE","EML","2025-02-28T23:01:23.697+00:00","2025-02-28T23:02:27.096+00:00",71,"PRESERVED_SPECIMEN","PRESENT",5206847,1,44,1153,7336,2363128,9461154,9461154,"Enteromius kerstenii (Peters, 1868)","Animalia","Chordata","Cypriniformes","Cyprinidae","Enteromius","Enteromius kerstenii","Barbus","kerstenii","SPECIES","SYNONYM","LC","1982-01-01T00:00:00",NA,"AFRICA",NA,1981,8,12,"1981-08-12",224,224,NA,"2025-02-28T23:02:27.096+00:00",NA,"http://creativecommons.org/licenses/by/4.0/legalcode",FALSE,"https://darwinweb.africamuseum.be/object/dfd2acf2-08f5-4d1d-9610-616a8dde2241","none","none",FALSE,NA,NA,"Thys van den Audenaerde Dirk","WGS84","RW","none","none","AFRICA","Rwanda","EUROPE",NA,"https://darwinweb.africamuseum.be/object/dfd2acf2-08f5-4d1d-9610-616a8dde2241",NA,NA,"4454559016",NA,"VER-FIS","https://darwinweb.africamuseum.be/object/dfd2acf2-08f5-4d1d-9610-616a8dde2241",NA,"BE_RMCA_Vert.1981.055.P.0531","RMCA",NA,NA,NA,"Barbus kerstenii Peters, 1868",NA,NA,NA,NA,NA,NA,NA,1,NA,"2784e794-f70f-4455-854d-110f8ab37d19","2406d0ea-4647-4181-903d-b523057b208c",NA,"https://ror.org/001805t51",NA,NA,NA,NA,NA,NA,NA,NA,NA,"Gisenyi, rotskust Bel Air, Kivu meer",NA,NA,NA,NA,NA,NA,NA,NA,NA,NA,NA,NA,NA,NA,NA,NA,NA,NA,NA,NA,NA,NA,NA,NA,NA,NA,NA,NA,NA,NA,NA,NA,NA,NA,NA,"dfd2acf2-08f5-4d1d-9610-616a8dde2241",NA,NA,NA,NA,NA,NA,NA,NA,NA,NA,NA,NA,NA,NA,NA,NA,NA,NA,NA,NA,NA,NA,NA,NA,NA,NA,NA,NA,NA,NA,NA,NA,NA,NA,NA,NA,NA,NA,NA,NA,NA,NA,NA,NA,NA,NA,NA,NA,NA,"Lake","Lake Kivu",2415288353.60194,"Barbus kerstenii"
"4454509610","Barbus kerstenii Peters, 1868",-1.73333,29.26667,"cdc,gass84,osiic","9cfa6cb6-5833-44b2-97f1-18a3c12fed47","575c52b0-a742-11db-a6ff-b8a03c50a862","96dec937-f8d1-4d18-a8a1-1e9f4ca1aabd","575c52b0-a742-11db-a6ff-b8a03c50a862","BE","EML","2025-02-28T23:01:23.697+00:00","2025-02-28T23:02:22.759+00:00",71,"PRESERVED_SPECIMEN","PRESENT",5206847,1,44,1153,7336,2363128,9461154,9461154,"Enteromius kerstenii (Peters, 1868)","Animalia","Chordata","Cypriniformes","Cyprinidae","Enteromius","Enteromius kerstenii","Barbus","kerstenii","SPECIES","SYNONYM","LC","1981-01-01T00:00:00",NA,"AFRICA",NA,1980,1,2,"1980-01-02",2,2,NA,"2025-02-28T23:02:22.759+00:00",NA,"http://creativecommons.org/licenses/by/4.0/legalcode",FALSE,"https://darwinweb.africamuseum.be/object/ba149724-792b-4e71-9123-082d9e3d59cb","none","none",FALSE,NA,NA,"Coenen, E.","WGS84","RW","none","none","AFRICA","Rwanda","EUROPE",NA,"https://darwinweb.africamuseum.be/object/ba149724-792b-4e71-9123-082d9e3d59cb",NA,NA,"4454509610",NA,"VER-FIS","https://darwinweb.africamuseum.be/object/ba149724-792b-4e71-9123-082d9e3d59cb",NA,"BE_RMCA_Vert.1980.029.P.2088","RMCA",NA,NA,NA,"Barbus kerstenii Peters, 1868",NA,NA,NA,NA,NA,NA,NA,1,NA,"2784e794-f70f-4455-854d-110f8ab37d19","2406d0ea-4647-4181-903d-b523057b208c",NA,"https://ror.org/001805t51",NA,NA,NA,NA,NA,NA,NA,NA,NA,"Kigufi, baai, 10 km ZO van Gissenyi, Kivu meer",NA,NA,NA,NA,NA,NA,NA,NA,NA,NA,NA,NA,NA,NA,NA,NA,NA,NA,NA,NA,NA,NA,NA,NA,NA,NA,NA,NA,NA,NA,NA,NA,NA,NA,NA,"ba149724-792b-4e71-9123-082d9e3d59cb",NA,NA,NA,NA,NA,NA,NA,NA,NA,NA,NA,NA,NA,NA,NA,NA,NA,NA,NA,NA,NA,NA,NA,NA,NA,NA,NA,NA,NA,NA,NA,NA,NA,NA,NA,NA,NA,NA,NA,NA,NA,NA,NA,NA,NA,NA,NA,NA,NA,"Lake","Lake Kivu",2415288353.60194,"Barbus kerstenii"
"1803989735","Enteromius profundus (Greenwood, 1970)",-2.5,32.8333,"cdc,gass84,iddativ,osiic","dc3bfd08-0141-45ae-9603-91ac50cdc33b","a41250f0-7c3e-11d8-a19c-b8a03c50a862","1bd85d67-1c87-4591-988a-44ff22008d3e","a41250f0-7c3e-11d8-a19c-b8a03c50a862","CA","EML","2025-03-11T13:52:08.513+00:00","2025-03-11T13:52:49.495+00:00",422,"PRESERVED_SPECIMEN","PRESENT",9500212,1,44,1153,7336,2363128,9500212,9500212,"Enteromius profundus (Greenwood, 1970)","Animalia","Chordata","Cypriniformes","Cyprinidae","Enteromius","Enteromius profundus","Enteromius","profundus","SPECIES","ACCEPTED","LC",NA,NA,"AFRICA",NA,1980,5,8,"1980-05-08",129,129,"2023-09-08T06:01:00.000+00:00","2025-03-11T13:52:49.495+00:00",NA,"http://creativecommons.org/licenses/by/4.0/legalcode",FALSE,"2978c510-b716-7164-9eb4-cadce513d94e","none","none",FALSE,"Fish","Freshwater Fisheries Training Institute ; Bernacsek, Gary M.","Bernacsek, Gary M.","WGS84","TZ","none","none","AFRICA","Tanzania, United Republic of","NORTH_AMERICA","Canadian Museum of Nature","2978c510-b716-7164-9eb4-cadce513d94e",NA,"1980-05-08; time: 08:30; duration: 7.5 h","1803989735",NA,"CMNFI","2978c510-b716-7164-9eb4-cadce513d94e",NA,"CMNFI 1981-0266.3","CMN",NA,NA,NA,"Enteromius profundus (Greenwood, 1970)",NA,NA,NA,NA,NA,NA,NA,6,NA,"c146edb6-3a82-473c-b337-4acaa92f9513","43ee3421-1758-445c-922b-0a8e8786a434","small jar, adult","http://biocol.org/urn:lsid:biocol.org:col:34935",NA,NA,"Animalia; Chordata; Vertebrata; Gnathostomata; Actinopterygii; Neopterygii; Teleostei; Ostariophysi; Cypriniformes; Cyprinoidea; Cyprinidae; Cyprininae; Barbus;","http://grbio.org/cool/fpjs-vpys",NA,NA,NA,NA,NA,"Lake Victoria, Mwanza Gulf, near Mwanza ; Covert: None; Ice ext.: None; Salinity: Fresh",NA,NA,NA,NA,NA,NA,NA,NA,NA,NA,NA,NA,NA,"99d66b6c-9087-452f-a9d4-f15f2c2d0e7e,2b7c7b4f-4d4f-40d3-94de-c28b6fa054a6",NA,NA,NA,"en","PhysicalObject",NA,"CMNFI 1981-0266",NA,NA,NA,NA,NA,NA,NA,NA,NA,NA,NA,NA,NA,NA,NA,NA,NA,NA,NA,NA,NA,NA,NA,NA,NA,NA,NA,NA,NA,NA,NA,NA,"(CMNFI 1981-0266.3)",NA,NA,NA,NA,NA,NA,NA,NA,"https://doi.org/10.15468/va0trp",NA,NA,NA,NA,NA,NA,NA,NA,NA,NA,NA,NA,NA,NA,NA,NA,NA,NA,NA,NA,NA,NA,"Lake","Lake Victoria",67332250502.7392,"Enteromius profundus"
"1804007815","Enteromius paludinosus (Peters, 1852)",-2.5,32.8333,"cdc,gass84,iddativ,osiic","dc3bfd08-0141-45ae-9603-91ac50cdc33b","a41250f0-7c3e-11d8-a19c-b8a03c50a862","1bd85d67-1c87-4591-988a-44ff22008d3e","a41250f0-7c3e-11d8-a19c-b8a03c50a862","CA","EML","2025-03-11T13:52:08.513+00:00","2025-03-11T13:53:04.305+00:00",422,"PRESERVED_SPECIMEN","PRESENT",9264695,1,44,1153,7336,2363128,9264695,9264695,"Enteromius paludinosus (Peters, 1852)","Animalia","Chordata","Cypriniformes","Cyprinidae","Enteromius","Enteromius paludinosus","Enteromius","paludinosus","SPECIES","ACCEPTED","LC",NA,NA,"AFRICA",NA,1980,5,8,"1980-05-08",129,129,"2023-09-08T06:01:00.000+00:00","2025-03-11T13:53:04.305+00:00",NA,"http://creativecommons.org/licenses/by/4.0/legalcode",FALSE,"74abda41-dbef-bef4-1c87-30a41bdad845","none","none",FALSE,"Fish","Freshwater Fisheries Training Institute ; Bernacsek, Gary M.","Bernacsek, Gary M.","WGS84","TZ","none","none","AFRICA","Tanzania, United Republic of","NORTH_AMERICA","Canadian Museum of Nature","74abda41-dbef-bef4-1c87-30a41bdad845",NA,"1980-05-08; time: 08:30; duration: 7.5 h","1804007815",NA,"CMNFI","74abda41-dbef-bef4-1c87-30a41bdad845",NA,"CMNFI 1981-0266.2","CMN",NA,NA,NA,"Enteromius paludinosus (Peters, 1852)",NA,NA,NA,NA,NA,NA,NA,5,NA,"c146edb6-3a82-473c-b337-4acaa92f9513","43ee3421-1758-445c-922b-0a8e8786a434","fluid","http://biocol.org/urn:lsid:biocol.org:col:34935",NA,NA,"Animalia; Chordata; Vertebrata; Gnathostomata; Actinopterygii; Neopterygii; Teleostei; Ostariophysi; Cypriniformes; Cyprinoidea; Cyprinidae; Cyprininae; Barbus;","http://grbio.org/cool/fpjs-vpys",NA,NA,NA,NA,NA,"Lake Victoria, Mwanza Gulf, near Mwanza ; Covert: None; Ice ext.: None; Salinity: Fresh",NA,NA,NA,NA,NA,NA,NA,NA,NA,NA,NA,NA,NA,"99d66b6c-9087-452f-a9d4-f15f2c2d0e7e,2b7c7b4f-4d4f-40d3-94de-c28b6fa054a6",NA,NA,NA,"en","PhysicalObject",NA,"CMNFI 1981-0266",NA,NA,NA,NA,NA,NA,NA,NA,NA,NA,NA,NA,NA,NA,NA,NA,NA,NA,NA,NA,NA,NA,NA,NA,NA,NA,NA,NA,NA,NA,NA,NA,"(CMNFI 1981-0266.2)",NA,NA,NA,NA,NA,NA,NA,NA,"https://doi.org/10.15468/va0trp",NA,NA,NA,NA,NA,NA,NA,NA,NA,NA,NA,NA,NA,NA,NA,NA,NA,NA,NA,NA,NA,NA,"Lake","Lake Victoria",67332250502.7392,"Enteromius paludinosus"
"1804014399","Enteromius profundus (Greenwood, 1970)",-2.5,32.8333,"cdc,gass84,iddativ,osiic","dc3bfd08-0141-45ae-9603-91ac50cdc33b","a41250f0-7c3e-11d8-a19c-b8a03c50a862","1bd85d67-1c87-4591-988a-44ff22008d3e","a41250f0-7c3e-11d8-a19c-b8a03c50a862","CA","EML","2025-03-11T13:52:08.513+00:00","2025-03-11T13:53:01.120+00:00",422,"PRESERVED_SPECIMEN","PRESENT",9500212,1,44,1153,7336,2363128,9500212,9500212,"Enteromius profundus (Greenwood, 1970)","Animalia","Chordata","Cypriniformes","Cyprinidae","Enteromius","Enteromius profundus","Enteromius","profundus","SPECIES","ACCEPTED","LC",NA,NA,"AFRICA",NA,1980,5,7,"1980-05-07",128,128,"2023-09-08T06:01:00.000+00:00","2025-03-11T13:53:01.120+00:00",NA,"http://creativecommons.org/licenses/by/4.0/legalcode",FALSE,"90a2a41a-5dd6-dd64-4593-4ce1769fbdad","none","none",FALSE,"Fish","Oijen, M. van ; Bernacsek, Gary M.","Bernacsek, Gary M.","WGS84","TZ","none","none","AFRICA","Tanzania, United Republic of","NORTH_AMERICA","Canadian Museum of Nature","90a2a41a-5dd6-dd64-4593-4ce1769fbdad",NA,"1980-05-07; time: 10:00","1804014399",NA,"CMNFI","90a2a41a-5dd6-dd64-4593-4ce1769fbdad",NA,"CMNFI 1981-0262.1","CMN",NA,NA,NA,"Enteromius profundus (Greenwood, 1970)",NA,NA,NA,NA,NA,NA,NA,15,NA,"c146edb6-3a82-473c-b337-4acaa92f9513","43ee3421-1758-445c-922b-0a8e8786a434","fluid","http://biocol.org/urn:lsid:biocol.org:col:34935",NA,NA,"Animalia; Chordata; Vertebrata; Gnathostomata; Actinopterygii; Neopterygii; Teleostei; Ostariophysi; Cypriniformes; Cyprinoidea; Cyprinidae; Cyprininae; Barbus;","http://grbio.org/cool/fpjs-vpys",NA,NA,NA,NA,NA,"Lake Victoria, Mwanza Gulf, Butimba Bay near Mwanza ; Shore: Submergent; Covert: None; Ice ext.: None; Weather: Clear and sunny; Salinity: Fresh",NA,NA,NA,NA,NA,NA,NA,NA,NA,NA,NA,NA,NA,"99d66b6c-9087-452f-a9d4-f15f2c2d0e7e,2b7c7b4f-4d4f-40d3-94de-c28b6fa054a6",NA,NA,NA,"en","PhysicalObject",NA,"CMNFI 1981-0262",NA,NA,NA,NA,NA,NA,NA,NA,NA,NA,NA,NA,NA,NA,NA,NA,NA,NA,NA,NA,NA,NA,NA,NA,NA,NA,NA,NA,NA,NA,NA,NA,"(CMNFI 1981-0262.1)",NA,NA,NA,NA,NA,NA,NA,NA,"https://doi.org/10.15468/va0trp",NA,NA,NA,NA,NA,NA,NA,NA,NA,NA,NA,NA,NA,NA,NA,NA,NA,NA,NA,NA,NA,NA,"Lake","Lake Victoria",67332250502.7392,"Enteromius profundus"
"1981043753","Enteromius macrotaenia (Worthington, 1933)",-14.0325,34.8161,"osiic,inmafu","96419bea-f762-11e1-a439-00145eb45e9a","2e167bb0-4441-11db-9ba2-b8a03c50a862","a974d1b0-37fa-442b-bf5e-47159b201779","2e167bb0-4441-11db-9ba2-b8a03c50a862","US","EML","2025-03-11T13:36:43.124+00:00","2025-03-11T13:38:11.905+00:00",2553,"PRESERVED_SPECIMEN","PRESENT",9303132,1,44,1153,7336,2363128,9303132,9303132,"Enteromius macrotaenia (Worthington, 1933)","Animalia","Chordata","Cypriniformes","Cyprinidae","Enteromius","Enteromius macrotaenia","Enteromius","macrotaenia","SPECIES","ACCEPTED","LC","2017-01-01T00:00:00",1000,"AFRICA",NA,1980,8,13,"1980-08-13",226,226,"2024-10-12T17:36:53.000+00:00","2025-03-11T13:38:11.905+00:00","http://collections.peabody.yale.edu/search/Record/YPM-ICH-030233","http://creativecommons.org/publicdomain/zero/1.0/legalcode",FALSE,"urn:uuid:5bfc3f85-7ef7-4ee4-868d-99ff2faa04ab","none","none",FALSE,NA,"Michael K. Oliver, Kenneth R. McKaye, T. D. Kocher","Michael K. Oliver","WGS84","MW","none","none","AFRICA","Malawi","NORTH_AMERICA","Yale Peabody Museum","urn:uuid:5bfc3f85-7ef7-4ee4-868d-99ff2faa04ab",NA,NA,"1981043753",NA,"VZ","urn:uuid:5bfc3f85-7ef7-4ee4-868d-99ff2faa04ab",NA,"YPM ICH 030233","YPM",NA,NA,NA,"Enteromius macrotaenia (Worthington, 1933)",NA,"{ ""irn"": ""1777301"", ""solr_long_lat"": ""34.8161,-14.0325"" }",NA,NA,"ICH number 30233; lot count 1; accn=VZA.00495",NA,NA,1,"Africa; Malawi","75f50140-830d-4630-a290-3d6e951a7c29","d3dd565a-9094-409d-bc41-cff9e7fbd23a","10% form.->70% alc.->dry",NA,NA,NA,"Animalia; Chordata; Vertebrata; Gnathostomata; Actinopterygii; Neopterygii-Teleostei-Euteleostei; Ostariophysi-Otophysi; Cypriniformes; Cyprinoidea; Cyprinidae",NA,NA,NA,NA,NA,NA,"Lake Malawi. ~1 km NNW of Otter Island (MKO80-115 )","0-2 m",NA,NA,NA,NA,NA,NA,NA,NA,NA,NA,NA,NA,"99d66b6c-9087-452f-a9d4-f15f2c2d0e7e",NA,NA,"MKO80-115","http://creativecommons.org/publicdomain/zero/1.0/","PhysicalObject","Enteromius macrotaenia",NA,"YPM",NA,NA,NA,NA,NA,NA,NA,"Michael K. Oliver",NA,NA,NA,"carps; minnows; ray-finned fishes; vertebrates; chordates; animals",NA,NA,NA,NA,NA,NA,"2020-09-23",NA,"Google Earth",NA,NA,NA,1,1,NA,NA,NA,NA,"ICZN","Enteromius macrotaenia (YPM ICH 030233)","Open Access, http://creativecommons.org/publicdomain/zero/1.0/; see Yale Peabody policies at: http://hdl.handle.net/10079/8931zqj","digital resource",NA,NA,NA,"in collection",NA,NA,"0",NA,NA,NA,NA,NA,"Oliver, Michael K. & McKaye, Kenneth R. 1982. Floating Islands: A Means of Fish Dispersal in Lake Malawi, Africa. Copeia 1982: 748-754.",NA,"Det. by: Michael K. Oliver 2017; See: Oliver, Michael K. & McKaye, Kenneth R. 1982. Floating Islands: A Means of Fish Dispersal in Lake Malawi, Africa. Copeia 1982: 748-754.",NA,NA,NA,NA,NA,NA,NA,NA,NA,NA,"Animals and Plants: Vertebrates - Fish",NA,NA,NA,"Lake","Lake Malawi",28951795749.1886,"Enteromius macrotaenia"
"4454490815","Barbus kerstenii Peters, 1868",-1.7,29.25,"cdc,gass84,osiic","9cfa6cb6-5833-44b2-97f1-18a3c12fed47","575c52b0-a742-11db-a6ff-b8a03c50a862","96dec937-f8d1-4d18-a8a1-1e9f4ca1aabd","575c52b0-a742-11db-a6ff-b8a03c50a862","BE","EML","2025-02-28T23:01:23.697+00:00","2025-02-28T23:02:20.682+00:00",71,"PRESERVED_SPECIMEN","PRESENT",5206847,1,44,1153,7336,2363128,9461154,9461154,"Enteromius kerstenii (Peters, 1868)","Animalia","Chordata","Cypriniformes","Cyprinidae","Enteromius","Enteromius kerstenii","Barbus","kerstenii","SPECIES","SYNONYM","LC","1981-01-01T00:00:00",NA,"AFRICA",NA,1980,9,8,"1980-09-08",252,252,NA,"2025-02-28T23:02:20.682+00:00",NA,"http://creativecommons.org/licenses/by/4.0/legalcode",FALSE,"https://darwinweb.africamuseum.be/object/e3cc03b8-ef96-46fe-963e-298818010f51","none","none",FALSE,NA,NA,"Coenen, E.","WGS84","RW","none","none","AFRICA","Rwanda","EUROPE",NA,"https://darwinweb.africamuseum.be/object/e3cc03b8-ef96-46fe-963e-298818010f51",NA,NA,"4454490815",NA,"VER-FIS","https://darwinweb.africamuseum.be/object/e3cc03b8-ef96-46fe-963e-298818010f51",NA,"BE_RMCA_Vert.1980.049.P.3784-3795","RMCA",NA,NA,NA,"Barbus kerstenii Peters, 1868",NA,NA,NA,NA,NA,NA,NA,12,NA,"2784e794-f70f-4455-854d-110f8ab37d19","2406d0ea-4647-4181-903d-b523057b208c",NA,"https://ror.org/001805t51",NA,NA,NA,NA,NA,NA,NA,NA,NA,"Gisenyi, 0-12 km van Gisenyi, Kivu meer",NA,NA,NA,NA,NA,NA,NA,NA,NA,NA,NA,NA,NA,NA,NA,NA,NA,NA,NA,NA,NA,NA,NA,NA,NA,NA,NA,NA,NA,NA,NA,NA,NA,NA,NA,"e3cc03b8-ef96-46fe-963e-298818010f51",NA,NA,NA,NA,NA,NA,NA,NA,NA,NA,NA,NA,NA,NA,NA,NA,NA,NA,NA,NA,NA,NA,NA,NA,NA,NA,NA,NA,NA,NA,NA,NA,NA,NA,NA,NA,NA,NA,NA,NA,NA,NA,NA,NA,NA,NA,NA,NA,NA,"Lake","Lake Kivu",2415288353.60194,"Barbus kerstenii"
"2248090927","Enteromius radiatus (Peters, 1853)",-14.039,34.823,"cdc,cudc,osu","1ccf6240-9a89-4c0e-bf1a-3e4ddd6197ba","d44af9a3-e779-40c0-a186-79e7717c6d2b","07303f46-d2eb-452c-8a8b-84ed2077ae86","b43aa701-bc51-40a4-9f6c-b37e41d0e660","ZZ","EML","2025-01-23T14:37:27.253+00:00","2025-01-31T18:14:11.554+00:00",139,"HUMAN_OBSERVATION","PRESENT",9252016,1,44,1153,7336,2363128,9252016,9252016,"Enteromius radiatus (Peters, 1853)","Animalia","Chordata","Cypriniformes","Cyprinidae","Enteromius","Enteromius radiatus","Enteromius","radiatus","SPECIES","ACCEPTED","LC",NA,NA,"AFRICA",NA,1980,NA,NA,"1980",NA,NA,NA,"2025-01-31T18:14:11.554+00:00",NA,"http://creativecommons.org/licenses/by-nc/4.0/legalcode",FALSE,"IUCN_FBU_LMNNC_3048","none","none",FALSE,NA,NA,NA,"WGS84","MW","none","none","AFRICA","Malawi",NA,NA,"IUCN_FBU_LMNNC_3048",NA,NA,"2248090927",NA,NA,"IUCN_FBU_LMNNC_3048",NA,NA,"Denis Tweddle",NA,NA,NA,"Enteromius radiatus (Peters, 1853)",NA,NA,NA,NA,NA,NA,NA,NA,NA,NA,NA,NA,NA,NA,NA,NA,NA,NA,NA,NA,"Otter point, Cape Maclear",NA,NA,NA,NA,NA,NA,NA,NA,NA,NA,NA,NA,NA,NA,NA,NA,NA,NA,NA,NA,NA,NA,NA,NA,NA,NA,NA,NA,NA,NA,NA,NA,NA,NA,NA,NA,NA,NA,NA,NA,NA,NA,NA,NA,NA,NA,NA,NA,NA,NA,NA,NA,NA,NA,NA,NA,NA,NA,NA,NA,NA,NA,NA,NA,NA,NA,NA,NA,NA,NA,NA,"1",NA,NA,NA,NA,NA,NA,NA,NA,NA,NA,NA,NA,NA,NA,NA,"Lake","Lake Malawi",28951795749.1886,"Enteromius radiatus"
"4454536849","Barbus kerstenii Peters, 1868",-1.73333,29.26667,"cdc,gass84,osiic","9cfa6cb6-5833-44b2-97f1-18a3c12fed47","575c52b0-a742-11db-a6ff-b8a03c50a862","96dec937-f8d1-4d18-a8a1-1e9f4ca1aabd","575c52b0-a742-11db-a6ff-b8a03c50a862","BE","EML","2025-02-28T23:01:23.697+00:00","2025-02-28T23:02:25.323+00:00",71,"PRESERVED_SPECIMEN","PRESENT",5206847,1,44,1153,7336,2363128,9461154,9461154,"Enteromius kerstenii (Peters, 1868)","Animalia","Chordata","Cypriniformes","Cyprinidae","Enteromius","Enteromius kerstenii","Barbus","kerstenii","SPECIES","SYNONYM","LC","1980-01-01T00:00:00",NA,"AFRICA",NA,1979,8,10,"1979-08-10",222,222,NA,"2025-02-28T23:02:25.323+00:00",NA,"http://creativecommons.org/licenses/by/4.0/legalcode",FALSE,"https://darwinweb.africamuseum.be/object/2ed7cc85-c29b-45c7-b53d-4e85b1926f55","none","none",FALSE,NA,NA,"Thys van den Audenaerde Dirk","WGS84","RW","none","none","AFRICA","Rwanda","EUROPE",NA,"https://darwinweb.africamuseum.be/object/2ed7cc85-c29b-45c7-b53d-4e85b1926f55",NA,NA,"4454536849",NA,"VER-FIS","https://darwinweb.africamuseum.be/object/2ed7cc85-c29b-45c7-b53d-4e85b1926f55",NA,"BE_RMCA_Vert.1979.031.P.1021-1026","RMCA",NA,NA,NA,"Barbus kerstenii Peters, 1868",NA,NA,NA,NA,NA,NA,NA,6,NA,"2784e794-f70f-4455-854d-110f8ab37d19","2406d0ea-4647-4181-903d-b523057b208c",NA,"https://ror.org/001805t51",NA,NA,NA,NA,NA,NA,NA,NA,NA,"Kigufi, baai, 10 km ZO van Gissenyi, lac Kivu",NA,NA,NA,NA,NA,NA,NA,NA,NA,NA,NA,NA,NA,NA,NA,NA,NA,NA,NA,NA,NA,NA,NA,NA,NA,NA,NA,NA,NA,NA,NA,NA,NA,NA,NA,"2ed7cc85-c29b-45c7-b53d-4e85b1926f55",NA,NA,NA,NA,NA,NA,NA,NA,NA,NA,NA,NA,NA,NA,NA,NA,NA,NA,NA,NA,NA,NA,NA,NA,NA,NA,NA,NA,NA,NA,NA,NA,NA,NA,NA,NA,NA,NA,NA,NA,NA,NA,NA,NA,NA,NA,NA,NA,NA,"Lake","Lake Kivu",2415288353.60194,"Barbus kerstenii"
"4454473212","Barbus kerstenii Peters, 1868",-1.7,29.25,"cdc,gass84,osiic","9cfa6cb6-5833-44b2-97f1-18a3c12fed47","575c52b0-a742-11db-a6ff-b8a03c50a862","96dec937-f8d1-4d18-a8a1-1e9f4ca1aabd","575c52b0-a742-11db-a6ff-b8a03c50a862","BE","EML","2025-02-28T23:01:23.697+00:00","2025-02-28T23:02:17.753+00:00",71,"PRESERVED_SPECIMEN","PRESENT",5206847,1,44,1153,7336,2363128,9461154,9461154,"Enteromius kerstenii (Peters, 1868)","Animalia","Chordata","Cypriniformes","Cyprinidae","Enteromius","Enteromius kerstenii","Barbus","kerstenii","SPECIES","SYNONYM","LC","1980-01-01T00:00:00",NA,"AFRICA",NA,1979,8,15,"1979-08-15",227,227,NA,"2025-02-28T23:02:17.753+00:00",NA,"http://creativecommons.org/licenses/by/4.0/legalcode",FALSE,"https://darwinweb.africamuseum.be/object/3167787b-04d8-429e-854f-f9a22861dedf","none","none",FALSE,NA,NA,"Thys van den Audenaerde Dirk","WGS84","RW","none","none","AFRICA","Rwanda","EUROPE",NA,"https://darwinweb.africamuseum.be/object/3167787b-04d8-429e-854f-f9a22861dedf",NA,NA,"4454473212",NA,"VER-FIS","https://darwinweb.africamuseum.be/object/3167787b-04d8-429e-854f-f9a22861dedf",NA,"BE_RMCA_Vert.1979.031.P.1058","RMCA",NA,NA,NA,"Barbus kerstenii Peters, 1868",NA,NA,NA,NA,NA,NA,NA,1,NA,"2784e794-f70f-4455-854d-110f8ab37d19","2406d0ea-4647-4181-903d-b523057b208c",NA,"https://ror.org/001805t51",NA,NA,NA,NA,NA,NA,NA,NA,NA,"Gissenyi, monding rivier Sebeya, lac Kivu",NA,NA,NA,NA,NA,NA,NA,NA,NA,NA,NA,NA,NA,NA,NA,NA,NA,NA,NA,NA,NA,NA,NA,NA,NA,NA,NA,NA,NA,NA,NA,NA,NA,NA,NA,"3167787b-04d8-429e-854f-f9a22861dedf",NA,NA,NA,NA,NA,NA,NA,NA,NA,NA,NA,NA,NA,NA,NA,NA,NA,NA,NA,NA,NA,NA,NA,NA,NA,NA,NA,NA,NA,NA,NA,NA,NA,NA,NA,NA,NA,NA,NA,NA,NA,NA,NA,NA,NA,NA,NA,NA,NA,"Lake","Lake Kivu",2415288353.60194,"Barbus kerstenii"
"4454560094","Barbus kerstenii Peters, 1868",-1.73333,29.26667,"cdc,gass84,osiic","9cfa6cb6-5833-44b2-97f1-18a3c12fed47","575c52b0-a742-11db-a6ff-b8a03c50a862","96dec937-f8d1-4d18-a8a1-1e9f4ca1aabd","575c52b0-a742-11db-a6ff-b8a03c50a862","BE","EML","2025-02-28T23:01:23.697+00:00","2025-02-28T23:02:27.181+00:00",71,"PRESERVED_SPECIMEN","PRESENT",5206847,1,44,1153,7336,2363128,9461154,9461154,"Enteromius kerstenii (Peters, 1868)","Animalia","Chordata","Cypriniformes","Cyprinidae","Enteromius","Enteromius kerstenii","Barbus","kerstenii","SPECIES","SYNONYM","LC","1980-01-01T00:00:00",NA,"AFRICA",NA,1979,8,10,"1979-08-10",222,222,NA,"2025-02-28T23:02:27.181+00:00",NA,"http://creativecommons.org/licenses/by/4.0/legalcode",FALSE,"https://darwinweb.africamuseum.be/object/5d3b2b6c-b0d6-487b-a2e6-bfa6f669d911","none","none",FALSE,NA,NA,"Thys van den Audenaerde Dirk","WGS84","RW","none","none","AFRICA","Rwanda","EUROPE",NA,"https://darwinweb.africamuseum.be/object/5d3b2b6c-b0d6-487b-a2e6-bfa6f669d911",NA,NA,"4454560094",NA,"VER-FIS","https://darwinweb.africamuseum.be/object/5d3b2b6c-b0d6-487b-a2e6-bfa6f669d911",NA,"BE_RMCA_Vert.1979.031.P.1027-1030","RMCA",NA,NA,NA,"Barbus kerstenii Peters, 1868",NA,NA,NA,NA,NA,NA,NA,4,NA,"2784e794-f70f-4455-854d-110f8ab37d19","2406d0ea-4647-4181-903d-b523057b208c",NA,"https://ror.org/001805t51",NA,NA,NA,NA,NA,NA,NA,NA,NA,"Kigufi, baai, 10 km ZO van Gissenyi, lac Kivu",NA,NA,NA,NA,NA,NA,NA,NA,NA,NA,NA,NA,NA,NA,NA,NA,NA,NA,NA,NA,NA,NA,NA,NA,NA,NA,NA,NA,NA,NA,NA,NA,NA,NA,NA,"5d3b2b6c-b0d6-487b-a2e6-bfa6f669d911",NA,NA,NA,NA,NA,NA,NA,NA,NA,NA,NA,NA,NA,NA,NA,NA,NA,NA,NA,NA,NA,NA,NA,NA,NA,NA,NA,NA,NA,NA,NA,NA,NA,NA,NA,NA,NA,NA,NA,NA,NA,NA,NA,NA,NA,NA,NA,NA,NA,"Lake","Lake Kivu",2415288353.60194,"Barbus kerstenii"
"4454480563","Barbus kerstenii Peters, 1868",-1.7,29.25,"cdc,gass84,osiic","9cfa6cb6-5833-44b2-97f1-18a3c12fed47","575c52b0-a742-11db-a6ff-b8a03c50a862","96dec937-f8d1-4d18-a8a1-1e9f4ca1aabd","575c52b0-a742-11db-a6ff-b8a03c50a862","BE","EML","2025-02-28T23:01:23.697+00:00","2025-02-28T23:02:19.345+00:00",71,"PRESERVED_SPECIMEN","PRESENT",5206847,1,44,1153,7336,2363128,9461154,9461154,"Enteromius kerstenii (Peters, 1868)","Animalia","Chordata","Cypriniformes","Cyprinidae","Enteromius","Enteromius kerstenii","Barbus","kerstenii","SPECIES","SYNONYM","LC","1980-01-01T00:00:00",NA,"AFRICA",NA,1979,8,8,"1979-08-08",220,220,NA,"2025-02-28T23:02:19.345+00:00",NA,"http://creativecommons.org/licenses/by/4.0/legalcode",FALSE,"https://darwinweb.africamuseum.be/object/63c174c2-2338-426b-9817-3503b861de6c","none","none",FALSE,NA,NA,"Thys van den Audenaerde Dirk","WGS84","RW","none","none","AFRICA","Rwanda","EUROPE",NA,"https://darwinweb.africamuseum.be/object/63c174c2-2338-426b-9817-3503b861de6c",NA,NA,"4454480563",NA,"VER-FIS","https://darwinweb.africamuseum.be/object/63c174c2-2338-426b-9817-3503b861de6c",NA,"BE_RMCA_Vert.1979.031.P.1258-1261","RMCA",NA,NA,NA,"Barbus kerstenii Peters, 1868",NA,NA,NA,NA,NA,NA,NA,4,NA,"2784e794-f70f-4455-854d-110f8ab37d19","2406d0ea-4647-4181-903d-b523057b208c",NA,"https://ror.org/001805t51",NA,NA,NA,NA,NA,NA,NA,NA,NA,"Gissenyi, strand, Kivu meer",NA,NA,NA,NA,NA,NA,NA,NA,NA,NA,NA,NA,NA,NA,NA,NA,NA,NA,NA,NA,NA,NA,NA,NA,NA,NA,NA,NA,NA,NA,NA,NA,NA,NA,NA,"63c174c2-2338-426b-9817-3503b861de6c",NA,NA,NA,NA,NA,NA,NA,NA,NA,NA,NA,NA,NA,NA,NA,NA,NA,NA,NA,NA,NA,NA,NA,NA,NA,NA,NA,NA,NA,NA,NA,NA,NA,NA,NA,NA,NA,NA,NA,NA,NA,NA,NA,NA,NA,NA,NA,NA,NA,"Lake","Lake Kivu",2415288353.60194,"Barbus kerstenii"
"4454551609","Barbus kerstenii Peters, 1868",-1.73333,29.26667,"cdc,gass84,osiic","9cfa6cb6-5833-44b2-97f1-18a3c12fed47","575c52b0-a742-11db-a6ff-b8a03c50a862","96dec937-f8d1-4d18-a8a1-1e9f4ca1aabd","575c52b0-a742-11db-a6ff-b8a03c50a862","BE","EML","2025-02-28T23:01:23.697+00:00","2025-02-28T23:02:26.515+00:00",71,"PRESERVED_SPECIMEN","PRESENT",5206847,1,44,1153,7336,2363128,9461154,9461154,"Enteromius kerstenii (Peters, 1868)","Animalia","Chordata","Cypriniformes","Cyprinidae","Enteromius","Enteromius kerstenii","Barbus","kerstenii","SPECIES","SYNONYM","LC","1980-01-01T00:00:00",NA,"AFRICA",NA,1979,8,11,"1979-08-11",223,223,NA,"2025-02-28T23:02:26.515+00:00",NA,"http://creativecommons.org/licenses/by/4.0/legalcode",FALSE,"https://darwinweb.africamuseum.be/object/7a52ade9-505d-4779-ba2d-e63e7212adf3","none","none",FALSE,NA,NA,"Thys van den Audenaerde Dirk","WGS84","RW","none","none","AFRICA","Rwanda","EUROPE",NA,"https://darwinweb.africamuseum.be/object/7a52ade9-505d-4779-ba2d-e63e7212adf3",NA,NA,"4454551609",NA,"VER-FIS","https://darwinweb.africamuseum.be/object/7a52ade9-505d-4779-ba2d-e63e7212adf3",NA,"BE_RMCA_Vert.1979.031.P.1036-1057","RMCA",NA,NA,NA,"Barbus kerstenii Peters, 1868",NA,NA,NA,NA,NA,NA,NA,22,NA,"2784e794-f70f-4455-854d-110f8ab37d19","2406d0ea-4647-4181-903d-b523057b208c",NA,"https://ror.org/001805t51",NA,NA,NA,NA,NA,NA,NA,NA,NA,"Kigufi, baai, 10 km ZO van Gissenyi, lac Kivu",NA,NA,NA,NA,NA,NA,NA,NA,NA,NA,NA,NA,NA,NA,NA,NA,NA,NA,NA,NA,NA,NA,NA,NA,NA,NA,NA,NA,NA,NA,NA,NA,NA,NA,NA,"7a52ade9-505d-4779-ba2d-e63e7212adf3",NA,NA,NA,NA,NA,NA,NA,NA,NA,NA,NA,NA,NA,NA,NA,NA,NA,NA,NA,NA,NA,NA,NA,NA,NA,NA,NA,NA,NA,NA,NA,NA,NA,NA,NA,NA,NA,NA,NA,NA,NA,NA,NA,NA,NA,NA,NA,NA,NA,"Lake","Lake Kivu",2415288353.60194,"Barbus kerstenii"
"4454534186","Barbus kerstenii Peters, 1868",-1.7,29.25,"cdc,gass84,osiic","9cfa6cb6-5833-44b2-97f1-18a3c12fed47","575c52b0-a742-11db-a6ff-b8a03c50a862","96dec937-f8d1-4d18-a8a1-1e9f4ca1aabd","575c52b0-a742-11db-a6ff-b8a03c50a862","BE","EML","2025-02-28T23:01:23.697+00:00","2025-02-28T23:02:25.079+00:00",71,"PRESERVED_SPECIMEN","PRESENT",5206847,1,44,1153,7336,2363128,9461154,9461154,"Enteromius kerstenii (Peters, 1868)","Animalia","Chordata","Cypriniformes","Cyprinidae","Enteromius","Enteromius kerstenii","Barbus","kerstenii","SPECIES","SYNONYM","LC","1980-01-01T00:00:00",NA,"AFRICA",NA,1979,8,15,"1979-08-15",227,227,NA,"2025-02-28T23:02:25.079+00:00",NA,"http://creativecommons.org/licenses/by/4.0/legalcode",FALSE,"https://darwinweb.africamuseum.be/object/81a6faf6-c44a-45e2-87ed-85a07639b7dc","none","none",FALSE,NA,NA,"Thys van den Audenaerde Dirk","WGS84","RW","none","none","AFRICA","Rwanda","EUROPE",NA,"https://darwinweb.africamuseum.be/object/81a6faf6-c44a-45e2-87ed-85a07639b7dc",NA,NA,"4454534186",NA,"VER-FIS","https://darwinweb.africamuseum.be/object/81a6faf6-c44a-45e2-87ed-85a07639b7dc",NA,"BE_RMCA_Vert.1979.031.P.1173-1203","RMCA",NA,NA,NA,"Barbus kerstenii Peters, 1868",NA,NA,NA,NA,NA,NA,NA,31,NA,"2784e794-f70f-4455-854d-110f8ab37d19","2406d0ea-4647-4181-903d-b523057b208c",NA,"https://ror.org/001805t51",NA,NA,NA,NA,NA,NA,NA,NA,NA,"Gissenyi, monding rivier Sebeya, lac Kivu",NA,NA,NA,NA,NA,NA,NA,NA,NA,NA,NA,NA,NA,NA,NA,NA,NA,NA,NA,NA,NA,NA,NA,NA,NA,NA,NA,NA,NA,NA,NA,NA,NA,NA,NA,"81a6faf6-c44a-45e2-87ed-85a07639b7dc",NA,NA,NA,NA,NA,NA,NA,NA,NA,NA,NA,NA,NA,NA,NA,NA,NA,NA,NA,NA,NA,NA,NA,NA,NA,NA,NA,NA,NA,NA,NA,NA,NA,NA,NA,NA,NA,NA,NA,NA,NA,NA,NA,NA,NA,NA,NA,NA,NA,"Lake","Lake Kivu",2415288353.60194,"Barbus kerstenii"
"4454495723","Barbus kerstenii Peters, 1868",-1.73333,29.26667,"cdc,gass84,osiic","9cfa6cb6-5833-44b2-97f1-18a3c12fed47","575c52b0-a742-11db-a6ff-b8a03c50a862","96dec937-f8d1-4d18-a8a1-1e9f4ca1aabd","575c52b0-a742-11db-a6ff-b8a03c50a862","BE","EML","2025-02-28T23:01:23.697+00:00","2025-02-28T23:02:21.164+00:00",71,"PRESERVED_SPECIMEN","PRESENT",5206847,1,44,1153,7336,2363128,9461154,9461154,"Enteromius kerstenii (Peters, 1868)","Animalia","Chordata","Cypriniformes","Cyprinidae","Enteromius","Enteromius kerstenii","Barbus","kerstenii","SPECIES","SYNONYM","LC","1980-01-01T00:00:00",NA,"AFRICA",NA,1979,8,11,"1979-08-11",223,223,NA,"2025-02-28T23:02:21.164+00:00",NA,"http://creativecommons.org/licenses/by/4.0/legalcode",FALSE,"https://darwinweb.africamuseum.be/object/b6e2846e-e6ee-4336-81af-21633ca396f9","none","none",FALSE,NA,NA,"Thys van den Audenaerde Dirk","WGS84","RW","none","none","AFRICA","Rwanda","EUROPE",NA,"https://darwinweb.africamuseum.be/object/b6e2846e-e6ee-4336-81af-21633ca396f9",NA,NA,"4454495723",NA,"VER-FIS","https://darwinweb.africamuseum.be/object/b6e2846e-e6ee-4336-81af-21633ca396f9",NA,"BE_RMCA_Vert.1979.031.P.1031-1035","RMCA",NA,NA,NA,"Barbus kerstenii Peters, 1868",NA,NA,NA,NA,NA,NA,NA,5,NA,"2784e794-f70f-4455-854d-110f8ab37d19","2406d0ea-4647-4181-903d-b523057b208c",NA,"https://ror.org/001805t51",NA,NA,NA,NA,NA,NA,NA,NA,NA,"Kigufi, baai, 10 km ZO van Gissenyi, lac Kivu",NA,NA,NA,NA,NA,NA,NA,NA,NA,NA,NA,NA,NA,NA,NA,NA,NA,NA,NA,NA,NA,NA,NA,NA,NA,NA,NA,NA,NA,NA,NA,NA,NA,NA,NA,"b6e2846e-e6ee-4336-81af-21633ca396f9",NA,NA,NA,NA,NA,NA,NA,NA,NA,NA,NA,NA,NA,NA,NA,NA,NA,NA,NA,NA,NA,NA,NA,NA,NA,NA,NA,NA,NA,NA,NA,NA,NA,NA,NA,NA,NA,NA,NA,NA,NA,NA,NA,NA,NA,NA,NA,NA,NA,"Lake","Lake Kivu",2415288353.60194,"Barbus kerstenii"
"4454558925","Barbus kerstenii Peters, 1868",-1.73333,29.26667,"cdc,gass84,osiic","9cfa6cb6-5833-44b2-97f1-18a3c12fed47","575c52b0-a742-11db-a6ff-b8a03c50a862","96dec937-f8d1-4d18-a8a1-1e9f4ca1aabd","575c52b0-a742-11db-a6ff-b8a03c50a862","BE","EML","2025-02-28T23:01:23.697+00:00","2025-02-28T23:02:27.090+00:00",71,"PRESERVED_SPECIMEN","PRESENT",5206847,1,44,1153,7336,2363128,9461154,9461154,"Enteromius kerstenii (Peters, 1868)","Animalia","Chordata","Cypriniformes","Cyprinidae","Enteromius","Enteromius kerstenii","Barbus","kerstenii","SPECIES","SYNONYM","LC","1980-01-01T00:00:00",NA,"AFRICA",NA,1979,8,8,"1979-08-08",220,220,NA,"2025-02-28T23:02:27.090+00:00",NA,"http://creativecommons.org/licenses/by/4.0/legalcode",FALSE,"https://darwinweb.africamuseum.be/object/e6353965-cb6d-4eb9-b301-4f592c2bc5f6","none","none",FALSE,NA,NA,"Thys van den Audenaerde Dirk","WGS84","RW","none","none","AFRICA","Rwanda","EUROPE",NA,"https://darwinweb.africamuseum.be/object/e6353965-cb6d-4eb9-b301-4f592c2bc5f6",NA,NA,"4454558925",NA,"VER-FIS","https://darwinweb.africamuseum.be/object/e6353965-cb6d-4eb9-b301-4f592c2bc5f6",NA,"BE_RMCA_Vert.1979.031.P.1020","RMCA",NA,NA,NA,"Barbus kerstenii Peters, 1868",NA,NA,NA,NA,NA,NA,NA,1,NA,"2784e794-f70f-4455-854d-110f8ab37d19","2406d0ea-4647-4181-903d-b523057b208c",NA,"https://ror.org/001805t51",NA,NA,NA,NA,NA,NA,NA,NA,NA,"Kigufi, baai, 10 km ZO van Gissenyi, lac Kivu",NA,NA,NA,NA,NA,NA,NA,NA,NA,NA,NA,NA,NA,NA,NA,NA,NA,NA,NA,NA,NA,NA,NA,NA,NA,NA,NA,NA,NA,NA,NA,NA,NA,NA,NA,"e6353965-cb6d-4eb9-b301-4f592c2bc5f6",NA,NA,NA,NA,NA,NA,NA,NA,NA,NA,NA,NA,NA,NA,NA,NA,NA,NA,NA,NA,NA,NA,NA,NA,NA,NA,NA,NA,NA,NA,NA,NA,NA,NA,NA,NA,NA,NA,NA,NA,NA,NA,NA,NA,NA,NA,NA,NA,NA,"Lake","Lake Kivu",2415288353.60194,"Barbus kerstenii"
"4454561492","Barbus kerstenii Peters, 1868",-1.7,29.25,"cdc,gass84,osiic","9cfa6cb6-5833-44b2-97f1-18a3c12fed47","575c52b0-a742-11db-a6ff-b8a03c50a862","96dec937-f8d1-4d18-a8a1-1e9f4ca1aabd","575c52b0-a742-11db-a6ff-b8a03c50a862","BE","EML","2025-02-28T23:01:23.697+00:00","2025-02-28T23:02:27.296+00:00",71,"PRESERVED_SPECIMEN","PRESENT",5206847,1,44,1153,7336,2363128,9461154,9461154,"Enteromius kerstenii (Peters, 1868)","Animalia","Chordata","Cypriniformes","Cyprinidae","Enteromius","Enteromius kerstenii","Barbus","kerstenii","SPECIES","SYNONYM","LC","1980-01-01T00:00:00",NA,"AFRICA",NA,1979,9,10,"1979-09-10",253,253,NA,"2025-02-28T23:02:27.296+00:00",NA,"http://creativecommons.org/licenses/by/4.0/legalcode",FALSE,"https://darwinweb.africamuseum.be/object/2c33fa18-20f0-4e47-8368-60e9027743fd","none","none",FALSE,NA,NA,"Thys van den Audenaerde Dirk","WGS84","RW","none","none","AFRICA","Rwanda","EUROPE",NA,"https://darwinweb.africamuseum.be/object/2c33fa18-20f0-4e47-8368-60e9027743fd",NA,NA,"4454561492",NA,"VER-FIS","https://darwinweb.africamuseum.be/object/2c33fa18-20f0-4e47-8368-60e9027743fd",NA,"BE_RMCA_Vert.1979.031.P.1263-1281","RMCA",NA,NA,NA,"Barbus kerstenii Peters, 1868",NA,NA,NA,NA,NA,NA,NA,19,NA,"2784e794-f70f-4455-854d-110f8ab37d19","2406d0ea-4647-4181-903d-b523057b208c",NA,"https://ror.org/001805t51",NA,NA,NA,NA,NA,NA,NA,NA,NA,"Gissenyi, monding rivier Sebeya, lac Kivu",NA,NA,NA,NA,NA,NA,NA,NA,NA,NA,NA,NA,NA,NA,NA,NA,NA,NA,NA,NA,NA,NA,NA,NA,NA,NA,NA,NA,NA,NA,NA,NA,NA,NA,NA,"2c33fa18-20f0-4e47-8368-60e9027743fd",NA,NA,NA,NA,NA,NA,NA,NA,NA,NA,NA,NA,NA,NA,NA,NA,NA,NA,NA,NA,NA,NA,NA,NA,NA,NA,NA,NA,NA,NA,NA,NA,NA,NA,NA,NA,NA,NA,NA,NA,NA,NA,NA,NA,NA,NA,NA,NA,NA,"Lake","Lake Kivu",2415288353.60194,"Barbus kerstenii"
"4454490638","Barbus kerstenii Peters, 1868",-1.7,29.25,"cdc,gass84,osiic","9cfa6cb6-5833-44b2-97f1-18a3c12fed47","575c52b0-a742-11db-a6ff-b8a03c50a862","96dec937-f8d1-4d18-a8a1-1e9f4ca1aabd","575c52b0-a742-11db-a6ff-b8a03c50a862","BE","EML","2025-02-28T23:01:23.697+00:00","2025-02-28T23:02:20.658+00:00",71,"PRESERVED_SPECIMEN","PRESENT",5206847,1,44,1153,7336,2363128,9461154,9461154,"Enteromius kerstenii (Peters, 1868)","Animalia","Chordata","Cypriniformes","Cyprinidae","Enteromius","Enteromius kerstenii","Barbus","kerstenii","SPECIES","SYNONYM","LC","1980-01-01T00:00:00",NA,"AFRICA",NA,1979,9,11,"1979-09-11",254,254,NA,"2025-02-28T23:02:20.658+00:00",NA,"http://creativecommons.org/licenses/by/4.0/legalcode",FALSE,"https://darwinweb.africamuseum.be/object/413cd200-afa1-455e-95bf-d6bff6beb412","none","none",FALSE,NA,NA,"Thys van den Audenaerde Dirk","WGS84","RW","none","none","AFRICA","Rwanda","EUROPE",NA,"https://darwinweb.africamuseum.be/object/413cd200-afa1-455e-95bf-d6bff6beb412",NA,NA,"4454490638",NA,"VER-FIS","https://darwinweb.africamuseum.be/object/413cd200-afa1-455e-95bf-d6bff6beb412",NA,"BE_RMCA_Vert.1979.031.P.1282-1283","RMCA",NA,NA,NA,"Barbus kerstenii Peters, 1868",NA,NA,NA,NA,NA,NA,NA,2,NA,"2784e794-f70f-4455-854d-110f8ab37d19","2406d0ea-4647-4181-903d-b523057b208c",NA,"https://ror.org/001805t51",NA,NA,NA,NA,NA,NA,NA,NA,NA,"Gissenyi, monding rivier Sebeya, lac Kivu",NA,NA,NA,NA,NA,NA,NA,NA,NA,NA,NA,NA,NA,NA,NA,NA,NA,NA,NA,NA,NA,NA,NA,NA,NA,NA,NA,NA,NA,NA,NA,NA,NA,NA,NA,"413cd200-afa1-455e-95bf-d6bff6beb412",NA,NA,NA,NA,NA,NA,NA,NA,NA,NA,NA,NA,NA,NA,NA,NA,NA,NA,NA,NA,NA,NA,NA,NA,NA,NA,NA,NA,NA,NA,NA,NA,NA,NA,NA,NA,NA,NA,NA,NA,NA,NA,NA,NA,NA,NA,NA,NA,NA,"Lake","Lake Kivu",2415288353.60194,"Barbus kerstenii"
"4454515920","Barbus arcislongae Keilhack, 1908",-12.38333,34.7,"cdc,gass84,osiic","9cfa6cb6-5833-44b2-97f1-18a3c12fed47","575c52b0-a742-11db-a6ff-b8a03c50a862","96dec937-f8d1-4d18-a8a1-1e9f4ca1aabd","575c52b0-a742-11db-a6ff-b8a03c50a862","BE","EML","2025-02-28T23:01:23.697+00:00","2025-02-28T23:02:23.325+00:00",71,"PRESERVED_SPECIMEN","PRESENT",5207159,1,44,1153,7336,2363128,9293942,9293942,"Enteromius arcislongae (Keilhack, 1908)","Animalia","Chordata","Cypriniformes","Cyprinidae","Enteromius","Enteromius arcislongae","Barbus","arcislongae","SPECIES","SYNONYM","LC","1992-01-01T00:00:00",NA,"AFRICA",NA,1979,11,6,"1979-11-06",310,310,NA,"2025-02-28T23:02:23.325+00:00",NA,"http://creativecommons.org/licenses/by/4.0/legalcode",FALSE,"https://darwinweb.africamuseum.be/object/79a65457-c01e-48cf-bbd7-8610202cebd0","none","none",FALSE,NA,"Brichard, P.","De Vos L.","WGS84","MZ","none","none","AFRICA","Mozambique","EUROPE",NA,"https://darwinweb.africamuseum.be/object/79a65457-c01e-48cf-bbd7-8610202cebd0",NA,NA,"4454515920",NA,"VER-FIS","https://darwinweb.africamuseum.be/object/79a65457-c01e-48cf-bbd7-8610202cebd0",NA,"BE_RMCA_Vert.1979.040.P.0418-0419","RMCA",NA,NA,NA,"Barbus arcislongae Keilhack, 1908",NA,NA,NA,NA,NA,NA,NA,2,NA,"2784e794-f70f-4455-854d-110f8ab37d19","2406d0ea-4647-4181-903d-b523057b208c",NA,"https://ror.org/001805t51",NA,NA,NA,NA,NA,NA,NA,NA,NA,"Moçambique;4 km nord de la baie de Nego, lac Nyassa",NA,NA,NA,NA,NA,NA,NA,NA,NA,NA,NA,NA,NA,NA,NA,NA,NA,NA,NA,NA,NA,NA,NA,NA,NA,NA,NA,NA,NA,NA,NA,NA,NA,NA,NA,"79a65457-c01e-48cf-bbd7-8610202cebd0",NA,NA,NA,NA,NA,NA,NA,NA,NA,NA,NA,NA,NA,NA,NA,NA,NA,NA,NA,NA,NA,NA,NA,NA,NA,NA,NA,NA,NA,NA,NA,NA,NA,NA,NA,NA,NA,NA,NA,NA,NA,NA,NA,NA,NA,NA,NA,NA,NA,"Lake","Lake Malawi",28951795749.1886,"Barbus arcislongae"
"4454550151","Barbus radiatus aurantiacus Boulenger, 1910",-11.91667,34.9,"cdc,gass84,osiic","9cfa6cb6-5833-44b2-97f1-18a3c12fed47","575c52b0-a742-11db-a6ff-b8a03c50a862","96dec937-f8d1-4d18-a8a1-1e9f4ca1aabd","575c52b0-a742-11db-a6ff-b8a03c50a862","BE","EML","2025-02-28T23:01:23.697+00:00","2025-02-28T23:02:26.398+00:00",71,"PRESERVED_SPECIMEN","PRESENT",6167329,1,44,1153,7336,2363128,9252016,9252016,"Enteromius radiatus (Peters, 1853)","Animalia","Chordata","Cypriniformes","Cyprinidae","Enteromius","Enteromius radiatus","Barbus","radiatus","SUBSPECIES","SYNONYM","LC","2007-01-01T00:00:00",NA,"AFRICA",NA,1979,11,4,"1979-11-04",308,308,NA,"2025-02-28T23:02:26.398+00:00",NA,"http://creativecommons.org/licenses/by/4.0/legalcode",FALSE,"https://darwinweb.africamuseum.be/object/9d202b34-2952-479f-899b-0893a36dd123","none","none",FALSE,NA,"Brichard, P.","Da Costa, L.","WGS84","MZ","none","none","AFRICA","Mozambique","EUROPE",NA,"https://darwinweb.africamuseum.be/object/9d202b34-2952-479f-899b-0893a36dd123",NA,NA,"4454550151",NA,"VER-FIS","https://darwinweb.africamuseum.be/object/9d202b34-2952-479f-899b-0893a36dd123",NA,"BE_RMCA_Vert.1979.040.P.0046","RMCA",NA,NA,NA,"Barbus radiatus aurantiacus Boulenger, 1910",NA,NA,NA,NA,NA,NA,NA,1,NA,"2784e794-f70f-4455-854d-110f8ab37d19","2406d0ea-4647-4181-903d-b523057b208c",NA,"https://ror.org/001805t51",NA,NA,NA,NA,NA,NA,NA,NA,NA,"Moçambique;Punta Messuli, lac Nyassa",NA,NA,NA,NA,NA,NA,NA,NA,NA,NA,NA,NA,NA,NA,NA,NA,NA,NA,NA,NA,NA,NA,NA,NA,NA,NA,NA,NA,NA,NA,NA,NA,NA,NA,NA,"9d202b34-2952-479f-899b-0893a36dd123",NA,NA,NA,NA,NA,NA,NA,NA,NA,NA,NA,NA,NA,NA,NA,NA,NA,NA,NA,NA,NA,NA,NA,NA,NA,NA,NA,NA,NA,NA,NA,NA,NA,NA,NA,NA,"aurantiacus",NA,NA,NA,NA,NA,NA,NA,NA,NA,NA,NA,NA,"Lake","Lake Malawi",28951795749.1886,"Barbus radiatus"
"4454525697","Barbus kerstenii Peters, 1868",-1.73333,29.26667,"cdc,gass84,osiic","9cfa6cb6-5833-44b2-97f1-18a3c12fed47","575c52b0-a742-11db-a6ff-b8a03c50a862","96dec937-f8d1-4d18-a8a1-1e9f4ca1aabd","575c52b0-a742-11db-a6ff-b8a03c50a862","BE","EML","2025-02-28T23:01:23.697+00:00","2025-02-28T23:02:24.230+00:00",71,"PRESERVED_SPECIMEN","PRESENT",5206847,1,44,1153,7336,2363128,9461154,9461154,"Enteromius kerstenii (Peters, 1868)","Animalia","Chordata","Cypriniformes","Cyprinidae","Enteromius","Enteromius kerstenii","Barbus","kerstenii","SPECIES","SYNONYM","LC","1981-01-01T00:00:00",NA,"AFRICA",NA,1979,12,31,"1979-12-31",365,365,NA,"2025-02-28T23:02:24.230+00:00",NA,"http://creativecommons.org/licenses/by/4.0/legalcode",FALSE,"https://darwinweb.africamuseum.be/object/4dd605d3-d5bb-4b7b-8baf-531dd38d6b32","none","none",FALSE,NA,NA,"Coenen, E.","WGS84","RW","none","none","AFRICA","Rwanda","EUROPE",NA,"https://darwinweb.africamuseum.be/object/4dd605d3-d5bb-4b7b-8baf-531dd38d6b32",NA,NA,"4454525697",NA,"VER-FIS","https://darwinweb.africamuseum.be/object/4dd605d3-d5bb-4b7b-8baf-531dd38d6b32",NA,"BE_RMCA_Vert.1980.029.P.1907-1916","RMCA",NA,NA,NA,"Barbus kerstenii Peters, 1868",NA,NA,NA,NA,NA,NA,NA,10,NA,"2784e794-f70f-4455-854d-110f8ab37d19","2406d0ea-4647-4181-903d-b523057b208c",NA,"https://ror.org/001805t51",NA,NA,NA,NA,NA,NA,NA,NA,NA,"Kigufi, baai, 10 km ZO van Gissenyi, Kivu meer",NA,NA,NA,NA,NA,NA,NA,NA,NA,NA,NA,NA,NA,NA,NA,NA,NA,NA,NA,NA,NA,NA,NA,NA,NA,NA,NA,NA,NA,NA,NA,NA,NA,NA,NA,"4dd605d3-d5bb-4b7b-8baf-531dd38d6b32",NA,NA,NA,NA,NA,NA,NA,NA,NA,NA,NA,NA,NA,NA,NA,NA,NA,NA,NA,NA,NA,NA,NA,NA,NA,NA,NA,NA,NA,NA,NA,NA,NA,NA,NA,NA,NA,NA,NA,NA,NA,NA,NA,NA,NA,NA,NA,NA,NA,"Lake","Lake Kivu",2415288353.60194,"Barbus kerstenii"
"1230368070","Barbus atkinsoni Bailey, 1969",-12,34.5,"","1aaec653-c71c-4695-9b6e-0e26214dd817","cecc196e-f262-4986-a88a-6adf035dca0e","6adeff08-3d1e-4977-8524-24d3f58ab403","cecc196e-f262-4986-a88a-6adf035dca0e","ZA","EML","2025-01-22T00:53:29.548+00:00","2025-02-06T18:10:32.436+00:00",458,"PRESERVED_SPECIMEN","PRESENT",5206870,1,44,1153,7336,2363128,9619136,9619136,"Enteromius atkinsoni (Bailey, 1969)","Animalia","Chordata","Cypriniformes","Cyprinidae","Enteromius","Enteromius atkinsoni","Barbus","atkinsoni","SPECIES","SYNONYM","LC",NA,NA,"AFRICA",NA,1976,10,NA,"1976-10",NA,NA,"2001-08-30T17:09:04.000+00:00","2025-02-06T18:10:32.436+00:00",NA,"http://creativecommons.org/licenses/by/4.0/legalcode",FALSE,"286b7f96-fc21-11e2-ac3f-081965b14959","none","none",FALSE,NA,"Denis Tweddle; N.G. Willoughby",NA,"WGS84","MW","none","none","AFRICA","Malawi","AFRICA","SAIAB","286b7f96-fc21-11e2-ac3f-081965b14959",NA,NA,"1230368070",NA,"FC","286b7f96-fc21-11e2-ac3f-081965b14959",NA,"34890","SAIAB",NA,NA,"480857c3-fc21-11e2-ac3f-081965b14959","Barbus atkinsoni Bailey, 1969",NA,NA,NA,NA,NA,NA,NA,NA,"Africa|Malawi","a90ba963-9569-4b96-8d56-452aa7b83f75","a7d9ed64-4668-41b3-a862-27d87c50bfed","Whole specimen/s - 50","urn:lsid:biocol.org:col:34984","WGS84",NA,NA,"http://grscicoll.org/institutional-collection/national-fish-collection-0",NA,NA,NA,"Geodetic datum assumed to be WGS84.",NA,"Lake Malawi, affluent streams",NA,NA,NA,NA,NA,NA,NA,NA,NA,NA,NA,NA,NA,"8e30b684-6a54-4aba-aa73-66201c2c736e","381664b9-fc21-11e2-ac3f-081965b14959","Enteromius atkinsoni",NA,"en","PhysicalObject","Enteromius atkinsoni (current)","3f4a2d85-fc21-11e2-ac3f-081965b14959","SAIAB",NA,NA,NA,NA,NA,NA,NA,"Collection Manager",NA,NA,NA,NA,NA,NA,NA,NA,NA,NA,NA,"requires verification",NA,NA,NA,NA,NA,NA,NA,NA,NA,NA,NA,NA,NA,NA,NA,NA,NA,NA,NA,NA,NA,NA,NA,NA,NA,NA,NA,NA,NA,NA,NA,NA,NA,NA,NA,NA,NA,NA,NA,NA,NA,NA,NA,"Lake","Lake Malawi",28951795749.1886,"Barbus atkinsoni"
"1230368043","Barbus viviparus Weber, 1897",-12,34.5,"","1aaec653-c71c-4695-9b6e-0e26214dd817","cecc196e-f262-4986-a88a-6adf035dca0e","6adeff08-3d1e-4977-8524-24d3f58ab403","cecc196e-f262-4986-a88a-6adf035dca0e","ZA","EML","2025-01-22T00:53:29.548+00:00","2025-02-06T18:10:32.436+00:00",458,"PRESERVED_SPECIMEN","PRESENT",5206934,1,44,1153,7336,2363128,9315991,9315991,"Enteromius viviparus (Weber, 1897)","Animalia","Chordata","Cypriniformes","Cyprinidae","Enteromius","Enteromius viviparus","Barbus","viviparus","SPECIES","SYNONYM","LC",NA,NA,"AFRICA",NA,1976,10,NA,"1976-10",NA,NA,"2010-06-10T11:54:30.000+00:00","2025-02-06T18:10:32.436+00:00",NA,"http://creativecommons.org/licenses/by/4.0/legalcode",FALSE,"286b9e9c-fc21-11e2-ac3f-081965b14959","none","none",FALSE,NA,"Denis Tweddle; N.G. Willoughby",NA,"WGS84","MW","none","none","AFRICA","Malawi","AFRICA","SAIAB","286b9e9c-fc21-11e2-ac3f-081965b14959",NA,NA,"1230368043",NA,"FC","286b9e9c-fc21-11e2-ac3f-081965b14959",NA,"34894","SAIAB",NA,NA,"48086085-fc21-11e2-ac3f-081965b14959","Barbus viviparus Weber, 1897",NA,NA,NA,NA,NA,NA,NA,NA,"Africa|Malawi","a90ba963-9569-4b96-8d56-452aa7b83f75","a7d9ed64-4668-41b3-a862-27d87c50bfed","Whole specimen/s - 65","urn:lsid:biocol.org:col:34984","WGS84",NA,NA,"http://grscicoll.org/institutional-collection/national-fish-collection-0",NA,NA,NA,"Geodetic datum assumed to be WGS84.",NA,"Lake Malawi, affluent streams",NA,NA,NA,NA,NA,NA,NA,NA,NA,NA,NA,NA,NA,"8e30b684-6a54-4aba-aa73-66201c2c736e","381664b9-fc21-11e2-ac3f-081965b14959","Enteromius viviparus",NA,"en","PhysicalObject","Enteromius viviparus (current)","3f4a2d85-fc21-11e2-ac3f-081965b14959","SAIAB",NA,NA,NA,NA,NA,NA,NA,"Collection Manager",NA,NA,NA,NA,NA,NA,NA,NA,NA,NA,NA,"requires verification",NA,NA,NA,NA,NA,NA,NA,NA,NA,NA,NA,NA,NA,NA,NA,NA,NA,NA,NA,NA,NA,NA,NA,NA,NA,NA,NA,NA,NA,NA,NA,NA,NA,NA,NA,NA,NA,NA,NA,NA,NA,NA,NA,"Lake","Lake Malawi",28951795749.1886,"Barbus viviparus"
"1230368072","Barbus bifrenatus Fowler, 1935",-12,34.5,"","1aaec653-c71c-4695-9b6e-0e26214dd817","cecc196e-f262-4986-a88a-6adf035dca0e","6adeff08-3d1e-4977-8524-24d3f58ab403","cecc196e-f262-4986-a88a-6adf035dca0e","ZA","EML","2025-01-22T00:53:29.548+00:00","2025-02-06T18:10:32.421+00:00",458,"PRESERVED_SPECIMEN","PRESENT",5206935,1,44,1153,7336,2363128,9283619,9283619,"Enteromius bifrenatus (Fowler, 1935)","Animalia","Chordata","Cypriniformes","Cyprinidae","Enteromius","Enteromius bifrenatus","Barbus","bifrenatus","SPECIES","SYNONYM","LC",NA,NA,"AFRICA",NA,1976,10,NA,"1976-10",NA,NA,"2001-08-30T17:09:04.000+00:00","2025-02-06T18:10:32.421+00:00",NA,"http://creativecommons.org/licenses/by/4.0/legalcode",FALSE,"286ba0ee-fc21-11e2-ac3f-081965b14959","none","none",FALSE,NA,"Denis Tweddle; N.G. Willoughby",NA,"WGS84","MW","none","none","AFRICA","Malawi","AFRICA","SAIAB","286ba0ee-fc21-11e2-ac3f-081965b14959",NA,NA,"1230368072",NA,"FC","286ba0ee-fc21-11e2-ac3f-081965b14959",NA,"34895","SAIAB",NA,NA,"480862b9-fc21-11e2-ac3f-081965b14959","Barbus bifrenatus Fowler, 1935",NA,NA,NA,NA,NA,NA,NA,NA,"Africa|Malawi","a90ba963-9569-4b96-8d56-452aa7b83f75","a7d9ed64-4668-41b3-a862-27d87c50bfed","Whole specimen/s - 42","urn:lsid:biocol.org:col:34984","WGS84",NA,NA,"http://grscicoll.org/institutional-collection/national-fish-collection-0",NA,NA,NA,"Geodetic datum assumed to be WGS84.",NA,"Lake Malawi, affluent streams",NA,NA,NA,NA,NA,NA,NA,NA,NA,NA,NA,NA,NA,"8e30b684-6a54-4aba-aa73-66201c2c736e","3816760f-fc21-11e2-ac3f-081965b14959","Enteromius bifrenatus",NA,"en","PhysicalObject","Enteromius bifrenatus (current)","3f4a4173-fc21-11e2-ac3f-081965b14959","SAIAB",NA,NA,NA,NA,NA,NA,NA,"Collection Manager",NA,NA,NA,NA,NA,NA,NA,NA,NA,NA,NA,"requires verification",NA,NA,NA,NA,NA,NA,NA,NA,NA,NA,NA,NA,NA,NA,NA,NA,NA,NA,NA,NA,NA,NA,NA,NA,NA,NA,NA,NA,NA,NA,NA,NA,NA,NA,NA,NA,NA,NA,NA,NA,NA,NA,NA,"Lake","Lake Malawi",28951795749.1886,"Barbus bifrenatus"
"1230421329","Barbus bifrenatus Fowler, 1935",-14.083333,34.833333,"","1aaec653-c71c-4695-9b6e-0e26214dd817","cecc196e-f262-4986-a88a-6adf035dca0e","6adeff08-3d1e-4977-8524-24d3f58ab403","cecc196e-f262-4986-a88a-6adf035dca0e","ZA","EML","2025-01-22T00:53:29.548+00:00","2025-02-06T18:10:40.020+00:00",458,"PRESERVED_SPECIMEN","PRESENT",5206935,1,44,1153,7336,2363128,9283619,9283619,"Enteromius bifrenatus (Fowler, 1935)","Animalia","Chordata","Cypriniformes","Cyprinidae","Enteromius","Enteromius bifrenatus","Barbus","bifrenatus","SPECIES","SYNONYM","LC",NA,NA,"AFRICA",NA,1976,10,15,"1976-10-15",289,289,"2021-11-04T07:40:24.000+00:00","2025-02-06T18:10:40.020+00:00",NA,"http://creativecommons.org/licenses/by/4.0/legalcode",FALSE,"3353ac6c-fc21-11e2-ac3f-081965b14959","none","none",FALSE,NA,"Denis Tweddle","Paul Skelton","WGS84","MW","none","none","AFRICA","Malawi","AFRICA","SAIAB","3353ac6c-fc21-11e2-ac3f-081965b14959",NA,NA,"1230421329",NA,"FC","3353ac6c-fc21-11e2-ac3f-081965b14959",NA,"126935","SAIAB",NA,NA,"4cd2f738-fc21-11e2-ac3f-081965b14959","Barbus bifrenatus Fowler, 1935",NA,NA,NA,NA,NA,NA,NA,NA,"Africa|Malawi","a90ba963-9569-4b96-8d56-452aa7b83f75","a7d9ed64-4668-41b3-a862-27d87c50bfed","Whole specimen/s - 5; Cleared & Stained - 2","urn:lsid:biocol.org:col:34984","WGS84",NA,NA,"http://grscicoll.org/institutional-collection/national-fish-collection-0",NA,NA,NA,"Geodetic datum assumed to be WGS84.",NA,"Lake Malawi streams",NA,NA,NA,NA,NA,NA,NA,NA,NA,NA,NA,NA,NA,"8e30b684-6a54-4aba-aa73-66201c2c736e","3c24fdff-fc21-11e2-ac3f-081965b14959","Enteromius bifrenatus",NA,"en","PhysicalObject","Enteromius bifrenatus (current)","4148d666-fc21-11e2-ac3f-081965b14959","SAIAB",NA,NA,NA,NA,NA,NA,NA,NA,NA,NA,NA,NA,NA,"AMG 7771",NA,NA,NA,NA,NA,NA,NA,NA,NA,NA,NA,NA,NA,NA,NA,NA,NA,NA,NA,NA,NA,NA,NA,NA,NA,NA,NA,NA,NA,NA,NA,NA,NA,NA,NA,NA,NA,NA,NA,NA,NA,NA,NA,NA,NA,NA,NA,NA,NA,"Lake","Lake Malawi",28951795749.1886,"Barbus bifrenatus"
"1230421352","Barbus viviparus Weber, 1897",-14.083333,34.833333,"","1aaec653-c71c-4695-9b6e-0e26214dd817","cecc196e-f262-4986-a88a-6adf035dca0e","6adeff08-3d1e-4977-8524-24d3f58ab403","cecc196e-f262-4986-a88a-6adf035dca0e","ZA","EML","2025-01-22T00:53:29.548+00:00","2025-02-06T18:10:39.981+00:00",458,"PRESERVED_SPECIMEN","PRESENT",5206934,1,44,1153,7336,2363128,9315991,9315991,"Enteromius viviparus (Weber, 1897)","Animalia","Chordata","Cypriniformes","Cyprinidae","Enteromius","Enteromius viviparus","Barbus","viviparus","SPECIES","SYNONYM","LC",NA,NA,"AFRICA",NA,1976,10,15,"1976-10-15",289,289,"2021-04-20T15:13:15.000+00:00","2025-02-06T18:10:39.981+00:00",NA,"http://creativecommons.org/licenses/by/4.0/legalcode",FALSE,"3353ba84-fc21-11e2-ac3f-081965b14959","none","none",FALSE,NA,"Denis Tweddle","Paul Skelton","WGS84","MW","none","none","AFRICA","Malawi","AFRICA","SAIAB","3353ba84-fc21-11e2-ac3f-081965b14959",NA,NA,"1230421352",NA,"FC","3353ba84-fc21-11e2-ac3f-081965b14959",NA,"126936","SAIAB",NA,NA,"4d394709-fc21-11e2-ac3f-081965b14959","Barbus viviparus Weber, 1897",NA,NA,NA,NA,NA,NA,NA,NA,"Africa|Malawi","a90ba963-9569-4b96-8d56-452aa7b83f75","a7d9ed64-4668-41b3-a862-27d87c50bfed","Whole specimen/s - 9; Cleared & Stained - 3","urn:lsid:biocol.org:col:34984","WGS84",NA,NA,"http://grscicoll.org/institutional-collection/national-fish-collection-0",NA,NA,NA,"Geodetic datum assumed to be WGS84.",NA,"Lake Malawi affluent streams",NA,NA,NA,NA,NA,NA,NA,NA,NA,NA,NA,NA,NA,"8e30b684-6a54-4aba-aa73-66201c2c736e","3c250017-fc21-11e2-ac3f-081965b14959","Enteromius viviparus",NA,"en","PhysicalObject","Enteromius viviparus (current)","4148077c-fc21-11e2-ac3f-081965b14959","SAIAB",NA,NA,NA,NA,NA,NA,NA,NA,NA,NA,NA,NA,NA,"AMG 7772",NA,NA,NA,NA,NA,NA,NA,NA,NA,NA,NA,NA,NA,NA,NA,NA,NA,NA,NA,NA,NA,NA,NA,NA,NA,NA,NA,NA,NA,NA,NA,NA,NA,NA,NA,NA,NA,NA,NA,NA,NA,NA,NA,NA,NA,NA,NA,NA,NA,"Lake","Lake Malawi",28951795749.1886,"Barbus viviparus"
"188655959","Enteromius lineomaculatus (Boulenger, 1903)",-14,34.82,"cdround,gass84,mdativ,inmano","197908d0-5565-11d8-b290-b8a03c50a862","192a9ab0-5565-11d8-b290-b8a03c50a862","4346b227-ca68-4d54-8a77-909148492e0b","4c415e40-1e21-11de-9e40-a0d6ecebb8bf","SE","EML","2025-01-18T03:08:27.896+00:00","2025-02-01T00:33:28.869+00:00",268,"PRESERVED_SPECIMEN","PRESENT",9582714,1,44,1153,7336,2363128,9582714,9582714,"Enteromius lineomaculatus (Boulenger, 1903)","Animalia","Chordata","Cypriniformes","Cyprinidae","Enteromius","Enteromius lineomaculatus","Enteromius","lineomaculatus","SPECIES","ACCEPTED","LC",NA,NA,"AFRICA",NA,1976,10,1,"1976-10-01",275,275,NA,"2025-02-01T00:33:28.869+00:00",NA,"http://creativecommons.org/licenses/by-nc/4.0/legalcode",FALSE,"FishBase:Occurrence:NMZB 3782","none","none",FALSE,NA,"Willoughby&Tweddle",NA,"WGS84","MW","none","none","AFRICA","Malawi","EUROPE",NA,"FishBase:Occurrence:NMZB 3782",NA,NA,"188655959",NA,"Occurrence","FishBase:Occurrence:NMZB 3782",NA,"NMZB 3782","FishBase",NA,NA,NA,"Enteromius lineomaculatus (Boulenger, 1903)",NA,NA,NA,NA,NA,NA,NA,NA,"Africa, Malawi, Lake Malawi,",NA,NA,NA,NA,NA,NA,"Animalia, Chordata, Actinopterygii, Cypriniformes, Cyprinidae",NA,"Lake Malawi",NA,NA,NA,NA,NA,NA,NA,NA,NA,NA,NA,NA,NA,NA,NA,NA,NA,NA,"2b7c7b4f-4d4f-40d3-94de-c28b6fa054a6",NA,NA,NA,NA,NA,NA,NA,NA,NA,NA,NA,NA,NA,NA,NA,NA,NA,NA,NA,NA,NA,NA,NA,NA,NA,NA,NA,NA,NA,NA,NA,NA,NA,NA,NA,NA,NA,NA,"ICZN",NA,NA,NA,NA,NA,NA,NA,NA,NA,NA,NA,NA,NA,NA,NA,NA,NA,NA,NA,NA,NA,NA,NA,NA,NA,NA,NA,NA,NA,NA,NA,NA,"Lake","Lake Malawi",28951795749.1886,"Enteromius lineomaculatus"
"2248091168","Enteromius paludinosus (Peters, 1852)",-11.79,34.22,"cdc,cudc,osu","1ccf6240-9a89-4c0e-bf1a-3e4ddd6197ba","d44af9a3-e779-40c0-a186-79e7717c6d2b","07303f46-d2eb-452c-8a8b-84ed2077ae86","b43aa701-bc51-40a4-9f6c-b37e41d0e660","ZZ","EML","2025-01-23T14:37:27.253+00:00","2025-01-31T18:14:10.816+00:00",139,"HUMAN_OBSERVATION","PRESENT",9264695,1,44,1153,7336,2363128,9264695,9264695,"Enteromius paludinosus (Peters, 1852)","Animalia","Chordata","Cypriniformes","Cyprinidae","Enteromius","Enteromius paludinosus","Enteromius","paludinosus","SPECIES","ACCEPTED","LC",NA,NA,"AFRICA",NA,1976,NA,NA,"1976",NA,NA,NA,"2025-01-31T18:14:10.816+00:00",NA,"http://creativecommons.org/licenses/by-nc/4.0/legalcode",FALSE,"IUCN_FBU_LMNNC_2895","none","none",FALSE,NA,NA,NA,"WGS84","MW","none","none","AFRICA","Malawi",NA,NA,"IUCN_FBU_LMNNC_2895",NA,NA,"2248091168",NA,NA,"IUCN_FBU_LMNNC_2895",NA,NA,"Denis Tweddle",NA,NA,NA,"Enteromius paludinosus (Peters, 1852)",NA,NA,NA,NA,NA,NA,NA,NA,NA,NA,NA,NA,NA,NA,NA,NA,NA,NA,NA,NA,"Chintheche",NA,NA,NA,NA,NA,NA,NA,NA,NA,NA,NA,NA,NA,NA,NA,NA,NA,NA,NA,NA,NA,NA,NA,NA,NA,NA,NA,NA,NA,NA,NA,NA,NA,NA,NA,NA,NA,NA,NA,NA,NA,NA,NA,NA,NA,NA,NA,NA,NA,NA,NA,NA,NA,NA,NA,NA,NA,NA,NA,NA,NA,NA,NA,NA,NA,NA,NA,NA,NA,NA,NA,"1",NA,NA,NA,NA,NA,NA,NA,NA,NA,NA,NA,NA,NA,NA,NA,"Lake","Lake Malawi",28951795749.1886,"Enteromius paludinosus"
"2248091605","Enteromius atkinsoni (Bailey, 1969)",-11.79,34.22,"cdc,cudc,osu","1ccf6240-9a89-4c0e-bf1a-3e4ddd6197ba","d44af9a3-e779-40c0-a186-79e7717c6d2b","07303f46-d2eb-452c-8a8b-84ed2077ae86","b43aa701-bc51-40a4-9f6c-b37e41d0e660","ZZ","EML","2025-01-23T14:37:27.253+00:00","2025-01-31T18:14:09.733+00:00",139,"HUMAN_OBSERVATION","PRESENT",9619136,1,44,1153,7336,2363128,9619136,9619136,"Enteromius atkinsoni (Bailey, 1969)","Animalia","Chordata","Cypriniformes","Cyprinidae","Enteromius","Enteromius atkinsoni","Enteromius","atkinsoni","SPECIES","ACCEPTED","LC",NA,NA,"AFRICA",NA,1976,NA,NA,"1976",NA,NA,NA,"2025-01-31T18:14:09.733+00:00",NA,"http://creativecommons.org/licenses/by-nc/4.0/legalcode",FALSE,"IUCN_FBU_LMNNC_3653","none","none",FALSE,NA,NA,NA,"WGS84","MW","none","none","AFRICA","Malawi",NA,NA,"IUCN_FBU_LMNNC_3653",NA,NA,"2248091605",NA,NA,"IUCN_FBU_LMNNC_3653",NA,NA,"Denis Tweddle",NA,NA,NA,"Enteromius atkinsoni (Bailey, 1969)",NA,NA,NA,NA,NA,NA,NA,NA,NA,NA,NA,NA,NA,NA,NA,NA,NA,NA,NA,NA,"Chintheche",NA,NA,NA,NA,NA,NA,NA,NA,NA,NA,NA,NA,NA,NA,NA,NA,NA,NA,NA,NA,NA,NA,NA,NA,NA,NA,NA,NA,NA,NA,NA,NA,NA,NA,NA,NA,NA,NA,NA,NA,NA,NA,NA,NA,NA,NA,NA,NA,NA,NA,NA,NA,NA,NA,NA,NA,NA,NA,NA,NA,NA,NA,NA,NA,NA,NA,NA,NA,NA,NA,NA,"1",NA,NA,NA,NA,NA,NA,NA,NA,NA,NA,NA,NA,NA,NA,NA,"Lake","Lake Malawi",28951795749.1886,"Enteromius atkinsoni"
"2248091333","Enteromius kerstenii (Peters, 1868)",-11.79,34.22,"cdc,cudc,osu","1ccf6240-9a89-4c0e-bf1a-3e4ddd6197ba","d44af9a3-e779-40c0-a186-79e7717c6d2b","07303f46-d2eb-452c-8a8b-84ed2077ae86","b43aa701-bc51-40a4-9f6c-b37e41d0e660","ZZ","EML","2025-01-23T14:37:27.253+00:00","2025-01-31T18:14:09.940+00:00",139,"HUMAN_OBSERVATION","PRESENT",9461154,1,44,1153,7336,2363128,9461154,9461154,"Enteromius kerstenii (Peters, 1868)","Animalia","Chordata","Cypriniformes","Cyprinidae","Enteromius","Enteromius kerstenii","Enteromius","kerstenii","SPECIES","ACCEPTED","LC",NA,NA,"AFRICA",NA,1976,NA,NA,"1976",NA,NA,NA,"2025-01-31T18:14:09.940+00:00",NA,"http://creativecommons.org/licenses/by-nc/4.0/legalcode",FALSE,"IUCN_FBU_LMNNC_3730","none","none",FALSE,NA,NA,NA,"WGS84","MW","none","none","AFRICA","Malawi",NA,NA,"IUCN_FBU_LMNNC_3730",NA,NA,"2248091333",NA,NA,"IUCN_FBU_LMNNC_3730",NA,NA,"IUCN (International Union for Conservation of Nature)",NA,NA,NA,"Enteromius kerstenii (Peters, 1868)",NA,NA,NA,NA,NA,NA,NA,NA,NA,NA,NA,NA,NA,NA,NA,NA,NA,NA,NA,NA,"Chintheche",NA,NA,NA,NA,NA,NA,NA,NA,NA,NA,NA,NA,NA,NA,NA,NA,NA,NA,NA,NA,NA,NA,NA,NA,NA,NA,NA,NA,NA,NA,NA,NA,NA,NA,NA,NA,NA,NA,NA,NA,NA,NA,NA,NA,NA,NA,NA,NA,NA,NA,NA,NA,NA,NA,NA,NA,NA,NA,NA,NA,NA,NA,NA,NA,NA,NA,NA,NA,NA,NA,NA,"1","Denis Tweddle and FAO",NA,NA,NA,NA,NA,NA,NA,NA,NA,NA,NA,NA,NA,NA,"Lake","Lake Malawi",28951795749.1886,"Enteromius kerstenii"
"2248091881","Enteromius macrotaenia (Worthington, 1933)",-11.79,34.22,"cdc,cudc,txmatfuz,osu","1ccf6240-9a89-4c0e-bf1a-3e4ddd6197ba","d44af9a3-e779-40c0-a186-79e7717c6d2b","07303f46-d2eb-452c-8a8b-84ed2077ae86","b43aa701-bc51-40a4-9f6c-b37e41d0e660","ZZ","EML","2025-01-23T14:37:27.253+00:00","2025-01-31T18:14:10.265+00:00",139,"HUMAN_OBSERVATION","PRESENT",9303132,1,44,1153,7336,2363128,9303132,9303132,"Enteromius macrotaenia (Worthington, 1933)","Animalia","Chordata","Cypriniformes","Cyprinidae","Enteromius","Enteromius macrotaenia","Enteromius","macrotaenia","SPECIES","ACCEPTED","LC",NA,NA,"AFRICA",NA,1976,NA,NA,"1976",NA,NA,NA,"2025-01-31T18:14:10.265+00:00",NA,"http://creativecommons.org/licenses/by-nc/4.0/legalcode",FALSE,"IUCN_FBU_LMNNC_3850","none","none",FALSE,NA,NA,NA,"WGS84","MW","none","none","AFRICA","Malawi",NA,NA,"IUCN_FBU_LMNNC_3850",NA,NA,"2248091881",NA,NA,"IUCN_FBU_LMNNC_3850",NA,NA,"Denis Tweddle",NA,NA,NA,"Enteromius macrotaenia (Worthington, 1933)",NA,NA,NA,NA,NA,NA,NA,NA,NA,NA,NA,NA,NA,NA,NA,NA,NA,NA,NA,NA,"Chintheche",NA,NA,NA,NA,NA,NA,NA,NA,NA,NA,NA,NA,NA,NA,NA,NA,NA,NA,NA,NA,NA,NA,NA,NA,NA,NA,NA,NA,NA,NA,NA,NA,NA,NA,NA,NA,NA,NA,NA,NA,NA,NA,NA,NA,NA,NA,NA,NA,NA,NA,NA,NA,NA,NA,NA,NA,NA,NA,NA,NA,NA,NA,NA,NA,NA,NA,NA,NA,NA,NA,NA,"1",NA,NA,NA,NA,NA,NA,NA,NA,NA,NA,NA,NA,NA,NA,NA,"Lake","Lake Malawi",28951795749.1886,"Enteromius macrotaenia"
"666569340","Barbus cercops Whitehead, 1960",-2.470199,32.599339,"gass84,osiic,incomis,inmafu","afc30a94-6107-488a-b9c0-ba9c4fa68b7c","7b8aff00-a9f8-11d8-944b-b8a03c50a862","3b84ff5b-79ce-427c-acb7-b4004e160f66","7b8aff00-a9f8-11d8-944b-b8a03c50a862","US","EML","2025-01-18T01:55:33.735+00:00","2025-02-06T22:09:06.327+00:00",273,"PRESERVED_SPECIMEN","PRESENT",5207336,1,44,1153,7336,2363128,9375939,9375939,"Enteromius cercops (Whitehead, 1960)","Animalia","Chordata","Cypriniformes","Cyprinidae","Enteromius","Enteromius cercops","Barbus","cercops","SPECIES","SYNONYM","LC",NA,NA,"AFRICA",NA,1974,4,NA,"1974-04",NA,NA,"2015-03-07T07:54:00.000+00:00","2025-02-06T22:09:06.327+00:00",NA,"http://creativecommons.org/publicdomain/zero/1.0/legalcode",FALSE,"7ce06b28-4136-4a92-b369-10254bd7b3a9","none","none",FALSE,NA,"R. Scully","Dr. Donald J. Stewart : State University of New York, Syracuse - Department of Environmental and Forest Biology","WGS84","TZ","none","none","AFRICA","Tanzania, United Republic of","NORTH_AMERICA","The Field Museum of Natural History","7ce06b28-4136-4a92-b369-10254bd7b3a9",NA,NA,"666569340",NA,"Fishes","7ce06b28-4136-4a92-b369-10254bd7b3a9",NA,"93590","FMNH",NA,NA,NA,"Barbus cercops Whitehead, 1960",NA,NA,NA,NA,"2015-03-07T01:54-0600",NA,NA,7,"Africa, Tanzania: Lake Victoria, 20 miles W. Mwanaz. [LL]","e71f36f1-e271-4720-a604-3c5a1418e7aa",NA,NA,NA,NA,NA,"Animalia Chordata Actinopterygii Cypriniformes Cyprinidae",NA,NA,NA,"18707",NA,NA,"Lake Victoria, 20 miles W. Mwanaz",NA,NA,NA,NA,NA,NA,NA,NA,NA,NA,NA,NA,NA,"99d66b6c-9087-452f-a9d4-f15f2c2d0e7e",NA,NA,"Z93588","en","PhysicalObject",NA,"1a9efe05-e0b4-41fd-a7f4-98945f4b1e07","FMNH",NA,NA,NA,NA,NA,NA,NA,NA,NA,NA,NA,NA,NA,NA,NA,NA,NA,NA,NA,NA,NA,NA,NA,NA,NA,NA,NA,NA,NA,NA,"ICZN",NA,"https://www.fieldmuseum.org/field-museum-natural-history-conditions-and-suggested-norms-use-collections-data-and-images",NA,NA,NA,NA,NA,NA,NA,"fishes-21-dec-2022",NA,NA,NA,NA,"672281",NA,NA,NA,NA,NA,NA,NA,NA,NA,NA,NA,NA,NA,NA,NA,NA,NA,"Lake","Lake Victoria",67332250502.7392,"Barbus cercops"
"666569334","Barbus yongei Whitehead, 1960",-2.470199,32.599339,"gass84,osiic,incomis,inmafu","afc30a94-6107-488a-b9c0-ba9c4fa68b7c","7b8aff00-a9f8-11d8-944b-b8a03c50a862","3b84ff5b-79ce-427c-acb7-b4004e160f66","7b8aff00-a9f8-11d8-944b-b8a03c50a862","US","EML","2025-01-18T01:55:33.735+00:00","2025-02-06T22:09:10.001+00:00",273,"PRESERVED_SPECIMEN","PRESENT",5206846,1,44,1153,7336,2363128,9322979,9322979,"Enteromius yongei (Whitehead, 1960)","Animalia","Chordata","Cypriniformes","Cyprinidae","Enteromius","Enteromius yongei","Barbus","yongei","SPECIES","SYNONYM","LC",NA,NA,"AFRICA",NA,1974,4,NA,"1974-04",NA,NA,"2015-03-07T07:54:00.000+00:00","2025-02-06T22:09:10.001+00:00",NA,"http://creativecommons.org/publicdomain/zero/1.0/legalcode",FALSE,"f220e024-a726-429e-b58d-0b74682cb324","none","none",FALSE,NA,"R. Scully","Dr. Donald J. Stewart : State University of New York, Syracuse - Department of Environmental and Forest Biology","WGS84","TZ","none","none","AFRICA","Tanzania, United Republic of","NORTH_AMERICA","The Field Museum of Natural History","f220e024-a726-429e-b58d-0b74682cb324",NA,NA,"666569334",NA,"Fishes","f220e024-a726-429e-b58d-0b74682cb324",NA,"93588","FMNH",NA,NA,NA,"Barbus yongei Whitehead, 1960",NA,NA,NA,NA,"2015-03-07T01:54-0600",NA,NA,1,"Africa, Tanzania: Lake Victoria, 20 miles W. Mwanaz. [LL]","e71f36f1-e271-4720-a604-3c5a1418e7aa",NA,NA,NA,NA,NA,"Animalia Chordata Actinopterygii Cypriniformes Cyprinidae",NA,NA,NA,"18705",NA,NA,"Lake Victoria, 20 miles W. Mwanaz",NA,NA,NA,NA,NA,NA,NA,NA,NA,NA,NA,NA,NA,"99d66b6c-9087-452f-a9d4-f15f2c2d0e7e",NA,NA,"Z93588","en","PhysicalObject",NA,"1a9efe05-e0b4-41fd-a7f4-98945f4b1e07","FMNH",NA,NA,NA,NA,NA,NA,NA,NA,NA,NA,NA,NA,NA,NA,NA,NA,NA,NA,NA,NA,NA,NA,NA,NA,NA,NA,NA,NA,NA,NA,"ICZN",NA,"https://www.fieldmuseum.org/field-museum-natural-history-conditions-and-suggested-norms-use-collections-data-and-images",NA,NA,NA,NA,NA,NA,NA,"fishes-21-dec-2022",NA,NA,NA,NA,"672279",NA,NA,NA,NA,NA,NA,NA,NA,NA,NA,NA,NA,NA,NA,NA,NA,NA,"Lake","Lake Victoria",67332250502.7392,"Barbus yongei"
"1230421519","Barbus litamba Keilhack, 1908",-12,34.5,"","1aaec653-c71c-4695-9b6e-0e26214dd817","cecc196e-f262-4986-a88a-6adf035dca0e","6adeff08-3d1e-4977-8524-24d3f58ab403","cecc196e-f262-4986-a88a-6adf035dca0e","ZA","EML","2025-01-22T00:53:29.548+00:00","2025-02-06T18:10:40.041+00:00",458,"PRESERVED_SPECIMEN","PRESENT",5205529,1,44,1153,7336,2363128,9240381,9240381,"Enteromius litamba (Keilhack, 1908)","Animalia","Chordata","Cypriniformes","Cyprinidae","Enteromius","Enteromius litamba","Barbus","litamba","SPECIES","SYNONYM","DD",NA,NA,"AFRICA",NA,1974,11,18,"1974-11-18",322,322,"2022-02-23T16:09:01.000+00:00","2025-02-06T18:10:40.041+00:00",NA,"http://creativecommons.org/licenses/by/4.0/legalcode",FALSE,"3355bf4f-fc21-11e2-ac3f-081965b14959","none","none",FALSE,NA,"B.G. Donnelly","Paul Skelton","WGS84","MW","none","none","AFRICA","Malawi","AFRICA","SAIAB","3355bf4f-fc21-11e2-ac3f-081965b14959",NA,NA,"1230421519",NA,"FC","3355bf4f-fc21-11e2-ac3f-081965b14959",NA,"127226","SAIAB",NA,NA,"4cc191f6-fc21-11e2-ac3f-081965b14959","Barbus litamba Keilhack, 1908",NA,NA,NA,NA,NA,NA,NA,NA,"Africa|Malawi","a90ba963-9569-4b96-8d56-452aa7b83f75","a7d9ed64-4668-41b3-a862-27d87c50bfed","Whole specimen/s - 2","urn:lsid:biocol.org:col:34984","WGS84",NA,NA,"http://grscicoll.org/institutional-collection/national-fish-collection-0",NA,NA,NA,"Geodetic datum assumed to be WGS84.",NA,"Lake Malawi; Taken by trawling at depth of 20 fathoms",NA,NA,NA,NA,NA,NA,NA,NA,NA,NA,NA,NA,NA,"8e30b684-6a54-4aba-aa73-66201c2c736e","3c287835-fc21-11e2-ac3f-081965b14959","Enteromius litamba",NA,"en","PhysicalObject","Enteromius litamba (current)","4123516f-fc21-11e2-ac3f-081965b14959","SAIAB",NA,NA,NA,NA,NA,NA,NA,NA,NA,NA,NA,NA,NA,"AMG 8062",NA,NA,NA,NA,NA,NA,NA,NA,NA,NA,NA,NA,NA,NA,NA,NA,NA,NA,NA,NA,NA,NA,NA,NA,NA,NA,NA,NA,NA,NA,NA,NA,NA,NA,NA,NA,NA,NA,NA,NA,NA,NA,NA,NA,NA,NA,NA,NA,NA,"Lake","Lake Malawi",28951795749.1886,"Barbus litamba"
"1230415353","Barbus radiatus Peters, 1853",-14.083333,34.833333,"","1aaec653-c71c-4695-9b6e-0e26214dd817","cecc196e-f262-4986-a88a-6adf035dca0e","6adeff08-3d1e-4977-8524-24d3f58ab403","cecc196e-f262-4986-a88a-6adf035dca0e","ZA","EML","2025-01-22T00:53:29.548+00:00","2025-02-06T18:10:39.239+00:00",458,"PRESERVED_SPECIMEN","PRESENT",5712396,1,44,1153,7336,2363128,9252016,9252016,"Enteromius radiatus (Peters, 1853)","Animalia","Chordata","Cypriniformes","Cyprinidae","Enteromius","Enteromius radiatus","Barbus","radiatus","SPECIES","SYNONYM","LC",NA,NA,"AFRICA",NA,1973,8,15,"1973-08-15",227,227,"2022-05-31T11:51:46.000+00:00","2025-02-06T18:10:39.239+00:00",NA,"http://creativecommons.org/licenses/by/4.0/legalcode",FALSE,"33031719-fc21-11e2-ac3f-081965b14959","none","none",FALSE,NA,"S.M. Grant",NA,"WGS84","MW","none","none","AFRICA","Malawi","AFRICA","SAIAB","33031719-fc21-11e2-ac3f-081965b14959",NA,NA,"1230415353",NA,"FC","33031719-fc21-11e2-ac3f-081965b14959",NA,"121304","SAIAB",NA,NA,"4ca2ae0b-fc21-11e2-ac3f-081965b14959","Barbus radiatus Peters, 1853",NA,NA,NA,NA,NA,NA,NA,NA,"Africa|Malawi","a90ba963-9569-4b96-8d56-452aa7b83f75","a7d9ed64-4668-41b3-a862-27d87c50bfed","Whole specimen/s - 17","urn:lsid:biocol.org:col:34984","WGS84",NA,NA,"http://grscicoll.org/institutional-collection/national-fish-collection-0",NA,NA,NA,"Geodetic datum assumed to be WGS84.",NA,"Lake Malawi catchment; Salima-Nkota road",NA,NA,NA,NA,NA,NA,NA,NA,NA,NA,NA,NA,NA,"8e30b684-6a54-4aba-aa73-66201c2c736e","3bd6ffe0-fc21-11e2-ac3f-081965b14959","Enteromius radiatus",NA,"en","PhysicalObject","Enteromius radiatus (current)","4141e3cf-fc21-11e2-ac3f-081965b14959","SAIAB","urn:lsid:marinespecies.org:taxname:1419118",NA,NA,NA,NA,NA,NA,NA,NA,NA,NA,NA,NA,"AMG 2140",NA,NA,NA,NA,NA,NA,NA,NA,NA,NA,NA,NA,NA,NA,NA,NA,NA,NA,NA,NA,NA,NA,NA,NA,NA,NA,NA,NA,NA,NA,NA,NA,NA,NA,NA,NA,NA,NA,NA,NA,NA,NA,NA,NA,NA,NA,NA,NA,NA,"Lake","Lake Malawi",28951795749.1886,"Barbus radiatus"
"1230415397","Barbus radiatus Peters, 1853",-14.083333,34.833333,"","1aaec653-c71c-4695-9b6e-0e26214dd817","cecc196e-f262-4986-a88a-6adf035dca0e","6adeff08-3d1e-4977-8524-24d3f58ab403","cecc196e-f262-4986-a88a-6adf035dca0e","ZA","EML","2025-01-22T00:53:29.548+00:00","2025-02-06T18:10:39.184+00:00",458,"PRESERVED_SPECIMEN","PRESENT",5712396,1,44,1153,7336,2363128,9252016,9252016,"Enteromius radiatus (Peters, 1853)","Animalia","Chordata","Cypriniformes","Cyprinidae","Enteromius","Enteromius radiatus","Barbus","radiatus","SPECIES","SYNONYM","LC",NA,NA,"AFRICA",NA,1973,8,15,"1973-08-15",227,227,"2022-05-30T16:09:21.000+00:00","2025-02-06T18:10:39.184+00:00",NA,"http://creativecommons.org/licenses/by/4.0/legalcode",FALSE,"33031c04-fc21-11e2-ac3f-081965b14959","none","none",FALSE,NA,"S.M. Grant",NA,"WGS84","MW","none","none","AFRICA","Malawi","AFRICA","SAIAB","33031c04-fc21-11e2-ac3f-081965b14959",NA,NA,"1230415397",NA,"FC","33031c04-fc21-11e2-ac3f-081965b14959",NA,"121306","SAIAB",NA,NA,"4ca29684-fc21-11e2-ac3f-081965b14959","Barbus radiatus Peters, 1853",NA,NA,NA,NA,NA,NA,NA,NA,"Africa|Malawi","a90ba963-9569-4b96-8d56-452aa7b83f75","a7d9ed64-4668-41b3-a862-27d87c50bfed","Whole specimen/s - 25","urn:lsid:biocol.org:col:34984","WGS84",NA,NA,"http://grscicoll.org/institutional-collection/national-fish-collection-0",NA,NA,NA,"Geodetic datum assumed to be WGS84.",NA,"Lake Malawi catchment; Near Lake Madzenje",NA,NA,NA,NA,NA,NA,NA,NA,NA,NA,NA,NA,NA,"8e30b684-6a54-4aba-aa73-66201c2c736e","3bd70454-fc21-11e2-ac3f-081965b14959","Enteromius radiatus",NA,"en","PhysicalObject","Enteromius radiatus (current)","413809e9-fc21-11e2-ac3f-081965b14959","SAIAB","urn:lsid:marinespecies.org:taxname:1419118",NA,NA,NA,NA,NA,NA,NA,NA,NA,NA,NA,NA,"AMG 2142",NA,NA,NA,NA,NA,NA,NA,NA,NA,NA,NA,NA,NA,NA,NA,NA,NA,NA,NA,NA,NA,NA,NA,NA,NA,NA,NA,NA,NA,NA,NA,NA,NA,NA,NA,NA,NA,NA,NA,NA,NA,NA,NA,NA,NA,NA,NA,NA,NA,"Lake","Lake Malawi",28951795749.1886,"Barbus radiatus"
"1230422035","Barbus litamba Keilhack, 1908",-14.083333,34.833333,"","1aaec653-c71c-4695-9b6e-0e26214dd817","cecc196e-f262-4986-a88a-6adf035dca0e","6adeff08-3d1e-4977-8524-24d3f58ab403","cecc196e-f262-4986-a88a-6adf035dca0e","ZA","EML","2025-01-22T00:53:29.548+00:00","2025-02-06T18:10:40.129+00:00",458,"PRESERVED_SPECIMEN","PRESENT",5205529,1,44,1153,7336,2363128,9240381,9240381,"Enteromius litamba (Keilhack, 1908)","Animalia","Chordata","Cypriniformes","Cyprinidae","Enteromius","Enteromius litamba","Barbus","litamba","SPECIES","SYNONYM","DD",NA,NA,"AFRICA",NA,1971,10,12,"1971-10-12",285,285,"2022-05-19T12:05:32.000+00:00","2025-02-06T18:10:40.129+00:00",NA,"http://creativecommons.org/licenses/by/4.0/legalcode",FALSE,"335cf0f3-fc21-11e2-ac3f-081965b14959","none","none",FALSE,NA,"D. Zady","Paul Skelton","WGS84","MW","none","none","AFRICA","Malawi","AFRICA","SAIAB","335cf0f3-fc21-11e2-ac3f-081965b14959",NA,NA,"1230422035",NA,"FC","335cf0f3-fc21-11e2-ac3f-081965b14959",NA,"127563","SAIAB",NA,NA,"4cc19cef-fc21-11e2-ac3f-081965b14959","Barbus litamba Keilhack, 1908",NA,NA,NA,NA,NA,NA,NA,NA,"Africa|Malawi","a90ba963-9569-4b96-8d56-452aa7b83f75","a7d9ed64-4668-41b3-a862-27d87c50bfed","Whole specimen/s - 1","urn:lsid:biocol.org:col:34984","WGS84",NA,NA,"http://grscicoll.org/institutional-collection/national-fish-collection-0",NA,NA,NA,"Geodetic datum assumed to be WGS84.",NA,"Lake Malawi; 3 - 5 miles off Namias south east arm",NA,NA,NA,NA,NA,NA,NA,NA,NA,NA,NA,NA,NA,"8e30b684-6a54-4aba-aa73-66201c2c736e","3c2c8008-fc21-11e2-ac3f-081965b14959","Enteromius litamba",NA,"en","PhysicalObject","Enteromius litamba (current)","41488837-fc21-11e2-ac3f-081965b14959","SAIAB",NA,NA,NA,NA,NA,NA,NA,NA,NA,NA,NA,NA,NA,"AMG 8399",NA,NA,NA,NA,NA,NA,NA,NA,NA,NA,NA,NA,NA,NA,NA,NA,NA,NA,NA,NA,NA,NA,NA,NA,NA,NA,NA,NA,NA,NA,NA,NA,NA,NA,NA,NA,NA,NA,NA,NA,NA,NA,NA,NA,NA,NA,NA,NA,NA,"Lake","Lake Malawi",28951795749.1886,"Barbus litamba"
"1055981074","Barbus radiatus profundus Greenwood, 1970",-2.151389,32.584722,"cdround,gass84,mdativ,muldativ,incomis,inmafu","7e380070-f762-11e1-a439-00145eb45e9a","19456090-b49a-11d8-abeb-b8a03c50a862","60277b56-f762-11e1-a439-00145eb45e9a","19456090-b49a-11d8-abeb-b8a03c50a862","GB","DWC_ARCHIVE","2025-02-16T11:31:56.494+00:00","2025-02-16T13:53:34.419+00:00",428,"PRESERVED_SPECIMEN","PRESENT",6167356,1,44,1153,7336,2363128,9500212,9500212,"Enteromius profundus (Greenwood, 1970)","Animalia","Chordata","Cypriniformes","Cyprinidae","Enteromius","Enteromius profundus","Barbus","radiatus","SUBSPECIES","SYNONYM","LC",NA,NA,"AFRICA","Mwanza",1970,2,27,"1970-02-27",58,58,NA,"2025-02-16T13:53:34.419+00:00",NA,"http://creativecommons.org/publicdomain/zero/1.0/legalcode",FALSE,"2534522","none","none",FALSE,NA,"P Greenwood",NA,"WGS84","TZ","none","none","AFRICA","Tanzania, United Republic of","EUROPE",NA,"2534522",NA,NA,"1055981074",NA,"ZOO","26098abc-7d03-4448-bc96-ad6879a50779",NA,"1970.5.14.1","NHMUK",NA,NA,NA,"Barbus radiatus profundus Greenwood, 1970",NA,"{""associatedMediaCount"": 2, ""barcode"": ""013001159"", ""catalogueDescription"": null, ""chondriteAchondrite"": null, ""chronostratigraphy"": null, ""clutchSize"": null, ""collectionKind"": null, ""collectionName"": null, ""commodity"": null, ""created"": 1056097875000, ""currentScientificName"": null, ""dateRegistered"": null, ""depositType"": null, ""determinationFiledAs"": [""Yes"", ""No""], ""determinationNames"": [""Barbus radiatus profundus Greenwood, 1970"", ""Barbus profundus Greenwood, 1970""], ""determinationTypes"": null, ""donorName"": ""East African Fresh. Fish. Res. Org."", ""expedition"": null, ""exsiccata"": null, ""exsiccataNumber"": null, ""extractionMethod"": null, ""gbifID"": ""1055981074"", ""gbifIssue"": [""COORDINATE_ROUNDED"", ""GEODETIC_DATUM_ASSUMED_WGS84""], ""identificationAsRegistered"": null, ""identificationDescription"": null, ""identificationOther"": null, ""identificationVariety"": null, ""kindOfCollection"": null, ""kindOfObject"": ""Spirit"", ""lithostratigraphy"": null, ""meteoriteClass"": null, ""meteoriteGroup"": null, ""meteoriteType"": null, ""mine"": null, ""mineralComplex"": null, ""observedWeight"": null, ""occurrence"": null, ""partType"": null, ""petrologySubtype"": null, ""petrologyType"": null, ""plantDescription"": null, ""populationCode"": null, ""preparationType"": null, ""preservative"": ""IMS 70%"", ""project"": null, ""recovery"": null, ""recoveryDate"": null, ""recoveryWeight"": null, ""registeredWeightUnit"": null, ""registrationCode"": ""PI03"", ""resuspendedIn"": null, ""setMark"": null, ""subDepartment"": ""LS Fish"", ""subfamily"": null, ""suborder"": null, ""superfamily"": null, ""texture"": null, ""totalVolume"": null, ""vessel"": null}",NA,NA,NA,NA,NA,1,"Africa; Tanzania; Mwanza","1d808a7c-1f9e-4379-9616-edb749ecf10e",NA,NA,NA,NA,NA,"Actinopterygii; Ostariophysi; Cypriniformes; Cyprinidae",NA,"Lake Victoria","78'1.5"" Codend",NA,NA,NA,"Lake Victoria",NA,NA,"Holotype",NA,NA,NA,NA,NA,NA,NA,NA,NA,NA,"17abcf75-2f1e-46dd-bf75-a5b21dd02655,99d66b6c-9087-452f-a9d4-f15f2c2d0e7e",NA,NA,"Stn. T267",NA,NA,NA,NA,NA,NA,"TYPE STATUS CHECKED (Eschmeyer Catalogue 2004). Valid as Barbus profundus Greenwood 1970 -- (Seegers 1996:144).",NA,NA,NA,NA,NA,NA,NA,NA,NA,NA,NA,"NHMUK:ecatalogue:2534522",NA,NA,NA,NA,NA,NA,NA,NA,NA,NA,57,0,NA,NA,NA,NA,NA,NA,NA,NA,NA,NA,NA,NA,NA,NA,NA,NA,NA,NA,NA,NA,NA,NA,NA,NA,"profundus",NA,NA,NA,NA,NA,NA,NA,NA,NA,NA,NA,NA,"Lake","Lake Victoria",67332250502.7392,"Barbus radiatus"
"1055685150","Barbus radiatus profundus Greenwood, 1970",-0.634722,32.5,"cdround,gass84,mdativ,muldativ,incomis,inmafu","7e380070-f762-11e1-a439-00145eb45e9a","19456090-b49a-11d8-abeb-b8a03c50a862","60277b56-f762-11e1-a439-00145eb45e9a","19456090-b49a-11d8-abeb-b8a03c50a862","GB","DWC_ARCHIVE","2025-02-16T11:31:56.494+00:00","2025-02-16T13:53:34.608+00:00",428,"PRESERVED_SPECIMEN","PRESENT",6167356,1,44,1153,7336,2363128,9500212,9500212,"Enteromius profundus (Greenwood, 1970)","Animalia","Chordata","Cypriniformes","Cyprinidae","Enteromius","Enteromius profundus","Barbus","radiatus","SUBSPECIES","SYNONYM","LC",NA,NA,"AFRICA",NA,1970,2,15,"1970-02-15",46,46,NA,"2025-02-16T13:53:34.608+00:00",NA,"http://creativecommons.org/publicdomain/zero/1.0/legalcode",FALSE,"2534523","none","none",FALSE,NA,"P Greenwood",NA,"WGS84","UG","none","none","AFRICA","Uganda","EUROPE",NA,"2534523",NA,NA,"1055685150",NA,"ZOO","8ddc1afb-9d22-496b-892b-4b0493883dd0",NA,"1970.5.14.10-12","NHMUK",NA,NA,NA,"Barbus radiatus profundus Greenwood, 1970",NA,"{""associatedMediaCount"": 2, ""barcode"": ""013026333"", ""catalogueDescription"": null, ""chondriteAchondrite"": null, ""chronostratigraphy"": null, ""clutchSize"": null, ""collectionKind"": null, ""collectionName"": null, ""commodity"": null, ""created"": 1056097876000, ""currentScientificName"": null, ""dateRegistered"": null, ""depositType"": null, ""determinationFiledAs"": [""Yes"", ""No""], ""determinationNames"": [""Barbus radiatus profundus Greenwood, 1970"", ""Barbus profundus Greenwood, 1970""], ""determinationTypes"": null, ""donorName"": ""East African Fresh. Fish. Res. Org."", ""expedition"": null, ""exsiccata"": null, ""exsiccataNumber"": null, ""extractionMethod"": null, ""gbifID"": ""1055685150"", ""gbifIssue"": [""COORDINATE_ROUNDED"", ""GEODETIC_DATUM_ASSUMED_WGS84""], ""identificationAsRegistered"": null, ""identificationDescription"": null, ""identificationOther"": null, ""identificationVariety"": null, ""kindOfCollection"": null, ""kindOfObject"": ""Spirit"", ""lithostratigraphy"": null, ""meteoriteClass"": null, ""meteoriteGroup"": null, ""meteoriteType"": null, ""mine"": null, ""mineralComplex"": null, ""observedWeight"": null, ""occurrence"": null, ""partType"": null, ""petrologySubtype"": null, ""petrologyType"": null, ""plantDescription"": null, ""populationCode"": null, ""preparationType"": null, ""preservative"": ""IMS 70%"", ""project"": null, ""recovery"": null, ""recoveryDate"": null, ""recoveryWeight"": null, ""registeredWeightUnit"": null, ""registrationCode"": ""PI03"", ""resuspendedIn"": null, ""setMark"": null, ""subDepartment"": ""LS Fish"", ""subfamily"": null, ""suborder"": null, ""superfamily"": null, ""texture"": null, ""totalVolume"": null, ""vessel"": null}",NA,NA,NA,NA,NA,3,"Africa; Uganda","1d808a7c-1f9e-4379-9616-edb749ecf10e",NA,NA,NA,NA,NA,"Actinopterygii; Ostariophysi; Cypriniformes; Cyprinidae",NA,"Lake Victoria","78'1.5"" Codend",NA,NA,NA,"Lake Victoria",NA,NA,"Paratype",NA,NA,NA,NA,NA,NA,NA,NA,NA,NA,"17abcf75-2f1e-46dd-bf75-a5b21dd02655,99d66b6c-9087-452f-a9d4-f15f2c2d0e7e",NA,NA,"Stn. U 382",NA,NA,NA,NA,NA,NA,"TYPE STATUS CHECKED (Eschmeyer Catalogue 2004). Valid as Barbus profundus Greenwood 1970 -- (Seegers 1996:144).",NA,NA,NA,NA,NA,NA,NA,NA,NA,NA,NA,"NHMUK:ecatalogue:2534523",NA,NA,NA,NA,NA,NA,NA,NA,NA,NA,52,0,NA,NA,NA,NA,NA,NA,NA,NA,NA,NA,NA,NA,NA,NA,NA,NA,NA,NA,NA,NA,NA,NA,NA,NA,"profundus",NA,NA,NA,NA,NA,NA,NA,NA,NA,NA,NA,NA,"Lake","Lake Victoria",67332250502.7392,"Barbus radiatus"
"1055602930","Barbus profundus Greenwood, 1970",-1.2,32.5,"depmms,gass84,mdativ,muldativ,incomis,inmafu","7e380070-f762-11e1-a439-00145eb45e9a","19456090-b49a-11d8-abeb-b8a03c50a862","60277b56-f762-11e1-a439-00145eb45e9a","19456090-b49a-11d8-abeb-b8a03c50a862","GB","DWC_ARCHIVE","2025-02-16T11:31:56.494+00:00","2025-02-16T13:53:34.428+00:00",428,"PRESERVED_SPECIMEN","PRESENT",5207178,1,44,1153,7336,2363128,9500212,9500212,"Enteromius profundus (Greenwood, 1970)","Animalia","Chordata","Cypriniformes","Cyprinidae","Enteromius","Enteromius profundus","Barbus","profundus","SPECIES","SYNONYM","LC",NA,NA,"AFRICA","Kagera",1970,2,17,"1970-02-17",48,48,NA,"2025-02-16T13:53:34.428+00:00",NA,"http://creativecommons.org/publicdomain/zero/1.0/legalcode",FALSE,"2534524","none","none",FALSE,NA,"P Greenwood",NA,"WGS84","TZ","none","none","AFRICA","Tanzania, United Republic of","EUROPE",NA,"2534524",NA,NA,"1055602930",NA,"ZOO","922c0feb-747f-4078-9a2d-16561c7fd155",NA,"1970.5.14.105-111","NHMUK",NA,NA,NA,"Barbus profundus Greenwood, 1970",NA,"{""associatedMediaCount"": 1, ""barcode"": ""013009821"", ""catalogueDescription"": null, ""chondriteAchondrite"": null, ""chronostratigraphy"": null, ""clutchSize"": null, ""collectionKind"": null, ""collectionName"": null, ""commodity"": null, ""created"": 1056097876000, ""currentScientificName"": null, ""dateRegistered"": null, ""depositType"": null, ""determinationFiledAs"": [""Yes"", ""No""], ""determinationNames"": [""Barbus profundus Greenwood, 1970"", ""Barbus radiatus profundus Greenwood, 1970""], ""determinationTypes"": null, ""donorName"": ""East African Fresh. Fish. Res. Org."", ""expedition"": null, ""exsiccata"": null, ""exsiccataNumber"": null, ""extractionMethod"": null, ""gbifID"": ""1055602930"", ""gbifIssue"": [""GEODETIC_DATUM_ASSUMED_WGS84"", ""DEPTH_MIN_MAX_SWAPPED""], ""identificationAsRegistered"": null, ""identificationDescription"": null, ""identificationOther"": null, ""identificationVariety"": null, ""kindOfCollection"": null, ""kindOfObject"": null, ""lithostratigraphy"": null, ""meteoriteClass"": null, ""meteoriteGroup"": null, ""meteoriteType"": null, ""mine"": null, ""mineralComplex"": null, ""observedWeight"": null, ""occurrence"": null, ""partType"": null, ""petrologySubtype"": null, ""petrologyType"": null, ""plantDescription"": null, ""populationCode"": null, ""preparationType"": null, ""preservative"": null, ""project"": null, ""recovery"": null, ""recoveryDate"": null, ""recoveryWeight"": null, ""registeredWeightUnit"": null, ""registrationCode"": ""PI03"", ""resuspendedIn"": null, ""setMark"": null, ""subDepartment"": ""LS Fish"", ""subfamily"": null, ""suborder"": null, ""superfamily"": null, ""texture"": null, ""totalVolume"": null, ""vessel"": null}",NA,NA,NA,NA,NA,7,"Africa; Tanzania; Kagera","1d808a7c-1f9e-4379-9616-edb749ecf10e",NA,NA,NA,NA,NA,"Actinopterygii; Ostariophysi; Cypriniformes; Cyprinidae",NA,"Lake Victoria","78'1.5"" Codend",NA,NA,NA,"Lake Victoria",NA,NA,NA,NA,NA,NA,NA,NA,NA,NA,NA,NA,NA,"17abcf75-2f1e-46dd-bf75-a5b21dd02655,99d66b6c-9087-452f-a9d4-f15f2c2d0e7e",NA,NA,"Stn. T 221",NA,NA,NA,NA,NA,NA,NA,NA,NA,NA,NA,NA,NA,NA,NA,NA,NA,NA,"NHMUK:ecatalogue:2534524",NA,NA,NA,NA,NA,NA,NA,NA,NA,NA,62.5,1.5,NA,NA,NA,NA,NA,NA,NA,NA,NA,NA,NA,NA,NA,NA,NA,NA,NA,NA,NA,NA,NA,NA,NA,NA,NA,NA,NA,NA,NA,NA,NA,NA,NA,NA,NA,NA,NA,"Lake","Lake Victoria",67332250502.7392,"Barbus profundus"
"1057608427","Barbus profundus Greenwood, 1970",-2.184722,31.917222,"cdround,depmms,gass84,mdativ,muldativ,incomis,inmafu","7e380070-f762-11e1-a439-00145eb45e9a","19456090-b49a-11d8-abeb-b8a03c50a862","60277b56-f762-11e1-a439-00145eb45e9a","19456090-b49a-11d8-abeb-b8a03c50a862","GB","DWC_ARCHIVE","2025-02-16T11:31:56.494+00:00","2025-02-16T13:53:34.699+00:00",428,"PRESERVED_SPECIMEN","PRESENT",5207178,1,44,1153,7336,2363128,9500212,9500212,"Enteromius profundus (Greenwood, 1970)","Animalia","Chordata","Cypriniformes","Cyprinidae","Enteromius","Enteromius profundus","Barbus","profundus","SPECIES","SYNONYM","LC",NA,NA,"AFRICA","Mwanza",1970,2,25,"1970-02-25",56,56,NA,"2025-02-16T13:53:34.699+00:00",NA,"http://creativecommons.org/publicdomain/zero/1.0/legalcode",FALSE,"2534525","none","none",FALSE,NA,"P Greenwood",NA,"WGS84","TZ","none","none","AFRICA","Tanzania, United Republic of","EUROPE",NA,"2534525",NA,NA,"1057608427",NA,"ZOO","cfda2e6e-e46d-4a53-8a05-f15262dde128",NA,"1970.5.14.112-126","NHMUK",NA,NA,NA,"Barbus profundus Greenwood, 1970",NA,"{""associatedMediaCount"": 1, ""barcode"": ""013026442"", ""catalogueDescription"": null, ""chondriteAchondrite"": null, ""chronostratigraphy"": null, ""clutchSize"": null, ""collectionKind"": null, ""collectionName"": null, ""commodity"": null, ""created"": 1056097876000, ""currentScientificName"": null, ""dateRegistered"": null, ""depositType"": null, ""determinationFiledAs"": [""Yes"", ""No""], ""determinationNames"": [""Barbus profundus Greenwood, 1970"", ""Barbus radiatus profundus Greenwood, 1970""], ""determinationTypes"": null, ""donorName"": ""East African Fresh. Fish. Res. Org."", ""expedition"": null, ""exsiccata"": null, ""exsiccataNumber"": null, ""extractionMethod"": null, ""gbifID"": ""1057608427"", ""gbifIssue"": [""COORDINATE_ROUNDED"", ""GEODETIC_DATUM_ASSUMED_WGS84"", ""DEPTH_MIN_MAX_SWAPPED""], ""identificationAsRegistered"": null, ""identificationDescription"": null, ""identificationOther"": null, ""identificationVariety"": null, ""kindOfCollection"": null, ""kindOfObject"": null, ""lithostratigraphy"": null, ""meteoriteClass"": null, ""meteoriteGroup"": null, ""meteoriteType"": null, ""mine"": null, ""mineralComplex"": null, ""observedWeight"": null, ""occurrence"": null, ""partType"": null, ""petrologySubtype"": null, ""petrologyType"": null, ""plantDescription"": null, ""populationCode"": null, ""preparationType"": null, ""preservative"": null, ""project"": null, ""recovery"": null, ""recoveryDate"": null, ""recoveryWeight"": null, ""registeredWeightUnit"": null, ""registrationCode"": ""PI03"", ""resuspendedIn"": null, ""setMark"": null, ""subDepartment"": ""LS Fish"", ""subfamily"": null, ""suborder"": null, ""superfamily"": null, ""texture"": null, ""totalVolume"": null, ""vessel"": null}",NA,NA,NA,NA,NA,15,"Africa; Tanzania; Mwanza","1d808a7c-1f9e-4379-9616-edb749ecf10e",NA,NA,NA,NA,NA,"Actinopterygii; Ostariophysi; Cypriniformes; Cyprinidae",NA,"Lake Victoria","78'1.5"" Codend",NA,NA,NA,"Lake Victoria",NA,NA,NA,NA,NA,NA,NA,NA,NA,NA,NA,NA,NA,"17abcf75-2f1e-46dd-bf75-a5b21dd02655,99d66b6c-9087-452f-a9d4-f15f2c2d0e7e",NA,NA,"Stn. T 255",NA,NA,NA,NA,NA,NA,NA,NA,NA,NA,NA,NA,NA,NA,NA,NA,NA,NA,"NHMUK:ecatalogue:2534525",NA,NA,NA,NA,NA,NA,NA,NA,NA,NA,38,2,NA,NA,NA,NA,NA,NA,NA,NA,NA,NA,NA,NA,NA,NA,NA,NA,NA,NA,NA,NA,NA,NA,NA,NA,NA,NA,NA,NA,NA,NA,NA,NA,NA,NA,NA,NA,NA,"Lake","Lake Victoria",67332250502.7392,"Barbus profundus"
"1056368295","Barbus profundus Greenwood, 1970",-0.916667,32.767222,"cdround,depmms,gass84,mdativ,muldativ,incomis,inmafu","7e380070-f762-11e1-a439-00145eb45e9a","19456090-b49a-11d8-abeb-b8a03c50a862","60277b56-f762-11e1-a439-00145eb45e9a","19456090-b49a-11d8-abeb-b8a03c50a862","GB","DWC_ARCHIVE","2025-02-16T11:31:56.494+00:00","2025-02-16T13:53:34.825+00:00",428,"PRESERVED_SPECIMEN","PRESENT",5207178,1,44,1153,7336,2363128,9500212,9500212,"Enteromius profundus (Greenwood, 1970)","Animalia","Chordata","Cypriniformes","Cyprinidae","Enteromius","Enteromius profundus","Barbus","profundus","SPECIES","SYNONYM","LC",NA,NA,"AFRICA",NA,1970,2,16,"1970-02-16",47,47,NA,"2025-02-16T13:53:34.825+00:00",NA,"http://creativecommons.org/publicdomain/zero/1.0/legalcode",FALSE,"2534526","none","none",FALSE,NA,"P Greenwood",NA,"WGS84","UG","none","none","AFRICA","Uganda","EUROPE",NA,"2534526",NA,NA,"1056368295",NA,"ZOO","4e9292ec-14b1-43cb-9b32-91cc338697d3",NA,"1970.5.14.127-135","NHMUK",NA,NA,NA,"Barbus profundus Greenwood, 1970",NA,"{""associatedMediaCount"": 1, ""barcode"": ""013026264"", ""catalogueDescription"": null, ""chondriteAchondrite"": null, ""chronostratigraphy"": null, ""clutchSize"": null, ""collectionKind"": null, ""collectionName"": null, ""commodity"": null, ""created"": 1056097876000, ""currentScientificName"": null, ""dateRegistered"": null, ""depositType"": null, ""determinationFiledAs"": [""Yes"", ""No""], ""determinationNames"": [""Barbus profundus Greenwood, 1970"", ""Barbus radiatus profundus Greenwood, 1970""], ""determinationTypes"": null, ""donorName"": ""East African Fresh. Fish. Res. Org."", ""expedition"": null, ""exsiccata"": null, ""exsiccataNumber"": null, ""extractionMethod"": null, ""gbifID"": ""1056368295"", ""gbifIssue"": [""COORDINATE_ROUNDED"", ""GEODETIC_DATUM_ASSUMED_WGS84"", ""DEPTH_MIN_MAX_SWAPPED""], ""identificationAsRegistered"": null, ""identificationDescription"": null, ""identificationOther"": null, ""identificationVariety"": null, ""kindOfCollection"": null, ""kindOfObject"": null, ""lithostratigraphy"": null, ""meteoriteClass"": null, ""meteoriteGroup"": null, ""meteoriteType"": null, ""mine"": null, ""mineralComplex"": null, ""observedWeight"": null, ""occurrence"": null, ""partType"": null, ""petrologySubtype"": null, ""petrologyType"": null, ""plantDescription"": null, ""populationCode"": null, ""preparationType"": null, ""preservative"": null, ""project"": null, ""recovery"": null, ""recoveryDate"": null, ""recoveryWeight"": null, ""registeredWeightUnit"": null, ""registrationCode"": ""PI03"", ""resuspendedIn"": null, ""setMark"": null, ""subDepartment"": ""LS Fish"", ""subfamily"": null, ""suborder"": null, ""superfamily"": null, ""texture"": null, ""totalVolume"": null, ""vessel"": null}",NA,NA,NA,NA,NA,9,"Africa; Uganda","1d808a7c-1f9e-4379-9616-edb749ecf10e",NA,NA,NA,NA,NA,"Actinopterygii; Ostariophysi; Cypriniformes; Cyprinidae",NA,"Lake Victoria","78'1.5"" Codend",NA,NA,NA,"Lake Victoria",NA,NA,NA,NA,NA,NA,NA,NA,NA,NA,NA,NA,NA,"17abcf75-2f1e-46dd-bf75-a5b21dd02655,99d66b6c-9087-452f-a9d4-f15f2c2d0e7e",NA,NA,"Stn. U 391",NA,NA,NA,NA,NA,NA,NA,NA,NA,NA,NA,NA,NA,NA,NA,NA,NA,NA,"NHMUK:ecatalogue:2534526",NA,NA,NA,NA,NA,NA,NA,NA,NA,NA,64.5,0.5,NA,NA,NA,NA,NA,NA,NA,NA,NA,NA,NA,NA,NA,NA,NA,NA,NA,NA,NA,NA,NA,NA,NA,NA,NA,NA,NA,NA,NA,NA,NA,NA,NA,NA,NA,NA,NA,"Lake","Lake Victoria",67332250502.7392,"Barbus profundus"
"1056990726","Barbus profundus Greenwood, 1970",-0.634722,32.5,"cdround,gass84,mdativ,muldativ,incomis,inmafu","7e380070-f762-11e1-a439-00145eb45e9a","19456090-b49a-11d8-abeb-b8a03c50a862","60277b56-f762-11e1-a439-00145eb45e9a","19456090-b49a-11d8-abeb-b8a03c50a862","GB","DWC_ARCHIVE","2025-02-16T11:31:56.494+00:00","2025-02-16T13:53:34.316+00:00",428,"PRESERVED_SPECIMEN","PRESENT",5207178,1,44,1153,7336,2363128,9500212,9500212,"Enteromius profundus (Greenwood, 1970)","Animalia","Chordata","Cypriniformes","Cyprinidae","Enteromius","Enteromius profundus","Barbus","profundus","SPECIES","SYNONYM","LC",NA,NA,"AFRICA",NA,1970,2,15,"1970-02-15",46,46,NA,"2025-02-16T13:53:34.316+00:00",NA,"http://creativecommons.org/publicdomain/zero/1.0/legalcode",FALSE,"2534527","none","none",FALSE,NA,"P Greenwood",NA,"WGS84","UG","none","none","AFRICA","Uganda","EUROPE",NA,"2534527",NA,NA,"1056990726",NA,"ZOO","54947d3f-c3d4-4430-9246-99add321d74d",NA,"1970.5.14.13-17","NHMUK",NA,NA,NA,"Barbus profundus Greenwood, 1970",NA,"{""associatedMediaCount"": 1, ""barcode"": ""013026334"", ""catalogueDescription"": null, ""chondriteAchondrite"": null, ""chronostratigraphy"": null, ""clutchSize"": null, ""collectionKind"": null, ""collectionName"": null, ""commodity"": null, ""created"": 1056097876000, ""currentScientificName"": null, ""dateRegistered"": null, ""depositType"": null, ""determinationFiledAs"": [""Yes"", ""No""], ""determinationNames"": [""Barbus profundus Greenwood, 1970"", ""Barbus radiatus profundus Greenwood, 1970""], ""determinationTypes"": null, ""donorName"": ""East African Fresh. Fish. Res. Org."", ""expedition"": null, ""exsiccata"": null, ""exsiccataNumber"": null, ""extractionMethod"": null, ""gbifID"": ""1056990726"", ""gbifIssue"": [""COORDINATE_ROUNDED"", ""GEODETIC_DATUM_ASSUMED_WGS84""], ""identificationAsRegistered"": null, ""identificationDescription"": null, ""identificationOther"": null, ""identificationVariety"": null, ""kindOfCollection"": null, ""kindOfObject"": null, ""lithostratigraphy"": null, ""meteoriteClass"": null, ""meteoriteGroup"": null, ""meteoriteType"": null, ""mine"": null, ""mineralComplex"": null, ""observedWeight"": null, ""occurrence"": null, ""partType"": null, ""petrologySubtype"": null, ""petrologyType"": null, ""plantDescription"": null, ""populationCode"": null, ""preparationType"": null, ""preservative"": null, ""project"": null, ""recovery"": null, ""recoveryDate"": null, ""recoveryWeight"": null, ""registeredWeightUnit"": null, ""registrationCode"": ""PI03"", ""resuspendedIn"": null, ""setMark"": null, ""subDepartment"": ""LS Fish"", ""subfamily"": null, ""suborder"": null, ""superfamily"": null, ""texture"": null, ""totalVolume"": null, ""vessel"": null}",NA,NA,NA,NA,NA,5,"Africa; Uganda","1d808a7c-1f9e-4379-9616-edb749ecf10e",NA,NA,NA,NA,NA,"Actinopterygii; Ostariophysi; Cypriniformes; Cyprinidae",NA,"Lake Victoria","78'1.5"" Codend",NA,NA,NA,"Lake Victoria",NA,NA,NA,NA,NA,NA,NA,NA,NA,NA,NA,NA,NA,"17abcf75-2f1e-46dd-bf75-a5b21dd02655,99d66b6c-9087-452f-a9d4-f15f2c2d0e7e",NA,NA,"Stn. U 382",NA,NA,NA,NA,NA,NA,NA,NA,NA,NA,NA,NA,NA,NA,NA,NA,NA,NA,"NHMUK:ecatalogue:2534527",NA,NA,NA,NA,NA,NA,NA,NA,NA,NA,52,0,NA,NA,NA,NA,NA,NA,NA,NA,NA,NA,NA,NA,NA,NA,NA,NA,NA,NA,NA,NA,NA,NA,NA,NA,NA,NA,NA,NA,NA,NA,NA,NA,NA,NA,NA,NA,NA,"Lake","Lake Victoria",67332250502.7392,"Barbus profundus"
"1055750423","Barbus radiatus profundus Greenwood, 1970",-2.201389,32.751389,"cdround,gass84,mdativ,muldativ,incomis,inmafu","7e380070-f762-11e1-a439-00145eb45e9a","19456090-b49a-11d8-abeb-b8a03c50a862","60277b56-f762-11e1-a439-00145eb45e9a","19456090-b49a-11d8-abeb-b8a03c50a862","GB","DWC_ARCHIVE","2025-02-16T11:31:56.494+00:00","2025-02-16T13:53:34.616+00:00",428,"PRESERVED_SPECIMEN","PRESENT",6167356,1,44,1153,7336,2363128,9500212,9500212,"Enteromius profundus (Greenwood, 1970)","Animalia","Chordata","Cypriniformes","Cyprinidae","Enteromius","Enteromius profundus","Barbus","radiatus","SUBSPECIES","SYNONYM","LC",NA,NA,"AFRICA","Mwanza",1970,2,20,"1970-02-20",51,51,NA,"2025-02-16T13:53:34.616+00:00",NA,"http://creativecommons.org/publicdomain/zero/1.0/legalcode",FALSE,"2534530","none","none",FALSE,NA,"P Greenwood",NA,"WGS84","TZ","none","none","AFRICA","Tanzania, United Republic of","EUROPE",NA,"2534530",NA,NA,"1055750423",NA,"ZOO","3dc81c69-721a-4cb6-b1d9-69a86ffbe70f",NA,"1970.5.14.18","NHMUK",NA,NA,NA,"Barbus radiatus profundus Greenwood, 1970",NA,"{""associatedMediaCount"": 2, ""barcode"": ""013026443"", ""catalogueDescription"": null, ""chondriteAchondrite"": null, ""chronostratigraphy"": null, ""clutchSize"": null, ""collectionKind"": null, ""collectionName"": null, ""commodity"": null, ""created"": 1056097877000, ""currentScientificName"": null, ""dateRegistered"": null, ""depositType"": null, ""determinationFiledAs"": [""Yes"", ""No""], ""determinationNames"": [""Barbus radiatus profundus Greenwood, 1970"", ""Barbus profundus Greenwood, 1970""], ""determinationTypes"": null, ""donorName"": ""East African Fresh. Fish. Res. Org."", ""expedition"": null, ""exsiccata"": null, ""exsiccataNumber"": null, ""extractionMethod"": null, ""gbifID"": ""1055750423"", ""gbifIssue"": [""COORDINATE_ROUNDED"", ""GEODETIC_DATUM_ASSUMED_WGS84""], ""identificationAsRegistered"": null, ""identificationDescription"": null, ""identificationOther"": null, ""identificationVariety"": null, ""kindOfCollection"": null, ""kindOfObject"": ""Spirit"", ""lithostratigraphy"": null, ""meteoriteClass"": null, ""meteoriteGroup"": null, ""meteoriteType"": null, ""mine"": null, ""mineralComplex"": null, ""observedWeight"": null, ""occurrence"": null, ""partType"": null, ""petrologySubtype"": null, ""petrologyType"": null, ""plantDescription"": null, ""populationCode"": null, ""preparationType"": null, ""preservative"": ""IMS 70%"", ""project"": null, ""recovery"": null, ""recoveryDate"": null, ""recoveryWeight"": null, ""registeredWeightUnit"": null, ""registrationCode"": ""PI03"", ""resuspendedIn"": null, ""setMark"": null, ""subDepartment"": ""LS Fish"", ""subfamily"": null, ""suborder"": null, ""superfamily"": null, ""texture"": null, ""totalVolume"": null, ""vessel"": null}",NA,NA,NA,NA,NA,1,"Africa; Tanzania; Mwanza","1d808a7c-1f9e-4379-9616-edb749ecf10e",NA,NA,NA,NA,NA,"Actinopterygii; Ostariophysi; Cypriniformes; Cyprinidae",NA,"Lake Victoria","78'1.5"" Codend",NA,NA,NA,"Lake Victoria",NA,NA,"Paratype",NA,NA,NA,NA,NA,NA,NA,NA,NA,NA,"17abcf75-2f1e-46dd-bf75-a5b21dd02655,99d66b6c-9087-452f-a9d4-f15f2c2d0e7e",NA,NA,"Stn. T 237",NA,NA,NA,NA,NA,NA,"TYPE STATUS CHECKED (Eschmeyer Catalogue 2004). Valid as Barbus profundus Greenwood 1970 -- (Seegers 1996:144).",NA,NA,NA,NA,NA,NA,NA,NA,NA,NA,NA,"NHMUK:ecatalogue:2534530",NA,NA,NA,NA,NA,NA,NA,NA,NA,NA,50,0,NA,NA,NA,NA,NA,NA,NA,NA,NA,NA,NA,NA,NA,NA,NA,NA,NA,NA,NA,NA,NA,NA,NA,NA,"profundus",NA,NA,NA,NA,NA,NA,NA,NA,NA,NA,NA,NA,"Lake","Lake Victoria",67332250502.7392,"Barbus radiatus"
"1056681016","Barbus profundus Greenwood, 1970",-2.451389,32.834722,"cdround,gass84,mdativ,muldativ,incomis,inmafu","7e380070-f762-11e1-a439-00145eb45e9a","19456090-b49a-11d8-abeb-b8a03c50a862","60277b56-f762-11e1-a439-00145eb45e9a","19456090-b49a-11d8-abeb-b8a03c50a862","GB","DWC_ARCHIVE","2025-02-16T11:31:56.494+00:00","2025-02-16T13:53:34.448+00:00",428,"PRESERVED_SPECIMEN","PRESENT",5207178,1,44,1153,7336,2363128,9500212,9500212,"Enteromius profundus (Greenwood, 1970)","Animalia","Chordata","Cypriniformes","Cyprinidae","Enteromius","Enteromius profundus","Barbus","profundus","SPECIES","SYNONYM","LC",NA,NA,"AFRICA","Mwanza",1970,2,21,"1970-02-21",52,52,NA,"2025-02-16T13:53:34.448+00:00",NA,"http://creativecommons.org/publicdomain/zero/1.0/legalcode",FALSE,"2534531","none","none",FALSE,NA,"P Greenwood",NA,"WGS84","TZ","none","none","AFRICA","Tanzania, United Republic of","EUROPE",NA,"2534531",NA,NA,"1056681016",NA,"ZOO","b234f70f-bc44-433a-8301-1b42aefdfd76",NA,"1970.5.14.19-39","NHMUK",NA,NA,NA,"Barbus profundus Greenwood, 1970",NA,"{""associatedMediaCount"": 1, ""barcode"": ""013001156"", ""catalogueDescription"": null, ""chondriteAchondrite"": null, ""chronostratigraphy"": null, ""clutchSize"": null, ""collectionKind"": null, ""collectionName"": null, ""commodity"": null, ""created"": 1056097877000, ""currentScientificName"": null, ""dateRegistered"": null, ""depositType"": null, ""determinationFiledAs"": [""Yes"", ""No""], ""determinationNames"": [""Barbus profundus Greenwood, 1970"", ""Barbus radiatus profundus Greenwood, 1970""], ""determinationTypes"": null, ""donorName"": ""East African Fresh. Fish. Res. Org."", ""expedition"": null, ""exsiccata"": null, ""exsiccataNumber"": null, ""extractionMethod"": null, ""gbifID"": ""1056681016"", ""gbifIssue"": [""COORDINATE_ROUNDED"", ""GEODETIC_DATUM_ASSUMED_WGS84""], ""identificationAsRegistered"": null, ""identificationDescription"": null, ""identificationOther"": null, ""identificationVariety"": null, ""kindOfCollection"": null, ""kindOfObject"": null, ""lithostratigraphy"": null, ""meteoriteClass"": null, ""meteoriteGroup"": null, ""meteoriteType"": null, ""mine"": null, ""mineralComplex"": null, ""observedWeight"": null, ""occurrence"": null, ""partType"": null, ""petrologySubtype"": null, ""petrologyType"": null, ""plantDescription"": null, ""populationCode"": null, ""preparationType"": null, ""preservative"": null, ""project"": null, ""recovery"": null, ""recoveryDate"": null, ""recoveryWeight"": null, ""registeredWeightUnit"": null, ""registrationCode"": ""PI03"", ""resuspendedIn"": null, ""setMark"": null, ""subDepartment"": ""LS Fish"", ""subfamily"": null, ""suborder"": null, ""superfamily"": null, ""texture"": null, ""totalVolume"": null, ""vessel"": null}",NA,NA,NA,NA,NA,21,"Africa; Tanzania; Mwanza","1d808a7c-1f9e-4379-9616-edb749ecf10e",NA,NA,NA,NA,NA,"Actinopterygii; Ostariophysi; Cypriniformes; Cyprinidae",NA,"Lake Victoria","78'1.5"" Codend",NA,NA,NA,"Lake Victoria",NA,NA,NA,NA,NA,NA,NA,NA,NA,NA,NA,NA,NA,"17abcf75-2f1e-46dd-bf75-a5b21dd02655,99d66b6c-9087-452f-a9d4-f15f2c2d0e7e",NA,NA,"Stn. T 239",NA,NA,NA,NA,NA,NA,NA,NA,NA,NA,NA,NA,NA,NA,NA,NA,NA,NA,"NHMUK:ecatalogue:2534531",NA,NA,NA,NA,NA,NA,NA,NA,NA,NA,19,1,NA,NA,NA,NA,NA,NA,NA,NA,NA,NA,NA,NA,NA,NA,NA,NA,NA,NA,NA,NA,NA,NA,NA,NA,NA,NA,NA,NA,NA,NA,NA,NA,NA,NA,NA,NA,NA,"Lake","Lake Victoria",67332250502.7392,"Barbus profundus"
"1055769897","Barbus radiatus profundus Greenwood, 1970",-2.151389,32.584722,"cdround,gass84,mdativ,muldativ,incomis,inmafu","7e380070-f762-11e1-a439-00145eb45e9a","19456090-b49a-11d8-abeb-b8a03c50a862","60277b56-f762-11e1-a439-00145eb45e9a","19456090-b49a-11d8-abeb-b8a03c50a862","GB","DWC_ARCHIVE","2025-02-16T11:31:56.494+00:00","2025-02-16T13:53:34.608+00:00",428,"PRESERVED_SPECIMEN","PRESENT",6167356,1,44,1153,7336,2363128,9500212,9500212,"Enteromius profundus (Greenwood, 1970)","Animalia","Chordata","Cypriniformes","Cyprinidae","Enteromius","Enteromius profundus","Barbus","radiatus","SUBSPECIES","SYNONYM","LC",NA,NA,"AFRICA","Mwanza",1970,2,27,"1970-02-27",58,58,NA,"2025-02-16T13:53:34.608+00:00",NA,"http://creativecommons.org/publicdomain/zero/1.0/legalcode",FALSE,"2534532","none","none",FALSE,NA,"P Greenwood",NA,"WGS84","TZ","none","none","AFRICA","Tanzania, United Republic of","EUROPE",NA,"2534532",NA,NA,"1055769897",NA,"ZOO","bb30d2e3-57cd-4d85-914b-02c964b81a60",NA,"1970.5.14.2-4","NHMUK",NA,NA,NA,"Barbus radiatus profundus Greenwood, 1970",NA,"{""associatedMediaCount"": 2, ""barcode"": ""013001160"", ""catalogueDescription"": null, ""chondriteAchondrite"": null, ""chronostratigraphy"": null, ""clutchSize"": null, ""collectionKind"": null, ""collectionName"": null, ""commodity"": null, ""created"": 1056097877000, ""currentScientificName"": null, ""dateRegistered"": null, ""depositType"": null, ""determinationFiledAs"": [""Yes"", ""No""], ""determinationNames"": [""Barbus radiatus profundus Greenwood, 1970"", ""Barbus profundus Greenwood, 1970""], ""determinationTypes"": null, ""donorName"": ""East African Fresh. Fish. Res. Org."", ""expedition"": null, ""exsiccata"": null, ""exsiccataNumber"": null, ""extractionMethod"": null, ""gbifID"": ""1055769897"", ""gbifIssue"": [""COORDINATE_ROUNDED"", ""GEODETIC_DATUM_ASSUMED_WGS84""], ""identificationAsRegistered"": null, ""identificationDescription"": null, ""identificationOther"": null, ""identificationVariety"": null, ""kindOfCollection"": null, ""kindOfObject"": ""Spirit"", ""lithostratigraphy"": null, ""meteoriteClass"": null, ""meteoriteGroup"": null, ""meteoriteType"": null, ""mine"": null, ""mineralComplex"": null, ""observedWeight"": null, ""occurrence"": null, ""partType"": null, ""petrologySubtype"": null, ""petrologyType"": null, ""plantDescription"": null, ""populationCode"": null, ""preparationType"": null, ""preservative"": ""IMS 70%"", ""project"": null, ""recovery"": null, ""recoveryDate"": null, ""recoveryWeight"": null, ""registeredWeightUnit"": null, ""registrationCode"": ""PI03"", ""resuspendedIn"": null, ""setMark"": null, ""subDepartment"": ""LS Fish"", ""subfamily"": null, ""suborder"": null, ""superfamily"": null, ""texture"": null, ""totalVolume"": null, ""vessel"": null}",NA,NA,NA,NA,NA,3,"Africa; Tanzania; Mwanza","1d808a7c-1f9e-4379-9616-edb749ecf10e",NA,NA,NA,NA,NA,"Actinopterygii; Ostariophysi; Cypriniformes; Cyprinidae",NA,"Lake Victoria","78'1.5"" Codend",NA,NA,NA,"Lake Victoria",NA,NA,"Paratype",NA,NA,NA,NA,NA,NA,NA,NA,NA,NA,"17abcf75-2f1e-46dd-bf75-a5b21dd02655,99d66b6c-9087-452f-a9d4-f15f2c2d0e7e",NA,NA,"Stn. T267",NA,NA,NA,NA,NA,NA,"TYPE STATUS CHECKED (Eschmeyer Catalogue 2004). Valid as Barbus profundus Greenwood 1970 -- (Seegers 1996:144).",NA,NA,NA,NA,NA,NA,NA,NA,NA,NA,NA,"NHMUK:ecatalogue:2534532",NA,NA,NA,NA,NA,NA,NA,NA,NA,NA,NA,NA,NA,NA,NA,NA,NA,NA,NA,NA,NA,NA,NA,NA,NA,NA,NA,NA,NA,NA,NA,NA,NA,NA,NA,NA,"profundus",NA,NA,NA,NA,NA,NA,NA,NA,NA,NA,NA,NA,"Lake","Lake Victoria",67332250502.7392,"Barbus radiatus"
"1056962015","Barbus radiatus profundus Greenwood, 1970",-1.5,32.384722,"cdround,gass84,mdativ,muldativ,incomis,inmafu","7e380070-f762-11e1-a439-00145eb45e9a","19456090-b49a-11d8-abeb-b8a03c50a862","60277b56-f762-11e1-a439-00145eb45e9a","19456090-b49a-11d8-abeb-b8a03c50a862","GB","DWC_ARCHIVE","2025-02-16T11:31:56.494+00:00","2025-02-16T13:53:34.448+00:00",428,"PRESERVED_SPECIMEN","PRESENT",6167356,1,44,1153,7336,2363128,9500212,9500212,"Enteromius profundus (Greenwood, 1970)","Animalia","Chordata","Cypriniformes","Cyprinidae","Enteromius","Enteromius profundus","Barbus","radiatus","SUBSPECIES","SYNONYM","LC",NA,NA,"AFRICA","Kagera",1970,2,20,"1970-02-20",51,51,NA,"2025-02-16T13:53:34.448+00:00",NA,"http://creativecommons.org/publicdomain/zero/1.0/legalcode",FALSE,"2534533","none","none",FALSE,NA,"P Greenwood",NA,"WGS84","TZ","none","none","AFRICA","Tanzania, United Republic of","EUROPE",NA,"2534533",NA,NA,"1056962015",NA,"ZOO","437c965b-5ced-45e7-875c-4a646d854e23",NA,"1970.5.14.40-42","NHMUK",NA,NA,NA,"Barbus radiatus profundus Greenwood, 1970",NA,"{""associatedMediaCount"": 2, ""barcode"": ""012922780"", ""catalogueDescription"": null, ""chondriteAchondrite"": null, ""chronostratigraphy"": null, ""clutchSize"": null, ""collectionKind"": null, ""collectionName"": null, ""commodity"": null, ""created"": 1056097877000, ""currentScientificName"": null, ""dateRegistered"": null, ""depositType"": null, ""determinationFiledAs"": [""Yes"", ""No""], ""determinationNames"": [""Barbus radiatus profundus Greenwood, 1970"", ""Barbus profundus Greenwood, 1970""], ""determinationTypes"": null, ""donorName"": ""East African Fresh. Fish. Res. Org."", ""expedition"": null, ""exsiccata"": null, ""exsiccataNumber"": null, ""extractionMethod"": null, ""gbifID"": ""1056962015"", ""gbifIssue"": [""COORDINATE_ROUNDED"", ""GEODETIC_DATUM_ASSUMED_WGS84""], ""identificationAsRegistered"": null, ""identificationDescription"": null, ""identificationOther"": null, ""identificationVariety"": null, ""kindOfCollection"": null, ""kindOfObject"": ""Spirit"", ""lithostratigraphy"": null, ""meteoriteClass"": null, ""meteoriteGroup"": null, ""meteoriteType"": null, ""mine"": null, ""mineralComplex"": null, ""observedWeight"": null, ""occurrence"": null, ""partType"": null, ""petrologySubtype"": null, ""petrologyType"": null, ""plantDescription"": null, ""populationCode"": null, ""preparationType"": null, ""preservative"": ""IMS 70%"", ""project"": null, ""recovery"": null, ""recoveryDate"": null, ""recoveryWeight"": null, ""registeredWeightUnit"": null, ""registrationCode"": ""PI03"", ""resuspendedIn"": null, ""setMark"": null, ""subDepartment"": ""LS Fish"", ""subfamily"": null, ""suborder"": null, ""superfamily"": null, ""texture"": null, ""totalVolume"": null, ""vessel"": null}",NA,NA,NA,NA,NA,3,"Africa; Tanzania; Kagera","1d808a7c-1f9e-4379-9616-edb749ecf10e",NA,NA,NA,NA,NA,"Actinopterygii; Ostariophysi; Cypriniformes; Cyprinidae",NA,"Lake Victoria","78'1.5"" Codend",NA,NA,NA,"Lake Victoria",NA,NA,"Paratype",NA,NA,NA,NA,NA,NA,NA,NA,NA,NA,"17abcf75-2f1e-46dd-bf75-a5b21dd02655,99d66b6c-9087-452f-a9d4-f15f2c2d0e7e",NA,NA,"Stn. T 233",NA,NA,NA,NA,NA,NA,"TYPE STATUS CHECKED (Eschmeyer Catalogue 2004). Valid as Barbus profundus Greenwood 1970 -- (Seegers 1996:144).",NA,NA,NA,NA,NA,NA,NA,NA,NA,NA,NA,"NHMUK:ecatalogue:2534533",NA,NA,NA,NA,NA,NA,NA,NA,NA,NA,63,1,NA,NA,NA,NA,NA,NA,NA,NA,NA,NA,NA,NA,NA,NA,NA,NA,NA,NA,NA,NA,NA,NA,NA,NA,"profundus",NA,NA,NA,NA,NA,NA,NA,NA,NA,NA,NA,NA,"Lake","Lake Victoria",67332250502.7392,"Barbus radiatus"
"1057050783","Barbus radiatus profundus Greenwood, 1970",-0.033333,32.45,"cdround,gass84,mdativ,muldativ,incomis,inmafu","7e380070-f762-11e1-a439-00145eb45e9a","19456090-b49a-11d8-abeb-b8a03c50a862","60277b56-f762-11e1-a439-00145eb45e9a","19456090-b49a-11d8-abeb-b8a03c50a862","GB","DWC_ARCHIVE","2025-02-16T11:31:56.494+00:00","2025-02-16T13:53:34.720+00:00",428,"PRESERVED_SPECIMEN","PRESENT",6167356,1,44,1153,7336,2363128,9500212,9500212,"Enteromius profundus (Greenwood, 1970)","Animalia","Chordata","Cypriniformes","Cyprinidae","Enteromius","Enteromius profundus","Barbus","radiatus","SUBSPECIES","SYNONYM","LC",NA,NA,"AFRICA",NA,1970,2,17,"1970-02-17",48,48,NA,"2025-02-16T13:53:34.720+00:00",NA,"http://creativecommons.org/publicdomain/zero/1.0/legalcode",FALSE,"2534534","none","none",FALSE,NA,"P Greenwood",NA,"WGS84","UG","none","none","AFRICA","Uganda","EUROPE",NA,"2534534",NA,NA,"1057050783",NA,"ZOO","ec17cbe7-fe53-4a86-925c-abf8e3fae463",NA,"1970.5.14.43","NHMUK",NA,NA,NA,"Barbus radiatus profundus Greenwood, 1970",NA,"{""associatedMediaCount"": 2, ""barcode"": ""013001157"", ""catalogueDescription"": null, ""chondriteAchondrite"": null, ""chronostratigraphy"": null, ""clutchSize"": null, ""collectionKind"": null, ""collectionName"": null, ""commodity"": null, ""created"": 1056097877000, ""currentScientificName"": null, ""dateRegistered"": null, ""depositType"": null, ""determinationFiledAs"": [""Yes"", ""No""], ""determinationNames"": [""Barbus radiatus profundus Greenwood, 1970"", ""Barbus profundus Greenwood, 1970""], ""determinationTypes"": null, ""donorName"": ""East African Fresh. Fish. Res. Org."", ""expedition"": null, ""exsiccata"": null, ""exsiccataNumber"": null, ""extractionMethod"": null, ""gbifID"": ""1057050783"", ""gbifIssue"": [""COORDINATE_ROUNDED"", ""GEODETIC_DATUM_ASSUMED_WGS84""], ""identificationAsRegistered"": null, ""identificationDescription"": null, ""identificationOther"": null, ""identificationVariety"": null, ""kindOfCollection"": null, ""kindOfObject"": ""Spirit"", ""lithostratigraphy"": null, ""meteoriteClass"": null, ""meteoriteGroup"": null, ""meteoriteType"": null, ""mine"": null, ""mineralComplex"": null, ""observedWeight"": null, ""occurrence"": null, ""partType"": null, ""petrologySubtype"": null, ""petrologyType"": null, ""plantDescription"": null, ""populationCode"": null, ""preparationType"": null, ""preservative"": ""IMS 70%"", ""project"": null, ""recovery"": null, ""recoveryDate"": null, ""recoveryWeight"": null, ""registeredWeightUnit"": null, ""registrationCode"": ""PI03"", ""resuspendedIn"": null, ""setMark"": null, ""subDepartment"": ""LS Fish"", ""subfamily"": null, ""suborder"": null, ""superfamily"": null, ""texture"": null, ""totalVolume"": null, ""vessel"": null}",NA,NA,NA,NA,NA,1,"Africa; Uganda","1d808a7c-1f9e-4379-9616-edb749ecf10e",NA,NA,NA,NA,NA,"Actinopterygii; Ostariophysi; Cypriniformes; Cyprinidae",NA,"Lake Victoria","78'1.5"" Codend",NA,NA,NA,"Lake Victoria",NA,NA,"Paratype",NA,NA,NA,NA,NA,NA,NA,NA,NA,NA,"17abcf75-2f1e-46dd-bf75-a5b21dd02655,99d66b6c-9087-452f-a9d4-f15f2c2d0e7e",NA,NA,"Stn T 220",NA,NA,NA,NA,NA,NA,"TYPE STATUS CHECKED (Eschmeyer Catalogue 2004). Valid as Barbus profundus Greenwood 1970 -- (Seegers 1996:144).",NA,NA,NA,NA,NA,NA,NA,NA,NA,NA,NA,"NHMUK:ecatalogue:2534534",NA,NA,NA,NA,NA,NA,NA,NA,NA,NA,60.5,1.5,NA,NA,NA,NA,NA,NA,NA,NA,NA,NA,NA,NA,NA,NA,NA,NA,NA,NA,NA,NA,NA,NA,NA,NA,"profundus",NA,NA,NA,NA,NA,NA,NA,NA,NA,NA,NA,NA,"Lake","Lake Victoria",67332250502.7392,"Barbus radiatus"
"1056122903","Barbus radiatus profundus Greenwood, 1970",-1.2,32.366667,"cdround,depmms,gass84,mdativ,muldativ,incomis,inmafu","7e380070-f762-11e1-a439-00145eb45e9a","19456090-b49a-11d8-abeb-b8a03c50a862","60277b56-f762-11e1-a439-00145eb45e9a","19456090-b49a-11d8-abeb-b8a03c50a862","GB","DWC_ARCHIVE","2025-02-16T11:31:56.494+00:00","2025-02-16T13:53:34.855+00:00",428,"PRESERVED_SPECIMEN","PRESENT",6167356,1,44,1153,7336,2363128,9500212,9500212,"Enteromius profundus (Greenwood, 1970)","Animalia","Chordata","Cypriniformes","Cyprinidae","Enteromius","Enteromius profundus","Barbus","radiatus","SUBSPECIES","SYNONYM","LC",NA,NA,"AFRICA","Kagera",1970,2,17,"1970-02-17",48,48,NA,"2025-02-16T13:53:34.855+00:00",NA,"http://creativecommons.org/publicdomain/zero/1.0/legalcode",FALSE,"2534535","none","none",FALSE,NA,"P Greenwood",NA,"WGS84","TZ","none","none","AFRICA","Tanzania, United Republic of","EUROPE",NA,"2534535",NA,NA,"1056122903",NA,"ZOO","d769d2ee-2865-4206-8fe4-c6cd737ca4a1",NA,"1970.5.14.44-46","NHMUK",NA,NA,NA,"Barbus radiatus profundus Greenwood, 1970",NA,"{""associatedMediaCount"": 2, ""barcode"": ""013027243"", ""catalogueDescription"": null, ""chondriteAchondrite"": null, ""chronostratigraphy"": null, ""clutchSize"": null, ""collectionKind"": null, ""collectionName"": null, ""commodity"": null, ""created"": 1056097877000, ""currentScientificName"": null, ""dateRegistered"": null, ""depositType"": null, ""determinationFiledAs"": [""Yes"", ""No""], ""determinationNames"": [""Barbus radiatus profundus Greenwood, 1970"", ""Barbus profundus Greenwood, 1970""], ""determinationTypes"": null, ""donorName"": ""East African Fresh. Fish. Res. Org."", ""expedition"": null, ""exsiccata"": null, ""exsiccataNumber"": null, ""extractionMethod"": null, ""gbifID"": ""1056122903"", ""gbifIssue"": [""COORDINATE_ROUNDED"", ""GEODETIC_DATUM_ASSUMED_WGS84"", ""DEPTH_MIN_MAX_SWAPPED""], ""identificationAsRegistered"": null, ""identificationDescription"": null, ""identificationOther"": null, ""identificationVariety"": null, ""kindOfCollection"": null, ""kindOfObject"": ""Spirit"", ""lithostratigraphy"": null, ""meteoriteClass"": null, ""meteoriteGroup"": null, ""meteoriteType"": null, ""mine"": null, ""mineralComplex"": null, ""observedWeight"": null, ""occurrence"": null, ""partType"": null, ""petrologySubtype"": null, ""petrologyType"": null, ""plantDescription"": null, ""populationCode"": null, ""preparationType"": null, ""preservative"": ""IMS 70%"", ""project"": null, ""recovery"": null, ""recoveryDate"": null, ""recoveryWeight"": null, ""registeredWeightUnit"": null, ""registrationCode"": ""PI03"", ""resuspendedIn"": null, ""setMark"": null, ""subDepartment"": ""LS Fish"", ""subfamily"": null, ""suborder"": null, ""superfamily"": null, ""texture"": null, ""totalVolume"": null, ""vessel"": null}",NA,NA,NA,NA,NA,3,"Africa; Tanzania; Kagera","1d808a7c-1f9e-4379-9616-edb749ecf10e",NA,NA,NA,NA,NA,"Actinopterygii; Ostariophysi; Cypriniformes; Cyprinidae",NA,"Lake Victoria","78'1.5"" Codend",NA,NA,NA,"Lake Victoria",NA,NA,"Paratype",NA,NA,NA,NA,NA,NA,NA,NA,NA,NA,"17abcf75-2f1e-46dd-bf75-a5b21dd02655,99d66b6c-9087-452f-a9d4-f15f2c2d0e7e",NA,NA,"Stn. T 222",NA,NA,NA,NA,NA,NA,"TYPE STATUS CHECKED (Eschmeyer Catalogue 2004). Valid as Barbus profundus Greenwood 1970 -- (Seegers 1996:144).",NA,NA,NA,NA,NA,NA,NA,NA,NA,NA,NA,"NHMUK:ecatalogue:2534535",NA,NA,NA,NA,NA,NA,NA,NA,NA,NA,55.5,1.5,NA,NA,NA,NA,NA,NA,NA,NA,NA,NA,NA,NA,NA,NA,NA,NA,NA,NA,NA,NA,NA,NA,NA,NA,"profundus",NA,NA,NA,NA,NA,NA,NA,NA,NA,NA,NA,NA,"Lake","Lake Victoria",67332250502.7392,"Barbus radiatus"
"1057296405","Barbus profundus Greenwood, 1970",-1.2,32.366667,"cdround,depmms,gass84,mdativ,muldativ,incomis,inmafu","7e380070-f762-11e1-a439-00145eb45e9a","19456090-b49a-11d8-abeb-b8a03c50a862","60277b56-f762-11e1-a439-00145eb45e9a","19456090-b49a-11d8-abeb-b8a03c50a862","GB","DWC_ARCHIVE","2025-02-16T11:31:56.494+00:00","2025-02-16T13:53:34.317+00:00",428,"PRESERVED_SPECIMEN","PRESENT",5207178,1,44,1153,7336,2363128,9500212,9500212,"Enteromius profundus (Greenwood, 1970)","Animalia","Chordata","Cypriniformes","Cyprinidae","Enteromius","Enteromius profundus","Barbus","profundus","SPECIES","SYNONYM","LC",NA,NA,"AFRICA","Kagera",1970,2,17,"1970-02-17",48,48,NA,"2025-02-16T13:53:34.317+00:00",NA,"http://creativecommons.org/publicdomain/zero/1.0/legalcode",FALSE,"2534536","none","none",FALSE,NA,"P Greenwood",NA,"WGS84","TZ","none","none","AFRICA","Tanzania, United Republic of","EUROPE",NA,"2534536",NA,NA,"1057296405",NA,"ZOO","d1ad2069-a124-4bb4-a4b3-729a041ef094",NA,"1970.5.14.47-73","NHMUK",NA,NA,NA,"Barbus profundus Greenwood, 1970",NA,"{""associatedMediaCount"": 1, ""barcode"": ""013027244"", ""catalogueDescription"": null, ""chondriteAchondrite"": null, ""chronostratigraphy"": null, ""clutchSize"": null, ""collectionKind"": null, ""collectionName"": null, ""commodity"": null, ""created"": 1056097877000, ""currentScientificName"": null, ""dateRegistered"": null, ""depositType"": null, ""determinationFiledAs"": [""Yes"", ""No""], ""determinationNames"": [""Barbus profundus Greenwood, 1970"", ""Barbus radiatus profundus Greenwood, 1970""], ""determinationTypes"": null, ""donorName"": ""East African Fresh. Fish. Res. Org."", ""expedition"": null, ""exsiccata"": null, ""exsiccataNumber"": null, ""extractionMethod"": null, ""gbifID"": ""1057296405"", ""gbifIssue"": [""COORDINATE_ROUNDED"", ""GEODETIC_DATUM_ASSUMED_WGS84"", ""DEPTH_MIN_MAX_SWAPPED""], ""identificationAsRegistered"": null, ""identificationDescription"": null, ""identificationOther"": null, ""identificationVariety"": null, ""kindOfCollection"": null, ""kindOfObject"": null, ""lithostratigraphy"": null, ""meteoriteClass"": null, ""meteoriteGroup"": null, ""meteoriteType"": null, ""mine"": null, ""mineralComplex"": null, ""observedWeight"": null, ""occurrence"": null, ""partType"": null, ""petrologySubtype"": null, ""petrologyType"": null, ""plantDescription"": null, ""populationCode"": null, ""preparationType"": null, ""preservative"": null, ""project"": null, ""recovery"": null, ""recoveryDate"": null, ""recoveryWeight"": null, ""registeredWeightUnit"": null, ""registrationCode"": ""PI03"", ""resuspendedIn"": null, ""setMark"": null, ""subDepartment"": ""LS Fish"", ""subfamily"": null, ""suborder"": null, ""superfamily"": null, ""texture"": null, ""totalVolume"": null, ""vessel"": null}",NA,NA,NA,NA,NA,27,"Africa; Tanzania; Kagera","1d808a7c-1f9e-4379-9616-edb749ecf10e",NA,NA,NA,NA,NA,"Actinopterygii; Ostariophysi; Cypriniformes; Cyprinidae",NA,"Lake Victoria","78'1.5"" Codend",NA,NA,NA,"Lake Victoria",NA,NA,NA,NA,NA,NA,NA,NA,NA,NA,NA,NA,NA,"17abcf75-2f1e-46dd-bf75-a5b21dd02655,99d66b6c-9087-452f-a9d4-f15f2c2d0e7e",NA,NA,"Stn. T 222",NA,NA,NA,NA,NA,NA,NA,NA,NA,NA,NA,NA,NA,NA,NA,NA,NA,NA,"NHMUK:ecatalogue:2534536",NA,NA,NA,NA,NA,NA,NA,NA,NA,NA,55.5,1.5,NA,NA,NA,NA,NA,NA,NA,NA,NA,NA,NA,NA,NA,NA,NA,NA,NA,NA,NA,NA,NA,NA,NA,NA,NA,NA,NA,NA,NA,NA,NA,NA,NA,NA,NA,NA,NA,"Lake","Lake Victoria",67332250502.7392,"Barbus profundus"
"1057440583","Barbus profundus Greenwood, 1970",-2.151389,32.584722,"cdround,gass84,mdativ,muldativ,incomis,inmafu","7e380070-f762-11e1-a439-00145eb45e9a","19456090-b49a-11d8-abeb-b8a03c50a862","60277b56-f762-11e1-a439-00145eb45e9a","19456090-b49a-11d8-abeb-b8a03c50a862","GB","DWC_ARCHIVE","2025-02-16T11:31:56.494+00:00","2025-02-16T13:53:34.593+00:00",428,"PRESERVED_SPECIMEN","PRESENT",5207178,1,44,1153,7336,2363128,9500212,9500212,"Enteromius profundus (Greenwood, 1970)","Animalia","Chordata","Cypriniformes","Cyprinidae","Enteromius","Enteromius profundus","Barbus","profundus","SPECIES","SYNONYM","LC",NA,NA,"AFRICA","Mwanza",1970,2,27,"1970-02-27",58,58,NA,"2025-02-16T13:53:34.593+00:00",NA,"http://creativecommons.org/publicdomain/zero/1.0/legalcode",FALSE,"2534537","none","none",FALSE,NA,"P Greenwood",NA,"WGS84","TZ","none","none","AFRICA","Tanzania, United Republic of","EUROPE",NA,"2534537",NA,NA,"1057440583",NA,"ZOO","5540a446-f5d8-4cf1-9213-220ffcadd320",NA,"1970.5.14.5","NHMUK",NA,NA,NA,"Barbus profundus Greenwood, 1970",NA,"{""associatedMediaCount"": 1, ""barcode"": ""013001161"", ""catalogueDescription"": null, ""chondriteAchondrite"": null, ""chronostratigraphy"": null, ""clutchSize"": null, ""collectionKind"": null, ""collectionName"": null, ""commodity"": null, ""created"": 1056097878000, ""currentScientificName"": null, ""dateRegistered"": null, ""depositType"": null, ""determinationFiledAs"": [""Yes"", ""No""], ""determinationNames"": [""Barbus profundus Greenwood, 1970"", ""Barbus radiatus profundus Greenwood, 1970""], ""determinationTypes"": null, ""donorName"": ""East African Fresh. Fish. Res. Org."", ""expedition"": null, ""exsiccata"": null, ""exsiccataNumber"": null, ""extractionMethod"": null, ""gbifID"": ""1057440583"", ""gbifIssue"": [""COORDINATE_ROUNDED"", ""GEODETIC_DATUM_ASSUMED_WGS84""], ""identificationAsRegistered"": null, ""identificationDescription"": null, ""identificationOther"": null, ""identificationVariety"": null, ""kindOfCollection"": null, ""kindOfObject"": null, ""lithostratigraphy"": null, ""meteoriteClass"": null, ""meteoriteGroup"": null, ""meteoriteType"": null, ""mine"": null, ""mineralComplex"": null, ""observedWeight"": null, ""occurrence"": null, ""partType"": null, ""petrologySubtype"": null, ""petrologyType"": null, ""plantDescription"": null, ""populationCode"": null, ""preparationType"": null, ""preservative"": null, ""project"": null, ""recovery"": null, ""recoveryDate"": null, ""recoveryWeight"": null, ""registeredWeightUnit"": null, ""registrationCode"": ""PI03"", ""resuspendedIn"": null, ""setMark"": null, ""subDepartment"": ""LS Fish"", ""subfamily"": null, ""suborder"": null, ""superfamily"": null, ""texture"": null, ""totalVolume"": null, ""vessel"": null}",NA,NA,NA,NA,NA,1,"Africa; Tanzania; Mwanza","1d808a7c-1f9e-4379-9616-edb749ecf10e",NA,NA,NA,NA,NA,"Actinopterygii; Ostariophysi; Cypriniformes; Cyprinidae",NA,"Lake Victoria","78'1.5"" Codend",NA,NA,NA,"Lake Victoria",NA,NA,NA,NA,NA,NA,NA,NA,NA,NA,NA,NA,NA,"17abcf75-2f1e-46dd-bf75-a5b21dd02655,99d66b6c-9087-452f-a9d4-f15f2c2d0e7e",NA,NA,"Stn. T267",NA,NA,NA,NA,NA,NA,NA,NA,NA,NA,NA,NA,NA,NA,NA,NA,NA,NA,"NHMUK:ecatalogue:2534537",NA,NA,NA,NA,NA,NA,NA,NA,NA,NA,57,0,NA,NA,NA,NA,NA,NA,NA,NA,NA,NA,NA,NA,NA,NA,NA,NA,NA,NA,NA,NA,NA,NA,NA,NA,NA,NA,NA,NA,NA,NA,NA,NA,NA,NA,NA,NA,NA,"Lake","Lake Victoria",67332250502.7392,"Barbus profundus"
"1056547780","Barbus radiatus profundus Greenwood, 1970",-0.833333,32.583333,"cdround,gass84,mdativ,muldativ,incomis,inmafu","7e380070-f762-11e1-a439-00145eb45e9a","19456090-b49a-11d8-abeb-b8a03c50a862","60277b56-f762-11e1-a439-00145eb45e9a","19456090-b49a-11d8-abeb-b8a03c50a862","GB","DWC_ARCHIVE","2025-02-16T11:31:56.494+00:00","2025-02-16T13:53:34.575+00:00",428,"PRESERVED_SPECIMEN","PRESENT",6167356,1,44,1153,7336,2363128,9500212,9500212,"Enteromius profundus (Greenwood, 1970)","Animalia","Chordata","Cypriniformes","Cyprinidae","Enteromius","Enteromius profundus","Barbus","radiatus","SUBSPECIES","SYNONYM","LC",NA,NA,"AFRICA",NA,1970,2,16,"1970-02-16",47,47,NA,"2025-02-16T13:53:34.575+00:00",NA,"http://creativecommons.org/publicdomain/zero/1.0/legalcode",FALSE,"2534538","none","none",FALSE,NA,"P Greenwood",NA,"WGS84","UG","none","none","AFRICA","Uganda","EUROPE",NA,"2534538",NA,NA,"1056547780",NA,"ZOO","dcf7003a-32db-44d8-89ad-559abfff00ef",NA,"1970.5.14.6-8","NHMUK",NA,NA,NA,"Barbus radiatus profundus Greenwood, 1970",NA,"{""associatedMediaCount"": 2, ""barcode"": ""013006158"", ""catalogueDescription"": null, ""chondriteAchondrite"": null, ""chronostratigraphy"": null, ""clutchSize"": null, ""collectionKind"": null, ""collectionName"": null, ""commodity"": null, ""created"": 1056097878000, ""currentScientificName"": null, ""dateRegistered"": null, ""depositType"": null, ""determinationFiledAs"": [""Yes"", ""No""], ""determinationNames"": [""Barbus radiatus profundus Greenwood, 1970"", ""Barbus profundus Greenwood, 1970""], ""determinationTypes"": null, ""donorName"": ""East African Fresh. Fish. Res. Org."", ""expedition"": null, ""exsiccata"": null, ""exsiccataNumber"": null, ""extractionMethod"": null, ""gbifID"": ""1056547780"", ""gbifIssue"": [""COORDINATE_ROUNDED"", ""GEODETIC_DATUM_ASSUMED_WGS84""], ""identificationAsRegistered"": null, ""identificationDescription"": null, ""identificationOther"": null, ""identificationVariety"": null, ""kindOfCollection"": null, ""kindOfObject"": ""Spirit"", ""lithostratigraphy"": null, ""meteoriteClass"": null, ""meteoriteGroup"": null, ""meteoriteType"": null, ""mine"": null, ""mineralComplex"": null, ""observedWeight"": null, ""occurrence"": null, ""partType"": null, ""petrologySubtype"": null, ""petrologyType"": null, ""plantDescription"": null, ""populationCode"": null, ""preparationType"": null, ""preservative"": ""IMS 70%"", ""project"": null, ""recovery"": null, ""recoveryDate"": null, ""recoveryWeight"": null, ""registeredWeightUnit"": null, ""registrationCode"": ""PI03"", ""resuspendedIn"": null, ""setMark"": null, ""subDepartment"": ""LS Fish"", ""subfamily"": null, ""suborder"": null, ""superfamily"": null, ""texture"": null, ""totalVolume"": null, ""vessel"": null}",NA,NA,NA,NA,NA,3,"Africa; Uganda","1d808a7c-1f9e-4379-9616-edb749ecf10e",NA,NA,NA,NA,NA,"Actinopterygii; Ostariophysi; Cypriniformes; Cyprinidae",NA,"Lake Victoria","78'1.5"" Codend",NA,NA,NA,"Lake Victoria",NA,NA,"Paratype",NA,NA,NA,NA,NA,NA,NA,NA,NA,NA,"17abcf75-2f1e-46dd-bf75-a5b21dd02655,99d66b6c-9087-452f-a9d4-f15f2c2d0e7e",NA,NA,"Stn. U 389",NA,NA,NA,NA,NA,NA,"TYPE STATUS CHECKED (Eschmeyer Catalogue 2004). Valid as Barbus profundus Greenwood 1970 -- (Seegers 1996:144).",NA,NA,NA,NA,NA,NA,NA,NA,NA,NA,NA,"NHMUK:ecatalogue:2534538",NA,NA,NA,NA,NA,NA,NA,NA,NA,NA,60.5,0.5,NA,NA,NA,NA,NA,NA,NA,NA,NA,NA,NA,NA,NA,NA,NA,NA,NA,NA,NA,NA,NA,NA,NA,NA,"profundus",NA,NA,NA,NA,NA,NA,NA,NA,NA,NA,NA,NA,"Lake","Lake Victoria",67332250502.7392,"Barbus radiatus"
"1057165149","Barbus profundus Greenwood, 1970",-0.033333,32.45,"cdround,gass84,mdativ,muldativ,incomis,inmafu","7e380070-f762-11e1-a439-00145eb45e9a","19456090-b49a-11d8-abeb-b8a03c50a862","60277b56-f762-11e1-a439-00145eb45e9a","19456090-b49a-11d8-abeb-b8a03c50a862","GB","DWC_ARCHIVE","2025-02-16T11:31:56.494+00:00","2025-02-16T13:53:34.692+00:00",428,"PRESERVED_SPECIMEN","PRESENT",5207178,1,44,1153,7336,2363128,9500212,9500212,"Enteromius profundus (Greenwood, 1970)","Animalia","Chordata","Cypriniformes","Cyprinidae","Enteromius","Enteromius profundus","Barbus","profundus","SPECIES","SYNONYM","LC",NA,NA,"AFRICA",NA,1970,2,17,"1970-02-17",48,48,NA,"2025-02-16T13:53:34.692+00:00",NA,"http://creativecommons.org/publicdomain/zero/1.0/legalcode",FALSE,"2534539","none","none",FALSE,NA,"P Greenwood",NA,"WGS84","UG","none","none","AFRICA","Uganda","EUROPE",NA,"2534539",NA,NA,"1057165149",NA,"ZOO","b17735bc-4ea8-40e1-8fcc-c01aff705de2",NA,"1970.5.14.74-79","NHMUK",NA,NA,NA,"Barbus profundus Greenwood, 1970",NA,"{""associatedMediaCount"": 1, ""barcode"": ""013001158"", ""catalogueDescription"": null, ""chondriteAchondrite"": null, ""chronostratigraphy"": null, ""clutchSize"": null, ""collectionKind"": null, ""collectionName"": null, ""commodity"": null, ""created"": 1056097878000, ""currentScientificName"": null, ""dateRegistered"": null, ""depositType"": null, ""determinationFiledAs"": [""Yes"", ""No""], ""determinationNames"": [""Barbus profundus Greenwood, 1970"", ""Barbus radiatus profundus Greenwood, 1970""], ""determinationTypes"": null, ""donorName"": ""East African Fresh. Fish. Res. Org."", ""expedition"": null, ""exsiccata"": null, ""exsiccataNumber"": null, ""extractionMethod"": null, ""gbifID"": ""1057165149"", ""gbifIssue"": [""COORDINATE_ROUNDED"", ""GEODETIC_DATUM_ASSUMED_WGS84""], ""identificationAsRegistered"": null, ""identificationDescription"": null, ""identificationOther"": null, ""identificationVariety"": null, ""kindOfCollection"": null, ""kindOfObject"": null, ""lithostratigraphy"": null, ""meteoriteClass"": null, ""meteoriteGroup"": null, ""meteoriteType"": null, ""mine"": null, ""mineralComplex"": null, ""observedWeight"": null, ""occurrence"": null, ""partType"": null, ""petrologySubtype"": null, ""petrologyType"": null, ""plantDescription"": null, ""populationCode"": null, ""preparationType"": null, ""preservative"": null, ""project"": null, ""recovery"": null, ""recoveryDate"": null, ""recoveryWeight"": null, ""registeredWeightUnit"": null, ""registrationCode"": ""PI03"", ""resuspendedIn"": null, ""setMark"": null, ""subDepartment"": ""LS Fish"", ""subfamily"": null, ""suborder"": null, ""superfamily"": null, ""texture"": null, ""totalVolume"": null, ""vessel"": null}",NA,NA,NA,NA,NA,6,"Africa; Uganda","1d808a7c-1f9e-4379-9616-edb749ecf10e",NA,NA,NA,NA,NA,"Actinopterygii; Ostariophysi; Cypriniformes; Cyprinidae",NA,"Lake Victoria","78'1.5"" Codend",NA,NA,NA,"Lake Victoria",NA,NA,NA,NA,NA,NA,NA,NA,NA,NA,NA,NA,NA,"17abcf75-2f1e-46dd-bf75-a5b21dd02655,99d66b6c-9087-452f-a9d4-f15f2c2d0e7e",NA,NA,"Stn. T 220",NA,NA,NA,NA,NA,NA,NA,NA,NA,NA,NA,NA,NA,NA,NA,NA,NA,NA,"NHMUK:ecatalogue:2534539",NA,NA,NA,NA,NA,NA,NA,NA,NA,NA,60.5,1.5,NA,NA,NA,NA,NA,NA,NA,NA,NA,NA,NA,NA,NA,NA,NA,NA,NA,NA,NA,NA,NA,NA,NA,NA,NA,NA,NA,NA,NA,NA,NA,NA,NA,NA,NA,NA,NA,"Lake","Lake Victoria",67332250502.7392,"Barbus profundus"
"1057355146","Barbus radiatus profundus Greenwood, 1970",-0.75,32.633333,"cdround,gass84,mdativ,muldativ,incomis,inmafu","7e380070-f762-11e1-a439-00145eb45e9a","19456090-b49a-11d8-abeb-b8a03c50a862","60277b56-f762-11e1-a439-00145eb45e9a","19456090-b49a-11d8-abeb-b8a03c50a862","GB","DWC_ARCHIVE","2025-02-16T11:31:56.494+00:00","2025-02-16T13:53:34.460+00:00",428,"PRESERVED_SPECIMEN","PRESENT",6167356,1,44,1153,7336,2363128,9500212,9500212,"Enteromius profundus (Greenwood, 1970)","Animalia","Chordata","Cypriniformes","Cyprinidae","Enteromius","Enteromius profundus","Barbus","radiatus","SUBSPECIES","SYNONYM","LC",NA,NA,"AFRICA",NA,1970,2,16,"1970-02-16",47,47,NA,"2025-02-16T13:53:34.460+00:00",NA,"http://creativecommons.org/publicdomain/zero/1.0/legalcode",FALSE,"2534540","none","none",FALSE,NA,"P Greenwood",NA,"WGS84","UG","none","none","AFRICA","Uganda","EUROPE",NA,"2534540",NA,NA,"1057355146",NA,"ZOO","4ad7ed88-d27b-4611-b79a-db59c9afdd70",NA,"1970.5.14.80-83","NHMUK",NA,NA,NA,"Barbus radiatus profundus Greenwood, 1970",NA,"{""associatedMediaCount"": 2, ""barcode"": ""013006156"", ""catalogueDescription"": null, ""chondriteAchondrite"": null, ""chronostratigraphy"": null, ""clutchSize"": null, ""collectionKind"": null, ""collectionName"": null, ""commodity"": null, ""created"": 1056097878000, ""currentScientificName"": null, ""dateRegistered"": null, ""depositType"": null, ""determinationFiledAs"": [""Yes"", ""No""], ""determinationNames"": [""Barbus radiatus profundus Greenwood, 1970"", ""Barbus profundus Greenwood, 1970""], ""determinationTypes"": null, ""donorName"": ""East African Fresh. Fish. Res. Org."", ""expedition"": null, ""exsiccata"": null, ""exsiccataNumber"": null, ""extractionMethod"": null, ""gbifID"": ""1057355146"", ""gbifIssue"": [""COORDINATE_ROUNDED"", ""GEODETIC_DATUM_ASSUMED_WGS84""], ""identificationAsRegistered"": null, ""identificationDescription"": null, ""identificationOther"": null, ""identificationVariety"": null, ""kindOfCollection"": null, ""kindOfObject"": ""Spirit"", ""lithostratigraphy"": null, ""meteoriteClass"": null, ""meteoriteGroup"": null, ""meteoriteType"": null, ""mine"": null, ""mineralComplex"": null, ""observedWeight"": null, ""occurrence"": null, ""partType"": null, ""petrologySubtype"": null, ""petrologyType"": null, ""plantDescription"": null, ""populationCode"": null, ""preparationType"": null, ""preservative"": ""IMS 70%"", ""project"": null, ""recovery"": null, ""recoveryDate"": null, ""recoveryWeight"": null, ""registeredWeightUnit"": null, ""registrationCode"": ""PI03"", ""resuspendedIn"": null, ""setMark"": null, ""subDepartment"": ""LS Fish"", ""subfamily"": null, ""suborder"": null, ""superfamily"": null, ""texture"": null, ""totalVolume"": null, ""vessel"": null}",NA,NA,NA,NA,NA,4,"Africa; Uganda","1d808a7c-1f9e-4379-9616-edb749ecf10e",NA,NA,NA,NA,NA,"Actinopterygii; Ostariophysi; Cypriniformes; Cyprinidae",NA,"Lake Victoria","78'1.5"" Codend",NA,NA,NA,"Lake Victoria",NA,NA,"Paratype",NA,NA,NA,NA,NA,NA,NA,NA,NA,NA,"17abcf75-2f1e-46dd-bf75-a5b21dd02655,99d66b6c-9087-452f-a9d4-f15f2c2d0e7e",NA,NA,"Stn. U 386",NA,NA,NA,NA,NA,NA,"TYPE STATUS CHECKED (Eschmeyer Catalogue 2004). Valid as Barbus profundus Greenwood 1970 -- (Seegers 1996:144).",NA,NA,NA,NA,NA,NA,NA,NA,NA,NA,NA,"NHMUK:ecatalogue:2534540",NA,NA,NA,NA,NA,NA,NA,NA,NA,NA,56.5,0.5,NA,NA,NA,NA,NA,NA,NA,NA,NA,NA,NA,NA,NA,NA,NA,NA,NA,NA,NA,NA,NA,NA,NA,NA,"profundus",NA,NA,NA,NA,NA,NA,NA,NA,NA,NA,NA,NA,"Lake","Lake Victoria",67332250502.7392,"Barbus radiatus"
"1056001177","Barbus profundus Greenwood, 1970",-0.75,32.633333,"cdround,gass84,mdativ,muldativ,incomis,inmafu","7e380070-f762-11e1-a439-00145eb45e9a","19456090-b49a-11d8-abeb-b8a03c50a862","60277b56-f762-11e1-a439-00145eb45e9a","19456090-b49a-11d8-abeb-b8a03c50a862","GB","DWC_ARCHIVE","2025-02-16T11:31:56.494+00:00","2025-02-16T13:53:34.609+00:00",428,"PRESERVED_SPECIMEN","PRESENT",5207178,1,44,1153,7336,2363128,9500212,9500212,"Enteromius profundus (Greenwood, 1970)","Animalia","Chordata","Cypriniformes","Cyprinidae","Enteromius","Enteromius profundus","Barbus","profundus","SPECIES","SYNONYM","LC",NA,NA,"AFRICA",NA,1970,2,16,"1970-02-16",47,47,NA,"2025-02-16T13:53:34.609+00:00",NA,"http://creativecommons.org/publicdomain/zero/1.0/legalcode",FALSE,"2534541","none","none",FALSE,NA,"P Greenwood",NA,"WGS84","UG","none","none","AFRICA","Uganda","EUROPE",NA,"2534541",NA,NA,"1056001177",NA,"ZOO","cfc1e677-73d5-461c-b080-361466b7cf72",NA,"1970.5.14.84-96","NHMUK",NA,NA,NA,"Barbus profundus Greenwood, 1970",NA,"{""associatedMediaCount"": 1, ""barcode"": ""013006155"", ""catalogueDescription"": null, ""chondriteAchondrite"": null, ""chronostratigraphy"": null, ""clutchSize"": null, ""collectionKind"": null, ""collectionName"": null, ""commodity"": null, ""created"": 1056097878000, ""currentScientificName"": null, ""dateRegistered"": null, ""depositType"": null, ""determinationFiledAs"": [""Yes"", ""No""], ""determinationNames"": [""Barbus profundus Greenwood, 1970"", ""Barbus radiatus profundus Greenwood, 1970""], ""determinationTypes"": null, ""donorName"": ""East African Fresh. Fish. Res. Org."", ""expedition"": null, ""exsiccata"": null, ""exsiccataNumber"": null, ""extractionMethod"": null, ""gbifID"": ""1056001177"", ""gbifIssue"": [""COORDINATE_ROUNDED"", ""GEODETIC_DATUM_ASSUMED_WGS84""], ""identificationAsRegistered"": null, ""identificationDescription"": null, ""identificationOther"": null, ""identificationVariety"": null, ""kindOfCollection"": null, ""kindOfObject"": null, ""lithostratigraphy"": null, ""meteoriteClass"": null, ""meteoriteGroup"": null, ""meteoriteType"": null, ""mine"": null, ""mineralComplex"": null, ""observedWeight"": null, ""occurrence"": null, ""partType"": null, ""petrologySubtype"": null, ""petrologyType"": null, ""plantDescription"": null, ""populationCode"": null, ""preparationType"": null, ""preservative"": null, ""project"": null, ""recovery"": null, ""recoveryDate"": null, ""recoveryWeight"": null, ""registeredWeightUnit"": null, ""registrationCode"": ""PI03"", ""resuspendedIn"": null, ""setMark"": null, ""subDepartment"": ""LS Fish"", ""subfamily"": null, ""suborder"": null, ""superfamily"": null, ""texture"": null, ""totalVolume"": null, ""vessel"": null}",NA,NA,NA,NA,NA,13,"Africa; Uganda","1d808a7c-1f9e-4379-9616-edb749ecf10e",NA,NA,NA,NA,NA,"Actinopterygii; Ostariophysi; Cypriniformes; Cyprinidae",NA,"Lake Victoria","78'1.5"" Codend",NA,NA,NA,"Lake Victoria",NA,NA,NA,NA,NA,NA,NA,NA,NA,NA,NA,NA,NA,"17abcf75-2f1e-46dd-bf75-a5b21dd02655,99d66b6c-9087-452f-a9d4-f15f2c2d0e7e",NA,NA,"Stn. U 386",NA,NA,NA,NA,NA,NA,NA,NA,NA,NA,NA,NA,NA,NA,NA,NA,NA,NA,"NHMUK:ecatalogue:2534541",NA,NA,NA,NA,NA,NA,NA,NA,NA,NA,NA,NA,NA,NA,NA,NA,NA,NA,NA,NA,NA,NA,NA,NA,NA,NA,NA,NA,NA,NA,NA,NA,NA,NA,NA,NA,NA,NA,NA,NA,NA,NA,NA,NA,NA,NA,NA,NA,NA,"Lake","Lake Victoria",67332250502.7392,"Barbus profundus"
"1055838350","Barbus profundus Greenwood, 1970",-0.833333,32.583333,"cdround,gass84,mdativ,muldativ,incomis,inmafu","7e380070-f762-11e1-a439-00145eb45e9a","19456090-b49a-11d8-abeb-b8a03c50a862","60277b56-f762-11e1-a439-00145eb45e9a","19456090-b49a-11d8-abeb-b8a03c50a862","GB","DWC_ARCHIVE","2025-02-16T11:31:56.494+00:00","2025-02-16T13:53:34.448+00:00",428,"PRESERVED_SPECIMEN","PRESENT",5207178,1,44,1153,7336,2363128,9500212,9500212,"Enteromius profundus (Greenwood, 1970)","Animalia","Chordata","Cypriniformes","Cyprinidae","Enteromius","Enteromius profundus","Barbus","profundus","SPECIES","SYNONYM","LC",NA,NA,"AFRICA",NA,1970,2,16,"1970-02-16",47,47,NA,"2025-02-16T13:53:34.448+00:00",NA,"http://creativecommons.org/publicdomain/zero/1.0/legalcode",FALSE,"2534542","none","none",FALSE,NA,"P Greenwood",NA,"WGS84","UG","none","none","AFRICA","Uganda","EUROPE",NA,"2534542",NA,NA,"1055838350",NA,"ZOO","a81efe8b-4e28-4748-8829-667d3e100e4f",NA,"1970.5.14.9","NHMUK",NA,NA,NA,"Barbus profundus Greenwood, 1970",NA,"{""associatedMediaCount"": 1, ""barcode"": ""013006157"", ""catalogueDescription"": null, ""chondriteAchondrite"": null, ""chronostratigraphy"": null, ""clutchSize"": null, ""collectionKind"": null, ""collectionName"": null, ""commodity"": null, ""created"": 1056097878000, ""currentScientificName"": null, ""dateRegistered"": null, ""depositType"": null, ""determinationFiledAs"": [""Yes"", ""No""], ""determinationNames"": [""Barbus profundus Greenwood, 1970"", ""Barbus radiatus profundus Greenwood, 1970""], ""determinationTypes"": null, ""donorName"": ""East African Fresh. Fish. Res. Org."", ""expedition"": null, ""exsiccata"": null, ""exsiccataNumber"": null, ""extractionMethod"": null, ""gbifID"": ""1055838350"", ""gbifIssue"": [""COORDINATE_ROUNDED"", ""GEODETIC_DATUM_ASSUMED_WGS84""], ""identificationAsRegistered"": null, ""identificationDescription"": null, ""identificationOther"": null, ""identificationVariety"": null, ""kindOfCollection"": null, ""kindOfObject"": null, ""lithostratigraphy"": null, ""meteoriteClass"": null, ""meteoriteGroup"": null, ""meteoriteType"": null, ""mine"": null, ""mineralComplex"": null, ""observedWeight"": null, ""occurrence"": null, ""partType"": null, ""petrologySubtype"": null, ""petrologyType"": null, ""plantDescription"": null, ""populationCode"": null, ""preparationType"": null, ""preservative"": null, ""project"": null, ""recovery"": null, ""recoveryDate"": null, ""recoveryWeight"": null, ""registeredWeightUnit"": null, ""registrationCode"": ""PI03"", ""resuspendedIn"": null, ""setMark"": null, ""subDepartment"": ""LS Fish"", ""subfamily"": null, ""suborder"": null, ""superfamily"": null, ""texture"": null, ""totalVolume"": null, ""vessel"": null}",NA,NA,NA,NA,NA,1,"Africa; Uganda","1d808a7c-1f9e-4379-9616-edb749ecf10e",NA,NA,NA,NA,NA,"Actinopterygii; Ostariophysi; Cypriniformes; Cyprinidae",NA,"Lake Victoria","78'1.5"" Codend",NA,NA,NA,"Lake Victoria",NA,NA,NA,NA,NA,NA,NA,NA,NA,NA,NA,NA,NA,"17abcf75-2f1e-46dd-bf75-a5b21dd02655,99d66b6c-9087-452f-a9d4-f15f2c2d0e7e",NA,NA,"Stn. U 389",NA,NA,NA,NA,NA,NA,NA,NA,NA,NA,NA,NA,NA,NA,NA,NA,NA,NA,"NHMUK:ecatalogue:2534542",NA,NA,NA,NA,NA,NA,NA,NA,NA,NA,60.5,0.5,NA,NA,NA,NA,NA,NA,NA,NA,NA,NA,NA,NA,NA,NA,NA,NA,NA,NA,NA,NA,NA,NA,NA,NA,NA,NA,NA,NA,NA,NA,NA,NA,NA,NA,NA,NA,NA,"Lake","Lake Victoria",67332250502.7392,"Barbus profundus"
"1056644579","Barbus radiatus profundus Greenwood, 1970",-1.533333,32.284722,"cdround,gass84,mdativ,muldativ,incomis,inmafu","7e380070-f762-11e1-a439-00145eb45e9a","19456090-b49a-11d8-abeb-b8a03c50a862","60277b56-f762-11e1-a439-00145eb45e9a","19456090-b49a-11d8-abeb-b8a03c50a862","GB","DWC_ARCHIVE","2025-02-16T11:31:56.494+00:00","2025-02-16T13:53:34.721+00:00",428,"PRESERVED_SPECIMEN","PRESENT",6167356,1,44,1153,7336,2363128,9500212,9500212,"Enteromius profundus (Greenwood, 1970)","Animalia","Chordata","Cypriniformes","Cyprinidae","Enteromius","Enteromius profundus","Barbus","radiatus","SUBSPECIES","SYNONYM","LC",NA,NA,"AFRICA","Kagera",1970,2,28,"1970-02-28",59,59,NA,"2025-02-16T13:53:34.721+00:00",NA,"http://creativecommons.org/publicdomain/zero/1.0/legalcode",FALSE,"2534543","none","none",FALSE,NA,"P Greenwood",NA,"WGS84","TZ","none","none","AFRICA","Tanzania, United Republic of","EUROPE",NA,"2534543",NA,NA,"1056644579",NA,"ZOO","1756fa5d-af2f-4233-8bce-51e2fabaea7c",NA,"1970.5.14.97-98","NHMUK",NA,NA,NA,"Barbus radiatus profundus Greenwood, 1970",NA,"{""associatedMediaCount"": 2, ""barcode"": ""012922781"", ""catalogueDescription"": null, ""chondriteAchondrite"": null, ""chronostratigraphy"": null, ""clutchSize"": null, ""collectionKind"": null, ""collectionName"": null, ""commodity"": null, ""created"": 1056097878000, ""currentScientificName"": null, ""dateRegistered"": null, ""depositType"": null, ""determinationFiledAs"": [""Yes"", ""No""], ""determinationNames"": [""Barbus radiatus profundus Greenwood, 1970"", ""Barbus profundus Greenwood, 1970""], ""determinationTypes"": null, ""donorName"": ""East African Fresh. Fish. Res. Org."", ""expedition"": null, ""exsiccata"": null, ""exsiccataNumber"": null, ""extractionMethod"": null, ""gbifID"": ""1056644579"", ""gbifIssue"": [""COORDINATE_ROUNDED"", ""GEODETIC_DATUM_ASSUMED_WGS84""], ""identificationAsRegistered"": null, ""identificationDescription"": null, ""identificationOther"": null, ""identificationVariety"": null, ""kindOfCollection"": null, ""kindOfObject"": ""Spirit"", ""lithostratigraphy"": null, ""meteoriteClass"": null, ""meteoriteGroup"": null, ""meteoriteType"": null, ""mine"": null, ""mineralComplex"": null, ""observedWeight"": null, ""occurrence"": null, ""partType"": null, ""petrologySubtype"": null, ""petrologyType"": null, ""plantDescription"": null, ""populationCode"": null, ""preparationType"": null, ""preservative"": ""IMS 70%"", ""project"": null, ""recovery"": null, ""recoveryDate"": null, ""recoveryWeight"": null, ""registeredWeightUnit"": null, ""registrationCode"": ""PI03"", ""resuspendedIn"": null, ""setMark"": null, ""subDepartment"": ""LS Fish"", ""subfamily"": null, ""suborder"": null, ""superfamily"": null, ""texture"": null, ""totalVolume"": null, ""vessel"": null}",NA,NA,NA,NA,NA,2,"Africa; Tanzania; Kagera","1d808a7c-1f9e-4379-9616-edb749ecf10e",NA,NA,NA,NA,NA,"Actinopterygii; Ostariophysi; Cypriniformes; Cyprinidae",NA,"Lake Victoria","78'1.5"" Codend",NA,NA,NA,"Lake Victoria",NA,NA,"Paratype",NA,NA,NA,NA,NA,NA,NA,NA,NA,NA,"17abcf75-2f1e-46dd-bf75-a5b21dd02655,99d66b6c-9087-452f-a9d4-f15f2c2d0e7e",NA,NA,"Stn. T 271",NA,NA,NA,NA,NA,NA,"TYPE STATUS CHECKED (Eschmeyer Catalogue 2004). Valid as Barbus profundus Greenwood 1970 -- (Seegers 1996:144).",NA,NA,NA,NA,NA,NA,NA,NA,NA,NA,NA,"NHMUK:ecatalogue:2534543",NA,NA,NA,NA,NA,NA,NA,NA,NA,NA,57,1,NA,NA,NA,NA,NA,NA,NA,NA,NA,NA,NA,NA,NA,NA,NA,NA,NA,NA,NA,NA,NA,NA,NA,NA,"profundus",NA,NA,NA,NA,NA,NA,NA,NA,NA,NA,NA,NA,"Lake","Lake Victoria",67332250502.7392,"Barbus radiatus"
"1055559534","Barbus profundus Greenwood, 1970",-1.533333,32.284722,"cdround,gass84,mdativ,muldativ,incomis,inmafu","7e380070-f762-11e1-a439-00145eb45e9a","19456090-b49a-11d8-abeb-b8a03c50a862","60277b56-f762-11e1-a439-00145eb45e9a","19456090-b49a-11d8-abeb-b8a03c50a862","GB","DWC_ARCHIVE","2025-02-16T11:31:56.494+00:00","2025-02-16T13:53:34.856+00:00",428,"PRESERVED_SPECIMEN","PRESENT",5207178,1,44,1153,7336,2363128,9500212,9500212,"Enteromius profundus (Greenwood, 1970)","Animalia","Chordata","Cypriniformes","Cyprinidae","Enteromius","Enteromius profundus","Barbus","profundus","SPECIES","SYNONYM","LC",NA,NA,"AFRICA","Kagera",1970,2,28,"1970-02-28",59,59,NA,"2025-02-16T13:53:34.856+00:00",NA,"http://creativecommons.org/publicdomain/zero/1.0/legalcode",FALSE,"2534544","none","none",FALSE,NA,"P Greenwood",NA,"WGS84","TZ","none","none","AFRICA","Tanzania, United Republic of","EUROPE",NA,"2534544",NA,NA,"1055559534",NA,"ZOO","647e0cfd-6cab-4846-b8a6-7927890465b7",NA,"1970.5.14.99-104","NHMUK",NA,NA,NA,"Barbus profundus Greenwood, 1970",NA,"{""associatedMediaCount"": 1, ""barcode"": ""012922782"", ""catalogueDescription"": null, ""chondriteAchondrite"": null, ""chronostratigraphy"": null, ""clutchSize"": null, ""collectionKind"": null, ""collectionName"": null, ""commodity"": null, ""created"": 1056097879000, ""currentScientificName"": null, ""dateRegistered"": null, ""depositType"": null, ""determinationFiledAs"": [""Yes"", ""No""], ""determinationNames"": [""Barbus profundus Greenwood, 1970"", ""Barbus radiatus profundus Greenwood, 1970""], ""determinationTypes"": null, ""donorName"": ""East African Fresh. Fish. Res. Org."", ""expedition"": null, ""exsiccata"": null, ""exsiccataNumber"": null, ""extractionMethod"": null, ""gbifID"": ""1055559534"", ""gbifIssue"": [""COORDINATE_ROUNDED"", ""GEODETIC_DATUM_ASSUMED_WGS84""], ""identificationAsRegistered"": null, ""identificationDescription"": null, ""identificationOther"": null, ""identificationVariety"": null, ""kindOfCollection"": null, ""kindOfObject"": null, ""lithostratigraphy"": null, ""meteoriteClass"": null, ""meteoriteGroup"": null, ""meteoriteType"": null, ""mine"": null, ""mineralComplex"": null, ""observedWeight"": null, ""occurrence"": null, ""partType"": null, ""petrologySubtype"": null, ""petrologyType"": null, ""plantDescription"": null, ""populationCode"": null, ""preparationType"": null, ""preservative"": null, ""project"": null, ""recovery"": null, ""recoveryDate"": null, ""recoveryWeight"": null, ""registeredWeightUnit"": null, ""registrationCode"": ""PI03"", ""resuspendedIn"": null, ""setMark"": null, ""subDepartment"": ""LS Fish"", ""subfamily"": null, ""suborder"": null, ""superfamily"": null, ""texture"": null, ""totalVolume"": null, ""vessel"": null}",NA,NA,NA,NA,NA,6,"Africa; Tanzania; Kagera","1d808a7c-1f9e-4379-9616-edb749ecf10e",NA,NA,NA,NA,NA,"Actinopterygii; Ostariophysi; Cypriniformes; Cyprinidae",NA,"Lake Victoria","78'1.5"" Codend",NA,NA,NA,"Lake Victoria",NA,NA,NA,NA,NA,NA,NA,NA,NA,NA,NA,NA,NA,"17abcf75-2f1e-46dd-bf75-a5b21dd02655,99d66b6c-9087-452f-a9d4-f15f2c2d0e7e",NA,NA,"Stn. T 271",NA,NA,NA,NA,NA,NA,NA,NA,NA,NA,NA,NA,NA,NA,NA,NA,NA,NA,"NHMUK:ecatalogue:2534544",NA,NA,NA,NA,NA,NA,NA,NA,NA,NA,57,1,NA,NA,NA,NA,NA,NA,NA,NA,NA,NA,NA,NA,NA,NA,NA,NA,NA,NA,NA,NA,NA,NA,NA,NA,NA,NA,NA,NA,NA,NA,NA,NA,NA,NA,NA,NA,NA,"Lake","Lake Victoria",67332250502.7392,"Barbus profundus"
"1056688574","Barbus profundus Greenwood, 1970",-0.201389,34.584167,"cdround,gass84,mdativ,muldativ,incomis,inmafu","7e380070-f762-11e1-a439-00145eb45e9a","19456090-b49a-11d8-abeb-b8a03c50a862","60277b56-f762-11e1-a439-00145eb45e9a","19456090-b49a-11d8-abeb-b8a03c50a862","GB","DWC_ARCHIVE","2025-02-16T11:31:56.494+00:00","2025-02-16T13:53:34.867+00:00",428,"PRESERVED_SPECIMEN","PRESENT",5207178,1,44,1153,7336,2363128,9500212,9500212,"Enteromius profundus (Greenwood, 1970)","Animalia","Chordata","Cypriniformes","Cyprinidae","Enteromius","Enteromius profundus","Barbus","profundus","SPECIES","SYNONYM","LC",NA,NA,"AFRICA","Kisumu",1970,5,23,"1970-05-23",143,143,NA,"2025-02-16T13:53:34.867+00:00",NA,"http://creativecommons.org/publicdomain/zero/1.0/legalcode",FALSE,"2534805","none","none",FALSE,NA,"A Cordone",NA,"WGS84","KE","none","none","AFRICA","Kenya","EUROPE",NA,"2534805",NA,NA,"1056688574",NA,"ZOO","8fad408b-47f3-43b9-b4cb-46deec5ec81a",NA,"1970.8.28.27-30","NHMUK",NA,NA,NA,"Barbus profundus Greenwood, 1970",NA,"{""associatedMediaCount"": 2, ""barcode"": ""013197016"", ""catalogueDescription"": null, ""chondriteAchondrite"": null, ""chronostratigraphy"": null, ""clutchSize"": null, ""collectionKind"": null, ""collectionName"": null, ""commodity"": null, ""created"": 1056097917000, ""currentScientificName"": null, ""dateRegistered"": null, ""depositType"": null, ""determinationFiledAs"": [""Yes"", ""No""], ""determinationNames"": [""Barbus profundus Greenwood, 1970"", ""Barbus radiatus profundus Greenwood, 1970""], ""determinationTypes"": null, ""donorName"": ""East African Fresh. Fish. Res. Org."", ""expedition"": null, ""exsiccata"": null, ""exsiccataNumber"": null, ""extractionMethod"": null, ""gbifID"": ""1056688574"", ""gbifIssue"": [""COORDINATE_ROUNDED"", ""GEODETIC_DATUM_ASSUMED_WGS84""], ""identificationAsRegistered"": null, ""identificationDescription"": null, ""identificationOther"": null, ""identificationVariety"": null, ""kindOfCollection"": null, ""kindOfObject"": null, ""lithostratigraphy"": null, ""meteoriteClass"": null, ""meteoriteGroup"": null, ""meteoriteType"": null, ""mine"": null, ""mineralComplex"": null, ""observedWeight"": null, ""occurrence"": null, ""partType"": null, ""petrologySubtype"": null, ""petrologyType"": null, ""plantDescription"": null, ""populationCode"": null, ""preparationType"": null, ""preservative"": null, ""project"": null, ""recovery"": null, ""recoveryDate"": null, ""recoveryWeight"": null, ""registeredWeightUnit"": null, ""registrationCode"": ""PI03"", ""resuspendedIn"": null, ""setMark"": null, ""subDepartment"": ""LS Fish"", ""subfamily"": null, ""suborder"": null, ""superfamily"": null, ""texture"": null, ""totalVolume"": null, ""vessel"": null}",NA,NA,NA,NA,NA,6,"Africa; Kenya; Kisumu; Seme","1d808a7c-1f9e-4379-9616-edb749ecf10e",NA,NA,NA,NA,NA,"Actinopterygii; Ostariophysi; Cypriniformes; Cyprinidae",NA,"Lake Victoria","Bottom Trawl",NA,NA,NA,"Nyanza Gulf, Lake Victoria",NA,NA,NA,NA,NA,NA,NA,NA,NA,NA,NA,NA,NA,"17abcf75-2f1e-46dd-bf75-a5b21dd02655,99d66b6c-9087-452f-a9d4-f15f2c2d0e7e",NA,NA,"K 92",NA,NA,NA,NA,NA,NA,NA,NA,NA,NA,NA,NA,NA,NA,NA,NA,NA,NA,"NHMUK:ecatalogue:2534805",NA,NA,NA,NA,NA,NA,NA,NA,NA,NA,5,0,NA,NA,NA,NA,NA,NA,NA,NA,NA,NA,NA,NA,NA,NA,NA,NA,NA,NA,NA,NA,NA,NA,NA,NA,NA,NA,NA,NA,NA,NA,NA,NA,NA,NA,NA,NA,NA,"Lake","Lake Victoria",67332250502.7392,"Barbus profundus"
"1055384641","Barbus magdalenae Boulenger, 1906",-0.201389,34.584167,"cdround,gass84,mdativ,muldativ,incomis,inmafu","7e380070-f762-11e1-a439-00145eb45e9a","19456090-b49a-11d8-abeb-b8a03c50a862","60277b56-f762-11e1-a439-00145eb45e9a","19456090-b49a-11d8-abeb-b8a03c50a862","GB","DWC_ARCHIVE","2025-02-16T11:31:56.494+00:00","2025-02-16T13:53:34.619+00:00",428,"PRESERVED_SPECIMEN","PRESENT",5207319,1,44,1153,7336,2363128,9543771,9543771,"Enteromius magdalenae (Boulenger, 1906)","Animalia","Chordata","Cypriniformes","Cyprinidae","Enteromius","Enteromius magdalenae","Barbus","magdalenae","SPECIES","SYNONYM","LC",NA,NA,"AFRICA","Kisumu",1970,5,23,"1970-05-23",143,143,NA,"2025-02-16T13:53:34.619+00:00",NA,"http://creativecommons.org/publicdomain/zero/1.0/legalcode",FALSE,"2534807","none","none",FALSE,NA,"A Cordone",NA,"WGS84","KE","none","none","AFRICA","Kenya","EUROPE",NA,"2534807",NA,NA,"1055384641",NA,"ZOO","3efb67f8-0799-47d8-8d14-6206f5080fa0",NA,"1970.8.28.31-32","NHMUK",NA,NA,NA,"Barbus magdalenae Boulenger, 1906",NA,"{""associatedMediaCount"": 2, ""barcode"": ""013197015"", ""catalogueDescription"": null, ""chondriteAchondrite"": null, ""chronostratigraphy"": null, ""clutchSize"": null, ""collectionKind"": null, ""collectionName"": null, ""commodity"": null, ""created"": 1056097918000, ""currentScientificName"": null, ""dateRegistered"": null, ""depositType"": null, ""determinationFiledAs"": [""Yes"", ""No""], ""determinationNames"": [""Barbus magdalenae Boulenger, 1906"", ""Barbus radiatus profundus Greenwood, 1970""], ""determinationTypes"": null, ""donorName"": ""East African Fresh. Fish. Res. Org."", ""expedition"": null, ""exsiccata"": null, ""exsiccataNumber"": null, ""extractionMethod"": null, ""gbifID"": ""1055384641"", ""gbifIssue"": [""COORDINATE_ROUNDED"", ""GEODETIC_DATUM_ASSUMED_WGS84""], ""identificationAsRegistered"": null, ""identificationDescription"": null, ""identificationOther"": null, ""identificationVariety"": null, ""kindOfCollection"": null, ""kindOfObject"": null, ""lithostratigraphy"": null, ""meteoriteClass"": null, ""meteoriteGroup"": null, ""meteoriteType"": null, ""mine"": null, ""mineralComplex"": null, ""observedWeight"": null, ""occurrence"": null, ""partType"": null, ""petrologySubtype"": null, ""petrologyType"": null, ""plantDescription"": null, ""populationCode"": null, ""preparationType"": null, ""preservative"": null, ""project"": null, ""recovery"": null, ""recoveryDate"": null, ""recoveryWeight"": null, ""registeredWeightUnit"": null, ""registrationCode"": ""PI03"", ""resuspendedIn"": null, ""setMark"": null, ""subDepartment"": ""LS Fish"", ""subfamily"": null, ""suborder"": null, ""superfamily"": null, ""texture"": null, ""totalVolume"": null, ""vessel"": null}",NA,NA,NA,NA,NA,2,"Africa; Kenya; Kisumu; Seme","1d808a7c-1f9e-4379-9616-edb749ecf10e",NA,NA,NA,NA,NA,"Actinopterygii; Ostariophysi; Cypriniformes; Cyprinidae",NA,"Lake Victoria","Bottom Trawl",NA,NA,NA,"Nyanza Gulf, Lake Victoria",NA,NA,NA,NA,NA,NA,NA,NA,NA,NA,NA,NA,NA,"17abcf75-2f1e-46dd-bf75-a5b21dd02655,99d66b6c-9087-452f-a9d4-f15f2c2d0e7e",NA,NA,"K 92",NA,NA,NA,NA,NA,NA,NA,NA,NA,NA,NA,NA,NA,NA,NA,NA,NA,NA,"NHMUK:ecatalogue:2534807",NA,NA,NA,NA,NA,NA,NA,NA,NA,NA,5,0,NA,NA,NA,NA,NA,NA,NA,NA,NA,NA,NA,NA,NA,NA,NA,NA,NA,NA,NA,NA,NA,NA,NA,NA,NA,NA,NA,NA,NA,NA,NA,NA,NA,NA,NA,NA,NA,"Lake","Lake Victoria",67332250502.7392,"Barbus magdalenae"
"1057246026","Barbus profundus Greenwood, 1970",-0.251944,34.518056,"cdround,gass84,mdativ,muldativ,incomis,inmafu","7e380070-f762-11e1-a439-00145eb45e9a","19456090-b49a-11d8-abeb-b8a03c50a862","60277b56-f762-11e1-a439-00145eb45e9a","19456090-b49a-11d8-abeb-b8a03c50a862","GB","DWC_ARCHIVE","2025-02-16T11:31:56.494+00:00","2025-02-16T13:53:34.588+00:00",428,"PRESERVED_SPECIMEN","PRESENT",5207178,1,44,1153,7336,2363128,9500212,9500212,"Enteromius profundus (Greenwood, 1970)","Animalia","Chordata","Cypriniformes","Cyprinidae","Enteromius","Enteromius profundus","Barbus","profundus","SPECIES","SYNONYM","LC",NA,NA,"AFRICA","Kisumu",1970,5,23,"1970-05-23",143,143,NA,"2025-02-16T13:53:34.588+00:00",NA,"http://creativecommons.org/publicdomain/zero/1.0/legalcode",FALSE,"2534808","none","none",FALSE,NA,"A Cordone",NA,"WGS84","KE","none","none","AFRICA","Kenya","EUROPE",NA,"2534808",NA,NA,"1057246026",NA,"ZOO","34c3b3d7-4688-4e7d-aa77-646610563bc6",NA,"1970.8.28.33-38","NHMUK",NA,NA,NA,"Barbus profundus Greenwood, 1970",NA,"{""associatedMediaCount"": 2, ""barcode"": ""013241853"", ""catalogueDescription"": null, ""chondriteAchondrite"": null, ""chronostratigraphy"": null, ""clutchSize"": null, ""collectionKind"": null, ""collectionName"": null, ""commodity"": null, ""created"": 1056097918000, ""currentScientificName"": null, ""dateRegistered"": null, ""depositType"": null, ""determinationFiledAs"": [""Yes"", ""No""], ""determinationNames"": [""Barbus profundus Greenwood, 1970"", ""Barbus radiatus profundus Greenwood, 1970""], ""determinationTypes"": null, ""donorName"": ""East African Fresh. Fish. Res. Org."", ""expedition"": null, ""exsiccata"": null, ""exsiccataNumber"": null, ""extractionMethod"": null, ""gbifID"": ""1057246026"", ""gbifIssue"": [""COORDINATE_ROUNDED"", ""GEODETIC_DATUM_ASSUMED_WGS84""], ""identificationAsRegistered"": null, ""identificationDescription"": null, ""identificationOther"": null, ""identificationVariety"": null, ""kindOfCollection"": null, ""kindOfObject"": null, ""lithostratigraphy"": null, ""meteoriteClass"": null, ""meteoriteGroup"": null, ""meteoriteType"": null, ""mine"": null, ""mineralComplex"": null, ""observedWeight"": null, ""occurrence"": null, ""partType"": null, ""petrologySubtype"": null, ""petrologyType"": null, ""plantDescription"": null, ""populationCode"": null, ""preparationType"": null, ""preservative"": null, ""project"": null, ""recovery"": null, ""recoveryDate"": null, ""recoveryWeight"": null, ""registeredWeightUnit"": null, ""registrationCode"": ""PI03"", ""resuspendedIn"": null, ""setMark"": null, ""subDepartment"": ""LS Fish"", ""subfamily"": null, ""suborder"": null, ""superfamily"": null, ""texture"": null, ""totalVolume"": null, ""vessel"": null}",NA,NA,NA,NA,NA,6,"Africa; Kenya; Kisumu; Seme","1d808a7c-1f9e-4379-9616-edb749ecf10e",NA,NA,NA,NA,NA,"Actinopterygii; Ostariophysi; Cypriniformes; Cyprinidae",NA,"Lake Victoria","Bottom Trawl",NA,NA,NA,"Nyanza Gulf, Lake Victoria",NA,NA,NA,NA,NA,NA,NA,NA,NA,NA,NA,NA,NA,"17abcf75-2f1e-46dd-bf75-a5b21dd02655,99d66b6c-9087-452f-a9d4-f15f2c2d0e7e",NA,NA,"K 93",NA,NA,NA,NA,NA,NA,NA,NA,NA,NA,NA,NA,NA,NA,NA,NA,NA,NA,"NHMUK:ecatalogue:2534808",NA,NA,NA,NA,NA,NA,NA,NA,NA,NA,9,1,NA,NA,NA,NA,NA,NA,NA,NA,NA,NA,NA,NA,NA,NA,NA,NA,NA,NA,NA,NA,NA,NA,NA,NA,NA,NA,NA,NA,NA,NA,NA,NA,NA,NA,NA,NA,NA,"Lake","Lake Victoria",67332250502.7392,"Barbus profundus"
"1889089241","Barbus paludinosus Peters, 1852",0.3,33.45,"gass84,colmafu,inmafu","59825263-9f89-43a9-8f22-c22a6a53b8fc","6ea87510-0561-11d8-b851-b8a03c50a862","cfbb523a-883c-48db-8258-dcfe32b11d64","a5486e02-d249-4809-9273-deac47fb11e0","US","EML","2025-03-01T05:02:59.774+00:00","2025-03-01T05:09:36.719+00:00",373,"PRESERVED_SPECIMEN","PRESENT",5206853,1,44,1153,7336,2363128,9264695,9264695,"Enteromius paludinosus (Peters, 1852)","Animalia","Chordata","Cypriniformes","Cyprinidae","Enteromius","Enteromius paludinosus","Barbus","paludinosus","SPECIES","SYNONYM","LC",NA,NA,"AFRICA",NA,1967,7,28,"1967-07-28",209,209,NA,"2025-03-01T05:09:36.719+00:00",NA,"http://creativecommons.org/licenses/by/4.0/legalcode",FALSE,"3793f06a-8e57-454b-955a-7cac6a25d226","none","none",FALSE,"Fish","EAFRO, KF Lagler, JM Gee, P Jackson",NA,"WGS84","UG","none","none","AFRICA","Uganda","NORTH_AMERICA",NA,"3793f06a-8e57-454b-955a-7cac6a25d226",NA,NA,"1889089241",NA,"ummz_fish","3793f06a-8e57-454b-955a-7cac6a25d226",NA,"187324","UMMZ","1000-1300",NA,NA,"Barbus paludinosus Peters, 1852",NA,NA,NA,NA,"Marvel Parrington",NA,NA,NA,NA,"2a508411-2acd-45df-8a8b-00094ac65f87","63bd995d-b48c-425d-bb55-04ce8477116d","EtOH - 3",NA,NA,NA,NA,NA,NA,"beach seine, trawl",NA,"Orig. #: L67-1419  *offshore to 13 m  **seine; offshore trawl.",NA,"Lake Victoria, Hannington Bay about 12 mi easterly from Jinja; Nile River drainage",NA,NA,NA,NA,NA,NA,NA,NA,NA,NA,NA,NA,NA,"8e30b684-6a54-4aba-aa73-66201c2c736e,99d66b6c-9087-452f-a9d4-f15f2c2d0e7e",NA,NA,"KFL67-1419",NA,NA,NA,NA,NA,NA,NA,NA,NA,NA,NA,NA,NA,NA,NA,NA,NA,NA,NA,NA,NA,NA,NA,NA,NA,NA,NA,NA,NA,NA,NA,NA,NA,NA,NA,NA,NA,NA,NA,NA,NA,NA,NA,NA,NA,NA,NA,NA,NA,NA,NA,NA,NA,NA,NA,NA,NA,NA,NA,NA,NA,NA,NA,NA,NA,NA,NA,NA,"Lake","Lake Victoria",67332250502.7392,"Barbus paludinosus"
"1889089174","Barbus magdalenae Boulenger, 1906",0.3,33.45,"gass84,colmafu,inmafu","59825263-9f89-43a9-8f22-c22a6a53b8fc","6ea87510-0561-11d8-b851-b8a03c50a862","cfbb523a-883c-48db-8258-dcfe32b11d64","a5486e02-d249-4809-9273-deac47fb11e0","US","EML","2025-03-01T05:02:59.774+00:00","2025-03-01T05:09:42.672+00:00",373,"PRESERVED_SPECIMEN","PRESENT",5207319,1,44,1153,7336,2363128,9543771,9543771,"Enteromius magdalenae (Boulenger, 1906)","Animalia","Chordata","Cypriniformes","Cyprinidae","Enteromius","Enteromius magdalenae","Barbus","magdalenae","SPECIES","SYNONYM","LC",NA,NA,"AFRICA",NA,1967,7,28,"1967-07-28",209,209,NA,"2025-03-01T05:09:42.672+00:00",NA,"http://creativecommons.org/licenses/by/4.0/legalcode",FALSE,"489f9ddc-c4b7-4bae-8f03-362e8e9910d6","none","none",FALSE,"Fish","EAFRO, KF Lagler, JM Gee, P Jackson",NA,"WGS84","UG","none","none","AFRICA","Uganda","NORTH_AMERICA",NA,"489f9ddc-c4b7-4bae-8f03-362e8e9910d6",NA,NA,"1889089174",NA,"ummz_fish","489f9ddc-c4b7-4bae-8f03-362e8e9910d6",NA,"187329","UMMZ","1000-1300",NA,NA,"Barbus magdalenae Boulenger, 1906",NA,NA,NA,NA,"Marvel Parrington",NA,NA,NA,NA,"2a508411-2acd-45df-8a8b-00094ac65f87","63bd995d-b48c-425d-bb55-04ce8477116d","EtOH - 2",NA,NA,NA,NA,NA,NA,"beach seine, trawl",NA,"Orig. #: L67-1419  *offshore to 13 m  **seine; offshore trawl.",NA,"Lake Victoria, Hannington Bay about 12 mi easterly from Jinja; Nile River drainage",NA,NA,NA,NA,NA,NA,NA,NA,NA,NA,NA,NA,NA,"8e30b684-6a54-4aba-aa73-66201c2c736e,99d66b6c-9087-452f-a9d4-f15f2c2d0e7e",NA,NA,"KFL67-1419",NA,NA,NA,NA,NA,NA,NA,NA,NA,NA,NA,NA,NA,NA,NA,NA,NA,NA,NA,NA,NA,NA,NA,NA,NA,NA,NA,NA,NA,NA,NA,NA,NA,NA,NA,NA,NA,NA,NA,NA,NA,NA,NA,NA,NA,NA,NA,NA,NA,NA,NA,NA,NA,NA,NA,NA,NA,NA,NA,NA,NA,NA,NA,NA,NA,NA,NA,NA,"Lake","Lake Victoria",67332250502.7392,"Barbus magdalenae"
"4454497192","Barbus paludinosus Peters, 1852",-7.96667,31.91667,"cdc,gass84,osiic","9cfa6cb6-5833-44b2-97f1-18a3c12fed47","575c52b0-a742-11db-a6ff-b8a03c50a862","96dec937-f8d1-4d18-a8a1-1e9f4ca1aabd","575c52b0-a742-11db-a6ff-b8a03c50a862","BE","EML","2025-02-28T23:01:23.697+00:00","2025-02-28T23:02:21.389+00:00",71,"PRESERVED_SPECIMEN","PRESENT",5206853,1,44,1153,7336,2363128,9264695,9264695,"Enteromius paludinosus (Peters, 1852)","Animalia","Chordata","Cypriniformes","Cyprinidae","Enteromius","Enteromius paludinosus","Barbus","paludinosus","SPECIES","SYNONYM","LC","1966-01-01T00:00:00",NA,"AFRICA",NA,1966,1,5,"1966-01-05",5,5,NA,"2025-02-28T23:02:21.389+00:00",NA,"http://creativecommons.org/licenses/by/4.0/legalcode",FALSE,"https://darwinweb.africamuseum.be/object/2e62c5f3-06dd-4779-bc2d-1c518718f565","none","none",FALSE,NA,"Matthes, H.","Matthes, H.","WGS84","TZ","none","none","AFRICA","Tanzania, United Republic of","EUROPE",NA,"https://darwinweb.africamuseum.be/object/2e62c5f3-06dd-4779-bc2d-1c518718f565",NA,NA,"4454497192",NA,"VER-FIS","https://darwinweb.africamuseum.be/object/2e62c5f3-06dd-4779-bc2d-1c518718f565",NA,"BE_RMCA_Vert.P.191700-191738","RMCA",NA,NA,NA,"Barbus paludinosus Peters, 1852",NA,NA,NA,NA,NA,NA,NA,39,NA,"2784e794-f70f-4455-854d-110f8ab37d19","2406d0ea-4647-4181-903d-b523057b208c",NA,"https://ror.org/001805t51",NA,NA,NA,NA,NA,NA,NA,NA,NA,"Tanzania;Tanzania;Mail river, Kawimbe road, Rukwa bassin",NA,NA,NA,NA,NA,NA,NA,NA,NA,NA,NA,NA,NA,NA,NA,NA,NA,NA,NA,NA,NA,NA,NA,NA,NA,NA,NA,NA,NA,NA,NA,NA,NA,NA,NA,"2e62c5f3-06dd-4779-bc2d-1c518718f565",NA,NA,NA,NA,NA,NA,NA,NA,NA,NA,NA,NA,NA,NA,NA,NA,NA,NA,NA,NA,NA,NA,NA,NA,NA,NA,NA,NA,NA,NA,NA,NA,NA,NA,NA,NA,NA,NA,NA,NA,NA,NA,NA,NA,NA,NA,NA,NA,NA,"Lake","Lake Rukwa",1945731474.02274,"Barbus paludinosus"
"4454472788","Barbus marmoratus David & Poll, 1937",-3.53333,29.15,"cdc,cudc,cuiv,gass84,osiic","9cfa6cb6-5833-44b2-97f1-18a3c12fed47","575c52b0-a742-11db-a6ff-b8a03c50a862","96dec937-f8d1-4d18-a8a1-1e9f4ca1aabd","575c52b0-a742-11db-a6ff-b8a03c50a862","BE","EML","2025-02-28T23:01:23.697+00:00","2025-02-28T23:02:17.621+00:00",71,"PRESERVED_SPECIMEN","PRESENT",5207205,1,44,1153,7336,2363128,9618047,9618047,"Enteromius marmoratus (David & Poll, 1937)","Animalia","Chordata","Cypriniformes","Cyprinidae","Enteromius","Enteromius marmoratus","Barbus","marmoratus","SPECIES","SYNONYM","LC","1977-01-01T00:00:00",NA,"AFRICA",NA,1961,NA,NA,"1961",NA,NA,NA,"2025-02-28T23:02:17.621+00:00",NA,"http://creativecommons.org/licenses/by/4.0/legalcode",FALSE,"https://darwinweb.africamuseum.be/object/7820846b-e13a-490f-9ca3-9f8a4fe067c8","none","none",FALSE,NA,"Kiss R.","Banister, K.E.","WGS84","CD","none","none","AFRICA","Congo, Democratic Republic of the","EUROPE",NA,"https://darwinweb.africamuseum.be/object/7820846b-e13a-490f-9ca3-9f8a4fe067c8",NA,NA,"4454472788",NA,"VER-FIS","https://darwinweb.africamuseum.be/object/7820846b-e13a-490f-9ca3-9f8a4fe067c8",NA,"BE_RMCA_Vert.P.178382-178383","RMCA",NA,NA,NA,"Barbus marmoratus David & Poll, 1937",NA,NA,NA,NA,NA,NA,NA,2,NA,"2784e794-f70f-4455-854d-110f8ab37d19","2406d0ea-4647-4181-903d-b523057b208c",NA,"https://ror.org/001805t51",NA,NA,NA,NA,NA,NA,NA,NA,NA,"Congo (Léopoldville);Mbemba, 26 km d'Uvira, lac Tanganika",NA,NA,NA,NA,NA,NA,NA,NA,NA,NA,NA,NA,NA,NA,NA,NA,NA,NA,NA,NA,NA,NA,NA,NA,NA,NA,NA,NA,NA,NA,NA,NA,NA,NA,NA,"7820846b-e13a-490f-9ca3-9f8a4fe067c8",NA,NA,NA,NA,NA,NA,NA,NA,NA,NA,NA,NA,NA,NA,NA,NA,NA,NA,NA,NA,NA,NA,NA,NA,NA,NA,NA,NA,NA,NA,NA,NA,NA,NA,NA,NA,NA,NA,NA,NA,NA,NA,NA,NA,NA,NA,NA,NA,NA,"Lake","Lake Tanganyika",32896759543.8782,"Barbus marmoratus"
"4454540175","Barbus lineomaculatus Boulenger, 1903",-4.31667,29.08333,"cdc,cudc,cuiv,gass84,osiic","9cfa6cb6-5833-44b2-97f1-18a3c12fed47","575c52b0-a742-11db-a6ff-b8a03c50a862","96dec937-f8d1-4d18-a8a1-1e9f4ca1aabd","575c52b0-a742-11db-a6ff-b8a03c50a862","BE","EML","2025-02-28T23:01:23.697+00:00","2025-02-28T23:02:25.596+00:00",71,"PRESERVED_SPECIMEN","PRESENT",5207098,1,44,1153,7336,2363128,9582714,9582714,"Enteromius lineomaculatus (Boulenger, 1903)","Animalia","Chordata","Cypriniformes","Cyprinidae","Enteromius","Enteromius lineomaculatus","Barbus","lineomaculatus","SPECIES","SYNONYM","LC","1959-01-01T00:00:00",NA,"AFRICA",NA,1959,2,9,"1959-02-09",40,40,NA,"2025-02-28T23:02:25.596+00:00",NA,"http://creativecommons.org/licenses/by/4.0/legalcode",FALSE,"https://darwinweb.africamuseum.be/object/daaf7151-527a-4ba7-9979-278027cb8482","none","none",FALSE,NA,"Matthes, H.","Matthes, H.","WGS84","CD","none","none","AFRICA","Congo, Democratic Republic of the","EUROPE",NA,"https://darwinweb.africamuseum.be/object/daaf7151-527a-4ba7-9979-278027cb8482",NA,NA,"4454540175",NA,"VER-FIS","https://darwinweb.africamuseum.be/object/daaf7151-527a-4ba7-9979-278027cb8482",NA,"BE_RMCA_Vert.P.125689-125718","RMCA",NA,NA,NA,"Barbus lineomaculatus Boulenger, 1903",NA,NA,NA,NA,NA,NA,NA,30,NA,"2784e794-f70f-4455-854d-110f8ab37d19","2406d0ea-4647-4181-903d-b523057b208c",NA,"https://ror.org/001805t51",NA,NA,NA,NA,NA,NA,NA,NA,NA,"Kivu region;Congo, Democratic Republic of the;Congo Belge;riv. Niemba, baie Burton",NA,NA,NA,NA,NA,NA,NA,NA,NA,NA,NA,NA,NA,NA,NA,NA,NA,NA,NA,NA,NA,NA,NA,NA,NA,NA,NA,NA,NA,NA,NA,NA,NA,NA,NA,"daaf7151-527a-4ba7-9979-278027cb8482",NA,NA,NA,NA,NA,NA,NA,NA,NA,NA,NA,NA,NA,NA,NA,NA,NA,NA,NA,NA,NA,NA,NA,NA,NA,NA,NA,NA,NA,NA,NA,NA,NA,NA,NA,NA,NA,NA,NA,NA,NA,NA,NA,NA,NA,NA,NA,NA,NA,"Lake","Lake Tanganyika",32896759543.8782,"Barbus lineomaculatus"
"4454480878","Barbus stigmatopygus Boulenger, 1903",1.4,30.46667,"cdc,cudc,cuiv,gass84,osiic","9cfa6cb6-5833-44b2-97f1-18a3c12fed47","575c52b0-a742-11db-a6ff-b8a03c50a862","96dec937-f8d1-4d18-a8a1-1e9f4ca1aabd","575c52b0-a742-11db-a6ff-b8a03c50a862","BE","EML","2025-02-28T23:01:23.697+00:00","2025-02-28T23:02:19.386+00:00",71,"PRESERVED_SPECIMEN","PRESENT",5207080,1,44,1153,7336,2363128,9326520,9326520,"Enteromius stigmatopygus (Boulenger, 1903)","Animalia","Chordata","Cypriniformes","Cyprinidae","Enteromius","Enteromius stigmatopygus","Barbus","stigmatopygus","SPECIES","SYNONYM","LC","1960-01-01T00:00:00",NA,"AFRICA",NA,1959,10,20,"1959-10-20",293,293,NA,"2025-02-28T23:02:19.386+00:00",NA,"http://creativecommons.org/licenses/by/4.0/legalcode",FALSE,"https://darwinweb.africamuseum.be/object/06fc6e9f-c4cd-4659-8315-88f283d786dc","none","none",FALSE,NA,"Lambert J.","Lambert J.","WGS84","CD","none","none","AFRICA","Congo, Democratic Republic of the","EUROPE",NA,"https://darwinweb.africamuseum.be/object/06fc6e9f-c4cd-4659-8315-88f283d786dc",NA,NA,"4454480878",NA,"VER-FIS","https://darwinweb.africamuseum.be/object/06fc6e9f-c4cd-4659-8315-88f283d786dc",NA,"BE_RMCA_Vert.1977.025.P.0220","RMCA",NA,NA,NA,"Barbus stigmatopygus Boulenger, 1903",NA,NA,NA,NA,NA,NA,NA,1,NA,"2784e794-f70f-4455-854d-110f8ab37d19","2406d0ea-4647-4181-903d-b523057b208c",NA,"https://ror.org/001805t51",NA,NA,NA,NA,NA,NA,NA,NA,NA,"Congo, Democratic Republic of the;Ituri region;Congo Belge;riv. Ndrige, terr. de Bunia",NA,NA,NA,NA,NA,NA,NA,NA,NA,NA,NA,NA,NA,NA,NA,NA,NA,NA,NA,NA,NA,NA,NA,NA,NA,NA,NA,NA,NA,NA,NA,NA,NA,NA,NA,"06fc6e9f-c4cd-4659-8315-88f283d786dc",NA,NA,NA,NA,NA,NA,NA,NA,NA,NA,NA,NA,NA,NA,NA,NA,NA,NA,NA,NA,NA,NA,NA,NA,NA,NA,NA,NA,NA,NA,NA,NA,NA,NA,NA,NA,NA,NA,NA,NA,NA,NA,NA,NA,NA,NA,NA,NA,NA,"Lake","Lake Albert",5404605008.37131,"Barbus stigmatopygus"
"4454477093","Barbus trinotatus Fowler, 1936",1.4,30.46667,"cdc,cudc,cuiv,gass84,osiic","9cfa6cb6-5833-44b2-97f1-18a3c12fed47","575c52b0-a742-11db-a6ff-b8a03c50a862","96dec937-f8d1-4d18-a8a1-1e9f4ca1aabd","575c52b0-a742-11db-a6ff-b8a03c50a862","BE","EML","2025-02-28T23:01:23.697+00:00","2025-02-28T23:02:18.784+00:00",71,"PRESERVED_SPECIMEN","PRESENT",5207232,1,44,1153,7336,2363128,9342002,9342002,"Enteromius trinotatus (Fowler, 1936)","Animalia","Chordata","Cypriniformes","Cyprinidae","Enteromius","Enteromius trinotatus","Barbus","trinotatus","SPECIES","SYNONYM","LC","1960-01-01T00:00:00",NA,"AFRICA",NA,1959,10,20,"1959-10-20",293,293,NA,"2025-02-28T23:02:18.784+00:00",NA,"http://creativecommons.org/licenses/by/4.0/legalcode",FALSE,"https://darwinweb.africamuseum.be/object/2217614c-b0bb-442d-b12f-e9a7c784ca97","none","none",FALSE,NA,"Lambert J.","Lambert J.","WGS84","CD","none","none","AFRICA","Congo, Democratic Republic of the","EUROPE",NA,"https://darwinweb.africamuseum.be/object/2217614c-b0bb-442d-b12f-e9a7c784ca97",NA,NA,"4454477093",NA,"VER-FIS","https://darwinweb.africamuseum.be/object/2217614c-b0bb-442d-b12f-e9a7c784ca97",NA,"BE_RMCA_Vert.1977.025.P.0217-0218","RMCA",NA,NA,NA,"Barbus trinotatus Fowler, 1936",NA,NA,NA,NA,NA,NA,NA,2,NA,"2784e794-f70f-4455-854d-110f8ab37d19","2406d0ea-4647-4181-903d-b523057b208c",NA,"https://ror.org/001805t51",NA,NA,NA,NA,NA,NA,NA,NA,NA,"Congo, Democratic Republic of the;Ituri region;Congo Belge;riv. Ndrige, terr. de Bunia",NA,NA,NA,NA,NA,NA,NA,NA,NA,NA,NA,NA,NA,NA,NA,NA,NA,NA,NA,NA,NA,NA,NA,NA,NA,NA,NA,NA,NA,NA,NA,NA,NA,NA,NA,"2217614c-b0bb-442d-b12f-e9a7c784ca97",NA,NA,NA,NA,NA,NA,NA,NA,NA,NA,NA,NA,NA,NA,NA,NA,NA,NA,NA,NA,NA,NA,NA,NA,NA,NA,NA,NA,NA,NA,NA,NA,NA,NA,NA,NA,NA,NA,NA,NA,NA,NA,NA,NA,NA,NA,NA,NA,NA,"Lake","Lake Albert",5404605008.37131,"Barbus trinotatus"
"4454558821","Barbus neumayeri Fischer, 1884",1.4,30.46667,"cdc,cudc,cuiv,gass84,osiic","9cfa6cb6-5833-44b2-97f1-18a3c12fed47","575c52b0-a742-11db-a6ff-b8a03c50a862","96dec937-f8d1-4d18-a8a1-1e9f4ca1aabd","575c52b0-a742-11db-a6ff-b8a03c50a862","BE","EML","2025-02-28T23:01:23.697+00:00","2025-02-28T23:02:27.082+00:00",71,"PRESERVED_SPECIMEN","PRESENT",5207110,1,44,1153,7336,2363128,9414131,9414131,"Enteromius neumayeri (Fischer, 1884)","Animalia","Chordata","Cypriniformes","Cyprinidae","Enteromius","Enteromius neumayeri","Barbus","neumayeri","SPECIES","SYNONYM","LC","1960-01-01T00:00:00",NA,"AFRICA",NA,1959,10,20,"1959-10-20",293,293,NA,"2025-02-28T23:02:27.082+00:00",NA,"http://creativecommons.org/licenses/by/4.0/legalcode",FALSE,"https://darwinweb.africamuseum.be/object/8a52de3b-06bf-47f0-a6b0-40c3ca4630d8","none","none",FALSE,NA,"Lambert J.","Lambert J.","WGS84","CD","none","none","AFRICA","Congo, Democratic Republic of the","EUROPE",NA,"https://darwinweb.africamuseum.be/object/8a52de3b-06bf-47f0-a6b0-40c3ca4630d8",NA,NA,"4454558821",NA,"VER-FIS","https://darwinweb.africamuseum.be/object/8a52de3b-06bf-47f0-a6b0-40c3ca4630d8",NA,"BE_RMCA_Vert.1977.025.P.0212-0216","RMCA",NA,NA,NA,"Barbus neumayeri Fischer, 1884",NA,NA,NA,NA,NA,NA,NA,5,NA,"2784e794-f70f-4455-854d-110f8ab37d19","2406d0ea-4647-4181-903d-b523057b208c",NA,"https://ror.org/001805t51",NA,NA,NA,NA,NA,NA,NA,NA,NA,"Congo, Democratic Republic of the;Ituri region;Congo Belge;riv. Ndrige, terr. de Bunia",NA,NA,NA,NA,NA,NA,NA,NA,NA,NA,NA,NA,NA,NA,NA,NA,NA,NA,NA,NA,NA,NA,NA,NA,NA,NA,NA,NA,NA,NA,NA,NA,NA,NA,NA,"8a52de3b-06bf-47f0-a6b0-40c3ca4630d8",NA,NA,NA,NA,NA,NA,NA,NA,NA,NA,NA,NA,NA,NA,NA,NA,NA,NA,NA,NA,NA,NA,NA,NA,NA,NA,NA,NA,NA,NA,NA,NA,NA,NA,NA,NA,NA,NA,NA,NA,NA,NA,NA,NA,NA,NA,NA,NA,NA,"Lake","Lake Albert",5404605008.37131,"Barbus neumayeri"
"1981039754","Barbus jacksonii Günther, 1889",-1.034425,32.784807,"cudc,txmatfuz,osiic,inmafu","96419bea-f762-11e1-a439-00145eb45e9a","2e167bb0-4441-11db-9ba2-b8a03c50a862","a974d1b0-37fa-442b-bf5e-47159b201779","2e167bb0-4441-11db-9ba2-b8a03c50a862","US","EML","2025-03-11T13:36:43.124+00:00","2025-03-11T13:38:03.138+00:00",2553,"PRESERVED_SPECIMEN","PRESENT",5206770,1,44,1153,7336,2363128,9406569,9406569,"Enteromius jacksoni (Günther, 1889)","Animalia","Chordata","Cypriniformes","Cyprinidae","Enteromius","Enteromius jacksoni","Barbus","jacksonii","SPECIES","SYNONYM","LC",NA,251839,"AFRICA",NA,1956,NA,NA,"1956",NA,NA,"2024-09-29T10:06:24.000+00:00","2025-03-11T13:38:03.138+00:00","http://collections.peabody.yale.edu/search/Record/YPM-ICH-008547","http://creativecommons.org/publicdomain/zero/1.0/legalcode",FALSE,"urn:uuid:44fa735b-5bd4-4d74-bee0-1188680939ce","none","none",FALSE,NA,NA,"B. E. Moss","WGS84","TZ","none","none","AFRICA","Tanzania, United Republic of","NORTH_AMERICA","Yale Peabody Museum","urn:uuid:44fa735b-5bd4-4d74-bee0-1188680939ce",NA,NA,"1981039754",NA,"VZ","urn:uuid:44fa735b-5bd4-4d74-bee0-1188680939ce",NA,"YPM ICH 008547","YPM",NA,NA,NA,"Barbus jacksonii Günther, 1889",NA,"{ ""irn"": ""330813"", ""solr_long_lat"": ""32.784807,-1.034425"" }",NA,NA,"ICH number 8547; lot count 1; accn=YPM.11597",NA,NA,1,"Africa","75f50140-830d-4630-a290-3d6e951a7c29","d3dd565a-9094-409d-bc41-cff9e7fbd23a","10% form.->70% alc.",NA,NA,NA,"Animalia; Chordata; Vertebrata; Gnathostomata; Actinopterygii; Neopterygii-Teleostei-Euteleostei; Ostariophysi-Otophysi; Cypriniformes; Cyprinoidea; Cyprinidae",NA,NA,NA,NA,NA,NA,"Lake Victoria. can 2 or 3",NA,NA,NA,NA,NA,NA,NA,NA,NA,NA,NA,NA,NA,"99d66b6c-9087-452f-a9d4-f15f2c2d0e7e",NA,NA,NA,"http://creativecommons.org/publicdomain/zero/1.0/","PhysicalObject","Barbus jacksoni",NA,"YPM",NA,NA,NA,NA,NA,NA,NA,NA,NA,NA,NA,"carps; minnows; ray-finned fishes; vertebrates; chordates; animals",NA,NA,NA,NA,NA,NA,"2020",NA,"GEOLocate",NA,NA,NA,NA,NA,NA,NA,NA,NA,"ICZN","Barbus jacksoni (YPM ICH 008547)","Open Access, http://creativecommons.org/publicdomain/zero/1.0/; see Yale Peabody policies at: http://hdl.handle.net/10079/8931zqj","digital resource",NA,NA,NA,"in collection",NA,NA,"0",NA,NA,"COGE GeoLocate spring 2020: watkinsg 4/11/2020 6:23:03 PM",NA,NA,NA,NA,"Det. by: B. E. Moss",NA,NA,NA,NA,NA,NA,NA,NA,NA,NA,"Animals and Plants: Vertebrates - Fish",NA,NA,NA,"Lake","Lake Victoria",67332250502.7392,"Barbus jacksonii"
"1981042063","Barbus radiatus Peters, 1853",-1.034425,32.784807,"cudc,osiic,inmafu","96419bea-f762-11e1-a439-00145eb45e9a","2e167bb0-4441-11db-9ba2-b8a03c50a862","a974d1b0-37fa-442b-bf5e-47159b201779","2e167bb0-4441-11db-9ba2-b8a03c50a862","US","EML","2025-03-11T13:36:43.124+00:00","2025-03-11T13:38:21.962+00:00",2553,"PRESERVED_SPECIMEN","PRESENT",5712396,1,44,1153,7336,2363128,9252016,9252016,"Enteromius radiatus (Peters, 1853)","Animalia","Chordata","Cypriniformes","Cyprinidae","Enteromius","Enteromius radiatus","Barbus","radiatus","SPECIES","SYNONYM","LC",NA,251839,"AFRICA",NA,1956,NA,NA,"1956",NA,NA,"2024-09-29T10:06:24.000+00:00","2025-03-11T13:38:21.962+00:00","http://collections.peabody.yale.edu/search/Record/YPM-ICH-008550","http://creativecommons.org/publicdomain/zero/1.0/legalcode",FALSE,"urn:uuid:502da9e0-996a-4ea5-b692-5d62c7c6572c","none","none",FALSE,NA,NA,"Fred C. Sibley","WGS84","TZ","none","none","AFRICA","Tanzania, United Republic of","NORTH_AMERICA","Yale Peabody Museum","urn:uuid:502da9e0-996a-4ea5-b692-5d62c7c6572c",NA,NA,"1981042063",NA,"VZ","urn:uuid:502da9e0-996a-4ea5-b692-5d62c7c6572c",NA,"YPM ICH 008550","YPM",NA,NA,NA,"Barbus radiatus Peters, 1853",NA,"{ ""irn"": ""330816"", ""solr_long_lat"": ""32.784807,-1.034425"" }",NA,NA,"ICH number 8550; lot count 3; accn=YPM.11597",NA,NA,3,"Africa","75f50140-830d-4630-a290-3d6e951a7c29","d3dd565a-9094-409d-bc41-cff9e7fbd23a","10% form.->70% alc.",NA,NA,NA,"Animalia; Chordata; Vertebrata; Gnathostomata; Actinopterygii; Neopterygii-Teleostei-Euteleostei; Ostariophysi-Otophysi; Cypriniformes; Cyprinoidea; Cyprinidae",NA,NA,NA,NA,NA,NA,"Lake Victoria. can 2 or 3",NA,NA,NA,NA,NA,NA,NA,NA,NA,NA,NA,NA,NA,"99d66b6c-9087-452f-a9d4-f15f2c2d0e7e",NA,NA,NA,"http://creativecommons.org/publicdomain/zero/1.0/","PhysicalObject","Barbus radiatus",NA,"YPM",NA,NA,NA,NA,NA,NA,NA,NA,NA,NA,NA,"carps; minnows; ray-finned fishes; vertebrates; chordates; animals",NA,NA,NA,NA,NA,NA,"2020",NA,"GEOLocate",NA,NA,NA,NA,NA,NA,NA,NA,NA,"ICZN","Barbus radiatus (YPM ICH 008550)","Open Access, http://creativecommons.org/publicdomain/zero/1.0/; see Yale Peabody policies at: http://hdl.handle.net/10079/8931zqj","digital resource",NA,NA,NA,"in collection",NA,NA,"0",NA,NA,"COGE GeoLocate spring 2020: watkinsg 4/11/2020 6:23:03 PM",NA,NA,NA,NA,"Det. by: Fred C. Sibley",NA,NA,NA,NA,NA,NA,NA,NA,NA,NA,"Animals and Plants: Vertebrates - Fish",NA,NA,NA,"Lake","Lake Victoria",67332250502.7392,"Barbus radiatus"
"1981043494","Barbus kerstenii Peters, 1868",-1.034425,32.784807,"cudc,osiic,inmafu","96419bea-f762-11e1-a439-00145eb45e9a","2e167bb0-4441-11db-9ba2-b8a03c50a862","a974d1b0-37fa-442b-bf5e-47159b201779","2e167bb0-4441-11db-9ba2-b8a03c50a862","US","EML","2025-03-11T13:36:43.124+00:00","2025-03-11T13:38:10.021+00:00",2553,"PRESERVED_SPECIMEN","PRESENT",5206847,1,44,1153,7336,2363128,9461154,9461154,"Enteromius kerstenii (Peters, 1868)","Animalia","Chordata","Cypriniformes","Cyprinidae","Enteromius","Enteromius kerstenii","Barbus","kerstenii","SPECIES","SYNONYM","LC",NA,251839,"AFRICA",NA,1956,NA,NA,"1956",NA,NA,"2024-09-29T10:06:24.000+00:00","2025-03-11T13:38:10.021+00:00","http://collections.peabody.yale.edu/search/Record/YPM-ICH-008553","http://creativecommons.org/publicdomain/zero/1.0/legalcode",FALSE,"urn:uuid:6409a21e-96bb-4f12-a07d-b3a5413507eb","none","none",FALSE,NA,NA,"Fred C. Sibley","WGS84","TZ","none","none","AFRICA","Tanzania, United Republic of","NORTH_AMERICA","Yale Peabody Museum","urn:uuid:6409a21e-96bb-4f12-a07d-b3a5413507eb",NA,NA,"1981043494",NA,"VZ","urn:uuid:6409a21e-96bb-4f12-a07d-b3a5413507eb",NA,"YPM ICH 008553","YPM",NA,NA,NA,"Barbus kerstenii Peters, 1868",NA,"{ ""irn"": ""330819"", ""solr_long_lat"": ""32.784807,-1.034425"" }",NA,NA,"ICH number 8553; lot count 2; accn=YPM.11597",NA,NA,2,"Africa","75f50140-830d-4630-a290-3d6e951a7c29","d3dd565a-9094-409d-bc41-cff9e7fbd23a","10% form.->70% alc.",NA,NA,NA,"Animalia; Chordata; Vertebrata; Gnathostomata; Actinopterygii; Neopterygii-Teleostei-Euteleostei; Ostariophysi-Otophysi; Cypriniformes; Cyprinoidea; Cyprinidae",NA,NA,NA,NA,NA,NA,"Lake Victoria. can 2 or 3",NA,NA,NA,NA,NA,NA,NA,NA,NA,NA,NA,NA,NA,"99d66b6c-9087-452f-a9d4-f15f2c2d0e7e",NA,NA,NA,"http://creativecommons.org/publicdomain/zero/1.0/","PhysicalObject","Barbus kerstenii",NA,"YPM",NA,NA,NA,NA,NA,NA,NA,NA,NA,NA,NA,"carps; minnows; ray-finned fishes; vertebrates; chordates; animals",NA,NA,NA,NA,NA,NA,"2020",NA,"GEOLocate",NA,NA,NA,NA,NA,NA,NA,NA,NA,"ICZN","Barbus kerstenii (YPM ICH 008553)","Open Access, http://creativecommons.org/publicdomain/zero/1.0/; see Yale Peabody policies at: http://hdl.handle.net/10079/8931zqj","digital resource",NA,NA,NA,"in collection",NA,NA,"0",NA,NA,"COGE GeoLocate spring 2020: watkinsg 4/11/2020 6:23:03 PM",NA,NA,NA,NA,"Det. by: Fred C. Sibley",NA,NA,NA,NA,NA,NA,NA,NA,NA,NA,"Animals and Plants: Vertebrates - Fish",NA,NA,NA,"Lake","Lake Victoria",67332250502.7392,"Barbus kerstenii"
"1981051481","Barbus paludinosus Peters, 1852",-1.034425,32.784807,"cudc,osiic,inmafu","96419bea-f762-11e1-a439-00145eb45e9a","2e167bb0-4441-11db-9ba2-b8a03c50a862","a974d1b0-37fa-442b-bf5e-47159b201779","2e167bb0-4441-11db-9ba2-b8a03c50a862","US","EML","2025-03-11T13:36:43.124+00:00","2025-03-11T13:38:13.516+00:00",2553,"PRESERVED_SPECIMEN","PRESENT",5206853,1,44,1153,7336,2363128,9264695,9264695,"Enteromius paludinosus (Peters, 1852)","Animalia","Chordata","Cypriniformes","Cyprinidae","Enteromius","Enteromius paludinosus","Barbus","paludinosus","SPECIES","SYNONYM","LC",NA,251839,"AFRICA",NA,1956,NA,NA,"1956",NA,NA,"2024-09-29T10:06:24.000+00:00","2025-03-11T13:38:13.516+00:00","http://collections.peabody.yale.edu/search/Record/YPM-ICH-008549","http://creativecommons.org/publicdomain/zero/1.0/legalcode",FALSE,"urn:uuid:a03e1fc6-1279-4185-b348-c57b57392e27","none","none",FALSE,NA,NA,"B. E. Moss","WGS84","TZ","none","none","AFRICA","Tanzania, United Republic of","NORTH_AMERICA","Yale Peabody Museum","urn:uuid:a03e1fc6-1279-4185-b348-c57b57392e27",NA,NA,"1981051481",NA,"VZ","urn:uuid:a03e1fc6-1279-4185-b348-c57b57392e27",NA,"YPM ICH 008549","YPM",NA,NA,NA,"Barbus paludinosus Peters, 1852",NA,"{ ""irn"": ""330815"", ""solr_long_lat"": ""32.784807,-1.034425"" }",NA,NA,"ICH number 8549; lot count 2; accn=YPM.11597",NA,NA,2,"Africa","75f50140-830d-4630-a290-3d6e951a7c29","d3dd565a-9094-409d-bc41-cff9e7fbd23a","10% form.->70% alc.",NA,NA,NA,"Animalia; Chordata; Vertebrata; Gnathostomata; Actinopterygii; Neopterygii-Teleostei-Euteleostei; Ostariophysi-Otophysi; Cypriniformes; Cyprinoidea; Cyprinidae",NA,NA,NA,NA,NA,NA,"Lake Victoria. can 2 or 3",NA,NA,NA,NA,NA,NA,NA,NA,NA,NA,NA,NA,NA,"99d66b6c-9087-452f-a9d4-f15f2c2d0e7e",NA,NA,NA,"http://creativecommons.org/publicdomain/zero/1.0/","PhysicalObject","Barbus paludinosus",NA,"YPM",NA,NA,NA,NA,NA,NA,NA,NA,NA,NA,NA,"carps; minnows; ray-finned fishes; vertebrates; chordates; animals",NA,NA,NA,NA,NA,NA,"2020",NA,"GEOLocate",NA,NA,NA,NA,NA,NA,NA,NA,NA,"ICZN","Barbus paludinosus (YPM ICH 008549)","Open Access, http://creativecommons.org/publicdomain/zero/1.0/; see Yale Peabody policies at: http://hdl.handle.net/10079/8931zqj","digital resource",NA,NA,NA,"in collection",NA,NA,"0",NA,NA,"COGE GeoLocate spring 2020: watkinsg 4/11/2020 6:23:03 PM",NA,NA,NA,NA,"Det. by: B. E. Moss",NA,NA,NA,NA,NA,NA,NA,NA,NA,NA,"Animals and Plants: Vertebrates - Fish",NA,NA,NA,"Lake","Lake Victoria",67332250502.7392,"Barbus paludinosus"
"1981052519","Barbus apleurogramma Boulenger, 1911",-1.034425,32.784807,"cudc,osiic,inmafu","96419bea-f762-11e1-a439-00145eb45e9a","2e167bb0-4441-11db-9ba2-b8a03c50a862","a974d1b0-37fa-442b-bf5e-47159b201779","2e167bb0-4441-11db-9ba2-b8a03c50a862","US","EML","2025-03-11T13:36:43.124+00:00","2025-03-11T13:38:14.711+00:00",2553,"PRESERVED_SPECIMEN","PRESENT",5207034,1,44,1153,7336,2363128,9573924,9573924,"Enteromius apleurogramma (Boulenger, 1911)","Animalia","Chordata","Cypriniformes","Cyprinidae","Enteromius","Enteromius apleurogramma","Barbus","apleurogramma","SPECIES","SYNONYM","LC",NA,251839,"AFRICA",NA,1956,NA,NA,"1956",NA,NA,"2024-09-29T10:06:24.000+00:00","2025-03-11T13:38:14.711+00:00","http://collections.peabody.yale.edu/search/Record/YPM-ICH-008544","http://creativecommons.org/publicdomain/zero/1.0/legalcode",FALSE,"urn:uuid:a78d570a-9147-45c5-969d-1212302ce41d","none","none",FALSE,NA,NA,"B. E. Moss","WGS84","TZ","none","none","AFRICA","Tanzania, United Republic of","NORTH_AMERICA","Yale Peabody Museum","urn:uuid:a78d570a-9147-45c5-969d-1212302ce41d",NA,NA,"1981052519",NA,"VZ","urn:uuid:a78d570a-9147-45c5-969d-1212302ce41d",NA,"YPM ICH 008544","YPM",NA,NA,NA,"Barbus apleurogramma Boulenger, 1911",NA,"{ ""irn"": ""330810"", ""solr_long_lat"": ""32.784807,-1.034425"" }",NA,NA,"ICH number 8544; lot count 5; accn=YPM.11597",NA,NA,5,"Africa","75f50140-830d-4630-a290-3d6e951a7c29","d3dd565a-9094-409d-bc41-cff9e7fbd23a","10% form.->70% alc.",NA,NA,NA,"Animalia; Chordata; Vertebrata; Gnathostomata; Actinopterygii; Neopterygii-Teleostei-Euteleostei; Ostariophysi-Otophysi; Cypriniformes; Cyprinoidea; Cyprinidae",NA,NA,NA,NA,NA,NA,"Lake Victoria. can 2 or 3",NA,NA,NA,NA,NA,NA,NA,NA,NA,NA,NA,NA,NA,"99d66b6c-9087-452f-a9d4-f15f2c2d0e7e",NA,NA,NA,"http://creativecommons.org/publicdomain/zero/1.0/","PhysicalObject","Barbus apleurogramma",NA,"YPM",NA,NA,NA,NA,NA,NA,NA,NA,NA,NA,NA,"carps; minnows; ray-finned fishes; vertebrates; chordates; animals",NA,NA,NA,NA,NA,NA,"2020",NA,"GEOLocate",NA,NA,NA,NA,NA,NA,NA,NA,NA,"ICZN","Barbus apleurogramma (YPM ICH 008544)","Open Access, http://creativecommons.org/publicdomain/zero/1.0/; see Yale Peabody policies at: http://hdl.handle.net/10079/8931zqj","digital resource",NA,NA,NA,"in collection",NA,NA,"0",NA,NA,"COGE GeoLocate spring 2020: watkinsg 4/11/2020 6:23:03 PM",NA,NA,NA,NA,"Det. by: B. E. Moss",NA,NA,NA,NA,NA,NA,NA,NA,NA,NA,"Animals and Plants: Vertebrates - Fish",NA,NA,NA,"Lake","Lake Victoria",67332250502.7392,"Barbus apleurogramma"
"1981052433","Barbus magdalenae Boulenger, 1906",-1.034425,32.784807,"cudc,osiic,inmafu","96419bea-f762-11e1-a439-00145eb45e9a","2e167bb0-4441-11db-9ba2-b8a03c50a862","a974d1b0-37fa-442b-bf5e-47159b201779","2e167bb0-4441-11db-9ba2-b8a03c50a862","US","EML","2025-03-11T13:36:43.124+00:00","2025-03-11T13:37:54.938+00:00",2553,"PRESERVED_SPECIMEN","PRESENT",5207319,1,44,1153,7336,2363128,9543771,9543771,"Enteromius magdalenae (Boulenger, 1906)","Animalia","Chordata","Cypriniformes","Cyprinidae","Enteromius","Enteromius magdalenae","Barbus","magdalenae","SPECIES","SYNONYM","LC",NA,251839,"AFRICA",NA,1956,NA,NA,"1956",NA,NA,"2024-09-29T10:06:24.000+00:00","2025-03-11T13:37:54.938+00:00","http://collections.peabody.yale.edu/search/Record/YPM-ICH-008546","http://creativecommons.org/publicdomain/zero/1.0/legalcode",FALSE,"urn:uuid:a889e0c3-d953-48bb-9fb5-6f439f3500f9","none","none",FALSE,NA,NA,"B. E. Moss","WGS84","TZ","none","none","AFRICA","Tanzania, United Republic of","NORTH_AMERICA","Yale Peabody Museum","urn:uuid:a889e0c3-d953-48bb-9fb5-6f439f3500f9",NA,NA,"1981052433",NA,"VZ","urn:uuid:a889e0c3-d953-48bb-9fb5-6f439f3500f9",NA,"YPM ICH 008546","YPM",NA,NA,NA,"Barbus magdalenae Boulenger, 1906",NA,"{ ""irn"": ""330812"", ""solr_long_lat"": ""32.784807,-1.034425"" }",NA,NA,"ICH number 8546; lot count 1; accn=YPM.11597",NA,NA,1,"Africa","75f50140-830d-4630-a290-3d6e951a7c29","d3dd565a-9094-409d-bc41-cff9e7fbd23a","10% form.->70% alc.",NA,NA,NA,"Animalia; Chordata; Vertebrata; Gnathostomata; Actinopterygii; Neopterygii-Teleostei-Euteleostei; Ostariophysi-Otophysi; Cypriniformes; Cyprinoidea; Cyprinidae",NA,NA,NA,NA,NA,NA,"Lake Victoria. can 2 or 3",NA,NA,NA,NA,NA,NA,NA,NA,NA,NA,NA,NA,NA,"99d66b6c-9087-452f-a9d4-f15f2c2d0e7e",NA,NA,NA,"http://creativecommons.org/publicdomain/zero/1.0/","PhysicalObject","Barbus magdalenae",NA,"YPM",NA,NA,NA,NA,NA,NA,NA,NA,NA,NA,NA,"carps; minnows; ray-finned fishes; vertebrates; chordates; animals",NA,NA,NA,NA,NA,NA,"2020",NA,"GEOLocate",NA,NA,NA,NA,NA,NA,NA,NA,NA,"ICZN","Barbus magdalenae (YPM ICH 008546)","Open Access, http://creativecommons.org/publicdomain/zero/1.0/; see Yale Peabody policies at: http://hdl.handle.net/10079/8931zqj","digital resource",NA,NA,NA,"in collection",NA,NA,"0",NA,NA,"COGE GeoLocate spring 2020: watkinsg 4/11/2020 6:23:03 PM",NA,NA,NA,NA,"Det. by: B. E. Moss",NA,NA,NA,NA,NA,NA,NA,NA,NA,NA,"Animals and Plants: Vertebrates - Fish",NA,NA,NA,"Lake","Lake Victoria",67332250502.7392,"Barbus magdalenae"
"1981055592","Barbus jacksonii Günther, 1889",-1.034425,32.784807,"cudc,txmatfuz,osiic,inmafu","96419bea-f762-11e1-a439-00145eb45e9a","2e167bb0-4441-11db-9ba2-b8a03c50a862","a974d1b0-37fa-442b-bf5e-47159b201779","2e167bb0-4441-11db-9ba2-b8a03c50a862","US","EML","2025-03-11T13:36:43.124+00:00","2025-03-11T13:38:17.556+00:00",2553,"PRESERVED_SPECIMEN","PRESENT",5206770,1,44,1153,7336,2363128,9406569,9406569,"Enteromius jacksoni (Günther, 1889)","Animalia","Chordata","Cypriniformes","Cyprinidae","Enteromius","Enteromius jacksoni","Barbus","jacksonii","SPECIES","SYNONYM","LC",NA,251839,"AFRICA",NA,1956,NA,NA,"1956",NA,NA,"2024-09-29T10:06:24.000+00:00","2025-03-11T13:38:17.556+00:00","http://collections.peabody.yale.edu/search/Record/YPM-ICH-008548","http://creativecommons.org/publicdomain/zero/1.0/legalcode",FALSE,"urn:uuid:c06060f0-e438-4436-9334-4ec3891db4a2","none","none",FALSE,NA,NA,"B. E. Moss","WGS84","TZ","none","none","AFRICA","Tanzania, United Republic of","NORTH_AMERICA","Yale Peabody Museum","urn:uuid:c06060f0-e438-4436-9334-4ec3891db4a2",NA,NA,"1981055592",NA,"VZ","urn:uuid:c06060f0-e438-4436-9334-4ec3891db4a2",NA,"YPM ICH 008548","YPM",NA,NA,NA,"Barbus jacksonii Günther, 1889",NA,"{ ""irn"": ""330814"", ""solr_long_lat"": ""32.784807,-1.034425"" }",NA,NA,"ICH number 8548; lot count 1; accn=YPM.11597",NA,NA,1,"Africa","75f50140-830d-4630-a290-3d6e951a7c29","d3dd565a-9094-409d-bc41-cff9e7fbd23a","10% form.->70% alc.",NA,NA,NA,"Animalia; Chordata; Vertebrata; Gnathostomata; Actinopterygii; Neopterygii-Teleostei-Euteleostei; Ostariophysi-Otophysi; Cypriniformes; Cyprinoidea; Cyprinidae",NA,NA,NA,NA,NA,NA,"Lake Victoria. can 2 or 3",NA,NA,NA,NA,NA,NA,NA,NA,NA,NA,NA,NA,NA,"99d66b6c-9087-452f-a9d4-f15f2c2d0e7e",NA,NA,NA,"http://creativecommons.org/publicdomain/zero/1.0/","PhysicalObject","Barbus jacksoni",NA,"YPM",NA,NA,NA,NA,NA,NA,NA,NA,NA,NA,NA,"carps; minnows; ray-finned fishes; vertebrates; chordates; animals",NA,NA,NA,NA,NA,NA,"2020",NA,"GEOLocate",NA,NA,NA,NA,NA,NA,NA,NA,NA,"ICZN","Barbus jacksoni (YPM ICH 008548)","Open Access, http://creativecommons.org/publicdomain/zero/1.0/; see Yale Peabody policies at: http://hdl.handle.net/10079/8931zqj","digital resource",NA,NA,NA,"in collection",NA,NA,"0",NA,NA,"COGE GeoLocate spring 2020: watkinsg 4/11/2020 6:23:03 PM",NA,NA,NA,NA,"Det. by: B. E. Moss",NA,NA,NA,NA,NA,NA,NA,NA,NA,NA,"Animals and Plants: Vertebrates - Fish",NA,NA,NA,"Lake","Lake Victoria",67332250502.7392,"Barbus jacksonii"
"1981056462","Barbus paludinosus Peters, 1852",-1.034425,32.784807,"cudc,osiic,inmafu","96419bea-f762-11e1-a439-00145eb45e9a","2e167bb0-4441-11db-9ba2-b8a03c50a862","a974d1b0-37fa-442b-bf5e-47159b201779","2e167bb0-4441-11db-9ba2-b8a03c50a862","US","EML","2025-03-11T13:36:43.124+00:00","2025-03-11T13:37:53.854+00:00",2553,"PRESERVED_SPECIMEN","PRESENT",5206853,1,44,1153,7336,2363128,9264695,9264695,"Enteromius paludinosus (Peters, 1852)","Animalia","Chordata","Cypriniformes","Cyprinidae","Enteromius","Enteromius paludinosus","Barbus","paludinosus","SPECIES","SYNONYM","LC",NA,251839,"AFRICA",NA,1956,NA,NA,"1956",NA,NA,"2024-09-29T10:06:24.000+00:00","2025-03-11T13:37:53.854+00:00","http://collections.peabody.yale.edu/search/Record/YPM-ICH-008554","http://creativecommons.org/publicdomain/zero/1.0/legalcode",FALSE,"urn:uuid:c436d808-ffa0-45ba-acd8-4fc6287d2dc5","none","none",FALSE,NA,NA,"B. E. Moss","WGS84","TZ","none","none","AFRICA","Tanzania, United Republic of","NORTH_AMERICA","Yale Peabody Museum","urn:uuid:c436d808-ffa0-45ba-acd8-4fc6287d2dc5",NA,NA,"1981056462",NA,"VZ","urn:uuid:c436d808-ffa0-45ba-acd8-4fc6287d2dc5",NA,"YPM ICH 008554","YPM",NA,NA,NA,"Barbus paludinosus Peters, 1852",NA,"{ ""irn"": ""330820"", ""solr_long_lat"": ""32.784807,-1.034425"" }",NA,NA,"ICH number 8554; lot count 4; accn=YPM.11597",NA,NA,4,"Africa","75f50140-830d-4630-a290-3d6e951a7c29","d3dd565a-9094-409d-bc41-cff9e7fbd23a","10% form.->70% alc.",NA,NA,NA,"Animalia; Chordata; Vertebrata; Gnathostomata; Actinopterygii; Neopterygii-Teleostei-Euteleostei; Ostariophysi-Otophysi; Cypriniformes; Cyprinoidea; Cyprinidae",NA,NA,NA,NA,NA,NA,"Lake Victoria. can 2 or 3",NA,NA,NA,NA,NA,NA,NA,NA,NA,NA,NA,NA,NA,"99d66b6c-9087-452f-a9d4-f15f2c2d0e7e",NA,NA,NA,"http://creativecommons.org/publicdomain/zero/1.0/","PhysicalObject","Barbus paludinosus",NA,"YPM",NA,NA,NA,NA,NA,NA,NA,NA,NA,NA,NA,"carps; minnows; ray-finned fishes; vertebrates; chordates; animals",NA,NA,NA,NA,NA,NA,"2020",NA,"GEOLocate",NA,NA,NA,NA,NA,NA,NA,NA,NA,"ICZN","Barbus paludinosus (YPM ICH 008554)","Open Access, http://creativecommons.org/publicdomain/zero/1.0/; see Yale Peabody policies at: http://hdl.handle.net/10079/8931zqj","digital resource",NA,NA,NA,"in collection",NA,NA,"0",NA,NA,"COGE GeoLocate spring 2020: watkinsg 4/11/2020 6:23:03 PM",NA,NA,NA,NA,"Det. by: B. E. Moss",NA,NA,NA,NA,NA,NA,NA,NA,NA,NA,"Animals and Plants: Vertebrates - Fish",NA,NA,NA,"Lake","Lake Victoria",67332250502.7392,"Barbus paludinosus"
"4454516009","Barbus lineomaculatus Boulenger, 1903",-3.35,29.2,"cdc,gass84,osiic","9cfa6cb6-5833-44b2-97f1-18a3c12fed47","575c52b0-a742-11db-a6ff-b8a03c50a862","96dec937-f8d1-4d18-a8a1-1e9f4ca1aabd","575c52b0-a742-11db-a6ff-b8a03c50a862","BE","EML","2025-02-28T23:01:23.697+00:00","2025-02-28T23:02:23.332+00:00",71,"PRESERVED_SPECIMEN","PRESENT",5207098,1,44,1153,7336,2363128,9582714,9582714,"Enteromius lineomaculatus (Boulenger, 1903)","Animalia","Chordata","Cypriniformes","Cyprinidae","Enteromius","Enteromius lineomaculatus","Barbus","lineomaculatus","SPECIES","SYNONYM","LC","1955-01-01T00:00:00",NA,"AFRICA",NA,1954,11,15,"1954-11-15",319,319,NA,"2025-02-28T23:02:23.332+00:00",NA,"http://creativecommons.org/licenses/by/4.0/legalcode",FALSE,"https://darwinweb.africamuseum.be/object/593f5bab-166a-48f4-8570-848f7098e409","none","none",FALSE,NA,"Marlier G.","Poll Max (Dr.)","WGS84","BI","none","none","AFRICA","Burundi","EUROPE",NA,"https://darwinweb.africamuseum.be/object/593f5bab-166a-48f4-8570-848f7098e409",NA,NA,"4454516009",NA,"VER-FIS","https://darwinweb.africamuseum.be/object/593f5bab-166a-48f4-8570-848f7098e409",NA,"BE_RMCA_Vert.P.96004-96009","RMCA",NA,NA,NA,"Barbus lineomaculatus Boulenger, 1903",NA,NA,NA,NA,NA,NA,NA,6,NA,"2784e794-f70f-4455-854d-110f8ab37d19","2406d0ea-4647-4181-903d-b523057b208c",NA,"https://ror.org/001805t51",NA,NA,NA,NA,NA,NA,NA,NA,NA,"Grande et Petite Ruzizi",NA,NA,NA,NA,NA,NA,NA,NA,NA,NA,NA,NA,NA,NA,NA,NA,NA,NA,NA,NA,NA,NA,NA,NA,NA,NA,NA,NA,NA,NA,NA,NA,NA,NA,NA,"593f5bab-166a-48f4-8570-848f7098e409",NA,NA,NA,NA,NA,NA,NA,NA,NA,NA,NA,NA,NA,NA,NA,NA,NA,NA,NA,NA,NA,NA,NA,NA,NA,NA,NA,NA,NA,NA,NA,NA,NA,NA,NA,NA,NA,NA,NA,NA,NA,NA,NA,NA,NA,NA,NA,NA,NA,"Lake","Lake Tanganyika",32896759543.8782,"Barbus lineomaculatus"
"4454478613","Barbus pellegrini Poll, 1939",-2.13333,28.86667,"cdc,cudc,cuiv,gass84,osiic","9cfa6cb6-5833-44b2-97f1-18a3c12fed47","575c52b0-a742-11db-a6ff-b8a03c50a862","96dec937-f8d1-4d18-a8a1-1e9f4ca1aabd","575c52b0-a742-11db-a6ff-b8a03c50a862","BE","EML","2025-02-28T23:01:23.697+00:00","2025-02-28T23:02:19.018+00:00",71,"PRESERVED_SPECIMEN","PRESENT",5207331,1,44,1153,7336,2363128,9255837,9255837,"Enteromius pellegrini (Poll, 1939)","Animalia","Chordata","Cypriniformes","Cyprinidae","Enteromius","Enteromius pellegrini","Barbus","pellegrini","SPECIES","SYNONYM","LC","1954-01-01T00:00:00",NA,"AFRICA",NA,1953,5,11,"1953-05-11",131,131,NA,"2025-02-28T23:02:19.018+00:00",NA,"http://creativecommons.org/licenses/by/4.0/legalcode",FALSE,"https://darwinweb.africamuseum.be/object/357a743f-82e4-435e-a612-5249fa5c295e","none","none",FALSE,NA,"Marlier G.","Poll Max (Dr.)","WGS84","CD","none","none","AFRICA","Congo, Democratic Republic of the","EUROPE",NA,"https://darwinweb.africamuseum.be/object/357a743f-82e4-435e-a612-5249fa5c295e",NA,NA,"4454478613",NA,"VER-FIS","https://darwinweb.africamuseum.be/object/357a743f-82e4-435e-a612-5249fa5c295e",NA,"BE_RMCA_Vert.P.92369-92412","RMCA",NA,NA,NA,"Barbus pellegrini Poll, 1939",NA,NA,NA,NA,NA,NA,NA,44,NA,"2784e794-f70f-4455-854d-110f8ab37d19","2406d0ea-4647-4181-903d-b523057b208c",NA,"https://ror.org/001805t51",NA,NA,NA,NA,NA,NA,NA,NA,NA,"Kivu region;Congo, Democratic Republic of the;;Congo Belge;riv. Nyabarongo, afflt. lac Kivu, terr. Kalehe",NA,NA,NA,NA,NA,NA,NA,NA,NA,NA,NA,NA,NA,NA,NA,NA,NA,NA,NA,NA,NA,NA,NA,NA,NA,NA,NA,NA,NA,NA,NA,NA,NA,NA,NA,"357a743f-82e4-435e-a612-5249fa5c295e",NA,NA,NA,NA,NA,NA,NA,NA,NA,NA,NA,NA,NA,NA,NA,NA,NA,NA,NA,NA,NA,NA,NA,NA,NA,NA,NA,NA,NA,NA,NA,NA,NA,NA,NA,NA,NA,NA,NA,NA,NA,NA,NA,NA,NA,NA,NA,NA,NA,"Lake","Lake Kivu",2415288353.60194,"Barbus pellegrini"
"3024436501","Enteromius perince (Rüppell, 1835)",-0.15059,29.558,"cdc,gass84","b93edff8-66e2-43d5-9020-3f6a6379c3ed","e88c96a3-5884-4e51-a580-e417ca4c9eed","712ce2e3-1409-45c1-9bd4-904991c8aa19","e88c96a3-5884-4e51-a580-e417ca4c9eed","BE","EML","2025-01-19T10:50:56.953+00:00","2025-02-06T18:25:11.287+00:00",175,"PRESERVED_SPECIMEN","PRESENT",9503298,1,44,1153,7336,2363128,9503298,9503298,"Enteromius perince (Rüppell, 1835)","Animalia","Chordata","Cypriniformes","Cyprinidae","Enteromius","Enteromius perince","Enteromius","perince","SPECIES","ACCEPTED","LC","1954-01-01T00:00:00",1000,"AFRICA",NA,1953,10,20,"1953-10-20",293,293,"2019-12-11T13:03:48.393+00:00","2025-02-06T18:25:11.287+00:00",NA,"http://creativecommons.org/licenses/by-nc/4.0/legalcode",FALSE,"https://darwin.naturalsciences.be/uri/object/31472ace-4422-4bb9-8faa-4c25e6c8d121","none","none",FALSE,NA,"Mission d'Exploration des lacs Kivu, Edouard & Albert","Hulot A.","WGS84","CD","none","none","AFRICA","Congo, Democratic Republic of the","EUROPE","Royal Belgian Institute of Natural Sciences","https://darwin.naturalsciences.be/uri/object/31472ace-4422-4bb9-8faa-4c25e6c8d121",NA,NA,"3024436501","Democratic Republic of the Congo, Nord-Kivu, Rwindi; Lube, st655","VER-FIS","https://darwin.naturalsciences.be/uri/object/31472ace-4422-4bb9-8faa-4c25e6c8d121",NA,"12750","RBINS",NA,NA,NA,"Enteromius perince (Rüppell, 1835)","Unknown",NA,NA,NA,NA,NA,NA,NA,NA,"c2bfdeef-9c03-435e-8465-c483dadd6995","f64418f5-cb76-4876-9d44-f27a834e1c6e","container type: specimen jar; preservation method: alcohol","https://ror.org/02y22ws83",NA,NA,NA,"f64418f5-cb76-4876-9d44-f27a834e1c6e","Rwindi; Lube",NA,NA,NA,NA,NA,NA,NA,NA,NA,NA,NA,NA,NA,NA,NA,NA,NA,"Indeterminate","17abcf75-2f1e-46dd-bf75-a5b21dd02655",NA,NA,"VERTEBRATES/20432/st655",NA,NA,NA,NA,"RBINS",NA,NA,NA,NA,NA,NA,NA,NA,NA,10,"SpecimensInContainer",NA,NA,NA,NA,NA,NA,NA,NA,NA,NA,NA,NA,NA,NA,NA,NA,NA,NA,"urn:catalog:RBINS:IG:20432","ICZN",NA,NA,NA,NA,NA,NA,"good state",NA,NA,"be_rbins_vertebrates_pisces",NA,NA,NA,NA,NA,NA,NA,NA,NA,NA,"31472ace-4422-4bb9-8faa-4c25e6c8d121","Enteromius Cope, 1867",NA,NA,NA,NA,NA,NA,NA,NA,NA,NA,"Lake","Lake Edward",2219606178.99023,"Enteromius perince"
"3025584228","Enteromius perince (Rüppell, 1835)",-0.15059,29.558,"cdc,gass84,typstativ,inmano","8138eb72-f762-11e1-a439-00145eb45e9a","e88c96a3-5884-4e51-a580-e417ca4c9eed","712ce2e3-1409-45c1-9bd4-904991c8aa19","e88c96a3-5884-4e51-a580-e417ca4c9eed","BE","EML","2025-01-19T15:25:18.346+00:00","2025-02-06T20:33:13.334+00:00",274,"PRESERVED_SPECIMEN","PRESENT",9503298,1,44,1153,7336,2363128,9503298,9503298,"Enteromius perince (Rüppell, 1835)","Animalia","Chordata","Cypriniformes","Cyprinidae","Enteromius","Enteromius perince","Enteromius","perince","SPECIES","ACCEPTED","LC","1954-01-01T00:00:00",1000,"AFRICA",NA,1953,10,20,"1953-10-20",293,293,"2019-12-11T13:03:48.393+00:00","2025-02-06T20:33:13.334+00:00",NA,"http://creativecommons.org/licenses/by-nc/4.0/legalcode",FALSE,"https://darwin.naturalsciences.be/uri/object/31472ace-4422-4bb9-8faa-4c25e6c8d121","none","none",FALSE,"Royal Belgian Institute of Natural Sciences Collection","Mission d'Exploration des lacs Kivu, Edouard & Albert","Hulot A.","WGS84","CD","none","none","AFRICA","Congo, Democratic Republic of the","EUROPE","Royal Belgian Institute of Natural Sciences","https://darwin.naturalsciences.be/uri/object/31472ace-4422-4bb9-8faa-4c25e6c8d121",NA,NA,"3025584228","Democratic Republic of the Congo, Nord-Kivu, Rwindi; Lube, st655","urn:catalog:RBINS:pisc","https://darwin.naturalsciences.be/uri/object/31472ace-4422-4bb9-8faa-4c25e6c8d121",NA,"12750","RBINS-Scientific Heritage",NA,NA,NA,"Enteromius perince (Rüppell, 1835)","Unknown",NA,NA,NA,NA,NA,NA,NA,NA,NA,NA,"container type: specimen jar; preservation method: alcohol","https://www.wikidata.org/wiki/Q222297",NA,NA,NA,"http://collections.naturalsciences.be/8","Rwindi; Lube",NA,NA,NA,NA,NA,NA,NA,NA,NA,NA,NA,NA,NA,NA,NA,NA,NA,"Indeterminate","17abcf75-2f1e-46dd-bf75-a5b21dd02655,99d66b6c-9087-452f-a9d4-f15f2c2d0e7e",NA,NA,"VERTEBRATES/20432/st655","en","PhysicalObject",NA,NA,"RBINS",NA,NA,NA,NA,NA,NA,NA,NA,NA,10,"SpecimensInContainer",NA,NA,"urn:catalog:RBINS:IG:20432",NA,NA,NA,NA,NA,NA,NA,NA,NA,NA,NA,NA,NA,NA,NA,NA,"ICZN",NA,NA,NA,NA,NA,NA,"good state",NA,NA,"be_rbins_darwin",NA,NA,NA,NA,NA,NA,NA,NA,NA,NA,NA,"Enteromius Cope 1867",NA,NA,NA,NA,NA,NA,NA,NA,NA,NA,"Lake","Lake Edward",2219606178.99023,"Enteromius perince"
"3024417294","Enteromius perince (Rüppell, 1835)",-0.15059,29.558,"cdc,gass84","b93edff8-66e2-43d5-9020-3f6a6379c3ed","e88c96a3-5884-4e51-a580-e417ca4c9eed","712ce2e3-1409-45c1-9bd4-904991c8aa19","e88c96a3-5884-4e51-a580-e417ca4c9eed","BE","EML","2025-01-19T10:50:56.953+00:00","2025-02-06T18:25:11.773+00:00",175,"PRESERVED_SPECIMEN","PRESENT",9503298,1,44,1153,7336,2363128,9503298,9503298,"Enteromius perince (Rüppell, 1835)","Animalia","Chordata","Cypriniformes","Cyprinidae","Enteromius","Enteromius perince","Enteromius","perince","SPECIES","ACCEPTED","LC","1954-01-01T00:00:00",1000,"AFRICA",NA,1953,10,20,"1953-10-20",293,293,"2019-12-11T13:03:48.393+00:00","2025-02-06T18:25:11.773+00:00",NA,"http://creativecommons.org/licenses/by-nc/4.0/legalcode",FALSE,"https://darwin.naturalsciences.be/uri/object/e8705e8e-de5d-4826-b0aa-c3c3b8c30673","none","none",FALSE,NA,"Mission d'Exploration des lacs Kivu, Edouard & Albert","Hulot A.","WGS84","CD","none","none","AFRICA","Congo, Democratic Republic of the","EUROPE","Royal Belgian Institute of Natural Sciences","https://darwin.naturalsciences.be/uri/object/e8705e8e-de5d-4826-b0aa-c3c3b8c30673",NA,NA,"3024417294","Democratic Republic of the Congo, Nord-Kivu, Rwindi; Lube, st655","VER-FIS","https://darwin.naturalsciences.be/uri/object/e8705e8e-de5d-4826-b0aa-c3c3b8c30673",NA,"12749","RBINS",NA,NA,NA,"Enteromius perince (Rüppell, 1835)","Unknown",NA,NA,NA,NA,NA,NA,NA,NA,"c2bfdeef-9c03-435e-8465-c483dadd6995","f64418f5-cb76-4876-9d44-f27a834e1c6e","container type: specimen jar; preservation method: alcohol","https://ror.org/02y22ws83",NA,NA,NA,"f64418f5-cb76-4876-9d44-f27a834e1c6e","Rwindi; Lube",NA,NA,NA,NA,NA,NA,NA,NA,NA,NA,NA,NA,NA,NA,NA,NA,NA,"Indeterminate","17abcf75-2f1e-46dd-bf75-a5b21dd02655",NA,NA,"VERTEBRATES/20432/st655",NA,NA,NA,NA,"RBINS",NA,NA,NA,NA,NA,NA,NA,NA,NA,6,"SpecimensInContainer",NA,NA,NA,NA,NA,NA,NA,NA,NA,NA,NA,NA,NA,NA,NA,NA,NA,NA,"urn:catalog:RBINS:IG:20432","ICZN",NA,NA,NA,NA,NA,NA,"good state",NA,NA,"be_rbins_vertebrates_pisces",NA,NA,NA,NA,NA,NA,NA,NA,NA,NA,"e8705e8e-de5d-4826-b0aa-c3c3b8c30673","Enteromius Cope, 1867",NA,NA,NA,NA,NA,NA,NA,NA,NA,NA,"Lake","Lake Edward",2219606178.99023,"Enteromius perince"
"3026110600","Enteromius perince (Rüppell, 1835)",-0.15059,29.558,"cdc,gass84,typstativ,inmano","8138eb72-f762-11e1-a439-00145eb45e9a","e88c96a3-5884-4e51-a580-e417ca4c9eed","712ce2e3-1409-45c1-9bd4-904991c8aa19","e88c96a3-5884-4e51-a580-e417ca4c9eed","BE","EML","2025-01-19T15:25:18.346+00:00","2025-02-06T20:38:07.793+00:00",274,"PRESERVED_SPECIMEN","PRESENT",9503298,1,44,1153,7336,2363128,9503298,9503298,"Enteromius perince (Rüppell, 1835)","Animalia","Chordata","Cypriniformes","Cyprinidae","Enteromius","Enteromius perince","Enteromius","perince","SPECIES","ACCEPTED","LC","1954-01-01T00:00:00",1000,"AFRICA",NA,1953,10,20,"1953-10-20",293,293,"2019-12-11T13:03:48.393+00:00","2025-02-06T20:38:07.793+00:00",NA,"http://creativecommons.org/licenses/by-nc/4.0/legalcode",FALSE,"https://darwin.naturalsciences.be/uri/object/e8705e8e-de5d-4826-b0aa-c3c3b8c30673","none","none",TRUE,"Royal Belgian Institute of Natural Sciences Collection","Mission d'Exploration des lacs Kivu, Edouard & Albert","Hulot A.","WGS84","CD","none","none","AFRICA","Congo, Democratic Republic of the","EUROPE","Royal Belgian Institute of Natural Sciences","https://darwin.naturalsciences.be/uri/object/e8705e8e-de5d-4826-b0aa-c3c3b8c30673",NA,NA,"3026110600","Democratic Republic of the Congo, Nord-Kivu, Rwindi; Lube, st655","urn:catalog:RBINS:pisc","https://darwin.naturalsciences.be/uri/object/e8705e8e-de5d-4826-b0aa-c3c3b8c30673",NA,"12749","RBINS-Scientific Heritage",NA,NA,NA,"Enteromius perince (Rüppell, 1835)","Unknown",NA,NA,NA,NA,NA,NA,NA,NA,NA,NA,"container type: specimen jar; preservation method: alcohol","https://www.wikidata.org/wiki/Q222297",NA,NA,NA,"http://collections.naturalsciences.be/8","Rwindi; Lube",NA,NA,NA,NA,NA,NA,NA,NA,NA,NA,NA,NA,NA,NA,NA,NA,NA,"Indeterminate","17abcf75-2f1e-46dd-bf75-a5b21dd02655,99d66b6c-9087-452f-a9d4-f15f2c2d0e7e",NA,NA,"VERTEBRATES/20432/st655","en","PhysicalObject",NA,NA,"RBINS",NA,NA,NA,NA,NA,NA,NA,NA,NA,6,"SpecimensInContainer",NA,NA,"urn:catalog:RBINS:IG:20432",NA,NA,NA,NA,NA,NA,NA,NA,NA,NA,NA,NA,NA,NA,NA,NA,"ICZN",NA,NA,NA,NA,NA,NA,"good state",NA,NA,"be_rbins_darwin",NA,NA,NA,NA,NA,NA,NA,NA,NA,NA,NA,"Enteromius Cope 1867",NA,NA,NA,NA,NA,NA,NA,NA,NA,NA,"Lake","Lake Edward",2219606178.99023,"Enteromius perince"
"3026159030","Enteromius apleurogramma (Boulenger, 1911)",-5.865639,29.267464,"cdc,cdround,gass84,typstativ,inmano","8138eb72-f762-11e1-a439-00145eb45e9a","e88c96a3-5884-4e51-a580-e417ca4c9eed","712ce2e3-1409-45c1-9bd4-904991c8aa19","e88c96a3-5884-4e51-a580-e417ca4c9eed","BE","EML","2025-01-19T15:25:18.346+00:00","2025-02-06T20:38:14.093+00:00",274,"PRESERVED_SPECIMEN","PRESENT",9573924,1,44,1153,7336,2363128,9573924,9573924,"Enteromius apleurogramma (Boulenger, 1911)","Animalia","Chordata","Cypriniformes","Cyprinidae","Enteromius","Enteromius apleurogramma","Enteromius","apleurogramma","SPECIES","ACCEPTED","LC","1950-01-01T00:00:00",10000,"AFRICA",NA,1947,8,31,"1947-08-31",243,243,"2021-01-06T10:13:47.419+00:00","2025-02-06T20:38:14.093+00:00",NA,"http://creativecommons.org/licenses/by-nc/4.0/legalcode",FALSE,"https://darwin.naturalsciences.be/uri/object/f3fae295-fbe7-4337-9f8f-f0966e6b55ed","none","none",FALSE,"Royal Belgian Institute of Natural Sciences Collection","Exploration Hydrobiologique du lac Tanganika","Poll Max (M.)","WGS84","CD","none","none","AFRICA","Congo, Democratic Republic of the","EUROPE","Royal Belgian Institute of Natural Sciences","https://darwin.naturalsciences.be/uri/object/f3fae295-fbe7-4337-9f8f-f0966e6b55ed",NA,NA,"3026159030","Democratic Republic of the Congo, Lugumba; bras créé par la saison sèche","urn:catalog:RBINS:pisc","https://darwin.naturalsciences.be/uri/object/f3fae295-fbe7-4337-9f8f-f0966e6b55ed",NA,"8957","RBINS-Scientific Heritage",NA,NA,NA,"Enteromius apleurogramma (Boulenger, 1911)","Unknown",NA,NA,NA,NA,NA,NA,NA,NA,NA,NA,"container type: specimen jar; preservation method: alcohol","https://www.wikidata.org/wiki/Q222297",NA,NA,NA,"http://collections.naturalsciences.be/8","Lugumba; bras créé par la saison sèche",NA,NA,NA,NA,NA,NA,NA,NA,NA,NA,NA,NA,NA,NA,NA,NA,NA,"Indeterminate","17abcf75-2f1e-46dd-bf75-a5b21dd02655,99d66b6c-9087-452f-a9d4-f15f2c2d0e7e",NA,NA,"VERTEBRATES/19614/St.353","en","PhysicalObject",NA,NA,"RBINS",NA,NA,NA,NA,NA,NA,NA,NA,NA,2,"SpecimensInContainer",NA,NA,"urn:catalog:RBINS:IG:19614",NA,NA,NA,NA,NA,NA,NA,NA,NA,NA,NA,NA,NA,NA,NA,NA,"ICZN",NA,NA,NA,NA,NA,NA,"good state",NA,NA,"be_rbins_darwin",NA,NA,NA,NA,NA,NA,NA,NA,NA,NA,NA,"Enteromius Cope 1867",NA,NA,NA,NA,NA,NA,NA,NA,NA,NA,"Lake","Lake Tanganyika",32896759543.8782,"Enteromius apleurogramma"
"3024424783","Enteromius apleurogramma (Boulenger, 1911)",-5.865639,29.267464,"cdc,cdround,gass84","b93edff8-66e2-43d5-9020-3f6a6379c3ed","e88c96a3-5884-4e51-a580-e417ca4c9eed","712ce2e3-1409-45c1-9bd4-904991c8aa19","e88c96a3-5884-4e51-a580-e417ca4c9eed","BE","EML","2025-01-19T10:50:56.953+00:00","2025-02-06T18:25:10.032+00:00",175,"PRESERVED_SPECIMEN","PRESENT",9573924,1,44,1153,7336,2363128,9573924,9573924,"Enteromius apleurogramma (Boulenger, 1911)","Animalia","Chordata","Cypriniformes","Cyprinidae","Enteromius","Enteromius apleurogramma","Enteromius","apleurogramma","SPECIES","ACCEPTED","LC","1950-01-01T00:00:00",10000,"AFRICA",NA,1947,8,31,"1947-08-31",243,243,"2021-01-06T10:13:47.419+00:00","2025-02-06T18:25:10.032+00:00",NA,"http://creativecommons.org/licenses/by-nc/4.0/legalcode",FALSE,"https://darwin.naturalsciences.be/uri/object/f3fae295-fbe7-4337-9f8f-f0966e6b55ed","none","none",TRUE,NA,"Exploration Hydrobiologique du lac Tanganika","Poll Max (M.)","WGS84","CD","none","none","AFRICA","Congo, Democratic Republic of the","EUROPE","Royal Belgian Institute of Natural Sciences","https://darwin.naturalsciences.be/uri/object/f3fae295-fbe7-4337-9f8f-f0966e6b55ed",NA,NA,"3024424783","Democratic Republic of the Congo, Lugumba; bras créé par la saison sèche","VER-FIS","https://darwin.naturalsciences.be/uri/object/f3fae295-fbe7-4337-9f8f-f0966e6b55ed",NA,"8957","RBINS",NA,NA,NA,"Enteromius apleurogramma (Boulenger, 1911)","Unknown",NA,NA,NA,NA,NA,NA,NA,NA,"c2bfdeef-9c03-435e-8465-c483dadd6995","f64418f5-cb76-4876-9d44-f27a834e1c6e","container type: specimen jar; preservation method: alcohol","https://ror.org/02y22ws83",NA,NA,NA,"f64418f5-cb76-4876-9d44-f27a834e1c6e","Lugumba; bras créé par la saison sèche",NA,NA,NA,NA,NA,NA,NA,NA,NA,NA,NA,NA,NA,NA,NA,NA,NA,"Indeterminate","17abcf75-2f1e-46dd-bf75-a5b21dd02655",NA,NA,"VERTEBRATES/19614/St.353",NA,NA,NA,NA,"RBINS",NA,NA,NA,NA,NA,NA,NA,NA,NA,2,"SpecimensInContainer",NA,NA,NA,NA,NA,NA,NA,NA,NA,NA,NA,NA,NA,NA,NA,NA,NA,NA,"urn:catalog:RBINS:IG:19614","ICZN",NA,NA,NA,NA,NA,NA,"good state",NA,NA,"be_rbins_vertebrates_pisces",NA,NA,NA,NA,NA,NA,NA,NA,NA,NA,"f3fae295-fbe7-4337-9f8f-f0966e6b55ed","Enteromius Cope, 1867",NA,NA,NA,NA,NA,NA,NA,NA,NA,NA,"Lake","Lake Tanganyika",32896759543.8782,"Enteromius apleurogramma"
"4454493149","Barbus aphantogramma Regan, 1920",-5.86667,29.26667,"cdc,cudc,cuiv,gass84,osiic","9cfa6cb6-5833-44b2-97f1-18a3c12fed47","575c52b0-a742-11db-a6ff-b8a03c50a862","96dec937-f8d1-4d18-a8a1-1e9f4ca1aabd","575c52b0-a742-11db-a6ff-b8a03c50a862","BE","EML","2025-02-28T23:01:23.697+00:00","2025-02-28T23:02:20.914+00:00",71,"PRESERVED_SPECIMEN","PRESENT",5207037,1,44,1153,7336,2363128,9573924,9573924,"Enteromius apleurogramma (Boulenger, 1911)","Animalia","Chordata","Cypriniformes","Cyprinidae","Enteromius","Enteromius apleurogramma","Barbus","aphantogramma","SPECIES","SYNONYM","NE","1950-01-01T00:00:00",NA,"AFRICA",NA,1947,8,31,"1947-08-31",243,243,NA,"2025-02-28T23:02:20.914+00:00",NA,"http://creativecommons.org/licenses/by/4.0/legalcode",FALSE,"https://darwinweb.africamuseum.be/object/c73f9af3-8af1-4775-b617-00a3a65b22a4","none","none",FALSE,NA,"Poll Max (Dr.)","Poll Max (Dr.)","WGS84","CD","none","none","AFRICA","Congo, Democratic Republic of the","EUROPE",NA,"https://darwinweb.africamuseum.be/object/c73f9af3-8af1-4775-b617-00a3a65b22a4",NA,NA,"4454493149",NA,"VER-FIS","https://darwinweb.africamuseum.be/object/c73f9af3-8af1-4775-b617-00a3a65b22a4",NA,"BE_RMCA_Vert.P.89812-89813","RMCA",NA,NA,NA,"Barbus aphantogramma Regan, 1920",NA,NA,NA,NA,NA,NA,NA,2,NA,"2784e794-f70f-4455-854d-110f8ab37d19","2406d0ea-4647-4181-903d-b523057b208c",NA,"https://ror.org/001805t51",NA,NA,NA,NA,NA,NA,NA,NA,NA,"Tanganika region;Congo, Democratic Republic of the;;Congo Belge;bras de la Lugumba, stat. 353, créé par la saison sèche",NA,NA,NA,NA,NA,NA,NA,NA,NA,NA,NA,NA,NA,NA,NA,NA,NA,NA,NA,NA,NA,NA,NA,NA,NA,NA,NA,NA,NA,NA,NA,NA,NA,NA,NA,"c73f9af3-8af1-4775-b617-00a3a65b22a4",NA,NA,NA,NA,NA,NA,NA,NA,NA,NA,NA,NA,NA,NA,NA,NA,NA,NA,NA,NA,NA,NA,NA,NA,NA,NA,NA,NA,NA,NA,NA,NA,NA,NA,NA,NA,NA,NA,NA,NA,NA,NA,NA,NA,NA,NA,NA,NA,NA,"Lake","Lake Tanganyika",32896759543.8782,"Barbus aphantogramma"
"4454546637","Barbus taeniopleura Boulenger, 1917",-5.93333,29.2,"cdc,cudc,cuiv,gass84,osiic","9cfa6cb6-5833-44b2-97f1-18a3c12fed47","575c52b0-a742-11db-a6ff-b8a03c50a862","96dec937-f8d1-4d18-a8a1-1e9f4ca1aabd","575c52b0-a742-11db-a6ff-b8a03c50a862","BE","EML","2025-02-28T23:01:23.697+00:00","2025-02-28T23:02:26.120+00:00",71,"PRESERVED_SPECIMEN","PRESENT",5206957,1,44,1153,7336,2363128,9357965,9357965,"Enteromius taeniopleura (Boulenger, 1917)","Animalia","Chordata","Cypriniformes","Cyprinidae","Enteromius","Enteromius taeniopleura","Barbus","taeniopleura","SPECIES","SYNONYM","LC","1942-01-01T00:00:00",NA,"AFRICA",NA,1939,NA,NA,"1939",NA,NA,NA,"2025-02-28T23:02:26.120+00:00",NA,"http://creativecommons.org/licenses/by/4.0/legalcode",FALSE,"https://darwinweb.africamuseum.be/object/35f7dcae-3a1d-45d9-b5fc-88f5c1acf4b8","none","none",FALSE,NA,"Mortiaux, A.","Poll Max (Dr.)","WGS84","CD","none","none","AFRICA","Congo, Democratic Republic of the","EUROPE",NA,"https://darwinweb.africamuseum.be/object/35f7dcae-3a1d-45d9-b5fc-88f5c1acf4b8",NA,NA,"4454546637",NA,"VER-FIS","https://darwinweb.africamuseum.be/object/35f7dcae-3a1d-45d9-b5fc-88f5c1acf4b8",NA,"BE_RMCA_Vert.P.63844-63846","RMCA",NA,NA,NA,"Barbus taeniopleura Boulenger, 1917",NA,NA,NA,NA,NA,NA,NA,3,NA,"2784e794-f70f-4455-854d-110f8ab37d19","2406d0ea-4647-4181-903d-b523057b208c",NA,"https://ror.org/001805t51",NA,NA,NA,NA,NA,NA,NA,NA,NA,"Tanganika region;Congo, Democratic Republic of the;;Congo Belge;Albertville",NA,NA,NA,NA,NA,NA,NA,NA,NA,NA,NA,NA,NA,NA,NA,NA,NA,NA,NA,NA,NA,NA,NA,NA,NA,NA,NA,NA,NA,NA,NA,NA,NA,NA,NA,"35f7dcae-3a1d-45d9-b5fc-88f5c1acf4b8",NA,NA,NA,NA,NA,NA,NA,NA,NA,NA,NA,NA,NA,NA,NA,NA,NA,NA,NA,NA,NA,NA,NA,NA,NA,NA,NA,NA,NA,NA,NA,NA,NA,NA,NA,NA,NA,NA,NA,NA,NA,NA,NA,NA,NA,NA,NA,NA,NA,"Lake","Lake Tanganyika",32896759543.8782,"Barbus taeniopleura"
"4454555549","Barbus oligogrammus David, 1937",-5.93333,29.2,"cdc,cudc,cuiv,gass84,osiic","9cfa6cb6-5833-44b2-97f1-18a3c12fed47","575c52b0-a742-11db-a6ff-b8a03c50a862","96dec937-f8d1-4d18-a8a1-1e9f4ca1aabd","575c52b0-a742-11db-a6ff-b8a03c50a862","BE","EML","2025-02-28T23:01:23.697+00:00","2025-02-28T23:02:26.818+00:00",71,"PRESERVED_SPECIMEN","PRESENT",5206933,1,44,1153,7336,2363128,9248145,9248145,"Enteromius oligogrammus (David, 1937)","Animalia","Chordata","Cypriniformes","Cyprinidae","Enteromius","Enteromius oligogrammus","Barbus","oligogrammus","SPECIES","SYNONYM","LC","1996-01-01T00:00:00",NA,"AFRICA",NA,1939,NA,NA,"1939",NA,NA,NA,"2025-02-28T23:02:26.818+00:00",NA,"http://creativecommons.org/licenses/by/4.0/legalcode",FALSE,"https://darwinweb.africamuseum.be/object/8346b218-8a47-4ed2-b380-1cdf4695081f","none","none",FALSE,NA,"Mortiaux, A.","De Vos L.","WGS84","CD","none","none","AFRICA","Congo, Democratic Republic of the","EUROPE",NA,"https://darwinweb.africamuseum.be/object/8346b218-8a47-4ed2-b380-1cdf4695081f",NA,NA,"4454555549",NA,"VER-FIS","https://darwinweb.africamuseum.be/object/8346b218-8a47-4ed2-b380-1cdf4695081f",NA,"BE_RMCA_Vert.P.63847-63848","RMCA",NA,NA,NA,"Barbus oligogrammus David, 1937",NA,NA,NA,NA,NA,NA,NA,2,NA,"2784e794-f70f-4455-854d-110f8ab37d19","2406d0ea-4647-4181-903d-b523057b208c",NA,"https://ror.org/001805t51",NA,NA,NA,NA,NA,NA,NA,NA,NA,"Tanganika region;Congo, Democratic Republic of the;;Congo Belge;Albertville",NA,NA,NA,NA,NA,NA,NA,NA,NA,NA,NA,NA,NA,NA,NA,NA,NA,NA,NA,NA,NA,NA,NA,NA,NA,NA,NA,NA,NA,NA,NA,NA,NA,NA,NA,"8346b218-8a47-4ed2-b380-1cdf4695081f",NA,NA,NA,NA,NA,NA,NA,NA,NA,NA,NA,NA,NA,NA,NA,NA,NA,NA,NA,NA,NA,NA,NA,NA,NA,NA,NA,NA,NA,NA,NA,NA,NA,NA,NA,NA,NA,NA,NA,NA,NA,NA,NA,NA,NA,NA,NA,NA,NA,"Lake","Lake Tanganyika",32896759543.8782,"Barbus oligogrammus"
"4454542092","Barbus oligogrammus David, 1937",-4.33333,29.58333,"cdc,gass84,osiic","9cfa6cb6-5833-44b2-97f1-18a3c12fed47","575c52b0-a742-11db-a6ff-b8a03c50a862","96dec937-f8d1-4d18-a8a1-1e9f4ca1aabd","575c52b0-a742-11db-a6ff-b8a03c50a862","BE","EML","2025-02-28T23:01:23.697+00:00","2025-02-28T23:02:25.752+00:00",71,"PRESERVED_SPECIMEN","PRESENT",5206933,1,44,1153,7336,2363128,9248145,9248145,"Enteromius oligogrammus (David, 1937)","Animalia","Chordata","Cypriniformes","Cyprinidae","Enteromius","Enteromius oligogrammus","Barbus","oligogrammus","SPECIES","SYNONYM","LC","1996-01-01T00:00:00",NA,"AFRICA",NA,1937,NA,NA,"1937",NA,NA,NA,"2025-02-28T23:02:25.752+00:00",NA,"http://creativecommons.org/licenses/by/4.0/legalcode",FALSE,"https://darwinweb.africamuseum.be/object/23e2ab20-b7b7-4044-9971-0cd9329a8b59","none","none",FALSE,NA,"Lestrade A.","De Vos L.","WGS84","BI","none","none","AFRICA","Burundi","EUROPE",NA,"https://darwinweb.africamuseum.be/object/23e2ab20-b7b7-4044-9971-0cd9329a8b59",NA,NA,"4454542092",NA,"VER-FIS","https://darwinweb.africamuseum.be/object/23e2ab20-b7b7-4044-9971-0cd9329a8b59",NA,"BE_RMCA_Vert.P.54922","RMCA",NA,NA,NA,"Barbus oligogrammus David, 1937",NA,NA,NA,NA,NA,NA,NA,1,NA,"2784e794-f70f-4455-854d-110f8ab37d19","2406d0ea-4647-4181-903d-b523057b208c",NA,"https://ror.org/001805t51",NA,NA,NA,NA,NA,NA,NA,NA,NA,"Urundi;Nyanza, lac Tanganyka",NA,NA,NA,NA,NA,NA,NA,NA,NA,NA,NA,NA,NA,NA,NA,NA,NA,NA,NA,NA,NA,NA,NA,NA,NA,NA,NA,NA,NA,NA,NA,NA,NA,NA,NA,"23e2ab20-b7b7-4044-9971-0cd9329a8b59",NA,NA,NA,NA,NA,NA,NA,NA,NA,NA,NA,NA,NA,NA,NA,NA,NA,NA,NA,NA,NA,NA,NA,NA,NA,NA,NA,NA,NA,NA,NA,NA,NA,NA,NA,NA,NA,NA,NA,NA,NA,NA,NA,NA,NA,NA,NA,NA,NA,"Lake","Lake Tanganyika",32896759543.8782,"Barbus oligogrammus"
"4454528729","Barbus apleurogramma Boulenger, 1911",-1.7,29.25,"cdc,gass84,osiic","9cfa6cb6-5833-44b2-97f1-18a3c12fed47","575c52b0-a742-11db-a6ff-b8a03c50a862","96dec937-f8d1-4d18-a8a1-1e9f4ca1aabd","575c52b0-a742-11db-a6ff-b8a03c50a862","BE","EML","2025-02-28T23:01:23.697+00:00","2025-02-28T23:02:24.556+00:00",71,"PRESERVED_SPECIMEN","PRESENT",5207034,1,44,1153,7336,2363128,9573924,9573924,"Enteromius apleurogramma (Boulenger, 1911)","Animalia","Chordata","Cypriniformes","Cyprinidae","Enteromius","Enteromius apleurogramma","Barbus","apleurogramma","SPECIES","SYNONYM","LC","1938-01-01T00:00:00",NA,"AFRICA",NA,1936,2,12,"1936-02-12",43,43,NA,"2025-02-28T23:02:24.556+00:00",NA,"http://creativecommons.org/licenses/by/4.0/legalcode",FALSE,"https://darwinweb.africamuseum.be/object/2e2817cc-0053-4f99-bb9b-78620b5e5094","none","none",FALSE,NA,"Damas H.","Poll Max (Dr.)","WGS84","RW","none","none","AFRICA","Rwanda","EUROPE",NA,"https://darwinweb.africamuseum.be/object/2e2817cc-0053-4f99-bb9b-78620b5e5094",NA,NA,"4454528729",NA,"VER-FIS","https://darwinweb.africamuseum.be/object/2e2817cc-0053-4f99-bb9b-78620b5e5094",NA,"BE_RMCA_Vert.P.66187-66190","RMCA",NA,NA,NA,"Barbus apleurogramma Boulenger, 1911",NA,NA,NA,NA,NA,NA,NA,4,NA,"2784e794-f70f-4455-854d-110f8ab37d19","2406d0ea-4647-4181-903d-b523057b208c",NA,"https://ror.org/001805t51",NA,NA,NA,NA,NA,NA,NA,NA,NA,"Kisenyi, emb. riv. Sebeya, lac Kivu",NA,NA,NA,NA,NA,NA,NA,NA,NA,NA,NA,NA,NA,NA,NA,NA,NA,NA,NA,NA,NA,NA,NA,NA,NA,NA,NA,NA,NA,NA,NA,NA,NA,NA,NA,"2e2817cc-0053-4f99-bb9b-78620b5e5094",NA,NA,NA,NA,NA,NA,NA,NA,NA,NA,NA,NA,NA,NA,NA,NA,NA,NA,NA,NA,NA,NA,NA,NA,NA,NA,NA,NA,NA,NA,NA,NA,NA,NA,NA,NA,NA,NA,NA,NA,NA,NA,NA,NA,NA,NA,NA,NA,NA,"Lake","Lake Kivu",2415288353.60194,"Barbus apleurogramma"
"4454538025","Barbus pellegrini Poll, 1939",-1.7,29.25,"cdc,gass84,osiic","9cfa6cb6-5833-44b2-97f1-18a3c12fed47","575c52b0-a742-11db-a6ff-b8a03c50a862","96dec937-f8d1-4d18-a8a1-1e9f4ca1aabd","575c52b0-a742-11db-a6ff-b8a03c50a862","BE","EML","2025-02-28T23:01:23.697+00:00","2025-02-28T23:02:25.416+00:00",71,"PRESERVED_SPECIMEN","PRESENT",5207331,1,44,1153,7336,2363128,9255837,9255837,"Enteromius pellegrini (Poll, 1939)","Animalia","Chordata","Cypriniformes","Cyprinidae","Enteromius","Enteromius pellegrini","Barbus","pellegrini","SPECIES","SYNONYM","LC","1980-01-01T00:00:00",NA,"AFRICA",NA,1935,4,15,"1935-04-15",105,105,NA,"2025-02-28T23:02:25.416+00:00",NA,"http://creativecommons.org/licenses/by/4.0/legalcode",FALSE,"https://darwinweb.africamuseum.be/object/8a46872b-74fe-4430-ae4c-09b096d583a1","none","none",FALSE,NA,"Damas H.","Thys van den Audenaerde Dirk","WGS84","RW","none","none","AFRICA","Rwanda","EUROPE",NA,"https://darwinweb.africamuseum.be/object/8a46872b-74fe-4430-ae4c-09b096d583a1",NA,NA,"4454538025",NA,"VER-FIS","https://darwinweb.africamuseum.be/object/8a46872b-74fe-4430-ae4c-09b096d583a1",NA,"BE_RMCA_Vert.P.66186","RMCA",NA,NA,NA,"Barbus pellegrini Poll, 1939",NA,NA,NA,NA,NA,NA,NA,1,NA,"2784e794-f70f-4455-854d-110f8ab37d19","2406d0ea-4647-4181-903d-b523057b208c",NA,"https://ror.org/001805t51",NA,NA,NA,NA,NA,NA,NA,NA,NA,"Kisenyi, riv. Sebeye, lac Kivu",NA,NA,NA,NA,NA,NA,NA,NA,NA,NA,NA,NA,NA,NA,NA,NA,NA,NA,NA,NA,NA,NA,NA,NA,NA,NA,NA,NA,NA,NA,NA,NA,NA,NA,NA,"8a46872b-74fe-4430-ae4c-09b096d583a1",NA,NA,NA,NA,NA,NA,NA,NA,NA,NA,NA,NA,NA,NA,NA,NA,NA,NA,NA,NA,NA,NA,NA,NA,NA,NA,NA,NA,NA,NA,NA,NA,NA,NA,NA,NA,NA,NA,NA,NA,NA,NA,NA,NA,NA,NA,NA,NA,NA,"Lake","Lake Kivu",2415288353.60194,"Barbus pellegrini"
"4454529514","Barbus pellegrini Poll, 1939",-1.7,29.25,"cdc,gass84,osiic","9cfa6cb6-5833-44b2-97f1-18a3c12fed47","575c52b0-a742-11db-a6ff-b8a03c50a862","96dec937-f8d1-4d18-a8a1-1e9f4ca1aabd","575c52b0-a742-11db-a6ff-b8a03c50a862","BE","EML","2025-02-28T23:01:23.697+00:00","2025-02-28T23:02:24.626+00:00",71,"PRESERVED_SPECIMEN","PRESENT",5207331,1,44,1153,7336,2363128,9255837,9255837,"Enteromius pellegrini (Poll, 1939)","Animalia","Chordata","Cypriniformes","Cyprinidae","Enteromius","Enteromius pellegrini","Barbus","pellegrini","SPECIES","SYNONYM","LC","1943-01-01T00:00:00",NA,"AFRICA",NA,1935,4,15,"1935-04-15",105,105,NA,"2025-02-28T23:02:24.626+00:00",NA,"http://creativecommons.org/licenses/by/4.0/legalcode",FALSE,"https://darwinweb.africamuseum.be/object/d0a6597e-4b24-423d-9346-56481b271664","none","none",FALSE,NA,"Damas H.","Poll Max (Dr.)","WGS84","RW","none","none","AFRICA","Rwanda","EUROPE",NA,"https://darwinweb.africamuseum.be/object/d0a6597e-4b24-423d-9346-56481b271664",NA,NA,"4454529514",NA,"VER-FIS","https://darwinweb.africamuseum.be/object/d0a6597e-4b24-423d-9346-56481b271664",NA,"BE_RMCA_Vert.P.66199-66200","RMCA",NA,NA,NA,"Barbus pellegrini Poll, 1939",NA,NA,NA,NA,NA,NA,NA,2,NA,"2784e794-f70f-4455-854d-110f8ab37d19","2406d0ea-4647-4181-903d-b523057b208c",NA,"https://ror.org/001805t51",NA,NA,NA,NA,NA,NA,NA,NA,NA,"Kisenyi, riv. Sebeye, lac Kivu",NA,NA,NA,NA,NA,NA,NA,NA,NA,NA,NA,NA,NA,NA,NA,NA,NA,NA,NA,NA,NA,NA,NA,NA,NA,NA,NA,NA,NA,NA,NA,NA,NA,NA,NA,"d0a6597e-4b24-423d-9346-56481b271664",NA,NA,NA,NA,NA,NA,NA,NA,NA,NA,NA,NA,NA,NA,NA,NA,NA,NA,NA,NA,NA,NA,NA,NA,NA,NA,NA,NA,NA,NA,NA,NA,NA,NA,NA,NA,NA,NA,NA,NA,NA,NA,NA,NA,NA,NA,NA,NA,NA,"Lake","Lake Kivu",2415288353.60194,"Barbus pellegrini"
"207738621","Barbus jacksonii Günther, 1889",-12,34.5,"cdc,cucdmis,gass84,txmatfuz,colmano,inmafu","96582dc4-f762-11e1-a439-00145eb45e9a","c76cf030-2a95-11da-9cc1-b8a03c50a862","60383ab8-f762-11e1-a439-00145eb45e9a","c76cf030-2a95-11da-9cc1-b8a03c50a862","DE","BIOCASE","2025-03-05T10:50:31.622+00:00","2025-03-05T19:58:02.729+00:00",309,"PRESERVED_SPECIMEN","PRESENT",5206770,1,44,1153,7336,2363128,9406569,9406569,"Enteromius jacksoni (Günther, 1889)","Animalia","Chordata","Cypriniformes","Cyprinidae","Enteromius","Enteromius jacksoni","Barbus","jacksonii","SPECIES","SYNONYM","LC",NA,NA,"AFRICA",NA,1934,11,1,"1934-11-01",305,305,NA,"2025-03-05T19:58:02.729+00:00","http://sesam.senckenberg.de/page/index.asp?objekt_id=118711&sprache_kurz=en","http://creativecommons.org/licenses/by/4.0/legalcode",FALSE,"urn:catalog:SMF:Collection Pisces:10007","none","none",FALSE,NA,NA,NA,"WGS84","TZ","none","none","AFRICA","Tanzania, United Republic of","EUROPE",NA,NA,NA,NA,"207738621",NA,"Collection Pisces",NA,NA,"10007","SMF",NA,NA,NA,"Barbus jacksonii Günther, 1889",NA,NA,NA,NA,NA,NA,NA,NA,NA,"16946ec1-8db3-45b8-b084-7644384cc5f5",NA,NA,NA,NA,NA,NA,NA,NA,NA,NA,NA,NA,"AFRIKA, O-, TANSANIA, SSW- (damals TANGANJIKA), O- NYASSA-SEE (= MALAWI-, =EYASI-, =EIASSI-, =NJASSA-, =NYASSA-SEE, =MANGORA), MATETE BACH",NA,NA,NA,NA,NA,NA,NA,NA,NA,NA,NA,NA,NA,"17abcf75-2f1e-46dd-bf75-a5b21dd02655",NA,NA,NA,NA,NA,NA,NA,NA,NA,NA,NA,NA,NA,NA,NA,NA,NA,NA,NA,NA,NA,NA,NA,NA,NA,NA,NA,NA,NA,NA,NA,NA,NA,NA,NA,NA,NA,NA,NA,NA,NA,NA,NA,NA,NA,NA,NA,NA,NA,NA,NA,NA,NA,NA,NA,NA,NA,NA,NA,NA,NA,NA,NA,NA,NA,NA,NA,NA,NA,NA,NA,"Lake","Lake Malawi",28951795749.1886,"Barbus jacksonii"
"4454476259","Barbus kerstenii Peters, 1868",-2.15,28.9,"cdc,cudc,cuiv,gass84,osiic","9cfa6cb6-5833-44b2-97f1-18a3c12fed47","575c52b0-a742-11db-a6ff-b8a03c50a862","96dec937-f8d1-4d18-a8a1-1e9f4ca1aabd","575c52b0-a742-11db-a6ff-b8a03c50a862","BE","EML","2025-02-28T23:01:23.697+00:00","2025-02-28T23:02:18.486+00:00",71,"PRESERVED_SPECIMEN","PRESENT",5206847,1,44,1153,7336,2363128,9461154,9461154,"Enteromius kerstenii (Peters, 1868)","Animalia","Chordata","Cypriniformes","Cyprinidae","Enteromius","Enteromius kerstenii","Barbus","kerstenii","SPECIES","SYNONYM","LC","1980-01-01T00:00:00",NA,"AFRICA",NA,1934,NA,NA,"1934",NA,NA,NA,"2025-02-28T23:02:18.486+00:00",NA,"http://creativecommons.org/licenses/by/4.0/legalcode",FALSE,"https://darwinweb.africamuseum.be/object/30bc9f44-a4a9-44a8-8ef2-18966f2e7fc3","none","none",FALSE,NA,NA,"Thys van den Audenaerde Dirk","WGS84","CD","none","none","AFRICA","Congo, Democratic Republic of the","EUROPE",NA,"https://darwinweb.africamuseum.be/object/30bc9f44-a4a9-44a8-8ef2-18966f2e7fc3",NA,NA,"4454476259",NA,"VER-FIS","https://darwinweb.africamuseum.be/object/30bc9f44-a4a9-44a8-8ef2-18966f2e7fc3",NA,"BE_RMCA_Vert.P.42767-42770","RMCA",NA,NA,NA,"Barbus kerstenii Peters, 1868",NA,NA,NA,NA,NA,NA,NA,4,NA,"2784e794-f70f-4455-854d-110f8ab37d19","2406d0ea-4647-4181-903d-b523057b208c",NA,"https://ror.org/001805t51",NA,NA,NA,NA,NA,NA,NA,NA,NA,"Congo Belge;Kadjudju, W. lac Kivu",NA,NA,NA,NA,NA,NA,NA,NA,NA,NA,NA,NA,NA,NA,NA,NA,NA,NA,NA,NA,NA,NA,NA,NA,NA,NA,NA,NA,NA,NA,NA,NA,NA,NA,NA,"30bc9f44-a4a9-44a8-8ef2-18966f2e7fc3",NA,NA,NA,NA,NA,NA,NA,NA,NA,NA,NA,NA,NA,NA,NA,NA,NA,NA,NA,NA,NA,NA,NA,NA,NA,NA,NA,NA,NA,NA,NA,NA,NA,NA,NA,NA,NA,NA,NA,NA,NA,NA,NA,NA,NA,NA,NA,NA,NA,"Lake","Lake Kivu",2415288353.60194,"Barbus kerstenii"
"4454548239","Barbus aphantogramma Regan, 1920",-4.33333,29.58333,"cdc,gass84,osiic","9cfa6cb6-5833-44b2-97f1-18a3c12fed47","575c52b0-a742-11db-a6ff-b8a03c50a862","96dec937-f8d1-4d18-a8a1-1e9f4ca1aabd","575c52b0-a742-11db-a6ff-b8a03c50a862","BE","EML","2025-02-28T23:01:23.697+00:00","2025-02-28T23:02:26.249+00:00",71,"PRESERVED_SPECIMEN","PRESENT",5207037,1,44,1153,7336,2363128,9573924,9573924,"Enteromius apleurogramma (Boulenger, 1911)","Animalia","Chordata","Cypriniformes","Cyprinidae","Enteromius","Enteromius apleurogramma","Barbus","aphantogramma","SPECIES","SYNONYM","NE","1942-01-01T00:00:00",NA,"AFRICA",NA,1933,1,4,"1933-01-04",4,4,NA,"2025-02-28T23:02:26.249+00:00",NA,"http://creativecommons.org/licenses/by/4.0/legalcode",FALSE,"https://darwinweb.africamuseum.be/object/a7c99fdb-d556-46a5-a669-c1c12ca8a95c","none","none",FALSE,NA,"Burgeon L.","Poll Max (Dr.)","WGS84","BI","none","none","AFRICA","Burundi","EUROPE",NA,"https://darwinweb.africamuseum.be/object/a7c99fdb-d556-46a5-a669-c1c12ca8a95c",NA,NA,"4454548239",NA,"VER-FIS","https://darwinweb.africamuseum.be/object/a7c99fdb-d556-46a5-a669-c1c12ca8a95c",NA,"BE_RMCA_Vert.P.39051-39054","RMCA",NA,NA,NA,"Barbus aphantogramma Regan, 1920",NA,NA,NA,NA,NA,NA,NA,4,NA,"2784e794-f70f-4455-854d-110f8ab37d19","2406d0ea-4647-4181-903d-b523057b208c",NA,"https://ror.org/001805t51",NA,NA,NA,NA,NA,NA,NA,NA,NA,"lac Tanganyka, Nyanza",NA,NA,NA,NA,NA,NA,NA,NA,NA,NA,NA,NA,NA,NA,NA,NA,NA,NA,NA,NA,NA,NA,NA,NA,NA,NA,NA,NA,NA,NA,NA,NA,NA,NA,NA,"a7c99fdb-d556-46a5-a669-c1c12ca8a95c",NA,NA,NA,NA,NA,NA,NA,NA,NA,NA,NA,NA,NA,NA,NA,NA,NA,NA,NA,NA,NA,NA,NA,NA,NA,NA,NA,NA,NA,NA,NA,NA,NA,NA,NA,NA,NA,NA,NA,NA,NA,NA,NA,NA,NA,NA,NA,NA,NA,"Lake","Lake Tanganyika",32896759543.8782,"Barbus aphantogramma"
"863130244","Barbus trispilomimus Boulenger, 1907",-2.16,32.88,"gass84,gdativ,colmafu,inmafu","4bfac3ea-8763-4f4b-a71a-76a6f5f243d3","b4640710-8e03-11d8-b956-b8a03c50a862","b0f5183c-5ed0-47f4-b75f-65e0c1036cb5","b4640710-8e03-11d8-b956-b8a03c50a862","US","EML","2025-03-08T03:38:14.399+00:00","2025-03-08T04:20:59.432+00:00",649,"PRESERVED_SPECIMEN","PRESENT",5207203,1,44,1153,7336,2363128,9470353,9470353,"Enteromius trispilomimus (Boulenger, 1907)","Animalia","Chordata","Cypriniformes","Cyprinidae","Enteromius","Enteromius trispilomimus","Barbus","trispilomimus","SPECIES","SYNONYM","LC",NA,115000,"AFRICA","Mwanza",1930,6,20,"1930-06-20",171,171,"2024-12-20T16:14:33.000+00:00","2025-03-08T04:20:59.432+00:00","http://mczbase.mcz.harvard.edu/guid/MCZ:Ich:32556","http://creativecommons.org/licenses/by-nc/4.0/legalcode",FALSE,"MCZ:Ich:32556","none","none",FALSE,NA,"Arthur Loveridge","Nikolai A. Borodin","WGS84","TZ",NA,"none","AFRICA","Tanzania, United Republic of","NORTH_AMERICA","President and Fellows of Harvard College","MCZ:Ich:32556",NA,"20/6/1930-20/6/1930","863130244","Lake Victoria at Ukerewe Island","Ich","MCZ:Ich:32556",NA,"32556","MCZ",NA,NA,NA,"Barbus trispilomimus Boulenger, 1907","Adult","{""age class"":""adult""}",NA,NA,"age class: adult",NA,NA,1,"Africa: Tanzania: Mwanza","1cfca87c-083e-4d67-8e60-cb7d311f6058","9cb8dc80-5285-4d5b-aaf2-19dedc15929a","whole animal (alcohol)","b4640710-8e03-11d8-b956-b8a03c50a862",NA,"deg. min. sec.","Animalia Chordata Craniata Gnathostomata Osteichthyes Neopterygii Actinopterygii Cypriniformes Cyprinoidei Cyprinidae Barbus trispilomimus",NA,NA,NA,NA,NA,NA,"Lake Victoria at Ukerewe Island",NA,NA,NA,NA,NA,NA,NA,NA,NA,NA,NA,NA,NA,"99d66b6c-9087-452f-a9d4-f15f2c2d0e7e",NA,NA,"AL1930:UKE",NA,NA,NA,NA,"Museum of Comparative Zoology, Harvard University",NA,NA,NA,"OTHER","http://viaf.org/viaf/7760208",NA,NA,"[no agent data]",NA,NA,NA,NA,NA,"field number=AL1930:UKE|group number=230",NA,NA,NA,NA,NA,"unknown","unknown",NA,NA,NA,NA,NA,NA,NA,NA,NA,"ICZN",NA,NA,"unknown",NA,0.01,NA,"in collection",NA,NA,NA,NA,NA,"Lat. seconds and Long. seconds blank in MUSE (Fish). Set to 30, Maximum Error set to 115 km. in MCZbase",NA,NA,NA,NA,NA,NA,NA,NA,NA,NA,"http://vocab.getty.edu/tgn/1001716",NA,NA,NA,NA,NA,NA,NA,NA,"Lake","Lake Victoria",67332250502.7392,"Barbus trispilomimus"
"863130372","Barbus jacksonii Günther, 1889",-1.17456,32.73975,"cudc,rdatm,txmatfuz,colmafu,inmafu","4bfac3ea-8763-4f4b-a71a-76a6f5f243d3","b4640710-8e03-11d8-b956-b8a03c50a862","b0f5183c-5ed0-47f4-b75f-65e0c1036cb5","b4640710-8e03-11d8-b956-b8a03c50a862","US","EML","2025-03-08T03:38:14.399+00:00","2025-03-08T04:20:59.426+00:00",649,"PRESERVED_SPECIMEN","PRESENT",5206770,1,44,1153,7336,2363128,9406569,9406569,"Enteromius jacksoni (Günther, 1889)","Animalia","Chordata","Cypriniformes","Cyprinidae","Enteromius","Enteromius jacksoni","Barbus","jacksonii","SPECIES","SYNONYM","LC",NA,220687,"AFRICA",NA,1930,NA,NA,"1930",NA,NA,"2024-12-20T16:14:33.000+00:00","2025-03-08T04:20:59.426+00:00","http://mczbase.mcz.harvard.edu/guid/MCZ:Ich:32535","http://creativecommons.org/licenses/by-nc/4.0/legalcode",FALSE,"MCZ:Ich:32535","none","none",FALSE,NA,"Arthur Loveridge","Nikolai A. Borodin","WGS84","TZ",NA,"none","AFRICA","Tanzania, United Republic of","NORTH_AMERICA","President and Fellows of Harvard College","MCZ:Ich:32535",NA,"1930-1930","863130372","Lake Victoria [exact locality unknown]","Ich","MCZ:Ich:32535",NA,"32535","MCZ",NA,NA,NA,"Barbus jacksonii Günther, 1889","Adult","{""age class"":""adult""}",NA,NA,"age class: adult",NA,NA,2,"Africa","1cfca87c-083e-4d67-8e60-cb7d311f6058","9cb8dc80-5285-4d5b-aaf2-19dedc15929a","whole animal (alcohol)","b4640710-8e03-11d8-b956-b8a03c50a862",NA,"decimal degrees","Animalia Chordata Craniata Gnathostomata Osteichthyes Neopterygii Actinopterygii Cypriniformes Cyprinoidei Cyprinidae Barbus jacksoni",NA,NA,NA,NA,NA,NA,"Lake Victoria",NA,NA,NA,NA,NA,NA,NA,NA,NA,NA,NA,NA,NA,"99d66b6c-9087-452f-a9d4-f15f2c2d0e7e",NA,NA,"AL1930:VIC",NA,NA,NA,NA,"Museum of Comparative Zoology, Harvard University",NA,NA,NA,"OTHER","http://viaf.org/viaf/7760208",NA,NA,"Meaghan H. Sorce",NA,NA,NA,NA,NA,"field number=AL1930:VIC|group number=230",NA,NA,NA,NA,NA,"unverified","GEOLocate",NA,NA,NA,NA,NA,NA,NA,NA,NA,"ICZN",NA,NA,"GEOLocate",NA,1e-05,NA,"in collection",NA,NA,NA,NA,NA,NA,NA,NA,NA,NA,NA,NA,NA,NA,NA,NA,"http://vocab.getty.edu/tgn/7001242",NA,NA,NA,NA,NA,NA,NA,NA,"Lake","Lake Victoria",67332250502.7392,"Barbus jacksonii"
"864567391","Enteromius kerstenii (Peters, 1868)",-1.7,29.25,"gass84,mdativ,osiic,inmano","197908d0-5565-11d8-b290-b8a03c50a862","192a9ab0-5565-11d8-b290-b8a03c50a862","4346b227-ca68-4d54-8a77-909148492e0b","4c415e40-1e21-11de-9e40-a0d6ecebb8bf","SE","EML","2025-01-18T03:08:27.896+00:00","2025-02-01T00:34:00.721+00:00",268,"PRESERVED_SPECIMEN","PRESENT",9461154,1,44,1153,7336,2363128,9461154,9461154,"Enteromius kerstenii (Peters, 1868)","Animalia","Chordata","Cypriniformes","Cyprinidae","Enteromius","Enteromius kerstenii","Enteromius","kerstenii","SPECIES","ACCEPTED","LC","1980-01-01T00:00:00",NA,"AFRICA",NA,1928,1,1,"1928-01-01",1,1,NA,"2025-02-01T00:34:00.721+00:00",NA,"http://creativecommons.org/licenses/by-nc/4.0/legalcode",FALSE,"FishBase:Occurrence:P - 22771-22775","none","none",FALSE,NA,"Douce .","Thys van den Audenaerde D.","WGS84","RW","none","none","AFRICA","Rwanda","EUROPE",NA,"FishBase:Occurrence:P - 22771-22775",NA,NA,"864567391",NA,"Occurrence","FishBase:Occurrence:P - 22771-22775",NA,"P - 22771-22775","FishBase",NA,NA,NA,"Enteromius kerstenii (Peters, 1868)",NA,NA,NA,NA,NA,NA,NA,5,NA,NA,NA,"alc",NA,NA,NA,"Animalia, Chordata, Actinopterygii, Cypriniformes, Cyprinidae",NA,NA,NA,NA,NA,NA,"Kissenyi, lac Kivu",NA,NA,NA,NA,NA,NA,NA,NA,NA,NA,NA,NA,NA,"2b7c7b4f-4d4f-40d3-94de-c28b6fa054a6",NA,NA,NA,NA,NA,NA,NA,NA,NA,NA,NA,NA,NA,NA,NA,NA,NA,NA,NA,NA,NA,NA,NA,NA,NA,NA,NA,NA,NA,NA,NA,NA,NA,NA,NA,NA,NA,NA,"ICZN",NA,NA,NA,NA,NA,NA,NA,NA,NA,NA,NA,NA,NA,NA,NA,NA,NA,NA,NA,NA,NA,NA,NA,NA,NA,NA,NA,NA,NA,NA,NA,NA,"Lake","Lake Kivu",2415288353.60194,"Enteromius kerstenii"
"4454508892","Barbus kerstenii Peters, 1868",-1.7,29.25,"cdc,gass84,osiic","9cfa6cb6-5833-44b2-97f1-18a3c12fed47","575c52b0-a742-11db-a6ff-b8a03c50a862","96dec937-f8d1-4d18-a8a1-1e9f4ca1aabd","575c52b0-a742-11db-a6ff-b8a03c50a862","BE","EML","2025-02-28T23:01:23.697+00:00","2025-02-28T23:02:22.681+00:00",71,"PRESERVED_SPECIMEN","PRESENT",5206847,1,44,1153,7336,2363128,9461154,9461154,"Enteromius kerstenii (Peters, 1868)","Animalia","Chordata","Cypriniformes","Cyprinidae","Enteromius","Enteromius kerstenii","Barbus","kerstenii","SPECIES","SYNONYM","LC","1980-01-01T00:00:00",NA,"AFRICA",NA,1928,NA,NA,"1928",NA,NA,NA,"2025-02-28T23:02:22.681+00:00",NA,"http://creativecommons.org/licenses/by/4.0/legalcode",FALSE,"https://darwinweb.africamuseum.be/object/933beead-8dc5-4737-8c2b-4ca5e9024f48","none","none",FALSE,NA,"Douce","Thys van den Audenaerde Dirk","WGS84","RW","none","none","AFRICA","Rwanda","EUROPE",NA,"https://darwinweb.africamuseum.be/object/933beead-8dc5-4737-8c2b-4ca5e9024f48",NA,NA,"4454508892",NA,"VER-FIS","https://darwinweb.africamuseum.be/object/933beead-8dc5-4737-8c2b-4ca5e9024f48",NA,"BE_RMCA_Vert.P.22771-22775","RMCA",NA,NA,NA,"Barbus kerstenii Peters, 1868",NA,NA,NA,NA,NA,NA,NA,5,NA,"2784e794-f70f-4455-854d-110f8ab37d19","2406d0ea-4647-4181-903d-b523057b208c",NA,"https://ror.org/001805t51",NA,NA,NA,NA,NA,NA,NA,NA,NA,"Ruanda;Kissenyi, lac Kivu",NA,NA,NA,NA,NA,NA,NA,NA,NA,NA,NA,NA,NA,NA,NA,NA,NA,NA,NA,NA,NA,NA,NA,NA,NA,NA,NA,NA,NA,NA,NA,NA,NA,NA,NA,"933beead-8dc5-4737-8c2b-4ca5e9024f48",NA,NA,NA,NA,NA,NA,NA,NA,NA,NA,NA,NA,NA,NA,NA,NA,NA,NA,NA,NA,NA,NA,NA,NA,NA,NA,NA,NA,NA,NA,NA,NA,NA,NA,NA,NA,NA,NA,NA,NA,NA,NA,NA,NA,NA,NA,NA,NA,NA,"Lake","Lake Kivu",2415288353.60194,"Barbus kerstenii"
"1889101176","Barbus jacksonii Günther, 1889",-2.428728,32.390062,"gass84,rdativ,txmatfuz,colmafu,inmafu","59825263-9f89-43a9-8f22-c22a6a53b8fc","6ea87510-0561-11d8-b851-b8a03c50a862","cfbb523a-883c-48db-8258-dcfe32b11d64","a5486e02-d249-4809-9273-deac47fb11e0","US","EML","2025-03-01T05:02:59.774+00:00","2025-03-01T05:09:20.223+00:00",373,"PRESERVED_SPECIMEN","PRESENT",5206770,1,44,1153,7336,2363128,9406569,9406569,"Enteromius jacksoni (Günther, 1889)","Animalia","Chordata","Cypriniformes","Cyprinidae","Enteromius","Enteromius jacksoni","Barbus","jacksonii","SPECIES","SYNONYM","LC",NA,NA,"AFRICA",NA,NA,NA,NA,NA,NA,NA,NA,"2025-03-01T05:09:20.223+00:00",NA,"http://creativecommons.org/licenses/by/4.0/legalcode",FALSE,"1866d011-e688-4db2-ab6c-71f5818fb813","none","none",FALSE,"Fish","R Scully",NA,"WGS84","TZ","none","none","AFRICA","Tanzania, United Republic of","NORTH_AMERICA",NA,"1866d011-e688-4db2-ab6c-71f5818fb813",NA,NA,"1889101176",NA,"ummz_fish","1866d011-e688-4db2-ab6c-71f5818fb813",NA,"199714","UMMZ",NA,NA,NA,"Barbus jacksonii Günther, 1889",NA,NA,NA,NA,"Marvel Parrington",NA,NA,NA,NA,"2a508411-2acd-45df-8a8b-00094ac65f87","63bd995d-b48c-425d-bb55-04ce8477116d","EtOH - 1",NA,NA,NA,NA,NA,NA,"minnow seine",NA,NA,NA,"Lake Victoria, 40 mi W of Mwanza",NA,NA,NA,NA,NA,NA,NA,NA,NA,NA,NA,NA,NA,"8e30b684-6a54-4aba-aa73-66201c2c736e,99d66b6c-9087-452f-a9d4-f15f2c2d0e7e",NA,NA,"Z199714",NA,NA,NA,NA,NA,NA,NA,NA,NA,NA,NA,NA,NA,NA,NA,NA,NA,NA,NA,NA,NA,NA,NA,NA,NA,NA,NA,NA,NA,NA,NA,NA,NA,NA,NA,NA,NA,NA,NA,NA,NA,NA,NA,NA,NA,NA,NA,NA,NA,NA,NA,NA,NA,NA,NA,NA,NA,NA,NA,NA,NA,NA,NA,NA,NA,NA,NA,NA,"Lake","Lake Victoria",67332250502.7392,"Barbus jacksonii"
"1889101179","Barbus paludinosus Peters, 1852",-2.428728,32.390062,"gass84,rdativ,colmafu,inmafu","59825263-9f89-43a9-8f22-c22a6a53b8fc","6ea87510-0561-11d8-b851-b8a03c50a862","cfbb523a-883c-48db-8258-dcfe32b11d64","a5486e02-d249-4809-9273-deac47fb11e0","US","EML","2025-03-01T05:02:59.774+00:00","2025-03-01T05:09:42.687+00:00",373,"PRESERVED_SPECIMEN","PRESENT",5206853,1,44,1153,7336,2363128,9264695,9264695,"Enteromius paludinosus (Peters, 1852)","Animalia","Chordata","Cypriniformes","Cyprinidae","Enteromius","Enteromius paludinosus","Barbus","paludinosus","SPECIES","SYNONYM","LC",NA,NA,"AFRICA",NA,NA,NA,NA,NA,NA,NA,NA,"2025-03-01T05:09:42.687+00:00",NA,"http://creativecommons.org/licenses/by/4.0/legalcode",FALSE,"48c54574-61e2-48d0-b500-86a7f84677ed","none","none",FALSE,"Fish","R Scully",NA,"WGS84","TZ","none","none","AFRICA","Tanzania, United Republic of","NORTH_AMERICA",NA,"48c54574-61e2-48d0-b500-86a7f84677ed",NA,NA,"1889101179",NA,"ummz_fish","48c54574-61e2-48d0-b500-86a7f84677ed",NA,"199715","UMMZ",NA,NA,NA,"Barbus paludinosus Peters, 1852",NA,NA,NA,NA,"Marvel Parrington",NA,NA,NA,NA,"2a508411-2acd-45df-8a8b-00094ac65f87","63bd995d-b48c-425d-bb55-04ce8477116d","EtOH - 1",NA,NA,NA,NA,NA,NA,"minnow seine",NA,NA,NA,"Lake Victoria, 40 mi W of Mwanza",NA,NA,NA,NA,NA,NA,NA,NA,NA,NA,NA,NA,NA,"8e30b684-6a54-4aba-aa73-66201c2c736e,99d66b6c-9087-452f-a9d4-f15f2c2d0e7e",NA,NA,"Z199715",NA,NA,NA,NA,NA,NA,NA,NA,NA,NA,NA,NA,NA,NA,NA,NA,NA,NA,NA,NA,NA,NA,NA,NA,NA,NA,NA,NA,NA,NA,NA,NA,NA,NA,NA,NA,NA,NA,NA,NA,NA,NA,NA,NA,NA,NA,NA,NA,NA,NA,NA,NA,NA,NA,NA,NA,NA,NA,NA,NA,NA,NA,NA,NA,NA,NA,NA,NA,"Lake","Lake Victoria",67332250502.7392,"Barbus paludinosus"
"1804004193","Enteromius cercops (Whitehead, 1960)",-2.5,32.8333,"cdc,gass84,iddativ,osiic","dc3bfd08-0141-45ae-9603-91ac50cdc33b","a41250f0-7c3e-11d8-a19c-b8a03c50a862","1bd85d67-1c87-4591-988a-44ff22008d3e","a41250f0-7c3e-11d8-a19c-b8a03c50a862","CA","EML","2025-03-11T13:52:08.513+00:00","2025-03-11T13:52:54.437+00:00",422,"PRESERVED_SPECIMEN","PRESENT",9375939,1,44,1153,7336,2363128,9375939,9375939,"Enteromius cercops (Whitehead, 1960)","Animalia","Chordata","Cypriniformes","Cyprinidae","Enteromius","Enteromius cercops","Enteromius","cercops","SPECIES","ACCEPTED","LC",NA,NA,"AFRICA",NA,NA,NA,NA,NA,NA,NA,"2023-09-08T06:01:00.000+00:00","2025-03-11T13:52:54.437+00:00",NA,"http://creativecommons.org/licenses/by/4.0/legalcode",FALSE,"65b2cb1f-5057-0574-8aa3-9d218026677e","none","none",FALSE,"Fish","Oijen, M. van","Bernacsek, Gary M.","WGS84","TZ","none","none","AFRICA","Tanzania, United Republic of","NORTH_AMERICA","Canadian Museum of Nature","65b2cb1f-5057-0574-8aa3-9d218026677e",NA,NA,"1804004193",NA,"CMNFI","65b2cb1f-5057-0574-8aa3-9d218026677e",NA,"CMNFI 1981-0244.1","CMN",NA,NA,NA,"Enteromius cercops (Whitehead, 1960)",NA,NA,NA,NA,NA,NA,NA,1,NA,"c146edb6-3a82-473c-b337-4acaa92f9513","43ee3421-1758-445c-922b-0a8e8786a434","fluid","http://biocol.org/urn:lsid:biocol.org:col:34935",NA,NA,"Animalia; Chordata; Vertebrata; Gnathostomata; Actinopterygii; Neopterygii; Teleostei; Ostariophysi; Cypriniformes; Cyprinoidea; Cyprinidae; Cyprininae; Barbus;","http://grbio.org/cool/fpjs-vpys",NA,NA,NA,NA,NA,"Lake Victoria, Mwanza Gulf, near Mwanza ; Ice ext.: None; Salinity: Fresh",NA,NA,NA,NA,NA,NA,NA,NA,NA,NA,NA,NA,NA,"99d66b6c-9087-452f-a9d4-f15f2c2d0e7e,2b7c7b4f-4d4f-40d3-94de-c28b6fa054a6",NA,NA,NA,"en","PhysicalObject",NA,"CMNFI 1981-0244",NA,NA,NA,NA,NA,NA,NA,NA,NA,NA,NA,NA,NA,NA,NA,NA,NA,NA,NA,NA,NA,NA,NA,NA,NA,NA,NA,NA,NA,NA,NA,NA,"(CMNFI 1981-0244.1)",NA,NA,NA,NA,NA,NA,NA,NA,"https://doi.org/10.15468/va0trp",NA,NA,NA,NA,NA,NA,NA,NA,NA,NA,NA,NA,NA,NA,NA,NA,NA,NA,NA,NA,NA,NA,"Lake","Lake Victoria",67332250502.7392,"Enteromius cercops"
"1229897921","Enteromius profundus (Greenwood, 1970)",-2.15,32.58333,"gass84,mdativ,inmano","197908d0-5565-11d8-b290-b8a03c50a862","192a9ab0-5565-11d8-b290-b8a03c50a862","4346b227-ca68-4d54-8a77-909148492e0b","4c415e40-1e21-11de-9e40-a0d6ecebb8bf","SE","EML","2025-01-18T03:08:27.896+00:00","2025-02-01T00:33:39.977+00:00",268,"PRESERVED_SPECIMEN","PRESENT",9500212,1,44,1153,7336,2363128,9500212,9500212,"Enteromius profundus (Greenwood, 1970)","Animalia","Chordata","Cypriniformes","Cyprinidae","Enteromius","Enteromius profundus","Enteromius","profundus","SPECIES","ACCEPTED","LC",NA,NA,"AFRICA",NA,NA,NA,NA,NA,NA,NA,NA,"2025-02-01T00:33:39.977+00:00",NA,"http://creativecommons.org/licenses/by-nc/4.0/legalcode",FALSE,"FishBase:Occurrence:FB 2736856","none","none",FALSE,NA,NA,NA,"WGS84","TZ","none","none","AFRICA","Tanzania, United Republic of","EUROPE",NA,"FishBase:Occurrence:FB 2736856",NA,NA,"1229897921",NA,"Occurrence","FishBase:Occurrence:FB 2736856",NA,"FB 2736856","FishBase",NA,NA,NA,"Enteromius profundus (Greenwood, 1970)",NA,NA,NA,NA,NA,NA,NA,NA,NA,NA,NA,NA,NA,NA,NA,"Animalia, Chordata, Actinopterygii, Cypriniformes, Cyprinidae",NA,NA,NA,NA,NA,NA,"Lake Victoria [Victoria Nyanza], 2°09'S, 32°35'E, 57 m.",NA,NA,"Type",NA,NA,NA,NA,NA,NA,NA,NA,NA,NA,"2b7c7b4f-4d4f-40d3-94de-c28b6fa054a6",NA,NA,NA,NA,NA,NA,NA,NA,NA,NA,NA,NA,NA,NA,NA,NA,NA,NA,NA,NA,NA,NA,NA,NA,NA,NA,NA,NA,NA,NA,NA,NA,57,NA,NA,NA,NA,NA,"ICZN",NA,NA,NA,NA,NA,NA,NA,NA,NA,NA,NA,NA,NA,NA,NA,NA,NA,NA,NA,NA,NA,NA,NA,NA,NA,NA,NA,NA,NA,NA,NA,NA,"Lake","Lake Victoria",67332250502.7392,"Enteromius profundus"
"864567569","Enteromius kerstenii (Peters, 1868)",-1.7,29.25,"gass84,mdativ,osiic,inmano","197908d0-5565-11d8-b290-b8a03c50a862","192a9ab0-5565-11d8-b290-b8a03c50a862","4346b227-ca68-4d54-8a77-909148492e0b","4c415e40-1e21-11de-9e40-a0d6ecebb8bf","SE","EML","2025-01-18T03:08:27.896+00:00","2025-02-01T00:33:29.489+00:00",268,"PRESERVED_SPECIMEN","PRESENT",9461154,1,44,1153,7336,2363128,9461154,9461154,"Enteromius kerstenii (Peters, 1868)","Animalia","Chordata","Cypriniformes","Cyprinidae","Enteromius","Enteromius kerstenii","Enteromius","kerstenii","SPECIES","ACCEPTED","LC","1980-01-01T00:00:00",NA,"AFRICA",NA,NA,NA,NA,NA,NA,NA,NA,"2025-02-01T00:33:29.489+00:00",NA,"http://creativecommons.org/licenses/by-nc/4.0/legalcode",FALSE,"FishBase:Occurrence:P - 22316","none","none",FALSE,NA,"Schouteden H.","Thys van den Audenaerde D.","WGS84","CD","none","none","AFRICA","Congo, Democratic Republic of the","EUROPE",NA,"FishBase:Occurrence:P - 22316",NA,NA,"864567569",NA,"Occurrence","FishBase:Occurrence:P - 22316",NA,"P - 22316","FishBase",NA,NA,NA,"Enteromius kerstenii (Peters, 1868)",NA,NA,NA,NA,NA,NA,NA,1,NA,NA,NA,"alc",NA,NA,NA,"Animalia, Chordata, Actinopterygii, Cypriniformes, Cyprinidae",NA,NA,NA,NA,NA,NA,"Kissenyi, lac Kivu",NA,NA,NA,NA,NA,NA,NA,NA,NA,NA,NA,NA,NA,"2b7c7b4f-4d4f-40d3-94de-c28b6fa054a6",NA,NA,NA,NA,NA,NA,NA,NA,NA,NA,NA,NA,NA,NA,NA,NA,NA,NA,NA,NA,NA,NA,NA,NA,NA,NA,NA,NA,NA,NA,NA,NA,NA,NA,NA,NA,NA,NA,"ICZN",NA,NA,NA,NA,NA,NA,NA,NA,NA,NA,NA,NA,NA,NA,NA,NA,NA,NA,NA,NA,NA,NA,NA,NA,NA,NA,NA,NA,NA,NA,NA,NA,"Lake","Lake Kivu",2415288353.60194,"Enteromius kerstenii"
"864565074","Enteromius kerstenii (Peters, 1868)",-2.15,28.9,"gass84,mdativ,rdativ,osiic,inmano","197908d0-5565-11d8-b290-b8a03c50a862","192a9ab0-5565-11d8-b290-b8a03c50a862","4346b227-ca68-4d54-8a77-909148492e0b","4c415e40-1e21-11de-9e40-a0d6ecebb8bf","SE","EML","2025-01-18T03:08:27.896+00:00","2025-02-01T00:34:00.728+00:00",268,"PRESERVED_SPECIMEN","PRESENT",9461154,1,44,1153,7336,2363128,9461154,9461154,"Enteromius kerstenii (Peters, 1868)","Animalia","Chordata","Cypriniformes","Cyprinidae","Enteromius","Enteromius kerstenii","Enteromius","kerstenii","SPECIES","ACCEPTED","LC","1980-01-01T00:00:00",NA,"AFRICA",NA,NA,NA,NA,NA,NA,NA,NA,"2025-02-01T00:34:00.728+00:00",NA,"http://creativecommons.org/licenses/by-nc/4.0/legalcode",FALSE,"FishBase:Occurrence:P - 42767-42770","none","none",FALSE,NA,"Babault & Braun","Thys van den Audenaerde D.","WGS84","CD","none","none","AFRICA","Congo, Democratic Republic of the","EUROPE",NA,"FishBase:Occurrence:P - 42767-42770",NA,NA,"864565074",NA,"Occurrence","FishBase:Occurrence:P - 42767-42770",NA,"P - 42767-42770","FishBase",NA,NA,NA,"Enteromius kerstenii (Peters, 1868)",NA,NA,NA,NA,NA,NA,NA,4,NA,NA,NA,"alc",NA,NA,NA,"Animalia, Chordata, Actinopterygii, Cypriniformes, Cyprinidae",NA,NA,NA,NA,NA,NA,"Kadjudju, W. lac Kivu",NA,NA,NA,NA,NA,NA,NA,NA,NA,NA,NA,NA,NA,"2b7c7b4f-4d4f-40d3-94de-c28b6fa054a6",NA,NA,NA,NA,NA,NA,NA,NA,NA,NA,NA,NA,NA,NA,NA,NA,NA,NA,NA,NA,NA,NA,NA,NA,NA,NA,NA,NA,NA,NA,NA,NA,NA,NA,NA,NA,NA,NA,"ICZN",NA,NA,NA,NA,NA,NA,NA,NA,NA,NA,NA,NA,NA,NA,NA,NA,NA,NA,NA,NA,NA,NA,NA,NA,NA,NA,NA,NA,NA,NA,NA,NA,"Lake","Lake Kivu",2415288353.60194,"Enteromius kerstenii"
"864565020","Enteromius kerstenii (Peters, 1868)",-2.15,28.9,"gass84,mdativ,osiic,inmano","197908d0-5565-11d8-b290-b8a03c50a862","192a9ab0-5565-11d8-b290-b8a03c50a862","4346b227-ca68-4d54-8a77-909148492e0b","4c415e40-1e21-11de-9e40-a0d6ecebb8bf","SE","EML","2025-01-18T03:08:27.896+00:00","2025-02-01T00:33:29.822+00:00",268,"PRESERVED_SPECIMEN","PRESENT",9461154,1,44,1153,7336,2363128,9461154,9461154,"Enteromius kerstenii (Peters, 1868)","Animalia","Chordata","Cypriniformes","Cyprinidae","Enteromius","Enteromius kerstenii","Enteromius","kerstenii","SPECIES","ACCEPTED","LC","1980-01-01T00:00:00",NA,"AFRICA",NA,NA,NA,NA,NA,NA,NA,NA,"2025-02-01T00:33:29.822+00:00",NA,"http://creativecommons.org/licenses/by-nc/4.0/legalcode",FALSE,"FishBase:Occurrence:P - 42958","none","none",FALSE,NA,"Babault G.","Thys van den Audenaerde D.","WGS84","CD","none","none","AFRICA","Congo, Democratic Republic of the","EUROPE",NA,"FishBase:Occurrence:P - 42958",NA,NA,"864565020",NA,"Occurrence","FishBase:Occurrence:P - 42958",NA,"P - 42958","FishBase",NA,NA,NA,"Enteromius kerstenii (Peters, 1868)",NA,NA,NA,NA,NA,NA,NA,1,NA,NA,NA,"alc",NA,NA,NA,"Animalia, Chordata, Actinopterygii, Cypriniformes, Cyprinidae",NA,NA,NA,NA,NA,NA,"Kadjudju, W. lac Kivu",NA,NA,NA,NA,NA,NA,NA,NA,NA,NA,NA,NA,NA,"2b7c7b4f-4d4f-40d3-94de-c28b6fa054a6",NA,NA,NA,NA,NA,NA,NA,NA,NA,NA,NA,NA,NA,NA,NA,NA,NA,NA,NA,NA,NA,NA,NA,NA,NA,NA,NA,NA,NA,NA,NA,NA,NA,NA,NA,NA,NA,NA,"ICZN",NA,NA,NA,NA,NA,NA,NA,NA,NA,NA,NA,NA,NA,NA,NA,NA,NA,NA,NA,NA,NA,NA,NA,NA,NA,NA,NA,NA,NA,NA,NA,NA,"Lake","Lake Kivu",2415288353.60194,"Enteromius kerstenii"
"864565011","Enteromius kerstenii (Peters, 1868)",-2.15,28.9,"gass84,mdativ,osiic,inmano","197908d0-5565-11d8-b290-b8a03c50a862","192a9ab0-5565-11d8-b290-b8a03c50a862","4346b227-ca68-4d54-8a77-909148492e0b","4c415e40-1e21-11de-9e40-a0d6ecebb8bf","SE","EML","2025-01-18T03:08:27.896+00:00","2025-02-01T00:34:00.783+00:00",268,"PRESERVED_SPECIMEN","PRESENT",9461154,1,44,1153,7336,2363128,9461154,9461154,"Enteromius kerstenii (Peters, 1868)","Animalia","Chordata","Cypriniformes","Cyprinidae","Enteromius","Enteromius kerstenii","Enteromius","kerstenii","SPECIES","ACCEPTED","LC","1980-01-01T00:00:00",NA,"AFRICA",NA,NA,NA,NA,NA,NA,NA,NA,"2025-02-01T00:34:00.783+00:00",NA,"http://creativecommons.org/licenses/by-nc/4.0/legalcode",FALSE,"FishBase:Occurrence:P - 42969-42976","none","none",FALSE,NA,"Babault G.","Thys van den Audenaerde D.","WGS84","CD","none","none","AFRICA","Congo, Democratic Republic of the","EUROPE",NA,"FishBase:Occurrence:P - 42969-42976",NA,NA,"864565011",NA,"Occurrence","FishBase:Occurrence:P - 42969-42976",NA,"P - 42969-42976","FishBase",NA,NA,NA,"Enteromius kerstenii (Peters, 1868)",NA,NA,NA,NA,NA,NA,NA,8,NA,NA,NA,"alc",NA,NA,NA,"Animalia, Chordata, Actinopterygii, Cypriniformes, Cyprinidae",NA,NA,NA,NA,NA,NA,"Kadjudju, W. lac Kivu",NA,NA,NA,NA,NA,NA,NA,NA,NA,NA,NA,NA,NA,"2b7c7b4f-4d4f-40d3-94de-c28b6fa054a6",NA,NA,NA,NA,NA,NA,NA,NA,NA,NA,NA,NA,NA,NA,NA,NA,NA,NA,NA,NA,NA,NA,NA,NA,NA,NA,NA,NA,NA,NA,NA,NA,NA,NA,NA,NA,NA,NA,"ICZN",NA,NA,NA,NA,NA,NA,NA,NA,NA,NA,NA,NA,NA,NA,NA,NA,NA,NA,NA,NA,NA,NA,NA,NA,NA,NA,NA,NA,NA,NA,NA,NA,"Lake","Lake Kivu",2415288353.60194,"Enteromius kerstenii"
"864564931","Enteromius pellegrini (Poll, 1939)",-2.15,28.9,"gass84,mdativ,osiic,inmano","197908d0-5565-11d8-b290-b8a03c50a862","192a9ab0-5565-11d8-b290-b8a03c50a862","4346b227-ca68-4d54-8a77-909148492e0b","4c415e40-1e21-11de-9e40-a0d6ecebb8bf","SE","EML","2025-01-18T03:08:27.896+00:00","2025-02-01T00:34:01.658+00:00",268,"PRESERVED_SPECIMEN","PRESENT",9255837,1,44,1153,7336,2363128,9255837,9255837,"Enteromius pellegrini (Poll, 1939)","Animalia","Chordata","Cypriniformes","Cyprinidae","Enteromius","Enteromius pellegrini","Enteromius","pellegrini","SPECIES","ACCEPTED","LC","1980-01-01T00:00:00",NA,"AFRICA",NA,NA,NA,NA,NA,NA,NA,NA,"2025-02-01T00:34:01.658+00:00",NA,"http://creativecommons.org/licenses/by-nc/4.0/legalcode",FALSE,"FishBase:Occurrence:P - 42976/B- 42976/D","none","none",FALSE,NA,"Babault G.","Thys van den Audenaerde D.","WGS84","CD","none","none","AFRICA","Congo, Democratic Republic of the","EUROPE",NA,"FishBase:Occurrence:P - 42976/B- 42976/D",NA,NA,"864564931",NA,"Occurrence","FishBase:Occurrence:P - 42976/B- 42976/D",NA,"P - 42976/B- 42976/D","FishBase",NA,NA,NA,"Enteromius pellegrini (Poll, 1939)",NA,NA,NA,NA,NA,NA,NA,3,NA,NA,NA,"alc",NA,NA,NA,"Animalia, Chordata, Actinopterygii, Cypriniformes, Cyprinidae",NA,NA,NA,NA,NA,NA,"Kadjudju, W. lac Kivu",NA,NA,NA,NA,NA,NA,NA,NA,NA,NA,NA,NA,NA,"2b7c7b4f-4d4f-40d3-94de-c28b6fa054a6",NA,NA,NA,NA,NA,NA,NA,NA,NA,NA,NA,NA,NA,NA,NA,NA,NA,NA,NA,NA,NA,NA,NA,NA,NA,NA,NA,NA,NA,NA,NA,NA,NA,NA,NA,NA,NA,NA,"ICZN",NA,NA,NA,NA,NA,NA,NA,NA,NA,NA,NA,NA,NA,NA,NA,NA,NA,NA,NA,NA,NA,NA,NA,NA,NA,NA,NA,NA,NA,NA,NA,NA,"Lake","Lake Kivu",2415288353.60194,"Enteromius pellegrini"
"864564835","Enteromius kerstenii (Peters, 1868)",-2.15,28.9,"gass84,mdativ,rdativ,osiic,inmano","197908d0-5565-11d8-b290-b8a03c50a862","192a9ab0-5565-11d8-b290-b8a03c50a862","4346b227-ca68-4d54-8a77-909148492e0b","4c415e40-1e21-11de-9e40-a0d6ecebb8bf","SE","EML","2025-01-18T03:08:27.896+00:00","2025-02-01T00:34:00.915+00:00",268,"PRESERVED_SPECIMEN","PRESENT",9461154,1,44,1153,7336,2363128,9461154,9461154,"Enteromius kerstenii (Peters, 1868)","Animalia","Chordata","Cypriniformes","Cyprinidae","Enteromius","Enteromius kerstenii","Enteromius","kerstenii","SPECIES","ACCEPTED","LC","1980-01-01T00:00:00",NA,"AFRICA",NA,NA,NA,NA,NA,NA,NA,NA,"2025-02-01T00:34:00.915+00:00",NA,"http://creativecommons.org/licenses/by-nc/4.0/legalcode",FALSE,"FishBase:Occurrence:P - 43922-43923","none","none",FALSE,NA,"Babault G.","Thys van den Audenaerde D.","WGS84","CD","none","none","AFRICA","Congo, Democratic Republic of the","EUROPE",NA,"FishBase:Occurrence:P - 43922-43923",NA,NA,"864564835",NA,"Occurrence","FishBase:Occurrence:P - 43922-43923",NA,"P - 43922-43923","FishBase",NA,NA,NA,"Enteromius kerstenii (Peters, 1868)",NA,NA,NA,NA,NA,NA,NA,2,NA,NA,NA,"alc",NA,NA,NA,"Animalia, Chordata, Actinopterygii, Cypriniformes, Cyprinidae",NA,NA,NA,NA,NA,NA,"Kadjudju",NA,NA,NA,NA,NA,NA,NA,NA,NA,NA,NA,NA,NA,"2b7c7b4f-4d4f-40d3-94de-c28b6fa054a6",NA,NA,NA,NA,NA,NA,NA,NA,NA,NA,NA,NA,NA,NA,NA,NA,NA,NA,NA,NA,NA,NA,NA,NA,NA,NA,NA,NA,NA,NA,NA,NA,NA,NA,NA,NA,NA,NA,"ICZN",NA,NA,NA,NA,NA,NA,NA,NA,NA,NA,NA,NA,NA,NA,NA,NA,NA,NA,NA,NA,NA,NA,NA,NA,NA,NA,NA,NA,NA,NA,NA,NA,"Lake","Lake Kivu",2415288353.60194,"Enteromius kerstenii"
"864564303","Enteromius innocens (Pfeffer, 1896)",-4.333333,29.583333,"cdround,gass84,mdativ,rdativ,osiic,inmano","197908d0-5565-11d8-b290-b8a03c50a862","192a9ab0-5565-11d8-b290-b8a03c50a862","4346b227-ca68-4d54-8a77-909148492e0b","4c415e40-1e21-11de-9e40-a0d6ecebb8bf","SE","EML","2025-01-18T03:08:27.896+00:00","2025-02-01T00:34:00.729+00:00",268,"PRESERVED_SPECIMEN","PRESENT",9514036,1,44,1153,7336,2363128,9514036,9514036,"Enteromius innocens (Pfeffer, 1896)","Animalia","Chordata","Cypriniformes","Cyprinidae","Enteromius","Enteromius innocens","Enteromius","innocens","SPECIES","ACCEPTED","LC","1937-01-01T00:00:00",NA,"AFRICA",NA,NA,NA,NA,NA,NA,NA,NA,"2025-02-01T00:34:00.729+00:00",NA,"http://creativecommons.org/licenses/by-nc/4.0/legalcode",FALSE,"FishBase:Occurrence:P - 47363-47364","none","none",FALSE,NA,"Lestrade A.","David L.","WGS84","BI","none","none","AFRICA","Burundi","EUROPE",NA,"FishBase:Occurrence:P - 47363-47364",NA,NA,"864564303",NA,"Occurrence","FishBase:Occurrence:P - 47363-47364",NA,"P - 47363-47364","FishBase",NA,NA,NA,"Enteromius innocens (Pfeffer, 1896)",NA,NA,NA,NA,NA,NA,NA,2,NA,NA,NA,"alc",NA,NA,NA,"Animalia, Chordata, Actinopterygii, Cypriniformes, Cyprinidae",NA,NA,NA,NA,NA,NA,"riv. Luaba, près de son embouchure dans le lac Tanganyka, à Nyanza lac",NA,NA,NA,NA,NA,NA,NA,NA,NA,NA,NA,NA,NA,"2b7c7b4f-4d4f-40d3-94de-c28b6fa054a6",NA,NA,NA,NA,NA,NA,NA,NA,NA,NA,NA,NA,NA,NA,NA,NA,NA,NA,NA,NA,NA,NA,NA,NA,NA,NA,NA,NA,NA,NA,NA,NA,NA,NA,NA,NA,NA,NA,"ICZN",NA,NA,NA,NA,NA,NA,NA,NA,NA,NA,NA,NA,NA,NA,NA,NA,NA,NA,NA,NA,NA,NA,NA,NA,NA,NA,NA,NA,NA,NA,NA,NA,"Lake","Lake Tanganyika",32896759543.8782,"Enteromius innocens"
"864563221","Enteromius oligogrammus (David, 1937)",-4.333333,29.583333,"cdround,gass84,mdativ,rdativ,osiic,inmano","197908d0-5565-11d8-b290-b8a03c50a862","192a9ab0-5565-11d8-b290-b8a03c50a862","4346b227-ca68-4d54-8a77-909148492e0b","4c415e40-1e21-11de-9e40-a0d6ecebb8bf","SE","EML","2025-01-18T03:08:27.896+00:00","2025-02-01T00:33:29.857+00:00",268,"PRESERVED_SPECIMEN","PRESENT",9248145,1,44,1153,7336,2363128,9248145,9248145,"Enteromius oligogrammus (David, 1937)","Animalia","Chordata","Cypriniformes","Cyprinidae","Enteromius","Enteromius oligogrammus","Enteromius","oligogrammus","SPECIES","ACCEPTED","LC","1996-01-01T00:00:00",NA,"AFRICA",NA,NA,NA,NA,NA,NA,NA,NA,"2025-02-01T00:33:29.857+00:00",NA,"http://creativecommons.org/licenses/by-nc/4.0/legalcode",FALSE,"FishBase:Occurrence:P - 54922","none","none",FALSE,NA,"Lestrade A.","De Vos L.","WGS84","BI","none","none","AFRICA","Burundi","EUROPE",NA,"FishBase:Occurrence:P - 54922",NA,NA,"864563221",NA,"Occurrence","FishBase:Occurrence:P - 54922",NA,"P - 54922","FishBase",NA,NA,NA,"Enteromius oligogrammus (David, 1937)",NA,NA,NA,NA,NA,NA,NA,1,NA,NA,NA,"alc",NA,NA,NA,"Animalia, Chordata, Actinopterygii, Cypriniformes, Cyprinidae",NA,NA,NA,NA,NA,NA,"Nyanza, lac Tanganyka",NA,NA,NA,NA,NA,NA,NA,NA,NA,NA,NA,NA,NA,"2b7c7b4f-4d4f-40d3-94de-c28b6fa054a6",NA,NA,NA,NA,NA,NA,NA,NA,NA,NA,NA,NA,NA,NA,NA,NA,NA,NA,NA,NA,NA,NA,NA,NA,NA,NA,NA,NA,NA,NA,NA,NA,NA,NA,NA,NA,NA,NA,"ICZN",NA,NA,NA,NA,NA,NA,NA,NA,NA,NA,NA,NA,NA,NA,NA,NA,NA,NA,NA,NA,NA,NA,NA,NA,NA,NA,NA,NA,NA,NA,NA,NA,"Lake","Lake Tanganyika",32896759543.8782,"Enteromius oligogrammus"
"864561996","Enteromius taeniopleura (Boulenger, 1917)",-5.933333,29.2,"cdround,gass84,mdativ,rdativ,osiic,inmano","197908d0-5565-11d8-b290-b8a03c50a862","192a9ab0-5565-11d8-b290-b8a03c50a862","4346b227-ca68-4d54-8a77-909148492e0b","4c415e40-1e21-11de-9e40-a0d6ecebb8bf","SE","EML","2025-01-18T03:08:27.896+00:00","2025-02-01T00:34:00.738+00:00",268,"PRESERVED_SPECIMEN","PRESENT",9357965,1,44,1153,7336,2363128,9357965,9357965,"Enteromius taeniopleura (Boulenger, 1917)","Animalia","Chordata","Cypriniformes","Cyprinidae","Enteromius","Enteromius taeniopleura","Enteromius","taeniopleura","SPECIES","ACCEPTED","LC","1942-01-01T00:00:00",NA,"AFRICA",NA,NA,NA,NA,NA,NA,NA,NA,"2025-02-01T00:34:00.738+00:00",NA,"http://creativecommons.org/licenses/by-nc/4.0/legalcode",FALSE,"FishBase:Occurrence:P - 63844-63846","none","none",FALSE,NA,"Mortiaux A.","Poll M.","WGS84","CD","none","none","AFRICA","Congo, Democratic Republic of the","EUROPE",NA,"FishBase:Occurrence:P - 63844-63846",NA,NA,"864561996",NA,"Occurrence","FishBase:Occurrence:P - 63844-63846",NA,"P - 63844-63846","FishBase",NA,NA,NA,"Enteromius taeniopleura (Boulenger, 1917)",NA,NA,NA,NA,NA,NA,NA,3,NA,NA,NA,"alc",NA,NA,NA,"Animalia, Chordata, Actinopterygii, Cypriniformes, Cyprinidae",NA,NA,NA,NA,NA,NA,"Albertville",NA,NA,NA,NA,NA,NA,NA,NA,NA,NA,NA,NA,NA,"2b7c7b4f-4d4f-40d3-94de-c28b6fa054a6",NA,NA,NA,NA,NA,NA,NA,NA,NA,NA,NA,NA,NA,NA,NA,NA,NA,NA,NA,NA,NA,NA,NA,NA,NA,NA,NA,NA,NA,NA,NA,NA,NA,NA,NA,NA,NA,NA,"ICZN",NA,NA,NA,NA,NA,NA,NA,NA,NA,NA,NA,NA,NA,NA,NA,NA,NA,NA,NA,NA,NA,NA,NA,NA,NA,NA,NA,NA,NA,NA,NA,NA,"Lake","Lake Tanganyika",32896759543.8782,"Enteromius taeniopleura"
"864562012","Enteromius oligogrammus (David, 1937)",-5.933333,29.2,"cdround,gass84,mdativ,rdativ,osiic,inmano","197908d0-5565-11d8-b290-b8a03c50a862","192a9ab0-5565-11d8-b290-b8a03c50a862","4346b227-ca68-4d54-8a77-909148492e0b","4c415e40-1e21-11de-9e40-a0d6ecebb8bf","SE","EML","2025-01-18T03:08:27.896+00:00","2025-02-01T00:34:00.757+00:00",268,"PRESERVED_SPECIMEN","PRESENT",9248145,1,44,1153,7336,2363128,9248145,9248145,"Enteromius oligogrammus (David, 1937)","Animalia","Chordata","Cypriniformes","Cyprinidae","Enteromius","Enteromius oligogrammus","Enteromius","oligogrammus","SPECIES","ACCEPTED","LC","1996-01-01T00:00:00",NA,"AFRICA",NA,NA,NA,NA,NA,NA,NA,NA,"2025-02-01T00:34:00.757+00:00",NA,"http://creativecommons.org/licenses/by-nc/4.0/legalcode",FALSE,"FishBase:Occurrence:P - 63847-63848","none","none",FALSE,NA,"Mortiaux A.","De Vos L.","WGS84","CD","none","none","AFRICA","Congo, Democratic Republic of the","EUROPE",NA,"FishBase:Occurrence:P - 63847-63848",NA,NA,"864562012",NA,"Occurrence","FishBase:Occurrence:P - 63847-63848",NA,"P - 63847-63848","FishBase",NA,NA,NA,"Enteromius oligogrammus (David, 1937)",NA,NA,NA,NA,NA,NA,NA,2,NA,NA,NA,"alc",NA,NA,NA,"Animalia, Chordata, Actinopterygii, Cypriniformes, Cyprinidae",NA,NA,NA,NA,NA,NA,"Albertville",NA,NA,NA,NA,NA,NA,NA,NA,NA,NA,NA,NA,NA,"2b7c7b4f-4d4f-40d3-94de-c28b6fa054a6",NA,NA,NA,NA,NA,NA,NA,NA,NA,NA,NA,NA,NA,NA,NA,NA,NA,NA,NA,NA,NA,NA,NA,NA,NA,NA,NA,NA,NA,NA,NA,NA,NA,NA,NA,NA,NA,NA,"ICZN",NA,NA,NA,NA,NA,NA,NA,NA,NA,NA,NA,NA,NA,NA,NA,NA,NA,NA,NA,NA,NA,NA,NA,NA,NA,NA,NA,NA,NA,NA,NA,NA,"Lake","Lake Tanganyika",32896759543.8782,"Enteromius oligogrammus"
"864561697","Enteromius pellegrini (Poll, 1939)",-1.7,29.25,"gass84,mdativ,rdativ,osiic,inmano","197908d0-5565-11d8-b290-b8a03c50a862","192a9ab0-5565-11d8-b290-b8a03c50a862","4346b227-ca68-4d54-8a77-909148492e0b","4c415e40-1e21-11de-9e40-a0d6ecebb8bf","SE","EML","2025-01-18T03:08:27.896+00:00","2025-02-01T00:33:29.886+00:00",268,"PRESERVED_SPECIMEN","PRESENT",9255837,1,44,1153,7336,2363128,9255837,9255837,"Enteromius pellegrini (Poll, 1939)","Animalia","Chordata","Cypriniformes","Cyprinidae","Enteromius","Enteromius pellegrini","Enteromius","pellegrini","SPECIES","ACCEPTED","LC","1980-01-01T00:00:00",NA,"AFRICA",NA,NA,NA,NA,NA,NA,NA,NA,"2025-02-01T00:33:29.886+00:00",NA,"http://creativecommons.org/licenses/by-nc/4.0/legalcode",FALSE,"FishBase:Occurrence:P - 66186","none","none",FALSE,NA,"Damas H.","Thys van den Audenaerde D.","WGS84","RW","none","none","AFRICA","Rwanda","EUROPE",NA,"FishBase:Occurrence:P - 66186",NA,NA,"864561697",NA,"Occurrence","FishBase:Occurrence:P - 66186",NA,"P - 66186","FishBase",NA,NA,NA,"Enteromius pellegrini (Poll, 1939)",NA,NA,NA,NA,NA,NA,NA,1,NA,NA,NA,"alc",NA,NA,NA,"Animalia, Chordata, Actinopterygii, Cypriniformes, Cyprinidae",NA,NA,NA,NA,NA,NA,"Kisenyi, riv. Sebeye, lac Kivu",NA,NA,NA,NA,NA,NA,NA,NA,NA,NA,NA,NA,NA,"2b7c7b4f-4d4f-40d3-94de-c28b6fa054a6",NA,NA,NA,NA,NA,NA,NA,NA,NA,NA,NA,NA,NA,NA,NA,NA,NA,NA,NA,NA,NA,NA,NA,NA,NA,NA,NA,NA,NA,NA,NA,NA,NA,NA,NA,NA,NA,NA,"ICZN",NA,NA,NA,NA,NA,NA,NA,NA,NA,NA,NA,NA,NA,NA,NA,NA,NA,NA,NA,NA,NA,NA,NA,NA,NA,NA,NA,NA,NA,NA,NA,NA,"Lake","Lake Kivu",2415288353.60194,"Enteromius pellegrini"
"864561687","Enteromius apleurogramma (Boulenger, 1911)",-1.7,29.25,"gass84,mdativ,rdativ,osiic,inmano","197908d0-5565-11d8-b290-b8a03c50a862","192a9ab0-5565-11d8-b290-b8a03c50a862","4346b227-ca68-4d54-8a77-909148492e0b","4c415e40-1e21-11de-9e40-a0d6ecebb8bf","SE","EML","2025-01-18T03:08:27.896+00:00","2025-02-01T00:34:00.760+00:00",268,"PRESERVED_SPECIMEN","PRESENT",9573924,1,44,1153,7336,2363128,9573924,9573924,"Enteromius apleurogramma (Boulenger, 1911)","Animalia","Chordata","Cypriniformes","Cyprinidae","Enteromius","Enteromius apleurogramma","Enteromius","apleurogramma","SPECIES","ACCEPTED","LC","1938-01-01T00:00:00",NA,"AFRICA",NA,NA,NA,NA,NA,NA,NA,NA,"2025-02-01T00:34:00.760+00:00",NA,"http://creativecommons.org/licenses/by-nc/4.0/legalcode",FALSE,"FishBase:Occurrence:P - 66187-66190","none","none",FALSE,NA,"Damas H.","Poll M.","WGS84","RW","none","none","AFRICA","Rwanda","EUROPE",NA,"FishBase:Occurrence:P - 66187-66190",NA,NA,"864561687",NA,"Occurrence","FishBase:Occurrence:P - 66187-66190",NA,"P - 66187-66190","FishBase",NA,NA,NA,"Enteromius apleurogramma (Boulenger, 1911)",NA,NA,NA,NA,NA,NA,NA,4,NA,NA,NA,"alc",NA,NA,NA,"Animalia, Chordata, Actinopterygii, Cypriniformes, Cyprinidae",NA,NA,NA,NA,NA,NA,"Kisenyi, emb. riv. Sebeya, lac Kivu",NA,NA,NA,NA,NA,NA,NA,NA,NA,NA,NA,NA,NA,"2b7c7b4f-4d4f-40d3-94de-c28b6fa054a6",NA,NA,NA,NA,NA,NA,NA,NA,NA,NA,NA,NA,NA,NA,NA,NA,NA,NA,NA,NA,NA,NA,NA,NA,NA,NA,NA,NA,NA,NA,NA,NA,NA,NA,NA,NA,NA,NA,"ICZN",NA,NA,NA,NA,NA,NA,NA,NA,NA,NA,NA,NA,NA,NA,NA,NA,NA,NA,NA,NA,NA,NA,NA,NA,NA,NA,NA,NA,NA,NA,NA,NA,"Lake","Lake Kivu",2415288353.60194,"Enteromius apleurogramma"
"864561631","Enteromius pellegrini (Poll, 1939)",-1.7,29.25,"gass84,mdativ,rdativ,osiic,inmano","197908d0-5565-11d8-b290-b8a03c50a862","192a9ab0-5565-11d8-b290-b8a03c50a862","4346b227-ca68-4d54-8a77-909148492e0b","4c415e40-1e21-11de-9e40-a0d6ecebb8bf","SE","EML","2025-01-18T03:08:27.896+00:00","2025-02-01T00:34:00.952+00:00",268,"PRESERVED_SPECIMEN","PRESENT",9255837,1,44,1153,7336,2363128,9255837,9255837,"Enteromius pellegrini (Poll, 1939)","Animalia","Chordata","Cypriniformes","Cyprinidae","Enteromius","Enteromius pellegrini","Enteromius","pellegrini","SPECIES","ACCEPTED","LC","1943-01-01T00:00:00",NA,"AFRICA",NA,NA,NA,NA,NA,NA,NA,NA,"2025-02-01T00:34:00.952+00:00",NA,"http://creativecommons.org/licenses/by-nc/4.0/legalcode",FALSE,"FishBase:Occurrence:P - 66199-66200","none","none",FALSE,NA,"Damas H.","Poll M.","WGS84","RW","none","none","AFRICA","Rwanda","EUROPE",NA,"FishBase:Occurrence:P - 66199-66200",NA,NA,"864561631",NA,"Occurrence","FishBase:Occurrence:P - 66199-66200",NA,"P - 66199-66200","FishBase",NA,NA,NA,"Enteromius pellegrini (Poll, 1939)",NA,NA,NA,NA,NA,NA,NA,2,NA,NA,NA,"alc",NA,NA,NA,"Animalia, Chordata, Actinopterygii, Cypriniformes, Cyprinidae",NA,NA,NA,NA,NA,NA,"Kisenyi, riv. Sebeye, lac Kivu",NA,NA,NA,NA,NA,NA,NA,NA,NA,NA,NA,NA,NA,"2b7c7b4f-4d4f-40d3-94de-c28b6fa054a6",NA,NA,NA,NA,NA,NA,NA,NA,NA,NA,NA,NA,NA,NA,NA,NA,NA,NA,NA,NA,NA,NA,NA,NA,NA,NA,NA,NA,NA,NA,NA,NA,NA,NA,NA,NA,NA,NA,"ICZN",NA,NA,NA,NA,NA,NA,NA,NA,NA,NA,NA,NA,NA,NA,NA,NA,NA,NA,NA,NA,NA,NA,NA,NA,NA,NA,NA,NA,NA,NA,NA,NA,"Lake","Lake Kivu",2415288353.60194,"Enteromius pellegrini"
"864557400","Enteromius kerstenii (Peters, 1868)",-1.7,29.25,"gass84,mdativ,rdativ,osiic,inmano","197908d0-5565-11d8-b290-b8a03c50a862","192a9ab0-5565-11d8-b290-b8a03c50a862","4346b227-ca68-4d54-8a77-909148492e0b","4c415e40-1e21-11de-9e40-a0d6ecebb8bf","SE","EML","2025-01-18T03:08:27.896+00:00","2025-02-01T00:33:30.113+00:00",268,"PRESERVED_SPECIMEN","PRESENT",9461154,1,44,1153,7336,2363128,9461154,9461154,"Enteromius kerstenii (Peters, 1868)","Animalia","Chordata","Cypriniformes","Cyprinidae","Enteromius","Enteromius kerstenii","Enteromius","kerstenii","SPECIES","ACCEPTED","LC","1980-01-01T00:00:00",NA,"AFRICA",NA,NA,NA,NA,NA,NA,NA,NA,"2025-02-01T00:33:30.113+00:00",NA,"http://creativecommons.org/licenses/by-nc/4.0/legalcode",FALSE,"FishBase:Occurrence:P - 89807","none","none",FALSE,NA,"Poll M.","Thys van den Audenaerde D.","WGS84","RW","none","none","AFRICA","Rwanda","EUROPE",NA,"FishBase:Occurrence:P - 89807",NA,NA,"864557400",NA,"Occurrence","FishBase:Occurrence:P - 89807",NA,"P - 89807","FishBase",NA,NA,NA,"Enteromius kerstenii (Peters, 1868)",NA,NA,NA,NA,NA,NA,NA,1,NA,NA,NA,"alc",NA,NA,NA,"Animalia, Chordata, Actinopterygii, Cypriniformes, Cyprinidae",NA,NA,NA,NA,NA,NA,"Kisenyi, du petit port aux canots à la plage de Kisenyi, stat. 515",NA,NA,NA,NA,NA,NA,NA,NA,NA,NA,NA,NA,NA,"2b7c7b4f-4d4f-40d3-94de-c28b6fa054a6",NA,NA,NA,NA,NA,NA,NA,NA,NA,NA,NA,NA,NA,NA,NA,NA,NA,NA,NA,NA,NA,NA,NA,NA,NA,NA,NA,NA,NA,NA,NA,NA,NA,NA,NA,NA,NA,NA,"ICZN",NA,NA,NA,NA,NA,NA,NA,NA,NA,NA,NA,NA,NA,NA,NA,NA,NA,NA,NA,NA,NA,NA,NA,NA,NA,NA,NA,NA,NA,NA,NA,NA,"Lake","Lake Kivu",2415288353.60194,"Enteromius kerstenii"
"864557375","Enteromius apleurogramma (Boulenger, 1911)",-5.866667,29.266667,"cdround,gass84,mdativ,rdativ,osiic,inmano","197908d0-5565-11d8-b290-b8a03c50a862","192a9ab0-5565-11d8-b290-b8a03c50a862","4346b227-ca68-4d54-8a77-909148492e0b","4c415e40-1e21-11de-9e40-a0d6ecebb8bf","SE","EML","2025-01-18T03:08:27.896+00:00","2025-02-01T00:34:00.791+00:00",268,"PRESERVED_SPECIMEN","PRESENT",9573924,1,44,1153,7336,2363128,9573924,9573924,"Enteromius apleurogramma (Boulenger, 1911)","Animalia","Chordata","Cypriniformes","Cyprinidae","Enteromius","Enteromius apleurogramma","Enteromius","apleurogramma","SPECIES","ACCEPTED","LC","1950-01-01T00:00:00",NA,"AFRICA",NA,NA,NA,NA,NA,NA,NA,NA,"2025-02-01T00:34:00.791+00:00",NA,"http://creativecommons.org/licenses/by-nc/4.0/legalcode",FALSE,"FishBase:Occurrence:P - 89812-89813","none","none",FALSE,NA,"Poll M.","Poll M.","WGS84","CD","none","none","AFRICA","Congo, Democratic Republic of the","EUROPE",NA,"FishBase:Occurrence:P - 89812-89813",NA,NA,"864557375",NA,"Occurrence","FishBase:Occurrence:P - 89812-89813",NA,"P - 89812-89813","FishBase",NA,NA,NA,"Enteromius apleurogramma (Boulenger, 1911)",NA,NA,NA,NA,NA,NA,NA,2,NA,NA,NA,"alc",NA,NA,NA,"Animalia, Chordata, Actinopterygii, Cypriniformes, Cyprinidae",NA,NA,NA,NA,NA,NA,"bras de la Lugumba, stat. 353, créé par la saison sèche",NA,NA,NA,NA,NA,NA,NA,NA,NA,NA,NA,NA,NA,"2b7c7b4f-4d4f-40d3-94de-c28b6fa054a6",NA,NA,NA,NA,NA,NA,NA,NA,NA,NA,NA,NA,NA,NA,NA,NA,NA,NA,NA,NA,NA,NA,NA,NA,NA,NA,NA,NA,NA,NA,NA,NA,NA,NA,NA,NA,NA,NA,"ICZN",NA,NA,NA,NA,NA,NA,NA,NA,NA,NA,NA,NA,NA,NA,NA,NA,NA,NA,NA,NA,NA,NA,NA,NA,NA,NA,NA,NA,NA,NA,NA,NA,"Lake","Lake Tanganyika",32896759543.8782,"Enteromius apleurogramma"
"864557414","Enteromius taeniopleura (Boulenger, 1917)",-5.916667,29.316667,"cdround,gass84,mdativ,rdativ,osiic,inmano","197908d0-5565-11d8-b290-b8a03c50a862","192a9ab0-5565-11d8-b290-b8a03c50a862","4346b227-ca68-4d54-8a77-909148492e0b","4c415e40-1e21-11de-9e40-a0d6ecebb8bf","SE","EML","2025-01-18T03:08:27.896+00:00","2025-02-01T00:34:00.910+00:00",268,"PRESERVED_SPECIMEN","PRESENT",9357965,1,44,1153,7336,2363128,9357965,9357965,"Enteromius taeniopleura (Boulenger, 1917)","Animalia","Chordata","Cypriniformes","Cyprinidae","Enteromius","Enteromius taeniopleura","Enteromius","taeniopleura","SPECIES","ACCEPTED","LC","1950-01-01T00:00:00",NA,"AFRICA",NA,NA,NA,NA,NA,NA,NA,NA,"2025-02-01T00:34:00.910+00:00",NA,"http://creativecommons.org/licenses/by-nc/4.0/legalcode",FALSE,"FishBase:Occurrence:P - 89817-89818","none","none",FALSE,NA,"Poll M.","Poll M.","WGS84","CD","none","none","AFRICA","Congo, Democratic Republic of the","EUROPE",NA,"FishBase:Occurrence:P - 89817-89818",NA,NA,"864557414",NA,"Occurrence","FishBase:Occurrence:P - 89817-89818",NA,"P - 89817-89818","FishBase",NA,NA,NA,"Enteromius taeniopleura (Boulenger, 1917)",NA,NA,NA,NA,NA,NA,NA,2,NA,NA,NA,"alc",NA,NA,NA,"Animalia, Chordata, Actinopterygii, Cypriniformes, Cyprinidae",NA,NA,NA,NA,NA,NA,"village Amisi, région d'Albertville, riv. Lukuga",NA,NA,NA,NA,NA,NA,NA,NA,NA,NA,NA,NA,NA,"2b7c7b4f-4d4f-40d3-94de-c28b6fa054a6",NA,NA,NA,NA,NA,NA,NA,NA,NA,NA,NA,NA,NA,NA,NA,NA,NA,NA,NA,NA,NA,NA,NA,NA,NA,NA,NA,NA,NA,NA,NA,NA,NA,NA,NA,NA,NA,NA,"ICZN",NA,NA,NA,NA,NA,NA,NA,NA,NA,NA,NA,NA,NA,NA,NA,NA,NA,NA,NA,NA,NA,NA,NA,NA,NA,NA,NA,NA,NA,NA,NA,NA,"Lake","Lake Tanganyika",32896759543.8782,"Enteromius taeniopleura"
"864557385","Enteromius lufukiensis (Boulenger, 1917)",-5.916667,29.316667,"cdround,gass84,mdativ,rdativ,osiic,inmano","197908d0-5565-11d8-b290-b8a03c50a862","192a9ab0-5565-11d8-b290-b8a03c50a862","4346b227-ca68-4d54-8a77-909148492e0b","4c415e40-1e21-11de-9e40-a0d6ecebb8bf","SE","EML","2025-01-18T03:08:27.896+00:00","2025-02-01T00:34:00.910+00:00",268,"PRESERVED_SPECIMEN","PRESENT",9605377,1,44,1153,7336,2363128,9605377,9605377,"Enteromius lufukiensis (Boulenger, 1917)","Animalia","Chordata","Cypriniformes","Cyprinidae","Enteromius","Enteromius lufukiensis","Enteromius","lufukiensis","SPECIES","ACCEPTED","NT","1950-01-01T00:00:00",NA,"AFRICA",NA,NA,NA,NA,NA,NA,NA,NA,"2025-02-01T00:34:00.910+00:00",NA,"http://creativecommons.org/licenses/by-nc/4.0/legalcode",FALSE,"FishBase:Occurrence:P - 89845-89847","none","none",FALSE,NA,"Poll M.","Poll M.","WGS84","CD","none","none","AFRICA","Congo, Democratic Republic of the","EUROPE",NA,"FishBase:Occurrence:P - 89845-89847",NA,NA,"864557385",NA,"Occurrence","FishBase:Occurrence:P - 89845-89847",NA,"P - 89845-89847","FishBase",NA,NA,NA,"Enteromius lufukiensis (Boulenger, 1917)",NA,NA,NA,NA,NA,NA,NA,3,NA,NA,NA,"alc",NA,NA,NA,"Animalia, Chordata, Actinopterygii, Cypriniformes, Cyprinidae",NA,NA,NA,NA,NA,NA,"village Amisi, région d'Albertville, riv. Lukuga",NA,NA,NA,NA,NA,NA,NA,NA,NA,NA,NA,NA,NA,"2b7c7b4f-4d4f-40d3-94de-c28b6fa054a6",NA,NA,NA,NA,NA,NA,NA,NA,NA,NA,NA,NA,NA,NA,NA,NA,NA,NA,NA,NA,NA,NA,NA,NA,NA,NA,NA,NA,NA,NA,NA,NA,NA,NA,NA,NA,NA,NA,"ICZN",NA,NA,NA,NA,NA,NA,NA,NA,NA,NA,NA,NA,NA,NA,NA,NA,NA,NA,NA,NA,NA,NA,NA,NA,NA,NA,NA,NA,NA,NA,NA,NA,"Lake","Lake Tanganyika",32896759543.8782,"Enteromius lufukiensis"
"864557380","Enteromius lufukiensis (Boulenger, 1917)",-5.916667,29.316667,"cdround,gass84,mdativ,rdativ,osiic,inmano","197908d0-5565-11d8-b290-b8a03c50a862","192a9ab0-5565-11d8-b290-b8a03c50a862","4346b227-ca68-4d54-8a77-909148492e0b","4c415e40-1e21-11de-9e40-a0d6ecebb8bf","SE","EML","2025-01-18T03:08:27.896+00:00","2025-02-01T00:33:30.124+00:00",268,"PRESERVED_SPECIMEN","PRESENT",9605377,1,44,1153,7336,2363128,9605377,9605377,"Enteromius lufukiensis (Boulenger, 1917)","Animalia","Chordata","Cypriniformes","Cyprinidae","Enteromius","Enteromius lufukiensis","Enteromius","lufukiensis","SPECIES","ACCEPTED","NT","1948-01-01T00:00:00",NA,"AFRICA",NA,NA,NA,NA,NA,NA,NA,NA,"2025-02-01T00:33:30.124+00:00",NA,"http://creativecommons.org/licenses/by-nc/4.0/legalcode",FALSE,"FishBase:Occurrence:P - 89850","none","none",FALSE,NA,"Poll M.","Poll M.","WGS84","CD","none","none","AFRICA","Congo, Democratic Republic of the","EUROPE",NA,"FishBase:Occurrence:P - 89850",NA,NA,"864557380",NA,"Occurrence","FishBase:Occurrence:P - 89850",NA,"P - 89850","FishBase",NA,NA,NA,"Enteromius lufukiensis (Boulenger, 1917)",NA,NA,NA,NA,NA,NA,NA,1,NA,NA,NA,"alc",NA,NA,NA,"Animalia, Chordata, Actinopterygii, Cypriniformes, Cyprinidae",NA,NA,NA,NA,NA,NA,"village Amisi, région d'Albertville, riv. Lukuga",NA,NA,NA,NA,NA,NA,NA,NA,NA,NA,NA,NA,NA,"2b7c7b4f-4d4f-40d3-94de-c28b6fa054a6",NA,NA,NA,NA,NA,NA,NA,NA,NA,NA,NA,NA,NA,NA,NA,NA,NA,NA,NA,NA,NA,NA,NA,NA,NA,NA,NA,NA,NA,NA,NA,NA,NA,NA,NA,NA,NA,NA,"ICZN",NA,NA,NA,NA,NA,NA,NA,NA,NA,NA,NA,NA,NA,NA,NA,NA,NA,NA,NA,NA,NA,NA,NA,NA,NA,NA,NA,NA,NA,NA,NA,NA,"Lake","Lake Tanganyika",32896759543.8782,"Enteromius lufukiensis"
"864556883","Enteromius pellegrini (Poll, 1939)",-2.133333,28.866667,"cdround,gass84,mdativ,rdativ,osiic,inmano","197908d0-5565-11d8-b290-b8a03c50a862","192a9ab0-5565-11d8-b290-b8a03c50a862","4346b227-ca68-4d54-8a77-909148492e0b","4c415e40-1e21-11de-9e40-a0d6ecebb8bf","SE","EML","2025-01-18T03:08:27.896+00:00","2025-02-01T00:34:00.944+00:00",268,"PRESERVED_SPECIMEN","PRESENT",9255837,1,44,1153,7336,2363128,9255837,9255837,"Enteromius pellegrini (Poll, 1939)","Animalia","Chordata","Cypriniformes","Cyprinidae","Enteromius","Enteromius pellegrini","Enteromius","pellegrini","SPECIES","ACCEPTED","LC","1954-01-01T00:00:00",NA,"AFRICA",NA,NA,NA,NA,NA,NA,NA,NA,"2025-02-01T00:34:00.944+00:00",NA,"http://creativecommons.org/licenses/by-nc/4.0/legalcode",FALSE,"FishBase:Occurrence:P - 92369-92412","none","none",FALSE,NA,"Marlier G.","Poll M.","WGS84","CD","none","none","AFRICA","Congo, Democratic Republic of the","EUROPE",NA,"FishBase:Occurrence:P - 92369-92412",NA,NA,"864556883",NA,"Occurrence","FishBase:Occurrence:P - 92369-92412",NA,"P - 92369-92412","FishBase",NA,NA,NA,"Enteromius pellegrini (Poll, 1939)",NA,NA,NA,NA,NA,NA,NA,44,NA,NA,NA,"alc",NA,NA,NA,"Animalia, Chordata, Actinopterygii, Cypriniformes, Cyprinidae",NA,NA,NA,NA,NA,NA,"riv. Nyabarongo, afflt. lac Kivu, terr. Kalehe",NA,NA,NA,NA,NA,NA,NA,NA,NA,NA,NA,NA,NA,"2b7c7b4f-4d4f-40d3-94de-c28b6fa054a6",NA,NA,NA,NA,NA,NA,NA,NA,NA,NA,NA,NA,NA,NA,NA,NA,NA,NA,NA,NA,NA,NA,NA,NA,NA,NA,NA,NA,NA,NA,NA,NA,NA,NA,NA,NA,NA,NA,"ICZN",NA,NA,NA,NA,NA,NA,NA,NA,NA,NA,NA,NA,NA,NA,NA,NA,NA,NA,NA,NA,NA,NA,NA,NA,NA,NA,NA,NA,NA,NA,NA,NA,"Lake","Lake Kivu",2415288353.60194,"Enteromius pellegrini"
"864550700","Enteromius lineomaculatus (Boulenger, 1903)",-4.316667,29.083333,"cdround,gass84,mdativ,rdativ,osiic,inmano","197908d0-5565-11d8-b290-b8a03c50a862","192a9ab0-5565-11d8-b290-b8a03c50a862","4346b227-ca68-4d54-8a77-909148492e0b","4c415e40-1e21-11de-9e40-a0d6ecebb8bf","SE","EML","2025-01-18T03:08:27.896+00:00","2025-02-01T00:34:01.376+00:00",268,"PRESERVED_SPECIMEN","PRESENT",9582714,1,44,1153,7336,2363128,9582714,9582714,"Enteromius lineomaculatus (Boulenger, 1903)","Animalia","Chordata","Cypriniformes","Cyprinidae","Enteromius","Enteromius lineomaculatus","Enteromius","lineomaculatus","SPECIES","ACCEPTED","LC","1959-01-01T00:00:00",NA,"AFRICA",NA,NA,NA,NA,NA,NA,NA,NA,"2025-02-01T00:34:01.376+00:00",NA,"http://creativecommons.org/licenses/by-nc/4.0/legalcode",FALSE,"FishBase:Occurrence:P -125689-125718","none","none",FALSE,NA,"Matthes H.","Matthes H.","WGS84","CD","none","none","AFRICA","Congo, Democratic Republic of the","EUROPE",NA,"FishBase:Occurrence:P -125689-125718",NA,NA,"864550700",NA,"Occurrence","FishBase:Occurrence:P -125689-125718",NA,"P -125689-125718","FishBase",NA,NA,NA,"Enteromius lineomaculatus (Boulenger, 1903)",NA,NA,NA,NA,NA,NA,NA,30,NA,NA,NA,"alc",NA,NA,NA,"Animalia, Chordata, Actinopterygii, Cypriniformes, Cyprinidae",NA,NA,NA,NA,NA,NA,"riv. Niemba, baie Burton",NA,NA,NA,NA,NA,NA,NA,NA,NA,NA,NA,NA,NA,"2b7c7b4f-4d4f-40d3-94de-c28b6fa054a6",NA,NA,NA,NA,NA,NA,NA,NA,NA,NA,NA,NA,NA,NA,NA,NA,NA,NA,NA,NA,NA,NA,NA,NA,NA,NA,NA,NA,NA,NA,NA,NA,NA,NA,NA,NA,NA,NA,"ICZN",NA,NA,NA,NA,NA,NA,NA,NA,NA,NA,NA,NA,NA,NA,NA,NA,NA,NA,NA,NA,NA,NA,NA,NA,NA,NA,NA,NA,NA,NA,NA,NA,"Lake","Lake Tanganyika",32896759543.8782,"Enteromius lineomaculatus"
"864543425","Enteromius marmoratus (David & Poll, 1937)",-3.533333,29.15,"cdround,gass84,mdativ,rdativ,osiic,inmano","197908d0-5565-11d8-b290-b8a03c50a862","192a9ab0-5565-11d8-b290-b8a03c50a862","4346b227-ca68-4d54-8a77-909148492e0b","4c415e40-1e21-11de-9e40-a0d6ecebb8bf","SE","EML","2025-01-18T03:08:27.896+00:00","2025-02-01T00:34:01.605+00:00",268,"PRESERVED_SPECIMEN","PRESENT",9618047,1,44,1153,7336,2363128,9618047,9618047,"Enteromius marmoratus (David & Poll, 1937)","Animalia","Chordata","Cypriniformes","Cyprinidae","Enteromius","Enteromius marmoratus","Enteromius","marmoratus","SPECIES","ACCEPTED","LC","1977-01-01T00:00:00",NA,"AFRICA",NA,NA,NA,NA,NA,NA,NA,NA,"2025-02-01T00:34:01.605+00:00",NA,"http://creativecommons.org/licenses/by-nc/4.0/legalcode",FALSE,"FishBase:Occurrence:P -178382-178383","none","none",FALSE,NA,"Kiss R.","Banister K.E.","WGS84","CD","none","none","AFRICA","Congo, Democratic Republic of the","EUROPE",NA,"FishBase:Occurrence:P -178382-178383",NA,NA,"864543425",NA,"Occurrence","FishBase:Occurrence:P -178382-178383",NA,"P -178382-178383","FishBase",NA,NA,NA,"Enteromius marmoratus (David & Poll, 1937)",NA,NA,NA,NA,NA,NA,NA,2,NA,NA,NA,"alc",NA,NA,NA,"Animalia, Chordata, Actinopterygii, Cypriniformes, Cyprinidae",NA,NA,NA,NA,NA,NA,"Mbemba, 26 km d'Uvira, lac Tanganika",NA,NA,NA,NA,NA,NA,NA,NA,NA,NA,NA,NA,NA,"2b7c7b4f-4d4f-40d3-94de-c28b6fa054a6",NA,NA,NA,NA,NA,NA,NA,NA,NA,NA,NA,NA,NA,NA,NA,NA,NA,NA,NA,NA,NA,NA,NA,NA,NA,NA,NA,NA,NA,NA,NA,NA,NA,NA,NA,NA,NA,NA,"ICZN",NA,NA,NA,NA,NA,NA,NA,NA,NA,NA,NA,NA,NA,NA,NA,NA,NA,NA,NA,NA,NA,NA,NA,NA,NA,NA,NA,NA,NA,NA,NA,NA,"Lake","Lake Tanganyika",32896759543.8782,"Enteromius marmoratus"
"864542234","Enteromius paludinosus (Peters, 1852)",-7.966667,31.916667,"cdround,gass84,mdativ,rdativ,osiic,inmano","197908d0-5565-11d8-b290-b8a03c50a862","192a9ab0-5565-11d8-b290-b8a03c50a862","4346b227-ca68-4d54-8a77-909148492e0b","4c415e40-1e21-11de-9e40-a0d6ecebb8bf","SE","EML","2025-01-18T03:08:27.896+00:00","2025-02-01T00:34:01.653+00:00",268,"PRESERVED_SPECIMEN","PRESENT",9264695,1,44,1153,7336,2363128,9264695,9264695,"Enteromius paludinosus (Peters, 1852)","Animalia","Chordata","Cypriniformes","Cyprinidae","Enteromius","Enteromius paludinosus","Enteromius","paludinosus","SPECIES","ACCEPTED","LC","1966-01-01T00:00:00",NA,"AFRICA",NA,NA,NA,NA,NA,NA,NA,NA,"2025-02-01T00:34:01.653+00:00",NA,"http://creativecommons.org/licenses/by-nc/4.0/legalcode",FALSE,"FishBase:Occurrence:P -191700-191738","none","none",FALSE,NA,"Matthes H.","Matthes H.","WGS84","TZ","none","none","AFRICA","Tanzania, United Republic of","EUROPE",NA,"FishBase:Occurrence:P -191700-191738",NA,NA,"864542234",NA,"Occurrence","FishBase:Occurrence:P -191700-191738",NA,"P -191700-191738","FishBase",NA,NA,NA,"Enteromius paludinosus (Peters, 1852)",NA,NA,NA,NA,NA,NA,NA,39,NA,NA,NA,"alc",NA,NA,NA,"Animalia, Chordata, Actinopterygii, Cypriniformes, Cyprinidae",NA,NA,NA,NA,NA,NA,"Mail river, Kawimbe road, Rukwa bassin",NA,NA,NA,NA,NA,NA,NA,NA,NA,NA,NA,NA,NA,"2b7c7b4f-4d4f-40d3-94de-c28b6fa054a6",NA,NA,NA,NA,NA,NA,NA,NA,NA,NA,NA,NA,NA,NA,NA,NA,NA,NA,NA,NA,NA,NA,NA,NA,NA,NA,NA,NA,NA,NA,NA,NA,NA,NA,NA,NA,NA,NA,"ICZN",NA,NA,NA,NA,NA,NA,NA,NA,NA,NA,NA,NA,NA,NA,NA,NA,NA,NA,NA,NA,NA,NA,NA,NA,NA,NA,NA,NA,NA,NA,NA,NA,"Lake","Lake Rukwa",1945731474.02274,"Enteromius paludinosus"
"864532618","Enteromius neumayeri (Fischer, 1884)",1.4,30.466667,"cdround,gass84,mdativ,rdativ,osiic,inmano","197908d0-5565-11d8-b290-b8a03c50a862","192a9ab0-5565-11d8-b290-b8a03c50a862","4346b227-ca68-4d54-8a77-909148492e0b","4c415e40-1e21-11de-9e40-a0d6ecebb8bf","SE","EML","2025-01-18T03:08:27.896+00:00","2025-02-01T00:34:02.012+00:00",268,"PRESERVED_SPECIMEN","PRESENT",9414131,1,44,1153,7336,2363128,9414131,9414131,"Enteromius neumayeri (Fischer, 1884)","Animalia","Chordata","Cypriniformes","Cyprinidae","Enteromius","Enteromius neumayeri","Enteromius","neumayeri","SPECIES","ACCEPTED","LC","1960-01-01T00:00:00",NA,"AFRICA",NA,NA,NA,NA,NA,NA,NA,NA,"2025-02-01T00:34:02.012+00:00",NA,"http://creativecommons.org/licenses/by-nc/4.0/legalcode",FALSE,"FishBase:Occurrence:P 77025.021277025.0216","none","none",FALSE,NA,"Lambert J.","Lambert J.","WGS84","CD","none","none","AFRICA","Congo, Democratic Republic of the","EUROPE",NA,"FishBase:Occurrence:P 77025.021277025.0216",NA,NA,"864532618",NA,"Occurrence","FishBase:Occurrence:P 77025.021277025.0216",NA,"P 77025.021277025.0216","FishBase",NA,NA,NA,"Enteromius neumayeri (Fischer, 1884)",NA,NA,NA,NA,NA,NA,NA,5,NA,NA,NA,"alc",NA,NA,NA,"Animalia, Chordata, Actinopterygii, Cypriniformes, Cyprinidae",NA,NA,NA,NA,NA,NA,"riv. Ndrige, terr. de Bunia",NA,NA,NA,NA,NA,NA,NA,NA,NA,NA,NA,NA,NA,"2b7c7b4f-4d4f-40d3-94de-c28b6fa054a6",NA,NA,NA,NA,NA,NA,NA,NA,NA,NA,NA,NA,NA,NA,NA,NA,NA,NA,NA,NA,NA,NA,NA,NA,NA,NA,NA,NA,NA,NA,NA,NA,NA,NA,NA,NA,NA,NA,"ICZN",NA,NA,NA,NA,NA,NA,NA,NA,NA,NA,NA,NA,NA,NA,NA,NA,NA,NA,NA,NA,NA,NA,NA,NA,NA,NA,NA,NA,NA,NA,NA,NA,"Lake","Lake Albert",5404605008.37131,"Enteromius neumayeri"
"864532626","Enteromius trinotatus (Fowler, 1936)",1.4,30.466667,"cdround,gass84,mdativ,rdativ,osiic,inmano","197908d0-5565-11d8-b290-b8a03c50a862","192a9ab0-5565-11d8-b290-b8a03c50a862","4346b227-ca68-4d54-8a77-909148492e0b","4c415e40-1e21-11de-9e40-a0d6ecebb8bf","SE","EML","2025-01-18T03:08:27.896+00:00","2025-02-01T00:34:02.021+00:00",268,"PRESERVED_SPECIMEN","PRESENT",9342002,1,44,1153,7336,2363128,9342002,9342002,"Enteromius trinotatus (Fowler, 1936)","Animalia","Chordata","Cypriniformes","Cyprinidae","Enteromius","Enteromius trinotatus","Enteromius","trinotatus","SPECIES","ACCEPTED","LC","1960-01-01T00:00:00",NA,"AFRICA",NA,NA,NA,NA,NA,NA,NA,NA,"2025-02-01T00:34:02.021+00:00",NA,"http://creativecommons.org/licenses/by-nc/4.0/legalcode",FALSE,"FishBase:Occurrence:P 77025.021777025.0218","none","none",FALSE,NA,"Lambert J.","Lambert J.","WGS84","CD","none","none","AFRICA","Congo, Democratic Republic of the","EUROPE",NA,"FishBase:Occurrence:P 77025.021777025.0218",NA,NA,"864532626",NA,"Occurrence","FishBase:Occurrence:P 77025.021777025.0218",NA,"P 77025.021777025.0218","FishBase",NA,NA,NA,"Enteromius trinotatus (Fowler, 1936)",NA,NA,NA,NA,NA,NA,NA,2,NA,NA,NA,"alc",NA,NA,NA,"Animalia, Chordata, Actinopterygii, Cypriniformes, Cyprinidae",NA,NA,NA,NA,NA,NA,"riv. Ndrige, terr. de Bunia",NA,NA,NA,NA,NA,NA,NA,NA,NA,NA,NA,NA,NA,"2b7c7b4f-4d4f-40d3-94de-c28b6fa054a6",NA,NA,NA,NA,NA,NA,NA,NA,NA,NA,NA,NA,NA,NA,NA,NA,NA,NA,NA,NA,NA,NA,NA,NA,NA,NA,NA,NA,NA,NA,NA,NA,NA,NA,NA,NA,NA,NA,"ICZN",NA,NA,NA,NA,NA,NA,NA,NA,NA,NA,NA,NA,NA,NA,NA,NA,NA,NA,NA,NA,NA,NA,NA,NA,NA,NA,NA,NA,NA,NA,NA,NA,"Lake","Lake Albert",5404605008.37131,"Enteromius trinotatus"
"864532646","Enteromius stigmatopygus (Boulenger, 1903)",1.4,30.466667,"cdround,gass84,mdativ,rdativ,osiic,inmano","197908d0-5565-11d8-b290-b8a03c50a862","192a9ab0-5565-11d8-b290-b8a03c50a862","4346b227-ca68-4d54-8a77-909148492e0b","4c415e40-1e21-11de-9e40-a0d6ecebb8bf","SE","EML","2025-01-18T03:08:27.896+00:00","2025-02-01T00:33:57.022+00:00",268,"PRESERVED_SPECIMEN","PRESENT",9326520,1,44,1153,7336,2363128,9326520,9326520,"Enteromius stigmatopygus (Boulenger, 1903)","Animalia","Chordata","Cypriniformes","Cyprinidae","Enteromius","Enteromius stigmatopygus","Enteromius","stigmatopygus","SPECIES","ACCEPTED","LC","1960-01-01T00:00:00",NA,"AFRICA",NA,NA,NA,NA,NA,NA,NA,NA,"2025-02-01T00:33:57.022+00:00",NA,"http://creativecommons.org/licenses/by-nc/4.0/legalcode",FALSE,"FishBase:Occurrence:P 77025.0220","none","none",FALSE,NA,"Lambert J.","Lambert J.","WGS84","CD","none","none","AFRICA","Congo, Democratic Republic of the","EUROPE",NA,"FishBase:Occurrence:P 77025.0220",NA,NA,"864532646",NA,"Occurrence","FishBase:Occurrence:P 77025.0220",NA,"P 77025.0220","FishBase",NA,NA,NA,"Enteromius stigmatopygus (Boulenger, 1903)",NA,NA,NA,NA,NA,NA,NA,1,NA,NA,NA,"alc",NA,NA,NA,"Animalia, Chordata, Actinopterygii, Cypriniformes, Cyprinidae",NA,NA,NA,NA,NA,NA,"riv. Ndrige, terr. de Bunia",NA,NA,NA,NA,NA,NA,NA,NA,NA,NA,NA,NA,NA,"2b7c7b4f-4d4f-40d3-94de-c28b6fa054a6",NA,NA,NA,NA,NA,NA,NA,NA,NA,NA,NA,NA,NA,NA,NA,NA,NA,NA,NA,NA,NA,NA,NA,NA,NA,NA,NA,NA,NA,NA,NA,NA,NA,NA,NA,NA,NA,NA,"ICZN",NA,NA,NA,NA,NA,NA,NA,NA,NA,NA,NA,NA,NA,NA,NA,NA,NA,NA,NA,NA,NA,NA,NA,NA,NA,NA,NA,NA,NA,NA,NA,NA,"Lake","Lake Albert",5404605008.37131,"Enteromius stigmatopygus"
"864530197","Enteromius kerstenii (Peters, 1868)",-1.7,29.25,"gass84,mdativ,rdativ,osiic,inmano","197908d0-5565-11d8-b290-b8a03c50a862","192a9ab0-5565-11d8-b290-b8a03c50a862","4346b227-ca68-4d54-8a77-909148492e0b","4c415e40-1e21-11de-9e40-a0d6ecebb8bf","SE","EML","2025-01-18T03:08:27.896+00:00","2025-02-01T00:33:56.212+00:00",268,"PRESERVED_SPECIMEN","PRESENT",9461154,1,44,1153,7336,2363128,9461154,9461154,"Enteromius kerstenii (Peters, 1868)","Animalia","Chordata","Cypriniformes","Cyprinidae","Enteromius","Enteromius kerstenii","Enteromius","kerstenii","SPECIES","ACCEPTED","LC","1980-01-01T00:00:00",NA,"AFRICA",NA,NA,NA,NA,NA,NA,NA,NA,"2025-02-01T00:33:56.212+00:00",NA,"http://creativecommons.org/licenses/by-nc/4.0/legalcode",FALSE,"FishBase:Occurrence:P 79031.1058","none","none",FALSE,NA,"Exp. Murakoze","Thys van den Audenaerde D.","WGS84","RW","none","none","AFRICA","Rwanda","EUROPE",NA,"FishBase:Occurrence:P 79031.1058",NA,NA,"864530197",NA,"Occurrence","FishBase:Occurrence:P 79031.1058",NA,"P 79031.1058","FishBase",NA,NA,NA,"Enteromius kerstenii (Peters, 1868)",NA,NA,NA,NA,NA,NA,NA,1,NA,NA,NA,"alc",NA,NA,NA,"Animalia, Chordata, Actinopterygii, Cypriniformes, Cyprinidae",NA,NA,NA,NA,NA,NA,"Gissenyi, monding rivier Sebeya, lac Kivu",NA,NA,NA,NA,NA,NA,NA,NA,NA,NA,NA,NA,NA,"2b7c7b4f-4d4f-40d3-94de-c28b6fa054a6",NA,NA,NA,NA,NA,NA,NA,NA,NA,NA,NA,NA,NA,NA,NA,NA,NA,NA,NA,NA,NA,NA,NA,NA,NA,NA,NA,NA,NA,NA,NA,NA,NA,NA,NA,NA,NA,NA,"ICZN",NA,NA,NA,NA,NA,NA,NA,NA,NA,NA,NA,NA,NA,NA,NA,NA,NA,NA,NA,NA,NA,NA,NA,NA,NA,NA,NA,NA,NA,NA,NA,NA,"Lake","Lake Kivu",2415288353.60194,"Enteromius kerstenii"
"864530186","Enteromius kerstenii (Peters, 1868)",-1.7,29.25,"gass84,mdativ,rdativ,osiic,inmano","197908d0-5565-11d8-b290-b8a03c50a862","192a9ab0-5565-11d8-b290-b8a03c50a862","4346b227-ca68-4d54-8a77-909148492e0b","4c415e40-1e21-11de-9e40-a0d6ecebb8bf","SE","EML","2025-01-18T03:08:27.896+00:00","2025-02-01T00:34:02.116+00:00",268,"PRESERVED_SPECIMEN","PRESENT",9461154,1,44,1153,7336,2363128,9461154,9461154,"Enteromius kerstenii (Peters, 1868)","Animalia","Chordata","Cypriniformes","Cyprinidae","Enteromius","Enteromius kerstenii","Enteromius","kerstenii","SPECIES","ACCEPTED","LC","1980-01-01T00:00:00",NA,"AFRICA",NA,NA,NA,NA,NA,NA,NA,NA,"2025-02-01T00:34:02.116+00:00",NA,"http://creativecommons.org/licenses/by-nc/4.0/legalcode",FALSE,"FishBase:Occurrence:P 79031.117379031.1203","none","none",FALSE,NA,"Exp. Murakoze","Thys van den Audenaerde D.","WGS84","RW","none","none","AFRICA","Rwanda","EUROPE",NA,"FishBase:Occurrence:P 79031.117379031.1203",NA,NA,"864530186",NA,"Occurrence","FishBase:Occurrence:P 79031.117379031.1203",NA,"P 79031.117379031.1203","FishBase",NA,NA,NA,"Enteromius kerstenii (Peters, 1868)",NA,NA,NA,NA,NA,NA,NA,31,NA,NA,NA,"alc",NA,NA,NA,"Animalia, Chordata, Actinopterygii, Cypriniformes, Cyprinidae",NA,NA,NA,NA,NA,NA,"Gissenyi, monding rivier Sebeya, lac Kivu",NA,NA,NA,NA,NA,NA,NA,NA,NA,NA,NA,NA,NA,"2b7c7b4f-4d4f-40d3-94de-c28b6fa054a6",NA,NA,NA,NA,NA,NA,NA,NA,NA,NA,NA,NA,NA,NA,NA,NA,NA,NA,NA,NA,NA,NA,NA,NA,NA,NA,NA,NA,NA,NA,NA,NA,NA,NA,NA,NA,NA,NA,"ICZN",NA,NA,NA,NA,NA,NA,NA,NA,NA,NA,NA,NA,NA,NA,NA,NA,NA,NA,NA,NA,NA,NA,NA,NA,NA,NA,NA,NA,NA,NA,NA,NA,"Lake","Lake Kivu",2415288353.60194,"Enteromius kerstenii"
"864530148","Enteromius kerstenii (Peters, 1868)",-1.7,29.25,"gass84,mdativ,rdativ,osiic,inmano","197908d0-5565-11d8-b290-b8a03c50a862","192a9ab0-5565-11d8-b290-b8a03c50a862","4346b227-ca68-4d54-8a77-909148492e0b","4c415e40-1e21-11de-9e40-a0d6ecebb8bf","SE","EML","2025-01-18T03:08:27.896+00:00","2025-02-01T00:34:02.114+00:00",268,"PRESERVED_SPECIMEN","PRESENT",9461154,1,44,1153,7336,2363128,9461154,9461154,"Enteromius kerstenii (Peters, 1868)","Animalia","Chordata","Cypriniformes","Cyprinidae","Enteromius","Enteromius kerstenii","Enteromius","kerstenii","SPECIES","ACCEPTED","LC","1980-01-01T00:00:00",NA,"AFRICA",NA,NA,NA,NA,NA,NA,NA,NA,"2025-02-01T00:34:02.114+00:00",NA,"http://creativecommons.org/licenses/by-nc/4.0/legalcode",FALSE,"FishBase:Occurrence:P 79031.125879031.1261","none","none",FALSE,NA,"Exp. Murakoze","Thys van den Audenaerde D.","WGS84","RW","none","none","AFRICA","Rwanda","EUROPE",NA,"FishBase:Occurrence:P 79031.125879031.1261",NA,NA,"864530148",NA,"Occurrence","FishBase:Occurrence:P 79031.125879031.1261",NA,"P 79031.125879031.1261","FishBase",NA,NA,NA,"Enteromius kerstenii (Peters, 1868)",NA,NA,NA,NA,NA,NA,NA,4,NA,NA,NA,"alc",NA,NA,NA,"Animalia, Chordata, Actinopterygii, Cypriniformes, Cyprinidae",NA,NA,NA,NA,NA,NA,"Gissenyi, strand, Kivu meer",NA,NA,NA,NA,NA,NA,NA,NA,NA,NA,NA,NA,NA,"2b7c7b4f-4d4f-40d3-94de-c28b6fa054a6",NA,NA,NA,NA,NA,NA,NA,NA,NA,NA,NA,NA,NA,NA,NA,NA,NA,NA,NA,NA,NA,NA,NA,NA,NA,NA,NA,NA,NA,NA,NA,NA,NA,NA,NA,NA,NA,NA,"ICZN",NA,NA,NA,NA,NA,NA,NA,NA,NA,NA,NA,NA,NA,NA,NA,NA,NA,NA,NA,NA,NA,NA,NA,NA,NA,NA,NA,NA,NA,NA,NA,NA,"Lake","Lake Kivu",2415288353.60194,"Enteromius kerstenii"
"864530144","Enteromius kerstenii (Peters, 1868)",-1.7,29.25,"gass84,mdativ,rdativ,osiic,inmano","197908d0-5565-11d8-b290-b8a03c50a862","192a9ab0-5565-11d8-b290-b8a03c50a862","4346b227-ca68-4d54-8a77-909148492e0b","4c415e40-1e21-11de-9e40-a0d6ecebb8bf","SE","EML","2025-01-18T03:08:27.896+00:00","2025-02-01T00:34:02.116+00:00",268,"PRESERVED_SPECIMEN","PRESENT",9461154,1,44,1153,7336,2363128,9461154,9461154,"Enteromius kerstenii (Peters, 1868)","Animalia","Chordata","Cypriniformes","Cyprinidae","Enteromius","Enteromius kerstenii","Enteromius","kerstenii","SPECIES","ACCEPTED","LC","1980-01-01T00:00:00",NA,"AFRICA",NA,NA,NA,NA,NA,NA,NA,NA,"2025-02-01T00:34:02.116+00:00",NA,"http://creativecommons.org/licenses/by-nc/4.0/legalcode",FALSE,"FishBase:Occurrence:P 79031.126379031.1281","none","none",FALSE,NA,"Exp. Murakoze","Thys van den Audenaerde D.","WGS84","RW","none","none","AFRICA","Rwanda","EUROPE",NA,"FishBase:Occurrence:P 79031.126379031.1281",NA,NA,"864530144",NA,"Occurrence","FishBase:Occurrence:P 79031.126379031.1281",NA,"P 79031.126379031.1281","FishBase",NA,NA,NA,"Enteromius kerstenii (Peters, 1868)",NA,NA,NA,NA,NA,NA,NA,19,NA,NA,NA,"alc",NA,NA,NA,"Animalia, Chordata, Actinopterygii, Cypriniformes, Cyprinidae",NA,NA,NA,NA,NA,NA,"Gissenyi, monding rivier Sebeya, lac Kivu",NA,NA,NA,NA,NA,NA,NA,NA,NA,NA,NA,NA,NA,"2b7c7b4f-4d4f-40d3-94de-c28b6fa054a6",NA,NA,NA,NA,NA,NA,NA,NA,NA,NA,NA,NA,NA,NA,NA,NA,NA,NA,NA,NA,NA,NA,NA,NA,NA,NA,NA,NA,NA,NA,NA,NA,NA,NA,NA,NA,NA,NA,"ICZN",NA,NA,NA,NA,NA,NA,NA,NA,NA,NA,NA,NA,NA,NA,NA,NA,NA,NA,NA,NA,NA,NA,NA,NA,NA,NA,NA,NA,NA,NA,NA,NA,"Lake","Lake Kivu",2415288353.60194,"Enteromius kerstenii"
"864530184","Enteromius kerstenii (Peters, 1868)",-1.7,29.25,"gass84,mdativ,rdativ,osiic,inmano","197908d0-5565-11d8-b290-b8a03c50a862","192a9ab0-5565-11d8-b290-b8a03c50a862","4346b227-ca68-4d54-8a77-909148492e0b","4c415e40-1e21-11de-9e40-a0d6ecebb8bf","SE","EML","2025-01-18T03:08:27.896+00:00","2025-02-01T00:34:02.129+00:00",268,"PRESERVED_SPECIMEN","PRESENT",9461154,1,44,1153,7336,2363128,9461154,9461154,"Enteromius kerstenii (Peters, 1868)","Animalia","Chordata","Cypriniformes","Cyprinidae","Enteromius","Enteromius kerstenii","Enteromius","kerstenii","SPECIES","ACCEPTED","LC","1980-01-01T00:00:00",NA,"AFRICA",NA,NA,NA,NA,NA,NA,NA,NA,"2025-02-01T00:34:02.129+00:00",NA,"http://creativecommons.org/licenses/by-nc/4.0/legalcode",FALSE,"FishBase:Occurrence:P 79031.128279031.1283","none","none",FALSE,NA,"Exp. Murakoze","Thys van den Audenaerde D.","WGS84","RW","none","none","AFRICA","Rwanda","EUROPE",NA,"FishBase:Occurrence:P 79031.128279031.1283",NA,NA,"864530184",NA,"Occurrence","FishBase:Occurrence:P 79031.128279031.1283",NA,"P 79031.128279031.1283","FishBase",NA,NA,NA,"Enteromius kerstenii (Peters, 1868)",NA,NA,NA,NA,NA,NA,NA,2,NA,NA,NA,"alc",NA,NA,NA,"Animalia, Chordata, Actinopterygii, Cypriniformes, Cyprinidae",NA,NA,NA,NA,NA,NA,"Gissenyi, monding rivier Sebeya, lac Kivu",NA,NA,NA,NA,NA,NA,NA,NA,NA,NA,NA,NA,NA,"2b7c7b4f-4d4f-40d3-94de-c28b6fa054a6",NA,NA,NA,NA,NA,NA,NA,NA,NA,NA,NA,NA,NA,NA,NA,NA,NA,NA,NA,NA,NA,NA,NA,NA,NA,NA,NA,NA,NA,NA,NA,NA,NA,NA,NA,NA,NA,NA,"ICZN",NA,NA,NA,NA,NA,NA,NA,NA,NA,NA,NA,NA,NA,NA,NA,NA,NA,NA,NA,NA,NA,NA,NA,NA,NA,NA,NA,NA,NA,NA,NA,NA,"Lake","Lake Kivu",2415288353.60194,"Enteromius kerstenii"
"864529639","Enteromius arcislongae (Keilhack, 1908)",-12.383333,34.7,"cdround,gass84,mdativ,rdativ,osiic,inmano","197908d0-5565-11d8-b290-b8a03c50a862","192a9ab0-5565-11d8-b290-b8a03c50a862","4346b227-ca68-4d54-8a77-909148492e0b","4c415e40-1e21-11de-9e40-a0d6ecebb8bf","SE","EML","2025-01-18T03:08:27.896+00:00","2025-02-01T00:34:02.134+00:00",268,"PRESERVED_SPECIMEN","PRESENT",9293942,1,44,1153,7336,2363128,9293942,9293942,"Enteromius arcislongae (Keilhack, 1908)","Animalia","Chordata","Cypriniformes","Cyprinidae","Enteromius","Enteromius arcislongae","Enteromius","arcislongae","SPECIES","ACCEPTED","LC","1992-01-01T00:00:00",NA,"AFRICA",NA,NA,NA,NA,NA,NA,NA,NA,"2025-02-01T00:34:02.134+00:00",NA,"http://creativecommons.org/licenses/by-nc/4.0/legalcode",FALSE,"FishBase:Occurrence:P 79040.041879040.0419","none","none",FALSE,NA,"Brichard P.","De Vos L.","WGS84","MZ","none","none","AFRICA","Mozambique","EUROPE",NA,"FishBase:Occurrence:P 79040.041879040.0419",NA,NA,"864529639",NA,"Occurrence","FishBase:Occurrence:P 79040.041879040.0419",NA,"P 79040.041879040.0419","FishBase",NA,NA,NA,"Enteromius arcislongae (Keilhack, 1908)",NA,NA,NA,NA,NA,NA,NA,2,NA,NA,NA,"alc",NA,NA,NA,"Animalia, Chordata, Actinopterygii, Cypriniformes, Cyprinidae",NA,NA,NA,NA,NA,NA,"4 km nord de la baie de Nego, lac Nyassa",NA,NA,NA,NA,NA,NA,NA,NA,NA,NA,NA,NA,NA,"2b7c7b4f-4d4f-40d3-94de-c28b6fa054a6",NA,NA,NA,NA,NA,NA,NA,NA,NA,NA,NA,NA,NA,NA,NA,NA,NA,NA,NA,NA,NA,NA,NA,NA,NA,NA,NA,NA,NA,NA,NA,NA,NA,NA,NA,NA,NA,NA,"ICZN",NA,NA,NA,NA,NA,NA,NA,NA,NA,NA,NA,NA,NA,NA,NA,NA,NA,NA,NA,NA,NA,NA,NA,NA,NA,NA,NA,NA,NA,NA,NA,NA,"Lake","Lake Malawi",28951795749.1886,"Enteromius arcislongae"
"864528466","Enteromius kerstenii (Peters, 1868)",-1.7,29.25,"gass84,mdativ,rdativ,osiic,inmano","197908d0-5565-11d8-b290-b8a03c50a862","192a9ab0-5565-11d8-b290-b8a03c50a862","4346b227-ca68-4d54-8a77-909148492e0b","4c415e40-1e21-11de-9e40-a0d6ecebb8bf","SE","EML","2025-01-18T03:08:27.896+00:00","2025-02-01T00:34:02.180+00:00",268,"PRESERVED_SPECIMEN","PRESENT",9461154,1,44,1153,7336,2363128,9461154,9461154,"Enteromius kerstenii (Peters, 1868)","Animalia","Chordata","Cypriniformes","Cyprinidae","Enteromius","Enteromius kerstenii","Enteromius","kerstenii","SPECIES","ACCEPTED","LC","1981-01-01T00:00:00",NA,"AFRICA",NA,NA,NA,NA,NA,NA,NA,NA,"2025-02-01T00:34:02.180+00:00",NA,"http://creativecommons.org/licenses/by-nc/4.0/legalcode",FALSE,"FishBase:Occurrence:P 80049.242180049.2429","none","none",FALSE,NA,"Exp. Murakoze 3","Coenen E.","WGS84","RW","none","none","AFRICA","Rwanda","EUROPE",NA,"FishBase:Occurrence:P 80049.242180049.2429",NA,NA,"864528466",NA,"Occurrence","FishBase:Occurrence:P 80049.242180049.2429",NA,"P 80049.242180049.2429","FishBase",NA,NA,NA,"Enteromius kerstenii (Peters, 1868)",NA,NA,NA,NA,NA,NA,NA,9,NA,NA,NA,"alc",NA,NA,NA,"Animalia, Chordata, Actinopterygii, Cypriniformes, Cyprinidae",NA,NA,NA,NA,NA,NA,"Gisenyi, voor visserij F.A.O., Kivu meer",NA,NA,NA,NA,NA,NA,NA,NA,NA,NA,NA,NA,NA,"2b7c7b4f-4d4f-40d3-94de-c28b6fa054a6",NA,NA,NA,NA,NA,NA,NA,NA,NA,NA,NA,NA,NA,NA,NA,NA,NA,NA,NA,NA,NA,NA,NA,NA,NA,NA,NA,NA,NA,NA,NA,NA,NA,NA,NA,NA,NA,NA,"ICZN",NA,NA,NA,NA,NA,NA,NA,NA,NA,NA,NA,NA,NA,NA,NA,NA,NA,NA,NA,NA,NA,NA,NA,NA,NA,NA,NA,NA,NA,NA,NA,NA,"Lake","Lake Kivu",2415288353.60194,"Enteromius kerstenii"
"864528546","Enteromius kerstenii (Peters, 1868)",-1.7,29.25,"gass84,mdativ,rdativ,osiic,inmano","197908d0-5565-11d8-b290-b8a03c50a862","192a9ab0-5565-11d8-b290-b8a03c50a862","4346b227-ca68-4d54-8a77-909148492e0b","4c415e40-1e21-11de-9e40-a0d6ecebb8bf","SE","EML","2025-01-18T03:08:27.896+00:00","2025-02-01T00:34:02.091+00:00",268,"PRESERVED_SPECIMEN","PRESENT",9461154,1,44,1153,7336,2363128,9461154,9461154,"Enteromius kerstenii (Peters, 1868)","Animalia","Chordata","Cypriniformes","Cyprinidae","Enteromius","Enteromius kerstenii","Enteromius","kerstenii","SPECIES","ACCEPTED","LC","1981-01-01T00:00:00",NA,"AFRICA",NA,NA,NA,NA,NA,NA,NA,NA,"2025-02-01T00:34:02.091+00:00",NA,"http://creativecommons.org/licenses/by-nc/4.0/legalcode",FALSE,"FishBase:Occurrence:P 80049.378480049.3795","none","none",FALSE,NA,"Exp. Murakoze 3","Coenen E.","WGS84","RW","none","none","AFRICA","Rwanda","EUROPE",NA,"FishBase:Occurrence:P 80049.378480049.3795",NA,NA,"864528546",NA,"Occurrence","FishBase:Occurrence:P 80049.378480049.3795",NA,"P 80049.378480049.3795","FishBase",NA,NA,NA,"Enteromius kerstenii (Peters, 1868)",NA,NA,NA,NA,NA,NA,NA,12,NA,NA,NA,"alc",NA,NA,NA,"Animalia, Chordata, Actinopterygii, Cypriniformes, Cyprinidae",NA,NA,NA,NA,NA,NA,"Gisenyi, 0-12 km van Gisenyi, Kivu meer",NA,NA,NA,NA,NA,NA,NA,NA,NA,NA,NA,NA,NA,"2b7c7b4f-4d4f-40d3-94de-c28b6fa054a6",NA,NA,NA,NA,NA,NA,NA,NA,NA,NA,NA,NA,NA,NA,NA,NA,NA,NA,NA,NA,NA,NA,NA,NA,NA,NA,NA,NA,NA,NA,NA,NA,NA,NA,NA,NA,NA,NA,"ICZN",NA,NA,NA,NA,NA,NA,NA,NA,NA,NA,NA,NA,NA,NA,NA,NA,NA,NA,NA,NA,NA,NA,NA,NA,NA,NA,NA,NA,NA,NA,NA,NA,"Lake","Lake Kivu",2415288353.60194,"Enteromius kerstenii"
"864528498","Enteromius kerstenii (Peters, 1868)",-1.7,29.25,"gass84,mdativ,rdativ,osiic,inmano","197908d0-5565-11d8-b290-b8a03c50a862","192a9ab0-5565-11d8-b290-b8a03c50a862","4346b227-ca68-4d54-8a77-909148492e0b","4c415e40-1e21-11de-9e40-a0d6ecebb8bf","SE","EML","2025-01-18T03:08:27.896+00:00","2025-02-01T00:34:02.101+00:00",268,"PRESERVED_SPECIMEN","PRESENT",9461154,1,44,1153,7336,2363128,9461154,9461154,"Enteromius kerstenii (Peters, 1868)","Animalia","Chordata","Cypriniformes","Cyprinidae","Enteromius","Enteromius kerstenii","Enteromius","kerstenii","SPECIES","ACCEPTED","LC","1981-01-01T00:00:00",NA,"AFRICA",NA,NA,NA,NA,NA,NA,NA,NA,"2025-02-01T00:34:02.101+00:00",NA,"http://creativecommons.org/licenses/by-nc/4.0/legalcode",FALSE,"FishBase:Occurrence:P 80049.379680049.4174","none","none",FALSE,NA,"Exp. Murakoze 3","Coenen E.","WGS84","RW","none","none","AFRICA","Rwanda","EUROPE",NA,"FishBase:Occurrence:P 80049.379680049.4174",NA,NA,"864528498",NA,"Occurrence","FishBase:Occurrence:P 80049.379680049.4174",NA,"P 80049.379680049.4174","FishBase",NA,NA,NA,"Enteromius kerstenii (Peters, 1868)",NA,NA,NA,NA,NA,NA,NA,379,NA,NA,NA,"alc",NA,NA,NA,"Animalia, Chordata, Actinopterygii, Cypriniformes, Cyprinidae",NA,NA,NA,NA,NA,NA,"Gisenyi, 0-10 km van Gisenyi, Kivu meer",NA,NA,NA,NA,NA,NA,NA,NA,NA,NA,NA,NA,NA,"2b7c7b4f-4d4f-40d3-94de-c28b6fa054a6",NA,NA,NA,NA,NA,NA,NA,NA,NA,NA,NA,NA,NA,NA,NA,NA,NA,NA,NA,NA,NA,NA,NA,NA,NA,NA,NA,NA,NA,NA,NA,NA,NA,NA,NA,NA,NA,NA,"ICZN",NA,NA,NA,NA,NA,NA,NA,NA,NA,NA,NA,NA,NA,NA,NA,NA,NA,NA,NA,NA,NA,NA,NA,NA,NA,NA,NA,NA,NA,NA,NA,NA,"Lake","Lake Kivu",2415288353.60194,"Enteromius kerstenii"
"864527744","Enteromius kerstenii (Peters, 1868)",-1.7,29.25,"gass84,mdativ,rdativ,osiic,inmano","197908d0-5565-11d8-b290-b8a03c50a862","192a9ab0-5565-11d8-b290-b8a03c50a862","4346b227-ca68-4d54-8a77-909148492e0b","4c415e40-1e21-11de-9e40-a0d6ecebb8bf","SE","EML","2025-01-18T03:08:27.896+00:00","2025-02-01T00:33:56.402+00:00",268,"PRESERVED_SPECIMEN","PRESENT",9461154,1,44,1153,7336,2363128,9461154,9461154,"Enteromius kerstenii (Peters, 1868)","Animalia","Chordata","Cypriniformes","Cyprinidae","Enteromius","Enteromius kerstenii","Enteromius","kerstenii","SPECIES","ACCEPTED","LC","1982-01-01T00:00:00",NA,"AFRICA",NA,NA,NA,NA,NA,NA,NA,NA,"2025-02-01T00:33:56.402+00:00",NA,"http://creativecommons.org/licenses/by-nc/4.0/legalcode",FALSE,"FishBase:Occurrence:P 81055.0089","none","none",FALSE,NA,"Exp. Murakoze 4","Thys van den Audenaerde D.","WGS84","RW","none","none","AFRICA","Rwanda","EUROPE",NA,"FishBase:Occurrence:P 81055.0089",NA,NA,"864527744",NA,"Occurrence","FishBase:Occurrence:P 81055.0089",NA,"P 81055.0089","FishBase",NA,NA,NA,"Enteromius kerstenii (Peters, 1868)",NA,NA,NA,NA,NA,NA,NA,1,NA,NA,NA,"alc",NA,NA,NA,"Animalia, Chordata, Actinopterygii, Cypriniformes, Cyprinidae",NA,NA,NA,NA,NA,NA,"Gisenyi, rotskust Bel Air, Kivu meer",NA,NA,NA,NA,NA,NA,NA,NA,NA,NA,NA,NA,NA,"2b7c7b4f-4d4f-40d3-94de-c28b6fa054a6",NA,NA,NA,NA,NA,NA,NA,NA,NA,NA,NA,NA,NA,NA,NA,NA,NA,NA,NA,NA,NA,NA,NA,NA,NA,NA,NA,NA,NA,NA,NA,NA,NA,NA,NA,NA,NA,NA,"ICZN",NA,NA,NA,NA,NA,NA,NA,NA,NA,NA,NA,NA,NA,NA,NA,NA,NA,NA,NA,NA,NA,NA,NA,NA,NA,NA,NA,NA,NA,NA,NA,NA,"Lake","Lake Kivu",2415288353.60194,"Enteromius kerstenii"
"864527739","Enteromius kerstenii (Peters, 1868)",-1.7,29.25,"gass84,mdativ,rdativ,osiic,inmano","197908d0-5565-11d8-b290-b8a03c50a862","192a9ab0-5565-11d8-b290-b8a03c50a862","4346b227-ca68-4d54-8a77-909148492e0b","4c415e40-1e21-11de-9e40-a0d6ecebb8bf","SE","EML","2025-01-18T03:08:27.896+00:00","2025-02-01T00:34:02.157+00:00",268,"PRESERVED_SPECIMEN","PRESENT",9461154,1,44,1153,7336,2363128,9461154,9461154,"Enteromius kerstenii (Peters, 1868)","Animalia","Chordata","Cypriniformes","Cyprinidae","Enteromius","Enteromius kerstenii","Enteromius","kerstenii","SPECIES","ACCEPTED","LC","1982-01-01T00:00:00",NA,"AFRICA",NA,NA,NA,NA,NA,NA,NA,NA,"2025-02-01T00:34:02.157+00:00",NA,"http://creativecommons.org/licenses/by-nc/4.0/legalcode",FALSE,"FishBase:Occurrence:P 81055.020281055.0204","none","none",FALSE,NA,"Exp. Murakoze 4","Thys van den Audenaerde D.","WGS84","RW","none","none","AFRICA","Rwanda","EUROPE",NA,"FishBase:Occurrence:P 81055.020281055.0204",NA,NA,"864527739",NA,"Occurrence","FishBase:Occurrence:P 81055.020281055.0204",NA,"P 81055.020281055.0204","FishBase",NA,NA,NA,"Enteromius kerstenii (Peters, 1868)",NA,NA,NA,NA,NA,NA,NA,3,NA,NA,NA,"alc",NA,NA,NA,"Animalia, Chordata, Actinopterygii, Cypriniformes, Cyprinidae",NA,NA,NA,NA,NA,NA,"Gisenyi, rotskust Bel Air, Kivu meer",NA,NA,NA,NA,NA,NA,NA,NA,NA,NA,NA,NA,NA,"2b7c7b4f-4d4f-40d3-94de-c28b6fa054a6",NA,NA,NA,NA,NA,NA,NA,NA,NA,NA,NA,NA,NA,NA,NA,NA,NA,NA,NA,NA,NA,NA,NA,NA,NA,NA,NA,NA,NA,NA,NA,NA,NA,NA,NA,NA,NA,NA,"ICZN",NA,NA,NA,NA,NA,NA,NA,NA,NA,NA,NA,NA,NA,NA,NA,NA,NA,NA,NA,NA,NA,NA,NA,NA,NA,NA,NA,NA,NA,NA,NA,NA,"Lake","Lake Kivu",2415288353.60194,"Enteromius kerstenii"
"864527668","Enteromius kerstenii (Peters, 1868)",-1.7,29.25,"gass84,mdativ,rdativ,osiic,inmano","197908d0-5565-11d8-b290-b8a03c50a862","192a9ab0-5565-11d8-b290-b8a03c50a862","4346b227-ca68-4d54-8a77-909148492e0b","4c415e40-1e21-11de-9e40-a0d6ecebb8bf","SE","EML","2025-01-18T03:08:27.896+00:00","2025-02-01T00:33:57.132+00:00",268,"PRESERVED_SPECIMEN","PRESENT",9461154,1,44,1153,7336,2363128,9461154,9461154,"Enteromius kerstenii (Peters, 1868)","Animalia","Chordata","Cypriniformes","Cyprinidae","Enteromius","Enteromius kerstenii","Enteromius","kerstenii","SPECIES","ACCEPTED","LC","1982-01-01T00:00:00",NA,"AFRICA",NA,NA,NA,NA,NA,NA,NA,NA,"2025-02-01T00:33:57.132+00:00",NA,"http://creativecommons.org/licenses/by-nc/4.0/legalcode",FALSE,"FishBase:Occurrence:P 81055.0531","none","none",FALSE,NA,"Exp. Murakoze 4","Thys van den Audenaerde D.","WGS84","RW","none","none","AFRICA","Rwanda","EUROPE",NA,"FishBase:Occurrence:P 81055.0531",NA,NA,"864527668",NA,"Occurrence","FishBase:Occurrence:P 81055.0531",NA,"P 81055.0531","FishBase",NA,NA,NA,"Enteromius kerstenii (Peters, 1868)",NA,NA,NA,NA,NA,NA,NA,1,NA,NA,NA,"alc",NA,NA,NA,"Animalia, Chordata, Actinopterygii, Cypriniformes, Cyprinidae",NA,NA,NA,NA,NA,NA,"Gisenyi, rotskust Bel Air, Kivu meer",NA,NA,NA,NA,NA,NA,NA,NA,NA,NA,NA,NA,NA,"2b7c7b4f-4d4f-40d3-94de-c28b6fa054a6",NA,NA,NA,NA,NA,NA,NA,NA,NA,NA,NA,NA,NA,NA,NA,NA,NA,NA,NA,NA,NA,NA,NA,NA,NA,NA,NA,NA,NA,NA,NA,NA,NA,NA,NA,NA,NA,NA,"ICZN",NA,NA,NA,NA,NA,NA,NA,NA,NA,NA,NA,NA,NA,NA,NA,NA,NA,NA,NA,NA,NA,NA,NA,NA,NA,NA,NA,NA,NA,NA,NA,NA,"Lake","Lake Kivu",2415288353.60194,"Enteromius kerstenii"
"864527585","Enteromius kerstenii (Peters, 1868)",-1.7,29.25,"gass84,mdativ,rdativ,osiic,inmano","197908d0-5565-11d8-b290-b8a03c50a862","192a9ab0-5565-11d8-b290-b8a03c50a862","4346b227-ca68-4d54-8a77-909148492e0b","4c415e40-1e21-11de-9e40-a0d6ecebb8bf","SE","EML","2025-01-18T03:08:27.896+00:00","2025-02-01T00:34:02.183+00:00",268,"PRESERVED_SPECIMEN","PRESENT",9461154,1,44,1153,7336,2363128,9461154,9461154,"Enteromius kerstenii (Peters, 1868)","Animalia","Chordata","Cypriniformes","Cyprinidae","Enteromius","Enteromius kerstenii","Enteromius","kerstenii","SPECIES","ACCEPTED","LC","1982-01-01T00:00:00",NA,"AFRICA",NA,NA,NA,NA,NA,NA,NA,NA,"2025-02-01T00:34:02.183+00:00",NA,"http://creativecommons.org/licenses/by-nc/4.0/legalcode",FALSE,"FishBase:Occurrence:P 81055.108781055.1105","none","none",FALSE,NA,"Exp. Murakoze 4","Thys van den Audenaerde D.","WGS84","RW","none","none","AFRICA","Rwanda","EUROPE",NA,"FishBase:Occurrence:P 81055.108781055.1105",NA,NA,"864527585",NA,"Occurrence","FishBase:Occurrence:P 81055.108781055.1105",NA,"P 81055.108781055.1105","FishBase",NA,NA,NA,"Enteromius kerstenii (Peters, 1868)",NA,NA,NA,NA,NA,NA,NA,19,NA,NA,NA,"alc",NA,NA,NA,"Animalia, Chordata, Actinopterygii, Cypriniformes, Cyprinidae",NA,NA,NA,NA,NA,NA,"Gisenyi, langs Sebeya, Kivu meer",NA,NA,NA,NA,NA,NA,NA,NA,NA,NA,NA,NA,NA,"2b7c7b4f-4d4f-40d3-94de-c28b6fa054a6",NA,NA,NA,NA,NA,NA,NA,NA,NA,NA,NA,NA,NA,NA,NA,NA,NA,NA,NA,NA,NA,NA,NA,NA,NA,NA,NA,NA,NA,NA,NA,NA,NA,NA,NA,NA,NA,NA,"ICZN",NA,NA,NA,NA,NA,NA,NA,NA,NA,NA,NA,NA,NA,NA,NA,NA,NA,NA,NA,NA,NA,NA,NA,NA,NA,NA,NA,NA,NA,NA,NA,NA,"Lake","Lake Kivu",2415288353.60194,"Enteromius kerstenii"
"864527583","Enteromius kerstenii (Peters, 1868)",-1.7,29.25,"gass84,mdativ,rdativ,osiic,inmano","197908d0-5565-11d8-b290-b8a03c50a862","192a9ab0-5565-11d8-b290-b8a03c50a862","4346b227-ca68-4d54-8a77-909148492e0b","4c415e40-1e21-11de-9e40-a0d6ecebb8bf","SE","EML","2025-01-18T03:08:27.896+00:00","2025-02-01T00:34:02.111+00:00",268,"PRESERVED_SPECIMEN","PRESENT",9461154,1,44,1153,7336,2363128,9461154,9461154,"Enteromius kerstenii (Peters, 1868)","Animalia","Chordata","Cypriniformes","Cyprinidae","Enteromius","Enteromius kerstenii","Enteromius","kerstenii","SPECIES","ACCEPTED","LC","1982-01-01T00:00:00",NA,"AFRICA",NA,NA,NA,NA,NA,NA,NA,NA,"2025-02-01T00:34:02.111+00:00",NA,"http://creativecommons.org/licenses/by-nc/4.0/legalcode",FALSE,"FishBase:Occurrence:P 81055.116781055.1169","none","none",FALSE,NA,"Exp. Murakoze 4","Thys van den Audenaerde D.","WGS84","RW","none","none","AFRICA","Rwanda","EUROPE",NA,"FishBase:Occurrence:P 81055.116781055.1169",NA,NA,"864527583",NA,"Occurrence","FishBase:Occurrence:P 81055.116781055.1169",NA,"P 81055.116781055.1169","FishBase",NA,NA,NA,"Enteromius kerstenii (Peters, 1868)",NA,NA,NA,NA,NA,NA,NA,3,NA,NA,NA,"alc",NA,NA,NA,"Animalia, Chordata, Actinopterygii, Cypriniformes, Cyprinidae",NA,NA,NA,NA,NA,NA,"Gisenyi, voor pêcherie FAO, zandstrand Kivu meer",NA,NA,NA,NA,NA,NA,NA,NA,NA,NA,NA,NA,NA,"2b7c7b4f-4d4f-40d3-94de-c28b6fa054a6",NA,NA,NA,NA,NA,NA,NA,NA,NA,NA,NA,NA,NA,NA,NA,NA,NA,NA,NA,NA,NA,NA,NA,NA,NA,NA,NA,NA,NA,NA,NA,NA,NA,NA,NA,NA,NA,NA,"ICZN",NA,NA,NA,NA,NA,NA,NA,NA,NA,NA,NA,NA,NA,NA,NA,NA,NA,NA,NA,NA,NA,NA,NA,NA,NA,NA,NA,NA,NA,NA,NA,NA,"Lake","Lake Kivu",2415288353.60194,"Enteromius kerstenii"
"864527539","Enteromius kerstenii (Peters, 1868)",-1.7,29.25,"gass84,mdativ,rdativ,osiic,inmano","197908d0-5565-11d8-b290-b8a03c50a862","192a9ab0-5565-11d8-b290-b8a03c50a862","4346b227-ca68-4d54-8a77-909148492e0b","4c415e40-1e21-11de-9e40-a0d6ecebb8bf","SE","EML","2025-01-18T03:08:27.896+00:00","2025-02-01T00:34:02.111+00:00",268,"PRESERVED_SPECIMEN","PRESENT",9461154,1,44,1153,7336,2363128,9461154,9461154,"Enteromius kerstenii (Peters, 1868)","Animalia","Chordata","Cypriniformes","Cyprinidae","Enteromius","Enteromius kerstenii","Enteromius","kerstenii","SPECIES","ACCEPTED","LC","1982-01-01T00:00:00",NA,"AFRICA",NA,NA,NA,NA,NA,NA,NA,NA,"2025-02-01T00:34:02.111+00:00",NA,"http://creativecommons.org/licenses/by-nc/4.0/legalcode",FALSE,"FishBase:Occurrence:P 81055.142081055.1445","none","none",FALSE,NA,"Exp. Murakoze 4","Thys van den Audenaerde D.","WGS84","RW","none","none","AFRICA","Rwanda","EUROPE",NA,"FishBase:Occurrence:P 81055.142081055.1445",NA,NA,"864527539",NA,"Occurrence","FishBase:Occurrence:P 81055.142081055.1445",NA,"P 81055.142081055.1445","FishBase",NA,NA,NA,"Enteromius kerstenii (Peters, 1868)",NA,NA,NA,NA,NA,NA,NA,26,NA,NA,NA,"alc",NA,NA,NA,"Animalia, Chordata, Actinopterygii, Cypriniformes, Cyprinidae",NA,NA,NA,NA,NA,NA,"Gisenyi, voor pêcherie FAO, zandstrand Kivu meer",NA,NA,NA,NA,NA,NA,NA,NA,NA,NA,NA,NA,NA,"2b7c7b4f-4d4f-40d3-94de-c28b6fa054a6",NA,NA,NA,NA,NA,NA,NA,NA,NA,NA,NA,NA,NA,NA,NA,NA,NA,NA,NA,NA,NA,NA,NA,NA,NA,NA,NA,NA,NA,NA,NA,NA,NA,NA,NA,NA,NA,NA,"ICZN",NA,NA,NA,NA,NA,NA,NA,NA,NA,NA,NA,NA,NA,NA,NA,NA,NA,NA,NA,NA,NA,NA,NA,NA,NA,NA,NA,NA,NA,NA,NA,NA,"Lake","Lake Kivu",2415288353.60194,"Enteromius kerstenii"
"864527525","Enteromius pellegrini (Poll, 1939)",-1.7,29.25,"gass84,mdativ,rdativ,osiic,inmano","197908d0-5565-11d8-b290-b8a03c50a862","192a9ab0-5565-11d8-b290-b8a03c50a862","4346b227-ca68-4d54-8a77-909148492e0b","4c415e40-1e21-11de-9e40-a0d6ecebb8bf","SE","EML","2025-01-18T03:08:27.896+00:00","2025-02-01T00:33:56.377+00:00",268,"PRESERVED_SPECIMEN","PRESENT",9255837,1,44,1153,7336,2363128,9255837,9255837,"Enteromius pellegrini (Poll, 1939)","Animalia","Chordata","Cypriniformes","Cyprinidae","Enteromius","Enteromius pellegrini","Enteromius","pellegrini","SPECIES","ACCEPTED","LC","1982-01-01T00:00:00",NA,"AFRICA",NA,NA,NA,NA,NA,NA,NA,NA,"2025-02-01T00:33:56.377+00:00",NA,"http://creativecommons.org/licenses/by-nc/4.0/legalcode",FALSE,"FishBase:Occurrence:P 81055.1525","none","none",FALSE,NA,"Exp. Murakoze 4","Thys van den Audenaerde D.","WGS84","RW","none","none","AFRICA","Rwanda","EUROPE",NA,"FishBase:Occurrence:P 81055.1525",NA,NA,"864527525",NA,"Occurrence","FishBase:Occurrence:P 81055.1525",NA,"P 81055.1525","FishBase",NA,NA,NA,"Enteromius pellegrini (Poll, 1939)",NA,NA,NA,NA,NA,NA,NA,1,NA,NA,NA,"alc",NA,NA,NA,"Animalia, Chordata, Actinopterygii, Cypriniformes, Cyprinidae",NA,NA,NA,NA,NA,NA,"Gisenyi, voor pêcherie FAO, zandstrand Kivu meer",NA,NA,NA,NA,NA,NA,NA,NA,NA,NA,NA,NA,NA,"2b7c7b4f-4d4f-40d3-94de-c28b6fa054a6",NA,NA,NA,NA,NA,NA,NA,NA,NA,NA,NA,NA,NA,NA,NA,NA,NA,NA,NA,NA,NA,NA,NA,NA,NA,NA,NA,NA,NA,NA,NA,NA,NA,NA,NA,NA,NA,NA,"ICZN",NA,NA,NA,NA,NA,NA,NA,NA,NA,NA,NA,NA,NA,NA,NA,NA,NA,NA,NA,NA,NA,NA,NA,NA,NA,NA,NA,NA,NA,NA,NA,NA,"Lake","Lake Kivu",2415288353.60194,"Enteromius pellegrini"
"864524640","Enteromius kerstenii (Peters, 1868)",-1.7,29.25,"gass84,mdativ,rdativ,osiic,inmano","197908d0-5565-11d8-b290-b8a03c50a862","192a9ab0-5565-11d8-b290-b8a03c50a862","4346b227-ca68-4d54-8a77-909148492e0b","4c415e40-1e21-11de-9e40-a0d6ecebb8bf","SE","EML","2025-01-18T03:08:27.896+00:00","2025-02-01T00:34:02.276+00:00",268,"PRESERVED_SPECIMEN","PRESENT",9461154,1,44,1153,7336,2363128,9461154,9461154,"Enteromius kerstenii (Peters, 1868)","Animalia","Chordata","Cypriniformes","Cyprinidae","Enteromius","Enteromius kerstenii","Enteromius","kerstenii","SPECIES","ACCEPTED","LC","1985-01-01T00:00:00",NA,"AFRICA",NA,NA,NA,NA,NA,NA,NA,NA,"2025-02-01T00:34:02.276+00:00",NA,"http://creativecommons.org/licenses/by-nc/4.0/legalcode",FALSE,"FishBase:Occurrence:P 85040.002685040.0033","none","none",FALSE,NA,"De Vos L.","De Vos L.","WGS84","RW","none","none","AFRICA","Rwanda","EUROPE",NA,"FishBase:Occurrence:P 85040.002685040.0033",NA,NA,"864524640",NA,"Occurrence","FishBase:Occurrence:P 85040.002685040.0033",NA,"P 85040.002685040.0033","FishBase",NA,NA,NA,"Enteromius kerstenii (Peters, 1868)",NA,NA,NA,NA,NA,NA,NA,8,NA,NA,NA,"alc",NA,NA,NA,"Animalia, Chordata, Actinopterygii, Cypriniformes, Cyprinidae",NA,NA,NA,NA,NA,NA,"Gisenyi, pêcherie, lac Kivu",NA,NA,NA,NA,NA,NA,NA,NA,NA,NA,NA,NA,NA,"2b7c7b4f-4d4f-40d3-94de-c28b6fa054a6",NA,NA,NA,NA,NA,NA,NA,NA,NA,NA,NA,NA,NA,NA,NA,NA,NA,NA,NA,NA,NA,NA,NA,NA,NA,NA,NA,NA,NA,NA,NA,NA,NA,NA,NA,NA,NA,NA,"ICZN",NA,NA,NA,NA,NA,NA,NA,NA,NA,NA,NA,NA,NA,NA,NA,NA,NA,NA,NA,NA,NA,NA,NA,NA,NA,NA,NA,NA,NA,NA,NA,NA,"Lake","Lake Kivu",2415288353.60194,"Enteromius kerstenii"
"864524613","Enteromius pellegrini (Poll, 1939)",-1.7,29.25,"gass84,mdativ,rdativ,osiic,inmano","197908d0-5565-11d8-b290-b8a03c50a862","192a9ab0-5565-11d8-b290-b8a03c50a862","4346b227-ca68-4d54-8a77-909148492e0b","4c415e40-1e21-11de-9e40-a0d6ecebb8bf","SE","EML","2025-01-18T03:08:27.896+00:00","2025-02-01T00:34:02.210+00:00",268,"PRESERVED_SPECIMEN","PRESENT",9255837,1,44,1153,7336,2363128,9255837,9255837,"Enteromius pellegrini (Poll, 1939)","Animalia","Chordata","Cypriniformes","Cyprinidae","Enteromius","Enteromius pellegrini","Enteromius","pellegrini","SPECIES","ACCEPTED","LC","1985-01-01T00:00:00",NA,"AFRICA",NA,NA,NA,NA,NA,NA,NA,NA,"2025-02-01T00:34:02.210+00:00",NA,"http://creativecommons.org/licenses/by-nc/4.0/legalcode",FALSE,"FishBase:Occurrence:P 85040.005785040.0065","none","none",FALSE,NA,"De Vos L.","De Vos L.","WGS84","RW","none","none","AFRICA","Rwanda","EUROPE",NA,"FishBase:Occurrence:P 85040.005785040.0065",NA,NA,"864524613",NA,"Occurrence","FishBase:Occurrence:P 85040.005785040.0065",NA,"P 85040.005785040.0065","FishBase",NA,NA,NA,"Enteromius pellegrini (Poll, 1939)",NA,NA,NA,NA,NA,NA,NA,9,NA,NA,NA,"alc",NA,NA,NA,"Animalia, Chordata, Actinopterygii, Cypriniformes, Cyprinidae",NA,NA,NA,NA,NA,NA,"Gisenyi, riv. Sebeya, lac Kivu",NA,NA,NA,NA,NA,NA,NA,NA,NA,NA,NA,NA,NA,"2b7c7b4f-4d4f-40d3-94de-c28b6fa054a6",NA,NA,NA,NA,NA,NA,NA,NA,NA,NA,NA,NA,NA,NA,NA,NA,NA,NA,NA,NA,NA,NA,NA,NA,NA,NA,NA,NA,NA,NA,NA,NA,NA,NA,NA,NA,NA,NA,"ICZN",NA,NA,NA,NA,NA,NA,NA,NA,NA,NA,NA,NA,NA,NA,NA,NA,NA,NA,NA,NA,NA,NA,NA,NA,NA,NA,NA,NA,NA,NA,NA,NA,"Lake","Lake Kivu",2415288353.60194,"Enteromius pellegrini"
"864524028","Enteromius pellegrini (Poll, 1939)",-1.7,29.25,"gass84,mdativ,rdativ,osiic,inmano","197908d0-5565-11d8-b290-b8a03c50a862","192a9ab0-5565-11d8-b290-b8a03c50a862","4346b227-ca68-4d54-8a77-909148492e0b","4c415e40-1e21-11de-9e40-a0d6ecebb8bf","SE","EML","2025-01-18T03:08:27.896+00:00","2025-02-01T00:34:02.308+00:00",268,"PRESERVED_SPECIMEN","PRESENT",9255837,1,44,1153,7336,2363128,9255837,9255837,"Enteromius pellegrini (Poll, 1939)","Animalia","Chordata","Cypriniformes","Cyprinidae","Enteromius","Enteromius pellegrini","Enteromius","pellegrini","SPECIES","ACCEPTED","LC","1986-01-01T00:00:00",NA,"AFRICA",NA,NA,NA,NA,NA,NA,NA,NA,"2025-02-01T00:34:02.308+00:00",NA,"http://creativecommons.org/licenses/by-nc/4.0/legalcode",FALSE,"FishBase:Occurrence:P 86012.001486012.0019","none","none",FALSE,NA,"De Vos L.","De Vos L.","WGS84","RW","none","none","AFRICA","Rwanda","EUROPE",NA,"FishBase:Occurrence:P 86012.001486012.0019",NA,NA,"864524028",NA,"Occurrence","FishBase:Occurrence:P 86012.001486012.0019",NA,"P 86012.001486012.0019","FishBase",NA,NA,NA,"Enteromius pellegrini (Poll, 1939)",NA,NA,NA,NA,NA,NA,NA,6,NA,NA,NA,"alc",NA,NA,NA,"Animalia, Chordata, Actinopterygii, Cypriniformes, Cyprinidae",NA,NA,NA,NA,NA,NA,"Gisenyi, riv. Sebeya",NA,NA,NA,NA,NA,NA,NA,NA,NA,NA,NA,NA,NA,"2b7c7b4f-4d4f-40d3-94de-c28b6fa054a6",NA,NA,NA,NA,NA,NA,NA,NA,NA,NA,NA,NA,NA,NA,NA,NA,NA,NA,NA,NA,NA,NA,NA,NA,NA,NA,NA,NA,NA,NA,NA,NA,NA,NA,NA,NA,NA,NA,"ICZN",NA,NA,NA,NA,NA,NA,NA,NA,NA,NA,NA,NA,NA,NA,NA,NA,NA,NA,NA,NA,NA,NA,NA,NA,NA,NA,NA,NA,NA,NA,NA,NA,"Lake","Lake Kivu",2415288353.60194,"Enteromius pellegrini"
"864523938","Enteromius pellegrini (Poll, 1939)",-1.7,29.25,"gass84,mdativ,rdativ,osiic,inmano","197908d0-5565-11d8-b290-b8a03c50a862","192a9ab0-5565-11d8-b290-b8a03c50a862","4346b227-ca68-4d54-8a77-909148492e0b","4c415e40-1e21-11de-9e40-a0d6ecebb8bf","SE","EML","2025-01-18T03:08:27.896+00:00","2025-02-01T00:33:56.548+00:00",268,"PRESERVED_SPECIMEN","PRESENT",9255837,1,44,1153,7336,2363128,9255837,9255837,"Enteromius pellegrini (Poll, 1939)","Animalia","Chordata","Cypriniformes","Cyprinidae","Enteromius","Enteromius pellegrini","Enteromius","pellegrini","SPECIES","ACCEPTED","LC","1986-01-01T00:00:00",NA,"AFRICA",NA,NA,NA,NA,NA,NA,NA,NA,"2025-02-01T00:33:56.548+00:00",NA,"http://creativecommons.org/licenses/by-nc/4.0/legalcode",FALSE,"FishBase:Occurrence:P 86012.0020","none","none",FALSE,NA,"De Vos L.","De Vos L.","WGS84","RW","none","none","AFRICA","Rwanda","EUROPE",NA,"FishBase:Occurrence:P 86012.0020",NA,NA,"864523938",NA,"Occurrence","FishBase:Occurrence:P 86012.0020",NA,"P 86012.0020","FishBase",NA,NA,NA,"Enteromius pellegrini (Poll, 1939)",NA,NA,NA,NA,NA,NA,NA,1,NA,NA,NA,"alc",NA,NA,NA,"Animalia, Chordata, Actinopterygii, Cypriniformes, Cyprinidae",NA,NA,NA,NA,NA,NA,"Gisenyi, riv. Sebeya",NA,NA,NA,NA,NA,NA,NA,NA,NA,NA,NA,NA,NA,"2b7c7b4f-4d4f-40d3-94de-c28b6fa054a6",NA,NA,NA,NA,NA,NA,NA,NA,NA,NA,NA,NA,NA,NA,NA,NA,NA,NA,NA,NA,NA,NA,NA,NA,NA,NA,NA,NA,NA,NA,NA,NA,NA,NA,NA,NA,NA,NA,"ICZN",NA,NA,NA,NA,NA,NA,NA,NA,NA,NA,NA,NA,NA,NA,NA,NA,NA,NA,NA,NA,NA,NA,NA,NA,NA,NA,NA,NA,NA,NA,NA,NA,"Lake","Lake Kivu",2415288353.60194,"Enteromius pellegrini"
"864524033","Enteromius pellegrini (Poll, 1939)",-1.7,29.25,"gass84,mdativ,rdativ,osiic,inmano","197908d0-5565-11d8-b290-b8a03c50a862","192a9ab0-5565-11d8-b290-b8a03c50a862","4346b227-ca68-4d54-8a77-909148492e0b","4c415e40-1e21-11de-9e40-a0d6ecebb8bf","SE","EML","2025-01-18T03:08:27.896+00:00","2025-02-01T00:33:57.303+00:00",268,"PRESERVED_SPECIMEN","PRESENT",9255837,1,44,1153,7336,2363128,9255837,9255837,"Enteromius pellegrini (Poll, 1939)","Animalia","Chordata","Cypriniformes","Cyprinidae","Enteromius","Enteromius pellegrini","Enteromius","pellegrini","SPECIES","ACCEPTED","LC","1986-01-01T00:00:00",NA,"AFRICA",NA,NA,NA,NA,NA,NA,NA,NA,"2025-02-01T00:33:57.303+00:00",NA,"http://creativecommons.org/licenses/by-nc/4.0/legalcode",FALSE,"FishBase:Occurrence:P 86012.0021","none","none",FALSE,NA,"De Vos L.","De Vos L.","WGS84","RW","none","none","AFRICA","Rwanda","EUROPE",NA,"FishBase:Occurrence:P 86012.0021",NA,NA,"864524033",NA,"Occurrence","FishBase:Occurrence:P 86012.0021",NA,"P 86012.0021","FishBase",NA,NA,NA,"Enteromius pellegrini (Poll, 1939)",NA,NA,NA,NA,NA,NA,NA,1,NA,NA,NA,"alc",NA,NA,NA,"Animalia, Chordata, Actinopterygii, Cypriniformes, Cyprinidae",NA,NA,NA,NA,NA,NA,"Gisenyi, pêcherie, lac Kivu",NA,NA,NA,NA,NA,NA,NA,NA,NA,NA,NA,NA,NA,"2b7c7b4f-4d4f-40d3-94de-c28b6fa054a6",NA,NA,NA,NA,NA,NA,NA,NA,NA,NA,NA,NA,NA,NA,NA,NA,NA,NA,NA,NA,NA,NA,NA,NA,NA,NA,NA,NA,NA,NA,NA,NA,NA,NA,NA,NA,NA,NA,"ICZN",NA,NA,NA,NA,NA,NA,NA,NA,NA,NA,NA,NA,NA,NA,NA,NA,NA,NA,NA,NA,NA,NA,NA,NA,NA,NA,NA,NA,NA,NA,NA,NA,"Lake","Lake Kivu",2415288353.60194,"Enteromius pellegrini"
"864523962","Enteromius apleurogramma (Boulenger, 1911)",-1.7,29.25,"gass84,mdativ,rdativ,osiic,inmano","197908d0-5565-11d8-b290-b8a03c50a862","192a9ab0-5565-11d8-b290-b8a03c50a862","4346b227-ca68-4d54-8a77-909148492e0b","4c415e40-1e21-11de-9e40-a0d6ecebb8bf","SE","EML","2025-01-18T03:08:27.896+00:00","2025-02-01T00:33:57.303+00:00",268,"PRESERVED_SPECIMEN","PRESENT",9573924,1,44,1153,7336,2363128,9573924,9573924,"Enteromius apleurogramma (Boulenger, 1911)","Animalia","Chordata","Cypriniformes","Cyprinidae","Enteromius","Enteromius apleurogramma","Enteromius","apleurogramma","SPECIES","ACCEPTED","LC","1986-01-01T00:00:00",NA,"AFRICA",NA,NA,NA,NA,NA,NA,NA,NA,"2025-02-01T00:33:57.303+00:00",NA,"http://creativecommons.org/licenses/by-nc/4.0/legalcode",FALSE,"FishBase:Occurrence:P 86012.0049","none","none",FALSE,NA,"De Vos L.","De Vos L.","WGS84","RW","none","none","AFRICA","Rwanda","EUROPE",NA,"FishBase:Occurrence:P 86012.0049",NA,NA,"864523962",NA,"Occurrence","FishBase:Occurrence:P 86012.0049",NA,"P 86012.0049","FishBase",NA,NA,NA,"Enteromius apleurogramma (Boulenger, 1911)",NA,NA,NA,NA,NA,NA,NA,1,NA,NA,NA,"alc",NA,NA,NA,"Animalia, Chordata, Actinopterygii, Cypriniformes, Cyprinidae",NA,NA,NA,NA,NA,NA,"Gisenyi, mare près de l'embouchure de la Sebeya",NA,NA,NA,NA,NA,NA,NA,NA,NA,NA,NA,NA,NA,"2b7c7b4f-4d4f-40d3-94de-c28b6fa054a6",NA,NA,NA,NA,NA,NA,NA,NA,NA,NA,NA,NA,NA,NA,NA,NA,NA,NA,NA,NA,NA,NA,NA,NA,NA,NA,NA,NA,NA,NA,NA,NA,NA,NA,NA,NA,NA,NA,"ICZN",NA,NA,NA,NA,NA,NA,NA,NA,NA,NA,NA,NA,NA,NA,NA,NA,NA,NA,NA,NA,NA,NA,NA,NA,NA,NA,NA,NA,NA,NA,NA,NA,"Lake","Lake Kivu",2415288353.60194,"Enteromius apleurogramma"
"864524000","Enteromius apleurogramma (Boulenger, 1911)",-1.7,29.25,"gass84,mdativ,rdativ,osiic,inmano","197908d0-5565-11d8-b290-b8a03c50a862","192a9ab0-5565-11d8-b290-b8a03c50a862","4346b227-ca68-4d54-8a77-909148492e0b","4c415e40-1e21-11de-9e40-a0d6ecebb8bf","SE","EML","2025-01-18T03:08:27.896+00:00","2025-02-01T00:34:02.299+00:00",268,"PRESERVED_SPECIMEN","PRESENT",9573924,1,44,1153,7336,2363128,9573924,9573924,"Enteromius apleurogramma (Boulenger, 1911)","Animalia","Chordata","Cypriniformes","Cyprinidae","Enteromius","Enteromius apleurogramma","Enteromius","apleurogramma","SPECIES","ACCEPTED","LC","1986-01-01T00:00:00",NA,"AFRICA",NA,NA,NA,NA,NA,NA,NA,NA,"2025-02-01T00:34:02.299+00:00",NA,"http://creativecommons.org/licenses/by-nc/4.0/legalcode",FALSE,"FishBase:Occurrence:P 86012.005086012.0067","none","none",FALSE,NA,"De Vos L.","De Vos L.","WGS84","RW","none","none","AFRICA","Rwanda","EUROPE",NA,"FishBase:Occurrence:P 86012.005086012.0067",NA,NA,"864524000",NA,"Occurrence","FishBase:Occurrence:P 86012.005086012.0067",NA,"P 86012.005086012.0067","FishBase",NA,NA,NA,"Enteromius apleurogramma (Boulenger, 1911)",NA,NA,NA,NA,NA,NA,NA,18,NA,NA,NA,"alc",NA,NA,NA,"Animalia, Chordata, Actinopterygii, Cypriniformes, Cyprinidae",NA,NA,NA,NA,NA,NA,"Gisenyi, mare près de l'embouchure de la Sebeya",NA,NA,NA,NA,NA,NA,NA,NA,NA,NA,NA,NA,NA,"2b7c7b4f-4d4f-40d3-94de-c28b6fa054a6",NA,NA,NA,NA,NA,NA,NA,NA,NA,NA,NA,NA,NA,NA,NA,NA,NA,NA,NA,NA,NA,NA,NA,NA,NA,NA,NA,NA,NA,NA,NA,NA,NA,NA,NA,NA,NA,NA,"ICZN",NA,NA,NA,NA,NA,NA,NA,NA,NA,NA,NA,NA,NA,NA,NA,NA,NA,NA,NA,NA,NA,NA,NA,NA,NA,NA,NA,NA,NA,NA,NA,NA,"Lake","Lake Kivu",2415288353.60194,"Enteromius apleurogramma"
"864524001","Enteromius apleurogramma (Boulenger, 1911)",-1.7,29.25,"gass84,mdativ,rdativ,osiic,inmano","197908d0-5565-11d8-b290-b8a03c50a862","192a9ab0-5565-11d8-b290-b8a03c50a862","4346b227-ca68-4d54-8a77-909148492e0b","4c415e40-1e21-11de-9e40-a0d6ecebb8bf","SE","EML","2025-01-18T03:08:27.896+00:00","2025-02-01T00:34:02.339+00:00",268,"PRESERVED_SPECIMEN","PRESENT",9573924,1,44,1153,7336,2363128,9573924,9573924,"Enteromius apleurogramma (Boulenger, 1911)","Animalia","Chordata","Cypriniformes","Cyprinidae","Enteromius","Enteromius apleurogramma","Enteromius","apleurogramma","SPECIES","ACCEPTED","LC","1986-01-01T00:00:00",NA,"AFRICA",NA,NA,NA,NA,NA,NA,NA,NA,"2025-02-01T00:34:02.339+00:00",NA,"http://creativecommons.org/licenses/by-nc/4.0/legalcode",FALSE,"FishBase:Occurrence:P 86012.006886012.0069","none","none",FALSE,NA,"De Vos L.","De Vos L.","WGS84","RW","none","none","AFRICA","Rwanda","EUROPE",NA,"FishBase:Occurrence:P 86012.006886012.0069",NA,NA,"864524001",NA,"Occurrence","FishBase:Occurrence:P 86012.006886012.0069",NA,"P 86012.006886012.0069","FishBase",NA,NA,NA,"Enteromius apleurogramma (Boulenger, 1911)",NA,NA,NA,NA,NA,NA,NA,2,NA,NA,NA,"alc",NA,NA,NA,"Animalia, Chordata, Actinopterygii, Cypriniformes, Cyprinidae",NA,NA,NA,NA,NA,NA,"Gisenyi, mare près de l'embouchure de la Sebeya",NA,NA,NA,NA,NA,NA,NA,NA,NA,NA,NA,NA,NA,"2b7c7b4f-4d4f-40d3-94de-c28b6fa054a6",NA,NA,NA,NA,NA,NA,NA,NA,NA,NA,NA,NA,NA,NA,NA,NA,NA,NA,NA,NA,NA,NA,NA,NA,NA,NA,NA,NA,NA,NA,NA,NA,NA,NA,NA,NA,NA,NA,"ICZN",NA,NA,NA,NA,NA,NA,NA,NA,NA,NA,NA,NA,NA,NA,NA,NA,NA,NA,NA,NA,NA,NA,NA,NA,NA,NA,NA,NA,NA,NA,NA,NA,"Lake","Lake Kivu",2415288353.60194,"Enteromius apleurogramma"
"864523910","Enteromius apleurogramma (Boulenger, 1911)",-1.7,29.25,"gass84,mdativ,rdativ,osiic,inmano","197908d0-5565-11d8-b290-b8a03c50a862","192a9ab0-5565-11d8-b290-b8a03c50a862","4346b227-ca68-4d54-8a77-909148492e0b","4c415e40-1e21-11de-9e40-a0d6ecebb8bf","SE","EML","2025-01-18T03:08:27.896+00:00","2025-02-01T00:34:02.302+00:00",268,"PRESERVED_SPECIMEN","PRESENT",9573924,1,44,1153,7336,2363128,9573924,9573924,"Enteromius apleurogramma (Boulenger, 1911)","Animalia","Chordata","Cypriniformes","Cyprinidae","Enteromius","Enteromius apleurogramma","Enteromius","apleurogramma","SPECIES","ACCEPTED","LC","1986-01-01T00:00:00",NA,"AFRICA",NA,NA,NA,NA,NA,NA,NA,NA,"2025-02-01T00:34:02.302+00:00",NA,"http://creativecommons.org/licenses/by-nc/4.0/legalcode",FALSE,"FishBase:Occurrence:P 86012.007086012.0072","none","none",FALSE,NA,"De Vos L.","De Vos L.","WGS84","RW","none","none","AFRICA","Rwanda","EUROPE",NA,"FishBase:Occurrence:P 86012.007086012.0072",NA,NA,"864523910",NA,"Occurrence","FishBase:Occurrence:P 86012.007086012.0072",NA,"P 86012.007086012.0072","FishBase",NA,NA,NA,"Enteromius apleurogramma (Boulenger, 1911)",NA,NA,NA,NA,NA,NA,NA,3,NA,NA,NA,"alc",NA,NA,NA,"Animalia, Chordata, Actinopterygii, Cypriniformes, Cyprinidae",NA,NA,NA,NA,NA,NA,"Gisenyi, mare près de l'embouchure de la Sebeya",NA,NA,NA,NA,NA,NA,NA,NA,NA,NA,NA,NA,NA,"2b7c7b4f-4d4f-40d3-94de-c28b6fa054a6",NA,NA,NA,NA,NA,NA,NA,NA,NA,NA,NA,NA,NA,NA,NA,NA,NA,NA,NA,NA,NA,NA,NA,NA,NA,NA,NA,NA,NA,NA,NA,NA,NA,NA,NA,NA,NA,NA,"ICZN",NA,NA,NA,NA,NA,NA,NA,NA,NA,NA,NA,NA,NA,NA,NA,NA,NA,NA,NA,NA,NA,NA,NA,NA,NA,NA,NA,NA,NA,NA,NA,NA,"Lake","Lake Kivu",2415288353.60194,"Enteromius apleurogramma"
"864523959","Enteromius apleurogramma (Boulenger, 1911)",-1.7,29.25,"gass84,mdativ,rdativ,osiic,inmano","197908d0-5565-11d8-b290-b8a03c50a862","192a9ab0-5565-11d8-b290-b8a03c50a862","4346b227-ca68-4d54-8a77-909148492e0b","4c415e40-1e21-11de-9e40-a0d6ecebb8bf","SE","EML","2025-01-18T03:08:27.896+00:00","2025-02-01T00:34:02.299+00:00",268,"PRESERVED_SPECIMEN","PRESENT",9573924,1,44,1153,7336,2363128,9573924,9573924,"Enteromius apleurogramma (Boulenger, 1911)","Animalia","Chordata","Cypriniformes","Cyprinidae","Enteromius","Enteromius apleurogramma","Enteromius","apleurogramma","SPECIES","ACCEPTED","LC","1986-01-01T00:00:00",NA,"AFRICA",NA,NA,NA,NA,NA,NA,NA,NA,"2025-02-01T00:34:02.299+00:00",NA,"http://creativecommons.org/licenses/by-nc/4.0/legalcode",FALSE,"FishBase:Occurrence:P 86012.007386012.0074","none","none",FALSE,NA,"De Vos L.","De Vos L.","WGS84","RW","none","none","AFRICA","Rwanda","EUROPE",NA,"FishBase:Occurrence:P 86012.007386012.0074",NA,NA,"864523959",NA,"Occurrence","FishBase:Occurrence:P 86012.007386012.0074",NA,"P 86012.007386012.0074","FishBase",NA,NA,NA,"Enteromius apleurogramma (Boulenger, 1911)",NA,NA,NA,NA,NA,NA,NA,2,NA,NA,NA,"alc",NA,NA,NA,"Animalia, Chordata, Actinopterygii, Cypriniformes, Cyprinidae",NA,NA,NA,NA,NA,NA,"Gisenyi, riv. Sebeya",NA,NA,NA,NA,NA,NA,NA,NA,NA,NA,NA,NA,NA,"2b7c7b4f-4d4f-40d3-94de-c28b6fa054a6",NA,NA,NA,NA,NA,NA,NA,NA,NA,NA,NA,NA,NA,NA,NA,NA,NA,NA,NA,NA,NA,NA,NA,NA,NA,NA,NA,NA,NA,NA,NA,NA,NA,NA,NA,NA,NA,NA,"ICZN",NA,NA,NA,NA,NA,NA,NA,NA,NA,NA,NA,NA,NA,NA,NA,NA,NA,NA,NA,NA,NA,NA,NA,NA,NA,NA,NA,NA,NA,NA,NA,NA,"Lake","Lake Kivu",2415288353.60194,"Enteromius apleurogramma"
"864523170","Enteromius kerstenii (Peters, 1868)",-1.7,29.25,"gass84,mdativ,rdativ,osiic,inmano","197908d0-5565-11d8-b290-b8a03c50a862","192a9ab0-5565-11d8-b290-b8a03c50a862","4346b227-ca68-4d54-8a77-909148492e0b","4c415e40-1e21-11de-9e40-a0d6ecebb8bf","SE","EML","2025-01-18T03:08:27.896+00:00","2025-02-01T00:34:02.340+00:00",268,"PRESERVED_SPECIMEN","PRESENT",9461154,1,44,1153,7336,2363128,9461154,9461154,"Enteromius kerstenii (Peters, 1868)","Animalia","Chordata","Cypriniformes","Cyprinidae","Enteromius","Enteromius kerstenii","Enteromius","kerstenii","SPECIES","ACCEPTED","LC","1986-01-01T00:00:00",NA,"AFRICA",NA,NA,NA,NA,NA,NA,NA,NA,"2025-02-01T00:34:02.340+00:00",NA,"http://creativecommons.org/licenses/by-nc/4.0/legalcode",FALSE,"FishBase:Occurrence:P 87011.105487011.1102","none","none",FALSE,NA,"De Vos L.","De Vos L.","WGS84","RW","none","none","AFRICA","Rwanda","EUROPE",NA,"FishBase:Occurrence:P 87011.105487011.1102",NA,NA,"864523170",NA,"Occurrence","FishBase:Occurrence:P 87011.105487011.1102",NA,"P 87011.105487011.1102","FishBase",NA,NA,NA,"Enteromius kerstenii (Peters, 1868)",NA,NA,NA,NA,NA,NA,NA,49,NA,NA,NA,"alc",NA,NA,NA,"Animalia, Chordata, Actinopterygii, Cypriniformes, Cyprinidae",NA,NA,NA,NA,NA,NA,"Gisenyi, pêcherie, lac Kivu",NA,NA,NA,NA,NA,NA,NA,NA,NA,NA,NA,NA,NA,"2b7c7b4f-4d4f-40d3-94de-c28b6fa054a6",NA,NA,NA,NA,NA,NA,NA,NA,NA,NA,NA,NA,NA,NA,NA,NA,NA,NA,NA,NA,NA,NA,NA,NA,NA,NA,NA,NA,NA,NA,NA,NA,NA,NA,NA,NA,NA,NA,"ICZN",NA,NA,NA,NA,NA,NA,NA,NA,NA,NA,NA,NA,NA,NA,NA,NA,NA,NA,NA,NA,NA,NA,NA,NA,NA,NA,NA,NA,NA,NA,NA,NA,"Lake","Lake Kivu",2415288353.60194,"Enteromius kerstenii"
"864519171","Enteromius kerstenii (Peters, 1868)",1.533333,30.95,"cdround,gass84,mdativ,rdativ,osiic,inmano","197908d0-5565-11d8-b290-b8a03c50a862","192a9ab0-5565-11d8-b290-b8a03c50a862","4346b227-ca68-4d54-8a77-909148492e0b","4c415e40-1e21-11de-9e40-a0d6ecebb8bf","SE","EML","2025-01-18T03:08:27.896+00:00","2025-02-01T00:34:02.443+00:00",268,"PRESERVED_SPECIMEN","PRESENT",9461154,1,44,1153,7336,2363128,9461154,9461154,"Enteromius kerstenii (Peters, 1868)","Animalia","Chordata","Cypriniformes","Cyprinidae","Enteromius","Enteromius kerstenii","Enteromius","kerstenii","SPECIES","ACCEPTED","LC","1990-01-01T00:00:00",NA,"AFRICA",NA,NA,NA,NA,NA,NA,NA,NA,"2025-02-01T00:34:02.443+00:00",NA,"http://creativecommons.org/licenses/by-nc/4.0/legalcode",FALSE,"FishBase:Occurrence:P 89059.023689059.0244","none","none",FALSE,NA,"Van Neer W.","Teugels G.","WGS84","UG","none","none","AFRICA","Uganda","EUROPE",NA,"FishBase:Occurrence:P 89059.023689059.0244",NA,NA,"864519171",NA,"Occurrence","FishBase:Occurrence:P 89059.023689059.0244",NA,"P 89059.023689059.0244","FishBase",NA,NA,NA,"Enteromius kerstenii (Peters, 1868)",NA,NA,NA,NA,NA,NA,NA,9,NA,NA,NA,"alc",NA,NA,NA,"Animalia, Chordata, Actinopterygii, Cypriniformes, Cyprinidae",NA,NA,NA,NA,NA,NA,"riv. Hokwa, loc. 2",NA,NA,NA,NA,NA,NA,NA,NA,NA,NA,NA,NA,NA,"2b7c7b4f-4d4f-40d3-94de-c28b6fa054a6",NA,NA,NA,NA,NA,NA,NA,NA,NA,NA,NA,NA,NA,NA,NA,NA,NA,NA,NA,NA,NA,NA,NA,NA,NA,NA,NA,NA,NA,NA,NA,NA,NA,NA,NA,NA,NA,NA,"ICZN",NA,NA,NA,NA,NA,NA,NA,NA,NA,NA,NA,NA,NA,NA,NA,NA,NA,NA,NA,NA,NA,NA,NA,NA,NA,NA,NA,NA,NA,NA,NA,NA,"Lake","Lake Albert",5404605008.37131,"Enteromius kerstenii"
"864516491","Enteromius lineomaculatus (Boulenger, 1903)",-3.75,29.316667,"cdround,gass84,mdativ,rdativ,osiic,inmano","197908d0-5565-11d8-b290-b8a03c50a862","192a9ab0-5565-11d8-b290-b8a03c50a862","4346b227-ca68-4d54-8a77-909148492e0b","4c415e40-1e21-11de-9e40-a0d6ecebb8bf","SE","EML","2025-01-18T03:08:27.896+00:00","2025-02-01T00:33:57.632+00:00",268,"PRESERVED_SPECIMEN","PRESENT",9582714,1,44,1153,7336,2363128,9582714,9582714,"Enteromius lineomaculatus (Boulenger, 1903)","Animalia","Chordata","Cypriniformes","Cyprinidae","Enteromius","Enteromius lineomaculatus","Enteromius","lineomaculatus","SPECIES","ACCEPTED","LC","1994-01-01T00:00:00",NA,"AFRICA",NA,NA,NA,NA,NA,NA,NA,NA,"2025-02-01T00:33:57.632+00:00",NA,"http://creativecommons.org/licenses/by-nc/4.0/legalcode",FALSE,"FishBase:Occurrence:P 91034.0309","none","none",FALSE,NA,"De Vos L.","De Vos L.","WGS84","BI","none","none","AFRICA","Burundi","EUROPE",NA,"FishBase:Occurrence:P 91034.0309",NA,NA,"864516491",NA,"Occurrence","FishBase:Occurrence:P 91034.0309",NA,"P 91034.0309","FishBase",NA,NA,NA,"Enteromius lineomaculatus (Boulenger, 1903)",NA,NA,NA,NA,NA,NA,NA,1,NA,NA,NA,"alc",NA,NA,NA,"Animalia, Chordata, Actinopterygii, Cypriniformes, Cyprinidae",NA,NA,NA,NA,NA,NA,"ruiss. Mugatale, affl. lac Tanganyika, km 44 route Bujumbura-Nyanza Lac",NA,NA,NA,NA,NA,NA,NA,NA,NA,NA,NA,NA,NA,"2b7c7b4f-4d4f-40d3-94de-c28b6fa054a6",NA,NA,NA,NA,NA,NA,NA,NA,NA,NA,NA,NA,NA,NA,NA,NA,NA,NA,NA,NA,NA,NA,NA,NA,NA,NA,NA,NA,NA,NA,NA,NA,NA,NA,NA,NA,NA,NA,"ICZN",NA,NA,NA,NA,NA,NA,NA,NA,NA,NA,NA,NA,NA,NA,NA,NA,NA,NA,NA,NA,NA,NA,NA,NA,NA,NA,NA,NA,NA,NA,NA,NA,"Lake","Lake Tanganyika",32896759543.8782,"Enteromius lineomaculatus"
"864516448","Enteromius oligogrammus (David, 1937)",-3.75,29.316667,"cdround,gass84,mdativ,rdativ,osiic,inmano","197908d0-5565-11d8-b290-b8a03c50a862","192a9ab0-5565-11d8-b290-b8a03c50a862","4346b227-ca68-4d54-8a77-909148492e0b","4c415e40-1e21-11de-9e40-a0d6ecebb8bf","SE","EML","2025-01-18T03:08:27.896+00:00","2025-02-01T00:33:56.944+00:00",268,"PRESERVED_SPECIMEN","PRESENT",9248145,1,44,1153,7336,2363128,9248145,9248145,"Enteromius oligogrammus (David, 1937)","Animalia","Chordata","Cypriniformes","Cyprinidae","Enteromius","Enteromius oligogrammus","Enteromius","oligogrammus","SPECIES","ACCEPTED","LC","1996-01-01T00:00:00",NA,"AFRICA",NA,NA,NA,NA,NA,NA,NA,NA,"2025-02-01T00:33:56.944+00:00",NA,"http://creativecommons.org/licenses/by-nc/4.0/legalcode",FALSE,"FishBase:Occurrence:P 91034.0384","none","none",FALSE,NA,"De Vos L.","De Vos L.","WGS84","BI","none","none","AFRICA","Burundi","EUROPE",NA,"FishBase:Occurrence:P 91034.0384",NA,NA,"864516448",NA,"Occurrence","FishBase:Occurrence:P 91034.0384",NA,"P 91034.0384","FishBase",NA,NA,NA,"Enteromius oligogrammus (David, 1937)",NA,NA,NA,NA,NA,NA,NA,1,NA,NA,NA,"alc",NA,NA,NA,"Animalia, Chordata, Actinopterygii, Cypriniformes, Cyprinidae",NA,NA,NA,NA,NA,NA,"ruiss. Mugatale, affl. lac Tanganyika, km 44 route Bujumbura-Nyanza Lac",NA,NA,NA,NA,NA,NA,NA,NA,NA,NA,NA,NA,NA,"2b7c7b4f-4d4f-40d3-94de-c28b6fa054a6",NA,NA,NA,NA,NA,NA,NA,NA,NA,NA,NA,NA,NA,NA,NA,NA,NA,NA,NA,NA,NA,NA,NA,NA,NA,NA,NA,NA,NA,NA,NA,NA,NA,NA,NA,NA,NA,NA,"ICZN",NA,NA,NA,NA,NA,NA,NA,NA,NA,NA,NA,NA,NA,NA,NA,NA,NA,NA,NA,NA,NA,NA,NA,NA,NA,NA,NA,NA,NA,NA,NA,NA,"Lake","Lake Tanganyika",32896759543.8782,"Enteromius oligogrammus"
"864516452","Enteromius pellegrini (Poll, 1939)",-3.65,29.333333,"cdround,gass84,mdativ,rdativ,osiic,inmano","197908d0-5565-11d8-b290-b8a03c50a862","192a9ab0-5565-11d8-b290-b8a03c50a862","4346b227-ca68-4d54-8a77-909148492e0b","4c415e40-1e21-11de-9e40-a0d6ecebb8bf","SE","EML","2025-01-18T03:08:27.896+00:00","2025-02-01T00:33:56.952+00:00",268,"PRESERVED_SPECIMEN","PRESENT",9255837,1,44,1153,7336,2363128,9255837,9255837,"Enteromius pellegrini (Poll, 1939)","Animalia","Chordata","Cypriniformes","Cyprinidae","Enteromius","Enteromius pellegrini","Enteromius","pellegrini","SPECIES","ACCEPTED","LC","1994-01-01T00:00:00",NA,"AFRICA",NA,NA,NA,NA,NA,NA,NA,NA,"2025-02-01T00:33:56.952+00:00",NA,"http://creativecommons.org/licenses/by-nc/4.0/legalcode",FALSE,"FishBase:Occurrence:P 91034.0488","none","none",FALSE,NA,"De Vos L.","De Vos L.","WGS84","BI","none","none","AFRICA","Burundi","EUROPE",NA,"FishBase:Occurrence:P 91034.0488",NA,NA,"864516452",NA,"Occurrence","FishBase:Occurrence:P 91034.0488",NA,"P 91034.0488","FishBase",NA,NA,NA,"Enteromius pellegrini (Poll, 1939)",NA,NA,NA,NA,NA,NA,NA,1,NA,NA,NA,"alc",NA,NA,NA,"Animalia, Chordata, Actinopterygii, Cypriniformes, Cyprinidae",NA,NA,NA,NA,NA,NA,"riv. Rutunga, affl. Lac Tanganyika km 31 route Bujumbura-Nyanza Lac",NA,NA,NA,NA,NA,NA,NA,NA,NA,NA,NA,NA,NA,"2b7c7b4f-4d4f-40d3-94de-c28b6fa054a6",NA,NA,NA,NA,NA,NA,NA,NA,NA,NA,NA,NA,NA,NA,NA,NA,NA,NA,NA,NA,NA,NA,NA,NA,NA,NA,NA,NA,NA,NA,NA,NA,NA,NA,NA,NA,NA,NA,"ICZN",NA,NA,NA,NA,NA,NA,NA,NA,NA,NA,NA,NA,NA,NA,NA,NA,NA,NA,NA,NA,NA,NA,NA,NA,NA,NA,NA,NA,NA,NA,NA,NA,"Lake","Lake Tanganyika",32896759543.8782,"Enteromius pellegrini"
"864516427","Enteromius perince (Rüppell, 1835)",-0.216667,29.883333,"cdround,gass84,mdativ,rdativ,osiic,inmano","197908d0-5565-11d8-b290-b8a03c50a862","192a9ab0-5565-11d8-b290-b8a03c50a862","4346b227-ca68-4d54-8a77-909148492e0b","4c415e40-1e21-11de-9e40-a0d6ecebb8bf","SE","EML","2025-01-18T03:08:27.896+00:00","2025-02-01T00:33:57.642+00:00",268,"PRESERVED_SPECIMEN","PRESENT",9503298,1,44,1153,7336,2363128,9503298,9503298,"Enteromius perince (Rüppell, 1835)","Animalia","Chordata","Cypriniformes","Cyprinidae","Enteromius","Enteromius perince","Enteromius","perince","SPECIES","ACCEPTED","LC","1991-01-01T00:00:00",NA,"AFRICA",NA,NA,NA,NA,NA,NA,NA,NA,"2025-02-01T00:33:57.642+00:00",NA,"http://creativecommons.org/licenses/by-nc/4.0/legalcode",FALSE,"FishBase:Occurrence:P 91050.0001","none","none",FALSE,NA,"Wildekamp R.","Wildekamp R.","WGS84","UG","none","none","AFRICA","Uganda","EUROPE",NA,"FishBase:Occurrence:P 91050.0001",NA,NA,"864516427",NA,"Occurrence","FishBase:Occurrence:P 91050.0001",NA,"P 91050.0001","FishBase",NA,NA,NA,"Enteromius perince (Rüppell, 1835)",NA,NA,NA,NA,NA,NA,NA,1,NA,NA,NA,"alc",NA,NA,NA,"Animalia, Chordata, Actinopterygii, Cypriniformes, Cyprinidae",NA,NA,NA,NA,NA,NA,"Kazinga channel",NA,NA,NA,NA,NA,NA,NA,NA,NA,NA,NA,NA,NA,"2b7c7b4f-4d4f-40d3-94de-c28b6fa054a6",NA,NA,NA,NA,NA,NA,NA,NA,NA,NA,NA,NA,NA,NA,NA,NA,NA,NA,NA,NA,NA,NA,NA,NA,NA,NA,NA,NA,NA,NA,NA,NA,NA,NA,NA,NA,NA,NA,"ICZN",NA,NA,NA,NA,NA,NA,NA,NA,NA,NA,NA,NA,NA,NA,NA,NA,NA,NA,NA,NA,NA,NA,NA,NA,NA,NA,NA,NA,NA,NA,NA,NA,"Lake","Lake Edward",2219606178.99023,"Enteromius perince"
"864515297","Enteromius litamba (Keilhack, 1908)",-9.766667,33.95,"cdround,gass84,mdativ,rdativ,osiic,inmano","197908d0-5565-11d8-b290-b8a03c50a862","192a9ab0-5565-11d8-b290-b8a03c50a862","4346b227-ca68-4d54-8a77-909148492e0b","4c415e40-1e21-11de-9e40-a0d6ecebb8bf","SE","EML","2025-01-18T03:08:27.896+00:00","2025-02-01T00:33:57.662+00:00",268,"PRESERVED_SPECIMEN","PRESENT",9240381,1,44,1153,7336,2363128,9240381,9240381,"Enteromius litamba (Keilhack, 1908)","Animalia","Chordata","Cypriniformes","Cyprinidae","Enteromius","Enteromius litamba","Enteromius","litamba","SPECIES","ACCEPTED","DD","1989-01-01T00:00:00",NA,"AFRICA",NA,NA,NA,NA,NA,NA,NA,NA,"2025-02-01T00:33:57.662+00:00",NA,"http://creativecommons.org/licenses/by-nc/4.0/legalcode",FALSE,"FishBase:Occurrence:P 91095.0001","none","none",FALSE,NA,"Konings A.","Konings A.","WGS84","MW","none","none","AFRICA","Malawi","EUROPE",NA,"FishBase:Occurrence:P 91095.0001",NA,NA,"864515297",NA,"Occurrence","FishBase:Occurrence:P 91095.0001",NA,"P 91095.0001","FishBase",NA,NA,NA,"Enteromius litamba (Keilhack, 1908)",NA,NA,NA,NA,NA,NA,NA,1,NA,NA,NA,"alc",NA,NA,NA,"Animalia, Chordata, Actinopterygii, Cypriniformes, Cyprinidae",NA,NA,NA,NA,NA,NA,"Kaporo, lake Malawi",NA,NA,NA,NA,NA,NA,NA,NA,NA,NA,NA,NA,NA,"2b7c7b4f-4d4f-40d3-94de-c28b6fa054a6",NA,NA,NA,NA,NA,NA,NA,NA,NA,NA,NA,NA,NA,NA,NA,NA,NA,NA,NA,NA,NA,NA,NA,NA,NA,NA,NA,NA,NA,NA,NA,NA,NA,NA,NA,NA,NA,NA,"ICZN",NA,NA,NA,NA,NA,NA,NA,NA,NA,NA,NA,NA,NA,NA,NA,NA,NA,NA,NA,NA,NA,NA,NA,NA,NA,NA,NA,NA,NA,NA,NA,NA,"Lake","Lake Malawi",28951795749.1886,"Enteromius litamba"
"864510948","Enteromius lineomaculatus (Boulenger, 1903)",-4.35,29.6,"gass84,mdativ,rdativ,osiic,inmano","197908d0-5565-11d8-b290-b8a03c50a862","192a9ab0-5565-11d8-b290-b8a03c50a862","4346b227-ca68-4d54-8a77-909148492e0b","4c415e40-1e21-11de-9e40-a0d6ecebb8bf","SE","EML","2025-01-18T03:08:27.896+00:00","2025-02-01T00:34:02.620+00:00",268,"PRESERVED_SPECIMEN","PRESENT",9582714,1,44,1153,7336,2363128,9582714,9582714,"Enteromius lineomaculatus (Boulenger, 1903)","Animalia","Chordata","Cypriniformes","Cyprinidae","Enteromius","Enteromius lineomaculatus","Enteromius","lineomaculatus","SPECIES","ACCEPTED","LC","1996-01-01T00:00:00",NA,"AFRICA",NA,NA,NA,NA,NA,NA,NA,NA,"2025-02-01T00:34:02.620+00:00",NA,"http://creativecommons.org/licenses/by-nc/4.0/legalcode",FALSE,"FishBase:Occurrence:P 93150.095693150.0957","none","none",FALSE,NA,"De Vos L.","De Vos L.","WGS84","BI","none","none","AFRICA","Burundi","EUROPE",NA,"FishBase:Occurrence:P 93150.095693150.0957",NA,NA,"864510948",NA,"Occurrence","FishBase:Occurrence:P 93150.095693150.0957",NA,"P 93150.095693150.0957","FishBase",NA,NA,NA,"Enteromius lineomaculatus (Boulenger, 1903)",NA,NA,NA,NA,NA,NA,NA,2,NA,NA,NA,"alc",NA,NA,NA,"Animalia, Chordata, Actinopterygii, Cypriniformes, Cyprinidae",NA,NA,NA,NA,NA,NA,"riv. Rwaba, à Nyanza-Lac, affl. lac Tanganyika",NA,NA,NA,NA,NA,NA,NA,NA,NA,NA,NA,NA,NA,"2b7c7b4f-4d4f-40d3-94de-c28b6fa054a6",NA,NA,NA,NA,NA,NA,NA,NA,NA,NA,NA,NA,NA,NA,NA,NA,NA,NA,NA,NA,NA,NA,NA,NA,NA,NA,NA,NA,NA,NA,NA,NA,NA,NA,NA,NA,NA,NA,"ICZN",NA,NA,NA,NA,NA,NA,NA,NA,NA,NA,NA,NA,NA,NA,NA,NA,NA,NA,NA,NA,NA,NA,NA,NA,NA,NA,NA,NA,NA,NA,NA,NA,"Lake","Lake Tanganyika",32896759543.8782,"Enteromius lineomaculatus"
"864510959","Enteromius lineomaculatus (Boulenger, 1903)",-4.35,29.6,"gass84,mdativ,rdativ,osiic,inmano","197908d0-5565-11d8-b290-b8a03c50a862","192a9ab0-5565-11d8-b290-b8a03c50a862","4346b227-ca68-4d54-8a77-909148492e0b","4c415e40-1e21-11de-9e40-a0d6ecebb8bf","SE","EML","2025-01-18T03:08:27.896+00:00","2025-02-01T00:34:02.620+00:00",268,"PRESERVED_SPECIMEN","PRESENT",9582714,1,44,1153,7336,2363128,9582714,9582714,"Enteromius lineomaculatus (Boulenger, 1903)","Animalia","Chordata","Cypriniformes","Cyprinidae","Enteromius","Enteromius lineomaculatus","Enteromius","lineomaculatus","SPECIES","ACCEPTED","LC","1996-01-01T00:00:00",NA,"AFRICA",NA,NA,NA,NA,NA,NA,NA,NA,"2025-02-01T00:34:02.620+00:00",NA,"http://creativecommons.org/licenses/by-nc/4.0/legalcode",FALSE,"FishBase:Occurrence:P 93150.095893150.0963","none","none",FALSE,NA,"De Vos L.","De Vos L.","WGS84","BI","none","none","AFRICA","Burundi","EUROPE",NA,"FishBase:Occurrence:P 93150.095893150.0963",NA,NA,"864510959",NA,"Occurrence","FishBase:Occurrence:P 93150.095893150.0963",NA,"P 93150.095893150.0963","FishBase",NA,NA,NA,"Enteromius lineomaculatus (Boulenger, 1903)",NA,NA,NA,NA,NA,NA,NA,6,NA,NA,NA,"alc",NA,NA,NA,"Animalia, Chordata, Actinopterygii, Cypriniformes, Cyprinidae",NA,NA,NA,NA,NA,NA,"riv. Rwaba, à Nyanza-Lac, affl. lac Tanganyika",NA,NA,NA,NA,NA,NA,NA,NA,NA,NA,NA,NA,NA,"2b7c7b4f-4d4f-40d3-94de-c28b6fa054a6",NA,NA,NA,NA,NA,NA,NA,NA,NA,NA,NA,NA,NA,NA,NA,NA,NA,NA,NA,NA,NA,NA,NA,NA,NA,NA,NA,NA,NA,NA,NA,NA,NA,NA,NA,NA,NA,NA,"ICZN",NA,NA,NA,NA,NA,NA,NA,NA,NA,NA,NA,NA,NA,NA,NA,NA,NA,NA,NA,NA,NA,NA,NA,NA,NA,NA,NA,NA,NA,NA,NA,NA,"Lake","Lake Tanganyika",32896759543.8782,"Enteromius lineomaculatus"
"864510899","Enteromius oligogrammus (David, 1937)",-4.35,29.6,"gass84,mdativ,rdativ,osiic,inmano","197908d0-5565-11d8-b290-b8a03c50a862","192a9ab0-5565-11d8-b290-b8a03c50a862","4346b227-ca68-4d54-8a77-909148492e0b","4c415e40-1e21-11de-9e40-a0d6ecebb8bf","SE","EML","2025-01-18T03:08:27.896+00:00","2025-02-01T00:34:02.682+00:00",268,"PRESERVED_SPECIMEN","PRESENT",9248145,1,44,1153,7336,2363128,9248145,9248145,"Enteromius oligogrammus (David, 1937)","Animalia","Chordata","Cypriniformes","Cyprinidae","Enteromius","Enteromius oligogrammus","Enteromius","oligogrammus","SPECIES","ACCEPTED","LC","1996-01-01T00:00:00",NA,"AFRICA",NA,NA,NA,NA,NA,NA,NA,NA,"2025-02-01T00:34:02.682+00:00",NA,"http://creativecommons.org/licenses/by-nc/4.0/legalcode",FALSE,"FishBase:Occurrence:P 93150.111893150.1135","none","none",FALSE,NA,"De Vos L.","De Vos L.","WGS84","BI","none","none","AFRICA","Burundi","EUROPE",NA,"FishBase:Occurrence:P 93150.111893150.1135",NA,NA,"864510899",NA,"Occurrence","FishBase:Occurrence:P 93150.111893150.1135",NA,"P 93150.111893150.1135","FishBase",NA,NA,NA,"Enteromius oligogrammus (David, 1937)",NA,NA,NA,NA,NA,NA,NA,18,NA,NA,NA,"alc",NA,NA,NA,"Animalia, Chordata, Actinopterygii, Cypriniformes, Cyprinidae",NA,NA,NA,NA,NA,NA,"riv. Rwaba, à Nyanza-Lac, affl. lac Tanganyika",NA,NA,NA,NA,NA,NA,NA,NA,NA,NA,NA,NA,NA,"2b7c7b4f-4d4f-40d3-94de-c28b6fa054a6",NA,NA,NA,NA,NA,NA,NA,NA,NA,NA,NA,NA,NA,NA,NA,NA,NA,NA,NA,NA,NA,NA,NA,NA,NA,NA,NA,NA,NA,NA,NA,NA,NA,NA,NA,NA,NA,NA,"ICZN",NA,NA,NA,NA,NA,NA,NA,NA,NA,NA,NA,NA,NA,NA,NA,NA,NA,NA,NA,NA,NA,NA,NA,NA,NA,NA,NA,NA,NA,NA,NA,NA,"Lake","Lake Tanganyika",32896759543.8782,"Enteromius oligogrammus"
"864509646","Enteromius paludinosus (Peters, 1852)",-5.95,29.2,"gass84,mdativ,rdativ,osiic,inmano","197908d0-5565-11d8-b290-b8a03c50a862","192a9ab0-5565-11d8-b290-b8a03c50a862","4346b227-ca68-4d54-8a77-909148492e0b","4c415e40-1e21-11de-9e40-a0d6ecebb8bf","SE","EML","2025-01-18T03:08:27.896+00:00","2025-02-01T00:34:02.658+00:00",268,"PRESERVED_SPECIMEN","PRESENT",9264695,1,44,1153,7336,2363128,9264695,9264695,"Enteromius paludinosus (Peters, 1852)","Animalia","Chordata","Cypriniformes","Cyprinidae","Enteromius","Enteromius paludinosus","Enteromius","paludinosus","SPECIES","ACCEPTED","LC","1996-01-01T00:00:00",NA,"AFRICA",NA,NA,NA,NA,NA,NA,NA,NA,"2025-02-01T00:34:02.658+00:00",NA,"http://creativecommons.org/licenses/by-nc/4.0/legalcode",FALSE,"FishBase:Occurrence:P 94048.016094048.0166","none","none",FALSE,NA,"De Vos L.","De Vos L.","WGS84","CD","none","none","AFRICA","Congo, Democratic Republic of the","EUROPE",NA,"FishBase:Occurrence:P 94048.016094048.0166",NA,NA,"864509646",NA,"Occurrence","FishBase:Occurrence:P 94048.016094048.0166",NA,"P 94048.016094048.0166","FishBase",NA,NA,NA,"Enteromius paludinosus (Peters, 1852)",NA,NA,NA,NA,NA,NA,NA,7,NA,NA,NA,"alc",NA,NA,NA,"Animalia, Chordata, Actinopterygii, Cypriniformes, Cyprinidae",NA,NA,NA,NA,NA,NA,"riv. Kalemie, au pont Kalemie-ville, affl. lac Tanganyika",NA,NA,NA,NA,NA,NA,NA,NA,NA,NA,NA,NA,NA,"2b7c7b4f-4d4f-40d3-94de-c28b6fa054a6",NA,NA,NA,NA,NA,NA,NA,NA,NA,NA,NA,NA,NA,NA,NA,NA,NA,NA,NA,NA,NA,NA,NA,NA,NA,NA,NA,NA,NA,NA,NA,NA,NA,NA,NA,NA,NA,NA,"ICZN",NA,NA,NA,NA,NA,NA,NA,NA,NA,NA,NA,NA,NA,NA,NA,NA,NA,NA,NA,NA,NA,NA,NA,NA,NA,NA,NA,NA,NA,NA,NA,NA,"Lake","Lake Tanganyika",32896759543.8782,"Enteromius paludinosus"
"864509581","Enteromius taeniopleura (Boulenger, 1917)",-5.95,29.2,"gass84,mdativ,rdativ,osiic,inmano","197908d0-5565-11d8-b290-b8a03c50a862","192a9ab0-5565-11d8-b290-b8a03c50a862","4346b227-ca68-4d54-8a77-909148492e0b","4c415e40-1e21-11de-9e40-a0d6ecebb8bf","SE","EML","2025-01-18T03:08:27.896+00:00","2025-02-01T00:34:02.675+00:00",268,"PRESERVED_SPECIMEN","PRESENT",9357965,1,44,1153,7336,2363128,9357965,9357965,"Enteromius taeniopleura (Boulenger, 1917)","Animalia","Chordata","Cypriniformes","Cyprinidae","Enteromius","Enteromius taeniopleura","Enteromius","taeniopleura","SPECIES","ACCEPTED","LC","1996-01-01T00:00:00",NA,"AFRICA",NA,NA,NA,NA,NA,NA,NA,NA,"2025-02-01T00:34:02.675+00:00",NA,"http://creativecommons.org/licenses/by-nc/4.0/legalcode",FALSE,"FishBase:Occurrence:P 94048.046994048.0473","none","none",FALSE,NA,"De Vos L.","De Vos L.","WGS84","CD","none","none","AFRICA","Congo, Democratic Republic of the","EUROPE",NA,"FishBase:Occurrence:P 94048.046994048.0473",NA,NA,"864509581",NA,"Occurrence","FishBase:Occurrence:P 94048.046994048.0473",NA,"P 94048.046994048.0473","FishBase",NA,NA,NA,"Enteromius taeniopleura (Boulenger, 1917)",NA,NA,NA,NA,NA,NA,NA,5,NA,NA,NA,"alc",NA,NA,NA,"Animalia, Chordata, Actinopterygii, Cypriniformes, Cyprinidae",NA,NA,NA,NA,NA,NA,"riv. Kalemie, au pont Kalemie-ville, affl. lac Tanganyika",NA,NA,NA,NA,NA,NA,NA,NA,NA,NA,NA,NA,NA,"2b7c7b4f-4d4f-40d3-94de-c28b6fa054a6",NA,NA,NA,NA,NA,NA,NA,NA,NA,NA,NA,NA,NA,NA,NA,NA,NA,NA,NA,NA,NA,NA,NA,NA,NA,NA,NA,NA,NA,NA,NA,NA,NA,NA,NA,NA,NA,NA,"ICZN",NA,NA,NA,NA,NA,NA,NA,NA,NA,NA,NA,NA,NA,NA,NA,NA,NA,NA,NA,NA,NA,NA,NA,NA,NA,NA,NA,NA,NA,NA,NA,NA,"Lake","Lake Tanganyika",32896759543.8782,"Enteromius taeniopleura"
"864509617","Enteromius lineomaculatus (Boulenger, 1903)",-3.333333,29.25,"cdround,gass84,mdativ,rdativ,osiic,inmano","197908d0-5565-11d8-b290-b8a03c50a862","192a9ab0-5565-11d8-b290-b8a03c50a862","4346b227-ca68-4d54-8a77-909148492e0b","4c415e40-1e21-11de-9e40-a0d6ecebb8bf","SE","EML","2025-01-18T03:08:27.896+00:00","2025-02-01T00:33:57.860+00:00",268,"PRESERVED_SPECIMEN","PRESENT",9582714,1,44,1153,7336,2363128,9582714,9582714,"Enteromius lineomaculatus (Boulenger, 1903)","Animalia","Chordata","Cypriniformes","Cyprinidae","Enteromius","Enteromius lineomaculatus","Enteromius","lineomaculatus","SPECIES","ACCEPTED","LC","1996-01-01T00:00:00",NA,"AFRICA",NA,NA,NA,NA,NA,NA,NA,NA,"2025-02-01T00:33:57.860+00:00",NA,"http://creativecommons.org/licenses/by-nc/4.0/legalcode",FALSE,"FishBase:Occurrence:P 94048.0603","none","none",FALSE,NA,"De Vos L.","De Vos L.","WGS84","BI","none","none","AFRICA","Burundi","EUROPE",NA,"FishBase:Occurrence:P 94048.0603",NA,NA,"864509617",NA,"Occurrence","FishBase:Occurrence:P 94048.0603",NA,"P 94048.0603","FishBase",NA,NA,NA,"Enteromius lineomaculatus (Boulenger, 1903)",NA,NA,NA,NA,NA,NA,NA,1,NA,NA,NA,"alc",NA,NA,NA,"Animalia, Chordata, Actinopterygii, Cypriniformes, Cyprinidae",NA,NA,NA,NA,NA,NA,"riv. Ruzizi, à Gatumba au niveau du pont",NA,NA,NA,NA,NA,NA,NA,NA,NA,NA,NA,NA,NA,"2b7c7b4f-4d4f-40d3-94de-c28b6fa054a6",NA,NA,NA,NA,NA,NA,NA,NA,NA,NA,NA,NA,NA,NA,NA,NA,NA,NA,NA,NA,NA,NA,NA,NA,NA,NA,NA,NA,NA,NA,NA,NA,NA,NA,NA,NA,NA,NA,"ICZN",NA,NA,NA,NA,NA,NA,NA,NA,NA,NA,NA,NA,NA,NA,NA,NA,NA,NA,NA,NA,NA,NA,NA,NA,NA,NA,NA,NA,NA,NA,NA,NA,"Lake","Lake Tanganyika",32896759543.8782,"Enteromius lineomaculatus"
"864509605","Enteromius oligogrammus (David, 1937)",-5.95,29.2,"gass84,mdativ,rdativ,osiic,inmano","197908d0-5565-11d8-b290-b8a03c50a862","192a9ab0-5565-11d8-b290-b8a03c50a862","4346b227-ca68-4d54-8a77-909148492e0b","4c415e40-1e21-11de-9e40-a0d6ecebb8bf","SE","EML","2025-01-18T03:08:27.896+00:00","2025-02-01T00:34:02.676+00:00",268,"PRESERVED_SPECIMEN","PRESENT",9248145,1,44,1153,7336,2363128,9248145,9248145,"Enteromius oligogrammus (David, 1937)","Animalia","Chordata","Cypriniformes","Cyprinidae","Enteromius","Enteromius oligogrammus","Enteromius","oligogrammus","SPECIES","ACCEPTED","LC","1996-01-01T00:00:00",NA,"AFRICA",NA,NA,NA,NA,NA,NA,NA,NA,"2025-02-01T00:34:02.676+00:00",NA,"http://creativecommons.org/licenses/by-nc/4.0/legalcode",FALSE,"FishBase:Occurrence:P 94048.097294048.0982","none","none",FALSE,NA,"De Vos L.","De Vos L.","WGS84","CD","none","none","AFRICA","Congo, Democratic Republic of the","EUROPE",NA,"FishBase:Occurrence:P 94048.097294048.0982",NA,NA,"864509605",NA,"Occurrence","FishBase:Occurrence:P 94048.097294048.0982",NA,"P 94048.097294048.0982","FishBase",NA,NA,NA,"Enteromius oligogrammus (David, 1937)",NA,NA,NA,NA,NA,NA,NA,11,NA,NA,NA,"alc",NA,NA,NA,"Animalia, Chordata, Actinopterygii, Cypriniformes, Cyprinidae",NA,NA,NA,NA,NA,NA,"riv. Kalemie, au pont Kalemie-ville, affl. lac Tanganyika",NA,NA,NA,NA,NA,NA,NA,NA,NA,NA,NA,NA,NA,"2b7c7b4f-4d4f-40d3-94de-c28b6fa054a6",NA,NA,NA,NA,NA,NA,NA,NA,NA,NA,NA,NA,NA,NA,NA,NA,NA,NA,NA,NA,NA,NA,NA,NA,NA,NA,NA,NA,NA,NA,NA,NA,NA,NA,NA,NA,NA,NA,"ICZN",NA,NA,NA,NA,NA,NA,NA,NA,NA,NA,NA,NA,NA,NA,NA,NA,NA,NA,NA,NA,NA,NA,NA,NA,NA,NA,NA,NA,NA,NA,NA,NA,"Lake","Lake Tanganyika",32896759543.8782,"Enteromius oligogrammus"
"4454471771","Barbus kerstenii Peters, 1868",-2.15,28.9,"cdc,cudc,cuiv,gass84,osiic","9cfa6cb6-5833-44b2-97f1-18a3c12fed47","575c52b0-a742-11db-a6ff-b8a03c50a862","96dec937-f8d1-4d18-a8a1-1e9f4ca1aabd","575c52b0-a742-11db-a6ff-b8a03c50a862","BE","EML","2025-02-28T23:01:23.697+00:00","2025-02-28T23:02:17.188+00:00",71,"PRESERVED_SPECIMEN","PRESENT",5206847,1,44,1153,7336,2363128,9461154,9461154,"Enteromius kerstenii (Peters, 1868)","Animalia","Chordata","Cypriniformes","Cyprinidae","Enteromius","Enteromius kerstenii","Barbus","kerstenii","SPECIES","SYNONYM","LC","1980-01-01T00:00:00",NA,"AFRICA",NA,NA,NA,NA,NA,NA,NA,NA,"2025-02-28T23:02:17.188+00:00",NA,"http://creativecommons.org/licenses/by/4.0/legalcode",FALSE,"https://darwinweb.africamuseum.be/object/0159ab3c-0dbd-43a1-90ab-abc1ee9fd07d","none","none",FALSE,NA,"Babault, G.","Thys van den Audenaerde Dirk","WGS84","CD","none","none","AFRICA","Congo, Democratic Republic of the","EUROPE",NA,"https://darwinweb.africamuseum.be/object/0159ab3c-0dbd-43a1-90ab-abc1ee9fd07d",NA,NA,"4454471771",NA,"VER-FIS","https://darwinweb.africamuseum.be/object/0159ab3c-0dbd-43a1-90ab-abc1ee9fd07d",NA,"BE_RMCA_Vert.P.42969-42976","RMCA",NA,NA,NA,"Barbus kerstenii Peters, 1868",NA,NA,NA,NA,NA,NA,NA,8,NA,"2784e794-f70f-4455-854d-110f8ab37d19","2406d0ea-4647-4181-903d-b523057b208c",NA,"https://ror.org/001805t51",NA,NA,NA,NA,NA,NA,NA,NA,NA,"Congo Belge;Kadjudju, W. lac Kivu",NA,NA,NA,NA,NA,NA,NA,NA,NA,NA,NA,NA,NA,NA,NA,NA,NA,NA,NA,NA,NA,NA,NA,NA,NA,NA,NA,NA,NA,NA,NA,NA,NA,NA,NA,"0159ab3c-0dbd-43a1-90ab-abc1ee9fd07d",NA,NA,NA,NA,NA,NA,NA,NA,NA,NA,NA,NA,NA,NA,NA,NA,NA,NA,NA,NA,NA,NA,NA,NA,NA,NA,NA,NA,NA,NA,NA,NA,NA,NA,NA,NA,NA,NA,NA,NA,NA,NA,NA,NA,NA,NA,NA,NA,NA,"Lake","Lake Kivu",2415288353.60194,"Barbus kerstenii"
"4454501071","Barbus kerstenii Peters, 1868",-1.7,29.25,"cdc,gass84,rdativ,osiic","9cfa6cb6-5833-44b2-97f1-18a3c12fed47","575c52b0-a742-11db-a6ff-b8a03c50a862","96dec937-f8d1-4d18-a8a1-1e9f4ca1aabd","575c52b0-a742-11db-a6ff-b8a03c50a862","BE","EML","2025-02-28T23:01:23.697+00:00","2025-02-28T23:02:21.931+00:00",71,"PRESERVED_SPECIMEN","PRESENT",5206847,1,44,1153,7336,2363128,9461154,9461154,"Enteromius kerstenii (Peters, 1868)","Animalia","Chordata","Cypriniformes","Cyprinidae","Enteromius","Enteromius kerstenii","Barbus","kerstenii","SPECIES","SYNONYM","LC","1982-01-01T00:00:00",NA,"AFRICA",NA,NA,NA,NA,NA,NA,NA,NA,"2025-02-28T23:02:21.931+00:00",NA,"http://creativecommons.org/licenses/by/4.0/legalcode",FALSE,"https://darwinweb.africamuseum.be/object/026dec44-c908-419f-a1f2-8ecc100314e6","none","none",FALSE,NA,NA,"Thys van den Audenaerde Dirk","WGS84","RW","none","none","AFRICA","Rwanda","EUROPE",NA,"https://darwinweb.africamuseum.be/object/026dec44-c908-419f-a1f2-8ecc100314e6",NA,NA,"4454501071",NA,"VER-FIS","https://darwinweb.africamuseum.be/object/026dec44-c908-419f-a1f2-8ecc100314e6",NA,"BE_RMCA_Vert.1981.055.P.0089","RMCA",NA,NA,NA,"Barbus kerstenii Peters, 1868",NA,NA,NA,NA,NA,NA,NA,1,NA,"2784e794-f70f-4455-854d-110f8ab37d19","2406d0ea-4647-4181-903d-b523057b208c",NA,"https://ror.org/001805t51",NA,NA,NA,NA,NA,NA,NA,NA,NA,"Gisenyi, rotskust Bel Air, Kivu meer",NA,NA,NA,NA,NA,NA,NA,NA,NA,NA,NA,NA,NA,NA,NA,NA,NA,NA,NA,NA,NA,NA,NA,NA,NA,NA,NA,NA,NA,NA,NA,NA,NA,NA,NA,"026dec44-c908-419f-a1f2-8ecc100314e6",NA,NA,NA,NA,NA,NA,NA,NA,NA,NA,NA,NA,NA,NA,NA,NA,NA,NA,NA,NA,NA,NA,NA,NA,NA,NA,NA,NA,NA,NA,NA,NA,NA,NA,NA,NA,NA,NA,NA,NA,NA,NA,NA,NA,NA,NA,NA,NA,NA,"Lake","Lake Kivu",2415288353.60194,"Barbus kerstenii"
"4454548464","Barbus lineomaculatus Boulenger, 1903",-3.5,29.33333,"cdc,gass84,rdativ,osiic","9cfa6cb6-5833-44b2-97f1-18a3c12fed47","575c52b0-a742-11db-a6ff-b8a03c50a862","96dec937-f8d1-4d18-a8a1-1e9f4ca1aabd","575c52b0-a742-11db-a6ff-b8a03c50a862","BE","EML","2025-02-28T23:01:23.697+00:00","2025-02-28T23:02:26.269+00:00",71,"PRESERVED_SPECIMEN","PRESENT",5207098,1,44,1153,7336,2363128,9582714,9582714,"Enteromius lineomaculatus (Boulenger, 1903)","Animalia","Chordata","Cypriniformes","Cyprinidae","Enteromius","Enteromius lineomaculatus","Barbus","lineomaculatus","SPECIES","SYNONYM","LC","1994-01-01T00:00:00",NA,"AFRICA",NA,NA,NA,NA,NA,NA,NA,NA,"2025-02-28T23:02:26.269+00:00",NA,"http://creativecommons.org/licenses/by/4.0/legalcode",FALSE,"https://darwinweb.africamuseum.be/object/034720ad-b39d-4aac-b2ab-3ee12383b98b","none","none",FALSE,NA,"De Vos L.","De Vos L.","WGS84","BI","none","none","AFRICA","Burundi","EUROPE",NA,"https://darwinweb.africamuseum.be/object/034720ad-b39d-4aac-b2ab-3ee12383b98b",NA,NA,"4454548464",NA,"VER-FIS","https://darwinweb.africamuseum.be/object/034720ad-b39d-4aac-b2ab-3ee12383b98b",NA,"BE_RMCA_Vert.1991.034.P.0337-0341","RMCA",NA,NA,NA,"Barbus lineomaculatus Boulenger, 1903",NA,"{ 'donators':'De Vos L.'}",NA,NA,NA,NA,NA,5,NA,"2784e794-f70f-4455-854d-110f8ab37d19","2406d0ea-4647-4181-903d-b523057b208c",NA,"https://ror.org/001805t51",NA,NA,NA,NA,NA,NA,NA,NA,NA,"affl. lac Tanganyika, entre km 13 et km 41 route Bujumbura-Rumonge",NA,NA,NA,NA,NA,NA,NA,NA,NA,NA,NA,NA,NA,NA,NA,NA,NA,NA,NA,NA,NA,NA,NA,NA,NA,NA,NA,NA,NA,NA,NA,NA,NA,NA,NA,"034720ad-b39d-4aac-b2ab-3ee12383b98b",NA,NA,NA,NA,NA,NA,NA,NA,NA,NA,NA,NA,NA,NA,NA,NA,NA,NA,NA,NA,NA,NA,NA,NA,NA,NA,NA,NA,NA,NA,NA,NA,NA,NA,NA,NA,NA,NA,NA,NA,NA,NA,NA,NA,NA,NA,NA,NA,NA,"Lake","Lake Tanganyika",32896759543.8782,"Barbus lineomaculatus"
"4454502352","Barbus kerstenii Peters, 1868",-2.15,28.9,"cdc,cudc,cuiv,gass84,rdativ,osiic","9cfa6cb6-5833-44b2-97f1-18a3c12fed47","575c52b0-a742-11db-a6ff-b8a03c50a862","96dec937-f8d1-4d18-a8a1-1e9f4ca1aabd","575c52b0-a742-11db-a6ff-b8a03c50a862","BE","EML","2025-02-28T23:01:23.697+00:00","2025-02-28T23:02:22.045+00:00",71,"PRESERVED_SPECIMEN","PRESENT",5206847,1,44,1153,7336,2363128,9461154,9461154,"Enteromius kerstenii (Peters, 1868)","Animalia","Chordata","Cypriniformes","Cyprinidae","Enteromius","Enteromius kerstenii","Barbus","kerstenii","SPECIES","SYNONYM","LC","1980-01-01T00:00:00",NA,"AFRICA",NA,NA,NA,NA,NA,NA,NA,NA,"2025-02-28T23:02:22.045+00:00",NA,"http://creativecommons.org/licenses/by/4.0/legalcode",FALSE,"https://darwinweb.africamuseum.be/object/0cb12891-c5fe-4383-9c88-4ac046e462f3","none","none",FALSE,NA,"Babault, G.","Thys van den Audenaerde Dirk","WGS84","CD","none","none","AFRICA","Congo, Democratic Republic of the","EUROPE",NA,"https://darwinweb.africamuseum.be/object/0cb12891-c5fe-4383-9c88-4ac046e462f3",NA,NA,"4454502352",NA,"VER-FIS","https://darwinweb.africamuseum.be/object/0cb12891-c5fe-4383-9c88-4ac046e462f3",NA,"BE_RMCA_Vert.P.43922-43923","RMCA",NA,NA,NA,"Barbus kerstenii Peters, 1868",NA,NA,NA,NA,NA,NA,NA,2,NA,"2784e794-f70f-4455-854d-110f8ab37d19","2406d0ea-4647-4181-903d-b523057b208c",NA,"https://ror.org/001805t51",NA,NA,NA,NA,NA,NA,NA,NA,NA,"Congo Belge;Kadjudju",NA,NA,NA,NA,NA,NA,NA,NA,NA,NA,NA,NA,NA,NA,NA,NA,NA,NA,NA,NA,NA,NA,NA,NA,NA,NA,NA,NA,NA,NA,NA,NA,NA,NA,NA,"0cb12891-c5fe-4383-9c88-4ac046e462f3",NA,NA,NA,NA,NA,NA,NA,NA,NA,NA,NA,NA,NA,NA,NA,NA,NA,NA,NA,NA,NA,NA,NA,NA,NA,NA,NA,NA,NA,NA,NA,NA,NA,NA,NA,NA,NA,NA,NA,NA,NA,NA,NA,NA,NA,NA,NA,NA,NA,"Lake","Lake Kivu",2415288353.60194,"Barbus kerstenii"
"4454529877","Barbus kerstenii Peters, 1868",-1.7,29.25,"cdc,gass84,rdativ,osiic","9cfa6cb6-5833-44b2-97f1-18a3c12fed47","575c52b0-a742-11db-a6ff-b8a03c50a862","96dec937-f8d1-4d18-a8a1-1e9f4ca1aabd","575c52b0-a742-11db-a6ff-b8a03c50a862","BE","EML","2025-02-28T23:01:23.697+00:00","2025-02-28T23:02:24.663+00:00",71,"PRESERVED_SPECIMEN","PRESENT",5206847,1,44,1153,7336,2363128,9461154,9461154,"Enteromius kerstenii (Peters, 1868)","Animalia","Chordata","Cypriniformes","Cyprinidae","Enteromius","Enteromius kerstenii","Barbus","kerstenii","SPECIES","SYNONYM","LC","1982-01-01T00:00:00",NA,"AFRICA",NA,NA,NA,NA,NA,NA,NA,NA,"2025-02-28T23:02:24.663+00:00",NA,"http://creativecommons.org/licenses/by/4.0/legalcode",FALSE,"https://darwinweb.africamuseum.be/object/1c9975d1-07a0-40cd-a6ad-00af66400de1","none","none",FALSE,NA,NA,"Thys van den Audenaerde Dirk","WGS84","RW","none","none","AFRICA","Rwanda","EUROPE",NA,"https://darwinweb.africamuseum.be/object/1c9975d1-07a0-40cd-a6ad-00af66400de1",NA,NA,"4454529877",NA,"VER-FIS","https://darwinweb.africamuseum.be/object/1c9975d1-07a0-40cd-a6ad-00af66400de1",NA,"BE_RMCA_Vert.1981.055.P.1420-1445","RMCA",NA,NA,NA,"Barbus kerstenii Peters, 1868",NA,NA,NA,NA,NA,NA,NA,26,NA,"2784e794-f70f-4455-854d-110f8ab37d19","2406d0ea-4647-4181-903d-b523057b208c",NA,"https://ror.org/001805t51",NA,NA,NA,NA,NA,NA,NA,NA,NA,"Gisenyi, voor pêcherie FAO, zandstrand Kivu meer",NA,NA,NA,NA,NA,NA,NA,NA,NA,NA,NA,NA,NA,NA,NA,NA,NA,NA,NA,NA,NA,NA,NA,NA,NA,NA,NA,NA,NA,NA,NA,NA,NA,NA,NA,"1c9975d1-07a0-40cd-a6ad-00af66400de1",NA,NA,NA,NA,NA,NA,NA,NA,NA,NA,NA,NA,NA,NA,NA,NA,NA,NA,NA,NA,NA,NA,NA,NA,NA,NA,NA,NA,NA,NA,NA,NA,NA,NA,NA,NA,NA,NA,NA,NA,NA,NA,NA,NA,NA,NA,NA,NA,NA,"Lake","Lake Kivu",2415288353.60194,"Barbus kerstenii"
"4454514747","Barbus kerstenii Peters, 1868",-1.7,29.25,"cdc,gass84,rdativ,osiic","9cfa6cb6-5833-44b2-97f1-18a3c12fed47","575c52b0-a742-11db-a6ff-b8a03c50a862","96dec937-f8d1-4d18-a8a1-1e9f4ca1aabd","575c52b0-a742-11db-a6ff-b8a03c50a862","BE","EML","2025-02-28T23:01:23.697+00:00","2025-02-28T23:02:23.214+00:00",71,"PRESERVED_SPECIMEN","PRESENT",5206847,1,44,1153,7336,2363128,9461154,9461154,"Enteromius kerstenii (Peters, 1868)","Animalia","Chordata","Cypriniformes","Cyprinidae","Enteromius","Enteromius kerstenii","Barbus","kerstenii","SPECIES","SYNONYM","LC","1980-01-01T00:00:00",NA,"AFRICA",NA,NA,NA,NA,NA,NA,NA,NA,"2025-02-28T23:02:23.214+00:00",NA,"http://creativecommons.org/licenses/by/4.0/legalcode",FALSE,"https://darwinweb.africamuseum.be/object/2a43e748-38be-443e-abed-06e2d62d2355","none","none",FALSE,NA,"Poll Max (Dr.)","Thys van den Audenaerde Dirk","WGS84","RW","none","none","AFRICA","Rwanda","EUROPE",NA,"https://darwinweb.africamuseum.be/object/2a43e748-38be-443e-abed-06e2d62d2355",NA,NA,"4454514747",NA,"VER-FIS","https://darwinweb.africamuseum.be/object/2a43e748-38be-443e-abed-06e2d62d2355",NA,"BE_RMCA_Vert.P.89807","RMCA",NA,NA,NA,"Barbus kerstenii Peters, 1868",NA,NA,NA,NA,NA,NA,NA,1,NA,"2784e794-f70f-4455-854d-110f8ab37d19","2406d0ea-4647-4181-903d-b523057b208c",NA,"https://ror.org/001805t51",NA,NA,NA,NA,NA,NA,NA,NA,NA,"Ruanda;Kisenyi, du petit port aux canots à la plage de Kisenyi, stat. 515",NA,NA,NA,NA,NA,NA,NA,NA,NA,NA,NA,NA,NA,NA,NA,NA,NA,NA,NA,NA,NA,NA,NA,NA,NA,NA,NA,NA,NA,NA,NA,NA,NA,NA,NA,"2a43e748-38be-443e-abed-06e2d62d2355",NA,NA,NA,NA,NA,NA,NA,NA,NA,NA,NA,NA,NA,NA,NA,NA,NA,NA,NA,NA,NA,NA,NA,NA,NA,NA,NA,NA,NA,NA,NA,NA,NA,NA,NA,NA,NA,NA,NA,NA,NA,NA,NA,NA,NA,NA,NA,NA,NA,"Lake","Lake Kivu",2415288353.60194,"Barbus kerstenii"
"4454519075","Barbus kerstenii Peters, 1868",-1.7,29.25,"cdc,gass84,rdativ,osiic","9cfa6cb6-5833-44b2-97f1-18a3c12fed47","575c52b0-a742-11db-a6ff-b8a03c50a862","96dec937-f8d1-4d18-a8a1-1e9f4ca1aabd","575c52b0-a742-11db-a6ff-b8a03c50a862","BE","EML","2025-02-28T23:01:23.697+00:00","2025-02-28T23:02:23.587+00:00",71,"PRESERVED_SPECIMEN","PRESENT",5206847,1,44,1153,7336,2363128,9461154,9461154,"Enteromius kerstenii (Peters, 1868)","Animalia","Chordata","Cypriniformes","Cyprinidae","Enteromius","Enteromius kerstenii","Barbus","kerstenii","SPECIES","SYNONYM","LC","1982-01-01T00:00:00",NA,"AFRICA",NA,NA,NA,NA,NA,NA,NA,NA,"2025-02-28T23:02:23.587+00:00",NA,"http://creativecommons.org/licenses/by/4.0/legalcode",FALSE,"https://darwinweb.africamuseum.be/object/33879583-58c4-4a5d-a488-518a77e59925","none","none",FALSE,NA,NA,"Thys van den Audenaerde Dirk","WGS84","RW","none","none","AFRICA","Rwanda","EUROPE",NA,"https://darwinweb.africamuseum.be/object/33879583-58c4-4a5d-a488-518a77e59925",NA,NA,"4454519075",NA,"VER-FIS","https://darwinweb.africamuseum.be/object/33879583-58c4-4a5d-a488-518a77e59925",NA,"BE_RMCA_Vert.1981.055.P.1167-1169","RMCA",NA,NA,NA,"Barbus kerstenii Peters, 1868",NA,NA,NA,NA,NA,NA,NA,3,NA,"2784e794-f70f-4455-854d-110f8ab37d19","2406d0ea-4647-4181-903d-b523057b208c",NA,"https://ror.org/001805t51",NA,NA,NA,NA,NA,NA,NA,NA,NA,"Gisenyi, voor pêcherie FAO, zandstrand Kivu meer",NA,NA,NA,NA,NA,NA,NA,NA,NA,NA,NA,NA,NA,NA,NA,NA,NA,NA,NA,NA,NA,NA,NA,NA,NA,NA,NA,NA,NA,NA,NA,NA,NA,NA,NA,"33879583-58c4-4a5d-a488-518a77e59925",NA,NA,NA,NA,NA,NA,NA,NA,NA,NA,NA,NA,NA,NA,NA,NA,NA,NA,NA,NA,NA,NA,NA,NA,NA,NA,NA,NA,NA,NA,NA,NA,NA,NA,NA,NA,NA,NA,NA,NA,NA,NA,NA,NA,NA,NA,NA,NA,NA,"Lake","Lake Kivu",2415288353.60194,"Barbus kerstenii"
"4454490778","Barbus innocens Pfeffer, 1896",-4.33333,29.58333,"cdc,gass84,rdativ,osiic","9cfa6cb6-5833-44b2-97f1-18a3c12fed47","575c52b0-a742-11db-a6ff-b8a03c50a862","96dec937-f8d1-4d18-a8a1-1e9f4ca1aabd","575c52b0-a742-11db-a6ff-b8a03c50a862","BE","EML","2025-02-28T23:01:23.697+00:00","2025-02-28T23:02:20.678+00:00",71,"PRESERVED_SPECIMEN","PRESENT",5207339,1,44,1153,7336,2363128,9514036,9514036,"Enteromius innocens (Pfeffer, 1896)","Animalia","Chordata","Cypriniformes","Cyprinidae","Enteromius","Enteromius innocens","Barbus","innocens","SPECIES","SYNONYM","LC","1937-01-01T00:00:00",NA,"AFRICA",NA,NA,NA,NA,NA,NA,NA,NA,"2025-02-28T23:02:20.678+00:00",NA,"http://creativecommons.org/licenses/by/4.0/legalcode",FALSE,"https://darwinweb.africamuseum.be/object/3ca14e70-0fed-44da-89c7-a5ccb98e131c","none","none",FALSE,NA,"Lestrade A.","David, L.","WGS84","BI","none","none","AFRICA","Burundi","EUROPE",NA,"https://darwinweb.africamuseum.be/object/3ca14e70-0fed-44da-89c7-a5ccb98e131c",NA,NA,"4454490778",NA,"VER-FIS","https://darwinweb.africamuseum.be/object/3ca14e70-0fed-44da-89c7-a5ccb98e131c",NA,"BE_RMCA_Vert.P.47363-47364","RMCA",NA,NA,NA,"Barbus innocens Pfeffer, 1896",NA,NA,NA,NA,NA,NA,NA,2,NA,"2784e794-f70f-4455-854d-110f8ab37d19","2406d0ea-4647-4181-903d-b523057b208c",NA,"https://ror.org/001805t51",NA,NA,NA,NA,NA,NA,NA,NA,NA,"Urundi;riv. Luaba, près de son embouchure dans le lac Tanganyka, à Nyanza lac",NA,NA,NA,NA,NA,NA,NA,NA,NA,NA,NA,NA,NA,NA,NA,NA,NA,NA,NA,NA,NA,NA,NA,NA,NA,NA,NA,NA,NA,NA,NA,NA,NA,NA,NA,"3ca14e70-0fed-44da-89c7-a5ccb98e131c",NA,NA,NA,NA,NA,NA,NA,NA,NA,NA,NA,NA,NA,NA,NA,NA,NA,NA,NA,NA,NA,NA,NA,NA,NA,NA,NA,NA,NA,NA,NA,NA,NA,NA,NA,NA,NA,NA,NA,NA,NA,NA,NA,NA,NA,NA,NA,NA,NA,"Lake","Lake Tanganyika",32896759543.8782,"Barbus innocens"
"4454491507","Barbus lufukiensis Boulenger, 1917",-5.91667,29.2,"cdc,cudc,cuiv,gass84,rdativ,osiic","9cfa6cb6-5833-44b2-97f1-18a3c12fed47","575c52b0-a742-11db-a6ff-b8a03c50a862","96dec937-f8d1-4d18-a8a1-1e9f4ca1aabd","575c52b0-a742-11db-a6ff-b8a03c50a862","BE","EML","2025-02-28T23:01:23.697+00:00","2025-02-28T23:02:20.759+00:00",71,"PRESERVED_SPECIMEN","PRESENT",5206961,1,44,1153,7336,2363128,9605377,9605377,"Enteromius lufukiensis (Boulenger, 1917)","Animalia","Chordata","Cypriniformes","Cyprinidae","Enteromius","Enteromius lufukiensis","Barbus","lufukiensis","SPECIES","SYNONYM","NT","1950-01-01T00:00:00",NA,"AFRICA",NA,NA,NA,NA,NA,NA,NA,NA,"2025-02-28T23:02:20.759+00:00",NA,"http://creativecommons.org/licenses/by/4.0/legalcode",FALSE,"https://darwinweb.africamuseum.be/object/3d501920-fda9-46d2-8974-6f1601c9c2e2","none","none",FALSE,NA,"Poll Max (Dr.)","Poll Max (Dr.)","WGS84","CD","none","none","AFRICA","Congo, Democratic Republic of the","EUROPE",NA,"https://darwinweb.africamuseum.be/object/3d501920-fda9-46d2-8974-6f1601c9c2e2",NA,NA,"4454491507",NA,"VER-FIS","https://darwinweb.africamuseum.be/object/3d501920-fda9-46d2-8974-6f1601c9c2e2",NA,"BE_RMCA_Vert.P.89845-89847","RMCA",NA,NA,NA,"Barbus lufukiensis Boulenger, 1917",NA,NA,NA,NA,NA,NA,NA,3,NA,"2784e794-f70f-4455-854d-110f8ab37d19","2406d0ea-4647-4181-903d-b523057b208c",NA,"https://ror.org/001805t51",NA,NA,NA,NA,NA,NA,NA,NA,NA,"Tanganika region;Congo, Democratic Republic of the;;Congo Belge;village Amisi, région d'Albertville, riv. Lukuga",NA,NA,NA,NA,NA,NA,NA,NA,NA,NA,NA,NA,NA,NA,NA,NA,NA,NA,NA,NA,NA,NA,NA,NA,NA,NA,NA,NA,NA,NA,NA,NA,NA,NA,NA,"3d501920-fda9-46d2-8974-6f1601c9c2e2",NA,NA,NA,NA,NA,NA,NA,NA,NA,NA,NA,NA,NA,NA,NA,NA,NA,NA,NA,NA,NA,NA,NA,NA,NA,NA,NA,NA,NA,NA,NA,NA,NA,NA,NA,NA,NA,NA,NA,NA,NA,NA,NA,NA,NA,NA,NA,NA,NA,"Lake","Lake Tanganyika",32896759543.8782,"Barbus lufukiensis"
"4454479792","Barbus kerstenii Peters, 1868",-2.15,28.9,"cdc,cudc,cuiv,gass84,osiic","9cfa6cb6-5833-44b2-97f1-18a3c12fed47","575c52b0-a742-11db-a6ff-b8a03c50a862","96dec937-f8d1-4d18-a8a1-1e9f4ca1aabd","575c52b0-a742-11db-a6ff-b8a03c50a862","BE","EML","2025-02-28T23:01:23.697+00:00","2025-02-28T23:02:19.230+00:00",71,"PRESERVED_SPECIMEN","PRESENT",5206847,1,44,1153,7336,2363128,9461154,9461154,"Enteromius kerstenii (Peters, 1868)","Animalia","Chordata","Cypriniformes","Cyprinidae","Enteromius","Enteromius kerstenii","Barbus","kerstenii","SPECIES","SYNONYM","LC","1980-01-01T00:00:00",NA,"AFRICA",NA,NA,NA,NA,NA,NA,NA,NA,"2025-02-28T23:02:19.230+00:00",NA,"http://creativecommons.org/licenses/by/4.0/legalcode",FALSE,"https://darwinweb.africamuseum.be/object/46b5cf93-a545-46b6-a9b2-abb4ba3bffa3","none","none",FALSE,NA,"Babault, G.","Thys van den Audenaerde Dirk","WGS84","CD","none","none","AFRICA","Congo, Democratic Republic of the","EUROPE",NA,"https://darwinweb.africamuseum.be/object/46b5cf93-a545-46b6-a9b2-abb4ba3bffa3",NA,NA,"4454479792",NA,"VER-FIS","https://darwinweb.africamuseum.be/object/46b5cf93-a545-46b6-a9b2-abb4ba3bffa3",NA,"BE_RMCA_Vert.P.42958","RMCA",NA,NA,NA,"Barbus kerstenii Peters, 1868",NA,NA,NA,NA,NA,NA,NA,1,NA,"2784e794-f70f-4455-854d-110f8ab37d19","2406d0ea-4647-4181-903d-b523057b208c",NA,"https://ror.org/001805t51",NA,NA,NA,NA,NA,NA,NA,NA,NA,"Congo Belge;Kadjudju, W. lac Kivu",NA,NA,NA,NA,NA,NA,NA,NA,NA,NA,NA,NA,NA,NA,NA,NA,NA,NA,NA,NA,NA,NA,NA,NA,NA,NA,NA,NA,NA,NA,NA,NA,NA,NA,NA,"46b5cf93-a545-46b6-a9b2-abb4ba3bffa3",NA,NA,NA,NA,NA,NA,NA,NA,NA,NA,NA,NA,NA,NA,NA,NA,NA,NA,NA,NA,NA,NA,NA,NA,NA,NA,NA,NA,NA,NA,NA,NA,NA,NA,NA,NA,NA,NA,NA,NA,NA,NA,NA,NA,NA,NA,NA,NA,NA,"Lake","Lake Kivu",2415288353.60194,"Barbus kerstenii"
"4454472148","Barbus kerstenii Peters, 1868",-1.7,29.25,"cdc,gass84,rdativ,osiic","9cfa6cb6-5833-44b2-97f1-18a3c12fed47","575c52b0-a742-11db-a6ff-b8a03c50a862","96dec937-f8d1-4d18-a8a1-1e9f4ca1aabd","575c52b0-a742-11db-a6ff-b8a03c50a862","BE","EML","2025-02-28T23:01:23.697+00:00","2025-02-28T23:02:17.383+00:00",71,"PRESERVED_SPECIMEN","PRESENT",5206847,1,44,1153,7336,2363128,9461154,9461154,"Enteromius kerstenii (Peters, 1868)","Animalia","Chordata","Cypriniformes","Cyprinidae","Enteromius","Enteromius kerstenii","Barbus","kerstenii","SPECIES","SYNONYM","LC","1982-01-01T00:00:00",NA,"AFRICA",NA,NA,NA,NA,NA,NA,NA,NA,"2025-02-28T23:02:17.383+00:00",NA,"http://creativecommons.org/licenses/by/4.0/legalcode",FALSE,"https://darwinweb.africamuseum.be/object/4cef0ddc-3e52-4d66-bbc5-6bb0e7d59c80","none","none",FALSE,NA,NA,"Thys van den Audenaerde Dirk","WGS84","RW","none","none","AFRICA","Rwanda","EUROPE",NA,"https://darwinweb.africamuseum.be/object/4cef0ddc-3e52-4d66-bbc5-6bb0e7d59c80",NA,NA,"4454472148",NA,"VER-FIS","https://darwinweb.africamuseum.be/object/4cef0ddc-3e52-4d66-bbc5-6bb0e7d59c80",NA,"BE_RMCA_Vert.1981.055.P.0202-0204","RMCA",NA,NA,NA,"Barbus kerstenii Peters, 1868",NA,NA,NA,NA,NA,NA,NA,3,NA,"2784e794-f70f-4455-854d-110f8ab37d19","2406d0ea-4647-4181-903d-b523057b208c",NA,"https://ror.org/001805t51",NA,NA,NA,NA,NA,NA,NA,NA,NA,"Gisenyi, rotskust Bel Air, Kivu meer",NA,NA,NA,NA,NA,NA,NA,NA,NA,NA,NA,NA,NA,NA,NA,NA,NA,NA,NA,NA,NA,NA,NA,NA,NA,NA,NA,NA,NA,NA,NA,NA,NA,NA,NA,"4cef0ddc-3e52-4d66-bbc5-6bb0e7d59c80",NA,NA,NA,NA,NA,NA,NA,NA,NA,NA,NA,NA,NA,NA,NA,NA,NA,NA,NA,NA,NA,NA,NA,NA,NA,NA,NA,NA,NA,NA,NA,NA,NA,NA,NA,NA,NA,NA,NA,NA,NA,NA,NA,NA,NA,NA,NA,NA,NA,"Lake","Lake Kivu",2415288353.60194,"Barbus kerstenii"
"4454563429","Barbus taeniopleura Boulenger, 1917",-5.91667,29.2,"cdc,cudc,cuiv,gass84,rdativ,osiic","9cfa6cb6-5833-44b2-97f1-18a3c12fed47","575c52b0-a742-11db-a6ff-b8a03c50a862","96dec937-f8d1-4d18-a8a1-1e9f4ca1aabd","575c52b0-a742-11db-a6ff-b8a03c50a862","BE","EML","2025-02-28T23:01:23.697+00:00","2025-02-28T23:02:27.437+00:00",71,"PRESERVED_SPECIMEN","PRESENT",5206957,1,44,1153,7336,2363128,9357965,9357965,"Enteromius taeniopleura (Boulenger, 1917)","Animalia","Chordata","Cypriniformes","Cyprinidae","Enteromius","Enteromius taeniopleura","Barbus","taeniopleura","SPECIES","SYNONYM","LC","1950-01-01T00:00:00",NA,"AFRICA",NA,NA,NA,NA,NA,NA,NA,NA,"2025-02-28T23:02:27.437+00:00",NA,"http://creativecommons.org/licenses/by/4.0/legalcode",FALSE,"https://darwinweb.africamuseum.be/object/64274b5c-9493-45b5-b75f-694a36ac74bd","none","none",FALSE,NA,"Poll Max (Dr.)","Poll Max (Dr.)","WGS84","CD","none","none","AFRICA","Congo, Democratic Republic of the","EUROPE",NA,"https://darwinweb.africamuseum.be/object/64274b5c-9493-45b5-b75f-694a36ac74bd",NA,NA,"4454563429",NA,"VER-FIS","https://darwinweb.africamuseum.be/object/64274b5c-9493-45b5-b75f-694a36ac74bd",NA,"BE_RMCA_Vert.P.89817-89818","RMCA",NA,NA,NA,"Barbus taeniopleura Boulenger, 1917",NA,NA,NA,NA,NA,NA,NA,2,NA,"2784e794-f70f-4455-854d-110f8ab37d19","2406d0ea-4647-4181-903d-b523057b208c",NA,"https://ror.org/001805t51",NA,NA,NA,NA,NA,NA,NA,NA,NA,"Tanganika region;Congo, Democratic Republic of the;;Congo Belge;village Amisi, région d'Albertville, riv. Lukuga",NA,NA,NA,NA,NA,NA,NA,NA,NA,NA,NA,NA,NA,NA,NA,NA,NA,NA,NA,NA,NA,NA,NA,NA,NA,NA,NA,NA,NA,NA,NA,NA,NA,NA,NA,"64274b5c-9493-45b5-b75f-694a36ac74bd",NA,NA,NA,NA,NA,NA,NA,NA,NA,NA,NA,NA,NA,NA,NA,NA,NA,NA,NA,NA,NA,NA,NA,NA,NA,NA,NA,NA,NA,NA,NA,NA,NA,NA,NA,NA,NA,NA,NA,NA,NA,NA,NA,NA,NA,NA,NA,NA,NA,"Lake","Lake Tanganyika",32896759543.8782,"Barbus taeniopleura"
"4454523155","Barbus kerstenii Peters, 1868",-1.7,29.25,"cdc,gass84,rdativ,osiic","9cfa6cb6-5833-44b2-97f1-18a3c12fed47","575c52b0-a742-11db-a6ff-b8a03c50a862","96dec937-f8d1-4d18-a8a1-1e9f4ca1aabd","575c52b0-a742-11db-a6ff-b8a03c50a862","BE","EML","2025-02-28T23:01:23.697+00:00","2025-02-28T23:02:23.957+00:00",71,"PRESERVED_SPECIMEN","PRESENT",5206847,1,44,1153,7336,2363128,9461154,9461154,"Enteromius kerstenii (Peters, 1868)","Animalia","Chordata","Cypriniformes","Cyprinidae","Enteromius","Enteromius kerstenii","Barbus","kerstenii","SPECIES","SYNONYM","LC","1981-01-01T00:00:00",NA,"AFRICA",NA,NA,NA,NA,NA,NA,NA,NA,"2025-02-28T23:02:23.957+00:00",NA,"http://creativecommons.org/licenses/by/4.0/legalcode",FALSE,"https://darwinweb.africamuseum.be/object/69f16b98-781e-4290-9826-416fc4b924cd","none","none",FALSE,NA,NA,"Coenen, E.","WGS84","RW","none","none","AFRICA","Rwanda","EUROPE",NA,"https://darwinweb.africamuseum.be/object/69f16b98-781e-4290-9826-416fc4b924cd",NA,NA,"4454523155",NA,"VER-FIS","https://darwinweb.africamuseum.be/object/69f16b98-781e-4290-9826-416fc4b924cd",NA,"BE_RMCA_Vert.1980.049.P.3796-4174","RMCA",NA,NA,NA,"Barbus kerstenii Peters, 1868",NA,NA,NA,NA,NA,NA,NA,379,NA,"2784e794-f70f-4455-854d-110f8ab37d19","2406d0ea-4647-4181-903d-b523057b208c",NA,"https://ror.org/001805t51",NA,NA,NA,NA,NA,NA,NA,NA,NA,"Gisenyi, 0-10 km van Gisenyi, Kivu meer",NA,NA,NA,NA,NA,NA,NA,NA,NA,NA,NA,NA,NA,NA,NA,NA,NA,NA,NA,NA,NA,NA,NA,NA,NA,NA,NA,NA,NA,NA,NA,NA,NA,NA,NA,"69f16b98-781e-4290-9826-416fc4b924cd",NA,NA,NA,NA,NA,NA,NA,NA,NA,NA,NA,NA,NA,NA,NA,NA,NA,NA,NA,NA,NA,NA,NA,NA,NA,NA,NA,NA,NA,NA,NA,NA,NA,NA,NA,NA,NA,NA,NA,NA,NA,NA,NA,NA,NA,NA,NA,NA,NA,"Lake","Lake Kivu",2415288353.60194,"Barbus kerstenii"
"4454480859","Barbus kerstenii Peters, 1868",-1.73333,29.26667,"cdc,gass84,rdativ,osiic","9cfa6cb6-5833-44b2-97f1-18a3c12fed47","575c52b0-a742-11db-a6ff-b8a03c50a862","96dec937-f8d1-4d18-a8a1-1e9f4ca1aabd","575c52b0-a742-11db-a6ff-b8a03c50a862","BE","EML","2025-02-28T23:01:23.697+00:00","2025-02-28T23:02:19.383+00:00",71,"PRESERVED_SPECIMEN","PRESENT",5206847,1,44,1153,7336,2363128,9461154,9461154,"Enteromius kerstenii (Peters, 1868)","Animalia","Chordata","Cypriniformes","Cyprinidae","Enteromius","Enteromius kerstenii","Barbus","kerstenii","SPECIES","SYNONYM","LC","1981-01-01T00:00:00",NA,"AFRICA",NA,NA,NA,NA,NA,NA,NA,NA,"2025-02-28T23:02:19.383+00:00",NA,"http://creativecommons.org/licenses/by/4.0/legalcode",FALSE,"https://darwinweb.africamuseum.be/object/6a01cb97-2753-4f60-909a-1de4ab56c107","none","none",FALSE,NA,NA,"Coenen, E.","WGS84","RW","none","none","AFRICA","Rwanda","EUROPE",NA,"https://darwinweb.africamuseum.be/object/6a01cb97-2753-4f60-909a-1de4ab56c107",NA,NA,"4454480859",NA,"VER-FIS","https://darwinweb.africamuseum.be/object/6a01cb97-2753-4f60-909a-1de4ab56c107",NA,"BE_RMCA_Vert.1980.049.P.6113-6145","RMCA",NA,NA,NA,"Barbus kerstenii Peters, 1868",NA,NA,NA,NA,NA,NA,NA,33,NA,"2784e794-f70f-4455-854d-110f8ab37d19","2406d0ea-4647-4181-903d-b523057b208c",NA,"https://ror.org/001805t51",NA,NA,NA,NA,NA,NA,NA,NA,NA,"Kigufi, dispensarium, Kivu meer",NA,NA,NA,NA,NA,NA,NA,NA,NA,NA,NA,NA,NA,NA,NA,NA,NA,NA,NA,NA,NA,NA,NA,NA,NA,NA,NA,NA,NA,NA,NA,NA,NA,NA,NA,"6a01cb97-2753-4f60-909a-1de4ab56c107",NA,NA,NA,NA,NA,NA,NA,NA,NA,NA,NA,NA,NA,NA,NA,NA,NA,NA,NA,NA,NA,NA,NA,NA,NA,NA,NA,NA,NA,NA,NA,NA,NA,NA,NA,NA,NA,NA,NA,NA,NA,NA,NA,NA,NA,NA,NA,NA,NA,"Lake","Lake Kivu",2415288353.60194,"Barbus kerstenii"
"4454536409","Barbus kerstenii Peters, 1868",-1.7,29.25,"cdc,gass84,rdativ,osiic","9cfa6cb6-5833-44b2-97f1-18a3c12fed47","575c52b0-a742-11db-a6ff-b8a03c50a862","96dec937-f8d1-4d18-a8a1-1e9f4ca1aabd","575c52b0-a742-11db-a6ff-b8a03c50a862","BE","EML","2025-02-28T23:01:23.697+00:00","2025-02-28T23:02:25.285+00:00",71,"PRESERVED_SPECIMEN","PRESENT",5206847,1,44,1153,7336,2363128,9461154,9461154,"Enteromius kerstenii (Peters, 1868)","Animalia","Chordata","Cypriniformes","Cyprinidae","Enteromius","Enteromius kerstenii","Barbus","kerstenii","SPECIES","SYNONYM","LC","1981-01-01T00:00:00",NA,"AFRICA",NA,NA,NA,NA,NA,NA,NA,NA,"2025-02-28T23:02:25.285+00:00",NA,"http://creativecommons.org/licenses/by/4.0/legalcode",FALSE,"https://darwinweb.africamuseum.be/object/6e68fea0-8df3-4020-9ec1-08ed2217a8d9","none","none",FALSE,NA,NA,"Coenen, E.","WGS84","RW","none","none","AFRICA","Rwanda","EUROPE",NA,"https://darwinweb.africamuseum.be/object/6e68fea0-8df3-4020-9ec1-08ed2217a8d9",NA,NA,"4454536409",NA,"VER-FIS","https://darwinweb.africamuseum.be/object/6e68fea0-8df3-4020-9ec1-08ed2217a8d9",NA,"BE_RMCA_Vert.1980.049.P.2421-2429","RMCA",NA,NA,NA,"Barbus kerstenii Peters, 1868",NA,NA,NA,NA,NA,NA,NA,9,NA,"2784e794-f70f-4455-854d-110f8ab37d19","2406d0ea-4647-4181-903d-b523057b208c",NA,"https://ror.org/001805t51",NA,NA,NA,NA,NA,NA,NA,NA,NA,"Gisenyi, voor visserij F.A.O., Kivu meer",NA,NA,NA,NA,NA,NA,NA,NA,NA,NA,NA,NA,NA,NA,NA,NA,NA,NA,NA,NA,NA,NA,NA,NA,NA,NA,NA,NA,NA,NA,NA,NA,NA,NA,NA,"6e68fea0-8df3-4020-9ec1-08ed2217a8d9",NA,NA,NA,NA,NA,NA,NA,NA,NA,NA,NA,NA,NA,NA,NA,NA,NA,NA,NA,NA,NA,NA,NA,NA,NA,NA,NA,NA,NA,NA,NA,NA,NA,NA,NA,NA,NA,NA,NA,NA,NA,NA,NA,NA,NA,NA,NA,NA,NA,"Lake","Lake Kivu",2415288353.60194,"Barbus kerstenii"
"4454503605","Barbus oligogrammus David, 1937",-3.5,29.33333,"cdc,gass84,rdativ,osiic","9cfa6cb6-5833-44b2-97f1-18a3c12fed47","575c52b0-a742-11db-a6ff-b8a03c50a862","96dec937-f8d1-4d18-a8a1-1e9f4ca1aabd","575c52b0-a742-11db-a6ff-b8a03c50a862","BE","EML","2025-02-28T23:01:23.697+00:00","2025-02-28T23:02:22.161+00:00",71,"PRESERVED_SPECIMEN","PRESENT",5206933,1,44,1153,7336,2363128,9248145,9248145,"Enteromius oligogrammus (David, 1937)","Animalia","Chordata","Cypriniformes","Cyprinidae","Enteromius","Enteromius oligogrammus","Barbus","oligogrammus","SPECIES","SYNONYM","LC","1996-01-01T00:00:00",NA,"AFRICA",NA,NA,NA,NA,NA,NA,NA,NA,"2025-02-28T23:02:22.161+00:00",NA,"http://creativecommons.org/licenses/by/4.0/legalcode",FALSE,"https://darwinweb.africamuseum.be/object/7a82a6ae-152c-4163-9104-7a9d16fcc402","none","none",FALSE,NA,"De Vos L.","De Vos L.","WGS84","BI","none","none","AFRICA","Burundi","EUROPE",NA,"https://darwinweb.africamuseum.be/object/7a82a6ae-152c-4163-9104-7a9d16fcc402",NA,NA,"4454503605",NA,"VER-FIS","https://darwinweb.africamuseum.be/object/7a82a6ae-152c-4163-9104-7a9d16fcc402",NA,"BE_RMCA_Vert.1991.034.P.0396-0397","RMCA",NA,NA,NA,"Barbus oligogrammus David, 1937",NA,"{ 'donators':'De Vos L.'}",NA,NA,NA,NA,NA,2,NA,"2784e794-f70f-4455-854d-110f8ab37d19","2406d0ea-4647-4181-903d-b523057b208c",NA,"https://ror.org/001805t51",NA,NA,NA,NA,NA,NA,NA,NA,NA,"affl. lac Tanganyika, entre km 13 et km 41 route Bujumbura-Rumonge",NA,NA,NA,NA,NA,NA,NA,NA,NA,NA,NA,NA,NA,NA,NA,NA,NA,NA,NA,NA,NA,NA,NA,NA,NA,NA,NA,NA,NA,NA,NA,NA,NA,NA,NA,"7a82a6ae-152c-4163-9104-7a9d16fcc402",NA,NA,NA,NA,NA,NA,NA,NA,NA,NA,NA,NA,NA,NA,NA,NA,NA,NA,NA,NA,NA,NA,NA,NA,NA,NA,NA,NA,NA,NA,NA,NA,NA,NA,NA,NA,NA,NA,NA,NA,NA,NA,NA,NA,NA,NA,NA,NA,NA,"Lake","Lake Tanganyika",32896759543.8782,"Barbus oligogrammus"
"4454508789","Barbus pellegrini Poll, 1939",-2.15,28.9,"cdc,cudc,cuiv,gass84,osiic","9cfa6cb6-5833-44b2-97f1-18a3c12fed47","575c52b0-a742-11db-a6ff-b8a03c50a862","96dec937-f8d1-4d18-a8a1-1e9f4ca1aabd","575c52b0-a742-11db-a6ff-b8a03c50a862","BE","EML","2025-02-28T23:01:23.697+00:00","2025-02-28T23:02:22.674+00:00",71,"PRESERVED_SPECIMEN","PRESENT",5207331,1,44,1153,7336,2363128,9255837,9255837,"Enteromius pellegrini (Poll, 1939)","Animalia","Chordata","Cypriniformes","Cyprinidae","Enteromius","Enteromius pellegrini","Barbus","pellegrini","SPECIES","SYNONYM","LC","1980-01-01T00:00:00",NA,"AFRICA",NA,NA,NA,NA,NA,NA,NA,NA,"2025-02-28T23:02:22.674+00:00",NA,"http://creativecommons.org/licenses/by/4.0/legalcode",FALSE,"https://darwinweb.africamuseum.be/object/8c3122b2-f238-469f-a512-7281112b05d8","none","none",FALSE,NA,"Babault, G.","Thys van den Audenaerde Dirk","WGS84","CD","none","none","AFRICA","Congo, Democratic Republic of the","EUROPE",NA,"https://darwinweb.africamuseum.be/object/8c3122b2-f238-469f-a512-7281112b05d8",NA,NA,"4454508789",NA,"VER-FIS","https://darwinweb.africamuseum.be/object/8c3122b2-f238-469f-a512-7281112b05d8",NA,"BE_RMCA_Vert.P.42976/B-D","RMCA",NA,NA,NA,"Barbus pellegrini Poll, 1939",NA,NA,NA,NA,NA,NA,NA,3,NA,"2784e794-f70f-4455-854d-110f8ab37d19","2406d0ea-4647-4181-903d-b523057b208c",NA,"https://ror.org/001805t51",NA,NA,NA,NA,NA,NA,NA,NA,NA,"Congo Belge;Kadjudju, W. lac Kivu",NA,NA,NA,NA,NA,NA,NA,NA,NA,NA,NA,NA,NA,NA,NA,NA,NA,NA,NA,NA,NA,NA,NA,NA,NA,NA,NA,NA,NA,NA,NA,NA,NA,NA,NA,"8c3122b2-f238-469f-a512-7281112b05d8",NA,NA,NA,NA,NA,NA,NA,NA,NA,NA,NA,NA,NA,NA,NA,NA,NA,NA,NA,NA,NA,NA,NA,NA,NA,NA,NA,NA,NA,NA,NA,NA,NA,NA,NA,NA,NA,NA,NA,NA,NA,NA,NA,NA,NA,NA,NA,NA,NA,"Lake","Lake Kivu",2415288353.60194,"Barbus pellegrini"
"4454534281","Barbus lufukiensis Boulenger, 1917",-5.91667,29.2,"cdc,cudc,cuiv,gass84,rdativ,osiic","9cfa6cb6-5833-44b2-97f1-18a3c12fed47","575c52b0-a742-11db-a6ff-b8a03c50a862","96dec937-f8d1-4d18-a8a1-1e9f4ca1aabd","575c52b0-a742-11db-a6ff-b8a03c50a862","BE","EML","2025-02-28T23:01:23.697+00:00","2025-02-28T23:02:25.087+00:00",71,"PRESERVED_SPECIMEN","PRESENT",5206961,1,44,1153,7336,2363128,9605377,9605377,"Enteromius lufukiensis (Boulenger, 1917)","Animalia","Chordata","Cypriniformes","Cyprinidae","Enteromius","Enteromius lufukiensis","Barbus","lufukiensis","SPECIES","SYNONYM","NT","1948-01-01T00:00:00",NA,"AFRICA",NA,NA,NA,NA,NA,NA,NA,NA,"2025-02-28T23:02:25.087+00:00",NA,"http://creativecommons.org/licenses/by/4.0/legalcode",FALSE,"https://darwinweb.africamuseum.be/object/9cdfaf54-5844-4d00-84b5-8c26a1495e87","none","none",FALSE,NA,"Poll Max (Dr.)","Poll Max (Dr.)","WGS84","CD","none","none","AFRICA","Congo, Democratic Republic of the","EUROPE",NA,"https://darwinweb.africamuseum.be/object/9cdfaf54-5844-4d00-84b5-8c26a1495e87",NA,NA,"4454534281",NA,"VER-FIS","https://darwinweb.africamuseum.be/object/9cdfaf54-5844-4d00-84b5-8c26a1495e87",NA,"BE_RMCA_Vert.P.89850","RMCA",NA,NA,NA,"Barbus lufukiensis Boulenger, 1917",NA,NA,NA,NA,NA,NA,NA,1,NA,"2784e794-f70f-4455-854d-110f8ab37d19","2406d0ea-4647-4181-903d-b523057b208c",NA,"https://ror.org/001805t51",NA,NA,NA,NA,NA,NA,NA,NA,NA,"Tanganika region;Congo, Democratic Republic of the;;Congo Belge;village Amisi, région d'Albertville, riv. Lukuga",NA,NA,NA,NA,NA,NA,NA,NA,NA,NA,NA,NA,NA,NA,NA,NA,NA,NA,NA,NA,NA,NA,NA,NA,NA,NA,NA,NA,NA,NA,NA,NA,NA,NA,NA,"9cdfaf54-5844-4d00-84b5-8c26a1495e87",NA,NA,NA,NA,NA,NA,NA,NA,NA,NA,NA,NA,NA,NA,NA,NA,NA,NA,NA,NA,NA,NA,NA,NA,NA,NA,NA,NA,NA,NA,NA,NA,NA,NA,NA,NA,NA,NA,NA,NA,NA,NA,NA,NA,NA,NA,NA,NA,NA,"Lake","Lake Tanganyika",32896759543.8782,"Barbus lufukiensis"
"4454563017","Barbus pellegrini Poll, 1939",-1.7,29.25,"cdc,gass84,rdativ,osiic","9cfa6cb6-5833-44b2-97f1-18a3c12fed47","575c52b0-a742-11db-a6ff-b8a03c50a862","96dec937-f8d1-4d18-a8a1-1e9f4ca1aabd","575c52b0-a742-11db-a6ff-b8a03c50a862","BE","EML","2025-02-28T23:01:23.697+00:00","2025-02-28T23:02:27.407+00:00",71,"PRESERVED_SPECIMEN","PRESENT",5207331,1,44,1153,7336,2363128,9255837,9255837,"Enteromius pellegrini (Poll, 1939)","Animalia","Chordata","Cypriniformes","Cyprinidae","Enteromius","Enteromius pellegrini","Barbus","pellegrini","SPECIES","SYNONYM","LC","1982-01-01T00:00:00",NA,"AFRICA",NA,NA,NA,NA,NA,NA,NA,NA,"2025-02-28T23:02:27.407+00:00",NA,"http://creativecommons.org/licenses/by/4.0/legalcode",FALSE,"https://darwinweb.africamuseum.be/object/c1a50bc9-5439-4c64-a5a1-6bcdd97055ab","none","none",FALSE,NA,NA,"Thys van den Audenaerde Dirk","WGS84","RW","none","none","AFRICA","Rwanda","EUROPE",NA,"https://darwinweb.africamuseum.be/object/c1a50bc9-5439-4c64-a5a1-6bcdd97055ab",NA,NA,"4454563017",NA,"VER-FIS","https://darwinweb.africamuseum.be/object/c1a50bc9-5439-4c64-a5a1-6bcdd97055ab",NA,"BE_RMCA_Vert.1981.055.P.1525","RMCA",NA,NA,NA,"Barbus pellegrini Poll, 1939",NA,NA,NA,NA,NA,NA,NA,1,NA,"2784e794-f70f-4455-854d-110f8ab37d19","2406d0ea-4647-4181-903d-b523057b208c",NA,"https://ror.org/001805t51",NA,NA,NA,NA,NA,NA,NA,NA,NA,"Gisenyi, voor pêcherie FAO, zandstrand Kivu meer",NA,NA,NA,NA,NA,NA,NA,NA,NA,NA,NA,NA,NA,NA,NA,NA,NA,NA,NA,NA,NA,NA,NA,NA,NA,NA,NA,NA,NA,NA,NA,NA,NA,NA,NA,"c1a50bc9-5439-4c64-a5a1-6bcdd97055ab",NA,NA,NA,NA,NA,NA,NA,NA,NA,NA,NA,NA,NA,NA,NA,NA,NA,NA,NA,NA,NA,NA,NA,NA,NA,NA,NA,NA,NA,NA,NA,NA,NA,NA,NA,NA,NA,NA,NA,NA,NA,NA,NA,NA,NA,NA,NA,NA,NA,"Lake","Lake Kivu",2415288353.60194,"Barbus pellegrini"
"4454484699","Barbus kerstenii Peters, 1868",-1.7,29.25,"cdc,cudc,cuiv,gass84,osiic","9cfa6cb6-5833-44b2-97f1-18a3c12fed47","575c52b0-a742-11db-a6ff-b8a03c50a862","96dec937-f8d1-4d18-a8a1-1e9f4ca1aabd","575c52b0-a742-11db-a6ff-b8a03c50a862","BE","EML","2025-02-28T23:01:23.697+00:00","2025-02-28T23:02:19.944+00:00",71,"PRESERVED_SPECIMEN","PRESENT",5206847,1,44,1153,7336,2363128,9461154,9461154,"Enteromius kerstenii (Peters, 1868)","Animalia","Chordata","Cypriniformes","Cyprinidae","Enteromius","Enteromius kerstenii","Barbus","kerstenii","SPECIES","SYNONYM","LC","1980-01-01T00:00:00",NA,"AFRICA",NA,NA,NA,NA,NA,NA,NA,NA,"2025-02-28T23:02:19.944+00:00",NA,"http://creativecommons.org/licenses/by/4.0/legalcode",FALSE,"https://darwinweb.africamuseum.be/object/d144cea1-f7c8-456f-86b1-4955a8e99e51","none","none",FALSE,NA,"Schouteden H.","Thys van den Audenaerde Dirk","WGS84","RW","none","none","AFRICA","Rwanda","EUROPE",NA,"https://darwinweb.africamuseum.be/object/d144cea1-f7c8-456f-86b1-4955a8e99e51",NA,NA,"4454484699",NA,"VER-FIS","https://darwinweb.africamuseum.be/object/d144cea1-f7c8-456f-86b1-4955a8e99e51",NA,"BE_RMCA_Vert.P.21916-21920","RMCA",NA,NA,NA,"Barbus kerstenii Peters, 1868",NA,NA,NA,NA,NA,NA,NA,5,NA,"2784e794-f70f-4455-854d-110f8ab37d19","2406d0ea-4647-4181-903d-b523057b208c",NA,"https://ror.org/001805t51",NA,NA,NA,NA,NA,NA,NA,NA,NA,"Congo, Democratic Republic of the;Congo Belge;Kissenyi",NA,NA,NA,NA,NA,NA,NA,NA,NA,NA,NA,NA,NA,NA,NA,NA,NA,NA,NA,NA,NA,NA,NA,NA,NA,NA,NA,NA,NA,NA,NA,NA,NA,NA,NA,"d144cea1-f7c8-456f-86b1-4955a8e99e51",NA,NA,NA,NA,NA,NA,NA,NA,NA,NA,NA,NA,NA,NA,NA,NA,NA,NA,NA,NA,NA,NA,NA,NA,NA,NA,NA,NA,NA,NA,NA,NA,NA,NA,NA,NA,NA,NA,NA,NA,NA,NA,NA,NA,NA,NA,NA,NA,NA,"Lake","Lake Kivu",2415288353.60194,"Barbus kerstenii"
"4454564161","Barbus pellegrini Poll, 1939",-2.13333,28.86667,"cdc,cudc,cuiv,gass84,osiic","9cfa6cb6-5833-44b2-97f1-18a3c12fed47","575c52b0-a742-11db-a6ff-b8a03c50a862","96dec937-f8d1-4d18-a8a1-1e9f4ca1aabd","575c52b0-a742-11db-a6ff-b8a03c50a862","BE","EML","2025-02-28T23:01:23.697+00:00","2025-02-28T23:02:27.497+00:00",71,"PRESERVED_SPECIMEN","PRESENT",5207331,1,44,1153,7336,2363128,9255837,9255837,"Enteromius pellegrini (Poll, 1939)","Animalia","Chordata","Cypriniformes","Cyprinidae","Enteromius","Enteromius pellegrini","Barbus","pellegrini","SPECIES","SYNONYM","LC","1943-01-01T00:00:00",NA,"AFRICA",NA,NA,NA,NA,NA,NA,NA,NA,"2025-02-28T23:02:27.497+00:00",NA,"http://creativecommons.org/licenses/by/4.0/legalcode",FALSE,"https://darwinweb.africamuseum.be/object/db4c5f5d-5d2e-4bfb-b307-d93d09c6f65c","none","none",FALSE,NA,"Babault, G.","Poll Max (Dr.)","WGS84","CD","none","none","AFRICA","Congo, Democratic Republic of the","EUROPE",NA,"https://darwinweb.africamuseum.be/object/db4c5f5d-5d2e-4bfb-b307-d93d09c6f65c",NA,NA,"4454564161",NA,"VER-FIS","https://darwinweb.africamuseum.be/object/db4c5f5d-5d2e-4bfb-b307-d93d09c6f65c",NA,"BE_RMCA_Vert.P.42968","RMCA",NA,NA,NA,"Barbus pellegrini Poll, 1939",NA,NA,NA,NA,NA,NA,NA,1,NA,"2784e794-f70f-4455-854d-110f8ab37d19","2406d0ea-4647-4181-903d-b523057b208c",NA,"https://ror.org/001805t51",NA,NA,NA,NA,NA,NA,NA,NA,NA,"Congo Belge;Nya Barongo, Kitembo, W. Kivu",NA,NA,NA,NA,NA,NA,NA,NA,NA,NA,NA,NA,NA,NA,NA,NA,NA,NA,NA,NA,NA,NA,NA,NA,NA,NA,NA,NA,NA,NA,NA,NA,NA,NA,NA,"db4c5f5d-5d2e-4bfb-b307-d93d09c6f65c",NA,NA,NA,NA,NA,NA,NA,NA,NA,NA,NA,NA,NA,NA,NA,NA,NA,NA,NA,NA,NA,NA,NA,NA,NA,NA,NA,NA,NA,NA,NA,NA,NA,NA,NA,NA,NA,NA,NA,NA,NA,NA,NA,NA,NA,NA,NA,NA,NA,"Lake","Lake Kivu",2415288353.60194,"Barbus pellegrini"
"4454493321","Barbus kerstenii Peters, 1868",-1.7,29.25,"cdc,cudc,cuiv,gass84,osiic","9cfa6cb6-5833-44b2-97f1-18a3c12fed47","575c52b0-a742-11db-a6ff-b8a03c50a862","96dec937-f8d1-4d18-a8a1-1e9f4ca1aabd","575c52b0-a742-11db-a6ff-b8a03c50a862","BE","EML","2025-02-28T23:01:23.697+00:00","2025-02-28T23:02:20.934+00:00",71,"PRESERVED_SPECIMEN","PRESENT",5206847,1,44,1153,7336,2363128,9461154,9461154,"Enteromius kerstenii (Peters, 1868)","Animalia","Chordata","Cypriniformes","Cyprinidae","Enteromius","Enteromius kerstenii","Barbus","kerstenii","SPECIES","SYNONYM","LC","1980-01-01T00:00:00",NA,"AFRICA",NA,NA,NA,NA,NA,NA,NA,NA,"2025-02-28T23:02:20.934+00:00",NA,"http://creativecommons.org/licenses/by/4.0/legalcode",FALSE,"https://darwinweb.africamuseum.be/object/f633aefe-727f-40e7-bb3c-73da9c466b7c","none","none",FALSE,NA,"Schouteden H.","Thys van den Audenaerde Dirk","WGS84","RW","none","none","AFRICA","Rwanda","EUROPE",NA,"https://darwinweb.africamuseum.be/object/f633aefe-727f-40e7-bb3c-73da9c466b7c",NA,NA,"4454493321",NA,"VER-FIS","https://darwinweb.africamuseum.be/object/f633aefe-727f-40e7-bb3c-73da9c466b7c",NA,"BE_RMCA_Vert.P.22316","RMCA",NA,NA,NA,"Barbus kerstenii Peters, 1868",NA,NA,NA,NA,NA,NA,NA,1,NA,"2784e794-f70f-4455-854d-110f8ab37d19","2406d0ea-4647-4181-903d-b523057b208c",NA,"https://ror.org/001805t51",NA,NA,NA,NA,NA,NA,NA,NA,NA,"Congo, Democratic Republic of the;;Congo Belge;Kissenyi, lac Kivu",NA,NA,NA,NA,NA,NA,NA,NA,NA,NA,NA,NA,NA,NA,NA,NA,NA,NA,NA,NA,NA,NA,NA,NA,NA,NA,NA,NA,NA,NA,NA,NA,NA,NA,NA,"f633aefe-727f-40e7-bb3c-73da9c466b7c",NA,NA,NA,NA,NA,NA,NA,NA,NA,NA,NA,NA,NA,NA,NA,NA,NA,NA,NA,NA,NA,NA,NA,NA,NA,NA,NA,NA,NA,NA,NA,NA,NA,NA,NA,NA,NA,NA,NA,NA,NA,NA,NA,NA,NA,NA,NA,NA,NA,"Lake","Lake Kivu",2415288353.60194,"Barbus kerstenii"
"1981048309","Barbus paludinosus Peters, 1852",-1.034425,32.784807,"cudc,osiic,inmafu","96419bea-f762-11e1-a439-00145eb45e9a","2e167bb0-4441-11db-9ba2-b8a03c50a862","a974d1b0-37fa-442b-bf5e-47159b201779","2e167bb0-4441-11db-9ba2-b8a03c50a862","US","EML","2025-03-11T13:36:43.124+00:00","2025-03-11T13:38:04.599+00:00",2553,"PRESERVED_SPECIMEN","PRESENT",5206853,1,44,1153,7336,2363128,9264695,9264695,"Enteromius paludinosus (Peters, 1852)","Animalia","Chordata","Cypriniformes","Cyprinidae","Enteromius","Enteromius paludinosus","Barbus","paludinosus","SPECIES","SYNONYM","LC",NA,251839,"AFRICA",NA,NA,NA,NA,NA,NA,NA,"2024-09-29T10:06:24.000+00:00","2025-03-11T13:38:04.599+00:00","http://collections.peabody.yale.edu/search/Record/YPM-ICH-003818","http://creativecommons.org/publicdomain/zero/1.0/legalcode",FALSE,"urn:uuid:7c620565-819b-4495-b968-64d18ca77e00","none","none",FALSE,NA,NA,"B. E. Moss","WGS84","TZ","none","none","AFRICA","Tanzania, United Republic of","NORTH_AMERICA","Yale Peabody Museum","urn:uuid:7c620565-819b-4495-b968-64d18ca77e00",NA,NA,"1981048309",NA,"VZ","urn:uuid:7c620565-819b-4495-b968-64d18ca77e00",NA,"YPM ICH 003818","YPM",NA,NA,NA,"Barbus paludinosus Peters, 1852",NA,"{ ""irn"": ""326078"", ""solr_long_lat"": ""32.784807,-1.034425"" }",NA,NA,"ICH number 3818; lot count 13; accn=YPM.11597",NA,NA,13,"Africa","75f50140-830d-4630-a290-3d6e951a7c29","d3dd565a-9094-409d-bc41-cff9e7fbd23a","10% form.->70% alc.",NA,NA,NA,"Animalia; Chordata; Vertebrata; Gnathostomata; Actinopterygii; Neopterygii-Teleostei-Euteleostei; Ostariophysi-Otophysi; Cypriniformes; Cyprinoidea; Cyprinidae",NA,NA,NA,NA,NA,NA,"Lake Victoria. can 2 or 3",NA,NA,NA,NA,NA,NA,NA,NA,NA,NA,NA,NA,NA,"99d66b6c-9087-452f-a9d4-f15f2c2d0e7e",NA,NA,NA,"http://creativecommons.org/publicdomain/zero/1.0/","PhysicalObject","Barbus paludinosus",NA,"YPM",NA,NA,NA,NA,NA,NA,NA,NA,NA,NA,NA,"carps; minnows; ray-finned fishes; vertebrates; chordates; animals",NA,NA,NA,NA,NA,NA,"2020",NA,"GEOLocate",NA,NA,NA,NA,NA,NA,NA,NA,NA,"ICZN","Barbus paludinosus (YPM ICH 003818)","Open Access, http://creativecommons.org/publicdomain/zero/1.0/; see Yale Peabody policies at: http://hdl.handle.net/10079/8931zqj","digital resource",NA,NA,NA,"in collection",NA,NA,"0",NA,NA,"COGE GeoLocate spring 2020: watkinsg 4/11/2020 6:23:03 PM",NA,NA,NA,NA,"Det. by: B. E. Moss",NA,NA,NA,NA,NA,NA,NA,NA,NA,NA,"Animals and Plants: Vertebrates - Fish",NA,NA,NA,"Lake","Lake Victoria",67332250502.7392,"Barbus paludinosus"
"1981053692","Barbus perince Rüppell, 1835",1.680532,30.916359,"cudc,osiic,inmafu","96419bea-f762-11e1-a439-00145eb45e9a","2e167bb0-4441-11db-9ba2-b8a03c50a862","a974d1b0-37fa-442b-bf5e-47159b201779","2e167bb0-4441-11db-9ba2-b8a03c50a862","US","EML","2025-03-11T13:36:43.124+00:00","2025-03-11T13:37:49.681+00:00",2553,"PRESERVED_SPECIMEN","PRESENT",5206839,1,44,1153,7336,2363128,9503298,9503298,"Enteromius perince (Rüppell, 1835)","Animalia","Chordata","Cypriniformes","Cyprinidae","Enteromius","Enteromius perince","Barbus","perince","SPECIES","SYNONYM","LC",NA,111871,"AFRICA",NA,NA,NA,NA,NA,NA,NA,"2024-09-17T21:33:28.000+00:00","2025-03-11T13:37:49.681+00:00","http://collections.peabody.yale.edu/search/Record/YPM-ICH-003856","http://creativecommons.org/publicdomain/zero/1.0/legalcode",FALSE,"urn:uuid:b17b7d57-c057-42d9-aa32-eb9affb42447","none","none",FALSE,NA,"Bingham Oceanographic Collection","B. E. Moss","WGS84","CD","none","none","AFRICA","Congo, Democratic Republic of the","NORTH_AMERICA","Yale Peabody Museum","urn:uuid:b17b7d57-c057-42d9-aa32-eb9affb42447",NA,NA,"1981053692",NA,"VZ","urn:uuid:b17b7d57-c057-42d9-aa32-eb9affb42447",NA,"YPM ICH 003856","YPM",NA,NA,NA,"Barbus perince Rüppell, 1835",NA,"{ ""irn"": ""326116"", ""solr_long_lat"": ""30.916359,1.680532"" }",NA,NA,"ICH number 3856; lot count 4; accn=YPM.11598",NA,NA,4,"Africa","75f50140-830d-4630-a290-3d6e951a7c29","d3dd565a-9094-409d-bc41-cff9e7fbd23a","10% form.->70% alc.",NA,NA,NA,"Animalia; Chordata; Vertebrata; Gnathostomata; Actinopterygii; Neopterygii-Teleostei-Euteleostei; Ostariophysi-Otophysi; Cypriniformes; Cyprinoidea; Cyprinidae",NA,NA,NA,NA,NA,NA,"Lake Albert",NA,NA,NA,NA,NA,NA,NA,NA,NA,NA,NA,NA,NA,"99d66b6c-9087-452f-a9d4-f15f2c2d0e7e",NA,NA,NA,"http://creativecommons.org/publicdomain/zero/1.0/","PhysicalObject","Barbus perince",NA,"YPM",NA,NA,NA,NA,NA,NA,NA,NA,NA,NA,NA,"carps; minnows; ray-finned fishes; vertebrates; chordates; animals",NA,NA,NA,NA,NA,NA,"2020",NA,"GEOLocate",NA,NA,NA,NA,NA,NA,NA,NA,NA,"ICZN","Barbus perince (YPM ICH 003856)","Open Access, http://creativecommons.org/publicdomain/zero/1.0/; see Yale Peabody policies at: http://hdl.handle.net/10079/8931zqj","digital resource",NA,NA,NA,"in collection",NA,NA,"0",NA,NA,"COGE GeoLocate spring 2020: watkinsg 4/11/2020 6:11:29 PM",NA,NA,NA,NA,"Det. by: B. E. Moss",NA,NA,NA,NA,NA,NA,NA,NA,NA,NA,"Animals and Plants: Vertebrates - Fish",NA,NA,NA,"Lake","Lake Albert",5404605008.37131,"Barbus perince"
"1981060025","Barbus magdalenae Boulenger, 1906",-1.034425,32.784807,"cudc,osiic,inmafu","96419bea-f762-11e1-a439-00145eb45e9a","2e167bb0-4441-11db-9ba2-b8a03c50a862","a974d1b0-37fa-442b-bf5e-47159b201779","2e167bb0-4441-11db-9ba2-b8a03c50a862","US","EML","2025-03-11T13:36:43.124+00:00","2025-03-11T13:38:14.481+00:00",2553,"PRESERVED_SPECIMEN","PRESENT",5207319,1,44,1153,7336,2363128,9543771,9543771,"Enteromius magdalenae (Boulenger, 1906)","Animalia","Chordata","Cypriniformes","Cyprinidae","Enteromius","Enteromius magdalenae","Barbus","magdalenae","SPECIES","SYNONYM","LC",NA,251839,"AFRICA",NA,NA,NA,NA,NA,NA,NA,"2024-09-29T10:06:24.000+00:00","2025-03-11T13:38:14.481+00:00","http://collections.peabody.yale.edu/search/Record/YPM-ICH-003804","http://creativecommons.org/publicdomain/zero/1.0/legalcode",FALSE,"urn:uuid:deef4a6d-8bde-4a0e-86b3-9fd18102c9d0","none","none",FALSE,NA,NA,"B. E. Moss","WGS84","TZ","none","none","AFRICA","Tanzania, United Republic of","NORTH_AMERICA","Yale Peabody Museum","urn:uuid:deef4a6d-8bde-4a0e-86b3-9fd18102c9d0",NA,NA,"1981060025",NA,"VZ","urn:uuid:deef4a6d-8bde-4a0e-86b3-9fd18102c9d0",NA,"YPM ICH 003804","YPM",NA,NA,NA,"Barbus magdalenae Boulenger, 1906",NA,"{ ""irn"": ""326064"", ""solr_long_lat"": ""32.784807,-1.034425"" }",NA,NA,"ICH number 3804; lot count 6; accn=YPM.11597",NA,NA,6,"Africa","75f50140-830d-4630-a290-3d6e951a7c29","d3dd565a-9094-409d-bc41-cff9e7fbd23a","10% form.->70% alc.",NA,NA,NA,"Animalia; Chordata; Vertebrata; Gnathostomata; Actinopterygii; Neopterygii-Teleostei-Euteleostei; Ostariophysi-Otophysi; Cypriniformes; Cyprinoidea; Cyprinidae",NA,NA,NA,NA,NA,NA,"Lake Victoria. can 2 or 3",NA,NA,NA,NA,NA,NA,NA,NA,NA,NA,NA,NA,NA,"99d66b6c-9087-452f-a9d4-f15f2c2d0e7e",NA,NA,NA,"http://creativecommons.org/publicdomain/zero/1.0/","PhysicalObject","Barbus magdalenae",NA,"YPM",NA,NA,NA,NA,NA,NA,NA,NA,NA,NA,NA,"carps; minnows; ray-finned fishes; vertebrates; chordates; animals",NA,NA,NA,NA,NA,NA,"2020",NA,"GEOLocate",NA,NA,NA,NA,NA,NA,NA,NA,NA,"ICZN","Barbus magdalenae (YPM ICH 003804)","Open Access, http://creativecommons.org/publicdomain/zero/1.0/; see Yale Peabody policies at: http://hdl.handle.net/10079/8931zqj","digital resource",NA,NA,NA,"in collection",NA,NA,"0",NA,NA,"COGE GeoLocate spring 2020: watkinsg 4/11/2020 6:23:03 PM",NA,NA,NA,NA,"Det. by: B. E. Moss",NA,NA,NA,NA,NA,NA,NA,NA,NA,NA,"Animals and Plants: Vertebrates - Fish",NA,NA,NA,"Lake","Lake Victoria",67332250502.7392,"Barbus magdalenae"
