"SpeciesName","Genus","Species","Longitude","Latitude","First","Second","Third","datasetKey","areas"
"Furcifer oustaleti (Mocquard, 1894)","Furcifer","oustaleti","46.941578","-21.83033","Madagascar",NA,NA,"50c9509d-22c7-4a22-a47d-8c48425ef4a7",6.68e+11
"Furcifer pardalis (Cuvier, 1829)","Furcifer","pardalis","57.384937","-20.42685","Mauritius",NA,NA,"50c9509d-22c7-4a22-a47d-8c48425ef4a7",2129062500
"Furcifer oustaleti (Mocquard, 1894)","Furcifer","oustaleti","46.826425","-16.321828","Madagascar",NA,NA,"50c9509d-22c7-4a22-a47d-8c48425ef4a7",6.68e+11
"Furcifer oustaleti (Mocquard, 1894)","Furcifer","oustaleti","45.410737","-22.567905","Madagascar",NA,NA,"50c9509d-22c7-4a22-a47d-8c48425ef4a7",6.68e+11
"Furcifer oustaleti (Mocquard, 1894)","Furcifer","oustaleti","47.552965","-18.914438","Madagascar",NA,NA,"50c9509d-22c7-4a22-a47d-8c48425ef4a7",6.68e+11
"Furcifer pardalis (Cuvier, 1829)","Furcifer","pardalis","55.587456","-20.896953","Reunion",NA,NA,"50c9509d-22c7-4a22-a47d-8c48425ef4a7",2896937500
"Furcifer pardalis (Cuvier, 1829)","Furcifer","pardalis","57.57798","-20.107067","Mauritius",NA,NA,"50c9509d-22c7-4a22-a47d-8c48425ef4a7",2129062500
"Furcifer verrucosus Cuvier, 1829","Furcifer","verrucosus","43.629478","-23.118978","Madagascar",NA,NA,"50c9509d-22c7-4a22-a47d-8c48425ef4a7",6.68e+11
"Furcifer pardalis (Cuvier, 1829)","Furcifer","pardalis","50.009344","-15.707042","Madagascar",NA,NA,"50c9509d-22c7-4a22-a47d-8c48425ef4a7",6.68e+11
"Furcifer antimena (Grandidier, 1872)","Furcifer","antimena","43.721526","-23.161767","Madagascar",NA,NA,"50c9509d-22c7-4a22-a47d-8c48425ef4a7",6.68e+11
"Furcifer oustaleti (Mocquard, 1894)","Furcifer","oustaleti","47.525278","-18.932446","Madagascar",NA,NA,"50c9509d-22c7-4a22-a47d-8c48425ef4a7",6.68e+11
"Furcifer lateralis (Gray, 1831)","Furcifer","lateralis","47.541031","-18.972717","Madagascar",NA,NA,"50c9509d-22c7-4a22-a47d-8c48425ef4a7",6.68e+11
"Furcifer lateralis (Gray, 1831)","Furcifer","lateralis","47.540878","-18.972628","Madagascar",NA,NA,"50c9509d-22c7-4a22-a47d-8c48425ef4a7",6.68e+11
"Furcifer oustaleti (Mocquard, 1894)","Furcifer","oustaleti","47.532067","-18.923714","Madagascar",NA,NA,"50c9509d-22c7-4a22-a47d-8c48425ef4a7",6.68e+11
"Furcifer pardalis (Cuvier, 1829)","Furcifer","pardalis","49.209847","-12.490359","Madagascar",NA,NA,"50c9509d-22c7-4a22-a47d-8c48425ef4a7",6.68e+11
"Furcifer pardalis (Cuvier, 1829)","Furcifer","pardalis","49.187233","-12.512416","Madagascar",NA,NA,"50c9509d-22c7-4a22-a47d-8c48425ef4a7",6.68e+11
"Furcifer pardalis (Cuvier, 1829)","Furcifer","pardalis","49.210327","-12.490531","Madagascar",NA,NA,"50c9509d-22c7-4a22-a47d-8c48425ef4a7",6.68e+11
"Furcifer pardalis (Cuvier, 1829)","Furcifer","pardalis","49.210328","-12.490474","Madagascar",NA,NA,"50c9509d-22c7-4a22-a47d-8c48425ef4a7",6.68e+11
"Furcifer pardalis (Cuvier, 1829)","Furcifer","pardalis","49.550837","-15.542473","Madagascar",NA,NA,"50c9509d-22c7-4a22-a47d-8c48425ef4a7",6.68e+11
"Furcifer pardalis (Cuvier, 1829)","Furcifer","pardalis","49.207344","-12.488978","Madagascar",NA,NA,"50c9509d-22c7-4a22-a47d-8c48425ef4a7",6.68e+11
"Furcifer pardalis (Cuvier, 1829)","Furcifer","pardalis","49.207536","-12.488464","Madagascar",NA,NA,"50c9509d-22c7-4a22-a47d-8c48425ef4a7",6.68e+11
"Furcifer oustaleti (Mocquard, 1894)","Furcifer","oustaleti","49.154619","-12.385593","Madagascar",NA,NA,"50c9509d-22c7-4a22-a47d-8c48425ef4a7",6.68e+11
"Furcifer pardalis (Cuvier, 1829)","Furcifer","pardalis","49.560028","-15.550633","Madagascar",NA,NA,"50c9509d-22c7-4a22-a47d-8c48425ef4a7",6.68e+11
"Furcifer verrucosus Cuvier, 1829","Furcifer","verrucosus","47.163481","-24.615237","Madagascar",NA,NA,"50c9509d-22c7-4a22-a47d-8c48425ef4a7",6.68e+11
"Furcifer pardalis (Cuvier, 1829)","Furcifer","pardalis","49.39232","-12.275058","Madagascar",NA,NA,"50c9509d-22c7-4a22-a47d-8c48425ef4a7",6.68e+11
"Furcifer oustaleti (Mocquard, 1894)","Furcifer","oustaleti","47.463154","-18.785906","Madagascar",NA,NA,"50c9509d-22c7-4a22-a47d-8c48425ef4a7",6.68e+11
"Furcifer pardalis (Cuvier, 1829)","Furcifer","pardalis","55.558016","-21.350183","Reunion",NA,NA,"50c9509d-22c7-4a22-a47d-8c48425ef4a7",2896937500
"Furcifer pardalis (Cuvier, 1829)","Furcifer","pardalis","48.27904","-13.366658","Madagascar","Nosy Be",NA,"50c9509d-22c7-4a22-a47d-8c48425ef4a7",298125000
"Furcifer antimena (Grandidier, 1872)","Furcifer","antimena","43.694227","-23.007766","Madagascar",NA,NA,"50c9509d-22c7-4a22-a47d-8c48425ef4a7",6.68e+11
"Furcifer oustaleti (Mocquard, 1894)","Furcifer","oustaleti","47.578389","-18.874351","Madagascar",NA,NA,"50c9509d-22c7-4a22-a47d-8c48425ef4a7",6.68e+11
"Furcifer pardalis (Cuvier, 1829)","Furcifer","pardalis","55.436628","-20.885738","Reunion",NA,NA,"50c9509d-22c7-4a22-a47d-8c48425ef4a7",2896937500
"Furcifer oustaleti (Mocquard, 1894)","Furcifer","oustaleti","47.576087","-18.877942","Madagascar",NA,NA,"50c9509d-22c7-4a22-a47d-8c48425ef4a7",6.68e+11
"Furcifer lateralis (Gray, 1831)","Furcifer","lateralis","47.229498","-20.460268","Madagascar",NA,NA,"50c9509d-22c7-4a22-a47d-8c48425ef4a7",6.68e+11
"Furcifer pardalis (Cuvier, 1829)","Furcifer","pardalis","55.567867","-21.35868","Reunion",NA,NA,"50c9509d-22c7-4a22-a47d-8c48425ef4a7",2896937500
"Furcifer pardalis (Cuvier, 1829)","Furcifer","pardalis","55.522942","-21.316678","Reunion",NA,NA,"50c9509d-22c7-4a22-a47d-8c48425ef4a7",2896937500
"Furcifer oustaleti (Mocquard, 1894)","Furcifer","oustaleti","47.526104","-18.932307","Madagascar",NA,NA,"50c9509d-22c7-4a22-a47d-8c48425ef4a7",6.68e+11
"Furcifer oustaleti (Mocquard, 1894)","Furcifer","oustaleti","45.38006","-22.539364","Madagascar",NA,NA,"50c9509d-22c7-4a22-a47d-8c48425ef4a7",6.68e+11
"Furcifer oustaleti (Mocquard, 1894)","Furcifer","oustaleti","48.039911","-18.954682","Madagascar",NA,NA,"50c9509d-22c7-4a22-a47d-8c48425ef4a7",6.68e+11
"Furcifer oustaleti (Mocquard, 1894)","Furcifer","oustaleti","47.467523","-18.832126","Madagascar",NA,NA,"50c9509d-22c7-4a22-a47d-8c48425ef4a7",6.68e+11
"Furcifer oustaleti (Mocquard, 1894)","Furcifer","oustaleti","46.841162","-21.851578","Madagascar",NA,NA,"50c9509d-22c7-4a22-a47d-8c48425ef4a7",6.68e+11
"Furcifer lateralis (Gray, 1831)","Furcifer","lateralis","45.3643","-22.5664","Madagascar",NA,NA,"50c9509d-22c7-4a22-a47d-8c48425ef4a7",6.68e+11
"Furcifer oustaleti (Mocquard, 1894)","Furcifer","oustaleti","45.38029","-22.53927","Madagascar",NA,NA,"50c9509d-22c7-4a22-a47d-8c48425ef4a7",6.68e+11
"Furcifer verrucosus Cuvier, 1829","Furcifer","verrucosus","46.892505","-25.011794","Madagascar",NA,NA,"50c9509d-22c7-4a22-a47d-8c48425ef4a7",6.68e+11
"Furcifer pardalis (Cuvier, 1829)","Furcifer","pardalis","55.519286","-21.290205","Reunion",NA,NA,"50c9509d-22c7-4a22-a47d-8c48425ef4a7",2896937500
"Furcifer lateralis (Gray, 1831)","Furcifer","lateralis","47.521129","-18.918407","Madagascar",NA,NA,"50c9509d-22c7-4a22-a47d-8c48425ef4a7",6.68e+11
"Furcifer lateralis (Gray, 1831)","Furcifer","lateralis","47.521129","-18.918407","Madagascar",NA,NA,"50c9509d-22c7-4a22-a47d-8c48425ef4a7",6.68e+11
"Furcifer oustaleti (Mocquard, 1894)","Furcifer","oustaleti","47.076828","-21.448142","Madagascar",NA,NA,"50c9509d-22c7-4a22-a47d-8c48425ef4a7",6.68e+11
"Furcifer verrucosus Cuvier, 1829","Furcifer","verrucosus","43.759848","-24.054874","Madagascar",NA,NA,"50c9509d-22c7-4a22-a47d-8c48425ef4a7",6.68e+11
"Furcifer oustaleti (Mocquard, 1894)","Furcifer","oustaleti","48.594003","-17.427987","Madagascar",NA,NA,"50c9509d-22c7-4a22-a47d-8c48425ef4a7",6.68e+11
"Furcifer oustaleti (Mocquard, 1894)","Furcifer","oustaleti","48.59128","-17.42972","Madagascar",NA,NA,"50c9509d-22c7-4a22-a47d-8c48425ef4a7",6.68e+11
"Furcifer oustaleti (Mocquard, 1894)","Furcifer","oustaleti","48.591255","-17.429705","Madagascar",NA,NA,"50c9509d-22c7-4a22-a47d-8c48425ef4a7",6.68e+11
"Furcifer oustaleti (Mocquard, 1894)","Furcifer","oustaleti","47.526099","-18.932425","Madagascar",NA,NA,"50c9509d-22c7-4a22-a47d-8c48425ef4a7",6.68e+11
"Furcifer pardalis (Cuvier, 1829)","Furcifer","pardalis","57.655657","-20.480664","Mauritius",NA,NA,"50c9509d-22c7-4a22-a47d-8c48425ef4a7",2129062500
"Furcifer pardalis (Cuvier, 1829)","Furcifer","pardalis","55.56408","-21.355272","Reunion",NA,NA,"50c9509d-22c7-4a22-a47d-8c48425ef4a7",2896937500
"Furcifer oustaleti (Mocquard, 1894)","Furcifer","oustaleti","46.640925","-18.927378","Madagascar",NA,NA,"50c9509d-22c7-4a22-a47d-8c48425ef4a7",6.68e+11
"Furcifer pardalis (Cuvier, 1829)","Furcifer","pardalis","55.29612","-21.136839","Reunion",NA,NA,"50c9509d-22c7-4a22-a47d-8c48425ef4a7",2896937500
"Furcifer pardalis (Cuvier, 1829)","Furcifer","pardalis","57.578762","-20.308924","Mauritius",NA,NA,"50c9509d-22c7-4a22-a47d-8c48425ef4a7",2129062500
"Furcifer pardalis (Cuvier, 1829)","Furcifer","pardalis","55.441758","-21.267525","Reunion",NA,NA,"50c9509d-22c7-4a22-a47d-8c48425ef4a7",2896937500
"Furcifer pardalis (Cuvier, 1829)","Furcifer","pardalis","55.441745","-21.267522","Reunion",NA,NA,"50c9509d-22c7-4a22-a47d-8c48425ef4a7",2896937500
"Furcifer lateralis (Gray, 1831)","Furcifer","lateralis","47.518924","-18.91394","Madagascar",NA,NA,"50c9509d-22c7-4a22-a47d-8c48425ef4a7",6.68e+11
"Furcifer pardalis (Cuvier, 1829)","Furcifer","pardalis","55.388519","-20.928311","Reunion",NA,NA,"50c9509d-22c7-4a22-a47d-8c48425ef4a7",2896937500
"Furcifer pardalis (Cuvier, 1829)","Furcifer","pardalis","55.38985","-20.930389","Reunion",NA,NA,"50c9509d-22c7-4a22-a47d-8c48425ef4a7",2896937500
"Furcifer oustaleti (Mocquard, 1894)","Furcifer","oustaleti","44.702335","-22.773652","Madagascar",NA,NA,"50c9509d-22c7-4a22-a47d-8c48425ef4a7",6.68e+11
"Furcifer verrucosus Cuvier, 1829","Furcifer","verrucosus","47.170748","-24.780967","Madagascar",NA,NA,"50c9509d-22c7-4a22-a47d-8c48425ef4a7",6.68e+11
"Furcifer major (Brygoo, 1971)","Furcifer","major","47.169949","-24.78018","Madagascar",NA,NA,"50c9509d-22c7-4a22-a47d-8c48425ef4a7",6.68e+11
"Furcifer verrucosus Cuvier, 1829","Furcifer","verrucosus","47.169676","-24.779902","Madagascar",NA,NA,"50c9509d-22c7-4a22-a47d-8c48425ef4a7",6.68e+11
"Furcifer verrucosus Cuvier, 1829","Furcifer","verrucosus","47.170786","-24.780967","Madagascar",NA,NA,"50c9509d-22c7-4a22-a47d-8c48425ef4a7",6.68e+11
"Furcifer oustaleti (Mocquard, 1894)","Furcifer","oustaleti","46.244268","-19.594286","Madagascar",NA,NA,"50c9509d-22c7-4a22-a47d-8c48425ef4a7",6.68e+11
"Furcifer lateralis (Gray, 1831)","Furcifer","lateralis","47.12522","-19.019453","Madagascar",NA,NA,"50c9509d-22c7-4a22-a47d-8c48425ef4a7",6.68e+11
"Furcifer oustaleti (Mocquard, 1894)","Furcifer","oustaleti","47.000788","-16.811963","Madagascar",NA,NA,"50c9509d-22c7-4a22-a47d-8c48425ef4a7",6.68e+11
"Furcifer verrucosus Cuvier, 1829","Furcifer","verrucosus","47.17063","-24.780493","Madagascar",NA,NA,"50c9509d-22c7-4a22-a47d-8c48425ef4a7",6.68e+11
"Furcifer major (Brygoo, 1971)","Furcifer","major","47.171205","-24.781047","Madagascar",NA,NA,"50c9509d-22c7-4a22-a47d-8c48425ef4a7",6.68e+11
"Furcifer major (Brygoo, 1971)","Furcifer","major","47.17101","-24.781018","Madagascar",NA,NA,"50c9509d-22c7-4a22-a47d-8c48425ef4a7",6.68e+11
"Furcifer pardalis (Cuvier, 1829)","Furcifer","pardalis","49.747513","-15.434217","Madagascar",NA,NA,"50c9509d-22c7-4a22-a47d-8c48425ef4a7",6.68e+11
"Furcifer pardalis (Cuvier, 1829)","Furcifer","pardalis","49.860987","-17.026594","Madagascar","Ile Sainte-Marie",NA,"50c9509d-22c7-4a22-a47d-8c48425ef4a7",6.68e+11
"Furcifer oustaleti (Mocquard, 1894)","Furcifer","oustaleti","47.527082","-18.931832","Madagascar",NA,NA,"50c9509d-22c7-4a22-a47d-8c48425ef4a7",6.68e+11
"Furcifer oustaleti (Mocquard, 1894)","Furcifer","oustaleti","46.640942","-18.92738","Madagascar",NA,NA,"50c9509d-22c7-4a22-a47d-8c48425ef4a7",6.68e+11
"Furcifer pardalis (Cuvier, 1829)","Furcifer","pardalis","57.579554","-20.107109","Mauritius",NA,NA,"50c9509d-22c7-4a22-a47d-8c48425ef4a7",2129062500
"Furcifer lateralis (Gray, 1831)","Furcifer","lateralis","47.243576","-21.312076","Madagascar",NA,NA,"50c9509d-22c7-4a22-a47d-8c48425ef4a7",6.68e+11
"Furcifer pardalis (Cuvier, 1829)","Furcifer","pardalis","57.356063","-20.483713","Mauritius",NA,NA,"50c9509d-22c7-4a22-a47d-8c48425ef4a7",2129062500
"Furcifer oustaleti (Mocquard, 1894)","Furcifer","oustaleti","46.831158","-21.855319","Madagascar",NA,NA,"50c9509d-22c7-4a22-a47d-8c48425ef4a7",6.68e+11
"Furcifer oustaleti (Mocquard, 1894)","Furcifer","oustaleti","46.828577","-21.861494","Madagascar",NA,NA,"50c9509d-22c7-4a22-a47d-8c48425ef4a7",6.68e+11
"Furcifer major (Brygoo, 1971)","Furcifer","major","45.26688","-22.462355","Madagascar",NA,NA,"50c9509d-22c7-4a22-a47d-8c48425ef4a7",6.68e+11
"Furcifer pardalis (Cuvier, 1829)","Furcifer","pardalis","48.281959","-13.393839","Madagascar","Nosy Be",NA,"50c9509d-22c7-4a22-a47d-8c48425ef4a7",298125000
"Furcifer pardalis (Cuvier, 1829)","Furcifer","pardalis","48.280597","-13.395184","Madagascar","Nosy Be",NA,"50c9509d-22c7-4a22-a47d-8c48425ef4a7",298125000
"Furcifer lateralis (Gray, 1831)","Furcifer","lateralis","47.240025","-21.28813","Madagascar",NA,NA,"50c9509d-22c7-4a22-a47d-8c48425ef4a7",6.68e+11
"Furcifer oustaleti (Mocquard, 1894)","Furcifer","oustaleti","47.553098","-18.915787","Madagascar",NA,NA,"50c9509d-22c7-4a22-a47d-8c48425ef4a7",6.68e+11
"Furcifer lateralis (Gray, 1831)","Furcifer","lateralis","47.271628","-18.941917","Madagascar",NA,NA,"50c9509d-22c7-4a22-a47d-8c48425ef4a7",6.68e+11
"Furcifer rhinoceratus (Gray, 1845)","Furcifer","rhinoceratus","46.888085","-16.304304","Madagascar",NA,NA,"50c9509d-22c7-4a22-a47d-8c48425ef4a7",6.68e+11
"Furcifer willsii (Günther, 1890)","Furcifer","willsii","47.756708","-19.682767","Madagascar",NA,NA,"50c9509d-22c7-4a22-a47d-8c48425ef4a7",6.68e+11
"Furcifer oustaleti (Mocquard, 1894)","Furcifer","oustaleti","46.869107","-18.766947","Madagascar",NA,NA,"50c9509d-22c7-4a22-a47d-8c48425ef4a7",6.68e+11
"Furcifer lateralis (Gray, 1831)","Furcifer","lateralis","47.534406","-18.844294","Madagascar",NA,NA,"50c9509d-22c7-4a22-a47d-8c48425ef4a7",6.68e+11
"Furcifer oustaleti (Mocquard, 1894)","Furcifer","oustaleti","47.538858","-18.860056","Madagascar",NA,NA,"50c9509d-22c7-4a22-a47d-8c48425ef4a7",6.68e+11
"Furcifer oustaleti (Mocquard, 1894)","Furcifer","oustaleti","47.542628","-18.870347","Madagascar",NA,NA,"50c9509d-22c7-4a22-a47d-8c48425ef4a7",6.68e+11
"Furcifer rhinoceratus (Gray, 1845)","Furcifer","rhinoceratus","46.860125","-16.334142","Madagascar",NA,NA,"50c9509d-22c7-4a22-a47d-8c48425ef4a7",6.68e+11
"Furcifer verrucosus Cuvier, 1829","Furcifer","verrucosus","46.647583","-25.020747","Madagascar",NA,NA,"50c9509d-22c7-4a22-a47d-8c48425ef4a7",6.68e+11
"Furcifer antimena (Grandidier, 1872)","Furcifer","antimena","43.61281","-23.118053","Madagascar",NA,NA,"8a863029-f435-446a-821e-275f4f641165",6.68e+11
"Furcifer pardalis (Cuvier, 1829)","Furcifer","pardalis","55.435375","-20.885728","Reunion",NA,NA,"50c9509d-22c7-4a22-a47d-8c48425ef4a7",2896937500
"Furcifer pardalis (Cuvier, 1829)","Furcifer","pardalis","49.353567","-12.324322","Madagascar",NA,NA,"50c9509d-22c7-4a22-a47d-8c48425ef4a7",6.68e+11
"Furcifer antimena (Grandidier, 1872)","Furcifer","antimena","43.727703","-23.174488","Madagascar",NA,NA,"50c9509d-22c7-4a22-a47d-8c48425ef4a7",6.68e+11
"Furcifer verrucosus Cuvier, 1829","Furcifer","verrucosus","43.620505","-23.122763","Madagascar",NA,NA,"50c9509d-22c7-4a22-a47d-8c48425ef4a7",6.68e+11
"Furcifer pardalis (Cuvier, 1829)","Furcifer","pardalis","55.244762","-21.045369","Reunion",NA,NA,"50c9509d-22c7-4a22-a47d-8c48425ef4a7",2896937500
"Furcifer oustaleti (Mocquard, 1894)","Furcifer","oustaleti","44.808057","-19.139959","Madagascar",NA,NA,"50c9509d-22c7-4a22-a47d-8c48425ef4a7",6.68e+11
"Furcifer lateralis (Gray, 1831)","Furcifer","lateralis","46.92423","-19.928317","Madagascar",NA,NA,"50c9509d-22c7-4a22-a47d-8c48425ef4a7",6.68e+11
"Furcifer oustaleti (Mocquard, 1894)","Furcifer","oustaleti","46.841922","-21.850964","Madagascar",NA,NA,"50c9509d-22c7-4a22-a47d-8c48425ef4a7",6.68e+11
"Furcifer oustaleti (Mocquard, 1894)","Furcifer","oustaleti","46.841922","-21.850964","Madagascar",NA,NA,"50c9509d-22c7-4a22-a47d-8c48425ef4a7",6.68e+11
"Furcifer oustaleti (Mocquard, 1894)","Furcifer","oustaleti","46.841922","-21.850964","Madagascar",NA,NA,"50c9509d-22c7-4a22-a47d-8c48425ef4a7",6.68e+11
"Furcifer oustaleti (Mocquard, 1894)","Furcifer","oustaleti","46.841922","-21.850964","Madagascar",NA,NA,"50c9509d-22c7-4a22-a47d-8c48425ef4a7",6.68e+11
"Furcifer oustaleti (Mocquard, 1894)","Furcifer","oustaleti","46.841922","-21.850964","Madagascar",NA,NA,"50c9509d-22c7-4a22-a47d-8c48425ef4a7",6.68e+11
"Furcifer oustaleti (Mocquard, 1894)","Furcifer","oustaleti","46.841922","-21.850964","Madagascar",NA,NA,"50c9509d-22c7-4a22-a47d-8c48425ef4a7",6.68e+11
"Furcifer oustaleti (Mocquard, 1894)","Furcifer","oustaleti","46.841922","-21.850964","Madagascar",NA,NA,"50c9509d-22c7-4a22-a47d-8c48425ef4a7",6.68e+11
"Furcifer pardalis (Cuvier, 1829)","Furcifer","pardalis","55.240112","-21.047903","Reunion",NA,NA,"50c9509d-22c7-4a22-a47d-8c48425ef4a7",2896937500
"Furcifer lateralis (Gray, 1831)","Furcifer","lateralis","47.451491","-21.259866","Madagascar",NA,NA,"50c9509d-22c7-4a22-a47d-8c48425ef4a7",6.68e+11
"Furcifer pardalis (Cuvier, 1829)","Furcifer","pardalis","48.331192","-13.381606","Madagascar","Nosy Be",NA,"50c9509d-22c7-4a22-a47d-8c48425ef4a7",298125000
"Furcifer oustaleti (Mocquard, 1894)","Furcifer","oustaleti","47.52641","-18.930448","Madagascar",NA,NA,"50c9509d-22c7-4a22-a47d-8c48425ef4a7",6.68e+11
"Furcifer pardalis (Cuvier, 1829)","Furcifer","pardalis","55.62263","-21.359465","Reunion",NA,NA,"50c9509d-22c7-4a22-a47d-8c48425ef4a7",2896937500
"Furcifer major (Brygoo, 1971)","Furcifer","major","43.674703","-23.34626","Madagascar",NA,NA,"50c9509d-22c7-4a22-a47d-8c48425ef4a7",6.68e+11
"Furcifer pardalis (Cuvier, 1829)","Furcifer","pardalis","49.213707","-18.605661","Madagascar",NA,NA,"50c9509d-22c7-4a22-a47d-8c48425ef4a7",6.68e+11
"Furcifer pardalis (Cuvier, 1829)","Furcifer","pardalis","49.212444","-18.604792","Madagascar",NA,NA,"50c9509d-22c7-4a22-a47d-8c48425ef4a7",6.68e+11
"Furcifer pardalis (Cuvier, 1829)","Furcifer","pardalis","49.212444","-18.604792","Madagascar",NA,NA,"50c9509d-22c7-4a22-a47d-8c48425ef4a7",6.68e+11
"Furcifer oustaleti (Mocquard, 1894)","Furcifer","oustaleti","44.576121","-20.337596","Madagascar",NA,NA,"50c9509d-22c7-4a22-a47d-8c48425ef4a7",6.68e+11
"Furcifer pardalis (Cuvier, 1829)","Furcifer","pardalis","49.189541","-18.707815","Madagascar",NA,NA,"50c9509d-22c7-4a22-a47d-8c48425ef4a7",6.68e+11
"Furcifer pardalis (Cuvier, 1829)","Furcifer","pardalis","48.321439","-13.315344","Madagascar","Nosy Be",NA,"50c9509d-22c7-4a22-a47d-8c48425ef4a7",298125000
"Furcifer oustaleti (Mocquard, 1894)","Furcifer","oustaleti","44.657285","-20.067185","Madagascar",NA,NA,"50c9509d-22c7-4a22-a47d-8c48425ef4a7",6.68e+11
"Furcifer oustaleti (Mocquard, 1894)","Furcifer","oustaleti","46.695671","-15.466089","Madagascar",NA,NA,"50c9509d-22c7-4a22-a47d-8c48425ef4a7",6.68e+11
"Furcifer angeli (Brygoo & Domergue, 1968)","Furcifer","angeli","46.699231","-15.465855","Madagascar",NA,NA,"50c9509d-22c7-4a22-a47d-8c48425ef4a7",6.68e+11
"Furcifer willsii (Günther, 1890)","Furcifer","willsii","48.433764","-18.938839","Madagascar",NA,NA,"50c9509d-22c7-4a22-a47d-8c48425ef4a7",6.68e+11
"Furcifer antimena (Grandidier, 1872)","Furcifer","antimena","43.755197","-23.150535","Madagascar",NA,NA,"50c9509d-22c7-4a22-a47d-8c48425ef4a7",6.68e+11
"Furcifer oustaleti (Mocquard, 1894)","Furcifer","oustaleti","46.244778","-19.59401","Madagascar",NA,NA,"50c9509d-22c7-4a22-a47d-8c48425ef4a7",6.68e+11
"Furcifer balteatus (Duméril & Bibron, 1851)","Furcifer","balteatus","47.452898","-21.370313","Madagascar",NA,NA,"50c9509d-22c7-4a22-a47d-8c48425ef4a7",6.68e+11
"Furcifer pardalis (Cuvier, 1829)","Furcifer","pardalis","55.799519","-21.297087","Reunion",NA,NA,"50c9509d-22c7-4a22-a47d-8c48425ef4a7",2896937500
"Furcifer pardalis (Cuvier, 1829)","Furcifer","pardalis","50.145276","-14.258547","Madagascar",NA,NA,"50c9509d-22c7-4a22-a47d-8c48425ef4a7",6.68e+11
"Furcifer pardalis (Cuvier, 1829)","Furcifer","pardalis","50.260102","-14.871344","Madagascar",NA,NA,"50c9509d-22c7-4a22-a47d-8c48425ef4a7",6.68e+11
"Furcifer pardalis (Cuvier, 1829)","Furcifer","pardalis","50.260048","-14.87123","Madagascar",NA,NA,"50c9509d-22c7-4a22-a47d-8c48425ef4a7",6.68e+11
"Furcifer pardalis (Cuvier, 1829)","Furcifer","pardalis","49.752431","-14.476673","Madagascar",NA,NA,"50c9509d-22c7-4a22-a47d-8c48425ef4a7",6.68e+11
"Furcifer pardalis (Cuvier, 1829)","Furcifer","pardalis","49.752431","-14.476673","Madagascar",NA,NA,"50c9509d-22c7-4a22-a47d-8c48425ef4a7",6.68e+11
"Furcifer pardalis (Cuvier, 1829)","Furcifer","pardalis","49.752431","-14.476673","Madagascar",NA,NA,"50c9509d-22c7-4a22-a47d-8c48425ef4a7",6.68e+11
"Furcifer pardalis (Cuvier, 1829)","Furcifer","pardalis","49.706111","-14.435","Madagascar",NA,NA,"50c9509d-22c7-4a22-a47d-8c48425ef4a7",6.68e+11
"Furcifer pardalis (Cuvier, 1829)","Furcifer","pardalis","49.706111","-14.435","Madagascar",NA,NA,"50c9509d-22c7-4a22-a47d-8c48425ef4a7",6.68e+11
"Furcifer oustaleti (Mocquard, 1894)","Furcifer","oustaleti","46.707769","-15.504042","Madagascar",NA,NA,"50c9509d-22c7-4a22-a47d-8c48425ef4a7",6.68e+11
"Furcifer angeli (Brygoo & Domergue, 1968)","Furcifer","angeli","46.707964","-15.504139","Madagascar",NA,NA,"50c9509d-22c7-4a22-a47d-8c48425ef4a7",6.68e+11
"Furcifer oustaleti (Mocquard, 1894)","Furcifer","oustaleti","46.842183","-21.853594","Madagascar",NA,NA,"50c9509d-22c7-4a22-a47d-8c48425ef4a7",6.68e+11
"Furcifer oustaleti (Mocquard, 1894)","Furcifer","oustaleti","46.842187","-21.853896","Madagascar",NA,NA,"50c9509d-22c7-4a22-a47d-8c48425ef4a7",6.68e+11
"Furcifer pardalis (Cuvier, 1829)","Furcifer","pardalis","49.452174","-17.616858","Madagascar",NA,NA,"50c9509d-22c7-4a22-a47d-8c48425ef4a7",6.68e+11
"Furcifer pardalis (Cuvier, 1829)","Furcifer","pardalis","48.218392","-13.314892","Madagascar","Nosy Be",NA,"50c9509d-22c7-4a22-a47d-8c48425ef4a7",298125000
"Furcifer pardalis (Cuvier, 1829)","Furcifer","pardalis","55.641554","-21.312196","Reunion",NA,NA,"50c9509d-22c7-4a22-a47d-8c48425ef4a7",2896937500
"Furcifer oustaleti (Mocquard, 1894)","Furcifer","oustaleti","49.174639","-12.915706","Madagascar",NA,NA,"50c9509d-22c7-4a22-a47d-8c48425ef4a7",6.68e+11
"Furcifer oustaleti (Mocquard, 1894)","Furcifer","oustaleti","43.755344","-23.414123","Madagascar",NA,NA,"50c9509d-22c7-4a22-a47d-8c48425ef4a7",6.68e+11
"Furcifer verrucosus Cuvier, 1829","Furcifer","verrucosus","43.755607","-23.413547","Madagascar",NA,NA,"50c9509d-22c7-4a22-a47d-8c48425ef4a7",6.68e+11
"Furcifer oustaleti (Mocquard, 1894)","Furcifer","oustaleti","44.679611","-22.876122","Madagascar",NA,NA,"50c9509d-22c7-4a22-a47d-8c48425ef4a7",6.68e+11
"Furcifer major (Brygoo, 1971)","Furcifer","major","45.383366","-22.539912","Madagascar",NA,NA,"50c9509d-22c7-4a22-a47d-8c48425ef4a7",6.68e+11
"Furcifer bifidus (Brongniart, 1800)","Furcifer","bifidus","48.497601","-18.928647","Madagascar",NA,NA,"50c9509d-22c7-4a22-a47d-8c48425ef4a7",6.68e+11
"Furcifer bifidus (Brongniart, 1800)","Furcifer","bifidus","48.497601","-18.928647","Madagascar",NA,NA,"50c9509d-22c7-4a22-a47d-8c48425ef4a7",6.68e+11
"Furcifer oustaleti (Mocquard, 1894)","Furcifer","oustaleti","46.726731","-19.020325","Madagascar",NA,NA,"50c9509d-22c7-4a22-a47d-8c48425ef4a7",6.68e+11
"Furcifer lateralis (Gray, 1831)","Furcifer","lateralis","47.332471","-20.791609","Madagascar",NA,NA,"50c9509d-22c7-4a22-a47d-8c48425ef4a7",6.68e+11
"Furcifer lateralis (Gray, 1831)","Furcifer","lateralis","47.36922","-20.799396","Madagascar",NA,NA,"50c9509d-22c7-4a22-a47d-8c48425ef4a7",6.68e+11
"Furcifer pardalis (Cuvier, 1829)","Furcifer","pardalis","48.341399","-13.394895","Madagascar","Nosy Be",NA,"50c9509d-22c7-4a22-a47d-8c48425ef4a7",298125000
"Furcifer pardalis (Cuvier, 1829)","Furcifer","pardalis","48.341399","-13.394895","Madagascar","Nosy Be",NA,"50c9509d-22c7-4a22-a47d-8c48425ef4a7",298125000
"Furcifer pardalis (Cuvier, 1829)","Furcifer","pardalis","55.231597","-21.052431","France","Reunion Island",NA,"50c9509d-22c7-4a22-a47d-8c48425ef4a7",2896937500
"Furcifer lateralis (Gray, 1831)","Furcifer","lateralis","46.842712","-21.852587","Madagascar",NA,NA,"50c9509d-22c7-4a22-a47d-8c48425ef4a7",6.68e+11
"Furcifer oustaleti (Mocquard, 1894)","Furcifer","oustaleti","46.843292","-21.852527","Madagascar",NA,NA,"50c9509d-22c7-4a22-a47d-8c48425ef4a7",6.68e+11
"Furcifer pardalis (Cuvier, 1829)","Furcifer","pardalis","55.230098","-21.051762","France","Reunion Island",NA,"50c9509d-22c7-4a22-a47d-8c48425ef4a7",2896937500
"Furcifer pardalis (Cuvier, 1829)","Furcifer","pardalis","55.236107","-21.054143","Reunion",NA,NA,"50c9509d-22c7-4a22-a47d-8c48425ef4a7",2896937500
"Furcifer pardalis (Cuvier, 1829)","Furcifer","pardalis","55.230118","-21.051747","France","Reunion Island",NA,"50c9509d-22c7-4a22-a47d-8c48425ef4a7",2896937500
"Furcifer pardalis (Cuvier, 1829)","Furcifer","pardalis","55.231865","-21.052188","France","Reunion Island",NA,"50c9509d-22c7-4a22-a47d-8c48425ef4a7",2896937500
"Furcifer pardalis (Cuvier, 1829)","Furcifer","pardalis","55.230903","-21.052163","France","Reunion Island",NA,"50c9509d-22c7-4a22-a47d-8c48425ef4a7",2896937500
"Furcifer pardalis (Cuvier, 1829)","Furcifer","pardalis","55.230098","-21.051762","France","Reunion Island",NA,"50c9509d-22c7-4a22-a47d-8c48425ef4a7",2896937500
"Furcifer verrucosus Cuvier, 1829","Furcifer","verrucosus","43.620983","-23.122915","Madagascar",NA,NA,"50c9509d-22c7-4a22-a47d-8c48425ef4a7",6.68e+11
"Furcifer pardalis (Cuvier, 1829)","Furcifer","pardalis","55.230468","-21.051902","France","Reunion Island",NA,"50c9509d-22c7-4a22-a47d-8c48425ef4a7",2896937500
"Furcifer antimena (Grandidier, 1872)","Furcifer","antimena","43.677023","-23.088485","Madagascar",NA,NA,"50c9509d-22c7-4a22-a47d-8c48425ef4a7",6.68e+11
"Furcifer pardalis (Cuvier, 1829)","Furcifer","pardalis","55.230866","-21.076748","France","Reunion Island",NA,"50c9509d-22c7-4a22-a47d-8c48425ef4a7",2896937500
"Furcifer oustaleti (Mocquard, 1894)","Furcifer","oustaleti","44.692328","-22.884042","Madagascar",NA,NA,"50c9509d-22c7-4a22-a47d-8c48425ef4a7",6.68e+11
"Furcifer oustaleti (Mocquard, 1894)","Furcifer","oustaleti","48.82968","-15.859308","Madagascar",NA,NA,"50c9509d-22c7-4a22-a47d-8c48425ef4a7",6.68e+11
"Furcifer pardalis (Cuvier, 1829)","Furcifer","pardalis","55.627803","-21.337092","Reunion",NA,NA,"50c9509d-22c7-4a22-a47d-8c48425ef4a7",2896937500
"Furcifer campani (Grandidier, 1872)","Furcifer","campani","46.823498","-22.025219","Madagascar",NA,NA,"50c9509d-22c7-4a22-a47d-8c48425ef4a7",6.68e+11
"Furcifer campani (Grandidier, 1872)","Furcifer","campani","46.884383","-22.165392","Madagascar",NA,NA,"50c9509d-22c7-4a22-a47d-8c48425ef4a7",6.68e+11
"Furcifer oustaleti (Mocquard, 1894)","Furcifer","oustaleti","46.781312","-22.077969","Madagascar",NA,NA,"50c9509d-22c7-4a22-a47d-8c48425ef4a7",6.68e+11
"Furcifer oustaleti (Mocquard, 1894)","Furcifer","oustaleti","45.365848","-22.534886","Madagascar",NA,NA,"50c9509d-22c7-4a22-a47d-8c48425ef4a7",6.68e+11
"Furcifer oustaleti (Mocquard, 1894)","Furcifer","oustaleti","45.30896","-22.644772","Madagascar",NA,NA,"50c9509d-22c7-4a22-a47d-8c48425ef4a7",6.68e+11
"Furcifer oustaleti (Mocquard, 1894)","Furcifer","oustaleti","44.578716","-20.338999","Madagascar",NA,NA,"50c9509d-22c7-4a22-a47d-8c48425ef4a7",6.68e+11
"Furcifer oustaleti (Mocquard, 1894)","Furcifer","oustaleti","44.577171","-20.338558","Madagascar",NA,NA,"50c9509d-22c7-4a22-a47d-8c48425ef4a7",6.68e+11
"Furcifer lateralis (Gray, 1831)","Furcifer","lateralis","47.95004","-18.932067","Madagascar",NA,NA,"50c9509d-22c7-4a22-a47d-8c48425ef4a7",6.68e+11
"Furcifer pardalis (Cuvier, 1829)","Furcifer","pardalis","49.363562","-12.298888","Madagascar",NA,NA,"50c9509d-22c7-4a22-a47d-8c48425ef4a7",6.68e+11
"Furcifer oustaleti (Mocquard, 1894)","Furcifer","oustaleti","46.841922","-21.850964","Madagascar",NA,NA,"50c9509d-22c7-4a22-a47d-8c48425ef4a7",6.68e+11
"Furcifer oustaleti (Mocquard, 1894)","Furcifer","oustaleti","47.517379","-18.866524","Madagascar",NA,NA,"50c9509d-22c7-4a22-a47d-8c48425ef4a7",6.68e+11
"Furcifer oustaleti (Mocquard, 1894)","Furcifer","oustaleti","49.344138","-12.26046","Madagascar",NA,NA,"50c9509d-22c7-4a22-a47d-8c48425ef4a7",6.68e+11
"Furcifer pardalis (Cuvier, 1829)","Furcifer","pardalis","49.367908","-12.288281","Madagascar",NA,NA,"50c9509d-22c7-4a22-a47d-8c48425ef4a7",6.68e+11
"Furcifer pardalis (Cuvier, 1829)","Furcifer","pardalis","49.37165","-12.284668","Madagascar",NA,NA,"50c9509d-22c7-4a22-a47d-8c48425ef4a7",6.68e+11
"Furcifer pardalis (Cuvier, 1829)","Furcifer","pardalis","49.183712","-12.514128","Madagascar",NA,NA,"50c9509d-22c7-4a22-a47d-8c48425ef4a7",6.68e+11
"Furcifer petteri (Brygoo & Domergue, 1966)","Furcifer","petteri","49.049281","-12.999196","Madagascar",NA,NA,"50c9509d-22c7-4a22-a47d-8c48425ef4a7",6.68e+11
"Furcifer oustaleti (Mocquard, 1894)","Furcifer","oustaleti","49.135078","-12.9671","Madagascar",NA,NA,"50c9509d-22c7-4a22-a47d-8c48425ef4a7",6.68e+11
"Furcifer oustaleti (Mocquard, 1894)","Furcifer","oustaleti","48.100314","-18.852159","Madagascar",NA,NA,"50c9509d-22c7-4a22-a47d-8c48425ef4a7",6.68e+11
"Furcifer oustaleti (Mocquard, 1894)","Furcifer","oustaleti","44.800335","-19.141716","Madagascar",NA,NA,"50c9509d-22c7-4a22-a47d-8c48425ef4a7",6.68e+11
"Furcifer bifidus (Brongniart, 1800)","Furcifer","bifidus","48.520389","-18.930046","Madagascar",NA,NA,"50c9509d-22c7-4a22-a47d-8c48425ef4a7",6.68e+11
"Furcifer verrucosus Cuvier, 1829","Furcifer","verrucosus","43.755638","-23.413772","Madagascar",NA,NA,"50c9509d-22c7-4a22-a47d-8c48425ef4a7",6.68e+11
"Furcifer pardalis (Cuvier, 1829)","Furcifer","pardalis","55.465501","-21.252214","Reunion",NA,NA,"50c9509d-22c7-4a22-a47d-8c48425ef4a7",2896937500
"Furcifer verrucosus Cuvier, 1829","Furcifer","verrucosus","43.622892","-23.116603","Madagascar",NA,NA,"50c9509d-22c7-4a22-a47d-8c48425ef4a7",6.68e+11
"Furcifer oustaleti (Mocquard, 1894)","Furcifer","oustaleti","47.551341","-18.88618","Madagascar",NA,NA,"50c9509d-22c7-4a22-a47d-8c48425ef4a7",6.68e+11
"Furcifer oustaleti (Mocquard, 1894)","Furcifer","oustaleti","47.525166","-18.932387","Madagascar",NA,NA,"50c9509d-22c7-4a22-a47d-8c48425ef4a7",6.68e+11
"Furcifer pardalis (Cuvier, 1829)","Furcifer","pardalis","49.874421","-15.409213","Madagascar",NA,NA,"50c9509d-22c7-4a22-a47d-8c48425ef4a7",6.68e+11
"Furcifer oustaleti (Mocquard, 1894)","Furcifer","oustaleti","46.841958","-21.853622","Madagascar",NA,NA,"50c9509d-22c7-4a22-a47d-8c48425ef4a7",6.68e+11
"Furcifer pardalis (Cuvier, 1829)","Furcifer","pardalis","55.739738","-21.352683","France","Reunion Island",NA,"50c9509d-22c7-4a22-a47d-8c48425ef4a7",2896937500
"Furcifer pardalis (Cuvier, 1829)","Furcifer","pardalis","48.337859","-13.39069","Madagascar","Nosy Be",NA,"50c9509d-22c7-4a22-a47d-8c48425ef4a7",298125000
"Furcifer oustaleti (Mocquard, 1894)","Furcifer","oustaleti","45.266155","-22.457138","Madagascar",NA,NA,"50c9509d-22c7-4a22-a47d-8c48425ef4a7",6.68e+11
"Furcifer polleni (Peters, 1874)","Furcifer","polleni","45.1537","-12.80706","Mayotte",NA,NA,"50c9509d-22c7-4a22-a47d-8c48425ef4a7",378937500
"Furcifer oustaleti (Mocquard, 1894)","Furcifer","oustaleti","46.292279","-22.302672","Madagascar",NA,NA,"50c9509d-22c7-4a22-a47d-8c48425ef4a7",6.68e+11
"Furcifer pardalis (Cuvier, 1829)","Furcifer","pardalis","47.521129","-18.918461","Madagascar",NA,NA,"50c9509d-22c7-4a22-a47d-8c48425ef4a7",6.68e+11
"Furcifer pardalis (Cuvier, 1829)","Furcifer","pardalis","49.507639","-13.411645","Madagascar",NA,NA,"50c9509d-22c7-4a22-a47d-8c48425ef4a7",6.68e+11
"Furcifer pardalis (Cuvier, 1829)","Furcifer","pardalis","49.020519","-13.05239","Madagascar",NA,NA,"50c9509d-22c7-4a22-a47d-8c48425ef4a7",6.68e+11
"Furcifer oustaleti (Mocquard, 1894)","Furcifer","oustaleti","49.020519","-13.05239","Madagascar",NA,NA,"50c9509d-22c7-4a22-a47d-8c48425ef4a7",6.68e+11
"Furcifer pardalis (Cuvier, 1829)","Furcifer","pardalis","49.020519","-13.05239","Madagascar",NA,NA,"50c9509d-22c7-4a22-a47d-8c48425ef4a7",6.68e+11
"Furcifer oustaleti (Mocquard, 1894)","Furcifer","oustaleti","44.528703","-22.91109","Madagascar",NA,NA,"50c9509d-22c7-4a22-a47d-8c48425ef4a7",6.68e+11
"Furcifer oustaleti (Mocquard, 1894)","Furcifer","oustaleti","44.785946","-19.125542","Madagascar",NA,NA,"50c9509d-22c7-4a22-a47d-8c48425ef4a7",6.68e+11
"Furcifer oustaleti (Mocquard, 1894)","Furcifer","oustaleti","46.777977","-18.862699","Madagascar",NA,NA,"50c9509d-22c7-4a22-a47d-8c48425ef4a7",6.68e+11
"Furcifer pardalis (Cuvier, 1829)","Furcifer","pardalis","48.212792","-13.356758","Madagascar","Nosy Be",NA,"50c9509d-22c7-4a22-a47d-8c48425ef4a7",298125000
"Furcifer pardalis (Cuvier, 1829)","Furcifer","pardalis","48.204372","-13.351497","Madagascar","Nosy Be",NA,"50c9509d-22c7-4a22-a47d-8c48425ef4a7",298125000
"Furcifer oustaleti (Mocquard, 1894)","Furcifer","oustaleti","47.52775","-18.929502","Madagascar",NA,NA,"50c9509d-22c7-4a22-a47d-8c48425ef4a7",6.68e+11
"Furcifer verrucosus Cuvier, 1829","Furcifer","verrucosus","43.62468","-23.116361","Madagascar",NA,NA,"50c9509d-22c7-4a22-a47d-8c48425ef4a7",6.68e+11
"Furcifer verrucosus Cuvier, 1829","Furcifer","verrucosus","43.620671","-23.121583","Madagascar",NA,NA,"50c9509d-22c7-4a22-a47d-8c48425ef4a7",6.68e+11
"Furcifer major (Brygoo, 1971)","Furcifer","major","45.38395","-22.539983","Madagascar",NA,NA,"50c9509d-22c7-4a22-a47d-8c48425ef4a7",6.68e+11
"Furcifer oustaleti (Mocquard, 1894)","Furcifer","oustaleti","45.261771","-22.465614","Madagascar",NA,NA,"50c9509d-22c7-4a22-a47d-8c48425ef4a7",6.68e+11
"Furcifer oustaleti (Mocquard, 1894)","Furcifer","oustaleti","45.261771","-22.465614","Madagascar",NA,NA,"50c9509d-22c7-4a22-a47d-8c48425ef4a7",6.68e+11
"Furcifer oustaleti (Mocquard, 1894)","Furcifer","oustaleti","46.842308","-21.851464","Madagascar",NA,NA,"50c9509d-22c7-4a22-a47d-8c48425ef4a7",6.68e+11
"Furcifer oustaleti (Mocquard, 1894)","Furcifer","oustaleti","45.384711","-22.562392","Madagascar",NA,NA,"50c9509d-22c7-4a22-a47d-8c48425ef4a7",6.68e+11
"Furcifer major (Brygoo, 1971)","Furcifer","major","45.228548","-22.420071","Madagascar",NA,NA,"50c9509d-22c7-4a22-a47d-8c48425ef4a7",6.68e+11
"Furcifer oustaleti (Mocquard, 1894)","Furcifer","oustaleti","46.841928","-21.85385","Madagascar",NA,NA,"50c9509d-22c7-4a22-a47d-8c48425ef4a7",6.68e+11
"Furcifer balteatus (Duméril & Bibron, 1851)","Furcifer","balteatus","47.57737","-21.397729","Madagascar",NA,NA,"50c9509d-22c7-4a22-a47d-8c48425ef4a7",6.68e+11
"Furcifer verrucosus Cuvier, 1829","Furcifer","verrucosus","43.621717","-23.123542","Madagascar",NA,NA,"50c9509d-22c7-4a22-a47d-8c48425ef4a7",6.68e+11
"Furcifer pardalis (Cuvier, 1829)","Furcifer","pardalis","48.321203","-13.409323","Madagascar","Nosy Be",NA,"50c9509d-22c7-4a22-a47d-8c48425ef4a7",298125000
"Furcifer oustaleti (Mocquard, 1894)","Furcifer","oustaleti","46.841613","-21.853475","Madagascar",NA,NA,"50c9509d-22c7-4a22-a47d-8c48425ef4a7",6.68e+11
"Furcifer oustaleti (Mocquard, 1894)","Furcifer","oustaleti","46.841208","-21.852687","Madagascar",NA,NA,"50c9509d-22c7-4a22-a47d-8c48425ef4a7",6.68e+11
"Furcifer verrucosus Cuvier, 1829","Furcifer","verrucosus","43.66657","-23.040292","Madagascar",NA,NA,"50c9509d-22c7-4a22-a47d-8c48425ef4a7",6.68e+11
"Furcifer oustaleti (Mocquard, 1894)","Furcifer","oustaleti","46.841595","-21.852812","Madagascar",NA,NA,"50c9509d-22c7-4a22-a47d-8c48425ef4a7",6.68e+11
"Furcifer pardalis (Cuvier, 1829)","Furcifer","pardalis","49.213558","-18.605472","Madagascar",NA,NA,"50c9509d-22c7-4a22-a47d-8c48425ef4a7",6.68e+11
"Furcifer oustaleti (Mocquard, 1894)","Furcifer","oustaleti","45.381005","-22.539708","Madagascar",NA,NA,"50c9509d-22c7-4a22-a47d-8c48425ef4a7",6.68e+11
"Furcifer pardalis (Cuvier, 1829)","Furcifer","pardalis","49.098125","-12.890791","Madagascar",NA,NA,"50c9509d-22c7-4a22-a47d-8c48425ef4a7",6.68e+11
"Furcifer pardalis (Cuvier, 1829)","Furcifer","pardalis","49.056914","-12.931979","Madagascar",NA,NA,"50c9509d-22c7-4a22-a47d-8c48425ef4a7",6.68e+11
"Furcifer rhinoceratus (Gray, 1845)","Furcifer","rhinoceratus","46.834716","-16.312216","Madagascar",NA,NA,"50c9509d-22c7-4a22-a47d-8c48425ef4a7",6.68e+11
"Furcifer verrucosus Cuvier, 1829","Furcifer","verrucosus","43.632392","-23.123467","Madagascar",NA,NA,"50c9509d-22c7-4a22-a47d-8c48425ef4a7",6.68e+11
"Furcifer petteri (Brygoo & Domergue, 1966)","Furcifer","petteri","49.106415","-12.949229","Madagascar",NA,NA,"50c9509d-22c7-4a22-a47d-8c48425ef4a7",6.68e+11
"Furcifer campani (Grandidier, 1872)","Furcifer","campani","46.887364","-22.191986","Madagascar",NA,NA,"50c9509d-22c7-4a22-a47d-8c48425ef4a7",6.68e+11
"Furcifer oustaleti (Mocquard, 1894)","Furcifer","oustaleti","46.841087","-21.85254","Madagascar",NA,NA,"50c9509d-22c7-4a22-a47d-8c48425ef4a7",6.68e+11
"Furcifer oustaleti (Mocquard, 1894)","Furcifer","oustaleti","44.701095","-22.886928","Madagascar",NA,NA,"50c9509d-22c7-4a22-a47d-8c48425ef4a7",6.68e+11
"Furcifer oustaleti (Mocquard, 1894)","Furcifer","oustaleti","44.692868","-22.883467","Madagascar",NA,NA,"50c9509d-22c7-4a22-a47d-8c48425ef4a7",6.68e+11
"Furcifer pardalis (Cuvier, 1829)","Furcifer","pardalis","55.541015","-21.326799","Reunion",NA,NA,"50c9509d-22c7-4a22-a47d-8c48425ef4a7",2896937500
"Furcifer verrucosus Cuvier, 1829","Furcifer","verrucosus","46.979513","-24.974807","Madagascar",NA,NA,"50c9509d-22c7-4a22-a47d-8c48425ef4a7",6.68e+11
"Furcifer pardalis (Cuvier, 1829)","Furcifer","pardalis","47.950123","-18.932091","Madagascar",NA,NA,"50c9509d-22c7-4a22-a47d-8c48425ef4a7",6.68e+11
"Furcifer pardalis (Cuvier, 1829)","Furcifer","pardalis","49.213671","-18.605293","Madagascar",NA,NA,"50c9509d-22c7-4a22-a47d-8c48425ef4a7",6.68e+11
"Furcifer oustaleti (Mocquard, 1894)","Furcifer","oustaleti","46.841928","-21.85385","Madagascar",NA,NA,"50c9509d-22c7-4a22-a47d-8c48425ef4a7",6.68e+11
"Furcifer oustaleti (Mocquard, 1894)","Furcifer","oustaleti","47.949894","-18.932519","Madagascar",NA,NA,"50c9509d-22c7-4a22-a47d-8c48425ef4a7",6.68e+11
"Furcifer balteatus (Duméril & Bibron, 1851)","Furcifer","balteatus","46.809821","-18.760632","Madagascar",NA,NA,"50c9509d-22c7-4a22-a47d-8c48425ef4a7",6.68e+11
"Furcifer oustaleti (Mocquard, 1894)","Furcifer","oustaleti","47.519473","-18.867632","Madagascar",NA,NA,"50c9509d-22c7-4a22-a47d-8c48425ef4a7",6.68e+11
"Furcifer antimena (Grandidier, 1872)","Furcifer","antimena","43.774026","-23.060701","Madagascar",NA,NA,"50c9509d-22c7-4a22-a47d-8c48425ef4a7",6.68e+11
"Furcifer lateralis (Gray, 1831)","Furcifer","lateralis","47.240075","-21.288195","Madagascar",NA,NA,"50c9509d-22c7-4a22-a47d-8c48425ef4a7",6.68e+11
"Furcifer verrucosus Cuvier, 1829","Furcifer","verrucosus","44.691677","-22.88577","Madagascar",NA,NA,"50c9509d-22c7-4a22-a47d-8c48425ef4a7",6.68e+11
"Furcifer oustaleti (Mocquard, 1894)","Furcifer","oustaleti","44.79657","-19.137616","Madagascar",NA,NA,"50c9509d-22c7-4a22-a47d-8c48425ef4a7",6.68e+11
"Furcifer pardalis (Cuvier, 1829)","Furcifer","pardalis","49.431758","-12.44168","Madagascar",NA,NA,"50c9509d-22c7-4a22-a47d-8c48425ef4a7",6.68e+11
"Furcifer pardalis (Cuvier, 1829)","Furcifer","pardalis","49.137187","-12.967048","Madagascar",NA,NA,"50c9509d-22c7-4a22-a47d-8c48425ef4a7",6.68e+11
"Furcifer petteri (Brygoo & Domergue, 1966)","Furcifer","petteri","49.092545","-12.918633","Madagascar",NA,NA,"50c9509d-22c7-4a22-a47d-8c48425ef4a7",6.68e+11
"Furcifer verrucosus Cuvier, 1829","Furcifer","verrucosus","46.30837","-25.010578","Madagascar",NA,NA,"50c9509d-22c7-4a22-a47d-8c48425ef4a7",6.68e+11
"Furcifer pardalis (Cuvier, 1829)","Furcifer","pardalis","48.321617","-13.396095","Madagascar","Nosy Be",NA,"50c9509d-22c7-4a22-a47d-8c48425ef4a7",298125000
"Furcifer oustaleti (Mocquard, 1894)","Furcifer","oustaleti","44.596971","-20.066299","Madagascar",NA,NA,"50c9509d-22c7-4a22-a47d-8c48425ef4a7",6.68e+11
"Furcifer pardalis (Cuvier, 1829)","Furcifer","pardalis","48.978982","-13.058573","Madagascar",NA,NA,"50c9509d-22c7-4a22-a47d-8c48425ef4a7",6.68e+11
"Furcifer oustaleti (Mocquard, 1894)","Furcifer","oustaleti","48.977778","-13.060278","Madagascar",NA,NA,"50c9509d-22c7-4a22-a47d-8c48425ef4a7",6.68e+11
"Furcifer pardalis (Cuvier, 1829)","Furcifer","pardalis","48.458425","-13.62925","Madagascar",NA,NA,"50c9509d-22c7-4a22-a47d-8c48425ef4a7",6.68e+11
"Furcifer polleni (Peters, 1874)","Furcifer","polleni","45.154919","-12.765351","Mayotte",NA,NA,"50c9509d-22c7-4a22-a47d-8c48425ef4a7",378937500
"Furcifer pardalis (Cuvier, 1829)","Furcifer","pardalis","49.478461","-12.456508","Madagascar",NA,NA,"50c9509d-22c7-4a22-a47d-8c48425ef4a7",6.68e+11
"Furcifer pardalis (Cuvier, 1829)","Furcifer","pardalis","48.294088","-13.402628","Madagascar","Nosy Be",NA,"50c9509d-22c7-4a22-a47d-8c48425ef4a7",298125000
"Furcifer pardalis (Cuvier, 1829)","Furcifer","pardalis","55.567906","-21.358725","Reunion",NA,NA,"50c9509d-22c7-4a22-a47d-8c48425ef4a7",2896937500
"Furcifer pardalis (Cuvier, 1829)","Furcifer","pardalis","50.058244","-15.784116","Madagascar",NA,NA,"50c9509d-22c7-4a22-a47d-8c48425ef4a7",6.68e+11
"Furcifer oustaleti (Mocquard, 1894)","Furcifer","oustaleti","47.891954","-18.911556","Madagascar",NA,NA,"50c9509d-22c7-4a22-a47d-8c48425ef4a7",6.68e+11
"Furcifer verrucosus Cuvier, 1829","Furcifer","verrucosus","45.060432","-25.04112","Madagascar",NA,NA,"50c9509d-22c7-4a22-a47d-8c48425ef4a7",6.68e+11
"Furcifer pardalis (Cuvier, 1829)","Furcifer","pardalis","49.977319","-14.138546","Madagascar",NA,NA,"50c9509d-22c7-4a22-a47d-8c48425ef4a7",6.68e+11
"Furcifer oustaleti (Mocquard, 1894)","Furcifer","oustaleti","44.549366","-20.103964","Madagascar",NA,NA,"50c9509d-22c7-4a22-a47d-8c48425ef4a7",6.68e+11
"Furcifer verrucosus Cuvier, 1829","Furcifer","verrucosus","47.171197","-24.777303","Madagascar",NA,NA,"50c9509d-22c7-4a22-a47d-8c48425ef4a7",6.68e+11
"Furcifer verrucosus Cuvier, 1829","Furcifer","verrucosus","46.304758","-25.008261","Madagascar",NA,NA,"50c9509d-22c7-4a22-a47d-8c48425ef4a7",6.68e+11
"Furcifer verrucosus Cuvier, 1829","Furcifer","verrucosus","46.30581","-25.022515","Madagascar",NA,NA,"50c9509d-22c7-4a22-a47d-8c48425ef4a7",6.68e+11
"Furcifer oustaleti (Mocquard, 1894)","Furcifer","oustaleti","47.516949","-18.8671","Madagascar",NA,NA,"50c9509d-22c7-4a22-a47d-8c48425ef4a7",6.68e+11
"Furcifer oustaleti (Mocquard, 1894)","Furcifer","oustaleti","47.032325","-19.866878","Madagascar",NA,NA,"50c9509d-22c7-4a22-a47d-8c48425ef4a7",6.68e+11
"Furcifer oustaleti (Mocquard, 1894)","Furcifer","oustaleti","44.694497","-22.879093","Madagascar",NA,NA,"50c9509d-22c7-4a22-a47d-8c48425ef4a7",6.68e+11
"Furcifer oustaleti (Mocquard, 1894)","Furcifer","oustaleti","46.843713","-21.852635","Madagascar",NA,NA,"50c9509d-22c7-4a22-a47d-8c48425ef4a7",6.68e+11
"Furcifer oustaleti (Mocquard, 1894)","Furcifer","oustaleti","45.37037","-22.476851","Madagascar",NA,NA,"50c9509d-22c7-4a22-a47d-8c48425ef4a7",6.68e+11
"Furcifer oustaleti (Mocquard, 1894)","Furcifer","oustaleti","47.419292","-21.264061","Madagascar",NA,NA,"50c9509d-22c7-4a22-a47d-8c48425ef4a7",6.68e+11
"Furcifer oustaleti (Mocquard, 1894)","Furcifer","oustaleti","46.814683","-16.309217","Madagascar",NA,NA,"50c9509d-22c7-4a22-a47d-8c48425ef4a7",6.68e+11
"Furcifer verrucosus Cuvier, 1829","Furcifer","verrucosus","43.623008","-23.122269","Madagascar",NA,NA,"50c9509d-22c7-4a22-a47d-8c48425ef4a7",6.68e+11
"Furcifer oustaleti (Mocquard, 1894)","Furcifer","oustaleti","45.380711","-22.539489","Madagascar",NA,NA,"50c9509d-22c7-4a22-a47d-8c48425ef4a7",6.68e+11
"Furcifer balteatus (Duméril & Bibron, 1851)","Furcifer","balteatus","47.434723","-21.399298","Madagascar",NA,NA,"50c9509d-22c7-4a22-a47d-8c48425ef4a7",6.68e+11
"Furcifer oustaleti (Mocquard, 1894)","Furcifer","oustaleti","43.620504","-23.122763","Madagascar",NA,NA,"50c9509d-22c7-4a22-a47d-8c48425ef4a7",6.68e+11
"Furcifer oustaleti (Mocquard, 1894)","Furcifer","oustaleti","46.841922","-21.850964","Madagascar",NA,NA,"50c9509d-22c7-4a22-a47d-8c48425ef4a7",6.68e+11
"Furcifer pardalis (Cuvier, 1829)","Furcifer","pardalis","49.184256","-12.514298","Madagascar",NA,NA,"50c9509d-22c7-4a22-a47d-8c48425ef4a7",6.68e+11
"Furcifer petteri (Brygoo & Domergue, 1966)","Furcifer","petteri","49.193711","-12.462798","Madagascar",NA,NA,"50c9509d-22c7-4a22-a47d-8c48425ef4a7",6.68e+11
"Furcifer oustaleti (Mocquard, 1894)","Furcifer","oustaleti","48.252669","-18.948043","Madagascar",NA,NA,"50c9509d-22c7-4a22-a47d-8c48425ef4a7",6.68e+11
"Furcifer lateralis (Gray, 1831)","Furcifer","lateralis","47.523667","-18.921594","Madagascar",NA,NA,"50c9509d-22c7-4a22-a47d-8c48425ef4a7",6.68e+11
"Furcifer oustaleti (Mocquard, 1894)","Furcifer","oustaleti","46.740475","-19.087439","Madagascar",NA,NA,"50c9509d-22c7-4a22-a47d-8c48425ef4a7",6.68e+11
"Furcifer oustaleti (Mocquard, 1894)","Furcifer","oustaleti","47.947214","-18.93037","Madagascar",NA,NA,"50c9509d-22c7-4a22-a47d-8c48425ef4a7",6.68e+11
"Furcifer lateralis (Gray, 1831)","Furcifer","lateralis","47.533216","-18.884349","Madagascar",NA,NA,"50c9509d-22c7-4a22-a47d-8c48425ef4a7",6.68e+11
"Furcifer oustaleti (Mocquard, 1894)","Furcifer","oustaleti","47.357953","-18.952755","Madagascar",NA,NA,"50c9509d-22c7-4a22-a47d-8c48425ef4a7",6.68e+11
"Furcifer oustaleti (Mocquard, 1894)","Furcifer","oustaleti","47.360133","-18.950995","Madagascar",NA,NA,"50c9509d-22c7-4a22-a47d-8c48425ef4a7",6.68e+11
"Furcifer verrucosus Cuvier, 1829","Furcifer","verrucosus","43.620864","-23.122832","Madagascar",NA,NA,"50c9509d-22c7-4a22-a47d-8c48425ef4a7",6.68e+11
"Furcifer oustaleti (Mocquard, 1894)","Furcifer","oustaleti","44.624747","-22.90617","Madagascar",NA,NA,"50c9509d-22c7-4a22-a47d-8c48425ef4a7",6.68e+11
"Furcifer verrucosus Cuvier, 1829","Furcifer","verrucosus","46.978993","-24.973966","Madagascar",NA,NA,"50c9509d-22c7-4a22-a47d-8c48425ef4a7",6.68e+11
"Furcifer pardalis (Cuvier, 1829)","Furcifer","pardalis","55.82687","-21.185093","Reunion",NA,NA,"50c9509d-22c7-4a22-a47d-8c48425ef4a7",2896937500
"Furcifer pardalis (Cuvier, 1829)","Furcifer","pardalis","55.82687","-21.185093","Reunion",NA,NA,"50c9509d-22c7-4a22-a47d-8c48425ef4a7",2896937500
"Furcifer pardalis (Cuvier, 1829)","Furcifer","pardalis","55.479535","-21.284801","Reunion",NA,NA,"50c9509d-22c7-4a22-a47d-8c48425ef4a7",2896937500
"Furcifer oustaleti (Mocquard, 1894)","Furcifer","oustaleti","46.111936","-22.39681","Madagascar",NA,NA,"50c9509d-22c7-4a22-a47d-8c48425ef4a7",6.68e+11
"Furcifer pardalis (Cuvier, 1829)","Furcifer","pardalis","55.487649","-21.277653","Reunion",NA,NA,"50c9509d-22c7-4a22-a47d-8c48425ef4a7",2896937500
"Furcifer willsii (Günther, 1890)","Furcifer","willsii","48.451233","-18.961656","Madagascar",NA,NA,"50c9509d-22c7-4a22-a47d-8c48425ef4a7",6.68e+11
"Furcifer antimena (Grandidier, 1872)","Furcifer","antimena","43.65149","-23.161256","Madagascar",NA,NA,"50c9509d-22c7-4a22-a47d-8c48425ef4a7",6.68e+11
"Furcifer antimena (Grandidier, 1872)","Furcifer","antimena","43.726186","-23.095144","Madagascar",NA,NA,"50c9509d-22c7-4a22-a47d-8c48425ef4a7",6.68e+11
"Furcifer oustaleti (Mocquard, 1894)","Furcifer","oustaleti","46.410878","-15.574428","Madagascar",NA,NA,"50c9509d-22c7-4a22-a47d-8c48425ef4a7",6.68e+11
"Furcifer verrucosus Cuvier, 1829","Furcifer","verrucosus","43.623174","-23.117048","Madagascar",NA,NA,"50c9509d-22c7-4a22-a47d-8c48425ef4a7",6.68e+11
"Furcifer pardalis (Cuvier, 1829)","Furcifer","pardalis","55.488025","-20.923723","Reunion",NA,NA,"50c9509d-22c7-4a22-a47d-8c48425ef4a7",2896937500
"Furcifer balteatus (Duméril & Bibron, 1851)","Furcifer","balteatus","47.57938","-21.273307","Madagascar",NA,NA,"50c9509d-22c7-4a22-a47d-8c48425ef4a7",6.68e+11
"Furcifer oustaleti (Mocquard, 1894)","Furcifer","oustaleti","48.672988","-18.840796","Madagascar",NA,NA,"50c9509d-22c7-4a22-a47d-8c48425ef4a7",6.68e+11
"Furcifer oustaleti (Mocquard, 1894)","Furcifer","oustaleti","47.074326","-21.442671","Madagascar",NA,NA,"50c9509d-22c7-4a22-a47d-8c48425ef4a7",6.68e+11
"Furcifer pardalis (Cuvier, 1829)","Furcifer","pardalis","55.670344","-21.023059","Reunion",NA,NA,"50c9509d-22c7-4a22-a47d-8c48425ef4a7",2896937500
"Furcifer lateralis (Gray, 1831)","Furcifer","lateralis","47.146338","-19.00739","Madagascar",NA,NA,"50c9509d-22c7-4a22-a47d-8c48425ef4a7",6.68e+11
"Furcifer lateralis (Gray, 1831)","Furcifer","lateralis","47.146338","-19.00739","Madagascar",NA,NA,"50c9509d-22c7-4a22-a47d-8c48425ef4a7",6.68e+11
"Furcifer oustaleti (Mocquard, 1894)","Furcifer","oustaleti","47.631275","-18.934375","Madagascar",NA,NA,"50c9509d-22c7-4a22-a47d-8c48425ef4a7",6.68e+11
"Furcifer oustaleti (Mocquard, 1894)","Furcifer","oustaleti","48.586722","-17.424512","Madagascar",NA,NA,"50c9509d-22c7-4a22-a47d-8c48425ef4a7",6.68e+11
"Furcifer oustaleti (Mocquard, 1894)","Furcifer","oustaleti","48.592353","-17.430153","Madagascar",NA,NA,"50c9509d-22c7-4a22-a47d-8c48425ef4a7",6.68e+11
"Furcifer pardalis (Cuvier, 1829)","Furcifer","pardalis","49.351624","-12.320725","Madagascar",NA,NA,"50c9509d-22c7-4a22-a47d-8c48425ef4a7",6.68e+11
"Furcifer pardalis (Cuvier, 1829)","Furcifer","pardalis","49.353239","-12.321052","Madagascar",NA,NA,"50c9509d-22c7-4a22-a47d-8c48425ef4a7",6.68e+11
"Furcifer pardalis (Cuvier, 1829)","Furcifer","pardalis","55.295539","-21.136617","Reunion",NA,NA,"50c9509d-22c7-4a22-a47d-8c48425ef4a7",2896937500
"Furcifer pardalis (Cuvier, 1829)","Furcifer","pardalis","49.974871","-15.690923","Madagascar",NA,NA,"50c9509d-22c7-4a22-a47d-8c48425ef4a7",6.68e+11
"Furcifer pardalis (Cuvier, 1829)","Furcifer","pardalis","55.422644","-21.305353","France","Reunion Island",NA,"50c9509d-22c7-4a22-a47d-8c48425ef4a7",2896937500
"Furcifer pardalis (Cuvier, 1829)","Furcifer","pardalis","55.544724","-20.931474","Reunion",NA,NA,"50c9509d-22c7-4a22-a47d-8c48425ef4a7",2896937500
"Furcifer pardalis (Cuvier, 1829)","Furcifer","pardalis","55.542975","-20.933749","Reunion",NA,NA,"50c9509d-22c7-4a22-a47d-8c48425ef4a7",2896937500
"Furcifer verrucosus Cuvier, 1829","Furcifer","verrucosus","46.870767","-24.978787","Madagascar",NA,NA,"50c9509d-22c7-4a22-a47d-8c48425ef4a7",6.68e+11
"Furcifer pardalis (Cuvier, 1829)","Furcifer","pardalis","55.332867","-21.003586","Reunion",NA,NA,"50c9509d-22c7-4a22-a47d-8c48425ef4a7",2896937500
"Furcifer pardalis (Cuvier, 1829)","Furcifer","pardalis","57.568894","-20.502638","Mauritius",NA,NA,"50c9509d-22c7-4a22-a47d-8c48425ef4a7",2129062500
"Furcifer polleni (Peters, 1874)","Furcifer","polleni","45.1487","-12.91917","Mayotte",NA,NA,"a59d6168-10a5-4b71-8b3c-14e815bb12a3",378937500
"Furcifer cephalolepis (Günther, 1880)","Furcifer","cephalolepis","43.235322","-11.740587","Comoros","Grande Comore",NA,"50c9509d-22c7-4a22-a47d-8c48425ef4a7",1062937500
"Furcifer cephalolepis (Günther, 1880)","Furcifer","cephalolepis","43.23733","-11.741","Comoros","Grande Comore",NA,"50c9509d-22c7-4a22-a47d-8c48425ef4a7",1062937500
"Furcifer cephalolepis (Günther, 1880)","Furcifer","cephalolepis","43.23737","-11.74098","Comoros","Grande Comore",NA,"50c9509d-22c7-4a22-a47d-8c48425ef4a7",1062937500
"Furcifer oustaleti (Mocquard, 1894)","Furcifer","oustaleti","48.025281","-18.844466","Madagascar",NA,NA,"50c9509d-22c7-4a22-a47d-8c48425ef4a7",6.68e+11
"Furcifer oustaleti (Mocquard, 1894)","Furcifer","oustaleti","48.570745","-17.465967","Madagascar",NA,NA,"50c9509d-22c7-4a22-a47d-8c48425ef4a7",6.68e+11
"Furcifer pardalis (Cuvier, 1829)","Furcifer","pardalis","55.483383","-20.907039","Reunion",NA,NA,"50c9509d-22c7-4a22-a47d-8c48425ef4a7",2896937500
"Furcifer pardalis (Cuvier, 1829)","Furcifer","pardalis","55.515842","-20.914187","Reunion",NA,NA,"50c9509d-22c7-4a22-a47d-8c48425ef4a7",2896937500
"Furcifer pardalis (Cuvier, 1829)","Furcifer","pardalis","55.543484","-20.933373","Reunion",NA,NA,"50c9509d-22c7-4a22-a47d-8c48425ef4a7",2896937500
"Furcifer pardalis (Cuvier, 1829)","Furcifer","pardalis","49.706117","-15.4258","Madagascar",NA,NA,"50c9509d-22c7-4a22-a47d-8c48425ef4a7",6.68e+11
"Furcifer oustaleti (Mocquard, 1894)","Furcifer","oustaleti","49.168934","-12.529758","Madagascar",NA,NA,"50c9509d-22c7-4a22-a47d-8c48425ef4a7",6.68e+11
"Furcifer pardalis (Cuvier, 1829)","Furcifer","pardalis","49.350795","-12.326511","Madagascar",NA,NA,"50c9509d-22c7-4a22-a47d-8c48425ef4a7",6.68e+11
"Furcifer pardalis (Cuvier, 1829)","Furcifer","pardalis","55.229053","-21.048448","France","Reunion Island",NA,"50c9509d-22c7-4a22-a47d-8c48425ef4a7",2896937500
"Furcifer pardalis (Cuvier, 1829)","Furcifer","pardalis","55.65867","-21.006417","Reunion",NA,NA,"50c9509d-22c7-4a22-a47d-8c48425ef4a7",2896937500
"Furcifer pardalis (Cuvier, 1829)","Furcifer","pardalis","55.428855","-20.88885","Reunion",NA,NA,"50c9509d-22c7-4a22-a47d-8c48425ef4a7",2896937500
"Furcifer willsii (Günther, 1890)","Furcifer","willsii","48.451042","-18.961694","Madagascar",NA,NA,"50c9509d-22c7-4a22-a47d-8c48425ef4a7",6.68e+11
"Furcifer pardalis (Cuvier, 1829)","Furcifer","pardalis","48.589975","-18.963753","Madagascar",NA,NA,"50c9509d-22c7-4a22-a47d-8c48425ef4a7",6.68e+11
"Furcifer pardalis (Cuvier, 1829)","Furcifer","pardalis","48.589975","-18.963753","Madagascar",NA,NA,"50c9509d-22c7-4a22-a47d-8c48425ef4a7",6.68e+11
"Furcifer pardalis (Cuvier, 1829)","Furcifer","pardalis","48.589975","-18.963753","Madagascar",NA,NA,"50c9509d-22c7-4a22-a47d-8c48425ef4a7",6.68e+11
"Furcifer bifidus (Brongniart, 1800)","Furcifer","bifidus","48.520458","-18.929808","Madagascar",NA,NA,"50c9509d-22c7-4a22-a47d-8c48425ef4a7",6.68e+11
"Furcifer bifidus (Brongniart, 1800)","Furcifer","bifidus","48.516825","-18.920825","Madagascar",NA,NA,"50c9509d-22c7-4a22-a47d-8c48425ef4a7",6.68e+11
"Furcifer pardalis (Cuvier, 1829)","Furcifer","pardalis","49.213419","-18.60505","Madagascar",NA,NA,"50c9509d-22c7-4a22-a47d-8c48425ef4a7",6.68e+11
"Furcifer pardalis (Cuvier, 1829)","Furcifer","pardalis","49.213847","-18.605189","Madagascar",NA,NA,"50c9509d-22c7-4a22-a47d-8c48425ef4a7",6.68e+11
"Furcifer oustaleti (Mocquard, 1894)","Furcifer","oustaleti","49.213742","-18.605117","Madagascar",NA,NA,"50c9509d-22c7-4a22-a47d-8c48425ef4a7",6.68e+11
"Furcifer pardalis (Cuvier, 1829)","Furcifer","pardalis","49.213792","-18.605186","Madagascar",NA,NA,"50c9509d-22c7-4a22-a47d-8c48425ef4a7",6.68e+11
"Furcifer pardalis (Cuvier, 1829)","Furcifer","pardalis","49.213872","-18.605231","Madagascar",NA,NA,"50c9509d-22c7-4a22-a47d-8c48425ef4a7",6.68e+11
"Furcifer pardalis (Cuvier, 1829)","Furcifer","pardalis","49.2129","-18.605531","Madagascar",NA,NA,"50c9509d-22c7-4a22-a47d-8c48425ef4a7",6.68e+11
"Furcifer pardalis (Cuvier, 1829)","Furcifer","pardalis","49.212864","-18.605517","Madagascar",NA,NA,"50c9509d-22c7-4a22-a47d-8c48425ef4a7",6.68e+11
"Furcifer pardalis (Cuvier, 1829)","Furcifer","pardalis","49.213483","-18.605042","Madagascar",NA,NA,"50c9509d-22c7-4a22-a47d-8c48425ef4a7",6.68e+11
"Furcifer pardalis (Cuvier, 1829)","Furcifer","pardalis","49.212725","-18.605722","Madagascar",NA,NA,"50c9509d-22c7-4a22-a47d-8c48425ef4a7",6.68e+11
"Furcifer pardalis (Cuvier, 1829)","Furcifer","pardalis","49.212725","-18.605722","Madagascar",NA,NA,"50c9509d-22c7-4a22-a47d-8c48425ef4a7",6.68e+11
"Furcifer pardalis (Cuvier, 1829)","Furcifer","pardalis","49.212264","-18.605533","Madagascar",NA,NA,"50c9509d-22c7-4a22-a47d-8c48425ef4a7",6.68e+11
"Furcifer verrucosus Cuvier, 1829","Furcifer","verrucosus","43.686658","-23.29018","Madagascar",NA,NA,"50c9509d-22c7-4a22-a47d-8c48425ef4a7",6.68e+11
"Furcifer viridis Florio, Ingram, Rakotondravony, Louis Jr & Raxworthy, 2012","Furcifer","viridis","45.467757","-19.552901","Madagascar",NA,NA,"50c9509d-22c7-4a22-a47d-8c48425ef4a7",6.68e+11
"Furcifer oustaleti (Mocquard, 1894)","Furcifer","oustaleti","46.152244","-19.779438","Madagascar",NA,NA,"50c9509d-22c7-4a22-a47d-8c48425ef4a7",6.68e+11
"Furcifer major (Brygoo, 1971)","Furcifer","major","45.392303","-22.592423","Madagascar",NA,NA,"50c9509d-22c7-4a22-a47d-8c48425ef4a7",6.68e+11
"Furcifer pardalis (Cuvier, 1829)","Furcifer","pardalis","55.543074","-20.933879","Reunion",NA,NA,"50c9509d-22c7-4a22-a47d-8c48425ef4a7",2896937500
"Furcifer pardalis (Cuvier, 1829)","Furcifer","pardalis","55.697715","-20.971535","Reunion",NA,NA,"50c9509d-22c7-4a22-a47d-8c48425ef4a7",2896937500
"Furcifer polleni (Peters, 1874)","Furcifer","polleni","45.154808","-12.804422","Mayotte",NA,NA,"50c9509d-22c7-4a22-a47d-8c48425ef4a7",378937500
"Furcifer pardalis (Cuvier, 1829)","Furcifer","pardalis","55.4367","-20.892575","Reunion",NA,NA,"50c9509d-22c7-4a22-a47d-8c48425ef4a7",2896937500
"Furcifer oustaleti (Mocquard, 1894)","Furcifer","oustaleti","47.520907","-18.907981","Madagascar",NA,NA,"50c9509d-22c7-4a22-a47d-8c48425ef4a7",6.68e+11
"Furcifer major (Brygoo, 1971)","Furcifer","major","43.685494","-23.351619","Madagascar",NA,NA,"50c9509d-22c7-4a22-a47d-8c48425ef4a7",6.68e+11
"Furcifer pardalis (Cuvier, 1829)","Furcifer","pardalis","55.295597","-21.136709","Reunion",NA,NA,"50c9509d-22c7-4a22-a47d-8c48425ef4a7",2896937500
"Furcifer oustaleti (Mocquard, 1894)","Furcifer","oustaleti","47.517896","-18.867508","Madagascar",NA,NA,"50c9509d-22c7-4a22-a47d-8c48425ef4a7",6.68e+11
"Furcifer pardalis (Cuvier, 1829)","Furcifer","pardalis","55.420076","-21.032989","Reunion",NA,NA,"50c9509d-22c7-4a22-a47d-8c48425ef4a7",2896937500
"Furcifer lateralis (Gray, 1831)","Furcifer","lateralis","47.7144","-18.879822","Madagascar",NA,NA,"50c9509d-22c7-4a22-a47d-8c48425ef4a7",6.68e+11
"Furcifer oustaleti (Mocquard, 1894)","Furcifer","oustaleti","49.338312","-12.319626","Madagascar",NA,NA,"50c9509d-22c7-4a22-a47d-8c48425ef4a7",6.68e+11
"Furcifer pardalis (Cuvier, 1829)","Furcifer","pardalis","49.269131","-12.256403","Madagascar",NA,NA,"50c9509d-22c7-4a22-a47d-8c48425ef4a7",6.68e+11
"Furcifer oustaleti (Mocquard, 1894)","Furcifer","oustaleti","44.293368","-23.037025","Madagascar",NA,NA,"50c9509d-22c7-4a22-a47d-8c48425ef4a7",6.68e+11
"Furcifer lateralis (Gray, 1831)","Furcifer","lateralis","47.037463","-19.868431","Madagascar",NA,NA,"50c9509d-22c7-4a22-a47d-8c48425ef4a7",6.68e+11
"Furcifer pardalis (Cuvier, 1829)","Furcifer","pardalis","55.567906","-21.358682","Reunion",NA,NA,"50c9509d-22c7-4a22-a47d-8c48425ef4a7",2896937500
"Furcifer oustaleti (Mocquard, 1894)","Furcifer","oustaleti","45.261771","-22.465614","Madagascar",NA,NA,"50c9509d-22c7-4a22-a47d-8c48425ef4a7",6.68e+11
"Furcifer oustaleti (Mocquard, 1894)","Furcifer","oustaleti","46.25613","-22.70788","Madagascar",NA,NA,"50c9509d-22c7-4a22-a47d-8c48425ef4a7",6.68e+11
"Furcifer lateralis (Gray, 1831)","Furcifer","lateralis","46.854353","-21.857406","Madagascar",NA,NA,"50c9509d-22c7-4a22-a47d-8c48425ef4a7",6.68e+11
"Furcifer major (Brygoo, 1971)","Furcifer","major","45.25955","-22.465723","Madagascar",NA,NA,"50c9509d-22c7-4a22-a47d-8c48425ef4a7",6.68e+11
"Furcifer oustaleti (Mocquard, 1894)","Furcifer","oustaleti","46.854353","-21.857406","Madagascar",NA,NA,"50c9509d-22c7-4a22-a47d-8c48425ef4a7",6.68e+11
"Furcifer oustaleti (Mocquard, 1894)","Furcifer","oustaleti","49.213829","-12.883246","Madagascar",NA,NA,"50c9509d-22c7-4a22-a47d-8c48425ef4a7",6.68e+11
"Furcifer willsii (Günther, 1890)","Furcifer","willsii","47.403453","-21.248842","Madagascar",NA,NA,"50c9509d-22c7-4a22-a47d-8c48425ef4a7",6.68e+11
"Furcifer willsii (Günther, 1890)","Furcifer","willsii","47.421428","-21.253978","Madagascar",NA,NA,"50c9509d-22c7-4a22-a47d-8c48425ef4a7",6.68e+11
"Furcifer balteatus (Duméril & Bibron, 1851)","Furcifer","balteatus","47.501086","-21.261057","Madagascar",NA,NA,"50c9509d-22c7-4a22-a47d-8c48425ef4a7",6.68e+11
"Furcifer major (Brygoo, 1971)","Furcifer","major","45.392411","-22.592481","Madagascar",NA,NA,"50c9509d-22c7-4a22-a47d-8c48425ef4a7",6.68e+11
"Furcifer major (Brygoo, 1971)","Furcifer","major","45.392411","-22.592481","Madagascar",NA,NA,"50c9509d-22c7-4a22-a47d-8c48425ef4a7",6.68e+11
"Furcifer verrucosus Cuvier, 1829","Furcifer","verrucosus","43.610614","-23.117994","Madagascar",NA,NA,"50c9509d-22c7-4a22-a47d-8c48425ef4a7",6.68e+11
"Furcifer antimena (Grandidier, 1872)","Furcifer","antimena","43.61013","-23.033977","Madagascar",NA,NA,"50c9509d-22c7-4a22-a47d-8c48425ef4a7",6.68e+11
"Furcifer antimena (Grandidier, 1872)","Furcifer","antimena","43.644284","-23.047562","Madagascar",NA,NA,"50c9509d-22c7-4a22-a47d-8c48425ef4a7",6.68e+11
"Furcifer antimena (Grandidier, 1872)","Furcifer","antimena","43.668182","-23.064895","Madagascar",NA,NA,"50c9509d-22c7-4a22-a47d-8c48425ef4a7",6.68e+11
"Furcifer antimena (Grandidier, 1872)","Furcifer","antimena","43.694302","-23.093629","Madagascar",NA,NA,"50c9509d-22c7-4a22-a47d-8c48425ef4a7",6.68e+11
"Furcifer pardalis (Cuvier, 1829)","Furcifer","pardalis","48.258213","-13.317698","Madagascar","Nosy Be",NA,"50c9509d-22c7-4a22-a47d-8c48425ef4a7",298125000
"Furcifer polleni (Peters, 1874)","Furcifer","polleni","45.170008","-12.834112","Mayotte",NA,NA,"50c9509d-22c7-4a22-a47d-8c48425ef4a7",378937500
"Furcifer lateralis (Gray, 1831)","Furcifer","lateralis","46.854353","-21.857406","Madagascar",NA,NA,"50c9509d-22c7-4a22-a47d-8c48425ef4a7",6.68e+11
"Furcifer oustaleti (Mocquard, 1894)","Furcifer","oustaleti","46.854353","-21.857406","Madagascar",NA,NA,"50c9509d-22c7-4a22-a47d-8c48425ef4a7",6.68e+11
"Furcifer viridis Florio, Ingram, Rakotondravony, Louis Jr & Raxworthy, 2012","Furcifer","viridis","44.267693","-20.301485","Madagascar",NA,NA,"50c9509d-22c7-4a22-a47d-8c48425ef4a7",6.68e+11
"Furcifer verrucosus Cuvier, 1829","Furcifer","verrucosus","44.164504","-20.794191","Madagascar",NA,NA,"50c9509d-22c7-4a22-a47d-8c48425ef4a7",6.68e+11
"Furcifer verrucosus Cuvier, 1829","Furcifer","verrucosus","44.140904","-20.788741","Madagascar",NA,NA,"50c9509d-22c7-4a22-a47d-8c48425ef4a7",6.68e+11
"Furcifer verrucosus Cuvier, 1829","Furcifer","verrucosus","44.154178","-20.791132","Madagascar",NA,NA,"50c9509d-22c7-4a22-a47d-8c48425ef4a7",6.68e+11
"Furcifer pardalis (Cuvier, 1829)","Furcifer","pardalis","48.218078","-13.285463","Madagascar","Nosy Be",NA,"50c9509d-22c7-4a22-a47d-8c48425ef4a7",298125000
"Furcifer lateralis (Gray, 1831)","Furcifer","lateralis","47.249475","-20.526054","Madagascar",NA,NA,"50c9509d-22c7-4a22-a47d-8c48425ef4a7",6.68e+11
"Furcifer major (Brygoo, 1971)","Furcifer","major","45.43652","-19.73868","Madagascar",NA,NA,"50c9509d-22c7-4a22-a47d-8c48425ef4a7",6.68e+11
"Furcifer oustaleti (Mocquard, 1894)","Furcifer","oustaleti","45.237691","-19.658492","Madagascar",NA,NA,"50c9509d-22c7-4a22-a47d-8c48425ef4a7",6.68e+11
"Furcifer pardalis (Cuvier, 1829)","Furcifer","pardalis","49.213767","-18.605653","Madagascar",NA,NA,"50c9509d-22c7-4a22-a47d-8c48425ef4a7",6.68e+11
"Furcifer pardalis (Cuvier, 1829)","Furcifer","pardalis","49.059908","-12.929553","Madagascar",NA,NA,"50c9509d-22c7-4a22-a47d-8c48425ef4a7",6.68e+11
"Furcifer pardalis (Cuvier, 1829)","Furcifer","pardalis","49.059174","-12.930379","Madagascar",NA,NA,"50c9509d-22c7-4a22-a47d-8c48425ef4a7",6.68e+11
"Furcifer pardalis (Cuvier, 1829)","Furcifer","pardalis","49.059328","-12.930012","Madagascar",NA,NA,"50c9509d-22c7-4a22-a47d-8c48425ef4a7",6.68e+11
"Furcifer willsii (Günther, 1890)","Furcifer","willsii","48.417615","-18.946466","Madagascar",NA,NA,"50c9509d-22c7-4a22-a47d-8c48425ef4a7",6.68e+11
"Furcifer petteri (Brygoo & Domergue, 1966)","Furcifer","petteri","49.002445","-12.919499","Madagascar",NA,NA,"50c9509d-22c7-4a22-a47d-8c48425ef4a7",6.68e+11
"Furcifer petteri (Brygoo & Domergue, 1966)","Furcifer","petteri","49.061994","-12.895432","Madagascar",NA,NA,"50c9509d-22c7-4a22-a47d-8c48425ef4a7",6.68e+11
"Furcifer pardalis (Cuvier, 1829)","Furcifer","pardalis","49.202778","-12.498888","Madagascar",NA,NA,"50c9509d-22c7-4a22-a47d-8c48425ef4a7",6.68e+11
"Furcifer oustaleti (Mocquard, 1894)","Furcifer","oustaleti","46.928027","-16.32616","Madagascar",NA,NA,"50c9509d-22c7-4a22-a47d-8c48425ef4a7",6.68e+11
"Furcifer verrucosus Cuvier, 1829","Furcifer","verrucosus","43.754687","-23.416522","Madagascar",NA,NA,"50c9509d-22c7-4a22-a47d-8c48425ef4a7",6.68e+11
"Furcifer oustaleti (Mocquard, 1894)","Furcifer","oustaleti","47.3592","-18.954326","Madagascar",NA,NA,"50c9509d-22c7-4a22-a47d-8c48425ef4a7",6.68e+11
"Furcifer oustaleti (Mocquard, 1894)","Furcifer","oustaleti","47.3592","-18.954326","Madagascar",NA,NA,"50c9509d-22c7-4a22-a47d-8c48425ef4a7",6.68e+11
"Furcifer oustaleti (Mocquard, 1894)","Furcifer","oustaleti","49.337308","-12.318912","Madagascar",NA,NA,"50c9509d-22c7-4a22-a47d-8c48425ef4a7",6.68e+11
"Furcifer pardalis (Cuvier, 1829)","Furcifer","pardalis","49.118039","-12.969893","Madagascar",NA,NA,"50c9509d-22c7-4a22-a47d-8c48425ef4a7",6.68e+11
"Furcifer oustaleti (Mocquard, 1894)","Furcifer","oustaleti","49.34005","-12.319614","Madagascar",NA,NA,"50c9509d-22c7-4a22-a47d-8c48425ef4a7",6.68e+11
"Furcifer angeli (Brygoo & Domergue, 1968)","Furcifer","angeli","46.641737","-15.47992","Madagascar",NA,NA,"50c9509d-22c7-4a22-a47d-8c48425ef4a7",6.68e+11
"Furcifer bifidus (Brongniart, 1800)","Furcifer","bifidus","48.517327","-18.945086","Madagascar",NA,NA,"50c9509d-22c7-4a22-a47d-8c48425ef4a7",6.68e+11
"Furcifer bifidus (Brongniart, 1800)","Furcifer","bifidus","48.454478","-18.854219","Madagascar",NA,NA,"50c9509d-22c7-4a22-a47d-8c48425ef4a7",6.68e+11
"Furcifer bifidus (Brongniart, 1800)","Furcifer","bifidus","48.588948","-18.997097","Madagascar",NA,NA,"50c9509d-22c7-4a22-a47d-8c48425ef4a7",6.68e+11
"Furcifer campani (Grandidier, 1872)","Furcifer","campani","46.907158","-22.003143","Madagascar",NA,NA,"50c9509d-22c7-4a22-a47d-8c48425ef4a7",6.68e+11
"Furcifer oustaleti (Mocquard, 1894)","Furcifer","oustaleti","45.296203","-22.39809","Madagascar",NA,NA,"50c9509d-22c7-4a22-a47d-8c48425ef4a7",6.68e+11
"Furcifer oustaleti (Mocquard, 1894)","Furcifer","oustaleti","45.296203","-22.39809","Madagascar",NA,NA,"50c9509d-22c7-4a22-a47d-8c48425ef4a7",6.68e+11
"Furcifer major (Brygoo, 1971)","Furcifer","major","45.296203","-22.39809","Madagascar",NA,NA,"50c9509d-22c7-4a22-a47d-8c48425ef4a7",6.68e+11
"Furcifer oustaleti (Mocquard, 1894)","Furcifer","oustaleti","45.296203","-22.39809","Madagascar",NA,NA,"50c9509d-22c7-4a22-a47d-8c48425ef4a7",6.68e+11
"Furcifer pardalis (Cuvier, 1829)","Furcifer","pardalis","55.295154","-21.136901","Reunion",NA,NA,"50c9509d-22c7-4a22-a47d-8c48425ef4a7",2896937500
"Furcifer verrucosus Cuvier, 1829","Furcifer","verrucosus","43.755383","-23.414928","Madagascar",NA,NA,"50c9509d-22c7-4a22-a47d-8c48425ef4a7",6.68e+11
"Furcifer verrucosus Cuvier, 1829","Furcifer","verrucosus","44.694669","-22.883772","Madagascar",NA,NA,"50c9509d-22c7-4a22-a47d-8c48425ef4a7",6.68e+11
"Furcifer oustaleti (Mocquard, 1894)","Furcifer","oustaleti","47.547037","-18.929342","Madagascar",NA,NA,"50c9509d-22c7-4a22-a47d-8c48425ef4a7",6.68e+11
"Furcifer pardalis (Cuvier, 1829)","Furcifer","pardalis","50.036689","-14.212103","Madagascar",NA,NA,"50c9509d-22c7-4a22-a47d-8c48425ef4a7",6.68e+11
"Furcifer petteri (Brygoo & Domergue, 1966)","Furcifer","petteri","49.720527","-13.086698","Madagascar",NA,NA,"50c9509d-22c7-4a22-a47d-8c48425ef4a7",6.68e+11
"Furcifer pardalis (Cuvier, 1829)","Furcifer","pardalis","49.212368","-18.605671","Madagascar",NA,NA,"50c9509d-22c7-4a22-a47d-8c48425ef4a7",6.68e+11
"Furcifer verrucosus Cuvier, 1829","Furcifer","verrucosus","43.755389","-23.414687","Madagascar",NA,NA,"50c9509d-22c7-4a22-a47d-8c48425ef4a7",6.68e+11
"Furcifer oustaleti (Mocquard, 1894)","Furcifer","oustaleti","47.51868","-18.867625","Madagascar",NA,NA,"50c9509d-22c7-4a22-a47d-8c48425ef4a7",6.68e+11
"Furcifer oustaleti (Mocquard, 1894)","Furcifer","oustaleti","46.812078","-16.301625","Madagascar",NA,NA,"50c9509d-22c7-4a22-a47d-8c48425ef4a7",6.68e+11
"Furcifer oustaleti (Mocquard, 1894)","Furcifer","oustaleti","46.825887","-16.322133","Madagascar",NA,NA,"50c9509d-22c7-4a22-a47d-8c48425ef4a7",6.68e+11
"Furcifer pardalis (Cuvier, 1829)","Furcifer","pardalis","49.135231","-12.967245","Madagascar",NA,NA,"50c9509d-22c7-4a22-a47d-8c48425ef4a7",6.68e+11
"Furcifer polleni (Peters, 1874)","Furcifer","polleni","45.145951","-12.753764","Mayotte",NA,NA,"50c9509d-22c7-4a22-a47d-8c48425ef4a7",378937500
"Furcifer oustaleti (Mocquard, 1894)","Furcifer","oustaleti","47.116369","-16.161938","Madagascar",NA,NA,"50c9509d-22c7-4a22-a47d-8c48425ef4a7",6.68e+11
"Furcifer oustaleti (Mocquard, 1894)","Furcifer","oustaleti","47.116369","-16.161938","Madagascar",NA,NA,"50c9509d-22c7-4a22-a47d-8c48425ef4a7",6.68e+11
"Furcifer rhinoceratus (Gray, 1845)","Furcifer","rhinoceratus","47.073179","-16.155525","Madagascar",NA,NA,"50c9509d-22c7-4a22-a47d-8c48425ef4a7",6.68e+11
"Furcifer oustaleti (Mocquard, 1894)","Furcifer","oustaleti","47.116369","-16.161938","Madagascar",NA,NA,"50c9509d-22c7-4a22-a47d-8c48425ef4a7",6.68e+11
"Furcifer oustaleti (Mocquard, 1894)","Furcifer","oustaleti","46.56878","-15.763966","Madagascar",NA,NA,"50c9509d-22c7-4a22-a47d-8c48425ef4a7",6.68e+11
"Furcifer oustaleti (Mocquard, 1894)","Furcifer","oustaleti","46.56878","-15.763966","Madagascar",NA,NA,"50c9509d-22c7-4a22-a47d-8c48425ef4a7",6.68e+11
"Furcifer oustaleti (Mocquard, 1894)","Furcifer","oustaleti","46.56878","-15.763966","Madagascar",NA,NA,"50c9509d-22c7-4a22-a47d-8c48425ef4a7",6.68e+11
"Furcifer oustaleti (Mocquard, 1894)","Furcifer","oustaleti","47.358493","-18.952303","Madagascar",NA,NA,"50c9509d-22c7-4a22-a47d-8c48425ef4a7",6.68e+11
"Furcifer oustaleti (Mocquard, 1894)","Furcifer","oustaleti","47.357248","-18.952137","Madagascar",NA,NA,"50c9509d-22c7-4a22-a47d-8c48425ef4a7",6.68e+11
"Furcifer oustaleti (Mocquard, 1894)","Furcifer","oustaleti","44.657277","-20.067342","Madagascar",NA,NA,"50c9509d-22c7-4a22-a47d-8c48425ef4a7",6.68e+11
"Furcifer oustaleti (Mocquard, 1894)","Furcifer","oustaleti","44.657642","-20.066718","Madagascar",NA,NA,"50c9509d-22c7-4a22-a47d-8c48425ef4a7",6.68e+11
"Furcifer oustaleti (Mocquard, 1894)","Furcifer","oustaleti","44.794455","-19.14438","Madagascar",NA,NA,"50c9509d-22c7-4a22-a47d-8c48425ef4a7",6.68e+11
"Furcifer oustaleti (Mocquard, 1894)","Furcifer","oustaleti","44.794512","-19.144703","Madagascar",NA,NA,"50c9509d-22c7-4a22-a47d-8c48425ef4a7",6.68e+11
"Furcifer oustaleti (Mocquard, 1894)","Furcifer","oustaleti","44.794785","-19.145017","Madagascar",NA,NA,"50c9509d-22c7-4a22-a47d-8c48425ef4a7",6.68e+11
"Furcifer oustaleti (Mocquard, 1894)","Furcifer","oustaleti","44.769803","-19.017767","Madagascar",NA,NA,"50c9509d-22c7-4a22-a47d-8c48425ef4a7",6.68e+11
"Furcifer oustaleti (Mocquard, 1894)","Furcifer","oustaleti","44.552963","-20.09796","Madagascar",NA,NA,"50c9509d-22c7-4a22-a47d-8c48425ef4a7",6.68e+11
"Furcifer verrucosus Cuvier, 1829","Furcifer","verrucosus","46.649268","-25.016367","Madagascar",NA,NA,"50c9509d-22c7-4a22-a47d-8c48425ef4a7",6.68e+11
"Furcifer pardalis (Cuvier, 1829)","Furcifer","pardalis","55.61052","-20.912395","Reunion",NA,NA,"50c9509d-22c7-4a22-a47d-8c48425ef4a7",2896937500
"Furcifer oustaleti (Mocquard, 1894)","Furcifer","oustaleti","48.71543","-17.01945","Madagascar",NA,NA,"50c9509d-22c7-4a22-a47d-8c48425ef4a7",6.68e+11
"Furcifer pardalis (Cuvier, 1829)","Furcifer","pardalis","49.693308","-13.162763","Madagascar",NA,NA,"50c9509d-22c7-4a22-a47d-8c48425ef4a7",6.68e+11
"Furcifer oustaleti (Mocquard, 1894)","Furcifer","oustaleti","49.68874","-13.156428","Madagascar",NA,NA,"50c9509d-22c7-4a22-a47d-8c48425ef4a7",6.68e+11
"Furcifer pardalis (Cuvier, 1829)","Furcifer","pardalis","49.317375","-12.912118","Madagascar",NA,NA,"50c9509d-22c7-4a22-a47d-8c48425ef4a7",6.68e+11
"Furcifer pardalis (Cuvier, 1829)","Furcifer","pardalis","49.184495","-12.514013","Madagascar",NA,NA,"50c9509d-22c7-4a22-a47d-8c48425ef4a7",6.68e+11
"Furcifer pardalis (Cuvier, 1829)","Furcifer","pardalis","48.290299","-13.276146","Madagascar","Nosy Be",NA,"50c9509d-22c7-4a22-a47d-8c48425ef4a7",298125000
"Furcifer pardalis (Cuvier, 1829)","Furcifer","pardalis","48.299155","-13.26815","Madagascar","Nosy Be",NA,"50c9509d-22c7-4a22-a47d-8c48425ef4a7",298125000
"Furcifer pardalis (Cuvier, 1829)","Furcifer","pardalis","48.325292","-13.391863","Madagascar","Nosy Be",NA,"50c9509d-22c7-4a22-a47d-8c48425ef4a7",298125000
"Furcifer oustaleti (Mocquard, 1894)","Furcifer","oustaleti","45.331007","-22.64436","Madagascar",NA,NA,"50c9509d-22c7-4a22-a47d-8c48425ef4a7",6.68e+11
"Furcifer oustaleti (Mocquard, 1894)","Furcifer","oustaleti","46.84085","-21.85234","Madagascar",NA,NA,"50c9509d-22c7-4a22-a47d-8c48425ef4a7",6.68e+11
"Furcifer oustaleti (Mocquard, 1894)","Furcifer","oustaleti","44.692943","-22.882753","Madagascar",NA,NA,"50c9509d-22c7-4a22-a47d-8c48425ef4a7",6.68e+11
"Furcifer pardalis (Cuvier, 1829)","Furcifer","pardalis","48.052364","-13.530053","Madagascar",NA,NA,"50c9509d-22c7-4a22-a47d-8c48425ef4a7",6.68e+11
"Furcifer pardalis (Cuvier, 1829)","Furcifer","pardalis","49.799961","-14.466636","Madagascar",NA,NA,"50c9509d-22c7-4a22-a47d-8c48425ef4a7",6.68e+11
"Furcifer lateralis (Gray, 1831)","Furcifer","lateralis","46.925088","-22.204099","Madagascar",NA,NA,"50c9509d-22c7-4a22-a47d-8c48425ef4a7",6.68e+11
"Furcifer pardalis (Cuvier, 1829)","Furcifer","pardalis","49.212616","-18.605617","Madagascar",NA,NA,"50c9509d-22c7-4a22-a47d-8c48425ef4a7",6.68e+11
"Furcifer major (Brygoo, 1971)","Furcifer","major","45.320093","-22.478994","Madagascar",NA,NA,"50c9509d-22c7-4a22-a47d-8c48425ef4a7",6.68e+11
"Furcifer rhinoceratus (Gray, 1845)","Furcifer","rhinoceratus","46.876407","-16.24366","Madagascar",NA,NA,"50c9509d-22c7-4a22-a47d-8c48425ef4a7",6.68e+11
"Furcifer oustaleti (Mocquard, 1894)","Furcifer","oustaleti","46.790119","-16.328035","Madagascar",NA,NA,"50c9509d-22c7-4a22-a47d-8c48425ef4a7",6.68e+11
"Furcifer pardalis (Cuvier, 1829)","Furcifer","pardalis","49.701362","-13.167155","Madagascar",NA,NA,"50c9509d-22c7-4a22-a47d-8c48425ef4a7",6.68e+11
"Furcifer pardalis (Cuvier, 1829)","Furcifer","pardalis","49.698675","-13.150224","Madagascar",NA,NA,"50c9509d-22c7-4a22-a47d-8c48425ef4a7",6.68e+11
"Furcifer oustaleti (Mocquard, 1894)","Furcifer","oustaleti","49.24388","-12.449182","Madagascar",NA,NA,"50c9509d-22c7-4a22-a47d-8c48425ef4a7",6.68e+11
"Furcifer oustaleti (Mocquard, 1894)","Furcifer","oustaleti","49.336048","-12.321079","Madagascar",NA,NA,"50c9509d-22c7-4a22-a47d-8c48425ef4a7",6.68e+11
"Furcifer oustaleti (Mocquard, 1894)","Furcifer","oustaleti","49.339449","-12.323855","Madagascar",NA,NA,"50c9509d-22c7-4a22-a47d-8c48425ef4a7",6.68e+11
"Furcifer oustaleti (Mocquard, 1894)","Furcifer","oustaleti","49.201203","-12.882309","Madagascar",NA,NA,"50c9509d-22c7-4a22-a47d-8c48425ef4a7",6.68e+11
"Furcifer balteatus (Duméril & Bibron, 1851)","Furcifer","balteatus","47.518289","-21.303016","Madagascar",NA,NA,"50c9509d-22c7-4a22-a47d-8c48425ef4a7",6.68e+11
"Furcifer oustaleti (Mocquard, 1894)","Furcifer","oustaleti","44.691846","-22.885325","Madagascar",NA,NA,"50c9509d-22c7-4a22-a47d-8c48425ef4a7",6.68e+11
"Furcifer oustaleti (Mocquard, 1894)","Furcifer","oustaleti","46.841232","-21.851339","Madagascar",NA,NA,"50c9509d-22c7-4a22-a47d-8c48425ef4a7",6.68e+11
"Furcifer pardalis (Cuvier, 1829)","Furcifer","pardalis","49.816452","-14.46668","Madagascar",NA,NA,"50c9509d-22c7-4a22-a47d-8c48425ef4a7",6.68e+11
"Furcifer balteatus (Duméril & Bibron, 1851)","Furcifer","balteatus","47.574893","-21.355802","Madagascar",NA,NA,"50c9509d-22c7-4a22-a47d-8c48425ef4a7",6.68e+11
"Furcifer lateralis (Gray, 1831)","Furcifer","lateralis","47.240127","-21.288182","Madagascar",NA,NA,"50c9509d-22c7-4a22-a47d-8c48425ef4a7",6.68e+11
"Furcifer oustaleti (Mocquard, 1894)","Furcifer","oustaleti","47.531424","-18.925182","Madagascar",NA,NA,"50c9509d-22c7-4a22-a47d-8c48425ef4a7",6.68e+11
"Furcifer pardalis (Cuvier, 1829)","Furcifer","pardalis","49.212783","-18.60544","Madagascar",NA,NA,"50c9509d-22c7-4a22-a47d-8c48425ef4a7",6.68e+11
"Furcifer oustaleti (Mocquard, 1894)","Furcifer","oustaleti","49.70253","-13.148472","Madagascar",NA,NA,"50c9509d-22c7-4a22-a47d-8c48425ef4a7",6.68e+11
"Furcifer pardalis (Cuvier, 1829)","Furcifer","pardalis","49.704572","-13.1481","Madagascar",NA,NA,"50c9509d-22c7-4a22-a47d-8c48425ef4a7",6.68e+11
"Furcifer pardalis (Cuvier, 1829)","Furcifer","pardalis","49.703736","-13.148538","Madagascar",NA,NA,"50c9509d-22c7-4a22-a47d-8c48425ef4a7",6.68e+11
"Furcifer pardalis (Cuvier, 1829)","Furcifer","pardalis","49.404644","-13.058365","Madagascar",NA,NA,"50c9509d-22c7-4a22-a47d-8c48425ef4a7",6.68e+11
"Furcifer pardalis (Cuvier, 1829)","Furcifer","pardalis","49.244478","-12.445636","Madagascar",NA,NA,"50c9509d-22c7-4a22-a47d-8c48425ef4a7",6.68e+11
"Furcifer petteri (Brygoo & Domergue, 1966)","Furcifer","petteri","49.287145","-12.484893","Madagascar",NA,NA,"50c9509d-22c7-4a22-a47d-8c48425ef4a7",6.68e+11
"Furcifer oustaleti (Mocquard, 1894)","Furcifer","oustaleti","44.596572","-20.064611","Madagascar",NA,NA,"50c9509d-22c7-4a22-a47d-8c48425ef4a7",6.68e+11
"Furcifer oustaleti (Mocquard, 1894)","Furcifer","oustaleti","44.66718","-20.064723","Madagascar",NA,NA,"50c9509d-22c7-4a22-a47d-8c48425ef4a7",6.68e+11
"Furcifer oustaleti (Mocquard, 1894)","Furcifer","oustaleti","44.538907","-19.712898","Madagascar",NA,NA,"50c9509d-22c7-4a22-a47d-8c48425ef4a7",6.68e+11
"Furcifer oustaleti (Mocquard, 1894)","Furcifer","oustaleti","44.538823","-19.712589","Madagascar",NA,NA,"50c9509d-22c7-4a22-a47d-8c48425ef4a7",6.68e+11
"Furcifer oustaleti (Mocquard, 1894)","Furcifer","oustaleti","46.857614","-21.853661","Madagascar",NA,NA,"50c9509d-22c7-4a22-a47d-8c48425ef4a7",6.68e+11
"Furcifer oustaleti (Mocquard, 1894)","Furcifer","oustaleti","46.857614","-21.853661","Madagascar",NA,NA,"50c9509d-22c7-4a22-a47d-8c48425ef4a7",6.68e+11
"Furcifer oustaleti (Mocquard, 1894)","Furcifer","oustaleti","47.038718","-19.861643","Madagascar",NA,NA,"50c9509d-22c7-4a22-a47d-8c48425ef4a7",6.68e+11
"Furcifer oustaleti (Mocquard, 1894)","Furcifer","oustaleti","45.248516","-19.746248","Madagascar",NA,NA,"50c9509d-22c7-4a22-a47d-8c48425ef4a7",6.68e+11
"Furcifer viridis Florio, Ingram, Rakotondravony, Louis Jr & Raxworthy, 2012","Furcifer","viridis","44.794848","-19.143128","Madagascar",NA,NA,"50c9509d-22c7-4a22-a47d-8c48425ef4a7",6.68e+11
"Furcifer oustaleti (Mocquard, 1894)","Furcifer","oustaleti","44.794893","-19.14324","Madagascar",NA,NA,"50c9509d-22c7-4a22-a47d-8c48425ef4a7",6.68e+11
"Furcifer oustaleti (Mocquard, 1894)","Furcifer","oustaleti","46.841902","-21.850931","Madagascar",NA,NA,"50c9509d-22c7-4a22-a47d-8c48425ef4a7",6.68e+11
"Furcifer oustaleti (Mocquard, 1894)","Furcifer","oustaleti","46.842446","-21.85142","Madagascar",NA,NA,"50c9509d-22c7-4a22-a47d-8c48425ef4a7",6.68e+11
"Furcifer oustaleti (Mocquard, 1894)","Furcifer","oustaleti","46.841848","-21.851114","Madagascar",NA,NA,"50c9509d-22c7-4a22-a47d-8c48425ef4a7",6.68e+11
"Furcifer lateralis (Gray, 1831)","Furcifer","lateralis","46.681058","-22.563202","Madagascar",NA,NA,"50c9509d-22c7-4a22-a47d-8c48425ef4a7",6.68e+11
"Furcifer verrucosus Cuvier, 1829","Furcifer","verrucosus","43.755913","-23.416137","Madagascar",NA,NA,"50c9509d-22c7-4a22-a47d-8c48425ef4a7",6.68e+11
"Furcifer verrucosus Cuvier, 1829","Furcifer","verrucosus","43.756304","-23.414726","Madagascar",NA,NA,"50c9509d-22c7-4a22-a47d-8c48425ef4a7",6.68e+11
"Furcifer antimena (Grandidier, 1872)","Furcifer","antimena","43.766265","-23.197365","Madagascar",NA,NA,"50c9509d-22c7-4a22-a47d-8c48425ef4a7",6.68e+11
"Furcifer verrucosus Cuvier, 1829","Furcifer","verrucosus","43.623617","-23.122148","Madagascar",NA,NA,"50c9509d-22c7-4a22-a47d-8c48425ef4a7",6.68e+11
"Furcifer oustaleti (Mocquard, 1894)","Furcifer","oustaleti","45.410166","-22.567626","Madagascar",NA,NA,"50c9509d-22c7-4a22-a47d-8c48425ef4a7",6.68e+11
"Furcifer oustaleti (Mocquard, 1894)","Furcifer","oustaleti","44.693002","-22.885002","Madagascar",NA,NA,"50c9509d-22c7-4a22-a47d-8c48425ef4a7",6.68e+11
"Furcifer oustaleti (Mocquard, 1894)","Furcifer","oustaleti","45.41008","-22.567604","Madagascar",NA,NA,"50c9509d-22c7-4a22-a47d-8c48425ef4a7",6.68e+11
"Furcifer oustaleti (Mocquard, 1894)","Furcifer","oustaleti","46.844418","-21.856861","Madagascar",NA,NA,"50c9509d-22c7-4a22-a47d-8c48425ef4a7",6.68e+11
"Furcifer oustaleti (Mocquard, 1894)","Furcifer","oustaleti","46.844149","-21.857693","Madagascar",NA,NA,"50c9509d-22c7-4a22-a47d-8c48425ef4a7",6.68e+11
"Furcifer oustaleti (Mocquard, 1894)","Furcifer","oustaleti","46.844147","-21.85632","Madagascar",NA,NA,"50c9509d-22c7-4a22-a47d-8c48425ef4a7",6.68e+11
"Furcifer oustaleti (Mocquard, 1894)","Furcifer","oustaleti","46.838695","-21.849635","Madagascar",NA,NA,"50c9509d-22c7-4a22-a47d-8c48425ef4a7",6.68e+11
"Furcifer oustaleti (Mocquard, 1894)","Furcifer","oustaleti","44.776852","-19.030256","Madagascar",NA,NA,"50c9509d-22c7-4a22-a47d-8c48425ef4a7",6.68e+11
"Furcifer oustaleti (Mocquard, 1894)","Furcifer","oustaleti","45.380133","-22.539152","Madagascar",NA,NA,"50c9509d-22c7-4a22-a47d-8c48425ef4a7",6.68e+11
"Furcifer pardalis (Cuvier, 1829)","Furcifer","pardalis","49.96543","-15.711529","Madagascar",NA,NA,"50c9509d-22c7-4a22-a47d-8c48425ef4a7",6.68e+11
"Furcifer lateralis (Gray, 1831)","Furcifer","lateralis","47.51806","-18.909783","Madagascar",NA,NA,"50c9509d-22c7-4a22-a47d-8c48425ef4a7",6.68e+11
"Furcifer oustaleti (Mocquard, 1894)","Furcifer","oustaleti","47.374986","-17.129393","Madagascar",NA,NA,"50c9509d-22c7-4a22-a47d-8c48425ef4a7",6.68e+11
"Furcifer oustaleti (Mocquard, 1894)","Furcifer","oustaleti","46.941659","-16.2233","Madagascar",NA,NA,"50c9509d-22c7-4a22-a47d-8c48425ef4a7",6.68e+11
"Furcifer lateralis (Gray, 1831)","Furcifer","lateralis","47.399511","-19.947211","Madagascar",NA,NA,"50c9509d-22c7-4a22-a47d-8c48425ef4a7",6.68e+11
"Furcifer willsii (Günther, 1890)","Furcifer","willsii","47.67903","-20.301012","Madagascar",NA,NA,"50c9509d-22c7-4a22-a47d-8c48425ef4a7",6.68e+11
"Furcifer verrucosus Cuvier, 1829","Furcifer","verrucosus","43.635654","-23.118267","Madagascar",NA,NA,"50c9509d-22c7-4a22-a47d-8c48425ef4a7",6.68e+11
"Furcifer verrucosus Cuvier, 1829","Furcifer","verrucosus","43.635654","-23.118267","Madagascar",NA,NA,"50c9509d-22c7-4a22-a47d-8c48425ef4a7",6.68e+11
"Furcifer oustaleti (Mocquard, 1894)","Furcifer","oustaleti","47.517965","-18.867623","Madagascar",NA,NA,"50c9509d-22c7-4a22-a47d-8c48425ef4a7",6.68e+11
"Furcifer oustaleti (Mocquard, 1894)","Furcifer","oustaleti","47.359187","-18.9553","Madagascar",NA,NA,"50c9509d-22c7-4a22-a47d-8c48425ef4a7",6.68e+11
"Furcifer oustaleti (Mocquard, 1894)","Furcifer","oustaleti","47.358068","-18.95469","Madagascar",NA,NA,"50c9509d-22c7-4a22-a47d-8c48425ef4a7",6.68e+11
"Furcifer oustaleti (Mocquard, 1894)","Furcifer","oustaleti","44.799831","-19.142198","Madagascar",NA,NA,"50c9509d-22c7-4a22-a47d-8c48425ef4a7",6.68e+11
"Furcifer oustaleti (Mocquard, 1894)","Furcifer","oustaleti","46.840894","-21.850136","Madagascar",NA,NA,"50c9509d-22c7-4a22-a47d-8c48425ef4a7",6.68e+11
"Furcifer oustaleti (Mocquard, 1894)","Furcifer","oustaleti","46.843879","-21.851022","Madagascar",NA,NA,"50c9509d-22c7-4a22-a47d-8c48425ef4a7",6.68e+11
"Furcifer pardalis (Cuvier, 1829)","Furcifer","pardalis","48.321618","-13.409998","Madagascar","Nosy Be",NA,"50c9509d-22c7-4a22-a47d-8c48425ef4a7",298125000
"Furcifer pardalis (Cuvier, 1829)","Furcifer","pardalis","48.321618","-13.409998","Madagascar","Nosy Be",NA,"50c9509d-22c7-4a22-a47d-8c48425ef4a7",298125000
"Furcifer oustaleti (Mocquard, 1894)","Furcifer","oustaleti","48.972125","-18.902958","Madagascar",NA,NA,"50c9509d-22c7-4a22-a47d-8c48425ef4a7",6.68e+11
"Furcifer oustaleti (Mocquard, 1894)","Furcifer","oustaleti","46.776776","-22.081179","Madagascar",NA,NA,"50c9509d-22c7-4a22-a47d-8c48425ef4a7",6.68e+11
"Furcifer pardalis (Cuvier, 1829)","Furcifer","pardalis","48.341288","-13.389608","Madagascar","Nosy Be",NA,"50c9509d-22c7-4a22-a47d-8c48425ef4a7",298125000
"Furcifer pardalis (Cuvier, 1829)","Furcifer","pardalis","49.134723","-12.932544","Madagascar",NA,NA,"50c9509d-22c7-4a22-a47d-8c48425ef4a7",6.68e+11
"Furcifer pardalis (Cuvier, 1829)","Furcifer","pardalis","49.124693","-12.941404","Madagascar",NA,NA,"50c9509d-22c7-4a22-a47d-8c48425ef4a7",6.68e+11
"Furcifer pardalis (Cuvier, 1829)","Furcifer","pardalis","48.334438","-13.411198","Madagascar","Nosy Be",NA,"50c9509d-22c7-4a22-a47d-8c48425ef4a7",298125000
"Furcifer oustaleti (Mocquard, 1894)","Furcifer","oustaleti","44.692797","-22.88469","Madagascar",NA,NA,"50c9509d-22c7-4a22-a47d-8c48425ef4a7",6.68e+11
"Furcifer oustaleti (Mocquard, 1894)","Furcifer","oustaleti","45.384724","-22.5621","Madagascar",NA,NA,"50c9509d-22c7-4a22-a47d-8c48425ef4a7",6.68e+11
"Furcifer verrucosus Cuvier, 1829","Furcifer","verrucosus","46.21653","-24.9249","Madagascar",NA,NA,"50c9509d-22c7-4a22-a47d-8c48425ef4a7",6.68e+11
"Furcifer viridis Florio, Ingram, Rakotondravony, Louis Jr & Raxworthy, 2012","Furcifer","viridis","44.573945","-20.338562","Madagascar",NA,NA,"50c9509d-22c7-4a22-a47d-8c48425ef4a7",6.68e+11
"Furcifer oustaleti (Mocquard, 1894)","Furcifer","oustaleti","44.574146","-20.338161","Madagascar",NA,NA,"50c9509d-22c7-4a22-a47d-8c48425ef4a7",6.68e+11
"Furcifer oustaleti (Mocquard, 1894)","Furcifer","oustaleti","44.574491","-20.337134","Madagascar",NA,NA,"50c9509d-22c7-4a22-a47d-8c48425ef4a7",6.68e+11
"Furcifer oustaleti (Mocquard, 1894)","Furcifer","oustaleti","46.975097","-19.871052","Madagascar",NA,NA,"50c9509d-22c7-4a22-a47d-8c48425ef4a7",6.68e+11
"Furcifer oustaleti (Mocquard, 1894)","Furcifer","oustaleti","44.694763","-22.885308","Madagascar",NA,NA,"50c9509d-22c7-4a22-a47d-8c48425ef4a7",6.68e+11
"Furcifer oustaleti (Mocquard, 1894)","Furcifer","oustaleti","46.94995","-21.818063","Madagascar",NA,NA,"50c9509d-22c7-4a22-a47d-8c48425ef4a7",6.68e+11
"Furcifer oustaleti (Mocquard, 1894)","Furcifer","oustaleti","46.84083","-21.852148","Madagascar",NA,NA,"50c9509d-22c7-4a22-a47d-8c48425ef4a7",6.68e+11
"Furcifer oustaleti (Mocquard, 1894)","Furcifer","oustaleti","46.840902","-21.85216","Madagascar",NA,NA,"50c9509d-22c7-4a22-a47d-8c48425ef4a7",6.68e+11
"Furcifer oustaleti (Mocquard, 1894)","Furcifer","oustaleti","46.18298","-22.379527","Madagascar",NA,NA,"50c9509d-22c7-4a22-a47d-8c48425ef4a7",6.68e+11
"Furcifer major (Brygoo, 1971)","Furcifer","major","45.387215","-22.541265","Madagascar",NA,NA,"50c9509d-22c7-4a22-a47d-8c48425ef4a7",6.68e+11
"Furcifer major (Brygoo, 1971)","Furcifer","major","45.385653","-22.540687","Madagascar",NA,NA,"50c9509d-22c7-4a22-a47d-8c48425ef4a7",6.68e+11
"Furcifer oustaleti (Mocquard, 1894)","Furcifer","oustaleti","45.382372","-22.53965","Madagascar",NA,NA,"50c9509d-22c7-4a22-a47d-8c48425ef4a7",6.68e+11
"Furcifer verrucosus Cuvier, 1829","Furcifer","verrucosus","43.623231","-23.122996","Madagascar",NA,NA,"50c9509d-22c7-4a22-a47d-8c48425ef4a7",6.68e+11
"Furcifer antimena (Grandidier, 1872)","Furcifer","antimena","43.674819","-23.044617","Madagascar",NA,NA,"50c9509d-22c7-4a22-a47d-8c48425ef4a7",6.68e+11
"Furcifer oustaleti (Mocquard, 1894)","Furcifer","oustaleti","44.691838","-22.884768","Madagascar",NA,NA,"50c9509d-22c7-4a22-a47d-8c48425ef4a7",6.68e+11
"Furcifer oustaleti (Mocquard, 1894)","Furcifer","oustaleti","45.414165","-22.55735","Madagascar",NA,NA,"50c9509d-22c7-4a22-a47d-8c48425ef4a7",6.68e+11
"Furcifer oustaleti (Mocquard, 1894)","Furcifer","oustaleti","46.842674","-21.854483","Madagascar",NA,NA,"50c9509d-22c7-4a22-a47d-8c48425ef4a7",6.68e+11
"Furcifer oustaleti (Mocquard, 1894)","Furcifer","oustaleti","44.777397","-19.02306","Madagascar",NA,NA,"50c9509d-22c7-4a22-a47d-8c48425ef4a7",6.68e+11
"Furcifer oustaleti (Mocquard, 1894)","Furcifer","oustaleti","47.562411","-18.760489","Madagascar",NA,NA,"50c9509d-22c7-4a22-a47d-8c48425ef4a7",6.68e+11
"Furcifer oustaleti (Mocquard, 1894)","Furcifer","oustaleti","46.825923","-16.324261","Madagascar",NA,NA,"50c9509d-22c7-4a22-a47d-8c48425ef4a7",6.68e+11
"Furcifer balteatus (Duméril & Bibron, 1851)","Furcifer","balteatus","47.455795","-21.261311","Madagascar",NA,NA,"8a863029-f435-446a-821e-275f4f641165",6.68e+11
"Furcifer balteatus (Duméril & Bibron, 1851)","Furcifer","balteatus","47.456233","-21.261323","Madagascar",NA,NA,"8a863029-f435-446a-821e-275f4f641165",6.68e+11
"Furcifer oustaleti (Mocquard, 1894)","Furcifer","oustaleti","47.949772","-18.93162","Madagascar",NA,NA,"6ac3f774-d9fb-4796-b3e9-92bf6c81c084",6.68e+11
"Furcifer pardalis (Cuvier, 1829)","Furcifer","pardalis","47.949772","-18.93162","Madagascar",NA,NA,"6ac3f774-d9fb-4796-b3e9-92bf6c81c084",6.68e+11
"Furcifer Fitzinger, 1843","Furcifer",NA,"47.949772","-18.93162","Madagascar",NA,NA,"6ac3f774-d9fb-4796-b3e9-92bf6c81c084",6.68e+11
"Furcifer oustaleti (Mocquard, 1894)","Furcifer","oustaleti","43.755939","-23.414322","Madagascar",NA,NA,"6ac3f774-d9fb-4796-b3e9-92bf6c81c084",6.68e+11
"Furcifer pardalis (Cuvier, 1829)","Furcifer","pardalis","49.356686","-18.059195","Madagascar",NA,NA,"6ac3f774-d9fb-4796-b3e9-92bf6c81c084",6.68e+11
"Furcifer oustaleti (Mocquard, 1894)","Furcifer","oustaleti","49.356686","-18.059195","Madagascar",NA,NA,"6ac3f774-d9fb-4796-b3e9-92bf6c81c084",6.68e+11
"Furcifer oustaleti (Mocquard, 1894)","Furcifer","oustaleti","47.454489","-18.842719","Madagascar",NA,NA,"50c9509d-22c7-4a22-a47d-8c48425ef4a7",6.68e+11
"Furcifer oustaleti (Mocquard, 1894)","Furcifer","oustaleti","44.728882","-20.139524","Madagascar",NA,NA,"50c9509d-22c7-4a22-a47d-8c48425ef4a7",6.68e+11
"Furcifer oustaleti (Mocquard, 1894)","Furcifer","oustaleti","45.382496","-22.48533","Madagascar",NA,NA,"50c9509d-22c7-4a22-a47d-8c48425ef4a7",6.68e+11
"Furcifer oustaleti (Mocquard, 1894)","Furcifer","oustaleti","45.370494","-22.533965","Madagascar",NA,NA,"50c9509d-22c7-4a22-a47d-8c48425ef4a7",6.68e+11
"Furcifer major (Brygoo, 1971)","Furcifer","major","45.375964","-22.537719","Madagascar",NA,NA,"50c9509d-22c7-4a22-a47d-8c48425ef4a7",6.68e+11
"Furcifer oustaleti (Mocquard, 1894)","Furcifer","oustaleti","47.535741","-18.858626","Madagascar",NA,NA,"50c9509d-22c7-4a22-a47d-8c48425ef4a7",6.68e+11
"Furcifer oustaleti (Mocquard, 1894)","Furcifer","oustaleti","47.535518","-18.858623","Madagascar",NA,NA,"50c9509d-22c7-4a22-a47d-8c48425ef4a7",6.68e+11
"Furcifer oustaleti (Mocquard, 1894)","Furcifer","oustaleti","46.80798","-16.300539","Madagascar",NA,NA,"50c9509d-22c7-4a22-a47d-8c48425ef4a7",6.68e+11
"Furcifer rhinoceratus (Gray, 1845)","Furcifer","rhinoceratus","46.984654","-16.213505","Madagascar",NA,NA,"50c9509d-22c7-4a22-a47d-8c48425ef4a7",6.68e+11
"Furcifer oustaleti (Mocquard, 1894)","Furcifer","oustaleti","48.227462","-14.850841","Madagascar",NA,NA,"50c9509d-22c7-4a22-a47d-8c48425ef4a7",6.68e+11
"Furcifer oustaleti (Mocquard, 1894)","Furcifer","oustaleti","46.81752","-16.312021","Madagascar",NA,NA,"50c9509d-22c7-4a22-a47d-8c48425ef4a7",6.68e+11
"Furcifer pardalis (Cuvier, 1829)","Furcifer","pardalis","48.335554","-13.412883","Madagascar","Nosy Be",NA,"50c9509d-22c7-4a22-a47d-8c48425ef4a7",298125000
"Furcifer rhinoceratus (Gray, 1845)","Furcifer","rhinoceratus","46.843068","-16.302464","Madagascar",NA,NA,"50c9509d-22c7-4a22-a47d-8c48425ef4a7",6.68e+11
"Furcifer oustaleti (Mocquard, 1894)","Furcifer","oustaleti","46.809758","-16.316018","Madagascar",NA,NA,"50c9509d-22c7-4a22-a47d-8c48425ef4a7",6.68e+11
"Furcifer oustaleti (Mocquard, 1894)","Furcifer","oustaleti","46.826016","-16.323541","Madagascar",NA,NA,"50c9509d-22c7-4a22-a47d-8c48425ef4a7",6.68e+11
"Furcifer oustaleti (Mocquard, 1894)","Furcifer","oustaleti","46.825949","-16.322311","Madagascar",NA,NA,"50c9509d-22c7-4a22-a47d-8c48425ef4a7",6.68e+11
"Furcifer oustaleti (Mocquard, 1894)","Furcifer","oustaleti","46.822784","-16.31692","Madagascar",NA,NA,"50c9509d-22c7-4a22-a47d-8c48425ef4a7",6.68e+11
"Furcifer oustaleti (Mocquard, 1894)","Furcifer","oustaleti","45.384512","-22.562525","Madagascar",NA,NA,"50c9509d-22c7-4a22-a47d-8c48425ef4a7",6.68e+11
"Furcifer pardalis (Cuvier, 1829)","Furcifer","pardalis","49.212413","-18.60549","Madagascar",NA,NA,"50c9509d-22c7-4a22-a47d-8c48425ef4a7",6.68e+11
"Furcifer pardalis (Cuvier, 1829)","Furcifer","pardalis","48.345378","-13.38458","Madagascar","Nosy Be",NA,"50c9509d-22c7-4a22-a47d-8c48425ef4a7",298125000
"Furcifer pardalis (Cuvier, 1829)","Furcifer","pardalis","48.340918","-13.389419","Madagascar","Nosy Be",NA,"50c9509d-22c7-4a22-a47d-8c48425ef4a7",298125000
"Furcifer pardalis (Cuvier, 1829)","Furcifer","pardalis","48.340918","-13.389419","Madagascar","Nosy Be",NA,"50c9509d-22c7-4a22-a47d-8c48425ef4a7",298125000
"Furcifer pardalis (Cuvier, 1829)","Furcifer","pardalis","48.3442","-13.391022","Madagascar","Nosy Be",NA,"50c9509d-22c7-4a22-a47d-8c48425ef4a7",298125000
"Furcifer oustaleti (Mocquard, 1894)","Furcifer","oustaleti","44.765151","-22.943731","Madagascar",NA,NA,"50c9509d-22c7-4a22-a47d-8c48425ef4a7",6.68e+11
"Furcifer oustaleti (Mocquard, 1894)","Furcifer","oustaleti","46.84187","-21.85362","Madagascar",NA,NA,"50c9509d-22c7-4a22-a47d-8c48425ef4a7",6.68e+11
"Furcifer oustaleti (Mocquard, 1894)","Furcifer","oustaleti","46.815237","-16.314466","Madagascar",NA,NA,"50c9509d-22c7-4a22-a47d-8c48425ef4a7",6.68e+11
"Furcifer oustaleti (Mocquard, 1894)","Furcifer","oustaleti","47.358224","-18.953245","Madagascar",NA,NA,"50c9509d-22c7-4a22-a47d-8c48425ef4a7",6.68e+11
"Furcifer oustaleti (Mocquard, 1894)","Furcifer","oustaleti","44.767381","-20.070339","Madagascar",NA,NA,"50c9509d-22c7-4a22-a47d-8c48425ef4a7",6.68e+11
"Furcifer viridis Florio, Ingram, Rakotondravony, Louis Jr & Raxworthy, 2012","Furcifer","viridis","44.269638","-20.294667","Madagascar",NA,NA,"50c9509d-22c7-4a22-a47d-8c48425ef4a7",6.68e+11
"Furcifer polleni (Peters, 1874)","Furcifer","polleni","45.132683","-12.833013","Mayotte",NA,NA,"50c9509d-22c7-4a22-a47d-8c48425ef4a7",378937500
"Furcifer balteatus (Duméril & Bibron, 1851)","Furcifer","balteatus","47.551102","-21.307165","Madagascar",NA,NA,"50c9509d-22c7-4a22-a47d-8c48425ef4a7",6.68e+11
"Furcifer balteatus (Duméril & Bibron, 1851)","Furcifer","balteatus","47.425348","-21.296507","Madagascar",NA,NA,"50c9509d-22c7-4a22-a47d-8c48425ef4a7",6.68e+11
"Furcifer verrucosus Cuvier, 1829","Furcifer","verrucosus","43.755624","-23.413965","Madagascar",NA,NA,"50c9509d-22c7-4a22-a47d-8c48425ef4a7",6.68e+11
"Furcifer oustaleti (Mocquard, 1894)","Furcifer","oustaleti","49.27438","-12.439645","Madagascar",NA,NA,"50c9509d-22c7-4a22-a47d-8c48425ef4a7",6.68e+11
"Furcifer antimena (Grandidier, 1872)","Furcifer","antimena","43.621054","-23.188798","Madagascar",NA,NA,"50c9509d-22c7-4a22-a47d-8c48425ef4a7",6.68e+11
"Furcifer verrucosus Cuvier, 1829","Furcifer","verrucosus","46.306255","-25.021845","Madagascar",NA,NA,"50c9509d-22c7-4a22-a47d-8c48425ef4a7",6.68e+11
"Furcifer rhinoceratus (Gray, 1845)","Furcifer","rhinoceratus","46.889304","-16.324231","Madagascar",NA,NA,"50c9509d-22c7-4a22-a47d-8c48425ef4a7",6.68e+11
"Furcifer oustaleti (Mocquard, 1894)","Furcifer","oustaleti","46.826447","-16.321452","Madagascar",NA,NA,"50c9509d-22c7-4a22-a47d-8c48425ef4a7",6.68e+11
"Furcifer oustaleti (Mocquard, 1894)","Furcifer","oustaleti","46.816193","-16.312503","Madagascar",NA,NA,"50c9509d-22c7-4a22-a47d-8c48425ef4a7",6.68e+11
"Furcifer oustaleti (Mocquard, 1894)","Furcifer","oustaleti","46.813645","-16.296147","Madagascar",NA,NA,"50c9509d-22c7-4a22-a47d-8c48425ef4a7",6.68e+11
"Furcifer rhinoceratus (Gray, 1845)","Furcifer","rhinoceratus","46.816679","-16.329659","Madagascar",NA,NA,"50c9509d-22c7-4a22-a47d-8c48425ef4a7",6.68e+11
"Furcifer rhinoceratus (Gray, 1845)","Furcifer","rhinoceratus","46.94189","-16.295244","Madagascar",NA,NA,"50c9509d-22c7-4a22-a47d-8c48425ef4a7",6.68e+11
"Furcifer oustaleti (Mocquard, 1894)","Furcifer","oustaleti","48.996167","-18.791753","Madagascar",NA,NA,"50c9509d-22c7-4a22-a47d-8c48425ef4a7",6.68e+11
"Furcifer lateralis (Gray, 1831)","Furcifer","lateralis","47.38768","-21.237767","Madagascar",NA,NA,"50c9509d-22c7-4a22-a47d-8c48425ef4a7",6.68e+11
"Furcifer oustaleti (Mocquard, 1894)","Furcifer","oustaleti","48.181731","-18.923155","Madagascar",NA,NA,"50c9509d-22c7-4a22-a47d-8c48425ef4a7",6.68e+11
"Furcifer pardalis (Cuvier, 1829)","Furcifer","pardalis","48.334485","-13.411528","Madagascar","Nosy Be",NA,"50c9509d-22c7-4a22-a47d-8c48425ef4a7",298125000
"Furcifer oustaleti (Mocquard, 1894)","Furcifer","oustaleti","45.410615","-22.563708","Madagascar",NA,NA,"50c9509d-22c7-4a22-a47d-8c48425ef4a7",6.68e+11
"Furcifer oustaleti (Mocquard, 1894)","Furcifer","oustaleti","46.111234","-22.389153","Madagascar",NA,NA,"50c9509d-22c7-4a22-a47d-8c48425ef4a7",6.68e+11
"Furcifer verrucosus Cuvier, 1829","Furcifer","verrucosus","46.306131","-25.021898","Madagascar",NA,NA,"50c9509d-22c7-4a22-a47d-8c48425ef4a7",6.68e+11
"Furcifer rhinoceratus (Gray, 1845)","Furcifer","rhinoceratus","46.874211","-16.342212","Madagascar",NA,NA,"50c9509d-22c7-4a22-a47d-8c48425ef4a7",6.68e+11
"Furcifer oustaleti (Mocquard, 1894)","Furcifer","oustaleti","46.941659","-16.2233","Madagascar",NA,NA,"50c9509d-22c7-4a22-a47d-8c48425ef4a7",6.68e+11
"Furcifer oustaleti (Mocquard, 1894)","Furcifer","oustaleti","47.357989","-18.952183","Madagascar",NA,NA,"50c9509d-22c7-4a22-a47d-8c48425ef4a7",6.68e+11
"Furcifer oustaleti (Mocquard, 1894)","Furcifer","oustaleti","46.812934","-16.319479","Madagascar",NA,NA,"50c9509d-22c7-4a22-a47d-8c48425ef4a7",6.68e+11
"Furcifer rhinoceratus (Gray, 1845)","Furcifer","rhinoceratus","46.820216","-16.211379","Madagascar",NA,NA,"50c9509d-22c7-4a22-a47d-8c48425ef4a7",6.68e+11
"Furcifer verrucosus Cuvier, 1829","Furcifer","verrucosus","46.320273","-25.004952","Madagascar",NA,NA,"50c9509d-22c7-4a22-a47d-8c48425ef4a7",6.68e+11
"Furcifer oustaleti (Mocquard, 1894)","Furcifer","oustaleti","46.841673","-21.852857","Madagascar",NA,NA,"50c9509d-22c7-4a22-a47d-8c48425ef4a7",6.68e+11
"Furcifer rhinoceratus (Gray, 1845)","Furcifer","rhinoceratus","46.920561","-16.222208","Madagascar",NA,NA,"50c9509d-22c7-4a22-a47d-8c48425ef4a7",6.68e+11
"Furcifer rhinoceratus (Gray, 1845)","Furcifer","rhinoceratus","46.84096","-16.379742","Madagascar",NA,NA,"50c9509d-22c7-4a22-a47d-8c48425ef4a7",6.68e+11
"Furcifer pardalis (Cuvier, 1829)","Furcifer","pardalis","48.33429","-13.410535","Madagascar","Nosy Be",NA,"50c9509d-22c7-4a22-a47d-8c48425ef4a7",298125000
"Furcifer oustaleti (Mocquard, 1894)","Furcifer","oustaleti","47.459028","-18.623603","Madagascar",NA,NA,"50c9509d-22c7-4a22-a47d-8c48425ef4a7",6.68e+11
"Furcifer oustaleti (Mocquard, 1894)","Furcifer","oustaleti","47.597276","-18.780548","Madagascar",NA,NA,"50c9509d-22c7-4a22-a47d-8c48425ef4a7",6.68e+11
"Furcifer oustaleti (Mocquard, 1894)","Furcifer","oustaleti","47.434512","-18.932324","Madagascar",NA,NA,"50c9509d-22c7-4a22-a47d-8c48425ef4a7",6.68e+11
"Furcifer lateralis (Gray, 1831)","Furcifer","lateralis","47.170833","-20.332271","Madagascar",NA,NA,"50c9509d-22c7-4a22-a47d-8c48425ef4a7",6.68e+11
"Furcifer minor (Günther, 1879)","Furcifer","minor","47.000804","-20.283234","Madagascar",NA,NA,"50c9509d-22c7-4a22-a47d-8c48425ef4a7",6.68e+11
"Furcifer balteatus (Duméril & Bibron, 1851)","Furcifer","balteatus","47.462529","-21.305592","Madagascar",NA,NA,"50c9509d-22c7-4a22-a47d-8c48425ef4a7",6.68e+11
"Furcifer oustaleti (Mocquard, 1894)","Furcifer","oustaleti","47.053971","-21.520508","Madagascar",NA,NA,"50c9509d-22c7-4a22-a47d-8c48425ef4a7",6.68e+11
"Furcifer oustaleti (Mocquard, 1894)","Furcifer","oustaleti","47.155295","-21.54193","Madagascar",NA,NA,"50c9509d-22c7-4a22-a47d-8c48425ef4a7",6.68e+11
"Furcifer oustaleti (Mocquard, 1894)","Furcifer","oustaleti","47.041344","-21.482871","Madagascar",NA,NA,"50c9509d-22c7-4a22-a47d-8c48425ef4a7",6.68e+11
"Furcifer oustaleti (Mocquard, 1894)","Furcifer","oustaleti","46.918629","-21.906837","Madagascar",NA,NA,"50c9509d-22c7-4a22-a47d-8c48425ef4a7",6.68e+11
"Furcifer oustaleti (Mocquard, 1894)","Furcifer","oustaleti","46.971809","-21.844713","Madagascar",NA,NA,"50c9509d-22c7-4a22-a47d-8c48425ef4a7",6.68e+11
"Furcifer lateralis (Gray, 1831)","Furcifer","lateralis","46.828995","-21.880212","Madagascar",NA,NA,"50c9509d-22c7-4a22-a47d-8c48425ef4a7",6.68e+11
"Furcifer oustaleti (Mocquard, 1894)","Furcifer","oustaleti","46.958665","-21.871918","Madagascar",NA,NA,"50c9509d-22c7-4a22-a47d-8c48425ef4a7",6.68e+11
"Furcifer oustaleti (Mocquard, 1894)","Furcifer","oustaleti","46.852819","-21.863324","Madagascar",NA,NA,"50c9509d-22c7-4a22-a47d-8c48425ef4a7",6.68e+11
"Furcifer lateralis (Gray, 1831)","Furcifer","lateralis","47.80756","-18.746602","Madagascar",NA,NA,"50c9509d-22c7-4a22-a47d-8c48425ef4a7",6.68e+11
"Furcifer lateralis (Gray, 1831)","Furcifer","lateralis","47.945457","-18.667353","Madagascar",NA,NA,"50c9509d-22c7-4a22-a47d-8c48425ef4a7",6.68e+11
"Furcifer willsii (Günther, 1890)","Furcifer","willsii","48.48307","-18.846687","Madagascar",NA,NA,"50c9509d-22c7-4a22-a47d-8c48425ef4a7",6.68e+11
"Furcifer balteatus (Duméril & Bibron, 1851)","Furcifer","balteatus","47.463391","-21.312239","Madagascar",NA,NA,"50c9509d-22c7-4a22-a47d-8c48425ef4a7",6.68e+11
"Furcifer pardalis (Cuvier, 1829)","Furcifer","pardalis","49.061814","-18.735151","Madagascar",NA,NA,"50c9509d-22c7-4a22-a47d-8c48425ef4a7",6.68e+11
"Furcifer pardalis (Cuvier, 1829)","Furcifer","pardalis","49.217699","-18.686755","Madagascar",NA,NA,"50c9509d-22c7-4a22-a47d-8c48425ef4a7",6.68e+11
"Furcifer pardalis (Cuvier, 1829)","Furcifer","pardalis","48.341157","-13.397108","Madagascar","Nosy Be",NA,"50c9509d-22c7-4a22-a47d-8c48425ef4a7",298125000
"Furcifer pardalis (Cuvier, 1829)","Furcifer","pardalis","48.341435","-13.391255","Madagascar","Nosy Be",NA,"50c9509d-22c7-4a22-a47d-8c48425ef4a7",298125000
"Furcifer oustaleti (Mocquard, 1894)","Furcifer","oustaleti","47.357803","-18.95212","Madagascar",NA,NA,"50c9509d-22c7-4a22-a47d-8c48425ef4a7",6.68e+11
"Furcifer campani (Grandidier, 1872)","Furcifer","campani","46.910541","-22.075181","Madagascar",NA,NA,"50c9509d-22c7-4a22-a47d-8c48425ef4a7",6.68e+11
"Furcifer rhinoceratus (Gray, 1845)","Furcifer","rhinoceratus","46.951994","-16.257779","Madagascar",NA,NA,"50c9509d-22c7-4a22-a47d-8c48425ef4a7",6.68e+11
"Furcifer oustaleti (Mocquard, 1894)","Furcifer","oustaleti","46.81855","-16.31479","Madagascar",NA,NA,"50c9509d-22c7-4a22-a47d-8c48425ef4a7",6.68e+11
"Furcifer oustaleti (Mocquard, 1894)","Furcifer","oustaleti","46.81189","-16.301664","Madagascar",NA,NA,"50c9509d-22c7-4a22-a47d-8c48425ef4a7",6.68e+11
"Furcifer balteatus (Duméril & Bibron, 1851)","Furcifer","balteatus","47.51805","-21.213302","Madagascar",NA,NA,"50c9509d-22c7-4a22-a47d-8c48425ef4a7",6.68e+11
"Furcifer balteatus (Duméril & Bibron, 1851)","Furcifer","balteatus","47.440854","-21.367135","Madagascar",NA,NA,"50c9509d-22c7-4a22-a47d-8c48425ef4a7",6.68e+11
"Furcifer minor (Günther, 1879)","Furcifer","minor","47.028349","-20.249142","Madagascar",NA,NA,"50c9509d-22c7-4a22-a47d-8c48425ef4a7",6.68e+11
"Furcifer minor (Günther, 1879)","Furcifer","minor","47.162545","-20.38028","Madagascar",NA,NA,"50c9509d-22c7-4a22-a47d-8c48425ef4a7",6.68e+11
"Furcifer lateralis (Gray, 1831)","Furcifer","lateralis","47.292389","-20.514513","Madagascar",NA,NA,"50c9509d-22c7-4a22-a47d-8c48425ef4a7",6.68e+11
"Furcifer oustaleti (Mocquard, 1894)","Furcifer","oustaleti","47.512294","-19.159347","Madagascar",NA,NA,"50c9509d-22c7-4a22-a47d-8c48425ef4a7",6.68e+11
"Furcifer oustaleti (Mocquard, 1894)","Furcifer","oustaleti","47.511375","-19.159356","Madagascar",NA,NA,"50c9509d-22c7-4a22-a47d-8c48425ef4a7",6.68e+11
"Furcifer willsii (Günther, 1890)","Furcifer","willsii","47.245975","-20.536263","Madagascar",NA,NA,"50c9509d-22c7-4a22-a47d-8c48425ef4a7",6.68e+11
"Furcifer oustaleti (Mocquard, 1894)","Furcifer","oustaleti","46.815242","-16.306031","Madagascar",NA,NA,"50c9509d-22c7-4a22-a47d-8c48425ef4a7",6.68e+11
"Furcifer oustaleti (Mocquard, 1894)","Furcifer","oustaleti","46.76855","-16.239128","Madagascar",NA,NA,"50c9509d-22c7-4a22-a47d-8c48425ef4a7",6.68e+11
"Furcifer rhinoceratus (Gray, 1845)","Furcifer","rhinoceratus","46.878572","-16.338979","Madagascar",NA,NA,"50c9509d-22c7-4a22-a47d-8c48425ef4a7",6.68e+11
"Furcifer campani (Grandidier, 1872)","Furcifer","campani","46.961169","-22.03017","Madagascar",NA,NA,"50c9509d-22c7-4a22-a47d-8c48425ef4a7",6.68e+11
"Furcifer campani (Grandidier, 1872)","Furcifer","campani","46.99292","-22.231213","Madagascar",NA,NA,"50c9509d-22c7-4a22-a47d-8c48425ef4a7",6.68e+11
"Furcifer campani (Grandidier, 1872)","Furcifer","campani","46.898844","-22.135717","Madagascar",NA,NA,"50c9509d-22c7-4a22-a47d-8c48425ef4a7",6.68e+11
"Furcifer oustaleti (Mocquard, 1894)","Furcifer","oustaleti","46.84418","-21.854159","Madagascar",NA,NA,"50c9509d-22c7-4a22-a47d-8c48425ef4a7",6.68e+11
"Furcifer major (Brygoo, 1971)","Furcifer","major","45.24308","-22.467867","Madagascar",NA,NA,"50c9509d-22c7-4a22-a47d-8c48425ef4a7",6.68e+11
"Furcifer oustaleti (Mocquard, 1894)","Furcifer","oustaleti","46.841872","-21.851648","Madagascar",NA,NA,"50c9509d-22c7-4a22-a47d-8c48425ef4a7",6.68e+11
"Furcifer oustaleti (Mocquard, 1894)","Furcifer","oustaleti","44.788229","-19.141732","Madagascar",NA,NA,"50c9509d-22c7-4a22-a47d-8c48425ef4a7",6.68e+11
"Furcifer oustaleti (Mocquard, 1894)","Furcifer","oustaleti","44.794716","-19.13852","Madagascar",NA,NA,"50c9509d-22c7-4a22-a47d-8c48425ef4a7",6.68e+11
"Furcifer oustaleti (Mocquard, 1894)","Furcifer","oustaleti","46.96491","-16.259932","Madagascar",NA,NA,"50c9509d-22c7-4a22-a47d-8c48425ef4a7",6.68e+11
"Furcifer pardalis (Cuvier, 1829)","Furcifer","pardalis","48.347078","-13.386633","Madagascar","Nosy Be",NA,"50c9509d-22c7-4a22-a47d-8c48425ef4a7",298125000
"Furcifer pardalis (Cuvier, 1829)","Furcifer","pardalis","48.348923","-13.385968","Madagascar","Nosy Be",NA,"50c9509d-22c7-4a22-a47d-8c48425ef4a7",298125000
"Furcifer balteatus (Duméril & Bibron, 1851)","Furcifer","balteatus","47.455578","-21.261497","Madagascar",NA,NA,"8a863029-f435-446a-821e-275f4f641165",6.68e+11
"Furcifer antimena (Grandidier, 1872)","Furcifer","antimena","43.624096","-23.122274","Madagascar",NA,NA,"8a863029-f435-446a-821e-275f4f641165",6.68e+11
"Furcifer antimena (Grandidier, 1872)","Furcifer","antimena","43.624107","-23.122295","Madagascar",NA,NA,"8a863029-f435-446a-821e-275f4f641165",6.68e+11
"Furcifer balteatus (Duméril & Bibron, 1851)","Furcifer","balteatus","47.460205","-21.261869","Madagascar",NA,NA,"8a863029-f435-446a-821e-275f4f641165",6.68e+11
"Furcifer balteatus (Duméril & Bibron, 1851)","Furcifer","balteatus","47.460037","-21.261909","Madagascar",NA,NA,"8a863029-f435-446a-821e-275f4f641165",6.68e+11
"Furcifer balteatus (Duméril & Bibron, 1851)","Furcifer","balteatus","47.460037","-21.261909","Madagascar",NA,NA,"8a863029-f435-446a-821e-275f4f641165",6.68e+11
"Furcifer balteatus (Duméril & Bibron, 1851)","Furcifer","balteatus","47.46001","-21.261949","Madagascar",NA,NA,"8a863029-f435-446a-821e-275f4f641165",6.68e+11
"Furcifer oustaleti (Mocquard, 1894)","Furcifer","oustaleti","49.138355","-12.923424","Madagascar",NA,NA,"6ac3f774-d9fb-4796-b3e9-92bf6c81c084",6.68e+11
"Furcifer verrucosus Cuvier, 1829","Furcifer","verrucosus","43.755939","-23.414322","Madagascar",NA,NA,"6ac3f774-d9fb-4796-b3e9-92bf6c81c084",6.68e+11
"Furcifer oustaleti (Mocquard, 1894)","Furcifer","oustaleti","47.36015","-18.951053","Madagascar",NA,NA,"50c9509d-22c7-4a22-a47d-8c48425ef4a7",6.68e+11
"Furcifer oustaleti (Mocquard, 1894)","Furcifer","oustaleti","47.55498","-18.88665","Madagascar",NA,NA,"50c9509d-22c7-4a22-a47d-8c48425ef4a7",6.68e+11
"Furcifer oustaleti (Mocquard, 1894)","Furcifer","oustaleti","47.521835","-18.865454","Madagascar",NA,NA,"50c9509d-22c7-4a22-a47d-8c48425ef4a7",6.68e+11
"Furcifer oustaleti (Mocquard, 1894)","Furcifer","oustaleti","47.521835","-18.865454","Madagascar",NA,NA,"50c9509d-22c7-4a22-a47d-8c48425ef4a7",6.68e+11
"Furcifer oustaleti (Mocquard, 1894)","Furcifer","oustaleti","47.55209","-18.915723","Madagascar",NA,NA,"50c9509d-22c7-4a22-a47d-8c48425ef4a7",6.68e+11
"Furcifer oustaleti (Mocquard, 1894)","Furcifer","oustaleti","47.525637","-18.932772","Madagascar",NA,NA,"50c9509d-22c7-4a22-a47d-8c48425ef4a7",6.68e+11
"Furcifer oustaleti (Mocquard, 1894)","Furcifer","oustaleti","48.044564","-18.881162","Madagascar",NA,NA,"50c9509d-22c7-4a22-a47d-8c48425ef4a7",6.68e+11
"Furcifer lateralis (Gray, 1831)","Furcifer","lateralis","47.242108","-20.521835","Madagascar",NA,NA,"50c9509d-22c7-4a22-a47d-8c48425ef4a7",6.68e+11
"Furcifer polleni (Peters, 1874)","Furcifer","polleni","45.114148","-12.851386","Mayotte",NA,NA,"50c9509d-22c7-4a22-a47d-8c48425ef4a7",378937500
"Furcifer lateralis (Gray, 1831)","Furcifer","lateralis","47.241474","-20.521611","Madagascar",NA,NA,"50c9509d-22c7-4a22-a47d-8c48425ef4a7",6.68e+11
"Furcifer pardalis (Cuvier, 1829)","Furcifer","pardalis","49.21466","-12.479905","Madagascar",NA,NA,"50c9509d-22c7-4a22-a47d-8c48425ef4a7",6.68e+11
"Furcifer pardalis (Cuvier, 1829)","Furcifer","pardalis","49.401737","-12.488755","Madagascar",NA,NA,"50c9509d-22c7-4a22-a47d-8c48425ef4a7",6.68e+11
"Furcifer petteri (Brygoo & Domergue, 1966)","Furcifer","petteri","49.029547","-12.862573","Madagascar",NA,NA,"50c9509d-22c7-4a22-a47d-8c48425ef4a7",6.68e+11
"Furcifer pardalis (Cuvier, 1829)","Furcifer","pardalis","49.131097","-12.959508","Madagascar",NA,NA,"50c9509d-22c7-4a22-a47d-8c48425ef4a7",6.68e+11
"Furcifer oustaleti (Mocquard, 1894)","Furcifer","oustaleti","46.855014","-21.854298","Madagascar",NA,NA,"50c9509d-22c7-4a22-a47d-8c48425ef4a7",6.68e+11
"Furcifer oustaleti (Mocquard, 1894)","Furcifer","oustaleti","45.365304","-22.539004","Madagascar",NA,NA,"50c9509d-22c7-4a22-a47d-8c48425ef4a7",6.68e+11
"Furcifer oustaleti (Mocquard, 1894)","Furcifer","oustaleti","45.365304","-22.539004","Madagascar",NA,NA,"50c9509d-22c7-4a22-a47d-8c48425ef4a7",6.68e+11
"Furcifer oustaleti (Mocquard, 1894)","Furcifer","oustaleti","46.419495","-15.624558","Madagascar",NA,NA,"50c9509d-22c7-4a22-a47d-8c48425ef4a7",6.68e+11
"Furcifer oustaleti (Mocquard, 1894)","Furcifer","oustaleti","47.949369","-18.958604","Madagascar",NA,NA,"50c9509d-22c7-4a22-a47d-8c48425ef4a7",6.68e+11
"Furcifer oustaleti (Mocquard, 1894)","Furcifer","oustaleti","47.484053","-18.927452","Madagascar",NA,NA,"50c9509d-22c7-4a22-a47d-8c48425ef4a7",6.68e+11
"Furcifer bifidus (Brongniart, 1800)","Furcifer","bifidus","48.458738","-18.83498","Madagascar",NA,NA,"50c9509d-22c7-4a22-a47d-8c48425ef4a7",6.68e+11
"Furcifer bifidus (Brongniart, 1800)","Furcifer","bifidus","48.458738","-18.83498","Madagascar",NA,NA,"50c9509d-22c7-4a22-a47d-8c48425ef4a7",6.68e+11
"Furcifer bifidus (Brongniart, 1800)","Furcifer","bifidus","48.458738","-18.83498","Madagascar",NA,NA,"50c9509d-22c7-4a22-a47d-8c48425ef4a7",6.68e+11
"Furcifer oustaleti (Mocquard, 1894)","Furcifer","oustaleti","46.670534","-21.540796","Madagascar",NA,NA,"50c9509d-22c7-4a22-a47d-8c48425ef4a7",6.68e+11
"Furcifer oustaleti (Mocquard, 1894)","Furcifer","oustaleti","46.841922","-21.850964","Madagascar",NA,NA,"50c9509d-22c7-4a22-a47d-8c48425ef4a7",6.68e+11
"Furcifer oustaleti (Mocquard, 1894)","Furcifer","oustaleti","46.841922","-21.850964","Madagascar",NA,NA,"50c9509d-22c7-4a22-a47d-8c48425ef4a7",6.68e+11
"Furcifer pardalis (Cuvier, 1829)","Furcifer","pardalis","49.212761","-18.605911","Madagascar",NA,NA,"50c9509d-22c7-4a22-a47d-8c48425ef4a7",6.68e+11
"Furcifer rhinoceratus (Gray, 1845)","Furcifer","rhinoceratus","46.846891","-16.268738","Madagascar",NA,NA,"50c9509d-22c7-4a22-a47d-8c48425ef4a7",6.68e+11
"Furcifer oustaleti (Mocquard, 1894)","Furcifer","oustaleti","46.819737","-16.321246","Madagascar",NA,NA,"50c9509d-22c7-4a22-a47d-8c48425ef4a7",6.68e+11
"Furcifer oustaleti (Mocquard, 1894)","Furcifer","oustaleti","46.824555","-16.297393","Madagascar",NA,NA,"50c9509d-22c7-4a22-a47d-8c48425ef4a7",6.68e+11
"Furcifer oustaleti (Mocquard, 1894)","Furcifer","oustaleti","46.820426","-16.308904","Madagascar",NA,NA,"50c9509d-22c7-4a22-a47d-8c48425ef4a7",6.68e+11
"Furcifer pardalis (Cuvier, 1829)","Furcifer","pardalis","49.970829","-15.692182","Madagascar",NA,NA,"50c9509d-22c7-4a22-a47d-8c48425ef4a7",6.68e+11
"Furcifer pardalis (Cuvier, 1829)","Furcifer","pardalis","49.968393","-15.686551","Madagascar",NA,NA,"50c9509d-22c7-4a22-a47d-8c48425ef4a7",6.68e+11
"Furcifer verrucosus Cuvier, 1829","Furcifer","verrucosus","43.640146","-23.124691","Madagascar",NA,NA,"50c9509d-22c7-4a22-a47d-8c48425ef4a7",6.68e+11
"Furcifer pardalis (Cuvier, 1829)","Furcifer","pardalis","49.212732","-18.605494","Madagascar",NA,NA,"50c9509d-22c7-4a22-a47d-8c48425ef4a7",6.68e+11
"Furcifer bifidus (Brongniart, 1800)","Furcifer","bifidus","46.929317","-18.767463","Madagascar",NA,NA,"50c9509d-22c7-4a22-a47d-8c48425ef4a7",6.68e+11
"Furcifer oustaleti (Mocquard, 1894)","Furcifer","oustaleti","47.532209","-18.92276","Madagascar",NA,NA,"50c9509d-22c7-4a22-a47d-8c48425ef4a7",6.68e+11
"Furcifer oustaleti (Mocquard, 1894)","Furcifer","oustaleti","47.533119","-18.883871","Madagascar",NA,NA,"50c9509d-22c7-4a22-a47d-8c48425ef4a7",6.68e+11
"Furcifer oustaleti (Mocquard, 1894)","Furcifer","oustaleti","47.533105","-18.883756","Madagascar",NA,NA,"50c9509d-22c7-4a22-a47d-8c48425ef4a7",6.68e+11
"Furcifer oustaleti (Mocquard, 1894)","Furcifer","oustaleti","47.917263","-14.949113","Madagascar",NA,NA,"50c9509d-22c7-4a22-a47d-8c48425ef4a7",6.68e+11
"Furcifer pardalis (Cuvier, 1829)","Furcifer","pardalis","48.294359","-13.356528","Madagascar","Nosy Be",NA,"50c9509d-22c7-4a22-a47d-8c48425ef4a7",298125000
"Furcifer pardalis (Cuvier, 1829)","Furcifer","pardalis","48.295978","-13.361691","Madagascar","Nosy Be",NA,"50c9509d-22c7-4a22-a47d-8c48425ef4a7",298125000
"Furcifer pardalis (Cuvier, 1829)","Furcifer","pardalis","55.647795","-21.344197","Reunion",NA,NA,"50c9509d-22c7-4a22-a47d-8c48425ef4a7",2896937500
"Furcifer pardalis (Cuvier, 1829)","Furcifer","pardalis","55.441889","-20.924449","Reunion",NA,NA,"50c9509d-22c7-4a22-a47d-8c48425ef4a7",2896937500
"Furcifer pardalis (Cuvier, 1829)","Furcifer","pardalis","55.74153","-21.118226","Reunion",NA,NA,"50c9509d-22c7-4a22-a47d-8c48425ef4a7",2896937500
"Furcifer polleni (Peters, 1874)","Furcifer","polleni","45.154135","-12.80464","Mayotte",NA,NA,"50c9509d-22c7-4a22-a47d-8c48425ef4a7",378937500
"Furcifer polleni (Peters, 1874)","Furcifer","polleni","45.153324","-12.805364","Mayotte",NA,NA,"50c9509d-22c7-4a22-a47d-8c48425ef4a7",378937500
"Furcifer polleni (Peters, 1874)","Furcifer","polleni","45.152897","-12.804568","Mayotte",NA,NA,"50c9509d-22c7-4a22-a47d-8c48425ef4a7",378937500
"Furcifer pardalis (Cuvier, 1829)","Furcifer","pardalis","55.241946","-21.079882","France","Reunion Island",NA,"50c9509d-22c7-4a22-a47d-8c48425ef4a7",2896937500
"Furcifer pardalis (Cuvier, 1829)","Furcifer","pardalis","55.64931","-21.09184","Reunion",NA,NA,"f3c4c978-7362-41d4-9f8a-0474f409650a",2896937500
"Furcifer minor (Günther, 1879)","Furcifer","minor","47.016529","-20.133545","Madagascar",NA,NA,"50c9509d-22c7-4a22-a47d-8c48425ef4a7",6.68e+11
"Furcifer pardalis (Cuvier, 1829)","Furcifer","pardalis","48.338572","-13.38965","Madagascar","Nosy Be",NA,"50c9509d-22c7-4a22-a47d-8c48425ef4a7",298125000
"Furcifer pardalis (Cuvier, 1829)","Furcifer","pardalis","48.339295","-13.388085","Madagascar","Nosy Be",NA,"50c9509d-22c7-4a22-a47d-8c48425ef4a7",298125000
"Furcifer rhinoceratus (Gray, 1845)","Furcifer","rhinoceratus","46.979631","-16.234411","Madagascar",NA,NA,"50c9509d-22c7-4a22-a47d-8c48425ef4a7",6.68e+11
"Furcifer pardalis (Cuvier, 1829)","Furcifer","pardalis","55.328432","-20.980197","Reunion",NA,NA,"50c9509d-22c7-4a22-a47d-8c48425ef4a7",2896937500
"Furcifer polleni (Peters, 1874)","Furcifer","polleni","45.084281","-12.918814","Mayotte",NA,NA,"50c9509d-22c7-4a22-a47d-8c48425ef4a7",378937500
"Furcifer oustaleti (Mocquard, 1894)","Furcifer","oustaleti","46.885863","-22.481051","Madagascar",NA,NA,"50c9509d-22c7-4a22-a47d-8c48425ef4a7",6.68e+11
"Furcifer balteatus (Duméril & Bibron, 1851)","Furcifer","balteatus","47.523106","-21.353585","Madagascar",NA,NA,"50c9509d-22c7-4a22-a47d-8c48425ef4a7",6.68e+11
"Furcifer oustaleti (Mocquard, 1894)","Furcifer","oustaleti","46.885863","-22.481051","Madagascar",NA,NA,"50c9509d-22c7-4a22-a47d-8c48425ef4a7",6.68e+11
"Furcifer pardalis (Cuvier, 1829)","Furcifer","pardalis","55.324855","-20.981831","Reunion",NA,NA,"50c9509d-22c7-4a22-a47d-8c48425ef4a7",2896937500
"Furcifer Fitzinger, 1843","Furcifer",NA,"45.09865","-12.92409","Mayotte",NA,NA,"df698d6c-23bc-45a0-9862-067636a9e2ed",378937500
"Furcifer polleni (Peters, 1874)","Furcifer","polleni","45.09865","-12.92409","Mayotte",NA,NA,"2ccfbe07-f777-4358-833e-38472bc65182",378937500
"Furcifer polleni (Peters, 1874)","Furcifer","polleni","45.19437","-12.79033","Mayotte",NA,NA,"f01f84a9-2ce2-4486-ad9d-e03cbc1636c6",378937500
"Furcifer polleni (Peters, 1874)","Furcifer","polleni","45.09865","-12.92409","Mayotte",NA,NA,"2ccfbe07-f777-4358-833e-38472bc65182",378937500
"Furcifer pardalis (Cuvier, 1829)","Furcifer","pardalis","57.505023","-20.306771","Mauritius",NA,NA,"50c9509d-22c7-4a22-a47d-8c48425ef4a7",2129062500
"Furcifer lateralis (Gray, 1831)","Furcifer","lateralis","47.435199","-19.199726","Madagascar",NA,NA,"50c9509d-22c7-4a22-a47d-8c48425ef4a7",6.68e+11
"Furcifer lateralis (Gray, 1831)","Furcifer","lateralis","47.73639","-23.00462","Madagascar",NA,NA,"50c9509d-22c7-4a22-a47d-8c48425ef4a7",6.68e+11
"Furcifer lateralis (Gray, 1831)","Furcifer","lateralis","47.732339","-23.031953","Madagascar",NA,NA,"50c9509d-22c7-4a22-a47d-8c48425ef4a7",6.68e+11
"Furcifer pardalis (Cuvier, 1829)","Furcifer","pardalis","55.578299","-20.913026","Reunion",NA,NA,"50c9509d-22c7-4a22-a47d-8c48425ef4a7",2896937500
"Furcifer lateralis (Gray, 1831)","Furcifer","lateralis","47.70985","-23.040911","Madagascar",NA,NA,"50c9509d-22c7-4a22-a47d-8c48425ef4a7",6.68e+11
"Furcifer lateralis (Gray, 1831)","Furcifer","lateralis","46.92919","-22.094965","Madagascar",NA,NA,"50c9509d-22c7-4a22-a47d-8c48425ef4a7",6.68e+11
"Furcifer pardalis (Cuvier, 1829)","Furcifer","pardalis","55.792099","-21.127757","Reunion",NA,NA,"50c9509d-22c7-4a22-a47d-8c48425ef4a7",2896937500
"Furcifer pardalis (Cuvier, 1829)","Furcifer","pardalis","55.567874","-21.358742","Reunion",NA,NA,"50c9509d-22c7-4a22-a47d-8c48425ef4a7",2896937500
"Furcifer pardalis (Cuvier, 1829)","Furcifer","pardalis","48.324011","-13.396981","Madagascar","Nosy Be",NA,"50c9509d-22c7-4a22-a47d-8c48425ef4a7",298125000
"Furcifer pardalis (Cuvier, 1829)","Furcifer","pardalis","55.556139","-20.895198","Reunion",NA,NA,"50c9509d-22c7-4a22-a47d-8c48425ef4a7",2896937500
"Furcifer pardalis (Cuvier, 1829)","Furcifer","pardalis","55.54173","-21.327036","Reunion",NA,NA,"50c9509d-22c7-4a22-a47d-8c48425ef4a7",2896937500
"Furcifer oustaleti (Mocquard, 1894)","Furcifer","oustaleti","47.079418","-21.454015","Madagascar",NA,NA,"50c9509d-22c7-4a22-a47d-8c48425ef4a7",6.68e+11
"Furcifer pardalis (Cuvier, 1829)","Furcifer","pardalis","49.245443","-12.706738","Madagascar",NA,NA,"50c9509d-22c7-4a22-a47d-8c48425ef4a7",6.68e+11
"Furcifer oustaleti (Mocquard, 1894)","Furcifer","oustaleti","49.128835","-12.953645","Madagascar",NA,NA,"50c9509d-22c7-4a22-a47d-8c48425ef4a7",6.68e+11
"Furcifer oustaleti (Mocquard, 1894)","Furcifer","oustaleti","49.120078","-12.96089","Madagascar",NA,NA,"50c9509d-22c7-4a22-a47d-8c48425ef4a7",6.68e+11
"Furcifer pardalis (Cuvier, 1829)","Furcifer","pardalis","49.131178","-12.95874","Madagascar",NA,NA,"50c9509d-22c7-4a22-a47d-8c48425ef4a7",6.68e+11
"Furcifer oustaleti (Mocquard, 1894)","Furcifer","oustaleti","49.131178","-12.95874","Madagascar",NA,NA,"50c9509d-22c7-4a22-a47d-8c48425ef4a7",6.68e+11
"Furcifer lateralis (Gray, 1831)","Furcifer","lateralis","47.078261","-22.122942","Madagascar",NA,NA,"50c9509d-22c7-4a22-a47d-8c48425ef4a7",6.68e+11
"Furcifer balteatus (Duméril & Bibron, 1851)","Furcifer","balteatus","47.459231","-21.380518","Madagascar",NA,NA,"50c9509d-22c7-4a22-a47d-8c48425ef4a7",6.68e+11
"Furcifer pardalis (Cuvier, 1829)","Furcifer","pardalis","55.455512","-20.916784","Reunion",NA,NA,"50c9509d-22c7-4a22-a47d-8c48425ef4a7",2896937500
"Furcifer pardalis (Cuvier, 1829)","Furcifer","pardalis","55.456972","-20.916005","Reunion",NA,NA,"50c9509d-22c7-4a22-a47d-8c48425ef4a7",2896937500
"Furcifer pardalis (Cuvier, 1829)","Furcifer","pardalis","55.448751","-20.907049","Reunion",NA,NA,"50c9509d-22c7-4a22-a47d-8c48425ef4a7",2896937500
"Furcifer viridis Florio, Ingram, Rakotondravony, Louis Jr & Raxworthy, 2012","Furcifer","viridis","45.476572","-21.366236","Madagascar",NA,NA,"50c9509d-22c7-4a22-a47d-8c48425ef4a7",6.68e+11
"Furcifer viridis Florio, Ingram, Rakotondravony, Louis Jr & Raxworthy, 2012","Furcifer","viridis","45.476047","-21.370675","Madagascar",NA,NA,"50c9509d-22c7-4a22-a47d-8c48425ef4a7",6.68e+11
"Furcifer viridis Florio, Ingram, Rakotondravony, Louis Jr & Raxworthy, 2012","Furcifer","viridis","45.47845","-21.364601","Madagascar",NA,NA,"50c9509d-22c7-4a22-a47d-8c48425ef4a7",6.68e+11
"Furcifer oustaleti (Mocquard, 1894)","Furcifer","oustaleti","45.472271","-21.354689","Madagascar",NA,NA,"50c9509d-22c7-4a22-a47d-8c48425ef4a7",6.68e+11
"Furcifer lateralis (Gray, 1831)","Furcifer","lateralis","47.092818","-20.233958","Madagascar",NA,NA,"50c9509d-22c7-4a22-a47d-8c48425ef4a7",6.68e+11
"Furcifer pardalis (Cuvier, 1829)","Furcifer","pardalis","55.654193","-20.989033","Reunion",NA,NA,"50c9509d-22c7-4a22-a47d-8c48425ef4a7",2896937500
"Furcifer pardalis (Cuvier, 1829)","Furcifer","pardalis","55.650711","-20.992462","Reunion",NA,NA,"50c9509d-22c7-4a22-a47d-8c48425ef4a7",2896937500
"Furcifer lateralis (Gray, 1831)","Furcifer","lateralis","47.088964","-20.23634","Madagascar",NA,NA,"50c9509d-22c7-4a22-a47d-8c48425ef4a7",6.68e+11
"Furcifer pardalis (Cuvier, 1829)","Furcifer","pardalis","55.54173","-21.327036","Reunion",NA,NA,"50c9509d-22c7-4a22-a47d-8c48425ef4a7",2896937500
"Furcifer lateralis (Gray, 1831)","Furcifer","lateralis","47.65505","-18.87055","Madagascar",NA,NA,"50c9509d-22c7-4a22-a47d-8c48425ef4a7",6.68e+11
"Furcifer pardalis (Cuvier, 1829)","Furcifer","pardalis","55.606901","-21.34226","Reunion",NA,NA,"50c9509d-22c7-4a22-a47d-8c48425ef4a7",2896937500
"Furcifer pardalis (Cuvier, 1829)","Furcifer","pardalis","49.358705","-18.059112","Madagascar",NA,NA,"50c9509d-22c7-4a22-a47d-8c48425ef4a7",6.68e+11
"Furcifer pardalis (Cuvier, 1829)","Furcifer","pardalis","55.453105","-20.899888","Reunion",NA,NA,"50c9509d-22c7-4a22-a47d-8c48425ef4a7",2896937500
"Furcifer pardalis (Cuvier, 1829)","Furcifer","pardalis","55.292897","-21.135965","Reunion",NA,NA,"50c9509d-22c7-4a22-a47d-8c48425ef4a7",2896937500
"Furcifer oustaleti (Mocquard, 1894)","Furcifer","oustaleti","47.840506","-15.667458","Madagascar",NA,NA,"50c9509d-22c7-4a22-a47d-8c48425ef4a7",6.68e+11
"Furcifer pardalis (Cuvier, 1829)","Furcifer","pardalis","49.820099","-17.078819","Madagascar","Ile Sainte-Marie",NA,"50c9509d-22c7-4a22-a47d-8c48425ef4a7",6.68e+11
"Furcifer pardalis (Cuvier, 1829)","Furcifer","pardalis","49.002794","-12.955923","Madagascar",NA,NA,"50c9509d-22c7-4a22-a47d-8c48425ef4a7",6.68e+11
"Furcifer pardalis (Cuvier, 1829)","Furcifer","pardalis","49.03124","-12.932455","Madagascar",NA,NA,"50c9509d-22c7-4a22-a47d-8c48425ef4a7",6.68e+11
"Furcifer pardalis (Cuvier, 1829)","Furcifer","pardalis","49.051995","-12.940502","Madagascar",NA,NA,"50c9509d-22c7-4a22-a47d-8c48425ef4a7",6.68e+11
"Furcifer pardalis (Cuvier, 1829)","Furcifer","pardalis","49.055886","-12.930726","Madagascar",NA,NA,"50c9509d-22c7-4a22-a47d-8c48425ef4a7",6.68e+11
"Furcifer oustaleti (Mocquard, 1894)","Furcifer","oustaleti","49.058875","-12.928968","Madagascar",NA,NA,"50c9509d-22c7-4a22-a47d-8c48425ef4a7",6.68e+11
"Furcifer pardalis (Cuvier, 1829)","Furcifer","pardalis","55.654107","-20.988985","Reunion",NA,NA,"50c9509d-22c7-4a22-a47d-8c48425ef4a7",2896937500
"Furcifer pardalis (Cuvier, 1829)","Furcifer","pardalis","55.504722","-21.2625","Reunion",NA,NA,"78e2c7a4-4ee4-40bf-8401-e45be3c004ba",2896937500
"Furcifer verrucosus Cuvier, 1829","Furcifer","verrucosus","48.357006","-19.247734","Madagascar",NA,NA,"50c9509d-22c7-4a22-a47d-8c48425ef4a7",6.68e+11
"Furcifer oustaleti (Mocquard, 1894)","Furcifer","oustaleti","49.086413","-12.896367","Madagascar",NA,NA,"50c9509d-22c7-4a22-a47d-8c48425ef4a7",6.68e+11
"Furcifer pardalis (Cuvier, 1829)","Furcifer","pardalis","49.093421","-12.890198","Madagascar",NA,NA,"50c9509d-22c7-4a22-a47d-8c48425ef4a7",6.68e+11
"Furcifer oustaleti (Mocquard, 1894)","Furcifer","oustaleti","47.947359","-18.930443","Madagascar",NA,NA,"50c9509d-22c7-4a22-a47d-8c48425ef4a7",6.68e+11
"Furcifer pardalis (Cuvier, 1829)","Furcifer","pardalis","49.337514","-12.319797","Madagascar",NA,NA,"50c9509d-22c7-4a22-a47d-8c48425ef4a7",6.68e+11
"Furcifer oustaleti (Mocquard, 1894)","Furcifer","oustaleti","45.524052","-21.2795","Madagascar",NA,NA,"50c9509d-22c7-4a22-a47d-8c48425ef4a7",6.68e+11
"Furcifer pardalis (Cuvier, 1829)","Furcifer","pardalis","48.196279","-13.318646","Madagascar","Nosy Be",NA,"50c9509d-22c7-4a22-a47d-8c48425ef4a7",298125000
"Furcifer pardalis (Cuvier, 1829)","Furcifer","pardalis","48.340483","-13.389431","Madagascar","Nosy Be",NA,"50c9509d-22c7-4a22-a47d-8c48425ef4a7",298125000
"Furcifer pardalis (Cuvier, 1829)","Furcifer","pardalis","55.642103","-21.331678","Reunion",NA,NA,"50c9509d-22c7-4a22-a47d-8c48425ef4a7",2896937500
"Furcifer viridis Florio, Ingram, Rakotondravony, Louis Jr & Raxworthy, 2012","Furcifer","viridis","45.55836","-20.801166","Madagascar",NA,NA,"50c9509d-22c7-4a22-a47d-8c48425ef4a7",6.68e+11
"Furcifer viridis Florio, Ingram, Rakotondravony, Louis Jr & Raxworthy, 2012","Furcifer","viridis","45.542216","-20.744255","Madagascar",NA,NA,"50c9509d-22c7-4a22-a47d-8c48425ef4a7",6.68e+11
"Furcifer viridis Florio, Ingram, Rakotondravony, Louis Jr & Raxworthy, 2012","Furcifer","viridis","45.541135","-20.746233","Madagascar",NA,NA,"50c9509d-22c7-4a22-a47d-8c48425ef4a7",6.68e+11
"Furcifer lateralis (Gray, 1831)","Furcifer","lateralis","47.052661","-21.544861","Madagascar",NA,NA,"50c9509d-22c7-4a22-a47d-8c48425ef4a7",6.68e+11
"Furcifer oustaleti (Mocquard, 1894)","Furcifer","oustaleti","46.803955","-22.101018","Madagascar",NA,NA,"50c9509d-22c7-4a22-a47d-8c48425ef4a7",6.68e+11
"Furcifer antimena (Grandidier, 1872)","Furcifer","antimena","43.621799","-23.123098","Madagascar",NA,NA,"8a863029-f435-446a-821e-275f4f641165",6.68e+11
"Furcifer polleni (Peters, 1874)","Furcifer","polleni","45.09865","-12.92409","Mayotte",NA,NA,"2ccfbe07-f777-4358-833e-38472bc65182",378937500
"Furcifer viridis Florio, Ingram, Rakotondravony, Louis Jr & Raxworthy, 2012","Furcifer","viridis","45.538318","-20.745833","Madagascar",NA,NA,"50c9509d-22c7-4a22-a47d-8c48425ef4a7",6.68e+11
"Furcifer viridis Florio, Ingram, Rakotondravony, Louis Jr & Raxworthy, 2012","Furcifer","viridis","45.540974","-20.747334","Madagascar",NA,NA,"50c9509d-22c7-4a22-a47d-8c48425ef4a7",6.68e+11
"Furcifer viridis Florio, Ingram, Rakotondravony, Louis Jr & Raxworthy, 2012","Furcifer","viridis","45.54137","-20.746081","Madagascar",NA,NA,"50c9509d-22c7-4a22-a47d-8c48425ef4a7",6.68e+11
"Furcifer viridis Florio, Ingram, Rakotondravony, Louis Jr & Raxworthy, 2012","Furcifer","viridis","45.53534","-20.754448","Madagascar",NA,NA,"50c9509d-22c7-4a22-a47d-8c48425ef4a7",6.68e+11
"Furcifer viridis Florio, Ingram, Rakotondravony, Louis Jr & Raxworthy, 2012","Furcifer","viridis","45.540974","-20.747334","Madagascar",NA,NA,"50c9509d-22c7-4a22-a47d-8c48425ef4a7",6.68e+11
"Furcifer viridis Florio, Ingram, Rakotondravony, Louis Jr & Raxworthy, 2012","Furcifer","viridis","45.540974","-20.747334","Madagascar",NA,NA,"50c9509d-22c7-4a22-a47d-8c48425ef4a7",6.68e+11
"Furcifer viridis Florio, Ingram, Rakotondravony, Louis Jr & Raxworthy, 2012","Furcifer","viridis","45.540979","-20.747331","Madagascar",NA,NA,"50c9509d-22c7-4a22-a47d-8c48425ef4a7",6.68e+11
"Furcifer viridis Florio, Ingram, Rakotondravony, Louis Jr & Raxworthy, 2012","Furcifer","viridis","45.540715","-20.748776","Madagascar",NA,NA,"50c9509d-22c7-4a22-a47d-8c48425ef4a7",6.68e+11
"Furcifer viridis Florio, Ingram, Rakotondravony, Louis Jr & Raxworthy, 2012","Furcifer","viridis","45.540715","-20.748776","Madagascar",NA,NA,"50c9509d-22c7-4a22-a47d-8c48425ef4a7",6.68e+11
"Furcifer viridis Florio, Ingram, Rakotondravony, Louis Jr & Raxworthy, 2012","Furcifer","viridis","45.542216","-20.744255","Madagascar",NA,NA,"50c9509d-22c7-4a22-a47d-8c48425ef4a7",6.68e+11
"Furcifer pardalis (Cuvier, 1829)","Furcifer","pardalis","55.541304","-21.327839","Reunion",NA,NA,"50c9509d-22c7-4a22-a47d-8c48425ef4a7",2896937500
"Furcifer pardalis (Cuvier, 1829)","Furcifer","pardalis","55.495903","-21.24868","Reunion",NA,NA,"50c9509d-22c7-4a22-a47d-8c48425ef4a7",2896937500
"Furcifer polleni (Peters, 1874)","Furcifer","polleni","45.09865","-12.92409","Mayotte",NA,NA,"2ccfbe07-f777-4358-833e-38472bc65182",378937500
"Furcifer polleni (Peters, 1874)","Furcifer","polleni","45.09865","-12.92409","Mayotte",NA,NA,"2ccfbe07-f777-4358-833e-38472bc65182",378937500
"Furcifer polleni (Peters, 1874)","Furcifer","polleni","45.09865","-12.92409","Mayotte",NA,NA,"2ccfbe07-f777-4358-833e-38472bc65182",378937500
"Furcifer pardalis (Cuvier, 1829)","Furcifer","pardalis","48.2991","-13.2669","Madagascar","Nosy Be",NA,"50c9509d-22c7-4a22-a47d-8c48425ef4a7",298125000
"Furcifer oustaleti (Mocquard, 1894)","Furcifer","oustaleti","47.056948","-19.828747","Madagascar",NA,NA,"50c9509d-22c7-4a22-a47d-8c48425ef4a7",6.68e+11
"Furcifer oustaleti (Mocquard, 1894)","Furcifer","oustaleti","46.809579","-21.869338","Madagascar",NA,NA,"50c9509d-22c7-4a22-a47d-8c48425ef4a7",6.68e+11
"Furcifer oustaleti (Mocquard, 1894)","Furcifer","oustaleti","46.845685","-21.840714","Madagascar",NA,NA,"50c9509d-22c7-4a22-a47d-8c48425ef4a7",6.68e+11
"Furcifer rhinoceratus (Gray, 1845)","Furcifer","rhinoceratus","46.867992","-16.288821","Madagascar",NA,NA,"50c9509d-22c7-4a22-a47d-8c48425ef4a7",6.68e+11
"Furcifer oustaleti (Mocquard, 1894)","Furcifer","oustaleti","46.825325","-16.325067","Madagascar",NA,NA,"50c9509d-22c7-4a22-a47d-8c48425ef4a7",6.68e+11
"Furcifer lateralis (Gray, 1831)","Furcifer","lateralis","47.24017","-21.288192","Madagascar",NA,NA,"50c9509d-22c7-4a22-a47d-8c48425ef4a7",6.68e+11
"Furcifer oustaleti (Mocquard, 1894)","Furcifer","oustaleti","46.816499","-16.311419","Madagascar",NA,NA,"50c9509d-22c7-4a22-a47d-8c48425ef4a7",6.68e+11
"Furcifer oustaleti (Mocquard, 1894)","Furcifer","oustaleti","44.693685","-22.887709","Madagascar",NA,NA,"50c9509d-22c7-4a22-a47d-8c48425ef4a7",6.68e+11
"Furcifer verrucosus Cuvier, 1829","Furcifer","verrucosus","44.69466","-22.886712","Madagascar",NA,NA,"50c9509d-22c7-4a22-a47d-8c48425ef4a7",6.68e+11
"Furcifer verrucosus Cuvier, 1829","Furcifer","verrucosus","46.320273","-25.004952","Madagascar",NA,NA,"50c9509d-22c7-4a22-a47d-8c48425ef4a7",6.68e+11
"Furcifer oustaleti (Mocquard, 1894)","Furcifer","oustaleti","44.681838","-22.841703","Madagascar",NA,NA,"50c9509d-22c7-4a22-a47d-8c48425ef4a7",6.68e+11
"Furcifer oustaleti (Mocquard, 1894)","Furcifer","oustaleti","44.681838","-22.841703","Madagascar",NA,NA,"50c9509d-22c7-4a22-a47d-8c48425ef4a7",6.68e+11
"Furcifer oustaleti (Mocquard, 1894)","Furcifer","oustaleti","46.708103","-21.966065","Madagascar",NA,NA,"50c9509d-22c7-4a22-a47d-8c48425ef4a7",6.68e+11
"Furcifer oustaleti (Mocquard, 1894)","Furcifer","oustaleti","46.840818","-21.852381","Madagascar",NA,NA,"50c9509d-22c7-4a22-a47d-8c48425ef4a7",6.68e+11
"Furcifer rhinoceratus (Gray, 1845)","Furcifer","rhinoceratus","46.994816","-16.286783","Madagascar",NA,NA,"50c9509d-22c7-4a22-a47d-8c48425ef4a7",6.68e+11
"Furcifer verrucosus Cuvier, 1829","Furcifer","verrucosus","46.300115","-25.001991","Madagascar",NA,NA,"50c9509d-22c7-4a22-a47d-8c48425ef4a7",6.68e+11
"Furcifer pardalis (Cuvier, 1829)","Furcifer","pardalis","49.971145","-15.725677","Madagascar",NA,NA,"50c9509d-22c7-4a22-a47d-8c48425ef4a7",6.68e+11
"Furcifer oustaleti (Mocquard, 1894)","Furcifer","oustaleti","44.692736","-22.88568","Madagascar",NA,NA,"50c9509d-22c7-4a22-a47d-8c48425ef4a7",6.68e+11
"Furcifer pardalis (Cuvier, 1829)","Furcifer","pardalis","49.213288","-18.606336","Madagascar",NA,NA,"50c9509d-22c7-4a22-a47d-8c48425ef4a7",6.68e+11
"Furcifer oustaleti (Mocquard, 1894)","Furcifer","oustaleti","44.694066","-22.886648","Madagascar",NA,NA,"50c9509d-22c7-4a22-a47d-8c48425ef4a7",6.68e+11
"Furcifer oustaleti (Mocquard, 1894)","Furcifer","oustaleti","44.692213","-22.883819","Madagascar",NA,NA,"50c9509d-22c7-4a22-a47d-8c48425ef4a7",6.68e+11
"Furcifer labordi (Grandidier, 1872)","Furcifer","labordi","44.307051","-20.875157","Madagascar",NA,NA,"50c9509d-22c7-4a22-a47d-8c48425ef4a7",6.68e+11
"Furcifer oustaleti (Mocquard, 1894)","Furcifer","oustaleti","44.770241","-19.111244","Madagascar",NA,NA,"50c9509d-22c7-4a22-a47d-8c48425ef4a7",6.68e+11
"Furcifer oustaleti (Mocquard, 1894)","Furcifer","oustaleti","46.814962","-16.314191","Madagascar",NA,NA,"50c9509d-22c7-4a22-a47d-8c48425ef4a7",6.68e+11
"Furcifer oustaleti (Mocquard, 1894)","Furcifer","oustaleti","46.826022","-16.323585","Madagascar",NA,NA,"50c9509d-22c7-4a22-a47d-8c48425ef4a7",6.68e+11
"Furcifer rhinoceratus (Gray, 1845)","Furcifer","rhinoceratus","46.881638","-16.289165","Madagascar",NA,NA,"50c9509d-22c7-4a22-a47d-8c48425ef4a7",6.68e+11
"Furcifer oustaleti (Mocquard, 1894)","Furcifer","oustaleti","46.825344","-16.325118","Madagascar",NA,NA,"50c9509d-22c7-4a22-a47d-8c48425ef4a7",6.68e+11
"Furcifer oustaleti (Mocquard, 1894)","Furcifer","oustaleti","46.842618","-21.854858","Madagascar",NA,NA,"50c9509d-22c7-4a22-a47d-8c48425ef4a7",6.68e+11
"Furcifer oustaleti (Mocquard, 1894)","Furcifer","oustaleti","46.466667","-16.233333","Madagascar",NA,NA,"50c9509d-22c7-4a22-a47d-8c48425ef4a7",6.68e+11
"Furcifer oustaleti (Mocquard, 1894)","Furcifer","oustaleti","46.466667","-16.233333","Madagascar",NA,NA,"50c9509d-22c7-4a22-a47d-8c48425ef4a7",6.68e+11
"Furcifer oustaleti (Mocquard, 1894)","Furcifer","oustaleti","44.681838","-22.841703","Madagascar",NA,NA,"50c9509d-22c7-4a22-a47d-8c48425ef4a7",6.68e+11
"Furcifer oustaleti (Mocquard, 1894)","Furcifer","oustaleti","44.681838","-22.841703","Madagascar",NA,NA,"50c9509d-22c7-4a22-a47d-8c48425ef4a7",6.68e+11
"Furcifer oustaleti (Mocquard, 1894)","Furcifer","oustaleti","46.786273","-16.331832","Madagascar",NA,NA,"50c9509d-22c7-4a22-a47d-8c48425ef4a7",6.68e+11
"Furcifer oustaleti (Mocquard, 1894)","Furcifer","oustaleti","46.132879","-22.397978","Madagascar",NA,NA,"50c9509d-22c7-4a22-a47d-8c48425ef4a7",6.68e+11
"Furcifer balteatus (Duméril & Bibron, 1851)","Furcifer","balteatus","47.453945","-21.256971","Madagascar",NA,NA,"8a863029-f435-446a-821e-275f4f641165",6.68e+11
"Furcifer oustaleti (Mocquard, 1894)","Furcifer","oustaleti","45.404365","-22.55119","Madagascar",NA,NA,"50c9509d-22c7-4a22-a47d-8c48425ef4a7",6.68e+11
"Furcifer pardalis (Cuvier, 1829)","Furcifer","pardalis","55.342825","-21.240652","Reunion",NA,NA,"50c9509d-22c7-4a22-a47d-8c48425ef4a7",2896937500
"Furcifer pardalis (Cuvier, 1829)","Furcifer","pardalis","49.840092","-15.430908","Madagascar",NA,NA,"50c9509d-22c7-4a22-a47d-8c48425ef4a7",6.68e+11
"Furcifer pardalis (Cuvier, 1829)","Furcifer","pardalis","55.286706","-21.019402","Reunion",NA,NA,"50c9509d-22c7-4a22-a47d-8c48425ef4a7",2896937500
"Furcifer verrucosus Cuvier, 1829","Furcifer","verrucosus","43.624276","-23.122","Madagascar",NA,NA,"50c9509d-22c7-4a22-a47d-8c48425ef4a7",6.68e+11
"Furcifer rhinoceratus (Gray, 1845)","Furcifer","rhinoceratus","46.876895","-16.238453","Madagascar",NA,NA,"50c9509d-22c7-4a22-a47d-8c48425ef4a7",6.68e+11
"Furcifer pardalis (Cuvier, 1829)","Furcifer","pardalis","57.345761","-20.472425","Mauritius",NA,NA,"50c9509d-22c7-4a22-a47d-8c48425ef4a7",2129062500
"Furcifer oustaleti (Mocquard, 1894)","Furcifer","oustaleti","45.340361","-22.507751","Madagascar",NA,NA,"50c9509d-22c7-4a22-a47d-8c48425ef4a7",6.68e+11
"Furcifer oustaleti (Mocquard, 1894)","Furcifer","oustaleti","45.340361","-22.507751","Madagascar",NA,NA,"50c9509d-22c7-4a22-a47d-8c48425ef4a7",6.68e+11
"Furcifer oustaleti (Mocquard, 1894)","Furcifer","oustaleti","46.852946","-21.855225","Madagascar",NA,NA,"50c9509d-22c7-4a22-a47d-8c48425ef4a7",6.68e+11
"Furcifer oustaleti (Mocquard, 1894)","Furcifer","oustaleti","46.854662","-21.856181","Madagascar",NA,NA,"50c9509d-22c7-4a22-a47d-8c48425ef4a7",6.68e+11
"Furcifer willsii (Günther, 1890)","Furcifer","willsii","48.479751","-18.946697","Madagascar",NA,NA,"50c9509d-22c7-4a22-a47d-8c48425ef4a7",6.68e+11
"Furcifer lateralis (Gray, 1831)","Furcifer","lateralis","47.479126","-18.807334","Madagascar",NA,NA,"50c9509d-22c7-4a22-a47d-8c48425ef4a7",6.68e+11
"Furcifer oustaleti (Mocquard, 1894)","Furcifer","oustaleti","46.856776","-19.838186","Madagascar",NA,NA,"50c9509d-22c7-4a22-a47d-8c48425ef4a7",6.68e+11
"Furcifer oustaleti (Mocquard, 1894)","Furcifer","oustaleti","45.261771","-22.465614","Madagascar",NA,NA,"50c9509d-22c7-4a22-a47d-8c48425ef4a7",6.68e+11
"Furcifer pardalis (Cuvier, 1829)","Furcifer","pardalis","48.266439","-13.311906","Madagascar","Nosy Be",NA,"50c9509d-22c7-4a22-a47d-8c48425ef4a7",298125000
"Furcifer petteri (Brygoo & Domergue, 1966)","Furcifer","petteri","49.182131","-12.932723","Madagascar",NA,NA,"50c9509d-22c7-4a22-a47d-8c48425ef4a7",6.68e+11
"Furcifer pardalis (Cuvier, 1829)","Furcifer","pardalis","49.8471","-15.433952","Madagascar",NA,NA,"50c9509d-22c7-4a22-a47d-8c48425ef4a7",6.68e+11
"Furcifer oustaleti (Mocquard, 1894)","Furcifer","oustaleti","46.941659","-16.2233","Madagascar",NA,NA,"50c9509d-22c7-4a22-a47d-8c48425ef4a7",6.68e+11
"Furcifer oustaleti (Mocquard, 1894)","Furcifer","oustaleti","46.975652","-21.815436","Madagascar",NA,NA,"50c9509d-22c7-4a22-a47d-8c48425ef4a7",6.68e+11
"Furcifer oustaleti (Mocquard, 1894)","Furcifer","oustaleti","47.871567","-18.93664","Madagascar",NA,NA,"50c9509d-22c7-4a22-a47d-8c48425ef4a7",6.68e+11
"Furcifer pardalis (Cuvier, 1829)","Furcifer","pardalis","55.42158","-21.23361","Reunion",NA,NA,"661bb604-c05b-4920-b9d2-1fb6cfd5793f",2896937500
"Furcifer pardalis (Cuvier, 1829)","Furcifer","pardalis","55.466559","-21.28396","Reunion",NA,NA,"50c9509d-22c7-4a22-a47d-8c48425ef4a7",2896937500
"Furcifer oustaleti (Mocquard, 1894)","Furcifer","oustaleti","47.832","-18.803912","Madagascar",NA,NA,"50c9509d-22c7-4a22-a47d-8c48425ef4a7",6.68e+11
"Furcifer bifidus (Brongniart, 1800)","Furcifer","bifidus","48.575157","-18.904612","Madagascar",NA,NA,"50c9509d-22c7-4a22-a47d-8c48425ef4a7",6.68e+11
"Furcifer pardalis (Cuvier, 1829)","Furcifer","pardalis","55.541304","-21.327839","Reunion",NA,NA,"50c9509d-22c7-4a22-a47d-8c48425ef4a7",2896937500
"Furcifer oustaleti (Mocquard, 1894)","Furcifer","oustaleti","48.893041","-18.818529","Madagascar",NA,NA,"50c9509d-22c7-4a22-a47d-8c48425ef4a7",6.68e+11
"Furcifer oustaleti (Mocquard, 1894)","Furcifer","oustaleti","48.232178","-18.950134","Madagascar",NA,NA,"50c9509d-22c7-4a22-a47d-8c48425ef4a7",6.68e+11
"Furcifer verrucosus Cuvier, 1829","Furcifer","verrucosus","43.647512","-23.673012","Madagascar",NA,NA,"50c9509d-22c7-4a22-a47d-8c48425ef4a7",6.68e+11
"Furcifer pardalis (Cuvier, 1829)","Furcifer","pardalis","48.47211","-13.628109","Madagascar",NA,NA,"50c9509d-22c7-4a22-a47d-8c48425ef4a7",6.68e+11
"Furcifer pardalis (Cuvier, 1829)","Furcifer","pardalis","48.382823","-13.614204","Madagascar",NA,NA,"50c9509d-22c7-4a22-a47d-8c48425ef4a7",6.68e+11
"Furcifer major (Brygoo, 1971)","Furcifer","major","43.648965","-23.673209","Madagascar",NA,NA,"50c9509d-22c7-4a22-a47d-8c48425ef4a7",6.68e+11
"Furcifer pardalis (Cuvier, 1829)","Furcifer","pardalis","48.340918","-13.389419","Madagascar","Nosy Be",NA,"50c9509d-22c7-4a22-a47d-8c48425ef4a7",298125000
"Furcifer pardalis (Cuvier, 1829)","Furcifer","pardalis","48.340813","-13.388607","Madagascar","Nosy Be",NA,"50c9509d-22c7-4a22-a47d-8c48425ef4a7",298125000
"Furcifer labordi (Grandidier, 1872)","Furcifer","labordi","44.606575","-20.11781","Madagascar",NA,NA,"50c9509d-22c7-4a22-a47d-8c48425ef4a7",6.68e+11
"Furcifer pardalis (Cuvier, 1829)","Furcifer","pardalis","48.31769","-13.368392","Madagascar","Nosy Be",NA,"50c9509d-22c7-4a22-a47d-8c48425ef4a7",298125000
"Furcifer pardalis (Cuvier, 1829)","Furcifer","pardalis","49.208215","-12.482633","Madagascar",NA,NA,"50c9509d-22c7-4a22-a47d-8c48425ef4a7",6.68e+11
"Furcifer oustaleti (Mocquard, 1894)","Furcifer","oustaleti","46.854353","-21.857406","Madagascar",NA,NA,"50c9509d-22c7-4a22-a47d-8c48425ef4a7",6.68e+11
"Furcifer oustaleti (Mocquard, 1894)","Furcifer","oustaleti","46.854353","-21.857406","Madagascar",NA,NA,"50c9509d-22c7-4a22-a47d-8c48425ef4a7",6.68e+11
"Furcifer oustaleti (Mocquard, 1894)","Furcifer","oustaleti","46.854353","-21.857406","Madagascar",NA,NA,"50c9509d-22c7-4a22-a47d-8c48425ef4a7",6.68e+11
"Furcifer oustaleti (Mocquard, 1894)","Furcifer","oustaleti","46.854353","-21.857406","Madagascar",NA,NA,"50c9509d-22c7-4a22-a47d-8c48425ef4a7",6.68e+11
"Furcifer oustaleti (Mocquard, 1894)","Furcifer","oustaleti","47.07697","-21.451015","Madagascar",NA,NA,"50c9509d-22c7-4a22-a47d-8c48425ef4a7",6.68e+11
"Furcifer pardalis (Cuvier, 1829)","Furcifer","pardalis","49.808983","-14.474092","Madagascar",NA,NA,"50c9509d-22c7-4a22-a47d-8c48425ef4a7",6.68e+11
"Furcifer pardalis (Cuvier, 1829)","Furcifer","pardalis","55.607531","-21.357809","Reunion",NA,NA,"50c9509d-22c7-4a22-a47d-8c48425ef4a7",2896937500
"Furcifer oustaleti (Mocquard, 1894)","Furcifer","oustaleti","46.25539","-22.709008","Madagascar",NA,NA,"50c9509d-22c7-4a22-a47d-8c48425ef4a7",6.68e+11
"Furcifer polleni (Peters, 1874)","Furcifer","polleni","45.1487","-12.91917","Mayotte",NA,NA,"6e9e1286-106b-47e8-aa17-8e53df3e4b2e",378937500
"Furcifer polleni (Peters, 1874)","Furcifer","polleni","45.1487","-12.91917","Mayotte",NA,NA,"ab525cbd-e9f2-4639-b17e-cb5f0b067ef9",378937500
"Furcifer pardalis (Cuvier, 1829)","Furcifer","pardalis","55.498688","-21.253289","Reunion",NA,NA,"50c9509d-22c7-4a22-a47d-8c48425ef4a7",2896937500
"Furcifer campani (Grandidier, 1872)","Furcifer","campani","46.87372","-21.861979","Madagascar",NA,NA,"50c9509d-22c7-4a22-a47d-8c48425ef4a7",6.68e+11
"Furcifer major (Brygoo, 1971)","Furcifer","major","46.886196","-22.13459","Madagascar",NA,NA,"50c9509d-22c7-4a22-a47d-8c48425ef4a7",6.68e+11
"Furcifer polleni (Peters, 1874)","Furcifer","polleni","45.1487","-12.91917","Mayotte",NA,NA,"6e9e1286-106b-47e8-aa17-8e53df3e4b2e",378937500
"Furcifer polleni (Peters, 1874)","Furcifer","polleni","45.1487","-12.91917","Mayotte",NA,NA,"6e9e1286-106b-47e8-aa17-8e53df3e4b2e",378937500
"Furcifer polleni (Peters, 1874)","Furcifer","polleni","45.1487","-12.91917","Mayotte",NA,NA,"ab525cbd-e9f2-4639-b17e-cb5f0b067ef9",378937500
"Furcifer polleni (Peters, 1874)","Furcifer","polleni","45.1487","-12.91917","Mayotte",NA,NA,"ab525cbd-e9f2-4639-b17e-cb5f0b067ef9",378937500
"Furcifer lateralis (Gray, 1831)","Furcifer","lateralis","47.554242","-18.924303","Madagascar",NA,NA,"50c9509d-22c7-4a22-a47d-8c48425ef4a7",6.68e+11
"Furcifer verrucosus Cuvier, 1829","Furcifer","verrucosus","46.979999","-24.990549","Madagascar",NA,NA,"50c9509d-22c7-4a22-a47d-8c48425ef4a7",6.68e+11
"Furcifer oustaleti (Mocquard, 1894)","Furcifer","oustaleti","47.069874","-21.427661","Madagascar",NA,NA,"50c9509d-22c7-4a22-a47d-8c48425ef4a7",6.68e+11
"Furcifer pardalis (Cuvier, 1829)","Furcifer","pardalis","55.800699","-21.296631","Reunion",NA,NA,"50c9509d-22c7-4a22-a47d-8c48425ef4a7",2896937500
"Furcifer pardalis (Cuvier, 1829)","Furcifer","pardalis","55.800728","-21.296605","Reunion",NA,NA,"50c9509d-22c7-4a22-a47d-8c48425ef4a7",2896937500
"Furcifer lateralis (Gray, 1831)","Furcifer","lateralis","47.560479","-18.933099","Madagascar",NA,NA,"50c9509d-22c7-4a22-a47d-8c48425ef4a7",6.68e+11
"Furcifer pardalis (Cuvier, 1829)","Furcifer","pardalis","47.565098","-18.933871","Madagascar",NA,NA,"50c9509d-22c7-4a22-a47d-8c48425ef4a7",6.68e+11
"Furcifer pardalis (Cuvier, 1829)","Furcifer","pardalis","55.626025","-20.991462","Reunion",NA,NA,"50c9509d-22c7-4a22-a47d-8c48425ef4a7",2896937500
"Furcifer pardalis (Cuvier, 1829)","Furcifer","pardalis","55.477997","-21.285805","Reunion",NA,NA,"50c9509d-22c7-4a22-a47d-8c48425ef4a7",2896937500
"Furcifer polleni (Peters, 1874)","Furcifer","polleni","45.12566","-12.97176","Mayotte",NA,NA,"043c6058-12a3-4b29-bb68-93a974493a05",378937500
"Furcifer polleni (Peters, 1874)","Furcifer","polleni","45.12566","-12.97176","Mayotte",NA,NA,"043c6058-12a3-4b29-bb68-93a974493a05",378937500
"Furcifer polleni (Peters, 1874)","Furcifer","polleni","45.12566","-12.97176","Mayotte",NA,NA,"043c6058-12a3-4b29-bb68-93a974493a05",378937500
"Furcifer polleni (Peters, 1874)","Furcifer","polleni","45.12566","-12.97176","Mayotte",NA,NA,"043c6058-12a3-4b29-bb68-93a974493a05",378937500
"Furcifer pardalis (Cuvier, 1829)","Furcifer","pardalis","55.502172","-20.93364","Reunion",NA,NA,"50c9509d-22c7-4a22-a47d-8c48425ef4a7",2896937500
"Furcifer pardalis (Cuvier, 1829)","Furcifer","pardalis","55.501572","-20.934416","Reunion",NA,NA,"50c9509d-22c7-4a22-a47d-8c48425ef4a7",2896937500
"Furcifer pardalis (Cuvier, 1829)","Furcifer","pardalis","55.501605","-20.934607","Reunion",NA,NA,"50c9509d-22c7-4a22-a47d-8c48425ef4a7",2896937500
"Furcifer pardalis (Cuvier, 1829)","Furcifer","pardalis","55.508527","-20.917428","Reunion",NA,NA,"50c9509d-22c7-4a22-a47d-8c48425ef4a7",2896937500
"Furcifer verrucosus Cuvier, 1829","Furcifer","verrucosus","47.161178","-24.781128","Madagascar",NA,NA,"50c9509d-22c7-4a22-a47d-8c48425ef4a7",6.68e+11
"Furcifer polleni (Peters, 1874)","Furcifer","polleni","45.174336","-12.787695","Mayotte",NA,NA,"50c9509d-22c7-4a22-a47d-8c48425ef4a7",378937500
"Furcifer polleni (Peters, 1874)","Furcifer","polleni","45.28237","-12.77824","France","Dzaoudzi",NA,"26a553e5-db62-41aa-8809-7a84ff06a684",12812500
"Furcifer polleni (Peters, 1874)","Furcifer","polleni","45.28237","-12.77824","France","Dzaoudzi",NA,"b688d025-877d-48a0-b545-31add8647445",12812500
"Furcifer polleni (Peters, 1874)","Furcifer","polleni","45.28237","-12.77824","France","Dzaoudzi",NA,"b688d025-877d-48a0-b545-31add8647445",12812500
"Furcifer polleni (Peters, 1874)","Furcifer","polleni","45.28237","-12.77824","France","Dzaoudzi",NA,"b688d025-877d-48a0-b545-31add8647445",12812500
"Furcifer polleni (Peters, 1874)","Furcifer","polleni","45.28237","-12.77824","France","Dzaoudzi",NA,"b688d025-877d-48a0-b545-31add8647445",12812500
"Furcifer polleni (Peters, 1874)","Furcifer","polleni","45.28237","-12.77824","France","Dzaoudzi",NA,"b688d025-877d-48a0-b545-31add8647445",12812500
"Furcifer polleni (Peters, 1874)","Furcifer","polleni","45.28237","-12.77824","France","Dzaoudzi",NA,"26a553e5-db62-41aa-8809-7a84ff06a684",12812500
"Furcifer polleni (Peters, 1874)","Furcifer","polleni","45.28237","-12.77824","France","Dzaoudzi",NA,"b688d025-877d-48a0-b545-31add8647445",12812500
"Furcifer polleni (Peters, 1874)","Furcifer","polleni","45.28237","-12.77824","France","Dzaoudzi",NA,"26a553e5-db62-41aa-8809-7a84ff06a684",12812500
"Furcifer polleni (Peters, 1874)","Furcifer","polleni","45.28237","-12.77824","France","Dzaoudzi",NA,"b688d025-877d-48a0-b545-31add8647445",12812500
"Furcifer polleni (Peters, 1874)","Furcifer","polleni","45.28237","-12.77824","France","Dzaoudzi",NA,"26a553e5-db62-41aa-8809-7a84ff06a684",12812500
"Furcifer polleni (Peters, 1874)","Furcifer","polleni","45.28237","-12.77824","France","Dzaoudzi",NA,"b688d025-877d-48a0-b545-31add8647445",12812500
"Furcifer polleni (Peters, 1874)","Furcifer","polleni","45.28237","-12.77824","France","Dzaoudzi",NA,"b688d025-877d-48a0-b545-31add8647445",12812500
"Furcifer polleni (Peters, 1874)","Furcifer","polleni","45.28237","-12.77824","France","Dzaoudzi",NA,"26a553e5-db62-41aa-8809-7a84ff06a684",12812500
"Furcifer polleni (Peters, 1874)","Furcifer","polleni","45.28237","-12.77824","France","Dzaoudzi",NA,"26a553e5-db62-41aa-8809-7a84ff06a684",12812500
"Furcifer polleni (Peters, 1874)","Furcifer","polleni","45.28237","-12.77824","France","Dzaoudzi",NA,"b688d025-877d-48a0-b545-31add8647445",12812500
"Furcifer polleni (Peters, 1874)","Furcifer","polleni","45.28237","-12.77824","France","Dzaoudzi",NA,"b688d025-877d-48a0-b545-31add8647445",12812500
"Furcifer polleni (Peters, 1874)","Furcifer","polleni","45.28237","-12.77824","France","Dzaoudzi",NA,"b688d025-877d-48a0-b545-31add8647445",12812500
"Furcifer polleni (Peters, 1874)","Furcifer","polleni","45.28237","-12.77824","France","Dzaoudzi",NA,"26a553e5-db62-41aa-8809-7a84ff06a684",12812500
"Furcifer pardalis (Cuvier, 1829)","Furcifer","pardalis","55.428661","-20.911736","Reunion",NA,NA,"50c9509d-22c7-4a22-a47d-8c48425ef4a7",2896937500
"Furcifer pardalis (Cuvier, 1829)","Furcifer","pardalis","55.474284","-21.251205","Reunion",NA,NA,"50c9509d-22c7-4a22-a47d-8c48425ef4a7",2896937500
"Furcifer pardalis (Cuvier, 1829)","Furcifer","pardalis","55.575388","-21.340095","Reunion",NA,NA,"50c9509d-22c7-4a22-a47d-8c48425ef4a7",2896937500
"Furcifer lateralis (Gray, 1831)","Furcifer","lateralis","47.533407","-18.884312","Madagascar",NA,NA,"50c9509d-22c7-4a22-a47d-8c48425ef4a7",6.68e+11
"Furcifer pardalis (Cuvier, 1829)","Furcifer","pardalis","55.644853","-20.931393","Reunion",NA,NA,"50c9509d-22c7-4a22-a47d-8c48425ef4a7",2896937500
"Furcifer oustaleti (Mocquard, 1894)","Furcifer","oustaleti","47.296895","-16.254078","Madagascar",NA,NA,"50c9509d-22c7-4a22-a47d-8c48425ef4a7",6.68e+11
"Furcifer oustaleti (Mocquard, 1894)","Furcifer","oustaleti","47.443822","-18.817805","Madagascar",NA,NA,"50c9509d-22c7-4a22-a47d-8c48425ef4a7",6.68e+11
"Furcifer pardalis (Cuvier, 1829)","Furcifer","pardalis","48.344033","-13.392228","Madagascar","Nosy Be",NA,"50c9509d-22c7-4a22-a47d-8c48425ef4a7",298125000
"Furcifer pardalis (Cuvier, 1829)","Furcifer","pardalis","48.344033","-13.392228","Madagascar","Nosy Be",NA,"50c9509d-22c7-4a22-a47d-8c48425ef4a7",298125000
"Furcifer pardalis (Cuvier, 1829)","Furcifer","pardalis","48.344033","-13.392228","Madagascar","Nosy Be",NA,"50c9509d-22c7-4a22-a47d-8c48425ef4a7",298125000
"Furcifer pardalis (Cuvier, 1829)","Furcifer","pardalis","48.344033","-13.392228","Madagascar","Nosy Be",NA,"50c9509d-22c7-4a22-a47d-8c48425ef4a7",298125000
"Furcifer pardalis (Cuvier, 1829)","Furcifer","pardalis","48.343669","-13.392528","Madagascar","Nosy Be",NA,"50c9509d-22c7-4a22-a47d-8c48425ef4a7",298125000
"Furcifer pardalis (Cuvier, 1829)","Furcifer","pardalis","48.343669","-13.392528","Madagascar","Nosy Be",NA,"50c9509d-22c7-4a22-a47d-8c48425ef4a7",298125000
"Furcifer polleni (Peters, 1874)","Furcifer","polleni","45.19437","-12.79033","Mayotte",NA,NA,"f01f84a9-2ce2-4486-ad9d-e03cbc1636c6",378937500
"Furcifer nicosiai Jesu, Mattioli & Schimmenti, 1999","Furcifer","nicosiai","44.77753","-20.016506","Madagascar",NA,NA,"50c9509d-22c7-4a22-a47d-8c48425ef4a7",6.68e+11
"Furcifer labordi (Grandidier, 1872)","Furcifer","labordi","44.799796","-20.179301","Madagascar",NA,NA,"50c9509d-22c7-4a22-a47d-8c48425ef4a7",6.68e+11
"Furcifer oustaleti (Mocquard, 1894)","Furcifer","oustaleti","44.775915","-20.135121","Madagascar",NA,NA,"50c9509d-22c7-4a22-a47d-8c48425ef4a7",6.68e+11
"Furcifer nicosiai Jesu, Mattioli & Schimmenti, 1999","Furcifer","nicosiai","44.735068","-20.015618","Madagascar",NA,NA,"50c9509d-22c7-4a22-a47d-8c48425ef4a7",6.68e+11
"Furcifer labordi (Grandidier, 1872)","Furcifer","labordi","44.651868","-20.043074","Madagascar",NA,NA,"50c9509d-22c7-4a22-a47d-8c48425ef4a7",6.68e+11
"Furcifer nicosiai Jesu, Mattioli & Schimmenti, 1999","Furcifer","nicosiai","44.74963","-20.121959","Madagascar",NA,NA,"50c9509d-22c7-4a22-a47d-8c48425ef4a7",6.68e+11
"Furcifer oustaleti (Mocquard, 1894)","Furcifer","oustaleti","44.692198","-20.014141","Madagascar",NA,NA,"50c9509d-22c7-4a22-a47d-8c48425ef4a7",6.68e+11
"Furcifer pardalis (Cuvier, 1829)","Furcifer","pardalis","57.552152","-20.334669","Mauritius",NA,NA,"50c9509d-22c7-4a22-a47d-8c48425ef4a7",2129062500
"Furcifer major (Brygoo, 1971)","Furcifer","major","43.664002","-23.346852","Madagascar",NA,NA,"50c9509d-22c7-4a22-a47d-8c48425ef4a7",6.68e+11
"Furcifer pardalis (Cuvier, 1829)","Furcifer","pardalis","55.54063","-21.32723","Reunion",NA,NA,"54a4515b-5e0d-4d8d-8021-31c73decba97",2896937500
"Furcifer antimena (Grandidier, 1872)","Furcifer","antimena","43.692203","-23.142899","Madagascar",NA,NA,"50c9509d-22c7-4a22-a47d-8c48425ef4a7",6.68e+11
"Furcifer oustaleti (Mocquard, 1894)","Furcifer","oustaleti","47.416992","-21.263781","Madagascar",NA,NA,"50c9509d-22c7-4a22-a47d-8c48425ef4a7",6.68e+11
"Furcifer lateralis (Gray, 1831)","Furcifer","lateralis","47.283552","-20.489277","Madagascar",NA,NA,"50c9509d-22c7-4a22-a47d-8c48425ef4a7",6.68e+11
"Furcifer antimena (Grandidier, 1872)","Furcifer","antimena","43.708689","-23.099322","Madagascar",NA,NA,"50c9509d-22c7-4a22-a47d-8c48425ef4a7",6.68e+11
"Furcifer verrucosus Cuvier, 1829","Furcifer","verrucosus","43.590598","-23.064241","Madagascar",NA,NA,"50c9509d-22c7-4a22-a47d-8c48425ef4a7",6.68e+11
"Furcifer rhinoceratus (Gray, 1845)","Furcifer","rhinoceratus","46.839871","-16.295437","Madagascar",NA,NA,"50c9509d-22c7-4a22-a47d-8c48425ef4a7",6.68e+11
"Furcifer pardalis (Cuvier, 1829)","Furcifer","pardalis","55.44634","-20.88906","Reunion",NA,NA,"54a4515b-5e0d-4d8d-8021-31c73decba97",2896937500
"Furcifer oustaleti (Mocquard, 1894)","Furcifer","oustaleti","46.835637","-16.244713","Madagascar",NA,NA,"50c9509d-22c7-4a22-a47d-8c48425ef4a7",6.68e+11
"Furcifer pardalis (Cuvier, 1829)","Furcifer","pardalis","55.45774","-21.24295","Reunion",NA,NA,"54a4515b-5e0d-4d8d-8021-31c73decba97",2896937500
"Furcifer pardalis (Cuvier, 1829)","Furcifer","pardalis","55.54087","-21.32849","Reunion",NA,NA,"54a4515b-5e0d-4d8d-8021-31c73decba97",2896937500
"Furcifer labordi (Grandidier, 1872)","Furcifer","labordi","44.636575","-20.091389","Madagascar",NA,NA,"50c9509d-22c7-4a22-a47d-8c48425ef4a7",6.68e+11
"Furcifer oustaleti (Mocquard, 1894)","Furcifer","oustaleti","44.660178","-20.067728","Madagascar",NA,NA,"50c9509d-22c7-4a22-a47d-8c48425ef4a7",6.68e+11
"Furcifer oustaleti (Mocquard, 1894)","Furcifer","oustaleti","44.665742","-20.069445","Madagascar",NA,NA,"50c9509d-22c7-4a22-a47d-8c48425ef4a7",6.68e+11
"Furcifer labordi (Grandidier, 1872)","Furcifer","labordi","44.629531","-20.07028","Madagascar",NA,NA,"50c9509d-22c7-4a22-a47d-8c48425ef4a7",6.68e+11
"Furcifer pardalis (Cuvier, 1829)","Furcifer","pardalis","55.49904","-21.27013","Reunion",NA,NA,"54a4515b-5e0d-4d8d-8021-31c73decba97",2896937500
"Furcifer nicosiai Jesu, Mattioli & Schimmenti, 1999","Furcifer","nicosiai","44.723009","-20.14976","Madagascar",NA,NA,"50c9509d-22c7-4a22-a47d-8c48425ef4a7",6.68e+11
"Furcifer viridis Florio, Ingram, Rakotondravony, Louis Jr & Raxworthy, 2012","Furcifer","viridis","44.27885","-20.313517","Madagascar",NA,NA,"50c9509d-22c7-4a22-a47d-8c48425ef4a7",6.68e+11
"Furcifer viridis Florio, Ingram, Rakotondravony, Louis Jr & Raxworthy, 2012","Furcifer","viridis","44.335982","-20.3304","Madagascar",NA,NA,"50c9509d-22c7-4a22-a47d-8c48425ef4a7",6.68e+11
"Furcifer labordi (Grandidier, 1872)","Furcifer","labordi","44.552398","-20.058797","Madagascar",NA,NA,"50c9509d-22c7-4a22-a47d-8c48425ef4a7",6.68e+11
"Furcifer lateralis (Gray, 1831)","Furcifer","lateralis","46.90418","-22.127857","Madagascar",NA,NA,"50c9509d-22c7-4a22-a47d-8c48425ef4a7",6.68e+11
"Furcifer antimena (Grandidier, 1872)","Furcifer","antimena","43.745801","-23.019076","Madagascar",NA,NA,"50c9509d-22c7-4a22-a47d-8c48425ef4a7",6.68e+11
"Furcifer polleni (Peters, 1874)","Furcifer","polleni","45.13696","-12.83539","Mayotte",NA,NA,"4b985f17-fe6c-4452-97db-d4a41d35be47",378937500
"Furcifer polleni (Peters, 1874)","Furcifer","polleni","45.13777","-12.83612","Mayotte",NA,NA,"4b985f17-fe6c-4452-97db-d4a41d35be47",378937500
"Furcifer labordi (Grandidier, 1872)","Furcifer","labordi","44.671559","-20.045489","Madagascar",NA,NA,"50c9509d-22c7-4a22-a47d-8c48425ef4a7",6.68e+11
"Furcifer balteatus (Duméril & Bibron, 1851)","Furcifer","balteatus","47.485332","-21.205522","Madagascar",NA,NA,"50c9509d-22c7-4a22-a47d-8c48425ef4a7",6.68e+11
"Furcifer oustaleti (Mocquard, 1894)","Furcifer","oustaleti","46.854352","-21.857406","Madagascar",NA,NA,"50c9509d-22c7-4a22-a47d-8c48425ef4a7",6.68e+11
"Furcifer pardalis (Cuvier, 1829)","Furcifer","pardalis","55.82935","-21.18532","Reunion",NA,NA,"6ac3f774-d9fb-4796-b3e9-92bf6c81c084",2896937500
"Furcifer polleni (Peters, 1874)","Furcifer","polleni","45.195241","-12.831685","Mayotte",NA,NA,"50c9509d-22c7-4a22-a47d-8c48425ef4a7",378937500
"Furcifer lateralis (Gray, 1831)","Furcifer","lateralis","47.177495","-20.777842","Madagascar",NA,NA,"50c9509d-22c7-4a22-a47d-8c48425ef4a7",6.68e+11
"Furcifer pardalis (Cuvier, 1829)","Furcifer","pardalis","55.64681","-20.9157","Reunion",NA,NA,"54a4515b-5e0d-4d8d-8021-31c73decba97",2896937500
"Furcifer pardalis (Cuvier, 1829)","Furcifer","pardalis","55.50704","-21.26245","Reunion",NA,NA,"54a4515b-5e0d-4d8d-8021-31c73decba97",2896937500
"Furcifer labordi (Grandidier, 1872)","Furcifer","labordi","44.678886","-20.176225","Madagascar",NA,NA,"50c9509d-22c7-4a22-a47d-8c48425ef4a7",6.68e+11
"Furcifer major (Brygoo, 1971)","Furcifer","major","45.239235","-22.467647","Madagascar",NA,NA,"50c9509d-22c7-4a22-a47d-8c48425ef4a7",6.68e+11
"Furcifer major (Brygoo, 1971)","Furcifer","major","45.377641","-22.560197","Madagascar",NA,NA,"50c9509d-22c7-4a22-a47d-8c48425ef4a7",6.68e+11
"Furcifer labordi (Grandidier, 1872)","Furcifer","labordi","44.693925","-20.013718","Madagascar",NA,NA,"50c9509d-22c7-4a22-a47d-8c48425ef4a7",6.68e+11
"Furcifer nicosiai Jesu, Mattioli & Schimmenti, 1999","Furcifer","nicosiai","44.696921","-20.126442","Madagascar",NA,NA,"50c9509d-22c7-4a22-a47d-8c48425ef4a7",6.68e+11
"Furcifer campani (Grandidier, 1872)","Furcifer","campani","46.845498","-22.130057","Madagascar",NA,NA,"50c9509d-22c7-4a22-a47d-8c48425ef4a7",6.68e+11
"Furcifer pardalis (Cuvier, 1829)","Furcifer","pardalis","55.5147","-21.26073","Reunion",NA,NA,"54a4515b-5e0d-4d8d-8021-31c73decba97",2896937500
"Furcifer pardalis (Cuvier, 1829)","Furcifer","pardalis","55.2791","-21.03005","Reunion",NA,NA,"54a4515b-5e0d-4d8d-8021-31c73decba97",2896937500
"Furcifer pardalis (Cuvier, 1829)","Furcifer","pardalis","55.27906","-21.03218","Reunion",NA,NA,"54a4515b-5e0d-4d8d-8021-31c73decba97",2896937500
"Furcifer pardalis (Cuvier, 1829)","Furcifer","pardalis","55.65617","-21.00792","Reunion",NA,NA,"54a4515b-5e0d-4d8d-8021-31c73decba97",2896937500
"Furcifer pardalis (Cuvier, 1829)","Furcifer","pardalis","55.471983","-20.917916","Reunion",NA,NA,"50c9509d-22c7-4a22-a47d-8c48425ef4a7",2896937500
"Furcifer pardalis (Cuvier, 1829)","Furcifer","pardalis","55.47165","-20.91775","Reunion",NA,NA,"54a4515b-5e0d-4d8d-8021-31c73decba97",2896937500
"Furcifer pardalis (Cuvier, 1829)","Furcifer","pardalis","55.50062","-21.26683","Reunion",NA,NA,"54a4515b-5e0d-4d8d-8021-31c73decba97",2896937500
"Furcifer pardalis (Cuvier, 1829)","Furcifer","pardalis","55.41764","-20.89344","Reunion",NA,NA,"54a4515b-5e0d-4d8d-8021-31c73decba97",2896937500
"Furcifer pardalis (Cuvier, 1829)","Furcifer","pardalis","55.56315","-21.35566","Reunion",NA,NA,"54a4515b-5e0d-4d8d-8021-31c73decba97",2896937500
"Furcifer pardalis (Cuvier, 1829)","Furcifer","pardalis","55.50317","-21.26331","Reunion",NA,NA,"54a4515b-5e0d-4d8d-8021-31c73decba97",2896937500
"Furcifer pardalis (Cuvier, 1829)","Furcifer","pardalis","55.48681","-21.25841","Reunion",NA,NA,"54a4515b-5e0d-4d8d-8021-31c73decba97",2896937500
"Furcifer pardalis (Cuvier, 1829)","Furcifer","pardalis","55.51689","-20.9485","Reunion",NA,NA,"54a4515b-5e0d-4d8d-8021-31c73decba97",2896937500
"Furcifer pardalis (Cuvier, 1829)","Furcifer","pardalis","55.27842","-21.03034","Reunion",NA,NA,"54a4515b-5e0d-4d8d-8021-31c73decba97",2896937500
"Furcifer pardalis (Cuvier, 1829)","Furcifer","pardalis","55.33753","-20.98614","Reunion",NA,NA,"54a4515b-5e0d-4d8d-8021-31c73decba97",2896937500
"Furcifer pardalis (Cuvier, 1829)","Furcifer","pardalis","55.33241","-21.22385","Reunion",NA,NA,"54a4515b-5e0d-4d8d-8021-31c73decba97",2896937500
"Furcifer pardalis (Cuvier, 1829)","Furcifer","pardalis","55.28365","-21.04865","Reunion",NA,NA,"54a4515b-5e0d-4d8d-8021-31c73decba97",2896937500
"Furcifer pardalis (Cuvier, 1829)","Furcifer","pardalis","55.56294","-21.35607","Reunion",NA,NA,"54a4515b-5e0d-4d8d-8021-31c73decba97",2896937500
"Furcifer pardalis (Cuvier, 1829)","Furcifer","pardalis","55.367108","-21.252228","Reunion",NA,NA,"50c9509d-22c7-4a22-a47d-8c48425ef4a7",2896937500
"Furcifer pardalis (Cuvier, 1829)","Furcifer","pardalis","55.487965","-20.923772","Reunion",NA,NA,"50c9509d-22c7-4a22-a47d-8c48425ef4a7",2896937500
"Furcifer pardalis (Cuvier, 1829)","Furcifer","pardalis","55.3374","-20.98633","Reunion",NA,NA,"54a4515b-5e0d-4d8d-8021-31c73decba97",2896937500
"Furcifer pardalis (Cuvier, 1829)","Furcifer","pardalis","55.4176","-20.89354","Reunion",NA,NA,"54a4515b-5e0d-4d8d-8021-31c73decba97",2896937500
"Furcifer pardalis (Cuvier, 1829)","Furcifer","pardalis","55.41751","-20.8934","Reunion",NA,NA,"54a4515b-5e0d-4d8d-8021-31c73decba97",2896937500
"Furcifer pardalis (Cuvier, 1829)","Furcifer","pardalis","55.46648","-21.29196","Reunion",NA,NA,"54a4515b-5e0d-4d8d-8021-31c73decba97",2896937500
"Furcifer pardalis (Cuvier, 1829)","Furcifer","pardalis","55.5033","-21.29923","Reunion",NA,NA,"54a4515b-5e0d-4d8d-8021-31c73decba97",2896937500
"Furcifer pardalis (Cuvier, 1829)","Furcifer","pardalis","55.47097","-21.27411","Reunion",NA,NA,"54a4515b-5e0d-4d8d-8021-31c73decba97",2896937500
"Furcifer pardalis (Cuvier, 1829)","Furcifer","pardalis","55.28365","-21.04865","Reunion",NA,NA,"54a4515b-5e0d-4d8d-8021-31c73decba97",2896937500
"Furcifer pardalis (Cuvier, 1829)","Furcifer","pardalis","55.41752","-20.89337","Reunion",NA,NA,"54a4515b-5e0d-4d8d-8021-31c73decba97",2896937500
"Furcifer pardalis (Cuvier, 1829)","Furcifer","pardalis","55.41451","-20.89078","Reunion",NA,NA,"54a4515b-5e0d-4d8d-8021-31c73decba97",2896937500
"Furcifer pardalis (Cuvier, 1829)","Furcifer","pardalis","55.51755","-20.94737","Reunion",NA,NA,"54a4515b-5e0d-4d8d-8021-31c73decba97",2896937500
"Furcifer pardalis (Cuvier, 1829)","Furcifer","pardalis","55.28015","-21.04979","Reunion",NA,NA,"54a4515b-5e0d-4d8d-8021-31c73decba97",2896937500
"Furcifer pardalis (Cuvier, 1829)","Furcifer","pardalis","55.41748","-20.89327","Reunion",NA,NA,"54a4515b-5e0d-4d8d-8021-31c73decba97",2896937500
"Furcifer pardalis (Cuvier, 1829)","Furcifer","pardalis","55.41743","-20.89334","Reunion",NA,NA,"54a4515b-5e0d-4d8d-8021-31c73decba97",2896937500
"Furcifer pardalis (Cuvier, 1829)","Furcifer","pardalis","55.28377","-20.98398","Reunion",NA,NA,"54a4515b-5e0d-4d8d-8021-31c73decba97",2896937500
"Furcifer pardalis (Cuvier, 1829)","Furcifer","pardalis","55.47306","-20.90987","Reunion",NA,NA,"54a4515b-5e0d-4d8d-8021-31c73decba97",2896937500
"Furcifer pardalis (Cuvier, 1829)","Furcifer","pardalis","55.47306","-20.90986","Reunion",NA,NA,"54a4515b-5e0d-4d8d-8021-31c73decba97",2896937500
"Furcifer pardalis (Cuvier, 1829)","Furcifer","pardalis","55.52874","-20.93575","Reunion",NA,NA,"54a4515b-5e0d-4d8d-8021-31c73decba97",2896937500
"Furcifer pardalis (Cuvier, 1829)","Furcifer","pardalis","55.47959","-21.25247","Reunion",NA,NA,"54a4515b-5e0d-4d8d-8021-31c73decba97",2896937500
"Furcifer pardalis (Cuvier, 1829)","Furcifer","pardalis","55.52873","-20.93583","Reunion",NA,NA,"54a4515b-5e0d-4d8d-8021-31c73decba97",2896937500
"Furcifer pardalis (Cuvier, 1829)","Furcifer","pardalis","55.60453","-20.92041","Reunion",NA,NA,"54a4515b-5e0d-4d8d-8021-31c73decba97",2896937500
"Furcifer pardalis (Cuvier, 1829)","Furcifer","pardalis","55.46739","-21.27702","Reunion",NA,NA,"54a4515b-5e0d-4d8d-8021-31c73decba97",2896937500
"Furcifer pardalis (Cuvier, 1829)","Furcifer","pardalis","55.47311","-20.90978","Reunion",NA,NA,"54a4515b-5e0d-4d8d-8021-31c73decba97",2896937500
"Furcifer pardalis (Cuvier, 1829)","Furcifer","pardalis","55.52873","-20.93583","Reunion",NA,NA,"54a4515b-5e0d-4d8d-8021-31c73decba97",2896937500
"Furcifer pardalis (Cuvier, 1829)","Furcifer","pardalis","55.6459","-20.91537","Reunion",NA,NA,"54a4515b-5e0d-4d8d-8021-31c73decba97",2896937500
"Furcifer pardalis (Cuvier, 1829)","Furcifer","pardalis","55.47313","-20.90984","Reunion",NA,NA,"54a4515b-5e0d-4d8d-8021-31c73decba97",2896937500
"Furcifer pardalis (Cuvier, 1829)","Furcifer","pardalis","55.42398","-21.30658","France","Reunion Island",NA,"54a4515b-5e0d-4d8d-8021-31c73decba97",2896937500
"Furcifer pardalis (Cuvier, 1829)","Furcifer","pardalis","55.47316","-20.90992","Reunion",NA,NA,"54a4515b-5e0d-4d8d-8021-31c73decba97",2896937500
"Furcifer polleni (Peters, 1874)","Furcifer","polleni","45.1487","-12.91917","Mayotte",NA,NA,"6e9e1286-106b-47e8-aa17-8e53df3e4b2e",378937500
"Furcifer polleni (Peters, 1874)","Furcifer","polleni","45.1487","-12.91917","Mayotte",NA,NA,"6e9e1286-106b-47e8-aa17-8e53df3e4b2e",378937500
"Furcifer polleni (Peters, 1874)","Furcifer","polleni","45.1487","-12.91917","Mayotte",NA,NA,"6e9e1286-106b-47e8-aa17-8e53df3e4b2e",378937500
"Furcifer polleni (Peters, 1874)","Furcifer","polleni","45.1487","-12.91917","Mayotte",NA,NA,"6e9e1286-106b-47e8-aa17-8e53df3e4b2e",378937500
"Furcifer pardalis (Cuvier, 1829)","Furcifer","pardalis","55.47308","-20.90986","Reunion",NA,NA,"54a4515b-5e0d-4d8d-8021-31c73decba97",2896937500
"Furcifer polleni (Peters, 1874)","Furcifer","polleni","45.1487","-12.91917","Mayotte",NA,NA,"ab525cbd-e9f2-4639-b17e-cb5f0b067ef9",378937500
"Furcifer polleni (Peters, 1874)","Furcifer","polleni","45.1487","-12.91917","Mayotte",NA,NA,"6e9e1286-106b-47e8-aa17-8e53df3e4b2e",378937500
"Furcifer polleni (Peters, 1874)","Furcifer","polleni","45.1487","-12.91917","Mayotte",NA,NA,"ab525cbd-e9f2-4639-b17e-cb5f0b067ef9",378937500
"Furcifer polleni (Peters, 1874)","Furcifer","polleni","45.1487","-12.91917","Mayotte",NA,NA,"ab525cbd-e9f2-4639-b17e-cb5f0b067ef9",378937500
"Furcifer polleni (Peters, 1874)","Furcifer","polleni","45.1487","-12.91917","Mayotte",NA,NA,"6e9e1286-106b-47e8-aa17-8e53df3e4b2e",378937500
"Furcifer polleni (Peters, 1874)","Furcifer","polleni","45.1487","-12.91917","Mayotte",NA,NA,"6e9e1286-106b-47e8-aa17-8e53df3e4b2e",378937500
"Furcifer polleni (Peters, 1874)","Furcifer","polleni","45.1487","-12.91917","Mayotte",NA,NA,"6e9e1286-106b-47e8-aa17-8e53df3e4b2e",378937500
"Furcifer polleni (Peters, 1874)","Furcifer","polleni","45.1487","-12.91917","Mayotte",NA,NA,"ab525cbd-e9f2-4639-b17e-cb5f0b067ef9",378937500
"Furcifer polleni (Peters, 1874)","Furcifer","polleni","45.1487","-12.91917","Mayotte",NA,NA,"ab525cbd-e9f2-4639-b17e-cb5f0b067ef9",378937500
"Furcifer polleni (Peters, 1874)","Furcifer","polleni","45.1487","-12.91917","Mayotte",NA,NA,"ab525cbd-e9f2-4639-b17e-cb5f0b067ef9",378937500
"Furcifer polleni (Peters, 1874)","Furcifer","polleni","45.1487","-12.91917","Mayotte",NA,NA,"6e9e1286-106b-47e8-aa17-8e53df3e4b2e",378937500
"Furcifer polleni (Peters, 1874)","Furcifer","polleni","45.1487","-12.91917","Mayotte",NA,NA,"ab525cbd-e9f2-4639-b17e-cb5f0b067ef9",378937500
"Furcifer polleni (Peters, 1874)","Furcifer","polleni","45.1487","-12.91917","Mayotte",NA,NA,"6e9e1286-106b-47e8-aa17-8e53df3e4b2e",378937500
"Furcifer polleni (Peters, 1874)","Furcifer","polleni","45.1487","-12.91917","Mayotte",NA,NA,"ab525cbd-e9f2-4639-b17e-cb5f0b067ef9",378937500
"Furcifer polleni (Peters, 1874)","Furcifer","polleni","45.1487","-12.91917","Mayotte",NA,NA,"6e9e1286-106b-47e8-aa17-8e53df3e4b2e",378937500
"Furcifer polleni (Peters, 1874)","Furcifer","polleni","45.1487","-12.91917","Mayotte",NA,NA,"ab525cbd-e9f2-4639-b17e-cb5f0b067ef9",378937500
"Furcifer polleni (Peters, 1874)","Furcifer","polleni","45.1487","-12.91917","Mayotte",NA,NA,"6e9e1286-106b-47e8-aa17-8e53df3e4b2e",378937500
"Furcifer polleni (Peters, 1874)","Furcifer","polleni","45.1487","-12.91917","Mayotte",NA,NA,"ab525cbd-e9f2-4639-b17e-cb5f0b067ef9",378937500
"Furcifer polleni (Peters, 1874)","Furcifer","polleni","45.1487","-12.91917","Mayotte",NA,NA,"ab525cbd-e9f2-4639-b17e-cb5f0b067ef9",378937500
"Furcifer polleni (Peters, 1874)","Furcifer","polleni","45.1487","-12.91917","Mayotte",NA,NA,"6e9e1286-106b-47e8-aa17-8e53df3e4b2e",378937500
"Furcifer polleni (Peters, 1874)","Furcifer","polleni","45.1487","-12.91917","Mayotte",NA,NA,"6e9e1286-106b-47e8-aa17-8e53df3e4b2e",378937500
"Furcifer polleni (Peters, 1874)","Furcifer","polleni","45.1487","-12.91917","Mayotte",NA,NA,"6e9e1286-106b-47e8-aa17-8e53df3e4b2e",378937500
"Furcifer polleni (Peters, 1874)","Furcifer","polleni","45.1487","-12.91917","Mayotte",NA,NA,"6e9e1286-106b-47e8-aa17-8e53df3e4b2e",378937500
"Furcifer polleni (Peters, 1874)","Furcifer","polleni","45.1487","-12.91917","Mayotte",NA,NA,"ab525cbd-e9f2-4639-b17e-cb5f0b067ef9",378937500
"Furcifer polleni (Peters, 1874)","Furcifer","polleni","45.1487","-12.91917","Mayotte",NA,NA,"ab525cbd-e9f2-4639-b17e-cb5f0b067ef9",378937500
"Furcifer polleni (Peters, 1874)","Furcifer","polleni","45.1487","-12.91917","Mayotte",NA,NA,"ab525cbd-e9f2-4639-b17e-cb5f0b067ef9",378937500
"Furcifer polleni (Peters, 1874)","Furcifer","polleni","45.1487","-12.91917","Mayotte",NA,NA,"ab525cbd-e9f2-4639-b17e-cb5f0b067ef9",378937500
"Furcifer polleni (Peters, 1874)","Furcifer","polleni","45.1487","-12.91917","Mayotte",NA,NA,"6e9e1286-106b-47e8-aa17-8e53df3e4b2e",378937500
"Furcifer polleni (Peters, 1874)","Furcifer","polleni","45.1487","-12.91917","Mayotte",NA,NA,"ab525cbd-e9f2-4639-b17e-cb5f0b067ef9",378937500
"Furcifer polleni (Peters, 1874)","Furcifer","polleni","45.1487","-12.91917","Mayotte",NA,NA,"ab525cbd-e9f2-4639-b17e-cb5f0b067ef9",378937500
"Furcifer polleni (Peters, 1874)","Furcifer","polleni","45.1487","-12.91917","Mayotte",NA,NA,"ab525cbd-e9f2-4639-b17e-cb5f0b067ef9",378937500
"Furcifer polleni (Peters, 1874)","Furcifer","polleni","45.1487","-12.91917","Mayotte",NA,NA,"ab525cbd-e9f2-4639-b17e-cb5f0b067ef9",378937500
"Furcifer polleni (Peters, 1874)","Furcifer","polleni","45.1487","-12.91917","Mayotte",NA,NA,"6e9e1286-106b-47e8-aa17-8e53df3e4b2e",378937500
"Furcifer polleni (Peters, 1874)","Furcifer","polleni","45.1487","-12.91917","Mayotte",NA,NA,"ab525cbd-e9f2-4639-b17e-cb5f0b067ef9",378937500
"Furcifer polleni (Peters, 1874)","Furcifer","polleni","45.1487","-12.91917","Mayotte",NA,NA,"ab525cbd-e9f2-4639-b17e-cb5f0b067ef9",378937500
"Furcifer polleni (Peters, 1874)","Furcifer","polleni","45.1487","-12.91917","Mayotte",NA,NA,"ab525cbd-e9f2-4639-b17e-cb5f0b067ef9",378937500
"Furcifer polleni (Peters, 1874)","Furcifer","polleni","45.1487","-12.91917","Mayotte",NA,NA,"ab525cbd-e9f2-4639-b17e-cb5f0b067ef9",378937500
"Furcifer polleni (Peters, 1874)","Furcifer","polleni","45.1487","-12.91917","Mayotte",NA,NA,"ab525cbd-e9f2-4639-b17e-cb5f0b067ef9",378937500
"Furcifer polleni (Peters, 1874)","Furcifer","polleni","45.1487","-12.91917","Mayotte",NA,NA,"ab525cbd-e9f2-4639-b17e-cb5f0b067ef9",378937500
"Furcifer polleni (Peters, 1874)","Furcifer","polleni","45.1487","-12.91917","Mayotte",NA,NA,"ab525cbd-e9f2-4639-b17e-cb5f0b067ef9",378937500
"Furcifer polleni (Peters, 1874)","Furcifer","polleni","45.1487","-12.91917","Mayotte",NA,NA,"ab525cbd-e9f2-4639-b17e-cb5f0b067ef9",378937500
"Furcifer polleni (Peters, 1874)","Furcifer","polleni","45.1487","-12.91917","Mayotte",NA,NA,"6e9e1286-106b-47e8-aa17-8e53df3e4b2e",378937500
"Furcifer polleni (Peters, 1874)","Furcifer","polleni","45.1487","-12.91917","Mayotte",NA,NA,"6e9e1286-106b-47e8-aa17-8e53df3e4b2e",378937500
"Furcifer polleni (Peters, 1874)","Furcifer","polleni","45.1487","-12.91917","Mayotte",NA,NA,"6e9e1286-106b-47e8-aa17-8e53df3e4b2e",378937500
"Furcifer polleni (Peters, 1874)","Furcifer","polleni","45.1487","-12.91917","Mayotte",NA,NA,"ab525cbd-e9f2-4639-b17e-cb5f0b067ef9",378937500
"Furcifer polleni (Peters, 1874)","Furcifer","polleni","45.1487","-12.91917","Mayotte",NA,NA,"ab525cbd-e9f2-4639-b17e-cb5f0b067ef9",378937500
"Furcifer polleni (Peters, 1874)","Furcifer","polleni","45.1487","-12.91917","Mayotte",NA,NA,"6e9e1286-106b-47e8-aa17-8e53df3e4b2e",378937500
"Furcifer polleni (Peters, 1874)","Furcifer","polleni","45.1487","-12.91917","Mayotte",NA,NA,"6e9e1286-106b-47e8-aa17-8e53df3e4b2e",378937500
"Furcifer polleni (Peters, 1874)","Furcifer","polleni","45.1487","-12.91917","Mayotte",NA,NA,"6e9e1286-106b-47e8-aa17-8e53df3e4b2e",378937500
"Furcifer oustaleti (Mocquard, 1894)","Furcifer","oustaleti","46.845194","-21.848212","Madagascar",NA,NA,"50c9509d-22c7-4a22-a47d-8c48425ef4a7",6.68e+11
"Furcifer antimena (Grandidier, 1872)","Furcifer","antimena","43.746838","-23.023421","Madagascar",NA,NA,"50c9509d-22c7-4a22-a47d-8c48425ef4a7",6.68e+11
"Furcifer polleni (Peters, 1874)","Furcifer","polleni","45.1487","-12.91917","Mayotte",NA,NA,"ab525cbd-e9f2-4639-b17e-cb5f0b067ef9",378937500
"Furcifer polleni (Peters, 1874)","Furcifer","polleni","45.1487","-12.91917","Mayotte",NA,NA,"6e9e1286-106b-47e8-aa17-8e53df3e4b2e",378937500
"Furcifer polleni (Peters, 1874)","Furcifer","polleni","45.1487","-12.91917","Mayotte",NA,NA,"ab525cbd-e9f2-4639-b17e-cb5f0b067ef9",378937500
"Furcifer polleni (Peters, 1874)","Furcifer","polleni","45.1487","-12.91917","Mayotte",NA,NA,"ab525cbd-e9f2-4639-b17e-cb5f0b067ef9",378937500
"Furcifer polleni (Peters, 1874)","Furcifer","polleni","45.1487","-12.91917","Mayotte",NA,NA,"6e9e1286-106b-47e8-aa17-8e53df3e4b2e",378937500
"Furcifer polleni (Peters, 1874)","Furcifer","polleni","45.1487","-12.91917","Mayotte",NA,NA,"6e9e1286-106b-47e8-aa17-8e53df3e4b2e",378937500
"Furcifer polleni (Peters, 1874)","Furcifer","polleni","45.1487","-12.91917","Mayotte",NA,NA,"6e9e1286-106b-47e8-aa17-8e53df3e4b2e",378937500
"Furcifer polleni (Peters, 1874)","Furcifer","polleni","45.1487","-12.91917","Mayotte",NA,NA,"6e9e1286-106b-47e8-aa17-8e53df3e4b2e",378937500
"Furcifer polleni (Peters, 1874)","Furcifer","polleni","45.1487","-12.91917","Mayotte",NA,NA,"6e9e1286-106b-47e8-aa17-8e53df3e4b2e",378937500
"Furcifer polleni (Peters, 1874)","Furcifer","polleni","45.1487","-12.91917","Mayotte",NA,NA,"ab525cbd-e9f2-4639-b17e-cb5f0b067ef9",378937500
"Furcifer polleni (Peters, 1874)","Furcifer","polleni","45.1487","-12.91917","Mayotte",NA,NA,"ab525cbd-e9f2-4639-b17e-cb5f0b067ef9",378937500
"Furcifer polleni (Peters, 1874)","Furcifer","polleni","45.1487","-12.91917","Mayotte",NA,NA,"ab525cbd-e9f2-4639-b17e-cb5f0b067ef9",378937500
"Furcifer polleni (Peters, 1874)","Furcifer","polleni","45.1487","-12.91917","Mayotte",NA,NA,"6e9e1286-106b-47e8-aa17-8e53df3e4b2e",378937500
"Furcifer polleni (Peters, 1874)","Furcifer","polleni","45.1487","-12.91917","Mayotte",NA,NA,"6e9e1286-106b-47e8-aa17-8e53df3e4b2e",378937500
"Furcifer polleni (Peters, 1874)","Furcifer","polleni","45.1487","-12.91917","Mayotte",NA,NA,"6e9e1286-106b-47e8-aa17-8e53df3e4b2e",378937500
"Furcifer polleni (Peters, 1874)","Furcifer","polleni","45.1487","-12.91917","Mayotte",NA,NA,"ab525cbd-e9f2-4639-b17e-cb5f0b067ef9",378937500
"Furcifer polleni (Peters, 1874)","Furcifer","polleni","45.1487","-12.91917","Mayotte",NA,NA,"ab525cbd-e9f2-4639-b17e-cb5f0b067ef9",378937500
"Furcifer polleni (Peters, 1874)","Furcifer","polleni","45.1487","-12.91917","Mayotte",NA,NA,"6e9e1286-106b-47e8-aa17-8e53df3e4b2e",378937500
"Furcifer polleni (Peters, 1874)","Furcifer","polleni","45.1487","-12.91917","Mayotte",NA,NA,"ab525cbd-e9f2-4639-b17e-cb5f0b067ef9",378937500
"Furcifer polleni (Peters, 1874)","Furcifer","polleni","45.1487","-12.91917","Mayotte",NA,NA,"6e9e1286-106b-47e8-aa17-8e53df3e4b2e",378937500
"Furcifer polleni (Peters, 1874)","Furcifer","polleni","45.1487","-12.91917","Mayotte",NA,NA,"6e9e1286-106b-47e8-aa17-8e53df3e4b2e",378937500
"Furcifer polleni (Peters, 1874)","Furcifer","polleni","45.1487","-12.91917","Mayotte",NA,NA,"6e9e1286-106b-47e8-aa17-8e53df3e4b2e",378937500
"Furcifer polleni (Peters, 1874)","Furcifer","polleni","45.1487","-12.91917","Mayotte",NA,NA,"ab525cbd-e9f2-4639-b17e-cb5f0b067ef9",378937500
"Furcifer polleni (Peters, 1874)","Furcifer","polleni","45.1487","-12.91917","Mayotte",NA,NA,"6e9e1286-106b-47e8-aa17-8e53df3e4b2e",378937500
"Furcifer polleni (Peters, 1874)","Furcifer","polleni","45.1487","-12.91917","Mayotte",NA,NA,"ab525cbd-e9f2-4639-b17e-cb5f0b067ef9",378937500
"Furcifer polleni (Peters, 1874)","Furcifer","polleni","45.1487","-12.91917","Mayotte",NA,NA,"6e9e1286-106b-47e8-aa17-8e53df3e4b2e",378937500
"Furcifer polleni (Peters, 1874)","Furcifer","polleni","45.1487","-12.91917","Mayotte",NA,NA,"ab525cbd-e9f2-4639-b17e-cb5f0b067ef9",378937500
"Furcifer polleni (Peters, 1874)","Furcifer","polleni","45.1487","-12.91917","Mayotte",NA,NA,"ab525cbd-e9f2-4639-b17e-cb5f0b067ef9",378937500
"Furcifer polleni (Peters, 1874)","Furcifer","polleni","45.1487","-12.91917","Mayotte",NA,NA,"6e9e1286-106b-47e8-aa17-8e53df3e4b2e",378937500
"Furcifer polleni (Peters, 1874)","Furcifer","polleni","45.1487","-12.91917","Mayotte",NA,NA,"ab525cbd-e9f2-4639-b17e-cb5f0b067ef9",378937500
"Furcifer polleni (Peters, 1874)","Furcifer","polleni","45.1487","-12.91917","Mayotte",NA,NA,"6e9e1286-106b-47e8-aa17-8e53df3e4b2e",378937500
"Furcifer polleni (Peters, 1874)","Furcifer","polleni","45.1487","-12.91917","Mayotte",NA,NA,"6e9e1286-106b-47e8-aa17-8e53df3e4b2e",378937500
"Furcifer polleni (Peters, 1874)","Furcifer","polleni","45.1487","-12.91917","Mayotte",NA,NA,"ab525cbd-e9f2-4639-b17e-cb5f0b067ef9",378937500
"Furcifer polleni (Peters, 1874)","Furcifer","polleni","45.1487","-12.91917","Mayotte",NA,NA,"ab525cbd-e9f2-4639-b17e-cb5f0b067ef9",378937500
"Furcifer polleni (Peters, 1874)","Furcifer","polleni","45.1487","-12.91917","Mayotte",NA,NA,"6e9e1286-106b-47e8-aa17-8e53df3e4b2e",378937500
"Furcifer polleni (Peters, 1874)","Furcifer","polleni","45.1487","-12.91917","Mayotte",NA,NA,"6e9e1286-106b-47e8-aa17-8e53df3e4b2e",378937500
"Furcifer polleni (Peters, 1874)","Furcifer","polleni","45.1487","-12.91917","Mayotte",NA,NA,"6e9e1286-106b-47e8-aa17-8e53df3e4b2e",378937500
"Furcifer polleni (Peters, 1874)","Furcifer","polleni","45.1487","-12.91917","Mayotte",NA,NA,"6e9e1286-106b-47e8-aa17-8e53df3e4b2e",378937500
"Furcifer polleni (Peters, 1874)","Furcifer","polleni","45.1487","-12.91917","Mayotte",NA,NA,"ab525cbd-e9f2-4639-b17e-cb5f0b067ef9",378937500
"Furcifer polleni (Peters, 1874)","Furcifer","polleni","45.1487","-12.91917","Mayotte",NA,NA,"ab525cbd-e9f2-4639-b17e-cb5f0b067ef9",378937500
"Furcifer polleni (Peters, 1874)","Furcifer","polleni","45.1487","-12.91917","Mayotte",NA,NA,"ab525cbd-e9f2-4639-b17e-cb5f0b067ef9",378937500
"Furcifer polleni (Peters, 1874)","Furcifer","polleni","45.1487","-12.91917","Mayotte",NA,NA,"ab525cbd-e9f2-4639-b17e-cb5f0b067ef9",378937500
"Furcifer polleni (Peters, 1874)","Furcifer","polleni","45.1487","-12.91917","Mayotte",NA,NA,"ab525cbd-e9f2-4639-b17e-cb5f0b067ef9",378937500
"Furcifer polleni (Peters, 1874)","Furcifer","polleni","45.1487","-12.91917","Mayotte",NA,NA,"ab525cbd-e9f2-4639-b17e-cb5f0b067ef9",378937500
"Furcifer polleni (Peters, 1874)","Furcifer","polleni","45.1487","-12.91917","Mayotte",NA,NA,"ab525cbd-e9f2-4639-b17e-cb5f0b067ef9",378937500
"Furcifer polleni (Peters, 1874)","Furcifer","polleni","45.1487","-12.91917","Mayotte",NA,NA,"6e9e1286-106b-47e8-aa17-8e53df3e4b2e",378937500
"Furcifer polleni (Peters, 1874)","Furcifer","polleni","45.1487","-12.91917","Mayotte",NA,NA,"ab525cbd-e9f2-4639-b17e-cb5f0b067ef9",378937500
"Furcifer polleni (Peters, 1874)","Furcifer","polleni","45.1487","-12.91917","Mayotte",NA,NA,"ab525cbd-e9f2-4639-b17e-cb5f0b067ef9",378937500
"Furcifer polleni (Peters, 1874)","Furcifer","polleni","45.1487","-12.91917","Mayotte",NA,NA,"ab525cbd-e9f2-4639-b17e-cb5f0b067ef9",378937500
"Furcifer polleni (Peters, 1874)","Furcifer","polleni","45.1487","-12.91917","Mayotte",NA,NA,"6e9e1286-106b-47e8-aa17-8e53df3e4b2e",378937500
"Furcifer polleni (Peters, 1874)","Furcifer","polleni","45.1487","-12.91917","Mayotte",NA,NA,"6e9e1286-106b-47e8-aa17-8e53df3e4b2e",378937500
"Furcifer polleni (Peters, 1874)","Furcifer","polleni","45.1487","-12.91917","Mayotte",NA,NA,"6e9e1286-106b-47e8-aa17-8e53df3e4b2e",378937500
"Furcifer polleni (Peters, 1874)","Furcifer","polleni","45.1487","-12.91917","Mayotte",NA,NA,"6e9e1286-106b-47e8-aa17-8e53df3e4b2e",378937500
"Furcifer polleni (Peters, 1874)","Furcifer","polleni","45.1487","-12.91917","Mayotte",NA,NA,"6e9e1286-106b-47e8-aa17-8e53df3e4b2e",378937500
"Furcifer polleni (Peters, 1874)","Furcifer","polleni","45.1487","-12.91917","Mayotte",NA,NA,"6e9e1286-106b-47e8-aa17-8e53df3e4b2e",378937500
"Furcifer polleni (Peters, 1874)","Furcifer","polleni","45.1487","-12.91917","Mayotte",NA,NA,"ab525cbd-e9f2-4639-b17e-cb5f0b067ef9",378937500
"Furcifer polleni (Peters, 1874)","Furcifer","polleni","45.1487","-12.91917","Mayotte",NA,NA,"ab525cbd-e9f2-4639-b17e-cb5f0b067ef9",378937500
"Furcifer polleni (Peters, 1874)","Furcifer","polleni","45.1487","-12.91917","Mayotte",NA,NA,"ab525cbd-e9f2-4639-b17e-cb5f0b067ef9",378937500
"Furcifer polleni (Peters, 1874)","Furcifer","polleni","45.1487","-12.91917","Mayotte",NA,NA,"ab525cbd-e9f2-4639-b17e-cb5f0b067ef9",378937500
"Furcifer polleni (Peters, 1874)","Furcifer","polleni","45.1487","-12.91917","Mayotte",NA,NA,"ab525cbd-e9f2-4639-b17e-cb5f0b067ef9",378937500
"Furcifer polleni (Peters, 1874)","Furcifer","polleni","45.1487","-12.91917","Mayotte",NA,NA,"ab525cbd-e9f2-4639-b17e-cb5f0b067ef9",378937500
"Furcifer polleni (Peters, 1874)","Furcifer","polleni","45.1487","-12.91917","Mayotte",NA,NA,"6e9e1286-106b-47e8-aa17-8e53df3e4b2e",378937500
"Furcifer polleni (Peters, 1874)","Furcifer","polleni","45.1487","-12.91917","Mayotte",NA,NA,"6e9e1286-106b-47e8-aa17-8e53df3e4b2e",378937500
"Furcifer polleni (Peters, 1874)","Furcifer","polleni","45.1487","-12.91917","Mayotte",NA,NA,"ab525cbd-e9f2-4639-b17e-cb5f0b067ef9",378937500
"Furcifer polleni (Peters, 1874)","Furcifer","polleni","45.1487","-12.91917","Mayotte",NA,NA,"6e9e1286-106b-47e8-aa17-8e53df3e4b2e",378937500
"Furcifer polleni (Peters, 1874)","Furcifer","polleni","45.1487","-12.91917","Mayotte",NA,NA,"6e9e1286-106b-47e8-aa17-8e53df3e4b2e",378937500
"Furcifer polleni (Peters, 1874)","Furcifer","polleni","45.1487","-12.91917","Mayotte",NA,NA,"6e9e1286-106b-47e8-aa17-8e53df3e4b2e",378937500
"Furcifer polleni (Peters, 1874)","Furcifer","polleni","45.1487","-12.91917","Mayotte",NA,NA,"6e9e1286-106b-47e8-aa17-8e53df3e4b2e",378937500
"Furcifer polleni (Peters, 1874)","Furcifer","polleni","45.1487","-12.91917","Mayotte",NA,NA,"6e9e1286-106b-47e8-aa17-8e53df3e4b2e",378937500
"Furcifer polleni (Peters, 1874)","Furcifer","polleni","45.1487","-12.91917","Mayotte",NA,NA,"6e9e1286-106b-47e8-aa17-8e53df3e4b2e",378937500
"Furcifer polleni (Peters, 1874)","Furcifer","polleni","45.1487","-12.91917","Mayotte",NA,NA,"ab525cbd-e9f2-4639-b17e-cb5f0b067ef9",378937500
"Furcifer polleni (Peters, 1874)","Furcifer","polleni","45.1487","-12.91917","Mayotte",NA,NA,"ab525cbd-e9f2-4639-b17e-cb5f0b067ef9",378937500
"Furcifer polleni (Peters, 1874)","Furcifer","polleni","45.1487","-12.91917","Mayotte",NA,NA,"ab525cbd-e9f2-4639-b17e-cb5f0b067ef9",378937500
"Furcifer polleni (Peters, 1874)","Furcifer","polleni","45.1487","-12.91917","Mayotte",NA,NA,"ab525cbd-e9f2-4639-b17e-cb5f0b067ef9",378937500
"Furcifer polleni (Peters, 1874)","Furcifer","polleni","45.1487","-12.91917","Mayotte",NA,NA,"6e9e1286-106b-47e8-aa17-8e53df3e4b2e",378937500
"Furcifer polleni (Peters, 1874)","Furcifer","polleni","45.1487","-12.91917","Mayotte",NA,NA,"6e9e1286-106b-47e8-aa17-8e53df3e4b2e",378937500
"Furcifer polleni (Peters, 1874)","Furcifer","polleni","45.1487","-12.91917","Mayotte",NA,NA,"6e9e1286-106b-47e8-aa17-8e53df3e4b2e",378937500
"Furcifer polleni (Peters, 1874)","Furcifer","polleni","45.1487","-12.91917","Mayotte",NA,NA,"6e9e1286-106b-47e8-aa17-8e53df3e4b2e",378937500
"Furcifer polleni (Peters, 1874)","Furcifer","polleni","45.1487","-12.91917","Mayotte",NA,NA,"6e9e1286-106b-47e8-aa17-8e53df3e4b2e",378937500
"Furcifer polleni (Peters, 1874)","Furcifer","polleni","45.1487","-12.91917","Mayotte",NA,NA,"6e9e1286-106b-47e8-aa17-8e53df3e4b2e",378937500
"Furcifer polleni (Peters, 1874)","Furcifer","polleni","45.1487","-12.91917","Mayotte",NA,NA,"6e9e1286-106b-47e8-aa17-8e53df3e4b2e",378937500
"Furcifer polleni (Peters, 1874)","Furcifer","polleni","45.1487","-12.91917","Mayotte",NA,NA,"ab525cbd-e9f2-4639-b17e-cb5f0b067ef9",378937500
"Furcifer polleni (Peters, 1874)","Furcifer","polleni","45.1487","-12.91917","Mayotte",NA,NA,"6e9e1286-106b-47e8-aa17-8e53df3e4b2e",378937500
"Furcifer polleni (Peters, 1874)","Furcifer","polleni","45.1487","-12.91917","Mayotte",NA,NA,"6e9e1286-106b-47e8-aa17-8e53df3e4b2e",378937500
"Furcifer polleni (Peters, 1874)","Furcifer","polleni","45.1487","-12.91917","Mayotte",NA,NA,"6e9e1286-106b-47e8-aa17-8e53df3e4b2e",378937500
"Furcifer polleni (Peters, 1874)","Furcifer","polleni","45.1487","-12.91917","Mayotte",NA,NA,"ab525cbd-e9f2-4639-b17e-cb5f0b067ef9",378937500
"Furcifer polleni (Peters, 1874)","Furcifer","polleni","45.1487","-12.91917","Mayotte",NA,NA,"6e9e1286-106b-47e8-aa17-8e53df3e4b2e",378937500
"Furcifer polleni (Peters, 1874)","Furcifer","polleni","45.1487","-12.91917","Mayotte",NA,NA,"6e9e1286-106b-47e8-aa17-8e53df3e4b2e",378937500
"Furcifer polleni (Peters, 1874)","Furcifer","polleni","45.1487","-12.91917","Mayotte",NA,NA,"ab525cbd-e9f2-4639-b17e-cb5f0b067ef9",378937500
"Furcifer polleni (Peters, 1874)","Furcifer","polleni","45.1487","-12.91917","Mayotte",NA,NA,"ab525cbd-e9f2-4639-b17e-cb5f0b067ef9",378937500
"Furcifer polleni (Peters, 1874)","Furcifer","polleni","45.1487","-12.91917","Mayotte",NA,NA,"6e9e1286-106b-47e8-aa17-8e53df3e4b2e",378937500
"Furcifer polleni (Peters, 1874)","Furcifer","polleni","45.1487","-12.91917","Mayotte",NA,NA,"ab525cbd-e9f2-4639-b17e-cb5f0b067ef9",378937500
"Furcifer polleni (Peters, 1874)","Furcifer","polleni","45.1487","-12.91917","Mayotte",NA,NA,"ab525cbd-e9f2-4639-b17e-cb5f0b067ef9",378937500
"Furcifer polleni (Peters, 1874)","Furcifer","polleni","45.1487","-12.91917","Mayotte",NA,NA,"6e9e1286-106b-47e8-aa17-8e53df3e4b2e",378937500
"Furcifer polleni (Peters, 1874)","Furcifer","polleni","45.1487","-12.91917","Mayotte",NA,NA,"ab525cbd-e9f2-4639-b17e-cb5f0b067ef9",378937500
"Furcifer polleni (Peters, 1874)","Furcifer","polleni","45.1487","-12.91917","Mayotte",NA,NA,"6e9e1286-106b-47e8-aa17-8e53df3e4b2e",378937500
"Furcifer polleni (Peters, 1874)","Furcifer","polleni","45.1487","-12.91917","Mayotte",NA,NA,"ab525cbd-e9f2-4639-b17e-cb5f0b067ef9",378937500
"Furcifer polleni (Peters, 1874)","Furcifer","polleni","45.1487","-12.91917","Mayotte",NA,NA,"6e9e1286-106b-47e8-aa17-8e53df3e4b2e",378937500
"Furcifer polleni (Peters, 1874)","Furcifer","polleni","45.1487","-12.91917","Mayotte",NA,NA,"6e9e1286-106b-47e8-aa17-8e53df3e4b2e",378937500
"Furcifer polleni (Peters, 1874)","Furcifer","polleni","45.1487","-12.91917","Mayotte",NA,NA,"ab525cbd-e9f2-4639-b17e-cb5f0b067ef9",378937500
"Furcifer polleni (Peters, 1874)","Furcifer","polleni","45.1487","-12.91917","Mayotte",NA,NA,"ab525cbd-e9f2-4639-b17e-cb5f0b067ef9",378937500
"Furcifer polleni (Peters, 1874)","Furcifer","polleni","45.1487","-12.91917","Mayotte",NA,NA,"ab525cbd-e9f2-4639-b17e-cb5f0b067ef9",378937500
"Furcifer polleni (Peters, 1874)","Furcifer","polleni","45.1487","-12.91917","Mayotte",NA,NA,"ab525cbd-e9f2-4639-b17e-cb5f0b067ef9",378937500
"Furcifer polleni (Peters, 1874)","Furcifer","polleni","45.095098","-12.731159","Mayotte",NA,NA,"50c9509d-22c7-4a22-a47d-8c48425ef4a7",378937500
"Furcifer pardalis (Cuvier, 1829)","Furcifer","pardalis","55.4604","-21.24259","Reunion",NA,NA,"54a4515b-5e0d-4d8d-8021-31c73decba97",2896937500
"Furcifer oustaleti (Mocquard, 1894)","Furcifer","oustaleti","46.897422","-21.840687","Madagascar",NA,NA,"50c9509d-22c7-4a22-a47d-8c48425ef4a7",6.68e+11
"Furcifer pardalis (Cuvier, 1829)","Furcifer","pardalis","55.525215","-20.924975","Reunion",NA,NA,"50c9509d-22c7-4a22-a47d-8c48425ef4a7",2896937500
"Furcifer major (Brygoo, 1971)","Furcifer","major","47.106383","-24.773505","Madagascar",NA,NA,"50c9509d-22c7-4a22-a47d-8c48425ef4a7",6.68e+11
"Furcifer pardalis (Cuvier, 1829)","Furcifer","pardalis","55.59309","-20.94578","Reunion",NA,NA,"2279c406-f954-47e4-ba1b-c53065bac7a8",2896937500
"Furcifer pardalis (Cuvier, 1829)","Furcifer","pardalis","55.29859","-20.98944","Reunion",NA,NA,"54a4515b-5e0d-4d8d-8021-31c73decba97",2896937500
"Furcifer pardalis (Cuvier, 1829)","Furcifer","pardalis","55.4511","-21.3165","France","Reunion Island",NA,"54a4515b-5e0d-4d8d-8021-31c73decba97",2896937500
"Furcifer pardalis (Cuvier, 1829)","Furcifer","pardalis","55.57068","-20.8935","Reunion",NA,NA,"54a4515b-5e0d-4d8d-8021-31c73decba97",2896937500
"Furcifer balteatus (Duméril & Bibron, 1851)","Furcifer","balteatus","47.106389","-24.146043","Madagascar",NA,NA,"50c9509d-22c7-4a22-a47d-8c48425ef4a7",6.68e+11
"Furcifer pardalis (Cuvier, 1829)","Furcifer","pardalis","55.494247","-21.333327","France","Reunion Island",NA,"50c9509d-22c7-4a22-a47d-8c48425ef4a7",2896937500
"Furcifer lateralis (Gray, 1831)","Furcifer","lateralis","47.560295","-18.933278","Madagascar",NA,NA,"50c9509d-22c7-4a22-a47d-8c48425ef4a7",6.68e+11
"Furcifer polleni (Peters, 1874)","Furcifer","polleni","45.161293","-12.900313","Mayotte",NA,NA,"50c9509d-22c7-4a22-a47d-8c48425ef4a7",378937500
"Furcifer pardalis (Cuvier, 1829)","Furcifer","pardalis","55.47695","-21.24545","Reunion",NA,NA,"54a4515b-5e0d-4d8d-8021-31c73decba97",2896937500
"Furcifer pardalis (Cuvier, 1829)","Furcifer","pardalis","55.67292","-21.37339","France","Reunion Island",NA,"54a4515b-5e0d-4d8d-8021-31c73decba97",2896937500
"Furcifer polleni (Peters, 1874)","Furcifer","polleni","45.17606","-12.85314","Mayotte",NA,NA,"30424ae1-7f2a-4f03-9cec-2a97ee6c5eee",378937500
"Furcifer oustaleti (Mocquard, 1894)","Furcifer","oustaleti","47.519243","-18.868691","Madagascar",NA,NA,"50c9509d-22c7-4a22-a47d-8c48425ef4a7",6.68e+11
"Furcifer lateralis (Gray, 1831)","Furcifer","lateralis","47.242149","-20.522307","Madagascar",NA,NA,"50c9509d-22c7-4a22-a47d-8c48425ef4a7",6.68e+11
"Furcifer oustaleti (Mocquard, 1894)","Furcifer","oustaleti","46.66147","-21.026401","Madagascar",NA,NA,"50c9509d-22c7-4a22-a47d-8c48425ef4a7",6.68e+11
"Furcifer pardalis (Cuvier, 1829)","Furcifer","pardalis","55.7143","-21.03392","Reunion",NA,NA,"54a4515b-5e0d-4d8d-8021-31c73decba97",2896937500
"Furcifer pardalis (Cuvier, 1829)","Furcifer","pardalis","55.52741","-21.27497","Reunion",NA,NA,"54a4515b-5e0d-4d8d-8021-31c73decba97",2896937500
"Furcifer willsii (Günther, 1890)","Furcifer","willsii","48.43226","-18.808498","Madagascar",NA,NA,"50c9509d-22c7-4a22-a47d-8c48425ef4a7",6.68e+11
"Furcifer verrucosus Cuvier, 1829","Furcifer","verrucosus","43.586303","-23.056672","Madagascar",NA,NA,"50c9509d-22c7-4a22-a47d-8c48425ef4a7",6.68e+11
"Furcifer oustaleti (Mocquard, 1894)","Furcifer","oustaleti","46.438901","-15.73691","Madagascar",NA,NA,"50c9509d-22c7-4a22-a47d-8c48425ef4a7",6.68e+11
"Furcifer oustaleti (Mocquard, 1894)","Furcifer","oustaleti","46.979336","-16.364164","Madagascar",NA,NA,"50c9509d-22c7-4a22-a47d-8c48425ef4a7",6.68e+11
"Furcifer pardalis (Cuvier, 1829)","Furcifer","pardalis","55.55228","-21.33499","Reunion",NA,NA,"aa79690b-018a-44b0-8ed4-2704ba530ade",2896937500
"Furcifer polleni (Peters, 1874)","Furcifer","polleni","45.19437","-12.79033","Mayotte",NA,NA,"4a4e549e-aa80-4711-9efa-e30736061d03",378937500
"Furcifer pardalis (Cuvier, 1829)","Furcifer","pardalis","55.32225","-21.04448","Reunion",NA,NA,"0a56a02d-d561-4f3f-bb18-b8b1389415fc",2896937500
"Furcifer pardalis (Cuvier, 1829)","Furcifer","pardalis","55.639186","-20.97902","Reunion",NA,NA,"50c9509d-22c7-4a22-a47d-8c48425ef4a7",2896937500
"Furcifer pardalis (Cuvier, 1829)","Furcifer","pardalis","55.64198","-21.30627","Reunion",NA,NA,"dae4afc7-52b0-4d5f-9b20-e20fb6b9b1ef",2896937500
"Furcifer pardalis (Cuvier, 1829)","Furcifer","pardalis","49.474411","-12.530806","Madagascar",NA,NA,"50c9509d-22c7-4a22-a47d-8c48425ef4a7",6.68e+11
"Furcifer pardalis (Cuvier, 1829)","Furcifer","pardalis","48.52478","-13.599551","Madagascar",NA,NA,"50c9509d-22c7-4a22-a47d-8c48425ef4a7",6.68e+11
"Furcifer pardalis (Cuvier, 1829)","Furcifer","pardalis","49.487693","-12.637935","Madagascar",NA,NA,"50c9509d-22c7-4a22-a47d-8c48425ef4a7",6.68e+11
"Furcifer oustaleti (Mocquard, 1894)","Furcifer","oustaleti","49.465462","-12.617734","Madagascar",NA,NA,"50c9509d-22c7-4a22-a47d-8c48425ef4a7",6.68e+11
"Furcifer oustaleti (Mocquard, 1894)","Furcifer","oustaleti","49.294914","-12.272074","Madagascar",NA,NA,"50c9509d-22c7-4a22-a47d-8c48425ef4a7",6.68e+11
"Furcifer pardalis (Cuvier, 1829)","Furcifer","pardalis","55.64242","-20.96333","Reunion",NA,NA,"2abc902f-59cf-4f11-885d-a1498d057c25",2896937500
"Furcifer pardalis (Cuvier, 1829)","Furcifer","pardalis","55.53241","-21.13317","Reunion",NA,NA,"2abc902f-59cf-4f11-885d-a1498d057c25",2896937500
"Furcifer pardalis (Cuvier, 1829)","Furcifer","pardalis","55.32225","-21.04448","Reunion",NA,NA,"0a56a02d-d561-4f3f-bb18-b8b1389415fc",2896937500
"Furcifer pardalis (Cuvier, 1829)","Furcifer","pardalis","55.75457","-21.19222","Reunion",NA,NA,"d8fa8f40-f106-490b-a33b-3248b475c07f",2896937500
"Furcifer pardalis (Cuvier, 1829)","Furcifer","pardalis","55.56794","-21.358681","Reunion",NA,NA,"50c9509d-22c7-4a22-a47d-8c48425ef4a7",2896937500
"Furcifer pardalis (Cuvier, 1829)","Furcifer","pardalis","55.567954","-21.358733","Reunion",NA,NA,"50c9509d-22c7-4a22-a47d-8c48425ef4a7",2896937500
"Furcifer pardalis (Cuvier, 1829)","Furcifer","pardalis","55.64931","-21.09184","Reunion",NA,NA,"ff98132c-b720-4304-a68c-390968b991f7",2896937500
"Furcifer labordi (Grandidier, 1872)","Furcifer","labordi","44.706832","-20.074435","Madagascar",NA,NA,"50c9509d-22c7-4a22-a47d-8c48425ef4a7",6.68e+11
"Furcifer pardalis (Cuvier, 1829)","Furcifer","pardalis","55.64931","-21.09184","Reunion",NA,NA,"ff98132c-b720-4304-a68c-390968b991f7",2896937500
"Furcifer pardalis (Cuvier, 1829)","Furcifer","pardalis","55.49378","-21.31231","Reunion",NA,NA,"2abc902f-59cf-4f11-885d-a1498d057c25",2896937500
"Furcifer pardalis (Cuvier, 1829)","Furcifer","pardalis","55.49237","-21.20403","Reunion",NA,NA,"2abc902f-59cf-4f11-885d-a1498d057c25",2896937500
"Furcifer pardalis (Cuvier, 1829)","Furcifer","pardalis","55.28943","-20.9648","Reunion",NA,NA,"40d90154-5231-44c2-9dca-0e99fc9b35f7",2896937500
"Furcifer pardalis (Cuvier, 1829)","Furcifer","pardalis","55.32225","-21.04448","Reunion",NA,NA,"2abc902f-59cf-4f11-885d-a1498d057c25",2896937500
"Furcifer pardalis (Cuvier, 1829)","Furcifer","pardalis","55.32225","-21.04448","Reunion",NA,NA,"0a56a02d-d561-4f3f-bb18-b8b1389415fc",2896937500
"Furcifer pardalis (Cuvier, 1829)","Furcifer","pardalis","55.64931","-21.09184","Reunion",NA,NA,"ff98132c-b720-4304-a68c-390968b991f7",2896937500
"Furcifer pardalis (Cuvier, 1829)","Furcifer","pardalis","55.64931","-21.09184","Reunion",NA,NA,"ff98132c-b720-4304-a68c-390968b991f7",2896937500
"Furcifer pardalis (Cuvier, 1829)","Furcifer","pardalis","48.328976","-13.390097","Madagascar","Nosy Be",NA,"6ac3f774-d9fb-4796-b3e9-92bf6c81c084",298125000
"Furcifer pardalis (Cuvier, 1829)","Furcifer","pardalis","49.128652","-12.952574","Madagascar",NA,NA,"50c9509d-22c7-4a22-a47d-8c48425ef4a7",6.68e+11
"Furcifer pardalis (Cuvier, 1829)","Furcifer","pardalis","55.294844","-21.138072","Reunion",NA,NA,"50c9509d-22c7-4a22-a47d-8c48425ef4a7",2896937500
"Furcifer lateralis (Gray, 1831)","Furcifer","lateralis","47.055486","-20.171888","Madagascar",NA,NA,"50c9509d-22c7-4a22-a47d-8c48425ef4a7",6.68e+11
"Furcifer oustaleti (Mocquard, 1894)","Furcifer","oustaleti","48.23567","-18.94623","Madagascar",NA,NA,"50c9509d-22c7-4a22-a47d-8c48425ef4a7",6.68e+11
"Furcifer lateralis (Gray, 1831)","Furcifer","lateralis","47.183375","-20.758167","Madagascar",NA,NA,"50c9509d-22c7-4a22-a47d-8c48425ef4a7",6.68e+11
"Furcifer lateralis (Gray, 1831)","Furcifer","lateralis","46.976167","-20.147761","Madagascar",NA,NA,"50c9509d-22c7-4a22-a47d-8c48425ef4a7",6.68e+11
"Furcifer oustaleti (Mocquard, 1894)","Furcifer","oustaleti","46.84582","-21.857432","Madagascar",NA,NA,"50c9509d-22c7-4a22-a47d-8c48425ef4a7",6.68e+11
"Furcifer lateralis (Gray, 1831)","Furcifer","lateralis","46.861213","-21.861791","Madagascar",NA,NA,"50c9509d-22c7-4a22-a47d-8c48425ef4a7",6.68e+11
"Furcifer lateralis (Gray, 1831)","Furcifer","lateralis","46.923005","-22.251222","Madagascar",NA,NA,"50c9509d-22c7-4a22-a47d-8c48425ef4a7",6.68e+11
"Furcifer oustaleti (Mocquard, 1894)","Furcifer","oustaleti","45.284622","-22.662793","Madagascar",NA,NA,"50c9509d-22c7-4a22-a47d-8c48425ef4a7",6.68e+11
"Furcifer verrucosus Cuvier, 1829","Furcifer","verrucosus","43.624421","-23.094512","Madagascar",NA,NA,"50c9509d-22c7-4a22-a47d-8c48425ef4a7",6.68e+11
"Furcifer pardalis (Cuvier, 1829)","Furcifer","pardalis","55.56885","-21.33963","Reunion",NA,NA,"dae4afc7-52b0-4d5f-9b20-e20fb6b9b1ef",2896937500
"Furcifer major (Brygoo, 1971)","Furcifer","major","43.680282","-23.899236","Madagascar",NA,NA,"50c9509d-22c7-4a22-a47d-8c48425ef4a7",6.68e+11
"Furcifer pardalis (Cuvier, 1829)","Furcifer","pardalis","55.44699","-20.93302","Reunion",NA,NA,"2abc902f-59cf-4f11-885d-a1498d057c25",2896937500
"Furcifer pardalis (Cuvier, 1829)","Furcifer","pardalis","55.32225","-21.04448","Reunion",NA,NA,"2abc902f-59cf-4f11-885d-a1498d057c25",2896937500
"Furcifer verrucosus Cuvier, 1829","Furcifer","verrucosus","43.620354","-23.122862","Madagascar",NA,NA,"50c9509d-22c7-4a22-a47d-8c48425ef4a7",6.68e+11
"Furcifer oustaleti (Mocquard, 1894)","Furcifer","oustaleti","47.232131","-15.0049","Madagascar",NA,NA,"50c9509d-22c7-4a22-a47d-8c48425ef4a7",6.68e+11
"Furcifer angeli (Brygoo & Domergue, 1968)","Furcifer","angeli","47.231702","-14.998309","Madagascar",NA,NA,"50c9509d-22c7-4a22-a47d-8c48425ef4a7",6.68e+11
"Furcifer pardalis (Cuvier, 1829)","Furcifer","pardalis","55.36684","-21.24908","Reunion",NA,NA,"2abc902f-59cf-4f11-885d-a1498d057c25",2896937500
"Furcifer oustaleti (Mocquard, 1894)","Furcifer","oustaleti","47.514204","-18.870942","Madagascar",NA,NA,"50c9509d-22c7-4a22-a47d-8c48425ef4a7",6.68e+11
"Furcifer pardalis (Cuvier, 1829)","Furcifer","pardalis","55.566046","-21.357029","Reunion",NA,NA,"50c9509d-22c7-4a22-a47d-8c48425ef4a7",2896937500
"Furcifer verrucosus Cuvier, 1829","Furcifer","verrucosus","43.75528","-23.415001","Madagascar",NA,NA,"50c9509d-22c7-4a22-a47d-8c48425ef4a7",6.68e+11
"Furcifer oustaleti (Mocquard, 1894)","Furcifer","oustaleti","44.691418","-22.885141","Madagascar",NA,NA,"50c9509d-22c7-4a22-a47d-8c48425ef4a7",6.68e+11
"Furcifer oustaleti (Mocquard, 1894)","Furcifer","oustaleti","44.691418","-22.885141","Madagascar",NA,NA,"50c9509d-22c7-4a22-a47d-8c48425ef4a7",6.68e+11
"Furcifer major (Brygoo, 1971)","Furcifer","major","45.261771","-22.465614","Madagascar",NA,NA,"50c9509d-22c7-4a22-a47d-8c48425ef4a7",6.68e+11
"Furcifer pardalis (Cuvier, 1829)","Furcifer","pardalis","55.64242","-20.96333","Reunion",NA,NA,"2abc902f-59cf-4f11-885d-a1498d057c25",2896937500
"Furcifer pardalis (Cuvier, 1829)","Furcifer","pardalis","55.50581","-21.29021","Reunion",NA,NA,"2abc902f-59cf-4f11-885d-a1498d057c25",2896937500
"Furcifer pardalis (Cuvier, 1829)","Furcifer","pardalis","55.28542","-21.05305","Reunion",NA,NA,"7247dc2e-b862-4555-b533-7701d183271b",2896937500
"Furcifer pardalis (Cuvier, 1829)","Furcifer","pardalis","55.64242","-20.96333","Reunion",NA,NA,"2abc902f-59cf-4f11-885d-a1498d057c25",2896937500
"Furcifer pardalis (Cuvier, 1829)","Furcifer","pardalis","55.32225","-21.04448","Reunion",NA,NA,"dae4afc7-52b0-4d5f-9b20-e20fb6b9b1ef",2896937500
"Furcifer pardalis (Cuvier, 1829)","Furcifer","pardalis","55.32225","-21.04448","Reunion",NA,NA,"dae4afc7-52b0-4d5f-9b20-e20fb6b9b1ef",2896937500
"Furcifer oustaleti (Mocquard, 1894)","Furcifer","oustaleti","45.411544","-22.556374","Madagascar",NA,NA,"50c9509d-22c7-4a22-a47d-8c48425ef4a7",6.68e+11
"Furcifer oustaleti (Mocquard, 1894)","Furcifer","oustaleti","46.85827","-21.85962","Madagascar",NA,NA,"50c9509d-22c7-4a22-a47d-8c48425ef4a7",6.68e+11
"Furcifer oustaleti (Mocquard, 1894)","Furcifer","oustaleti","46.85827","-21.85962","Madagascar",NA,NA,"50c9509d-22c7-4a22-a47d-8c48425ef4a7",6.68e+11
"Furcifer oustaleti (Mocquard, 1894)","Furcifer","oustaleti","46.85827","-21.85962","Madagascar",NA,NA,"50c9509d-22c7-4a22-a47d-8c48425ef4a7",6.68e+11
"Furcifer oustaleti (Mocquard, 1894)","Furcifer","oustaleti","46.85827","-21.85962","Madagascar",NA,NA,"50c9509d-22c7-4a22-a47d-8c48425ef4a7",6.68e+11
"Furcifer oustaleti (Mocquard, 1894)","Furcifer","oustaleti","46.85827","-21.85962","Madagascar",NA,NA,"50c9509d-22c7-4a22-a47d-8c48425ef4a7",6.68e+11
"Furcifer pardalis (Cuvier, 1829)","Furcifer","pardalis","55.567688","-21.358785","Reunion",NA,NA,"50c9509d-22c7-4a22-a47d-8c48425ef4a7",2896937500
"Furcifer lateralis (Gray, 1831)","Furcifer","lateralis","47.007144","-20.084655","Madagascar",NA,NA,"50c9509d-22c7-4a22-a47d-8c48425ef4a7",6.68e+11
"Furcifer pardalis (Cuvier, 1829)","Furcifer","pardalis","48.259261","-13.315019","Madagascar","Nosy Be",NA,"50c9509d-22c7-4a22-a47d-8c48425ef4a7",298125000
"Furcifer pardalis (Cuvier, 1829)","Furcifer","pardalis","55.44699","-20.93302","Reunion",NA,NA,"2abc902f-59cf-4f11-885d-a1498d057c25",2896937500
"Furcifer pardalis (Cuvier, 1829)","Furcifer","pardalis","55.52243","-20.92579","Reunion",NA,NA,"7247dc2e-b862-4555-b533-7701d183271b",2896937500
"Furcifer oustaleti (Mocquard, 1894)","Furcifer","oustaleti","46.84167","-21.8525","Madagascar",NA,NA,"8a863029-f435-446a-821e-275f4f641165",6.68e+11
"Furcifer oustaleti (Mocquard, 1894)","Furcifer","oustaleti","46.84167","-21.85306","Madagascar",NA,NA,"8a863029-f435-446a-821e-275f4f641165",6.68e+11
"Furcifer oustaleti (Mocquard, 1894)","Furcifer","oustaleti","45.284982","-22.425491","Madagascar",NA,NA,"50c9509d-22c7-4a22-a47d-8c48425ef4a7",6.68e+11
"Furcifer major (Brygoo, 1971)","Furcifer","major","45.259123","-22.466707","Madagascar",NA,NA,"50c9509d-22c7-4a22-a47d-8c48425ef4a7",6.68e+11
"Furcifer pardalis (Cuvier, 1829)","Furcifer","pardalis","55.61975","-21.02332","Reunion",NA,NA,"ff98132c-b720-4304-a68c-390968b991f7",2896937500
"Furcifer oustaleti (Mocquard, 1894)","Furcifer","oustaleti","47.227832","-14.99139","Madagascar",NA,NA,"50c9509d-22c7-4a22-a47d-8c48425ef4a7",6.68e+11
"Furcifer oustaleti (Mocquard, 1894)","Furcifer","oustaleti","46.824787","-16.32515","Madagascar",NA,NA,"50c9509d-22c7-4a22-a47d-8c48425ef4a7",6.68e+11
"Furcifer pardalis (Cuvier, 1829)","Furcifer","pardalis","55.32225","-21.04448","Reunion",NA,NA,"2abc902f-59cf-4f11-885d-a1498d057c25",2896937500
"Furcifer oustaleti (Mocquard, 1894)","Furcifer","oustaleti","46.82484","-16.32474","Madagascar",NA,NA,"50c9509d-22c7-4a22-a47d-8c48425ef4a7",6.68e+11
"Furcifer oustaleti (Mocquard, 1894)","Furcifer","oustaleti","46.82484","-16.32474","Madagascar",NA,NA,"50c9509d-22c7-4a22-a47d-8c48425ef4a7",6.68e+11
"Furcifer oustaleti (Mocquard, 1894)","Furcifer","oustaleti","46.82484","-16.32474","Madagascar",NA,NA,"50c9509d-22c7-4a22-a47d-8c48425ef4a7",6.68e+11
"Furcifer oustaleti (Mocquard, 1894)","Furcifer","oustaleti","46.82484","-16.32474","Madagascar",NA,NA,"50c9509d-22c7-4a22-a47d-8c48425ef4a7",6.68e+11
"Furcifer oustaleti (Mocquard, 1894)","Furcifer","oustaleti","46.82484","-16.32474","Madagascar",NA,NA,"50c9509d-22c7-4a22-a47d-8c48425ef4a7",6.68e+11
"Furcifer oustaleti (Mocquard, 1894)","Furcifer","oustaleti","46.82484","-16.32474","Madagascar",NA,NA,"50c9509d-22c7-4a22-a47d-8c48425ef4a7",6.68e+11
"Furcifer oustaleti (Mocquard, 1894)","Furcifer","oustaleti","46.82484","-16.32474","Madagascar",NA,NA,"50c9509d-22c7-4a22-a47d-8c48425ef4a7",6.68e+11
"Furcifer oustaleti (Mocquard, 1894)","Furcifer","oustaleti","46.82484","-16.32474","Madagascar",NA,NA,"50c9509d-22c7-4a22-a47d-8c48425ef4a7",6.68e+11
"Furcifer oustaleti (Mocquard, 1894)","Furcifer","oustaleti","46.82484","-16.32474","Madagascar",NA,NA,"50c9509d-22c7-4a22-a47d-8c48425ef4a7",6.68e+11
"Furcifer lateralis (Gray, 1831)","Furcifer","lateralis","47.031588","-21.578091","Madagascar",NA,NA,"50c9509d-22c7-4a22-a47d-8c48425ef4a7",6.68e+11
"Furcifer lateralis (Gray, 1831)","Furcifer","lateralis","47.03157","-21.578108","Madagascar",NA,NA,"50c9509d-22c7-4a22-a47d-8c48425ef4a7",6.68e+11
"Furcifer lateralis (Gray, 1831)","Furcifer","lateralis","47.039638","-21.545792","Madagascar",NA,NA,"50c9509d-22c7-4a22-a47d-8c48425ef4a7",6.68e+11
"Furcifer major (Brygoo, 1971)","Furcifer","major","45.378059","-22.53963","Madagascar",NA,NA,"50c9509d-22c7-4a22-a47d-8c48425ef4a7",6.68e+11
"Furcifer major (Brygoo, 1971)","Furcifer","major","45.326395","-22.526378","Madagascar",NA,NA,"50c9509d-22c7-4a22-a47d-8c48425ef4a7",6.68e+11
"Furcifer major (Brygoo, 1971)","Furcifer","major","45.335808","-22.520168","Madagascar",NA,NA,"50c9509d-22c7-4a22-a47d-8c48425ef4a7",6.68e+11
"Furcifer balteatus (Duméril & Bibron, 1851)","Furcifer","balteatus","47.478926","-21.363252","Madagascar",NA,NA,"50c9509d-22c7-4a22-a47d-8c48425ef4a7",6.68e+11
"Furcifer oustaleti (Mocquard, 1894)","Furcifer","oustaleti","44.870471","-19.136016","Madagascar",NA,NA,"50c9509d-22c7-4a22-a47d-8c48425ef4a7",6.68e+11
"Furcifer pardalis (Cuvier, 1829)","Furcifer","pardalis","55.64242","-20.96333","Reunion",NA,NA,"2abc902f-59cf-4f11-885d-a1498d057c25",2896937500
"Furcifer oustaleti (Mocquard, 1894)","Furcifer","oustaleti","46.831194","-16.340797","Madagascar",NA,NA,"50c9509d-22c7-4a22-a47d-8c48425ef4a7",6.68e+11
"Furcifer oustaleti (Mocquard, 1894)","Furcifer","oustaleti","44.679056","-22.878539","Madagascar",NA,NA,"50c9509d-22c7-4a22-a47d-8c48425ef4a7",6.68e+11
"Furcifer oustaleti (Mocquard, 1894)","Furcifer","oustaleti","46.807082","-16.291948","Madagascar",NA,NA,"50c9509d-22c7-4a22-a47d-8c48425ef4a7",6.68e+11
"Furcifer pardalis (Cuvier, 1829)","Furcifer","pardalis","55.64242","-20.96333","Reunion",NA,NA,"2abc902f-59cf-4f11-885d-a1498d057c25",2896937500
"Furcifer pardalis (Cuvier, 1829)","Furcifer","pardalis","55.35863","-21.20972","Reunion",NA,NA,"2abc902f-59cf-4f11-885d-a1498d057c25",2896937500
"Furcifer pardalis (Cuvier, 1829)","Furcifer","pardalis","55.64242","-20.96333","Reunion",NA,NA,"2abc902f-59cf-4f11-885d-a1498d057c25",2896937500
"Furcifer pardalis (Cuvier, 1829)","Furcifer","pardalis","55.49378","-21.31231","Reunion",NA,NA,"2abc902f-59cf-4f11-885d-a1498d057c25",2896937500
"Furcifer oustaleti (Mocquard, 1894)","Furcifer","oustaleti","47.473196","-18.804307","Madagascar",NA,NA,"50c9509d-22c7-4a22-a47d-8c48425ef4a7",6.68e+11
"Furcifer verrucosus Cuvier, 1829","Furcifer","verrucosus","46.305371","-25.010521","Madagascar",NA,NA,"50c9509d-22c7-4a22-a47d-8c48425ef4a7",6.68e+11
"Furcifer verrucosus Cuvier, 1829","Furcifer","verrucosus","46.301241","-25.02964","Madagascar",NA,NA,"50c9509d-22c7-4a22-a47d-8c48425ef4a7",6.68e+11
"Furcifer verrucosus Cuvier, 1829","Furcifer","verrucosus","46.980313","-24.999588","Madagascar",NA,NA,"50c9509d-22c7-4a22-a47d-8c48425ef4a7",6.68e+11
"Furcifer oustaleti (Mocquard, 1894)","Furcifer","oustaleti","45.377271","-22.539418","Madagascar",NA,NA,"50c9509d-22c7-4a22-a47d-8c48425ef4a7",6.68e+11
"Furcifer oustaleti (Mocquard, 1894)","Furcifer","oustaleti","46.853006","-21.980425","Madagascar",NA,NA,"50c9509d-22c7-4a22-a47d-8c48425ef4a7",6.68e+11
"Furcifer oustaleti (Mocquard, 1894)","Furcifer","oustaleti","46.851559","-21.941792","Madagascar",NA,NA,"50c9509d-22c7-4a22-a47d-8c48425ef4a7",6.68e+11
"Furcifer oustaleti (Mocquard, 1894)","Furcifer","oustaleti","44.69402","-22.88168","Madagascar",NA,NA,"50c9509d-22c7-4a22-a47d-8c48425ef4a7",6.68e+11
"Furcifer oustaleti (Mocquard, 1894)","Furcifer","oustaleti","44.69314","-22.88122","Madagascar",NA,NA,"50c9509d-22c7-4a22-a47d-8c48425ef4a7",6.68e+11
"Furcifer oustaleti (Mocquard, 1894)","Furcifer","oustaleti","49.302223","-12.660991","Madagascar",NA,NA,"50c9509d-22c7-4a22-a47d-8c48425ef4a7",6.68e+11
"Furcifer pardalis (Cuvier, 1829)","Furcifer","pardalis","49.294729","-12.665566","Madagascar",NA,NA,"50c9509d-22c7-4a22-a47d-8c48425ef4a7",6.68e+11
"Furcifer oustaleti (Mocquard, 1894)","Furcifer","oustaleti","46.84125","-21.85178","Madagascar",NA,NA,"50c9509d-22c7-4a22-a47d-8c48425ef4a7",6.68e+11
"Furcifer oustaleti (Mocquard, 1894)","Furcifer","oustaleti","46.84258","-21.85413","Madagascar",NA,NA,"50c9509d-22c7-4a22-a47d-8c48425ef4a7",6.68e+11
"Furcifer oustaleti (Mocquard, 1894)","Furcifer","oustaleti","46.80712","-16.31721","Madagascar",NA,NA,"50c9509d-22c7-4a22-a47d-8c48425ef4a7",6.68e+11
"Furcifer oustaleti (Mocquard, 1894)","Furcifer","oustaleti","46.83852","-16.33621","Madagascar",NA,NA,"50c9509d-22c7-4a22-a47d-8c48425ef4a7",6.68e+11
"Furcifer rhinoceratus (Gray, 1845)","Furcifer","rhinoceratus","46.945745","-16.384078","Madagascar",NA,NA,"50c9509d-22c7-4a22-a47d-8c48425ef4a7",6.68e+11
"Furcifer oustaleti (Mocquard, 1894)","Furcifer","oustaleti","47.358701","-18.954311","Madagascar",NA,NA,"50c9509d-22c7-4a22-a47d-8c48425ef4a7",6.68e+11
"Furcifer oustaleti (Mocquard, 1894)","Furcifer","oustaleti","45.380333","-22.539433","Madagascar",NA,NA,"50c9509d-22c7-4a22-a47d-8c48425ef4a7",6.68e+11
"Furcifer oustaleti (Mocquard, 1894)","Furcifer","oustaleti","45.380333","-22.539433","Madagascar",NA,NA,"50c9509d-22c7-4a22-a47d-8c48425ef4a7",6.68e+11
"Furcifer major (Brygoo, 1971)","Furcifer","major","45.380333","-22.539433","Madagascar",NA,NA,"50c9509d-22c7-4a22-a47d-8c48425ef4a7",6.68e+11
"Furcifer major (Brygoo, 1971)","Furcifer","major","45.380333","-22.539433","Madagascar",NA,NA,"50c9509d-22c7-4a22-a47d-8c48425ef4a7",6.68e+11
"Furcifer balteatus (Duméril & Bibron, 1851)","Furcifer","balteatus","47.465494","-21.346185","Madagascar",NA,NA,"50c9509d-22c7-4a22-a47d-8c48425ef4a7",6.68e+11
"Furcifer oustaleti (Mocquard, 1894)","Furcifer","oustaleti","44.657306","-20.06719","Madagascar",NA,NA,"50c9509d-22c7-4a22-a47d-8c48425ef4a7",6.68e+11
"Furcifer oustaleti (Mocquard, 1894)","Furcifer","oustaleti","44.657306","-20.06719","Madagascar",NA,NA,"50c9509d-22c7-4a22-a47d-8c48425ef4a7",6.68e+11
"Furcifer oustaleti (Mocquard, 1894)","Furcifer","oustaleti","44.657306","-20.06719","Madagascar",NA,NA,"50c9509d-22c7-4a22-a47d-8c48425ef4a7",6.68e+11
"Furcifer willsii (Günther, 1890)","Furcifer","willsii","48.416428","-18.950931","Madagascar",NA,NA,"50c9509d-22c7-4a22-a47d-8c48425ef4a7",6.68e+11
"Furcifer pardalis (Cuvier, 1829)","Furcifer","pardalis","55.56885","-21.33963","Reunion",NA,NA,"dae4afc7-52b0-4d5f-9b20-e20fb6b9b1ef",2896937500
"Furcifer pardalis (Cuvier, 1829)","Furcifer","pardalis","55.56885","-21.33963","Reunion",NA,NA,"dae4afc7-52b0-4d5f-9b20-e20fb6b9b1ef",2896937500
"Furcifer oustaleti (Mocquard, 1894)","Furcifer","oustaleti","46.759667","-16.22958","Madagascar",NA,NA,"50c9509d-22c7-4a22-a47d-8c48425ef4a7",6.68e+11
"Furcifer pardalis (Cuvier, 1829)","Furcifer","pardalis","55.64242","-20.96333","Reunion",NA,NA,"2abc902f-59cf-4f11-885d-a1498d057c25",2896937500
"Furcifer pardalis (Cuvier, 1829)","Furcifer","pardalis","55.75457","-21.19222","Reunion",NA,NA,"dae4afc7-52b0-4d5f-9b20-e20fb6b9b1ef",2896937500
"Furcifer pardalis (Cuvier, 1829)","Furcifer","pardalis","55.56885","-21.33963","Reunion",NA,NA,"dae4afc7-52b0-4d5f-9b20-e20fb6b9b1ef",2896937500
"Furcifer balteatus (Duméril & Bibron, 1851)","Furcifer","balteatus","47.44493","-21.252282","Madagascar",NA,NA,"8a863029-f435-446a-821e-275f4f641165",6.68e+11
"Furcifer oustaleti (Mocquard, 1894)","Furcifer","oustaleti","46.123031","-22.413178","Madagascar",NA,NA,"50c9509d-22c7-4a22-a47d-8c48425ef4a7",6.68e+11
"Furcifer oustaleti (Mocquard, 1894)","Furcifer","oustaleti","46.859552","-21.859371","Madagascar",NA,NA,"50c9509d-22c7-4a22-a47d-8c48425ef4a7",6.68e+11
"Furcifer oustaleti (Mocquard, 1894)","Furcifer","oustaleti","46.847492","-21.852245","Madagascar",NA,NA,"50c9509d-22c7-4a22-a47d-8c48425ef4a7",6.68e+11
"Furcifer oustaleti (Mocquard, 1894)","Furcifer","oustaleti","46.845021","-21.853489","Madagascar",NA,NA,"50c9509d-22c7-4a22-a47d-8c48425ef4a7",6.68e+11
"Furcifer oustaleti (Mocquard, 1894)","Furcifer","oustaleti","46.847976","-21.853769","Madagascar",NA,NA,"50c9509d-22c7-4a22-a47d-8c48425ef4a7",6.68e+11
"Furcifer oustaleti (Mocquard, 1894)","Furcifer","oustaleti","46.850031","-21.85382","Madagascar",NA,NA,"50c9509d-22c7-4a22-a47d-8c48425ef4a7",6.68e+11
"Furcifer oustaleti (Mocquard, 1894)","Furcifer","oustaleti","46.848468","-21.854138","Madagascar",NA,NA,"50c9509d-22c7-4a22-a47d-8c48425ef4a7",6.68e+11
"Furcifer oustaleti (Mocquard, 1894)","Furcifer","oustaleti","48.546873","-17.287085","Madagascar",NA,NA,"50c9509d-22c7-4a22-a47d-8c48425ef4a7",6.68e+11
"Furcifer oustaleti (Mocquard, 1894)","Furcifer","oustaleti","46.842555","-21.854047","Madagascar",NA,NA,"50c9509d-22c7-4a22-a47d-8c48425ef4a7",6.68e+11
"Furcifer verrucosus Cuvier, 1829","Furcifer","verrucosus","43.650252","-23.652887","Madagascar",NA,NA,"50c9509d-22c7-4a22-a47d-8c48425ef4a7",6.68e+11
"Furcifer oustaleti (Mocquard, 1894)","Furcifer","oustaleti","46.841928","-21.85303","Madagascar",NA,NA,"50c9509d-22c7-4a22-a47d-8c48425ef4a7",6.68e+11
"Furcifer oustaleti (Mocquard, 1894)","Furcifer","oustaleti","46.840817","-21.852292","Madagascar",NA,NA,"50c9509d-22c7-4a22-a47d-8c48425ef4a7",6.68e+11
"Furcifer oustaleti (Mocquard, 1894)","Furcifer","oustaleti","46.860809","-21.858342","Madagascar",NA,NA,"50c9509d-22c7-4a22-a47d-8c48425ef4a7",6.68e+11
"Furcifer oustaleti (Mocquard, 1894)","Furcifer","oustaleti","46.860809","-21.858342","Madagascar",NA,NA,"50c9509d-22c7-4a22-a47d-8c48425ef4a7",6.68e+11
"Furcifer oustaleti (Mocquard, 1894)","Furcifer","oustaleti","47.409231","-21.253629","Madagascar",NA,NA,"50c9509d-22c7-4a22-a47d-8c48425ef4a7",6.68e+11
"Furcifer oustaleti (Mocquard, 1894)","Furcifer","oustaleti","46.854331","-21.857127","Madagascar",NA,NA,"50c9509d-22c7-4a22-a47d-8c48425ef4a7",6.68e+11
"Furcifer pardalis (Cuvier, 1829)","Furcifer","pardalis","49.065119","-12.917965","Madagascar",NA,NA,"50c9509d-22c7-4a22-a47d-8c48425ef4a7",6.68e+11
"Furcifer oustaleti (Mocquard, 1894)","Furcifer","oustaleti","44.693071","-22.882039","Madagascar",NA,NA,"50c9509d-22c7-4a22-a47d-8c48425ef4a7",6.68e+11
"Furcifer oustaleti (Mocquard, 1894)","Furcifer","oustaleti","44.69395","-22.883339","Madagascar",NA,NA,"50c9509d-22c7-4a22-a47d-8c48425ef4a7",6.68e+11
"Furcifer verrucosus Cuvier, 1829","Furcifer","verrucosus","43.621688","-23.122657","Madagascar",NA,NA,"50c9509d-22c7-4a22-a47d-8c48425ef4a7",6.68e+11
"Furcifer verrucosus Cuvier, 1829","Furcifer","verrucosus","43.609619","-23.124511","Madagascar",NA,NA,"50c9509d-22c7-4a22-a47d-8c48425ef4a7",6.68e+11
"Furcifer verrucosus Cuvier, 1829","Furcifer","verrucosus","43.620927","-23.119557","Madagascar",NA,NA,"50c9509d-22c7-4a22-a47d-8c48425ef4a7",6.68e+11
"Furcifer oustaleti (Mocquard, 1894)","Furcifer","oustaleti","46.826133","-16.321477","Madagascar",NA,NA,"50c9509d-22c7-4a22-a47d-8c48425ef4a7",6.68e+11
"Furcifer oustaleti (Mocquard, 1894)","Furcifer","oustaleti","46.826133","-16.321477","Madagascar",NA,NA,"50c9509d-22c7-4a22-a47d-8c48425ef4a7",6.68e+11
"Furcifer oustaleti (Mocquard, 1894)","Furcifer","oustaleti","46.826133","-16.321477","Madagascar",NA,NA,"50c9509d-22c7-4a22-a47d-8c48425ef4a7",6.68e+11
"Furcifer oustaleti (Mocquard, 1894)","Furcifer","oustaleti","46.804555","-16.320399","Madagascar",NA,NA,"50c9509d-22c7-4a22-a47d-8c48425ef4a7",6.68e+11
"Furcifer pardalis (Cuvier, 1829)","Furcifer","pardalis","48.260309","-18.356354","Madagascar",NA,NA,"50c9509d-22c7-4a22-a47d-8c48425ef4a7",6.68e+11
"Furcifer pardalis (Cuvier, 1829)","Furcifer","pardalis","48.260309","-18.356354","Madagascar",NA,NA,"50c9509d-22c7-4a22-a47d-8c48425ef4a7",6.68e+11
"Furcifer oustaleti (Mocquard, 1894)","Furcifer","oustaleti","47.357219","-18.952522","Madagascar",NA,NA,"50c9509d-22c7-4a22-a47d-8c48425ef4a7",6.68e+11
"Furcifer oustaleti (Mocquard, 1894)","Furcifer","oustaleti","47.358048","-18.952981","Madagascar",NA,NA,"50c9509d-22c7-4a22-a47d-8c48425ef4a7",6.68e+11
"Furcifer pardalis (Cuvier, 1829)","Furcifer","pardalis","49.202247","-12.500889","Madagascar",NA,NA,"50c9509d-22c7-4a22-a47d-8c48425ef4a7",6.68e+11
"Furcifer pardalis (Cuvier, 1829)","Furcifer","pardalis","49.287547","-12.413264","Madagascar",NA,NA,"50c9509d-22c7-4a22-a47d-8c48425ef4a7",6.68e+11
"Furcifer pardalis (Cuvier, 1829)","Furcifer","pardalis","49.202247","-12.500889","Madagascar",NA,NA,"50c9509d-22c7-4a22-a47d-8c48425ef4a7",6.68e+11
"Furcifer pardalis (Cuvier, 1829)","Furcifer","pardalis","49.192436","-12.511178","Madagascar",NA,NA,"50c9509d-22c7-4a22-a47d-8c48425ef4a7",6.68e+11
"Furcifer pardalis (Cuvier, 1829)","Furcifer","pardalis","49.193058","-12.509583","Madagascar",NA,NA,"50c9509d-22c7-4a22-a47d-8c48425ef4a7",6.68e+11
"Furcifer pardalis (Cuvier, 1829)","Furcifer","pardalis","49.202247","-12.500889","Madagascar",NA,NA,"50c9509d-22c7-4a22-a47d-8c48425ef4a7",6.68e+11
"Furcifer pardalis (Cuvier, 1829)","Furcifer","pardalis","49.488261","-12.645131","Madagascar",NA,NA,"50c9509d-22c7-4a22-a47d-8c48425ef4a7",6.68e+11
"Furcifer pardalis (Cuvier, 1829)","Furcifer","pardalis","49.488792","-12.645436","Madagascar",NA,NA,"50c9509d-22c7-4a22-a47d-8c48425ef4a7",6.68e+11
"Furcifer pardalis (Cuvier, 1829)","Furcifer","pardalis","49.488792","-12.645436","Madagascar",NA,NA,"50c9509d-22c7-4a22-a47d-8c48425ef4a7",6.68e+11
"Furcifer pardalis (Cuvier, 1829)","Furcifer","pardalis","49.127064","-12.952972","Madagascar",NA,NA,"50c9509d-22c7-4a22-a47d-8c48425ef4a7",6.68e+11
"Furcifer pardalis (Cuvier, 1829)","Furcifer","pardalis","49.127473","-12.952608","Madagascar",NA,NA,"50c9509d-22c7-4a22-a47d-8c48425ef4a7",6.68e+11
"Furcifer pardalis (Cuvier, 1829)","Furcifer","pardalis","49.126983","-12.952911","Madagascar",NA,NA,"50c9509d-22c7-4a22-a47d-8c48425ef4a7",6.68e+11
"Furcifer oustaleti (Mocquard, 1894)","Furcifer","oustaleti","47.358048","-18.952981","Madagascar",NA,NA,"50c9509d-22c7-4a22-a47d-8c48425ef4a7",6.68e+11
"Furcifer petteri (Brygoo & Domergue, 1966)","Furcifer","petteri","49.147452","-12.407996","Madagascar",NA,NA,"50c9509d-22c7-4a22-a47d-8c48425ef4a7",6.68e+11
"Furcifer petteri (Brygoo & Domergue, 1966)","Furcifer","petteri","49.062819","-12.526569","Madagascar",NA,NA,"50c9509d-22c7-4a22-a47d-8c48425ef4a7",6.68e+11
"Furcifer oustaleti (Mocquard, 1894)","Furcifer","oustaleti","44.813084","-19.140863","Madagascar",NA,NA,"50c9509d-22c7-4a22-a47d-8c48425ef4a7",6.68e+11
"Furcifer pardalis (Cuvier, 1829)","Furcifer","pardalis","55.348396","-21.263496","France","Reunion Island",NA,"50c9509d-22c7-4a22-a47d-8c48425ef4a7",2896937500
"Furcifer oustaleti (Mocquard, 1894)","Furcifer","oustaleti","46.816243","-16.312613","Madagascar",NA,NA,"50c9509d-22c7-4a22-a47d-8c48425ef4a7",6.68e+11
"Furcifer rhinoceratus (Gray, 1845)","Furcifer","rhinoceratus","46.893946","-16.251539","Madagascar",NA,NA,"50c9509d-22c7-4a22-a47d-8c48425ef4a7",6.68e+11
"Furcifer oustaleti (Mocquard, 1894)","Furcifer","oustaleti","46.838737","-16.336572","Madagascar",NA,NA,"50c9509d-22c7-4a22-a47d-8c48425ef4a7",6.68e+11
"Furcifer oustaleti (Mocquard, 1894)","Furcifer","oustaleti","46.83759","-16.33932","Madagascar",NA,NA,"50c9509d-22c7-4a22-a47d-8c48425ef4a7",6.68e+11
"Furcifer oustaleti (Mocquard, 1894)","Furcifer","oustaleti","46.837938","-16.338818","Madagascar",NA,NA,"50c9509d-22c7-4a22-a47d-8c48425ef4a7",6.68e+11
"Furcifer oustaleti (Mocquard, 1894)","Furcifer","oustaleti","46.838517","-16.336172","Madagascar",NA,NA,"50c9509d-22c7-4a22-a47d-8c48425ef4a7",6.68e+11
"Furcifer oustaleti (Mocquard, 1894)","Furcifer","oustaleti","46.813185","-16.297838","Madagascar",NA,NA,"50c9509d-22c7-4a22-a47d-8c48425ef4a7",6.68e+11
"Furcifer pardalis (Cuvier, 1829)","Furcifer","pardalis","49.125362","-12.947552","Madagascar",NA,NA,"50c9509d-22c7-4a22-a47d-8c48425ef4a7",6.68e+11
"Furcifer pardalis (Cuvier, 1829)","Furcifer","pardalis","49.12882","-12.952205","Madagascar",NA,NA,"50c9509d-22c7-4a22-a47d-8c48425ef4a7",6.68e+11
"Furcifer pardalis (Cuvier, 1829)","Furcifer","pardalis","49.128853","-12.95219","Madagascar",NA,NA,"50c9509d-22c7-4a22-a47d-8c48425ef4a7",6.68e+11
"Furcifer pardalis (Cuvier, 1829)","Furcifer","pardalis","49.187057","-12.512397","Madagascar",NA,NA,"50c9509d-22c7-4a22-a47d-8c48425ef4a7",6.68e+11
"Furcifer oustaleti (Mocquard, 1894)","Furcifer","oustaleti","46.810581","-16.317837","Madagascar",NA,NA,"50c9509d-22c7-4a22-a47d-8c48425ef4a7",6.68e+11
"Furcifer rhinoceratus (Gray, 1845)","Furcifer","rhinoceratus","46.947314","-16.342448","Madagascar",NA,NA,"50c9509d-22c7-4a22-a47d-8c48425ef4a7",6.68e+11
"Furcifer oustaleti (Mocquard, 1894)","Furcifer","oustaleti","47.032798","-17.870128","Madagascar",NA,NA,"50c9509d-22c7-4a22-a47d-8c48425ef4a7",6.68e+11
"Furcifer balteatus (Duméril & Bibron, 1851)","Furcifer","balteatus","47.414599","-21.273656","Madagascar",NA,NA,"50c9509d-22c7-4a22-a47d-8c48425ef4a7",6.68e+11
"Furcifer oustaleti (Mocquard, 1894)","Furcifer","oustaleti","47.518498","-18.868648","Madagascar",NA,NA,"50c9509d-22c7-4a22-a47d-8c48425ef4a7",6.68e+11
"Furcifer oustaleti (Mocquard, 1894)","Furcifer","oustaleti","46.930404","-21.840488","Madagascar",NA,NA,"50c9509d-22c7-4a22-a47d-8c48425ef4a7",6.68e+11
"Furcifer pardalis (Cuvier, 1829)","Furcifer","pardalis","49.185169","-12.513011","Madagascar",NA,NA,"50c9509d-22c7-4a22-a47d-8c48425ef4a7",6.68e+11
"Furcifer oustaleti (Mocquard, 1894)","Furcifer","oustaleti","46.841092","-21.851892","Madagascar",NA,NA,"50c9509d-22c7-4a22-a47d-8c48425ef4a7",6.68e+11
"Furcifer lateralis (Gray, 1831)","Furcifer","lateralis","46.84274","-21.853932","Madagascar",NA,NA,"50c9509d-22c7-4a22-a47d-8c48425ef4a7",6.68e+11
"Furcifer oustaleti (Mocquard, 1894)","Furcifer","oustaleti","46.842787","-21.85414","Madagascar",NA,NA,"50c9509d-22c7-4a22-a47d-8c48425ef4a7",6.68e+11
"Furcifer oustaleti (Mocquard, 1894)","Furcifer","oustaleti","46.843458","-21.853887","Madagascar",NA,NA,"50c9509d-22c7-4a22-a47d-8c48425ef4a7",6.68e+11
"Furcifer oustaleti (Mocquard, 1894)","Furcifer","oustaleti","46.840992","-21.852523","Madagascar",NA,NA,"50c9509d-22c7-4a22-a47d-8c48425ef4a7",6.68e+11
"Furcifer oustaleti (Mocquard, 1894)","Furcifer","oustaleti","45.39258","-22.592968","Madagascar",NA,NA,"50c9509d-22c7-4a22-a47d-8c48425ef4a7",6.68e+11
"Furcifer oustaleti (Mocquard, 1894)","Furcifer","oustaleti","45.392423","-22.592695","Madagascar",NA,NA,"50c9509d-22c7-4a22-a47d-8c48425ef4a7",6.68e+11
"Furcifer oustaleti (Mocquard, 1894)","Furcifer","oustaleti","45.392625","-22.592928","Madagascar",NA,NA,"50c9509d-22c7-4a22-a47d-8c48425ef4a7",6.68e+11
"Furcifer oustaleti (Mocquard, 1894)","Furcifer","oustaleti","45.379925","-22.539102","Madagascar",NA,NA,"50c9509d-22c7-4a22-a47d-8c48425ef4a7",6.68e+11
"Furcifer oustaleti (Mocquard, 1894)","Furcifer","oustaleti","44.69321","-22.881248","Madagascar",NA,NA,"50c9509d-22c7-4a22-a47d-8c48425ef4a7",6.68e+11
"Furcifer verrucosus Cuvier, 1829","Furcifer","verrucosus","43.624212","-23.116057","Madagascar",NA,NA,"50c9509d-22c7-4a22-a47d-8c48425ef4a7",6.68e+11
"Furcifer verrucosus Cuvier, 1829","Furcifer","verrucosus","43.624244","-23.115958","Madagascar",NA,NA,"50c9509d-22c7-4a22-a47d-8c48425ef4a7",6.68e+11
"Furcifer verrucosus Cuvier, 1829","Furcifer","verrucosus","46.600625","-25.007276","Madagascar",NA,NA,"50c9509d-22c7-4a22-a47d-8c48425ef4a7",6.68e+11
"Furcifer verrucosus Cuvier, 1829","Furcifer","verrucosus","46.304628","-25.011197","Madagascar",NA,NA,"50c9509d-22c7-4a22-a47d-8c48425ef4a7",6.68e+11
"Furcifer verrucosus Cuvier, 1829","Furcifer","verrucosus","46.304542","-25.009641","Madagascar",NA,NA,"50c9509d-22c7-4a22-a47d-8c48425ef4a7",6.68e+11
"Furcifer pardalis (Cuvier, 1829)","Furcifer","pardalis","49.142367","-12.895543","Madagascar",NA,NA,"50c9509d-22c7-4a22-a47d-8c48425ef4a7",6.68e+11
"Furcifer oustaleti (Mocquard, 1894)","Furcifer","oustaleti","49.142367","-12.895543","Madagascar",NA,NA,"50c9509d-22c7-4a22-a47d-8c48425ef4a7",6.68e+11
"Furcifer antimena (Grandidier, 1872)","Furcifer","antimena","43.739983","-23.186849","Madagascar",NA,NA,"50c9509d-22c7-4a22-a47d-8c48425ef4a7",6.68e+11
"Furcifer oustaleti (Mocquard, 1894)","Furcifer","oustaleti","44.681838","-22.841703","Madagascar",NA,NA,"50c9509d-22c7-4a22-a47d-8c48425ef4a7",6.68e+11
"Furcifer oustaleti (Mocquard, 1894)","Furcifer","oustaleti","46.854353","-21.857406","Madagascar",NA,NA,"50c9509d-22c7-4a22-a47d-8c48425ef4a7",6.68e+11
"Furcifer oustaleti (Mocquard, 1894)","Furcifer","oustaleti","46.854353","-21.857406","Madagascar",NA,NA,"50c9509d-22c7-4a22-a47d-8c48425ef4a7",6.68e+11
"Furcifer pardalis (Cuvier, 1829)","Furcifer","pardalis","49.15","-12.616667","Madagascar",NA,NA,"50c9509d-22c7-4a22-a47d-8c48425ef4a7",6.68e+11
"Furcifer pardalis (Cuvier, 1829)","Furcifer","pardalis","49.15","-12.616667","Madagascar",NA,NA,"50c9509d-22c7-4a22-a47d-8c48425ef4a7",6.68e+11
"Furcifer oustaleti (Mocquard, 1894)","Furcifer","oustaleti","49.15","-12.616667","Madagascar",NA,NA,"50c9509d-22c7-4a22-a47d-8c48425ef4a7",6.68e+11
"Furcifer pardalis (Cuvier, 1829)","Furcifer","pardalis","49.15","-12.616667","Madagascar",NA,NA,"50c9509d-22c7-4a22-a47d-8c48425ef4a7",6.68e+11
"Furcifer pardalis (Cuvier, 1829)","Furcifer","pardalis","49.15","-12.616667","Madagascar",NA,NA,"50c9509d-22c7-4a22-a47d-8c48425ef4a7",6.68e+11
"Furcifer verrucosus Cuvier, 1829","Furcifer","verrucosus","46.29922","-25.005295","Madagascar",NA,NA,"50c9509d-22c7-4a22-a47d-8c48425ef4a7",6.68e+11
"Furcifer verrucosus Cuvier, 1829","Furcifer","verrucosus","46.317666","-25.002626","Madagascar",NA,NA,"50c9509d-22c7-4a22-a47d-8c48425ef4a7",6.68e+11
"Furcifer verrucosus Cuvier, 1829","Furcifer","verrucosus","46.266167","-24.976175","Madagascar",NA,NA,"50c9509d-22c7-4a22-a47d-8c48425ef4a7",6.68e+11
"Furcifer verrucosus Cuvier, 1829","Furcifer","verrucosus","46.698354","-25.03995","Madagascar",NA,NA,"50c9509d-22c7-4a22-a47d-8c48425ef4a7",6.68e+11
"Furcifer verrucosus Cuvier, 1829","Furcifer","verrucosus","46.656724","-25.025987","Madagascar",NA,NA,"50c9509d-22c7-4a22-a47d-8c48425ef4a7",6.68e+11
"Furcifer bifidus (Brongniart, 1800)","Furcifer","bifidus","48.414349","-18.929537","Madagascar",NA,NA,"50c9509d-22c7-4a22-a47d-8c48425ef4a7",6.68e+11
"Furcifer pardalis (Cuvier, 1829)","Furcifer","pardalis","48.418332","-18.945055","Madagascar",NA,NA,"50c9509d-22c7-4a22-a47d-8c48425ef4a7",6.68e+11
"Furcifer oustaleti (Mocquard, 1894)","Furcifer","oustaleti","47.359002","-18.953845","Madagascar",NA,NA,"50c9509d-22c7-4a22-a47d-8c48425ef4a7",6.68e+11
"Furcifer pardalis (Cuvier, 1829)","Furcifer","pardalis","49.212563","-18.605368","Madagascar",NA,NA,"50c9509d-22c7-4a22-a47d-8c48425ef4a7",6.68e+11
"Furcifer pardalis (Cuvier, 1829)","Furcifer","pardalis","49.211318","-18.606364","Madagascar",NA,NA,"50c9509d-22c7-4a22-a47d-8c48425ef4a7",6.68e+11
"Furcifer pardalis (Cuvier, 1829)","Furcifer","pardalis","49.213228","-18.605886","Madagascar",NA,NA,"50c9509d-22c7-4a22-a47d-8c48425ef4a7",6.68e+11
"Furcifer pardalis (Cuvier, 1829)","Furcifer","pardalis","49.20752","-18.609557","Madagascar",NA,NA,"50c9509d-22c7-4a22-a47d-8c48425ef4a7",6.68e+11
"Furcifer pardalis (Cuvier, 1829)","Furcifer","pardalis","49.211189","-18.605713","Madagascar",NA,NA,"50c9509d-22c7-4a22-a47d-8c48425ef4a7",6.68e+11
"Furcifer pardalis (Cuvier, 1829)","Furcifer","pardalis","49.210245","-18.607259","Madagascar",NA,NA,"50c9509d-22c7-4a22-a47d-8c48425ef4a7",6.68e+11
"Furcifer oustaleti (Mocquard, 1894)","Furcifer","oustaleti","44.216373","-20.949004","Madagascar",NA,NA,"50c9509d-22c7-4a22-a47d-8c48425ef4a7",6.68e+11
"Furcifer oustaleti (Mocquard, 1894)","Furcifer","oustaleti","44.216202","-20.949004","Madagascar",NA,NA,"50c9509d-22c7-4a22-a47d-8c48425ef4a7",6.68e+11
"Furcifer oustaleti (Mocquard, 1894)","Furcifer","oustaleti","44.549297","-20.103823","Madagascar",NA,NA,"50c9509d-22c7-4a22-a47d-8c48425ef4a7",6.68e+11
"Furcifer oustaleti (Mocquard, 1894)","Furcifer","oustaleti","46.753422","-16.236351","Madagascar",NA,NA,"50c9509d-22c7-4a22-a47d-8c48425ef4a7",6.68e+11
"Furcifer oustaleti (Mocquard, 1894)","Furcifer","oustaleti","46.850252","-21.856759","Madagascar",NA,NA,"50c9509d-22c7-4a22-a47d-8c48425ef4a7",6.68e+11
"Furcifer verrucosus Cuvier, 1829","Furcifer","verrucosus","43.699983","-23.109929","Madagascar",NA,NA,"50c9509d-22c7-4a22-a47d-8c48425ef4a7",6.68e+11
"Furcifer antimena (Grandidier, 1872)","Furcifer","antimena","43.734197","-23.148701","Madagascar",NA,NA,"50c9509d-22c7-4a22-a47d-8c48425ef4a7",6.68e+11
"Furcifer pardalis (Cuvier, 1829)","Furcifer","pardalis","55.33328","-21.16607","Reunion",NA,NA,"2abc902f-59cf-4f11-885d-a1498d057c25",2896937500
"Furcifer balteatus (Duméril & Bibron, 1851)","Furcifer","balteatus","47.468736","-21.349562","Madagascar",NA,NA,"50c9509d-22c7-4a22-a47d-8c48425ef4a7",6.68e+11
"Furcifer oustaleti (Mocquard, 1894)","Furcifer","oustaleti","46.842495","-21.854313","Madagascar",NA,NA,"50c9509d-22c7-4a22-a47d-8c48425ef4a7",6.68e+11
"Furcifer oustaleti (Mocquard, 1894)","Furcifer","oustaleti","46.842412","-21.85482","Madagascar",NA,NA,"50c9509d-22c7-4a22-a47d-8c48425ef4a7",6.68e+11
"Furcifer oustaleti (Mocquard, 1894)","Furcifer","oustaleti","44.210788","-23.089589","Madagascar",NA,NA,"50c9509d-22c7-4a22-a47d-8c48425ef4a7",6.68e+11
"Furcifer verrucosus Cuvier, 1829","Furcifer","verrucosus","43.620292","-23.119503","Madagascar",NA,NA,"50c9509d-22c7-4a22-a47d-8c48425ef4a7",6.68e+11
"Furcifer antimena (Grandidier, 1872)","Furcifer","antimena","43.746292","-23.051078","Madagascar",NA,NA,"50c9509d-22c7-4a22-a47d-8c48425ef4a7",6.68e+11
"Furcifer pardalis (Cuvier, 1829)","Furcifer","pardalis","55.33328","-21.16607","Reunion",NA,NA,"2abc902f-59cf-4f11-885d-a1498d057c25",2896937500
"Furcifer oustaleti (Mocquard, 1894)","Furcifer","oustaleti","47.519087","-18.867097","Madagascar",NA,NA,"50c9509d-22c7-4a22-a47d-8c48425ef4a7",6.68e+11
"Furcifer oustaleti (Mocquard, 1894)","Furcifer","oustaleti","45.099381","-19.772299","Madagascar",NA,NA,"50c9509d-22c7-4a22-a47d-8c48425ef4a7",6.68e+11
"Furcifer oustaleti (Mocquard, 1894)","Furcifer","oustaleti","44.738495","-18.709775","Madagascar",NA,NA,"50c9509d-22c7-4a22-a47d-8c48425ef4a7",6.68e+11
"Furcifer oustaleti (Mocquard, 1894)","Furcifer","oustaleti","44.583139","-20.06952","Madagascar",NA,NA,"50c9509d-22c7-4a22-a47d-8c48425ef4a7",6.68e+11
"Furcifer oustaleti (Mocquard, 1894)","Furcifer","oustaleti","44.681838","-22.841703","Madagascar",NA,NA,"50c9509d-22c7-4a22-a47d-8c48425ef4a7",6.68e+11
"Furcifer pardalis (Cuvier, 1829)","Furcifer","pardalis","49.142367","-12.895543","Madagascar",NA,NA,"50c9509d-22c7-4a22-a47d-8c48425ef4a7",6.68e+11
"Furcifer pardalis (Cuvier, 1829)","Furcifer","pardalis","55.64242","-20.96333","Reunion",NA,NA,"2abc902f-59cf-4f11-885d-a1498d057c25",2896937500
"Furcifer oustaleti (Mocquard, 1894)","Furcifer","oustaleti","46.842236","-21.852249","Madagascar",NA,NA,"50c9509d-22c7-4a22-a47d-8c48425ef4a7",6.68e+11
"Furcifer oustaleti (Mocquard, 1894)","Furcifer","oustaleti","46.842258","-21.852717","Madagascar",NA,NA,"50c9509d-22c7-4a22-a47d-8c48425ef4a7",6.68e+11
"Furcifer oustaleti (Mocquard, 1894)","Furcifer","oustaleti","46.842618","-21.853444","Madagascar",NA,NA,"50c9509d-22c7-4a22-a47d-8c48425ef4a7",6.68e+11
"Furcifer petteri (Brygoo & Domergue, 1966)","Furcifer","petteri","49.180484","-12.913661","Madagascar",NA,NA,"50c9509d-22c7-4a22-a47d-8c48425ef4a7",6.68e+11
"Furcifer oustaleti (Mocquard, 1894)","Furcifer","oustaleti","46.840817","-21.852197","Madagascar",NA,NA,"50c9509d-22c7-4a22-a47d-8c48425ef4a7",6.68e+11
"Furcifer oustaleti (Mocquard, 1894)","Furcifer","oustaleti","46.842597","-21.850578","Madagascar",NA,NA,"50c9509d-22c7-4a22-a47d-8c48425ef4a7",6.68e+11
"Furcifer oustaleti (Mocquard, 1894)","Furcifer","oustaleti","46.842777","-21.851173","Madagascar",NA,NA,"50c9509d-22c7-4a22-a47d-8c48425ef4a7",6.68e+11
"Furcifer oustaleti (Mocquard, 1894)","Furcifer","oustaleti","46.784167","-22.068497","Madagascar",NA,NA,"50c9509d-22c7-4a22-a47d-8c48425ef4a7",6.68e+11
"Furcifer oustaleti (Mocquard, 1894)","Furcifer","oustaleti","46.636275","-22.139367","Madagascar",NA,NA,"50c9509d-22c7-4a22-a47d-8c48425ef4a7",6.68e+11
"Furcifer oustaleti (Mocquard, 1894)","Furcifer","oustaleti","46.706167","-22.020689","Madagascar",NA,NA,"50c9509d-22c7-4a22-a47d-8c48425ef4a7",6.68e+11
"Furcifer oustaleti (Mocquard, 1894)","Furcifer","oustaleti","46.630297","-22.152777","Madagascar",NA,NA,"50c9509d-22c7-4a22-a47d-8c48425ef4a7",6.68e+11
"Furcifer oustaleti (Mocquard, 1894)","Furcifer","oustaleti","46.621077","-22.199585","Madagascar",NA,NA,"50c9509d-22c7-4a22-a47d-8c48425ef4a7",6.68e+11
"Furcifer oustaleti (Mocquard, 1894)","Furcifer","oustaleti","45.411999","-22.554767","Madagascar",NA,NA,"50c9509d-22c7-4a22-a47d-8c48425ef4a7",6.68e+11
"Furcifer pardalis (Cuvier, 1829)","Furcifer","pardalis","55.47416","-21.2512","Reunion",NA,NA,"7247dc2e-b862-4555-b533-7701d183271b",2896937500
"Furcifer oustaleti (Mocquard, 1894)","Furcifer","oustaleti","44.818317","-19.14045","Madagascar",NA,NA,"6ac3f774-d9fb-4796-b3e9-92bf6c81c084",6.68e+11
"Furcifer oustaleti (Mocquard, 1894)","Furcifer","oustaleti","46.941659","-16.2233","Madagascar",NA,NA,"50c9509d-22c7-4a22-a47d-8c48425ef4a7",6.68e+11
"Furcifer angeli (Brygoo & Domergue, 1968)","Furcifer","angeli","46.941659","-16.2233","Madagascar",NA,NA,"50c9509d-22c7-4a22-a47d-8c48425ef4a7",6.68e+11
"Furcifer verrucosus Cuvier, 1829","Furcifer","verrucosus","43.755297","-23.413991","Madagascar",NA,NA,"50c9509d-22c7-4a22-a47d-8c48425ef4a7",6.68e+11
"Furcifer verrucosus Cuvier, 1829","Furcifer","verrucosus","43.755297","-23.413991","Madagascar",NA,NA,"50c9509d-22c7-4a22-a47d-8c48425ef4a7",6.68e+11
"Furcifer verrucosus Cuvier, 1829","Furcifer","verrucosus","43.755297","-23.413991","Madagascar",NA,NA,"50c9509d-22c7-4a22-a47d-8c48425ef4a7",6.68e+11
"Furcifer willsii (Günther, 1890)","Furcifer","willsii","48.458738","-18.83498","Madagascar",NA,NA,"50c9509d-22c7-4a22-a47d-8c48425ef4a7",6.68e+11
"Furcifer pardalis (Cuvier, 1829)","Furcifer","pardalis","48.124217","-14.065449","Madagascar",NA,NA,"50c9509d-22c7-4a22-a47d-8c48425ef4a7",6.68e+11
"Furcifer oustaleti (Mocquard, 1894)","Furcifer","oustaleti","49.701101","-13.170466","Madagascar",NA,NA,"50c9509d-22c7-4a22-a47d-8c48425ef4a7",6.68e+11
"Furcifer pardalis (Cuvier, 1829)","Furcifer","pardalis","49.795682","-14.461631","Madagascar",NA,NA,"50c9509d-22c7-4a22-a47d-8c48425ef4a7",6.68e+11
"Furcifer oustaleti (Mocquard, 1894)","Furcifer","oustaleti","47.490868","-18.82413","Madagascar",NA,NA,"50c9509d-22c7-4a22-a47d-8c48425ef4a7",6.68e+11
"Furcifer balteatus (Duméril & Bibron, 1851)","Furcifer","balteatus","47.488609","-21.211438","Madagascar",NA,NA,"50c9509d-22c7-4a22-a47d-8c48425ef4a7",6.68e+11
"Furcifer balteatus (Duméril & Bibron, 1851)","Furcifer","balteatus","47.535728","-21.362671","Madagascar",NA,NA,"50c9509d-22c7-4a22-a47d-8c48425ef4a7",6.68e+11
"Furcifer balteatus (Duméril & Bibron, 1851)","Furcifer","balteatus","47.447185","-21.328332","Madagascar",NA,NA,"50c9509d-22c7-4a22-a47d-8c48425ef4a7",6.68e+11
"Furcifer balteatus (Duméril & Bibron, 1851)","Furcifer","balteatus","47.458157","-21.223969","Madagascar",NA,NA,"50c9509d-22c7-4a22-a47d-8c48425ef4a7",6.68e+11
"Furcifer oustaleti (Mocquard, 1894)","Furcifer","oustaleti","46.854353","-21.857406","Madagascar",NA,NA,"50c9509d-22c7-4a22-a47d-8c48425ef4a7",6.68e+11
"Furcifer oustaleti (Mocquard, 1894)","Furcifer","oustaleti","46.854353","-21.857406","Madagascar",NA,NA,"50c9509d-22c7-4a22-a47d-8c48425ef4a7",6.68e+11
"Furcifer oustaleti (Mocquard, 1894)","Furcifer","oustaleti","46.854353","-21.857406","Madagascar",NA,NA,"50c9509d-22c7-4a22-a47d-8c48425ef4a7",6.68e+11
"Furcifer lateralis (Gray, 1831)","Furcifer","lateralis","47.284138","-18.195759","Madagascar",NA,NA,"50c9509d-22c7-4a22-a47d-8c48425ef4a7",6.68e+11
"Furcifer minor (Günther, 1879)","Furcifer","minor","47.185144","-20.097392","Madagascar",NA,NA,"50c9509d-22c7-4a22-a47d-8c48425ef4a7",6.68e+11
"Furcifer pardalis (Cuvier, 1829)","Furcifer","pardalis","48.341827","-13.392817","Madagascar","Nosy Be",NA,"8a863029-f435-446a-821e-275f4f641165",298125000
"Furcifer pardalis (Cuvier, 1829)","Furcifer","pardalis","48.341515","-13.391915","Madagascar","Nosy Be",NA,"8a863029-f435-446a-821e-275f4f641165",298125000
"Furcifer pardalis (Cuvier, 1829)","Furcifer","pardalis","48.295895","-13.357431","Madagascar","Nosy Be",NA,"8a863029-f435-446a-821e-275f4f641165",298125000
"Furcifer pardalis (Cuvier, 1829)","Furcifer","pardalis","48.295208","-13.356978","Madagascar","Nosy Be",NA,"8a863029-f435-446a-821e-275f4f641165",298125000
"Furcifer lateralis (Gray, 1831)","Furcifer","lateralis","47.181999","-20.772526","Madagascar",NA,NA,"8a863029-f435-446a-821e-275f4f641165",6.68e+11
"Furcifer oustaleti (Mocquard, 1894)","Furcifer","oustaleti","46.839901","-21.849813","Madagascar",NA,NA,"8a863029-f435-446a-821e-275f4f641165",6.68e+11
"Furcifer oustaleti (Mocquard, 1894)","Furcifer","oustaleti","46.920154","-17.234249","Madagascar",NA,NA,"8a863029-f435-446a-821e-275f4f641165",6.68e+11
"Furcifer oustaleti (Mocquard, 1894)","Furcifer","oustaleti","46.84489","-21.853064","Madagascar",NA,NA,"50c9509d-22c7-4a22-a47d-8c48425ef4a7",6.68e+11
"Furcifer oustaleti (Mocquard, 1894)","Furcifer","oustaleti","44.690635","-22.891661","Madagascar",NA,NA,"50c9509d-22c7-4a22-a47d-8c48425ef4a7",6.68e+11
"Furcifer oustaleti (Mocquard, 1894)","Furcifer","oustaleti","46.846349","-21.852765","Madagascar",NA,NA,"50c9509d-22c7-4a22-a47d-8c48425ef4a7",6.68e+11
"Furcifer oustaleti (Mocquard, 1894)","Furcifer","oustaleti","46.846349","-21.852765","Madagascar",NA,NA,"50c9509d-22c7-4a22-a47d-8c48425ef4a7",6.68e+11
"Furcifer oustaleti (Mocquard, 1894)","Furcifer","oustaleti","46.846349","-21.852765","Madagascar",NA,NA,"50c9509d-22c7-4a22-a47d-8c48425ef4a7",6.68e+11
"Furcifer oustaleti (Mocquard, 1894)","Furcifer","oustaleti","45.335663","-22.615786","Madagascar",NA,NA,"50c9509d-22c7-4a22-a47d-8c48425ef4a7",6.68e+11
"Furcifer oustaleti (Mocquard, 1894)","Furcifer","oustaleti","44.749589","-19.186613","Madagascar",NA,NA,"50c9509d-22c7-4a22-a47d-8c48425ef4a7",6.68e+11
"Furcifer viridis Florio, Ingram, Rakotondravony, Louis Jr & Raxworthy, 2012","Furcifer","viridis","44.749589","-19.186613","Madagascar",NA,NA,"50c9509d-22c7-4a22-a47d-8c48425ef4a7",6.68e+11
"Furcifer oustaleti (Mocquard, 1894)","Furcifer","oustaleti","44.435548","-20.261564","Madagascar",NA,NA,"50c9509d-22c7-4a22-a47d-8c48425ef4a7",6.68e+11
"Furcifer oustaleti (Mocquard, 1894)","Furcifer","oustaleti","44.794572","-19.079475","Madagascar",NA,NA,"50c9509d-22c7-4a22-a47d-8c48425ef4a7",6.68e+11
"Furcifer balteatus (Duméril & Bibron, 1851)","Furcifer","balteatus","47.945023","-20.648463","Madagascar",NA,NA,"8a863029-f435-446a-821e-275f4f641165",6.68e+11
"Furcifer balteatus (Duméril & Bibron, 1851)","Furcifer","balteatus","47.394401","-21.240533","Madagascar",NA,NA,"8a863029-f435-446a-821e-275f4f641165",6.68e+11
"Furcifer pardalis (Cuvier, 1829)","Furcifer","pardalis","49.210133","-18.606612","Madagascar",NA,NA,"50c9509d-22c7-4a22-a47d-8c48425ef4a7",6.68e+11
"Furcifer pardalis (Cuvier, 1829)","Furcifer","pardalis","49.210835","-18.605889","Madagascar",NA,NA,"50c9509d-22c7-4a22-a47d-8c48425ef4a7",6.68e+11
"Furcifer pardalis (Cuvier, 1829)","Furcifer","pardalis","49.29601","-12.351721","Madagascar",NA,NA,"50c9509d-22c7-4a22-a47d-8c48425ef4a7",6.68e+11
"Furcifer pardalis (Cuvier, 1829)","Furcifer","pardalis","49.864258","-16.918934","Madagascar","Ile Sainte-Marie",NA,"50c9509d-22c7-4a22-a47d-8c48425ef4a7",6.68e+11
"Furcifer pardalis (Cuvier, 1829)","Furcifer","pardalis","49.864051","-16.918921","Madagascar","Ile Sainte-Marie",NA,"50c9509d-22c7-4a22-a47d-8c48425ef4a7",6.68e+11
"Furcifer oustaleti (Mocquard, 1894)","Furcifer","oustaleti","44.799672","-19.143267","Madagascar",NA,NA,"50c9509d-22c7-4a22-a47d-8c48425ef4a7",6.68e+11
"Furcifer viridis Florio, Ingram, Rakotondravony, Louis Jr & Raxworthy, 2012","Furcifer","viridis","44.800047","-19.142422","Madagascar",NA,NA,"50c9509d-22c7-4a22-a47d-8c48425ef4a7",6.68e+11
"Furcifer oustaleti (Mocquard, 1894)","Furcifer","oustaleti","46.840864","-21.851983","Madagascar",NA,NA,"50c9509d-22c7-4a22-a47d-8c48425ef4a7",6.68e+11
"Furcifer oustaleti (Mocquard, 1894)","Furcifer","oustaleti","46.845708","-21.855608","Madagascar",NA,NA,"50c9509d-22c7-4a22-a47d-8c48425ef4a7",6.68e+11
"Furcifer oustaleti (Mocquard, 1894)","Furcifer","oustaleti","46.808961","-16.310601","Madagascar",NA,NA,"50c9509d-22c7-4a22-a47d-8c48425ef4a7",6.68e+11
"Furcifer oustaleti (Mocquard, 1894)","Furcifer","oustaleti","49.211339","-18.606039","Madagascar",NA,NA,"50c9509d-22c7-4a22-a47d-8c48425ef4a7",6.68e+11
"Furcifer pardalis (Cuvier, 1829)","Furcifer","pardalis","49.211339","-18.606039","Madagascar",NA,NA,"50c9509d-22c7-4a22-a47d-8c48425ef4a7",6.68e+11
"Furcifer nicosiai Jesu, Mattioli & Schimmenti, 1999","Furcifer","nicosiai","44.152162","-20.758858","Madagascar",NA,NA,"50c9509d-22c7-4a22-a47d-8c48425ef4a7",6.68e+11
"Furcifer verrucosus Cuvier, 1829","Furcifer","verrucosus","46.300969","-25.029047","Madagascar",NA,NA,"50c9509d-22c7-4a22-a47d-8c48425ef4a7",6.68e+11
"Furcifer verrucosus Cuvier, 1829","Furcifer","verrucosus","44.5","-24.5","Madagascar",NA,NA,"50c9509d-22c7-4a22-a47d-8c48425ef4a7",6.68e+11
"Furcifer pardalis (Cuvier, 1829)","Furcifer","pardalis","49.213573","-18.605404","Madagascar",NA,NA,"50c9509d-22c7-4a22-a47d-8c48425ef4a7",6.68e+11
"Furcifer lateralis (Gray, 1831)","Furcifer","lateralis","48.224427","-18.948903","Madagascar",NA,NA,"50c9509d-22c7-4a22-a47d-8c48425ef4a7",6.68e+11
"Furcifer oustaleti (Mocquard, 1894)","Furcifer","oustaleti","46.936805","-21.831566","Madagascar",NA,NA,"50c9509d-22c7-4a22-a47d-8c48425ef4a7",6.68e+11
"Furcifer balteatus (Duméril & Bibron, 1851)","Furcifer","balteatus","47.414585","-21.32964","Madagascar",NA,NA,"50c9509d-22c7-4a22-a47d-8c48425ef4a7",6.68e+11
"Furcifer lateralis (Gray, 1831)","Furcifer","lateralis","47.456687","-19.169686","Madagascar",NA,NA,"50c9509d-22c7-4a22-a47d-8c48425ef4a7",6.68e+11
"Furcifer lateralis (Gray, 1831)","Furcifer","lateralis","47.184778","-20.325865","Madagascar",NA,NA,"50c9509d-22c7-4a22-a47d-8c48425ef4a7",6.68e+11
"Furcifer minor (Günther, 1879)","Furcifer","minor","47.164033","-20.277027","Madagascar",NA,NA,"50c9509d-22c7-4a22-a47d-8c48425ef4a7",6.68e+11
"Furcifer minor (Günther, 1879)","Furcifer","minor","47.078441","-20.370056","Madagascar",NA,NA,"50c9509d-22c7-4a22-a47d-8c48425ef4a7",6.68e+11
"Furcifer oustaleti (Mocquard, 1894)","Furcifer","oustaleti","47.081703","-21.573561","Madagascar",NA,NA,"50c9509d-22c7-4a22-a47d-8c48425ef4a7",6.68e+11
"Furcifer willsii (Günther, 1890)","Furcifer","willsii","47.023258","-20.796341","Madagascar",NA,NA,"50c9509d-22c7-4a22-a47d-8c48425ef4a7",6.68e+11
"Furcifer pardalis (Cuvier, 1829)","Furcifer","pardalis","50.26031","-14.937735","Madagascar",NA,NA,"50c9509d-22c7-4a22-a47d-8c48425ef4a7",6.68e+11
"Furcifer pardalis (Cuvier, 1829)","Furcifer","pardalis","55.64198","-21.30627","Reunion",NA,NA,"2abc902f-59cf-4f11-885d-a1498d057c25",2896937500
"Furcifer pardalis (Cuvier, 1829)","Furcifer","pardalis","49.211903","-18.603977","Madagascar",NA,NA,"6ac3f774-d9fb-4796-b3e9-92bf6c81c084",6.68e+11
"Furcifer pardalis (Cuvier, 1829)","Furcifer","pardalis","49.216461","-18.594027","Madagascar",NA,NA,"6ac3f774-d9fb-4796-b3e9-92bf6c81c084",6.68e+11
"Furcifer verrucosus Cuvier, 1829","Furcifer","verrucosus","43.649883","-23.653679","Madagascar",NA,NA,"50c9509d-22c7-4a22-a47d-8c48425ef4a7",6.68e+11
"Furcifer verrucosus Cuvier, 1829","Furcifer","verrucosus","43.649901","-23.653703","Madagascar",NA,NA,"50c9509d-22c7-4a22-a47d-8c48425ef4a7",6.68e+11
"Furcifer verrucosus Cuvier, 1829","Furcifer","verrucosus","43.649901","-23.653705","Madagascar",NA,NA,"50c9509d-22c7-4a22-a47d-8c48425ef4a7",6.68e+11
"Furcifer verrucosus Cuvier, 1829","Furcifer","verrucosus","43.649896","-23.653699","Madagascar",NA,NA,"50c9509d-22c7-4a22-a47d-8c48425ef4a7",6.68e+11
"Furcifer oustaleti (Mocquard, 1894)","Furcifer","oustaleti","44.693181","-22.882673","Madagascar",NA,NA,"50c9509d-22c7-4a22-a47d-8c48425ef4a7",6.68e+11
"Furcifer oustaleti (Mocquard, 1894)","Furcifer","oustaleti","44.693236","-22.881391","Madagascar",NA,NA,"50c9509d-22c7-4a22-a47d-8c48425ef4a7",6.68e+11
"Furcifer pardalis (Cuvier, 1829)","Furcifer","pardalis","48.446085","-13.636094","Madagascar",NA,NA,"50c9509d-22c7-4a22-a47d-8c48425ef4a7",6.68e+11
"Furcifer oustaleti (Mocquard, 1894)","Furcifer","oustaleti","46.406816","-22.097567","Madagascar",NA,NA,"50c9509d-22c7-4a22-a47d-8c48425ef4a7",6.68e+11
"Furcifer pardalis (Cuvier, 1829)","Furcifer","pardalis","55.4352","-21.30925","France","Reunion Island",NA,"5033e406-945f-462b-a294-4f2c839509b7",2896937500
"Furcifer pardalis (Cuvier, 1829)","Furcifer","pardalis","55.666902","-21.034847","Reunion",NA,NA,"50c9509d-22c7-4a22-a47d-8c48425ef4a7",2896937500
"Furcifer oustaleti (Mocquard, 1894)","Furcifer","oustaleti","47.527382","-18.929579","Madagascar",NA,NA,"50c9509d-22c7-4a22-a47d-8c48425ef4a7",6.68e+11
"Furcifer pardalis (Cuvier, 1829)","Furcifer","pardalis","49.210638","-18.60475","Madagascar",NA,NA,"50c9509d-22c7-4a22-a47d-8c48425ef4a7",6.68e+11
"Furcifer pardalis (Cuvier, 1829)","Furcifer","pardalis","49.212784","-18.605692","Madagascar",NA,NA,"50c9509d-22c7-4a22-a47d-8c48425ef4a7",6.68e+11
"Furcifer pardalis (Cuvier, 1829)","Furcifer","pardalis","49.212784","-18.605692","Madagascar",NA,NA,"50c9509d-22c7-4a22-a47d-8c48425ef4a7",6.68e+11
"Furcifer pardalis (Cuvier, 1829)","Furcifer","pardalis","49.26211","-12.447855","Madagascar",NA,NA,"50c9509d-22c7-4a22-a47d-8c48425ef4a7",6.68e+11
"Furcifer oustaleti (Mocquard, 1894)","Furcifer","oustaleti","49.304725","-12.383207","Madagascar",NA,NA,"50c9509d-22c7-4a22-a47d-8c48425ef4a7",6.68e+11
"Furcifer oustaleti (Mocquard, 1894)","Furcifer","oustaleti","44.657449","-20.067087","Madagascar",NA,NA,"50c9509d-22c7-4a22-a47d-8c48425ef4a7",6.68e+11
"Furcifer oustaleti (Mocquard, 1894)","Furcifer","oustaleti","46.854353","-21.857406","Madagascar",NA,NA,"50c9509d-22c7-4a22-a47d-8c48425ef4a7",6.68e+11
"Furcifer oustaleti (Mocquard, 1894)","Furcifer","oustaleti","46.854353","-21.857406","Madagascar",NA,NA,"50c9509d-22c7-4a22-a47d-8c48425ef4a7",6.68e+11
"Furcifer oustaleti (Mocquard, 1894)","Furcifer","oustaleti","46.854353","-21.857406","Madagascar",NA,NA,"50c9509d-22c7-4a22-a47d-8c48425ef4a7",6.68e+11
"Furcifer oustaleti (Mocquard, 1894)","Furcifer","oustaleti","46.916945","-21.84567","Madagascar",NA,NA,"50c9509d-22c7-4a22-a47d-8c48425ef4a7",6.68e+11
"Furcifer oustaleti (Mocquard, 1894)","Furcifer","oustaleti","46.315987","-22.258745","Madagascar",NA,NA,"50c9509d-22c7-4a22-a47d-8c48425ef4a7",6.68e+11
"Furcifer pardalis (Cuvier, 1829)","Furcifer","pardalis","55.275196","-21.040962","Reunion",NA,NA,"50c9509d-22c7-4a22-a47d-8c48425ef4a7",2896937500
"Furcifer pardalis (Cuvier, 1829)","Furcifer","pardalis","55.75457","-21.19222","Reunion",NA,NA,"dae4afc7-52b0-4d5f-9b20-e20fb6b9b1ef",2896937500
"Furcifer major (Brygoo, 1971)","Furcifer","major","44.694212","-22.88202","Madagascar",NA,NA,"50c9509d-22c7-4a22-a47d-8c48425ef4a7",6.68e+11
"Furcifer pardalis (Cuvier, 1829)","Furcifer","pardalis","55.668398","-21.308375","Reunion",NA,NA,"50c9509d-22c7-4a22-a47d-8c48425ef4a7",2896937500
"Furcifer minor (Günther, 1879)","Furcifer","minor","47.316708","-20.48345","Madagascar",NA,NA,"50c9509d-22c7-4a22-a47d-8c48425ef4a7",6.68e+11
"Furcifer pardalis (Cuvier, 1829)","Furcifer","pardalis","55.32225","-21.04448","Reunion",NA,NA,"36c3c593-aa0e-4209-8f7a-6a573713ea93",2896937500
"Furcifer pardalis (Cuvier, 1829)","Furcifer","pardalis","55.55856","-21.22316","Reunion",NA,NA,"6eabe254-f2a1-4144-8d27-28dc87d44286",2896937500
"Furcifer pardalis (Cuvier, 1829)","Furcifer","pardalis","55.70094","-21.02081","Reunion",NA,NA,"6eabe254-f2a1-4144-8d27-28dc87d44286",2896937500
"Furcifer pardalis (Cuvier, 1829)","Furcifer","pardalis","55.64242","-20.96333","Reunion",NA,NA,"6eabe254-f2a1-4144-8d27-28dc87d44286",2896937500
"Furcifer pardalis (Cuvier, 1829)","Furcifer","pardalis","55.64931","-21.09184","Reunion",NA,NA,"6eabe254-f2a1-4144-8d27-28dc87d44286",2896937500
"Furcifer pardalis (Cuvier, 1829)","Furcifer","pardalis","55.64931","-21.09184","Reunion",NA,NA,"ff98132c-b720-4304-a68c-390968b991f7",2896937500
"Furcifer labordi (Grandidier, 1872)","Furcifer","labordi","44.657333","-20.067051","Madagascar",NA,NA,"6ac3f774-d9fb-4796-b3e9-92bf6c81c084",6.68e+11
"Furcifer oustaleti (Mocquard, 1894)","Furcifer","oustaleti","47.097015","-16.116409","Madagascar",NA,NA,"50c9509d-22c7-4a22-a47d-8c48425ef4a7",6.68e+11
"Furcifer rhinoceratus (Gray, 1845)","Furcifer","rhinoceratus","47.077664","-16.068454","Madagascar",NA,NA,"50c9509d-22c7-4a22-a47d-8c48425ef4a7",6.68e+11
"Furcifer oustaleti (Mocquard, 1894)","Furcifer","oustaleti","47.097015","-16.116409","Madagascar",NA,NA,"50c9509d-22c7-4a22-a47d-8c48425ef4a7",6.68e+11
"Furcifer oustaleti (Mocquard, 1894)","Furcifer","oustaleti","47.097015","-16.116409","Madagascar",NA,NA,"50c9509d-22c7-4a22-a47d-8c48425ef4a7",6.68e+11
"Furcifer rhinoceratus (Gray, 1845)","Furcifer","rhinoceratus","47.050068","-16.150228","Madagascar",NA,NA,"50c9509d-22c7-4a22-a47d-8c48425ef4a7",6.68e+11
"Furcifer rhinoceratus (Gray, 1845)","Furcifer","rhinoceratus","47.138516","-16.07356","Madagascar",NA,NA,"50c9509d-22c7-4a22-a47d-8c48425ef4a7",6.68e+11
"Furcifer oustaleti (Mocquard, 1894)","Furcifer","oustaleti","47.097015","-16.116409","Madagascar",NA,NA,"50c9509d-22c7-4a22-a47d-8c48425ef4a7",6.68e+11
"Furcifer rhinoceratus (Gray, 1845)","Furcifer","rhinoceratus","47.006201","-16.157415","Madagascar",NA,NA,"50c9509d-22c7-4a22-a47d-8c48425ef4a7",6.68e+11
"Furcifer rhinoceratus (Gray, 1845)","Furcifer","rhinoceratus","47.196158","-16.054068","Madagascar",NA,NA,"50c9509d-22c7-4a22-a47d-8c48425ef4a7",6.68e+11
"Furcifer pardalis (Cuvier, 1829)","Furcifer","pardalis","55.64242","-20.96333","Reunion",NA,NA,"6eabe254-f2a1-4144-8d27-28dc87d44286",2896937500
"Furcifer pardalis (Cuvier, 1829)","Furcifer","pardalis","55.55856","-21.22316","Reunion",NA,NA,"6eabe254-f2a1-4144-8d27-28dc87d44286",2896937500
"Furcifer pardalis (Cuvier, 1829)","Furcifer","pardalis","55.39769","-20.99421","Reunion",NA,NA,"36c3c593-aa0e-4209-8f7a-6a573713ea93",2896937500
"Furcifer oustaleti (Mocquard, 1894)","Furcifer","oustaleti","46.842738","-21.854203","Madagascar",NA,NA,"50c9509d-22c7-4a22-a47d-8c48425ef4a7",6.68e+11
"Furcifer major (Brygoo, 1971)","Furcifer","major","45.381388","-22.561733","Madagascar",NA,NA,"50c9509d-22c7-4a22-a47d-8c48425ef4a7",6.68e+11
"Furcifer major (Brygoo, 1971)","Furcifer","major","45.380358","-22.561442","Madagascar",NA,NA,"50c9509d-22c7-4a22-a47d-8c48425ef4a7",6.68e+11
"Furcifer major (Brygoo, 1971)","Furcifer","major","45.38045","-22.545692","Madagascar",NA,NA,"50c9509d-22c7-4a22-a47d-8c48425ef4a7",6.68e+11
"Furcifer oustaleti (Mocquard, 1894)","Furcifer","oustaleti","45.400653","-22.549247","Madagascar",NA,NA,"50c9509d-22c7-4a22-a47d-8c48425ef4a7",6.68e+11
"Furcifer oustaleti (Mocquard, 1894)","Furcifer","oustaleti","44.694","-22.881275","Madagascar",NA,NA,"50c9509d-22c7-4a22-a47d-8c48425ef4a7",6.68e+11
"Furcifer pardalis (Cuvier, 1829)","Furcifer","pardalis","49.130242","-12.964631","Madagascar",NA,NA,"50c9509d-22c7-4a22-a47d-8c48425ef4a7",6.68e+11
"Furcifer pardalis (Cuvier, 1829)","Furcifer","pardalis","49.120333","-12.957614","Madagascar",NA,NA,"50c9509d-22c7-4a22-a47d-8c48425ef4a7",6.68e+11
"Furcifer pardalis (Cuvier, 1829)","Furcifer","pardalis","55.50581","-21.29021","Reunion",NA,NA,"6eabe254-f2a1-4144-8d27-28dc87d44286",2896937500
"Furcifer pardalis (Cuvier, 1829)","Furcifer","pardalis","55.44699","-20.93302","Reunion",NA,NA,"6eabe254-f2a1-4144-8d27-28dc87d44286",2896937500
"Furcifer pardalis (Cuvier, 1829)","Furcifer","pardalis","55.44699","-20.93302","Reunion",NA,NA,"6eabe254-f2a1-4144-8d27-28dc87d44286",2896937500
"Furcifer pardalis (Cuvier, 1829)","Furcifer","pardalis","48.51563","-13.581828","Madagascar",NA,NA,"50c9509d-22c7-4a22-a47d-8c48425ef4a7",6.68e+11
"Furcifer pardalis (Cuvier, 1829)","Furcifer","pardalis","48.465365","-13.66174","Madagascar",NA,NA,"50c9509d-22c7-4a22-a47d-8c48425ef4a7",6.68e+11
"Furcifer lateralis (Gray, 1831)","Furcifer","lateralis","47.526293","-18.891466","Madagascar",NA,NA,"50c9509d-22c7-4a22-a47d-8c48425ef4a7",6.68e+11
"Furcifer pardalis (Cuvier, 1829)","Furcifer","pardalis","48.31837","-13.40085","Madagascar","Nosy Be",NA,"50c9509d-22c7-4a22-a47d-8c48425ef4a7",298125000
"Furcifer pardalis (Cuvier, 1829)","Furcifer","pardalis","48.31837","-13.40085","Madagascar","Nosy Be",NA,"50c9509d-22c7-4a22-a47d-8c48425ef4a7",298125000
"Furcifer major (Brygoo, 1971)","Furcifer","major","45.261857","-22.465454","Madagascar",NA,NA,"50c9509d-22c7-4a22-a47d-8c48425ef4a7",6.68e+11
"Furcifer oustaleti (Mocquard, 1894)","Furcifer","oustaleti","44.681838","-22.841703","Madagascar",NA,NA,"50c9509d-22c7-4a22-a47d-8c48425ef4a7",6.68e+11
"Furcifer oustaleti (Mocquard, 1894)","Furcifer","oustaleti","44.629555","-22.903421","Madagascar",NA,NA,"50c9509d-22c7-4a22-a47d-8c48425ef4a7",6.68e+11
"Furcifer pardalis (Cuvier, 1829)","Furcifer","pardalis","55.49378","-21.31231","Reunion",NA,NA,"6eabe254-f2a1-4144-8d27-28dc87d44286",2896937500
"Furcifer pardalis (Cuvier, 1829)","Furcifer","pardalis","55.56885","-21.33963","Reunion",NA,NA,"36c3c593-aa0e-4209-8f7a-6a573713ea93",2896937500
"Furcifer pardalis (Cuvier, 1829)","Furcifer","pardalis","55.44699","-20.93302","Reunion",NA,NA,"6eabe254-f2a1-4144-8d27-28dc87d44286",2896937500
"Furcifer pardalis (Cuvier, 1829)","Furcifer","pardalis","55.60435","-20.92063","Reunion",NA,NA,"fec2d5a5-0198-4267-a821-c06a2e93994c",2896937500
"Furcifer pardalis (Cuvier, 1829)","Furcifer","pardalis","55.49378","-21.31231","Reunion",NA,NA,"6eabe254-f2a1-4144-8d27-28dc87d44286",2896937500
"Furcifer pardalis (Cuvier, 1829)","Furcifer","pardalis","55.49378","-21.31231","Reunion",NA,NA,"6eabe254-f2a1-4144-8d27-28dc87d44286",2896937500
"Furcifer pardalis (Cuvier, 1829)","Furcifer","pardalis","55.60799","-20.9078","Reunion",NA,NA,"fec2d5a5-0198-4267-a821-c06a2e93994c",2896937500
"Furcifer pardalis (Cuvier, 1829)","Furcifer","pardalis","55.69968","-20.99301","Reunion",NA,NA,"fec2d5a5-0198-4267-a821-c06a2e93994c",2896937500
"Furcifer pardalis (Cuvier, 1829)","Furcifer","pardalis","55.49378","-21.31231","Reunion",NA,NA,"6eabe254-f2a1-4144-8d27-28dc87d44286",2896937500
"Furcifer pardalis (Cuvier, 1829)","Furcifer","pardalis","55.49378","-21.31231","Reunion",NA,NA,"6eabe254-f2a1-4144-8d27-28dc87d44286",2896937500
"Furcifer pardalis (Cuvier, 1829)","Furcifer","pardalis","55.60473","-21.02005","Reunion",NA,NA,"6eabe254-f2a1-4144-8d27-28dc87d44286",2896937500
"Furcifer pardalis (Cuvier, 1829)","Furcifer","pardalis","55.61091","-20.91373","Reunion",NA,NA,"fec2d5a5-0198-4267-a821-c06a2e93994c",2896937500
"Furcifer pardalis (Cuvier, 1829)","Furcifer","pardalis","55.60973","-20.91014","Reunion",NA,NA,"fec2d5a5-0198-4267-a821-c06a2e93994c",2896937500
"Furcifer lateralis (Gray, 1831)","Furcifer","lateralis","47.514134","-18.870987","Madagascar",NA,NA,"50c9509d-22c7-4a22-a47d-8c48425ef4a7",6.68e+11
"Furcifer pardalis (Cuvier, 1829)","Furcifer","pardalis","55.42158","-21.23361","Reunion",NA,NA,"6eabe254-f2a1-4144-8d27-28dc87d44286",2896937500
"Furcifer pardalis (Cuvier, 1829)","Furcifer","pardalis","55.32225","-21.04448","Reunion",NA,NA,"d7b58b26-fd72-4251-b948-bf92c7c4377b",2896937500
"Furcifer pardalis (Cuvier, 1829)","Furcifer","pardalis","55.44699","-20.93302","Reunion",NA,NA,"6eabe254-f2a1-4144-8d27-28dc87d44286",2896937500
"Furcifer pardalis (Cuvier, 1829)","Furcifer","pardalis","55.33328","-21.16607","Reunion",NA,NA,"6eabe254-f2a1-4144-8d27-28dc87d44286",2896937500
"Furcifer pardalis (Cuvier, 1829)","Furcifer","pardalis","55.53067","-20.94676","Reunion",NA,NA,"6eabe254-f2a1-4144-8d27-28dc87d44286",2896937500
"Furcifer pardalis (Cuvier, 1829)","Furcifer","pardalis","55.295477","-21.137717","Reunion",NA,NA,"50c9509d-22c7-4a22-a47d-8c48425ef4a7",2896937500
"Furcifer pardalis (Cuvier, 1829)","Furcifer","pardalis","55.669441","-21.030216","Reunion",NA,NA,"50c9509d-22c7-4a22-a47d-8c48425ef4a7",2896937500
"Furcifer pardalis (Cuvier, 1829)","Furcifer","pardalis","48.348734","-13.406308","Madagascar","Nosy Be",NA,"8a863029-f435-446a-821e-275f4f641165",298125000
"Furcifer pardalis (Cuvier, 1829)","Furcifer","pardalis","55.41329","-20.92804","Reunion",NA,NA,"6eabe254-f2a1-4144-8d27-28dc87d44286",2896937500
"Furcifer pardalis (Cuvier, 1829)","Furcifer","pardalis","55.55856","-21.22316","Reunion",NA,NA,"6eabe254-f2a1-4144-8d27-28dc87d44286",2896937500
"Furcifer pardalis (Cuvier, 1829)","Furcifer","pardalis","55.41329","-20.92804","Reunion",NA,NA,"6eabe254-f2a1-4144-8d27-28dc87d44286",2896937500
"Furcifer pardalis (Cuvier, 1829)","Furcifer","pardalis","55.64791","-21.35455","Reunion",NA,NA,"fec2d5a5-0198-4267-a821-c06a2e93994c",2896937500
"Furcifer pardalis (Cuvier, 1829)","Furcifer","pardalis","55.32225","-21.04448","Reunion",NA,NA,"d7b58b26-fd72-4251-b948-bf92c7c4377b",2896937500
"Furcifer pardalis (Cuvier, 1829)","Furcifer","pardalis","55.32225","-21.04448","Reunion",NA,NA,"6eabe254-f2a1-4144-8d27-28dc87d44286",2896937500
"Furcifer pardalis (Cuvier, 1829)","Furcifer","pardalis","55.64242","-20.96333","Reunion",NA,NA,"6eabe254-f2a1-4144-8d27-28dc87d44286",2896937500
"Furcifer pardalis (Cuvier, 1829)","Furcifer","pardalis","55.44699","-20.93302","Reunion",NA,NA,"6eabe254-f2a1-4144-8d27-28dc87d44286",2896937500
"Furcifer pardalis (Cuvier, 1829)","Furcifer","pardalis","49.370754","-12.346005","Madagascar",NA,NA,"50c9509d-22c7-4a22-a47d-8c48425ef4a7",6.68e+11
"Furcifer pardalis (Cuvier, 1829)","Furcifer","pardalis","49.375462","-12.347358","Madagascar",NA,NA,"50c9509d-22c7-4a22-a47d-8c48425ef4a7",6.68e+11
"Furcifer pardalis (Cuvier, 1829)","Furcifer","pardalis","55.44699","-20.93302","Reunion",NA,NA,"6eabe254-f2a1-4144-8d27-28dc87d44286",2896937500
"Furcifer pardalis (Cuvier, 1829)","Furcifer","pardalis","55.44699","-20.93302","Reunion",NA,NA,"6eabe254-f2a1-4144-8d27-28dc87d44286",2896937500
"Furcifer pardalis (Cuvier, 1829)","Furcifer","pardalis","55.64198","-21.30627","Reunion",NA,NA,"36c3c593-aa0e-4209-8f7a-6a573713ea93",2896937500
"Furcifer pardalis (Cuvier, 1829)","Furcifer","pardalis","55.64242","-20.96333","Reunion",NA,NA,"6eabe254-f2a1-4144-8d27-28dc87d44286",2896937500
"Furcifer pardalis (Cuvier, 1829)","Furcifer","pardalis","55.33328","-21.16607","Reunion",NA,NA,"6eabe254-f2a1-4144-8d27-28dc87d44286",2896937500
"Furcifer pardalis (Cuvier, 1829)","Furcifer","pardalis","55.64198","-21.30627","Reunion",NA,NA,"36c3c593-aa0e-4209-8f7a-6a573713ea93",2896937500
"Furcifer pardalis (Cuvier, 1829)","Furcifer","pardalis","55.42158","-21.23361","Reunion",NA,NA,"6eabe254-f2a1-4144-8d27-28dc87d44286",2896937500
"Furcifer oustaleti (Mocquard, 1894)","Furcifer","oustaleti","47.519463","-18.86879","Madagascar",NA,NA,"50c9509d-22c7-4a22-a47d-8c48425ef4a7",6.68e+11
"Furcifer verrucosus Cuvier, 1829","Furcifer","verrucosus","43.755297","-23.413991","Madagascar",NA,NA,"50c9509d-22c7-4a22-a47d-8c48425ef4a7",6.68e+11
"Furcifer verrucosus Cuvier, 1829","Furcifer","verrucosus","43.755297","-23.413991","Madagascar",NA,NA,"50c9509d-22c7-4a22-a47d-8c48425ef4a7",6.68e+11
"Furcifer oustaleti (Mocquard, 1894)","Furcifer","oustaleti","47.357686","-18.951812","Madagascar",NA,NA,"50c9509d-22c7-4a22-a47d-8c48425ef4a7",6.68e+11
"Furcifer pardalis (Cuvier, 1829)","Furcifer","pardalis","48.460929","-18.828976","Madagascar",NA,NA,"8a863029-f435-446a-821e-275f4f641165",6.68e+11
"Furcifer balteatus (Duméril & Bibron, 1851)","Furcifer","balteatus","47.470405","-21.385317","Madagascar",NA,NA,"50c9509d-22c7-4a22-a47d-8c48425ef4a7",6.68e+11
"Furcifer oustaleti (Mocquard, 1894)","Furcifer","oustaleti","47.0392","-19.861158","Madagascar",NA,NA,"50c9509d-22c7-4a22-a47d-8c48425ef4a7",6.68e+11
"Furcifer oustaleti (Mocquard, 1894)","Furcifer","oustaleti","46.841084","-21.85141","Madagascar",NA,NA,"50c9509d-22c7-4a22-a47d-8c48425ef4a7",6.68e+11
"Furcifer oustaleti (Mocquard, 1894)","Furcifer","oustaleti","46.842694","-21.853988","Madagascar",NA,NA,"50c9509d-22c7-4a22-a47d-8c48425ef4a7",6.68e+11
"Furcifer oustaleti (Mocquard, 1894)","Furcifer","oustaleti","46.84327","-21.854419","Madagascar",NA,NA,"50c9509d-22c7-4a22-a47d-8c48425ef4a7",6.68e+11
"Furcifer oustaleti (Mocquard, 1894)","Furcifer","oustaleti","46.843255","-21.854394","Madagascar",NA,NA,"50c9509d-22c7-4a22-a47d-8c48425ef4a7",6.68e+11
"Furcifer oustaleti (Mocquard, 1894)","Furcifer","oustaleti","46.842532","-21.85087","Madagascar",NA,NA,"50c9509d-22c7-4a22-a47d-8c48425ef4a7",6.68e+11
"Furcifer oustaleti (Mocquard, 1894)","Furcifer","oustaleti","46.78768","-22.083991","Madagascar",NA,NA,"50c9509d-22c7-4a22-a47d-8c48425ef4a7",6.68e+11
"Furcifer oustaleti (Mocquard, 1894)","Furcifer","oustaleti","46.786036","-22.078594","Madagascar",NA,NA,"50c9509d-22c7-4a22-a47d-8c48425ef4a7",6.68e+11
"Furcifer oustaleti (Mocquard, 1894)","Furcifer","oustaleti","46.782065","-22.076928","Madagascar",NA,NA,"50c9509d-22c7-4a22-a47d-8c48425ef4a7",6.68e+11
"Furcifer oustaleti (Mocquard, 1894)","Furcifer","oustaleti","46.787677","-22.083985","Madagascar",NA,NA,"50c9509d-22c7-4a22-a47d-8c48425ef4a7",6.68e+11
"Furcifer oustaleti (Mocquard, 1894)","Furcifer","oustaleti","46.786046","-22.078595","Madagascar",NA,NA,"50c9509d-22c7-4a22-a47d-8c48425ef4a7",6.68e+11
"Furcifer oustaleti (Mocquard, 1894)","Furcifer","oustaleti","46.782065","-22.076928","Madagascar",NA,NA,"50c9509d-22c7-4a22-a47d-8c48425ef4a7",6.68e+11
"Furcifer verrucosus Cuvier, 1829","Furcifer","verrucosus","43.756016","-23.413496","Madagascar",NA,NA,"50c9509d-22c7-4a22-a47d-8c48425ef4a7",6.68e+11
"Furcifer oustaleti (Mocquard, 1894)","Furcifer","oustaleti","44.794676","-19.14254","Madagascar",NA,NA,"50c9509d-22c7-4a22-a47d-8c48425ef4a7",6.68e+11
"Furcifer oustaleti (Mocquard, 1894)","Furcifer","oustaleti","44.794674","-19.142464","Madagascar",NA,NA,"50c9509d-22c7-4a22-a47d-8c48425ef4a7",6.68e+11
"Furcifer oustaleti (Mocquard, 1894)","Furcifer","oustaleti","44.794334","-19.143729","Madagascar",NA,NA,"50c9509d-22c7-4a22-a47d-8c48425ef4a7",6.68e+11
"Furcifer oustaleti (Mocquard, 1894)","Furcifer","oustaleti","44.794207","-19.143832","Madagascar",NA,NA,"50c9509d-22c7-4a22-a47d-8c48425ef4a7",6.68e+11
"Furcifer oustaleti (Mocquard, 1894)","Furcifer","oustaleti","44.79522","-19.14491","Madagascar",NA,NA,"50c9509d-22c7-4a22-a47d-8c48425ef4a7",6.68e+11
"Furcifer oustaleti (Mocquard, 1894)","Furcifer","oustaleti","44.79548","-19.145091","Madagascar",NA,NA,"50c9509d-22c7-4a22-a47d-8c48425ef4a7",6.68e+11
"Furcifer oustaleti (Mocquard, 1894)","Furcifer","oustaleti","44.797283","-19.145788","Madagascar",NA,NA,"50c9509d-22c7-4a22-a47d-8c48425ef4a7",6.68e+11
"Furcifer oustaleti (Mocquard, 1894)","Furcifer","oustaleti","44.797249","-19.145793","Madagascar",NA,NA,"50c9509d-22c7-4a22-a47d-8c48425ef4a7",6.68e+11
"Furcifer oustaleti (Mocquard, 1894)","Furcifer","oustaleti","44.797319","-19.145954","Madagascar",NA,NA,"50c9509d-22c7-4a22-a47d-8c48425ef4a7",6.68e+11
"Furcifer oustaleti (Mocquard, 1894)","Furcifer","oustaleti","44.797318","-19.145942","Madagascar",NA,NA,"50c9509d-22c7-4a22-a47d-8c48425ef4a7",6.68e+11
"Furcifer oustaleti (Mocquard, 1894)","Furcifer","oustaleti","44.797469","-19.145906","Madagascar",NA,NA,"50c9509d-22c7-4a22-a47d-8c48425ef4a7",6.68e+11
"Furcifer oustaleti (Mocquard, 1894)","Furcifer","oustaleti","44.797519","-19.146017","Madagascar",NA,NA,"50c9509d-22c7-4a22-a47d-8c48425ef4a7",6.68e+11
"Furcifer oustaleti (Mocquard, 1894)","Furcifer","oustaleti","44.79803","-19.145722","Madagascar",NA,NA,"50c9509d-22c7-4a22-a47d-8c48425ef4a7",6.68e+11
"Furcifer oustaleti (Mocquard, 1894)","Furcifer","oustaleti","44.79853","-19.145364","Madagascar",NA,NA,"50c9509d-22c7-4a22-a47d-8c48425ef4a7",6.68e+11
"Furcifer oustaleti (Mocquard, 1894)","Furcifer","oustaleti","44.798612","-19.145265","Madagascar",NA,NA,"50c9509d-22c7-4a22-a47d-8c48425ef4a7",6.68e+11
"Furcifer pardalis (Cuvier, 1829)","Furcifer","pardalis","55.683612","-21.338153","Reunion",NA,NA,"50c9509d-22c7-4a22-a47d-8c48425ef4a7",2896937500
"Furcifer oustaleti (Mocquard, 1894)","Furcifer","oustaleti","46.744567","-19.081376","Madagascar",NA,NA,"50c9509d-22c7-4a22-a47d-8c48425ef4a7",6.68e+11
"Furcifer pardalis (Cuvier, 1829)","Furcifer","pardalis","48.217083","-13.38371","Madagascar","Nosy Be",NA,"50c9509d-22c7-4a22-a47d-8c48425ef4a7",298125000
"Furcifer oustaleti (Mocquard, 1894)","Furcifer","oustaleti","44.794656","-19.142468","Madagascar",NA,NA,"50c9509d-22c7-4a22-a47d-8c48425ef4a7",6.68e+11
"Furcifer oustaleti (Mocquard, 1894)","Furcifer","oustaleti","44.795485","-19.145051","Madagascar",NA,NA,"50c9509d-22c7-4a22-a47d-8c48425ef4a7",6.68e+11
"Furcifer oustaleti (Mocquard, 1894)","Furcifer","oustaleti","44.797135","-19.145895","Madagascar",NA,NA,"50c9509d-22c7-4a22-a47d-8c48425ef4a7",6.68e+11
"Furcifer oustaleti (Mocquard, 1894)","Furcifer","oustaleti","44.797476","-19.145805","Madagascar",NA,NA,"50c9509d-22c7-4a22-a47d-8c48425ef4a7",6.68e+11
"Furcifer oustaleti (Mocquard, 1894)","Furcifer","oustaleti","44.798621","-19.145193","Madagascar",NA,NA,"50c9509d-22c7-4a22-a47d-8c48425ef4a7",6.68e+11
"Furcifer balteatus (Duméril & Bibron, 1851)","Furcifer","balteatus","47.551325","-21.374274","Madagascar",NA,NA,"50c9509d-22c7-4a22-a47d-8c48425ef4a7",6.68e+11
"Furcifer oustaleti (Mocquard, 1894)","Furcifer","oustaleti","46.841098","-21.85143","Madagascar",NA,NA,"50c9509d-22c7-4a22-a47d-8c48425ef4a7",6.68e+11
"Furcifer oustaleti (Mocquard, 1894)","Furcifer","oustaleti","46.843253","-21.854206","Madagascar",NA,NA,"50c9509d-22c7-4a22-a47d-8c48425ef4a7",6.68e+11
"Furcifer oustaleti (Mocquard, 1894)","Furcifer","oustaleti","46.842628","-21.854025","Madagascar",NA,NA,"50c9509d-22c7-4a22-a47d-8c48425ef4a7",6.68e+11
"Furcifer oustaleti (Mocquard, 1894)","Furcifer","oustaleti","46.843168","-21.854233","Madagascar",NA,NA,"50c9509d-22c7-4a22-a47d-8c48425ef4a7",6.68e+11
"Furcifer oustaleti (Mocquard, 1894)","Furcifer","oustaleti","46.842545","-21.850816","Madagascar",NA,NA,"50c9509d-22c7-4a22-a47d-8c48425ef4a7",6.68e+11
"Furcifer oustaleti (Mocquard, 1894)","Furcifer","oustaleti","46.843205","-21.854215","Madagascar",NA,NA,"50c9509d-22c7-4a22-a47d-8c48425ef4a7",6.68e+11
"Furcifer oustaleti (Mocquard, 1894)","Furcifer","oustaleti","46.787658","-22.084018","Madagascar",NA,NA,"50c9509d-22c7-4a22-a47d-8c48425ef4a7",6.68e+11
"Furcifer pardalis (Cuvier, 1829)","Furcifer","pardalis","55.32225","-21.04448","Reunion",NA,NA,"d7b58b26-fd72-4251-b948-bf92c7c4377b",2896937500
"Furcifer pardalis (Cuvier, 1829)","Furcifer","pardalis","55.32225","-21.04448","Reunion",NA,NA,"d7b58b26-fd72-4251-b948-bf92c7c4377b",2896937500
"Furcifer pardalis (Cuvier, 1829)","Furcifer","pardalis","49.134047","-12.965683","Madagascar",NA,NA,"50c9509d-22c7-4a22-a47d-8c48425ef4a7",6.68e+11
"Furcifer oustaleti (Mocquard, 1894)","Furcifer","oustaleti","46.85827","-21.85962","Madagascar",NA,NA,"50c9509d-22c7-4a22-a47d-8c48425ef4a7",6.68e+11
"Furcifer oustaleti (Mocquard, 1894)","Furcifer","oustaleti","46.85827","-21.85962","Madagascar",NA,NA,"50c9509d-22c7-4a22-a47d-8c48425ef4a7",6.68e+11
"Furcifer pardalis (Cuvier, 1829)","Furcifer","pardalis","49.255305","-12.757841","Madagascar",NA,NA,"50c9509d-22c7-4a22-a47d-8c48425ef4a7",6.68e+11
"Furcifer pardalis (Cuvier, 1829)","Furcifer","pardalis","55.64931","-21.09184","Reunion",NA,NA,"ff98132c-b720-4304-a68c-390968b991f7",2896937500
"Furcifer pardalis (Cuvier, 1829)","Furcifer","pardalis","55.64931","-21.09184","Reunion",NA,NA,"ff98132c-b720-4304-a68c-390968b991f7",2896937500
"Furcifer pardalis (Cuvier, 1829)","Furcifer","pardalis","55.74507","-21.30384","Reunion",NA,NA,"6eabe254-f2a1-4144-8d27-28dc87d44286",2896937500
"Furcifer pardalis (Cuvier, 1829)","Furcifer","pardalis","55.39769","-20.99421","Reunion",NA,NA,"36c3c593-aa0e-4209-8f7a-6a573713ea93",2896937500
"Furcifer pardalis (Cuvier, 1829)","Furcifer","pardalis","55.64931","-21.09184","Reunion",NA,NA,"ff98132c-b720-4304-a68c-390968b991f7",2896937500
"Furcifer oustaleti (Mocquard, 1894)","Furcifer","oustaleti","46.869107","-18.766947","Madagascar",NA,NA,"50c9509d-22c7-4a22-a47d-8c48425ef4a7",6.68e+11
"Furcifer pardalis (Cuvier, 1829)","Furcifer","pardalis","47.86563","-14.437993","Madagascar",NA,NA,"50c9509d-22c7-4a22-a47d-8c48425ef4a7",6.68e+11
"Furcifer pardalis (Cuvier, 1829)","Furcifer","pardalis","49.14355","-12.91688","Madagascar",NA,NA,"50c9509d-22c7-4a22-a47d-8c48425ef4a7",6.68e+11
"Furcifer pardalis (Cuvier, 1829)","Furcifer","pardalis","49.14355","-12.91688","Madagascar",NA,NA,"50c9509d-22c7-4a22-a47d-8c48425ef4a7",6.68e+11
"Furcifer willsii (Günther, 1890)","Furcifer","willsii","48.458738","-18.83498","Madagascar",NA,NA,"50c9509d-22c7-4a22-a47d-8c48425ef4a7",6.68e+11
"Furcifer oustaleti (Mocquard, 1894)","Furcifer","oustaleti","45.386634","-22.540803","Madagascar",NA,NA,"50c9509d-22c7-4a22-a47d-8c48425ef4a7",6.68e+11
"Furcifer oustaleti (Mocquard, 1894)","Furcifer","oustaleti","44.692377","-22.884199","Madagascar",NA,NA,"50c9509d-22c7-4a22-a47d-8c48425ef4a7",6.68e+11
"Furcifer oustaleti (Mocquard, 1894)","Furcifer","oustaleti","45.380743","-22.539455","Madagascar",NA,NA,"50c9509d-22c7-4a22-a47d-8c48425ef4a7",6.68e+11
"Furcifer oustaleti (Mocquard, 1894)","Furcifer","oustaleti","46.843154","-21.854677","Madagascar",NA,NA,"50c9509d-22c7-4a22-a47d-8c48425ef4a7",6.68e+11
"Furcifer oustaleti (Mocquard, 1894)","Furcifer","oustaleti","46.8413","-21.852617","Madagascar",NA,NA,"50c9509d-22c7-4a22-a47d-8c48425ef4a7",6.68e+11
"Furcifer oustaleti (Mocquard, 1894)","Furcifer","oustaleti","46.841009","-21.852356","Madagascar",NA,NA,"50c9509d-22c7-4a22-a47d-8c48425ef4a7",6.68e+11
"Furcifer lateralis (Gray, 1831)","Furcifer","lateralis","47.182658","-20.773281","Madagascar",NA,NA,"50c9509d-22c7-4a22-a47d-8c48425ef4a7",6.68e+11
"Furcifer oustaleti (Mocquard, 1894)","Furcifer","oustaleti","46.842788","-21.850941","Madagascar",NA,NA,"50c9509d-22c7-4a22-a47d-8c48425ef4a7",6.68e+11
"Furcifer oustaleti (Mocquard, 1894)","Furcifer","oustaleti","46.842788","-21.850941","Madagascar",NA,NA,"50c9509d-22c7-4a22-a47d-8c48425ef4a7",6.68e+11
"Furcifer oustaleti (Mocquard, 1894)","Furcifer","oustaleti","45.379011","-22.539191","Madagascar",NA,NA,"50c9509d-22c7-4a22-a47d-8c48425ef4a7",6.68e+11
"Furcifer oustaleti (Mocquard, 1894)","Furcifer","oustaleti","45.379011","-22.539191","Madagascar",NA,NA,"50c9509d-22c7-4a22-a47d-8c48425ef4a7",6.68e+11
"Furcifer oustaleti (Mocquard, 1894)","Furcifer","oustaleti","44.691868","-22.885664","Madagascar",NA,NA,"50c9509d-22c7-4a22-a47d-8c48425ef4a7",6.68e+11
"Furcifer pardalis (Cuvier, 1829)","Furcifer","pardalis","55.30457","-20.94406","Reunion",NA,NA,"ff98132c-b720-4304-a68c-390968b991f7",2896937500
"Furcifer oustaleti (Mocquard, 1894)","Furcifer","oustaleti","49.142367","-12.895543","Madagascar",NA,NA,"50c9509d-22c7-4a22-a47d-8c48425ef4a7",6.68e+11
"Furcifer polleni (Peters, 1874)","Furcifer","polleni","45.19437","-12.79033","Mayotte",NA,NA,"4a4e549e-aa80-4711-9efa-e30736061d03",378937500
"Furcifer pardalis (Cuvier, 1829)","Furcifer","pardalis","55.32225","-21.04448","Reunion",NA,NA,"6eabe254-f2a1-4144-8d27-28dc87d44286",2896937500
"Furcifer pardalis (Cuvier, 1829)","Furcifer","pardalis","50.020455","-15.789352","Madagascar",NA,NA,"50c9509d-22c7-4a22-a47d-8c48425ef4a7",6.68e+11
"Furcifer pardalis (Cuvier, 1829)","Furcifer","pardalis","55.32225","-21.04448","Reunion",NA,NA,"6eabe254-f2a1-4144-8d27-28dc87d44286",2896937500
"Furcifer polleni (Peters, 1874)","Furcifer","polleni","45.19437","-12.79033","Mayotte",NA,NA,"4a4e549e-aa80-4711-9efa-e30736061d03",378937500
"Furcifer polleni (Peters, 1874)","Furcifer","polleni","45.19437","-12.79033","Mayotte",NA,NA,"4a4e549e-aa80-4711-9efa-e30736061d03",378937500
"Furcifer polleni (Peters, 1874)","Furcifer","polleni","45.19437","-12.79033","Mayotte",NA,NA,"4a4e549e-aa80-4711-9efa-e30736061d03",378937500
"Furcifer pardalis (Cuvier, 1829)","Furcifer","pardalis","49.213303","-18.605642","Madagascar",NA,NA,"6ac3f774-d9fb-4796-b3e9-92bf6c81c084",6.68e+11
"Furcifer balteatus (Duméril & Bibron, 1851)","Furcifer","balteatus","47.57055","-21.358053","Madagascar",NA,NA,"50c9509d-22c7-4a22-a47d-8c48425ef4a7",6.68e+11
"Furcifer oustaleti (Mocquard, 1894)","Furcifer","oustaleti","46.841636","-21.851975","Madagascar",NA,NA,"50c9509d-22c7-4a22-a47d-8c48425ef4a7",6.68e+11
"Furcifer rhinoceratus (Gray, 1845)","Furcifer","rhinoceratus","46.838371","-16.337587","Madagascar",NA,NA,"8a863029-f435-446a-821e-275f4f641165",6.68e+11
"Furcifer rhinoceratus (Gray, 1845)","Furcifer","rhinoceratus","46.838173","-16.335125","Madagascar",NA,NA,"8a863029-f435-446a-821e-275f4f641165",6.68e+11
"Furcifer verrucosus Cuvier, 1829","Furcifer","verrucosus","43.755329","-23.414841","Madagascar",NA,NA,"8a863029-f435-446a-821e-275f4f641165",6.68e+11
"Furcifer oustaleti (Mocquard, 1894)","Furcifer","oustaleti","44.661777","-20.068985","Madagascar",NA,NA,"50c9509d-22c7-4a22-a47d-8c48425ef4a7",6.68e+11
"Furcifer verrucosus Cuvier, 1829","Furcifer","verrucosus","43.624144","-23.115994","Madagascar",NA,NA,"50c9509d-22c7-4a22-a47d-8c48425ef4a7",6.68e+11
"Furcifer oustaleti (Mocquard, 1894)","Furcifer","oustaleti","46.85828","-21.859635","Madagascar",NA,NA,"50c9509d-22c7-4a22-a47d-8c48425ef4a7",6.68e+11
"Furcifer oustaleti (Mocquard, 1894)","Furcifer","oustaleti","46.85828","-21.859635","Madagascar",NA,NA,"50c9509d-22c7-4a22-a47d-8c48425ef4a7",6.68e+11
"Furcifer oustaleti (Mocquard, 1894)","Furcifer","oustaleti","46.85828","-21.859635","Madagascar",NA,NA,"50c9509d-22c7-4a22-a47d-8c48425ef4a7",6.68e+11
"Furcifer lateralis (Gray, 1831)","Furcifer","lateralis","47.182137","-20.772726","Madagascar",NA,NA,"50c9509d-22c7-4a22-a47d-8c48425ef4a7",6.68e+11
"Furcifer oustaleti (Mocquard, 1894)","Furcifer","oustaleti","46.845015","-21.848302","Madagascar",NA,NA,"50c9509d-22c7-4a22-a47d-8c48425ef4a7",6.68e+11
"Furcifer balteatus (Duméril & Bibron, 1851)","Furcifer","balteatus","47.424402","-21.21635","Madagascar",NA,NA,"50c9509d-22c7-4a22-a47d-8c48425ef4a7",6.68e+11
"Furcifer oustaleti (Mocquard, 1894)","Furcifer","oustaleti","46.845015","-21.848302","Madagascar",NA,NA,"50c9509d-22c7-4a22-a47d-8c48425ef4a7",6.68e+11
"Furcifer oustaleti (Mocquard, 1894)","Furcifer","oustaleti","46.840209","-16.280596","Madagascar",NA,NA,"50c9509d-22c7-4a22-a47d-8c48425ef4a7",6.68e+11
"Furcifer pardalis (Cuvier, 1829)","Furcifer","pardalis","55.36684","-21.24908","Reunion",NA,NA,"6eabe254-f2a1-4144-8d27-28dc87d44286",2896937500
"Furcifer verrucosus Cuvier, 1829","Furcifer","verrucosus","43.619048","-23.121703","Madagascar",NA,NA,"50c9509d-22c7-4a22-a47d-8c48425ef4a7",6.68e+11
"Furcifer antimena (Grandidier, 1872)","Furcifer","antimena","43.633165","-23.004959","Madagascar",NA,NA,"50c9509d-22c7-4a22-a47d-8c48425ef4a7",6.68e+11
"Furcifer verrucosus Cuvier, 1829","Furcifer","verrucosus","46.308192","-25.011308","Madagascar",NA,NA,"50c9509d-22c7-4a22-a47d-8c48425ef4a7",6.68e+11
"Furcifer oustaleti (Mocquard, 1894)","Furcifer","oustaleti","46.823719","-16.262408","Madagascar",NA,NA,"50c9509d-22c7-4a22-a47d-8c48425ef4a7",6.68e+11
"Furcifer oustaleti (Mocquard, 1894)","Furcifer","oustaleti","45.331306","-22.60577","Madagascar",NA,NA,"50c9509d-22c7-4a22-a47d-8c48425ef4a7",6.68e+11
"Furcifer lateralis (Gray, 1831)","Furcifer","lateralis","47.182158","-20.775549","Madagascar",NA,NA,"50c9509d-22c7-4a22-a47d-8c48425ef4a7",6.68e+11
"Furcifer oustaleti (Mocquard, 1894)","Furcifer","oustaleti","47.371072","-18.934866","Madagascar",NA,NA,"50c9509d-22c7-4a22-a47d-8c48425ef4a7",6.68e+11
"Furcifer oustaleti (Mocquard, 1894)","Furcifer","oustaleti","46.854353","-21.857406","Madagascar",NA,NA,"50c9509d-22c7-4a22-a47d-8c48425ef4a7",6.68e+11
"Furcifer oustaleti (Mocquard, 1894)","Furcifer","oustaleti","46.854353","-21.857406","Madagascar",NA,NA,"50c9509d-22c7-4a22-a47d-8c48425ef4a7",6.68e+11
"Furcifer oustaleti (Mocquard, 1894)","Furcifer","oustaleti","46.854353","-21.857406","Madagascar",NA,NA,"50c9509d-22c7-4a22-a47d-8c48425ef4a7",6.68e+11
"Furcifer verrucosus Cuvier, 1829","Furcifer","verrucosus","43.755297","-23.413991","Madagascar",NA,NA,"50c9509d-22c7-4a22-a47d-8c48425ef4a7",6.68e+11
"Furcifer oustaleti (Mocquard, 1894)","Furcifer","oustaleti","47.507906","-18.87919","Madagascar",NA,NA,"50c9509d-22c7-4a22-a47d-8c48425ef4a7",6.68e+11
"Furcifer oustaleti (Mocquard, 1894)","Furcifer","oustaleti","47.507906","-18.87919","Madagascar",NA,NA,"50c9509d-22c7-4a22-a47d-8c48425ef4a7",6.68e+11
"Furcifer verrucosus Cuvier, 1829","Furcifer","verrucosus","46.209173","-25.188117","Madagascar",NA,NA,"50c9509d-22c7-4a22-a47d-8c48425ef4a7",6.68e+11
"Furcifer pardalis (Cuvier, 1829)","Furcifer","pardalis","55.56885","-21.33963","Reunion",NA,NA,"36c3c593-aa0e-4209-8f7a-6a573713ea93",2896937500
"Furcifer verrucosus Cuvier, 1829","Furcifer","verrucosus","46.300508","-25.004508","Madagascar",NA,NA,"50c9509d-22c7-4a22-a47d-8c48425ef4a7",6.68e+11
"Furcifer oustaleti (Mocquard, 1894)","Furcifer","oustaleti","44.653112","-20.064921","Madagascar",NA,NA,"50c9509d-22c7-4a22-a47d-8c48425ef4a7",6.68e+11
"Furcifer oustaleti (Mocquard, 1894)","Furcifer","oustaleti","47.357425","-18.952134","Madagascar",NA,NA,"50c9509d-22c7-4a22-a47d-8c48425ef4a7",6.68e+11
"Furcifer oustaleti (Mocquard, 1894)","Furcifer","oustaleti","46.841508","-21.851889","Madagascar",NA,NA,"50c9509d-22c7-4a22-a47d-8c48425ef4a7",6.68e+11
"Furcifer verrucosus Cuvier, 1829","Furcifer","verrucosus","46.301119","-25.004731","Madagascar",NA,NA,"50c9509d-22c7-4a22-a47d-8c48425ef4a7",6.68e+11
"Furcifer pardalis (Cuvier, 1829)","Furcifer","pardalis","49.838825","-15.430692","Madagascar",NA,NA,"50c9509d-22c7-4a22-a47d-8c48425ef4a7",6.68e+11
"Furcifer balteatus (Duméril & Bibron, 1851)","Furcifer","balteatus","47.58459","-21.342465","Madagascar",NA,NA,"50c9509d-22c7-4a22-a47d-8c48425ef4a7",6.68e+11
"Furcifer oustaleti (Mocquard, 1894)","Furcifer","oustaleti","45.341949","-22.564562","Madagascar",NA,NA,"6ac3f774-d9fb-4796-b3e9-92bf6c81c084",6.68e+11
"Furcifer verrucosus Cuvier, 1829","Furcifer","verrucosus","46.948301","-25.032661","Madagascar",NA,NA,"50c9509d-22c7-4a22-a47d-8c48425ef4a7",6.68e+11
"Furcifer balteatus (Duméril & Bibron, 1851)","Furcifer","balteatus","47.747823","-21.385318","Madagascar",NA,NA,"50c9509d-22c7-4a22-a47d-8c48425ef4a7",6.68e+11
"Furcifer oustaleti (Mocquard, 1894)","Furcifer","oustaleti","47.078571","-21.458166","Madagascar",NA,NA,"50c9509d-22c7-4a22-a47d-8c48425ef4a7",6.68e+11
"Furcifer lateralis (Gray, 1831)","Furcifer","lateralis","47.306356","-20.813189","Madagascar",NA,NA,"50c9509d-22c7-4a22-a47d-8c48425ef4a7",6.68e+11
"Furcifer lateralis (Gray, 1831)","Furcifer","lateralis","47.319775","-20.77644","Madagascar",NA,NA,"50c9509d-22c7-4a22-a47d-8c48425ef4a7",6.68e+11
"Furcifer oustaleti (Mocquard, 1894)","Furcifer","oustaleti","45.261771","-22.465614","Madagascar",NA,NA,"50c9509d-22c7-4a22-a47d-8c48425ef4a7",6.68e+11
"Furcifer oustaleti (Mocquard, 1894)","Furcifer","oustaleti","45.261771","-22.465614","Madagascar",NA,NA,"50c9509d-22c7-4a22-a47d-8c48425ef4a7",6.68e+11
"Furcifer oustaleti (Mocquard, 1894)","Furcifer","oustaleti","47.463941","-18.831195","Madagascar",NA,NA,"50c9509d-22c7-4a22-a47d-8c48425ef4a7",6.68e+11
"Furcifer rhinoceratus (Gray, 1845)","Furcifer","rhinoceratus","46.838036","-16.33852","Madagascar",NA,NA,"8a863029-f435-446a-821e-275f4f641165",6.68e+11
"Furcifer oustaleti (Mocquard, 1894)","Furcifer","oustaleti","44.692795","-22.882952","Madagascar",NA,NA,"8a863029-f435-446a-821e-275f4f641165",6.68e+11
"Furcifer antimena (Grandidier, 1872)","Furcifer","antimena","43.609791","-23.168873","Madagascar",NA,NA,"8a863029-f435-446a-821e-275f4f641165",6.68e+11
"Furcifer oustaleti (Mocquard, 1894)","Furcifer","oustaleti","46.841","-21.85","Madagascar",NA,NA,"8a863029-f435-446a-821e-275f4f641165",6.68e+11
"Furcifer oustaleti (Mocquard, 1894)","Furcifer","oustaleti","46.815","-16.296","Madagascar",NA,NA,"8a863029-f435-446a-821e-275f4f641165",6.68e+11
"Furcifer oustaleti (Mocquard, 1894)","Furcifer","oustaleti","46.81659","-16.295857","Madagascar",NA,NA,"8a863029-f435-446a-821e-275f4f641165",6.68e+11
"Furcifer rhinoceratus (Gray, 1845)","Furcifer","rhinoceratus","46.838064","-16.338619","Madagascar",NA,NA,"8a863029-f435-446a-821e-275f4f641165",6.68e+11
"Furcifer balteatus (Duméril & Bibron, 1851)","Furcifer","balteatus","47.491535","-21.352121","Madagascar",NA,NA,"50c9509d-22c7-4a22-a47d-8c48425ef4a7",6.68e+11
"Furcifer pardalis (Cuvier, 1829)","Furcifer","pardalis","49.199355","-18.600791","Madagascar",NA,NA,"50c9509d-22c7-4a22-a47d-8c48425ef4a7",6.68e+11
"Furcifer oustaleti (Mocquard, 1894)","Furcifer","oustaleti","46.921516","-21.872214","Madagascar",NA,NA,"50c9509d-22c7-4a22-a47d-8c48425ef4a7",6.68e+11
"Furcifer oustaleti (Mocquard, 1894)","Furcifer","oustaleti","46.848987","-21.832736","Madagascar",NA,NA,"50c9509d-22c7-4a22-a47d-8c48425ef4a7",6.68e+11
"Furcifer oustaleti (Mocquard, 1894)","Furcifer","oustaleti","46.968816","-21.822129","Madagascar",NA,NA,"50c9509d-22c7-4a22-a47d-8c48425ef4a7",6.68e+11
"Furcifer oustaleti (Mocquard, 1894)","Furcifer","oustaleti","47.186349","-20.078299","Madagascar",NA,NA,"50c9509d-22c7-4a22-a47d-8c48425ef4a7",6.68e+11
"Furcifer lateralis (Gray, 1831)","Furcifer","lateralis","47.027205","-20.109553","Madagascar",NA,NA,"50c9509d-22c7-4a22-a47d-8c48425ef4a7",6.68e+11
"Furcifer oustaleti (Mocquard, 1894)","Furcifer","oustaleti","45.57263","-19.70502","Madagascar",NA,NA,"50c9509d-22c7-4a22-a47d-8c48425ef4a7",6.68e+11
"Furcifer oustaleti (Mocquard, 1894)","Furcifer","oustaleti","47.516714","-18.919121","Madagascar",NA,NA,"50c9509d-22c7-4a22-a47d-8c48425ef4a7",6.68e+11
"Furcifer oustaleti (Mocquard, 1894)","Furcifer","oustaleti","49.240184","-18.281568","Madagascar",NA,NA,"50c9509d-22c7-4a22-a47d-8c48425ef4a7",6.68e+11
"Furcifer pardalis (Cuvier, 1829)","Furcifer","pardalis","49.288094","-18.216394","Madagascar",NA,NA,"50c9509d-22c7-4a22-a47d-8c48425ef4a7",6.68e+11
"Furcifer oustaleti (Mocquard, 1894)","Furcifer","oustaleti","44.172338","-20.740137","Madagascar",NA,NA,"50c9509d-22c7-4a22-a47d-8c48425ef4a7",6.68e+11
"Furcifer nicosiai Jesu, Mattioli & Schimmenti, 1999","Furcifer","nicosiai","44.095746","-20.634149","Madagascar",NA,NA,"50c9509d-22c7-4a22-a47d-8c48425ef4a7",6.68e+11
"Furcifer rhinoceratus (Gray, 1845)","Furcifer","rhinoceratus","46.82768","-16.365203","Madagascar",NA,NA,"50c9509d-22c7-4a22-a47d-8c48425ef4a7",6.68e+11
"Furcifer verrucosus Cuvier, 1829","Furcifer","verrucosus","46.283333","-24.983333","Madagascar",NA,NA,"50c9509d-22c7-4a22-a47d-8c48425ef4a7",6.68e+11
"Furcifer oustaleti (Mocquard, 1894)","Furcifer","oustaleti","44.681838","-22.841703","Madagascar",NA,NA,"50c9509d-22c7-4a22-a47d-8c48425ef4a7",6.68e+11
"Furcifer pardalis (Cuvier, 1829)","Furcifer","pardalis","49.15","-12.616667","Madagascar",NA,NA,"50c9509d-22c7-4a22-a47d-8c48425ef4a7",6.68e+11
"Furcifer petteri (Brygoo & Domergue, 1966)","Furcifer","petteri","49.196006","-12.760039","Madagascar",NA,NA,"50c9509d-22c7-4a22-a47d-8c48425ef4a7",6.68e+11
"Furcifer pardalis (Cuvier, 1829)","Furcifer","pardalis","49.15","-12.616667","Madagascar",NA,NA,"50c9509d-22c7-4a22-a47d-8c48425ef4a7",6.68e+11
"Furcifer pardalis (Cuvier, 1829)","Furcifer","pardalis","49.15","-12.616667","Madagascar",NA,NA,"50c9509d-22c7-4a22-a47d-8c48425ef4a7",6.68e+11
"Furcifer pardalis (Cuvier, 1829)","Furcifer","pardalis","49.15","-12.616667","Madagascar",NA,NA,"50c9509d-22c7-4a22-a47d-8c48425ef4a7",6.68e+11
"Furcifer petteri (Brygoo & Domergue, 1966)","Furcifer","petteri","49.068066","-12.655034","Madagascar",NA,NA,"50c9509d-22c7-4a22-a47d-8c48425ef4a7",6.68e+11
"Furcifer pardalis (Cuvier, 1829)","Furcifer","pardalis","49.15","-12.616667","Madagascar",NA,NA,"50c9509d-22c7-4a22-a47d-8c48425ef4a7",6.68e+11
"Furcifer rhinoceratus (Gray, 1845)","Furcifer","rhinoceratus","47.173995","-16.040712","Madagascar",NA,NA,"50c9509d-22c7-4a22-a47d-8c48425ef4a7",6.68e+11
"Furcifer oustaleti (Mocquard, 1894)","Furcifer","oustaleti","47.097015","-16.116409","Madagascar",NA,NA,"50c9509d-22c7-4a22-a47d-8c48425ef4a7",6.68e+11
"Furcifer rhinoceratus (Gray, 1845)","Furcifer","rhinoceratus","47.175446","-16.073722","Madagascar",NA,NA,"50c9509d-22c7-4a22-a47d-8c48425ef4a7",6.68e+11
"Furcifer rhinoceratus (Gray, 1845)","Furcifer","rhinoceratus","47.19643","-16.018922","Madagascar",NA,NA,"50c9509d-22c7-4a22-a47d-8c48425ef4a7",6.68e+11
"Furcifer oustaleti (Mocquard, 1894)","Furcifer","oustaleti","45.862431","-16.22049","Madagascar",NA,NA,"50c9509d-22c7-4a22-a47d-8c48425ef4a7",6.68e+11
"Furcifer pardalis (Cuvier, 1829)","Furcifer","pardalis","49.739258","-15.435399","Madagascar",NA,NA,"50c9509d-22c7-4a22-a47d-8c48425ef4a7",6.68e+11
"Furcifer pardalis (Cuvier, 1829)","Furcifer","pardalis","55.36684","-21.24908","Reunion",NA,NA,"6eabe254-f2a1-4144-8d27-28dc87d44286",2896937500
"Furcifer angeli (Brygoo & Domergue, 1968)","Furcifer","angeli","46.838238","-16.335","Madagascar",NA,NA,"50c9509d-22c7-4a22-a47d-8c48425ef4a7",6.68e+11
"Furcifer verrucosus Cuvier, 1829","Furcifer","verrucosus","43.756422","-23.414912","Madagascar",NA,NA,"50c9509d-22c7-4a22-a47d-8c48425ef4a7",6.68e+11
"Furcifer oustaleti (Mocquard, 1894)","Furcifer","oustaleti","45.331403","-22.645077","Madagascar",NA,NA,"50c9509d-22c7-4a22-a47d-8c48425ef4a7",6.68e+11
"Furcifer verrucosus Cuvier, 1829","Furcifer","verrucosus","43.615114","-23.147378","Madagascar",NA,NA,"50c9509d-22c7-4a22-a47d-8c48425ef4a7",6.68e+11
"Furcifer pardalis (Cuvier, 1829)","Furcifer","pardalis","55.55856","-21.22316","Reunion",NA,NA,"6eabe254-f2a1-4144-8d27-28dc87d44286",2896937500
"Furcifer pardalis (Cuvier, 1829)","Furcifer","pardalis","48.259261","-13.315019","Madagascar","Nosy Be",NA,"50c9509d-22c7-4a22-a47d-8c48425ef4a7",298125000
"Furcifer oustaleti (Mocquard, 1894)","Furcifer","oustaleti","47.519414","-18.868511","Madagascar",NA,NA,"50c9509d-22c7-4a22-a47d-8c48425ef4a7",6.68e+11
"Furcifer oustaleti (Mocquard, 1894)","Furcifer","oustaleti","46.838562","-16.334843","Madagascar",NA,NA,"8a863029-f435-446a-821e-275f4f641165",6.68e+11
"Furcifer oustaleti (Mocquard, 1894)","Furcifer","oustaleti","46.838238","-16.335428","Madagascar",NA,NA,"8a863029-f435-446a-821e-275f4f641165",6.68e+11
"Furcifer lateralis (Gray, 1831)","Furcifer","lateralis","48.158909","-19.044302","Madagascar",NA,NA,"50c9509d-22c7-4a22-a47d-8c48425ef4a7",6.68e+11
"Furcifer oustaleti (Mocquard, 1894)","Furcifer","oustaleti","46.85827","-21.85962","Madagascar",NA,NA,"50c9509d-22c7-4a22-a47d-8c48425ef4a7",6.68e+11
"Furcifer oustaleti (Mocquard, 1894)","Furcifer","oustaleti","44.524116","-22.838807","Madagascar",NA,NA,"50c9509d-22c7-4a22-a47d-8c48425ef4a7",6.68e+11
"Furcifer oustaleti (Mocquard, 1894)","Furcifer","oustaleti","46.255272","-22.706951","Madagascar",NA,NA,"50c9509d-22c7-4a22-a47d-8c48425ef4a7",6.68e+11
"Furcifer pardalis (Cuvier, 1829)","Furcifer","pardalis","55.44699","-20.93302","Reunion",NA,NA,"d8fa8f40-f106-490b-a33b-3248b475c07f",2896937500
"Furcifer pardalis (Cuvier, 1829)","Furcifer","pardalis","55.53067","-20.94676","Reunion",NA,NA,"6eabe254-f2a1-4144-8d27-28dc87d44286",2896937500
"Furcifer verrucosus Cuvier, 1829","Furcifer","verrucosus","46.982309","-25.024962","Madagascar",NA,NA,"50c9509d-22c7-4a22-a47d-8c48425ef4a7",6.68e+11
"Furcifer pardalis (Cuvier, 1829)","Furcifer","pardalis","55.35863","-21.20972","Reunion",NA,NA,"7247dc2e-b862-4555-b533-7701d183271b",2896937500
"Furcifer pardalis (Cuvier, 1829)","Furcifer","pardalis","55.64198","-21.30627","Reunion",NA,NA,"36c3c593-aa0e-4209-8f7a-6a573713ea93",2896937500
"Furcifer pardalis (Cuvier, 1829)","Furcifer","pardalis","55.59309","-20.94578","Reunion",NA,NA,"6eabe254-f2a1-4144-8d27-28dc87d44286",2896937500
"Furcifer pardalis (Cuvier, 1829)","Furcifer","pardalis","55.64425","-21.15197","Reunion",NA,NA,"d8fa8f40-f106-490b-a33b-3248b475c07f",2896937500
"BOLD:AEG9844","BOLD:AEG9844",NA,"46.87634","-22.06983","Madagascar",NA,NA,"040c5662-da76-4782-a48e-cdea1892d14c",6.68e+11
"Furcifer polleni (Peters, 1874)","Furcifer","polleni","45.093041","-12.914614","Mayotte",NA,NA,"50c9509d-22c7-4a22-a47d-8c48425ef4a7",378937500
"Furcifer pardalis (Cuvier, 1829)","Furcifer","pardalis","57.56291","-20.500799","Mauritius",NA,NA,"50c9509d-22c7-4a22-a47d-8c48425ef4a7",2129062500
"Furcifer pardalis (Cuvier, 1829)","Furcifer","pardalis","57.404393","-20.313931","Mauritius",NA,NA,"50c9509d-22c7-4a22-a47d-8c48425ef4a7",2129062500
"Furcifer pardalis (Cuvier, 1829)","Furcifer","pardalis","55.64242","-20.96333","Reunion",NA,NA,"6eabe254-f2a1-4144-8d27-28dc87d44286",2896937500
"Furcifer oustaleti (Mocquard, 1894)","Furcifer","oustaleti","47.539864","-21.636953","Madagascar",NA,NA,"50c9509d-22c7-4a22-a47d-8c48425ef4a7",6.68e+11
"Furcifer oustaleti (Mocquard, 1894)","Furcifer","oustaleti","47.687274","-21.854943","Madagascar",NA,NA,"50c9509d-22c7-4a22-a47d-8c48425ef4a7",6.68e+11
"Furcifer pardalis (Cuvier, 1829)","Furcifer","pardalis","55.39769","-20.99421","Reunion",NA,NA,"6eabe254-f2a1-4144-8d27-28dc87d44286",2896937500
"Furcifer pardalis (Cuvier, 1829)","Furcifer","pardalis","55.50804","-21.04673","Reunion",NA,NA,"6eabe254-f2a1-4144-8d27-28dc87d44286",2896937500
"Furcifer pardalis (Cuvier, 1829)","Furcifer","pardalis","55.47422","-21.25126","Reunion",NA,NA,"7247dc2e-b862-4555-b533-7701d183271b",2896937500
"Furcifer pardalis (Cuvier, 1829)","Furcifer","pardalis","55.64242","-20.96333","Reunion",NA,NA,"6eabe254-f2a1-4144-8d27-28dc87d44286",2896937500
"Furcifer oustaleti (Mocquard, 1894)","Furcifer","oustaleti","46.823933","-16.31258","Madagascar",NA,NA,"50c9509d-22c7-4a22-a47d-8c48425ef4a7",6.68e+11
"Furcifer pardalis (Cuvier, 1829)","Furcifer","pardalis","55.32225","-21.04448","Reunion",NA,NA,"ff98132c-b720-4304-a68c-390968b991f7",2896937500
"Furcifer pardalis (Cuvier, 1829)","Furcifer","pardalis","55.32225","-21.04448","Reunion",NA,NA,"e5687c66-55a2-4f5f-82aa-1838d9e67470",2896937500
"Furcifer pardalis (Cuvier, 1829)","Furcifer","pardalis","55.32225","-21.04448","Reunion",NA,NA,"ff98132c-b720-4304-a68c-390968b991f7",2896937500
"Furcifer rhinoceratus (Gray, 1845)","Furcifer","rhinoceratus","46.91084","-16.293546","Madagascar",NA,NA,"50c9509d-22c7-4a22-a47d-8c48425ef4a7",6.68e+11
"Furcifer oustaleti (Mocquard, 1894)","Furcifer","oustaleti","46.81693","-16.31232","Madagascar",NA,NA,"50c9509d-22c7-4a22-a47d-8c48425ef4a7",6.68e+11
"Furcifer pardalis (Cuvier, 1829)","Furcifer","pardalis","55.64242","-20.96333","Reunion",NA,NA,"6eabe254-f2a1-4144-8d27-28dc87d44286",2896937500
"Furcifer pardalis (Cuvier, 1829)","Furcifer","pardalis","55.32225","-21.04448","Reunion",NA,NA,"6eabe254-f2a1-4144-8d27-28dc87d44286",2896937500
"Furcifer pardalis (Cuvier, 1829)","Furcifer","pardalis","55.39769","-20.99421","Reunion",NA,NA,"6eabe254-f2a1-4144-8d27-28dc87d44286",2896937500
"Furcifer pardalis (Cuvier, 1829)","Furcifer","pardalis","55.44699","-20.93302","Reunion",NA,NA,"6eabe254-f2a1-4144-8d27-28dc87d44286",2896937500
"Furcifer pardalis (Cuvier, 1829)","Furcifer","pardalis","55.32225","-21.04448","Reunion",NA,NA,"ff98132c-b720-4304-a68c-390968b991f7",2896937500
"Furcifer oustaleti (Mocquard, 1894)","Furcifer","oustaleti","47.751025","-14.340653","Madagascar",NA,NA,"50c9509d-22c7-4a22-a47d-8c48425ef4a7",6.68e+11
"Furcifer oustaleti (Mocquard, 1894)","Furcifer","oustaleti","47.758838","-14.343337","Madagascar",NA,NA,"50c9509d-22c7-4a22-a47d-8c48425ef4a7",6.68e+11
"Furcifer pardalis (Cuvier, 1829)","Furcifer","pardalis","55.62324","-21.33795","Reunion",NA,NA,"fec2d5a5-0198-4267-a821-c06a2e93994c",2896937500
"Furcifer pardalis (Cuvier, 1829)","Furcifer","pardalis","55.62304","-21.3378","Reunion",NA,NA,"fec2d5a5-0198-4267-a821-c06a2e93994c",2896937500
"Furcifer pardalis (Cuvier, 1829)","Furcifer","pardalis","55.62366","-21.34024","Reunion",NA,NA,"fec2d5a5-0198-4267-a821-c06a2e93994c",2896937500
"Furcifer pardalis (Cuvier, 1829)","Furcifer","pardalis","55.39769","-20.99421","Reunion",NA,NA,"6eabe254-f2a1-4144-8d27-28dc87d44286",2896937500
"Furcifer pardalis (Cuvier, 1829)","Furcifer","pardalis","55.41962","-20.88501","Reunion",NA,NA,"acc58cb3-1a5a-4813-b135-bd91cf9b5f95",2896937500
"Furcifer pardalis (Cuvier, 1829)","Furcifer","pardalis","55.41579","-20.88579","Reunion",NA,NA,"acc58cb3-1a5a-4813-b135-bd91cf9b5f95",2896937500
"Furcifer lateralis (Gray, 1831)","Furcifer","lateralis","47.210634","-19.463188","Madagascar",NA,NA,"50c9509d-22c7-4a22-a47d-8c48425ef4a7",6.68e+11
"Furcifer lateralis (Gray, 1831)","Furcifer","lateralis","47.346964","-19.093409","Madagascar",NA,NA,"50c9509d-22c7-4a22-a47d-8c48425ef4a7",6.68e+11
"Furcifer oustaleti (Mocquard, 1894)","Furcifer","oustaleti","47.176633","-19.984513","Madagascar",NA,NA,"50c9509d-22c7-4a22-a47d-8c48425ef4a7",6.68e+11
"Furcifer labordi (Grandidier, 1872)","Furcifer","labordi","44.597399","-20.011306","Madagascar",NA,NA,"50c9509d-22c7-4a22-a47d-8c48425ef4a7",6.68e+11
"Furcifer labordi (Grandidier, 1872)","Furcifer","labordi","44.408037","-20.112071","Madagascar",NA,NA,"50c9509d-22c7-4a22-a47d-8c48425ef4a7",6.68e+11
"Furcifer oustaleti (Mocquard, 1894)","Furcifer","oustaleti","44.592664","-20.056329","Madagascar",NA,NA,"50c9509d-22c7-4a22-a47d-8c48425ef4a7",6.68e+11
"Furcifer nicosiai Jesu, Mattioli & Schimmenti, 1999","Furcifer","nicosiai","44.483408","-20.187827","Madagascar",NA,NA,"50c9509d-22c7-4a22-a47d-8c48425ef4a7",6.68e+11
"Furcifer oustaleti (Mocquard, 1894)","Furcifer","oustaleti","44.543861","-20.118712","Madagascar",NA,NA,"50c9509d-22c7-4a22-a47d-8c48425ef4a7",6.68e+11
"Furcifer balteatus (Duméril & Bibron, 1851)","Furcifer","balteatus","47.449573","-21.370927","Madagascar",NA,NA,"50c9509d-22c7-4a22-a47d-8c48425ef4a7",6.68e+11
"Furcifer lateralis (Gray, 1831)","Furcifer","lateralis","46.991071","-21.975038","Madagascar",NA,NA,"50c9509d-22c7-4a22-a47d-8c48425ef4a7",6.68e+11
"Furcifer oustaleti (Mocquard, 1894)","Furcifer","oustaleti","46.987305","-21.863525","Madagascar",NA,NA,"50c9509d-22c7-4a22-a47d-8c48425ef4a7",6.68e+11
"Furcifer verrucosus Cuvier, 1829","Furcifer","verrucosus","43.762062","-23.531611","Madagascar",NA,NA,"50c9509d-22c7-4a22-a47d-8c48425ef4a7",6.68e+11
"Furcifer antimena (Grandidier, 1872)","Furcifer","antimena","43.707556","-23.048178","Madagascar",NA,NA,"50c9509d-22c7-4a22-a47d-8c48425ef4a7",6.68e+11
"Furcifer antimena (Grandidier, 1872)","Furcifer","antimena","43.773586","-23.056555","Madagascar",NA,NA,"50c9509d-22c7-4a22-a47d-8c48425ef4a7",6.68e+11
"Furcifer verrucosus Cuvier, 1829","Furcifer","verrucosus","43.654723","-23.119662","Madagascar",NA,NA,"50c9509d-22c7-4a22-a47d-8c48425ef4a7",6.68e+11
"Furcifer pardalis (Cuvier, 1829)","Furcifer","pardalis","55.41873","-20.88424","Reunion",NA,NA,"acc58cb3-1a5a-4813-b135-bd91cf9b5f95",2896937500
"Furcifer pardalis (Cuvier, 1829)","Furcifer","pardalis","55.64242","-20.96333","Reunion",NA,NA,"6eabe254-f2a1-4144-8d27-28dc87d44286",2896937500
"Furcifer polleni (Peters, 1874)","Furcifer","polleni","45.08108","-12.75876","Mayotte",NA,NA,"ae6b1d4b-f390-40f1-ada1-ad2912b89782",378937500
"Furcifer pardalis (Cuvier, 1829)","Furcifer","pardalis","55.44699","-20.93302","Reunion",NA,NA,"6eabe254-f2a1-4144-8d27-28dc87d44286",2896937500
"Furcifer pardalis (Cuvier, 1829)","Furcifer","pardalis","55.32225","-21.04448","Reunion",NA,NA,"6eabe254-f2a1-4144-8d27-28dc87d44286",2896937500
"Furcifer polleni (Peters, 1874)","Furcifer","polleni","45.08108","-12.75876","Mayotte",NA,NA,"ae6b1d4b-f390-40f1-ada1-ad2912b89782",378937500
"Furcifer pardalis (Cuvier, 1829)","Furcifer","pardalis","55.3141","-21.19807","Reunion",NA,NA,"6eabe254-f2a1-4144-8d27-28dc87d44286",2896937500
"Furcifer pardalis (Cuvier, 1829)","Furcifer","pardalis","55.32225","-21.04448","Reunion",NA,NA,"e5687c66-55a2-4f5f-82aa-1838d9e67470",2896937500
"Furcifer pardalis (Cuvier, 1829)","Furcifer","pardalis","55.32225","-21.04448","Reunion",NA,NA,"6eabe254-f2a1-4144-8d27-28dc87d44286",2896937500
"Furcifer pardalis (Cuvier, 1829)","Furcifer","pardalis","55.56885","-21.33963","Reunion",NA,NA,"6eabe254-f2a1-4144-8d27-28dc87d44286",2896937500
"Furcifer pardalis (Cuvier, 1829)","Furcifer","pardalis","55.39769","-20.99421","Reunion",NA,NA,"6eabe254-f2a1-4144-8d27-28dc87d44286",2896937500
"Furcifer oustaleti (Mocquard, 1894)","Furcifer","oustaleti","43.58792","-23.061263","Madagascar",NA,NA,"50c9509d-22c7-4a22-a47d-8c48425ef4a7",6.68e+11
"Furcifer oustaleti (Mocquard, 1894)","Furcifer","oustaleti","45.331233","-22.64561","Madagascar",NA,NA,"50c9509d-22c7-4a22-a47d-8c48425ef4a7",6.68e+11
"Furcifer major (Brygoo, 1971)","Furcifer","major","45.370988","-22.517713","Madagascar",NA,NA,"50c9509d-22c7-4a22-a47d-8c48425ef4a7",6.68e+11
"Furcifer oustaleti (Mocquard, 1894)","Furcifer","oustaleti","44.657191","-20.066945","Madagascar",NA,NA,"50c9509d-22c7-4a22-a47d-8c48425ef4a7",6.68e+11
"Furcifer nicosiai Jesu, Mattioli & Schimmenti, 1999","Furcifer","nicosiai","44.61962","-20.157188","Madagascar",NA,NA,"50c9509d-22c7-4a22-a47d-8c48425ef4a7",6.68e+11
"Furcifer lateralis (Gray, 1831)","Furcifer","lateralis","46.769412","-22.084314","Madagascar",NA,NA,"50c9509d-22c7-4a22-a47d-8c48425ef4a7",6.68e+11
"Furcifer pardalis (Cuvier, 1829)","Furcifer","pardalis","55.44699","-20.93302","Reunion",NA,NA,"6eabe254-f2a1-4144-8d27-28dc87d44286",2896937500
"Furcifer pardalis (Cuvier, 1829)","Furcifer","pardalis","55.64242","-20.96333","Reunion",NA,NA,"6eabe254-f2a1-4144-8d27-28dc87d44286",2896937500
"Furcifer pardalis (Cuvier, 1829)","Furcifer","pardalis","55.55856","-21.22316","Reunion",NA,NA,"6eabe254-f2a1-4144-8d27-28dc87d44286",2896937500
"Furcifer pardalis (Cuvier, 1829)","Furcifer","pardalis","55.44699","-20.93302","Reunion",NA,NA,"6eabe254-f2a1-4144-8d27-28dc87d44286",2896937500
"Furcifer pardalis (Cuvier, 1829)","Furcifer","pardalis","55.44699","-20.93302","Reunion",NA,NA,"ff98132c-b720-4304-a68c-390968b991f7",2896937500
"Furcifer pardalis (Cuvier, 1829)","Furcifer","pardalis","55.39769","-20.99421","Reunion",NA,NA,"6eabe254-f2a1-4144-8d27-28dc87d44286",2896937500
"Furcifer pardalis (Cuvier, 1829)","Furcifer","pardalis","55.64242","-20.96333","Reunion",NA,NA,"6eabe254-f2a1-4144-8d27-28dc87d44286",2896937500
"Furcifer pardalis (Cuvier, 1829)","Furcifer","pardalis","55.64242","-20.96333","Reunion",NA,NA,"6eabe254-f2a1-4144-8d27-28dc87d44286",2896937500
"Furcifer pardalis (Cuvier, 1829)","Furcifer","pardalis","55.32225","-21.04448","Reunion",NA,NA,"6eabe254-f2a1-4144-8d27-28dc87d44286",2896937500
"Furcifer oustaleti (Mocquard, 1894)","Furcifer","oustaleti","47.53241","-18.923422","Madagascar",NA,NA,"50c9509d-22c7-4a22-a47d-8c48425ef4a7",6.68e+11
"Furcifer oustaleti (Mocquard, 1894)","Furcifer","oustaleti","46.817372","-16.311797","Madagascar",NA,NA,"50c9509d-22c7-4a22-a47d-8c48425ef4a7",6.68e+11
"Furcifer oustaleti (Mocquard, 1894)","Furcifer","oustaleti","44.68174","-22.841692","Madagascar",NA,NA,"50c9509d-22c7-4a22-a47d-8c48425ef4a7",6.68e+11
"Furcifer oustaleti (Mocquard, 1894)","Furcifer","oustaleti","44.886673","-19.751271","Madagascar",NA,NA,"50c9509d-22c7-4a22-a47d-8c48425ef4a7",6.68e+11
"Furcifer oustaleti (Mocquard, 1894)","Furcifer","oustaleti","44.854571","-19.775077","Madagascar",NA,NA,"50c9509d-22c7-4a22-a47d-8c48425ef4a7",6.68e+11
"Furcifer pardalis (Cuvier, 1829)","Furcifer","pardalis","55.55856","-21.22316","Reunion",NA,NA,"6eabe254-f2a1-4144-8d27-28dc87d44286",2896937500
"Furcifer pardalis (Cuvier, 1829)","Furcifer","pardalis","55.32225","-21.04448","Reunion",NA,NA,"6eabe254-f2a1-4144-8d27-28dc87d44286",2896937500
"Furcifer pardalis (Cuvier, 1829)","Furcifer","pardalis","55.44699","-20.93302","Reunion",NA,NA,"6eabe254-f2a1-4144-8d27-28dc87d44286",2896937500
"Furcifer pardalis (Cuvier, 1829)","Furcifer","pardalis","55.64198","-21.30627","Reunion",NA,NA,"6eabe254-f2a1-4144-8d27-28dc87d44286",2896937500
"Furcifer pardalis (Cuvier, 1829)","Furcifer","pardalis","55.44699","-20.93302","Reunion",NA,NA,"6eabe254-f2a1-4144-8d27-28dc87d44286",2896937500
"Furcifer pardalis (Cuvier, 1829)","Furcifer","pardalis","55.44699","-20.93302","Reunion",NA,NA,"6eabe254-f2a1-4144-8d27-28dc87d44286",2896937500
"Furcifer pardalis (Cuvier, 1829)","Furcifer","pardalis","55.44699","-20.93302","Reunion",NA,NA,"6eabe254-f2a1-4144-8d27-28dc87d44286",2896937500
"Furcifer pardalis (Cuvier, 1829)","Furcifer","pardalis","55.55856","-21.22316","Reunion",NA,NA,"6eabe254-f2a1-4144-8d27-28dc87d44286",2896937500
"Furcifer pardalis (Cuvier, 1829)","Furcifer","pardalis","55.31611","-20.98504","Reunion",NA,NA,"acc58cb3-1a5a-4813-b135-bd91cf9b5f95",2896937500
"Furcifer pardalis (Cuvier, 1829)","Furcifer","pardalis","55.57584","-20.89752","Reunion",NA,NA,"fec2d5a5-0198-4267-a821-c06a2e93994c",2896937500
"Furcifer oustaleti (Mocquard, 1894)","Furcifer","oustaleti","46.509042","-22.550823","Madagascar",NA,NA,"50c9509d-22c7-4a22-a47d-8c48425ef4a7",6.68e+11
"Furcifer lateralis (Gray, 1831)","Furcifer","lateralis","46.584647","-20.577331","Madagascar",NA,NA,"50c9509d-22c7-4a22-a47d-8c48425ef4a7",6.68e+11
"Furcifer minor (Günther, 1879)","Furcifer","minor","46.513207","-20.791804","Madagascar",NA,NA,"50c9509d-22c7-4a22-a47d-8c48425ef4a7",6.68e+11
"Furcifer pardalis (Cuvier, 1829)","Furcifer","pardalis","55.44699","-20.93302","Reunion",NA,NA,"6eabe254-f2a1-4144-8d27-28dc87d44286",2896937500
"Furcifer pardalis (Cuvier, 1829)","Furcifer","pardalis","55.32225","-21.04448","Reunion",NA,NA,"e5687c66-55a2-4f5f-82aa-1838d9e67470",2896937500
"Furcifer pardalis (Cuvier, 1829)","Furcifer","pardalis","55.49378","-21.31231","Reunion",NA,NA,"ff98132c-b720-4304-a68c-390968b991f7",2896937500
"Furcifer oustaleti (Mocquard, 1894)","Furcifer","oustaleti","44.734034","-18.438494","Madagascar",NA,NA,"50c9509d-22c7-4a22-a47d-8c48425ef4a7",6.68e+11
"Furcifer pardalis (Cuvier, 1829)","Furcifer","pardalis","55.79642","-21.11186","Reunion",NA,NA,"6eabe254-f2a1-4144-8d27-28dc87d44286",2896937500
"Furcifer oustaleti (Mocquard, 1894)","Furcifer","oustaleti","46.843067","-21.852617","Madagascar",NA,NA,"50c9509d-22c7-4a22-a47d-8c48425ef4a7",6.68e+11
"Furcifer oustaleti (Mocquard, 1894)","Furcifer","oustaleti","46.843151","-21.852487","Madagascar",NA,NA,"50c9509d-22c7-4a22-a47d-8c48425ef4a7",6.68e+11
"Furcifer oustaleti (Mocquard, 1894)","Furcifer","oustaleti","46.843974","-21.852684","Madagascar",NA,NA,"50c9509d-22c7-4a22-a47d-8c48425ef4a7",6.68e+11
"Furcifer oustaleti (Mocquard, 1894)","Furcifer","oustaleti","45.392366","-22.593518","Madagascar",NA,NA,"50c9509d-22c7-4a22-a47d-8c48425ef4a7",6.68e+11
"Furcifer pardalis (Cuvier, 1829)","Furcifer","pardalis","55.44699","-20.93302","Reunion",NA,NA,"6eabe254-f2a1-4144-8d27-28dc87d44286",2896937500
"Furcifer oustaleti (Mocquard, 1894)","Furcifer","oustaleti","47.228095","-14.990411","Madagascar",NA,NA,"50c9509d-22c7-4a22-a47d-8c48425ef4a7",6.68e+11
"Furcifer oustaleti (Mocquard, 1894)","Furcifer","oustaleti","47.227588","-14.991083","Madagascar",NA,NA,"50c9509d-22c7-4a22-a47d-8c48425ef4a7",6.68e+11
"Furcifer pardalis (Cuvier, 1829)","Furcifer","pardalis","55.64242","-20.96333","Reunion",NA,NA,"6eabe254-f2a1-4144-8d27-28dc87d44286",2896937500
"Furcifer balteatus (Duméril & Bibron, 1851)","Furcifer","balteatus","47.407245","-21.276958","Madagascar",NA,NA,"50c9509d-22c7-4a22-a47d-8c48425ef4a7",6.68e+11
"Furcifer balteatus (Duméril & Bibron, 1851)","Furcifer","balteatus","47.509992","-21.273411","Madagascar",NA,NA,"50c9509d-22c7-4a22-a47d-8c48425ef4a7",6.68e+11
"Furcifer oustaleti (Mocquard, 1894)","Furcifer","oustaleti","46.843772","-21.851098","Madagascar",NA,NA,"50c9509d-22c7-4a22-a47d-8c48425ef4a7",6.68e+11
"Furcifer lateralis (Gray, 1831)","Furcifer","lateralis","46.844845","-21.850585","Madagascar",NA,NA,"50c9509d-22c7-4a22-a47d-8c48425ef4a7",6.68e+11
"Furcifer oustaleti (Mocquard, 1894)","Furcifer","oustaleti","46.843278","-21.850824","Madagascar",NA,NA,"50c9509d-22c7-4a22-a47d-8c48425ef4a7",6.68e+11
"Furcifer oustaleti (Mocquard, 1894)","Furcifer","oustaleti","45.317574","-22.575974","Madagascar",NA,NA,"50c9509d-22c7-4a22-a47d-8c48425ef4a7",6.68e+11
"Furcifer verrucosus Cuvier, 1829","Furcifer","verrucosus","43.755297","-23.413991","Madagascar",NA,NA,"50c9509d-22c7-4a22-a47d-8c48425ef4a7",6.68e+11
"Furcifer pardalis (Cuvier, 1829)","Furcifer","pardalis","55.32225","-21.04448","Reunion",NA,NA,"e5687c66-55a2-4f5f-82aa-1838d9e67470",2896937500
"Furcifer pardalis (Cuvier, 1829)","Furcifer","pardalis","55.74507","-21.30384","Reunion",NA,NA,"6eabe254-f2a1-4144-8d27-28dc87d44286",2896937500
"Furcifer pardalis (Cuvier, 1829)","Furcifer","pardalis","55.64242","-20.96333","Reunion",NA,NA,"6eabe254-f2a1-4144-8d27-28dc87d44286",2896937500
"Furcifer pardalis (Cuvier, 1829)","Furcifer","pardalis","55.64242","-20.96333","Reunion",NA,NA,"6eabe254-f2a1-4144-8d27-28dc87d44286",2896937500
"Furcifer pardalis (Cuvier, 1829)","Furcifer","pardalis","55.32225","-21.04448","Reunion",NA,NA,"6eabe254-f2a1-4144-8d27-28dc87d44286",2896937500
"Furcifer pardalis (Cuvier, 1829)","Furcifer","pardalis","55.64242","-20.96333","Reunion",NA,NA,"6eabe254-f2a1-4144-8d27-28dc87d44286",2896937500
"Furcifer oustaleti (Mocquard, 1894)","Furcifer","oustaleti","44.549496","-20.103859","Madagascar",NA,NA,"50c9509d-22c7-4a22-a47d-8c48425ef4a7",6.68e+11
"Furcifer oustaleti (Mocquard, 1894)","Furcifer","oustaleti","44.660233","-20.067812","Madagascar",NA,NA,"50c9509d-22c7-4a22-a47d-8c48425ef4a7",6.68e+11
"Furcifer oustaleti (Mocquard, 1894)","Furcifer","oustaleti","45.502749","-20.566493","Madagascar",NA,NA,"50c9509d-22c7-4a22-a47d-8c48425ef4a7",6.68e+11
"Furcifer oustaleti (Mocquard, 1894)","Furcifer","oustaleti","48.712339","-14.107399","Madagascar",NA,NA,"50c9509d-22c7-4a22-a47d-8c48425ef4a7",6.68e+11
"Furcifer pardalis (Cuvier, 1829)","Furcifer","pardalis","55.31614","-21.01744","Reunion",NA,NA,"6eabe254-f2a1-4144-8d27-28dc87d44286",2896937500
"Furcifer major (Brygoo, 1971)","Furcifer","major","45.387703","-22.541377","Madagascar",NA,NA,"50c9509d-22c7-4a22-a47d-8c48425ef4a7",6.68e+11
"Furcifer major (Brygoo, 1971)","Furcifer","major","45.387682","-22.541358","Madagascar",NA,NA,"50c9509d-22c7-4a22-a47d-8c48425ef4a7",6.68e+11
"Furcifer oustaleti (Mocquard, 1894)","Furcifer","oustaleti","46.841927","-21.852953","Madagascar",NA,NA,"50c9509d-22c7-4a22-a47d-8c48425ef4a7",6.68e+11
"Furcifer oustaleti (Mocquard, 1894)","Furcifer","oustaleti","47.490856","-18.824192","Madagascar",NA,NA,"50c9509d-22c7-4a22-a47d-8c48425ef4a7",6.68e+11
"Furcifer lateralis (Gray, 1831)","Furcifer","lateralis","46.841195","-21.851806","Madagascar",NA,NA,"50c9509d-22c7-4a22-a47d-8c48425ef4a7",6.68e+11
"Furcifer lateralis (Gray, 1831)","Furcifer","lateralis","46.841193","-21.851794","Madagascar",NA,NA,"50c9509d-22c7-4a22-a47d-8c48425ef4a7",6.68e+11
"Furcifer labordi (Grandidier, 1872)","Furcifer","labordi","44.840097","-19.737744","Madagascar",NA,NA,"50c9509d-22c7-4a22-a47d-8c48425ef4a7",6.68e+11
"Furcifer oustaleti (Mocquard, 1894)","Furcifer","oustaleti","46.841249","-21.85528","Madagascar",NA,NA,"50c9509d-22c7-4a22-a47d-8c48425ef4a7",6.68e+11
"Furcifer petteri (Brygoo & Domergue, 1966)","Furcifer","petteri","49.134999","-12.96281","Madagascar",NA,NA,"50c9509d-22c7-4a22-a47d-8c48425ef4a7",6.68e+11
"Furcifer rhinoceratus (Gray, 1845)","Furcifer","rhinoceratus","46.945562","-16.342642","Madagascar",NA,NA,"50c9509d-22c7-4a22-a47d-8c48425ef4a7",6.68e+11
"Furcifer oustaleti (Mocquard, 1894)","Furcifer","oustaleti","49.154383","-12.909264","Madagascar",NA,NA,"50c9509d-22c7-4a22-a47d-8c48425ef4a7",6.68e+11
"Furcifer oustaleti (Mocquard, 1894)","Furcifer","oustaleti","46.832655","-16.295791","Madagascar",NA,NA,"50c9509d-22c7-4a22-a47d-8c48425ef4a7",6.68e+11
"Furcifer oustaleti (Mocquard, 1894)","Furcifer","oustaleti","46.834022","-16.300567","Madagascar",NA,NA,"50c9509d-22c7-4a22-a47d-8c48425ef4a7",6.68e+11
"Furcifer pardalis (Cuvier, 1829)","Furcifer","pardalis","49.213378","-18.605082","Madagascar",NA,NA,"50c9509d-22c7-4a22-a47d-8c48425ef4a7",6.68e+11
"Furcifer pardalis (Cuvier, 1829)","Furcifer","pardalis","49.213573","-18.605404","Madagascar",NA,NA,"50c9509d-22c7-4a22-a47d-8c48425ef4a7",6.68e+11
"Furcifer pardalis (Cuvier, 1829)","Furcifer","pardalis","49.963448","-15.678271","Madagascar",NA,NA,"50c9509d-22c7-4a22-a47d-8c48425ef4a7",6.68e+11
"Furcifer pardalis (Cuvier, 1829)","Furcifer","pardalis","49.965495","-15.673807","Madagascar",NA,NA,"50c9509d-22c7-4a22-a47d-8c48425ef4a7",6.68e+11
"Furcifer pardalis (Cuvier, 1829)","Furcifer","pardalis","49.755224","-14.471407","Madagascar",NA,NA,"50c9509d-22c7-4a22-a47d-8c48425ef4a7",6.68e+11
"Furcifer pardalis (Cuvier, 1829)","Furcifer","pardalis","49.758217","-14.479067","Madagascar",NA,NA,"50c9509d-22c7-4a22-a47d-8c48425ef4a7",6.68e+11
"Furcifer pardalis (Cuvier, 1829)","Furcifer","pardalis","49.145799","-12.904913","Madagascar",NA,NA,"50c9509d-22c7-4a22-a47d-8c48425ef4a7",6.68e+11
"Furcifer pardalis (Cuvier, 1829)","Furcifer","pardalis","49.154726","-12.918467","Madagascar",NA,NA,"50c9509d-22c7-4a22-a47d-8c48425ef4a7",6.68e+11
"Furcifer oustaleti (Mocquard, 1894)","Furcifer","oustaleti","44.7886","-19.139785","Madagascar",NA,NA,"50c9509d-22c7-4a22-a47d-8c48425ef4a7",6.68e+11
"Furcifer oustaleti (Mocquard, 1894)","Furcifer","oustaleti","44.788169","-19.141483","Madagascar",NA,NA,"50c9509d-22c7-4a22-a47d-8c48425ef4a7",6.68e+11
"Furcifer oustaleti (Mocquard, 1894)","Furcifer","oustaleti","44.5879","-20.350393","Madagascar",NA,NA,"50c9509d-22c7-4a22-a47d-8c48425ef4a7",6.68e+11
"Furcifer oustaleti (Mocquard, 1894)","Furcifer","oustaleti","46.848271","-21.85736","Madagascar",NA,NA,"50c9509d-22c7-4a22-a47d-8c48425ef4a7",6.68e+11
"Furcifer oustaleti (Mocquard, 1894)","Furcifer","oustaleti","45.378879","-22.53981","Madagascar",NA,NA,"50c9509d-22c7-4a22-a47d-8c48425ef4a7",6.68e+11
"Furcifer lateralis (Gray, 1831)","Furcifer","lateralis","47.430512","-19.405839","Madagascar",NA,NA,"50c9509d-22c7-4a22-a47d-8c48425ef4a7",6.68e+11
"Furcifer polleni (Peters, 1874)","Furcifer","polleni","45.166244","-12.8275","Mayotte",NA,NA,"50c9509d-22c7-4a22-a47d-8c48425ef4a7",378937500
"Furcifer pardalis (Cuvier, 1829)","Furcifer","pardalis","55.44699","-20.93302","Reunion",NA,NA,"6eabe254-f2a1-4144-8d27-28dc87d44286",2896937500
"Furcifer oustaleti (Mocquard, 1894)","Furcifer","oustaleti","48.481469","-13.718684","Madagascar",NA,NA,"50c9509d-22c7-4a22-a47d-8c48425ef4a7",6.68e+11
"Furcifer pardalis (Cuvier, 1829)","Furcifer","pardalis","55.59309","-20.94578","Reunion",NA,NA,"e184a573-ff07-4ab7-be90-8acefdc88f81",2896937500
"Furcifer oustaleti (Mocquard, 1894)","Furcifer","oustaleti","47.035301","-16.114738","Madagascar",NA,NA,"50c9509d-22c7-4a22-a47d-8c48425ef4a7",6.68e+11
"Furcifer oustaleti (Mocquard, 1894)","Furcifer","oustaleti","48.707886","-17.581521","Madagascar",NA,NA,"50c9509d-22c7-4a22-a47d-8c48425ef4a7",6.68e+11
"Furcifer pardalis (Cuvier, 1829)","Furcifer","pardalis","55.68082","-20.94296","Reunion",NA,NA,"fec2d5a5-0198-4267-a821-c06a2e93994c",2896937500
"Furcifer oustaleti (Mocquard, 1894)","Furcifer","oustaleti","46.897888","-16.259504","Madagascar",NA,NA,"50c9509d-22c7-4a22-a47d-8c48425ef4a7",6.68e+11
"Furcifer oustaleti (Mocquard, 1894)","Furcifer","oustaleti","46.85368","-21.856555","Madagascar",NA,NA,"50c9509d-22c7-4a22-a47d-8c48425ef4a7",6.68e+11
"Furcifer oustaleti (Mocquard, 1894)","Furcifer","oustaleti","46.85368","-21.856555","Madagascar",NA,NA,"50c9509d-22c7-4a22-a47d-8c48425ef4a7",6.68e+11
"Furcifer oustaleti (Mocquard, 1894)","Furcifer","oustaleti","46.85368","-21.856555","Madagascar",NA,NA,"50c9509d-22c7-4a22-a47d-8c48425ef4a7",6.68e+11
"Furcifer verrucosus Cuvier, 1829","Furcifer","verrucosus","43.619702","-23.122169","Madagascar",NA,NA,"50c9509d-22c7-4a22-a47d-8c48425ef4a7",6.68e+11
"Furcifer oustaleti (Mocquard, 1894)","Furcifer","oustaleti","46.747849","-15.618946","Madagascar",NA,NA,"50c9509d-22c7-4a22-a47d-8c48425ef4a7",6.68e+11
"Furcifer balteatus (Duméril & Bibron, 1851)","Furcifer","balteatus","47.49862","-21.383121","Madagascar",NA,NA,"50c9509d-22c7-4a22-a47d-8c48425ef4a7",6.68e+11
"Furcifer balteatus (Duméril & Bibron, 1851)","Furcifer","balteatus","47.471432","-21.322166","Madagascar",NA,NA,"50c9509d-22c7-4a22-a47d-8c48425ef4a7",6.68e+11
"Furcifer balteatus (Duméril & Bibron, 1851)","Furcifer","balteatus","47.475265","-21.317479","Madagascar",NA,NA,"50c9509d-22c7-4a22-a47d-8c48425ef4a7",6.68e+11
"Furcifer oustaleti (Mocquard, 1894)","Furcifer","oustaleti","44.65746","-20.066955","Madagascar",NA,NA,"50c9509d-22c7-4a22-a47d-8c48425ef4a7",6.68e+11
"Furcifer oustaleti (Mocquard, 1894)","Furcifer","oustaleti","46.84204","-21.853672","Madagascar",NA,NA,"50c9509d-22c7-4a22-a47d-8c48425ef4a7",6.68e+11
"Furcifer pardalis (Cuvier, 1829)","Furcifer","pardalis","55.44699","-20.93302","Reunion",NA,NA,"6eabe254-f2a1-4144-8d27-28dc87d44286",2896937500
"Furcifer pardalis (Cuvier, 1829)","Furcifer","pardalis","55.49378","-21.31231","Reunion",NA,NA,"ff98132c-b720-4304-a68c-390968b991f7",2896937500
"Furcifer pardalis (Cuvier, 1829)","Furcifer","pardalis","49.903852","-16.924781","Madagascar","Ile Sainte-Marie",NA,"50c9509d-22c7-4a22-a47d-8c48425ef4a7",6.68e+11
"Furcifer oustaleti (Mocquard, 1894)","Furcifer","oustaleti","46.816196","-16.301088","Madagascar",NA,NA,"50c9509d-22c7-4a22-a47d-8c48425ef4a7",6.68e+11
"Furcifer oustaleti (Mocquard, 1894)","Furcifer","oustaleti","46.82751","-16.335229","Madagascar",NA,NA,"50c9509d-22c7-4a22-a47d-8c48425ef4a7",6.68e+11
"Furcifer oustaleti (Mocquard, 1894)","Furcifer","oustaleti","46.843458","-21.852879","Madagascar",NA,NA,"50c9509d-22c7-4a22-a47d-8c48425ef4a7",6.68e+11
"Furcifer oustaleti (Mocquard, 1894)","Furcifer","oustaleti","45.330402","-22.64942","Madagascar",NA,NA,"50c9509d-22c7-4a22-a47d-8c48425ef4a7",6.68e+11
"Furcifer oustaleti (Mocquard, 1894)","Furcifer","oustaleti","45.330402","-22.64942","Madagascar",NA,NA,"50c9509d-22c7-4a22-a47d-8c48425ef4a7",6.68e+11
"Furcifer minor (Günther, 1879)","Furcifer","minor","46.503337","-20.444475","Madagascar",NA,NA,"50c9509d-22c7-4a22-a47d-8c48425ef4a7",6.68e+11
"Furcifer oustaleti (Mocquard, 1894)","Furcifer","oustaleti","47.491057","-18.823813","Madagascar",NA,NA,"50c9509d-22c7-4a22-a47d-8c48425ef4a7",6.68e+11
"Furcifer oustaleti (Mocquard, 1894)","Furcifer","oustaleti","47.519505","-18.86868","Madagascar",NA,NA,"50c9509d-22c7-4a22-a47d-8c48425ef4a7",6.68e+11
"Furcifer oustaleti (Mocquard, 1894)","Furcifer","oustaleti","47.358692","-18.954309","Madagascar",NA,NA,"50c9509d-22c7-4a22-a47d-8c48425ef4a7",6.68e+11
"Furcifer oustaleti (Mocquard, 1894)","Furcifer","oustaleti","47.358692","-18.954309","Madagascar",NA,NA,"50c9509d-22c7-4a22-a47d-8c48425ef4a7",6.68e+11
"Furcifer oustaleti (Mocquard, 1894)","Furcifer","oustaleti","47.097015","-16.116409","Madagascar",NA,NA,"50c9509d-22c7-4a22-a47d-8c48425ef4a7",6.68e+11
"Furcifer oustaleti (Mocquard, 1894)","Furcifer","oustaleti","47.097015","-16.116409","Madagascar",NA,NA,"50c9509d-22c7-4a22-a47d-8c48425ef4a7",6.68e+11
"Furcifer oustaleti (Mocquard, 1894)","Furcifer","oustaleti","46.85827","-21.85962","Madagascar",NA,NA,"50c9509d-22c7-4a22-a47d-8c48425ef4a7",6.68e+11
"Furcifer verrucosus Cuvier, 1829","Furcifer","verrucosus","43.615293","-23.138539","Madagascar",NA,NA,"50c9509d-22c7-4a22-a47d-8c48425ef4a7",6.68e+11
"Furcifer major (Brygoo, 1971)","Furcifer","major","45.258178","-22.461802","Madagascar",NA,NA,"50c9509d-22c7-4a22-a47d-8c48425ef4a7",6.68e+11
"Furcifer oustaleti (Mocquard, 1894)","Furcifer","oustaleti","46.856517","-21.850814","Madagascar",NA,NA,"50c9509d-22c7-4a22-a47d-8c48425ef4a7",6.68e+11
"Furcifer pardalis (Cuvier, 1829)","Furcifer","pardalis","49.670562","-14.396025","Madagascar",NA,NA,"50c9509d-22c7-4a22-a47d-8c48425ef4a7",6.68e+11
"Furcifer pardalis (Cuvier, 1829)","Furcifer","pardalis","55.44699","-20.93302","Reunion",NA,NA,"6eabe254-f2a1-4144-8d27-28dc87d44286",2896937500
"Furcifer pardalis (Cuvier, 1829)","Furcifer","pardalis","55.32225","-21.04448","Reunion",NA,NA,"6eabe254-f2a1-4144-8d27-28dc87d44286",2896937500
"Furcifer pardalis (Cuvier, 1829)","Furcifer","pardalis","55.32225","-21.04448","Reunion",NA,NA,"6eabe254-f2a1-4144-8d27-28dc87d44286",2896937500
"Furcifer major (Brygoo, 1971)","Furcifer","major","44.682251","-22.841493","Madagascar",NA,NA,"50c9509d-22c7-4a22-a47d-8c48425ef4a7",6.68e+11
"Furcifer lateralis (Gray, 1831)","Furcifer","lateralis","47.057442","-19.933458","Madagascar",NA,NA,"50c9509d-22c7-4a22-a47d-8c48425ef4a7",6.68e+11
"Furcifer antimena (Grandidier, 1872)","Furcifer","antimena","43.681526","-23.233837","Madagascar",NA,NA,"50c9509d-22c7-4a22-a47d-8c48425ef4a7",6.68e+11
"Furcifer verrucosus Cuvier, 1829","Furcifer","verrucosus","43.75573","-23.414182","Madagascar",NA,NA,"50c9509d-22c7-4a22-a47d-8c48425ef4a7",6.68e+11
"Furcifer oustaleti (Mocquard, 1894)","Furcifer","oustaleti","45.331061","-22.647968","Madagascar",NA,NA,"50c9509d-22c7-4a22-a47d-8c48425ef4a7",6.68e+11
"Furcifer pardalis (Cuvier, 1829)","Furcifer","pardalis","55.44699","-20.93302","Reunion",NA,NA,"6eabe254-f2a1-4144-8d27-28dc87d44286",2896937500
"Furcifer pardalis (Cuvier, 1829)","Furcifer","pardalis","55.457268","-21.286906","Reunion",NA,NA,"50c9509d-22c7-4a22-a47d-8c48425ef4a7",2896937500
"Furcifer verrucosus Cuvier, 1829","Furcifer","verrucosus","43.623294","-23.122053","Madagascar",NA,NA,"50c9509d-22c7-4a22-a47d-8c48425ef4a7",6.68e+11
"Furcifer pardalis (Cuvier, 1829)","Furcifer","pardalis","55.39769","-20.99421","Reunion",NA,NA,"6eabe254-f2a1-4144-8d27-28dc87d44286",2896937500
"Furcifer verrucosus Cuvier, 1829","Furcifer","verrucosus","43.756517","-23.415532","Madagascar",NA,NA,"50c9509d-22c7-4a22-a47d-8c48425ef4a7",6.68e+11
"Furcifer antimena (Grandidier, 1872)","Furcifer","antimena","43.750567","-23.53756","Madagascar",NA,NA,"50c9509d-22c7-4a22-a47d-8c48425ef4a7",6.68e+11
"Furcifer verrucosus Cuvier, 1829","Furcifer","verrucosus","43.616718","-23.128597","Madagascar",NA,NA,"50c9509d-22c7-4a22-a47d-8c48425ef4a7",6.68e+11
"Furcifer oustaleti (Mocquard, 1894)","Furcifer","oustaleti","46.842033","-21.8529","Madagascar",NA,NA,"50c9509d-22c7-4a22-a47d-8c48425ef4a7",6.68e+11
"Furcifer lateralis (Gray, 1831)","Furcifer","lateralis","47.057435","-19.93369","Madagascar",NA,NA,"50c9509d-22c7-4a22-a47d-8c48425ef4a7",6.68e+11
"Furcifer oustaleti (Mocquard, 1894)","Furcifer","oustaleti","47.514084","-18.870975","Madagascar",NA,NA,"50c9509d-22c7-4a22-a47d-8c48425ef4a7",6.68e+11
"Furcifer verrucosus Cuvier, 1829","Furcifer","verrucosus","43.615933","-23.14532","Madagascar",NA,NA,"50c9509d-22c7-4a22-a47d-8c48425ef4a7",6.68e+11
"Furcifer oustaleti (Mocquard, 1894)","Furcifer","oustaleti","46.865737","-21.832681","Madagascar",NA,NA,"50c9509d-22c7-4a22-a47d-8c48425ef4a7",6.68e+11
"Furcifer verrucosus Cuvier, 1829","Furcifer","verrucosus","43.621105","-23.122211","Madagascar",NA,NA,"50c9509d-22c7-4a22-a47d-8c48425ef4a7",6.68e+11
"Furcifer antimena (Grandidier, 1872)","Furcifer","antimena","43.717548","-23.08447","Madagascar",NA,NA,"50c9509d-22c7-4a22-a47d-8c48425ef4a7",6.68e+11
"Furcifer pardalis (Cuvier, 1829)","Furcifer","pardalis","55.49237","-21.20403","Reunion",NA,NA,"92ef5f8e-80d3-45a3-a486-ed376f19b054",2896937500
"Furcifer pardalis (Cuvier, 1829)","Furcifer","pardalis","55.44699","-20.93302","Reunion",NA,NA,"6eabe254-f2a1-4144-8d27-28dc87d44286",2896937500
"Furcifer pardalis (Cuvier, 1829)","Furcifer","pardalis","55.32225","-21.04448","Reunion",NA,NA,"e5687c66-55a2-4f5f-82aa-1838d9e67470",2896937500
"Furcifer antimena (Grandidier, 1872)","Furcifer","antimena","43.385621","-22.765245","Madagascar",NA,NA,"50c9509d-22c7-4a22-a47d-8c48425ef4a7",6.68e+11
"Furcifer lateralis (Gray, 1831)","Furcifer","lateralis","48.413565","-18.93294","Madagascar",NA,NA,"dce00a1f-f6b4-4e11-9771-92c62c40ad80",6.68e+11
"Furcifer lateralis (Gray, 1831)","Furcifer","lateralis","47.181394","-20.771845","Madagascar",NA,NA,"50c9509d-22c7-4a22-a47d-8c48425ef4a7",6.68e+11
"Furcifer lateralis (Gray, 1831)","Furcifer","lateralis","47.057772","-19.931523","Madagascar",NA,NA,"50c9509d-22c7-4a22-a47d-8c48425ef4a7",6.68e+11
"Furcifer oustaleti (Mocquard, 1894)","Furcifer","oustaleti","44.693069","-22.885003","Madagascar",NA,NA,"50c9509d-22c7-4a22-a47d-8c48425ef4a7",6.68e+11
"Furcifer oustaleti (Mocquard, 1894)","Furcifer","oustaleti","44.738308","-22.780403","Madagascar",NA,NA,"50c9509d-22c7-4a22-a47d-8c48425ef4a7",6.68e+11
"Furcifer pardalis (Cuvier, 1829)","Furcifer","pardalis","55.55856","-21.22316","Reunion",NA,NA,"6eabe254-f2a1-4144-8d27-28dc87d44286",2896937500
"Furcifer pardalis (Cuvier, 1829)","Furcifer","pardalis","55.64242","-20.96333","Reunion",NA,NA,"6eabe254-f2a1-4144-8d27-28dc87d44286",2896937500
"Furcifer polleni (Peters, 1874)","Furcifer","polleni","45.11333","-12.82148","Mayotte",NA,NA,"de131c78-e2c1-4284-af8d-d5a2d8abe2d0",378937500
"Furcifer willsii (Günther, 1890)","Furcifer","willsii","47.867217","-18.400509","Madagascar",NA,NA,"50c9509d-22c7-4a22-a47d-8c48425ef4a7",6.68e+11
"Furcifer pardalis (Cuvier, 1829)","Furcifer","pardalis","55.55856","-21.22316","Reunion",NA,NA,"6eabe254-f2a1-4144-8d27-28dc87d44286",2896937500
"Furcifer verrucosus Cuvier, 1829","Furcifer","verrucosus","47.003932","-24.95225","Madagascar",NA,NA,"50c9509d-22c7-4a22-a47d-8c48425ef4a7",6.68e+11
"Furcifer pardalis (Cuvier, 1829)","Furcifer","pardalis","55.32225","-21.04448","Reunion",NA,NA,"6eabe254-f2a1-4144-8d27-28dc87d44286",2896937500
"Furcifer pardalis (Cuvier, 1829)","Furcifer","pardalis","55.55856","-21.22316","Reunion",NA,NA,"6eabe254-f2a1-4144-8d27-28dc87d44286",2896937500
"Furcifer petteri (Brygoo & Domergue, 1966)","Furcifer","petteri","49.096518","-12.623056","Madagascar",NA,NA,"50c9509d-22c7-4a22-a47d-8c48425ef4a7",6.68e+11
"Furcifer viridis Florio, Ingram, Rakotondravony, Louis Jr & Raxworthy, 2012","Furcifer","viridis","46.927466","-17.054848","Madagascar",NA,NA,"50c9509d-22c7-4a22-a47d-8c48425ef4a7",6.68e+11
"Furcifer oustaleti (Mocquard, 1894)","Furcifer","oustaleti","47.042936","-16.970804","Madagascar",NA,NA,"50c9509d-22c7-4a22-a47d-8c48425ef4a7",6.68e+11
"Furcifer oustaleti (Mocquard, 1894)","Furcifer","oustaleti","49.345661","-12.247639","Madagascar",NA,NA,"50c9509d-22c7-4a22-a47d-8c48425ef4a7",6.68e+11
"Furcifer pardalis (Cuvier, 1829)","Furcifer","pardalis","49.174228","-12.534544","Madagascar",NA,NA,"50c9509d-22c7-4a22-a47d-8c48425ef4a7",6.68e+11
"Furcifer pardalis (Cuvier, 1829)","Furcifer","pardalis","49.343677","-12.247743","Madagascar",NA,NA,"50c9509d-22c7-4a22-a47d-8c48425ef4a7",6.68e+11
"Furcifer rhinoceratus (Gray, 1845)","Furcifer","rhinoceratus","46.848135","-16.262433","Madagascar",NA,NA,"50c9509d-22c7-4a22-a47d-8c48425ef4a7",6.68e+11
"Furcifer labordi (Grandidier, 1872)","Furcifer","labordi","44.236452","-20.938472","Madagascar",NA,NA,"50c9509d-22c7-4a22-a47d-8c48425ef4a7",6.68e+11
"Furcifer labordi (Grandidier, 1872)","Furcifer","labordi","44.273811","-20.969586","Madagascar",NA,NA,"50c9509d-22c7-4a22-a47d-8c48425ef4a7",6.68e+11
"Furcifer pardalis (Cuvier, 1829)","Furcifer","pardalis","48.335367","-13.406327","Madagascar","Nosy Be",NA,"50c9509d-22c7-4a22-a47d-8c48425ef4a7",298125000
"Furcifer pardalis (Cuvier, 1829)","Furcifer","pardalis","48.335367","-13.406327","Madagascar","Nosy Be",NA,"50c9509d-22c7-4a22-a47d-8c48425ef4a7",298125000
"Furcifer pardalis (Cuvier, 1829)","Furcifer","pardalis","48.335367","-13.406327","Madagascar","Nosy Be",NA,"50c9509d-22c7-4a22-a47d-8c48425ef4a7",298125000
"Furcifer oustaleti (Mocquard, 1894)","Furcifer","oustaleti","46.816664","-16.310455","Madagascar",NA,NA,"50c9509d-22c7-4a22-a47d-8c48425ef4a7",6.68e+11
"Furcifer oustaleti (Mocquard, 1894)","Furcifer","oustaleti","46.816664","-16.310455","Madagascar",NA,NA,"50c9509d-22c7-4a22-a47d-8c48425ef4a7",6.68e+11
"Furcifer petteri (Brygoo & Domergue, 1966)","Furcifer","petteri","49.142531","-12.511674","Madagascar",NA,NA,"50c9509d-22c7-4a22-a47d-8c48425ef4a7",6.68e+11
"Furcifer pardalis (Cuvier, 1829)","Furcifer","pardalis","55.44699","-20.93302","Reunion",NA,NA,"6eabe254-f2a1-4144-8d27-28dc87d44286",2896937500
"Furcifer pardalis (Cuvier, 1829)","Furcifer","pardalis","55.39769","-20.99421","Reunion",NA,NA,"6eabe254-f2a1-4144-8d27-28dc87d44286",2896937500
"Furcifer oustaleti (Mocquard, 1894)","Furcifer","oustaleti","47.216682","-15.034882","Madagascar",NA,NA,"50c9509d-22c7-4a22-a47d-8c48425ef4a7",6.68e+11
"Furcifer pardalis (Cuvier, 1829)","Furcifer","pardalis","55.44699","-20.93302","Reunion",NA,NA,"6eabe254-f2a1-4144-8d27-28dc87d44286",2896937500
"Furcifer pardalis (Cuvier, 1829)","Furcifer","pardalis","55.32225","-21.04448","Reunion",NA,NA,"6eabe254-f2a1-4144-8d27-28dc87d44286",2896937500
"Furcifer pardalis (Cuvier, 1829)","Furcifer","pardalis","55.32225","-21.04448","Reunion",NA,NA,"6eabe254-f2a1-4144-8d27-28dc87d44286",2896937500
"Furcifer pardalis (Cuvier, 1829)","Furcifer","pardalis","55.64931","-21.09184","Reunion",NA,NA,"ff98132c-b720-4304-a68c-390968b991f7",2896937500
"Furcifer pardalis (Cuvier, 1829)","Furcifer","pardalis","55.55856","-21.22316","Reunion",NA,NA,"6eabe254-f2a1-4144-8d27-28dc87d44286",2896937500
"Furcifer pardalis (Cuvier, 1829)","Furcifer","pardalis","55.234653","-21.050819","France","Reunion Island",NA,"50c9509d-22c7-4a22-a47d-8c48425ef4a7",2896937500
"Furcifer pardalis (Cuvier, 1829)","Furcifer","pardalis","55.49378","-21.31231","Reunion",NA,NA,"6eabe254-f2a1-4144-8d27-28dc87d44286",2896937500
"Furcifer pardalis (Cuvier, 1829)","Furcifer","pardalis","55.64931","-21.09184","Reunion",NA,NA,"ff98132c-b720-4304-a68c-390968b991f7",2896937500
"Furcifer pardalis (Cuvier, 1829)","Furcifer","pardalis","55.64931","-21.09184","Reunion",NA,NA,"ff98132c-b720-4304-a68c-390968b991f7",2896937500
"Furcifer pardalis (Cuvier, 1829)","Furcifer","pardalis","55.64931","-21.09184","Reunion",NA,NA,"ff98132c-b720-4304-a68c-390968b991f7",2896937500
"Furcifer pardalis (Cuvier, 1829)","Furcifer","pardalis","55.64931","-21.09184","Reunion",NA,NA,"ff98132c-b720-4304-a68c-390968b991f7",2896937500
"Furcifer pardalis (Cuvier, 1829)","Furcifer","pardalis","55.64931","-21.09184","Reunion",NA,NA,"ff98132c-b720-4304-a68c-390968b991f7",2896937500
"Furcifer pardalis (Cuvier, 1829)","Furcifer","pardalis","55.64931","-21.09184","Reunion",NA,NA,"ff98132c-b720-4304-a68c-390968b991f7",2896937500
"Furcifer pardalis (Cuvier, 1829)","Furcifer","pardalis","55.64931","-21.09184","Reunion",NA,NA,"d28c7821-da39-4811-81cf-ad3434bccb8b",2896937500
"Furcifer pardalis (Cuvier, 1829)","Furcifer","pardalis","55.44699","-20.93302","Reunion",NA,NA,"6eabe254-f2a1-4144-8d27-28dc87d44286",2896937500
"Furcifer major (Brygoo, 1971)","Furcifer","major","45.158807","-25.586176","Madagascar",NA,NA,"50c9509d-22c7-4a22-a47d-8c48425ef4a7",6.68e+11
"Furcifer rhinoceratus (Gray, 1845)","Furcifer","rhinoceratus","47.156683","-16.125775","Madagascar",NA,NA,"50c9509d-22c7-4a22-a47d-8c48425ef4a7",6.68e+11
"Furcifer oustaleti (Mocquard, 1894)","Furcifer","oustaleti","47.097015","-16.116409","Madagascar",NA,NA,"50c9509d-22c7-4a22-a47d-8c48425ef4a7",6.68e+11
"Furcifer verrucosus Cuvier, 1829","Furcifer","verrucosus","43.829099","-24.145434","Madagascar",NA,NA,"50c9509d-22c7-4a22-a47d-8c48425ef4a7",6.68e+11
"Furcifer major (Brygoo, 1971)","Furcifer","major","46.767197","-24.758307","Madagascar",NA,NA,"50c9509d-22c7-4a22-a47d-8c48425ef4a7",6.68e+11
"Furcifer major (Brygoo, 1971)","Furcifer","major","44.681838","-22.841703","Madagascar",NA,NA,"50c9509d-22c7-4a22-a47d-8c48425ef4a7",6.68e+11
"Furcifer pardalis (Cuvier, 1829)","Furcifer","pardalis","55.64931","-21.09184","Reunion",NA,NA,"ff98132c-b720-4304-a68c-390968b991f7",2896937500
"Furcifer pardalis (Cuvier, 1829)","Furcifer","pardalis","55.64931","-21.09184","Reunion",NA,NA,"ff98132c-b720-4304-a68c-390968b991f7",2896937500
"Furcifer pardalis (Cuvier, 1829)","Furcifer","pardalis","55.32225","-21.04448","Reunion",NA,NA,"6eabe254-f2a1-4144-8d27-28dc87d44286",2896937500
"Furcifer pardalis (Cuvier, 1829)","Furcifer","pardalis","55.44699","-20.93302","Reunion",NA,NA,"6eabe254-f2a1-4144-8d27-28dc87d44286",2896937500
"Furcifer pardalis (Cuvier, 1829)","Furcifer","pardalis","55.55856","-21.22316","Reunion",NA,NA,"6eabe254-f2a1-4144-8d27-28dc87d44286",2896937500
"Furcifer pardalis (Cuvier, 1829)","Furcifer","pardalis","55.44699","-20.93302","Reunion",NA,NA,"6eabe254-f2a1-4144-8d27-28dc87d44286",2896937500
"Furcifer pardalis (Cuvier, 1829)","Furcifer","pardalis","55.31715","-20.92712","Reunion",NA,NA,"6eabe254-f2a1-4144-8d27-28dc87d44286",2896937500
"Furcifer pardalis (Cuvier, 1829)","Furcifer","pardalis","55.64931","-21.09184","Reunion",NA,NA,"ff98132c-b720-4304-a68c-390968b991f7",2896937500
"Furcifer pardalis (Cuvier, 1829)","Furcifer","pardalis","55.55856","-21.22316","Reunion",NA,NA,"6eabe254-f2a1-4144-8d27-28dc87d44286",2896937500
"Furcifer pardalis (Cuvier, 1829)","Furcifer","pardalis","55.64931","-21.09184","Reunion",NA,NA,"ff98132c-b720-4304-a68c-390968b991f7",2896937500
"Furcifer pardalis (Cuvier, 1829)","Furcifer","pardalis","55.64931","-21.09184","Reunion",NA,NA,"ff98132c-b720-4304-a68c-390968b991f7",2896937500
"Furcifer pardalis (Cuvier, 1829)","Furcifer","pardalis","55.64931","-21.09184","Reunion",NA,NA,"ff98132c-b720-4304-a68c-390968b991f7",2896937500
"Furcifer pardalis (Cuvier, 1829)","Furcifer","pardalis","55.64931","-21.09184","Reunion",NA,NA,"d28c7821-da39-4811-81cf-ad3434bccb8b",2896937500
"Furcifer pardalis (Cuvier, 1829)","Furcifer","pardalis","55.55856","-21.22316","Reunion",NA,NA,"6eabe254-f2a1-4144-8d27-28dc87d44286",2896937500
"Furcifer pardalis (Cuvier, 1829)","Furcifer","pardalis","55.44699","-20.93302","Reunion",NA,NA,"6eabe254-f2a1-4144-8d27-28dc87d44286",2896937500
"Furcifer pardalis (Cuvier, 1829)","Furcifer","pardalis","55.55856","-21.22316","Reunion",NA,NA,"6eabe254-f2a1-4144-8d27-28dc87d44286",2896937500
"Furcifer pardalis (Cuvier, 1829)","Furcifer","pardalis","55.64931","-21.09184","Reunion",NA,NA,"d28c7821-da39-4811-81cf-ad3434bccb8b",2896937500
"Furcifer pardalis (Cuvier, 1829)","Furcifer","pardalis","55.56885","-21.33963","Reunion",NA,NA,"6eabe254-f2a1-4144-8d27-28dc87d44286",2896937500
"Furcifer pardalis (Cuvier, 1829)","Furcifer","pardalis","55.32225","-21.04448","Reunion",NA,NA,"6eabe254-f2a1-4144-8d27-28dc87d44286",2896937500
"Furcifer pardalis (Cuvier, 1829)","Furcifer","pardalis","55.64931","-21.09184","Reunion",NA,NA,"ff98132c-b720-4304-a68c-390968b991f7",2896937500
"Furcifer pardalis (Cuvier, 1829)","Furcifer","pardalis","55.55856","-21.22316","Reunion",NA,NA,"6eabe254-f2a1-4144-8d27-28dc87d44286",2896937500
"Furcifer pardalis (Cuvier, 1829)","Furcifer","pardalis","55.44699","-20.93302","Reunion",NA,NA,"6eabe254-f2a1-4144-8d27-28dc87d44286",2896937500
"Furcifer pardalis (Cuvier, 1829)","Furcifer","pardalis","55.59309","-20.94578","Reunion",NA,NA,"6eabe254-f2a1-4144-8d27-28dc87d44286",2896937500
"Furcifer pardalis (Cuvier, 1829)","Furcifer","pardalis","55.64242","-20.96333","Reunion",NA,NA,"6eabe254-f2a1-4144-8d27-28dc87d44286",2896937500
"Furcifer pardalis (Cuvier, 1829)","Furcifer","pardalis","55.32225","-21.04448","Reunion",NA,NA,"6eabe254-f2a1-4144-8d27-28dc87d44286",2896937500
"Furcifer pardalis (Cuvier, 1829)","Furcifer","pardalis","55.234693","-21.050781","France","Reunion Island",NA,"50c9509d-22c7-4a22-a47d-8c48425ef4a7",2896937500
"Furcifer pardalis (Cuvier, 1829)","Furcifer","pardalis","55.44699","-20.93302","Reunion",NA,NA,"6eabe254-f2a1-4144-8d27-28dc87d44286",2896937500
"Furcifer pardalis (Cuvier, 1829)","Furcifer","pardalis","49.68715","-15.123687","Madagascar",NA,NA,"50c9509d-22c7-4a22-a47d-8c48425ef4a7",6.68e+11
"Furcifer pardalis (Cuvier, 1829)","Furcifer","pardalis","55.56885","-21.33963","Reunion",NA,NA,"6eabe254-f2a1-4144-8d27-28dc87d44286",2896937500
"Furcifer willsii (Günther, 1890)","Furcifer","willsii","47.421657","-21.25636","Madagascar",NA,NA,"50c9509d-22c7-4a22-a47d-8c48425ef4a7",6.68e+11
"Furcifer pardalis (Cuvier, 1829)","Furcifer","pardalis","55.64242","-20.96333","Reunion",NA,NA,"6eabe254-f2a1-4144-8d27-28dc87d44286",2896937500
"Furcifer pardalis (Cuvier, 1829)","Furcifer","pardalis","55.56885","-21.33963","Reunion",NA,NA,"6eabe254-f2a1-4144-8d27-28dc87d44286",2896937500
"Furcifer pardalis (Cuvier, 1829)","Furcifer","pardalis","55.44699","-20.93302","Reunion",NA,NA,"6eabe254-f2a1-4144-8d27-28dc87d44286",2896937500
"Furcifer pardalis (Cuvier, 1829)","Furcifer","pardalis","55.45196","-21.31589","France","Reunion Island",NA,"fec2d5a5-0198-4267-a821-c06a2e93994c",2896937500
"Furcifer oustaleti (Mocquard, 1894)","Furcifer","oustaleti","47.029116","-19.873008","Madagascar",NA,NA,"50c9509d-22c7-4a22-a47d-8c48425ef4a7",6.68e+11
"Furcifer oustaleti (Mocquard, 1894)","Furcifer","oustaleti","47.029116","-19.873008","Madagascar",NA,NA,"50c9509d-22c7-4a22-a47d-8c48425ef4a7",6.68e+11
"Furcifer oustaleti (Mocquard, 1894)","Furcifer","oustaleti","47.029116","-19.873008","Madagascar",NA,NA,"50c9509d-22c7-4a22-a47d-8c48425ef4a7",6.68e+11
"Furcifer balteatus (Duméril & Bibron, 1851)","Furcifer","balteatus","47.228735","-21.242027","Madagascar",NA,NA,"50c9509d-22c7-4a22-a47d-8c48425ef4a7",6.68e+11
"Furcifer oustaleti (Mocquard, 1894)","Furcifer","oustaleti","47.095056","-21.468674","Madagascar",NA,NA,"50c9509d-22c7-4a22-a47d-8c48425ef4a7",6.68e+11
"Furcifer Fitzinger, 1843","Furcifer",NA,"45.31724","-22.517326","Madagascar",NA,NA,"50c9509d-22c7-4a22-a47d-8c48425ef4a7",6.68e+11
"Furcifer pardalis (Cuvier, 1829)","Furcifer","pardalis","55.64242","-20.96333","Reunion",NA,NA,"6eabe254-f2a1-4144-8d27-28dc87d44286",2896937500
"Furcifer pardalis (Cuvier, 1829)","Furcifer","pardalis","55.45008","-21.31758","France","Reunion Island",NA,"fec2d5a5-0198-4267-a821-c06a2e93994c",2896937500
"Furcifer pardalis (Cuvier, 1829)","Furcifer","pardalis","55.45094","-21.31682","France","Reunion Island",NA,"fec2d5a5-0198-4267-a821-c06a2e93994c",2896937500
"Furcifer pardalis (Cuvier, 1829)","Furcifer","pardalis","55.64242","-20.96333","Reunion",NA,NA,"6eabe254-f2a1-4144-8d27-28dc87d44286",2896937500
"Furcifer pardalis (Cuvier, 1829)","Furcifer","pardalis","55.64242","-20.96333","Reunion",NA,NA,"6eabe254-f2a1-4144-8d27-28dc87d44286",2896937500
"Furcifer angeli (Brygoo & Domergue, 1968)","Furcifer","angeli","47.228025","-14.991043","Madagascar",NA,NA,"50c9509d-22c7-4a22-a47d-8c48425ef4a7",6.68e+11
"Furcifer oustaleti (Mocquard, 1894)","Furcifer","oustaleti","47.2278","-14.990991","Madagascar",NA,NA,"50c9509d-22c7-4a22-a47d-8c48425ef4a7",6.68e+11
"Furcifer major (Brygoo, 1971)","Furcifer","major","45.261856","-22.465454","Madagascar",NA,NA,"50c9509d-22c7-4a22-a47d-8c48425ef4a7",6.68e+11
"Furcifer pardalis (Cuvier, 1829)","Furcifer","pardalis","55.44699","-20.93302","Reunion",NA,NA,"60fcb2c6-1db1-489a-bff8-5ba8272f130b",2896937500
"Furcifer pardalis (Cuvier, 1829)","Furcifer","pardalis","55.44699","-20.93302","Reunion",NA,NA,"ff98132c-b720-4304-a68c-390968b991f7",2896937500
"Furcifer pardalis (Cuvier, 1829)","Furcifer","pardalis","55.3141","-21.19807","Reunion",NA,NA,"6eabe254-f2a1-4144-8d27-28dc87d44286",2896937500
"Furcifer pardalis (Cuvier, 1829)","Furcifer","pardalis","55.66079","-20.96008","Reunion",NA,NA,"fec2d5a5-0198-4267-a821-c06a2e93994c",2896937500
"Furcifer pardalis (Cuvier, 1829)","Furcifer","pardalis","55.64242","-20.96333","Reunion",NA,NA,"6eabe254-f2a1-4144-8d27-28dc87d44286",2896937500
"Furcifer pardalis (Cuvier, 1829)","Furcifer","pardalis","55.707018","-21.031853","Reunion",NA,NA,"50c9509d-22c7-4a22-a47d-8c48425ef4a7",2896937500
"Furcifer pardalis (Cuvier, 1829)","Furcifer","pardalis","55.32225","-21.04448","Reunion",NA,NA,"6eabe254-f2a1-4144-8d27-28dc87d44286",2896937500
"Furcifer pardalis (Cuvier, 1829)","Furcifer","pardalis","49.356315","-18.058538","Madagascar",NA,NA,"50c9509d-22c7-4a22-a47d-8c48425ef4a7",6.68e+11
"Furcifer pardalis (Cuvier, 1829)","Furcifer","pardalis","55.44699","-20.93302","Reunion",NA,NA,"6eabe254-f2a1-4144-8d27-28dc87d44286",2896937500
"Furcifer pardalis (Cuvier, 1829)","Furcifer","pardalis","55.32225","-21.04448","Reunion",NA,NA,"6eabe254-f2a1-4144-8d27-28dc87d44286",2896937500
"Furcifer oustaleti (Mocquard, 1894)","Furcifer","oustaleti","48.232205","-13.332771","Madagascar","Nosy Be",NA,"50c9509d-22c7-4a22-a47d-8c48425ef4a7",298125000
"Furcifer lateralis (Gray, 1831)","Furcifer","lateralis","47.419292","-21.264061","Madagascar",NA,NA,"50c9509d-22c7-4a22-a47d-8c48425ef4a7",6.68e+11
"Furcifer balteatus (Duméril & Bibron, 1851)","Furcifer","balteatus","47.488683","-21.271989","Madagascar",NA,NA,"50c9509d-22c7-4a22-a47d-8c48425ef4a7",6.68e+11
"Furcifer oustaleti (Mocquard, 1894)","Furcifer","oustaleti","46.841922","-21.850964","Madagascar",NA,NA,"50c9509d-22c7-4a22-a47d-8c48425ef4a7",6.68e+11
"Furcifer balteatus (Duméril & Bibron, 1851)","Furcifer","balteatus","47.429208","-21.203074","Madagascar",NA,NA,"50c9509d-22c7-4a22-a47d-8c48425ef4a7",6.68e+11
"Furcifer oustaleti (Mocquard, 1894)","Furcifer","oustaleti","47.459486","-18.821392","Madagascar",NA,NA,"50c9509d-22c7-4a22-a47d-8c48425ef4a7",6.68e+11
"Furcifer oustaleti (Mocquard, 1894)","Furcifer","oustaleti","47.360001","-18.951666","Madagascar",NA,NA,"50c9509d-22c7-4a22-a47d-8c48425ef4a7",6.68e+11
"Furcifer willsii (Günther, 1890)","Furcifer","willsii","48.430411","-18.935226","Madagascar",NA,NA,"50c9509d-22c7-4a22-a47d-8c48425ef4a7",6.68e+11
"Furcifer angeli (Brygoo & Domergue, 1968)","Furcifer","angeli","47.232157","-14.990537","Madagascar",NA,NA,"50c9509d-22c7-4a22-a47d-8c48425ef4a7",6.68e+11
"Furcifer pardalis (Cuvier, 1829)","Furcifer","pardalis","49.731986","-15.444812","Madagascar",NA,NA,"50c9509d-22c7-4a22-a47d-8c48425ef4a7",6.68e+11
"Furcifer oustaleti (Mocquard, 1894)","Furcifer","oustaleti","48.568683","-17.44728","Madagascar",NA,NA,"50c9509d-22c7-4a22-a47d-8c48425ef4a7",6.68e+11
"Furcifer oustaleti (Mocquard, 1894)","Furcifer","oustaleti","48.568034","-17.446869","Madagascar",NA,NA,"50c9509d-22c7-4a22-a47d-8c48425ef4a7",6.68e+11
"Furcifer pardalis (Cuvier, 1829)","Furcifer","pardalis","55.64242","-20.96333","Reunion",NA,NA,"6eabe254-f2a1-4144-8d27-28dc87d44286",2896937500
"Furcifer pardalis (Cuvier, 1829)","Furcifer","pardalis","55.74507","-21.30384","Reunion",NA,NA,"6eabe254-f2a1-4144-8d27-28dc87d44286",2896937500
"Furcifer verrucosus Cuvier, 1829","Furcifer","verrucosus","43.614975","-23.119197","Madagascar",NA,NA,"50c9509d-22c7-4a22-a47d-8c48425ef4a7",6.68e+11
"Furcifer verrucosus Cuvier, 1829","Furcifer","verrucosus","43.614975","-23.119197","Madagascar",NA,NA,"50c9509d-22c7-4a22-a47d-8c48425ef4a7",6.68e+11
"Furcifer antimena (Grandidier, 1872)","Furcifer","antimena","43.601837","-23.059727","Madagascar",NA,NA,"50c9509d-22c7-4a22-a47d-8c48425ef4a7",6.68e+11
"Furcifer oustaleti (Mocquard, 1894)","Furcifer","oustaleti","46.856081","-21.859615","Madagascar",NA,NA,"50c9509d-22c7-4a22-a47d-8c48425ef4a7",6.68e+11
"Furcifer oustaleti (Mocquard, 1894)","Furcifer","oustaleti","46.856081","-21.859615","Madagascar",NA,NA,"50c9509d-22c7-4a22-a47d-8c48425ef4a7",6.68e+11
"Furcifer verrucosus Cuvier, 1829","Furcifer","verrucosus","43.695642","-23.364148","Madagascar",NA,NA,"8a863029-f435-446a-821e-275f4f641165",6.68e+11
"Furcifer verrucosus Cuvier, 1829","Furcifer","verrucosus","43.625092","-23.120502","Madagascar",NA,NA,"8a863029-f435-446a-821e-275f4f641165",6.68e+11
"Furcifer verrucosus Cuvier, 1829","Furcifer","verrucosus","43.621113","-23.119428","Madagascar",NA,NA,"8a863029-f435-446a-821e-275f4f641165",6.68e+11
"Furcifer oustaleti (Mocquard, 1894)","Furcifer","oustaleti","44.529133","-22.91665","Madagascar",NA,NA,"8a863029-f435-446a-821e-275f4f641165",6.68e+11
"Furcifer oustaleti (Mocquard, 1894)","Furcifer","oustaleti","44.692848","-22.88458","Madagascar",NA,NA,"8a863029-f435-446a-821e-275f4f641165",6.68e+11
"Furcifer balteatus (Duméril & Bibron, 1851)","Furcifer","balteatus","47.403178","-21.264232","Madagascar",NA,NA,"50c9509d-22c7-4a22-a47d-8c48425ef4a7",6.68e+11
"Furcifer oustaleti (Mocquard, 1894)","Furcifer","oustaleti","46.478971","-16.230485","Madagascar",NA,NA,"50c9509d-22c7-4a22-a47d-8c48425ef4a7",6.68e+11
"Furcifer oustaleti (Mocquard, 1894)","Furcifer","oustaleti","46.478971","-16.230485","Madagascar",NA,NA,"50c9509d-22c7-4a22-a47d-8c48425ef4a7",6.68e+11
"Furcifer oustaleti (Mocquard, 1894)","Furcifer","oustaleti","46.478971","-16.230485","Madagascar",NA,NA,"50c9509d-22c7-4a22-a47d-8c48425ef4a7",6.68e+11
"Furcifer angeli (Brygoo & Domergue, 1968)","Furcifer","angeli","47.228924","-14.990588","Madagascar",NA,NA,"50c9509d-22c7-4a22-a47d-8c48425ef4a7",6.68e+11
"Furcifer verrucosus Cuvier, 1829","Furcifer","verrucosus","43.621473","-23.123172","Madagascar",NA,NA,"50c9509d-22c7-4a22-a47d-8c48425ef4a7",6.68e+11
"Furcifer antimena (Grandidier, 1872)","Furcifer","antimena","43.792318","-23.027623","Madagascar",NA,NA,"50c9509d-22c7-4a22-a47d-8c48425ef4a7",6.68e+11
"Furcifer oustaleti (Mocquard, 1894)","Furcifer","oustaleti","45.382804","-22.539631","Madagascar",NA,NA,"50c9509d-22c7-4a22-a47d-8c48425ef4a7",6.68e+11
"Furcifer oustaleti (Mocquard, 1894)","Furcifer","oustaleti","45.392568","-22.592735","Madagascar",NA,NA,"50c9509d-22c7-4a22-a47d-8c48425ef4a7",6.68e+11
"Furcifer oustaleti (Mocquard, 1894)","Furcifer","oustaleti","46.816467","-16.311994","Madagascar",NA,NA,"50c9509d-22c7-4a22-a47d-8c48425ef4a7",6.68e+11
"Furcifer oustaleti (Mocquard, 1894)","Furcifer","oustaleti","46.838386","-16.336166","Madagascar",NA,NA,"50c9509d-22c7-4a22-a47d-8c48425ef4a7",6.68e+11
"Furcifer rhinoceratus (Gray, 1845)","Furcifer","rhinoceratus","46.99411","-16.211832","Madagascar",NA,NA,"50c9509d-22c7-4a22-a47d-8c48425ef4a7",6.68e+11
"Furcifer pardalis (Cuvier, 1829)","Furcifer","pardalis","55.64931","-21.09184","Reunion",NA,NA,"63af1344-15dd-4fd5-a5b3-d8bdd6819016",2896937500
"Furcifer pardalis (Cuvier, 1829)","Furcifer","pardalis","55.33332","-20.92737","Reunion",NA,NA,"fec2d5a5-0198-4267-a821-c06a2e93994c",2896937500
"Furcifer pardalis (Cuvier, 1829)","Furcifer","pardalis","55.64931","-21.09184","Reunion",NA,NA,"63af1344-15dd-4fd5-a5b3-d8bdd6819016",2896937500
"Furcifer pardalis (Cuvier, 1829)","Furcifer","pardalis","55.64931","-21.09184","Reunion",NA,NA,"63af1344-15dd-4fd5-a5b3-d8bdd6819016",2896937500
"Furcifer verrucosus Cuvier, 1829","Furcifer","verrucosus","43.622793","-23.123449","Madagascar",NA,NA,"50c9509d-22c7-4a22-a47d-8c48425ef4a7",6.68e+11
"Furcifer pardalis (Cuvier, 1829)","Furcifer","pardalis","49.153873","-18.754358","Madagascar",NA,NA,"50c9509d-22c7-4a22-a47d-8c48425ef4a7",6.68e+11
"Furcifer oustaleti (Mocquard, 1894)","Furcifer","oustaleti","46.749183","-16.149657","Madagascar",NA,NA,"8a863029-f435-446a-821e-275f4f641165",6.68e+11
"Furcifer oustaleti (Mocquard, 1894)","Furcifer","oustaleti","46.81466","-16.295753","Madagascar",NA,NA,"8a863029-f435-446a-821e-275f4f641165",6.68e+11
"Furcifer rhinoceratus (Gray, 1845)","Furcifer","rhinoceratus","46.808125","-16.317687","Madagascar",NA,NA,"8a863029-f435-446a-821e-275f4f641165",6.68e+11
"Furcifer oustaleti (Mocquard, 1894)","Furcifer","oustaleti","46.81305","-16.309957","Madagascar",NA,NA,"8a863029-f435-446a-821e-275f4f641165",6.68e+11
"Furcifer oustaleti (Mocquard, 1894)","Furcifer","oustaleti","47.1512","-18.267697","Madagascar",NA,NA,"8a863029-f435-446a-821e-275f4f641165",6.68e+11
"Furcifer pardalis (Cuvier, 1829)","Furcifer","pardalis","49.137536","-12.968444","Madagascar",NA,NA,"50c9509d-22c7-4a22-a47d-8c48425ef4a7",6.68e+11
"Furcifer oustaleti (Mocquard, 1894)","Furcifer","oustaleti","46.842119","-21.850907","Madagascar",NA,NA,"50c9509d-22c7-4a22-a47d-8c48425ef4a7",6.68e+11
"Furcifer pardalis (Cuvier, 1829)","Furcifer","pardalis","55.64242","-20.96333","Reunion",NA,NA,"6eabe254-f2a1-4144-8d27-28dc87d44286",2896937500
"Furcifer willsii (Günther, 1890)","Furcifer","willsii","48.416947","-18.941743","Madagascar",NA,NA,"50c9509d-22c7-4a22-a47d-8c48425ef4a7",6.68e+11
"Furcifer polleni (Peters, 1874)","Furcifer","polleni","45.1487","-12.91917","Mayotte",NA,NA,"de131c78-e2c1-4284-af8d-d5a2d8abe2d0",378937500
"Furcifer pardalis (Cuvier, 1829)","Furcifer","pardalis","55.7399","-21.12434","Reunion",NA,NA,"f946666e-67dc-4848-9fa8-2162f3559e33",2896937500
"Furcifer lateralis (Gray, 1831)","Furcifer","lateralis","46.58852","-20.567628","Madagascar",NA,NA,"50c9509d-22c7-4a22-a47d-8c48425ef4a7",6.68e+11
"Furcifer oustaleti (Mocquard, 1894)","Furcifer","oustaleti","48.419548","-18.916295","Madagascar",NA,NA,"dce00a1f-f6b4-4e11-9771-92c62c40ad80",6.68e+11
"Furcifer pardalis (Cuvier, 1829)","Furcifer","pardalis","55.32225","-21.04448","Reunion",NA,NA,"6eabe254-f2a1-4144-8d27-28dc87d44286",2896937500
"Furcifer willsii (Günther, 1890)","Furcifer","willsii","47.421685","-21.25392","Madagascar",NA,NA,"dce00a1f-f6b4-4e11-9771-92c62c40ad80",6.68e+11
"Furcifer pardalis (Cuvier, 1829)","Furcifer","pardalis","55.32225","-21.04448","Reunion",NA,NA,"6eabe254-f2a1-4144-8d27-28dc87d44286",2896937500
"Furcifer pardalis (Cuvier, 1829)","Furcifer","pardalis","55.491746","-21.237498","Reunion",NA,NA,"50c9509d-22c7-4a22-a47d-8c48425ef4a7",2896937500
"Furcifer pardalis (Cuvier, 1829)","Furcifer","pardalis","55.32225","-21.04448","Reunion",NA,NA,"6eabe254-f2a1-4144-8d27-28dc87d44286",2896937500
"Furcifer pardalis (Cuvier, 1829)","Furcifer","pardalis","55.64931","-21.09184","Reunion",NA,NA,"6eabe254-f2a1-4144-8d27-28dc87d44286",2896937500
"Furcifer pardalis (Cuvier, 1829)","Furcifer","pardalis","55.64242","-20.96333","Reunion",NA,NA,"6eabe254-f2a1-4144-8d27-28dc87d44286",2896937500
"Furcifer polleni (Peters, 1874)","Furcifer","polleni","45.17796","-12.93115","Mayotte",NA,NA,"de131c78-e2c1-4284-af8d-d5a2d8abe2d0",378937500
"Furcifer pardalis (Cuvier, 1829)","Furcifer","pardalis","55.74507","-21.30384","Reunion",NA,NA,"6eabe254-f2a1-4144-8d27-28dc87d44286",2896937500
"Furcifer pardalis (Cuvier, 1829)","Furcifer","pardalis","55.49378","-21.31231","Reunion",NA,NA,"ff98132c-b720-4304-a68c-390968b991f7",2896937500
"Furcifer lateralis (Gray, 1831)","Furcifer","lateralis","47.516667","-18.933333","Madagascar",NA,NA,"50c9509d-22c7-4a22-a47d-8c48425ef4a7",6.68e+11
"Furcifer major (Brygoo, 1971)","Furcifer","major","47.091373","-24.968098","Madagascar",NA,NA,"50c9509d-22c7-4a22-a47d-8c48425ef4a7",6.68e+11
"Furcifer pardalis (Cuvier, 1829)","Furcifer","pardalis","55.294805","-21.137802","Reunion",NA,NA,"50c9509d-22c7-4a22-a47d-8c48425ef4a7",2896937500
"Furcifer pardalis (Cuvier, 1829)","Furcifer","pardalis","55.546358","-21.332104","Reunion",NA,NA,"50c9509d-22c7-4a22-a47d-8c48425ef4a7",2896937500
"Furcifer pardalis (Cuvier, 1829)","Furcifer","pardalis","55.55856","-21.22316","Reunion",NA,NA,"6eabe254-f2a1-4144-8d27-28dc87d44286",2896937500
"Furcifer lateralis (Gray, 1831)","Furcifer","lateralis","47.426217","-21.243867","Madagascar",NA,NA,"dce00a1f-f6b4-4e11-9771-92c62c40ad80",6.68e+11
"Furcifer pardalis (Cuvier, 1829)","Furcifer","pardalis","55.36684","-21.24908","Reunion",NA,NA,"6eabe254-f2a1-4144-8d27-28dc87d44286",2896937500
"Furcifer pardalis (Cuvier, 1829)","Furcifer","pardalis","55.64198","-21.30627","Reunion",NA,NA,"6eabe254-f2a1-4144-8d27-28dc87d44286",2896937500
"Furcifer pardalis (Cuvier, 1829)","Furcifer","pardalis","55.49378","-21.31231","Reunion",NA,NA,"6eabe254-f2a1-4144-8d27-28dc87d44286",2896937500
"Furcifer pardalis (Cuvier, 1829)","Furcifer","pardalis","49.247257","-12.441522","Madagascar",NA,NA,"50c9509d-22c7-4a22-a47d-8c48425ef4a7",6.68e+11
"Furcifer campani (Grandidier, 1872)","Furcifer","campani","46.93107","-22.13539","Madagascar",NA,NA,"50c9509d-22c7-4a22-a47d-8c48425ef4a7",6.68e+11
"Furcifer pardalis (Cuvier, 1829)","Furcifer","pardalis","55.64242","-20.96333","Reunion",NA,NA,"6eabe254-f2a1-4144-8d27-28dc87d44286",2896937500
"Furcifer pardalis (Cuvier, 1829)","Furcifer","pardalis","49.121246","-12.942246","Madagascar",NA,NA,"50c9509d-22c7-4a22-a47d-8c48425ef4a7",6.68e+11
"Furcifer pardalis (Cuvier, 1829)","Furcifer","pardalis","49.2475","-12.4367","Madagascar",NA,NA,"50c9509d-22c7-4a22-a47d-8c48425ef4a7",6.68e+11
"Furcifer pardalis (Cuvier, 1829)","Furcifer","pardalis","55.50581","-21.29021","Reunion",NA,NA,"6eabe254-f2a1-4144-8d27-28dc87d44286",2896937500
"Furcifer pardalis (Cuvier, 1829)","Furcifer","pardalis","55.50804","-21.04673","Reunion",NA,NA,"6eabe254-f2a1-4144-8d27-28dc87d44286",2896937500
"Furcifer pardalis (Cuvier, 1829)","Furcifer","pardalis","55.44699","-20.93302","Reunion",NA,NA,"6eabe254-f2a1-4144-8d27-28dc87d44286",2896937500
"Furcifer pardalis (Cuvier, 1829)","Furcifer","pardalis","55.32225","-21.04448","Reunion",NA,NA,"6eabe254-f2a1-4144-8d27-28dc87d44286",2896937500
"Furcifer pardalis (Cuvier, 1829)","Furcifer","pardalis","55.64931","-21.09184","Reunion",NA,NA,"6eabe254-f2a1-4144-8d27-28dc87d44286",2896937500
"Furcifer pardalis (Cuvier, 1829)","Furcifer","pardalis","55.74507","-21.30384","Reunion",NA,NA,"6eabe254-f2a1-4144-8d27-28dc87d44286",2896937500
"Furcifer pardalis (Cuvier, 1829)","Furcifer","pardalis","55.44699","-20.93302","Reunion",NA,NA,"6eabe254-f2a1-4144-8d27-28dc87d44286",2896937500
"Furcifer pardalis (Cuvier, 1829)","Furcifer","pardalis","55.32225","-21.04448","Reunion",NA,NA,"6eabe254-f2a1-4144-8d27-28dc87d44286",2896937500
"Furcifer pardalis (Cuvier, 1829)","Furcifer","pardalis","55.55856","-21.22316","Reunion",NA,NA,"6eabe254-f2a1-4144-8d27-28dc87d44286",2896937500
"Furcifer pardalis (Cuvier, 1829)","Furcifer","pardalis","55.70094","-21.02081","Reunion",NA,NA,"6eabe254-f2a1-4144-8d27-28dc87d44286",2896937500
"Furcifer pardalis (Cuvier, 1829)","Furcifer","pardalis","55.55856","-21.22316","Reunion",NA,NA,"6eabe254-f2a1-4144-8d27-28dc87d44286",2896937500
"Furcifer pardalis (Cuvier, 1829)","Furcifer","pardalis","55.33804","-20.96096","Reunion",NA,NA,"acc58cb3-1a5a-4813-b135-bd91cf9b5f95",2896937500
"Furcifer pardalis (Cuvier, 1829)","Furcifer","pardalis","55.55856","-21.22316","Reunion",NA,NA,"6eabe254-f2a1-4144-8d27-28dc87d44286",2896937500
"Furcifer pardalis (Cuvier, 1829)","Furcifer","pardalis","55.33893","-20.9597","Reunion",NA,NA,"acc58cb3-1a5a-4813-b135-bd91cf9b5f95",2896937500
"Furcifer pardalis (Cuvier, 1829)","Furcifer","pardalis","55.34646","-20.95116","Reunion",NA,NA,"acc58cb3-1a5a-4813-b135-bd91cf9b5f95",2896937500
"Furcifer pardalis (Cuvier, 1829)","Furcifer","pardalis","55.55856","-21.22316","Reunion",NA,NA,"6eabe254-f2a1-4144-8d27-28dc87d44286",2896937500
"Furcifer pardalis (Cuvier, 1829)","Furcifer","pardalis","55.32225","-21.04448","Reunion",NA,NA,"6eabe254-f2a1-4144-8d27-28dc87d44286",2896937500
"Furcifer polleni (Peters, 1874)","Furcifer","polleni","45.13818","-12.83738","Mayotte",NA,NA,"de131c78-e2c1-4284-af8d-d5a2d8abe2d0",378937500
"Furcifer oustaleti (Mocquard, 1894)","Furcifer","oustaleti","45.182219","-19.754869","Madagascar",NA,NA,"50c9509d-22c7-4a22-a47d-8c48425ef4a7",6.68e+11
"Furcifer oustaleti (Mocquard, 1894)","Furcifer","oustaleti","45.181608","-19.755278","Madagascar",NA,NA,"50c9509d-22c7-4a22-a47d-8c48425ef4a7",6.68e+11
"Furcifer oustaleti (Mocquard, 1894)","Furcifer","oustaleti","45.181339","-19.754377","Madagascar",NA,NA,"50c9509d-22c7-4a22-a47d-8c48425ef4a7",6.68e+11
"Furcifer oustaleti (Mocquard, 1894)","Furcifer","oustaleti","44.657126","-20.064762","Madagascar",NA,NA,"50c9509d-22c7-4a22-a47d-8c48425ef4a7",6.68e+11
"Furcifer campani (Grandidier, 1872)","Furcifer","campani","46.85836","-22.047161","Madagascar",NA,NA,"50c9509d-22c7-4a22-a47d-8c48425ef4a7",6.68e+11
"Furcifer oustaleti (Mocquard, 1894)","Furcifer","oustaleti","46.884578","-22.188944","Madagascar",NA,NA,"50c9509d-22c7-4a22-a47d-8c48425ef4a7",6.68e+11
"Furcifer oustaleti (Mocquard, 1894)","Furcifer","oustaleti","46.846952","-21.853668","Madagascar",NA,NA,"50c9509d-22c7-4a22-a47d-8c48425ef4a7",6.68e+11
"Furcifer lateralis (Gray, 1831)","Furcifer","lateralis","46.63298","-20.595751","Madagascar",NA,NA,"50c9509d-22c7-4a22-a47d-8c48425ef4a7",6.68e+11
"Furcifer oustaleti (Mocquard, 1894)","Furcifer","oustaleti","49.528","-13.771539","Madagascar",NA,NA,"50c9509d-22c7-4a22-a47d-8c48425ef4a7",6.68e+11
"Furcifer oustaleti (Mocquard, 1894)","Furcifer","oustaleti","49.239347","-12.424263","Madagascar",NA,NA,"50c9509d-22c7-4a22-a47d-8c48425ef4a7",6.68e+11
"Furcifer pardalis (Cuvier, 1829)","Furcifer","pardalis","49.221388","-12.423308","Madagascar",NA,NA,"50c9509d-22c7-4a22-a47d-8c48425ef4a7",6.68e+11
"Furcifer pardalis (Cuvier, 1829)","Furcifer","pardalis","55.64242","-20.96333","Reunion",NA,NA,"dff22041-2d68-4362-9219-30a11f5a951e",2896937500
"Furcifer oustaleti (Mocquard, 1894)","Furcifer","oustaleti","48.458738","-18.83498","Madagascar",NA,NA,"50c9509d-22c7-4a22-a47d-8c48425ef4a7",6.68e+11
"Furcifer pardalis (Cuvier, 1829)","Furcifer","pardalis","55.64242","-20.96333","Reunion",NA,NA,"dff22041-2d68-4362-9219-30a11f5a951e",2896937500
"Furcifer pardalis (Cuvier, 1829)","Furcifer","pardalis","55.64242","-20.96333","Reunion",NA,NA,"dff22041-2d68-4362-9219-30a11f5a951e",2896937500
"Furcifer oustaleti (Mocquard, 1894)","Furcifer","oustaleti","45.898875","-18.933012","Madagascar",NA,NA,"50c9509d-22c7-4a22-a47d-8c48425ef4a7",6.68e+11
"Furcifer polleni (Peters, 1874)","Furcifer","polleni","45.17796","-12.93115","Mayotte",NA,NA,"de131c78-e2c1-4284-af8d-d5a2d8abe2d0",378937500
"Furcifer pardalis (Cuvier, 1829)","Furcifer","pardalis","55.64242","-20.96333","Reunion",NA,NA,"dff22041-2d68-4362-9219-30a11f5a951e",2896937500
"Furcifer pardalis (Cuvier, 1829)","Furcifer","pardalis","55.64242","-20.96333","Reunion",NA,NA,"dff22041-2d68-4362-9219-30a11f5a951e",2896937500
"Furcifer pardalis (Cuvier, 1829)","Furcifer","pardalis","49.24735","-12.750311","Madagascar",NA,NA,"50c9509d-22c7-4a22-a47d-8c48425ef4a7",6.68e+11
"Furcifer pardalis (Cuvier, 1829)","Furcifer","pardalis","55.64242","-20.96333","Reunion",NA,NA,"dff22041-2d68-4362-9219-30a11f5a951e",2896937500
"Furcifer pardalis (Cuvier, 1829)","Furcifer","pardalis","55.64242","-20.96333","Reunion",NA,NA,"dff22041-2d68-4362-9219-30a11f5a951e",2896937500
"Furcifer pardalis (Cuvier, 1829)","Furcifer","pardalis","55.64242","-20.96333","Reunion",NA,NA,"dff22041-2d68-4362-9219-30a11f5a951e",2896937500
"Furcifer pardalis (Cuvier, 1829)","Furcifer","pardalis","55.64242","-20.96333","Reunion",NA,NA,"dff22041-2d68-4362-9219-30a11f5a951e",2896937500
"Furcifer oustaleti (Mocquard, 1894)","Furcifer","oustaleti","46.633889","-16.290833","Madagascar",NA,NA,"50c9509d-22c7-4a22-a47d-8c48425ef4a7",6.68e+11
"Furcifer angeli (Brygoo & Domergue, 1968)","Furcifer","angeli","47.22522","-15.03205","Madagascar",NA,NA,"50c9509d-22c7-4a22-a47d-8c48425ef4a7",6.68e+11
"Furcifer oustaleti (Mocquard, 1894)","Furcifer","oustaleti","46.765326","-22.094525","Madagascar",NA,NA,"50c9509d-22c7-4a22-a47d-8c48425ef4a7",6.68e+11
"Furcifer oustaleti (Mocquard, 1894)","Furcifer","oustaleti","46.770269","-22.09248","Madagascar",NA,NA,"50c9509d-22c7-4a22-a47d-8c48425ef4a7",6.68e+11
"Furcifer oustaleti (Mocquard, 1894)","Furcifer","oustaleti","45.392305","-22.592705","Madagascar",NA,NA,"50c9509d-22c7-4a22-a47d-8c48425ef4a7",6.68e+11
"Furcifer oustaleti (Mocquard, 1894)","Furcifer","oustaleti","49.122871","-12.943343","Madagascar",NA,NA,"50c9509d-22c7-4a22-a47d-8c48425ef4a7",6.68e+11
"Furcifer pardalis (Cuvier, 1829)","Furcifer","pardalis","48.327034","-13.285293","Madagascar","Nosy Be",NA,"50c9509d-22c7-4a22-a47d-8c48425ef4a7",298125000
"Furcifer pardalis (Cuvier, 1829)","Furcifer","pardalis","49.374258","-12.241255","Madagascar",NA,NA,"50c9509d-22c7-4a22-a47d-8c48425ef4a7",6.68e+11
"Furcifer oustaleti (Mocquard, 1894)","Furcifer","oustaleti","45.260925","-22.465609","Madagascar",NA,NA,"50c9509d-22c7-4a22-a47d-8c48425ef4a7",6.68e+11
"Furcifer oustaleti (Mocquard, 1894)","Furcifer","oustaleti","44.68981","-22.868415","Madagascar",NA,NA,"50c9509d-22c7-4a22-a47d-8c48425ef4a7",6.68e+11
"Furcifer oustaleti (Mocquard, 1894)","Furcifer","oustaleti","46.84609","-21.852209","Madagascar",NA,NA,"50c9509d-22c7-4a22-a47d-8c48425ef4a7",6.68e+11
"Furcifer oustaleti (Mocquard, 1894)","Furcifer","oustaleti","46.8445","-21.857245","Madagascar",NA,NA,"50c9509d-22c7-4a22-a47d-8c48425ef4a7",6.68e+11
"Furcifer major (Brygoo, 1971)","Furcifer","major","45.527897","-20.084131","Madagascar",NA,NA,"50c9509d-22c7-4a22-a47d-8c48425ef4a7",6.68e+11
"Furcifer oustaleti (Mocquard, 1894)","Furcifer","oustaleti","44.529695","-19.569128","Madagascar",NA,NA,"50c9509d-22c7-4a22-a47d-8c48425ef4a7",6.68e+11
"Furcifer viridis Florio, Ingram, Rakotondravony, Louis Jr & Raxworthy, 2012","Furcifer","viridis","45.18988","-18.959972","Madagascar",NA,NA,"50c9509d-22c7-4a22-a47d-8c48425ef4a7",6.68e+11
"Furcifer oustaleti (Mocquard, 1894)","Furcifer","oustaleti","47.620752","-16.809427","Madagascar",NA,NA,"50c9509d-22c7-4a22-a47d-8c48425ef4a7",6.68e+11
"Furcifer oustaleti (Mocquard, 1894)","Furcifer","oustaleti","47.232456","-14.992297","Madagascar",NA,NA,"50c9509d-22c7-4a22-a47d-8c48425ef4a7",6.68e+11
"Furcifer pardalis (Cuvier, 1829)","Furcifer","pardalis","48.432971","-13.61232","Madagascar",NA,NA,"50c9509d-22c7-4a22-a47d-8c48425ef4a7",6.68e+11
"Furcifer oustaleti (Mocquard, 1894)","Furcifer","oustaleti","46.941659","-16.2233","Madagascar",NA,NA,"50c9509d-22c7-4a22-a47d-8c48425ef4a7",6.68e+11
"Furcifer oustaleti (Mocquard, 1894)","Furcifer","oustaleti","46.941659","-16.2233","Madagascar",NA,NA,"50c9509d-22c7-4a22-a47d-8c48425ef4a7",6.68e+11
"Furcifer polleni (Peters, 1874)","Furcifer","polleni","45.1487","-12.91917","Mayotte",NA,NA,"de131c78-e2c1-4284-af8d-d5a2d8abe2d0",378937500
"Furcifer oustaleti (Mocquard, 1894)","Furcifer","oustaleti","44.640272","-22.90061","Madagascar",NA,NA,"50c9509d-22c7-4a22-a47d-8c48425ef4a7",6.68e+11
"Furcifer oustaleti (Mocquard, 1894)","Furcifer","oustaleti","44.638892","-22.900532","Madagascar",NA,NA,"50c9509d-22c7-4a22-a47d-8c48425ef4a7",6.68e+11
"Furcifer oustaleti (Mocquard, 1894)","Furcifer","oustaleti","47.525563","-18.932555","Madagascar",NA,NA,"50c9509d-22c7-4a22-a47d-8c48425ef4a7",6.68e+11
"Furcifer oustaleti (Mocquard, 1894)","Furcifer","oustaleti","46.842655","-21.852509","Madagascar",NA,NA,"50c9509d-22c7-4a22-a47d-8c48425ef4a7",6.68e+11
"Furcifer oustaleti (Mocquard, 1894)","Furcifer","oustaleti","46.842655","-21.852509","Madagascar",NA,NA,"50c9509d-22c7-4a22-a47d-8c48425ef4a7",6.68e+11
"Furcifer oustaleti (Mocquard, 1894)","Furcifer","oustaleti","44.517669","-20.177647","Madagascar",NA,NA,"50c9509d-22c7-4a22-a47d-8c48425ef4a7",6.68e+11
"Furcifer pardalis (Cuvier, 1829)","Furcifer","pardalis","55.32225","-21.04448","Reunion",NA,NA,"6eabe254-f2a1-4144-8d27-28dc87d44286",2896937500
"Furcifer oustaleti (Mocquard, 1894)","Furcifer","oustaleti","44.744355","-19.39607","Madagascar",NA,NA,"50c9509d-22c7-4a22-a47d-8c48425ef4a7",6.68e+11
"Furcifer polleni (Peters, 1874)","Furcifer","polleni","45.1487","-12.91917","Mayotte",NA,NA,"de131c78-e2c1-4284-af8d-d5a2d8abe2d0",378937500
"Furcifer pardalis (Cuvier, 1829)","Furcifer","pardalis","55.39769","-20.99421","Reunion",NA,NA,"6eabe254-f2a1-4144-8d27-28dc87d44286",2896937500
"Furcifer pardalis (Cuvier, 1829)","Furcifer","pardalis","55.44699","-20.93302","Reunion",NA,NA,"6eabe254-f2a1-4144-8d27-28dc87d44286",2896937500
"Furcifer oustaleti (Mocquard, 1894)","Furcifer","oustaleti","47.470674","-18.808333","Madagascar",NA,NA,"50c9509d-22c7-4a22-a47d-8c48425ef4a7",6.68e+11
"Furcifer oustaleti (Mocquard, 1894)","Furcifer","oustaleti","47.470674","-18.808333","Madagascar",NA,NA,"50c9509d-22c7-4a22-a47d-8c48425ef4a7",6.68e+11
"Furcifer oustaleti (Mocquard, 1894)","Furcifer","oustaleti","47.357226","-18.954838","Madagascar",NA,NA,"8a863029-f435-446a-821e-275f4f641165",6.68e+11
"Furcifer oustaleti (Mocquard, 1894)","Furcifer","oustaleti","44.813777","-19.142088","Madagascar",NA,NA,"8a863029-f435-446a-821e-275f4f641165",6.68e+11
"Furcifer oustaleti (Mocquard, 1894)","Furcifer","oustaleti","44.786654","-19.138722","Madagascar",NA,NA,"8a863029-f435-446a-821e-275f4f641165",6.68e+11
"Furcifer oustaleti (Mocquard, 1894)","Furcifer","oustaleti","47.950101","-18.931751","Madagascar",NA,NA,"8a863029-f435-446a-821e-275f4f641165",6.68e+11
"Furcifer oustaleti (Mocquard, 1894)","Furcifer","oustaleti","48.43154","-18.892202","Madagascar",NA,NA,"8a863029-f435-446a-821e-275f4f641165",6.68e+11
"Furcifer pardalis (Cuvier, 1829)","Furcifer","pardalis","48.43154","-18.892202","Madagascar",NA,NA,"8a863029-f435-446a-821e-275f4f641165",6.68e+11
"Furcifer verrucosus Cuvier, 1829","Furcifer","verrucosus","44.149897","-20.536811","Madagascar",NA,NA,"50c9509d-22c7-4a22-a47d-8c48425ef4a7",6.68e+11
"Furcifer verrucosus Cuvier, 1829","Furcifer","verrucosus","43.755922","-23.414803","Madagascar",NA,NA,"50c9509d-22c7-4a22-a47d-8c48425ef4a7",6.68e+11
"Furcifer verrucosus Cuvier, 1829","Furcifer","verrucosus","43.755872","-23.414756","Madagascar",NA,NA,"50c9509d-22c7-4a22-a47d-8c48425ef4a7",6.68e+11
"Furcifer oustaleti (Mocquard, 1894)","Furcifer","oustaleti","46.816101","-16.31191","Madagascar",NA,NA,"50c9509d-22c7-4a22-a47d-8c48425ef4a7",6.68e+11
"Furcifer rhinoceratus (Gray, 1845)","Furcifer","rhinoceratus","46.98559","-16.366721","Madagascar",NA,NA,"50c9509d-22c7-4a22-a47d-8c48425ef4a7",6.68e+11
"Furcifer pardalis (Cuvier, 1829)","Furcifer","pardalis","55.44699","-20.93302","Reunion",NA,NA,"6eabe254-f2a1-4144-8d27-28dc87d44286",2896937500
"Furcifer oustaleti (Mocquard, 1894)","Furcifer","oustaleti","45.261771","-22.465614","Madagascar",NA,NA,"50c9509d-22c7-4a22-a47d-8c48425ef4a7",6.68e+11
"Furcifer verrucosus Cuvier, 1829","Furcifer","verrucosus","44.681838","-22.841703","Madagascar",NA,NA,"50c9509d-22c7-4a22-a47d-8c48425ef4a7",6.68e+11
"Furcifer oustaleti (Mocquard, 1894)","Furcifer","oustaleti","47.526822","-18.930764","Madagascar",NA,NA,"50c9509d-22c7-4a22-a47d-8c48425ef4a7",6.68e+11
"Furcifer oustaleti (Mocquard, 1894)","Furcifer","oustaleti","48.428739","-18.936685","Madagascar",NA,NA,"50c9509d-22c7-4a22-a47d-8c48425ef4a7",6.68e+11
"Furcifer oustaleti (Mocquard, 1894)","Furcifer","oustaleti","48.42351","-18.943584","Madagascar",NA,NA,"50c9509d-22c7-4a22-a47d-8c48425ef4a7",6.68e+11
"Furcifer oustaleti (Mocquard, 1894)","Furcifer","oustaleti","46.847347","-21.856795","Madagascar",NA,NA,"50c9509d-22c7-4a22-a47d-8c48425ef4a7",6.68e+11
"Furcifer oustaleti (Mocquard, 1894)","Furcifer","oustaleti","46.848586","-21.850992","Madagascar",NA,NA,"50c9509d-22c7-4a22-a47d-8c48425ef4a7",6.68e+11
"Furcifer oustaleti (Mocquard, 1894)","Furcifer","oustaleti","46.848182","-21.854469","Madagascar",NA,NA,"50c9509d-22c7-4a22-a47d-8c48425ef4a7",6.68e+11
"Furcifer oustaleti (Mocquard, 1894)","Furcifer","oustaleti","46.853222","-21.863456","Madagascar",NA,NA,"50c9509d-22c7-4a22-a47d-8c48425ef4a7",6.68e+11
"Furcifer oustaleti (Mocquard, 1894)","Furcifer","oustaleti","45.331026","-22.521061","Madagascar",NA,NA,"50c9509d-22c7-4a22-a47d-8c48425ef4a7",6.68e+11
"Furcifer oustaleti (Mocquard, 1894)","Furcifer","oustaleti","45.298782","-22.468931","Madagascar",NA,NA,"50c9509d-22c7-4a22-a47d-8c48425ef4a7",6.68e+11
"Furcifer oustaleti (Mocquard, 1894)","Furcifer","oustaleti","45.271429","-22.567495","Madagascar",NA,NA,"50c9509d-22c7-4a22-a47d-8c48425ef4a7",6.68e+11
"Furcifer willsii (Günther, 1890)","Furcifer","willsii","48.48269","-18.92381","Madagascar",NA,NA,"50c9509d-22c7-4a22-a47d-8c48425ef4a7",6.68e+11
"Furcifer polleni (Peters, 1874)","Furcifer","polleni","45.17796","-12.93115","Mayotte",NA,NA,"de131c78-e2c1-4284-af8d-d5a2d8abe2d0",378937500
"Furcifer lateralis (Gray, 1831)","Furcifer","lateralis","47.5054","-21.128717","Madagascar",NA,NA,"dce00a1f-f6b4-4e11-9771-92c62c40ad80",6.68e+11
"Furcifer oustaleti (Mocquard, 1894)","Furcifer","oustaleti","45.261771","-22.465614","Madagascar",NA,NA,"50c9509d-22c7-4a22-a47d-8c48425ef4a7",6.68e+11
"Furcifer oustaleti (Mocquard, 1894)","Furcifer","oustaleti","46.840083","-21.849949","Madagascar",NA,NA,"8a863029-f435-446a-821e-275f4f641165",6.68e+11
"Furcifer oustaleti (Mocquard, 1894)","Furcifer","oustaleti","46.841955","-21.852003","Madagascar",NA,NA,"8a863029-f435-446a-821e-275f4f641165",6.68e+11
"Furcifer oustaleti (Mocquard, 1894)","Furcifer","oustaleti","44.694386","-22.891637","Madagascar",NA,NA,"8a863029-f435-446a-821e-275f4f641165",6.68e+11
"Furcifer verrucosus Cuvier, 1829","Furcifer","verrucosus","43.649651","-23.654623","Madagascar",NA,NA,"8a863029-f435-446a-821e-275f4f641165",6.68e+11
"Furcifer oustaleti (Mocquard, 1894)","Furcifer","oustaleti","46.849659","-21.853167","Madagascar",NA,NA,"50c9509d-22c7-4a22-a47d-8c48425ef4a7",6.68e+11
"Furcifer oustaleti (Mocquard, 1894)","Furcifer","oustaleti","46.230062","-20.585363","Madagascar",NA,NA,"50c9509d-22c7-4a22-a47d-8c48425ef4a7",6.68e+11
"Furcifer oustaleti (Mocquard, 1894)","Furcifer","oustaleti","46.8427","-21.852","Madagascar",NA,NA,"50c9509d-22c7-4a22-a47d-8c48425ef4a7",6.68e+11
"Furcifer oustaleti (Mocquard, 1894)","Furcifer","oustaleti","47.358692","-18.954309","Madagascar",NA,NA,"50c9509d-22c7-4a22-a47d-8c48425ef4a7",6.68e+11
"Furcifer oustaleti (Mocquard, 1894)","Furcifer","oustaleti","46.804547","-16.322792","Madagascar",NA,NA,"50c9509d-22c7-4a22-a47d-8c48425ef4a7",6.68e+11
"Furcifer oustaleti (Mocquard, 1894)","Furcifer","oustaleti","45.7163","-15.96822","Madagascar",NA,NA,"50c9509d-22c7-4a22-a47d-8c48425ef4a7",6.68e+11
"Furcifer voeltzkowi (Boettger, 1893)","Furcifer","voeltzkowi","45.7163","-15.96822","Madagascar",NA,NA,"50c9509d-22c7-4a22-a47d-8c48425ef4a7",6.68e+11
"Furcifer Fitzinger, 1843","Furcifer",NA,"45.7163","-15.96822","Madagascar",NA,NA,"50c9509d-22c7-4a22-a47d-8c48425ef4a7",6.68e+11
"Furcifer angeli (Brygoo & Domergue, 1968)","Furcifer","angeli","45.342872","-16.382352","Madagascar",NA,NA,"50c9509d-22c7-4a22-a47d-8c48425ef4a7",6.68e+11
"Furcifer voeltzkowi (Boettger, 1893)","Furcifer","voeltzkowi","46.175033","-15.712145","Madagascar",NA,NA,"50c9509d-22c7-4a22-a47d-8c48425ef4a7",6.68e+11
"Furcifer voeltzkowi (Boettger, 1893)","Furcifer","voeltzkowi","46.175033","-15.712145","Madagascar",NA,NA,"50c9509d-22c7-4a22-a47d-8c48425ef4a7",6.68e+11
"Furcifer oustaleti (Mocquard, 1894)","Furcifer","oustaleti","46.841955","-21.852003","Madagascar",NA,NA,"8a863029-f435-446a-821e-275f4f641165",6.68e+11
"Furcifer oustaleti (Mocquard, 1894)","Furcifer","oustaleti","44.694386","-22.891637","Madagascar",NA,NA,"8a863029-f435-446a-821e-275f4f641165",6.68e+11
"Furcifer verrucosus Cuvier, 1829","Furcifer","verrucosus","43.649651","-23.654623","Madagascar",NA,NA,"8a863029-f435-446a-821e-275f4f641165",6.68e+11
"Furcifer viridis Florio, Ingram, Rakotondravony, Louis Jr & Raxworthy, 2012","Furcifer","viridis","44.495069","-18.031016","Madagascar",NA,NA,"50c9509d-22c7-4a22-a47d-8c48425ef4a7",6.68e+11
"Furcifer oustaleti (Mocquard, 1894)","Furcifer","oustaleti","44.495069","-18.031016","Madagascar",NA,NA,"50c9509d-22c7-4a22-a47d-8c48425ef4a7",6.68e+11
"Furcifer oustaleti (Mocquard, 1894)","Furcifer","oustaleti","44.540066","-18.061154","Madagascar",NA,NA,"50c9509d-22c7-4a22-a47d-8c48425ef4a7",6.68e+11
"Furcifer oustaleti (Mocquard, 1894)","Furcifer","oustaleti","44.495069","-18.031016","Madagascar",NA,NA,"50c9509d-22c7-4a22-a47d-8c48425ef4a7",6.68e+11
"Furcifer oustaleti (Mocquard, 1894)","Furcifer","oustaleti","44.494629","-18.035464","Madagascar",NA,NA,"50c9509d-22c7-4a22-a47d-8c48425ef4a7",6.68e+11
"Furcifer oustaleti (Mocquard, 1894)","Furcifer","oustaleti","46.63298","-20.595751","Madagascar",NA,NA,"50c9509d-22c7-4a22-a47d-8c48425ef4a7",6.68e+11
"Furcifer verrucosus Cuvier, 1829","Furcifer","verrucosus","43.649651","-23.654623","Madagascar",NA,NA,"8a863029-f435-446a-821e-275f4f641165",6.68e+11
"Furcifer oustaleti (Mocquard, 1894)","Furcifer","oustaleti","44.694386","-22.891637","Madagascar",NA,NA,"8a863029-f435-446a-821e-275f4f641165",6.68e+11
"Furcifer oustaleti (Mocquard, 1894)","Furcifer","oustaleti","46.841955","-21.852003","Madagascar",NA,NA,"8a863029-f435-446a-821e-275f4f641165",6.68e+11
"Furcifer oustaleti (Mocquard, 1894)","Furcifer","oustaleti","46.840083","-21.849949","Madagascar",NA,NA,"8a863029-f435-446a-821e-275f4f641165",6.68e+11
"Furcifer oustaleti (Mocquard, 1894)","Furcifer","oustaleti","44.681838","-22.841703","Madagascar",NA,NA,"50c9509d-22c7-4a22-a47d-8c48425ef4a7",6.68e+11
"Furcifer antimena (Grandidier, 1872)","Furcifer","antimena","43.443088","-22.686804","Madagascar",NA,NA,"50c9509d-22c7-4a22-a47d-8c48425ef4a7",6.68e+11
"Furcifer verrucosus Cuvier, 1829","Furcifer","verrucosus","43.637219","-23.119746","Madagascar",NA,NA,"50c9509d-22c7-4a22-a47d-8c48425ef4a7",6.68e+11
"Furcifer pardalis (Cuvier, 1829)","Furcifer","pardalis","55.32225","-21.04448","Reunion",NA,NA,"6eabe254-f2a1-4144-8d27-28dc87d44286",2896937500
"Furcifer verrucosus Cuvier, 1829","Furcifer","verrucosus","46.300507","-25.004417","Madagascar",NA,NA,"50c9509d-22c7-4a22-a47d-8c48425ef4a7",6.68e+11
"Furcifer oustaleti (Mocquard, 1894)","Furcifer","oustaleti","44.681852","-22.841691","Madagascar",NA,NA,"50c9509d-22c7-4a22-a47d-8c48425ef4a7",6.68e+11
"Furcifer verrucosus Cuvier, 1829","Furcifer","verrucosus","43.755297","-23.413991","Madagascar",NA,NA,"50c9509d-22c7-4a22-a47d-8c48425ef4a7",6.68e+11
"Furcifer oustaleti (Mocquard, 1894)","Furcifer","oustaleti","46.812647","-16.275102","Madagascar",NA,NA,"50c9509d-22c7-4a22-a47d-8c48425ef4a7",6.68e+11
"Furcifer lateralis (Gray, 1831)","Furcifer","lateralis","47.530276","-18.974569","Madagascar",NA,NA,"50c9509d-22c7-4a22-a47d-8c48425ef4a7",6.68e+11
"Furcifer voeltzkowi (Boettger, 1893)","Furcifer","voeltzkowi","46.175033","-15.712145","Madagascar",NA,NA,"50c9509d-22c7-4a22-a47d-8c48425ef4a7",6.68e+11
"Furcifer pardalis (Cuvier, 1829)","Furcifer","pardalis","55.32225","-21.04448","Reunion",NA,NA,"6eabe254-f2a1-4144-8d27-28dc87d44286",2896937500
"Furcifer pardalis (Cuvier, 1829)","Furcifer","pardalis","55.32225","-21.04448","Reunion",NA,NA,"6eabe254-f2a1-4144-8d27-28dc87d44286",2896937500
"Furcifer verrucosus Cuvier, 1829","Furcifer","verrucosus","43.622532","-23.12342","Madagascar",NA,NA,"8a863029-f435-446a-821e-275f4f641165",6.68e+11
"Furcifer oustaleti (Mocquard, 1894)","Furcifer","oustaleti","46.813445","-16.316331","Madagascar",NA,NA,"8a863029-f435-446a-821e-275f4f641165",6.68e+11
"Furcifer angeli (Brygoo & Domergue, 1968)","Furcifer","angeli","46.838207","-16.337624","Madagascar",NA,NA,"8a863029-f435-446a-821e-275f4f641165",6.68e+11
"Furcifer rhinoceratus (Gray, 1845)","Furcifer","rhinoceratus","46.815226","-16.313946","Madagascar",NA,NA,"8a863029-f435-446a-821e-275f4f641165",6.68e+11
"Furcifer lateralis (Gray, 1831)","Furcifer","lateralis","46.626652","-20.595272","Madagascar",NA,NA,"50c9509d-22c7-4a22-a47d-8c48425ef4a7",6.68e+11
"Furcifer lateralis (Gray, 1831)","Furcifer","lateralis","46.403111","-20.555556","Madagascar",NA,NA,"50c9509d-22c7-4a22-a47d-8c48425ef4a7",6.68e+11
"Furcifer angeli (Brygoo & Domergue, 1968)","Furcifer","angeli","46.838207","-16.337624","Madagascar",NA,NA,"8a863029-f435-446a-821e-275f4f641165",6.68e+11
"Furcifer rhinoceratus (Gray, 1845)","Furcifer","rhinoceratus","46.815226","-16.313946","Madagascar",NA,NA,"8a863029-f435-446a-821e-275f4f641165",6.68e+11
"Furcifer verrucosus Cuvier, 1829","Furcifer","verrucosus","43.622532","-23.12342","Madagascar",NA,NA,"8a863029-f435-446a-821e-275f4f641165",6.68e+11
"Furcifer oustaleti (Mocquard, 1894)","Furcifer","oustaleti","46.813445","-16.316331","Madagascar",NA,NA,"8a863029-f435-446a-821e-275f4f641165",6.68e+11
"Furcifer viridis Florio, Ingram, Rakotondravony, Louis Jr & Raxworthy, 2012","Furcifer","viridis","44.495069","-18.031016","Madagascar",NA,NA,"50c9509d-22c7-4a22-a47d-8c48425ef4a7",6.68e+11
"Furcifer oustaleti (Mocquard, 1894)","Furcifer","oustaleti","44.495069","-18.031016","Madagascar",NA,NA,"50c9509d-22c7-4a22-a47d-8c48425ef4a7",6.68e+11
"Furcifer viridis Florio, Ingram, Rakotondravony, Louis Jr & Raxworthy, 2012","Furcifer","viridis","45.463024","-18.26261","Madagascar",NA,NA,"50c9509d-22c7-4a22-a47d-8c48425ef4a7",6.68e+11
"Furcifer rhinoceratus (Gray, 1845)","Furcifer","rhinoceratus","46.815226","-16.313946","Madagascar",NA,NA,"8a863029-f435-446a-821e-275f4f641165",6.68e+11
"Furcifer angeli (Brygoo & Domergue, 1968)","Furcifer","angeli","46.838207","-16.337624","Madagascar",NA,NA,"8a863029-f435-446a-821e-275f4f641165",6.68e+11
"Furcifer oustaleti (Mocquard, 1894)","Furcifer","oustaleti","46.813445","-16.316331","Madagascar",NA,NA,"8a863029-f435-446a-821e-275f4f641165",6.68e+11
"Furcifer verrucosus Cuvier, 1829","Furcifer","verrucosus","43.622532","-23.12342","Madagascar",NA,NA,"8a863029-f435-446a-821e-275f4f641165",6.68e+11
"Furcifer oustaleti (Mocquard, 1894)","Furcifer","oustaleti","43.850098","-24.127474","Madagascar",NA,NA,"50c9509d-22c7-4a22-a47d-8c48425ef4a7",6.68e+11
"Furcifer pardalis (Cuvier, 1829)","Furcifer","pardalis","55.32225","-21.04448","Reunion",NA,NA,"6eabe254-f2a1-4144-8d27-28dc87d44286",2896937500
"Furcifer pardalis (Cuvier, 1829)","Furcifer","pardalis","55.64198","-21.30627","Reunion",NA,NA,"ff98132c-b720-4304-a68c-390968b991f7",2896937500
"Furcifer pardalis (Cuvier, 1829)","Furcifer","pardalis","55.59309","-20.94578","Reunion",NA,NA,"6eabe254-f2a1-4144-8d27-28dc87d44286",2896937500
"Furcifer verrucosus Cuvier, 1829","Furcifer","verrucosus","43.445215","-22.758921","Madagascar",NA,NA,"50c9509d-22c7-4a22-a47d-8c48425ef4a7",6.68e+11
"Furcifer pardalis (Cuvier, 1829)","Furcifer","pardalis","55.56885","-21.33963","Reunion",NA,NA,"6eabe254-f2a1-4144-8d27-28dc87d44286",2896937500
"Furcifer pardalis (Cuvier, 1829)","Furcifer","pardalis","55.64198","-21.30627","Reunion",NA,NA,"ff98132c-b720-4304-a68c-390968b991f7",2896937500
"Furcifer pardalis (Cuvier, 1829)","Furcifer","pardalis","55.55856","-21.22316","Reunion",NA,NA,"6eabe254-f2a1-4144-8d27-28dc87d44286",2896937500
"Furcifer major (Brygoo, 1971)","Furcifer","major","47.005005","-24.936257","Madagascar",NA,NA,"50c9509d-22c7-4a22-a47d-8c48425ef4a7",6.68e+11
"Furcifer pardalis (Cuvier, 1829)","Furcifer","pardalis","55.53241","-21.13317","Reunion",NA,NA,"6eabe254-f2a1-4144-8d27-28dc87d44286",2896937500
"Furcifer pardalis (Cuvier, 1829)","Furcifer","pardalis","55.61975","-21.02332","Reunion",NA,NA,"6eabe254-f2a1-4144-8d27-28dc87d44286",2896937500
"Furcifer verrucosus Cuvier, 1829","Furcifer","verrucosus","47.163631","-24.802965","Madagascar",NA,NA,"50c9509d-22c7-4a22-a47d-8c48425ef4a7",6.68e+11
"Furcifer pardalis (Cuvier, 1829)","Furcifer","pardalis","55.64931","-21.09184","Reunion",NA,NA,"6eabe254-f2a1-4144-8d27-28dc87d44286",2896937500
"Furcifer major (Brygoo, 1971)","Furcifer","major","47.163631","-24.802965","Madagascar",NA,NA,"50c9509d-22c7-4a22-a47d-8c48425ef4a7",6.68e+11
"Furcifer oustaleti (Mocquard, 1894)","Furcifer","oustaleti","47.531246","-18.924651","Madagascar",NA,NA,"50c9509d-22c7-4a22-a47d-8c48425ef4a7",6.68e+11
"Furcifer pardalis (Cuvier, 1829)","Furcifer","pardalis","55.32225","-21.04448","Reunion",NA,NA,"6eabe254-f2a1-4144-8d27-28dc87d44286",2896937500
"Furcifer pardalis (Cuvier, 1829)","Furcifer","pardalis","55.39769","-20.99421","Reunion",NA,NA,"6eabe254-f2a1-4144-8d27-28dc87d44286",2896937500
"Furcifer pardalis (Cuvier, 1829)","Furcifer","pardalis","55.55856","-21.22316","Reunion",NA,NA,"6eabe254-f2a1-4144-8d27-28dc87d44286",2896937500
"Furcifer pardalis (Cuvier, 1829)","Furcifer","pardalis","55.805095","-21.296648","Reunion",NA,NA,"50c9509d-22c7-4a22-a47d-8c48425ef4a7",2896937500
"Furcifer pardalis (Cuvier, 1829)","Furcifer","pardalis","55.55856","-21.22316","Reunion",NA,NA,"6eabe254-f2a1-4144-8d27-28dc87d44286",2896937500
"Furcifer pardalis (Cuvier, 1829)","Furcifer","pardalis","55.36684","-21.24908","Reunion",NA,NA,"6eabe254-f2a1-4144-8d27-28dc87d44286",2896937500
"Furcifer pardalis (Cuvier, 1829)","Furcifer","pardalis","57.36519","-20.34756","Mauritius",NA,NA,"50c9509d-22c7-4a22-a47d-8c48425ef4a7",2129062500
"Furcifer verrucosus Cuvier, 1829","Furcifer","verrucosus","43.685494","-23.351619","Madagascar",NA,NA,"50c9509d-22c7-4a22-a47d-8c48425ef4a7",6.68e+11
"Furcifer pardalis (Cuvier, 1829)","Furcifer","pardalis","55.44699","-20.93302","Reunion",NA,NA,"6eabe254-f2a1-4144-8d27-28dc87d44286",2896937500
"Furcifer pardalis (Cuvier, 1829)","Furcifer","pardalis","55.55856","-21.22316","Reunion",NA,NA,"6eabe254-f2a1-4144-8d27-28dc87d44286",2896937500
"Furcifer pardalis (Cuvier, 1829)","Furcifer","pardalis","55.75457","-21.19222","Reunion",NA,NA,"6eabe254-f2a1-4144-8d27-28dc87d44286",2896937500
"Furcifer pardalis (Cuvier, 1829)","Furcifer","pardalis","55.55856","-21.22316","Reunion",NA,NA,"6eabe254-f2a1-4144-8d27-28dc87d44286",2896937500
"Furcifer pardalis (Cuvier, 1829)","Furcifer","pardalis","55.64198","-21.30627","Reunion",NA,NA,"6eabe254-f2a1-4144-8d27-28dc87d44286",2896937500
"Furcifer pardalis (Cuvier, 1829)","Furcifer","pardalis","55.55856","-21.22316","Reunion",NA,NA,"6eabe254-f2a1-4144-8d27-28dc87d44286",2896937500
"Furcifer pardalis (Cuvier, 1829)","Furcifer","pardalis","55.59309","-20.94578","Reunion",NA,NA,"6eabe254-f2a1-4144-8d27-28dc87d44286",2896937500
"Furcifer oustaleti (Mocquard, 1894)","Furcifer","oustaleti","49.14355","-12.91688","Madagascar",NA,NA,"50c9509d-22c7-4a22-a47d-8c48425ef4a7",6.68e+11
"Furcifer pardalis (Cuvier, 1829)","Furcifer","pardalis","48.424644","-13.627636","Madagascar",NA,NA,"50c9509d-22c7-4a22-a47d-8c48425ef4a7",6.68e+11
"Furcifer pardalis (Cuvier, 1829)","Furcifer","pardalis","48.405247","-13.617793","Madagascar",NA,NA,"50c9509d-22c7-4a22-a47d-8c48425ef4a7",6.68e+11
"Furcifer pardalis (Cuvier, 1829)","Furcifer","pardalis","49.348483","-12.309647","Madagascar",NA,NA,"50c9509d-22c7-4a22-a47d-8c48425ef4a7",6.68e+11
"Furcifer pardalis (Cuvier, 1829)","Furcifer","pardalis","55.36684","-21.24908","Reunion",NA,NA,"6eabe254-f2a1-4144-8d27-28dc87d44286",2896937500
"Furcifer pardalis (Cuvier, 1829)","Furcifer","pardalis","55.44699","-20.93302","Reunion",NA,NA,"6eabe254-f2a1-4144-8d27-28dc87d44286",2896937500
"Furcifer pardalis (Cuvier, 1829)","Furcifer","pardalis","55.55856","-21.22316","Reunion",NA,NA,"6eabe254-f2a1-4144-8d27-28dc87d44286",2896937500
"Furcifer oustaleti (Mocquard, 1894)","Furcifer","oustaleti","49.149457","-12.961504","Madagascar",NA,NA,"50c9509d-22c7-4a22-a47d-8c48425ef4a7",6.68e+11
"Furcifer oustaleti (Mocquard, 1894)","Furcifer","oustaleti","49.149465","-12.96154","Madagascar",NA,NA,"50c9509d-22c7-4a22-a47d-8c48425ef4a7",6.68e+11
"Furcifer oustaleti (Mocquard, 1894)","Furcifer","oustaleti","49.149525","-12.961499","Madagascar",NA,NA,"50c9509d-22c7-4a22-a47d-8c48425ef4a7",6.68e+11
"Furcifer pardalis (Cuvier, 1829)","Furcifer","pardalis","49.394005","-12.577552","Madagascar",NA,NA,"50c9509d-22c7-4a22-a47d-8c48425ef4a7",6.68e+11
"Furcifer oustaleti (Mocquard, 1894)","Furcifer","oustaleti","49.393555","-12.579147","Madagascar",NA,NA,"50c9509d-22c7-4a22-a47d-8c48425ef4a7",6.68e+11
"Furcifer pardalis (Cuvier, 1829)","Furcifer","pardalis","49.120802","-12.939437","Madagascar",NA,NA,"50c9509d-22c7-4a22-a47d-8c48425ef4a7",6.68e+11
"Furcifer oustaleti (Mocquard, 1894)","Furcifer","oustaleti","49.128864","-12.95433","Madagascar",NA,NA,"50c9509d-22c7-4a22-a47d-8c48425ef4a7",6.68e+11
"Furcifer pardalis (Cuvier, 1829)","Furcifer","pardalis","49.192786","-12.510326","Madagascar",NA,NA,"50c9509d-22c7-4a22-a47d-8c48425ef4a7",6.68e+11
"Furcifer petteri (Brygoo & Domergue, 1966)","Furcifer","petteri","49.14109","-12.437192","Madagascar",NA,NA,"50c9509d-22c7-4a22-a47d-8c48425ef4a7",6.68e+11
"Furcifer petteri (Brygoo & Domergue, 1966)","Furcifer","petteri","49.150293","-12.588337","Madagascar",NA,NA,"50c9509d-22c7-4a22-a47d-8c48425ef4a7",6.68e+11
"Furcifer pardalis (Cuvier, 1829)","Furcifer","pardalis","49.195982","-12.505425","Madagascar",NA,NA,"50c9509d-22c7-4a22-a47d-8c48425ef4a7",6.68e+11
"Furcifer petteri (Brygoo & Domergue, 1966)","Furcifer","petteri","49.056415","-12.533709","Madagascar",NA,NA,"50c9509d-22c7-4a22-a47d-8c48425ef4a7",6.68e+11
"Furcifer pardalis (Cuvier, 1829)","Furcifer","pardalis","49.20021","-12.500516","Madagascar",NA,NA,"50c9509d-22c7-4a22-a47d-8c48425ef4a7",6.68e+11
"Furcifer oustaleti (Mocquard, 1894)","Furcifer","oustaleti","49.200215","-12.500484","Madagascar",NA,NA,"50c9509d-22c7-4a22-a47d-8c48425ef4a7",6.68e+11
"Furcifer pardalis (Cuvier, 1829)","Furcifer","pardalis","48.342107","-13.389868","Madagascar","Nosy Be",NA,"50c9509d-22c7-4a22-a47d-8c48425ef4a7",298125000
"Furcifer pardalis (Cuvier, 1829)","Furcifer","pardalis","55.55856","-21.22316","Reunion",NA,NA,"6eabe254-f2a1-4144-8d27-28dc87d44286",2896937500
"Furcifer pardalis (Cuvier, 1829)","Furcifer","pardalis","55.55856","-21.22316","Reunion",NA,NA,"6eabe254-f2a1-4144-8d27-28dc87d44286",2896937500
"Furcifer pardalis (Cuvier, 1829)","Furcifer","pardalis","48.268832","-13.369055","Madagascar","Nosy Be",NA,"50c9509d-22c7-4a22-a47d-8c48425ef4a7",298125000
"Furcifer pardalis (Cuvier, 1829)","Furcifer","pardalis","48.231634","-13.35114","Madagascar","Nosy Be",NA,"50c9509d-22c7-4a22-a47d-8c48425ef4a7",298125000
"Furcifer pardalis (Cuvier, 1829)","Furcifer","pardalis","55.55856","-21.22316","Reunion",NA,NA,"6eabe254-f2a1-4144-8d27-28dc87d44286",2896937500
"Furcifer pardalis (Cuvier, 1829)","Furcifer","pardalis","55.32225","-21.04448","Reunion",NA,NA,"6eabe254-f2a1-4144-8d27-28dc87d44286",2896937500
"Furcifer pardalis (Cuvier, 1829)","Furcifer","pardalis","55.59309","-20.94578","Reunion",NA,NA,"6eabe254-f2a1-4144-8d27-28dc87d44286",2896937500
"Furcifer pardalis (Cuvier, 1829)","Furcifer","pardalis","55.64242","-20.96333","Reunion",NA,NA,"6eabe254-f2a1-4144-8d27-28dc87d44286",2896937500
"Furcifer pardalis (Cuvier, 1829)","Furcifer","pardalis","55.53067","-20.94676","Reunion",NA,NA,"6eabe254-f2a1-4144-8d27-28dc87d44286",2896937500
"Furcifer pardalis (Cuvier, 1829)","Furcifer","pardalis","55.36684","-21.24908","Reunion",NA,NA,"6eabe254-f2a1-4144-8d27-28dc87d44286",2896937500
"Furcifer pardalis (Cuvier, 1829)","Furcifer","pardalis","55.44699","-20.93302","Reunion",NA,NA,"6eabe254-f2a1-4144-8d27-28dc87d44286",2896937500
"Furcifer pardalis (Cuvier, 1829)","Furcifer","pardalis","49.389996","-12.433324","Madagascar",NA,NA,"6ac3f774-d9fb-4796-b3e9-92bf6c81c084",6.68e+11
"Furcifer pardalis (Cuvier, 1829)","Furcifer","pardalis","55.64242","-20.96333","Reunion",NA,NA,"6eabe254-f2a1-4144-8d27-28dc87d44286",2896937500
"Furcifer pardalis (Cuvier, 1829)","Furcifer","pardalis","55.307003","-20.992517","Reunion",NA,NA,"50c9509d-22c7-4a22-a47d-8c48425ef4a7",2896937500
"Furcifer pardalis (Cuvier, 1829)","Furcifer","pardalis","55.307","-20.99252","Reunion",NA,NA,"7247dc2e-b862-4555-b533-7701d183271b",2896937500
"Furcifer pardalis (Cuvier, 1829)","Furcifer","pardalis","55.60557","-20.92972","Reunion",NA,NA,"6eabe254-f2a1-4144-8d27-28dc87d44286",2896937500
"Furcifer pardalis (Cuvier, 1829)","Furcifer","pardalis","49.816975","-14.480972","Madagascar",NA,NA,"50c9509d-22c7-4a22-a47d-8c48425ef4a7",6.68e+11
"Furcifer pardalis (Cuvier, 1829)","Furcifer","pardalis","49.786517","-14.447039","Madagascar",NA,NA,"50c9509d-22c7-4a22-a47d-8c48425ef4a7",6.68e+11
"Furcifer verrucosus Cuvier, 1829","Furcifer","verrucosus","46.134628","-24.81041","Madagascar",NA,NA,"50c9509d-22c7-4a22-a47d-8c48425ef4a7",6.68e+11
"Furcifer oustaleti (Mocquard, 1894)","Furcifer","oustaleti","46.251825","-22.708303","Madagascar",NA,NA,"50c9509d-22c7-4a22-a47d-8c48425ef4a7",6.68e+11
"Furcifer petteri (Brygoo & Domergue, 1966)","Furcifer","petteri","49.026046","-12.491885","Madagascar",NA,NA,"50c9509d-22c7-4a22-a47d-8c48425ef4a7",6.68e+11
"Furcifer pardalis (Cuvier, 1829)","Furcifer","pardalis","49.174369","-12.455343","Madagascar",NA,NA,"50c9509d-22c7-4a22-a47d-8c48425ef4a7",6.68e+11
"Furcifer oustaleti (Mocquard, 1894)","Furcifer","oustaleti","45.385058","-22.579874","Madagascar",NA,NA,"50c9509d-22c7-4a22-a47d-8c48425ef4a7",6.68e+11
"Furcifer pardalis (Cuvier, 1829)","Furcifer","pardalis","55.49378","-21.31231","Reunion",NA,NA,"6eabe254-f2a1-4144-8d27-28dc87d44286",2896937500
"Furcifer pardalis (Cuvier, 1829)","Furcifer","pardalis","48.265592","-13.387963","Madagascar","Nosy Be",NA,"50c9509d-22c7-4a22-a47d-8c48425ef4a7",298125000
"Furcifer pardalis (Cuvier, 1829)","Furcifer","pardalis","48.245336","-13.387796","Madagascar","Nosy Be",NA,"50c9509d-22c7-4a22-a47d-8c48425ef4a7",298125000
"Furcifer pardalis (Cuvier, 1829)","Furcifer","pardalis","55.55856","-21.22316","Reunion",NA,NA,"6eabe254-f2a1-4144-8d27-28dc87d44286",2896937500
"Furcifer oustaleti (Mocquard, 1894)","Furcifer","oustaleti","45.289188","-18.77384","Madagascar",NA,NA,"50c9509d-22c7-4a22-a47d-8c48425ef4a7",6.68e+11
"Furcifer oustaleti (Mocquard, 1894)","Furcifer","oustaleti","46.224976","-18.921876","Madagascar",NA,NA,"50c9509d-22c7-4a22-a47d-8c48425ef4a7",6.68e+11
"Furcifer pardalis (Cuvier, 1829)","Furcifer","pardalis","49.73908","-14.44133","Madagascar",NA,NA,"50c9509d-22c7-4a22-a47d-8c48425ef4a7",6.68e+11
"Furcifer timoni Glaw, Köhler & Vences, 2009","Furcifer","timoni","49.724647","-14.439432","Madagascar",NA,NA,"50c9509d-22c7-4a22-a47d-8c48425ef4a7",6.68e+11
"Furcifer pardalis (Cuvier, 1829)","Furcifer","pardalis","49.73908","-14.44133","Madagascar",NA,NA,"50c9509d-22c7-4a22-a47d-8c48425ef4a7",6.68e+11
"Furcifer pardalis (Cuvier, 1829)","Furcifer","pardalis","49.73908","-14.44133","Madagascar",NA,NA,"50c9509d-22c7-4a22-a47d-8c48425ef4a7",6.68e+11
"Furcifer oustaleti (Mocquard, 1894)","Furcifer","oustaleti","49.69923","-13.17059","Madagascar",NA,NA,"50c9509d-22c7-4a22-a47d-8c48425ef4a7",6.68e+11
"Furcifer petteri (Brygoo & Domergue, 1966)","Furcifer","petteri","49.77397","-13.133026","Madagascar",NA,NA,"50c9509d-22c7-4a22-a47d-8c48425ef4a7",6.68e+11
"Furcifer oustaleti (Mocquard, 1894)","Furcifer","oustaleti","49.742661","-13.208696","Madagascar",NA,NA,"50c9509d-22c7-4a22-a47d-8c48425ef4a7",6.68e+11
"Furcifer oustaleti (Mocquard, 1894)","Furcifer","oustaleti","49.762573","-13.199337","Madagascar",NA,NA,"50c9509d-22c7-4a22-a47d-8c48425ef4a7",6.68e+11
"Furcifer pardalis (Cuvier, 1829)","Furcifer","pardalis","49.769986","-14.443954","Madagascar",NA,NA,"50c9509d-22c7-4a22-a47d-8c48425ef4a7",6.68e+11
"Furcifer pardalis (Cuvier, 1829)","Furcifer","pardalis","49.769986","-14.443954","Madagascar",NA,NA,"50c9509d-22c7-4a22-a47d-8c48425ef4a7",6.68e+11
"Furcifer oustaleti (Mocquard, 1894)","Furcifer","oustaleti","45.283105","-18.819892","Madagascar",NA,NA,"50c9509d-22c7-4a22-a47d-8c48425ef4a7",6.68e+11
"Furcifer oustaleti (Mocquard, 1894)","Furcifer","oustaleti","45.293958","-18.847468","Madagascar",NA,NA,"50c9509d-22c7-4a22-a47d-8c48425ef4a7",6.68e+11
"Furcifer oustaleti (Mocquard, 1894)","Furcifer","oustaleti","46.746254","-19.046103","Madagascar",NA,NA,"50c9509d-22c7-4a22-a47d-8c48425ef4a7",6.68e+11
"Furcifer oustaleti (Mocquard, 1894)","Furcifer","oustaleti","45.497484","-21.260563","Madagascar",NA,NA,"50c9509d-22c7-4a22-a47d-8c48425ef4a7",6.68e+11
"Furcifer oustaleti (Mocquard, 1894)","Furcifer","oustaleti","45.66718","-20.966132","Madagascar",NA,NA,"50c9509d-22c7-4a22-a47d-8c48425ef4a7",6.68e+11
"Furcifer oustaleti (Mocquard, 1894)","Furcifer","oustaleti","46.774645","-22.079106","Madagascar",NA,NA,"50c9509d-22c7-4a22-a47d-8c48425ef4a7",6.68e+11
"Furcifer pardalis (Cuvier, 1829)","Furcifer","pardalis","49.769986","-14.443954","Madagascar",NA,NA,"50c9509d-22c7-4a22-a47d-8c48425ef4a7",6.68e+11
"Furcifer oustaleti (Mocquard, 1894)","Furcifer","oustaleti","44.654153","-20.071935","Madagascar",NA,NA,"50c9509d-22c7-4a22-a47d-8c48425ef4a7",6.68e+11
"Furcifer oustaleti (Mocquard, 1894)","Furcifer","oustaleti","44.654153","-20.071935","Madagascar",NA,NA,"50c9509d-22c7-4a22-a47d-8c48425ef4a7",6.68e+11
"Furcifer oustaleti (Mocquard, 1894)","Furcifer","oustaleti","46.840913","-21.851975","Madagascar",NA,NA,"50c9509d-22c7-4a22-a47d-8c48425ef4a7",6.68e+11
"Furcifer pardalis (Cuvier, 1829)","Furcifer","pardalis","55.64198","-21.30627","Reunion",NA,NA,"6eabe254-f2a1-4144-8d27-28dc87d44286",2896937500
"Furcifer pardalis (Cuvier, 1829)","Furcifer","pardalis","49.121998","-12.961067","Madagascar",NA,NA,"50c9509d-22c7-4a22-a47d-8c48425ef4a7",6.68e+11
"Furcifer pardalis (Cuvier, 1829)","Furcifer","pardalis","49.119111","-12.958139","Madagascar",NA,NA,"50c9509d-22c7-4a22-a47d-8c48425ef4a7",6.68e+11
"Furcifer pardalis (Cuvier, 1829)","Furcifer","pardalis","49.121998","-12.961067","Madagascar",NA,NA,"50c9509d-22c7-4a22-a47d-8c48425ef4a7",6.68e+11
"Furcifer pardalis (Cuvier, 1829)","Furcifer","pardalis","49.47489","-12.722746","Madagascar",NA,NA,"50c9509d-22c7-4a22-a47d-8c48425ef4a7",6.68e+11
"Furcifer pardalis (Cuvier, 1829)","Furcifer","pardalis","49.200683","-12.50272","Madagascar",NA,NA,"50c9509d-22c7-4a22-a47d-8c48425ef4a7",6.68e+11
"Furcifer petteri (Brygoo & Domergue, 1966)","Furcifer","petteri","49.309819","-12.464767","Madagascar",NA,NA,"50c9509d-22c7-4a22-a47d-8c48425ef4a7",6.68e+11
"Furcifer pardalis (Cuvier, 1829)","Furcifer","pardalis","49.374103","-12.276186","Madagascar",NA,NA,"50c9509d-22c7-4a22-a47d-8c48425ef4a7",6.68e+11
"Furcifer pardalis (Cuvier, 1829)","Furcifer","pardalis","49.701194","-13.176534","Madagascar",NA,NA,"50c9509d-22c7-4a22-a47d-8c48425ef4a7",6.68e+11
"Furcifer timoni Glaw, Köhler & Vences, 2009","Furcifer","timoni","49.618685","-14.479551","Madagascar",NA,NA,"50c9509d-22c7-4a22-a47d-8c48425ef4a7",6.68e+11
"Furcifer oustaleti (Mocquard, 1894)","Furcifer","oustaleti","49.374103","-12.276186","Madagascar",NA,NA,"50c9509d-22c7-4a22-a47d-8c48425ef4a7",6.68e+11
"Furcifer pardalis (Cuvier, 1829)","Furcifer","pardalis","49.47489","-12.722746","Madagascar",NA,NA,"50c9509d-22c7-4a22-a47d-8c48425ef4a7",6.68e+11
"Furcifer verrucosus Cuvier, 1829","Furcifer","verrucosus","43.807943","-23.414797","Madagascar",NA,NA,"8a863029-f435-446a-821e-275f4f641165",6.68e+11
"Furcifer pardalis (Cuvier, 1829)","Furcifer","pardalis","55.61975","-21.02332","Reunion",NA,NA,"6eabe254-f2a1-4144-8d27-28dc87d44286",2896937500
"Furcifer pardalis (Cuvier, 1829)","Furcifer","pardalis","55.53067","-20.94676","Reunion",NA,NA,"6eabe254-f2a1-4144-8d27-28dc87d44286",2896937500
"Furcifer pardalis (Cuvier, 1829)","Furcifer","pardalis","49.799995","-14.467511","Madagascar",NA,NA,"50c9509d-22c7-4a22-a47d-8c48425ef4a7",6.68e+11
"Furcifer pardalis (Cuvier, 1829)","Furcifer","pardalis","49.484246","-14.761728","Madagascar",NA,NA,"50c9509d-22c7-4a22-a47d-8c48425ef4a7",6.68e+11
"Furcifer pardalis (Cuvier, 1829)","Furcifer","pardalis","49.620631","-14.6147","Madagascar",NA,NA,"50c9509d-22c7-4a22-a47d-8c48425ef4a7",6.68e+11
"Furcifer oustaleti (Mocquard, 1894)","Furcifer","oustaleti","48.455055","-13.683241","Madagascar",NA,NA,"50c9509d-22c7-4a22-a47d-8c48425ef4a7",6.68e+11
"Furcifer viridis Florio, Ingram, Rakotondravony, Louis Jr & Raxworthy, 2012","Furcifer","viridis","47.764773","-14.390985","Madagascar",NA,NA,"50c9509d-22c7-4a22-a47d-8c48425ef4a7",6.68e+11
"Furcifer viridis Florio, Ingram, Rakotondravony, Louis Jr & Raxworthy, 2012","Furcifer","viridis","47.764773","-14.390985","Madagascar",NA,NA,"50c9509d-22c7-4a22-a47d-8c48425ef4a7",6.68e+11
"Furcifer angeli (Brygoo & Domergue, 1968)","Furcifer","angeli","47.757778","-14.380917","Madagascar",NA,NA,"50c9509d-22c7-4a22-a47d-8c48425ef4a7",6.68e+11
"Furcifer oustaleti (Mocquard, 1894)","Furcifer","oustaleti","47.734984","-15.156311","Madagascar",NA,NA,"50c9509d-22c7-4a22-a47d-8c48425ef4a7",6.68e+11
"Furcifer angeli (Brygoo & Domergue, 1968)","Furcifer","angeli","47.734984","-15.156311","Madagascar",NA,NA,"50c9509d-22c7-4a22-a47d-8c48425ef4a7",6.68e+11
"Furcifer oustaleti (Mocquard, 1894)","Furcifer","oustaleti","47.73359","-15.153933","Madagascar",NA,NA,"50c9509d-22c7-4a22-a47d-8c48425ef4a7",6.68e+11
"Furcifer angeli (Brygoo & Domergue, 1968)","Furcifer","angeli","47.734984","-15.156311","Madagascar",NA,NA,"50c9509d-22c7-4a22-a47d-8c48425ef4a7",6.68e+11
"Furcifer pardalis (Cuvier, 1829)","Furcifer","pardalis","55.39769","-20.99421","Reunion",NA,NA,"6eabe254-f2a1-4144-8d27-28dc87d44286",2896937500
"Furcifer pardalis (Cuvier, 1829)","Furcifer","pardalis","55.53241","-21.13317","Reunion",NA,NA,"d851b506-89db-4e3f-bc3c-e15234ec898e",2896937500
"Furcifer pardalis (Cuvier, 1829)","Furcifer","pardalis","55.56885","-21.33963","Reunion",NA,NA,"6eabe254-f2a1-4144-8d27-28dc87d44286",2896937500
"Furcifer verrucosus Cuvier, 1829","Furcifer","verrucosus","43.6226","-23.1194","Madagascar",NA,NA,"8a863029-f435-446a-821e-275f4f641165",6.68e+11
"Furcifer oustaleti (Mocquard, 1894)","Furcifer","oustaleti","46.367381","-15.670504","Madagascar",NA,NA,"8a863029-f435-446a-821e-275f4f641165",6.68e+11
"Furcifer oustaleti (Mocquard, 1894)","Furcifer","oustaleti","46.820766","-16.301862","Madagascar",NA,NA,"8a863029-f435-446a-821e-275f4f641165",6.68e+11
"Furcifer oustaleti (Mocquard, 1894)","Furcifer","oustaleti","46.8382","-16.3381","Madagascar",NA,NA,"8a863029-f435-446a-821e-275f4f641165",6.68e+11
"Furcifer angeli (Brygoo & Domergue, 1968)","Furcifer","angeli","46.838243","-16.33776","Madagascar",NA,NA,"8a863029-f435-446a-821e-275f4f641165",6.68e+11
"Furcifer oustaleti (Mocquard, 1894)","Furcifer","oustaleti","46.814962","-16.314188","Madagascar",NA,NA,"8a863029-f435-446a-821e-275f4f641165",6.68e+11
"Furcifer pardalis (Cuvier, 1829)","Furcifer","pardalis","55.56885","-21.33963","Reunion",NA,NA,"6eabe254-f2a1-4144-8d27-28dc87d44286",2896937500
"Furcifer major (Brygoo, 1971)","Furcifer","major","45.378186","-22.540738","Madagascar",NA,NA,"50c9509d-22c7-4a22-a47d-8c48425ef4a7",6.68e+11
"Furcifer major (Brygoo, 1971)","Furcifer","major","45.378186","-22.540738","Madagascar",NA,NA,"50c9509d-22c7-4a22-a47d-8c48425ef4a7",6.68e+11
"Furcifer pardalis (Cuvier, 1829)","Furcifer","pardalis","55.489268","-20.909147","Reunion",NA,NA,"50c9509d-22c7-4a22-a47d-8c48425ef4a7",2896937500
"Furcifer pardalis (Cuvier, 1829)","Furcifer","pardalis","48.285274","-13.862231","Madagascar",NA,NA,"50c9509d-22c7-4a22-a47d-8c48425ef4a7",6.68e+11
"Furcifer pardalis (Cuvier, 1829)","Furcifer","pardalis","48.311059","-13.937501","Madagascar",NA,NA,"50c9509d-22c7-4a22-a47d-8c48425ef4a7",6.68e+11
"Furcifer pardalis (Cuvier, 1829)","Furcifer","pardalis","48.204365","-13.990473","Madagascar",NA,NA,"50c9509d-22c7-4a22-a47d-8c48425ef4a7",6.68e+11
"Furcifer pardalis (Cuvier, 1829)","Furcifer","pardalis","48.264086","-13.952256","Madagascar",NA,NA,"50c9509d-22c7-4a22-a47d-8c48425ef4a7",6.68e+11
"Furcifer pardalis (Cuvier, 1829)","Furcifer","pardalis","49.180519","-12.829302","Madagascar",NA,NA,"50c9509d-22c7-4a22-a47d-8c48425ef4a7",6.68e+11
"Furcifer pardalis (Cuvier, 1829)","Furcifer","pardalis","49.225463","-12.426461","Madagascar",NA,NA,"50c9509d-22c7-4a22-a47d-8c48425ef4a7",6.68e+11
"Furcifer petteri (Brygoo & Domergue, 1966)","Furcifer","petteri","49.314048","-12.400121","Madagascar",NA,NA,"50c9509d-22c7-4a22-a47d-8c48425ef4a7",6.68e+11
"Furcifer pardalis (Cuvier, 1829)","Furcifer","pardalis","49.280424","-12.574944","Madagascar",NA,NA,"50c9509d-22c7-4a22-a47d-8c48425ef4a7",6.68e+11
"Furcifer pardalis (Cuvier, 1829)","Furcifer","pardalis","48.066436","-14.339381","Madagascar",NA,NA,"50c9509d-22c7-4a22-a47d-8c48425ef4a7",6.68e+11
"Furcifer pardalis (Cuvier, 1829)","Furcifer","pardalis","48.142228","-14.300128","Madagascar",NA,NA,"50c9509d-22c7-4a22-a47d-8c48425ef4a7",6.68e+11
"Furcifer angeli (Brygoo & Domergue, 1968)","Furcifer","angeli","46.653328","-16.215341","Madagascar",NA,NA,"50c9509d-22c7-4a22-a47d-8c48425ef4a7",6.68e+11
"Furcifer angeli (Brygoo & Domergue, 1968)","Furcifer","angeli","46.738696","-16.302211","Madagascar",NA,NA,"50c9509d-22c7-4a22-a47d-8c48425ef4a7",6.68e+11
"Furcifer pardalis (Cuvier, 1829)","Furcifer","pardalis","55.55856","-21.22316","Reunion",NA,NA,"6eabe254-f2a1-4144-8d27-28dc87d44286",2896937500
"Furcifer pardalis (Cuvier, 1829)","Furcifer","pardalis","55.42158","-21.23361","Reunion",NA,NA,"6eabe254-f2a1-4144-8d27-28dc87d44286",2896937500
"Furcifer pardalis (Cuvier, 1829)","Furcifer","pardalis","49.978565","-15.631262","Madagascar",NA,NA,"50c9509d-22c7-4a22-a47d-8c48425ef4a7",6.68e+11
"Furcifer pardalis (Cuvier, 1829)","Furcifer","pardalis","55.44699","-20.93302","Reunion",NA,NA,"6eabe254-f2a1-4144-8d27-28dc87d44286",2896937500
"Furcifer pardalis (Cuvier, 1829)","Furcifer","pardalis","55.44699","-20.93302","Reunion",NA,NA,"6eabe254-f2a1-4144-8d27-28dc87d44286",2896937500
"Furcifer oustaleti (Mocquard, 1894)","Furcifer","oustaleti","47.358701","-18.954311","Madagascar",NA,NA,"50c9509d-22c7-4a22-a47d-8c48425ef4a7",6.68e+11
"Furcifer oustaleti (Mocquard, 1894)","Furcifer","oustaleti","47.358701","-18.954311","Madagascar",NA,NA,"50c9509d-22c7-4a22-a47d-8c48425ef4a7",6.68e+11
"Furcifer oustaleti (Mocquard, 1894)","Furcifer","oustaleti","47.358701","-18.954311","Madagascar",NA,NA,"50c9509d-22c7-4a22-a47d-8c48425ef4a7",6.68e+11
"Furcifer oustaleti (Mocquard, 1894)","Furcifer","oustaleti","47.358701","-18.954311","Madagascar",NA,NA,"50c9509d-22c7-4a22-a47d-8c48425ef4a7",6.68e+11
"Furcifer oustaleti (Mocquard, 1894)","Furcifer","oustaleti","47.358701","-18.954311","Madagascar",NA,NA,"50c9509d-22c7-4a22-a47d-8c48425ef4a7",6.68e+11
"Furcifer oustaleti (Mocquard, 1894)","Furcifer","oustaleti","47.358701","-18.954311","Madagascar",NA,NA,"50c9509d-22c7-4a22-a47d-8c48425ef4a7",6.68e+11
"Furcifer pardalis (Cuvier, 1829)","Furcifer","pardalis","55.44699","-20.93302","Reunion",NA,NA,"6eabe254-f2a1-4144-8d27-28dc87d44286",2896937500
"Furcifer pardalis (Cuvier, 1829)","Furcifer","pardalis","55.36684","-21.24908","Reunion",NA,NA,"6eabe254-f2a1-4144-8d27-28dc87d44286",2896937500
"Furcifer pardalis (Cuvier, 1829)","Furcifer","pardalis","55.44699","-20.93302","Reunion",NA,NA,"6eabe254-f2a1-4144-8d27-28dc87d44286",2896937500
"Furcifer pardalis (Cuvier, 1829)","Furcifer","pardalis","55.55856","-21.22316","Reunion",NA,NA,"6eabe254-f2a1-4144-8d27-28dc87d44286",2896937500
"Furcifer pardalis (Cuvier, 1829)","Furcifer","pardalis","55.44699","-20.93302","Reunion",NA,NA,"6eabe254-f2a1-4144-8d27-28dc87d44286",2896937500
"Furcifer pardalis (Cuvier, 1829)","Furcifer","pardalis","55.55856","-21.22316","Reunion",NA,NA,"6eabe254-f2a1-4144-8d27-28dc87d44286",2896937500
"Furcifer pardalis (Cuvier, 1829)","Furcifer","pardalis","55.34248","-20.93169","Reunion",NA,NA,"fec2d5a5-0198-4267-a821-c06a2e93994c",2896937500
"Furcifer pardalis (Cuvier, 1829)","Furcifer","pardalis","55.53241","-21.13317","Reunion",NA,NA,"6eabe254-f2a1-4144-8d27-28dc87d44286",2896937500
"Furcifer pardalis (Cuvier, 1829)","Furcifer","pardalis","55.49378","-21.31231","Reunion",NA,NA,"6eabe254-f2a1-4144-8d27-28dc87d44286",2896937500
"Furcifer pardalis (Cuvier, 1829)","Furcifer","pardalis","55.34913","-20.93648","Reunion",NA,NA,"fec2d5a5-0198-4267-a821-c06a2e93994c",2896937500
"Furcifer pardalis (Cuvier, 1829)","Furcifer","pardalis","55.44699","-20.93302","Reunion",NA,NA,"6eabe254-f2a1-4144-8d27-28dc87d44286",2896937500
"Furcifer pardalis (Cuvier, 1829)","Furcifer","pardalis","55.49378","-21.31231","Reunion",NA,NA,"6eabe254-f2a1-4144-8d27-28dc87d44286",2896937500
"Furcifer oustaleti (Mocquard, 1894)","Furcifer","oustaleti","43.779504","-24.048179","Madagascar",NA,NA,"50c9509d-22c7-4a22-a47d-8c48425ef4a7",6.68e+11
"Furcifer major (Brygoo, 1971)","Furcifer","major","44.452144","-23.278042","Madagascar",NA,NA,"50c9509d-22c7-4a22-a47d-8c48425ef4a7",6.68e+11
"Furcifer lateralis (Gray, 1831)","Furcifer","lateralis","47.066824","-21.850108","Madagascar",NA,NA,"50c9509d-22c7-4a22-a47d-8c48425ef4a7",6.68e+11
"Furcifer major (Brygoo, 1971)","Furcifer","major","46.89","-22.2","Madagascar",NA,NA,"50c9509d-22c7-4a22-a47d-8c48425ef4a7",6.68e+11
"Furcifer pardalis (Cuvier, 1829)","Furcifer","pardalis","55.70094","-21.02081","Reunion",NA,NA,"6eabe254-f2a1-4144-8d27-28dc87d44286",2896937500
"Furcifer pardalis (Cuvier, 1829)","Furcifer","pardalis","55.32225","-21.04448","Reunion",NA,NA,"6eabe254-f2a1-4144-8d27-28dc87d44286",2896937500
"Furcifer pardalis (Cuvier, 1829)","Furcifer","pardalis","55.32225","-21.04448","Reunion",NA,NA,"6eabe254-f2a1-4144-8d27-28dc87d44286",2896937500
"Furcifer pardalis (Cuvier, 1829)","Furcifer","pardalis","55.49378","-21.31231","Reunion",NA,NA,"6eabe254-f2a1-4144-8d27-28dc87d44286",2896937500
"Furcifer pardalis (Cuvier, 1829)","Furcifer","pardalis","55.50581","-21.29021","Reunion",NA,NA,"6eabe254-f2a1-4144-8d27-28dc87d44286",2896937500
"Furcifer pardalis (Cuvier, 1829)","Furcifer","pardalis","55.34614","-20.93169","Reunion",NA,NA,"fec2d5a5-0198-4267-a821-c06a2e93994c",2896937500
"Furcifer pardalis (Cuvier, 1829)","Furcifer","pardalis","55.5064","-21.2689","Reunion",NA,NA,"fec2d5a5-0198-4267-a821-c06a2e93994c",2896937500
"Furcifer major (Brygoo, 1971)","Furcifer","major","43.858501","-23.986196","Madagascar",NA,NA,"50c9509d-22c7-4a22-a47d-8c48425ef4a7",6.68e+11
"Furcifer lateralis (Gray, 1831)","Furcifer","lateralis","46.87705","-21.854746","Madagascar",NA,NA,"50c9509d-22c7-4a22-a47d-8c48425ef4a7",6.68e+11
"Furcifer pardalis (Cuvier, 1829)","Furcifer","pardalis","55.49378","-21.31231","Reunion",NA,NA,"6eabe254-f2a1-4144-8d27-28dc87d44286",2896937500
"Furcifer pardalis (Cuvier, 1829)","Furcifer","pardalis","55.34316","-20.93214","Reunion",NA,NA,"fec2d5a5-0198-4267-a821-c06a2e93994c",2896937500
"Furcifer pardalis (Cuvier, 1829)","Furcifer","pardalis","55.64931","-21.09184","Reunion",NA,NA,"6eabe254-f2a1-4144-8d27-28dc87d44286",2896937500
"Furcifer verrucosus Cuvier, 1829","Furcifer","verrucosus","43.651111","-23.720902","Madagascar",NA,NA,"50c9509d-22c7-4a22-a47d-8c48425ef4a7",6.68e+11
"Furcifer verrucosus Cuvier, 1829","Furcifer","verrucosus","43.852764","-24.112851","Madagascar",NA,NA,"50c9509d-22c7-4a22-a47d-8c48425ef4a7",6.68e+11
"Furcifer verrucosus Cuvier, 1829","Furcifer","verrucosus","43.972701","-24.674313","Madagascar",NA,NA,"50c9509d-22c7-4a22-a47d-8c48425ef4a7",6.68e+11
"Furcifer pardalis (Cuvier, 1829)","Furcifer","pardalis","55.53067","-20.94676","Reunion",NA,NA,"6eabe254-f2a1-4144-8d27-28dc87d44286",2896937500
"Furcifer pardalis (Cuvier, 1829)","Furcifer","pardalis","55.50596","-21.26827","Reunion",NA,NA,"fec2d5a5-0198-4267-a821-c06a2e93994c",2896937500
"Furcifer pardalis (Cuvier, 1829)","Furcifer","pardalis","55.64242","-20.96333","Reunion",NA,NA,"6eabe254-f2a1-4144-8d27-28dc87d44286",2896937500
"Furcifer oustaleti (Mocquard, 1894)","Furcifer","oustaleti","46.865855","-21.859404","Madagascar",NA,NA,"50c9509d-22c7-4a22-a47d-8c48425ef4a7",6.68e+11
"Furcifer oustaleti (Mocquard, 1894)","Furcifer","oustaleti","44.663726","-22.878204","Madagascar",NA,NA,"50c9509d-22c7-4a22-a47d-8c48425ef4a7",6.68e+11
"Furcifer pardalis (Cuvier, 1829)","Furcifer","pardalis","55.64242","-20.96333","Reunion",NA,NA,"6eabe254-f2a1-4144-8d27-28dc87d44286",2896937500
"Furcifer pardalis (Cuvier, 1829)","Furcifer","pardalis","55.55856","-21.22316","Reunion",NA,NA,"6eabe254-f2a1-4144-8d27-28dc87d44286",2896937500
"Furcifer pardalis (Cuvier, 1829)","Furcifer","pardalis","55.55856","-21.22316","Reunion",NA,NA,"6eabe254-f2a1-4144-8d27-28dc87d44286",2896937500
"Furcifer pardalis (Cuvier, 1829)","Furcifer","pardalis","55.70094","-21.02081","Reunion",NA,NA,"6eabe254-f2a1-4144-8d27-28dc87d44286",2896937500
"Furcifer pardalis (Cuvier, 1829)","Furcifer","pardalis","55.53067","-20.94676","Reunion",NA,NA,"6eabe254-f2a1-4144-8d27-28dc87d44286",2896937500
"Furcifer pardalis (Cuvier, 1829)","Furcifer","pardalis","55.49378","-21.31231","Reunion",NA,NA,"6eabe254-f2a1-4144-8d27-28dc87d44286",2896937500
"Furcifer pardalis (Cuvier, 1829)","Furcifer","pardalis","55.44699","-20.93302","Reunion",NA,NA,"6eabe254-f2a1-4144-8d27-28dc87d44286",2896937500
"Furcifer oustaleti (Mocquard, 1894)","Furcifer","oustaleti","46.830556","-16.330556","Madagascar",NA,NA,"f1c4df18-12d6-40cb-ab51-5bb0d7f08d6e",6.68e+11
"Furcifer oustaleti (Mocquard, 1894)","Furcifer","oustaleti","47.24099","-19.209745","Madagascar",NA,NA,"50c9509d-22c7-4a22-a47d-8c48425ef4a7",6.68e+11
"Furcifer pardalis (Cuvier, 1829)","Furcifer","pardalis","55.44699","-20.93302","Reunion",NA,NA,"6eabe254-f2a1-4144-8d27-28dc87d44286",2896937500
"Furcifer verrucosus Cuvier, 1829","Furcifer","verrucosus","47.003224","-24.892488","Madagascar",NA,NA,"50c9509d-22c7-4a22-a47d-8c48425ef4a7",6.68e+11
"Furcifer verrucosus Cuvier, 1829","Furcifer","verrucosus","43.669832","-23.194801","Madagascar",NA,NA,"50c9509d-22c7-4a22-a47d-8c48425ef4a7",6.68e+11
"Furcifer verrucosus Cuvier, 1829","Furcifer","verrucosus","43.67505","-23.314585","Madagascar",NA,NA,"50c9509d-22c7-4a22-a47d-8c48425ef4a7",6.68e+11
"Furcifer verrucosus Cuvier, 1829","Furcifer","verrucosus","43.642967","-23.187224","Madagascar",NA,NA,"50c9509d-22c7-4a22-a47d-8c48425ef4a7",6.68e+11
"Furcifer verrucosus Cuvier, 1829","Furcifer","verrucosus","43.702079","-23.263079","Madagascar",NA,NA,"50c9509d-22c7-4a22-a47d-8c48425ef4a7",6.68e+11
"Furcifer verrucosus Cuvier, 1829","Furcifer","verrucosus","44.344951","-20.251362","Madagascar",NA,NA,"50c9509d-22c7-4a22-a47d-8c48425ef4a7",6.68e+11
"Furcifer oustaleti (Mocquard, 1894)","Furcifer","oustaleti","47.021472","-16.251592","Madagascar",NA,NA,"50c9509d-22c7-4a22-a47d-8c48425ef4a7",6.68e+11
"Furcifer rhinoceratus (Gray, 1845)","Furcifer","rhinoceratus","47.136751","-16.281244","Madagascar",NA,NA,"50c9509d-22c7-4a22-a47d-8c48425ef4a7",6.68e+11
"Furcifer oustaleti (Mocquard, 1894)","Furcifer","oustaleti","47.021472","-16.251592","Madagascar",NA,NA,"50c9509d-22c7-4a22-a47d-8c48425ef4a7",6.68e+11
"Furcifer oustaleti (Mocquard, 1894)","Furcifer","oustaleti","45.43652","-19.73868","Madagascar",NA,NA,"50c9509d-22c7-4a22-a47d-8c48425ef4a7",6.68e+11
"Furcifer balteatus (Duméril & Bibron, 1851)","Furcifer","balteatus","47.348011","-21.158492","Madagascar",NA,NA,"50c9509d-22c7-4a22-a47d-8c48425ef4a7",6.68e+11
"Furcifer oustaleti (Mocquard, 1894)","Furcifer","oustaleti","46.843316","-21.854393","Madagascar",NA,NA,"50c9509d-22c7-4a22-a47d-8c48425ef4a7",6.68e+11
"Furcifer verrucosus Cuvier, 1829","Furcifer","verrucosus","43.610681","-23.117299","Madagascar",NA,NA,"50c9509d-22c7-4a22-a47d-8c48425ef4a7",6.68e+11
"Furcifer pardalis (Cuvier, 1829)","Furcifer","pardalis","55.34248","-20.93169","Reunion",NA,NA,"fec2d5a5-0198-4267-a821-c06a2e93994c",2896937500
"Furcifer balteatus (Duméril & Bibron, 1851)","Furcifer","balteatus","47.469583","-21.322871","Madagascar",NA,NA,"50c9509d-22c7-4a22-a47d-8c48425ef4a7",6.68e+11
"Furcifer major (Brygoo, 1971)","Furcifer","major","45.331408","-22.644696","Madagascar",NA,NA,"50c9509d-22c7-4a22-a47d-8c48425ef4a7",6.68e+11
"Furcifer oustaleti (Mocquard, 1894)","Furcifer","oustaleti","45.261771","-22.465614","Madagascar",NA,NA,"50c9509d-22c7-4a22-a47d-8c48425ef4a7",6.68e+11
"Furcifer verrucosus Cuvier, 1829","Furcifer","verrucosus","43.681935","-23.058144","Madagascar",NA,NA,"50c9509d-22c7-4a22-a47d-8c48425ef4a7",6.68e+11
"Furcifer lateralis (Gray, 1831)","Furcifer","lateralis","47.909317","-18.539594","Madagascar",NA,NA,"50c9509d-22c7-4a22-a47d-8c48425ef4a7",6.68e+11
"Furcifer oustaleti (Mocquard, 1894)","Furcifer","oustaleti","45.28789","-22.4649","Madagascar",NA,NA,"50c9509d-22c7-4a22-a47d-8c48425ef4a7",6.68e+11
"Furcifer verrucosus Cuvier, 1829","Furcifer","verrucosus","43.755297","-23.413991","Madagascar",NA,NA,"50c9509d-22c7-4a22-a47d-8c48425ef4a7",6.68e+11
"Furcifer lateralis (Gray, 1831)","Furcifer","lateralis","47.507906","-18.87919","Madagascar",NA,NA,"50c9509d-22c7-4a22-a47d-8c48425ef4a7",6.68e+11
"Furcifer lateralis (Gray, 1831)","Furcifer","lateralis","47.396393","-21.320082","Madagascar",NA,NA,"50c9509d-22c7-4a22-a47d-8c48425ef4a7",6.68e+11
"Furcifer oustaleti (Mocquard, 1894)","Furcifer","oustaleti","46.81646","-16.31201","Madagascar",NA,NA,"50c9509d-22c7-4a22-a47d-8c48425ef4a7",6.68e+11
"Furcifer verrucosus Cuvier, 1829","Furcifer","verrucosus","46.300508","-25.004508","Madagascar",NA,NA,"50c9509d-22c7-4a22-a47d-8c48425ef4a7",6.68e+11
"Furcifer oustaleti (Mocquard, 1894)","Furcifer","oustaleti","47.406149","-21.282653","Madagascar",NA,NA,"50c9509d-22c7-4a22-a47d-8c48425ef4a7",6.68e+11
"Furcifer verrucosus Cuvier, 1829","Furcifer","verrucosus","43.619539","-23.122574","Madagascar",NA,NA,"50c9509d-22c7-4a22-a47d-8c48425ef4a7",6.68e+11
"Furcifer pardalis (Cuvier, 1829)","Furcifer","pardalis","48.22218","-13.381167","Madagascar","Nosy Be",NA,"50c9509d-22c7-4a22-a47d-8c48425ef4a7",298125000
"Furcifer pardalis (Cuvier, 1829)","Furcifer","pardalis","48.280206","-13.382834","Madagascar","Nosy Be",NA,"50c9509d-22c7-4a22-a47d-8c48425ef4a7",298125000
"Furcifer oustaleti (Mocquard, 1894)","Furcifer","oustaleti","44.681839","-22.841703","Madagascar",NA,NA,"50c9509d-22c7-4a22-a47d-8c48425ef4a7",6.68e+11
"Furcifer verrucosus Cuvier, 1829","Furcifer","verrucosus","43.754311","-23.412988","Madagascar",NA,NA,"50c9509d-22c7-4a22-a47d-8c48425ef4a7",6.68e+11
"Furcifer oustaleti (Mocquard, 1894)","Furcifer","oustaleti","49.185266","-12.520077","Madagascar",NA,NA,"50c9509d-22c7-4a22-a47d-8c48425ef4a7",6.68e+11
"Furcifer oustaleti (Mocquard, 1894)","Furcifer","oustaleti","49.182444","-12.515379","Madagascar",NA,NA,"50c9509d-22c7-4a22-a47d-8c48425ef4a7",6.68e+11
"Furcifer pardalis (Cuvier, 1829)","Furcifer","pardalis","48.808063","-13.421326","Madagascar",NA,NA,"50c9509d-22c7-4a22-a47d-8c48425ef4a7",6.68e+11
"Furcifer pardalis (Cuvier, 1829)","Furcifer","pardalis","48.238041","-13.333671","Madagascar","Nosy Be",NA,"50c9509d-22c7-4a22-a47d-8c48425ef4a7",298125000
"Furcifer pardalis (Cuvier, 1829)","Furcifer","pardalis","48.243716","-13.331244","Madagascar","Nosy Be",NA,"50c9509d-22c7-4a22-a47d-8c48425ef4a7",298125000
"Furcifer pardalis (Cuvier, 1829)","Furcifer","pardalis","48.230317","-13.328201","Madagascar","Nosy Be",NA,"50c9509d-22c7-4a22-a47d-8c48425ef4a7",298125000
"Furcifer pardalis (Cuvier, 1829)","Furcifer","pardalis","55.34316","-20.93214","Reunion",NA,NA,"fec2d5a5-0198-4267-a821-c06a2e93994c",2896937500
"Furcifer oustaleti (Mocquard, 1894)","Furcifer","oustaleti","47.357","-18.952","Madagascar",NA,NA,"50c9509d-22c7-4a22-a47d-8c48425ef4a7",6.68e+11
"Furcifer lateralis (Gray, 1831)","Furcifer","lateralis","47.357","-18.952","Madagascar",NA,NA,"50c9509d-22c7-4a22-a47d-8c48425ef4a7",6.68e+11
"Furcifer verrucosus Cuvier, 1829","Furcifer","verrucosus","46.304","-25.006","Madagascar",NA,NA,"50c9509d-22c7-4a22-a47d-8c48425ef4a7",6.68e+11
"Furcifer verrucosus Cuvier, 1829","Furcifer","verrucosus","46.288","-25.029","Madagascar",NA,NA,"50c9509d-22c7-4a22-a47d-8c48425ef4a7",6.68e+11
"Furcifer oustaleti (Mocquard, 1894)","Furcifer","oustaleti","46.811","-16.31","Madagascar",NA,NA,"50c9509d-22c7-4a22-a47d-8c48425ef4a7",6.68e+11
"Furcifer oustaleti (Mocquard, 1894)","Furcifer","oustaleti","46.85","-16.33","Madagascar",NA,NA,"50c9509d-22c7-4a22-a47d-8c48425ef4a7",6.68e+11
"Furcifer lateralis (Gray, 1831)","Furcifer","lateralis","47.909","-18.539","Madagascar",NA,NA,"50c9509d-22c7-4a22-a47d-8c48425ef4a7",6.68e+11
"Furcifer lateralis (Gray, 1831)","Furcifer","lateralis","47.909","-18.539","Madagascar",NA,NA,"50c9509d-22c7-4a22-a47d-8c48425ef4a7",6.68e+11
"Furcifer pardalis (Cuvier, 1829)","Furcifer","pardalis","55.34614","-20.93169","Reunion",NA,NA,"fec2d5a5-0198-4267-a821-c06a2e93994c",2896937500
"Furcifer oustaleti (Mocquard, 1894)","Furcifer","oustaleti","45.261856","-22.465454","Madagascar",NA,NA,"50c9509d-22c7-4a22-a47d-8c48425ef4a7",6.68e+11
"Furcifer pardalis (Cuvier, 1829)","Furcifer","pardalis","55.34913","-20.93648","Reunion",NA,NA,"fec2d5a5-0198-4267-a821-c06a2e93994c",2896937500
"Furcifer oustaleti (Mocquard, 1894)","Furcifer","oustaleti","44.425235","-20.186214","Madagascar",NA,NA,"50c9509d-22c7-4a22-a47d-8c48425ef4a7",6.68e+11
"Furcifer oustaleti (Mocquard, 1894)","Furcifer","oustaleti","44.653673","-22.896771","Madagascar",NA,NA,"50c9509d-22c7-4a22-a47d-8c48425ef4a7",6.68e+11
"Furcifer oustaleti (Mocquard, 1894)","Furcifer","oustaleti","44.689604","-22.880178","Madagascar",NA,NA,"50c9509d-22c7-4a22-a47d-8c48425ef4a7",6.68e+11
"Furcifer oustaleti (Mocquard, 1894)","Furcifer","oustaleti","44.689604","-22.880178","Madagascar",NA,NA,"50c9509d-22c7-4a22-a47d-8c48425ef4a7",6.68e+11
"Furcifer major (Brygoo, 1971)","Furcifer","major","45.141814","-25.589885","Madagascar",NA,NA,"50c9509d-22c7-4a22-a47d-8c48425ef4a7",6.68e+11
"Furcifer verrucosus Cuvier, 1829","Furcifer","verrucosus","45.154409","-25.545268","Madagascar",NA,NA,"50c9509d-22c7-4a22-a47d-8c48425ef4a7",6.68e+11
"Furcifer verrucosus Cuvier, 1829","Furcifer","verrucosus","45.154409","-25.545268","Madagascar",NA,NA,"50c9509d-22c7-4a22-a47d-8c48425ef4a7",6.68e+11
"Furcifer verrucosus Cuvier, 1829","Furcifer","verrucosus","45.150367","-25.535584","Madagascar",NA,NA,"50c9509d-22c7-4a22-a47d-8c48425ef4a7",6.68e+11
"Furcifer verrucosus Cuvier, 1829","Furcifer","verrucosus","46.594949","-24.959791","Madagascar",NA,NA,"50c9509d-22c7-4a22-a47d-8c48425ef4a7",6.68e+11
"Furcifer pardalis (Cuvier, 1829)","Furcifer","pardalis","55.50596","-21.26827","Reunion",NA,NA,"fec2d5a5-0198-4267-a821-c06a2e93994c",2896937500
"Furcifer oustaleti (Mocquard, 1894)","Furcifer","oustaleti","44.681838","-22.841703","Madagascar",NA,NA,"50c9509d-22c7-4a22-a47d-8c48425ef4a7",6.68e+11
"Furcifer oustaleti (Mocquard, 1894)","Furcifer","oustaleti","46.81646","-16.31201","Madagascar",NA,NA,"50c9509d-22c7-4a22-a47d-8c48425ef4a7",6.68e+11
"Furcifer oustaleti (Mocquard, 1894)","Furcifer","oustaleti","47.097015","-16.116409","Madagascar",NA,NA,"50c9509d-22c7-4a22-a47d-8c48425ef4a7",6.68e+11
"Furcifer pardalis (Cuvier, 1829)","Furcifer","pardalis","55.44699","-20.93302","Reunion",NA,NA,"6eabe254-f2a1-4144-8d27-28dc87d44286",2896937500
"Furcifer pardalis (Cuvier, 1829)","Furcifer","pardalis","55.5064","-21.2689","Reunion",NA,NA,"fec2d5a5-0198-4267-a821-c06a2e93994c",2896937500
"Furcifer pardalis (Cuvier, 1829)","Furcifer","pardalis","55.41838","-20.88003","Reunion",NA,NA,"acc58cb3-1a5a-4813-b135-bd91cf9b5f95",2896937500
"Furcifer oustaleti (Mocquard, 1894)","Furcifer","oustaleti","46.949829","-21.818471","Madagascar",NA,NA,"50c9509d-22c7-4a22-a47d-8c48425ef4a7",6.68e+11
"Furcifer oustaleti (Mocquard, 1894)","Furcifer","oustaleti","45.352466","-22.289828","Madagascar",NA,NA,"50c9509d-22c7-4a22-a47d-8c48425ef4a7",6.68e+11
"Furcifer verrucosus Cuvier, 1829","Furcifer","verrucosus","43.86468","-23.308909","Madagascar",NA,NA,"50c9509d-22c7-4a22-a47d-8c48425ef4a7",6.68e+11
"Furcifer verrucosus Cuvier, 1829","Furcifer","verrucosus","43.760832","-23.445279","Madagascar",NA,NA,"50c9509d-22c7-4a22-a47d-8c48425ef4a7",6.68e+11
"Furcifer oustaleti (Mocquard, 1894)","Furcifer","oustaleti","46.338054","-15.650188","Madagascar",NA,NA,"50c9509d-22c7-4a22-a47d-8c48425ef4a7",6.68e+11
"Furcifer major (Brygoo, 1971)","Furcifer","major","46.630214","-24.945076","Madagascar",NA,NA,"50c9509d-22c7-4a22-a47d-8c48425ef4a7",6.68e+11
"Furcifer willsii (Günther, 1890)","Furcifer","willsii","47.421146","-21.2564","Madagascar",NA,NA,"50c9509d-22c7-4a22-a47d-8c48425ef4a7",6.68e+11
"Furcifer lateralis (Gray, 1831)","Furcifer","lateralis","47.291535","-18.193276","Madagascar",NA,NA,"50c9509d-22c7-4a22-a47d-8c48425ef4a7",6.68e+11
"Furcifer campani (Grandidier, 1872)","Furcifer","campani","46.954242","-22.171901","Madagascar",NA,NA,"50c9509d-22c7-4a22-a47d-8c48425ef4a7",6.68e+11
"Furcifer pardalis (Cuvier, 1829)","Furcifer","pardalis","55.42158","-21.23361","Reunion",NA,NA,"6eabe254-f2a1-4144-8d27-28dc87d44286",2896937500
"Furcifer pardalis (Cuvier, 1829)","Furcifer","pardalis","55.41962","-20.88502","Reunion",NA,NA,"acc58cb3-1a5a-4813-b135-bd91cf9b5f95",2896937500
"Furcifer pardalis (Cuvier, 1829)","Furcifer","pardalis","55.42158","-21.23361","Reunion",NA,NA,"6eabe254-f2a1-4144-8d27-28dc87d44286",2896937500
"Furcifer pardalis (Cuvier, 1829)","Furcifer","pardalis","55.55856","-21.22316","Reunion",NA,NA,"6eabe254-f2a1-4144-8d27-28dc87d44286",2896937500
"Furcifer pardalis (Cuvier, 1829)","Furcifer","pardalis","55.41873","-20.88424","Reunion",NA,NA,"acc58cb3-1a5a-4813-b135-bd91cf9b5f95",2896937500
"Furcifer pardalis (Cuvier, 1829)","Furcifer","pardalis","55.55856","-21.22316","Reunion",NA,NA,"6eabe254-f2a1-4144-8d27-28dc87d44286",2896937500
"Furcifer pardalis (Cuvier, 1829)","Furcifer","pardalis","55.64198","-21.30627","Reunion",NA,NA,"6eabe254-f2a1-4144-8d27-28dc87d44286",2896937500
"Furcifer polleni (Peters, 1874)","Furcifer","polleni","45.12262","-12.80292","Mayotte",NA,NA,"f946666e-67dc-4848-9fa8-2162f3559e33",378937500
"Furcifer polleni (Peters, 1874)","Furcifer","polleni","45.10035","-12.7635","Mayotte",NA,NA,"f946666e-67dc-4848-9fa8-2162f3559e33",378937500
"Furcifer polleni (Peters, 1874)","Furcifer","polleni","45.09645","-12.66165","Mayotte",NA,NA,"f946666e-67dc-4848-9fa8-2162f3559e33",378937500
"Furcifer polleni (Peters, 1874)","Furcifer","polleni","45.14542","-12.77322","Mayotte",NA,NA,"f946666e-67dc-4848-9fa8-2162f3559e33",378937500
"Furcifer polleni (Peters, 1874)","Furcifer","polleni","45.09401","-12.7509","Mayotte",NA,NA,"f946666e-67dc-4848-9fa8-2162f3559e33",378937500
"Furcifer polleni (Peters, 1874)","Furcifer","polleni","45.09178","-12.91654","Mayotte",NA,NA,"f946666e-67dc-4848-9fa8-2162f3559e33",378937500
"Furcifer pardalis (Cuvier, 1829)","Furcifer","pardalis","55.61675","-20.93324","Reunion",NA,NA,"f946666e-67dc-4848-9fa8-2162f3559e33",2896937500
"Furcifer rhinoceratus (Gray, 1845)","Furcifer","rhinoceratus","46.808918","-16.309943","Madagascar",NA,NA,"50c9509d-22c7-4a22-a47d-8c48425ef4a7",6.68e+11
"Furcifer rhinoceratus (Gray, 1845)","Furcifer","rhinoceratus","46.888438","-16.395524","Madagascar",NA,NA,"50c9509d-22c7-4a22-a47d-8c48425ef4a7",6.68e+11
"Furcifer rhinoceratus (Gray, 1845)","Furcifer","rhinoceratus","46.917098","-16.338362","Madagascar",NA,NA,"50c9509d-22c7-4a22-a47d-8c48425ef4a7",6.68e+11
"Furcifer oustaleti (Mocquard, 1894)","Furcifer","oustaleti","49.637835","-13.217394","Madagascar",NA,NA,"50c9509d-22c7-4a22-a47d-8c48425ef4a7",6.68e+11
"Furcifer pardalis (Cuvier, 1829)","Furcifer","pardalis","49.787622","-14.406579","Madagascar",NA,NA,"50c9509d-22c7-4a22-a47d-8c48425ef4a7",6.68e+11
"Furcifer pardalis (Cuvier, 1829)","Furcifer","pardalis","49.730621","-14.450016","Madagascar",NA,NA,"50c9509d-22c7-4a22-a47d-8c48425ef4a7",6.68e+11
"Furcifer oustaleti (Mocquard, 1894)","Furcifer","oustaleti","49.067705","-12.598748","Madagascar",NA,NA,"50c9509d-22c7-4a22-a47d-8c48425ef4a7",6.68e+11
"Furcifer pardalis (Cuvier, 1829)","Furcifer","pardalis","49.013649","-12.525563","Madagascar",NA,NA,"50c9509d-22c7-4a22-a47d-8c48425ef4a7",6.68e+11
"Furcifer petteri (Brygoo & Domergue, 1966)","Furcifer","petteri","49.12019","-12.568607","Madagascar",NA,NA,"50c9509d-22c7-4a22-a47d-8c48425ef4a7",6.68e+11
"Furcifer pardalis (Cuvier, 1829)","Furcifer","pardalis","49.067709","-12.41601","Madagascar",NA,NA,"50c9509d-22c7-4a22-a47d-8c48425ef4a7",6.68e+11
"Furcifer pardalis (Cuvier, 1829)","Furcifer","pardalis","49.327515","-12.306015","Madagascar",NA,NA,"50c9509d-22c7-4a22-a47d-8c48425ef4a7",6.68e+11
"Furcifer pardalis (Cuvier, 1829)","Furcifer","pardalis","49.728387","-15.409785","Madagascar",NA,NA,"50c9509d-22c7-4a22-a47d-8c48425ef4a7",6.68e+11
"Furcifer pardalis (Cuvier, 1829)","Furcifer","pardalis","49.741018","-15.441779","Madagascar",NA,NA,"50c9509d-22c7-4a22-a47d-8c48425ef4a7",6.68e+11
"Furcifer lateralis (Gray, 1831)","Furcifer","lateralis","47.93715","-18.448608","Madagascar",NA,NA,"50c9509d-22c7-4a22-a47d-8c48425ef4a7",6.68e+11
"Furcifer lateralis (Gray, 1831)","Furcifer","lateralis","47.93715","-18.448608","Madagascar",NA,NA,"50c9509d-22c7-4a22-a47d-8c48425ef4a7",6.68e+11
"Furcifer lateralis (Gray, 1831)","Furcifer","lateralis","47.93715","-18.448608","Madagascar",NA,NA,"50c9509d-22c7-4a22-a47d-8c48425ef4a7",6.68e+11
"Furcifer pardalis (Cuvier, 1829)","Furcifer","pardalis","55.32225","-21.04448","Reunion",NA,NA,"6eabe254-f2a1-4144-8d27-28dc87d44286",2896937500
"Furcifer willsii (Günther, 1890)","Furcifer","willsii","48.561587","-18.972124","Madagascar",NA,NA,"50c9509d-22c7-4a22-a47d-8c48425ef4a7",6.68e+11
"Furcifer campani (Grandidier, 1872)","Furcifer","campani","46.879543","-22.39219","Madagascar",NA,NA,"50c9509d-22c7-4a22-a47d-8c48425ef4a7",6.68e+11
"Furcifer lateralis (Gray, 1831)","Furcifer","lateralis","46.995208","-22.336999","Madagascar",NA,NA,"50c9509d-22c7-4a22-a47d-8c48425ef4a7",6.68e+11
"Furcifer lateralis (Gray, 1831)","Furcifer","lateralis","46.952535","-22.325563","Madagascar",NA,NA,"50c9509d-22c7-4a22-a47d-8c48425ef4a7",6.68e+11
"Furcifer lateralis (Gray, 1831)","Furcifer","lateralis","46.810642","-22.374108","Madagascar",NA,NA,"50c9509d-22c7-4a22-a47d-8c48425ef4a7",6.68e+11
"Furcifer antimena (Grandidier, 1872)","Furcifer","antimena","43.666687","-23.121597","Madagascar",NA,NA,"50c9509d-22c7-4a22-a47d-8c48425ef4a7",6.68e+11
"Furcifer verrucosus Cuvier, 1829","Furcifer","verrucosus","43.740283","-23.017187","Madagascar",NA,NA,"50c9509d-22c7-4a22-a47d-8c48425ef4a7",6.68e+11
"Furcifer antimena (Grandidier, 1872)","Furcifer","antimena","43.66642","-23.091008","Madagascar",NA,NA,"50c9509d-22c7-4a22-a47d-8c48425ef4a7",6.68e+11
"Furcifer antimena (Grandidier, 1872)","Furcifer","antimena","43.685949","-23.033683","Madagascar",NA,NA,"50c9509d-22c7-4a22-a47d-8c48425ef4a7",6.68e+11
"Furcifer verrucosus Cuvier, 1829","Furcifer","verrucosus","43.72346","-23.097741","Madagascar",NA,NA,"50c9509d-22c7-4a22-a47d-8c48425ef4a7",6.68e+11
"Furcifer antimena (Grandidier, 1872)","Furcifer","antimena","43.767943","-23.176717","Madagascar",NA,NA,"50c9509d-22c7-4a22-a47d-8c48425ef4a7",6.68e+11
"Furcifer verrucosus Cuvier, 1829","Furcifer","verrucosus","43.7821","-23.167929","Madagascar",NA,NA,"50c9509d-22c7-4a22-a47d-8c48425ef4a7",6.68e+11
"Furcifer verrucosus Cuvier, 1829","Furcifer","verrucosus","43.651288","-23.011351","Madagascar",NA,NA,"50c9509d-22c7-4a22-a47d-8c48425ef4a7",6.68e+11
"Furcifer verrucosus Cuvier, 1829","Furcifer","verrucosus","43.601193","-23.146318","Madagascar",NA,NA,"50c9509d-22c7-4a22-a47d-8c48425ef4a7",6.68e+11
"Furcifer verrucosus Cuvier, 1829","Furcifer","verrucosus","43.649651","-23.007014","Madagascar",NA,NA,"50c9509d-22c7-4a22-a47d-8c48425ef4a7",6.68e+11
"Furcifer major (Brygoo, 1971)","Furcifer","major","45.265504","-22.462666","Madagascar",NA,NA,"50c9509d-22c7-4a22-a47d-8c48425ef4a7",6.68e+11
"Furcifer nicosiai Jesu, Mattioli & Schimmenti, 1999","Furcifer","nicosiai","44.729177","-20.125352","Madagascar",NA,NA,"50c9509d-22c7-4a22-a47d-8c48425ef4a7",6.68e+11
"Furcifer balteatus (Duméril & Bibron, 1851)","Furcifer","balteatus","47.551134","-21.304015","Madagascar",NA,NA,"50c9509d-22c7-4a22-a47d-8c48425ef4a7",6.68e+11
"Furcifer major (Brygoo, 1971)","Furcifer","major","43.755953","-24.006473","Madagascar",NA,NA,"50c9509d-22c7-4a22-a47d-8c48425ef4a7",6.68e+11
"Furcifer major (Brygoo, 1971)","Furcifer","major","43.768861","-24.025739","Madagascar",NA,NA,"50c9509d-22c7-4a22-a47d-8c48425ef4a7",6.68e+11
"Furcifer pardalis (Cuvier, 1829)","Furcifer","pardalis","55.49378","-21.31231","Reunion",NA,NA,"6eabe254-f2a1-4144-8d27-28dc87d44286",2896937500
"Furcifer verrucosus Cuvier, 1829","Furcifer","verrucosus","44.586587","-23.679134","Madagascar",NA,NA,"50c9509d-22c7-4a22-a47d-8c48425ef4a7",6.68e+11
"Furcifer verrucosus Cuvier, 1829","Furcifer","verrucosus","44.583139","-23.680137","Madagascar",NA,NA,"50c9509d-22c7-4a22-a47d-8c48425ef4a7",6.68e+11
"Furcifer pardalis (Cuvier, 1829)","Furcifer","pardalis","55.53067","-20.94676","Reunion",NA,NA,"6eabe254-f2a1-4144-8d27-28dc87d44286",2896937500
"Furcifer pardalis (Cuvier, 1829)","Furcifer","pardalis","55.49237","-21.20403","Reunion",NA,NA,"6eabe254-f2a1-4144-8d27-28dc87d44286",2896937500
"Furcifer pardalis (Cuvier, 1829)","Furcifer","pardalis","55.55856","-21.22316","Reunion",NA,NA,"6eabe254-f2a1-4144-8d27-28dc87d44286",2896937500
"Furcifer pardalis (Cuvier, 1829)","Furcifer","pardalis","55.49378","-21.31231","Reunion",NA,NA,"6eabe254-f2a1-4144-8d27-28dc87d44286",2896937500
"Furcifer pardalis (Cuvier, 1829)","Furcifer","pardalis","55.49378","-21.31231","Reunion",NA,NA,"6eabe254-f2a1-4144-8d27-28dc87d44286",2896937500
"Furcifer pardalis (Cuvier, 1829)","Furcifer","pardalis","55.74507","-21.30384","Reunion",NA,NA,"6eabe254-f2a1-4144-8d27-28dc87d44286",2896937500
"Furcifer pardalis (Cuvier, 1829)","Furcifer","pardalis","55.53067","-20.94676","Reunion",NA,NA,"6eabe254-f2a1-4144-8d27-28dc87d44286",2896937500
"Furcifer pardalis (Cuvier, 1829)","Furcifer","pardalis","55.267799","-21.025177","Reunion",NA,NA,"50c9509d-22c7-4a22-a47d-8c48425ef4a7",2896937500
"Furcifer pardalis (Cuvier, 1829)","Furcifer","pardalis","49.739258","-15.435399","Madagascar",NA,NA,"50c9509d-22c7-4a22-a47d-8c48425ef4a7",6.68e+11
"Furcifer antimena (Grandidier, 1872)","Furcifer","antimena","43.349554","-22.786374","Madagascar",NA,NA,"50c9509d-22c7-4a22-a47d-8c48425ef4a7",6.68e+11
"Furcifer lateralis (Gray, 1831)","Furcifer","lateralis","46.853881","-21.85644","Madagascar",NA,NA,"50c9509d-22c7-4a22-a47d-8c48425ef4a7",6.68e+11
"Furcifer lateralis (Gray, 1831)","Furcifer","lateralis","47.442841","-19.464306","Madagascar",NA,NA,"50c9509d-22c7-4a22-a47d-8c48425ef4a7",6.68e+11
"Furcifer oustaleti (Mocquard, 1894)","Furcifer","oustaleti","46.774094","-22.07835","Madagascar",NA,NA,"50c9509d-22c7-4a22-a47d-8c48425ef4a7",6.68e+11
"Furcifer pardalis (Cuvier, 1829)","Furcifer","pardalis","55.64198","-21.30627","Reunion",NA,NA,"6eabe254-f2a1-4144-8d27-28dc87d44286",2896937500
"Furcifer oustaleti (Mocquard, 1894)","Furcifer","oustaleti","46.848606","-21.866973","Madagascar",NA,NA,"50c9509d-22c7-4a22-a47d-8c48425ef4a7",6.68e+11
"Furcifer lateralis (Gray, 1831)","Furcifer","lateralis","46.77348","-22.08144","Madagascar",NA,NA,"50c9509d-22c7-4a22-a47d-8c48425ef4a7",6.68e+11
"Furcifer verrucosus Cuvier, 1829","Furcifer","verrucosus","43.755317","-23.413939","Madagascar",NA,NA,"50c9509d-22c7-4a22-a47d-8c48425ef4a7",6.68e+11
"Furcifer pardalis (Cuvier, 1829)","Furcifer","pardalis","55.49378","-21.31231","Reunion",NA,NA,"6eabe254-f2a1-4144-8d27-28dc87d44286",2896937500
"Furcifer pardalis (Cuvier, 1829)","Furcifer","pardalis","55.61975","-21.02332","Reunion",NA,NA,"6eabe254-f2a1-4144-8d27-28dc87d44286",2896937500
"Furcifer pardalis (Cuvier, 1829)","Furcifer","pardalis","55.49378","-21.31231","Reunion",NA,NA,"6eabe254-f2a1-4144-8d27-28dc87d44286",2896937500
"Furcifer pardalis (Cuvier, 1829)","Furcifer","pardalis","55.64931","-21.09184","Reunion",NA,NA,"6eabe254-f2a1-4144-8d27-28dc87d44286",2896937500
"Furcifer pardalis (Cuvier, 1829)","Furcifer","pardalis","55.36684","-21.24908","Reunion",NA,NA,"6eabe254-f2a1-4144-8d27-28dc87d44286",2896937500
"Furcifer pardalis (Cuvier, 1829)","Furcifer","pardalis","55.44699","-20.93302","Reunion",NA,NA,"6eabe254-f2a1-4144-8d27-28dc87d44286",2896937500
"Furcifer oustaleti (Mocquard, 1894)","Furcifer","oustaleti","44.884522","-19.129723","Madagascar",NA,NA,"50c9509d-22c7-4a22-a47d-8c48425ef4a7",6.68e+11
"Furcifer oustaleti (Mocquard, 1894)","Furcifer","oustaleti","44.934644","-19.073489","Madagascar",NA,NA,"50c9509d-22c7-4a22-a47d-8c48425ef4a7",6.68e+11
"Furcifer oustaleti (Mocquard, 1894)","Furcifer","oustaleti","44.900843","-19.038976","Madagascar",NA,NA,"50c9509d-22c7-4a22-a47d-8c48425ef4a7",6.68e+11
"Furcifer oustaleti (Mocquard, 1894)","Furcifer","oustaleti","44.850946","-19.090116","Madagascar",NA,NA,"50c9509d-22c7-4a22-a47d-8c48425ef4a7",6.68e+11
"Furcifer oustaleti (Mocquard, 1894)","Furcifer","oustaleti","45.189369","-21.591468","Madagascar",NA,NA,"50c9509d-22c7-4a22-a47d-8c48425ef4a7",6.68e+11
"Furcifer oustaleti (Mocquard, 1894)","Furcifer","oustaleti","46.817124","-16.306977","Madagascar",NA,NA,"50c9509d-22c7-4a22-a47d-8c48425ef4a7",6.68e+11
"Furcifer oustaleti (Mocquard, 1894)","Furcifer","oustaleti","46.816566","-16.305906","Madagascar",NA,NA,"50c9509d-22c7-4a22-a47d-8c48425ef4a7",6.68e+11
"Furcifer oustaleti (Mocquard, 1894)","Furcifer","oustaleti","46.816566","-16.305906","Madagascar",NA,NA,"50c9509d-22c7-4a22-a47d-8c48425ef4a7",6.68e+11
"Furcifer rhinoceratus (Gray, 1845)","Furcifer","rhinoceratus","46.972006","-16.3408","Madagascar",NA,NA,"50c9509d-22c7-4a22-a47d-8c48425ef4a7",6.68e+11
"Furcifer oustaleti (Mocquard, 1894)","Furcifer","oustaleti","46.854353","-21.857406","Madagascar",NA,NA,"50c9509d-22c7-4a22-a47d-8c48425ef4a7",6.68e+11
"Furcifer oustaleti (Mocquard, 1894)","Furcifer","oustaleti","46.854353","-21.857406","Madagascar",NA,NA,"50c9509d-22c7-4a22-a47d-8c48425ef4a7",6.68e+11
"Furcifer verrucosus Cuvier, 1829","Furcifer","verrucosus","46.320273","-25.004952","Madagascar",NA,NA,"50c9509d-22c7-4a22-a47d-8c48425ef4a7",6.68e+11
"Furcifer pardalis (Cuvier, 1829)","Furcifer","pardalis","55.49378","-21.31231","Reunion",NA,NA,"6eabe254-f2a1-4144-8d27-28dc87d44286",2896937500
"Furcifer pardalis (Cuvier, 1829)","Furcifer","pardalis","48.345482","-13.402149","Madagascar","Nosy Be",NA,"50c9509d-22c7-4a22-a47d-8c48425ef4a7",298125000
"Furcifer pardalis (Cuvier, 1829)","Furcifer","pardalis","48.344911","-13.399886","Madagascar","Nosy Be",NA,"50c9509d-22c7-4a22-a47d-8c48425ef4a7",298125000
"Furcifer lateralis (Gray, 1831)","Furcifer","lateralis","47.541179","-18.891357","Madagascar",NA,NA,"50c9509d-22c7-4a22-a47d-8c48425ef4a7",6.68e+11
"Furcifer rhinoceratus (Gray, 1845)","Furcifer","rhinoceratus","46.824419","-16.214082","Madagascar",NA,NA,"50c9509d-22c7-4a22-a47d-8c48425ef4a7",6.68e+11
"Furcifer verrucosus Cuvier, 1829","Furcifer","verrucosus","46.318489","-24.998853","Madagascar",NA,NA,"50c9509d-22c7-4a22-a47d-8c48425ef4a7",6.68e+11
"Furcifer verrucosus Cuvier, 1829","Furcifer","verrucosus","46.318489","-24.998853","Madagascar",NA,NA,"50c9509d-22c7-4a22-a47d-8c48425ef4a7",6.68e+11
"Furcifer major (Brygoo, 1971)","Furcifer","major","46.318489","-24.998853","Madagascar",NA,NA,"50c9509d-22c7-4a22-a47d-8c48425ef4a7",6.68e+11
"Furcifer oustaleti (Mocquard, 1894)","Furcifer","oustaleti","44.695914","-22.884076","Madagascar",NA,NA,"50c9509d-22c7-4a22-a47d-8c48425ef4a7",6.68e+11
"Furcifer pardalis (Cuvier, 1829)","Furcifer","pardalis","49.11247","-13.071839","Madagascar",NA,NA,"8a863029-f435-446a-821e-275f4f641165",6.68e+11
"Furcifer pardalis (Cuvier, 1829)","Furcifer","pardalis","55.49378","-21.31231","Reunion",NA,NA,"6eabe254-f2a1-4144-8d27-28dc87d44286",2896937500
"Furcifer pardalis (Cuvier, 1829)","Furcifer","pardalis","55.32225","-21.04448","Reunion",NA,NA,"6eabe254-f2a1-4144-8d27-28dc87d44286",2896937500
"Furcifer pardalis (Cuvier, 1829)","Furcifer","pardalis","49.009546","-13.191311","Madagascar",NA,NA,"50c9509d-22c7-4a22-a47d-8c48425ef4a7",6.68e+11
"Furcifer pardalis (Cuvier, 1829)","Furcifer","pardalis","48.989222","-13.225025","Madagascar",NA,NA,"50c9509d-22c7-4a22-a47d-8c48425ef4a7",6.68e+11
"Furcifer pardalis (Cuvier, 1829)","Furcifer","pardalis","57.552152","-20.348404","Mauritius",NA,NA,"50c9509d-22c7-4a22-a47d-8c48425ef4a7",2129062500
"Furcifer oustaleti (Mocquard, 1894)","Furcifer","oustaleti","44.788921","-19.138494","Madagascar",NA,NA,"50c9509d-22c7-4a22-a47d-8c48425ef4a7",6.68e+11
"Furcifer rhinoceratus (Gray, 1845)","Furcifer","rhinoceratus","46.624126","-16.272685","Madagascar",NA,NA,"50c9509d-22c7-4a22-a47d-8c48425ef4a7",6.68e+11
"Furcifer oustaleti (Mocquard, 1894)","Furcifer","oustaleti","46.595078","-15.902961","Madagascar",NA,NA,"50c9509d-22c7-4a22-a47d-8c48425ef4a7",6.68e+11
"Furcifer oustaleti (Mocquard, 1894)","Furcifer","oustaleti","49.171234","-12.563589","Madagascar",NA,NA,"8a863029-f435-446a-821e-275f4f641165",6.68e+11
"Furcifer oustaleti (Mocquard, 1894)","Furcifer","oustaleti","49.177809","-12.54384","Madagascar",NA,NA,"8a863029-f435-446a-821e-275f4f641165",6.68e+11
"Furcifer verrucosus Cuvier, 1829","Furcifer","verrucosus","46.44065","-24.876025","Madagascar",NA,NA,"50c9509d-22c7-4a22-a47d-8c48425ef4a7",6.68e+11
"Furcifer pardalis (Cuvier, 1829)","Furcifer","pardalis","48.269664","-13.359249","Madagascar","Nosy Be",NA,"50c9509d-22c7-4a22-a47d-8c48425ef4a7",298125000
"Furcifer pardalis (Cuvier, 1829)","Furcifer","pardalis","48.295529","-13.301106","Madagascar","Nosy Be",NA,"50c9509d-22c7-4a22-a47d-8c48425ef4a7",298125000
"Furcifer pardalis (Cuvier, 1829)","Furcifer","pardalis","48.333148","-13.363215","Madagascar","Nosy Be",NA,"50c9509d-22c7-4a22-a47d-8c48425ef4a7",298125000
"Furcifer oustaleti (Mocquard, 1894)","Furcifer","oustaleti","46.812521","-16.307185","Madagascar",NA,NA,"8a863029-f435-446a-821e-275f4f641165",6.68e+11
"Furcifer pardalis (Cuvier, 1829)","Furcifer","pardalis","48.470552","-13.641798","Madagascar",NA,NA,"50c9509d-22c7-4a22-a47d-8c48425ef4a7",6.68e+11
"Furcifer pardalis (Cuvier, 1829)","Furcifer","pardalis","55.36684","-21.24908","Reunion",NA,NA,"6eabe254-f2a1-4144-8d27-28dc87d44286",2896937500
"Furcifer pardalis (Cuvier, 1829)","Furcifer","pardalis","55.35061","-20.94489","Reunion",NA,NA,"f946666e-67dc-4848-9fa8-2162f3559e33",2896937500
"Furcifer pardalis (Cuvier, 1829)","Furcifer","pardalis","55.40581","-20.88383","Reunion",NA,NA,"f946666e-67dc-4848-9fa8-2162f3559e33",2896937500
"Furcifer verrucosus Cuvier, 1829","Furcifer","verrucosus","43.691474","-23.363872","Madagascar",NA,NA,"50c9509d-22c7-4a22-a47d-8c48425ef4a7",6.68e+11
"Furcifer polleni (Peters, 1874)","Furcifer","polleni","45.144006","-12.820804","Mayotte",NA,NA,"50c9509d-22c7-4a22-a47d-8c48425ef4a7",378937500
"Furcifer pardalis (Cuvier, 1829)","Furcifer","pardalis","49.4227","-17.2873","Madagascar",NA,NA,"50c9509d-22c7-4a22-a47d-8c48425ef4a7",6.68e+11
"Furcifer pardalis (Cuvier, 1829)","Furcifer","pardalis","55.826866","-21.184806","Reunion",NA,NA,"50c9509d-22c7-4a22-a47d-8c48425ef4a7",2896937500
"Furcifer major (Brygoo, 1971)","Furcifer","major","45.35745","-22.591467","Madagascar",NA,NA,"78e2c7a4-4ee4-40bf-8401-e45be3c004ba",6.68e+11
"Furcifer lateralis (Gray, 1831)","Furcifer","lateralis","47.552709","-19.263992","Madagascar",NA,NA,"50c9509d-22c7-4a22-a47d-8c48425ef4a7",6.68e+11
"Furcifer major (Brygoo, 1971)","Furcifer","major","47.015843","-23.589315","Madagascar",NA,NA,"50c9509d-22c7-4a22-a47d-8c48425ef4a7",6.68e+11
"Furcifer pardalis (Cuvier, 1829)","Furcifer","pardalis","55.285341","-21.031661","Reunion",NA,NA,"50c9509d-22c7-4a22-a47d-8c48425ef4a7",2896937500
"Furcifer verrucosus Cuvier, 1829","Furcifer","verrucosus","46.296476","-25.002423","Madagascar",NA,NA,"50c9509d-22c7-4a22-a47d-8c48425ef4a7",6.68e+11
"Furcifer cephalolepis (Günther, 1880)","Furcifer","cephalolepis","43.258827","-11.717786","Comoros","Grande Comore",NA,"50c9509d-22c7-4a22-a47d-8c48425ef4a7",1062937500
"Furcifer lateralis (Gray, 1831)","Furcifer","lateralis","46.843304","-21.852796","Madagascar",NA,NA,"50c9509d-22c7-4a22-a47d-8c48425ef4a7",6.68e+11
"Furcifer oustaleti (Mocquard, 1894)","Furcifer","oustaleti","46.845079","-21.852983","Madagascar",NA,NA,"50c9509d-22c7-4a22-a47d-8c48425ef4a7",6.68e+11
"Furcifer oustaleti (Mocquard, 1894)","Furcifer","oustaleti","46.845674","-21.853262","Madagascar",NA,NA,"50c9509d-22c7-4a22-a47d-8c48425ef4a7",6.68e+11
"Furcifer oustaleti (Mocquard, 1894)","Furcifer","oustaleti","47.562189","-18.760662","Madagascar",NA,NA,"50c9509d-22c7-4a22-a47d-8c48425ef4a7",6.68e+11
"Furcifer oustaleti (Mocquard, 1894)","Furcifer","oustaleti","47.519209","-18.866778","Madagascar",NA,NA,"50c9509d-22c7-4a22-a47d-8c48425ef4a7",6.68e+11
"Furcifer pardalis (Cuvier, 1829)","Furcifer","pardalis","55.257276","-21.029171","Reunion",NA,NA,"50c9509d-22c7-4a22-a47d-8c48425ef4a7",2896937500
"Furcifer oustaleti (Mocquard, 1894)","Furcifer","oustaleti","46.800057","-16.261832","Madagascar",NA,NA,"50c9509d-22c7-4a22-a47d-8c48425ef4a7",6.68e+11
"Furcifer rhinoceratus (Gray, 1845)","Furcifer","rhinoceratus","46.901127","-16.256658","Madagascar",NA,NA,"50c9509d-22c7-4a22-a47d-8c48425ef4a7",6.68e+11
"Furcifer oustaleti (Mocquard, 1894)","Furcifer","oustaleti","46.806924","-16.27897","Madagascar",NA,NA,"50c9509d-22c7-4a22-a47d-8c48425ef4a7",6.68e+11
"Furcifer pardalis (Cuvier, 1829)","Furcifer","pardalis","55.289072","-20.992035","Reunion",NA,NA,"50c9509d-22c7-4a22-a47d-8c48425ef4a7",2896937500
"Furcifer oustaleti (Mocquard, 1894)","Furcifer","oustaleti","47.595","-15.4725","Madagascar",NA,NA,"50c9509d-22c7-4a22-a47d-8c48425ef4a7",6.68e+11
"Furcifer oustaleti (Mocquard, 1894)","Furcifer","oustaleti","44.656448","-20.059801","Madagascar",NA,NA,"50c9509d-22c7-4a22-a47d-8c48425ef4a7",6.68e+11
"Furcifer antimena (Grandidier, 1872)","Furcifer","antimena","43.747547","-23.049518","Madagascar",NA,NA,"50c9509d-22c7-4a22-a47d-8c48425ef4a7",6.68e+11
"Furcifer verrucosus Cuvier, 1829","Furcifer","verrucosus","43.617783","-23.122679","Madagascar",NA,NA,"50c9509d-22c7-4a22-a47d-8c48425ef4a7",6.68e+11
"Furcifer verrucosus Cuvier, 1829","Furcifer","verrucosus","43.75577","-23.413677","Madagascar",NA,NA,"50c9509d-22c7-4a22-a47d-8c48425ef4a7",6.68e+11
"Furcifer verrucosus Cuvier, 1829","Furcifer","verrucosus","47.006844","-24.93808","Madagascar",NA,NA,"50c9509d-22c7-4a22-a47d-8c48425ef4a7",6.68e+11
"Furcifer oustaleti (Mocquard, 1894)","Furcifer","oustaleti","47.11751","-18.297222","Madagascar",NA,NA,"50c9509d-22c7-4a22-a47d-8c48425ef4a7",6.68e+11
"Furcifer oustaleti (Mocquard, 1894)","Furcifer","oustaleti","46.8116","-16.310255","Madagascar",NA,NA,"50c9509d-22c7-4a22-a47d-8c48425ef4a7",6.68e+11
"Furcifer oustaleti (Mocquard, 1894)","Furcifer","oustaleti","46.8116","-16.310255","Madagascar",NA,NA,"50c9509d-22c7-4a22-a47d-8c48425ef4a7",6.68e+11
"Furcifer willsii (Günther, 1890)","Furcifer","willsii","48.41443","-18.926586","Madagascar",NA,NA,"50c9509d-22c7-4a22-a47d-8c48425ef4a7",6.68e+11
"Furcifer oustaleti (Mocquard, 1894)","Furcifer","oustaleti","45.144196","-22.721724","Madagascar",NA,NA,"8a863029-f435-446a-821e-275f4f641165",6.68e+11
"Furcifer pardalis (Cuvier, 1829)","Furcifer","pardalis","49.294283","-12.323135","Madagascar",NA,NA,"50c9509d-22c7-4a22-a47d-8c48425ef4a7",6.68e+11
"Furcifer petteri (Brygoo & Domergue, 1966)","Furcifer","petteri","49.147011","-12.888723","Madagascar",NA,NA,"50c9509d-22c7-4a22-a47d-8c48425ef4a7",6.68e+11
"Furcifer pardalis (Cuvier, 1829)","Furcifer","pardalis","48.342474","-13.389983","Madagascar","Nosy Be",NA,"8a863029-f435-446a-821e-275f4f641165",298125000
"Furcifer oustaleti (Mocquard, 1894)","Furcifer","oustaleti","49.206905","-12.49323","Madagascar",NA,NA,"8a863029-f435-446a-821e-275f4f641165",6.68e+11
"Furcifer pardalis (Cuvier, 1829)","Furcifer","pardalis","50.119629","-15.908508","Madagascar",NA,NA,"8a863029-f435-446a-821e-275f4f641165",6.68e+11
"Furcifer pardalis (Cuvier, 1829)","Furcifer","pardalis","55.38933","-20.89753","Reunion",NA,NA,"f946666e-67dc-4848-9fa8-2162f3559e33",2896937500
"Furcifer pardalis (Cuvier, 1829)","Furcifer","pardalis","55.36077","-20.90911","Reunion",NA,NA,"f946666e-67dc-4848-9fa8-2162f3559e33",2896937500
"Furcifer pardalis (Cuvier, 1829)","Furcifer","pardalis","55.35415","-20.92108","Reunion",NA,NA,"f946666e-67dc-4848-9fa8-2162f3559e33",2896937500
"Furcifer pardalis (Cuvier, 1829)","Furcifer","pardalis","55.28199","-20.98634","Reunion",NA,NA,"f946666e-67dc-4848-9fa8-2162f3559e33",2896937500
"Furcifer pardalis (Cuvier, 1829)","Furcifer","pardalis","55.40433","-20.89279","Reunion",NA,NA,"f946666e-67dc-4848-9fa8-2162f3559e33",2896937500
"Furcifer pardalis (Cuvier, 1829)","Furcifer","pardalis","55.30597","-21.00515","Reunion",NA,NA,"f946666e-67dc-4848-9fa8-2162f3559e33",2896937500
"Furcifer pardalis (Cuvier, 1829)","Furcifer","pardalis","55.52396","-21.20119","Reunion",NA,NA,"f946666e-67dc-4848-9fa8-2162f3559e33",2896937500
"Furcifer pardalis (Cuvier, 1829)","Furcifer","pardalis","55.35129","-20.98243","Reunion",NA,NA,"f946666e-67dc-4848-9fa8-2162f3559e33",2896937500
"Furcifer pardalis (Cuvier, 1829)","Furcifer","pardalis","55.42338","-20.91289","Reunion",NA,NA,"f946666e-67dc-4848-9fa8-2162f3559e33",2896937500
"Furcifer pardalis (Cuvier, 1829)","Furcifer","pardalis","55.82211","-21.20563","Reunion",NA,NA,"f946666e-67dc-4848-9fa8-2162f3559e33",2896937500
"Furcifer pardalis (Cuvier, 1829)","Furcifer","pardalis","55.38715","-20.92271","Reunion",NA,NA,"f946666e-67dc-4848-9fa8-2162f3559e33",2896937500
"Furcifer pardalis (Cuvier, 1829)","Furcifer","pardalis","55.50139","-20.93265","Reunion",NA,NA,"f946666e-67dc-4848-9fa8-2162f3559e33",2896937500
"Furcifer pardalis (Cuvier, 1829)","Furcifer","pardalis","55.40979","-20.88155","Reunion",NA,NA,"f946666e-67dc-4848-9fa8-2162f3559e33",2896937500
"Furcifer pardalis (Cuvier, 1829)","Furcifer","pardalis","55.30877","-21.16918","Reunion",NA,NA,"f946666e-67dc-4848-9fa8-2162f3559e33",2896937500
"Furcifer pardalis (Cuvier, 1829)","Furcifer","pardalis","55.28987","-21.01603","Reunion",NA,NA,"f946666e-67dc-4848-9fa8-2162f3559e33",2896937500
"Furcifer pardalis (Cuvier, 1829)","Furcifer","pardalis","55.27606","-21.02443","Reunion",NA,NA,"f946666e-67dc-4848-9fa8-2162f3559e33",2896937500
"Furcifer pardalis (Cuvier, 1829)","Furcifer","pardalis","55.29175","-21.17836","Reunion",NA,NA,"f946666e-67dc-4848-9fa8-2162f3559e33",2896937500
"Furcifer pardalis (Cuvier, 1829)","Furcifer","pardalis","55.36253","-20.91686","Reunion",NA,NA,"f946666e-67dc-4848-9fa8-2162f3559e33",2896937500
"Furcifer pardalis (Cuvier, 1829)","Furcifer","pardalis","55.31796","-20.98647","Reunion",NA,NA,"f946666e-67dc-4848-9fa8-2162f3559e33",2896937500
"Furcifer verrucosus Cuvier, 1829","Furcifer","verrucosus","46.686229","-25.052138","Madagascar",NA,NA,"50c9509d-22c7-4a22-a47d-8c48425ef4a7",6.68e+11
"Furcifer Fitzinger, 1843","Furcifer",NA,"43.256","-11.703","Comoros","Grande Comore",NA,"040c5662-da76-4782-a48e-cdea1892d14c",1062937500
"Furcifer Fitzinger, 1843","Furcifer",NA,"43.341","-11.471","Comoros","Grande Comore",NA,"040c5662-da76-4782-a48e-cdea1892d14c",1062937500
"Furcifer cephalolepis (Günther, 1880)","Furcifer","cephalolepis","43.34","-11.47","Comoros","Grande Comore",NA,"d8cd16ba-bb74-4420-821e-083f2bac17c2",1062937500
"Furcifer cephalolepis (Günther, 1880)","Furcifer","cephalolepis","43.26","-11.7","Comoros","Grande Comore",NA,"d8cd16ba-bb74-4420-821e-083f2bac17c2",1062937500
"Furcifer Fitzinger, 1843","Furcifer",NA,"44.402","-12.177","Comoros","Anjouan",NA,"040c5662-da76-4782-a48e-cdea1892d14c",453187500
"Furcifer polleni (Peters, 1874)","Furcifer","polleni","44.4","-12.18","Comoros","Anjouan",NA,"d8cd16ba-bb74-4420-821e-083f2bac17c2",453187500
"Furcifer oustaleti (Mocquard, 1894)","Furcifer","oustaleti","47.431041","-19.529585","Madagascar",NA,NA,"50c9509d-22c7-4a22-a47d-8c48425ef4a7",6.68e+11
"Furcifer oustaleti (Mocquard, 1894)","Furcifer","oustaleti","47.423102","-19.541759","Madagascar",NA,NA,"50c9509d-22c7-4a22-a47d-8c48425ef4a7",6.68e+11
"Furcifer pardalis (Cuvier, 1829)","Furcifer","pardalis","50.167812","-14.271334","Madagascar",NA,NA,"50c9509d-22c7-4a22-a47d-8c48425ef4a7",6.68e+11
"Furcifer pardalis (Cuvier, 1829)","Furcifer","pardalis","55.298216","-20.99082","Reunion",NA,NA,"50c9509d-22c7-4a22-a47d-8c48425ef4a7",2896937500
"Furcifer pardalis (Cuvier, 1829)","Furcifer","pardalis","55.298757","-20.988749","Reunion",NA,NA,"50c9509d-22c7-4a22-a47d-8c48425ef4a7",2896937500
"Furcifer lateralis (Gray, 1831)","Furcifer","lateralis","47.667464","-23.110992","Madagascar",NA,NA,"50c9509d-22c7-4a22-a47d-8c48425ef4a7",6.68e+11
"Furcifer pardalis (Cuvier, 1829)","Furcifer","pardalis","49.328672","-12.404406","Madagascar",NA,NA,"50c9509d-22c7-4a22-a47d-8c48425ef4a7",6.68e+11
"Furcifer oustaleti (Mocquard, 1894)","Furcifer","oustaleti","49.128745","-12.95405","Madagascar",NA,NA,"50c9509d-22c7-4a22-a47d-8c48425ef4a7",6.68e+11
"Furcifer oustaleti (Mocquard, 1894)","Furcifer","oustaleti","48.000667","-13.559725","Madagascar",NA,NA,"50c9509d-22c7-4a22-a47d-8c48425ef4a7",6.68e+11
"Furcifer oustaleti (Mocquard, 1894)","Furcifer","oustaleti","45.36357","-22.569948","Madagascar",NA,NA,"50c9509d-22c7-4a22-a47d-8c48425ef4a7",6.68e+11
"Furcifer oustaleti (Mocquard, 1894)","Furcifer","oustaleti","45.41336","-19.618011","Madagascar",NA,NA,"50c9509d-22c7-4a22-a47d-8c48425ef4a7",6.68e+11
"Furcifer oustaleti (Mocquard, 1894)","Furcifer","oustaleti","44.511795","-18.978376","Madagascar",NA,NA,"50c9509d-22c7-4a22-a47d-8c48425ef4a7",6.68e+11
"Furcifer oustaleti (Mocquard, 1894)","Furcifer","oustaleti","46.842613","-21.87265","Madagascar",NA,NA,"50c9509d-22c7-4a22-a47d-8c48425ef4a7",6.68e+11
"Furcifer verrucosus Cuvier, 1829","Furcifer","verrucosus","44.117698","-23.231648","Madagascar",NA,NA,"50c9509d-22c7-4a22-a47d-8c48425ef4a7",6.68e+11
"Furcifer oustaleti (Mocquard, 1894)","Furcifer","oustaleti","47.088992","-21.45207","Madagascar",NA,NA,"50c9509d-22c7-4a22-a47d-8c48425ef4a7",6.68e+11
"Furcifer oustaleti (Mocquard, 1894)","Furcifer","oustaleti","46.855634","-21.858115","Madagascar",NA,NA,"50c9509d-22c7-4a22-a47d-8c48425ef4a7",6.68e+11
"Furcifer oustaleti (Mocquard, 1894)","Furcifer","oustaleti","45.237395","-22.619874","Madagascar",NA,NA,"50c9509d-22c7-4a22-a47d-8c48425ef4a7",6.68e+11
"Furcifer oustaleti (Mocquard, 1894)","Furcifer","oustaleti","44.682603","-22.873497","Madagascar",NA,NA,"50c9509d-22c7-4a22-a47d-8c48425ef4a7",6.68e+11
"Furcifer verrucosus Cuvier, 1829","Furcifer","verrucosus","46.317735","-25.005417","Madagascar",NA,NA,"50c9509d-22c7-4a22-a47d-8c48425ef4a7",6.68e+11
"Furcifer verrucosus Cuvier, 1829","Furcifer","verrucosus","46.317735","-25.005417","Madagascar",NA,NA,"50c9509d-22c7-4a22-a47d-8c48425ef4a7",6.68e+11
"Furcifer campani (Grandidier, 1872)","Furcifer","campani","46.896811","-22.031828","Madagascar",NA,NA,"50c9509d-22c7-4a22-a47d-8c48425ef4a7",6.68e+11
"Furcifer pardalis (Cuvier, 1829)","Furcifer","pardalis","49.140833","-12.512778","Madagascar",NA,NA,"50c9509d-22c7-4a22-a47d-8c48425ef4a7",6.68e+11
"Furcifer oustaleti (Mocquard, 1894)","Furcifer","oustaleti","49.140833","-12.512778","Madagascar",NA,NA,"50c9509d-22c7-4a22-a47d-8c48425ef4a7",6.68e+11
"Furcifer oustaleti (Mocquard, 1894)","Furcifer","oustaleti","45.43652","-19.73868","Madagascar",NA,NA,"50c9509d-22c7-4a22-a47d-8c48425ef4a7",6.68e+11
"Furcifer oustaleti (Mocquard, 1894)","Furcifer","oustaleti","49.20876","-12.482375","Madagascar",NA,NA,"50c9509d-22c7-4a22-a47d-8c48425ef4a7",6.68e+11
"Furcifer pardalis (Cuvier, 1829)","Furcifer","pardalis","48.241949","-13.387468","Madagascar","Nosy Be",NA,"50c9509d-22c7-4a22-a47d-8c48425ef4a7",298125000
"Furcifer pardalis (Cuvier, 1829)","Furcifer","pardalis","49.236985","-12.766911","Madagascar",NA,NA,"50c9509d-22c7-4a22-a47d-8c48425ef4a7",6.68e+11
"Furcifer pardalis (Cuvier, 1829)","Furcifer","pardalis","49.246145","-12.705007","Madagascar",NA,NA,"50c9509d-22c7-4a22-a47d-8c48425ef4a7",6.68e+11
"Furcifer oustaleti (Mocquard, 1894)","Furcifer","oustaleti","47.358829","-18.952525","Madagascar",NA,NA,"50c9509d-22c7-4a22-a47d-8c48425ef4a7",6.68e+11
"Furcifer balteatus (Duméril & Bibron, 1851)","Furcifer","balteatus","46.806002","-22.088989","Madagascar",NA,NA,"8a863029-f435-446a-821e-275f4f641165",6.68e+11
"Furcifer balteatus (Duméril & Bibron, 1851)","Furcifer","balteatus","46.806002","-22.088989","Madagascar",NA,NA,"8a863029-f435-446a-821e-275f4f641165",6.68e+11
"Furcifer oustaleti (Mocquard, 1894)","Furcifer","oustaleti","44.105837","-21.97458","Madagascar",NA,NA,"8a863029-f435-446a-821e-275f4f641165",6.68e+11
"Furcifer verrucosus Cuvier, 1829","Furcifer","verrucosus","43.755112","-23.413792","Madagascar",NA,NA,"50c9509d-22c7-4a22-a47d-8c48425ef4a7",6.68e+11
"Furcifer verrucosus Cuvier, 1829","Furcifer","verrucosus","43.707266","-23.359496","Madagascar",NA,NA,"50c9509d-22c7-4a22-a47d-8c48425ef4a7",6.68e+11
"Furcifer oustaleti (Mocquard, 1894)","Furcifer","oustaleti","44.681838","-22.841703","Madagascar",NA,NA,"50c9509d-22c7-4a22-a47d-8c48425ef4a7",6.68e+11
"Furcifer oustaleti (Mocquard, 1894)","Furcifer","oustaleti","44.681838","-22.841703","Madagascar",NA,NA,"50c9509d-22c7-4a22-a47d-8c48425ef4a7",6.68e+11
"Furcifer verrucosus Cuvier, 1829","Furcifer","verrucosus","43.686907","-23.360512","Madagascar",NA,NA,"50c9509d-22c7-4a22-a47d-8c48425ef4a7",6.68e+11
"Furcifer pardalis (Cuvier, 1829)","Furcifer","pardalis","48.322088","-13.383068","Madagascar","Nosy Be",NA,"50c9509d-22c7-4a22-a47d-8c48425ef4a7",298125000
"Furcifer verrucosus Cuvier, 1829","Furcifer","verrucosus","43.689745","-23.3633","Madagascar",NA,NA,"50c9509d-22c7-4a22-a47d-8c48425ef4a7",6.68e+11
"Furcifer polleni (Peters, 1874)","Furcifer","polleni","45.166761","-12.868882","Mayotte",NA,NA,"50c9509d-22c7-4a22-a47d-8c48425ef4a7",378937500
"Furcifer polleni (Peters, 1874)","Furcifer","polleni","45.10233","-12.77515","Mayotte",NA,NA,"7247dc2e-b862-4555-b533-7701d183271b",378937500
"Furcifer oustaleti (Mocquard, 1894)","Furcifer","oustaleti","44.583139","-23.680137","Madagascar",NA,NA,"50c9509d-22c7-4a22-a47d-8c48425ef4a7",6.68e+11
"Furcifer oustaleti (Mocquard, 1894)","Furcifer","oustaleti","44.692977","-22.883066","Madagascar",NA,NA,"50c9509d-22c7-4a22-a47d-8c48425ef4a7",6.68e+11
"Furcifer pardalis (Cuvier, 1829)","Furcifer","pardalis","55.290809","-21.038942","Reunion",NA,NA,"50c9509d-22c7-4a22-a47d-8c48425ef4a7",2896937500
"Furcifer lateralis (Gray, 1831)","Furcifer","lateralis","47.531612","-18.914872","Madagascar",NA,NA,"8a863029-f435-446a-821e-275f4f641165",6.68e+11
"Furcifer verrucosus Cuvier, 1829","Furcifer","verrucosus","46.300507","-25.002393","Madagascar",NA,NA,"50c9509d-22c7-4a22-a47d-8c48425ef4a7",6.68e+11
"Furcifer verrucosus Cuvier, 1829","Furcifer","verrucosus","46.300932","-25.002668","Madagascar",NA,NA,"50c9509d-22c7-4a22-a47d-8c48425ef4a7",6.68e+11
"Furcifer oustaleti (Mocquard, 1894)","Furcifer","oustaleti","45.370317","-22.5599","Madagascar",NA,NA,"50c9509d-22c7-4a22-a47d-8c48425ef4a7",6.68e+11
"Furcifer oustaleti (Mocquard, 1894)","Furcifer","oustaleti","45.378555","-22.539982","Madagascar",NA,NA,"50c9509d-22c7-4a22-a47d-8c48425ef4a7",6.68e+11
"Furcifer oustaleti (Mocquard, 1894)","Furcifer","oustaleti","45.3878","-22.541597","Madagascar",NA,NA,"50c9509d-22c7-4a22-a47d-8c48425ef4a7",6.68e+11
"Furcifer pardalis (Cuvier, 1829)","Furcifer","pardalis","49.292908","-12.482437","Madagascar",NA,NA,"50c9509d-22c7-4a22-a47d-8c48425ef4a7",6.68e+11
"Furcifer pardalis (Cuvier, 1829)","Furcifer","pardalis","48.909331","-13.366601","Madagascar",NA,NA,"50c9509d-22c7-4a22-a47d-8c48425ef4a7",6.68e+11
"Furcifer oustaleti (Mocquard, 1894)","Furcifer","oustaleti","46.744595","-21.921548","Madagascar",NA,NA,"8a863029-f435-446a-821e-275f4f641165",6.68e+11
"Furcifer lateralis (Gray, 1831)","Furcifer","lateralis","45.385895","-22.574706","Madagascar",NA,NA,"8a863029-f435-446a-821e-275f4f641165",6.68e+11
"Furcifer oustaleti (Mocquard, 1894)","Furcifer","oustaleti","45.385895","-22.574706","Madagascar",NA,NA,"8a863029-f435-446a-821e-275f4f641165",6.68e+11
"Furcifer pardalis (Cuvier, 1829)","Furcifer","pardalis","49.161072","-12.554564","Madagascar",NA,NA,"8a863029-f435-446a-821e-275f4f641165",6.68e+11
"Furcifer pardalis (Cuvier, 1829)","Furcifer","pardalis","55.299548","-21.000005","Reunion",NA,NA,"50c9509d-22c7-4a22-a47d-8c48425ef4a7",2896937500
"Furcifer oustaleti (Mocquard, 1894)","Furcifer","oustaleti","48.398298","-18.892381","Madagascar",NA,NA,"50c9509d-22c7-4a22-a47d-8c48425ef4a7",6.68e+11
"Furcifer oustaleti (Mocquard, 1894)","Furcifer","oustaleti","48.398376","-18.883448","Madagascar",NA,NA,"50c9509d-22c7-4a22-a47d-8c48425ef4a7",6.68e+11
"Furcifer lateralis (Gray, 1831)","Furcifer","lateralis","47.182267","-20.772426","Madagascar",NA,NA,"50c9509d-22c7-4a22-a47d-8c48425ef4a7",6.68e+11
"Furcifer pardalis (Cuvier, 1829)","Furcifer","pardalis","55.44699","-20.93302","Reunion",NA,NA,"d4f0993a-0f72-445e-8d5c-1b685e5268b1",2896937500
"Furcifer pardalis (Cuvier, 1829)","Furcifer","pardalis","55.6855","-20.9575","Reunion",NA,NA,"d4f0993a-0f72-445e-8d5c-1b685e5268b1",2896937500
"Furcifer oustaleti (Mocquard, 1894)","Furcifer","oustaleti","47.202759","-18.769165","Madagascar",NA,NA,"8a863029-f435-446a-821e-275f4f641165",6.68e+11
"Furcifer oustaleti (Mocquard, 1894)","Furcifer","oustaleti","47.212372","-18.768515","Madagascar",NA,NA,"8a863029-f435-446a-821e-275f4f641165",6.68e+11
"Furcifer lateralis (Gray, 1831)","Furcifer","lateralis","48.414231","-18.927641","Madagascar",NA,NA,"8a863029-f435-446a-821e-275f4f641165",6.68e+11
"Furcifer lateralis (Gray, 1831)","Furcifer","lateralis","49.15398","-18.754216","Madagascar",NA,NA,"8a863029-f435-446a-821e-275f4f641165",6.68e+11
"Furcifer oustaleti (Mocquard, 1894)","Furcifer","oustaleti","49.154323","-18.754541","Madagascar",NA,NA,"8a863029-f435-446a-821e-275f4f641165",6.68e+11
"Furcifer pardalis (Cuvier, 1829)","Furcifer","pardalis","49.153637","-18.753891","Madagascar",NA,NA,"8a863029-f435-446a-821e-275f4f641165",6.68e+11
"Furcifer oustaleti (Mocquard, 1894)","Furcifer","oustaleti","49.217151","-18.595496","Madagascar",NA,NA,"8a863029-f435-446a-821e-275f4f641165",6.68e+11
"Furcifer pardalis (Cuvier, 1829)","Furcifer","pardalis","49.217151","-18.595496","Madagascar",NA,NA,"8a863029-f435-446a-821e-275f4f641165",6.68e+11
"Furcifer pardalis (Cuvier, 1829)","Furcifer","pardalis","49.217151","-18.595496","Madagascar",NA,NA,"8a863029-f435-446a-821e-275f4f641165",6.68e+11
"Furcifer pardalis (Cuvier, 1829)","Furcifer","pardalis","49.217151","-18.595496","Madagascar",NA,NA,"8a863029-f435-446a-821e-275f4f641165",6.68e+11
"Furcifer pardalis (Cuvier, 1829)","Furcifer","pardalis","49.895854","-16.874963","Madagascar","Ile Sainte-Marie",NA,"8a863029-f435-446a-821e-275f4f641165",6.68e+11
"Furcifer pardalis (Cuvier, 1829)","Furcifer","pardalis","49.895854","-16.874963","Madagascar","Ile Sainte-Marie",NA,"8a863029-f435-446a-821e-275f4f641165",6.68e+11
"Furcifer pardalis (Cuvier, 1829)","Furcifer","pardalis","49.742489","-15.436638","Madagascar",NA,NA,"8a863029-f435-446a-821e-275f4f641165",6.68e+11
"Furcifer pardalis (Cuvier, 1829)","Furcifer","pardalis","49.737032","-15.438546","Madagascar",NA,NA,"8a863029-f435-446a-821e-275f4f641165",6.68e+11
"Furcifer lateralis (Gray, 1831)","Furcifer","lateralis","47.340855","-19.61541","Madagascar",NA,NA,"50c9509d-22c7-4a22-a47d-8c48425ef4a7",6.68e+11
"Furcifer lateralis (Gray, 1831)","Furcifer","lateralis","47.047338","-19.990201","Madagascar",NA,NA,"50c9509d-22c7-4a22-a47d-8c48425ef4a7",6.68e+11
"Furcifer pardalis (Cuvier, 1829)","Furcifer","pardalis","49.195793","-12.923185","Madagascar",NA,NA,"50c9509d-22c7-4a22-a47d-8c48425ef4a7",6.68e+11
"Furcifer oustaleti (Mocquard, 1894)","Furcifer","oustaleti","46.899075","-16.37016","Madagascar",NA,NA,"50c9509d-22c7-4a22-a47d-8c48425ef4a7",6.68e+11
"Furcifer pardalis (Cuvier, 1829)","Furcifer","pardalis","49.903852","-16.924781","Madagascar","Ile Sainte-Marie",NA,"50c9509d-22c7-4a22-a47d-8c48425ef4a7",6.68e+11
"Furcifer oustaleti (Mocquard, 1894)","Furcifer","oustaleti","45.341949","-22.564562","Madagascar",NA,NA,"6ac3f774-d9fb-4796-b3e9-92bf6c81c084",6.68e+11
"Furcifer oustaleti (Mocquard, 1894)","Furcifer","oustaleti","49.138355","-12.923424","Madagascar",NA,NA,"6ac3f774-d9fb-4796-b3e9-92bf6c81c084",6.68e+11
"Furcifer oustaleti (Mocquard, 1894)","Furcifer","oustaleti","47.949772","-18.93162","Madagascar",NA,NA,"6ac3f774-d9fb-4796-b3e9-92bf6c81c084",6.68e+11
"Furcifer labordi (Grandidier, 1872)","Furcifer","labordi","47.949772","-18.93162","Madagascar",NA,NA,"6ac3f774-d9fb-4796-b3e9-92bf6c81c084",6.68e+11
"Furcifer pardalis (Cuvier, 1829)","Furcifer","pardalis","47.949772","-18.93162","Madagascar",NA,NA,"6ac3f774-d9fb-4796-b3e9-92bf6c81c084",6.68e+11
"Furcifer lateralis (Gray, 1831)","Furcifer","lateralis","46.845245","-21.850027","Madagascar",NA,NA,"6ac3f774-d9fb-4796-b3e9-92bf6c81c084",6.68e+11
"Furcifer polleni (Peters, 1874)","Furcifer","polleni","45.196791","-12.831134","Mayotte",NA,NA,"50c9509d-22c7-4a22-a47d-8c48425ef4a7",378937500
"Furcifer oustaleti (Mocquard, 1894)","Furcifer","oustaleti","45.382108","-19.499792","Madagascar",NA,NA,"8a863029-f435-446a-821e-275f4f641165",6.68e+11
"Furcifer oustaleti (Mocquard, 1894)","Furcifer","oustaleti","46.939691","-16.239465","Madagascar",NA,NA,"50c9509d-22c7-4a22-a47d-8c48425ef4a7",6.68e+11
"Furcifer rhinoceratus (Gray, 1845)","Furcifer","rhinoceratus","46.860842","-16.391731","Madagascar",NA,NA,"50c9509d-22c7-4a22-a47d-8c48425ef4a7",6.68e+11
"Furcifer willsii (Günther, 1890)","Furcifer","willsii","48.433764","-18.938839","Madagascar",NA,NA,"50c9509d-22c7-4a22-a47d-8c48425ef4a7",6.68e+11
"Furcifer oustaleti (Mocquard, 1894)","Furcifer","oustaleti","43.803864","-23.373774","Madagascar",NA,NA,"50c9509d-22c7-4a22-a47d-8c48425ef4a7",6.68e+11
"Furcifer oustaleti (Mocquard, 1894)","Furcifer","oustaleti","45.370306","-22.550164","Madagascar",NA,NA,"50c9509d-22c7-4a22-a47d-8c48425ef4a7",6.68e+11
"Furcifer oustaleti (Mocquard, 1894)","Furcifer","oustaleti","47.949862","-18.934016","Madagascar",NA,NA,"50c9509d-22c7-4a22-a47d-8c48425ef4a7",6.68e+11
"Furcifer oustaleti (Mocquard, 1894)","Furcifer","oustaleti","46.774537","-22.078843","Madagascar",NA,NA,"50c9509d-22c7-4a22-a47d-8c48425ef4a7",6.68e+11
"Furcifer pardalis (Cuvier, 1829)","Furcifer","pardalis","46.948566","-19.477158","Madagascar",NA,NA,"6ac3f774-d9fb-4796-b3e9-92bf6c81c084",6.68e+11
"Furcifer oustaleti (Mocquard, 1894)","Furcifer","oustaleti","45.242851","-22.380823","Madagascar",NA,NA,"6ac3f774-d9fb-4796-b3e9-92bf6c81c084",6.68e+11
"Furcifer pardalis (Cuvier, 1829)","Furcifer","pardalis","47.413815","-21.26833","Madagascar",NA,NA,"6ac3f774-d9fb-4796-b3e9-92bf6c81c084",6.68e+11
"Furcifer lateralis (Gray, 1831)","Furcifer","lateralis","45.242851","-22.380823","Madagascar",NA,NA,"6ac3f774-d9fb-4796-b3e9-92bf6c81c084",6.68e+11
"Furcifer oustaleti (Mocquard, 1894)","Furcifer","oustaleti","46.705999","-21.965958","Madagascar",NA,NA,"50c9509d-22c7-4a22-a47d-8c48425ef4a7",6.68e+11
"Furcifer balteatus (Duméril & Bibron, 1851)","Furcifer","balteatus","47.481376","-21.302808","Madagascar",NA,NA,"50c9509d-22c7-4a22-a47d-8c48425ef4a7",6.68e+11
"Furcifer oustaleti (Mocquard, 1894)","Furcifer","oustaleti","46.775408","-16.236528","Madagascar",NA,NA,"50c9509d-22c7-4a22-a47d-8c48425ef4a7",6.68e+11
"Furcifer pardalis (Cuvier, 1829)","Furcifer","pardalis","50.041409","-15.719289","Madagascar",NA,NA,"50c9509d-22c7-4a22-a47d-8c48425ef4a7",6.68e+11
"Furcifer oustaleti (Mocquard, 1894)","Furcifer","oustaleti","46.816566","-16.305906","Madagascar",NA,NA,"50c9509d-22c7-4a22-a47d-8c48425ef4a7",6.68e+11
"Furcifer oustaleti (Mocquard, 1894)","Furcifer","oustaleti","44.690421","-22.879982","Madagascar",NA,NA,"50c9509d-22c7-4a22-a47d-8c48425ef4a7",6.68e+11
"Furcifer oustaleti (Mocquard, 1894)","Furcifer","oustaleti","47.950126","-18.931824","Madagascar",NA,NA,"8a863029-f435-446a-821e-275f4f641165",6.68e+11
"Furcifer oustaleti (Mocquard, 1894)","Furcifer","oustaleti","47.950126","-18.931824","Madagascar",NA,NA,"8a863029-f435-446a-821e-275f4f641165",6.68e+11
"Furcifer pardalis (Cuvier, 1829)","Furcifer","pardalis","47.950126","-18.931824","Madagascar",NA,NA,"8a863029-f435-446a-821e-275f4f641165",6.68e+11
"Furcifer lateralis (Gray, 1831)","Furcifer","lateralis","47.950126","-18.931824","Madagascar",NA,NA,"8a863029-f435-446a-821e-275f4f641165",6.68e+11
"Furcifer rhinoceratus (Gray, 1845)","Furcifer","rhinoceratus","46.706966","-16.268895","Madagascar",NA,NA,"50c9509d-22c7-4a22-a47d-8c48425ef4a7",6.68e+11
"Furcifer oustaleti (Mocquard, 1894)","Furcifer","oustaleti","44.68586","-22.876808","Madagascar",NA,NA,"50c9509d-22c7-4a22-a47d-8c48425ef4a7",6.68e+11
"Furcifer lateralis (Gray, 1831)","Furcifer","lateralis","48.391788","-18.748384","Madagascar",NA,NA,"6ac3f774-d9fb-4796-b3e9-92bf6c81c084",6.68e+11
"Furcifer pardalis (Cuvier, 1829)","Furcifer","pardalis","45.242851","-22.380823","Madagascar",NA,NA,"6ac3f774-d9fb-4796-b3e9-92bf6c81c084",6.68e+11
"Furcifer pardalis (Cuvier, 1829)","Furcifer","pardalis","47.608212","-18.748384","Madagascar",NA,NA,"6ac3f774-d9fb-4796-b3e9-92bf6c81c084",6.68e+11
"Furcifer pardalis (Cuvier, 1829)","Furcifer","pardalis","47.653496","-21.456486","Madagascar",NA,NA,"6ac3f774-d9fb-4796-b3e9-92bf6c81c084",6.68e+11
"Furcifer labordi (Grandidier, 1872)","Furcifer","labordi","47.949772","-18.93162","Madagascar",NA,NA,"6ac3f774-d9fb-4796-b3e9-92bf6c81c084",6.68e+11
"Furcifer lateralis (Gray, 1831)","Furcifer","lateralis","47.608212","-18.748384","Madagascar",NA,NA,"6ac3f774-d9fb-4796-b3e9-92bf6c81c084",6.68e+11
"Furcifer oustaleti (Mocquard, 1894)","Furcifer","oustaleti","47.608212","-18.748384","Madagascar",NA,NA,"6ac3f774-d9fb-4796-b3e9-92bf6c81c084",6.68e+11
"Furcifer pardalis (Cuvier, 1829)","Furcifer","pardalis","48.453742","-13.663534","Madagascar",NA,NA,"50c9509d-22c7-4a22-a47d-8c48425ef4a7",6.68e+11
"Furcifer pardalis (Cuvier, 1829)","Furcifer","pardalis","55.295473","-21.137609","Reunion",NA,NA,"50c9509d-22c7-4a22-a47d-8c48425ef4a7",2896937500
"Furcifer pardalis (Cuvier, 1829)","Furcifer","pardalis","55.295407","-21.137667","Reunion",NA,NA,"50c9509d-22c7-4a22-a47d-8c48425ef4a7",2896937500
"Furcifer lateralis (Gray, 1831)","Furcifer","lateralis","45.341949","-22.564562","Madagascar",NA,NA,"6ac3f774-d9fb-4796-b3e9-92bf6c81c084",6.68e+11
"Furcifer oustaleti (Mocquard, 1894)","Furcifer","oustaleti","45.341949","-22.564562","Madagascar",NA,NA,"6ac3f774-d9fb-4796-b3e9-92bf6c81c084",6.68e+11
"Furcifer lateralis (Gray, 1831)","Furcifer","lateralis","45.341949","-22.564562","Madagascar",NA,NA,"6ac3f774-d9fb-4796-b3e9-92bf6c81c084",6.68e+11
"Furcifer polleni (Peters, 1874)","Furcifer","polleni","45.153707","-12.813451","Mayotte",NA,NA,"50c9509d-22c7-4a22-a47d-8c48425ef4a7",378937500
"Furcifer major (Brygoo, 1971)","Furcifer","major","44.94521","-25.42926","Madagascar",NA,NA,"50c9509d-22c7-4a22-a47d-8c48425ef4a7",6.68e+11
"Furcifer major (Brygoo, 1971)","Furcifer","major","44.94521","-25.42926","Madagascar",NA,NA,"50c9509d-22c7-4a22-a47d-8c48425ef4a7",6.68e+11
"Furcifer major (Brygoo, 1971)","Furcifer","major","45.063875","-22.17389","Madagascar",NA,NA,"50c9509d-22c7-4a22-a47d-8c48425ef4a7",6.68e+11
"Furcifer major (Brygoo, 1971)","Furcifer","major","45.063875","-22.17389","Madagascar",NA,NA,"50c9509d-22c7-4a22-a47d-8c48425ef4a7",6.68e+11
"Furcifer verrucosus Cuvier, 1829","Furcifer","verrucosus","45.063875","-22.17389","Madagascar",NA,NA,"50c9509d-22c7-4a22-a47d-8c48425ef4a7",6.68e+11
"Furcifer verrucosus Cuvier, 1829","Furcifer","verrucosus","46.985369","-25.022531","Madagascar",NA,NA,"50c9509d-22c7-4a22-a47d-8c48425ef4a7",6.68e+11
"Furcifer lateralis (Gray, 1831)","Furcifer","lateralis","47.309414","-20.656218","Madagascar",NA,NA,"50c9509d-22c7-4a22-a47d-8c48425ef4a7",6.68e+11
"Furcifer lateralis (Gray, 1831)","Furcifer","lateralis","47.410469","-21.2649","Madagascar",NA,NA,"6ac3f774-d9fb-4796-b3e9-92bf6c81c084",6.68e+11
"Furcifer lateralis (Gray, 1831)","Furcifer","lateralis","46.858269","-21.859619","Madagascar",NA,NA,"50c9509d-22c7-4a22-a47d-8c48425ef4a7",6.68e+11
"Furcifer willsii (Günther, 1890)","Furcifer","willsii","48.429108","-18.936165","Madagascar",NA,NA,"50c9509d-22c7-4a22-a47d-8c48425ef4a7",6.68e+11
"Furcifer lateralis (Gray, 1831)","Furcifer","lateralis","46.85827","-21.85962","Madagascar",NA,NA,"50c9509d-22c7-4a22-a47d-8c48425ef4a7",6.68e+11
"Furcifer oustaleti (Mocquard, 1894)","Furcifer","oustaleti","46.85827","-21.85962","Madagascar",NA,NA,"50c9509d-22c7-4a22-a47d-8c48425ef4a7",6.68e+11
"Furcifer lateralis (Gray, 1831)","Furcifer","lateralis","46.85827","-21.85962","Madagascar",NA,NA,"50c9509d-22c7-4a22-a47d-8c48425ef4a7",6.68e+11
"Furcifer lateralis (Gray, 1831)","Furcifer","lateralis","46.85827","-21.85962","Madagascar",NA,NA,"50c9509d-22c7-4a22-a47d-8c48425ef4a7",6.68e+11
"Furcifer lateralis (Gray, 1831)","Furcifer","lateralis","47.161172","-21.011813","Madagascar",NA,NA,"50c9509d-22c7-4a22-a47d-8c48425ef4a7",6.68e+11
"Furcifer pardalis (Cuvier, 1829)","Furcifer","pardalis","55.29027","-21.14391","Reunion",NA,NA,"02743f84-b52a-433f-8482-f54bc86014b7",2896937500
"Furcifer pardalis (Cuvier, 1829)","Furcifer","pardalis","55.64185","-21.31126","Reunion",NA,NA,"02743f84-b52a-433f-8482-f54bc86014b7",2896937500
"Furcifer pardalis (Cuvier, 1829)","Furcifer","pardalis","55.24682","-21.04522","Reunion",NA,NA,"02743f84-b52a-433f-8482-f54bc86014b7",2896937500
"Furcifer pardalis (Cuvier, 1829)","Furcifer","pardalis","55.27384","-21.01822","Reunion",NA,NA,"02743f84-b52a-433f-8482-f54bc86014b7",2896937500
"Furcifer pardalis (Cuvier, 1829)","Furcifer","pardalis","55.27771","-21.1477","Reunion",NA,NA,"02743f84-b52a-433f-8482-f54bc86014b7",2896937500
"Furcifer oustaleti (Mocquard, 1894)","Furcifer","oustaleti","47.235394","-14.988631","Madagascar",NA,NA,"50c9509d-22c7-4a22-a47d-8c48425ef4a7",6.68e+11
"Furcifer oustaleti (Mocquard, 1894)","Furcifer","oustaleti","49.119785","-12.944045","Madagascar",NA,NA,"50c9509d-22c7-4a22-a47d-8c48425ef4a7",6.68e+11
"Furcifer pardalis (Cuvier, 1829)","Furcifer","pardalis","49.119785","-12.944045","Madagascar",NA,NA,"50c9509d-22c7-4a22-a47d-8c48425ef4a7",6.68e+11
"Furcifer pardalis (Cuvier, 1829)","Furcifer","pardalis","49.119785","-12.944045","Madagascar",NA,NA,"50c9509d-22c7-4a22-a47d-8c48425ef4a7",6.68e+11
"Furcifer oustaleti (Mocquard, 1894)","Furcifer","oustaleti","49.249768","-12.753819","Madagascar",NA,NA,"50c9509d-22c7-4a22-a47d-8c48425ef4a7",6.68e+11
"Furcifer angeli (Brygoo & Domergue, 1968)","Furcifer","angeli","47.236404","-15.003158","Madagascar",NA,NA,"50c9509d-22c7-4a22-a47d-8c48425ef4a7",6.68e+11
"Furcifer oustaleti (Mocquard, 1894)","Furcifer","oustaleti","47.231255","-14.991053","Madagascar",NA,NA,"50c9509d-22c7-4a22-a47d-8c48425ef4a7",6.68e+11
"Furcifer pardalis (Cuvier, 1829)","Furcifer","pardalis","50.106616","-15.661378","Madagascar",NA,NA,"50c9509d-22c7-4a22-a47d-8c48425ef4a7",6.68e+11
"Furcifer oustaleti (Mocquard, 1894)","Furcifer","oustaleti","49.36227","-12.581305","Madagascar",NA,NA,"50c9509d-22c7-4a22-a47d-8c48425ef4a7",6.68e+11
"Furcifer pardalis (Cuvier, 1829)","Furcifer","pardalis","49.36227","-12.581305","Madagascar",NA,NA,"50c9509d-22c7-4a22-a47d-8c48425ef4a7",6.68e+11
"Furcifer pardalis (Cuvier, 1829)","Furcifer","pardalis","49.36227","-12.581305","Madagascar",NA,NA,"50c9509d-22c7-4a22-a47d-8c48425ef4a7",6.68e+11
"Furcifer pardalis (Cuvier, 1829)","Furcifer","pardalis","49.14355","-12.91688","Madagascar",NA,NA,"50c9509d-22c7-4a22-a47d-8c48425ef4a7",6.68e+11
"Furcifer pardalis (Cuvier, 1829)","Furcifer","pardalis","49.14355","-12.91688","Madagascar",NA,NA,"50c9509d-22c7-4a22-a47d-8c48425ef4a7",6.68e+11
"Furcifer oustaleti (Mocquard, 1894)","Furcifer","oustaleti","49.14355","-12.91688","Madagascar",NA,NA,"50c9509d-22c7-4a22-a47d-8c48425ef4a7",6.68e+11
"Furcifer oustaleti (Mocquard, 1894)","Furcifer","oustaleti","47.229731","-14.996118","Madagascar",NA,NA,"50c9509d-22c7-4a22-a47d-8c48425ef4a7",6.68e+11
"Furcifer oustaleti (Mocquard, 1894)","Furcifer","oustaleti","47.229731","-14.996118","Madagascar",NA,NA,"50c9509d-22c7-4a22-a47d-8c48425ef4a7",6.68e+11
"Furcifer pardalis (Cuvier, 1829)","Furcifer","pardalis","49.177035","-12.874455","Madagascar",NA,NA,"50c9509d-22c7-4a22-a47d-8c48425ef4a7",6.68e+11
"Furcifer pardalis (Cuvier, 1829)","Furcifer","pardalis","49.153661","-18.634308","Madagascar",NA,NA,"50c9509d-22c7-4a22-a47d-8c48425ef4a7",6.68e+11
"Furcifer oustaleti (Mocquard, 1894)","Furcifer","oustaleti","49.213421","-18.605185","Madagascar",NA,NA,"50c9509d-22c7-4a22-a47d-8c48425ef4a7",6.68e+11
"Furcifer pardalis (Cuvier, 1829)","Furcifer","pardalis","49.213421","-18.605185","Madagascar",NA,NA,"50c9509d-22c7-4a22-a47d-8c48425ef4a7",6.68e+11
"Furcifer pardalis (Cuvier, 1829)","Furcifer","pardalis","49.213421","-18.605185","Madagascar",NA,NA,"50c9509d-22c7-4a22-a47d-8c48425ef4a7",6.68e+11
"Furcifer pardalis (Cuvier, 1829)","Furcifer","pardalis","49.50532","-17.688266","Madagascar",NA,NA,"50c9509d-22c7-4a22-a47d-8c48425ef4a7",6.68e+11
"Furcifer pardalis (Cuvier, 1829)","Furcifer","pardalis","49.889998","-16.91424","Madagascar","Ile Sainte-Marie",NA,"50c9509d-22c7-4a22-a47d-8c48425ef4a7",6.68e+11
"Furcifer oustaleti (Mocquard, 1894)","Furcifer","oustaleti","44.417412","-20.251772","Madagascar",NA,NA,"50c9509d-22c7-4a22-a47d-8c48425ef4a7",6.68e+11
"Furcifer polleni (Peters, 1874)","Furcifer","polleni","45.13293","-12.7883","Mayotte",NA,NA,"7247dc2e-b862-4555-b533-7701d183271b",378937500
"Furcifer oustaleti (Mocquard, 1894)","Furcifer","oustaleti","46.384833","-22.007203","Madagascar",NA,NA,"50c9509d-22c7-4a22-a47d-8c48425ef4a7",6.68e+11
"Furcifer oustaleti (Mocquard, 1894)","Furcifer","oustaleti","46.817589","-16.312419","Madagascar",NA,NA,"50c9509d-22c7-4a22-a47d-8c48425ef4a7",6.68e+11
"Furcifer oustaleti (Mocquard, 1894)","Furcifer","oustaleti","47.228592","-14.990505","Madagascar",NA,NA,"50c9509d-22c7-4a22-a47d-8c48425ef4a7",6.68e+11
"Furcifer pardalis (Cuvier, 1829)","Furcifer","pardalis","57.730148","-20.366739","Mauritius",NA,NA,"50c9509d-22c7-4a22-a47d-8c48425ef4a7",2129062500
"Furcifer oustaleti (Mocquard, 1894)","Furcifer","oustaleti","46.816378","-16.311409","Madagascar",NA,NA,"50c9509d-22c7-4a22-a47d-8c48425ef4a7",6.68e+11
"Furcifer oustaleti (Mocquard, 1894)","Furcifer","oustaleti","43.648836","-23.270273","Madagascar",NA,NA,"50c9509d-22c7-4a22-a47d-8c48425ef4a7",6.68e+11
"Furcifer oustaleti (Mocquard, 1894)","Furcifer","oustaleti","49.15","-12.616667","Madagascar",NA,NA,"50c9509d-22c7-4a22-a47d-8c48425ef4a7",6.68e+11
"Furcifer oustaleti (Mocquard, 1894)","Furcifer","oustaleti","49.15","-12.616667","Madagascar",NA,NA,"50c9509d-22c7-4a22-a47d-8c48425ef4a7",6.68e+11
"Furcifer verrucosus Cuvier, 1829","Furcifer","verrucosus","43.615933","-23.14532","Madagascar",NA,NA,"50c9509d-22c7-4a22-a47d-8c48425ef4a7",6.68e+11
"Furcifer oustaleti (Mocquard, 1894)","Furcifer","oustaleti","48.458738","-18.83498","Madagascar",NA,NA,"50c9509d-22c7-4a22-a47d-8c48425ef4a7",6.68e+11
"Furcifer oustaleti (Mocquard, 1894)","Furcifer","oustaleti","45.43652","-19.73868","Madagascar",NA,NA,"50c9509d-22c7-4a22-a47d-8c48425ef4a7",6.68e+11
"Furcifer lateralis (Gray, 1831)","Furcifer","lateralis","47.524619","-18.930314","Madagascar",NA,NA,"50c9509d-22c7-4a22-a47d-8c48425ef4a7",6.68e+11
"Furcifer pardalis (Cuvier, 1829)","Furcifer","pardalis","49.979039","-15.610322","Madagascar",NA,NA,"50c9509d-22c7-4a22-a47d-8c48425ef4a7",6.68e+11
"Furcifer pardalis (Cuvier, 1829)","Furcifer","pardalis","49.979039","-15.610322","Madagascar",NA,NA,"50c9509d-22c7-4a22-a47d-8c48425ef4a7",6.68e+11
"Furcifer oustaleti (Mocquard, 1894)","Furcifer","oustaleti","44.79438","-18.919966","Madagascar",NA,NA,"50c9509d-22c7-4a22-a47d-8c48425ef4a7",6.68e+11
"Furcifer oustaleti (Mocquard, 1894)","Furcifer","oustaleti","46.816784","-16.31236","Madagascar",NA,NA,"50c9509d-22c7-4a22-a47d-8c48425ef4a7",6.68e+11
"Furcifer oustaleti (Mocquard, 1894)","Furcifer","oustaleti","46.816784","-16.31236","Madagascar",NA,NA,"50c9509d-22c7-4a22-a47d-8c48425ef4a7",6.68e+11
"Furcifer oustaleti (Mocquard, 1894)","Furcifer","oustaleti","44.691916","-22.885809","Madagascar",NA,NA,"50c9509d-22c7-4a22-a47d-8c48425ef4a7",6.68e+11
"Furcifer pardalis (Cuvier, 1829)","Furcifer","pardalis","48.259261","-13.315019","Madagascar","Nosy Be",NA,"50c9509d-22c7-4a22-a47d-8c48425ef4a7",298125000
"Furcifer pardalis (Cuvier, 1829)","Furcifer","pardalis","48.259261","-13.315019","Madagascar","Nosy Be",NA,"50c9509d-22c7-4a22-a47d-8c48425ef4a7",298125000
"Furcifer verrucosus Cuvier, 1829","Furcifer","verrucosus","46.985369","-25.022531","Madagascar",NA,NA,"50c9509d-22c7-4a22-a47d-8c48425ef4a7",6.68e+11
"Furcifer pardalis (Cuvier, 1829)","Furcifer","pardalis","55.408449","-20.90405","Reunion",NA,NA,"50c9509d-22c7-4a22-a47d-8c48425ef4a7",2896937500
"Furcifer major (Brygoo, 1971)","Furcifer","major","43.787389","-24.03643","Madagascar",NA,NA,"50c9509d-22c7-4a22-a47d-8c48425ef4a7",6.68e+11
"Furcifer oustaleti (Mocquard, 1894)","Furcifer","oustaleti","44.680023","-22.879338","Madagascar",NA,NA,"50c9509d-22c7-4a22-a47d-8c48425ef4a7",6.68e+11
"Furcifer pardalis (Cuvier, 1829)","Chamaeleo","pardalis","55.63682","-21.04981","Reunion",NA,NA,"f946666e-67dc-4848-9fa8-2162f3559e33",2896937500
"Furcifer pardalis (Cuvier, 1829)","Chamaeleo","pardalis","55.51969","-21.03245","Reunion",NA,NA,"f946666e-67dc-4848-9fa8-2162f3559e33",2896937500
"Furcifer pardalis (Cuvier, 1829)","Chamaeleo","pardalis","55.37314","-21.14029","Reunion",NA,NA,"f946666e-67dc-4848-9fa8-2162f3559e33",2896937500
"Furcifer pardalis (Cuvier, 1829)","Chamaeleo","pardalis","55.39214","-21.02638","Reunion",NA,NA,"f946666e-67dc-4848-9fa8-2162f3559e33",2896937500
"Furcifer pardalis (Cuvier, 1829)","Chamaeleo","pardalis","55.56519","-21.22599","Reunion",NA,NA,"f946666e-67dc-4848-9fa8-2162f3559e33",2896937500
"Furcifer pardalis (Cuvier, 1829)","Chamaeleo","pardalis","55.24132","-21.03142","Reunion",NA,NA,"f946666e-67dc-4848-9fa8-2162f3559e33",2896937500
"Furcifer campani (Grandidier, 1872)","Furcifer","campani","46.915353","-22.141035","Madagascar",NA,NA,"50c9509d-22c7-4a22-a47d-8c48425ef4a7",6.68e+11
"Furcifer major (Brygoo, 1971)","Furcifer","major","43.670513","-23.362147","Madagascar",NA,NA,"50c9509d-22c7-4a22-a47d-8c48425ef4a7",6.68e+11
"Furcifer verrucosus Cuvier, 1829","Furcifer","verrucosus","43.652788","-23.689073","Madagascar",NA,NA,"50c9509d-22c7-4a22-a47d-8c48425ef4a7",6.68e+11
"Furcifer verrucosus Cuvier, 1829","Furcifer","verrucosus","46.941073","-25.019316","Madagascar",NA,NA,"50c9509d-22c7-4a22-a47d-8c48425ef4a7",6.68e+11
"Furcifer major (Brygoo, 1971)","Furcifer","major","45.361869","-22.599863","Madagascar",NA,NA,"50c9509d-22c7-4a22-a47d-8c48425ef4a7",6.68e+11
"Furcifer pardalis (Cuvier, 1829)","Furcifer","pardalis","49.14355","-12.91688","Madagascar",NA,NA,"50c9509d-22c7-4a22-a47d-8c48425ef4a7",6.68e+11
"Furcifer oustaleti (Mocquard, 1894)","Furcifer","oustaleti","49.249014","-12.760475","Madagascar",NA,NA,"50c9509d-22c7-4a22-a47d-8c48425ef4a7",6.68e+11
"Furcifer oustaleti (Mocquard, 1894)","Furcifer","oustaleti","49.14355","-12.91688","Madagascar",NA,NA,"50c9509d-22c7-4a22-a47d-8c48425ef4a7",6.68e+11
"Furcifer pardalis (Cuvier, 1829)","Furcifer","pardalis","49.14355","-12.91688","Madagascar",NA,NA,"50c9509d-22c7-4a22-a47d-8c48425ef4a7",6.68e+11
"Furcifer pardalis (Cuvier, 1829)","Furcifer","pardalis","49.146082","-12.915562","Madagascar",NA,NA,"50c9509d-22c7-4a22-a47d-8c48425ef4a7",6.68e+11
"Furcifer verrucosus Cuvier, 1829","Furcifer","verrucosus","46.297568","-25.002816","Madagascar",NA,NA,"50c9509d-22c7-4a22-a47d-8c48425ef4a7",6.68e+11
"Furcifer oustaleti (Mocquard, 1894)","Furcifer","oustaleti","46.865959","-21.844292","Madagascar",NA,NA,"50c9509d-22c7-4a22-a47d-8c48425ef4a7",6.68e+11
"Furcifer oustaleti (Mocquard, 1894)","Furcifer","oustaleti","46.803217","-16.305806","Madagascar",NA,NA,"50c9509d-22c7-4a22-a47d-8c48425ef4a7",6.68e+11
"Furcifer rhinoceratus (Gray, 1845)","Furcifer","rhinoceratus","46.934353","-16.388426","Madagascar",NA,NA,"50c9509d-22c7-4a22-a47d-8c48425ef4a7",6.68e+11
"Furcifer oustaleti (Mocquard, 1894)","Furcifer","oustaleti","44.689233","-22.870167","Madagascar",NA,NA,"50c9509d-22c7-4a22-a47d-8c48425ef4a7",6.68e+11
"Furcifer verrucosus Cuvier, 1829","Furcifer","verrucosus","46.304031","-25.006133","Madagascar",NA,NA,"50c9509d-22c7-4a22-a47d-8c48425ef4a7",6.68e+11
"Furcifer verrucosus Cuvier, 1829","Furcifer","verrucosus","46.304031","-25.006133","Madagascar",NA,NA,"50c9509d-22c7-4a22-a47d-8c48425ef4a7",6.68e+11
"Furcifer oustaleti (Mocquard, 1894)","Furcifer","oustaleti","49.17235","-12.526617","Madagascar",NA,NA,"50c9509d-22c7-4a22-a47d-8c48425ef4a7",6.68e+11
"Furcifer oustaleti (Mocquard, 1894)","Furcifer","oustaleti","49.207792","-12.486889","Madagascar",NA,NA,"50c9509d-22c7-4a22-a47d-8c48425ef4a7",6.68e+11
"Furcifer pardalis (Cuvier, 1829)","Furcifer","pardalis","49.128281","-12.818478","Madagascar",NA,NA,"50c9509d-22c7-4a22-a47d-8c48425ef4a7",6.68e+11
"Furcifer pardalis (Cuvier, 1829)","Furcifer","pardalis","49.246197","-12.747503","Madagascar",NA,NA,"50c9509d-22c7-4a22-a47d-8c48425ef4a7",6.68e+11
"Furcifer pardalis (Cuvier, 1829)","Furcifer","pardalis","49.98161","-13.369192","Madagascar",NA,NA,"50c9509d-22c7-4a22-a47d-8c48425ef4a7",6.68e+11
"Furcifer oustaleti (Mocquard, 1894)","Furcifer","oustaleti","49.716195","-13.20935","Madagascar",NA,NA,"50c9509d-22c7-4a22-a47d-8c48425ef4a7",6.68e+11
"Furcifer oustaleti (Mocquard, 1894)","Furcifer","oustaleti","49.970758","-13.376034","Madagascar",NA,NA,"50c9509d-22c7-4a22-a47d-8c48425ef4a7",6.68e+11
"Furcifer oustaleti (Mocquard, 1894)","Furcifer","oustaleti","44.459193","-17.439715","Madagascar",NA,NA,"50c9509d-22c7-4a22-a47d-8c48425ef4a7",6.68e+11
"Furcifer oustaleti (Mocquard, 1894)","Furcifer","oustaleti","44.72659","-17.909334","Madagascar",NA,NA,"50c9509d-22c7-4a22-a47d-8c48425ef4a7",6.68e+11
"Furcifer oustaleti (Mocquard, 1894)","Furcifer","oustaleti","44.237365","-17.704763","Madagascar",NA,NA,"50c9509d-22c7-4a22-a47d-8c48425ef4a7",6.68e+11
"Furcifer oustaleti (Mocquard, 1894)","Furcifer","oustaleti","44.530397","-18.039064","Madagascar",NA,NA,"50c9509d-22c7-4a22-a47d-8c48425ef4a7",6.68e+11
"Furcifer oustaleti (Mocquard, 1894)","Furcifer","oustaleti","44.657433","-20.066929","Madagascar",NA,NA,"50c9509d-22c7-4a22-a47d-8c48425ef4a7",6.68e+11
"Furcifer lateralis (Gray, 1831)","Furcifer","lateralis","46.941189","-21.83008","Madagascar",NA,NA,"50c9509d-22c7-4a22-a47d-8c48425ef4a7",6.68e+11
"Furcifer oustaleti (Mocquard, 1894)","Furcifer","oustaleti","46.941189","-21.83008","Madagascar",NA,NA,"50c9509d-22c7-4a22-a47d-8c48425ef4a7",6.68e+11
"Furcifer oustaleti (Mocquard, 1894)","Furcifer","oustaleti","46.941189","-21.83008","Madagascar",NA,NA,"50c9509d-22c7-4a22-a47d-8c48425ef4a7",6.68e+11
"Furcifer pardalis (Cuvier, 1829)","Furcifer","pardalis","49.341434","-12.249431","Madagascar",NA,NA,"50c9509d-22c7-4a22-a47d-8c48425ef4a7",6.68e+11
"Furcifer pardalis (Cuvier, 1829)","Furcifer","pardalis","49.205616","-12.493763","Madagascar",NA,NA,"50c9509d-22c7-4a22-a47d-8c48425ef4a7",6.68e+11
"Furcifer cephalolepis (Günther, 1880)","Furcifer","cephalolepis","43.338551","-11.763118","Comoros","Grande Comore",NA,"50c9509d-22c7-4a22-a47d-8c48425ef4a7",1062937500
"Furcifer pardalis (Cuvier, 1829)","Furcifer","pardalis","55.507322","-21.108733","Reunion",NA,NA,"50c9509d-22c7-4a22-a47d-8c48425ef4a7",2896937500
"Furcifer pardalis (Cuvier, 1829)","Furcifer","pardalis","55.61975","-21.02332","Reunion",NA,NA,"6eabe254-f2a1-4144-8d27-28dc87d44286",2896937500
"Furcifer oustaleti (Mocquard, 1894)","Furcifer","oustaleti","49.065548","-12.922908","Madagascar",NA,NA,"50c9509d-22c7-4a22-a47d-8c48425ef4a7",6.68e+11
"Furcifer oustaleti (Mocquard, 1894)","Furcifer","oustaleti","49.065527","-12.922396","Madagascar",NA,NA,"50c9509d-22c7-4a22-a47d-8c48425ef4a7",6.68e+11
"Furcifer oustaleti (Mocquard, 1894)","Furcifer","oustaleti","47.679444","-17.083333","Madagascar",NA,NA,"50c9509d-22c7-4a22-a47d-8c48425ef4a7",6.68e+11
"Furcifer oustaleti (Mocquard, 1894)","Furcifer","oustaleti","46.25613","-22.70788","Madagascar",NA,NA,"50c9509d-22c7-4a22-a47d-8c48425ef4a7",6.68e+11
"Furcifer oustaleti (Mocquard, 1894)","Furcifer","oustaleti","47.451491","-21.259866","Madagascar",NA,NA,"50c9509d-22c7-4a22-a47d-8c48425ef4a7",6.68e+11
"Furcifer petteri (Brygoo & Domergue, 1966)","Furcifer","petteri","49.051582","-12.580378","Madagascar",NA,NA,"50c9509d-22c7-4a22-a47d-8c48425ef4a7",6.68e+11
"Furcifer petteri (Brygoo & Domergue, 1966)","Furcifer","petteri","49.01328","-12.523222","Madagascar",NA,NA,"50c9509d-22c7-4a22-a47d-8c48425ef4a7",6.68e+11
"Furcifer oustaleti (Mocquard, 1894)","Furcifer","oustaleti","49.234423","-12.464397","Madagascar",NA,NA,"50c9509d-22c7-4a22-a47d-8c48425ef4a7",6.68e+11
"Furcifer pardalis (Cuvier, 1829)","Furcifer","pardalis","49.213657","-18.605491","Madagascar",NA,NA,"50c9509d-22c7-4a22-a47d-8c48425ef4a7",6.68e+11
"Furcifer oustaleti (Mocquard, 1894)","Furcifer","oustaleti","45.43652","-19.73868","Madagascar",NA,NA,"50c9509d-22c7-4a22-a47d-8c48425ef4a7",6.68e+11
"Furcifer major (Brygoo, 1971)","Furcifer","major","45.261771","-22.465614","Madagascar",NA,NA,"50c9509d-22c7-4a22-a47d-8c48425ef4a7",6.68e+11
"Furcifer oustaleti (Mocquard, 1894)","Furcifer","oustaleti","46.10186","-22.324269","Madagascar",NA,NA,"8a863029-f435-446a-821e-275f4f641165",6.68e+11
"Furcifer oustaleti (Mocquard, 1894)","Furcifer","oustaleti","46.869107","-18.766947","Madagascar",NA,NA,"50c9509d-22c7-4a22-a47d-8c48425ef4a7",6.68e+11
"Furcifer pardalis (Cuvier, 1829)","Furcifer","pardalis","48.28193","-13.403941","Madagascar","Nosy Be",NA,"50c9509d-22c7-4a22-a47d-8c48425ef4a7",298125000
"Furcifer pardalis (Cuvier, 1829)","Furcifer","pardalis","48.337564","-13.397952","Madagascar","Nosy Be",NA,"50c9509d-22c7-4a22-a47d-8c48425ef4a7",298125000
"Furcifer pardalis (Cuvier, 1829)","Furcifer","pardalis","48.337564","-13.397952","Madagascar","Nosy Be",NA,"50c9509d-22c7-4a22-a47d-8c48425ef4a7",298125000
"Furcifer oustaleti (Mocquard, 1894)","Furcifer","oustaleti","49.100269","-12.973402","Madagascar",NA,NA,"50c9509d-22c7-4a22-a47d-8c48425ef4a7",6.68e+11
"Furcifer pardalis (Cuvier, 1829)","Furcifer","pardalis","49.136848","-12.959561","Madagascar",NA,NA,"50c9509d-22c7-4a22-a47d-8c48425ef4a7",6.68e+11
"Furcifer pardalis (Cuvier, 1829)","Furcifer","pardalis","49.257381","-12.757042","Madagascar",NA,NA,"50c9509d-22c7-4a22-a47d-8c48425ef4a7",6.68e+11
"Furcifer oustaleti (Mocquard, 1894)","Furcifer","oustaleti","49.257381","-12.757042","Madagascar",NA,NA,"50c9509d-22c7-4a22-a47d-8c48425ef4a7",6.68e+11
"Furcifer pardalis (Cuvier, 1829)","Furcifer","pardalis","49.36831","-12.277682","Madagascar",NA,NA,"50c9509d-22c7-4a22-a47d-8c48425ef4a7",6.68e+11
"Furcifer pardalis (Cuvier, 1829)","Furcifer","pardalis","49.178749","-12.520671","Madagascar",NA,NA,"50c9509d-22c7-4a22-a47d-8c48425ef4a7",6.68e+11
"Furcifer lateralis (Gray, 1831)","Furcifer","lateralis","47.36487","-23.93848","Madagascar",NA,NA,"4bfac3ea-8763-4f4b-a71a-76a6f5f243d3",6.68e+11
"Furcifer pardalis (Cuvier, 1829)","Furcifer","pardalis","49.848206","-14.510665","Madagascar",NA,NA,"50c9509d-22c7-4a22-a47d-8c48425ef4a7",6.68e+11
"Furcifer oustaleti (Mocquard, 1894)","Furcifer","oustaleti","49.065569","-12.922845","Madagascar",NA,NA,"50c9509d-22c7-4a22-a47d-8c48425ef4a7",6.68e+11
"Furcifer petteri (Brygoo & Domergue, 1966)","Furcifer","petteri","49.12751","-12.544306","Madagascar",NA,NA,"50c9509d-22c7-4a22-a47d-8c48425ef4a7",6.68e+11
"Furcifer pardalis (Cuvier, 1829)","Furcifer","pardalis","55.561103","-21.10329","Reunion",NA,NA,"50c9509d-22c7-4a22-a47d-8c48425ef4a7",2896937500
"Furcifer nicosiai Jesu, Mattioli & Schimmenti, 1999","Furcifer","nicosiai","44.663689","-20.128347","Madagascar",NA,NA,"50c9509d-22c7-4a22-a47d-8c48425ef4a7",6.68e+11
"Furcifer oustaleti (Mocquard, 1894)","Furcifer","oustaleti","44.659412","-20.067436","Madagascar",NA,NA,"50c9509d-22c7-4a22-a47d-8c48425ef4a7",6.68e+11
"Furcifer nicosiai Jesu, Mattioli & Schimmenti, 1999","Furcifer","nicosiai","44.799786","-20.056843","Madagascar",NA,NA,"50c9509d-22c7-4a22-a47d-8c48425ef4a7",6.68e+11
"Furcifer campani (Grandidier, 1872)","Furcifer","campani","47.372636","-19.337264","Madagascar",NA,NA,"50c9509d-22c7-4a22-a47d-8c48425ef4a7",6.68e+11
"Furcifer lateralis (Gray, 1831)","Furcifer","lateralis","47.324897","-19.349665","Madagascar",NA,NA,"50c9509d-22c7-4a22-a47d-8c48425ef4a7",6.68e+11
"Furcifer oustaleti (Mocquard, 1894)","Furcifer","oustaleti","44.657333","-20.067056","Madagascar",NA,NA,"50c9509d-22c7-4a22-a47d-8c48425ef4a7",6.68e+11
"Furcifer campani (Grandidier, 1872)","Furcifer","campani","46.980125","-22.125729","Madagascar",NA,NA,"50c9509d-22c7-4a22-a47d-8c48425ef4a7",6.68e+11
"Furcifer campani (Grandidier, 1872)","Furcifer","campani","46.967218","-22.101157","Madagascar",NA,NA,"50c9509d-22c7-4a22-a47d-8c48425ef4a7",6.68e+11
"Furcifer angeli (Brygoo & Domergue, 1968)","Chamaeleo","angeli","46.825883","-16.358383","Madagascar",NA,NA,"8e479b8f-ac16-4bed-a11a-bc7e27c31663",6.68e+11
"Furcifer pardalis (Cuvier, 1829)","Chamaeleo","pardalis","48.997717","-13.027217","Madagascar",NA,NA,"8e479b8f-ac16-4bed-a11a-bc7e27c31663",6.68e+11
"Furcifer lateralis (Gray, 1831)","Chamaeleo","lateralis","48.177767","-13.9795","Madagascar",NA,NA,"8e479b8f-ac16-4bed-a11a-bc7e27c31663",6.68e+11
"Furcifer pardalis (Cuvier, 1829)","Furcifer","pardalis","55.273422","-21.025512","Reunion",NA,NA,"50c9509d-22c7-4a22-a47d-8c48425ef4a7",2896937500
"Furcifer pardalis (Cuvier, 1829)","Furcifer","pardalis","55.267741","-21.025191","Reunion",NA,NA,"50c9509d-22c7-4a22-a47d-8c48425ef4a7",2896937500
"Furcifer lateralis (Gray, 1831)","Chamaeleo","lateralis","48.177767","-13.9795","Madagascar",NA,NA,"8e479b8f-ac16-4bed-a11a-bc7e27c31663",6.68e+11
"Furcifer pardalis (Cuvier, 1829)","Chamaeleo","pardalis","48.192367","-14.0026","Madagascar",NA,NA,"8e479b8f-ac16-4bed-a11a-bc7e27c31663",6.68e+11
"Furcifer pardalis (Cuvier, 1829)","Chamaeleo","pardalis","48.177767","-13.9795","Madagascar",NA,NA,"8e479b8f-ac16-4bed-a11a-bc7e27c31663",6.68e+11
"Furcifer pardalis (Cuvier, 1829)","Chamaeleo","pardalis","48.997717","-13.027217","Madagascar",NA,NA,"8e479b8f-ac16-4bed-a11a-bc7e27c31663",6.68e+11
"Furcifer pardalis (Cuvier, 1829)","Chamaeleo","pardalis","48.997717","-13.027217","Madagascar",NA,NA,"8e479b8f-ac16-4bed-a11a-bc7e27c31663",6.68e+11
"Furcifer pardalis (Cuvier, 1829)","Chamaeleo","pardalis","49.150683","-13.0466","Madagascar",NA,NA,"8e479b8f-ac16-4bed-a11a-bc7e27c31663",6.68e+11
"Furcifer lateralis (Gray, 1831)","Chamaeleo","lateralis","48.177767","-13.9795","Madagascar",NA,NA,"8e479b8f-ac16-4bed-a11a-bc7e27c31663",6.68e+11
"Furcifer pardalis (Cuvier, 1829)","Chamaeleo","pardalis","49.150683","-13.0466","Madagascar",NA,NA,"8e479b8f-ac16-4bed-a11a-bc7e27c31663",6.68e+11
"Furcifer cephalolepis (Günther, 1880)","Furcifer","cephalolepis","43.2755","-11.727667","Comoros","Grande Comore",NA,"09c4287e-e6d5-4552-a07f-bff8a00833d8",1062937500
"Furcifer cephalolepis (Günther, 1880)","Furcifer","cephalolepis","43.2755","-11.727667","Comoros","Grande Comore",NA,"09c4287e-e6d5-4552-a07f-bff8a00833d8",1062937500
"Furcifer cephalolepis (Günther, 1880)","Furcifer","cephalolepis","43.2755","-11.727667","Comoros","Grande Comore",NA,"09c4287e-e6d5-4552-a07f-bff8a00833d8",1062937500
"Furcifer pardalis (Cuvier, 1829)","Chamaeleo","pardalis","48.488567","-13.366683","Madagascar",NA,NA,"8e479b8f-ac16-4bed-a11a-bc7e27c31663",6.68e+11
"Furcifer campani (Grandidier, 1872)","Furcifer","campani","46.802358","-22.112674","Madagascar",NA,NA,"50c9509d-22c7-4a22-a47d-8c48425ef4a7",6.68e+11
"Furcifer polleni (Peters, 1874)","Furcifer","polleni","45.14324","-12.728","Mayotte",NA,NA,"f946666e-67dc-4848-9fa8-2162f3559e33",378937500
"Furcifer pardalis (Cuvier, 1829)","Chamaeleo","pardalis","55.65227","-20.92079","Reunion",NA,NA,"f946666e-67dc-4848-9fa8-2162f3559e33",2896937500
"Furcifer lateralis (Gray, 1831)","Chamaeleo","lateralis","44.47495","-19.45855","Madagascar",NA,NA,"8e479b8f-ac16-4bed-a11a-bc7e27c31663",6.68e+11
"Furcifer lateralis (Gray, 1831)","Chamaeleo","lateralis","44.47495","-19.45855","Madagascar",NA,NA,"8e479b8f-ac16-4bed-a11a-bc7e27c31663",6.68e+11
"Furcifer lateralis (Gray, 1831)","Chamaeleo","lateralis","44.47495","-19.45855","Madagascar",NA,NA,"8e479b8f-ac16-4bed-a11a-bc7e27c31663",6.68e+11
"Furcifer lateralis (Gray, 1831)","Chamaeleo","lateralis","44.47495","-19.45855","Madagascar",NA,NA,"8e479b8f-ac16-4bed-a11a-bc7e27c31663",6.68e+11
"Furcifer lateralis (Gray, 1831)","Chamaeleo","lateralis","44.47495","-19.45855","Madagascar",NA,NA,"8e479b8f-ac16-4bed-a11a-bc7e27c31663",6.68e+11
"Furcifer lateralis (Gray, 1831)","Chamaeleo","lateralis","44.47495","-19.45855","Madagascar",NA,NA,"8e479b8f-ac16-4bed-a11a-bc7e27c31663",6.68e+11
"Furcifer oustaleti (Mocquard, 1894)","Furcifer","oustaleti","47.415","-23.375","Madagascar",NA,NA,"cece4fc2-1fec-4bb5-a335-7252548e3f0b",6.68e+11
"Furcifer lateralis (Gray, 1831)","Chamaeleo","lateralis","44.016833","-17.894417","Madagascar",NA,NA,"8e479b8f-ac16-4bed-a11a-bc7e27c31663",6.68e+11
"Furcifer angeli (Brygoo & Domergue, 1968)","Chamaeleo","angeli","45.771567","-15.932533","Madagascar",NA,NA,"8e479b8f-ac16-4bed-a11a-bc7e27c31663",6.68e+11
"Furcifer angeli (Brygoo & Domergue, 1968)","Chamaeleo","angeli","45.988683","-15.920717","Madagascar",NA,NA,"8e479b8f-ac16-4bed-a11a-bc7e27c31663",6.68e+11
"Furcifer lateralis (Gray, 1831)","Chamaeleo","lateralis","45.988683","-15.920717","Madagascar",NA,NA,"8e479b8f-ac16-4bed-a11a-bc7e27c31663",6.68e+11
"Furcifer lateralis (Gray, 1831)","Chamaeleo","lateralis","45.988683","-15.920717","Madagascar",NA,NA,"8e479b8f-ac16-4bed-a11a-bc7e27c31663",6.68e+11
"BOLD:ADP1054","BOLD:ADP1054",NA,"43.346","-11.466","Comoros","Grande Comore",NA,"040c5662-da76-4782-a48e-cdea1892d14c",1062937500
"BOLD:ADP1054","BOLD:ADP1054",NA,"43.343","-11.476","Comoros","Grande Comore",NA,"040c5662-da76-4782-a48e-cdea1892d14c",1062937500
"BOLD:ADP1054","BOLD:ADP1054",NA,"43.343","-11.476","Comoros","Grande Comore",NA,"040c5662-da76-4782-a48e-cdea1892d14c",1062937500
"Furcifer lateralis (Gray, 1831)","Chamaeleo","lateralis","45.988683","-15.920717","Madagascar",NA,NA,"8e479b8f-ac16-4bed-a11a-bc7e27c31663",6.68e+11
"Furcifer cephalolepis (Günther, 1880)","Furcifer","cephalolepis","43.34","-11.48","Comoros","Grande Comore",NA,"d8cd16ba-bb74-4420-821e-083f2bac17c2",1062937500
"Furcifer cephalolepis (Günther, 1880)","Furcifer","cephalolepis","43.35","-11.47","Comoros","Grande Comore",NA,"d8cd16ba-bb74-4420-821e-083f2bac17c2",1062937500
"Furcifer cephalolepis (Günther, 1880)","Furcifer","cephalolepis","43.34","-11.48","Comoros","Grande Comore",NA,"d8cd16ba-bb74-4420-821e-083f2bac17c2",1062937500
"Furcifer pardalis (Cuvier, 1829)","Furcifer","pardalis","55.548203","-20.89658","Reunion",NA,NA,"50c9509d-22c7-4a22-a47d-8c48425ef4a7",2896937500
"Furcifer pardalis (Cuvier, 1829)","Furcifer","pardalis","55.26781","-21.02519","Reunion",NA,NA,"50c9509d-22c7-4a22-a47d-8c48425ef4a7",2896937500
"Furcifer oustaleti (Mocquard, 1894)","Furcifer","oustaleti","44.151102","-23.527764","Madagascar",NA,NA,"50c9509d-22c7-4a22-a47d-8c48425ef4a7",6.68e+11
"Furcifer pardalis (Cuvier, 1829)","Chamaeleo","pardalis","55.61732","-20.91015","Reunion",NA,NA,"f946666e-67dc-4848-9fa8-2162f3559e33",2896937500
"Furcifer petteri (Brygoo & Domergue, 1966)","Furcifer","petteri","49.385686","-12.35774","Madagascar",NA,NA,"50c9509d-22c7-4a22-a47d-8c48425ef4a7",6.68e+11
"Furcifer antimena (Grandidier, 1872)","Chamaeleo","antimena","43.3945","-22.874267","Madagascar",NA,NA,"8e479b8f-ac16-4bed-a11a-bc7e27c31663",6.68e+11
"Furcifer antimena (Grandidier, 1872)","Chamaeleo","antimena","43.3945","-22.874267","Madagascar",NA,NA,"8e479b8f-ac16-4bed-a11a-bc7e27c31663",6.68e+11
"Furcifer antimena (Grandidier, 1872)","Chamaeleo","antimena","43.3945","-22.874267","Madagascar",NA,NA,"8e479b8f-ac16-4bed-a11a-bc7e27c31663",6.68e+11
"Furcifer antimena (Grandidier, 1872)","Chamaeleo","antimena","43.40155","-22.875717","Madagascar",NA,NA,"8e479b8f-ac16-4bed-a11a-bc7e27c31663",6.68e+11
"Furcifer antimena (Grandidier, 1872)","Chamaeleo","antimena","43.3945","-22.874267","Madagascar",NA,NA,"8e479b8f-ac16-4bed-a11a-bc7e27c31663",6.68e+11
"Furcifer antimena (Grandidier, 1872)","Chamaeleo","antimena","43.408067","-22.873967","Madagascar",NA,NA,"8e479b8f-ac16-4bed-a11a-bc7e27c31663",6.68e+11
"Furcifer antimena (Grandidier, 1872)","Chamaeleo","antimena","43.40155","-22.875717","Madagascar",NA,NA,"8e479b8f-ac16-4bed-a11a-bc7e27c31663",6.68e+11
"Furcifer antimena (Grandidier, 1872)","Chamaeleo","antimena","43.3945","-22.874267","Madagascar",NA,NA,"8e479b8f-ac16-4bed-a11a-bc7e27c31663",6.68e+11
"Furcifer antimena (Grandidier, 1872)","Chamaeleo","antimena","43.3945","-22.874267","Madagascar",NA,NA,"8e479b8f-ac16-4bed-a11a-bc7e27c31663",6.68e+11
"Furcifer antimena (Grandidier, 1872)","Chamaeleo","antimena","43.2491","-22.034133","Madagascar",NA,NA,"8e479b8f-ac16-4bed-a11a-bc7e27c31663",6.68e+11
"Furcifer antimena (Grandidier, 1872)","Chamaeleo","antimena","43.2491","-22.034133","Madagascar",NA,NA,"8e479b8f-ac16-4bed-a11a-bc7e27c31663",6.68e+11
"Furcifer antimena (Grandidier, 1872)","Chamaeleo","antimena","43.2491","-22.034133","Madagascar",NA,NA,"8e479b8f-ac16-4bed-a11a-bc7e27c31663",6.68e+11
"Furcifer antimena (Grandidier, 1872)","Chamaeleo","antimena","43.2491","-22.034133","Madagascar",NA,NA,"8e479b8f-ac16-4bed-a11a-bc7e27c31663",6.68e+11
"Furcifer antimena (Grandidier, 1872)","Chamaeleo","antimena","43.2491","-22.034133","Madagascar",NA,NA,"8e479b8f-ac16-4bed-a11a-bc7e27c31663",6.68e+11
"Furcifer labordi (Grandidier, 1872)","Chamaeleo","labordi","44.057083","-20.735317","Madagascar",NA,NA,"8e479b8f-ac16-4bed-a11a-bc7e27c31663",6.68e+11
"Furcifer labordi (Grandidier, 1872)","Chamaeleo","labordi","44.057083","-20.735317","Madagascar",NA,NA,"8e479b8f-ac16-4bed-a11a-bc7e27c31663",6.68e+11
"Furcifer pardalis (Cuvier, 1829)","Furcifer","pardalis","49.945026","-15.607409","Madagascar",NA,NA,"50c9509d-22c7-4a22-a47d-8c48425ef4a7",6.68e+11
"Furcifer lateralis (Gray, 1831)","Chamaeleo","lateralis","44.47495","-19.45855","Madagascar",NA,NA,"8e479b8f-ac16-4bed-a11a-bc7e27c31663",6.68e+11
"Furcifer lateralis (Gray, 1831)","Chamaeleo","lateralis","44.47495","-19.45855","Madagascar",NA,NA,"8e479b8f-ac16-4bed-a11a-bc7e27c31663",6.68e+11
"Furcifer lateralis (Gray, 1831)","Furcifer","lateralis","46.45833","-23.41333","Madagascar",NA,NA,"4bfac3ea-8763-4f4b-a71a-76a6f5f243d3",6.68e+11
"Furcifer lateralis (Gray, 1831)","Furcifer","lateralis","46.45833","-23.41333","Madagascar",NA,NA,"4bfac3ea-8763-4f4b-a71a-76a6f5f243d3",6.68e+11
"Furcifer lateralis (Gray, 1831)","Furcifer","lateralis","46.45833","-23.41333","Madagascar",NA,NA,"4bfac3ea-8763-4f4b-a71a-76a6f5f243d3",6.68e+11
"Furcifer lateralis (Gray, 1831)","Furcifer","lateralis","46.45833","-23.41333","Madagascar",NA,NA,"4bfac3ea-8763-4f4b-a71a-76a6f5f243d3",6.68e+11
"Furcifer lateralis (Gray, 1831)","Furcifer","lateralis","46.45833","-23.41333","Madagascar",NA,NA,"4bfac3ea-8763-4f4b-a71a-76a6f5f243d3",6.68e+11
"Furcifer lateralis (Gray, 1831)","Furcifer","lateralis","46.458333","-23.413333","Madagascar",NA,NA,"cece4fc2-1fec-4bb5-a335-7252548e3f0b",6.68e+11
"Furcifer lateralis (Gray, 1831)","Furcifer","lateralis","46.458333","-23.413333","Madagascar",NA,NA,"cece4fc2-1fec-4bb5-a335-7252548e3f0b",6.68e+11
"Furcifer verrucosus Cuvier, 1829","Furcifer","verrucosus","46.869107","-18.766947","Madagascar",NA,NA,"50c9509d-22c7-4a22-a47d-8c48425ef4a7",6.68e+11
"Furcifer oustaleti (Mocquard, 1894)","Furcifer","oustaleti","46.869107","-18.766947","Madagascar",NA,NA,"50c9509d-22c7-4a22-a47d-8c48425ef4a7",6.68e+11
"Furcifer oustaleti (Mocquard, 1894)","Furcifer","oustaleti","46.869107","-18.766947","Madagascar",NA,NA,"50c9509d-22c7-4a22-a47d-8c48425ef4a7",6.68e+11
"Furcifer antimena (Grandidier, 1872)","Furcifer","antimena","43.623586","-23.100664","Madagascar",NA,NA,"50c9509d-22c7-4a22-a47d-8c48425ef4a7",6.68e+11
"Furcifer verrucosus Cuvier, 1829","Furcifer","verrucosus","43.685494","-23.351619","Madagascar",NA,NA,"50c9509d-22c7-4a22-a47d-8c48425ef4a7",6.68e+11
"BOLD:ACG6656","BOLD:ACG6656",NA,"43.328","-11.462","Comoros","Grande Comore",NA,"040c5662-da76-4782-a48e-cdea1892d14c",1062937500
"Furcifer cephalolepis (Günther, 1880)","Furcifer","cephalolepis","43.33","-11.46","Comoros","Grande Comore",NA,"d8cd16ba-bb74-4420-821e-083f2bac17c2",1062937500
"Furcifer verrucosus Cuvier, 1829","Furcifer","verrucosus","43.644977","-23.66352","Madagascar",NA,NA,"50c9509d-22c7-4a22-a47d-8c48425ef4a7",6.68e+11
"Furcifer lateralis (Gray, 1831)","Chamaeleo","lateralis","47.0347","-24.951583","Madagascar",NA,NA,"8e479b8f-ac16-4bed-a11a-bc7e27c31663",6.68e+11
"Furcifer oustaleti (Mocquard, 1894)","Furcifer","oustaleti","45.372832","-22.511946","Madagascar",NA,NA,"50c9509d-22c7-4a22-a47d-8c48425ef4a7",6.68e+11
"Furcifer lateralis (Gray, 1831)","Furcifer","lateralis","46.838899","-22.24818","Madagascar",NA,NA,"50c9509d-22c7-4a22-a47d-8c48425ef4a7",6.68e+11
"Furcifer pardalis (Cuvier, 1829)","Furcifer","pardalis","49.930939","-15.553563","Madagascar",NA,NA,"50c9509d-22c7-4a22-a47d-8c48425ef4a7",6.68e+11
"Furcifer lateralis (Gray, 1831)","Furcifer","lateralis","47.062764","-20.181362","Madagascar",NA,NA,"50c9509d-22c7-4a22-a47d-8c48425ef4a7",6.68e+11
"Furcifer balteatus (Duméril & Bibron, 1851)","Furcifer","balteatus","47.457653","-21.308105","Madagascar",NA,NA,"50c9509d-22c7-4a22-a47d-8c48425ef4a7",6.68e+11
"Furcifer willsii (Günther, 1890)","Furcifer","willsii","48.467","-18.702","Madagascar",NA,NA,"4d749d70-e2e1-11dd-8102-b8a03c50a862",6.68e+11
"Furcifer lateralis (Gray, 1831)","Chamaeleo","lateralis","43.699333","-22.84","Madagascar",NA,NA,"8e479b8f-ac16-4bed-a11a-bc7e27c31663",6.68e+11
"Furcifer lateralis (Gray, 1831)","Chamaeleo","lateralis","43.873683","-21.859867","Madagascar",NA,NA,"8e479b8f-ac16-4bed-a11a-bc7e27c31663",6.68e+11
"Furcifer labordi (Grandidier, 1872)","Chamaeleo","labordi","43.873683","-21.859867","Madagascar",NA,NA,"8e479b8f-ac16-4bed-a11a-bc7e27c31663",6.68e+11
"Furcifer labordi (Grandidier, 1872)","Chamaeleo","labordi","43.873683","-21.859867","Madagascar",NA,NA,"8e479b8f-ac16-4bed-a11a-bc7e27c31663",6.68e+11
"Furcifer labordi (Grandidier, 1872)","Chamaeleo","labordi","43.873683","-21.859867","Madagascar",NA,NA,"8e479b8f-ac16-4bed-a11a-bc7e27c31663",6.68e+11
"Furcifer labordi (Grandidier, 1872)","Chamaeleo","labordi","43.873683","-21.859867","Madagascar",NA,NA,"8e479b8f-ac16-4bed-a11a-bc7e27c31663",6.68e+11
"Furcifer labordi (Grandidier, 1872)","Chamaeleo","labordi","43.873683","-21.859867","Madagascar",NA,NA,"8e479b8f-ac16-4bed-a11a-bc7e27c31663",6.68e+11
"Furcifer labordi (Grandidier, 1872)","Chamaeleo","labordi","43.873683","-21.859867","Madagascar",NA,NA,"8e479b8f-ac16-4bed-a11a-bc7e27c31663",6.68e+11
"Furcifer labordi (Grandidier, 1872)","Chamaeleo","labordi","43.873683","-21.859867","Madagascar",NA,NA,"8e479b8f-ac16-4bed-a11a-bc7e27c31663",6.68e+11
"Furcifer lateralis (Gray, 1831)","Chamaeleo","lateralis","43.873683","-21.859867","Madagascar",NA,NA,"8e479b8f-ac16-4bed-a11a-bc7e27c31663",6.68e+11
"Furcifer lateralis (Gray, 1831)","Chamaeleo","lateralis","47.25","-20.841666","Madagascar",NA,NA,"8e479b8f-ac16-4bed-a11a-bc7e27c31663",6.68e+11
"Furcifer lateralis (Gray, 1831)","Chamaeleo","lateralis","43.873683","-21.859867","Madagascar",NA,NA,"8e479b8f-ac16-4bed-a11a-bc7e27c31663",6.68e+11
"Furcifer lateralis (Gray, 1831)","Chamaeleo","lateralis","43.873683","-21.859867","Madagascar",NA,NA,"8e479b8f-ac16-4bed-a11a-bc7e27c31663",6.68e+11
"Furcifer labordi (Grandidier, 1872)","Chamaeleo","labordi","43.873683","-21.859867","Madagascar",NA,NA,"8e479b8f-ac16-4bed-a11a-bc7e27c31663",6.68e+11
"Furcifer rhinoceratus (Gray, 1845)","Furcifer","rhinoceratus","47.143","-16.229","Madagascar",NA,NA,"4d749d70-e2e1-11dd-8102-b8a03c50a862",6.68e+11
"Furcifer rhinoceratus (Gray, 1845)","Furcifer","rhinoceratus","46.963","-16.227","Madagascar",NA,NA,"4d749d70-e2e1-11dd-8102-b8a03c50a862",6.68e+11
"Furcifer rhinoceratus (Gray, 1845)","Furcifer","rhinoceratus","46.793","-16.338","Madagascar",NA,NA,"4d749d70-e2e1-11dd-8102-b8a03c50a862",6.68e+11
"Furcifer oustaleti (Mocquard, 1894)","Furcifer","oustaleti","47.143","-16.229","Madagascar",NA,NA,"4d749d70-e2e1-11dd-8102-b8a03c50a862",6.68e+11
"Furcifer oustaleti (Mocquard, 1894)","Furcifer","oustaleti","46.793","-16.338","Madagascar",NA,NA,"4d749d70-e2e1-11dd-8102-b8a03c50a862",6.68e+11
"Furcifer angeli (Brygoo & Domergue, 1968)","Furcifer","angeli","46.793","-16.338","Madagascar",NA,NA,"4d749d70-e2e1-11dd-8102-b8a03c50a862",6.68e+11
"Furcifer oustaleti (Mocquard, 1894)","Furcifer","oustaleti","46.963","-16.227","Madagascar",NA,NA,"4d749d70-e2e1-11dd-8102-b8a03c50a862",6.68e+11
"Furcifer lateralis (Gray, 1831)","Furcifer","lateralis","47.15611","-22.80611","Madagascar",NA,NA,"4bfac3ea-8763-4f4b-a71a-76a6f5f243d3",6.68e+11
"Furcifer lateralis (Gray, 1831)","Furcifer","lateralis","47.15611","-22.80611","Madagascar",NA,NA,"4bfac3ea-8763-4f4b-a71a-76a6f5f243d3",6.68e+11
"Furcifer willsii (Günther, 1890)","Furcifer","willsii","47.01667","-23.73333","Madagascar",NA,NA,"4bfac3ea-8763-4f4b-a71a-76a6f5f243d3",6.68e+11
"Furcifer lateralis (Gray, 1831)","Chamaeleo","lateralis","44.847566","-20.3741","Madagascar",NA,NA,"8e479b8f-ac16-4bed-a11a-bc7e27c31663",6.68e+11
"Furcifer labordi (Grandidier, 1872)","Chamaeleo","labordi","44.847566","-20.3741","Madagascar",NA,NA,"8e479b8f-ac16-4bed-a11a-bc7e27c31663",6.68e+11
"Furcifer lateralis (Gray, 1831)","Chamaeleo","lateralis","46.554","-20.624833","Madagascar",NA,NA,"8e479b8f-ac16-4bed-a11a-bc7e27c31663",6.68e+11
"Furcifer labordi (Grandidier, 1872)","Chamaeleo","labordi","44.847566","-20.3741","Madagascar",NA,NA,"8e479b8f-ac16-4bed-a11a-bc7e27c31663",6.68e+11
"Furcifer lateralis (Gray, 1831)","Chamaeleo","lateralis","46.554","-20.624833","Madagascar",NA,NA,"8e479b8f-ac16-4bed-a11a-bc7e27c31663",6.68e+11
"Furcifer lateralis (Gray, 1831)","Chamaeleo","lateralis","44.847566","-20.3741","Madagascar",NA,NA,"8e479b8f-ac16-4bed-a11a-bc7e27c31663",6.68e+11
"Furcifer lateralis (Gray, 1831)","Chamaeleo","lateralis","44.847566","-20.3741","Madagascar",NA,NA,"8e479b8f-ac16-4bed-a11a-bc7e27c31663",6.68e+11
"Furcifer lateralis (Gray, 1831)","Chamaeleo","lateralis","44.847566","-20.3741","Madagascar",NA,NA,"8e479b8f-ac16-4bed-a11a-bc7e27c31663",6.68e+11
"Furcifer labordi (Grandidier, 1872)","Chamaeleo","labordi","44.656716","-20.068316","Madagascar",NA,NA,"8e479b8f-ac16-4bed-a11a-bc7e27c31663",6.68e+11
"Furcifer labordi (Grandidier, 1872)","Chamaeleo","labordi","44.847566","-20.3741","Madagascar",NA,NA,"8e479b8f-ac16-4bed-a11a-bc7e27c31663",6.68e+11
"Furcifer labordi (Grandidier, 1872)","Chamaeleo","labordi","44.847566","-20.3741","Madagascar",NA,NA,"8e479b8f-ac16-4bed-a11a-bc7e27c31663",6.68e+11
"Furcifer lateralis (Gray, 1831)","Chamaeleo","lateralis","46.554","-20.624833","Madagascar",NA,NA,"8e479b8f-ac16-4bed-a11a-bc7e27c31663",6.68e+11
"Furcifer labordi (Grandidier, 1872)","Chamaeleo","labordi","44.847566","-20.3741","Madagascar",NA,NA,"8e479b8f-ac16-4bed-a11a-bc7e27c31663",6.68e+11
"Furcifer labordi (Grandidier, 1872)","Chamaeleo","labordi","44.847566","-20.3741","Madagascar",NA,NA,"8e479b8f-ac16-4bed-a11a-bc7e27c31663",6.68e+11
"Furcifer labordi (Grandidier, 1872)","Chamaeleo","labordi","44.847566","-20.3741","Madagascar",NA,NA,"8e479b8f-ac16-4bed-a11a-bc7e27c31663",6.68e+11
"Furcifer labordi (Grandidier, 1872)","Chamaeleo","labordi","44.847566","-20.3741","Madagascar",NA,NA,"8e479b8f-ac16-4bed-a11a-bc7e27c31663",6.68e+11
"Furcifer labordi (Grandidier, 1872)","Chamaeleo","labordi","44.847566","-20.3741","Madagascar",NA,NA,"8e479b8f-ac16-4bed-a11a-bc7e27c31663",6.68e+11
"Furcifer lateralis (Gray, 1831)","Chamaeleo","lateralis","46.554","-20.624833","Madagascar",NA,NA,"8e479b8f-ac16-4bed-a11a-bc7e27c31663",6.68e+11
"Furcifer labordi (Grandidier, 1872)","Chamaeleo","labordi","44.847566","-20.3741","Madagascar",NA,NA,"8e479b8f-ac16-4bed-a11a-bc7e27c31663",6.68e+11
"Furcifer labordi (Grandidier, 1872)","Chamaeleo","labordi","44.847566","-20.3741","Madagascar",NA,NA,"8e479b8f-ac16-4bed-a11a-bc7e27c31663",6.68e+11
"Furcifer lateralis (Gray, 1831)","Chamaeleo","lateralis","46.554","-20.624833","Madagascar",NA,NA,"8e479b8f-ac16-4bed-a11a-bc7e27c31663",6.68e+11
"Furcifer labordi (Grandidier, 1872)","Chamaeleo","labordi","44.847566","-20.3741","Madagascar",NA,NA,"8e479b8f-ac16-4bed-a11a-bc7e27c31663",6.68e+11
"Furcifer lateralis (Gray, 1831)","Chamaeleo","lateralis","46.554","-20.624833","Madagascar",NA,NA,"8e479b8f-ac16-4bed-a11a-bc7e27c31663",6.68e+11
"Furcifer lateralis (Gray, 1831)","Chamaeleo","lateralis","47.73379","-23.02682","Madagascar",NA,NA,"4bfac3ea-8763-4f4b-a71a-76a6f5f243d3",6.68e+11
"Furcifer oustaleti (Mocquard, 1894)","Chamaeleo","oustaleti","47.6","-23.28333","Madagascar",NA,NA,"4bfac3ea-8763-4f4b-a71a-76a6f5f243d3",6.68e+11
"Furcifer oustaleti (Mocquard, 1894)","Chamaeleo","oustaleti","47.6","-23.28333","Madagascar",NA,NA,"4bfac3ea-8763-4f4b-a71a-76a6f5f243d3",6.68e+11
"Furcifer oustaleti (Mocquard, 1894)","Chamaeleo","oustaleti","47.57951","-19.72163","Madagascar",NA,NA,"4bfac3ea-8763-4f4b-a71a-76a6f5f243d3",6.68e+11
"Furcifer labordi (Grandidier, 1872)","Chamaeleo","labordi","44.597616","-20.066483","Madagascar",NA,NA,"8e479b8f-ac16-4bed-a11a-bc7e27c31663",6.68e+11
"Furcifer lateralis (Gray, 1831)","Chamaeleo","lateralis","48.406","-14.794266","Madagascar",NA,NA,"8e479b8f-ac16-4bed-a11a-bc7e27c31663",6.68e+11
"Furcifer labordi (Grandidier, 1872)","Chamaeleo","labordi","44.502833","-19.475833","Madagascar",NA,NA,"8e479b8f-ac16-4bed-a11a-bc7e27c31663",6.68e+11
"Furcifer lateralis (Gray, 1831)","Chamaeleo","lateralis","48.226366","-14.850783","Madagascar",NA,NA,"8e479b8f-ac16-4bed-a11a-bc7e27c31663",6.68e+11
"Furcifer lateralis (Gray, 1831)","Chamaeleo","lateralis","45.675","-17.575","Madagascar",NA,NA,"8e479b8f-ac16-4bed-a11a-bc7e27c31663",6.68e+11
"Furcifer lateralis (Gray, 1831)","Chamaeleo","lateralis","44.833333","-19.133333","Madagascar",NA,NA,"8e479b8f-ac16-4bed-a11a-bc7e27c31663",6.68e+11
"Furcifer pardalis (Cuvier, 1829)","Chamaeleo","pardalis","49.5","-12.833333","Madagascar",NA,NA,"8e479b8f-ac16-4bed-a11a-bc7e27c31663",6.68e+11
"Furcifer pardalis (Cuvier, 1829)","Chamaeleo","pardalis","49.5","-12.833333","Madagascar",NA,NA,"8e479b8f-ac16-4bed-a11a-bc7e27c31663",6.68e+11
"Furcifer pardalis (Cuvier, 1829)","Chamaeleo","pardalis","49.5","-12.833333","Madagascar",NA,NA,"8e479b8f-ac16-4bed-a11a-bc7e27c31663",6.68e+11
"Furcifer angeli (Brygoo & Domergue, 1968)","Chamaeleo","angeli","48.209333","-16.086666","Madagascar",NA,NA,"8e479b8f-ac16-4bed-a11a-bc7e27c31663",6.68e+11
"Furcifer angeli (Brygoo & Domergue, 1968)","Chamaeleo","angeli","45.259667","-16.048","Madagascar",NA,NA,"8e479b8f-ac16-4bed-a11a-bc7e27c31663",6.68e+11
"Furcifer angeli (Brygoo & Domergue, 1968)","Chamaeleo","angeli","48.209333","-16.086666","Madagascar",NA,NA,"8e479b8f-ac16-4bed-a11a-bc7e27c31663",6.68e+11
"Furcifer lateralis (Gray, 1831)","Chamaeleo","lateralis","45.508333","-16.125","Madagascar",NA,NA,"8e479b8f-ac16-4bed-a11a-bc7e27c31663",6.68e+11
"Furcifer angeli (Brygoo & Domergue, 1968)","Chamaeleo","angeli","45.508333","-16.125","Madagascar",NA,NA,"8e479b8f-ac16-4bed-a11a-bc7e27c31663",6.68e+11
"Furcifer angeli (Brygoo & Domergue, 1968)","Chamaeleo","angeli","48.209333","-16.086666","Madagascar",NA,NA,"8e479b8f-ac16-4bed-a11a-bc7e27c31663",6.68e+11
"Furcifer angeli (Brygoo & Domergue, 1968)","Chamaeleo","angeli","48.209333","-16.086733","Madagascar",NA,NA,"8e479b8f-ac16-4bed-a11a-bc7e27c31663",6.68e+11
"Furcifer angeli (Brygoo & Domergue, 1968)","Chamaeleo","angeli","48.209333","-16.086733","Madagascar",NA,NA,"8e479b8f-ac16-4bed-a11a-bc7e27c31663",6.68e+11
"Furcifer angeli (Brygoo & Domergue, 1968)","Chamaeleo","angeli","48.209333","-16.086733","Madagascar",NA,NA,"8e479b8f-ac16-4bed-a11a-bc7e27c31663",6.68e+11
"Furcifer angeli (Brygoo & Domergue, 1968)","Chamaeleo","angeli","45.259667","-16.048","Madagascar",NA,NA,"8e479b8f-ac16-4bed-a11a-bc7e27c31663",6.68e+11
"Furcifer angeli (Brygoo & Domergue, 1968)","Chamaeleo","angeli","45.347","-16.472","Madagascar",NA,NA,"8e479b8f-ac16-4bed-a11a-bc7e27c31663",6.68e+11
"Furcifer angeli (Brygoo & Domergue, 1968)","Chamaeleo","angeli","45.347","-16.472","Madagascar",NA,NA,"8e479b8f-ac16-4bed-a11a-bc7e27c31663",6.68e+11
"Furcifer angeli (Brygoo & Domergue, 1968)","Chamaeleo","angeli","45.348433","-16.469816","Madagascar",NA,NA,"8e479b8f-ac16-4bed-a11a-bc7e27c31663",6.68e+11
"Furcifer lateralis (Gray, 1831)","Chamaeleo","lateralis","46.458333","-23.533333","Madagascar",NA,NA,"8e479b8f-ac16-4bed-a11a-bc7e27c31663",6.68e+11
"Furcifer oustaleti (Mocquard, 1894)","Furcifer","oustaleti","49.243435","-12.800283","Madagascar",NA,NA,"50c9509d-22c7-4a22-a47d-8c48425ef4a7",6.68e+11
"Furcifer verrucosus Cuvier, 1829","Furcifer","verrucosus","46.300508","-25.004508","Madagascar",NA,NA,"50c9509d-22c7-4a22-a47d-8c48425ef4a7",6.68e+11
"Furcifer lateralis (Gray, 1831)","Chamaeleo","lateralis","46.466666","-23.5","Madagascar",NA,NA,"8e479b8f-ac16-4bed-a11a-bc7e27c31663",6.68e+11
"Furcifer lateralis (Gray, 1831)","Chamaeleo","lateralis","46.245833","-24.15","Madagascar",NA,NA,"8e479b8f-ac16-4bed-a11a-bc7e27c31663",6.68e+11
"Furcifer lateralis (Gray, 1831)","Chamaeleo","lateralis","46.466666","-23.5","Madagascar",NA,NA,"8e479b8f-ac16-4bed-a11a-bc7e27c31663",6.68e+11
"Furcifer lateralis (Gray, 1831)","Chamaeleo","lateralis","46.525","-25.05","Madagascar",NA,NA,"8e479b8f-ac16-4bed-a11a-bc7e27c31663",6.68e+11
"Furcifer lateralis (Gray, 1831)","Chamaeleo","lateralis","46.652166","-25.1775","Madagascar",NA,NA,"8e479b8f-ac16-4bed-a11a-bc7e27c31663",6.68e+11
"Furcifer lateralis (Gray, 1831)","Chamaeleo","lateralis","46.466666","-23.5","Madagascar",NA,NA,"8e479b8f-ac16-4bed-a11a-bc7e27c31663",6.68e+11
"Furcifer angeli (Brygoo & Domergue, 1968)","Chamaeleo","angeli","45.348433","-16.469817","Madagascar",NA,NA,"8e479b8f-ac16-4bed-a11a-bc7e27c31663",6.68e+11
"Furcifer lateralis (Gray, 1831)","Chamaeleo","lateralis","45.348433","-16.469817","Madagascar",NA,NA,"8e479b8f-ac16-4bed-a11a-bc7e27c31663",6.68e+11
"Furcifer angeli (Brygoo & Domergue, 1968)","Chamaeleo","angeli","45.348433","-16.469817","Madagascar",NA,NA,"8e479b8f-ac16-4bed-a11a-bc7e27c31663",6.68e+11
"Furcifer angeli (Brygoo & Domergue, 1968)","Chamaeleo","angeli","45.348433","-16.469817","Madagascar",NA,NA,"8e479b8f-ac16-4bed-a11a-bc7e27c31663",6.68e+11
"Furcifer angeli (Brygoo & Domergue, 1968)","Chamaeleo","angeli","45.348433","-16.469817","Madagascar",NA,NA,"8e479b8f-ac16-4bed-a11a-bc7e27c31663",6.68e+11
"Furcifer angeli (Brygoo & Domergue, 1968)","Chamaeleo","angeli","45.271833","-16.017633","Madagascar",NA,NA,"8e479b8f-ac16-4bed-a11a-bc7e27c31663",6.68e+11
"Furcifer angeli (Brygoo & Domergue, 1968)","Chamaeleo","angeli","45.271833","-16.017633","Madagascar",NA,NA,"8e479b8f-ac16-4bed-a11a-bc7e27c31663",6.68e+11
"Furcifer angeli (Brygoo & Domergue, 1968)","Chamaeleo","angeli","45.348433","-16.469817","Madagascar",NA,NA,"8e479b8f-ac16-4bed-a11a-bc7e27c31663",6.68e+11
"Furcifer angeli (Brygoo & Domergue, 1968)","Chamaeleo","angeli","45.348433","-16.469817","Madagascar",NA,NA,"8e479b8f-ac16-4bed-a11a-bc7e27c31663",6.68e+11
"Furcifer oustaleti (Mocquard, 1894)","Furcifer","oustaleti","44.816695","-19.136764","Madagascar",NA,NA,"50c9509d-22c7-4a22-a47d-8c48425ef4a7",6.68e+11
"Furcifer angeli (Brygoo & Domergue, 1968)","Chamaeleo","angeli","45.271833","-16.017633","Madagascar",NA,NA,"8e479b8f-ac16-4bed-a11a-bc7e27c31663",6.68e+11
"Furcifer angeli (Brygoo & Domergue, 1968)","Chamaeleo","angeli","45.348433","-16.469817","Madagascar",NA,NA,"8e479b8f-ac16-4bed-a11a-bc7e27c31663",6.68e+11
"Furcifer lateralis (Gray, 1831)","Chamaeleo","lateralis","45.26355","-15.959417","Madagascar",NA,NA,"8e479b8f-ac16-4bed-a11a-bc7e27c31663",6.68e+11
"Furcifer angeli (Brygoo & Domergue, 1968)","Chamaeleo","angeli","45.348433","-16.469817","Madagascar",NA,NA,"8e479b8f-ac16-4bed-a11a-bc7e27c31663",6.68e+11
"Furcifer angeli (Brygoo & Domergue, 1968)","Chamaeleo","angeli","45.271833","-16.017633","Madagascar",NA,NA,"8e479b8f-ac16-4bed-a11a-bc7e27c31663",6.68e+11
"Furcifer angeli (Brygoo & Domergue, 1968)","Chamaeleo","angeli","45.348433","-16.469817","Madagascar",NA,NA,"8e479b8f-ac16-4bed-a11a-bc7e27c31663",6.68e+11
"Furcifer angeli (Brygoo & Domergue, 1968)","Chamaeleo","angeli","45.271833","-16.017633","Madagascar",NA,NA,"8e479b8f-ac16-4bed-a11a-bc7e27c31663",6.68e+11
"Furcifer angeli (Brygoo & Domergue, 1968)","Chamaeleo","angeli","45.348433","-16.469817","Madagascar",NA,NA,"8e479b8f-ac16-4bed-a11a-bc7e27c31663",6.68e+11
"Furcifer angeli (Brygoo & Domergue, 1968)","Chamaeleo","angeli","45.271833","-16.017633","Madagascar",NA,NA,"8e479b8f-ac16-4bed-a11a-bc7e27c31663",6.68e+11
"Furcifer angeli (Brygoo & Domergue, 1968)","Chamaeleo","angeli","45.348433","-16.469817","Madagascar",NA,NA,"8e479b8f-ac16-4bed-a11a-bc7e27c31663",6.68e+11
"Furcifer angeli (Brygoo & Domergue, 1968)","Chamaeleo","angeli","45.271833","-16.017633","Madagascar",NA,NA,"8e479b8f-ac16-4bed-a11a-bc7e27c31663",6.68e+11
"Furcifer angeli (Brygoo & Domergue, 1968)","Chamaeleo","angeli","45.348433","-16.469817","Madagascar",NA,NA,"8e479b8f-ac16-4bed-a11a-bc7e27c31663",6.68e+11
"Furcifer lateralis (Gray, 1831)","Chamaeleo","lateralis","47.279283","-18.185966","Madagascar",NA,NA,"8e479b8f-ac16-4bed-a11a-bc7e27c31663",6.68e+11
"Furcifer lateralis (Gray, 1831)","Chamaeleo","lateralis","45.356983","-18.24645","Madagascar",NA,NA,"8e479b8f-ac16-4bed-a11a-bc7e27c31663",6.68e+11
"Furcifer lateralis (Gray, 1831)","Chamaeleo","lateralis","45.356983","-18.24645","Madagascar",NA,NA,"8e479b8f-ac16-4bed-a11a-bc7e27c31663",6.68e+11
"Furcifer lateralis (Gray, 1831)","Chamaeleo","lateralis","45.356983","-18.24645","Madagascar",NA,NA,"8e479b8f-ac16-4bed-a11a-bc7e27c31663",6.68e+11
"Furcifer lateralis (Gray, 1831)","Chamaeleo","lateralis","45.432616","-18.280233","Madagascar",NA,NA,"8e479b8f-ac16-4bed-a11a-bc7e27c31663",6.68e+11
"Furcifer lateralis (Gray, 1831)","Chamaeleo","lateralis","45.432616","-18.280233","Madagascar",NA,NA,"8e479b8f-ac16-4bed-a11a-bc7e27c31663",6.68e+11
"Furcifer lateralis (Gray, 1831)","Chamaeleo","lateralis","45.356983","-18.24645","Madagascar",NA,NA,"8e479b8f-ac16-4bed-a11a-bc7e27c31663",6.68e+11
"Furcifer lateralis (Gray, 1831)","Chamaeleo","lateralis","47.279283","-18.185966","Madagascar",NA,NA,"8e479b8f-ac16-4bed-a11a-bc7e27c31663",6.68e+11
"Furcifer lateralis (Gray, 1831)","Chamaeleo","lateralis","47.279283","-18.185966","Madagascar",NA,NA,"8e479b8f-ac16-4bed-a11a-bc7e27c31663",6.68e+11
"Furcifer lateralis (Gray, 1831)","Chamaeleo","lateralis","45.554816","-18.288283","Madagascar",NA,NA,"8e479b8f-ac16-4bed-a11a-bc7e27c31663",6.68e+11
"Furcifer lateralis (Gray, 1831)","Chamaeleo","lateralis","45.356983","-18.24645","Madagascar",NA,NA,"8e479b8f-ac16-4bed-a11a-bc7e27c31663",6.68e+11
"Furcifer lateralis (Gray, 1831)","Chamaeleo","lateralis","47.279283","-18.185966","Madagascar",NA,NA,"8e479b8f-ac16-4bed-a11a-bc7e27c31663",6.68e+11
"Furcifer lateralis (Gray, 1831)","Chamaeleo","lateralis","45.291983","-22.319016","Madagascar",NA,NA,"8e479b8f-ac16-4bed-a11a-bc7e27c31663",6.68e+11
"Furcifer lateralis (Gray, 1831)","Chamaeleo","lateralis","45.291983","-22.319016","Madagascar",NA,NA,"8e479b8f-ac16-4bed-a11a-bc7e27c31663",6.68e+11
"Furcifer lateralis (Gray, 1831)","Chamaeleo","lateralis","45.291983","-22.319016","Madagascar",NA,NA,"8e479b8f-ac16-4bed-a11a-bc7e27c31663",6.68e+11
"Furcifer lateralis (Gray, 1831)","Chamaeleo","lateralis","45.126766","-22.58405","Madagascar",NA,NA,"8e479b8f-ac16-4bed-a11a-bc7e27c31663",6.68e+11
"Furcifer lateralis (Gray, 1831)","Chamaeleo","lateralis","45.126766","-22.58405","Madagascar",NA,NA,"8e479b8f-ac16-4bed-a11a-bc7e27c31663",6.68e+11
"Furcifer lateralis (Gray, 1831)","Chamaeleo","lateralis","45.126766","-22.58405","Madagascar",NA,NA,"8e479b8f-ac16-4bed-a11a-bc7e27c31663",6.68e+11
"Furcifer lateralis (Gray, 1831)","Chamaeleo","lateralis","45.126766","-22.58405","Madagascar",NA,NA,"8e479b8f-ac16-4bed-a11a-bc7e27c31663",6.68e+11
"Furcifer lateralis (Gray, 1831)","Chamaeleo","lateralis","45.126766","-22.58405","Madagascar",NA,NA,"8e479b8f-ac16-4bed-a11a-bc7e27c31663",6.68e+11
"Furcifer lateralis (Gray, 1831)","Chamaeleo","lateralis","45.291983","-22.319016","Madagascar",NA,NA,"8e479b8f-ac16-4bed-a11a-bc7e27c31663",6.68e+11
"Furcifer lateralis (Gray, 1831)","Chamaeleo","lateralis","45.126766","-22.58405","Madagascar",NA,NA,"8e479b8f-ac16-4bed-a11a-bc7e27c31663",6.68e+11
"Furcifer lateralis (Gray, 1831)","Chamaeleo","lateralis","47.279283","-18.185966","Madagascar",NA,NA,"8e479b8f-ac16-4bed-a11a-bc7e27c31663",6.68e+11
"Furcifer lateralis (Gray, 1831)","Chamaeleo","lateralis","45.126766","-22.58405","Madagascar",NA,NA,"8e479b8f-ac16-4bed-a11a-bc7e27c31663",6.68e+11
"Furcifer labordi (Grandidier, 1872)","Chamaeleo","labordi","43.60355","-23.033416","Madagascar",NA,NA,"8e479b8f-ac16-4bed-a11a-bc7e27c31663",6.68e+11
"Furcifer antimena (Grandidier, 1872)","Chamaeleo","antimena","43.616666","-23.3","Madagascar",NA,NA,"8e479b8f-ac16-4bed-a11a-bc7e27c31663",6.68e+11
"Furcifer lateralis (Gray, 1831)","Chamaeleo","lateralis","44.366666","-22.733333","Madagascar",NA,NA,"8e479b8f-ac16-4bed-a11a-bc7e27c31663",6.68e+11
"Furcifer lateralis (Gray, 1831)","Chamaeleo","lateralis","43.616666","-23.3","Madagascar",NA,NA,"8e479b8f-ac16-4bed-a11a-bc7e27c31663",6.68e+11
"Furcifer antimena (Grandidier, 1872)","Chamaeleo","antimena","43.616666","-23.15","Madagascar",NA,NA,"8e479b8f-ac16-4bed-a11a-bc7e27c31663",6.68e+11
"Furcifer lateralis (Gray, 1831)","Chamaeleo","lateralis","43.762316","-23.491616","Madagascar",NA,NA,"8e479b8f-ac16-4bed-a11a-bc7e27c31663",6.68e+11
"Furcifer lateralis (Gray, 1831)","Chamaeleo","lateralis","43.766666","-23.55","Madagascar",NA,NA,"8e479b8f-ac16-4bed-a11a-bc7e27c31663",6.68e+11
"Furcifer antimena (Grandidier, 1872)","Chamaeleo","antimena","43.616666","-23.3","Madagascar",NA,NA,"8e479b8f-ac16-4bed-a11a-bc7e27c31663",6.68e+11
"Furcifer labordi (Grandidier, 1872)","Chamaeleo","labordi","43.60355","-23.033416","Madagascar",NA,NA,"8e479b8f-ac16-4bed-a11a-bc7e27c31663",6.68e+11
"Furcifer labordi (Grandidier, 1872)","Chamaeleo","labordi","43.60355","-23.033416","Madagascar",NA,NA,"8e479b8f-ac16-4bed-a11a-bc7e27c31663",6.68e+11
"Furcifer lateralis (Gray, 1831)","Chamaeleo","lateralis","44.366666","-22.733333","Madagascar",NA,NA,"8e479b8f-ac16-4bed-a11a-bc7e27c31663",6.68e+11
"Furcifer lateralis (Gray, 1831)","Chamaeleo","lateralis","43.616666","-23.3","Madagascar",NA,NA,"8e479b8f-ac16-4bed-a11a-bc7e27c31663",6.68e+11
"Furcifer belalandaensis (Brygoo & Domergue, 1970)","Chamaeleo","belalandaensis","43.616666","-23.3","Madagascar",NA,NA,"8e479b8f-ac16-4bed-a11a-bc7e27c31663",6.68e+11
"Furcifer lateralis (Gray, 1831)","Chamaeleo","lateralis","44.153733","-23.525183","Madagascar",NA,NA,"8e479b8f-ac16-4bed-a11a-bc7e27c31663",6.68e+11
"Furcifer antimena (Grandidier, 1872)","Chamaeleo","antimena","43.616666","-23.3","Madagascar",NA,NA,"8e479b8f-ac16-4bed-a11a-bc7e27c31663",6.68e+11
"Furcifer verrucosus Cuvier, 1829","Furcifer","verrucosus","46.201783","-24.43981","Madagascar",NA,NA,"50c9509d-22c7-4a22-a47d-8c48425ef4a7",6.68e+11
"Furcifer labordi (Grandidier, 1872)","Chamaeleo","labordi","43.60355","-23.033416","Madagascar",NA,NA,"8e479b8f-ac16-4bed-a11a-bc7e27c31663",6.68e+11
"Furcifer antimena (Grandidier, 1872)","Chamaeleo","antimena","43.616666","-23.3","Madagascar",NA,NA,"8e479b8f-ac16-4bed-a11a-bc7e27c31663",6.68e+11
"Furcifer antimena (Grandidier, 1872)","Chamaeleo","antimena","43.616666","-23.3","Madagascar",NA,NA,"8e479b8f-ac16-4bed-a11a-bc7e27c31663",6.68e+11
"Furcifer lateralis (Gray, 1831)","Chamaeleo","lateralis","43.60355","-23.033416","Madagascar",NA,NA,"8e479b8f-ac16-4bed-a11a-bc7e27c31663",6.68e+11
"Furcifer lateralis (Gray, 1831)","Chamaeleo","lateralis","43.60355","-23.033416","Madagascar",NA,NA,"8e479b8f-ac16-4bed-a11a-bc7e27c31663",6.68e+11
"Furcifer antimena (Grandidier, 1872)","Chamaeleo","antimena","43.666666","-23.35","Madagascar",NA,NA,"8e479b8f-ac16-4bed-a11a-bc7e27c31663",6.68e+11
"Furcifer antimena (Grandidier, 1872)","Chamaeleo","antimena","43.616666","-23.15","Madagascar",NA,NA,"8e479b8f-ac16-4bed-a11a-bc7e27c31663",6.68e+11
"Furcifer lateralis (Gray, 1831)","Chamaeleo","lateralis","43.762316","-23.491616","Madagascar",NA,NA,"8e479b8f-ac16-4bed-a11a-bc7e27c31663",6.68e+11
"Furcifer lateralis (Gray, 1831)","Chamaeleo","lateralis","43.616666","-23.3","Madagascar",NA,NA,"8e479b8f-ac16-4bed-a11a-bc7e27c31663",6.68e+11
"Furcifer lateralis (Gray, 1831)","Chamaeleo","lateralis","43.60355","-23.033416","Madagascar",NA,NA,"8e479b8f-ac16-4bed-a11a-bc7e27c31663",6.68e+11
"Furcifer belalandaensis (Brygoo & Domergue, 1970)","Chamaeleo","belalandaensis","43.616666","-23.3","Madagascar",NA,NA,"8e479b8f-ac16-4bed-a11a-bc7e27c31663",6.68e+11
"Furcifer lateralis (Gray, 1831)","Chamaeleo","lateralis","43.762316","-23.491616","Madagascar",NA,NA,"8e479b8f-ac16-4bed-a11a-bc7e27c31663",6.68e+11
"Furcifer lateralis (Gray, 1831)","Chamaeleo","lateralis","43.762316","-23.491616","Madagascar",NA,NA,"8e479b8f-ac16-4bed-a11a-bc7e27c31663",6.68e+11
"Furcifer labordi (Grandidier, 1872)","Chamaeleo","labordi","43.60355","-23.033416","Madagascar",NA,NA,"8e479b8f-ac16-4bed-a11a-bc7e27c31663",6.68e+11
"Furcifer lateralis (Gray, 1831)","Chamaeleo","lateralis","43.762316","-23.491616","Madagascar",NA,NA,"8e479b8f-ac16-4bed-a11a-bc7e27c31663",6.68e+11
"Furcifer antimena (Grandidier, 1872)","Chamaeleo","antimena","43.616666","-23.3","Madagascar",NA,NA,"8e479b8f-ac16-4bed-a11a-bc7e27c31663",6.68e+11
"Furcifer antimena (Grandidier, 1872)","Chamaeleo","antimena","43.616666","-23.3","Madagascar",NA,NA,"8e479b8f-ac16-4bed-a11a-bc7e27c31663",6.68e+11
"Furcifer labordi (Grandidier, 1872)","Chamaeleo","labordi","43.60355","-23.033416","Madagascar",NA,NA,"8e479b8f-ac16-4bed-a11a-bc7e27c31663",6.68e+11
"Furcifer lateralis (Gray, 1831)","Chamaeleo","lateralis","43.60355","-23.033416","Madagascar",NA,NA,"8e479b8f-ac16-4bed-a11a-bc7e27c31663",6.68e+11
"Furcifer labordi (Grandidier, 1872)","Chamaeleo","labordi","43.60355","-23.033416","Madagascar",NA,NA,"8e479b8f-ac16-4bed-a11a-bc7e27c31663",6.68e+11
"Furcifer lateralis (Gray, 1831)","Chamaeleo","lateralis","43.616666","-23.3","Madagascar",NA,NA,"8e479b8f-ac16-4bed-a11a-bc7e27c31663",6.68e+11
"Furcifer belalandaensis (Brygoo & Domergue, 1970)","Chamaeleo","belalandaensis","43.616666","-23.3","Madagascar",NA,NA,"8e479b8f-ac16-4bed-a11a-bc7e27c31663",6.68e+11
"Furcifer lateralis (Gray, 1831)","Chamaeleo","lateralis","43.766666","-23.55","Madagascar",NA,NA,"8e479b8f-ac16-4bed-a11a-bc7e27c31663",6.68e+11
"Furcifer antimena (Grandidier, 1872)","Chamaeleo","antimena","43.60355","-23.033416","Madagascar",NA,NA,"8e479b8f-ac16-4bed-a11a-bc7e27c31663",6.68e+11
"Furcifer lateralis (Gray, 1831)","Chamaeleo","lateralis","44.166666","-22.75","Madagascar",NA,NA,"8e479b8f-ac16-4bed-a11a-bc7e27c31663",6.68e+11
"Furcifer labordi (Grandidier, 1872)","Chamaeleo","labordi","43.60355","-23.033416","Madagascar",NA,NA,"8e479b8f-ac16-4bed-a11a-bc7e27c31663",6.68e+11
"Furcifer antimena (Grandidier, 1872)","Chamaeleo","antimena","43.60355","-23.033416","Madagascar",NA,NA,"8e479b8f-ac16-4bed-a11a-bc7e27c31663",6.68e+11
"Furcifer antimena (Grandidier, 1872)","Chamaeleo","antimena","43.60355","-23.033416","Madagascar",NA,NA,"8e479b8f-ac16-4bed-a11a-bc7e27c31663",6.68e+11
"Furcifer antimena (Grandidier, 1872)","Chamaeleo","antimena","43.666666","-23.35","Madagascar",NA,NA,"8e479b8f-ac16-4bed-a11a-bc7e27c31663",6.68e+11
"Furcifer labordi (Grandidier, 1872)","Chamaeleo","labordi","43.60355","-23.033416","Madagascar",NA,NA,"8e479b8f-ac16-4bed-a11a-bc7e27c31663",6.68e+11
"Furcifer lateralis (Gray, 1831)","Chamaeleo","lateralis","47.25","-20.25","Madagascar",NA,NA,"8e479b8f-ac16-4bed-a11a-bc7e27c31663",6.68e+11
"Furcifer oustaleti (Mocquard, 1894)","Furcifer","oustaleti","45.551535","-22.510296","Madagascar",NA,NA,"50c9509d-22c7-4a22-a47d-8c48425ef4a7",6.68e+11
"Furcifer lateralis (Gray, 1831)","Chamaeleo","lateralis","48.5","-17.5","Madagascar",NA,NA,"8e479b8f-ac16-4bed-a11a-bc7e27c31663",6.68e+11
"Furcifer lateralis (Gray, 1831)","Chamaeleo","lateralis","47.25","-20.25","Madagascar",NA,NA,"8e479b8f-ac16-4bed-a11a-bc7e27c31663",6.68e+11
"Furcifer lateralis (Gray, 1831)","Chamaeleo","lateralis","47.18","-20.771667","Madagascar",NA,NA,"8e479b8f-ac16-4bed-a11a-bc7e27c31663",6.68e+11
"Furcifer lateralis (Gray, 1831)","Chamaeleo","lateralis","46.383333","-24.94048","Madagascar",NA,NA,"8e479b8f-ac16-4bed-a11a-bc7e27c31663",6.68e+11
"Furcifer lateralis (Gray, 1831)","Chamaeleo","lateralis","47.18","-20.771667","Madagascar",NA,NA,"8e479b8f-ac16-4bed-a11a-bc7e27c31663",6.68e+11
"Furcifer lateralis (Gray, 1831)","Chamaeleo","lateralis","46.0875","-23.208333","Madagascar",NA,NA,"8e479b8f-ac16-4bed-a11a-bc7e27c31663",6.68e+11
"Furcifer lateralis (Gray, 1831)","Chamaeleo","lateralis","46.535167","-24.446333","Madagascar",NA,NA,"8e479b8f-ac16-4bed-a11a-bc7e27c31663",6.68e+11
"Furcifer lateralis (Gray, 1831)","Chamaeleo","lateralis","45.616666","-24.05","Madagascar",NA,NA,"8e479b8f-ac16-4bed-a11a-bc7e27c31663",6.68e+11
"Furcifer lateralis (Gray, 1831)","Chamaeleo","lateralis","46.535167","-24.446333","Madagascar",NA,NA,"8e479b8f-ac16-4bed-a11a-bc7e27c31663",6.68e+11
"Furcifer lateralis (Gray, 1831)","Chamaeleo","lateralis","46.466666","-24.65","Madagascar",NA,NA,"8e479b8f-ac16-4bed-a11a-bc7e27c31663",6.68e+11
"Furcifer lateralis (Gray, 1831)","Chamaeleo","lateralis","47.18","-20.771667","Madagascar",NA,NA,"8e479b8f-ac16-4bed-a11a-bc7e27c31663",6.68e+11
"Furcifer lateralis (Gray, 1831)","Chamaeleo","lateralis","46.966666","-25","Madagascar",NA,NA,"8e479b8f-ac16-4bed-a11a-bc7e27c31663",6.68e+11
"Furcifer lateralis (Gray, 1831)","Chamaeleo","lateralis","46.166666","-24.079166","Madagascar",NA,NA,"8e479b8f-ac16-4bed-a11a-bc7e27c31663",6.68e+11
"Furcifer lateralis (Gray, 1831)","Chamaeleo","lateralis","46.416666","-23.833333","Madagascar",NA,NA,"8e479b8f-ac16-4bed-a11a-bc7e27c31663",6.68e+11
"Furcifer lateralis (Gray, 1831)","Chamaeleo","lateralis","46.303","-24.225333","Madagascar",NA,NA,"8e479b8f-ac16-4bed-a11a-bc7e27c31663",6.68e+11
"Furcifer lateralis (Gray, 1831)","Chamaeleo","lateralis","46.416666","-23.833333","Madagascar",NA,NA,"8e479b8f-ac16-4bed-a11a-bc7e27c31663",6.68e+11
"Furcifer lateralis (Gray, 1831)","Chamaeleo","lateralis","46.966666","-25","Madagascar",NA,NA,"8e479b8f-ac16-4bed-a11a-bc7e27c31663",6.68e+11
"Furcifer lateralis (Gray, 1831)","Chamaeleo","lateralis","46.216666","-24.033333","Madagascar",NA,NA,"8e479b8f-ac16-4bed-a11a-bc7e27c31663",6.68e+11
"Furcifer lateralis (Gray, 1831)","Chamaeleo","lateralis","46.219046","-24.033333","Madagascar",NA,NA,"8e479b8f-ac16-4bed-a11a-bc7e27c31663",6.68e+11
"Furcifer lateralis (Gray, 1831)","Chamaeleo","lateralis","46.416666","-23.833333","Madagascar",NA,NA,"8e479b8f-ac16-4bed-a11a-bc7e27c31663",6.68e+11
"Furcifer lateralis (Gray, 1831)","Chamaeleo","lateralis","46.966666","-25","Madagascar",NA,NA,"8e479b8f-ac16-4bed-a11a-bc7e27c31663",6.68e+11
"Furcifer oustaleti (Mocquard, 1894)","Chamaeleo","oustaleti","47.358333","-18.766666","Madagascar",NA,NA,"8e479b8f-ac16-4bed-a11a-bc7e27c31663",6.68e+11
"Furcifer verrucosus Cuvier, 1829","Furcifer","verrucosus","46.3036","-25.00602","Madagascar",NA,NA,"50c9509d-22c7-4a22-a47d-8c48425ef4a7",6.68e+11
"Furcifer lateralis (Gray, 1831)","Chamaeleo","lateralis","46.652166","-25.1775","Madagascar",NA,NA,"8e479b8f-ac16-4bed-a11a-bc7e27c31663",6.68e+11
"Furcifer major (Brygoo, 1971)","Furcifer","major","45.364329","-22.56628","Madagascar",NA,NA,"50c9509d-22c7-4a22-a47d-8c48425ef4a7",6.68e+11
"Furcifer lateralis (Gray, 1831)","Chamaeleo","lateralis","46.652166","-25.1775","Madagascar",NA,NA,"8e479b8f-ac16-4bed-a11a-bc7e27c31663",6.68e+11
"Furcifer lateralis (Gray, 1831)","Chamaeleo","lateralis","46.652166","-25.1775","Madagascar",NA,NA,"8e479b8f-ac16-4bed-a11a-bc7e27c31663",6.68e+11
"Furcifer lateralis (Gray, 1831)","Chamaeleo","lateralis","44.166666","-22.75","Madagascar",NA,NA,"8e479b8f-ac16-4bed-a11a-bc7e27c31663",6.68e+11
"Furcifer lateralis (Gray, 1831)","Chamaeleo","lateralis","44.166666","-22.75","Madagascar",NA,NA,"8e479b8f-ac16-4bed-a11a-bc7e27c31663",6.68e+11
"Furcifer lateralis (Gray, 1831)","Chamaeleo","lateralis","43.65","-23.666667","Madagascar",NA,NA,"8e479b8f-ac16-4bed-a11a-bc7e27c31663",6.68e+11
"Furcifer lateralis (Gray, 1831)","Chamaeleo","lateralis","43.753816","-24.0879","Madagascar",NA,NA,"8e479b8f-ac16-4bed-a11a-bc7e27c31663",6.68e+11
"Furcifer lateralis (Gray, 1831)","Chamaeleo","lateralis","46.133333","-24.416667","Madagascar",NA,NA,"8e479b8f-ac16-4bed-a11a-bc7e27c31663",6.68e+11
"Furcifer lateralis (Gray, 1831)","Chamaeleo","lateralis","44.166666","-22.75","Madagascar",NA,NA,"8e479b8f-ac16-4bed-a11a-bc7e27c31663",6.68e+11
"Furcifer lateralis (Gray, 1831)","Chamaeleo","lateralis","46.133333","-24.416667","Madagascar",NA,NA,"8e479b8f-ac16-4bed-a11a-bc7e27c31663",6.68e+11
"Furcifer lateralis (Gray, 1831)","Chamaeleo","lateralis","45.766666","-24.15","Madagascar",NA,NA,"8e479b8f-ac16-4bed-a11a-bc7e27c31663",6.68e+11
"Furcifer lateralis (Gray, 1831)","Chamaeleo","lateralis","46.133333","-24.416667","Madagascar",NA,NA,"8e479b8f-ac16-4bed-a11a-bc7e27c31663",6.68e+11
"Furcifer lateralis (Gray, 1831)","Chamaeleo","lateralis","43.753816","-24.0879","Madagascar",NA,NA,"8e479b8f-ac16-4bed-a11a-bc7e27c31663",6.68e+11
"Furcifer lateralis (Gray, 1831)","Chamaeleo","lateralis","46.133333","-24.416667","Madagascar",NA,NA,"8e479b8f-ac16-4bed-a11a-bc7e27c31663",6.68e+11
"Furcifer lateralis (Gray, 1831)","Chamaeleo","lateralis","47","-20.083333","Madagascar",NA,NA,"8e479b8f-ac16-4bed-a11a-bc7e27c31663",6.68e+11
"Furcifer lateralis (Gray, 1831)","Chamaeleo","lateralis","47","-20.083333","Madagascar",NA,NA,"8e479b8f-ac16-4bed-a11a-bc7e27c31663",6.68e+11
"Furcifer lateralis (Gray, 1831)","Chamaeleo","lateralis","47","-20.083333","Madagascar",NA,NA,"8e479b8f-ac16-4bed-a11a-bc7e27c31663",6.68e+11
"Furcifer lateralis (Gray, 1831)","Chamaeleo","lateralis","46.85","-24.8","Madagascar",NA,NA,"8e479b8f-ac16-4bed-a11a-bc7e27c31663",6.68e+11
"Furcifer pardalis (Cuvier, 1829)","Chamaeleo","pardalis","50.483333","-15.25","Madagascar",NA,NA,"8e479b8f-ac16-4bed-a11a-bc7e27c31663",6.68e+11
"Furcifer pardalis (Cuvier, 1829)","Chamaeleo","pardalis","50.483333","-15.25","Madagascar",NA,NA,"8e479b8f-ac16-4bed-a11a-bc7e27c31663",6.68e+11
"Furcifer pardalis (Cuvier, 1829)","Chamaeleo","pardalis","50.483333","-15.25","Madagascar",NA,NA,"8e479b8f-ac16-4bed-a11a-bc7e27c31663",6.68e+11
"Furcifer pardalis (Cuvier, 1829)","Chamaeleo","pardalis","50.483333","-15.25","Madagascar",NA,NA,"8e479b8f-ac16-4bed-a11a-bc7e27c31663",6.68e+11
"Furcifer pardalis (Cuvier, 1829)","Chamaeleo","pardalis","50.483333","-15.25","Madagascar",NA,NA,"8e479b8f-ac16-4bed-a11a-bc7e27c31663",6.68e+11
"Furcifer pardalis (Cuvier, 1829)","Chamaeleo","pardalis","50.483333","-15.25","Madagascar",NA,NA,"8e479b8f-ac16-4bed-a11a-bc7e27c31663",6.68e+11
"Furcifer pardalis (Cuvier, 1829)","Chamaeleo","pardalis","50.483333","-15.25","Madagascar",NA,NA,"8e479b8f-ac16-4bed-a11a-bc7e27c31663",6.68e+11
"Furcifer pardalis (Cuvier, 1829)","Chamaeleo","pardalis","50.233333","-15.308333","Madagascar",NA,NA,"8e479b8f-ac16-4bed-a11a-bc7e27c31663",6.68e+11
"Furcifer pardalis (Cuvier, 1829)","Chamaeleo","pardalis","50.483333","-15.25","Madagascar",NA,NA,"8e479b8f-ac16-4bed-a11a-bc7e27c31663",6.68e+11
"Furcifer lateralis (Gray, 1831)","Chamaeleo","lateralis","47.73379","-23.02682","Madagascar",NA,NA,"4bfac3ea-8763-4f4b-a71a-76a6f5f243d3",6.68e+11
"Furcifer lateralis (Gray, 1831)","Chamaeleo","lateralis","47.316666","-19.358333","Madagascar",NA,NA,"8e479b8f-ac16-4bed-a11a-bc7e27c31663",6.68e+11
"Furcifer lateralis (Gray, 1831)","Chamaeleo","lateralis","47.533333","-18.933333","Madagascar",NA,NA,"8e479b8f-ac16-4bed-a11a-bc7e27c31663",6.68e+11
"Furcifer lateralis (Gray, 1831)","Chamaeleo","lateralis","47.316666","-19.358333","Madagascar",NA,NA,"8e479b8f-ac16-4bed-a11a-bc7e27c31663",6.68e+11
"Furcifer lateralis (Gray, 1831)","Chamaeleo","lateralis","46.866666","-24.983333","Madagascar",NA,NA,"8e479b8f-ac16-4bed-a11a-bc7e27c31663",6.68e+11
"Furcifer lateralis (Gray, 1831)","Chamaeleo","lateralis","47.416666","-18.8","Madagascar",NA,NA,"8e479b8f-ac16-4bed-a11a-bc7e27c31663",6.68e+11
"Furcifer lateralis (Gray, 1831)","Chamaeleo","lateralis","47.316666","-19.358333","Madagascar",NA,NA,"8e479b8f-ac16-4bed-a11a-bc7e27c31663",6.68e+11
"Furcifer lateralis (Gray, 1831)","Chamaeleo","lateralis","47.316666","-19.358333","Madagascar",NA,NA,"8e479b8f-ac16-4bed-a11a-bc7e27c31663",6.68e+11
"Furcifer lateralis (Gray, 1831)","Chamaeleo","lateralis","44.711666","-22.843333","Madagascar",NA,NA,"8e479b8f-ac16-4bed-a11a-bc7e27c31663",6.68e+11
"Furcifer lateralis (Gray, 1831)","Chamaeleo","lateralis","44.711666","-22.843333","Madagascar",NA,NA,"8e479b8f-ac16-4bed-a11a-bc7e27c31663",6.68e+11
"Furcifer lateralis (Gray, 1831)","Chamaeleo","lateralis","44.711666","-22.843333","Madagascar",NA,NA,"8e479b8f-ac16-4bed-a11a-bc7e27c31663",6.68e+11
"Furcifer lateralis (Gray, 1831)","Chamaeleo","lateralis","44.711666","-22.843333","Madagascar",NA,NA,"8e479b8f-ac16-4bed-a11a-bc7e27c31663",6.68e+11
"Furcifer lateralis (Gray, 1831)","Chamaeleo","lateralis","44.711666","-22.843333","Madagascar",NA,NA,"8e479b8f-ac16-4bed-a11a-bc7e27c31663",6.68e+11
"Furcifer lateralis (Gray, 1831)","Chamaeleo","lateralis","44.711666","-22.843333","Madagascar",NA,NA,"8e479b8f-ac16-4bed-a11a-bc7e27c31663",6.68e+11
"Furcifer lateralis (Gray, 1831)","Chamaeleo","lateralis","44.711666","-22.843333","Madagascar",NA,NA,"8e479b8f-ac16-4bed-a11a-bc7e27c31663",6.68e+11
"Furcifer lateralis (Gray, 1831)","Chamaeleo","lateralis","44.711666","-22.843333","Madagascar",NA,NA,"8e479b8f-ac16-4bed-a11a-bc7e27c31663",6.68e+11
"Furcifer lateralis (Gray, 1831)","Chamaeleo","lateralis","44.711666","-22.843333","Madagascar",NA,NA,"8e479b8f-ac16-4bed-a11a-bc7e27c31663",6.68e+11
"Furcifer lateralis (Gray, 1831)","Chamaeleo","lateralis","44.711666","-22.843333","Madagascar",NA,NA,"8e479b8f-ac16-4bed-a11a-bc7e27c31663",6.68e+11
"Furcifer lateralis (Gray, 1831)","Chamaeleo","lateralis","44.711666","-22.843333","Madagascar",NA,NA,"8e479b8f-ac16-4bed-a11a-bc7e27c31663",6.68e+11
"Furcifer lateralis (Gray, 1831)","Chamaeleo","lateralis","46.816666","-25.033333","Madagascar",NA,NA,"8e479b8f-ac16-4bed-a11a-bc7e27c31663",6.68e+11
"Furcifer lateralis (Gray, 1831)","Chamaeleo","lateralis","46.75","-24.979166","Madagascar",NA,NA,"8e479b8f-ac16-4bed-a11a-bc7e27c31663",6.68e+11
"Furcifer lateralis (Gray, 1831)","Chamaeleo","lateralis","46.816666","-25.033333","Madagascar",NA,NA,"8e479b8f-ac16-4bed-a11a-bc7e27c31663",6.68e+11
"Furcifer lateralis (Gray, 1831)","Chamaeleo","lateralis","45.683333","-23.841666","Madagascar",NA,NA,"8e479b8f-ac16-4bed-a11a-bc7e27c31663",6.68e+11
"Furcifer oustaleti (Mocquard, 1894)","Furcifer","oustaleti","49.022154","-12.990821","Madagascar",NA,NA,"50c9509d-22c7-4a22-a47d-8c48425ef4a7",6.68e+11
"Furcifer major (Brygoo, 1971)","Furcifer","major","45.379287","-22.541791","Madagascar",NA,NA,"50c9509d-22c7-4a22-a47d-8c48425ef4a7",6.68e+11
"Furcifer pardalis (Cuvier, 1829)","Chamaeleo","pardalis","48.3","-13.4","Madagascar","Nosy Be",NA,"8e479b8f-ac16-4bed-a11a-bc7e27c31663",298125000
"Furcifer pardalis (Cuvier, 1829)","Chamaeleo","pardalis","48.3","-13.4","Madagascar","Nosy Be",NA,"8e479b8f-ac16-4bed-a11a-bc7e27c31663",298125000
"Furcifer pardalis (Cuvier, 1829)","Chamaeleo","pardalis","48.3","-13.4","Madagascar","Nosy Be",NA,"8e479b8f-ac16-4bed-a11a-bc7e27c31663",298125000
"Furcifer pardalis (Cuvier, 1829)","Chamaeleo","pardalis","48.233333","-13.382222","Madagascar","Nosy Be",NA,"8e479b8f-ac16-4bed-a11a-bc7e27c31663",298125000
"Furcifer pardalis (Cuvier, 1829)","Chamaeleo","pardalis","48.233333","-13.382222","Madagascar","Nosy Be",NA,"8e479b8f-ac16-4bed-a11a-bc7e27c31663",298125000
"Furcifer pardalis (Cuvier, 1829)","Chamaeleo","pardalis","48.233333","-13.382222","Madagascar","Nosy Be",NA,"8e479b8f-ac16-4bed-a11a-bc7e27c31663",298125000
"Furcifer pardalis (Cuvier, 1829)","Chamaeleo","pardalis","48.3","-13.4","Madagascar","Nosy Be",NA,"8e479b8f-ac16-4bed-a11a-bc7e27c31663",298125000
"Furcifer pardalis (Cuvier, 1829)","Chamaeleo","pardalis","48.3","-13.4","Madagascar","Nosy Be",NA,"8e479b8f-ac16-4bed-a11a-bc7e27c31663",298125000
"Furcifer pardalis (Cuvier, 1829)","Chamaeleo","pardalis","48.233333","-13.382222","Madagascar","Nosy Be",NA,"8e479b8f-ac16-4bed-a11a-bc7e27c31663",298125000
"Furcifer pardalis (Cuvier, 1829)","Chamaeleo","pardalis","48.233333","-13.382222","Madagascar","Nosy Be",NA,"8e479b8f-ac16-4bed-a11a-bc7e27c31663",298125000
"Furcifer pardalis (Cuvier, 1829)","Chamaeleo","pardalis","48.233333","-13.382222","Madagascar","Nosy Be",NA,"8e479b8f-ac16-4bed-a11a-bc7e27c31663",298125000
"Furcifer lateralis (Gray, 1831)","Chamaeleo","lateralis","46.283333","-24.983333","Madagascar",NA,NA,"8e479b8f-ac16-4bed-a11a-bc7e27c31663",6.68e+11
"Furcifer lateralis (Gray, 1831)","Chamaeleo","lateralis","47.033333","-22.083333","Madagascar",NA,NA,"8e479b8f-ac16-4bed-a11a-bc7e27c31663",6.68e+11
"Furcifer lateralis (Gray, 1831)","Chamaeleo","lateralis","47.033333","-22.083333","Madagascar",NA,NA,"8e479b8f-ac16-4bed-a11a-bc7e27c31663",6.68e+11
"Furcifer pardalis (Cuvier, 1829)","Chamaeleo","pardalis","55.29322","-21.00298","Reunion",NA,NA,"f946666e-67dc-4848-9fa8-2162f3559e33",2896937500
"Furcifer pardalis (Cuvier, 1829)","Chamaeleo","pardalis","49.171666","-12.486666","Madagascar",NA,NA,"8e479b8f-ac16-4bed-a11a-bc7e27c31663",6.68e+11
"Furcifer oustaleti (Mocquard, 1894)","Chamaeleo","oustaleti","46.51143","-21.97079","Madagascar",NA,NA,"4bfac3ea-8763-4f4b-a71a-76a6f5f243d3",6.68e+11
"Furcifer oustaleti (Mocquard, 1894)","Chamaeleo","oustaleti","46.51143","-21.97079","Madagascar",NA,NA,"4bfac3ea-8763-4f4b-a71a-76a6f5f243d3",6.68e+11
"Furcifer oustaleti (Mocquard, 1894)","Furcifer","oustaleti","43.690183","-23.360428","Madagascar",NA,NA,"cece4fc2-1fec-4bb5-a335-7252548e3f0b",6.68e+11
"Furcifer pardalis (Cuvier, 1829)","Chamaeleo","pardalis","49.1","-12.925","Madagascar",NA,NA,"8e479b8f-ac16-4bed-a11a-bc7e27c31663",6.68e+11
"Furcifer pardalis (Cuvier, 1829)","Furcifer","pardalis","55.321585","-21.006914","Reunion",NA,NA,"50c9509d-22c7-4a22-a47d-8c48425ef4a7",2896937500
"Furcifer lateralis (Gray, 1831)","Chamaeleo","lateralis","48.6","-13.983333","Madagascar",NA,NA,"8e479b8f-ac16-4bed-a11a-bc7e27c31663",6.68e+11
"Furcifer pardalis (Cuvier, 1829)","Chamaeleo","pardalis","49.733333","-14.566666","Madagascar",NA,NA,"8e479b8f-ac16-4bed-a11a-bc7e27c31663",6.68e+11
"Furcifer pardalis (Cuvier, 1829)","Chamaeleo","pardalis","49.8","-14.466666","Madagascar",NA,NA,"8e479b8f-ac16-4bed-a11a-bc7e27c31663",6.68e+11
"Furcifer pardalis (Cuvier, 1829)","Chamaeleo","pardalis","49.8","-14.45","Madagascar",NA,NA,"8e479b8f-ac16-4bed-a11a-bc7e27c31663",6.68e+11
"Furcifer pardalis (Cuvier, 1829)","Chamaeleo","pardalis","49.733333","-14.566666","Madagascar",NA,NA,"8e479b8f-ac16-4bed-a11a-bc7e27c31663",6.68e+11
"Furcifer pardalis (Cuvier, 1829)","Chamaeleo","pardalis","49.766666","-14.433333","Madagascar",NA,NA,"8e479b8f-ac16-4bed-a11a-bc7e27c31663",6.68e+11
"Furcifer pardalis (Cuvier, 1829)","Chamaeleo","pardalis","49.783333","-14.441666","Madagascar",NA,NA,"8e479b8f-ac16-4bed-a11a-bc7e27c31663",6.68e+11
"Furcifer pardalis (Cuvier, 1829)","Chamaeleo","pardalis","49.783333","-14.441666","Madagascar",NA,NA,"8e479b8f-ac16-4bed-a11a-bc7e27c31663",6.68e+11
"Furcifer pardalis (Cuvier, 1829)","Chamaeleo","pardalis","49.783333","-14.441666","Madagascar",NA,NA,"8e479b8f-ac16-4bed-a11a-bc7e27c31663",6.68e+11
"Furcifer pardalis (Cuvier, 1829)","Chamaeleo","pardalis","48.25","-13.9","Madagascar",NA,NA,"8e479b8f-ac16-4bed-a11a-bc7e27c31663",6.68e+11
"Furcifer pardalis (Cuvier, 1829)","Chamaeleo","pardalis","48.366666","-13.766666","Madagascar",NA,NA,"8e479b8f-ac16-4bed-a11a-bc7e27c31663",6.68e+11
"Furcifer lateralis (Gray, 1831)","Chamaeleo","lateralis","46.816666","-25.033333","Madagascar",NA,NA,"8e479b8f-ac16-4bed-a11a-bc7e27c31663",6.68e+11
"Furcifer lateralis (Gray, 1831)","Chamaeleo","lateralis","46.6","-25","Madagascar",NA,NA,"8e479b8f-ac16-4bed-a11a-bc7e27c31663",6.68e+11
"Furcifer lateralis (Gray, 1831)","Chamaeleo","lateralis","47.733333","-23.000333","Madagascar",NA,NA,"8e479b8f-ac16-4bed-a11a-bc7e27c31663",6.68e+11
"Furcifer verrucosus Cuvier, 1829","Furcifer","verrucosus","43.649526","-23.661004","Madagascar",NA,NA,"50c9509d-22c7-4a22-a47d-8c48425ef4a7",6.68e+11
"Furcifer pardalis (Cuvier, 1829)","Chamaeleo","pardalis","49.166666","-12.538333","Madagascar",NA,NA,"8e479b8f-ac16-4bed-a11a-bc7e27c31663",6.68e+11
"Furcifer pardalis (Cuvier, 1829)","Chamaeleo","pardalis","49.2","-12.483333","Madagascar",NA,NA,"8e479b8f-ac16-4bed-a11a-bc7e27c31663",6.68e+11
"Furcifer pardalis (Cuvier, 1829)","Chamaeleo","pardalis","49.2","-12.483333","Madagascar",NA,NA,"8e479b8f-ac16-4bed-a11a-bc7e27c31663",6.68e+11
"Furcifer pardalis (Cuvier, 1829)","Chamaeleo","pardalis","49.2","-12.483333","Madagascar",NA,NA,"8e479b8f-ac16-4bed-a11a-bc7e27c31663",6.68e+11
"Furcifer pardalis (Cuvier, 1829)","Chamaeleo","pardalis","49.171666","-12.486666","Madagascar",NA,NA,"8e479b8f-ac16-4bed-a11a-bc7e27c31663",6.68e+11
"Furcifer pardalis (Cuvier, 1829)","Chamaeleo","pardalis","49.4","-16.908333","Madagascar",NA,NA,"8e479b8f-ac16-4bed-a11a-bc7e27c31663",6.68e+11
"Furcifer lateralis (Gray, 1831)","Chamaeleo","lateralis","46.416666","-24.9","Madagascar",NA,NA,"8e479b8f-ac16-4bed-a11a-bc7e27c31663",6.68e+11
"Furcifer lateralis (Gray, 1831)","Chamaeleo","lateralis","47.133333","-24.9","Madagascar",NA,NA,"8e479b8f-ac16-4bed-a11a-bc7e27c31663",6.68e+11
"Furcifer lateralis (Gray, 1831)","Chamaeleo","lateralis","46.416666","-24.9","Madagascar",NA,NA,"8e479b8f-ac16-4bed-a11a-bc7e27c31663",6.68e+11
"Furcifer lateralis (Gray, 1831)","Furcifer","lateralis","47.37","-24.1","Madagascar",NA,NA,"821cc27a-e3bb-4bc5-ac34-89ada245069d",6.68e+11
"Furcifer lateralis (Gray, 1831)","Chamaeleo","lateralis","46.883333","-25.033333","Madagascar",NA,NA,"8e479b8f-ac16-4bed-a11a-bc7e27c31663",6.68e+11
"Furcifer oustaleti (Mocquard, 1894)","Chamaeleo","oustaleti","46.97","-24.97","Madagascar",NA,NA,"821cc27a-e3bb-4bc5-ac34-89ada245069d",6.68e+11
"Furcifer oustaleti (Mocquard, 1894)","Chamaeleo","oustaleti","46.98","-25.02","Madagascar",NA,NA,"821cc27a-e3bb-4bc5-ac34-89ada245069d",6.68e+11
"Furcifer oustaleti (Mocquard, 1894)","Chamaeleo","oustaleti","46.97","-24.97","Madagascar",NA,NA,"821cc27a-e3bb-4bc5-ac34-89ada245069d",6.68e+11
"Furcifer lateralis (Gray, 1831)","Furcifer","lateralis","47.35","-24.15","Madagascar",NA,NA,"821cc27a-e3bb-4bc5-ac34-89ada245069d",6.68e+11
"Furcifer oustaleti (Mocquard, 1894)","Chamaeleo","oustaleti","47.12","-24.87","Madagascar",NA,NA,"821cc27a-e3bb-4bc5-ac34-89ada245069d",6.68e+11
"Furcifer oustaleti (Mocquard, 1894)","Chamaeleo","oustaleti","46.97","-24.97","Madagascar",NA,NA,"821cc27a-e3bb-4bc5-ac34-89ada245069d",6.68e+11
"Furcifer oustaleti (Mocquard, 1894)","Chamaeleo","oustaleti","46.97","-24.97","Madagascar",NA,NA,"821cc27a-e3bb-4bc5-ac34-89ada245069d",6.68e+11
"Furcifer oustaleti (Mocquard, 1894)","Chamaeleo","oustaleti","47.12","-24.87","Madagascar",NA,NA,"821cc27a-e3bb-4bc5-ac34-89ada245069d",6.68e+11
"Furcifer lateralis (Gray, 1831)","Chamaeleo","lateralis","46.966666","-24.566667","Madagascar",NA,NA,"8e479b8f-ac16-4bed-a11a-bc7e27c31663",6.68e+11
"Furcifer lateralis (Gray, 1831)","Chamaeleo","lateralis","46.966666","-24.566667","Madagascar",NA,NA,"8e479b8f-ac16-4bed-a11a-bc7e27c31663",6.68e+11
"Furcifer lateralis (Gray, 1831)","Chamaeleo","lateralis","46.95","-25.033333","Madagascar",NA,NA,"8e479b8f-ac16-4bed-a11a-bc7e27c31663",6.68e+11
"Furcifer lateralis (Gray, 1831)","Chamaeleo","lateralis","47.333333","-24.083333","Madagascar",NA,NA,"8e479b8f-ac16-4bed-a11a-bc7e27c31663",6.68e+11
"Furcifer lateralis (Gray, 1831)","Chamaeleo","lateralis","46.966666","-24.566667","Madagascar",NA,NA,"8e479b8f-ac16-4bed-a11a-bc7e27c31663",6.68e+11
"Furcifer lateralis (Gray, 1831)","Chamaeleo","lateralis","47.333333","-24.083333","Madagascar",NA,NA,"8e479b8f-ac16-4bed-a11a-bc7e27c31663",6.68e+11
"Furcifer lateralis (Gray, 1831)","Chamaeleo","lateralis","47.333333","-24.083333","Madagascar",NA,NA,"8e479b8f-ac16-4bed-a11a-bc7e27c31663",6.68e+11
"Furcifer lateralis (Gray, 1831)","Chamaeleo","lateralis","47.333333","-24.083333","Madagascar",NA,NA,"8e479b8f-ac16-4bed-a11a-bc7e27c31663",6.68e+11
"Furcifer lateralis (Gray, 1831)","Furcifer","lateralis","46.98","-25.02","Madagascar",NA,NA,"821cc27a-e3bb-4bc5-ac34-89ada245069d",6.68e+11
"Furcifer lateralis (Gray, 1831)","Furcifer","lateralis","46.98","-25.02","Madagascar",NA,NA,"821cc27a-e3bb-4bc5-ac34-89ada245069d",6.68e+11
"Furcifer oustaleti (Mocquard, 1894)","Chamaeleo","oustaleti","46.98","-25.02","Madagascar",NA,NA,"821cc27a-e3bb-4bc5-ac34-89ada245069d",6.68e+11
"Furcifer lateralis (Gray, 1831)","Chamaeleo","lateralis","46.99","-25.03","Madagascar",NA,NA,"76dd8f0d-2daa-4a69-9fcd-55e04230334a",6.68e+11
"Furcifer lateralis (Gray, 1831)","Chamaeleo","lateralis","46.99","-25.03","Madagascar",NA,NA,"76dd8f0d-2daa-4a69-9fcd-55e04230334a",6.68e+11
"Furcifer lateralis (Gray, 1831)","Chamaeleo","lateralis","43.91","-24.55","Madagascar",NA,NA,"76dd8f0d-2daa-4a69-9fcd-55e04230334a",6.68e+11
"Furcifer lateralis (Gray, 1831)","Chamaeleo","lateralis","47.06","-24.97","Madagascar",NA,NA,"76dd8f0d-2daa-4a69-9fcd-55e04230334a",6.68e+11
"Furcifer lateralis (Gray, 1831)","Chamaeleo","lateralis","47.06","-24.97","Madagascar",NA,NA,"76dd8f0d-2daa-4a69-9fcd-55e04230334a",6.68e+11
"Furcifer lateralis (Gray, 1831)","Chamaeleo","lateralis","47.54","-18.9","Madagascar",NA,NA,"76dd8f0d-2daa-4a69-9fcd-55e04230334a",6.68e+11
"Furcifer lateralis (Gray, 1831)","Chamaeleo","lateralis","47.54","-18.9","Madagascar",NA,NA,"76dd8f0d-2daa-4a69-9fcd-55e04230334a",6.68e+11
"Furcifer lateralis (Gray, 1831)","Chamaeleo","lateralis","47.54","-18.9","Madagascar",NA,NA,"76dd8f0d-2daa-4a69-9fcd-55e04230334a",6.68e+11
"Furcifer lateralis (Gray, 1831)","Chamaeleo","lateralis","47.54","-18.9","Madagascar",NA,NA,"76dd8f0d-2daa-4a69-9fcd-55e04230334a",6.68e+11
"Furcifer lateralis (Gray, 1831)","Chamaeleo","lateralis","47.183333","-24.766667","Madagascar",NA,NA,"8e479b8f-ac16-4bed-a11a-bc7e27c31663",6.68e+11
"Furcifer lateralis (Gray, 1831)","Chamaeleo","lateralis","46.966666","-25","Madagascar",NA,NA,"8e479b8f-ac16-4bed-a11a-bc7e27c31663",6.68e+11
"Furcifer Fitzinger, 1843","Furcifer",NA,"45.25","-22.75","Madagascar",NA,NA,"50c9509d-22c7-4a22-a47d-8c48425ef4a7",6.68e+11
"Furcifer willsii (Günther, 1890)","Furcifer","willsii","48.414349","-18.927589","Madagascar",NA,NA,"50c9509d-22c7-4a22-a47d-8c48425ef4a7",6.68e+11
"Furcifer oustaleti (Mocquard, 1894)","Furcifer","oustaleti","49.294283","-12.323135","Madagascar",NA,NA,"50c9509d-22c7-4a22-a47d-8c48425ef4a7",6.68e+11
"Furcifer lateralis (Gray, 1831)","Chamaeleo","lateralis","46.083333","-25.166667","Madagascar",NA,NA,"8e479b8f-ac16-4bed-a11a-bc7e27c31663",6.68e+11
"Furcifer lateralis (Gray, 1831)","Chamaeleo","lateralis","46.966666","-25","Madagascar",NA,NA,"8e479b8f-ac16-4bed-a11a-bc7e27c31663",6.68e+11
"Furcifer lateralis (Gray, 1831)","Chamaeleo","lateralis","46.6","-25","Madagascar",NA,NA,"8e479b8f-ac16-4bed-a11a-bc7e27c31663",6.68e+11
"Furcifer lateralis (Gray, 1831)","Chamaeleo","lateralis","46.966666","-25","Madagascar",NA,NA,"8e479b8f-ac16-4bed-a11a-bc7e27c31663",6.68e+11
"Furcifer lateralis (Gray, 1831)","Chamaeleo","lateralis","46.966666","-25","Madagascar",NA,NA,"8e479b8f-ac16-4bed-a11a-bc7e27c31663",6.68e+11
"Furcifer lateralis (Gray, 1831)","Chamaeleo","lateralis","46.983333","-24.95","Madagascar",NA,NA,"8e479b8f-ac16-4bed-a11a-bc7e27c31663",6.68e+11
"Furcifer lateralis (Gray, 1831)","Chamaeleo","lateralis","46.966666","-25","Madagascar",NA,NA,"8e479b8f-ac16-4bed-a11a-bc7e27c31663",6.68e+11
"Furcifer lateralis (Gray, 1831)","Chamaeleo","lateralis","46.966666","-25","Madagascar",NA,NA,"8e479b8f-ac16-4bed-a11a-bc7e27c31663",6.68e+11
"Furcifer lateralis (Gray, 1831)","Chamaeleo","lateralis","46.966666","-25","Madagascar",NA,NA,"8e479b8f-ac16-4bed-a11a-bc7e27c31663",6.68e+11
"Furcifer lateralis (Gray, 1831)","Chamaeleo","lateralis","46.966666","-25","Madagascar",NA,NA,"8e479b8f-ac16-4bed-a11a-bc7e27c31663",6.68e+11
"Furcifer lateralis (Gray, 1831)","Chamaeleo","lateralis","46.966666","-25","Madagascar",NA,NA,"8e479b8f-ac16-4bed-a11a-bc7e27c31663",6.68e+11
"Furcifer lateralis (Gray, 1831)","Chamaeleo","lateralis","46.966666","-25","Madagascar",NA,NA,"8e479b8f-ac16-4bed-a11a-bc7e27c31663",6.68e+11
"Furcifer lateralis (Gray, 1831)","Chamaeleo","lateralis","46.966666","-25","Madagascar",NA,NA,"8e479b8f-ac16-4bed-a11a-bc7e27c31663",6.68e+11
"Furcifer lateralis (Gray, 1831)","Chamaeleo","lateralis","46.966666","-25","Madagascar",NA,NA,"8e479b8f-ac16-4bed-a11a-bc7e27c31663",6.68e+11
"Furcifer lateralis (Gray, 1831)","Chamaeleo","lateralis","46.966666","-25","Madagascar",NA,NA,"8e479b8f-ac16-4bed-a11a-bc7e27c31663",6.68e+11
"Furcifer lateralis (Gray, 1831)","Chamaeleo","lateralis","46.966666","-25","Madagascar",NA,NA,"8e479b8f-ac16-4bed-a11a-bc7e27c31663",6.68e+11
"Furcifer lateralis (Gray, 1831)","Chamaeleo","lateralis","46.966666","-25","Madagascar",NA,NA,"8e479b8f-ac16-4bed-a11a-bc7e27c31663",6.68e+11
"Furcifer lateralis (Gray, 1831)","Chamaeleo","lateralis","46.966666","-25","Madagascar",NA,NA,"8e479b8f-ac16-4bed-a11a-bc7e27c31663",6.68e+11
"Furcifer lateralis (Gray, 1831)","Chamaeleo","lateralis","46.966666","-25","Madagascar",NA,NA,"8e479b8f-ac16-4bed-a11a-bc7e27c31663",6.68e+11
"Furcifer lateralis (Gray, 1831)","Chamaeleo","lateralis","46.966666","-25","Madagascar",NA,NA,"8e479b8f-ac16-4bed-a11a-bc7e27c31663",6.68e+11
"Furcifer lateralis (Gray, 1831)","Chamaeleo","lateralis","46.966666","-25","Madagascar",NA,NA,"8e479b8f-ac16-4bed-a11a-bc7e27c31663",6.68e+11
"Furcifer lateralis (Gray, 1831)","Chamaeleo","lateralis","46.966666","-25","Madagascar",NA,NA,"8e479b8f-ac16-4bed-a11a-bc7e27c31663",6.68e+11
"Furcifer lateralis (Gray, 1831)","Chamaeleo","lateralis","46.6","-25","Madagascar",NA,NA,"8e479b8f-ac16-4bed-a11a-bc7e27c31663",6.68e+11
"Furcifer lateralis (Gray, 1831)","Chamaeleo","lateralis","46.966666","-25","Madagascar",NA,NA,"8e479b8f-ac16-4bed-a11a-bc7e27c31663",6.68e+11
"Furcifer lateralis (Gray, 1831)","Chamaeleo","lateralis","46.966666","-25","Madagascar",NA,NA,"8e479b8f-ac16-4bed-a11a-bc7e27c31663",6.68e+11
"Furcifer lateralis (Gray, 1831)","Chamaeleo","lateralis","46.966666","-25","Madagascar",NA,NA,"8e479b8f-ac16-4bed-a11a-bc7e27c31663",6.68e+11
"Furcifer lateralis (Gray, 1831)","Chamaeleo","lateralis","46.966666","-25","Madagascar",NA,NA,"8e479b8f-ac16-4bed-a11a-bc7e27c31663",6.68e+11
"Furcifer lateralis (Gray, 1831)","Chamaeleo","lateralis","47.1","-24.80476","Madagascar",NA,NA,"8e479b8f-ac16-4bed-a11a-bc7e27c31663",6.68e+11
"Furcifer lateralis (Gray, 1831)","Chamaeleo","lateralis","46.966666","-25","Madagascar",NA,NA,"8e479b8f-ac16-4bed-a11a-bc7e27c31663",6.68e+11
"Furcifer lateralis (Gray, 1831)","Chamaeleo","lateralis","46.966666","-25","Madagascar",NA,NA,"8e479b8f-ac16-4bed-a11a-bc7e27c31663",6.68e+11
"Furcifer lateralis (Gray, 1831)","Chamaeleo","lateralis","46.966666","-25","Madagascar",NA,NA,"8e479b8f-ac16-4bed-a11a-bc7e27c31663",6.68e+11
"Furcifer lateralis (Gray, 1831)","Chamaeleo","lateralis","46.966666","-25","Madagascar",NA,NA,"8e479b8f-ac16-4bed-a11a-bc7e27c31663",6.68e+11
"Furcifer lateralis (Gray, 1831)","Chamaeleo","lateralis","46.966666","-25","Madagascar",NA,NA,"8e479b8f-ac16-4bed-a11a-bc7e27c31663",6.68e+11
"Furcifer lateralis (Gray, 1831)","Chamaeleo","lateralis","46.966666","-25","Madagascar",NA,NA,"8e479b8f-ac16-4bed-a11a-bc7e27c31663",6.68e+11
"Furcifer lateralis (Gray, 1831)","Chamaeleo","lateralis","46.966666","-25","Madagascar",NA,NA,"8e479b8f-ac16-4bed-a11a-bc7e27c31663",6.68e+11
"Furcifer lateralis (Gray, 1831)","Chamaeleo","lateralis","46.966666","-25","Madagascar",NA,NA,"8e479b8f-ac16-4bed-a11a-bc7e27c31663",6.68e+11
"Furcifer lateralis (Gray, 1831)","Chamaeleo","lateralis","46.966666","-25","Madagascar",NA,NA,"8e479b8f-ac16-4bed-a11a-bc7e27c31663",6.68e+11
"Furcifer lateralis (Gray, 1831)","Chamaeleo","lateralis","46.966666","-25","Madagascar",NA,NA,"8e479b8f-ac16-4bed-a11a-bc7e27c31663",6.68e+11
"Furcifer lateralis (Gray, 1831)","Chamaeleo","lateralis","46.966666","-25","Madagascar",NA,NA,"8e479b8f-ac16-4bed-a11a-bc7e27c31663",6.68e+11
"Furcifer lateralis (Gray, 1831)","Chamaeleo","lateralis","46.966666","-25","Madagascar",NA,NA,"8e479b8f-ac16-4bed-a11a-bc7e27c31663",6.68e+11
"Furcifer lateralis (Gray, 1831)","Chamaeleo","lateralis","46.966666","-25","Madagascar",NA,NA,"8e479b8f-ac16-4bed-a11a-bc7e27c31663",6.68e+11
"Furcifer lateralis (Gray, 1831)","Chamaeleo","lateralis","46.983333","-24.95","Madagascar",NA,NA,"8e479b8f-ac16-4bed-a11a-bc7e27c31663",6.68e+11
"Furcifer lateralis (Gray, 1831)","Chamaeleo","lateralis","46.966666","-25","Madagascar",NA,NA,"8e479b8f-ac16-4bed-a11a-bc7e27c31663",6.68e+11
"Furcifer lateralis (Gray, 1831)","Chamaeleo","lateralis","46.966666","-25","Madagascar",NA,NA,"8e479b8f-ac16-4bed-a11a-bc7e27c31663",6.68e+11
"Furcifer lateralis (Gray, 1831)","Chamaeleo","lateralis","46.966666","-25","Madagascar",NA,NA,"8e479b8f-ac16-4bed-a11a-bc7e27c31663",6.68e+11
"Furcifer lateralis (Gray, 1831)","Chamaeleo","lateralis","46.966666","-25","Madagascar",NA,NA,"8e479b8f-ac16-4bed-a11a-bc7e27c31663",6.68e+11
"Furcifer lateralis (Gray, 1831)","Chamaeleo","lateralis","46.966666","-25","Madagascar",NA,NA,"8e479b8f-ac16-4bed-a11a-bc7e27c31663",6.68e+11
"Furcifer lateralis (Gray, 1831)","Chamaeleo","lateralis","46.966666","-25","Madagascar",NA,NA,"8e479b8f-ac16-4bed-a11a-bc7e27c31663",6.68e+11
"Furcifer lateralis (Gray, 1831)","Chamaeleo","lateralis","46.966666","-25","Madagascar",NA,NA,"8e479b8f-ac16-4bed-a11a-bc7e27c31663",6.68e+11
"Furcifer lateralis (Gray, 1831)","Chamaeleo","lateralis","46.966666","-25","Madagascar",NA,NA,"8e479b8f-ac16-4bed-a11a-bc7e27c31663",6.68e+11
"Furcifer lateralis (Gray, 1831)","Chamaeleo","lateralis","46.966666","-25","Madagascar",NA,NA,"8e479b8f-ac16-4bed-a11a-bc7e27c31663",6.68e+11
"Furcifer lateralis (Gray, 1831)","Chamaeleo","lateralis","46.966666","-25","Madagascar",NA,NA,"8e479b8f-ac16-4bed-a11a-bc7e27c31663",6.68e+11
"Furcifer lateralis (Gray, 1831)","Chamaeleo","lateralis","46.966666","-25","Madagascar",NA,NA,"8e479b8f-ac16-4bed-a11a-bc7e27c31663",6.68e+11
"Furcifer lateralis (Gray, 1831)","Chamaeleo","lateralis","46.966666","-25","Madagascar",NA,NA,"8e479b8f-ac16-4bed-a11a-bc7e27c31663",6.68e+11
"Furcifer lateralis (Gray, 1831)","Chamaeleo","lateralis","46.966666","-25","Madagascar",NA,NA,"8e479b8f-ac16-4bed-a11a-bc7e27c31663",6.68e+11
"Furcifer lateralis (Gray, 1831)","Chamaeleo","lateralis","46.966666","-25","Madagascar",NA,NA,"8e479b8f-ac16-4bed-a11a-bc7e27c31663",6.68e+11
"Furcifer lateralis (Gray, 1831)","Chamaeleo","lateralis","47.13","-20.3","Madagascar",NA,NA,"76dd8f0d-2daa-4a69-9fcd-55e04230334a",6.68e+11
"Furcifer pardalis (Cuvier, 1829)","Furcifer","pardalis","50.168924","-14.26525","Madagascar",NA,NA,"50c9509d-22c7-4a22-a47d-8c48425ef4a7",6.68e+11
"Furcifer lateralis (Gray, 1831)","Chamaeleo","lateralis","47.566666","-18.733333","Madagascar",NA,NA,"8e479b8f-ac16-4bed-a11a-bc7e27c31663",6.68e+11
"Furcifer lateralis (Gray, 1831)","Chamaeleo","lateralis","47.566666","-18.733333","Madagascar",NA,NA,"8e479b8f-ac16-4bed-a11a-bc7e27c31663",6.68e+11
"Furcifer pardalis (Cuvier, 1829)","Furcifer","pardalis","48.33333","-13.38333","Madagascar","Nosy Be",NA,"cece4fc2-1fec-4bb5-a335-7252548e3f0b",298125000
"Furcifer cephalolepis (Günther, 1880)","Furcifer","cephalolepis","43.325556","-11.467222","Comoros","Grande Comore",NA,"cece4fc2-1fec-4bb5-a335-7252548e3f0b",1062937500
"Furcifer lateralis (Gray, 1831)","Furcifer","lateralis","46.75152","-18.99462","Madagascar",NA,NA,"cece4fc2-1fec-4bb5-a335-7252548e3f0b",6.68e+11
"Furcifer lateralis (Gray, 1831)","Furcifer","lateralis","46.75152","-18.99462","Madagascar",NA,NA,"cece4fc2-1fec-4bb5-a335-7252548e3f0b",6.68e+11
"Furcifer lateralis (Gray, 1831)","Furcifer","lateralis","46.75152","-18.99462","Madagascar",NA,NA,"cece4fc2-1fec-4bb5-a335-7252548e3f0b",6.68e+11
"Furcifer lateralis (Gray, 1831)","Furcifer","lateralis","46.75152","-18.99462","Madagascar",NA,NA,"cece4fc2-1fec-4bb5-a335-7252548e3f0b",6.68e+11
"Furcifer lateralis (Gray, 1831)","Furcifer","lateralis","46.75152","-18.99462","Madagascar",NA,NA,"cece4fc2-1fec-4bb5-a335-7252548e3f0b",6.68e+11
"Furcifer lateralis (Gray, 1831)","Furcifer","lateralis","46.75152","-18.99462","Madagascar",NA,NA,"cece4fc2-1fec-4bb5-a335-7252548e3f0b",6.68e+11
"Furcifer lateralis (Gray, 1831)","Furcifer","lateralis","46.75152","-18.99462","Madagascar",NA,NA,"cece4fc2-1fec-4bb5-a335-7252548e3f0b",6.68e+11
"Furcifer pardalis (Cuvier, 1829)","Furcifer","pardalis","48.26666","-13.21089","Madagascar","Nosy Be",NA,"cece4fc2-1fec-4bb5-a335-7252548e3f0b",298125000
"Furcifer pardalis (Cuvier, 1829)","Furcifer","pardalis","48.26666","-13.23999","Madagascar","Nosy Be",NA,"cece4fc2-1fec-4bb5-a335-7252548e3f0b",298125000
"Furcifer pardalis (Cuvier, 1829)","Furcifer","pardalis","48.26666","-13.23999","Madagascar","Nosy Be",NA,"cece4fc2-1fec-4bb5-a335-7252548e3f0b",298125000
"Furcifer bifidus (Brongniart, 1800)","Furcifer","bifidus","48.77742","-18.93333","Madagascar",NA,NA,"cece4fc2-1fec-4bb5-a335-7252548e3f0b",6.68e+11
"Furcifer oustaleti (Mocquard, 1894)","Furcifer","oustaleti","46.70428","-16.59494","Madagascar",NA,NA,"cece4fc2-1fec-4bb5-a335-7252548e3f0b",6.68e+11
"Furcifer oustaleti (Mocquard, 1894)","Furcifer","oustaleti","46.70428","-16.59494","Madagascar",NA,NA,"cece4fc2-1fec-4bb5-a335-7252548e3f0b",6.68e+11
"Furcifer oustaleti (Mocquard, 1894)","Furcifer","oustaleti","46.70428","-16.59494","Madagascar",NA,NA,"cece4fc2-1fec-4bb5-a335-7252548e3f0b",6.68e+11
"Furcifer oustaleti (Mocquard, 1894)","Furcifer","oustaleti","46.70428","-16.59494","Madagascar",NA,NA,"cece4fc2-1fec-4bb5-a335-7252548e3f0b",6.68e+11
"Furcifer oustaleti (Mocquard, 1894)","Furcifer","oustaleti","46.70428","-16.59494","Madagascar",NA,NA,"cece4fc2-1fec-4bb5-a335-7252548e3f0b",6.68e+11
"Furcifer oustaleti (Mocquard, 1894)","Furcifer","oustaleti","46.916667","-16.25","Madagascar",NA,NA,"cece4fc2-1fec-4bb5-a335-7252548e3f0b",6.68e+11
"Furcifer rhinoceratus (Gray, 1845)","Furcifer","rhinoceratus","46.916667","-16.25","Madagascar",NA,NA,"cece4fc2-1fec-4bb5-a335-7252548e3f0b",6.68e+11
"Furcifer rhinoceratus (Gray, 1845)","Furcifer","rhinoceratus","46.916667","-16.25","Madagascar",NA,NA,"cece4fc2-1fec-4bb5-a335-7252548e3f0b",6.68e+11
"Furcifer rhinoceratus (Gray, 1845)","Furcifer","rhinoceratus","46.916667","-16.25","Madagascar",NA,NA,"cece4fc2-1fec-4bb5-a335-7252548e3f0b",6.68e+11
"Furcifer rhinoceratus (Gray, 1845)","Furcifer","rhinoceratus","46.916667","-16.25","Madagascar",NA,NA,"cece4fc2-1fec-4bb5-a335-7252548e3f0b",6.68e+11
"Furcifer angeli (Brygoo & Domergue, 1968)","Furcifer","angeli","46.916667","-16.25","Madagascar",NA,NA,"cece4fc2-1fec-4bb5-a335-7252548e3f0b",6.68e+11
"Furcifer oustaleti (Mocquard, 1894)","Furcifer","oustaleti","46.70428","-16.59494","Madagascar",NA,NA,"cece4fc2-1fec-4bb5-a335-7252548e3f0b",6.68e+11
"Furcifer oustaleti (Mocquard, 1894)","Furcifer","oustaleti","46.70428","-16.59494","Madagascar",NA,NA,"cece4fc2-1fec-4bb5-a335-7252548e3f0b",6.68e+11
"Furcifer oustaleti (Mocquard, 1894)","Furcifer","oustaleti","46.70428","-16.59494","Madagascar",NA,NA,"cece4fc2-1fec-4bb5-a335-7252548e3f0b",6.68e+11
"Furcifer willsii (Günther, 1890)","Furcifer","willsii","48.4167","-18.9333","Madagascar",NA,NA,"821cc27a-e3bb-4bc5-ac34-89ada245069d",6.68e+11
"Furcifer willsii (Günther, 1890)","Furcifer","willsii","48.4167","-18.9333","Madagascar",NA,NA,"821cc27a-e3bb-4bc5-ac34-89ada245069d",6.68e+11
"Furcifer oustaleti (Mocquard, 1894)","Chamaeleo","oustaleti","46.6419","-16.4686","Madagascar",NA,NA,"821cc27a-e3bb-4bc5-ac34-89ada245069d",6.68e+11
"Furcifer pardalis (Cuvier, 1829)","Furcifer","pardalis","48.2606","-13.3476","Madagascar","Nosy Be",NA,"821cc27a-e3bb-4bc5-ac34-89ada245069d",298125000
"Furcifer rhinoceratus (Gray, 1845)","Furcifer","rhinoceratus","46.6419","-16.4686","Madagascar",NA,NA,"821cc27a-e3bb-4bc5-ac34-89ada245069d",6.68e+11
"Furcifer oustaleti (Mocquard, 1894)","Chamaeleo","oustaleti","46.6419","-16.4686","Madagascar",NA,NA,"821cc27a-e3bb-4bc5-ac34-89ada245069d",6.68e+11
"Furcifer rhinoceratus (Gray, 1845)","Furcifer","rhinoceratus","46.6419","-16.4686","Madagascar",NA,NA,"821cc27a-e3bb-4bc5-ac34-89ada245069d",6.68e+11
"Furcifer pardalis (Cuvier, 1829)","Furcifer","pardalis","48.2606","-13.3476","Madagascar","Nosy Be",NA,"821cc27a-e3bb-4bc5-ac34-89ada245069d",298125000
"Furcifer oustaleti (Mocquard, 1894)","Chamaeleo","oustaleti","46.6419","-16.4686","Madagascar",NA,NA,"821cc27a-e3bb-4bc5-ac34-89ada245069d",6.68e+11
"Furcifer rhinoceratus (Gray, 1845)","Furcifer","rhinoceratus","46.6419","-16.4686","Madagascar",NA,NA,"821cc27a-e3bb-4bc5-ac34-89ada245069d",6.68e+11
"Furcifer oustaleti (Mocquard, 1894)","Chamaeleo","oustaleti","48.4507","-13.7286","Madagascar",NA,NA,"821cc27a-e3bb-4bc5-ac34-89ada245069d",6.68e+11
"Furcifer rhinoceratus (Gray, 1845)","Furcifer","rhinoceratus","46.6419","-16.4686","Madagascar",NA,NA,"821cc27a-e3bb-4bc5-ac34-89ada245069d",6.68e+11
"Furcifer lateralis (Gray, 1831)","Furcifer","lateralis","44.3689","-22.83566","Madagascar",NA,NA,"861d3d64-f762-11e1-a439-00145eb45e9a",6.68e+11
"Furcifer lateralis (Gray, 1831)","Furcifer","lateralis","44.3689","-22.83566","Madagascar",NA,NA,"861d3d64-f762-11e1-a439-00145eb45e9a",6.68e+11
"Furcifer oustaleti (Mocquard, 1894)","Furcifer","oustaleti","44.3689","-22.83566","Madagascar",NA,NA,"861d3d64-f762-11e1-a439-00145eb45e9a",6.68e+11
"Furcifer oustaleti (Mocquard, 1894)","Furcifer","oustaleti","44.3689","-22.83566","Madagascar",NA,NA,"861d3d64-f762-11e1-a439-00145eb45e9a",6.68e+11
"Furcifer oustaleti (Mocquard, 1894)","Furcifer","oustaleti","44.3689","-22.83566","Madagascar",NA,NA,"861d3d64-f762-11e1-a439-00145eb45e9a",6.68e+11
"Furcifer lateralis (Gray, 1831)","Furcifer","lateralis","44.3689","-22.83566","Madagascar",NA,NA,"861d3d64-f762-11e1-a439-00145eb45e9a",6.68e+11
"Furcifer lateralis (Gray, 1831)","Furcifer","lateralis","44.3689","-22.83566","Madagascar",NA,NA,"861d3d64-f762-11e1-a439-00145eb45e9a",6.68e+11
"Furcifer oustaleti (Mocquard, 1894)","Furcifer","oustaleti","44.3689","-22.83566","Madagascar",NA,NA,"861d3d64-f762-11e1-a439-00145eb45e9a",6.68e+11
"Furcifer lateralis (Gray, 1831)","Furcifer","lateralis","44.3689","-22.83566","Madagascar",NA,NA,"861d3d64-f762-11e1-a439-00145eb45e9a",6.68e+11
"Furcifer lateralis (Gray, 1831)","Furcifer","lateralis","44.3689","-22.83566","Madagascar",NA,NA,"861d3d64-f762-11e1-a439-00145eb45e9a",6.68e+11
"Furcifer oustaleti (Mocquard, 1894)","Furcifer","oustaleti","44.3689","-22.83566","Madagascar",NA,NA,"861d3d64-f762-11e1-a439-00145eb45e9a",6.68e+11
"Furcifer lateralis (Gray, 1831)","Furcifer","lateralis","44.3689","-22.83566","Madagascar",NA,NA,"861d3d64-f762-11e1-a439-00145eb45e9a",6.68e+11
"Furcifer lateralis (Gray, 1831)","Furcifer","lateralis","44.3689","-22.83566","Madagascar",NA,NA,"861d3d64-f762-11e1-a439-00145eb45e9a",6.68e+11
"Furcifer lateralis (Gray, 1831)","Furcifer","lateralis","44.3689","-22.83566","Madagascar",NA,NA,"861d3d64-f762-11e1-a439-00145eb45e9a",6.68e+11
"Furcifer oustaleti (Mocquard, 1894)","Furcifer","oustaleti","44.3689","-22.83566","Madagascar",NA,NA,"861d3d64-f762-11e1-a439-00145eb45e9a",6.68e+11
"Furcifer oustaleti (Mocquard, 1894)","Furcifer","oustaleti","44.3689","-22.83566","Madagascar",NA,NA,"861d3d64-f762-11e1-a439-00145eb45e9a",6.68e+11
"Furcifer lateralis (Gray, 1831)","Furcifer","lateralis","44.3689","-22.83566","Madagascar",NA,NA,"861d3d64-f762-11e1-a439-00145eb45e9a",6.68e+11
"Furcifer oustaleti (Mocquard, 1894)","Furcifer","oustaleti","44.3689","-22.83566","Madagascar",NA,NA,"861d3d64-f762-11e1-a439-00145eb45e9a",6.68e+11
"Furcifer lateralis (Gray, 1831)","Chamaeleo","lateralis","46.75152","-18.99462","Madagascar",NA,NA,"4bfac3ea-8763-4f4b-a71a-76a6f5f243d3",6.68e+11
"Furcifer lateralis (Gray, 1831)","Chamaeleo","lateralis","46.75152","-18.99462","Madagascar",NA,NA,"4bfac3ea-8763-4f4b-a71a-76a6f5f243d3",6.68e+11
"Furcifer lateralis (Gray, 1831)","Chamaeleo","lateralis","46.75152","-18.99462","Madagascar",NA,NA,"4bfac3ea-8763-4f4b-a71a-76a6f5f243d3",6.68e+11
"Furcifer lateralis (Gray, 1831)","Chamaeleo","lateralis","46.75152","-18.99462","Madagascar",NA,NA,"4bfac3ea-8763-4f4b-a71a-76a6f5f243d3",6.68e+11
"Furcifer oustaleti (Mocquard, 1894)","Furcifer","oustaleti","44.3689","-22.83566","Madagascar",NA,NA,"861d3d64-f762-11e1-a439-00145eb45e9a",6.68e+11
"Furcifer willsii (Günther, 1890)","Furcifer","willsii","48.4167","-18.9333","Madagascar",NA,NA,"861d3d64-f762-11e1-a439-00145eb45e9a",6.68e+11
"Furcifer rhinoceratus (Gray, 1845)","Furcifer","rhinoceratus","48.4167","-18.9333","Madagascar",NA,NA,"861d3d64-f762-11e1-a439-00145eb45e9a",6.68e+11
"Furcifer oustaleti (Mocquard, 1894)","Chamaeleo","oustaleti","46.7507","-16.105","Madagascar",NA,NA,"821cc27a-e3bb-4bc5-ac34-89ada245069d",6.68e+11
"Furcifer oustaleti (Mocquard, 1894)","Chamaeleo","oustaleti","44.7073","-22.9121","Madagascar",NA,NA,"821cc27a-e3bb-4bc5-ac34-89ada245069d",6.68e+11
"Furcifer verrucosus Cuvier, 1829","Chamaeleo","verrucosus","44.7073","-22.9121","Madagascar",NA,NA,"821cc27a-e3bb-4bc5-ac34-89ada245069d",6.68e+11
"Furcifer oustaleti (Mocquard, 1894)","Chamaeleo","oustaleti","45.4778","-25.337","Madagascar",NA,NA,"821cc27a-e3bb-4bc5-ac34-89ada245069d",6.68e+11
"Furcifer verrucosus Cuvier, 1829","Chamaeleo","verrucosus","45.4778","-25.337","Madagascar",NA,NA,"821cc27a-e3bb-4bc5-ac34-89ada245069d",6.68e+11
"Furcifer lateralis (Gray, 1831)","Furcifer","lateralis","45.4778","-25.337","Madagascar",NA,NA,"821cc27a-e3bb-4bc5-ac34-89ada245069d",6.68e+11
"Furcifer verrucosus Cuvier, 1829","Chamaeleo","verrucosus","45.4778","-25.337","Madagascar",NA,NA,"821cc27a-e3bb-4bc5-ac34-89ada245069d",6.68e+11
"Furcifer verrucosus Cuvier, 1829","Chamaeleo","verrucosus","45.8505","-23.4112","Madagascar",NA,NA,"821cc27a-e3bb-4bc5-ac34-89ada245069d",6.68e+11
"Furcifer lateralis (Gray, 1831)","Furcifer","lateralis","45.8505","-23.4112","Madagascar",NA,NA,"821cc27a-e3bb-4bc5-ac34-89ada245069d",6.68e+11
"Furcifer lateralis (Gray, 1831)","Furcifer","lateralis","45.4778","-25.337","Madagascar",NA,NA,"821cc27a-e3bb-4bc5-ac34-89ada245069d",6.68e+11
"Furcifer verrucosus Cuvier, 1829","Chamaeleo","verrucosus","45.4778","-25.337","Madagascar",NA,NA,"821cc27a-e3bb-4bc5-ac34-89ada245069d",6.68e+11
"Furcifer rhinoceratus (Gray, 1845)","Furcifer","rhinoceratus","46.92142","-16.2017","Madagascar",NA,NA,"cece4fc2-1fec-4bb5-a335-7252548e3f0b",6.68e+11
"Furcifer rhinoceratus (Gray, 1845)","Furcifer","rhinoceratus","46.92142","-16.2017","Madagascar",NA,NA,"cece4fc2-1fec-4bb5-a335-7252548e3f0b",6.68e+11
"Furcifer rhinoceratus (Gray, 1845)","Furcifer","rhinoceratus","46.92142","-16.2017","Madagascar",NA,NA,"cece4fc2-1fec-4bb5-a335-7252548e3f0b",6.68e+11
"Furcifer oustaleti (Mocquard, 1894)","Furcifer","oustaleti","46.92142","-16.2017","Madagascar",NA,NA,"cece4fc2-1fec-4bb5-a335-7252548e3f0b",6.68e+11
"Furcifer lateralis (Gray, 1831)","Furcifer","lateralis","46.09019","-23.4362","Madagascar",NA,NA,"cece4fc2-1fec-4bb5-a335-7252548e3f0b",6.68e+11
"Furcifer verrucosus Cuvier, 1829","Furcifer","verrucosus","45.65983","-24.8137","Madagascar",NA,NA,"cece4fc2-1fec-4bb5-a335-7252548e3f0b",6.68e+11
"Furcifer verrucosus Cuvier, 1829","Furcifer","verrucosus","45.65983","-24.8137","Madagascar",NA,NA,"cece4fc2-1fec-4bb5-a335-7252548e3f0b",6.68e+11
"Furcifer lateralis (Gray, 1831)","Furcifer","lateralis","44.67123","-22.8286","Madagascar",NA,NA,"cece4fc2-1fec-4bb5-a335-7252548e3f0b",6.68e+11
"Furcifer oustaleti (Mocquard, 1894)","Furcifer","oustaleti","48.45468","-13.67763","Madagascar",NA,NA,"cece4fc2-1fec-4bb5-a335-7252548e3f0b",6.68e+11
"Furcifer pardalis (Cuvier, 1829)","Furcifer","pardalis","48.45468","-13.67763","Madagascar",NA,NA,"cece4fc2-1fec-4bb5-a335-7252548e3f0b",6.68e+11
"Furcifer lateralis (Gray, 1831)","Furcifer","lateralis","47.526775","-18.930306","Madagascar",NA,NA,"cece4fc2-1fec-4bb5-a335-7252548e3f0b",6.68e+11
"Furcifer oustaleti (Mocquard, 1894)","Furcifer","oustaleti","48.45468","-13.67763","Madagascar",NA,NA,"cece4fc2-1fec-4bb5-a335-7252548e3f0b",6.68e+11
"Furcifer Fitzinger, 1843","Furcifer",NA,"44.269477","-20.309003","Madagascar",NA,NA,"09c4287e-e6d5-4552-a07f-bff8a00833d8",6.68e+11
"Furcifer oustaleti (Mocquard, 1894)","Furcifer","oustaleti","47.05775","-16.87439","Madagascar",NA,NA,"09c4287e-e6d5-4552-a07f-bff8a00833d8",6.68e+11
"Furcifer rhinoceratus (Gray, 1845)","Chamaeleon","rhinoceratus","46.81124","-16.29659","Madagascar",NA,NA,"09c4287e-e6d5-4552-a07f-bff8a00833d8",6.68e+11
"Furcifer rhinoceratus (Gray, 1845)","Chamaeleon","rhinoceratus","46.4812","-16.21655","Madagascar",NA,NA,"4bfac3ea-8763-4f4b-a71a-76a6f5f243d3",6.68e+11
"Furcifer rhinoceratus (Gray, 1845)","Furcifer","rhinoceratus","43.6667","-23.3417","Madagascar",NA,NA,"09c4287e-e6d5-4552-a07f-bff8a00833d8",6.68e+11
"Furcifer pardalis (Cuvier, 1829)","Chamaeleo","pardalis","48.54968","-18.23129","Madagascar",NA,NA,"4bfac3ea-8763-4f4b-a71a-76a6f5f243d3",6.68e+11
"Furcifer willsii (Günther, 1890)","Furcifer","willsii","48.54968","-18.23129","Madagascar",NA,NA,"4bfac3ea-8763-4f4b-a71a-76a6f5f243d3",6.68e+11
"Furcifer oustaleti (Mocquard, 1894)","Chamaeleo","oustaleti","46.08776","-25.17405","Madagascar",NA,NA,"4bfac3ea-8763-4f4b-a71a-76a6f5f243d3",6.68e+11
"Furcifer pardalis (Cuvier, 1829)","Chamaeleo","guentheri","47","-20","Madagascar",NA,NA,"4bfac3ea-8763-4f4b-a71a-76a6f5f243d3",6.68e+11
"Furcifer pardalis (Cuvier, 1829)","Chamaeleo","guentheri","47","-20","Madagascar",NA,NA,"4bfac3ea-8763-4f4b-a71a-76a6f5f243d3",6.68e+11
"Furcifer pardalis (Cuvier, 1829)","Chamaeleo","guentheri","47","-20","Madagascar",NA,NA,"4bfac3ea-8763-4f4b-a71a-76a6f5f243d3",6.68e+11
"Furcifer oustaleti (Mocquard, 1894)","Chamaeleo","oustaleti","44.20212","-17.78763","Madagascar",NA,NA,"4bfac3ea-8763-4f4b-a71a-76a6f5f243d3",6.68e+11
"Furcifer oustaleti (Mocquard, 1894)","Chamaeleo","oustaleti","44.20212","-17.78763","Madagascar",NA,NA,"4bfac3ea-8763-4f4b-a71a-76a6f5f243d3",6.68e+11
"Furcifer oustaleti (Mocquard, 1894)","Chamaeleo","oustaleti","44.20212","-17.78763","Madagascar",NA,NA,"4bfac3ea-8763-4f4b-a71a-76a6f5f243d3",6.68e+11
"Furcifer oustaleti (Mocquard, 1894)","Chamaeleo","oustaleti","44.20212","-17.78763","Madagascar",NA,NA,"4bfac3ea-8763-4f4b-a71a-76a6f5f243d3",6.68e+11
"Furcifer oustaleti (Mocquard, 1894)","Chamaeleo","oustaleti","44.20212","-17.78763","Madagascar",NA,NA,"4bfac3ea-8763-4f4b-a71a-76a6f5f243d3",6.68e+11
"Furcifer lateralis (Gray, 1831)","Chamaeleo","lateralis","46.91211","-18.46483","Madagascar",NA,NA,"4bfac3ea-8763-4f4b-a71a-76a6f5f243d3",6.68e+11
"Furcifer lateralis (Gray, 1831)","Chamaeleo","lateralis","46.91211","-18.46483","Madagascar",NA,NA,"4bfac3ea-8763-4f4b-a71a-76a6f5f243d3",6.68e+11
"Furcifer oustaleti (Mocquard, 1894)","Chamaeleo","oustaleti","43.73926","-23.28053","Madagascar",NA,NA,"4bfac3ea-8763-4f4b-a71a-76a6f5f243d3",6.68e+11
"Furcifer pardalis (Cuvier, 1829)","Chamaeleo","pardalis","48.89305","-17.41558","Madagascar",NA,NA,"4bfac3ea-8763-4f4b-a71a-76a6f5f243d3",6.68e+11
"Furcifer pardalis (Cuvier, 1829)","Chamaeleo","pardalis","48.89305","-17.41558","Madagascar",NA,NA,"4bfac3ea-8763-4f4b-a71a-76a6f5f243d3",6.68e+11
"Furcifer pardalis (Cuvier, 1829)","Chamaeleo","pardalis","48.89305","-17.41558","Madagascar",NA,NA,"4bfac3ea-8763-4f4b-a71a-76a6f5f243d3",6.68e+11
"Furcifer pardalis (Cuvier, 1829)","Chamaeleo","pardalis","48.89305","-17.41558","Madagascar",NA,NA,"4bfac3ea-8763-4f4b-a71a-76a6f5f243d3",6.68e+11
"Furcifer pardalis (Cuvier, 1829)","Chamaeleo","pardalis","48.89305","-17.41558","Madagascar",NA,NA,"4bfac3ea-8763-4f4b-a71a-76a6f5f243d3",6.68e+11
"Furcifer pardalis (Cuvier, 1829)","Chamaeleo","pardalis","48.89305","-17.41558","Madagascar",NA,NA,"4bfac3ea-8763-4f4b-a71a-76a6f5f243d3",6.68e+11
"Furcifer pardalis (Cuvier, 1829)","Chamaeleo","pardalis","48.89305","-17.41558","Madagascar",NA,NA,"4bfac3ea-8763-4f4b-a71a-76a6f5f243d3",6.68e+11
"Furcifer pardalis (Cuvier, 1829)","Chamaeleo","pardalis","48.89305","-17.41558","Madagascar",NA,NA,"4bfac3ea-8763-4f4b-a71a-76a6f5f243d3",6.68e+11
"Furcifer pardalis (Cuvier, 1829)","Chamaeleo","pardalis","48.89305","-17.41558","Madagascar",NA,NA,"4bfac3ea-8763-4f4b-a71a-76a6f5f243d3",6.68e+11
"Furcifer pardalis (Cuvier, 1829)","Chamaeleo","pardalis","48.89305","-17.41558","Madagascar",NA,NA,"4bfac3ea-8763-4f4b-a71a-76a6f5f243d3",6.68e+11
"Furcifer pardalis (Cuvier, 1829)","Chamaeleo","pardalis","48.89305","-17.41558","Madagascar",NA,NA,"4bfac3ea-8763-4f4b-a71a-76a6f5f243d3",6.68e+11
"Furcifer pardalis (Cuvier, 1829)","Chamaeleo","pardalis","48.89305","-17.41558","Madagascar",NA,NA,"4bfac3ea-8763-4f4b-a71a-76a6f5f243d3",6.68e+11
"Furcifer pardalis (Cuvier, 1829)","Chamaeleo","pardalis","48.89305","-17.41558","Madagascar",NA,NA,"4bfac3ea-8763-4f4b-a71a-76a6f5f243d3",6.68e+11
"Furcifer campani (Grandidier, 1872)","Chamaeleon","campani","48.69966","-18.19289","Madagascar",NA,NA,"4bfac3ea-8763-4f4b-a71a-76a6f5f243d3",6.68e+11
"Furcifer campani (Grandidier, 1872)","Chamaeleon","campani","48.69966","-18.19289","Madagascar",NA,NA,"4bfac3ea-8763-4f4b-a71a-76a6f5f243d3",6.68e+11
"Furcifer campani (Grandidier, 1872)","Chamaeleon","campani","48.69966","-18.19289","Madagascar",NA,NA,"4bfac3ea-8763-4f4b-a71a-76a6f5f243d3",6.68e+11
"Furcifer campani (Grandidier, 1872)","Chamaeleon","campani","48.69966","-18.19289","Madagascar",NA,NA,"4bfac3ea-8763-4f4b-a71a-76a6f5f243d3",6.68e+11
"Furcifer campani (Grandidier, 1872)","Chamaeleon","campani","48.69966","-18.19289","Madagascar",NA,NA,"4bfac3ea-8763-4f4b-a71a-76a6f5f243d3",6.68e+11
"Furcifer campani (Grandidier, 1872)","Chamaeleon","campani","48.69966","-18.19289","Madagascar",NA,NA,"4bfac3ea-8763-4f4b-a71a-76a6f5f243d3",6.68e+11
"Furcifer campani (Grandidier, 1872)","Chamaeleon","campani","48.69966","-18.19289","Madagascar",NA,NA,"4bfac3ea-8763-4f4b-a71a-76a6f5f243d3",6.68e+11
"Furcifer campani (Grandidier, 1872)","Chamaeleon","campani","48.69966","-18.19289","Madagascar",NA,NA,"4bfac3ea-8763-4f4b-a71a-76a6f5f243d3",6.68e+11
"Furcifer campani (Grandidier, 1872)","Chamaeleon","campani","48.69966","-18.19289","Madagascar",NA,NA,"4bfac3ea-8763-4f4b-a71a-76a6f5f243d3",6.68e+11
"Furcifer campani (Grandidier, 1872)","Chamaeleon","campani","48.69966","-18.19289","Madagascar",NA,NA,"4bfac3ea-8763-4f4b-a71a-76a6f5f243d3",6.68e+11
"Furcifer campani (Grandidier, 1872)","Chamaeleon","campani","48.69966","-18.19289","Madagascar",NA,NA,"4bfac3ea-8763-4f4b-a71a-76a6f5f243d3",6.68e+11
"Furcifer campani (Grandidier, 1872)","Chamaeleon","campani","48.69966","-18.19289","Madagascar",NA,NA,"4bfac3ea-8763-4f4b-a71a-76a6f5f243d3",6.68e+11
"Furcifer campani (Grandidier, 1872)","Chamaeleon","campani","48.69966","-18.19289","Madagascar",NA,NA,"4bfac3ea-8763-4f4b-a71a-76a6f5f243d3",6.68e+11
"Furcifer oustaleti (Mocquard, 1894)","Chamaeleo","oustaleti","44.3475","-20.52343","Madagascar",NA,NA,"4bfac3ea-8763-4f4b-a71a-76a6f5f243d3",6.68e+11
"Furcifer oustaleti (Mocquard, 1894)","Chamaeleo","oustaleti","44.3475","-20.52343","Madagascar",NA,NA,"4bfac3ea-8763-4f4b-a71a-76a6f5f243d3",6.68e+11
"Furcifer oustaleti (Mocquard, 1894)","Chamaeleo","oustaleti","44.3475","-20.52343","Madagascar",NA,NA,"4bfac3ea-8763-4f4b-a71a-76a6f5f243d3",6.68e+11
"Furcifer oustaleti (Mocquard, 1894)","Chamaeleo","oustaleti","44.3475","-20.52343","Madagascar",NA,NA,"4bfac3ea-8763-4f4b-a71a-76a6f5f243d3",6.68e+11
"Furcifer oustaleti (Mocquard, 1894)","Chamaeleo","oustaleti","44.3475","-20.52343","Madagascar",NA,NA,"4bfac3ea-8763-4f4b-a71a-76a6f5f243d3",6.68e+11
"Furcifer oustaleti (Mocquard, 1894)","Chamaeleo","oustaleti","44.3475","-20.52343","Madagascar",NA,NA,"4bfac3ea-8763-4f4b-a71a-76a6f5f243d3",6.68e+11
"Furcifer oustaleti (Mocquard, 1894)","Chamaeleo","oustaleti","44.3475","-20.52343","Madagascar",NA,NA,"4bfac3ea-8763-4f4b-a71a-76a6f5f243d3",6.68e+11
"Furcifer oustaleti (Mocquard, 1894)","Chamaeleo","oustaleti","44.3475","-20.52343","Madagascar",NA,NA,"4bfac3ea-8763-4f4b-a71a-76a6f5f243d3",6.68e+11
"Furcifer oustaleti (Mocquard, 1894)","Chamaeleo","oustaleti","44.3475","-20.52343","Madagascar",NA,NA,"4bfac3ea-8763-4f4b-a71a-76a6f5f243d3",6.68e+11
"Furcifer lateralis (Gray, 1831)","Chamaeleo","lateralis","44.3475","-20.52343","Madagascar",NA,NA,"4bfac3ea-8763-4f4b-a71a-76a6f5f243d3",6.68e+11
"Furcifer pardalis (Cuvier, 1829)","Furcifer","pardalis","47.97529","-19.73225","Madagascar",NA,NA,"cece4fc2-1fec-4bb5-a335-7252548e3f0b",6.68e+11
"Furcifer campani (Grandidier, 1872)","Furcifer","campani","47.97529","-19.73225","Madagascar",NA,NA,"cece4fc2-1fec-4bb5-a335-7252548e3f0b",6.68e+11
"Furcifer oustaleti (Mocquard, 1894)","Furcifer","oustaleti","44.3475","-20.52343","Madagascar",NA,NA,"cece4fc2-1fec-4bb5-a335-7252548e3f0b",6.68e+11
"Furcifer pardalis (Cuvier, 1829)","Chamaeleo","pardalis","48.89","-17.41","Madagascar",NA,NA,"76dd8f0d-2daa-4a69-9fcd-55e04230334a",6.68e+11
"Furcifer bifidus (Brongniart, 1800)","Furcifer","bifidus","48.4644","-20.0716","Madagascar",NA,NA,"821cc27a-e3bb-4bc5-ac34-89ada245069d",6.68e+11
"Furcifer pardalis (Cuvier, 1829)","Chamaeleo","guentheri","48.26058","-13.34764","Madagascar","Nosy Be",NA,"4bfac3ea-8763-4f4b-a71a-76a6f5f243d3",298125000
"Furcifer willsii (Günther, 1890)","Furcifer","willsii","46.61959","-21.04285","Madagascar",NA,NA,"4bfac3ea-8763-4f4b-a71a-76a6f5f243d3",6.68e+11
"Furcifer oustaleti (Mocquard, 1894)","Chamaeleo","oustaleti","48.23047","-19.25495","Madagascar",NA,NA,"4bfac3ea-8763-4f4b-a71a-76a6f5f243d3",6.68e+11
"Furcifer bifidus (Brongniart, 1800)","Chamaeleo","bifidus","46.62634","-20.434073","Madagascar",NA,NA,"7e380070-f762-11e1-a439-00145eb45e9a",6.68e+11
"Furcifer lateralis (Gray, 1831)","Chamaeleo","lateralis","47.3833","-20.7167","Madagascar",NA,NA,"7e380070-f762-11e1-a439-00145eb45e9a",6.68e+11
"Furcifer lateralis (Gray, 1831)","Chamaeleo","lateralis","47.3833","-20.7167","Madagascar",NA,NA,"7e380070-f762-11e1-a439-00145eb45e9a",6.68e+11
"Furcifer willsii (Günther, 1890)","Chamaeleon","willsii","47.3833","-20.7167","Madagascar",NA,NA,"7e380070-f762-11e1-a439-00145eb45e9a",6.68e+11
"Furcifer willsii (Günther, 1890)","Chamaeleon","willsii","46.62634","-20.434073","Madagascar",NA,NA,"7e380070-f762-11e1-a439-00145eb45e9a",6.68e+11
"Furcifer willsii (Günther, 1890)","Chamaeleon","willsii","47.3833","-20.7167","Madagascar",NA,NA,"7e380070-f762-11e1-a439-00145eb45e9a",6.68e+11
"Furcifer pardalis (Cuvier, 1829)","Furcifer","pardalis","55.53241","-21.13317","Reunion",NA,NA,"f553f8f9-b147-4f09-86e5-0d1ce1a91ce0",2896937500
"Furcifer pardalis (Cuvier, 1829)","Furcifer","pardalis","55.55186","-21.33664","Reunion",NA,NA,"aa79690b-018a-44b0-8ed4-2704ba530ade",2896937500
"Furcifer pardalis (Cuvier, 1829)","Furcifer","pardalis","55.53241","-21.13317","Reunion",NA,NA,"91aa3d5b-6f77-4135-a823-cef438a60dfa",2896937500
"Furcifer pardalis (Cuvier, 1829)","Furcifer","pardalis","55.35863","-21.20972","Reunion",NA,NA,"7247dc2e-b862-4555-b533-7701d183271b",2896937500
"Furcifer pardalis (Cuvier, 1829)","Furcifer","pardalis","55.45596","-20.89606","Reunion",NA,NA,"7247dc2e-b862-4555-b533-7701d183271b",2896937500
"Furcifer pardalis (Cuvier, 1829)","Furcifer","pardalis","55.56163","-21.35534","Reunion",NA,NA,"7247dc2e-b862-4555-b533-7701d183271b",2896937500
"Furcifer pardalis (Cuvier, 1829)","Furcifer","pardalis","55.74507","-21.30384","Reunion",NA,NA,"7247dc2e-b862-4555-b533-7701d183271b",2896937500
"Furcifer pardalis (Cuvier, 1829)","Furcifer","pardalis","55.32225","-21.04448","Reunion",NA,NA,"7247dc2e-b862-4555-b533-7701d183271b",2896937500
"Furcifer pardalis (Cuvier, 1829)","Furcifer","pardalis","55.64198","-21.30627","Reunion",NA,NA,"7247dc2e-b862-4555-b533-7701d183271b",2896937500
"Furcifer pardalis (Cuvier, 1829)","Furcifer","pardalis","55.52879","-20.93595","Reunion",NA,NA,"7247dc2e-b862-4555-b533-7701d183271b",2896937500
"Furcifer pardalis (Cuvier, 1829)","Furcifer","pardalis","55.35863","-21.20972","Reunion",NA,NA,"7247dc2e-b862-4555-b533-7701d183271b",2896937500
"Furcifer pardalis (Cuvier, 1829)","Furcifer","pardalis","55.44699","-20.93303","Reunion",NA,NA,"7247dc2e-b862-4555-b533-7701d183271b",2896937500
"Furcifer pardalis (Cuvier, 1829)","Furcifer","pardalis","55.49378","-21.31231","Reunion",NA,NA,"ce5bf319-47ed-424e-b524-2940291817c9",2896937500
"Furcifer polleni (Peters, 1874)","Furcifer","polleni","45.12045","-12.79605","Mayotte",NA,NA,"f946666e-67dc-4848-9fa8-2162f3559e33",378937500
"Furcifer polleni (Peters, 1874)","Furcifer","polleni","45.16626","-12.87102","Mayotte",NA,NA,"f946666e-67dc-4848-9fa8-2162f3559e33",378937500
"Furcifer polleni (Peters, 1874)","Furcifer","polleni","45.15315","-12.80433","Mayotte",NA,NA,"f946666e-67dc-4848-9fa8-2162f3559e33",378937500
"Furcifer polleni (Peters, 1874)","Furcifer","polleni","45.14729","-12.95992","Mayotte",NA,NA,"f946666e-67dc-4848-9fa8-2162f3559e33",378937500
"Furcifer polleni (Peters, 1874)","Furcifer","polleni","45.10717","-12.80354","Mayotte",NA,NA,"f946666e-67dc-4848-9fa8-2162f3559e33",378937500
"Furcifer polleni (Peters, 1874)","Furcifer","polleni","45.28865","-12.77161","France","Dzaoudzi",NA,"f946666e-67dc-4848-9fa8-2162f3559e33",12812500
"Furcifer polleni (Peters, 1874)","Furcifer","polleni","45.07651","-12.71537","Mayotte",NA,NA,"f946666e-67dc-4848-9fa8-2162f3559e33",378937500
"Furcifer polleni (Peters, 1874)","Furcifer","polleni","45.13817","-12.96055","Mayotte",NA,NA,"f946666e-67dc-4848-9fa8-2162f3559e33",378937500
"Furcifer polleni (Peters, 1874)","Furcifer","polleni","45.07507","-12.71655","Mayotte",NA,NA,"f946666e-67dc-4848-9fa8-2162f3559e33",378937500
"Furcifer polleni (Peters, 1874)","Furcifer","polleni","45.15794","-12.87556","Mayotte",NA,NA,"f946666e-67dc-4848-9fa8-2162f3559e33",378937500
"Furcifer polleni (Peters, 1874)","Furcifer","polleni","45.1834","-12.76532","Mayotte",NA,NA,"f946666e-67dc-4848-9fa8-2162f3559e33",378937500
"Furcifer polleni (Peters, 1874)","Furcifer","polleni","45.14743","-12.8206","Mayotte",NA,NA,"f553f8f9-b147-4f09-86e5-0d1ce1a91ce0",378937500
"Furcifer polleni (Peters, 1874)","Furcifer","polleni","45.14743","-12.8206","Mayotte",NA,NA,"6ed43f52-25d1-4d56-a821-63a8564b81f6",378937500
"Furcifer pardalis (Cuvier, 1829)","Furcifer","pardalis","55.53241","-21.13317","Reunion",NA,NA,"6ed43f52-25d1-4d56-a821-63a8564b81f6",2896937500
"Furcifer polleni (Peters, 1874)","Furcifer","polleni","45.14743","-12.8206","Mayotte",NA,NA,"91aa3d5b-6f77-4135-a823-cef438a60dfa",378937500
"BOLD:ADX6004","BOLD:ADX6004",NA,"46.684937","-19.041636","Madagascar",NA,NA,"040c5662-da76-4782-a48e-cdea1892d14c",6.68e+11
"BOLD:ADX6004","BOLD:ADX6004",NA,"46.684937","-19.041636","Madagascar",NA,NA,"040c5662-da76-4782-a48e-cdea1892d14c",6.68e+11
"BOLD:ADX6004","BOLD:ADX6004",NA,"46.684937","-19.041636","Madagascar",NA,NA,"040c5662-da76-4782-a48e-cdea1892d14c",6.68e+11
"BOLD:AAI7235","BOLD:AAI7235",NA,"46.684937","-19.041636","Madagascar",NA,NA,"040c5662-da76-4782-a48e-cdea1892d14c",6.68e+11
"BOLD:AAI7235","BOLD:AAI7235",NA,"46.684937","-19.041636","Madagascar",NA,NA,"040c5662-da76-4782-a48e-cdea1892d14c",6.68e+11
"BOLD:ABV8176","BOLD:ABV8176",NA,"46.684937","-19.041636","Madagascar",NA,NA,"040c5662-da76-4782-a48e-cdea1892d14c",6.68e+11
"BOLD:ABV8176","BOLD:ABV8176",NA,"46.684937","-19.041636","Madagascar",NA,NA,"040c5662-da76-4782-a48e-cdea1892d14c",6.68e+11
"BOLD:ADW1906","BOLD:ADW1906",NA,"46.684937","-19.041636","Madagascar",NA,NA,"040c5662-da76-4782-a48e-cdea1892d14c",6.68e+11
"BOLD:ADW1906","BOLD:ADW1906",NA,"46.684937","-19.041636","Madagascar",NA,NA,"040c5662-da76-4782-a48e-cdea1892d14c",6.68e+11
"BOLD:ADW1906","BOLD:ADW1906",NA,"46.684937","-19.041636","Madagascar",NA,NA,"040c5662-da76-4782-a48e-cdea1892d14c",6.68e+11
"Furcifer Fitzinger, 1843","Furcifer",NA,"46.684937","-19.041636","Madagascar",NA,NA,"040c5662-da76-4782-a48e-cdea1892d14c",6.68e+11
"Furcifer Fitzinger, 1843","Furcifer",NA,"46.684937","-19.041636","Madagascar",NA,NA,"040c5662-da76-4782-a48e-cdea1892d14c",6.68e+11
"BOLD:ABV9258","BOLD:ABV9258",NA,"46.684937","-19.041636","Madagascar",NA,NA,"040c5662-da76-4782-a48e-cdea1892d14c",6.68e+11
"BOLD:ABV9258","BOLD:ABV9258",NA,"46.684937","-19.041636","Madagascar",NA,NA,"040c5662-da76-4782-a48e-cdea1892d14c",6.68e+11
"BOLD:AEM6483","BOLD:AEM6483",NA,"46.684937","-19.041636","Madagascar",NA,NA,"040c5662-da76-4782-a48e-cdea1892d14c",6.68e+11
"BOLD:AEM6483","BOLD:AEM6483",NA,"46.684937","-19.041636","Madagascar",NA,NA,"040c5662-da76-4782-a48e-cdea1892d14c",6.68e+11
"BOLD:AEM6483","BOLD:AEM6483",NA,"46.684937","-19.041636","Madagascar",NA,NA,"040c5662-da76-4782-a48e-cdea1892d14c",6.68e+11
"BOLD:AEM6483","BOLD:AEM6483",NA,"46.684937","-19.041636","Madagascar",NA,NA,"040c5662-da76-4782-a48e-cdea1892d14c",6.68e+11
"BOLD:AEN6254","BOLD:AEN6254",NA,"46.684937","-19.041636","Madagascar",NA,NA,"040c5662-da76-4782-a48e-cdea1892d14c",6.68e+11
"BOLD:AEN6254","BOLD:AEN6254",NA,"46.684937","-19.041636","Madagascar",NA,NA,"040c5662-da76-4782-a48e-cdea1892d14c",6.68e+11
"BOLD:AEN6254","BOLD:AEN6254",NA,"46.684937","-19.041636","Madagascar",NA,NA,"040c5662-da76-4782-a48e-cdea1892d14c",6.68e+11
"BOLD:AAI7235","BOLD:AAI7235",NA,"46.684937","-19.041636","Madagascar",NA,NA,"040c5662-da76-4782-a48e-cdea1892d14c",6.68e+11
"BOLD:AAI7235","BOLD:AAI7235",NA,"46.684937","-19.041636","Madagascar",NA,NA,"040c5662-da76-4782-a48e-cdea1892d14c",6.68e+11
"Furcifer polleni (Peters, 1874)","Furcifer","polleni","45.1667","-12.8333","Mayotte",NA,NA,"263bbfe7-f643-43bb-b448-f0705d1c0e18",378937500
"Furcifer polleni (Peters, 1874)","Furcifer","polleni","45.1667","-12.8333","Mayotte",NA,NA,"263bbfe7-f643-43bb-b448-f0705d1c0e18",378937500
"Furcifer polleni (Peters, 1874)","Furcifer","polleni","45.1667","-12.8333","Mayotte",NA,NA,"263bbfe7-f643-43bb-b448-f0705d1c0e18",378937500
"Furcifer cephalolepis (Günther, 1880)","Furcifer","cephalolepis","43.3331","-11.5861","Comoros","Grande Comore",NA,"263bbfe7-f643-43bb-b448-f0705d1c0e18",1062937500
"Furcifer cephalolepis (Günther, 1880)","Furcifer","cephalolepis","43.3331","-11.5861","Comoros","Grande Comore",NA,"263bbfe7-f643-43bb-b448-f0705d1c0e18",1062937500
"Furcifer cephalolepis (Günther, 1880)","Furcifer","cephalolepis","43.3331","-11.5861","Comoros","Grande Comore",NA,"263bbfe7-f643-43bb-b448-f0705d1c0e18",1062937500
"Furcifer cephalolepis (Günther, 1880)","Furcifer","cephalolepis","43.3331","-11.5861","Comoros","Grande Comore",NA,"263bbfe7-f643-43bb-b448-f0705d1c0e18",1062937500
"Furcifer cephalolepis (Günther, 1880)","Furcifer","cephalolepis","43.3331","-11.5861","Comoros","Grande Comore",NA,"263bbfe7-f643-43bb-b448-f0705d1c0e18",1062937500
"Furcifer cephalolepis (Günther, 1880)","Furcifer","cephalolepis","43.3331","-11.5861","Comoros","Grande Comore",NA,"263bbfe7-f643-43bb-b448-f0705d1c0e18",1062937500
"Furcifer lateralis (Gray, 1831)","Furcifer","lateralis","43.7167","-23.3833","Madagascar",NA,NA,"263bbfe7-f643-43bb-b448-f0705d1c0e18",6.68e+11
"Furcifer lateralis (Gray, 1831)","Furcifer","lateralis","43.7167","-23.3833","Madagascar",NA,NA,"263bbfe7-f643-43bb-b448-f0705d1c0e18",6.68e+11
"Furcifer pardalis (Cuvier, 1829)","Furcifer","pardalis","48.2667","-13.4","Madagascar","Nosy Be",NA,"821cc27a-e3bb-4bc5-ac34-89ada245069d",298125000
"Furcifer pardalis (Cuvier, 1829)","Furcifer","pardalis","48.2667","-13.4","Madagascar","Nosy Be",NA,"821cc27a-e3bb-4bc5-ac34-89ada245069d",298125000
"Furcifer pardalis (Cuvier, 1829)","Furcifer","pardalis","48.2667","-13.4","Madagascar","Nosy Be",NA,"821cc27a-e3bb-4bc5-ac34-89ada245069d",298125000
"Furcifer pardalis (Cuvier, 1829)","Furcifer","pardalis","48.2667","-13.4","Madagascar","Nosy Be",NA,"821cc27a-e3bb-4bc5-ac34-89ada245069d",298125000
"Furcifer pardalis (Cuvier, 1829)","Furcifer","pardalis","48.2667","-13.4","Madagascar","Nosy Be",NA,"821cc27a-e3bb-4bc5-ac34-89ada245069d",298125000
"Furcifer pardalis (Cuvier, 1829)","Furcifer","pardalis","48.2667","-13.4","Madagascar","Nosy Be",NA,"821cc27a-e3bb-4bc5-ac34-89ada245069d",298125000
"Furcifer pardalis (Cuvier, 1829)","Furcifer","pardalis","48.2667","-13.4","Madagascar","Nosy Be",NA,"821cc27a-e3bb-4bc5-ac34-89ada245069d",298125000
"Furcifer pardalis (Cuvier, 1829)","Furcifer","pardalis","48.2667","-13.4","Madagascar","Nosy Be",NA,"821cc27a-e3bb-4bc5-ac34-89ada245069d",298125000
"Furcifer lateralis (Gray, 1831)","Chamaeleo","lateralis","46.76929","-19.94837","Madagascar",NA,NA,"4bfac3ea-8763-4f4b-a71a-76a6f5f243d3",6.68e+11
"Furcifer pardalis (Cuvier, 1829)","Chamaeleo","pardalis","47.21973","-19.25495","Madagascar",NA,NA,"4bfac3ea-8763-4f4b-a71a-76a6f5f243d3",6.68e+11
"Furcifer pardalis (Cuvier, 1829)","Chamaeleo","pardalis","47.21973","-19.25495","Madagascar",NA,NA,"4bfac3ea-8763-4f4b-a71a-76a6f5f243d3",6.68e+11
"Furcifer pardalis (Cuvier, 1829)","Chamaeleo","pardalis","47.21973","-19.25495","Madagascar",NA,NA,"4bfac3ea-8763-4f4b-a71a-76a6f5f243d3",6.68e+11
"Furcifer pardalis (Cuvier, 1829)","Chamaeleo","pardalis","47.21973","-19.25495","Madagascar",NA,NA,"4bfac3ea-8763-4f4b-a71a-76a6f5f243d3",6.68e+11
"Furcifer pardalis (Cuvier, 1829)","Chamaeleo","pardalis","47.21973","-19.25495","Madagascar",NA,NA,"4bfac3ea-8763-4f4b-a71a-76a6f5f243d3",6.68e+11
"Furcifer pardalis (Cuvier, 1829)","Chamaeleo","pardalis","47.21973","-19.25495","Madagascar",NA,NA,"4bfac3ea-8763-4f4b-a71a-76a6f5f243d3",6.68e+11
"Furcifer oustaleti (Mocquard, 1894)","Chamaeleo","oustaleti","47.17578","-19.29643","Madagascar",NA,NA,"4bfac3ea-8763-4f4b-a71a-76a6f5f243d3",6.68e+11
"Furcifer pardalis (Cuvier, 1829)","Chamaeleo","pardalis","49.16417","-12.49739","Madagascar",NA,NA,"4bfac3ea-8763-4f4b-a71a-76a6f5f243d3",6.68e+11
"Furcifer labordi (Grandidier, 1872)","Chamaeleo","labordi","44.79098","-19.6591","Madagascar",NA,NA,"4bfac3ea-8763-4f4b-a71a-76a6f5f243d3",6.68e+11
"Furcifer willsii (Günther, 1890)","Furcifer","willsii","48.9","-18.08333","Madagascar",NA,NA,"4bfac3ea-8763-4f4b-a71a-76a6f5f243d3",6.68e+11
"Furcifer polleni (Peters, 1874)","Chamaeleo","pollenii","45.15324","-12.88627","Mayotte",NA,NA,"4bfac3ea-8763-4f4b-a71a-76a6f5f243d3",378937500
"Furcifer oustaleti (Mocquard, 1894)","Chamaeleo","oustaleti","46.70428","-16.59494","Madagascar",NA,NA,"4bfac3ea-8763-4f4b-a71a-76a6f5f243d3",6.68e+11
"Furcifer oustaleti (Mocquard, 1894)","Chamaeleo","oustaleti","46.70428","-16.59494","Madagascar",NA,NA,"4bfac3ea-8763-4f4b-a71a-76a6f5f243d3",6.68e+11
"Furcifer labordi (Grandidier, 1872)","Chamaeleo","labordi","48.23047","-19.25495","Madagascar",NA,NA,"4bfac3ea-8763-4f4b-a71a-76a6f5f243d3",6.68e+11
"Furcifer bifidus (Brongniart, 1800)","Chamaeleo","bifidus","48.86711","-17.63417","Madagascar",NA,NA,"4bfac3ea-8763-4f4b-a71a-76a6f5f243d3",6.68e+11
"Furcifer oustaleti (Mocquard, 1894)","Chamaeleo","oustaleti","48.5532","-13.54233","Madagascar",NA,NA,"4bfac3ea-8763-4f4b-a71a-76a6f5f243d3",6.68e+11
"Furcifer verrucosus Cuvier, 1829","Chamaeleo","verrucosus","48.23047","-19.25495","Madagascar",NA,NA,"4bfac3ea-8763-4f4b-a71a-76a6f5f243d3",6.68e+11
"Furcifer verrucosus Cuvier, 1829","Chamaeleo","verrucosus","48.23047","-19.25495","Madagascar",NA,NA,"4bfac3ea-8763-4f4b-a71a-76a6f5f243d3",6.68e+11
"Furcifer pardalis (Cuvier, 1829)","Chamaeleo","pardalis","39.33333","-6.16667","Tanzania","Zanzibar",NA,"4bfac3ea-8763-4f4b-a71a-76a6f5f243d3",1620437500
"Furcifer campani (Grandidier, 1872)","Chamaeleon","campani","46.76929","-19.94837","Madagascar",NA,NA,"4bfac3ea-8763-4f4b-a71a-76a6f5f243d3",6.68e+11
"Furcifer oustaleti (Mocquard, 1894)","Chamaeleo","oustaleti","46.78122","-18.76695","Madagascar",NA,NA,"4bfac3ea-8763-4f4b-a71a-76a6f5f243d3",6.68e+11
"Furcifer lateralis (Gray, 1831)","Chamaeleo","lateralis","48.23047","-19.25495","Madagascar",NA,NA,"4bfac3ea-8763-4f4b-a71a-76a6f5f243d3",6.68e+11
"BOLD:ABV9793","BOLD:ABV9793",NA,"46.684937","-19.041636","Madagascar",NA,NA,"040c5662-da76-4782-a48e-cdea1892d14c",6.68e+11
"BOLD:ABV9800","BOLD:ABV9800",NA,"46.684937","-19.041636","Madagascar",NA,NA,"040c5662-da76-4782-a48e-cdea1892d14c",6.68e+11
"BOLD:ABV9798","BOLD:ABV9798",NA,"46.684937","-19.041636","Madagascar",NA,NA,"040c5662-da76-4782-a48e-cdea1892d14c",6.68e+11
"BOLD:ABV8176","BOLD:ABV8176",NA,"46.684937","-19.041636","Madagascar",NA,NA,"040c5662-da76-4782-a48e-cdea1892d14c",6.68e+11
"BOLD:ABV9801","BOLD:ABV9801",NA,"46.684937","-19.041636","Madagascar",NA,NA,"040c5662-da76-4782-a48e-cdea1892d14c",6.68e+11
"BOLD:AAI7235","BOLD:AAI7235",NA,"46.684937","-19.041636","Madagascar",NA,NA,"040c5662-da76-4782-a48e-cdea1892d14c",6.68e+11
"BOLD:ABV9799","BOLD:ABV9799",NA,"46.684937","-19.041636","Madagascar",NA,NA,"040c5662-da76-4782-a48e-cdea1892d14c",6.68e+11
"BOLD:ABV9259","BOLD:ABV9259",NA,"46.684937","-19.041636","Madagascar",NA,NA,"040c5662-da76-4782-a48e-cdea1892d14c",6.68e+11
"BOLD:ABV9802","BOLD:ABV9802",NA,"46.684937","-19.041636","Madagascar",NA,NA,"040c5662-da76-4782-a48e-cdea1892d14c",6.68e+11
"BOLD:ABV9795","BOLD:ABV9795",NA,"46.684937","-19.041636","Madagascar",NA,NA,"040c5662-da76-4782-a48e-cdea1892d14c",6.68e+11
"BOLD:ADX2423","BOLD:ADX2423",NA,"46.684937","-19.041636","Madagascar",NA,NA,"040c5662-da76-4782-a48e-cdea1892d14c",6.68e+11
"BOLD:ABV9797","BOLD:ABV9797",NA,"46.684937","-19.041636","Madagascar",NA,NA,"040c5662-da76-4782-a48e-cdea1892d14c",6.68e+11
"BOLD:ABV9792","BOLD:ABV9792",NA,"46.684937","-19.041636","Madagascar",NA,NA,"040c5662-da76-4782-a48e-cdea1892d14c",6.68e+11
"BOLD:ABV9257","BOLD:ABV9257",NA,"46.684937","-19.041636","Madagascar",NA,NA,"040c5662-da76-4782-a48e-cdea1892d14c",6.68e+11
"BOLD:ABV9796","BOLD:ABV9796",NA,"46.684937","-19.041636","Madagascar",NA,NA,"040c5662-da76-4782-a48e-cdea1892d14c",6.68e+11
"BOLD:ABV9258","BOLD:ABV9258",NA,"46.684937","-19.041636","Madagascar",NA,NA,"040c5662-da76-4782-a48e-cdea1892d14c",6.68e+11
"Furcifer pardalis (Cuvier, 1829)","Furcifer","pardalis","49.14379","-12.62718","Madagascar",NA,NA,"cece4fc2-1fec-4bb5-a335-7252548e3f0b",6.68e+11
"Furcifer lateralis (Gray, 1831)","Chamaeleo","lateralis","47.13","-20.3","Madagascar",NA,NA,"76dd8f0d-2daa-4a69-9fcd-55e04230334a",6.68e+11
"Furcifer lateralis (Gray, 1831)","Chamaeleo","lateralis","48.89","-17.41","Madagascar",NA,NA,"76dd8f0d-2daa-4a69-9fcd-55e04230334a",6.68e+11
"Furcifer oustaleti (Mocquard, 1894)","Chamaeleo","oustaleti","44.34","-20.52","Madagascar",NA,NA,"76dd8f0d-2daa-4a69-9fcd-55e04230334a",6.68e+11
"Furcifer major (Brygoo, 1971)","Furcifer","major","43.70735","-24.04042","Madagascar",NA,NA,"41c2febd-9dc8-4cd1-bfcd-038b7c7f550a",6.68e+11
"Furcifer major (Brygoo, 1971)","Furcifer","major","43.70474","-24.03751","Madagascar",NA,NA,"41c2febd-9dc8-4cd1-bfcd-038b7c7f550a",6.68e+11
"Furcifer major (Brygoo, 1971)","Furcifer","major","43.71355","-24.03924","Madagascar",NA,NA,"41c2febd-9dc8-4cd1-bfcd-038b7c7f550a",6.68e+11
"Furcifer major (Brygoo, 1971)","Furcifer","major","43.71112","-24.03976","Madagascar",NA,NA,"41c2febd-9dc8-4cd1-bfcd-038b7c7f550a",6.68e+11
"Furcifer major (Brygoo, 1971)","Furcifer","major","43.70423","-24.04444","Madagascar",NA,NA,"41c2febd-9dc8-4cd1-bfcd-038b7c7f550a",6.68e+11
"Furcifer major (Brygoo, 1971)","Furcifer","major","43.70506","-24.04661","Madagascar",NA,NA,"41c2febd-9dc8-4cd1-bfcd-038b7c7f550a",6.68e+11
"Furcifer major (Brygoo, 1971)","Furcifer","major","43.70579","-24.04798","Madagascar",NA,NA,"41c2febd-9dc8-4cd1-bfcd-038b7c7f550a",6.68e+11
"Furcifer major (Brygoo, 1971)","Furcifer","major","43.71608","-24.03459","Madagascar",NA,NA,"41c2febd-9dc8-4cd1-bfcd-038b7c7f550a",6.68e+11
"Furcifer major (Brygoo, 1971)","Furcifer","major","43.71578","-24.03354","Madagascar",NA,NA,"41c2febd-9dc8-4cd1-bfcd-038b7c7f550a",6.68e+11
"Furcifer major (Brygoo, 1971)","Furcifer","major","43.71844","-24.03424","Madagascar",NA,NA,"41c2febd-9dc8-4cd1-bfcd-038b7c7f550a",6.68e+11
"Furcifer major (Brygoo, 1971)","Furcifer","major","43.71784","-24.03519","Madagascar",NA,NA,"41c2febd-9dc8-4cd1-bfcd-038b7c7f550a",6.68e+11
"Furcifer major (Brygoo, 1971)","Furcifer","major","43.71991","-24.03265","Madagascar",NA,NA,"41c2febd-9dc8-4cd1-bfcd-038b7c7f550a",6.68e+11
"Furcifer major (Brygoo, 1971)","Furcifer","major","43.71992","-24.03138","Madagascar",NA,NA,"41c2febd-9dc8-4cd1-bfcd-038b7c7f550a",6.68e+11
"Furcifer major (Brygoo, 1971)","Furcifer","major","43.72212","-24.03292","Madagascar",NA,NA,"41c2febd-9dc8-4cd1-bfcd-038b7c7f550a",6.68e+11
"Furcifer major (Brygoo, 1971)","Furcifer","major","43.72207","-24.03391","Madagascar",NA,NA,"41c2febd-9dc8-4cd1-bfcd-038b7c7f550a",6.68e+11
"Furcifer major (Brygoo, 1971)","Furcifer","major","43.73643","-24.01948","Madagascar",NA,NA,"41c2febd-9dc8-4cd1-bfcd-038b7c7f550a",6.68e+11
"Furcifer major (Brygoo, 1971)","Furcifer","major","43.73567","-24.01948","Madagascar",NA,NA,"41c2febd-9dc8-4cd1-bfcd-038b7c7f550a",6.68e+11
"Furcifer major (Brygoo, 1971)","Furcifer","major","43.73445","-24.02008","Madagascar",NA,NA,"41c2febd-9dc8-4cd1-bfcd-038b7c7f550a",6.68e+11
"Furcifer major (Brygoo, 1971)","Furcifer","major","43.7343","-24.01843","Madagascar",NA,NA,"41c2febd-9dc8-4cd1-bfcd-038b7c7f550a",6.68e+11
"Furcifer major (Brygoo, 1971)","Furcifer","major","43.73452","-24.01704","Madagascar",NA,NA,"41c2febd-9dc8-4cd1-bfcd-038b7c7f550a",6.68e+11
"Furcifer major (Brygoo, 1971)","Furcifer","major","44.18556","-23.95601","Madagascar",NA,NA,"41c2febd-9dc8-4cd1-bfcd-038b7c7f550a",6.68e+11
"Furcifer major (Brygoo, 1971)","Furcifer","major","44.18672","-23.95527","Madagascar",NA,NA,"41c2febd-9dc8-4cd1-bfcd-038b7c7f550a",6.68e+11
"Furcifer major (Brygoo, 1971)","Furcifer","major","44.18856","-23.95623","Madagascar",NA,NA,"41c2febd-9dc8-4cd1-bfcd-038b7c7f550a",6.68e+11
"Furcifer major (Brygoo, 1971)","Furcifer","major","44.18988","-23.95871","Madagascar",NA,NA,"41c2febd-9dc8-4cd1-bfcd-038b7c7f550a",6.68e+11
"Furcifer major (Brygoo, 1971)","Furcifer","major","44.19103","-23.95947","Madagascar",NA,NA,"41c2febd-9dc8-4cd1-bfcd-038b7c7f550a",6.68e+11
"Furcifer major (Brygoo, 1971)","Furcifer","major","44.18931","-23.95494","Madagascar",NA,NA,"41c2febd-9dc8-4cd1-bfcd-038b7c7f550a",6.68e+11
"Furcifer major (Brygoo, 1971)","Furcifer","major","44.2814","-23.91566","Madagascar",NA,NA,"41c2febd-9dc8-4cd1-bfcd-038b7c7f550a",6.68e+11
"Furcifer major (Brygoo, 1971)","Furcifer","major","44.28145","-23.91484","Madagascar",NA,NA,"41c2febd-9dc8-4cd1-bfcd-038b7c7f550a",6.68e+11
"Furcifer major (Brygoo, 1971)","Furcifer","major","44.28133","-23.91379","Madagascar",NA,NA,"41c2febd-9dc8-4cd1-bfcd-038b7c7f550a",6.68e+11
"Furcifer major (Brygoo, 1971)","Furcifer","major","44.28128","-23.91271","Madagascar",NA,NA,"41c2febd-9dc8-4cd1-bfcd-038b7c7f550a",6.68e+11
"Furcifer major (Brygoo, 1971)","Furcifer","major","44.28121","-23.91172","Madagascar",NA,NA,"41c2febd-9dc8-4cd1-bfcd-038b7c7f550a",6.68e+11
"Furcifer major (Brygoo, 1971)","Furcifer","major","44.2811","-23.9107","Madagascar",NA,NA,"41c2febd-9dc8-4cd1-bfcd-038b7c7f550a",6.68e+11
"Furcifer major (Brygoo, 1971)","Furcifer","major","44.28099","-23.90979","Madagascar",NA,NA,"41c2febd-9dc8-4cd1-bfcd-038b7c7f550a",6.68e+11
"Furcifer major (Brygoo, 1971)","Furcifer","major","44.28084","-23.90844","Madagascar",NA,NA,"41c2febd-9dc8-4cd1-bfcd-038b7c7f550a",6.68e+11
"Furcifer verrucosus Cuvier, 1829","Furcifer","verrucosus","43.70735","-24.04042","Madagascar",NA,NA,"41c2febd-9dc8-4cd1-bfcd-038b7c7f550a",6.68e+11
"Furcifer verrucosus Cuvier, 1829","Furcifer","verrucosus","43.71355","-24.03924","Madagascar",NA,NA,"41c2febd-9dc8-4cd1-bfcd-038b7c7f550a",6.68e+11
"Furcifer verrucosus Cuvier, 1829","Furcifer","verrucosus","43.71112","-24.03976","Madagascar",NA,NA,"41c2febd-9dc8-4cd1-bfcd-038b7c7f550a",6.68e+11
"Furcifer verrucosus Cuvier, 1829","Furcifer","verrucosus","43.70423","-24.04444","Madagascar",NA,NA,"41c2febd-9dc8-4cd1-bfcd-038b7c7f550a",6.68e+11
"Furcifer verrucosus Cuvier, 1829","Furcifer","verrucosus","43.70506","-24.04661","Madagascar",NA,NA,"41c2febd-9dc8-4cd1-bfcd-038b7c7f550a",6.68e+11
"Furcifer verrucosus Cuvier, 1829","Furcifer","verrucosus","43.70579","-24.04798","Madagascar",NA,NA,"41c2febd-9dc8-4cd1-bfcd-038b7c7f550a",6.68e+11
"Furcifer verrucosus Cuvier, 1829","Furcifer","verrucosus","43.71608","-24.03459","Madagascar",NA,NA,"41c2febd-9dc8-4cd1-bfcd-038b7c7f550a",6.68e+11
"Furcifer verrucosus Cuvier, 1829","Furcifer","verrucosus","43.71578","-24.03354","Madagascar",NA,NA,"41c2febd-9dc8-4cd1-bfcd-038b7c7f550a",6.68e+11
"Furcifer verrucosus Cuvier, 1829","Furcifer","verrucosus","43.71844","-24.03424","Madagascar",NA,NA,"41c2febd-9dc8-4cd1-bfcd-038b7c7f550a",6.68e+11
"Furcifer verrucosus Cuvier, 1829","Furcifer","verrucosus","43.71784","-24.03519","Madagascar",NA,NA,"41c2febd-9dc8-4cd1-bfcd-038b7c7f550a",6.68e+11
"Furcifer verrucosus Cuvier, 1829","Furcifer","verrucosus","43.71991","-24.03265","Madagascar",NA,NA,"41c2febd-9dc8-4cd1-bfcd-038b7c7f550a",6.68e+11
"Furcifer verrucosus Cuvier, 1829","Furcifer","verrucosus","43.71992","-24.03138","Madagascar",NA,NA,"41c2febd-9dc8-4cd1-bfcd-038b7c7f550a",6.68e+11
"Furcifer verrucosus Cuvier, 1829","Furcifer","verrucosus","43.72212","-24.03292","Madagascar",NA,NA,"41c2febd-9dc8-4cd1-bfcd-038b7c7f550a",6.68e+11
"Furcifer verrucosus Cuvier, 1829","Furcifer","verrucosus","43.72207","-24.03391","Madagascar",NA,NA,"41c2febd-9dc8-4cd1-bfcd-038b7c7f550a",6.68e+11
"Furcifer verrucosus Cuvier, 1829","Furcifer","verrucosus","43.73829","-24.02457","Madagascar",NA,NA,"41c2febd-9dc8-4cd1-bfcd-038b7c7f550a",6.68e+11
"Furcifer verrucosus Cuvier, 1829","Furcifer","verrucosus","43.73877","-24.0234","Madagascar",NA,NA,"41c2febd-9dc8-4cd1-bfcd-038b7c7f550a",6.68e+11
"Furcifer verrucosus Cuvier, 1829","Furcifer","verrucosus","43.73724","-24.01963","Madagascar",NA,NA,"41c2febd-9dc8-4cd1-bfcd-038b7c7f550a",6.68e+11
"Furcifer verrucosus Cuvier, 1829","Furcifer","verrucosus","43.73643","-24.01948","Madagascar",NA,NA,"41c2febd-9dc8-4cd1-bfcd-038b7c7f550a",6.68e+11
"Furcifer verrucosus Cuvier, 1829","Furcifer","verrucosus","43.73567","-24.01948","Madagascar",NA,NA,"41c2febd-9dc8-4cd1-bfcd-038b7c7f550a",6.68e+11
"Furcifer verrucosus Cuvier, 1829","Furcifer","verrucosus","43.73445","-24.02008","Madagascar",NA,NA,"41c2febd-9dc8-4cd1-bfcd-038b7c7f550a",6.68e+11
"Furcifer verrucosus Cuvier, 1829","Furcifer","verrucosus","43.7343","-24.01843","Madagascar",NA,NA,"41c2febd-9dc8-4cd1-bfcd-038b7c7f550a",6.68e+11
"Furcifer verrucosus Cuvier, 1829","Furcifer","verrucosus","43.73452","-24.01704","Madagascar",NA,NA,"41c2febd-9dc8-4cd1-bfcd-038b7c7f550a",6.68e+11
"Furcifer verrucosus Cuvier, 1829","Furcifer","verrucosus","44.20739","-23.96949","Madagascar",NA,NA,"41c2febd-9dc8-4cd1-bfcd-038b7c7f550a",6.68e+11
"Furcifer verrucosus Cuvier, 1829","Furcifer","verrucosus","44.18556","-23.95601","Madagascar",NA,NA,"41c2febd-9dc8-4cd1-bfcd-038b7c7f550a",6.68e+11
"Furcifer verrucosus Cuvier, 1829","Furcifer","verrucosus","44.18672","-23.95527","Madagascar",NA,NA,"41c2febd-9dc8-4cd1-bfcd-038b7c7f550a",6.68e+11
"Furcifer verrucosus Cuvier, 1829","Furcifer","verrucosus","44.18856","-23.95623","Madagascar",NA,NA,"41c2febd-9dc8-4cd1-bfcd-038b7c7f550a",6.68e+11
"Furcifer verrucosus Cuvier, 1829","Furcifer","verrucosus","44.18818","-23.95791","Madagascar",NA,NA,"41c2febd-9dc8-4cd1-bfcd-038b7c7f550a",6.68e+11
"Furcifer verrucosus Cuvier, 1829","Furcifer","verrucosus","44.18988","-23.95871","Madagascar",NA,NA,"41c2febd-9dc8-4cd1-bfcd-038b7c7f550a",6.68e+11
"Furcifer verrucosus Cuvier, 1829","Furcifer","verrucosus","44.19103","-23.95947","Madagascar",NA,NA,"41c2febd-9dc8-4cd1-bfcd-038b7c7f550a",6.68e+11
"Furcifer verrucosus Cuvier, 1829","Furcifer","verrucosus","44.1914","-23.95565","Madagascar",NA,NA,"41c2febd-9dc8-4cd1-bfcd-038b7c7f550a",6.68e+11
"Furcifer verrucosus Cuvier, 1829","Furcifer","verrucosus","44.18931","-23.95494","Madagascar",NA,NA,"41c2febd-9dc8-4cd1-bfcd-038b7c7f550a",6.68e+11
"Furcifer verrucosus Cuvier, 1829","Furcifer","verrucosus","44.2814","-23.91566","Madagascar",NA,NA,"41c2febd-9dc8-4cd1-bfcd-038b7c7f550a",6.68e+11
"Furcifer verrucosus Cuvier, 1829","Furcifer","verrucosus","44.28145","-23.91484","Madagascar",NA,NA,"41c2febd-9dc8-4cd1-bfcd-038b7c7f550a",6.68e+11
"Furcifer verrucosus Cuvier, 1829","Furcifer","verrucosus","44.28133","-23.91379","Madagascar",NA,NA,"41c2febd-9dc8-4cd1-bfcd-038b7c7f550a",6.68e+11
"Furcifer verrucosus Cuvier, 1829","Furcifer","verrucosus","44.28128","-23.91271","Madagascar",NA,NA,"41c2febd-9dc8-4cd1-bfcd-038b7c7f550a",6.68e+11
"Furcifer verrucosus Cuvier, 1829","Furcifer","verrucosus","44.28121","-23.91172","Madagascar",NA,NA,"41c2febd-9dc8-4cd1-bfcd-038b7c7f550a",6.68e+11
"Furcifer verrucosus Cuvier, 1829","Furcifer","verrucosus","44.2811","-23.9107","Madagascar",NA,NA,"41c2febd-9dc8-4cd1-bfcd-038b7c7f550a",6.68e+11
"Furcifer verrucosus Cuvier, 1829","Furcifer","verrucosus","44.28099","-23.90979","Madagascar",NA,NA,"41c2febd-9dc8-4cd1-bfcd-038b7c7f550a",6.68e+11
"Furcifer verrucosus Cuvier, 1829","Furcifer","verrucosus","44.28084","-23.90844","Madagascar",NA,NA,"41c2febd-9dc8-4cd1-bfcd-038b7c7f550a",6.68e+11
"Furcifer verrucosus Cuvier, 1829","Furcifer","verrucosus","43.9573","-23.95709","Madagascar",NA,NA,"369913ee-c7a5-4371-a497-643e9d93bdfc",6.68e+11
"Furcifer verrucosus Cuvier, 1829","Furcifer","verrucosus","43.7104","-24.0029","Madagascar",NA,NA,"369913ee-c7a5-4371-a497-643e9d93bdfc",6.68e+11
"Furcifer verrucosus Cuvier, 1829","Furcifer","verrucosus","43.71059","-24.0255","Madagascar",NA,NA,"369913ee-c7a5-4371-a497-643e9d93bdfc",6.68e+11
"Furcifer verrucosus Cuvier, 1829","Furcifer","verrucosus","43.71049","-24.0165","Madagascar",NA,NA,"369913ee-c7a5-4371-a497-643e9d93bdfc",6.68e+11
"Furcifer verrucosus Cuvier, 1829","Furcifer","verrucosus","43.73558","-24.0079","Madagascar",NA,NA,"369913ee-c7a5-4371-a497-643e9d93bdfc",6.68e+11
"Furcifer verrucosus Cuvier, 1829","Furcifer","verrucosus","43.71149","-23.97129","Madagascar",NA,NA,"369913ee-c7a5-4371-a497-643e9d93bdfc",6.68e+11
"Furcifer major (Brygoo, 1971)","Furcifer","major","43.71149","-23.97129","Madagascar",NA,NA,"369913ee-c7a5-4371-a497-643e9d93bdfc",6.68e+11
"Furcifer verrucosus Cuvier, 1829","Furcifer","verrucosus","44.20247","-23.97873","Madagascar",NA,NA,"369913ee-c7a5-4371-a497-643e9d93bdfc",6.68e+11
"Furcifer major (Brygoo, 1971)","Furcifer","major","44.1532","-23.969","Madagascar",NA,NA,"369913ee-c7a5-4371-a497-643e9d93bdfc",6.68e+11
"Furcifer major (Brygoo, 1971)","Furcifer","major","44.20222","-23.98768","Madagascar",NA,NA,"369913ee-c7a5-4371-a497-643e9d93bdfc",6.68e+11
"Furcifer verrucosus Cuvier, 1829","Furcifer","verrucosus","44.20259","-23.9877","Madagascar",NA,NA,"369913ee-c7a5-4371-a497-643e9d93bdfc",6.68e+11
"Furcifer verrucosus Cuvier, 1829","Furcifer","verrucosus","44.20272","-23.96968","Madagascar",NA,NA,"369913ee-c7a5-4371-a497-643e9d93bdfc",6.68e+11
"Furcifer major (Brygoo, 1971)","Furcifer","major","44.2022","-23.9787","Madagascar",NA,NA,"369913ee-c7a5-4371-a497-643e9d93bdfc",6.68e+11
"Furcifer verrucosus Cuvier, 1829","Furcifer","verrucosus","43.7095","-24.0526","Madagascar",NA,NA,"369913ee-c7a5-4371-a497-643e9d93bdfc",6.68e+11
"Furcifer major (Brygoo, 1971)","Furcifer","major","43.7434","-24.03657","Madagascar",NA,NA,"7c441c85-aaba-4775-87b0-180e1afa7e53",6.68e+11
"Furcifer verrucosus Cuvier, 1829","Furcifer","verrucosus","43.720347","-24.01014","Madagascar",NA,NA,"7c441c85-aaba-4775-87b0-180e1afa7e53",6.68e+11
"Furcifer verrucosus Cuvier, 1829","Furcifer","verrucosus","43.719981","-24.010462","Madagascar",NA,NA,"7c441c85-aaba-4775-87b0-180e1afa7e53",6.68e+11
"Furcifer verrucosus Cuvier, 1829","Furcifer","verrucosus","43.731896","-23.992159","Madagascar",NA,NA,"7c441c85-aaba-4775-87b0-180e1afa7e53",6.68e+11
"Furcifer verrucosus Cuvier, 1829","Furcifer","verrucosus","43.73147","-23.9924","Madagascar",NA,NA,"7c441c85-aaba-4775-87b0-180e1afa7e53",6.68e+11
"Furcifer major (Brygoo, 1971)","Furcifer","major","43.697391","-24.01751","Madagascar",NA,NA,"7c441c85-aaba-4775-87b0-180e1afa7e53",6.68e+11
"Furcifer verrucosus Cuvier, 1829","Furcifer","verrucosus","43.73662","-24.01224","Madagascar",NA,NA,"7c441c85-aaba-4775-87b0-180e1afa7e53",6.68e+11
"Furcifer major (Brygoo, 1971)","Furcifer","major","43.697386","-24.01732","Madagascar",NA,NA,"7c441c85-aaba-4775-87b0-180e1afa7e53",6.68e+11
"Furcifer verrucosus Cuvier, 1829","Furcifer","verrucosus","43.73719","-24.02659","Madagascar",NA,NA,"7c441c85-aaba-4775-87b0-180e1afa7e53",6.68e+11
"Furcifer verrucosus Cuvier, 1829","Furcifer","verrucosus","43.72395","-24.03226","Madagascar",NA,NA,"7c441c85-aaba-4775-87b0-180e1afa7e53",6.68e+11
"Furcifer verrucosus Cuvier, 1829","Furcifer","verrucosus","43.7399","-24.02504","Madagascar",NA,NA,"7c441c85-aaba-4775-87b0-180e1afa7e53",6.68e+11
"Furcifer verrucosus Cuvier, 1829","Furcifer","verrucosus","43.738562","-24.025064","Madagascar",NA,NA,"7c441c85-aaba-4775-87b0-180e1afa7e53",6.68e+11
"Furcifer major (Brygoo, 1971)","Furcifer","major","43.738562","-24.025064","Madagascar",NA,NA,"7c441c85-aaba-4775-87b0-180e1afa7e53",6.68e+11
"Furcifer verrucosus Cuvier, 1829","Furcifer","verrucosus","43.737622","-24.025769","Madagascar",NA,NA,"7c441c85-aaba-4775-87b0-180e1afa7e53",6.68e+11
"Furcifer major (Brygoo, 1971)","Furcifer","major","43.73719","-24.02659","Madagascar",NA,NA,"7c441c85-aaba-4775-87b0-180e1afa7e53",6.68e+11
"Furcifer verrucosus Cuvier, 1829","Furcifer","verrucosus","43.71971","-24.0329","Madagascar",NA,NA,"7c441c85-aaba-4775-87b0-180e1afa7e53",6.68e+11
"Furcifer verrucosus Cuvier, 1829","Furcifer","verrucosus","43.73543","-24.02015","Madagascar",NA,NA,"7c441c85-aaba-4775-87b0-180e1afa7e53",6.68e+11
"Furcifer verrucosus Cuvier, 1829","Furcifer","verrucosus","43.712175","-24.068251","Madagascar",NA,NA,"7c441c85-aaba-4775-87b0-180e1afa7e53",6.68e+11
"Furcifer verrucosus Cuvier, 1829","Furcifer","verrucosus","43.712354","-24.068436","Madagascar",NA,NA,"7c441c85-aaba-4775-87b0-180e1afa7e53",6.68e+11
"Furcifer major (Brygoo, 1971)","Furcifer","major","43.71492","-24.076643","Madagascar",NA,NA,"7c441c85-aaba-4775-87b0-180e1afa7e53",6.68e+11
"Furcifer verrucosus Cuvier, 1829","Furcifer","verrucosus","43.71198","-24.06828","Madagascar",NA,NA,"7c441c85-aaba-4775-87b0-180e1afa7e53",6.68e+11
"Furcifer verrucosus Cuvier, 1829","Furcifer","verrucosus","43.71351","-24.05116","Madagascar",NA,NA,"7c441c85-aaba-4775-87b0-180e1afa7e53",6.68e+11
"Furcifer verrucosus Cuvier, 1829","Furcifer","verrucosus","43.7434","-24.03657","Madagascar",NA,NA,"7c441c85-aaba-4775-87b0-180e1afa7e53",6.68e+11
"Furcifer major (Brygoo, 1971)","Furcifer","major","43.6969","-24.01742","Madagascar",NA,NA,"7c441c85-aaba-4775-87b0-180e1afa7e53",6.68e+11
"Furcifer verrucosus Cuvier, 1829","Furcifer","verrucosus","43.72017","-24.01047","Madagascar",NA,NA,"7c441c85-aaba-4775-87b0-180e1afa7e53",6.68e+11
"Furcifer verrucosus Cuvier, 1829","Furcifer","verrucosus","43.721536","-24.011432","Madagascar",NA,NA,"7c441c85-aaba-4775-87b0-180e1afa7e53",6.68e+11
"Furcifer major (Brygoo, 1971)","Furcifer","major","43.70825","-24.0395","Madagascar",NA,NA,"7c441c85-aaba-4775-87b0-180e1afa7e53",6.68e+11
"Furcifer major (Brygoo, 1971)","Furcifer","major","43.7491","-24.02583","Madagascar",NA,NA,"4f5c812c-ead7-4a8b-b270-c7bee01f12ae",6.68e+11
"Furcifer verrucosus Cuvier, 1829","Furcifer","verrucosus","43.7491","-24.02583","Madagascar",NA,NA,"4f5c812c-ead7-4a8b-b270-c7bee01f12ae",6.68e+11
"Furcifer major (Brygoo, 1971)","Furcifer","major","43.74129","-24.02771","Madagascar",NA,NA,"4f5c812c-ead7-4a8b-b270-c7bee01f12ae",6.68e+11
"Furcifer verrucosus Cuvier, 1829","Furcifer","verrucosus","43.74129","-24.02771","Madagascar",NA,NA,"4f5c812c-ead7-4a8b-b270-c7bee01f12ae",6.68e+11
"Furcifer verrucosus Cuvier, 1829","Furcifer","verrucosus","43.75494","-24.0248","Madagascar",NA,NA,"4f5c812c-ead7-4a8b-b270-c7bee01f12ae",6.68e+11
