"SpeciesName","Genus","Species","Longitude","Latitude","First","Second","Third","datasetKey","areas"
"Opuntia galapageia Hensl.","Opuntia","galapageia","-90.96702","-0.95475","Ecuador","Isla Isabela",NA,"50c9509d-22c7-4a22-a47d-8c48425ef4a7",1.78e+13
"Opuntia galapageia Hensl.","Opuntia","galapageia","-90.967519","-0.951794","Ecuador","Isla Isabela",NA,"50c9509d-22c7-4a22-a47d-8c48425ef4a7",1.78e+13
"Opuntia galapageia Hensl.","Opuntia","galapageia","-90.967519","-0.951794","Ecuador","Isla Isabela",NA,"50c9509d-22c7-4a22-a47d-8c48425ef4a7",1.78e+13
"Opuntia galapageia Hensl.","Opuntia","galapageia","-90.967519","-0.951794","Ecuador","Isla Isabela",NA,"50c9509d-22c7-4a22-a47d-8c48425ef4a7",1.78e+13
"Opuntia galapageia Hensl.","Opuntia","galapageia","-90.969252","-0.95383","Ecuador","Isla Isabela",NA,"50c9509d-22c7-4a22-a47d-8c48425ef4a7",1.78e+13
"Opuntia galapageia Hensl.","Opuntia","galapageia","-90.970302","-0.953531","Ecuador","Isla Isabela",NA,"50c9509d-22c7-4a22-a47d-8c48425ef4a7",1.78e+13
"Opuntia galapageia Hensl.","Opuntia","galapageia","-90.96009","-0.95289","Ecuador","Isla Isabela",NA,"50c9509d-22c7-4a22-a47d-8c48425ef4a7",1.78e+13
"Opuntia galapageia Hensl.","Opuntia","galapageia","-90.317848","-0.738996","Ecuador","Isla Santa Cruz",NA,"50c9509d-22c7-4a22-a47d-8c48425ef4a7",9.86e+08
"Opuntia galapageia Hensl.","Opuntia","galapageia","-90.317397","-0.738492","Ecuador","Isla Santa Cruz",NA,"50c9509d-22c7-4a22-a47d-8c48425ef4a7",9.86e+08
"Opuntia galapageia Hensl.","Opuntia","galapageia","-90.317397","-0.738492","Ecuador","Isla Santa Cruz",NA,"50c9509d-22c7-4a22-a47d-8c48425ef4a7",9.86e+08
"Opuntia galapageia Hensl.","Opuntia","galapageia","-90.31738","-0.738312","Ecuador","Isla Santa Cruz",NA,"50c9509d-22c7-4a22-a47d-8c48425ef4a7",9.86e+08
"Opuntia galapageia Hensl.","Opuntia","galapageia","-90.31738","-0.738312","Ecuador","Isla Santa Cruz",NA,"50c9509d-22c7-4a22-a47d-8c48425ef4a7",9.86e+08
"Opuntia galapageia Hensl.","Opuntia","galapageia","-90.317365","-0.738177","Ecuador","Isla Santa Cruz",NA,"50c9509d-22c7-4a22-a47d-8c48425ef4a7",9.86e+08
"Opuntia galapageia Hensl.","Opuntia","galapageia","-90.317355","-0.738059","Ecuador","Isla Santa Cruz",NA,"50c9509d-22c7-4a22-a47d-8c48425ef4a7",9.86e+08
"Opuntia galapageia Hensl.","Opuntia","galapageia","-90.317308","-0.73783","Ecuador","Isla Santa Cruz",NA,"50c9509d-22c7-4a22-a47d-8c48425ef4a7",9.86e+08
"Opuntia galapageia Hensl.","Opuntia","galapageia","-90.317315","-0.737835","Ecuador","Isla Santa Cruz",NA,"50c9509d-22c7-4a22-a47d-8c48425ef4a7",9.86e+08
"Opuntia galapageia Hensl.","Opuntia","galapageia","-90.317278","-0.737671","Ecuador","Isla Santa Cruz",NA,"50c9509d-22c7-4a22-a47d-8c48425ef4a7",9.86e+08
"Opuntia galapageia Hensl.","Opuntia","galapageia","-90.317278","-0.737671","Ecuador","Isla Santa Cruz",NA,"50c9509d-22c7-4a22-a47d-8c48425ef4a7",9.86e+08
"Opuntia galapageia Hensl.","Opuntia","galapageia","-90.317266","-0.737508","Ecuador","Isla Santa Cruz",NA,"50c9509d-22c7-4a22-a47d-8c48425ef4a7",9.86e+08
"Opuntia galapageia Hensl.","Opuntia","galapageia","-90.317266","-0.737508","Ecuador","Isla Santa Cruz",NA,"50c9509d-22c7-4a22-a47d-8c48425ef4a7",9.86e+08
"Opuntia galapageia Hensl.","Opuntia","galapageia","-90.318567","-0.736956","Ecuador","Isla Santa Cruz",NA,"50c9509d-22c7-4a22-a47d-8c48425ef4a7",9.86e+08
"Opuntia galapageia Hensl.","Opuntia","galapageia","-90.319038","-0.736857","Ecuador","Isla Santa Cruz",NA,"50c9509d-22c7-4a22-a47d-8c48425ef4a7",9.86e+08
"Opuntia galapageia Hensl.","Opuntia","galapageia","-90.319038","-0.736857","Ecuador","Isla Santa Cruz",NA,"50c9509d-22c7-4a22-a47d-8c48425ef4a7",9.86e+08
"Opuntia galapageia Hensl.","Opuntia","galapageia","-90.319038","-0.736857","Ecuador","Isla Santa Cruz",NA,"50c9509d-22c7-4a22-a47d-8c48425ef4a7",9.86e+08
"Opuntia galapageia Hensl.","Opuntia","galapageia","-90.32038","-0.736594","Ecuador","Isla Santa Cruz",NA,"50c9509d-22c7-4a22-a47d-8c48425ef4a7",9.86e+08
"Opuntia galapageia Hensl.","Opuntia","galapageia","-90.320318","-0.736705","Ecuador","Isla Santa Cruz",NA,"50c9509d-22c7-4a22-a47d-8c48425ef4a7",9.86e+08
"Opuntia galapageia Hensl.","Opuntia","galapageia","-90.318259","-0.737552","Ecuador","Isla Santa Cruz",NA,"50c9509d-22c7-4a22-a47d-8c48425ef4a7",9.86e+08
"Opuntia galapageia Hensl.","Opuntia","galapageia","-90.318259","-0.737552","Ecuador","Isla Santa Cruz",NA,"50c9509d-22c7-4a22-a47d-8c48425ef4a7",9.86e+08
"Opuntia galapageia Hensl.","Opuntia","galapageia","-90.318355","-0.737657","Ecuador","Isla Santa Cruz",NA,"50c9509d-22c7-4a22-a47d-8c48425ef4a7",9.86e+08
"Opuntia galapageia Hensl.","Opuntia","galapageia","-90.318355","-0.737657","Ecuador","Isla Santa Cruz",NA,"50c9509d-22c7-4a22-a47d-8c48425ef4a7",9.86e+08
"Opuntia galapageia Hensl.","Opuntia","galapageia","-90.318355","-0.737657","Ecuador","Isla Santa Cruz",NA,"50c9509d-22c7-4a22-a47d-8c48425ef4a7",9.86e+08
"Opuntia galapageia Hensl.","Opuntia","galapageia","-90.318461","-0.737808","Ecuador","Isla Santa Cruz",NA,"50c9509d-22c7-4a22-a47d-8c48425ef4a7",9.86e+08
"Opuntia galapageia Hensl.","Opuntia","galapageia","-90.318355","-0.737657","Ecuador","Isla Santa Cruz",NA,"50c9509d-22c7-4a22-a47d-8c48425ef4a7",9.86e+08
"Opuntia galapageia Hensl.","Opuntia","galapageia","-90.318461","-0.737808","Ecuador","Isla Santa Cruz",NA,"50c9509d-22c7-4a22-a47d-8c48425ef4a7",9.86e+08
"Opuntia galapageia Hensl.","Opuntia","galapageia","-90.318461","-0.737808","Ecuador","Isla Santa Cruz",NA,"50c9509d-22c7-4a22-a47d-8c48425ef4a7",9.86e+08
"Opuntia galapageia Hensl.","Opuntia","galapageia","-90.318608","-0.737976","Ecuador","Isla Santa Cruz",NA,"50c9509d-22c7-4a22-a47d-8c48425ef4a7",9.86e+08
"Opuntia galapageia Hensl.","Opuntia","galapageia","-90.318786","-0.738233","Ecuador","Isla Santa Cruz",NA,"50c9509d-22c7-4a22-a47d-8c48425ef4a7",9.86e+08
"Opuntia galapageia Hensl.","Opuntia","galapageia","-90.318926","-0.738162","Ecuador","Isla Santa Cruz",NA,"50c9509d-22c7-4a22-a47d-8c48425ef4a7",9.86e+08
"Opuntia galapageia Hensl.","Opuntia","galapageia","-90.318926","-0.738162","Ecuador","Isla Santa Cruz",NA,"50c9509d-22c7-4a22-a47d-8c48425ef4a7",9.86e+08
"Opuntia galapageia Hensl.","Opuntia","galapageia","-90.318926","-0.738162","Ecuador","Isla Santa Cruz",NA,"50c9509d-22c7-4a22-a47d-8c48425ef4a7",9.86e+08
"Opuntia galapageia Hensl.","Opuntia","galapageia","-90.319137","-0.738137","Ecuador","Isla Santa Cruz",NA,"50c9509d-22c7-4a22-a47d-8c48425ef4a7",9.86e+08
"Opuntia galapageia Hensl.","Opuntia","galapageia","-90.319137","-0.738137","Ecuador","Isla Santa Cruz",NA,"50c9509d-22c7-4a22-a47d-8c48425ef4a7",9.86e+08
"Opuntia galapageia Hensl.","Opuntia","galapageia","-90.319137","-0.738137","Ecuador","Isla Santa Cruz",NA,"50c9509d-22c7-4a22-a47d-8c48425ef4a7",9.86e+08
"Opuntia galapageia Hensl.","Opuntia","galapageia","-90.319431","-0.738067","Ecuador","Isla Santa Cruz",NA,"50c9509d-22c7-4a22-a47d-8c48425ef4a7",9.86e+08
"Opuntia galapageia Hensl.","Opuntia","galapageia","-90.319431","-0.738067","Ecuador","Isla Santa Cruz",NA,"50c9509d-22c7-4a22-a47d-8c48425ef4a7",9.86e+08
"Opuntia galapageia Hensl.","Opuntia","galapageia","-90.319884","-0.73799","Ecuador","Isla Santa Cruz",NA,"50c9509d-22c7-4a22-a47d-8c48425ef4a7",9.86e+08
"Opuntia galapageia Hensl.","Opuntia","galapageia","-90.319884","-0.73799","Ecuador","Isla Santa Cruz",NA,"50c9509d-22c7-4a22-a47d-8c48425ef4a7",9.86e+08
"Opuntia galapageia Hensl.","Opuntia","galapageia","-90.319884","-0.73799","Ecuador","Isla Santa Cruz",NA,"50c9509d-22c7-4a22-a47d-8c48425ef4a7",9.86e+08
"Opuntia galapageia Hensl.","Opuntia","galapageia","-90.319884","-0.73799","Ecuador","Isla Santa Cruz",NA,"50c9509d-22c7-4a22-a47d-8c48425ef4a7",9.86e+08
"Opuntia galapageia Hensl.","Opuntia","galapageia","-90.319981","-0.73793","Ecuador","Isla Santa Cruz",NA,"50c9509d-22c7-4a22-a47d-8c48425ef4a7",9.86e+08
"Opuntia galapageia Hensl.","Opuntia","galapageia","-90.320303","-0.737894","Ecuador","Isla Santa Cruz",NA,"50c9509d-22c7-4a22-a47d-8c48425ef4a7",9.86e+08
"Opuntia galapageia Hensl.","Opuntia","galapageia","-90.320303","-0.737894","Ecuador","Isla Santa Cruz",NA,"50c9509d-22c7-4a22-a47d-8c48425ef4a7",9.86e+08
"Opuntia galapageia Hensl.","Opuntia","galapageia","-90.320645","-0.737856","Ecuador","Isla Santa Cruz",NA,"50c9509d-22c7-4a22-a47d-8c48425ef4a7",9.86e+08
"Opuntia galapageia Hensl.","Opuntia","galapageia","-90.320563","-0.737928","Ecuador","Isla Santa Cruz",NA,"50c9509d-22c7-4a22-a47d-8c48425ef4a7",9.86e+08
"Opuntia galapageia Hensl.","Opuntia","galapageia","-90.320563","-0.737928","Ecuador","Isla Santa Cruz",NA,"50c9509d-22c7-4a22-a47d-8c48425ef4a7",9.86e+08
"Opuntia galapageia Hensl.","Opuntia","galapageia","-90.31981","-0.738052","Ecuador","Isla Santa Cruz",NA,"50c9509d-22c7-4a22-a47d-8c48425ef4a7",9.86e+08
"Opuntia galapageia Hensl.","Opuntia","galapageia","-90.319037","-0.738635","Ecuador","Isla Santa Cruz",NA,"50c9509d-22c7-4a22-a47d-8c48425ef4a7",9.86e+08
"Opuntia galapageia Hensl.","Opuntia","galapageia","-90.319235","-0.738883","Ecuador","Isla Santa Cruz",NA,"50c9509d-22c7-4a22-a47d-8c48425ef4a7",9.86e+08
"Opuntia galapageia Hensl.","Opuntia","galapageia","-90.319873","-0.739769","Ecuador","Isla Santa Cruz",NA,"50c9509d-22c7-4a22-a47d-8c48425ef4a7",9.86e+08
"Opuntia galapageia Hensl.","Opuntia","galapageia","-90.319873","-0.739769","Ecuador","Isla Santa Cruz",NA,"50c9509d-22c7-4a22-a47d-8c48425ef4a7",9.86e+08
"Opuntia galapageia Hensl.","Opuntia","galapageia","-90.30979","-0.739507","Ecuador","Isla Santa Cruz",NA,"50c9509d-22c7-4a22-a47d-8c48425ef4a7",9.86e+08
"Opuntia galapageia Hensl.","Opuntia","galapageia","-90.30979","-0.739507","Ecuador","Isla Santa Cruz",NA,"50c9509d-22c7-4a22-a47d-8c48425ef4a7",9.86e+08
"Opuntia galapageia Hensl.","Opuntia","galapageia","-90.30979","-0.739507","Ecuador","Isla Santa Cruz",NA,"50c9509d-22c7-4a22-a47d-8c48425ef4a7",9.86e+08
"Opuntia galapageia Hensl.","Opuntia","galapageia","-90.30985","-0.738999","Ecuador","Isla Santa Cruz",NA,"50c9509d-22c7-4a22-a47d-8c48425ef4a7",9.86e+08
"Opuntia galapageia Hensl.","Opuntia","galapageia","-90.309209","-0.738715","Ecuador","Isla Santa Cruz",NA,"50c9509d-22c7-4a22-a47d-8c48425ef4a7",9.86e+08
"Opuntia galapageia Hensl.","Opuntia","galapageia","-90.309275","-0.737891","Ecuador","Isla Santa Cruz",NA,"50c9509d-22c7-4a22-a47d-8c48425ef4a7",9.86e+08
"Opuntia galapageia Hensl.","Opuntia","galapageia","-90.309275","-0.737891","Ecuador","Isla Santa Cruz",NA,"50c9509d-22c7-4a22-a47d-8c48425ef4a7",9.86e+08
"Opuntia galapageia Hensl.","Opuntia","galapageia","-90.309275","-0.737891","Ecuador","Isla Santa Cruz",NA,"50c9509d-22c7-4a22-a47d-8c48425ef4a7",9.86e+08
"Opuntia galapageia Hensl.","Opuntia","galapageia","-90.309275","-0.737891","Ecuador","Isla Santa Cruz",NA,"50c9509d-22c7-4a22-a47d-8c48425ef4a7",9.86e+08
"Opuntia galapageia Hensl.","Opuntia","galapageia","-90.309275","-0.737891","Ecuador","Isla Santa Cruz",NA,"50c9509d-22c7-4a22-a47d-8c48425ef4a7",9.86e+08
"Opuntia galapageia Hensl.","Opuntia","galapageia","-90.309275","-0.737891","Ecuador","Isla Santa Cruz",NA,"50c9509d-22c7-4a22-a47d-8c48425ef4a7",9.86e+08
"Opuntia galapageia Hensl.","Opuntia","galapageia","-90.309275","-0.737891","Ecuador","Isla Santa Cruz",NA,"50c9509d-22c7-4a22-a47d-8c48425ef4a7",9.86e+08
"Opuntia galapageia Hensl.","Opuntia","galapageia","-90.309275","-0.737891","Ecuador","Isla Santa Cruz",NA,"50c9509d-22c7-4a22-a47d-8c48425ef4a7",9.86e+08
"Opuntia galapageia Hensl.","Opuntia","galapageia","-90.309275","-0.737891","Ecuador","Isla Santa Cruz",NA,"50c9509d-22c7-4a22-a47d-8c48425ef4a7",9.86e+08
"Opuntia galapageia Hensl.","Opuntia","galapageia","-90.309207","-0.737645","Ecuador","Isla Santa Cruz",NA,"50c9509d-22c7-4a22-a47d-8c48425ef4a7",9.86e+08
"Opuntia galapageia Hensl.","Opuntia","galapageia","-90.309207","-0.737645","Ecuador","Isla Santa Cruz",NA,"50c9509d-22c7-4a22-a47d-8c48425ef4a7",9.86e+08
"Opuntia galapageia Hensl.","Opuntia","galapageia","-90.30932","-0.735572","Ecuador","Isla Santa Cruz",NA,"50c9509d-22c7-4a22-a47d-8c48425ef4a7",9.86e+08
"Opuntia galapageia Hensl.","Opuntia","galapageia","-90.309282","-0.734906","Ecuador","Isla Santa Cruz",NA,"50c9509d-22c7-4a22-a47d-8c48425ef4a7",9.86e+08
"Opuntia galapageia Hensl.","Opuntia","galapageia","-90.309266","-0.734572","Ecuador","Isla Santa Cruz",NA,"50c9509d-22c7-4a22-a47d-8c48425ef4a7",9.86e+08
"Opuntia galapageia Hensl.","Opuntia","galapageia","-90.309266","-0.734572","Ecuador","Isla Santa Cruz",NA,"50c9509d-22c7-4a22-a47d-8c48425ef4a7",9.86e+08
"Opuntia galapageia Hensl.","Opuntia","galapageia","-90.309356","-0.73432","Ecuador","Isla Santa Cruz",NA,"50c9509d-22c7-4a22-a47d-8c48425ef4a7",9.86e+08
"Opuntia galapageia Hensl.","Opuntia","galapageia","-90.318489","-0.737957","Ecuador","Isla Santa Cruz",NA,"50c9509d-22c7-4a22-a47d-8c48425ef4a7",9.86e+08
"Opuntia galapageia Hensl.","Opuntia","galapageia","-90.318489","-0.737957","Ecuador","Isla Santa Cruz",NA,"50c9509d-22c7-4a22-a47d-8c48425ef4a7",9.86e+08
"Opuntia galapageia Hensl.","Opuntia","galapageia","-90.313663","-0.743989","Ecuador","Isla Santa Cruz",NA,"50c9509d-22c7-4a22-a47d-8c48425ef4a7",9.86e+08
"Opuntia galapageia Hensl.","Opuntia","galapageia","-90.313408","-0.743966","Ecuador","Isla Santa Cruz",NA,"50c9509d-22c7-4a22-a47d-8c48425ef4a7",9.86e+08
"Opuntia galapageia Hensl.","Opuntia","galapageia","-90.312539","-0.743806","Ecuador","Isla Santa Cruz",NA,"50c9509d-22c7-4a22-a47d-8c48425ef4a7",9.86e+08
"Opuntia galapageia Hensl.","Opuntia","galapageia","-90.312233","-0.743961","Ecuador","Isla Santa Cruz",NA,"50c9509d-22c7-4a22-a47d-8c48425ef4a7",9.86e+08
"Opuntia galapageia Hensl.","Opuntia","galapageia","-90.312233","-0.743961","Ecuador","Isla Santa Cruz",NA,"50c9509d-22c7-4a22-a47d-8c48425ef4a7",9.86e+08
"Opuntia galapageia Hensl.","Opuntia","galapageia","-90.312039","-0.744233","Ecuador","Isla Santa Cruz",NA,"50c9509d-22c7-4a22-a47d-8c48425ef4a7",9.86e+08
"Opuntia galapageia Hensl.","Opuntia","galapageia","-90.311376","-0.744803","Ecuador","Isla Santa Cruz",NA,"50c9509d-22c7-4a22-a47d-8c48425ef4a7",9.86e+08
"Opuntia galapageia Hensl.","Opuntia","galapageia","-90.312597","-0.746795","Ecuador","Isla Santa Cruz",NA,"50c9509d-22c7-4a22-a47d-8c48425ef4a7",9.86e+08
"Opuntia galapageia Hensl.","Opuntia","galapageia","-90.312263","-0.746383","Ecuador","Isla Santa Cruz",NA,"50c9509d-22c7-4a22-a47d-8c48425ef4a7",9.86e+08
"Opuntia galapageia Hensl.","Opuntia","galapageia","-90.312597","-0.746795","Ecuador","Isla Santa Cruz",NA,"50c9509d-22c7-4a22-a47d-8c48425ef4a7",9.86e+08
"Opuntia galapageia Hensl.","Opuntia","galapageia","-90.313504","-0.748359","Ecuador","Isla Santa Cruz",NA,"50c9509d-22c7-4a22-a47d-8c48425ef4a7",9.86e+08
"Opuntia galapageia Hensl.","Opuntia","galapageia","-90.313434","-0.748175","Ecuador","Isla Santa Cruz",NA,"50c9509d-22c7-4a22-a47d-8c48425ef4a7",9.86e+08
"Opuntia galapageia Hensl.","Opuntia","galapageia","-90.313442","-0.748144","Ecuador","Isla Santa Cruz",NA,"50c9509d-22c7-4a22-a47d-8c48425ef4a7",9.86e+08
"Opuntia galapageia Hensl.","Opuntia","galapageia","-90.313442","-0.748144","Ecuador","Isla Santa Cruz",NA,"50c9509d-22c7-4a22-a47d-8c48425ef4a7",9.86e+08
"Opuntia galapageia Hensl.","Opuntia","galapageia","-90.311604","-0.745316","Ecuador","Isla Santa Cruz",NA,"50c9509d-22c7-4a22-a47d-8c48425ef4a7",9.86e+08
"Opuntia galapageia Hensl.","Opuntia","galapageia","-90.312549","-0.742516","Ecuador","Isla Santa Cruz",NA,"50c9509d-22c7-4a22-a47d-8c48425ef4a7",9.86e+08
"Opuntia galapageia Hensl.","Opuntia","galapageia","-90.312737","-0.742061","Ecuador","Isla Santa Cruz",NA,"50c9509d-22c7-4a22-a47d-8c48425ef4a7",9.86e+08
"Opuntia galapageia Hensl.","Opuntia","galapageia","-90.312737","-0.742061","Ecuador","Isla Santa Cruz",NA,"50c9509d-22c7-4a22-a47d-8c48425ef4a7",9.86e+08
"Opuntia galapageia Hensl.","Opuntia","galapageia","-90.31374","-0.745432","Ecuador","Isla Santa Cruz",NA,"50c9509d-22c7-4a22-a47d-8c48425ef4a7",9.86e+08
"Opuntia galapageia Hensl.","Opuntia","galapageia","-90.31374","-0.745432","Ecuador","Isla Santa Cruz",NA,"50c9509d-22c7-4a22-a47d-8c48425ef4a7",9.86e+08
"Opuntia galapageia Hensl.","Opuntia","galapageia","-90.318742","-0.745718","Ecuador","Isla Santa Cruz",NA,"50c9509d-22c7-4a22-a47d-8c48425ef4a7",9.86e+08
"Opuntia galapageia Hensl.","Opuntia","galapageia","-90.318742","-0.745718","Ecuador","Isla Santa Cruz",NA,"50c9509d-22c7-4a22-a47d-8c48425ef4a7",9.86e+08
"Opuntia galapageia Hensl.","Opuntia","galapageia","-90.319249","-0.745961","Ecuador","Isla Santa Cruz",NA,"50c9509d-22c7-4a22-a47d-8c48425ef4a7",9.86e+08
"Opuntia galapageia Hensl.","Opuntia","galapageia","-90.323519","-0.75089","Ecuador","Isla Santa Cruz",NA,"50c9509d-22c7-4a22-a47d-8c48425ef4a7",9.86e+08
"Opuntia galapageia Hensl.","Opuntia","galapageia","-90.324831","-0.752216","Ecuador","Isla Santa Cruz",NA,"50c9509d-22c7-4a22-a47d-8c48425ef4a7",9.86e+08
"Opuntia galapageia Hensl.","Opuntia","galapageia","-90.325402","-0.752873","Ecuador","Isla Santa Cruz",NA,"50c9509d-22c7-4a22-a47d-8c48425ef4a7",9.86e+08
"Opuntia galapageia Hensl.","Opuntia","galapageia","-90.32681","-0.754387","Ecuador","Isla Santa Cruz",NA,"50c9509d-22c7-4a22-a47d-8c48425ef4a7",9.86e+08
"Opuntia galapageia Hensl.","Opuntia","galapageia","-90.326609","-0.754157","Ecuador","Isla Santa Cruz",NA,"50c9509d-22c7-4a22-a47d-8c48425ef4a7",9.86e+08
"Opuntia galapageia Hensl.","Opuntia","galapageia","-90.327242","-0.754954","Ecuador","Isla Santa Cruz",NA,"50c9509d-22c7-4a22-a47d-8c48425ef4a7",9.86e+08
"Opuntia galapageia Hensl.","Opuntia","galapageia","-90.330333","-0.76141","Ecuador","Isla Santa Cruz",NA,"50c9509d-22c7-4a22-a47d-8c48425ef4a7",9.86e+08
"Opuntia galapageia Hensl.","Opuntia","galapageia","-90.330333","-0.76141","Ecuador","Isla Santa Cruz",NA,"50c9509d-22c7-4a22-a47d-8c48425ef4a7",9.86e+08
"Opuntia galapageia Hensl.","Opuntia","galapageia","-90.330204","-0.761503","Ecuador","Isla Santa Cruz",NA,"50c9509d-22c7-4a22-a47d-8c48425ef4a7",9.86e+08
"Opuntia galapageia Hensl.","Opuntia","galapageia","-90.33024","-0.761389","Ecuador","Isla Santa Cruz",NA,"50c9509d-22c7-4a22-a47d-8c48425ef4a7",9.86e+08
"Opuntia galapageia Hensl.","Opuntia","galapageia","-90.33024","-0.761389","Ecuador","Isla Santa Cruz",NA,"50c9509d-22c7-4a22-a47d-8c48425ef4a7",9.86e+08
"Opuntia galapageia Hensl.","Opuntia","galapageia","-90.330539","-0.758549","Ecuador","Isla Santa Cruz",NA,"50c9509d-22c7-4a22-a47d-8c48425ef4a7",9.86e+08
"Opuntia galapageia Hensl.","Opuntia","galapageia","-90.328933","-0.75676","Ecuador","Isla Santa Cruz",NA,"50c9509d-22c7-4a22-a47d-8c48425ef4a7",9.86e+08
"Opuntia galapageia Hensl.","Opuntia","galapageia","-90.331287","-0.759361","Ecuador","Isla Santa Cruz",NA,"50c9509d-22c7-4a22-a47d-8c48425ef4a7",9.86e+08
"Opuntia galapageia Hensl.","Opuntia","galapageia","-90.328933","-0.75676","Ecuador","Isla Santa Cruz",NA,"50c9509d-22c7-4a22-a47d-8c48425ef4a7",9.86e+08
"Opuntia galapageia Hensl.","Opuntia","galapageia","-90.327781","-0.755506","Ecuador","Isla Santa Cruz",NA,"50c9509d-22c7-4a22-a47d-8c48425ef4a7",9.86e+08
"Opuntia galapageia Hensl.","Opuntia","galapageia","-90.326116","-0.753606","Ecuador","Isla Santa Cruz",NA,"50c9509d-22c7-4a22-a47d-8c48425ef4a7",9.86e+08
"Opuntia galapageia Hensl.","Opuntia","galapageia","-90.325361","-0.752843","Ecuador","Isla Santa Cruz",NA,"50c9509d-22c7-4a22-a47d-8c48425ef4a7",9.86e+08
"Opuntia galapageia Hensl.","Opuntia","galapageia","-90.319422","-0.74618","Ecuador","Isla Santa Cruz",NA,"50c9509d-22c7-4a22-a47d-8c48425ef4a7",9.86e+08
"Opuntia galapageia Hensl.","Opuntia","galapageia","-90.317794","-0.743145","Ecuador","Isla Santa Cruz",NA,"50c9509d-22c7-4a22-a47d-8c48425ef4a7",9.86e+08
"Opuntia galapageia Hensl.","Opuntia","galapageia","-90.280393","-0.487712","Ecuador","Isla Santa Cruz",NA,"50c9509d-22c7-4a22-a47d-8c48425ef4a7",9.86e+08
"Opuntia galapageia Hensl.","Opuntia","galapageia","-90.280393","-0.487712","Ecuador","Isla Santa Cruz",NA,"50c9509d-22c7-4a22-a47d-8c48425ef4a7",9.86e+08
"Opuntia galapageia Hensl.","Opuntia","galapageia","-90.269102","-0.44445","Ecuador","Bar Cafetería Baltra",NA,"50c9509d-22c7-4a22-a47d-8c48425ef4a7",1.78e+13
"Opuntia galapageia Hensl.","Opuntia","galapageia","-90.26903","-0.444348","Ecuador","Bar Cafetería Baltra",NA,"50c9509d-22c7-4a22-a47d-8c48425ef4a7",1.78e+13
"Opuntia galapageia Hensl.","Opuntia","galapageia","-90.26903","-0.444348","Ecuador","Bar Cafetería Baltra",NA,"50c9509d-22c7-4a22-a47d-8c48425ef4a7",1.78e+13
"Opuntia galapageia Hensl.","Opuntia","galapageia","-90.26903","-0.444348","Ecuador","Bar Cafetería Baltra",NA,"50c9509d-22c7-4a22-a47d-8c48425ef4a7",1.78e+13
"Opuntia galapageia Hensl.","Opuntia","galapageia","-90.26903","-0.444348","Ecuador","Bar Cafetería Baltra",NA,"50c9509d-22c7-4a22-a47d-8c48425ef4a7",1.78e+13
"Opuntia galapageia Hensl.","Opuntia","galapageia","-90.268814","-0.444531","Ecuador","Bar Cafetería Baltra",NA,"50c9509d-22c7-4a22-a47d-8c48425ef4a7",1.78e+13
"Opuntia galapageia Hensl.","Opuntia","galapageia","-90.268814","-0.444531","Ecuador","Bar Cafetería Baltra",NA,"50c9509d-22c7-4a22-a47d-8c48425ef4a7",1.78e+13
"Opuntia galapageia Hensl.","Opuntia","galapageia","-90.268814","-0.444531","Ecuador","Bar Cafetería Baltra",NA,"50c9509d-22c7-4a22-a47d-8c48425ef4a7",1.78e+13
"Opuntia galapageia Hensl.","Opuntia","galapageia","-90.268814","-0.444531","Ecuador","Bar Cafetería Baltra",NA,"50c9509d-22c7-4a22-a47d-8c48425ef4a7",1.78e+13
"Opuntia galapageia Hensl.","Opuntia","galapageia","-90.268885","-0.444593","Ecuador","Bar Cafetería Baltra",NA,"50c9509d-22c7-4a22-a47d-8c48425ef4a7",1.78e+13
"Opuntia galapageia Hensl.","Opuntia","galapageia","-90.268809","-0.444711","Ecuador","Bar Cafetería Baltra",NA,"50c9509d-22c7-4a22-a47d-8c48425ef4a7",1.78e+13
"Opuntia galapageia Hensl.","Opuntia","galapageia","-90.268809","-0.444711","Ecuador","Bar Cafetería Baltra",NA,"50c9509d-22c7-4a22-a47d-8c48425ef4a7",1.78e+13
"Opuntia galapageia Hensl.","Opuntia","galapageia","-90.268809","-0.444711","Ecuador","Bar Cafetería Baltra",NA,"50c9509d-22c7-4a22-a47d-8c48425ef4a7",1.78e+13
"Opuntia galapageia Hensl.","Opuntia","galapageia","-90.268809","-0.444711","Ecuador","Bar Cafetería Baltra",NA,"50c9509d-22c7-4a22-a47d-8c48425ef4a7",1.78e+13
"Opuntia galapageia Hensl.","Opuntia","galapageia","-90.269038","-0.444734","Ecuador","Bar Cafetería Baltra",NA,"50c9509d-22c7-4a22-a47d-8c48425ef4a7",1.78e+13
"Opuntia galapageia Hensl.","Opuntia","galapageia","-90.269092","-0.444591","Ecuador","Bar Cafetería Baltra",NA,"50c9509d-22c7-4a22-a47d-8c48425ef4a7",1.78e+13
"Opuntia galapageia Hensl.","Opuntia","galapageia","-90.269172","-0.444646","Ecuador","Bar Cafetería Baltra",NA,"50c9509d-22c7-4a22-a47d-8c48425ef4a7",1.78e+13
"Opuntia galapageia Hensl.","Opuntia","galapageia","-90.269712","-0.44511","Ecuador","Bar Cafetería Baltra",NA,"50c9509d-22c7-4a22-a47d-8c48425ef4a7",1.78e+13
"Opuntia galapageia Hensl.","Opuntia","galapageia","-90.269712","-0.44511","Ecuador","Bar Cafetería Baltra",NA,"50c9509d-22c7-4a22-a47d-8c48425ef4a7",1.78e+13
"Opuntia galapageia Hensl.","Opuntia","galapageia","-90.269712","-0.44511","Ecuador","Bar Cafetería Baltra",NA,"50c9509d-22c7-4a22-a47d-8c48425ef4a7",1.78e+13
"Opuntia galapageia Hensl.","Opuntia","galapageia","-90.319459","-0.746226","Ecuador","Isla Santa Cruz",NA,"50c9509d-22c7-4a22-a47d-8c48425ef4a7",9.86e+08
"Opuntia galapageia Hensl.","Opuntia","galapageia","-90.327369","-0.755004","Ecuador","Isla Santa Cruz",NA,"50c9509d-22c7-4a22-a47d-8c48425ef4a7",9.86e+08
"Opuntia galapageia Hensl.","Opuntia","galapageia","-90.304532","-0.740988","Ecuador","Isla Santa Cruz",NA,"50c9509d-22c7-4a22-a47d-8c48425ef4a7",9.86e+08
"Opuntia galapageia Hensl.","Opuntia","galapageia","-90.486787","-0.531908","Ecuador","Isla Santa Cruz",NA,"50c9509d-22c7-4a22-a47d-8c48425ef4a7",9.86e+08
"Opuntia galapageia Hensl.","Opuntia","galapageia","-89.949212","0.318713","Ecuador","Playa Darwin",NA,"50c9509d-22c7-4a22-a47d-8c48425ef4a7",1.78e+13
"Opuntia galapageia Hensl.","Opuntia","galapageia","-90.311867","-0.753166","Ecuador","Isla Santa Cruz",NA,"50c9509d-22c7-4a22-a47d-8c48425ef4a7",9.86e+08
"Opuntia galapageia Hensl.","Opuntia","galapageia","-90.290792","-0.39915","Ecuador","Isla North Seymore",NA,"50c9509d-22c7-4a22-a47d-8c48425ef4a7",1.78e+13
"Opuntia galapageia Hensl.","Opuntia","galapageia","-90.338456","-0.493958","Ecuador","Caleta Tortuga Negra",NA,"50c9509d-22c7-4a22-a47d-8c48425ef4a7",1.78e+13
"Opuntia galapageia Hensl.","Opuntia","galapageia","-90.291723","-0.397421","Ecuador","Isla North Seymore",NA,"50c9509d-22c7-4a22-a47d-8c48425ef4a7",1.78e+13
"Opuntia galapageia Hensl.","Opuntia","galapageia","-91.360648","-0.251523","Ecuador","Isla Isabela",NA,"50c9509d-22c7-4a22-a47d-8c48425ef4a7",1.78e+13
"Opuntia galapageia Hensl.","Opuntia","galapageia","-90.828826","-0.1627","Ecuador","""Monje""",NA,"50c9509d-22c7-4a22-a47d-8c48425ef4a7",1.78e+13
"Opuntia galapageia Hensl.","Opuntia","galapageia","-89.948981","0.318631","Ecuador","Playa Darwin",NA,"50c9509d-22c7-4a22-a47d-8c48425ef4a7",1.78e+13
"Opuntia galapageia Hensl.","Opuntia","galapageia","-90.331079","-0.602966","Ecuador","Isla Santa Cruz",NA,"50c9509d-22c7-4a22-a47d-8c48425ef4a7",9.86e+08
"Opuntia galapageia Hensl.","Opuntia","galapageia","-91.3396","-0.717575","Ecuador","Isla Isabela",NA,"50c9509d-22c7-4a22-a47d-8c48425ef4a7",1.78e+13
"Opuntia galapageia Hensl.","Opuntia","galapageia","-90.243355","-0.635155","Ecuador","Isla Santa Cruz",NA,"50c9509d-22c7-4a22-a47d-8c48425ef4a7",9.86e+08
"Opuntia galapageia Hensl.","Opuntia","galapageia","-90.31987","-0.746733","Ecuador","Isla Santa Cruz",NA,"50c9509d-22c7-4a22-a47d-8c48425ef4a7",9.86e+08
"Opuntia galapageia Hensl.","Opuntia","galapageia","-90.322355","-0.74947","Ecuador","Isla Santa Cruz",NA,"50c9509d-22c7-4a22-a47d-8c48425ef4a7",9.86e+08
"Opuntia galapageia Hensl.","Opuntia","galapageia","-91.16638","-1.046097","Ecuador","Los Tuneles",NA,"50c9509d-22c7-4a22-a47d-8c48425ef4a7",1.78e+13
"Opuntia galapageia Hensl.","Opuntia","galapageia","-90.330256","-0.758039","Ecuador","Isla Santa Cruz",NA,"50c9509d-22c7-4a22-a47d-8c48425ef4a7",9.86e+08
"Opuntia galapageia Hensl.","Opuntia","galapageia","-90.290408","-0.400189","Ecuador","Isla North Seymore",NA,"50c9509d-22c7-4a22-a47d-8c48425ef4a7",1.78e+13
"Opuntia galapageia Hensl.","Opuntia","galapageia","-90.305644","-0.741747","Ecuador","Isla Santa Cruz",NA,"50c9509d-22c7-4a22-a47d-8c48425ef4a7",9.86e+08
"Opuntia galapageia Hensl.","Opuntia","galapageia","-89.609914","-0.891231","Ecuador","Avenida Alsacio Northia",NA,"50c9509d-22c7-4a22-a47d-8c48425ef4a7",1.78e+13
"Opuntia galapageia Hensl.","Opuntia","galapageia","-90.360315","-0.630937","Ecuador","Isla Santa Cruz",NA,"50c9509d-22c7-4a22-a47d-8c48425ef4a7",9.86e+08
"Opuntia galapageia Hensl.","Opuntia","galapageia","-90.706625","-0.399846","Ecuador","No name (flamingos)",NA,"50c9509d-22c7-4a22-a47d-8c48425ef4a7",1.78e+13
"Opuntia galapageia Hensl.","Opuntia","galapageia","-90.290357","-0.400242","Ecuador","Isla North Seymore",NA,"50c9509d-22c7-4a22-a47d-8c48425ef4a7",1.78e+13
"Opuntia galapageia Hensl.","Opuntia","galapageia","-90.327808","-0.755473","Ecuador","Isla Santa Cruz",NA,"50c9509d-22c7-4a22-a47d-8c48425ef4a7",9.86e+08
"Opuntia galapageia Hensl.","Opuntia","galapageia","-91.335264","-0.716663","Ecuador","Isla Isabela",NA,"50c9509d-22c7-4a22-a47d-8c48425ef4a7",1.78e+13
"Opuntia galapageia Hensl.","Opuntia","galapageia","-90.304747","-0.741919","Ecuador","Isla Santa Cruz",NA,"50c9509d-22c7-4a22-a47d-8c48425ef4a7",9.86e+08
"Opuntia galapageia Hensl.","Opuntia","galapageia","-90.304733","-0.741944","Ecuador","Isla Santa Cruz",NA,"50c9509d-22c7-4a22-a47d-8c48425ef4a7",9.86e+08
"Opuntia galapageia Hensl.","Opuntia","galapageia","-90.304444","-0.741242","Ecuador","Isla Santa Cruz",NA,"50c9509d-22c7-4a22-a47d-8c48425ef4a7",9.86e+08
"Opuntia galapageia Hensl.","Opuntia","galapageia","-90.305904","-0.74166","Ecuador","Isla Santa Cruz",NA,"50c9509d-22c7-4a22-a47d-8c48425ef4a7",9.86e+08
"Opuntia galapageia Hensl.","Opuntia","galapageia","-90.987463","-0.958317","Ecuador","Isla Isabela",NA,"50c9509d-22c7-4a22-a47d-8c48425ef4a7",1.78e+13
"Opuntia galapageia Hensl.","Opuntia","galapageia","-90.291056","-0.399164","Ecuador","Isla North Seymore",NA,"50c9509d-22c7-4a22-a47d-8c48425ef4a7",1.78e+13
"Opuntia galapageia Hensl.","Opuntia","galapageia","-89.608847","-0.893413","Ecuador","Isla San Cristobal",NA,"50c9509d-22c7-4a22-a47d-8c48425ef4a7",5.58e+08
"Opuntia galapageia Hensl.","Opuntia","galapageia","-91.059447","-0.994117","Ecuador","Isla Isabela",NA,"50c9509d-22c7-4a22-a47d-8c48425ef4a7",1.78e+13
"Opuntia galapageia Hensl.","Opuntia","galapageia","-90.310064","-0.744303","Ecuador","Isla Santa Cruz",NA,"50c9509d-22c7-4a22-a47d-8c48425ef4a7",9.86e+08
"Opuntia galapageia Hensl.","Opuntia","galapageia","-90.302688","-0.743422","Ecuador","Isla Santa Cruz",NA,"50c9509d-22c7-4a22-a47d-8c48425ef4a7",9.86e+08
"Opuntia galapageia Hensl.","Opuntia","galapageia","-90.162708","-0.584011","Ecuador",NA,NA,"50c9509d-22c7-4a22-a47d-8c48425ef4a7",1.78e+13
"Opuntia galapageia Hensl.","Opuntia","galapageia","-89.61328","-0.903187","Ecuador","Isla San Cristobal",NA,"50c9509d-22c7-4a22-a47d-8c48425ef4a7",5.58e+08
"Opuntia galapageia Hensl.","Opuntia","galapageia","-90.305663","-0.74016","Ecuador","Isla Santa Cruz",NA,"50c9509d-22c7-4a22-a47d-8c48425ef4a7",9.86e+08
"Opuntia galapageia Hensl.","Opuntia","galapageia","-89.613339","-0.903001","Ecuador","Isla San Cristobal",NA,"50c9509d-22c7-4a22-a47d-8c48425ef4a7",5.58e+08
"Opuntia galapageia Hensl.","Opuntia","galapageia","-90.30355","-0.740963","Ecuador","Isla Santa Cruz",NA,"50c9509d-22c7-4a22-a47d-8c48425ef4a7",9.86e+08
"Opuntia galapageia Hensl.","Opuntia","galapageia","-90.341636","-0.493324","Ecuador","Playa Las Bachas",NA,"50c9509d-22c7-4a22-a47d-8c48425ef4a7",1.78e+13
"Opuntia galapageia Hensl.","Opuntia","galapageia","-90.340124","-0.764247","Ecuador","Isla Santa Cruz",NA,"50c9509d-22c7-4a22-a47d-8c48425ef4a7",9.86e+08
"Opuntia galapageia Hensl.","Opuntia","galapageia","-90.30355","-0.740963","Ecuador","Isla Santa Cruz",NA,"50c9509d-22c7-4a22-a47d-8c48425ef4a7",9.86e+08
"Opuntia galapageia Hensl.","Opuntia","galapageia","-90.427248","-1.328553","Ecuador","Isla Santa Maria",NA,"50c9509d-22c7-4a22-a47d-8c48425ef4a7",1.78e+13
"Opuntia galapageia Hensl.","Opuntia","galapageia","-90.329568","-0.720158","Ecuador","Isla Santa Cruz",NA,"50c9509d-22c7-4a22-a47d-8c48425ef4a7",9.86e+08
"Opuntia galapageia Hensl.","Opuntia","galapageia","-90.585677","-0.325638","Ecuador","Isla San Salvador",NA,"50c9509d-22c7-4a22-a47d-8c48425ef4a7",1.78e+13
"Opuntia galapageia Hensl.","Opuntia","galapageia","-90.583611","-0.369444","Ecuador","Isla Sombrero Chino",NA,"50c9509d-22c7-4a22-a47d-8c48425ef4a7",1.78e+13
"Opuntia galapageia Hensl.","Opuntia","galapageia","-90.268647","-0.445253","Ecuador","Bar Cafetería Baltra",NA,"50c9509d-22c7-4a22-a47d-8c48425ef4a7",1.78e+13
"Opuntia galapageia Hensl.","Opuntia","galapageia","-90.322403","-0.749492","Ecuador","Isla Santa Cruz",NA,"50c9509d-22c7-4a22-a47d-8c48425ef4a7",9.86e+08
"Opuntia galapageia Hensl.","Opuntia","galapageia","-90.325592","-0.753047","Ecuador","Isla Santa Cruz",NA,"50c9509d-22c7-4a22-a47d-8c48425ef4a7",9.86e+08
"Opuntia galapageia Hensl.","Opuntia","galapageia","-90.323531","-0.750958","Ecuador","Isla Santa Cruz",NA,"50c9509d-22c7-4a22-a47d-8c48425ef4a7",9.86e+08
"Opuntia galapageia Hensl.","Opuntia","galapageia","-90.323531","-0.750958","Ecuador","Isla Santa Cruz",NA,"50c9509d-22c7-4a22-a47d-8c48425ef4a7",9.86e+08
"Opuntia galapageia Hensl.","Opuntia","galapageia","-90.324006","-0.751269","Ecuador","Isla Santa Cruz",NA,"50c9509d-22c7-4a22-a47d-8c48425ef4a7",9.86e+08
"Opuntia galapageia Hensl.","Opuntia","galapageia","-90.323544","-0.75095","Ecuador","Isla Santa Cruz",NA,"50c9509d-22c7-4a22-a47d-8c48425ef4a7",9.86e+08
"Opuntia galapageia Hensl.","Opuntia","galapageia","-90.865922","-0.243887","Ecuador","Puerto Egas",NA,"50c9509d-22c7-4a22-a47d-8c48425ef4a7",1.78e+13
"Opuntia galapageia Hensl.","Opuntia","galapageia","-90.360315","-0.630937","Ecuador","Isla Santa Cruz",NA,"50c9509d-22c7-4a22-a47d-8c48425ef4a7",9.86e+08
"Opuntia galapageia Hensl.","Opuntia","galapageia","-89.438195","-0.822514","Ecuador","Isla San Cristobal",NA,"50c9509d-22c7-4a22-a47d-8c48425ef4a7",5.58e+08
"Opuntia galapageia Hensl.","Opuntia","galapageia","-90.484113","-0.530962","Ecuador","Isla Santa Cruz",NA,"50c9509d-22c7-4a22-a47d-8c48425ef4a7",9.86e+08
"Opuntia galapageia Hensl.","Opuntia","galapageia","-90.706283","-0.401172","Ecuador","No name (flamingos)",NA,"50c9509d-22c7-4a22-a47d-8c48425ef4a7",1.78e+13
"Opuntia galapageia Hensl.","Opuntia","galapageia","-90.558903","-0.285172","Ecuador","Isla San Salvador",NA,"50c9509d-22c7-4a22-a47d-8c48425ef4a7",1.78e+13
"Opuntia galapageia Hensl.","Opuntia","galapageia","-91.371314","-0.252753","Ecuador","Isla Isabela",NA,"50c9509d-22c7-4a22-a47d-8c48425ef4a7",1.78e+13
"Opuntia galapageia Hensl.","Opuntia","galapageia","-90.290787","-0.399092","Ecuador","Isla North Seymore",NA,"50c9509d-22c7-4a22-a47d-8c48425ef4a7",1.78e+13
"Opuntia galapageia Hensl.","Opuntia","galapageia","-90.304061","-0.742286","Ecuador","Isla Santa Cruz",NA,"50c9509d-22c7-4a22-a47d-8c48425ef4a7",9.86e+08
"Opuntia galapageia Hensl.","Opuntia","galapageia","-90.733828","-0.211115","Ecuador","Isla San Salvador",NA,"50c9509d-22c7-4a22-a47d-8c48425ef4a7",1.78e+13
"Opuntia galapageia Hensl.","Opuntia","galapageia","-90.825711","-0.163764","Ecuador","""Monje""",NA,"50c9509d-22c7-4a22-a47d-8c48425ef4a7",1.78e+13
"Opuntia galapageia Hensl.","Opuntia","galapageia","-90.828864","-0.162914","Ecuador","""Monje""",NA,"50c9509d-22c7-4a22-a47d-8c48425ef4a7",1.78e+13
"Opuntia galapageia Hensl.","Opuntia","galapageia","-90.304422","-0.741178","Ecuador","Isla Santa Cruz",NA,"50c9509d-22c7-4a22-a47d-8c48425ef4a7",9.86e+08
"Opuntia galapageia Hensl.","Opuntia","galapageia","-90.30425","-0.741128","Ecuador","Isla Santa Cruz",NA,"50c9509d-22c7-4a22-a47d-8c48425ef4a7",9.86e+08
"Opuntia galapageia Hensl.","Opuntia","galapageia","-90.303336","-0.741119","Ecuador","Isla Santa Cruz",NA,"50c9509d-22c7-4a22-a47d-8c48425ef4a7",9.86e+08
"Opuntia galapageia Hensl.","Opuntia","galapageia","-90.305881","-0.74206","Ecuador","Isla Santa Cruz",NA,"50c9509d-22c7-4a22-a47d-8c48425ef4a7",9.86e+08
"Opuntia galapageia Hensl.","Opuntia","galapageia","-90.303374","-0.741106","Ecuador","Isla Santa Cruz",NA,"50c9509d-22c7-4a22-a47d-8c48425ef4a7",9.86e+08
"Opuntia galapageia Hensl.","Opuntia","galapageia","-90.268073","-0.444704","Ecuador","Bar Cafetería Baltra",NA,"50c9509d-22c7-4a22-a47d-8c48425ef4a7",1.78e+13
"Opuntia galapageia Hensl.","Opuntia","galapageia","-90.312021","-0.744394","Ecuador","Isla Santa Cruz",NA,"50c9509d-22c7-4a22-a47d-8c48425ef4a7",9.86e+08
"Opuntia galapageia Hensl.","Opuntia","galapageia","-91.135302","-0.829237","Ecuador","Isla Isabela",NA,"50c9509d-22c7-4a22-a47d-8c48425ef4a7",1.78e+13
"Opuntia galapageia Hensl.","Opuntia","galapageia","-90.30315","-0.741541","Ecuador","Isla Santa Cruz",NA,"50c9509d-22c7-4a22-a47d-8c48425ef4a7",9.86e+08
"Opuntia galapageia Hensl.","Opuntia","galapageia","-90.268678","-0.444678","Ecuador","Bar Cafetería Baltra",NA,"50c9509d-22c7-4a22-a47d-8c48425ef4a7",1.78e+13
"Opuntia galapageia Hensl.","Opuntia","galapageia","-90.304092","-0.742037","Ecuador","Isla Santa Cruz",NA,"50c9509d-22c7-4a22-a47d-8c48425ef4a7",9.86e+08
"Opuntia galapageia Hensl.","Opuntia","galapageia","-90.303558","-0.740933","Ecuador","Isla Santa Cruz",NA,"50c9509d-22c7-4a22-a47d-8c48425ef4a7",9.86e+08
"Opuntia galapageia Hensl.","Opuntia","galapageia","-91.166697","-1.046117","Ecuador","Los Tuneles",NA,"50c9509d-22c7-4a22-a47d-8c48425ef4a7",1.78e+13
"Opuntia galapageia Hensl.","Opuntia","galapageia","-91.166711","-1.045803","Ecuador","Los Tuneles",NA,"50c9509d-22c7-4a22-a47d-8c48425ef4a7",1.78e+13
"Opuntia galapageia Hensl.","Opuntia","galapageia","-91.166795","-1.045803","Ecuador","Los Tuneles",NA,"50c9509d-22c7-4a22-a47d-8c48425ef4a7",1.78e+13
"Opuntia galapageia Hensl.","Opuntia","galapageia","-91.1669","-1.0462","Ecuador","Los Tuneles",NA,"50c9509d-22c7-4a22-a47d-8c48425ef4a7",1.78e+13
"Opuntia galapageia Hensl.","Opuntia","galapageia","-91.1669","-1.0462","Ecuador","Los Tuneles",NA,"50c9509d-22c7-4a22-a47d-8c48425ef4a7",1.78e+13
"Opuntia galapageia Hensl.","Opuntia","galapageia","-91.1669","-1.0462","Ecuador","Los Tuneles",NA,"50c9509d-22c7-4a22-a47d-8c48425ef4a7",1.78e+13
"Opuntia galapageia Hensl.","Opuntia","galapageia","-91.1669","-1.0462","Ecuador","Los Tuneles",NA,"50c9509d-22c7-4a22-a47d-8c48425ef4a7",1.78e+13
"Opuntia galapageia Hensl.","Opuntia","galapageia","-90.292789","-0.396727","Ecuador","Isla North Seymore",NA,"50c9509d-22c7-4a22-a47d-8c48425ef4a7",1.78e+13
"Opuntia galapageia Hensl.","Opuntia","galapageia","-90.292875","-0.397199","Ecuador","Isla North Seymore",NA,"50c9509d-22c7-4a22-a47d-8c48425ef4a7",1.78e+13
"Opuntia galapageia Hensl.","Opuntia","galapageia","-90.290542","-0.39927","Ecuador","Isla North Seymore",NA,"50c9509d-22c7-4a22-a47d-8c48425ef4a7",1.78e+13
"Opuntia galapageia Hensl.","Opuntia","galapageia","-90.323029","-0.739342","Ecuador","Isla Santa Cruz",NA,"50c9509d-22c7-4a22-a47d-8c48425ef4a7",9.86e+08
"Opuntia galapageia Hensl.","Opuntia","galapageia","-89.61068","-0.892313","Ecuador","Isla San Cristobal",NA,"50c9509d-22c7-4a22-a47d-8c48425ef4a7",5.58e+08
"Opuntia galapageia Hensl.","Opuntia","galapageia","-89.615478","-0.908183","Ecuador","Isla San Cristobal",NA,"50c9509d-22c7-4a22-a47d-8c48425ef4a7",5.58e+08
"Opuntia galapageia Hensl.","Opuntia","galapageia","-90.48838","-1.271728","Ecuador","Isla Santa Maria",NA,"50c9509d-22c7-4a22-a47d-8c48425ef4a7",1.78e+13
"Opuntia galapageia Hensl.","Opuntia","galapageia","-90.487412","-1.265737","Ecuador","Isla Santa Maria",NA,"50c9509d-22c7-4a22-a47d-8c48425ef4a7",1.78e+13
"Opuntia galapageia Hensl.","Opuntia","galapageia","-90.487525","-1.26565","Ecuador","Isla Santa Maria",NA,"50c9509d-22c7-4a22-a47d-8c48425ef4a7",1.78e+13
"Opuntia galapageia Hensl.","Opuntia","galapageia","-90.488245","-0.526873","Ecuador","Sendero Cerro Dragón",NA,"50c9509d-22c7-4a22-a47d-8c48425ef4a7",1.78e+13
"Opuntia galapageia Hensl.","Opuntia","galapageia","-90.48563","-0.529814","Ecuador","Isla Santa Cruz",NA,"50c9509d-22c7-4a22-a47d-8c48425ef4a7",9.86e+08
"Opuntia galapageia Hensl.","Opuntia","galapageia","-90.484414","-0.530473","Ecuador","Isla Santa Cruz",NA,"50c9509d-22c7-4a22-a47d-8c48425ef4a7",9.86e+08
"Opuntia galapageia Hensl.","Opuntia","galapageia","-90.487775","-0.527196","Ecuador","Sendero Cerro Dragón",NA,"50c9509d-22c7-4a22-a47d-8c48425ef4a7",1.78e+13
"Opuntia galapageia Hensl.","Opuntia","galapageia","-90.313528","-0.747664","Ecuador","Isla Santa Cruz",NA,"50c9509d-22c7-4a22-a47d-8c48425ef4a7",9.86e+08
"Opuntia galapageia Hensl.","Opuntia","galapageia","-90.164912","-0.582651","Ecuador","Isla Plaza Sur",NA,"50c9509d-22c7-4a22-a47d-8c48425ef4a7",1.78e+13
"Opuntia galapageia Hensl.","Opuntia","galapageia","-90.164912","-0.582651","Ecuador","Isla Plaza Sur",NA,"50c9509d-22c7-4a22-a47d-8c48425ef4a7",1.78e+13
"Opuntia galapageia Hensl.","Opuntia","galapageia","-90.164912","-0.582651","Ecuador","Isla Plaza Sur",NA,"50c9509d-22c7-4a22-a47d-8c48425ef4a7",1.78e+13
"Opuntia galapageia Hensl.","Opuntia","galapageia","-90.163245","-0.577588","Ecuador","Isla Plaza Norte",NA,"50c9509d-22c7-4a22-a47d-8c48425ef4a7",250000
"Opuntia galapageia Hensl.","Opuntia","galapageia","-90.165159","-0.583713","Ecuador","Isla Plaza Sur",NA,"50c9509d-22c7-4a22-a47d-8c48425ef4a7",1.78e+13
"Opuntia galapageia Hensl.","Opuntia","galapageia","-90.165159","-0.583713","Ecuador","Isla Plaza Sur",NA,"50c9509d-22c7-4a22-a47d-8c48425ef4a7",1.78e+13
"Opuntia galapageia Hensl.","Opuntia","galapageia","-90.165159","-0.583713","Ecuador","Isla Plaza Sur",NA,"50c9509d-22c7-4a22-a47d-8c48425ef4a7",1.78e+13
"Opuntia galapageia Hensl.","Opuntia","galapageia","-90.165159","-0.583713","Ecuador","Isla Plaza Sur",NA,"50c9509d-22c7-4a22-a47d-8c48425ef4a7",1.78e+13
"Opuntia galapageia Hensl.","Opuntia","galapageia","-90.163657","-0.584067","Ecuador",NA,NA,"50c9509d-22c7-4a22-a47d-8c48425ef4a7",1.78e+13
"Opuntia galapageia Hensl.","Opuntia","galapageia","-90.164312","-0.583938","Ecuador",NA,NA,"50c9509d-22c7-4a22-a47d-8c48425ef4a7",1.78e+13
"Opuntia galapageia Hensl.","Opuntia","galapageia","-90.311802","-0.745753","Ecuador","Isla Santa Cruz",NA,"50c9509d-22c7-4a22-a47d-8c48425ef4a7",9.86e+08
"Opuntia galapageia Hensl.","Opuntia","galapageia","-91.135302","-0.829167","Ecuador","Isla Isabela",NA,"50c9509d-22c7-4a22-a47d-8c48425ef4a7",1.78e+13
"Opuntia galapageia Hensl.","Opuntia","galapageia","-90.305704","-0.742403","Ecuador","Isla Santa Cruz",NA,"50c9509d-22c7-4a22-a47d-8c48425ef4a7",9.86e+08
"Opuntia galapageia Hensl.","Opuntia","galapageia","-91.101","-0.7754","Ecuador","Isla Isabela",NA,"50c9509d-22c7-4a22-a47d-8c48425ef4a7",1.78e+13
"Opuntia galapageia Hensl.","Opuntia","galapageia","-90.588333","-0.3678","Ecuador","Isla Sombrero Chino",NA,"50c9509d-22c7-4a22-a47d-8c48425ef4a7",1.78e+13
"Opuntia galapageia Hensl.","Opuntia","galapageia","-90.3116","-0.753622","Ecuador","Isla Santa Cruz",NA,"50c9509d-22c7-4a22-a47d-8c48425ef4a7",9.86e+08
"Opuntia galapageia Hensl.","Opuntia","galapageia","-89.609154","-0.895641","Ecuador","Isla San Cristobal",NA,"50c9509d-22c7-4a22-a47d-8c48425ef4a7",5.58e+08
"Opuntia galapageia Hensl.","Opuntia","galapageia","-89.609048","-0.895761","Ecuador","Isla San Cristobal",NA,"50c9509d-22c7-4a22-a47d-8c48425ef4a7",5.58e+08
"Opuntia galapageia Hensl.","Opuntia","galapageia","-89.60896","-0.895694","Ecuador","Isla San Cristobal",NA,"50c9509d-22c7-4a22-a47d-8c48425ef4a7",5.58e+08
"Opuntia galapageia Hensl.","Opuntia","galapageia","-89.608986","-0.895674","Ecuador","Isla San Cristobal",NA,"50c9509d-22c7-4a22-a47d-8c48425ef4a7",5.58e+08
"Opuntia galapageia Hensl.","Opuntia","galapageia","-89.608959","-0.89566","Ecuador","Isla San Cristobal",NA,"50c9509d-22c7-4a22-a47d-8c48425ef4a7",5.58e+08
"Opuntia galapageia Hensl.","Opuntia","galapageia","-89.609029","-0.895843","Ecuador","Isla San Cristobal",NA,"50c9509d-22c7-4a22-a47d-8c48425ef4a7",5.58e+08
"Opuntia galapageia Hensl.","Opuntia","galapageia","-89.608823","-0.895868","Ecuador","Isla San Cristobal",NA,"50c9509d-22c7-4a22-a47d-8c48425ef4a7",5.58e+08
"Opuntia galapageia Hensl.","Opuntia","galapageia","-89.608967","-0.895646","Ecuador","Isla San Cristobal",NA,"50c9509d-22c7-4a22-a47d-8c48425ef4a7",5.58e+08
"Opuntia galapageia Hensl.","Opuntia","galapageia","-89.351417","-0.824062","Ecuador","Isla San Cristobal",NA,"50c9509d-22c7-4a22-a47d-8c48425ef4a7",5.58e+08
"Opuntia galapageia Hensl.","Opuntia","galapageia","-89.610843","-0.900589","Ecuador","Isla San Cristobal",NA,"50c9509d-22c7-4a22-a47d-8c48425ef4a7",5.58e+08
"Opuntia galapageia Hensl.","Opuntia","galapageia","-89.610592","-0.900588","Ecuador","Isla San Cristobal",NA,"50c9509d-22c7-4a22-a47d-8c48425ef4a7",5.58e+08
"Opuntia galapageia Hensl.","Opuntia","galapageia","-89.430083","-0.924663","Ecuador","Isla San Cristobal",NA,"50c9509d-22c7-4a22-a47d-8c48425ef4a7",5.58e+08
"Opuntia galapageia Hensl.","Opuntia","galapageia","-89.4301","-0.923687","Ecuador","Isla San Cristobal",NA,"50c9509d-22c7-4a22-a47d-8c48425ef4a7",5.58e+08
"Opuntia galapageia Hensl.","Opuntia","galapageia","-89.609154","-0.889695","Ecuador","Tijeretas",NA,"50c9509d-22c7-4a22-a47d-8c48425ef4a7",1.78e+13
"Opuntia galapageia Hensl.","Opuntia","galapageia","-90.165192","-0.583772","Ecuador","Isla Plaza Sur",NA,"50c9509d-22c7-4a22-a47d-8c48425ef4a7",1.78e+13
"Opuntia galapageia Hensl.","Opuntia","galapageia","-90.269203","-0.444903","Ecuador","Bar Cafetería Baltra",NA,"50c9509d-22c7-4a22-a47d-8c48425ef4a7",1.78e+13
"Opuntia galapageia Hensl.","Opuntia","galapageia","-89.6096","-0.893693","Ecuador","Isla San Cristobal",NA,"50c9509d-22c7-4a22-a47d-8c48425ef4a7",5.58e+08
"Opuntia galapageia Hensl.","Opuntia","galapageia","-89.609345","-0.893545","Ecuador","Isla San Cristobal",NA,"50c9509d-22c7-4a22-a47d-8c48425ef4a7",5.58e+08
"Opuntia galapageia Hensl.","Opuntia","galapageia","-91.166962","-1.04618","Ecuador","Los Tuneles",NA,"50c9509d-22c7-4a22-a47d-8c48425ef4a7",1.78e+13
"Opuntia galapageia Hensl.","Opuntia","galapageia","-89.949257","0.318752","Ecuador","Playa Darwin",NA,"50c9509d-22c7-4a22-a47d-8c48425ef4a7",1.78e+13
"Opuntia galapageia Hensl.","Opuntia","galapageia","-90.303292","-0.741233","Ecuador","Isla Santa Cruz",NA,"50c9509d-22c7-4a22-a47d-8c48425ef4a7",9.86e+08
"Opuntia galapageia Hensl.","Opuntia","galapageia","-90.32518","-0.752653","Ecuador","Isla Santa Cruz",NA,"50c9509d-22c7-4a22-a47d-8c48425ef4a7",9.86e+08
"Opuntia cochenillifera (L.) Mill.","Opuntia","cochenillifera","-90.966226","-0.954806","Ecuador","Isla Isabela",NA,"50c9509d-22c7-4a22-a47d-8c48425ef4a7",1.78e+13
"Opuntia galapageia Hensl.","Opuntia","galapageia","-90.313423","-0.747121","Ecuador","Isla Santa Cruz",NA,"50c9509d-22c7-4a22-a47d-8c48425ef4a7",9.86e+08
"Opuntia galapageia Hensl.","Opuntia","galapageia","-90.349649","-0.533145","Ecuador","Isla Santa Cruz",NA,"50c9509d-22c7-4a22-a47d-8c48425ef4a7",9.86e+08
"Opuntia galapageia Hensl.","Opuntia","galapageia","-90.488054","-0.526164","Ecuador","Sendero Cerro Dragón",NA,"50c9509d-22c7-4a22-a47d-8c48425ef4a7",1.78e+13
"Opuntia galapageia Hensl.","Opuntia","galapageia","-90.324742","-0.752146","Ecuador","Isla Santa Cruz",NA,"50c9509d-22c7-4a22-a47d-8c48425ef4a7",9.86e+08
"Opuntia galapageia Hensl.","Opuntia","galapageia","-90.312039","-0.744171","Ecuador","Isla Santa Cruz",NA,"50c9509d-22c7-4a22-a47d-8c48425ef4a7",9.86e+08
"Opuntia galapageia Hensl.","Opuntia","galapageia","-89.612633","-0.903319","Ecuador","Isla San Cristobal",NA,"50c9509d-22c7-4a22-a47d-8c48425ef4a7",5.58e+08
"Opuntia galapageia Hensl.","Opuntia","galapageia","-90.99081","-0.959505","Ecuador","Isla Isabela",NA,"50c9509d-22c7-4a22-a47d-8c48425ef4a7",1.78e+13
"Opuntia galapageia Hensl.","Opuntia","galapageia","-90.485778","-0.529337","Ecuador","Isla Santa Cruz",NA,"50c9509d-22c7-4a22-a47d-8c48425ef4a7",9.86e+08
"Opuntia galapageia Hensl.","Opuntia","galapageia","-90.485778","-0.529337","Ecuador","Isla Santa Cruz",NA,"50c9509d-22c7-4a22-a47d-8c48425ef4a7",9.86e+08
"Opuntia galapageia Hensl.","Opuntia","galapageia","-90.485778","-0.529337","Ecuador","Isla Santa Cruz",NA,"50c9509d-22c7-4a22-a47d-8c48425ef4a7",9.86e+08
"Opuntia galapageia Hensl.","Opuntia","galapageia","-89.612911","-0.907371","Ecuador","Isla San Cristobal",NA,"50c9509d-22c7-4a22-a47d-8c48425ef4a7",5.58e+08
"Opuntia galapageia Hensl.","Opuntia","galapageia","-89.609119","-0.893556","Ecuador","Isla San Cristobal",NA,"50c9509d-22c7-4a22-a47d-8c48425ef4a7",5.58e+08
"Opuntia galapageia Hensl.","Opuntia","galapageia","-89.609264","-0.893561","Ecuador","Isla San Cristobal",NA,"50c9509d-22c7-4a22-a47d-8c48425ef4a7",5.58e+08
"Opuntia galapageia Hensl.","Opuntia","galapageia","-89.609294","-0.893544","Ecuador","Isla San Cristobal",NA,"50c9509d-22c7-4a22-a47d-8c48425ef4a7",5.58e+08
"Opuntia galapageia Hensl.","Opuntia","galapageia","-90.164744","-0.582517","Ecuador","Isla Plaza Sur",NA,"50c9509d-22c7-4a22-a47d-8c48425ef4a7",1.78e+13
"Opuntia galapageia Hensl.","Opuntia","galapageia","-90.164781","-0.582617","Ecuador","Isla Plaza Sur",NA,"50c9509d-22c7-4a22-a47d-8c48425ef4a7",1.78e+13
"Opuntia galapageia Hensl.","Opuntia","galapageia","-90.3056","-0.741778","Ecuador","Isla Santa Cruz",NA,"50c9509d-22c7-4a22-a47d-8c48425ef4a7",9.86e+08
"Opuntia galapageia Hensl.","Opuntia","galapageia","-90.305594","-0.741733","Ecuador","Isla Santa Cruz",NA,"50c9509d-22c7-4a22-a47d-8c48425ef4a7",9.86e+08
"Opuntia galapageia Hensl.","Opuntia","galapageia","-90.303669","-0.740914","Ecuador","Isla Santa Cruz",NA,"50c9509d-22c7-4a22-a47d-8c48425ef4a7",9.86e+08
"Opuntia galapageia Hensl.","Opuntia","galapageia","-90.32675","-0.736125","Ecuador","Isla Santa Cruz",NA,"50c9509d-22c7-4a22-a47d-8c48425ef4a7",9.86e+08
"Opuntia galapageia Hensl.","Opuntia","galapageia","-91.100314","-0.783908","Ecuador","Isla Isabela",NA,"50c9509d-22c7-4a22-a47d-8c48425ef4a7",1.78e+13
"Opuntia galapageia Hensl.","Opuntia","galapageia","-91.334786","-0.721706","Ecuador","Isla Isabela",NA,"50c9509d-22c7-4a22-a47d-8c48425ef4a7",1.78e+13
"Opuntia galapageia Hensl.","Opuntia","galapageia","-90.865808","-0.243817","Ecuador","Puerto Egas",NA,"50c9509d-22c7-4a22-a47d-8c48425ef4a7",1.78e+13
"Opuntia galapageia Hensl.","Opuntia","galapageia","-90.707733","-0.399744","Ecuador","No name (flamingos)",NA,"50c9509d-22c7-4a22-a47d-8c48425ef4a7",1.78e+13
"Opuntia galapageia Hensl.","Opuntia","galapageia","-90.706756","-0.400206","Ecuador","No name (flamingos)",NA,"50c9509d-22c7-4a22-a47d-8c48425ef4a7",1.78e+13
"Opuntia galapageia Hensl.","Opuntia","galapageia","-90.705611","-0.399194","Ecuador","No name (flamingos)",NA,"50c9509d-22c7-4a22-a47d-8c48425ef4a7",1.78e+13
"Opuntia galapageia Hensl.","Opuntia","galapageia","-90.372911","-0.425814","Ecuador","Daphne Mayor",NA,"50c9509d-22c7-4a22-a47d-8c48425ef4a7",1.78e+13
"Opuntia galapageia Hensl.","Opuntia","galapageia","-91.333582","-0.718302","Ecuador","Isla Isabela",NA,"50c9509d-22c7-4a22-a47d-8c48425ef4a7",1.78e+13
"Opuntia galapageia Hensl.","Opuntia","galapageia","-90.162814","-0.583642","Ecuador",NA,NA,"50c9509d-22c7-4a22-a47d-8c48425ef4a7",1.78e+13
"Opuntia galapageia Hensl.","Opuntia","galapageia","-90.162814","-0.583642","Ecuador",NA,NA,"50c9509d-22c7-4a22-a47d-8c48425ef4a7",1.78e+13
"Opuntia galapageia Hensl.","Opuntia","galapageia","-89.611767","-0.901625","Ecuador","Isla San Cristobal",NA,"50c9509d-22c7-4a22-a47d-8c48425ef4a7",5.58e+08
"Opuntia galapageia Hensl.","Opuntia","galapageia","-89.350989","-0.824783","Ecuador","Isla San Cristobal",NA,"50c9509d-22c7-4a22-a47d-8c48425ef4a7",5.58e+08
"Opuntia galapageia Hensl.","Opuntia","galapageia","-89.43","-0.924097","Ecuador","Isla San Cristobal",NA,"50c9509d-22c7-4a22-a47d-8c48425ef4a7",5.58e+08
"Opuntia galapageia Hensl.","Opuntia","galapageia","-89.430064","-0.924706","Ecuador","Isla San Cristobal",NA,"50c9509d-22c7-4a22-a47d-8c48425ef4a7",5.58e+08
"Opuntia galapageia Hensl.","Opuntia","galapageia","-90.313435","-0.754944","Ecuador","Isla Santa Cruz",NA,"50c9509d-22c7-4a22-a47d-8c48425ef4a7",9.86e+08
"Opuntia galapageia Hensl.","Opuntia","galapageia","-90.319627","-0.746233","Ecuador","Isla Santa Cruz",NA,"50c9509d-22c7-4a22-a47d-8c48425ef4a7",9.86e+08
"Opuntia galapageia Hensl.","Opuntia","galapageia","-90.304817","-0.741992","Ecuador","Isla Santa Cruz",NA,"50c9509d-22c7-4a22-a47d-8c48425ef4a7",9.86e+08
"Opuntia galapageia Hensl.","Opuntia","galapageia","-90.222458","-0.690405","Ecuador","Isla Santa Cruz",NA,"50c9509d-22c7-4a22-a47d-8c48425ef4a7",9.86e+08
"Opuntia galapageia Hensl.","Opuntia","galapageia","-90.163869","-0.584059","Ecuador",NA,NA,"50c9509d-22c7-4a22-a47d-8c48425ef4a7",1.78e+13
"Opuntia galapageia Hensl.","Opuntia","galapageia","-90.164522","-0.583032","Ecuador","Isla Plaza Sur",NA,"50c9509d-22c7-4a22-a47d-8c48425ef4a7",1.78e+13
"Opuntia galapageia Hensl.","Opuntia","galapageia","-90.312042","-0.7442","Ecuador","Isla Santa Cruz",NA,"50c9509d-22c7-4a22-a47d-8c48425ef4a7",9.86e+08
"Opuntia galapageia Hensl.","Opuntia","galapageia","-90.341478","-0.493328","Ecuador","Caleta Tortuga Negra",NA,"50c9509d-22c7-4a22-a47d-8c48425ef4a7",1.78e+13
"Opuntia galapageia Hensl.","Opuntia","galapageia","-90.303353","-0.74108","Ecuador","Isla Santa Cruz",NA,"50c9509d-22c7-4a22-a47d-8c48425ef4a7",9.86e+08
"Opuntia galapageia Hensl.","Opuntia","galapageia","-90.987488","-0.957777","Ecuador","Isla Isabela",NA,"50c9509d-22c7-4a22-a47d-8c48425ef4a7",1.78e+13
"Opuntia galapageia Hensl.","Opuntia","galapageia","-90.28067","-0.484474","Ecuador",NA,NA,"50c9509d-22c7-4a22-a47d-8c48425ef4a7",1.78e+13
"Opuntia galapageia Hensl.","Opuntia","galapageia","-90.28067","-0.484474","Ecuador",NA,NA,"50c9509d-22c7-4a22-a47d-8c48425ef4a7",1.78e+13
"Opuntia galapageia Hensl.","Opuntia","galapageia","-90.329053","-0.757258","Ecuador","Isla Santa Cruz",NA,"50c9509d-22c7-4a22-a47d-8c48425ef4a7",9.86e+08
"Opuntia galapageia Hensl.","Opuntia","galapageia","-90.305456","-0.742226","Ecuador","Isla Santa Cruz",NA,"50c9509d-22c7-4a22-a47d-8c48425ef4a7",9.86e+08
"Opuntia galapageia Hensl.","Opuntia","galapageia","-90.30848","-0.746896","Ecuador","Isla Santa Cruz",NA,"50c9509d-22c7-4a22-a47d-8c48425ef4a7",9.86e+08
"Opuntia galapageia Hensl.","Opuntia","galapageia","-90.338784","-0.492842","Ecuador","Caleta Tortuga Negra",NA,"50c9509d-22c7-4a22-a47d-8c48425ef4a7",1.78e+13
"Opuntia galapageia Hensl.","Opuntia","galapageia","-90.338784","-0.492842","Ecuador","Caleta Tortuga Negra",NA,"50c9509d-22c7-4a22-a47d-8c48425ef4a7",1.78e+13
"Opuntia galapageia Hensl.","Opuntia","galapageia","-91.127347","-0.775394","Ecuador","Isla Isabela",NA,"50c9509d-22c7-4a22-a47d-8c48425ef4a7",1.78e+13
"Opuntia galapageia Hensl.","Opuntia","galapageia","-90.270603","-0.443885","Ecuador","Vía Aeropuerto",NA,"50c9509d-22c7-4a22-a47d-8c48425ef4a7",1.78e+13
"Opuntia galapageia Hensl.","Opuntia","galapageia","-90.311508","-0.752103","Ecuador","Isla Santa Cruz",NA,"50c9509d-22c7-4a22-a47d-8c48425ef4a7",9.86e+08
"Opuntia galapageia Hensl.","Opuntia","galapageia","-90.304912","-0.742159","Ecuador","Isla Santa Cruz",NA,"50c9509d-22c7-4a22-a47d-8c48425ef4a7",9.86e+08
"Opuntia galapageia Hensl.","Opuntia","galapageia","-90.337189","-0.639359","Ecuador","Isla Santa Cruz",NA,"50c9509d-22c7-4a22-a47d-8c48425ef4a7",9.86e+08
"Opuntia galapageia Hensl.","Opuntia","galapageia","-90.314195","-0.755337","Ecuador","Isla Santa Cruz",NA,"50c9509d-22c7-4a22-a47d-8c48425ef4a7",9.86e+08
"Opuntia galapageia Hensl.","Opuntia","galapageia","-90.303336","-0.741347","Ecuador","Isla Santa Cruz",NA,"50c9509d-22c7-4a22-a47d-8c48425ef4a7",9.86e+08
"Opuntia galapageia Hensl.","Opuntia","galapageia","-90.341132","-0.76272","Ecuador","Isla Santa Cruz",NA,"50c9509d-22c7-4a22-a47d-8c48425ef4a7",9.86e+08
"Opuntia galapageia Hensl.","Opuntia","galapageia","-90.341132","-0.76272","Ecuador","Isla Santa Cruz",NA,"50c9509d-22c7-4a22-a47d-8c48425ef4a7",9.86e+08
"Opuntia galapageia Hensl.","Opuntia","galapageia","-90.341132","-0.76272","Ecuador","Isla Santa Cruz",NA,"50c9509d-22c7-4a22-a47d-8c48425ef4a7",9.86e+08
"Opuntia galapageia Hensl.","Opuntia","galapageia","-90.963397","-0.955737","Ecuador","Isla Isabela",NA,"50c9509d-22c7-4a22-a47d-8c48425ef4a7",1.78e+13
"Opuntia cochenillifera (L.) Mill.","Opuntia","cochenillifera","-90.96361","-0.955607","Ecuador","Isla Isabela",NA,"50c9509d-22c7-4a22-a47d-8c48425ef4a7",1.78e+13
"Opuntia galapageia Hensl.","Opuntia","galapageia","-89.439102","-0.918198","Ecuador","Isla San Cristobal",NA,"50c9509d-22c7-4a22-a47d-8c48425ef4a7",5.58e+08
"Opuntia galapageia Hensl.","Opuntia","galapageia","-89.430405","-0.922337","Ecuador","Isla San Cristobal",NA,"50c9509d-22c7-4a22-a47d-8c48425ef4a7",5.58e+08
"Opuntia galapageia Hensl.","Opuntia","galapageia","-89.431612","-0.921572","Ecuador","Isla San Cristobal",NA,"50c9509d-22c7-4a22-a47d-8c48425ef4a7",5.58e+08
"Opuntia galapageia Hensl.","Opuntia","galapageia","-90.164305","-0.583497","Ecuador",NA,NA,"50c9509d-22c7-4a22-a47d-8c48425ef4a7",1.78e+13
"Opuntia galapageia Hensl.","Opuntia","galapageia","-90.163886","-0.584067","Ecuador",NA,NA,"50c9509d-22c7-4a22-a47d-8c48425ef4a7",1.78e+13
"Opuntia galapageia Hensl.","Opuntia","galapageia","-90.164833","-0.5827","Ecuador","Isla Plaza Sur",NA,"50c9509d-22c7-4a22-a47d-8c48425ef4a7",1.78e+13
"Opuntia galapageia Hensl.","Opuntia","galapageia","-90.964037","-0.956922","Ecuador","Isla Isabela",NA,"50c9509d-22c7-4a22-a47d-8c48425ef4a7",1.78e+13
"Opuntia galapageia Hensl.","Opuntia","galapageia","-91.098075","-0.787908","Ecuador","Isla Isabela",NA,"50c9509d-22c7-4a22-a47d-8c48425ef4a7",1.78e+13
"Opuntia galapageia Hensl.","Opuntia","galapageia","-89.609182","-0.895611","Ecuador","Isla San Cristobal",NA,"50c9509d-22c7-4a22-a47d-8c48425ef4a7",5.58e+08
"Opuntia galapageia Hensl.","Opuntia","galapageia","-89.624768","-0.916818","Ecuador","Isla San Cristobal",NA,"50c9509d-22c7-4a22-a47d-8c48425ef4a7",5.58e+08
"Opuntia galapageia Hensl.","Opuntia","galapageia","-89.611358","-0.900922","Ecuador","Isla San Cristobal",NA,"50c9509d-22c7-4a22-a47d-8c48425ef4a7",5.58e+08
"Opuntia galapageia Hensl.","Opuntia","galapageia","-89.611415","-0.900984","Ecuador","Isla San Cristobal",NA,"50c9509d-22c7-4a22-a47d-8c48425ef4a7",5.58e+08
"Opuntia galapageia Hensl.","Opuntia","galapageia","-90.311837","-0.753263","Ecuador","Isla Santa Cruz",NA,"50c9509d-22c7-4a22-a47d-8c48425ef4a7",9.86e+08
"Opuntia galapageia Hensl.","Opuntia","galapageia","-90.992042","-0.959003","Ecuador","Isla Isabela",NA,"50c9509d-22c7-4a22-a47d-8c48425ef4a7",1.78e+13
"Opuntia galapageia Hensl.","Opuntia","galapageia","-90.268647","-0.444678","Ecuador","Bar Cafetería Baltra",NA,"50c9509d-22c7-4a22-a47d-8c48425ef4a7",1.78e+13
"Opuntia galapageia Hensl.","Opuntia","galapageia","-90.322118","-0.738143","Ecuador","Isla Santa Cruz",NA,"50c9509d-22c7-4a22-a47d-8c48425ef4a7",9.86e+08
"Opuntia galapageia Hensl.","Opuntia","galapageia","-90.32016","-0.738028","Ecuador","Isla Santa Cruz",NA,"50c9509d-22c7-4a22-a47d-8c48425ef4a7",9.86e+08
"Opuntia galapageia Hensl.","Opuntia","galapageia","-90.312685","-0.743753","Ecuador","Isla Santa Cruz",NA,"50c9509d-22c7-4a22-a47d-8c48425ef4a7",9.86e+08
"Opuntia galapageia Hensl.","Opuntia","galapageia","-90.31207","-0.737701","Ecuador","Isla Santa Cruz",NA,"50c9509d-22c7-4a22-a47d-8c48425ef4a7",9.86e+08
"Opuntia galapageia Hensl.","Opuntia","galapageia","-90.311174","-0.740343","Ecuador","Isla Santa Cruz",NA,"50c9509d-22c7-4a22-a47d-8c48425ef4a7",9.86e+08
"Opuntia galapageia Hensl.","Opuntia","galapageia","-90.309824","-0.739604","Ecuador","Isla Santa Cruz",NA,"50c9509d-22c7-4a22-a47d-8c48425ef4a7",9.86e+08
"Opuntia galapageia Hensl.","Opuntia","galapageia","-90.313536","-0.743943","Ecuador","Isla Santa Cruz",NA,"50c9509d-22c7-4a22-a47d-8c48425ef4a7",9.86e+08
"Opuntia galapageia Hensl.","Opuntia","galapageia","-90.309235","-0.737046","Ecuador","Isla Santa Cruz",NA,"50c9509d-22c7-4a22-a47d-8c48425ef4a7",9.86e+08
"Opuntia galapageia Hensl.","Opuntia","galapageia","-90.308525","-0.733826","Ecuador","Isla Santa Cruz",NA,"50c9509d-22c7-4a22-a47d-8c48425ef4a7",9.86e+08
"Opuntia galapageia Hensl.","Opuntia","galapageia","-90.308634","-0.73393","Ecuador","Isla Santa Cruz",NA,"50c9509d-22c7-4a22-a47d-8c48425ef4a7",9.86e+08
"Opuntia galapageia Hensl.","Opuntia","galapageia","-90.308691","-0.734114","Ecuador","Isla Santa Cruz",NA,"50c9509d-22c7-4a22-a47d-8c48425ef4a7",9.86e+08
"Opuntia galapageia Hensl.","Opuntia","galapageia","-90.32505","-0.752477","Ecuador","Isla Santa Cruz",NA,"50c9509d-22c7-4a22-a47d-8c48425ef4a7",9.86e+08
"Opuntia galapageia Hensl.","Opuntia","galapageia","-90.311258","-0.736133","Ecuador","Isla Santa Cruz",NA,"50c9509d-22c7-4a22-a47d-8c48425ef4a7",9.86e+08
"Opuntia galapageia Hensl.","Opuntia","galapageia","-90.31991","-0.746655","Ecuador","Isla Santa Cruz",NA,"50c9509d-22c7-4a22-a47d-8c48425ef4a7",9.86e+08
"Opuntia galapageia Hensl.","Opuntia","galapageia","-90.321158","-0.748181","Ecuador","Isla Santa Cruz",NA,"50c9509d-22c7-4a22-a47d-8c48425ef4a7",9.86e+08
"Opuntia galapageia Hensl.","Opuntia","galapageia","-90.321306","-0.748275","Ecuador","Isla Santa Cruz",NA,"50c9509d-22c7-4a22-a47d-8c48425ef4a7",9.86e+08
"Opuntia galapageia Hensl.","Opuntia","galapageia","-90.321606","-0.748613","Ecuador","Isla Santa Cruz",NA,"50c9509d-22c7-4a22-a47d-8c48425ef4a7",9.86e+08
"Opuntia galapageia Hensl.","Opuntia","galapageia","-90.321939","-0.74896","Ecuador","Isla Santa Cruz",NA,"50c9509d-22c7-4a22-a47d-8c48425ef4a7",9.86e+08
"Opuntia galapageia Hensl.","Opuntia","galapageia","-90.321702","-0.748634","Ecuador","Isla Santa Cruz",NA,"50c9509d-22c7-4a22-a47d-8c48425ef4a7",9.86e+08
"Opuntia galapageia Hensl.","Opuntia","galapageia","-90.323283","-0.750443","Ecuador","Isla Santa Cruz",NA,"50c9509d-22c7-4a22-a47d-8c48425ef4a7",9.86e+08
"Opuntia galapageia Hensl.","Opuntia","galapageia","-90.32496","-0.752319","Ecuador","Isla Santa Cruz",NA,"50c9509d-22c7-4a22-a47d-8c48425ef4a7",9.86e+08
"Opuntia galapageia Hensl.","Opuntia","galapageia","-90.32496","-0.752319","Ecuador","Isla Santa Cruz",NA,"50c9509d-22c7-4a22-a47d-8c48425ef4a7",9.86e+08
"Opuntia galapageia Hensl.","Opuntia","galapageia","-90.329242","-0.757084","Ecuador","Isla Santa Cruz",NA,"50c9509d-22c7-4a22-a47d-8c48425ef4a7",9.86e+08
"Opuntia galapageia Hensl.","Opuntia","galapageia","-90.325766","-0.753204","Ecuador","Isla Santa Cruz",NA,"50c9509d-22c7-4a22-a47d-8c48425ef4a7",9.86e+08
"Opuntia galapageia Hensl.","Opuntia","galapageia","-90.325766","-0.753204","Ecuador","Isla Santa Cruz",NA,"50c9509d-22c7-4a22-a47d-8c48425ef4a7",9.86e+08
"Opuntia galapageia Hensl.","Opuntia","galapageia","-90.325594","-0.753045","Ecuador","Isla Santa Cruz",NA,"50c9509d-22c7-4a22-a47d-8c48425ef4a7",9.86e+08
"Opuntia galapageia Hensl.","Opuntia","galapageia","-90.325594","-0.753045","Ecuador","Isla Santa Cruz",NA,"50c9509d-22c7-4a22-a47d-8c48425ef4a7",9.86e+08
"Opuntia galapageia Hensl.","Opuntia","galapageia","-90.326285","-0.753925","Ecuador","Isla Santa Cruz",NA,"50c9509d-22c7-4a22-a47d-8c48425ef4a7",9.86e+08
"Opuntia galapageia Hensl.","Opuntia","galapageia","-90.327066","-0.754769","Ecuador","Isla Santa Cruz",NA,"50c9509d-22c7-4a22-a47d-8c48425ef4a7",9.86e+08
"Opuntia galapageia Hensl.","Opuntia","galapageia","-90.327066","-0.754769","Ecuador","Isla Santa Cruz",NA,"50c9509d-22c7-4a22-a47d-8c48425ef4a7",9.86e+08
"Opuntia galapageia Hensl.","Opuntia","galapageia","-90.328147","-0.755889","Ecuador","Isla Santa Cruz",NA,"50c9509d-22c7-4a22-a47d-8c48425ef4a7",9.86e+08
"Opuntia galapageia Hensl.","Opuntia","galapageia","-90.340851","-0.764642","Ecuador","Isla Santa Cruz",NA,"50c9509d-22c7-4a22-a47d-8c48425ef4a7",9.86e+08
"Opuntia galapageia Hensl.","Opuntia","galapageia","-90.340941","-0.764726","Ecuador","Isla Santa Cruz",NA,"50c9509d-22c7-4a22-a47d-8c48425ef4a7",9.86e+08
"Opuntia galapageia Hensl.","Opuntia","galapageia","-90.340858","-0.764682","Ecuador","Isla Santa Cruz",NA,"50c9509d-22c7-4a22-a47d-8c48425ef4a7",9.86e+08
"Opuntia galapageia Hensl.","Opuntia","galapageia","-90.341018","-0.764816","Ecuador","Isla Santa Cruz",NA,"50c9509d-22c7-4a22-a47d-8c48425ef4a7",9.86e+08
"Opuntia galapageia Hensl.","Opuntia","galapageia","-90.340858","-0.764643","Ecuador","Isla Santa Cruz",NA,"50c9509d-22c7-4a22-a47d-8c48425ef4a7",9.86e+08
"Opuntia galapageia Hensl.","Opuntia","galapageia","-90.340858","-0.764643","Ecuador","Isla Santa Cruz",NA,"50c9509d-22c7-4a22-a47d-8c48425ef4a7",9.86e+08
"Opuntia galapageia Hensl.","Opuntia","galapageia","-90.340512","-0.764446","Ecuador","Isla Santa Cruz",NA,"50c9509d-22c7-4a22-a47d-8c48425ef4a7",9.86e+08
"Opuntia galapageia Hensl.","Opuntia","galapageia","-90.340378","-0.764431","Ecuador","Isla Santa Cruz",NA,"50c9509d-22c7-4a22-a47d-8c48425ef4a7",9.86e+08
"Opuntia galapageia Hensl.","Opuntia","galapageia","-90.327827","-0.755524","Ecuador","Isla Santa Cruz",NA,"50c9509d-22c7-4a22-a47d-8c48425ef4a7",9.86e+08
"Opuntia galapageia Hensl.","Opuntia","galapageia","-90.330701","-0.758741","Ecuador","Isla Santa Cruz",NA,"50c9509d-22c7-4a22-a47d-8c48425ef4a7",9.86e+08
"Opuntia galapageia Hensl.","Opuntia","galapageia","-90.327482","-0.755233","Ecuador","Isla Santa Cruz",NA,"50c9509d-22c7-4a22-a47d-8c48425ef4a7",9.86e+08
"Opuntia galapageia Hensl.","Opuntia","galapageia","-90.327322","-0.755121","Ecuador","Isla Santa Cruz",NA,"50c9509d-22c7-4a22-a47d-8c48425ef4a7",9.86e+08
"Opuntia galapageia Hensl.","Opuntia","galapageia","-90.327322","-0.755121","Ecuador","Isla Santa Cruz",NA,"50c9509d-22c7-4a22-a47d-8c48425ef4a7",9.86e+08
"Opuntia galapageia Hensl.","Opuntia","galapageia","-90.326957","-0.754628","Ecuador","Isla Santa Cruz",NA,"50c9509d-22c7-4a22-a47d-8c48425ef4a7",9.86e+08
"Opuntia galapageia Hensl.","Opuntia","galapageia","-90.326675","-0.754296","Ecuador","Isla Santa Cruz",NA,"50c9509d-22c7-4a22-a47d-8c48425ef4a7",9.86e+08
"Opuntia galapageia Hensl.","Opuntia","galapageia","-90.326195","-0.753835","Ecuador","Isla Santa Cruz",NA,"50c9509d-22c7-4a22-a47d-8c48425ef4a7",9.86e+08
"Opuntia galapageia Hensl.","Opuntia","galapageia","-90.324115","-0.751478","Ecuador","Isla Santa Cruz",NA,"50c9509d-22c7-4a22-a47d-8c48425ef4a7",9.86e+08
"Opuntia galapageia Hensl.","Opuntia","galapageia","-90.320097","-0.746593","Ecuador","Isla Santa Cruz",NA,"50c9509d-22c7-4a22-a47d-8c48425ef4a7",9.86e+08
"Opuntia galapageia Hensl.","Opuntia","galapageia","-90.858927","-0.243042","Ecuador","Fábrica de sal",NA,"50c9509d-22c7-4a22-a47d-8c48425ef4a7",1.78e+13
"Opuntia galapageia Hensl.","Opuntia","galapageia","-90.160618","-0.584308","Ecuador",NA,NA,"50c9509d-22c7-4a22-a47d-8c48425ef4a7",1.78e+13
"Opuntia galapageia Hensl.","Opuntia","galapageia","-90.273946","-0.444229","Ecuador","Vía Aeropuerto",NA,"50c9509d-22c7-4a22-a47d-8c48425ef4a7",1.78e+13
"Opuntia galapageia Hensl.","Opuntia","galapageia","-90.269124","-0.444486","Ecuador","Bar Cafetería Baltra",NA,"50c9509d-22c7-4a22-a47d-8c48425ef4a7",1.78e+13
"Opuntia galapageia Hensl.","Opuntia","galapageia","-90.370099","-0.427729","Ecuador","Daphne Mayor",NA,"50c9509d-22c7-4a22-a47d-8c48425ef4a7",1.78e+13
"Opuntia galapageia Hensl.","Opuntia","galapageia","-90.371885","-0.426616","Ecuador","Daphne Mayor",NA,"50c9509d-22c7-4a22-a47d-8c48425ef4a7",1.78e+13
"Opuntia galapageia Hensl.","Opuntia","galapageia","-90.560122","-0.285685","Ecuador","Isla San Salvador",NA,"50c9509d-22c7-4a22-a47d-8c48425ef4a7",1.78e+13
"Opuntia galapageia Hensl.","Opuntia","galapageia","-90.555027","-0.284429","Ecuador","Pináculo",NA,"50c9509d-22c7-4a22-a47d-8c48425ef4a7",1.78e+13
"Opuntia galapageia Hensl.","Opuntia","galapageia","-90.280024","-0.487976","Ecuador","Isla Santa Cruz",NA,"50c9509d-22c7-4a22-a47d-8c48425ef4a7",9.86e+08
"Opuntia galapageia Hensl.","Opuntia","galapageia","-90.27993","-0.487981","Ecuador","Isla Santa Cruz",NA,"50c9509d-22c7-4a22-a47d-8c48425ef4a7",9.86e+08
"Opuntia galapageia Hensl.","Opuntia","galapageia","-91.371308","-0.252703","Ecuador","Isla Isabela",NA,"50c9509d-22c7-4a22-a47d-8c48425ef4a7",1.78e+13
"Opuntia galapageia Hensl.","Opuntia","galapageia","-90.269287","-0.445351","Ecuador","Bar Cafetería Baltra",NA,"50c9509d-22c7-4a22-a47d-8c48425ef4a7",1.78e+13
"Opuntia galapageia Hensl.","Opuntia","galapageia","-90.341316","-0.493566","Ecuador","Caleta Tortuga Negra",NA,"50c9509d-22c7-4a22-a47d-8c48425ef4a7",1.78e+13
"Opuntia galapageia Hensl.","Opuntia","galapageia","-89.950011","0.317851","Ecuador","Playa Darwin",NA,"50c9509d-22c7-4a22-a47d-8c48425ef4a7",1.78e+13
"Opuntia galapageia Hensl.","Opuntia","galapageia","-90.70623","-0.401122","Ecuador","No name (flamingos)",NA,"50c9509d-22c7-4a22-a47d-8c48425ef4a7",1.78e+13
"Opuntia galapageia Hensl.","Opuntia","galapageia","-90.164861","-0.582674","Ecuador","Isla Plaza Sur",NA,"50c9509d-22c7-4a22-a47d-8c48425ef4a7",1.78e+13
"Opuntia galapageia Hensl.","Opuntia","galapageia","-90.706707","-0.400081","Ecuador","No name (flamingos)",NA,"50c9509d-22c7-4a22-a47d-8c48425ef4a7",1.78e+13
"Opuntia galapageia Hensl.","Opuntia","galapageia","-90.967462","-0.950969","Ecuador","Isla Isabela",NA,"50c9509d-22c7-4a22-a47d-8c48425ef4a7",1.78e+13
"Opuntia galapageia Hensl.","Opuntia","galapageia","-90.967565","-0.951815","Ecuador","Isla Isabela",NA,"50c9509d-22c7-4a22-a47d-8c48425ef4a7",1.78e+13
"Opuntia galapageia Hensl.","Opuntia","galapageia","-90.967942","-0.948593","Ecuador","Isla Isabela",NA,"50c9509d-22c7-4a22-a47d-8c48425ef4a7",1.78e+13
"Opuntia galapageia Hensl.","Opuntia","galapageia","-90.966029","-0.947624","Ecuador","Isla Isabela",NA,"50c9509d-22c7-4a22-a47d-8c48425ef4a7",1.78e+13
"Opuntia galapageia Hensl.","Opuntia","galapageia","-90.966253","-0.946714","Ecuador","Isla Isabela",NA,"50c9509d-22c7-4a22-a47d-8c48425ef4a7",1.78e+13
"Opuntia galapageia Hensl.","Opuntia","galapageia","-90.966253","-0.946714","Ecuador","Isla Isabela",NA,"50c9509d-22c7-4a22-a47d-8c48425ef4a7",1.78e+13
"Opuntia galapageia Hensl.","Opuntia","galapageia","-90.965491","-0.946923","Ecuador","Isla Isabela",NA,"50c9509d-22c7-4a22-a47d-8c48425ef4a7",1.78e+13
"Opuntia galapageia Hensl.","Opuntia","galapageia","-90.966925","-0.956814","Ecuador","Isla Isabela",NA,"50c9509d-22c7-4a22-a47d-8c48425ef4a7",1.78e+13
"Opuntia galapageia Hensl.","Opuntia","galapageia","-90.963808","-0.945151","Ecuador","Isla Isabela",NA,"50c9509d-22c7-4a22-a47d-8c48425ef4a7",1.78e+13
"Opuntia galapageia Hensl.","Opuntia","galapageia","-90.963456","-0.946555","Ecuador","Isla Isabela",NA,"50c9509d-22c7-4a22-a47d-8c48425ef4a7",1.78e+13
"Opuntia galapageia Hensl.","Opuntia","galapageia","-90.964544","-0.948122","Ecuador","Isla Isabela",NA,"50c9509d-22c7-4a22-a47d-8c48425ef4a7",1.78e+13
"Opuntia galapageia Hensl.","Opuntia","galapageia","-90.965158","-0.949133","Ecuador","Isla Isabela",NA,"50c9509d-22c7-4a22-a47d-8c48425ef4a7",1.78e+13
"Opuntia galapageia Hensl.","Opuntia","galapageia","-90.96553","-0.949827","Ecuador","Isla Isabela",NA,"50c9509d-22c7-4a22-a47d-8c48425ef4a7",1.78e+13
"Opuntia galapageia Hensl.","Opuntia","galapageia","-90.957248","-0.953275","Ecuador","Isla Isabela",NA,"50c9509d-22c7-4a22-a47d-8c48425ef4a7",1.78e+13
"Opuntia galapageia Hensl.","Opuntia","galapageia","-90.956947","-0.95753","Ecuador","Isla Isabela",NA,"50c9509d-22c7-4a22-a47d-8c48425ef4a7",1.78e+13
"Opuntia galapageia Hensl.","Opuntia","galapageia","-90.488488","-1.271496","Ecuador","Isla Santa Maria",NA,"50c9509d-22c7-4a22-a47d-8c48425ef4a7",1.78e+13
"Opuntia galapageia Hensl.","Opuntia","galapageia","-90.958325","-0.955209","Ecuador","Isla Isabela",NA,"50c9509d-22c7-4a22-a47d-8c48425ef4a7",1.78e+13
"Opuntia galapageia Hensl.","Opuntia","galapageia","-90.958325","-0.955209","Ecuador","Isla Isabela",NA,"50c9509d-22c7-4a22-a47d-8c48425ef4a7",1.78e+13
"Opuntia galapageia Hensl.","Opuntia","galapageia","-90.95833","-0.955209","Ecuador","Isla Isabela",NA,"50c9509d-22c7-4a22-a47d-8c48425ef4a7",1.78e+13
"Opuntia galapageia Hensl.","Opuntia","galapageia","-90.95705","-0.955595","Ecuador","Isla Isabela",NA,"50c9509d-22c7-4a22-a47d-8c48425ef4a7",1.78e+13
"Opuntia galapageia Hensl.","Opuntia","galapageia","-90.957021","-0.955602","Ecuador","Isla Isabela",NA,"50c9509d-22c7-4a22-a47d-8c48425ef4a7",1.78e+13
"Opuntia galapageia Hensl.","Opuntia","galapageia","-90.947677","-0.953636","Ecuador","Isla Isabela",NA,"50c9509d-22c7-4a22-a47d-8c48425ef4a7",1.78e+13
"Opuntia galapageia Hensl.","Opuntia","galapageia","-90.947994","-0.957655","Ecuador","Isla Isabela",NA,"50c9509d-22c7-4a22-a47d-8c48425ef4a7",1.78e+13
"Opuntia galapageia Hensl.","Opuntia","galapageia","-90.95639","-0.955846","Ecuador","Isla Isabela",NA,"50c9509d-22c7-4a22-a47d-8c48425ef4a7",1.78e+13
"Opuntia galapageia Hensl.","Opuntia","galapageia","-90.957024","-0.955559","Ecuador","Isla Isabela",NA,"50c9509d-22c7-4a22-a47d-8c48425ef4a7",1.78e+13
"Opuntia galapageia Hensl.","Opuntia","galapageia","-90.973792","-0.948521","Ecuador","Isla Isabela",NA,"50c9509d-22c7-4a22-a47d-8c48425ef4a7",1.78e+13
"Opuntia galapageia Hensl.","Opuntia","galapageia","-90.973792","-0.948521","Ecuador","Isla Isabela",NA,"50c9509d-22c7-4a22-a47d-8c48425ef4a7",1.78e+13
"Opuntia galapageia Hensl.","Opuntia","galapageia","-90.973792","-0.948521","Ecuador","Isla Isabela",NA,"50c9509d-22c7-4a22-a47d-8c48425ef4a7",1.78e+13
"Opuntia galapageia Hensl.","Opuntia","galapageia","-90.973024","-0.949329","Ecuador","Isla Isabela",NA,"50c9509d-22c7-4a22-a47d-8c48425ef4a7",1.78e+13
"Opuntia galapageia Hensl.","Opuntia","galapageia","-90.972864","-0.949453","Ecuador","Isla Isabela",NA,"50c9509d-22c7-4a22-a47d-8c48425ef4a7",1.78e+13
"Opuntia galapageia Hensl.","Opuntia","galapageia","-90.972864","-0.949453","Ecuador","Isla Isabela",NA,"50c9509d-22c7-4a22-a47d-8c48425ef4a7",1.78e+13
"Opuntia galapageia Hensl.","Opuntia","galapageia","-90.97264","-0.949721","Ecuador","Isla Isabela",NA,"50c9509d-22c7-4a22-a47d-8c48425ef4a7",1.78e+13
"Opuntia galapageia Hensl.","Opuntia","galapageia","-90.972269","-0.950014","Ecuador","Isla Isabela",NA,"50c9509d-22c7-4a22-a47d-8c48425ef4a7",1.78e+13
"Opuntia galapageia Hensl.","Opuntia","galapageia","-90.972845","-0.949485","Ecuador","Isla Isabela",NA,"50c9509d-22c7-4a22-a47d-8c48425ef4a7",1.78e+13
"Opuntia galapageia Hensl.","Opuntia","galapageia","-90.972115","-0.950153","Ecuador","Isla Isabela",NA,"50c9509d-22c7-4a22-a47d-8c48425ef4a7",1.78e+13
"Opuntia galapageia Hensl.","Opuntia","galapageia","-90.97529","-0.944283","Ecuador","Isla Isabela",NA,"50c9509d-22c7-4a22-a47d-8c48425ef4a7",1.78e+13
"Opuntia galapageia Hensl.","Opuntia","galapageia","-90.975245","-0.944337","Ecuador","Isla Isabela",NA,"50c9509d-22c7-4a22-a47d-8c48425ef4a7",1.78e+13
"Opuntia galapageia Hensl.","Opuntia","galapageia","-90.97561","-0.94354","Ecuador","Isla Isabela",NA,"50c9509d-22c7-4a22-a47d-8c48425ef4a7",1.78e+13
"Opuntia galapageia Hensl.","Opuntia","galapageia","-90.976531","-0.941222","Ecuador","Isla Isabela",NA,"50c9509d-22c7-4a22-a47d-8c48425ef4a7",1.78e+13
"Opuntia galapageia Hensl.","Opuntia","galapageia","-90.978278","-0.938115","Ecuador","Isla Isabela",NA,"50c9509d-22c7-4a22-a47d-8c48425ef4a7",1.78e+13
"Opuntia galapageia Hensl.","Opuntia","galapageia","-90.97817","-0.938119","Ecuador","Isla Isabela",NA,"50c9509d-22c7-4a22-a47d-8c48425ef4a7",1.78e+13
"Opuntia galapageia Hensl.","Opuntia","galapageia","-90.977305","-0.939267","Ecuador","Isla Isabela",NA,"50c9509d-22c7-4a22-a47d-8c48425ef4a7",1.78e+13
"Opuntia galapageia Hensl.","Opuntia","galapageia","-90.975974","-0.942401","Ecuador","Isla Isabela",NA,"50c9509d-22c7-4a22-a47d-8c48425ef4a7",1.78e+13
"Opuntia galapageia Hensl.","Opuntia","galapageia","-90.972755","-0.951948","Ecuador","Isla Isabela",NA,"50c9509d-22c7-4a22-a47d-8c48425ef4a7",1.78e+13
"Opuntia galapageia Hensl.","Opuntia","galapageia","-90.972666","-0.952774","Ecuador","Isla Isabela",NA,"50c9509d-22c7-4a22-a47d-8c48425ef4a7",1.78e+13
"Opuntia galapageia Hensl.","Opuntia","galapageia","-90.942534","-0.963903","Ecuador","Isla Isabela",NA,"50c9509d-22c7-4a22-a47d-8c48425ef4a7",1.78e+13
"Opuntia galapageia Hensl.","Opuntia","galapageia","-90.942342","-0.963921","Ecuador","Isla Isabela",NA,"50c9509d-22c7-4a22-a47d-8c48425ef4a7",1.78e+13
"Opuntia galapageia Hensl.","Opuntia","galapageia","-90.934509","-0.960244","Ecuador","Isla Isabela",NA,"50c9509d-22c7-4a22-a47d-8c48425ef4a7",1.78e+13
"Opuntia galapageia Hensl.","Opuntia","galapageia","-90.934304","-0.960387","Ecuador","Isla Isabela",NA,"50c9509d-22c7-4a22-a47d-8c48425ef4a7",1.78e+13
"Opuntia galapageia Hensl.","Opuntia","galapageia","-90.934304","-0.960387","Ecuador","Isla Isabela",NA,"50c9509d-22c7-4a22-a47d-8c48425ef4a7",1.78e+13
"Opuntia galapageia Hensl.","Opuntia","galapageia","-90.952941","-0.953211","Ecuador","Isla Isabela",NA,"50c9509d-22c7-4a22-a47d-8c48425ef4a7",1.78e+13
"Opuntia galapageia Hensl.","Opuntia","galapageia","-90.952941","-0.953211","Ecuador","Isla Isabela",NA,"50c9509d-22c7-4a22-a47d-8c48425ef4a7",1.78e+13
"Opuntia galapageia Hensl.","Opuntia","galapageia","-90.952941","-0.953211","Ecuador","Isla Isabela",NA,"50c9509d-22c7-4a22-a47d-8c48425ef4a7",1.78e+13
"Opuntia galapageia Hensl.","Opuntia","galapageia","-90.952941","-0.953211","Ecuador","Isla Isabela",NA,"50c9509d-22c7-4a22-a47d-8c48425ef4a7",1.78e+13
"Opuntia galapageia Hensl.","Opuntia","galapageia","-90.95527","-0.95366","Ecuador","Isla Isabela",NA,"50c9509d-22c7-4a22-a47d-8c48425ef4a7",1.78e+13
"Opuntia galapageia Hensl.","Opuntia","galapageia","-90.95527","-0.95366","Ecuador","Isla Isabela",NA,"50c9509d-22c7-4a22-a47d-8c48425ef4a7",1.78e+13
"Opuntia galapageia Hensl.","Opuntia","galapageia","-90.987558","-0.958213","Ecuador","Isla Isabela",NA,"50c9509d-22c7-4a22-a47d-8c48425ef4a7",1.78e+13
"Opuntia galapageia Hensl.","Opuntia","galapageia","-90.98729","-0.957742","Ecuador","Isla Isabela",NA,"50c9509d-22c7-4a22-a47d-8c48425ef4a7",1.78e+13
"Opuntia galapageia Hensl.","Opuntia","galapageia","-90.987283","-0.957721","Ecuador","Isla Isabela",NA,"50c9509d-22c7-4a22-a47d-8c48425ef4a7",1.78e+13
"Opuntia galapageia Hensl.","Opuntia","galapageia","-90.98736","-0.957823","Ecuador","Isla Isabela",NA,"50c9509d-22c7-4a22-a47d-8c48425ef4a7",1.78e+13
"Opuntia galapageia Hensl.","Opuntia","galapageia","-90.98736","-0.957823","Ecuador","Isla Isabela",NA,"50c9509d-22c7-4a22-a47d-8c48425ef4a7",1.78e+13
"Opuntia galapageia Hensl.","Opuntia","galapageia","-90.98736","-0.957823","Ecuador","Isla Isabela",NA,"50c9509d-22c7-4a22-a47d-8c48425ef4a7",1.78e+13
"Opuntia galapageia Hensl.","Opuntia","galapageia","-91.012102","-0.964993","Ecuador","Isla Isabela",NA,"50c9509d-22c7-4a22-a47d-8c48425ef4a7",1.78e+13
"Opuntia galapageia Hensl.","Opuntia","galapageia","-91.012102","-0.964993","Ecuador","Isla Isabela",NA,"50c9509d-22c7-4a22-a47d-8c48425ef4a7",1.78e+13
"Opuntia galapageia Hensl.","Opuntia","galapageia","-91.012102","-0.964993","Ecuador","Isla Isabela",NA,"50c9509d-22c7-4a22-a47d-8c48425ef4a7",1.78e+13
"Opuntia galapageia Hensl.","Opuntia","galapageia","-91.012102","-0.964993","Ecuador","Isla Isabela",NA,"50c9509d-22c7-4a22-a47d-8c48425ef4a7",1.78e+13
"Opuntia galapageia Hensl.","Opuntia","galapageia","-91.012499","-0.964827","Ecuador","Isla Isabela",NA,"50c9509d-22c7-4a22-a47d-8c48425ef4a7",1.78e+13
"Opuntia galapageia Hensl.","Opuntia","galapageia","-91.013459","-0.96528","Ecuador","Isla Isabela",NA,"50c9509d-22c7-4a22-a47d-8c48425ef4a7",1.78e+13
"Opuntia galapageia Hensl.","Opuntia","galapageia","-91.013254","-0.966939","Ecuador","Isla Isabela",NA,"50c9509d-22c7-4a22-a47d-8c48425ef4a7",1.78e+13
"Opuntia galapageia Hensl.","Opuntia","galapageia","-91.013146","-0.96777","Ecuador","Isla Isabela",NA,"50c9509d-22c7-4a22-a47d-8c48425ef4a7",1.78e+13
"Opuntia galapageia Hensl.","Opuntia","galapageia","-91.013056","-0.967809","Ecuador","Isla Isabela",NA,"50c9509d-22c7-4a22-a47d-8c48425ef4a7",1.78e+13
"Opuntia galapageia Hensl.","Opuntia","galapageia","-91.012998","-0.967955","Ecuador","Isla Isabela",NA,"50c9509d-22c7-4a22-a47d-8c48425ef4a7",1.78e+13
"Opuntia galapageia Hensl.","Opuntia","galapageia","-91.012973","-0.968025","Ecuador","Isla Isabela",NA,"50c9509d-22c7-4a22-a47d-8c48425ef4a7",1.78e+13
"Opuntia galapageia Hensl.","Opuntia","galapageia","-91.012678","-0.96845","Ecuador","Isla Isabela",NA,"50c9509d-22c7-4a22-a47d-8c48425ef4a7",1.78e+13
"Opuntia galapageia Hensl.","Opuntia","galapageia","-91.012736","-0.968433","Ecuador","Isla Isabela",NA,"50c9509d-22c7-4a22-a47d-8c48425ef4a7",1.78e+13
"Opuntia galapageia Hensl.","Opuntia","galapageia","-91.012883","-0.968385","Ecuador","Isla Isabela",NA,"50c9509d-22c7-4a22-a47d-8c48425ef4a7",1.78e+13
"Opuntia galapageia Hensl.","Opuntia","galapageia","-91.012934","-0.968219","Ecuador","Isla Isabela",NA,"50c9509d-22c7-4a22-a47d-8c48425ef4a7",1.78e+13
"Opuntia galapageia Hensl.","Opuntia","galapageia","-91.013024","-0.96651","Ecuador","Isla Isabela",NA,"50c9509d-22c7-4a22-a47d-8c48425ef4a7",1.78e+13
"Opuntia galapageia Hensl.","Opuntia","galapageia","-91.01319","-0.967487","Ecuador","Isla Isabela",NA,"50c9509d-22c7-4a22-a47d-8c48425ef4a7",1.78e+13
"Opuntia galapageia Hensl.","Opuntia","galapageia","-91.013472","-0.965052","Ecuador","Isla Isabela",NA,"50c9509d-22c7-4a22-a47d-8c48425ef4a7",1.78e+13
"Opuntia galapageia Hensl.","Opuntia","galapageia","-91.013376","-0.964597","Ecuador","Isla Isabela",NA,"50c9509d-22c7-4a22-a47d-8c48425ef4a7",1.78e+13
"Opuntia galapageia Hensl.","Opuntia","galapageia","-91.00752","-0.963145","Ecuador","Isla Isabela",NA,"50c9509d-22c7-4a22-a47d-8c48425ef4a7",1.78e+13
"Opuntia galapageia Hensl.","Opuntia","galapageia","-91.007514","-0.963186","Ecuador","Isla Isabela",NA,"50c9509d-22c7-4a22-a47d-8c48425ef4a7",1.78e+13
"Opuntia galapageia Hensl.","Opuntia","galapageia","-91.003693","-0.96305","Ecuador","Isla Isabela",NA,"50c9509d-22c7-4a22-a47d-8c48425ef4a7",1.78e+13
"Opuntia galapageia Hensl.","Opuntia","galapageia","-90.999046","-0.960206","Ecuador","Isla Isabela",NA,"50c9509d-22c7-4a22-a47d-8c48425ef4a7",1.78e+13
"Opuntia galapageia Hensl.","Opuntia","galapageia","-90.993952","-0.958488","Ecuador","Isla Isabela",NA,"50c9509d-22c7-4a22-a47d-8c48425ef4a7",1.78e+13
"Opuntia galapageia Hensl.","Opuntia","galapageia","-90.990496","-0.959711","Ecuador","Isla Isabela",NA,"50c9509d-22c7-4a22-a47d-8c48425ef4a7",1.78e+13
"Opuntia galapageia Hensl.","Opuntia","galapageia","-90.990227","-0.959192","Ecuador","Isla Isabela",NA,"50c9509d-22c7-4a22-a47d-8c48425ef4a7",1.78e+13
"Opuntia galapageia Hensl.","Opuntia","galapageia","-90.990202","-0.959418","Ecuador","Isla Isabela",NA,"50c9509d-22c7-4a22-a47d-8c48425ef4a7",1.78e+13
"Opuntia galapageia Hensl.","Opuntia","galapageia","-90.99024","-0.959178","Ecuador","Isla Isabela",NA,"50c9509d-22c7-4a22-a47d-8c48425ef4a7",1.78e+13
"Opuntia galapageia Hensl.","Opuntia","galapageia","-90.990374","-0.959357","Ecuador","Isla Isabela",NA,"50c9509d-22c7-4a22-a47d-8c48425ef4a7",1.78e+13
"Opuntia galapageia Hensl.","Opuntia","galapageia","-90.989331","-0.960503","Ecuador","Isla Isabela",NA,"50c9509d-22c7-4a22-a47d-8c48425ef4a7",1.78e+13
"Opuntia galapageia Hensl.","Opuntia","galapageia","-90.989082","-0.960354","Ecuador","Isla Isabela",NA,"50c9509d-22c7-4a22-a47d-8c48425ef4a7",1.78e+13
"Opuntia galapageia Hensl.","Opuntia","galapageia","-90.989401","-0.960633","Ecuador","Isla Isabela",NA,"50c9509d-22c7-4a22-a47d-8c48425ef4a7",1.78e+13
"Opuntia galapageia Hensl.","Opuntia","galapageia","-90.989702","-0.960693","Ecuador","Isla Isabela",NA,"50c9509d-22c7-4a22-a47d-8c48425ef4a7",1.78e+13
"Opuntia galapageia Hensl.","Opuntia","galapageia","-90.989075","-0.95935","Ecuador","Isla Isabela",NA,"50c9509d-22c7-4a22-a47d-8c48425ef4a7",1.78e+13
"Opuntia galapageia Hensl.","Opuntia","galapageia","-90.989075","-0.95935","Ecuador","Isla Isabela",NA,"50c9509d-22c7-4a22-a47d-8c48425ef4a7",1.78e+13
"Opuntia galapageia Hensl.","Opuntia","galapageia","-90.989075","-0.95935","Ecuador","Isla Isabela",NA,"50c9509d-22c7-4a22-a47d-8c48425ef4a7",1.78e+13
"Opuntia galapageia Hensl.","Opuntia","galapageia","-90.98905","-0.959414","Ecuador","Isla Isabela",NA,"50c9509d-22c7-4a22-a47d-8c48425ef4a7",1.78e+13
"Opuntia galapageia Hensl.","Opuntia","galapageia","-90.988794","-0.95867","Ecuador","Isla Isabela",NA,"50c9509d-22c7-4a22-a47d-8c48425ef4a7",1.78e+13
"Opuntia galapageia Hensl.","Opuntia","galapageia","-90.989632","-0.958148","Ecuador","Isla Isabela",NA,"50c9509d-22c7-4a22-a47d-8c48425ef4a7",1.78e+13
"Opuntia galapageia Hensl.","Opuntia","galapageia","-90.989677","-0.958105","Ecuador","Isla Isabela",NA,"50c9509d-22c7-4a22-a47d-8c48425ef4a7",1.78e+13
"Opuntia galapageia Hensl.","Opuntia","galapageia","-90.988128","-0.958411","Ecuador","Isla Isabela",NA,"50c9509d-22c7-4a22-a47d-8c48425ef4a7",1.78e+13
"Opuntia galapageia Hensl.","Opuntia","galapageia","-90.987578","-0.958173","Ecuador","Isla Isabela",NA,"50c9509d-22c7-4a22-a47d-8c48425ef4a7",1.78e+13
"Opuntia galapageia Hensl.","Opuntia","galapageia","-90.987558","-0.958213","Ecuador","Isla Isabela",NA,"50c9509d-22c7-4a22-a47d-8c48425ef4a7",1.78e+13
"Opuntia galapageia Hensl.","Opuntia","galapageia","-90.98905","-0.959361","Ecuador","Isla Isabela",NA,"50c9509d-22c7-4a22-a47d-8c48425ef4a7",1.78e+13
"Opuntia galapageia Hensl.","Opuntia","galapageia","-90.988449","-0.960396","Ecuador","Isla Isabela",NA,"50c9509d-22c7-4a22-a47d-8c48425ef4a7",1.78e+13
"Opuntia galapageia Hensl.","Opuntia","galapageia","-90.304725","-0.741989","Ecuador","Isla Santa Cruz",NA,"50c9509d-22c7-4a22-a47d-8c48425ef4a7",9.86e+08
"Opuntia galapageia Hensl.","Opuntia","galapageia","-89.947756","0.305117","Ecuador","El Barranco",NA,"50c9509d-22c7-4a22-a47d-8c48425ef4a7",1.78e+13
"Opuntia galapageia Hensl.","Opuntia","galapageia","-90.276294","-0.438047","Ecuador","Vía a la FAE",NA,"50c9509d-22c7-4a22-a47d-8c48425ef4a7",1.78e+13
"Opuntia galapageia Hensl.","Opuntia","galapageia","-91.100198","-0.784103","Ecuador","Isla Isabela",NA,"50c9509d-22c7-4a22-a47d-8c48425ef4a7",1.78e+13
"Opuntia galapageia Hensl.","Opuntia","galapageia","-91.10025","-0.783557","Ecuador","Isla Isabela",NA,"50c9509d-22c7-4a22-a47d-8c48425ef4a7",1.78e+13
"Opuntia galapageia Hensl.","Opuntia","galapageia","-91.100314","-0.783805","Ecuador","Isla Isabela",NA,"50c9509d-22c7-4a22-a47d-8c48425ef4a7",1.78e+13
"Opuntia galapageia Hensl.","Opuntia","galapageia","-91.100083","-0.783217","Ecuador","Isla Isabela",NA,"50c9509d-22c7-4a22-a47d-8c48425ef4a7",1.78e+13
"Opuntia galapageia Hensl.","Opuntia","galapageia","-91.100115","-0.782942","Ecuador","Isla Isabela",NA,"50c9509d-22c7-4a22-a47d-8c48425ef4a7",1.78e+13
"Opuntia galapageia Hensl.","Opuntia","galapageia","-91.100115","-0.782942","Ecuador","Isla Isabela",NA,"50c9509d-22c7-4a22-a47d-8c48425ef4a7",1.78e+13
"Opuntia galapageia Hensl.","Opuntia","galapageia","-91.099853","-0.782679","Ecuador","Isla Isabela",NA,"50c9509d-22c7-4a22-a47d-8c48425ef4a7",1.78e+13
"Opuntia galapageia Hensl.","Opuntia","galapageia","-91.099866","-0.782477","Ecuador","Isla Isabela",NA,"50c9509d-22c7-4a22-a47d-8c48425ef4a7",1.78e+13
"Opuntia galapageia Hensl.","Opuntia","galapageia","-91.100378","-0.78086","Ecuador","Isla Isabela",NA,"50c9509d-22c7-4a22-a47d-8c48425ef4a7",1.78e+13
"Opuntia galapageia Hensl.","Opuntia","galapageia","-91.100378","-0.78086","Ecuador","Isla Isabela",NA,"50c9509d-22c7-4a22-a47d-8c48425ef4a7",1.78e+13
"Opuntia galapageia Hensl.","Opuntia","galapageia","-91.098227","-0.787226","Ecuador","Isla Isabela",NA,"50c9509d-22c7-4a22-a47d-8c48425ef4a7",1.78e+13
"Opuntia galapageia Hensl.","Opuntia","galapageia","-90.312525","-0.748889","Ecuador","Isla Santa Cruz",NA,"50c9509d-22c7-4a22-a47d-8c48425ef4a7",9.86e+08
"Opuntia galapageia Hensl.","Opuntia","galapageia","-90.312525","-0.748889","Ecuador","Isla Santa Cruz",NA,"50c9509d-22c7-4a22-a47d-8c48425ef4a7",9.86e+08
"Opuntia galapageia Hensl.","Opuntia","galapageia","-89.611936","-0.901634","Ecuador","Isla San Cristobal",NA,"50c9509d-22c7-4a22-a47d-8c48425ef4a7",5.58e+08
"Opuntia galapageia Hensl.","Opuntia","galapageia","-89.611846","-0.901662","Ecuador","Isla San Cristobal",NA,"50c9509d-22c7-4a22-a47d-8c48425ef4a7",5.58e+08
"Opuntia galapageia Hensl.","Opuntia","galapageia","-89.607277","-0.931772","Ecuador","Isla San Cristobal",NA,"50c9509d-22c7-4a22-a47d-8c48425ef4a7",5.58e+08
"Opuntia galapageia Hensl.","Opuntia","galapageia","-89.607277","-0.931772","Ecuador","Isla San Cristobal",NA,"50c9509d-22c7-4a22-a47d-8c48425ef4a7",5.58e+08
"Opuntia galapageia Hensl.","Opuntia","galapageia","-89.607277","-0.931772","Ecuador","Isla San Cristobal",NA,"50c9509d-22c7-4a22-a47d-8c48425ef4a7",5.58e+08
"Opuntia galapageia Hensl.","Opuntia","galapageia","-89.607277","-0.931772","Ecuador","Isla San Cristobal",NA,"50c9509d-22c7-4a22-a47d-8c48425ef4a7",5.58e+08
"Opuntia galapageia Hensl.","Opuntia","galapageia","-89.607411","-0.931757","Ecuador","Isla San Cristobal",NA,"50c9509d-22c7-4a22-a47d-8c48425ef4a7",5.58e+08
"Opuntia galapageia Hensl.","Opuntia","galapageia","-89.607405","-0.931741","Ecuador","Isla San Cristobal",NA,"50c9509d-22c7-4a22-a47d-8c48425ef4a7",5.58e+08
"Opuntia galapageia Hensl.","Opuntia","galapageia","-89.607405","-0.931741","Ecuador","Isla San Cristobal",NA,"50c9509d-22c7-4a22-a47d-8c48425ef4a7",5.58e+08
"Opuntia galapageia Hensl.","Opuntia","galapageia","-89.607635","-0.931699","Ecuador","Isla San Cristobal",NA,"50c9509d-22c7-4a22-a47d-8c48425ef4a7",5.58e+08
"Opuntia galapageia Hensl.","Opuntia","galapageia","-89.609382","-0.931096","Ecuador","Isla San Cristobal",NA,"50c9509d-22c7-4a22-a47d-8c48425ef4a7",5.58e+08
"Opuntia galapageia Hensl.","Opuntia","galapageia","-89.431622","-0.921615","Ecuador","Isla San Cristobal",NA,"50c9509d-22c7-4a22-a47d-8c48425ef4a7",5.58e+08
"Opuntia galapageia Hensl.","Opuntia","galapageia","-89.431527","-0.921597","Ecuador","Isla San Cristobal",NA,"50c9509d-22c7-4a22-a47d-8c48425ef4a7",5.58e+08
"Opuntia galapageia Hensl.","Opuntia","galapageia","-89.431527","-0.921597","Ecuador","Isla San Cristobal",NA,"50c9509d-22c7-4a22-a47d-8c48425ef4a7",5.58e+08
"Opuntia galapageia Hensl.","Opuntia","galapageia","-89.431526","-0.921597","Ecuador","Isla San Cristobal",NA,"50c9509d-22c7-4a22-a47d-8c48425ef4a7",5.58e+08
"Opuntia galapageia Hensl.","Opuntia","galapageia","-89.43063","-0.922037","Ecuador","Isla San Cristobal",NA,"50c9509d-22c7-4a22-a47d-8c48425ef4a7",5.58e+08
"Opuntia galapageia Hensl.","Opuntia","galapageia","-89.4304","-0.922153","Ecuador","Isla San Cristobal",NA,"50c9509d-22c7-4a22-a47d-8c48425ef4a7",5.58e+08
"Opuntia galapageia Hensl.","Opuntia","galapageia","-89.430336","-0.922566","Ecuador","Isla San Cristobal",NA,"50c9509d-22c7-4a22-a47d-8c48425ef4a7",5.58e+08
"Opuntia galapageia Hensl.","Opuntia","galapageia","-89.43033","-0.922926","Ecuador","Isla San Cristobal",NA,"50c9509d-22c7-4a22-a47d-8c48425ef4a7",5.58e+08
"Opuntia galapageia Hensl.","Opuntia","galapageia","-89.43017","-0.923614","Ecuador","Isla San Cristobal",NA,"50c9509d-22c7-4a22-a47d-8c48425ef4a7",5.58e+08
"Opuntia galapageia Hensl.","Opuntia","galapageia","-89.430054","-0.923729","Ecuador","Isla San Cristobal",NA,"50c9509d-22c7-4a22-a47d-8c48425ef4a7",5.58e+08
"Opuntia galapageia Hensl.","Opuntia","galapageia","-89.429939","-0.923817","Ecuador","Isla San Cristobal",NA,"50c9509d-22c7-4a22-a47d-8c48425ef4a7",5.58e+08
"Opuntia galapageia Hensl.","Opuntia","galapageia","-89.429965","-0.924214","Ecuador","Isla San Cristobal",NA,"50c9509d-22c7-4a22-a47d-8c48425ef4a7",5.58e+08
"Opuntia galapageia Hensl.","Opuntia","galapageia","-89.429978","-0.924477","Ecuador","Isla San Cristobal",NA,"50c9509d-22c7-4a22-a47d-8c48425ef4a7",5.58e+08
"Opuntia galapageia Hensl.","Opuntia","galapageia","-89.429978","-0.924477","Ecuador","Isla San Cristobal",NA,"50c9509d-22c7-4a22-a47d-8c48425ef4a7",5.58e+08
"Opuntia galapageia Hensl.","Opuntia","galapageia","-89.43001","-0.924809","Ecuador","Isla San Cristobal",NA,"50c9509d-22c7-4a22-a47d-8c48425ef4a7",5.58e+08
"Opuntia galapageia Hensl.","Opuntia","galapageia","-89.430022","-0.924651","Ecuador","Isla San Cristobal",NA,"50c9509d-22c7-4a22-a47d-8c48425ef4a7",5.58e+08
"Opuntia galapageia Hensl.","Opuntia","galapageia","-89.430138","-0.924919","Ecuador","Isla San Cristobal",NA,"50c9509d-22c7-4a22-a47d-8c48425ef4a7",5.58e+08
"Opuntia galapageia Hensl.","Opuntia","galapageia","-89.430138","-0.924919","Ecuador","Isla San Cristobal",NA,"50c9509d-22c7-4a22-a47d-8c48425ef4a7",5.58e+08
"Opuntia galapageia Hensl.","Opuntia","galapageia","-89.430054","-0.925275","Ecuador","Isla San Cristobal",NA,"50c9509d-22c7-4a22-a47d-8c48425ef4a7",5.58e+08
"Opuntia galapageia Hensl.","Opuntia","galapageia","-89.429395","-0.926687","Ecuador","Isla San Cristobal",NA,"50c9509d-22c7-4a22-a47d-8c48425ef4a7",5.58e+08
"Opuntia galapageia Hensl.","Opuntia","galapageia","-89.429818","-0.926491","Ecuador","Isla San Cristobal",NA,"50c9509d-22c7-4a22-a47d-8c48425ef4a7",5.58e+08
"Opuntia galapageia Hensl.","Opuntia","galapageia","-89.429613","-0.92352","Ecuador","Isla San Cristobal",NA,"50c9509d-22c7-4a22-a47d-8c48425ef4a7",5.58e+08
"Opuntia galapageia Hensl.","Opuntia","galapageia","-89.429786","-0.923664","Ecuador","Isla San Cristobal",NA,"50c9509d-22c7-4a22-a47d-8c48425ef4a7",5.58e+08
"Opuntia galapageia Hensl.","Opuntia","galapageia","-89.429786","-0.923582","Ecuador","Isla San Cristobal",NA,"50c9509d-22c7-4a22-a47d-8c48425ef4a7",5.58e+08
"Opuntia galapageia Hensl.","Opuntia","galapageia","-89.429786","-0.923582","Ecuador","Isla San Cristobal",NA,"50c9509d-22c7-4a22-a47d-8c48425ef4a7",5.58e+08
"Opuntia galapageia Hensl.","Opuntia","galapageia","-89.429792","-0.923593","Ecuador","Isla San Cristobal",NA,"50c9509d-22c7-4a22-a47d-8c48425ef4a7",5.58e+08
"Opuntia galapageia Hensl.","Opuntia","galapageia","-89.429792","-0.923593","Ecuador","Isla San Cristobal",NA,"50c9509d-22c7-4a22-a47d-8c48425ef4a7",5.58e+08
"Opuntia galapageia Hensl.","Opuntia","galapageia","-89.429862","-0.923638","Ecuador","Isla San Cristobal",NA,"50c9509d-22c7-4a22-a47d-8c48425ef4a7",5.58e+08
"Opuntia galapageia Hensl.","Opuntia","galapageia","-89.609331","-0.893544","Ecuador","Isla San Cristobal",NA,"50c9509d-22c7-4a22-a47d-8c48425ef4a7",5.58e+08
"Opuntia galapageia Hensl.","Opuntia","galapageia","-89.610381","-0.889834","Ecuador","Naval Cannon",NA,"50c9509d-22c7-4a22-a47d-8c48425ef4a7",1.78e+13
"Opuntia galapageia Hensl.","Opuntia","galapageia","-89.61017","-0.889721","Ecuador","Naval Cannon",NA,"50c9509d-22c7-4a22-a47d-8c48425ef4a7",1.78e+13
"Opuntia galapageia Hensl.","Opuntia","galapageia","-89.61017","-0.889721","Ecuador","Naval Cannon",NA,"50c9509d-22c7-4a22-a47d-8c48425ef4a7",1.78e+13
"Opuntia galapageia Hensl.","Opuntia","galapageia","-89.61017","-0.889721","Ecuador","Naval Cannon",NA,"50c9509d-22c7-4a22-a47d-8c48425ef4a7",1.78e+13
"Opuntia galapageia Hensl.","Opuntia","galapageia","-89.610061","-0.889702","Ecuador","Naval Cannon",NA,"50c9509d-22c7-4a22-a47d-8c48425ef4a7",1.78e+13
"Opuntia galapageia Hensl.","Opuntia","galapageia","-89.610112","-0.8897","Ecuador","Naval Cannon",NA,"50c9509d-22c7-4a22-a47d-8c48425ef4a7",1.78e+13
"Opuntia galapageia Hensl.","Opuntia","galapageia","-89.60999","-0.88967","Ecuador","Naval Cannon",NA,"50c9509d-22c7-4a22-a47d-8c48425ef4a7",1.78e+13
"Opuntia galapageia Hensl.","Opuntia","galapageia","-89.610054","-0.889336","Ecuador","Naval Cannon",NA,"50c9509d-22c7-4a22-a47d-8c48425ef4a7",1.78e+13
"Opuntia galapageia Hensl.","Opuntia","galapageia","-89.60967","-0.888641","Ecuador","Naval Cannon",NA,"50c9509d-22c7-4a22-a47d-8c48425ef4a7",1.78e+13
"Opuntia galapageia Hensl.","Opuntia","galapageia","-89.607129","-0.888698","Ecuador","Isla San Cristobal",NA,"50c9509d-22c7-4a22-a47d-8c48425ef4a7",5.58e+08
"Opuntia galapageia Hensl.","Opuntia","galapageia","-89.609498","-0.890226","Ecuador","Tijeretas",NA,"50c9509d-22c7-4a22-a47d-8c48425ef4a7",1.78e+13
"Opuntia galapageia Hensl.","Opuntia","galapageia","-89.610125","-0.890747","Ecuador","Playa Punta Carola",NA,"50c9509d-22c7-4a22-a47d-8c48425ef4a7",1.78e+13
"Opuntia galapageia Hensl.","Opuntia","galapageia","-89.609465","-0.89364","Ecuador","Isla San Cristobal",NA,"50c9509d-22c7-4a22-a47d-8c48425ef4a7",5.58e+08
"Opuntia galapageia Hensl.","Opuntia","galapageia","-89.609466","-0.89364","Ecuador","Isla San Cristobal",NA,"50c9509d-22c7-4a22-a47d-8c48425ef4a7",5.58e+08
"Opuntia galapageia Hensl.","Opuntia","galapageia","-89.609465","-0.89364","Ecuador","Isla San Cristobal",NA,"50c9509d-22c7-4a22-a47d-8c48425ef4a7",5.58e+08
"Opuntia galapageia Hensl.","Opuntia","galapageia","-89.609465","-0.89364","Ecuador","Isla San Cristobal",NA,"50c9509d-22c7-4a22-a47d-8c48425ef4a7",5.58e+08
"Opuntia galapageia Hensl.","Opuntia","galapageia","-89.609274","-0.893644","Ecuador","Isla San Cristobal",NA,"50c9509d-22c7-4a22-a47d-8c48425ef4a7",5.58e+08
"Opuntia galapageia Hensl.","Opuntia","galapageia","-89.609274","-0.893644","Ecuador","Isla San Cristobal",NA,"50c9509d-22c7-4a22-a47d-8c48425ef4a7",5.58e+08
"Opuntia galapageia Hensl.","Opuntia","galapageia","-89.609274","-0.893644","Ecuador","Isla San Cristobal",NA,"50c9509d-22c7-4a22-a47d-8c48425ef4a7",5.58e+08
"Opuntia galapageia Hensl.","Opuntia","galapageia","-89.609274","-0.893644","Ecuador","Isla San Cristobal",NA,"50c9509d-22c7-4a22-a47d-8c48425ef4a7",5.58e+08
"Opuntia galapageia Hensl.","Opuntia","galapageia","-89.60087","-0.883434","Ecuador","Isla San Cristobal",NA,"50c9509d-22c7-4a22-a47d-8c48425ef4a7",5.58e+08
"Opuntia galapageia Hensl.","Opuntia","galapageia","-89.60087","-0.883434","Ecuador","Isla San Cristobal",NA,"50c9509d-22c7-4a22-a47d-8c48425ef4a7",5.58e+08
"Opuntia galapageia Hensl.","Opuntia","galapageia","-89.60967","-0.900008","Ecuador","Isla San Cristobal",NA,"50c9509d-22c7-4a22-a47d-8c48425ef4a7",5.58e+08
"Opuntia galapageia Hensl.","Opuntia","galapageia","-89.615424","-0.908125","Ecuador","Isla San Cristobal",NA,"50c9509d-22c7-4a22-a47d-8c48425ef4a7",5.58e+08
"Opuntia galapageia Hensl.","Opuntia","galapageia","-89.615424","-0.908125","Ecuador","Isla San Cristobal",NA,"50c9509d-22c7-4a22-a47d-8c48425ef4a7",5.58e+08
"Opuntia galapageia Hensl.","Opuntia","galapageia","-89.615424","-0.908125","Ecuador","Isla San Cristobal",NA,"50c9509d-22c7-4a22-a47d-8c48425ef4a7",5.58e+08
"Opuntia galapageia Hensl.","Opuntia","galapageia","-89.61559","-0.908175","Ecuador","Isla San Cristobal",NA,"50c9509d-22c7-4a22-a47d-8c48425ef4a7",5.58e+08
"Opuntia galapageia Hensl.","Opuntia","galapageia","-89.615424","-0.908125","Ecuador","Isla San Cristobal",NA,"50c9509d-22c7-4a22-a47d-8c48425ef4a7",5.58e+08
"Opuntia galapageia Hensl.","Opuntia","galapageia","-89.61559","-0.908175","Ecuador","Isla San Cristobal",NA,"50c9509d-22c7-4a22-a47d-8c48425ef4a7",5.58e+08
"Opuntia galapageia Hensl.","Opuntia","galapageia","-89.616378","-0.908612","Ecuador","Isla San Cristobal",NA,"50c9509d-22c7-4a22-a47d-8c48425ef4a7",5.58e+08
"Opuntia galapageia Hensl.","Opuntia","galapageia","-89.616378","-0.908612","Ecuador","Isla San Cristobal",NA,"50c9509d-22c7-4a22-a47d-8c48425ef4a7",5.58e+08
"Opuntia galapageia Hensl.","Opuntia","galapageia","-89.616378","-0.908612","Ecuador","Isla San Cristobal",NA,"50c9509d-22c7-4a22-a47d-8c48425ef4a7",5.58e+08
"Opuntia galapageia Hensl.","Opuntia","galapageia","-90.990429","-0.959449","Ecuador","Isla Isabela",NA,"50c9509d-22c7-4a22-a47d-8c48425ef4a7",1.78e+13
"Opuntia galapageia Hensl.","Opuntia","galapageia","-91.012665","-0.968374","Ecuador","Isla Isabela",NA,"50c9509d-22c7-4a22-a47d-8c48425ef4a7",1.78e+13
"Opuntia galapageia Hensl.","Opuntia","galapageia","-91.012679","-0.968375","Ecuador","Isla Isabela",NA,"50c9509d-22c7-4a22-a47d-8c48425ef4a7",1.78e+13
"Opuntia galapageia Hensl.","Opuntia","galapageia","-90.990206","-0.959444","Ecuador","Isla Isabela",NA,"50c9509d-22c7-4a22-a47d-8c48425ef4a7",1.78e+13
"Opuntia galapageia Hensl.","Opuntia","galapageia","-91.012678","-0.968364","Ecuador","Isla Isabela",NA,"50c9509d-22c7-4a22-a47d-8c48425ef4a7",1.78e+13
"Opuntia galapageia Hensl.","Opuntia","galapageia","-90.990408","-0.959485","Ecuador","Isla Isabela",NA,"50c9509d-22c7-4a22-a47d-8c48425ef4a7",1.78e+13
"Opuntia galapageia Hensl.","Opuntia","galapageia","-90.990416","-0.959508","Ecuador","Isla Isabela",NA,"50c9509d-22c7-4a22-a47d-8c48425ef4a7",1.78e+13
"Opuntia galapageia Hensl.","Opuntia","galapageia","-90.163071","-0.58358","Ecuador",NA,NA,"50c9509d-22c7-4a22-a47d-8c48425ef4a7",1.78e+13
"Opuntia galapageia Hensl.","Opuntia","galapageia","-90.163071","-0.58358","Ecuador",NA,NA,"50c9509d-22c7-4a22-a47d-8c48425ef4a7",1.78e+13
"Opuntia galapageia Hensl.","Opuntia","galapageia","-89.95246","0.318083","Ecuador","Playa Darwin",NA,"50c9509d-22c7-4a22-a47d-8c48425ef4a7",1.78e+13
"Opuntia galapageia Hensl.","Opuntia","galapageia","-90.707125","-0.399511","Ecuador","No name (flamingos)",NA,"50c9509d-22c7-4a22-a47d-8c48425ef4a7",1.78e+13
"Opuntia galapageia Hensl.","Opuntia","galapageia","-90.164769","-0.582692","Ecuador","Isla Plaza Sur",NA,"50c9509d-22c7-4a22-a47d-8c48425ef4a7",1.78e+13
"Opuntia galapageia Hensl.","Opuntia","galapageia","-90.318486","-0.745743","Ecuador","Isla Santa Cruz",NA,"50c9509d-22c7-4a22-a47d-8c48425ef4a7",9.86e+08
"Opuntia galapageia Hensl.","Opuntia","galapageia","-91.166207","-0.831358","Ecuador","Isla Isabela",NA,"50c9509d-22c7-4a22-a47d-8c48425ef4a7",1.78e+13
"Opuntia galapageia Hensl.","Opuntia","galapageia","-90.290409","-0.400231","Ecuador","Isla North Seymore",NA,"50c9509d-22c7-4a22-a47d-8c48425ef4a7",1.78e+13
"Opuntia galapageia Hensl.","Opuntia","galapageia","-90.487305","-0.531962","Ecuador","Isla Santa Cruz",NA,"50c9509d-22c7-4a22-a47d-8c48425ef4a7",9.86e+08
"Opuntia galapageia Hensl.","Opuntia","galapageia","-90.706245","-0.401147","Ecuador","No name (flamingos)",NA,"50c9509d-22c7-4a22-a47d-8c48425ef4a7",1.78e+13
"Opuntia galapageia Hensl.","Opuntia","galapageia","-90.343906","-0.493753","Ecuador","Playa Las Bachas",NA,"50c9509d-22c7-4a22-a47d-8c48425ef4a7",1.78e+13
"Opuntia galapageia Hensl.","Opuntia","galapageia","-90.343499","-0.493981","Ecuador","Playa Las Bachas",NA,"50c9509d-22c7-4a22-a47d-8c48425ef4a7",1.78e+13
"Opuntia galapageia Hensl.","Opuntia","galapageia","-90.488036","-0.526083","Ecuador","Sendero Cerro Dragón",NA,"50c9509d-22c7-4a22-a47d-8c48425ef4a7",1.78e+13
"Opuntia galapageia Hensl.","Opuntia","galapageia","-89.950188","0.318021","Ecuador","Playa Darwin",NA,"50c9509d-22c7-4a22-a47d-8c48425ef4a7",1.78e+13
"Opuntia galapageia Hensl.","Opuntia","galapageia","-89.948912","0.318591","Ecuador","Playa Darwin",NA,"50c9509d-22c7-4a22-a47d-8c48425ef4a7",1.78e+13
"Opuntia galapageia Hensl.","Opuntia","galapageia","-90.203547","-0.670767","Ecuador","Isla Santa Cruz",NA,"50c9509d-22c7-4a22-a47d-8c48425ef4a7",9.86e+08
"Opuntia galapageia Hensl.","Opuntia","galapageia","-90.716648","-0.249336","Ecuador","Isla San Salvador",NA,"50c9509d-22c7-4a22-a47d-8c48425ef4a7",1.78e+13
"Opuntia galapageia Hensl.","Opuntia","galapageia","-90.708487","-0.403738","Ecuador","No name (flamingos)",NA,"50c9509d-22c7-4a22-a47d-8c48425ef4a7",1.78e+13
"Opuntia galapageia Hensl.","Opuntia","galapageia","-89.609205","-0.893572","Ecuador","Isla San Cristobal",NA,"50c9509d-22c7-4a22-a47d-8c48425ef4a7",5.58e+08
"Opuntia galapageia Hensl.","Opuntia","galapageia","-90.325272","-0.752642","Ecuador","Isla Santa Cruz",NA,"50c9509d-22c7-4a22-a47d-8c48425ef4a7",9.86e+08
"Opuntia galapageia Hensl.","Opuntia","galapageia","-90.319878","-0.746675","Ecuador","Isla Santa Cruz",NA,"50c9509d-22c7-4a22-a47d-8c48425ef4a7",9.86e+08
"Opuntia galapageia Hensl.","Opuntia","galapageia","-90.319472","-0.746331","Ecuador","Isla Santa Cruz",NA,"50c9509d-22c7-4a22-a47d-8c48425ef4a7",9.86e+08
"Opuntia galapageia Hensl.","Opuntia","galapageia","-90.358849","-0.62139","Ecuador","Isla Santa Cruz",NA,"50c9509d-22c7-4a22-a47d-8c48425ef4a7",9.86e+08
"Opuntia galapageia Hensl.","Opuntia","galapageia","-91.013542","-0.965462","Ecuador","Isla Isabela",NA,"50c9509d-22c7-4a22-a47d-8c48425ef4a7",1.78e+13
"Opuntia galapageia Hensl.","Opuntia","galapageia","-90.325272","-0.752588","Ecuador","Isla Santa Cruz",NA,"50c9509d-22c7-4a22-a47d-8c48425ef4a7",9.86e+08
"Opuntia galapageia Hensl.","Opuntia","galapageia","-89.550795","-0.900417","Ecuador","Isla San Cristobal",NA,"50c9509d-22c7-4a22-a47d-8c48425ef4a7",5.58e+08
"Opuntia galapageia Hensl.","Opuntia","galapageia","-90.163995","-0.583667","Ecuador",NA,NA,"50c9509d-22c7-4a22-a47d-8c48425ef4a7",1.78e+13
"Opuntia galapageia Hensl.","Opuntia","galapageia","-90.487045","-0.527922","Ecuador","Sendero Cerro Dragón",NA,"50c9509d-22c7-4a22-a47d-8c48425ef4a7",1.78e+13
"Opuntia galapageia Hensl.","Opuntia","galapageia","-90.303345","-0.741097","Ecuador","Isla Santa Cruz",NA,"50c9509d-22c7-4a22-a47d-8c48425ef4a7",9.86e+08
"Opuntia galapageia Hensl.","Opuntia","galapageia","-91.371332","-0.253183","Ecuador","Isla Isabela",NA,"50c9509d-22c7-4a22-a47d-8c48425ef4a7",1.78e+13
"Opuntia galapageia Hensl.","Opuntia","galapageia","-90.706688","-0.401528","Ecuador","No name (flamingos)",NA,"50c9509d-22c7-4a22-a47d-8c48425ef4a7",1.78e+13
"Opuntia galapageia Hensl.","Opuntia","galapageia","-90.268653","-0.44533","Ecuador","Bar Cafetería Baltra",NA,"50c9509d-22c7-4a22-a47d-8c48425ef4a7",1.78e+13
"Opuntia galapageia Hensl.","Opuntia","galapageia","-90.225113","-0.699347","Ecuador","El Garrapatero",NA,"50c9509d-22c7-4a22-a47d-8c48425ef4a7",1.78e+13
"Opuntia galapageia Hensl.","Opuntia","galapageia","-89.608641","-0.888035","Ecuador","Charles Darwin Statue",NA,"50c9509d-22c7-4a22-a47d-8c48425ef4a7",1.78e+13
"Opuntia galapageia Hensl.","Opuntia","galapageia","-89.609717","-0.891467","Ecuador","Centro de Interpretaciones",NA,"50c9509d-22c7-4a22-a47d-8c48425ef4a7",1.78e+13
"Opuntia galapageia Hensl.","Opuntia","galapageia","-89.608897","-0.889664","Ecuador","Tijeretas",NA,"50c9509d-22c7-4a22-a47d-8c48425ef4a7",1.78e+13
"Opuntia galapageia Hensl.","Opuntia","galapageia","-89.608872","-0.888011","Ecuador","Charles Darwin Statue",NA,"50c9509d-22c7-4a22-a47d-8c48425ef4a7",1.78e+13
"Opuntia galapageia Hensl.","Opuntia","galapageia","-89.608839","-0.887803","Ecuador","Charles Darwin Statue",NA,"50c9509d-22c7-4a22-a47d-8c48425ef4a7",1.78e+13
"Opuntia galapageia Hensl.","Opuntia","galapageia","-90.304428","-0.741906","Ecuador","Isla Santa Cruz",NA,"50c9509d-22c7-4a22-a47d-8c48425ef4a7",9.86e+08
"Opuntia galapageia Hensl.","Opuntia","galapageia","-89.351675","-0.823817","Ecuador","Isla San Cristobal",NA,"50c9509d-22c7-4a22-a47d-8c48425ef4a7",5.58e+08
"Opuntia galapageia Hensl.","Opuntia","galapageia","-89.351392","-0.824167","Ecuador","Isla San Cristobal",NA,"50c9509d-22c7-4a22-a47d-8c48425ef4a7",5.58e+08
"Opuntia galapageia Hensl.","Opuntia","galapageia","-89.351361","-0.824197","Ecuador","Isla San Cristobal",NA,"50c9509d-22c7-4a22-a47d-8c48425ef4a7",5.58e+08
"Opuntia galapageia Hensl.","Opuntia","galapageia","-89.351361","-0.824197","Ecuador","Isla San Cristobal",NA,"50c9509d-22c7-4a22-a47d-8c48425ef4a7",5.58e+08
"Opuntia galapageia Hensl.","Opuntia","galapageia","-89.611847","-0.901622","Ecuador","Isla San Cristobal",NA,"50c9509d-22c7-4a22-a47d-8c48425ef4a7",5.58e+08
"Opuntia galapageia Hensl.","Opuntia","galapageia","-89.429913","-0.925431","Ecuador","Isla San Cristobal",NA,"50c9509d-22c7-4a22-a47d-8c48425ef4a7",5.58e+08
"Opuntia galapageia Hensl.","Opuntia","galapageia","-90.269086","-0.445384","Ecuador","Bar Cafetería Baltra",NA,"50c9509d-22c7-4a22-a47d-8c48425ef4a7",1.78e+13
"Opuntia galapageia Hensl.","Opuntia","galapageia","-89.54871","-0.938905","Ecuador","Isla San Cristobal",NA,"50c9509d-22c7-4a22-a47d-8c48425ef4a7",5.58e+08
"Opuntia galapageia Hensl.","Opuntia","galapageia","-89.549133","-0.941063","Ecuador","Isla San Cristobal",NA,"50c9509d-22c7-4a22-a47d-8c48425ef4a7",5.58e+08
"Opuntia galapageia Hensl.","Opuntia","galapageia","-89.548554","-0.938701","Ecuador","Isla San Cristobal",NA,"50c9509d-22c7-4a22-a47d-8c48425ef4a7",5.58e+08
"Opuntia galapageia Hensl.","Opuntia","galapageia","-89.548587","-0.939842","Ecuador","Isla San Cristobal",NA,"50c9509d-22c7-4a22-a47d-8c48425ef4a7",5.58e+08
"Opuntia galapageia Hensl.","Opuntia","galapageia","-90.322981","-0.750139","Ecuador","Isla Santa Cruz",NA,"50c9509d-22c7-4a22-a47d-8c48425ef4a7",9.86e+08
"Opuntia galapageia Hensl.","Opuntia","galapageia","-90.304353","-0.742113","Ecuador","Isla Santa Cruz",NA,"50c9509d-22c7-4a22-a47d-8c48425ef4a7",9.86e+08
"Opuntia galapageia Hensl.","Opuntia","galapageia","-90.706375","-0.4016","Ecuador","No name (flamingos)",NA,"50c9509d-22c7-4a22-a47d-8c48425ef4a7",1.78e+13
"Opuntia galapageia Hensl.","Opuntia","galapageia","-89.94977","0.318588","Ecuador","Playa Darwin",NA,"50c9509d-22c7-4a22-a47d-8c48425ef4a7",1.78e+13
"Opuntia galapageia Hensl.","Opuntia","galapageia","-90.487465","-0.526468","Ecuador","Sendero Cerro Dragón",NA,"50c9509d-22c7-4a22-a47d-8c48425ef4a7",1.78e+13
"Opuntia galapageia Hensl.","Opuntia","galapageia","-90.487465","-0.526468","Ecuador","Sendero Cerro Dragón",NA,"50c9509d-22c7-4a22-a47d-8c48425ef4a7",1.78e+13
"Opuntia galapageia Hensl.","Opuntia","galapageia","-90.487465","-0.526468","Ecuador","Sendero Cerro Dragón",NA,"50c9509d-22c7-4a22-a47d-8c48425ef4a7",1.78e+13
"Opuntia galapageia Hensl.","Opuntia","galapageia","-90.824556","-0.164192","Ecuador","""Monje""",NA,"50c9509d-22c7-4a22-a47d-8c48425ef4a7",1.78e+13
"Opuntia galapageia Hensl.","Opuntia","galapageia","-90.485184","-0.525458","Ecuador","Sendero Cerro Dragón",NA,"50c9509d-22c7-4a22-a47d-8c48425ef4a7",1.78e+13
"Opuntia galapageia Hensl.","Opuntia","galapageia","-90.485184","-0.525458","Ecuador","Sendero Cerro Dragón",NA,"50c9509d-22c7-4a22-a47d-8c48425ef4a7",1.78e+13
"Opuntia galapageia Hensl.","Opuntia","galapageia","-90.31566","-0.743386","Ecuador","Isla Santa Cruz",NA,"50c9509d-22c7-4a22-a47d-8c48425ef4a7",9.86e+08
"Opuntia galapageia Hensl.","Opuntia","galapageia","-90.164734","-0.583254","Ecuador","Isla Plaza Sur",NA,"50c9509d-22c7-4a22-a47d-8c48425ef4a7",1.78e+13
"Opuntia galapageia Hensl.","Opuntia","galapageia","-90.165194","-0.58373","Ecuador","Isla Plaza Sur",NA,"50c9509d-22c7-4a22-a47d-8c48425ef4a7",1.78e+13
"Opuntia galapageia Hensl.","Opuntia","galapageia","-90.271394","-0.459667","Ecuador","Isla Baltra",NA,"50c9509d-22c7-4a22-a47d-8c48425ef4a7",1.78e+13
"Opuntia galapageia Hensl.","Opuntia","galapageia","-90.313468","-0.747335","Ecuador","Isla Santa Cruz",NA,"50c9509d-22c7-4a22-a47d-8c48425ef4a7",9.86e+08
"Opuntia galapageia Hensl.","Opuntia","galapageia","-91.167905","-1.046526","Ecuador","Los Tuneles",NA,"50c9509d-22c7-4a22-a47d-8c48425ef4a7",1.78e+13
"Opuntia galapageia Hensl.","Opuntia","galapageia","-90.987377","-0.958057","Ecuador","Isla Isabela",NA,"50c9509d-22c7-4a22-a47d-8c48425ef4a7",1.78e+13
"Opuntia galapageia Hensl.","Opuntia","galapageia","-90.987377","-0.958057","Ecuador","Isla Isabela",NA,"50c9509d-22c7-4a22-a47d-8c48425ef4a7",1.78e+13
"Opuntia galapageia Hensl.","Opuntia","galapageia","-90.98754","-0.958219","Ecuador","Isla Isabela",NA,"50c9509d-22c7-4a22-a47d-8c48425ef4a7",1.78e+13
"Opuntia galapageia Hensl.","Opuntia","galapageia","-90.98754","-0.958219","Ecuador","Isla Isabela",NA,"50c9509d-22c7-4a22-a47d-8c48425ef4a7",1.78e+13
"Opuntia galapageia Hensl.","Opuntia","galapageia","-90.987463","-0.958584","Ecuador","Isla Isabela",NA,"50c9509d-22c7-4a22-a47d-8c48425ef4a7",1.78e+13
"Opuntia galapageia Hensl.","Opuntia","galapageia","-90.987468","-0.958577","Ecuador","Isla Isabela",NA,"50c9509d-22c7-4a22-a47d-8c48425ef4a7",1.78e+13
"Opuntia galapageia Hensl.","Opuntia","galapageia","-90.987468","-0.958577","Ecuador","Isla Isabela",NA,"50c9509d-22c7-4a22-a47d-8c48425ef4a7",1.78e+13
"Opuntia galapageia Hensl.","Opuntia","galapageia","-90.988761","-0.958869","Ecuador","Isla Isabela",NA,"50c9509d-22c7-4a22-a47d-8c48425ef4a7",1.78e+13
"Opuntia galapageia Hensl.","Opuntia","galapageia","-90.988709","-0.958794","Ecuador","Isla Isabela",NA,"50c9509d-22c7-4a22-a47d-8c48425ef4a7",1.78e+13
"Opuntia galapageia Hensl.","Opuntia","galapageia","-90.989038","-0.959354","Ecuador","Isla Isabela",NA,"50c9509d-22c7-4a22-a47d-8c48425ef4a7",1.78e+13
"Opuntia galapageia Hensl.","Opuntia","galapageia","-90.988602","-0.96061","Ecuador","Isla Isabela",NA,"50c9509d-22c7-4a22-a47d-8c48425ef4a7",1.78e+13
"Opuntia galapageia Hensl.","Opuntia","galapageia","-90.993025","-0.959098","Ecuador","Isla Isabela",NA,"50c9509d-22c7-4a22-a47d-8c48425ef4a7",1.78e+13
"Opuntia galapageia Hensl.","Opuntia","galapageia","-90.993789","-0.95947","Ecuador","Isla Isabela",NA,"50c9509d-22c7-4a22-a47d-8c48425ef4a7",1.78e+13
"Opuntia galapageia Hensl.","Opuntia","galapageia","-90.993605","-0.95942","Ecuador","Isla Isabela",NA,"50c9509d-22c7-4a22-a47d-8c48425ef4a7",1.78e+13
"Opuntia galapageia Hensl.","Opuntia","galapageia","-90.98985","-0.960032","Ecuador","Isla Isabela",NA,"50c9509d-22c7-4a22-a47d-8c48425ef4a7",1.78e+13
"Opuntia galapageia Hensl.","Opuntia","galapageia","-90.961824","-0.953443","Ecuador","Isla Isabela",NA,"50c9509d-22c7-4a22-a47d-8c48425ef4a7",1.78e+13
"Opuntia galapageia Hensl.","Opuntia","galapageia","-90.965142","-0.952827","Ecuador","Isla Isabela",NA,"50c9509d-22c7-4a22-a47d-8c48425ef4a7",1.78e+13
"Opuntia galapageia Hensl.","Opuntia","galapageia","-90.972576","-0.952755","Ecuador","Isla Isabela",NA,"50c9509d-22c7-4a22-a47d-8c48425ef4a7",1.78e+13
"Opuntia galapageia Hensl.","Opuntia","galapageia","-90.971297","-0.950805","Ecuador","Isla Isabela",NA,"50c9509d-22c7-4a22-a47d-8c48425ef4a7",1.78e+13
"Opuntia galapageia Hensl.","Opuntia","galapageia","-90.971297","-0.950805","Ecuador","Isla Isabela",NA,"50c9509d-22c7-4a22-a47d-8c48425ef4a7",1.78e+13
"Opuntia galapageia Hensl.","Opuntia","galapageia","-90.972368","-0.949927","Ecuador","Isla Isabela",NA,"50c9509d-22c7-4a22-a47d-8c48425ef4a7",1.78e+13
"Opuntia galapageia Hensl.","Opuntia","galapageia","-90.972527","-0.949721","Ecuador","Isla Isabela",NA,"50c9509d-22c7-4a22-a47d-8c48425ef4a7",1.78e+13
"Opuntia galapageia Hensl.","Opuntia","galapageia","-90.972718","-0.949681","Ecuador","Isla Isabela",NA,"50c9509d-22c7-4a22-a47d-8c48425ef4a7",1.78e+13
"Opuntia galapageia Hensl.","Opuntia","galapageia","-90.972805","-0.952623","Ecuador","Isla Isabela",NA,"50c9509d-22c7-4a22-a47d-8c48425ef4a7",1.78e+13
"Opuntia galapageia Hensl.","Opuntia","galapageia","-90.960044","-0.951821","Ecuador","Isla Isabela",NA,"50c9509d-22c7-4a22-a47d-8c48425ef4a7",1.78e+13
"Opuntia galapageia Hensl.","Opuntia","galapageia","-90.960044","-0.951821","Ecuador","Isla Isabela",NA,"50c9509d-22c7-4a22-a47d-8c48425ef4a7",1.78e+13
"Opuntia galapageia Hensl.","Opuntia","galapageia","-90.960609","-0.951197","Ecuador","Isla Isabela",NA,"50c9509d-22c7-4a22-a47d-8c48425ef4a7",1.78e+13
"Opuntia galapageia Hensl.","Opuntia","galapageia","-90.960247","-0.952804","Ecuador","Isla Isabela",NA,"50c9509d-22c7-4a22-a47d-8c48425ef4a7",1.78e+13
"Opuntia galapageia Hensl.","Opuntia","galapageia","-90.967267","-0.950838","Ecuador","Isla Isabela",NA,"50c9509d-22c7-4a22-a47d-8c48425ef4a7",1.78e+13
"Opuntia galapageia Hensl.","Opuntia","galapageia","-90.967267","-0.950838","Ecuador","Isla Isabela",NA,"50c9509d-22c7-4a22-a47d-8c48425ef4a7",1.78e+13
"Opuntia galapageia Hensl.","Opuntia","galapageia","-90.967222","-0.950494","Ecuador","Isla Isabela",NA,"50c9509d-22c7-4a22-a47d-8c48425ef4a7",1.78e+13
"Opuntia galapageia Hensl.","Opuntia","galapageia","-90.967222","-0.950494","Ecuador","Isla Isabela",NA,"50c9509d-22c7-4a22-a47d-8c48425ef4a7",1.78e+13
"Opuntia galapageia Hensl.","Opuntia","galapageia","-90.967053","-0.949817","Ecuador","Isla Isabela",NA,"50c9509d-22c7-4a22-a47d-8c48425ef4a7",1.78e+13
"Opuntia galapageia Hensl.","Opuntia","galapageia","-90.967172","-0.949691","Ecuador","Isla Isabela",NA,"50c9509d-22c7-4a22-a47d-8c48425ef4a7",1.78e+13
"Opuntia galapageia Hensl.","Opuntia","galapageia","-90.967172","-0.949691","Ecuador","Isla Isabela",NA,"50c9509d-22c7-4a22-a47d-8c48425ef4a7",1.78e+13
"Opuntia galapageia Hensl.","Opuntia","galapageia","-90.967172","-0.949691","Ecuador","Isla Isabela",NA,"50c9509d-22c7-4a22-a47d-8c48425ef4a7",1.78e+13
"Opuntia galapageia Hensl.","Opuntia","galapageia","-90.967238","-0.949663","Ecuador","Isla Isabela",NA,"50c9509d-22c7-4a22-a47d-8c48425ef4a7",1.78e+13
"Opuntia galapageia Hensl.","Opuntia","galapageia","-90.966905","-0.949653","Ecuador","Isla Isabela",NA,"50c9509d-22c7-4a22-a47d-8c48425ef4a7",1.78e+13
"Opuntia galapageia Hensl.","Opuntia","galapageia","-90.966905","-0.949653","Ecuador","Isla Isabela",NA,"50c9509d-22c7-4a22-a47d-8c48425ef4a7",1.78e+13
"Opuntia galapageia Hensl.","Opuntia","galapageia","-90.966133","-0.949824","Ecuador","Isla Isabela",NA,"50c9509d-22c7-4a22-a47d-8c48425ef4a7",1.78e+13
"Opuntia galapageia Hensl.","Opuntia","galapageia","-90.96651","-0.949711","Ecuador","Isla Isabela",NA,"50c9509d-22c7-4a22-a47d-8c48425ef4a7",1.78e+13
"Opuntia galapageia Hensl.","Opuntia","galapageia","-90.966133","-0.949824","Ecuador","Isla Isabela",NA,"50c9509d-22c7-4a22-a47d-8c48425ef4a7",1.78e+13
"Opuntia galapageia Hensl.","Opuntia","galapageia","-90.964476","-0.950241","Ecuador","Isla Isabela",NA,"50c9509d-22c7-4a22-a47d-8c48425ef4a7",1.78e+13
"Opuntia galapageia Hensl.","Opuntia","galapageia","-90.964476","-0.950241","Ecuador","Isla Isabela",NA,"50c9509d-22c7-4a22-a47d-8c48425ef4a7",1.78e+13
"Opuntia galapageia Hensl.","Opuntia","galapageia","-90.964092","-0.950333","Ecuador","Isla Isabela",NA,"50c9509d-22c7-4a22-a47d-8c48425ef4a7",1.78e+13
"Opuntia galapageia Hensl.","Opuntia","galapageia","-90.963706","-0.950419","Ecuador","Isla Isabela",NA,"50c9509d-22c7-4a22-a47d-8c48425ef4a7",1.78e+13
"Opuntia galapageia Hensl.","Opuntia","galapageia","-90.963706","-0.950419","Ecuador","Isla Isabela",NA,"50c9509d-22c7-4a22-a47d-8c48425ef4a7",1.78e+13
"Opuntia galapageia Hensl.","Opuntia","galapageia","-90.963706","-0.950419","Ecuador","Isla Isabela",NA,"50c9509d-22c7-4a22-a47d-8c48425ef4a7",1.78e+13
"Opuntia galapageia Hensl.","Opuntia","galapageia","-90.963188","-0.950552","Ecuador","Isla Isabela",NA,"50c9509d-22c7-4a22-a47d-8c48425ef4a7",1.78e+13
"Opuntia galapageia Hensl.","Opuntia","galapageia","-90.963188","-0.950552","Ecuador","Isla Isabela",NA,"50c9509d-22c7-4a22-a47d-8c48425ef4a7",1.78e+13
"Opuntia galapageia Hensl.","Opuntia","galapageia","-90.963188","-0.950552","Ecuador","Isla Isabela",NA,"50c9509d-22c7-4a22-a47d-8c48425ef4a7",1.78e+13
"Opuntia galapageia Hensl.","Opuntia","galapageia","-90.96279","-0.95067","Ecuador","Isla Isabela",NA,"50c9509d-22c7-4a22-a47d-8c48425ef4a7",1.78e+13
"Opuntia galapageia Hensl.","Opuntia","galapageia","-90.96279","-0.95067","Ecuador","Isla Isabela",NA,"50c9509d-22c7-4a22-a47d-8c48425ef4a7",1.78e+13
"Opuntia galapageia Hensl.","Opuntia","galapageia","-90.963392","-0.95939","Ecuador","Isla Isabela",NA,"50c9509d-22c7-4a22-a47d-8c48425ef4a7",1.78e+13
"Opuntia galapageia Hensl.","Opuntia","galapageia","-90.963392","-0.95939","Ecuador","Isla Isabela",NA,"50c9509d-22c7-4a22-a47d-8c48425ef4a7",1.78e+13
"Opuntia galapageia Hensl.","Opuntia","galapageia","-90.963392","-0.95939","Ecuador","Isla Isabela",NA,"50c9509d-22c7-4a22-a47d-8c48425ef4a7",1.78e+13
"Opuntia galapageia Hensl.","Opuntia","galapageia","-90.963031","-0.959585","Ecuador","Isla Isabela",NA,"50c9509d-22c7-4a22-a47d-8c48425ef4a7",1.78e+13
"Opuntia galapageia Hensl.","Opuntia","galapageia","-90.96308","-0.959485","Ecuador","Isla Isabela",NA,"50c9509d-22c7-4a22-a47d-8c48425ef4a7",1.78e+13
"Opuntia galapageia Hensl.","Opuntia","galapageia","-90.963031","-0.959585","Ecuador","Isla Isabela",NA,"50c9509d-22c7-4a22-a47d-8c48425ef4a7",1.78e+13
"Opuntia galapageia Hensl.","Opuntia","galapageia","-90.963031","-0.959585","Ecuador","Isla Isabela",NA,"50c9509d-22c7-4a22-a47d-8c48425ef4a7",1.78e+13
"Opuntia galapageia Hensl.","Opuntia","galapageia","-90.963031","-0.959585","Ecuador","Isla Isabela",NA,"50c9509d-22c7-4a22-a47d-8c48425ef4a7",1.78e+13
"Opuntia galapageia Hensl.","Opuntia","galapageia","-90.962978","-0.95967","Ecuador","Isla Isabela",NA,"50c9509d-22c7-4a22-a47d-8c48425ef4a7",1.78e+13
"Opuntia galapageia Hensl.","Opuntia","galapageia","-90.962978","-0.95967","Ecuador","Isla Isabela",NA,"50c9509d-22c7-4a22-a47d-8c48425ef4a7",1.78e+13
"Opuntia galapageia Hensl.","Opuntia","galapageia","-90.962907","-0.959768","Ecuador","Isla Isabela",NA,"50c9509d-22c7-4a22-a47d-8c48425ef4a7",1.78e+13
"Opuntia galapageia Hensl.","Opuntia","galapageia","-90.962907","-0.959768","Ecuador","Isla Isabela",NA,"50c9509d-22c7-4a22-a47d-8c48425ef4a7",1.78e+13
"Opuntia galapageia Hensl.","Opuntia","galapageia","-90.962907","-0.959768","Ecuador","Isla Isabela",NA,"50c9509d-22c7-4a22-a47d-8c48425ef4a7",1.78e+13
"Opuntia galapageia Hensl.","Opuntia","galapageia","-90.962907","-0.959768","Ecuador","Isla Isabela",NA,"50c9509d-22c7-4a22-a47d-8c48425ef4a7",1.78e+13
"Opuntia galapageia Hensl.","Opuntia","galapageia","-90.962966","-0.960403","Ecuador","Isla Isabela",NA,"50c9509d-22c7-4a22-a47d-8c48425ef4a7",1.78e+13
"Opuntia galapageia Hensl.","Opuntia","galapageia","-90.962915","-0.959993","Ecuador","Isla Isabela",NA,"50c9509d-22c7-4a22-a47d-8c48425ef4a7",1.78e+13
"Opuntia galapageia Hensl.","Opuntia","galapageia","-90.962998","-0.959923","Ecuador","Isla Isabela",NA,"50c9509d-22c7-4a22-a47d-8c48425ef4a7",1.78e+13
"Opuntia galapageia Hensl.","Opuntia","galapageia","-90.962681","-0.959364","Ecuador","Isla Isabela",NA,"50c9509d-22c7-4a22-a47d-8c48425ef4a7",1.78e+13
"Opuntia galapageia Hensl.","Opuntia","galapageia","-90.962636","-0.959737","Ecuador","Isla Isabela",NA,"50c9509d-22c7-4a22-a47d-8c48425ef4a7",1.78e+13
"Opuntia galapageia Hensl.","Opuntia","galapageia","-90.962487","-0.959714","Ecuador","Isla Isabela",NA,"50c9509d-22c7-4a22-a47d-8c48425ef4a7",1.78e+13
"Opuntia galapageia Hensl.","Opuntia","galapageia","-90.962197","-0.959936","Ecuador","Isla Isabela",NA,"50c9509d-22c7-4a22-a47d-8c48425ef4a7",1.78e+13
"Opuntia galapageia Hensl.","Opuntia","galapageia","-90.962487","-0.959714","Ecuador","Isla Isabela",NA,"50c9509d-22c7-4a22-a47d-8c48425ef4a7",1.78e+13
"Opuntia galapageia Hensl.","Opuntia","galapageia","-90.962197","-0.959936","Ecuador","Isla Isabela",NA,"50c9509d-22c7-4a22-a47d-8c48425ef4a7",1.78e+13
"Opuntia galapageia Hensl.","Opuntia","galapageia","-90.962197","-0.959936","Ecuador","Isla Isabela",NA,"50c9509d-22c7-4a22-a47d-8c48425ef4a7",1.78e+13
"Opuntia galapageia Hensl.","Opuntia","galapageia","-90.961817","-0.960265","Ecuador","Isla Isabela",NA,"50c9509d-22c7-4a22-a47d-8c48425ef4a7",1.78e+13
"Opuntia galapageia Hensl.","Opuntia","galapageia","-90.961817","-0.960265","Ecuador","Isla Isabela",NA,"50c9509d-22c7-4a22-a47d-8c48425ef4a7",1.78e+13
"Opuntia galapageia Hensl.","Opuntia","galapageia","-90.961817","-0.960265","Ecuador","Isla Isabela",NA,"50c9509d-22c7-4a22-a47d-8c48425ef4a7",1.78e+13
"Opuntia galapageia Hensl.","Opuntia","galapageia","-90.959839","-0.961051","Ecuador","Isla Isabela",NA,"50c9509d-22c7-4a22-a47d-8c48425ef4a7",1.78e+13
"Opuntia galapageia Hensl.","Opuntia","galapageia","-90.959428","-0.961312","Ecuador","Isla Isabela",NA,"50c9509d-22c7-4a22-a47d-8c48425ef4a7",1.78e+13
"Opuntia galapageia Hensl.","Opuntia","galapageia","-90.959428","-0.961312","Ecuador","Isla Isabela",NA,"50c9509d-22c7-4a22-a47d-8c48425ef4a7",1.78e+13
"Opuntia galapageia Hensl.","Opuntia","galapageia","-90.95984","-0.961193","Ecuador","Isla Isabela",NA,"50c9509d-22c7-4a22-a47d-8c48425ef4a7",1.78e+13
"Opuntia galapageia Hensl.","Opuntia","galapageia","-90.961574","-0.960123","Ecuador","Isla Isabela",NA,"50c9509d-22c7-4a22-a47d-8c48425ef4a7",1.78e+13
"Opuntia galapageia Hensl.","Opuntia","galapageia","-90.963267","-0.957866","Ecuador","Isla Isabela",NA,"50c9509d-22c7-4a22-a47d-8c48425ef4a7",1.78e+13
"Opuntia galapageia Hensl.","Opuntia","galapageia","-90.963267","-0.957866","Ecuador","Isla Isabela",NA,"50c9509d-22c7-4a22-a47d-8c48425ef4a7",1.78e+13
"Opuntia galapageia Hensl.","Opuntia","galapageia","-90.963467","-0.957665","Ecuador","Isla Isabela",NA,"50c9509d-22c7-4a22-a47d-8c48425ef4a7",1.78e+13
"Opuntia galapageia Hensl.","Opuntia","galapageia","-90.993538","-0.95939","Ecuador","Isla Isabela",NA,"50c9509d-22c7-4a22-a47d-8c48425ef4a7",1.78e+13
"Opuntia galapageia Hensl.","Opuntia","galapageia","-90.989161","-0.960263","Ecuador","Isla Isabela",NA,"50c9509d-22c7-4a22-a47d-8c48425ef4a7",1.78e+13
"Opuntia galapageia Hensl.","Opuntia","galapageia","-90.291633","-0.637388","Ecuador","Isla Santa Cruz",NA,"50c9509d-22c7-4a22-a47d-8c48425ef4a7",9.86e+08
"Opuntia galapageia Hensl.","Opuntia","galapageia","-90.290383","-0.400164","Ecuador","Isla North Seymore",NA,"50c9509d-22c7-4a22-a47d-8c48425ef4a7",1.78e+13
"Opuntia galapageia Hensl.","Opuntia","galapageia","-90.963853","-0.957847","Ecuador","Isla Isabela",NA,"50c9509d-22c7-4a22-a47d-8c48425ef4a7",1.78e+13
"Opuntia galapageia Hensl.","Opuntia","galapageia","-90.266816","-0.441498","Ecuador","Bar Cafetería Baltra",NA,"50c9509d-22c7-4a22-a47d-8c48425ef4a7",1.78e+13
"Opuntia galapageia Hensl.","Opuntia","galapageia","-90.311466","-0.743817","Ecuador","Isla Santa Cruz",NA,"50c9509d-22c7-4a22-a47d-8c48425ef4a7",9.86e+08
"Opuntia galapageia Hensl.","Opuntia","galapageia","-89.454791","-0.765744","Ecuador","Isla San Cristobal",NA,"50c9509d-22c7-4a22-a47d-8c48425ef4a7",5.58e+08
"Opuntia galapageia Hensl.","Opuntia","galapageia","-89.609134","-0.894892","Ecuador","Isla San Cristobal",NA,"50c9509d-22c7-4a22-a47d-8c48425ef4a7",5.58e+08
"Opuntia galapageia Hensl.","Opuntia","galapageia","-90.303461","-0.741087","Ecuador","Isla Santa Cruz",NA,"50c9509d-22c7-4a22-a47d-8c48425ef4a7",9.86e+08
"Opuntia galapageia Hensl.","Opuntia","galapageia","-90.282637","-0.477779","Ecuador",NA,NA,"50c9509d-22c7-4a22-a47d-8c48425ef4a7",1.78e+13
"Opuntia galapageia Hensl.","Opuntia","galapageia","-89.608865","-0.893381","Ecuador","Isla San Cristobal",NA,"50c9509d-22c7-4a22-a47d-8c48425ef4a7",5.58e+08
"Opuntia galapageia Hensl.","Opuntia","galapageia","-89.609206","-0.896084","Ecuador","Isla San Cristobal",NA,"50c9509d-22c7-4a22-a47d-8c48425ef4a7",5.58e+08
"Opuntia galapageia Hensl.","Opuntia","galapageia","-90.282611","-0.477844","Ecuador",NA,NA,"50c9509d-22c7-4a22-a47d-8c48425ef4a7",1.78e+13
"Opuntia galapageia Hensl.","Opuntia","galapageia","-90.486283","-0.530462","Ecuador","Isla Santa Cruz",NA,"50c9509d-22c7-4a22-a47d-8c48425ef4a7",9.86e+08
"Opuntia galapageia Hensl.","Opuntia","galapageia","-90.241335","-0.634073","Ecuador","Isla Santa Cruz",NA,"50c9509d-22c7-4a22-a47d-8c48425ef4a7",9.86e+08
"Opuntia galapageia Hensl.","Opuntia","galapageia","-90.26894","-0.444744","Ecuador","Bar Cafetería Baltra",NA,"50c9509d-22c7-4a22-a47d-8c48425ef4a7",1.78e+13
"Opuntia galapageia Hensl.","Opuntia","galapageia","-90.26894","-0.444744","Ecuador","Bar Cafetería Baltra",NA,"50c9509d-22c7-4a22-a47d-8c48425ef4a7",1.78e+13
"Opuntia galapageia Hensl.","Opuntia","galapageia","-90.26894","-0.444744","Ecuador","Bar Cafetería Baltra",NA,"50c9509d-22c7-4a22-a47d-8c48425ef4a7",1.78e+13
"Opuntia galapageia Hensl.","Opuntia","galapageia","-89.61106","-0.900543","Ecuador","Isla San Cristobal",NA,"50c9509d-22c7-4a22-a47d-8c48425ef4a7",5.58e+08
"Opuntia galapageia Hensl.","Opuntia","galapageia","-90.312299","-0.748053","Ecuador","Isla Santa Cruz",NA,"50c9509d-22c7-4a22-a47d-8c48425ef4a7",9.86e+08
"Opuntia galapageia Hensl.","Opuntia","galapageia","-90.971556","-0.953951","Ecuador","Isla Isabela",NA,"50c9509d-22c7-4a22-a47d-8c48425ef4a7",1.78e+13
"Opuntia galapageia Hensl.","Opuntia","galapageia","-90.303032","-0.742757","Ecuador","Isla Santa Cruz",NA,"50c9509d-22c7-4a22-a47d-8c48425ef4a7",9.86e+08
"Opuntia galapageia Hensl.","Opuntia","galapageia","-90.331557","-0.759852","Ecuador","Isla Santa Cruz",NA,"50c9509d-22c7-4a22-a47d-8c48425ef4a7",9.86e+08
"Opuntia galapageia Hensl.","Opuntia","galapageia","-89.61003","-0.889453","Ecuador","Naval Cannon",NA,"50c9509d-22c7-4a22-a47d-8c48425ef4a7",1.78e+13
"Opuntia galapageia Hensl.","Opuntia","galapageia","-90.323722","-0.751088","Ecuador","Isla Santa Cruz",NA,"50c9509d-22c7-4a22-a47d-8c48425ef4a7",9.86e+08
"Opuntia galapageia Hensl.","Opuntia","galapageia","-90.322327","-0.74931","Ecuador","Isla Santa Cruz",NA,"50c9509d-22c7-4a22-a47d-8c48425ef4a7",9.86e+08
"Opuntia galapageia Hensl.","Opuntia","galapageia","-89.420278","-0.816389","Ecuador","Isla San Cristobal",NA,"50c9509d-22c7-4a22-a47d-8c48425ef4a7",5.58e+08
"Opuntia galapageia Hensl.","Opuntia","galapageia","-90.340369","-0.764406","Ecuador","Isla Santa Cruz",NA,"50c9509d-22c7-4a22-a47d-8c48425ef4a7",9.86e+08
"Opuntia galapageia Hensl.","Opuntia","galapageia","-90.340369","-0.764406","Ecuador","Isla Santa Cruz",NA,"50c9509d-22c7-4a22-a47d-8c48425ef4a7",9.86e+08
"Opuntia galapageia Hensl.","Opuntia","galapageia","-90.314994","-0.756558","Ecuador","Isla Santa Cruz",NA,"50c9509d-22c7-4a22-a47d-8c48425ef4a7",9.86e+08
"Opuntia galapageia Hensl.","Opuntia","galapageia","-90.340888","-0.764572","Ecuador","Isla Santa Cruz",NA,"50c9509d-22c7-4a22-a47d-8c48425ef4a7",9.86e+08
"Opuntia galapageia Hensl.","Opuntia","galapageia","-89.430062","-0.9248","Ecuador","Isla San Cristobal",NA,"50c9509d-22c7-4a22-a47d-8c48425ef4a7",5.58e+08
"Opuntia galapageia Hensl.","Opuntia","galapageia","-89.43038","-0.922563","Ecuador","Isla San Cristobal",NA,"50c9509d-22c7-4a22-a47d-8c48425ef4a7",5.58e+08
"Opuntia galapageia Hensl.","Opuntia","galapageia","-89.949142","0.318464","Ecuador","Playa Darwin",NA,"50c9509d-22c7-4a22-a47d-8c48425ef4a7",1.78e+13
"Opuntia galapageia Hensl.","Opuntia","galapageia","-89.950525","0.317936","Ecuador","Playa Darwin",NA,"50c9509d-22c7-4a22-a47d-8c48425ef4a7",1.78e+13
"Opuntia galapageia Hensl.","Opuntia","galapageia","-90.865942","-0.243897","Ecuador","Puerto Egas",NA,"50c9509d-22c7-4a22-a47d-8c48425ef4a7",1.78e+13
"Opuntia galapageia Hensl.","Opuntia","galapageia","-89.43038","-0.922547","Ecuador","Isla San Cristobal",NA,"50c9509d-22c7-4a22-a47d-8c48425ef4a7",5.58e+08
"Opuntia galapageia Hensl.","Opuntia","galapageia","-89.609038","-0.896462","Ecuador","Isla San Cristobal",NA,"50c9509d-22c7-4a22-a47d-8c48425ef4a7",5.58e+08
"Opuntia galapageia Hensl.","Opuntia","galapageia","-90.337189","-0.639359","Ecuador","Isla Santa Cruz",NA,"50c9509d-22c7-4a22-a47d-8c48425ef4a7",9.86e+08
"Opuntia galapageia Hensl.","Opuntia","galapageia","-90.290367","-0.400175","Ecuador","Isla North Seymore",NA,"50c9509d-22c7-4a22-a47d-8c48425ef4a7",1.78e+13
"Opuntia galapageia Hensl.","Opuntia","galapageia","-90.290847","-0.399162","Ecuador","Isla North Seymore",NA,"50c9509d-22c7-4a22-a47d-8c48425ef4a7",1.78e+13
"Opuntia galapageia Hensl.","Opuntia","galapageia","-90.164872","-0.582608","Ecuador","Isla Plaza Sur",NA,"50c9509d-22c7-4a22-a47d-8c48425ef4a7",1.78e+13
"Opuntia galapageia Hensl.","Opuntia","galapageia","-91.099505","-0.786466","Ecuador","Isla Isabela",NA,"50c9509d-22c7-4a22-a47d-8c48425ef4a7",1.78e+13
"Opuntia galapageia Hensl.","Opuntia","galapageia","-91.013689","-0.964694","Ecuador","Isla Isabela",NA,"50c9509d-22c7-4a22-a47d-8c48425ef4a7",1.78e+13
"Opuntia galapageia Hensl.","Opuntia","galapageia","-90.290863","-0.399192","Ecuador","Isla North Seymore",NA,"50c9509d-22c7-4a22-a47d-8c48425ef4a7",1.78e+13
"Opuntia galapageia Hensl.","Opuntia","galapageia","-90.314955","-0.75723","Ecuador","Las Grietas",NA,"50c9509d-22c7-4a22-a47d-8c48425ef4a7",1.78e+13
"Opuntia galapageia Hensl.","Opuntia","galapageia","-89.612044","-0.892696","Ecuador","Avenida Alsacio Northia",NA,"50c9509d-22c7-4a22-a47d-8c48425ef4a7",1.78e+13
"Opuntia galapageia Hensl.","Opuntia","galapageia","-90.311928","-0.744467","Ecuador","Isla Santa Cruz",NA,"50c9509d-22c7-4a22-a47d-8c48425ef4a7",9.86e+08
"Opuntia galapageia Hensl.","Opuntia","galapageia","-90.319878","-0.746678","Ecuador","Isla Santa Cruz",NA,"50c9509d-22c7-4a22-a47d-8c48425ef4a7",9.86e+08
"Opuntia galapageia var. galapageia","Opuntia","galapageia","-90.316927","-0.576908","Ecuador","Isla Santa Cruz",NA,"50c9509d-22c7-4a22-a47d-8c48425ef4a7",9.86e+08
"Opuntia galapageia Hensl.","Opuntia","galapageia","-90.312143","-0.744205","Ecuador","Isla Santa Cruz",NA,"50c9509d-22c7-4a22-a47d-8c48425ef4a7",9.86e+08
"Opuntia galapageia Hensl.","Opuntia","galapageia","-90.3409","-0.7629","Ecuador","Isla Santa Cruz",NA,"50c9509d-22c7-4a22-a47d-8c48425ef4a7",9.86e+08
"Opuntia galapageia Hensl.","Opuntia","galapageia","-90.326868","-0.754838","Ecuador","Isla Santa Cruz",NA,"50c9509d-22c7-4a22-a47d-8c48425ef4a7",9.86e+08
"Opuntia galapageia Hensl.","Opuntia","galapageia","-90.162509","-0.583779","Ecuador",NA,NA,"50c9509d-22c7-4a22-a47d-8c48425ef4a7",1.78e+13
"Opuntia galapageia Hensl.","Opuntia","galapageia","-90.165218","-0.583766","Ecuador","Isla Plaza Sur",NA,"50c9509d-22c7-4a22-a47d-8c48425ef4a7",1.78e+13
"Opuntia galapageia Hensl.","Opuntia","galapageia","-89.609001","-0.895637","Ecuador","Isla San Cristobal",NA,"50c9509d-22c7-4a22-a47d-8c48425ef4a7",5.58e+08
"Opuntia galapageia Hensl.","Opuntia","galapageia","-89.427443","-0.923718","Ecuador","Isla San Cristobal",NA,"50c9509d-22c7-4a22-a47d-8c48425ef4a7",5.58e+08
"Opuntia galapageia Hensl.","Opuntia","galapageia","-90.319642","-0.746472","Ecuador","Isla Santa Cruz",NA,"50c9509d-22c7-4a22-a47d-8c48425ef4a7",9.86e+08
"Opuntia galapageia Hensl.","Opuntia","galapageia","-90.337189","-0.639359","Ecuador","Isla Santa Cruz",NA,"50c9509d-22c7-4a22-a47d-8c48425ef4a7",9.86e+08
"Opuntia galapageia Hensl.","Opuntia","galapageia","-90.304078","-0.740838","Ecuador","Isla Santa Cruz",NA,"50c9509d-22c7-4a22-a47d-8c48425ef4a7",9.86e+08
"Opuntia galapageia Hensl.","Opuntia","galapageia","-89.608803","-0.899155","Ecuador","Isla San Cristobal",NA,"50c9509d-22c7-4a22-a47d-8c48425ef4a7",5.58e+08
"Opuntia galapageia Hensl.","Opuntia","galapageia","-90.315362","-0.756953","Ecuador","Isla Santa Cruz",NA,"50c9509d-22c7-4a22-a47d-8c48425ef4a7",9.86e+08
"Opuntia galapageia Hensl.","Opuntia","galapageia","-90.315138","-0.7567","Ecuador","Isla Santa Cruz",NA,"50c9509d-22c7-4a22-a47d-8c48425ef4a7",9.86e+08
"Opuntia galapageia Hensl.","Opuntia","galapageia","-90.31018","-0.753263","Ecuador","Isla Santa Cruz",NA,"50c9509d-22c7-4a22-a47d-8c48425ef4a7",9.86e+08
"Opuntia galapageia Hensl.","Opuntia","galapageia","-90.327508","-0.755228","Ecuador","Isla Santa Cruz",NA,"50c9509d-22c7-4a22-a47d-8c48425ef4a7",9.86e+08
"Opuntia galapageia Hensl.","Opuntia","galapageia","-90.32753","-0.75527","Ecuador","Isla Santa Cruz",NA,"50c9509d-22c7-4a22-a47d-8c48425ef4a7",9.86e+08
"Opuntia galapageia Hensl.","Opuntia","galapageia","-90.326425","-0.75398","Ecuador","Isla Santa Cruz",NA,"50c9509d-22c7-4a22-a47d-8c48425ef4a7",9.86e+08
"Opuntia galapageia Hensl.","Opuntia","galapageia","-89.609628","-0.893697","Ecuador","Isla San Cristobal",NA,"50c9509d-22c7-4a22-a47d-8c48425ef4a7",5.58e+08
"Opuntia galapageia Hensl.","Opuntia","galapageia","-89.609101","-0.893311","Ecuador","Isla San Cristobal",NA,"50c9509d-22c7-4a22-a47d-8c48425ef4a7",5.58e+08
"Opuntia galapageia Hensl.","Opuntia","galapageia","-89.609542","-0.893578","Ecuador","Isla San Cristobal",NA,"50c9509d-22c7-4a22-a47d-8c48425ef4a7",5.58e+08
"Opuntia galapageia Hensl.","Opuntia","galapageia","-89.430412","-0.922192","Ecuador","Isla San Cristobal",NA,"50c9509d-22c7-4a22-a47d-8c48425ef4a7",5.58e+08
"Opuntia galapageia Hensl.","Opuntia","galapageia","-90.304778","-0.742012","Ecuador","Isla Santa Cruz",NA,"50c9509d-22c7-4a22-a47d-8c48425ef4a7",9.86e+08
"Opuntia galapageia Hensl.","Opuntia","galapageia","-90.987575","-0.734067","Ecuador","Isla Isabela",NA,"50c9509d-22c7-4a22-a47d-8c48425ef4a7",1.78e+13
"Opuntia galapageia Hensl.","Opuntia","galapageia","-90.323875","-0.751167","Ecuador","Isla Santa Cruz",NA,"50c9509d-22c7-4a22-a47d-8c48425ef4a7",9.86e+08
"Opuntia galapageia Hensl.","Opuntia","galapageia","-89.609597","-0.893528","Ecuador","Isla San Cristobal",NA,"50c9509d-22c7-4a22-a47d-8c48425ef4a7",5.58e+08
"Opuntia galapageia Hensl.","Opuntia","galapageia","-89.610038","-0.88967","Ecuador","Naval Cannon",NA,"50c9509d-22c7-4a22-a47d-8c48425ef4a7",1.78e+13
"Opuntia galapageia Hensl.","Opuntia","galapageia","-90.304428","-0.741297","Ecuador","Isla Santa Cruz",NA,"50c9509d-22c7-4a22-a47d-8c48425ef4a7",9.86e+08
"Opuntia galapageia Hensl.","Opuntia","galapageia","-89.430047","-0.924847","Ecuador","Isla San Cristobal",NA,"50c9509d-22c7-4a22-a47d-8c48425ef4a7",5.58e+08
"Opuntia galapageia Hensl.","Opuntia","galapageia","-90.287833","-0.396023","Ecuador","Isla North Seymore",NA,"50c9509d-22c7-4a22-a47d-8c48425ef4a7",1.78e+13
"Opuntia galapageia Hensl.","Opuntia","galapageia","-90.964147","-0.954457","Ecuador","Isla Isabela",NA,"50c9509d-22c7-4a22-a47d-8c48425ef4a7",1.78e+13
"Opuntia galapageia Hensl.","Opuntia","galapageia","-91.10025","-0.78385","Ecuador","Isla Isabela",NA,"50c9509d-22c7-4a22-a47d-8c48425ef4a7",1.78e+13
"Opuntia galapageia Hensl.","Opuntia","galapageia","-90.312272","-0.754205","Ecuador","Isla Santa Cruz",NA,"50c9509d-22c7-4a22-a47d-8c48425ef4a7",9.86e+08
"Opuntia galapageia Hensl.","Opuntia","galapageia","-91.007478","-0.96322","Ecuador","Isla Isabela",NA,"50c9509d-22c7-4a22-a47d-8c48425ef4a7",1.78e+13
"Opuntia galapageia Hensl.","Opuntia","galapageia","-91.013458","-0.964225","Ecuador","Isla Isabela",NA,"50c9509d-22c7-4a22-a47d-8c48425ef4a7",1.78e+13
"Opuntia galapageia Hensl.","Opuntia","galapageia","-90.264437","-0.445642","Ecuador","Bar Cafetería Baltra",NA,"50c9509d-22c7-4a22-a47d-8c48425ef4a7",1.78e+13
"Opuntia galapageia Hensl.","Opuntia","galapageia","-90.341417","-0.49328","Ecuador","Caleta Tortuga Negra",NA,"50c9509d-22c7-4a22-a47d-8c48425ef4a7",1.78e+13
"Opuntia galapageia Hensl.","Opuntia","galapageia","-90.308167","-0.762583","Ecuador","Playa de Los Perros",NA,"50c9509d-22c7-4a22-a47d-8c48425ef4a7",1.78e+13
"Opuntia galapageia Hensl.","Opuntia","galapageia","-91.166642","-1.045772","Ecuador","Los Tuneles",NA,"50c9509d-22c7-4a22-a47d-8c48425ef4a7",1.78e+13
"Opuntia galapageia Hensl.","Opuntia","galapageia","-90.290315","-0.400168","Ecuador","Isla North Seymore",NA,"50c9509d-22c7-4a22-a47d-8c48425ef4a7",1.78e+13
"Opuntia galapageia Hensl.","Opuntia","galapageia","-90.327497","-0.755255","Ecuador","Isla Santa Cruz",NA,"50c9509d-22c7-4a22-a47d-8c48425ef4a7",9.86e+08
"Opuntia galapageia Hensl.","Opuntia","galapageia","-90.321392","-0.74841","Ecuador","Isla Santa Cruz",NA,"50c9509d-22c7-4a22-a47d-8c48425ef4a7",9.86e+08
"Opuntia galapageia Hensl.","Opuntia","galapageia","-90.324991","-0.752664","Ecuador","Isla Santa Cruz",NA,"50c9509d-22c7-4a22-a47d-8c48425ef4a7",9.86e+08
"Opuntia galapageia Hensl.","Opuntia","galapageia","-90.327349","-0.754931","Ecuador","Isla Santa Cruz",NA,"50c9509d-22c7-4a22-a47d-8c48425ef4a7",9.86e+08
"Opuntia galapageia Hensl.","Opuntia","galapageia","-90.309966","-0.755845","Ecuador","Muelle Furrio",NA,"50c9509d-22c7-4a22-a47d-8c48425ef4a7",1.78e+13
"Opuntia galapageia Hensl.","Opuntia","galapageia","-90.386986","-1.242844","Ecuador","Isla Campeón",NA,"50c9509d-22c7-4a22-a47d-8c48425ef4a7",62500
"Opuntia galapageia Hensl.","Opuntia","galapageia","-90.387444","-1.239042","Ecuador","Isla Campeón",NA,"50c9509d-22c7-4a22-a47d-8c48425ef4a7",62500
"Opuntia galapageia Hensl.","Opuntia","galapageia","-90.384667","-1.23907","Ecuador","Isla Campeón",NA,"50c9509d-22c7-4a22-a47d-8c48425ef4a7",62500
"Opuntia galapageia Hensl.","Opuntia","galapageia","-90.386017","-1.239473","Ecuador","Isla Campeón",NA,"50c9509d-22c7-4a22-a47d-8c48425ef4a7",62500
"Opuntia galapageia Hensl.","Opuntia","galapageia","-90.387787","-1.238347","Ecuador","Isla Campeón",NA,"50c9509d-22c7-4a22-a47d-8c48425ef4a7",62500
"Opuntia galapageia Hensl.","Opuntia","galapageia","-90.30349","-0.742362","Ecuador","Isla Santa Cruz",NA,"50c9509d-22c7-4a22-a47d-8c48425ef4a7",9.86e+08
"Opuntia galapageia Hensl.","Opuntia","galapageia","-90.303292","-0.74125","Ecuador","Isla Santa Cruz",NA,"50c9509d-22c7-4a22-a47d-8c48425ef4a7",9.86e+08
"Opuntia galapageia Hensl.","Opuntia","galapageia","-90.303215","-0.741577","Ecuador","Isla Santa Cruz",NA,"50c9509d-22c7-4a22-a47d-8c48425ef4a7",9.86e+08
"Opuntia galapageia Hensl.","Opuntia","galapageia","-90.488548","-0.52587","Ecuador","Sendero Cerro Dragón",NA,"50c9509d-22c7-4a22-a47d-8c48425ef4a7",1.78e+13
"Opuntia galapageia Hensl.","Opuntia","galapageia","-90.26842","-0.444224","Ecuador","Bar Cafetería Baltra",NA,"50c9509d-22c7-4a22-a47d-8c48425ef4a7",1.78e+13
"Opuntia galapageia Hensl.","Opuntia","galapageia","-90.320108","-0.746996","Ecuador","Isla Santa Cruz",NA,"50c9509d-22c7-4a22-a47d-8c48425ef4a7",9.86e+08
"Opuntia galapageia Hensl.","Opuntia","galapageia","-90.321633","-0.748633","Ecuador","Isla Santa Cruz",NA,"50c9509d-22c7-4a22-a47d-8c48425ef4a7",9.86e+08
"Opuntia galapageia Hensl.","Opuntia","galapageia","-90.321659","-0.748702","Ecuador","Isla Santa Cruz",NA,"50c9509d-22c7-4a22-a47d-8c48425ef4a7",9.86e+08
"Opuntia galapageia Hensl.","Opuntia","galapageia","-90.160618","-0.584308","Ecuador",NA,NA,"50c9509d-22c7-4a22-a47d-8c48425ef4a7",1.78e+13
"Opuntia galapageia Hensl.","Opuntia","galapageia","-90.160618","-0.584308","Ecuador",NA,NA,"50c9509d-22c7-4a22-a47d-8c48425ef4a7",1.78e+13
"Opuntia galapageia Hensl.","Opuntia","galapageia","-90.065334","-0.819877","Ecuador","Isla Santa Fe",NA,"50c9509d-22c7-4a22-a47d-8c48425ef4a7",1.78e+13
"Opuntia galapageia Hensl.","Opuntia","galapageia","-89.607826","-0.889404","Ecuador","Isla San Cristobal",NA,"50c9509d-22c7-4a22-a47d-8c48425ef4a7",5.58e+08
"Opuntia galapageia Hensl.","Opuntia","galapageia","-90.340511","-0.764439","Ecuador","Isla Santa Cruz",NA,"50c9509d-22c7-4a22-a47d-8c48425ef4a7",9.86e+08
"Opuntia galapageia Hensl.","Opuntia","galapageia","-90.340903","-0.764556","Ecuador","Isla Santa Cruz",NA,"50c9509d-22c7-4a22-a47d-8c48425ef4a7",9.86e+08
"Opuntia galapageia Hensl.","Opuntia","galapageia","-90.320106","-0.746967","Ecuador","Isla Santa Cruz",NA,"50c9509d-22c7-4a22-a47d-8c48425ef4a7",9.86e+08
"Opuntia galapageia Hensl.","Opuntia","galapageia","-90.267643","-0.444284","Ecuador","Bar Cafetería Baltra",NA,"50c9509d-22c7-4a22-a47d-8c48425ef4a7",1.78e+13
"Opuntia galapageia Hensl.","Opuntia","galapageia","-90.315861","-0.753745","Ecuador","Isla Santa Cruz",NA,"50c9509d-22c7-4a22-a47d-8c48425ef4a7",9.86e+08
"Opuntia galapageia Hensl.","Opuntia","galapageia","-90.26938","-0.438818","Ecuador","Vía Aeropuerto",NA,"50c9509d-22c7-4a22-a47d-8c48425ef4a7",1.78e+13
"Opuntia galapageia Hensl.","Opuntia","galapageia","-90.309834","-0.756286","Ecuador","Muelle Furrio",NA,"50c9509d-22c7-4a22-a47d-8c48425ef4a7",1.78e+13
"Opuntia galapageia Hensl.","Opuntia","galapageia","-90.318038","-0.754803","Ecuador","Isla Santa Cruz",NA,"50c9509d-22c7-4a22-a47d-8c48425ef4a7",9.86e+08
"Opuntia galapageia Hensl.","Opuntia","galapageia","-90.307164","-0.741358","Ecuador","Isla Santa Cruz",NA,"50c9509d-22c7-4a22-a47d-8c48425ef4a7",9.86e+08
"Opuntia galapageia var. profusa E.F.Anderson & Walk.","Opuntia","galapageia","-90.706233","-0.40063","Ecuador","No name (flamingos)",NA,"50c9509d-22c7-4a22-a47d-8c48425ef4a7",1.78e+13
"Opuntia galapageia Hensl.","Opuntia","galapageia","-90.320032","-0.746796","Ecuador","Isla Santa Cruz",NA,"50c9509d-22c7-4a22-a47d-8c48425ef4a7",9.86e+08
"Opuntia galapageia Hensl.","Opuntia","galapageia","-90.444042","-1.227762","Ecuador","Isla Santa Maria",NA,"50c9509d-22c7-4a22-a47d-8c48425ef4a7",1.78e+13
"Opuntia galapageia Hensl.","Opuntia","galapageia","-89.608449","-0.893236","Ecuador","Isla San Cristobal",NA,"50c9509d-22c7-4a22-a47d-8c48425ef4a7",5.58e+08
"Opuntia galapageia Hensl.","Opuntia","galapageia","-90.220414","-0.694699","Ecuador","Playa El Garrapatero",NA,"50c9509d-22c7-4a22-a47d-8c48425ef4a7",1.78e+13
"Opuntia galapageia Hensl.","Opuntia","galapageia","-90.333531","-0.765688","Ecuador","Isla Santa Cruz",NA,"50c9509d-22c7-4a22-a47d-8c48425ef4a7",9.86e+08
"Opuntia galapageia Hensl.","Opuntia","galapageia","-90.333531","-0.765688","Ecuador","Isla Santa Cruz",NA,"50c9509d-22c7-4a22-a47d-8c48425ef4a7",9.86e+08
"Opuntia galapageia Hensl.","Opuntia","galapageia","-90.331294","-0.759309","Ecuador","Isla Santa Cruz",NA,"50c9509d-22c7-4a22-a47d-8c48425ef4a7",9.86e+08
"Opuntia galapageia Hensl.","Opuntia","galapageia","-89.609337","-0.893555","Ecuador","Isla San Cristobal",NA,"50c9509d-22c7-4a22-a47d-8c48425ef4a7",5.58e+08
"Opuntia galapageia Hensl.","Opuntia","galapageia","-90.164894","-0.582628","Ecuador","Isla Plaza Sur",NA,"50c9509d-22c7-4a22-a47d-8c48425ef4a7",1.78e+13
"Opuntia galapageia Hensl.","Opuntia","galapageia","-90.290055","-0.399558","Ecuador","Isla North Seymore",NA,"50c9509d-22c7-4a22-a47d-8c48425ef4a7",1.78e+13
"Opuntia galapageia Hensl.","Opuntia","galapageia","-90.222382","-0.690928","Ecuador","Isla Santa Cruz",NA,"50c9509d-22c7-4a22-a47d-8c48425ef4a7",9.86e+08
"Opuntia galapageia Hensl.","Opuntia","galapageia","-90.32277","-0.72537","Ecuador","Isla Santa Cruz",NA,"50c9509d-22c7-4a22-a47d-8c48425ef4a7",9.86e+08
"Opuntia galapageia Hensl.","Opuntia","galapageia","-89.949028","0.318478","Ecuador","Playa Darwin",NA,"50c9509d-22c7-4a22-a47d-8c48425ef4a7",1.78e+13
"Opuntia galapageia Hensl.","Opuntia","galapageia","-89.950525","0.317988","Ecuador","Playa Darwin",NA,"50c9509d-22c7-4a22-a47d-8c48425ef4a7",1.78e+13
"Opuntia galapageia Hensl.","Opuntia","galapageia","-90.325797","-0.753375","Ecuador","Isla Santa Cruz",NA,"50c9509d-22c7-4a22-a47d-8c48425ef4a7",9.86e+08
"Opuntia galapageia Hensl.","Opuntia","galapageia","-90.330688","-0.758728","Ecuador","Isla Santa Cruz",NA,"50c9509d-22c7-4a22-a47d-8c48425ef4a7",9.86e+08
"Opuntia galapageia Hensl.","Opuntia","galapageia","-90.331987","-0.760237","Ecuador","Isla Santa Cruz",NA,"50c9509d-22c7-4a22-a47d-8c48425ef4a7",9.86e+08
"Opuntia galapageia Hensl.","Opuntia","galapageia","-90.325225","-0.75257","Ecuador","Isla Santa Cruz",NA,"50c9509d-22c7-4a22-a47d-8c48425ef4a7",9.86e+08
"Opuntia galapageia Hensl.","Opuntia","galapageia","-90.268753","-0.44478","Ecuador","Bar Cafetería Baltra",NA,"50c9509d-22c7-4a22-a47d-8c48425ef4a7",1.78e+13
"Opuntia galapageia Hensl.","Opuntia","galapageia","-90.340802","-0.764542","Ecuador","Isla Santa Cruz",NA,"50c9509d-22c7-4a22-a47d-8c48425ef4a7",9.86e+08
"Opuntia galapageia Hensl.","Opuntia","galapageia","-90.164908","-0.582634","Ecuador","Isla Plaza Sur",NA,"50c9509d-22c7-4a22-a47d-8c48425ef4a7",1.78e+13
"Opuntia galapageia Hensl.","Opuntia","galapageia","-90.555053","-0.282753","Ecuador","Isla San Salvador",NA,"50c9509d-22c7-4a22-a47d-8c48425ef4a7",1.78e+13
"Opuntia galapageia Hensl.","Opuntia","galapageia","-89.949692","0.318483","Ecuador","Playa Darwin",NA,"50c9509d-22c7-4a22-a47d-8c48425ef4a7",1.78e+13
"Opuntia galapageia Hensl.","Opuntia","galapageia","-89.949822","0.318567","Ecuador","Playa Darwin",NA,"50c9509d-22c7-4a22-a47d-8c48425ef4a7",1.78e+13
"Opuntia galapageia Hensl.","Opuntia","galapageia","-89.949357","0.31878","Ecuador","Playa Darwin",NA,"50c9509d-22c7-4a22-a47d-8c48425ef4a7",1.78e+13
"Opuntia galapageia Hensl.","Opuntia","galapageia","-90.268762","-0.445264","Ecuador","Bar Cafetería Baltra",NA,"50c9509d-22c7-4a22-a47d-8c48425ef4a7",1.78e+13
"Opuntia galapageia Hensl.","Opuntia","galapageia","-90.164894","-0.582584","Ecuador","Isla Plaza Sur",NA,"50c9509d-22c7-4a22-a47d-8c48425ef4a7",1.78e+13
"Opuntia galapageia Hensl.","Opuntia","galapageia","-89.609256","-0.893522","Ecuador","Isla San Cristobal",NA,"50c9509d-22c7-4a22-a47d-8c48425ef4a7",5.58e+08
"Opuntia galapageia Hensl.","Opuntia","galapageia","-91.334707","-0.716342","Ecuador","Isla Isabela",NA,"50c9509d-22c7-4a22-a47d-8c48425ef4a7",1.78e+13
"Opuntia galapageia Hensl.","Opuntia","galapageia","-90.304434","-0.741293","Ecuador","Isla Santa Cruz",NA,"50c9509d-22c7-4a22-a47d-8c48425ef4a7",9.86e+08
"Opuntia galapageia Hensl.","Opuntia","galapageia","-90.337189","-0.639357","Ecuador","Isla Santa Cruz",NA,"50c9509d-22c7-4a22-a47d-8c48425ef4a7",9.86e+08
"Opuntia galapageia Hensl.","Opuntia","galapageia","-89.946548","0.302815","Ecuador","Prince Philip's Steps",NA,"50c9509d-22c7-4a22-a47d-8c48425ef4a7",1.78e+13
"Opuntia galapageia Hensl.","Opuntia","galapageia","-89.952538","0.303625","Ecuador","El Barranco",NA,"50c9509d-22c7-4a22-a47d-8c48425ef4a7",1.78e+13
"Opuntia galapageia Hensl.","Opuntia","galapageia","-89.949044","0.318589","Ecuador","Playa Darwin",NA,"50c9509d-22c7-4a22-a47d-8c48425ef4a7",1.78e+13
"Opuntia galapageia Hensl.","Opuntia","galapageia","-91.134751","-0.81474","Ecuador","Isla Isabela",NA,"50c9509d-22c7-4a22-a47d-8c48425ef4a7",1.78e+13
"Opuntia galapageia Hensl.","Opuntia","galapageia","-90.454396","-1.237053","Ecuador","Isla Santa Maria",NA,"50c9509d-22c7-4a22-a47d-8c48425ef4a7",1.78e+13
"Opuntia galapageia Hensl.","Opuntia","galapageia","-90.165143","-0.583367","Ecuador","Isla Plaza Sur",NA,"50c9509d-22c7-4a22-a47d-8c48425ef4a7",1.78e+13
"Opuntia galapageia Hensl.","Opuntia","galapageia","-89.949909","0.320005","Ecuador","Playa Darwin",NA,"50c9509d-22c7-4a22-a47d-8c48425ef4a7",1.78e+13
"Opuntia galapageia Hensl.","Opuntia","galapageia","-90.304733","-0.741816","Ecuador","Isla Santa Cruz",NA,"50c9509d-22c7-4a22-a47d-8c48425ef4a7",9.86e+08
"Opuntia galapageia Hensl.","Opuntia","galapageia","-90.971397","-0.950795","Ecuador","Isla Isabela",NA,"50c9509d-22c7-4a22-a47d-8c48425ef4a7",1.78e+13
"Opuntia galapageia Hensl.","Opuntia","galapageia","-90.279556","-0.441688","Ecuador","Vía a la FAE",NA,"50c9509d-22c7-4a22-a47d-8c48425ef4a7",1.78e+13
"Opuntia galapageia Hensl.","Opuntia","galapageia","-90.998371","-0.959437","Ecuador","Isla Isabela",NA,"50c9509d-22c7-4a22-a47d-8c48425ef4a7",1.78e+13
"Opuntia galapageia Hensl.","Opuntia","galapageia","-89.608621","-0.888015","Ecuador","Tijeretas",NA,"50c9509d-22c7-4a22-a47d-8c48425ef4a7",1.78e+13
"Opuntia galapageia Hensl.","Opuntia","galapageia","-89.608872","-0.889595","Ecuador","Tijeretas",NA,"50c9509d-22c7-4a22-a47d-8c48425ef4a7",1.78e+13
"Opuntia galapageia Hensl.","Opuntia","galapageia","-90.975792","-0.942917","Ecuador","Isla Isabela",NA,"50c9509d-22c7-4a22-a47d-8c48425ef4a7",1.78e+13
"Opuntia galapageia Hensl.","Opuntia","galapageia","-90.323722","-0.751083","Ecuador","Isla Santa Cruz",NA,"50c9509d-22c7-4a22-a47d-8c48425ef4a7",9.86e+08
"Opuntia galapageia Hensl.","Opuntia","galapageia","-90.269612","-0.445148","Ecuador","Bar Cafetería Baltra",NA,"50c9509d-22c7-4a22-a47d-8c48425ef4a7",1.78e+13
"Opuntia galapageia Hensl.","Opuntia","galapageia","-90.303667","-0.742528","Ecuador","Isla Santa Cruz",NA,"50c9509d-22c7-4a22-a47d-8c48425ef4a7",9.86e+08
"Opuntia galapageia Hensl.","Opuntia","galapageia","-89.60956","-0.893643","Ecuador","Isla San Cristobal",NA,"50c9509d-22c7-4a22-a47d-8c48425ef4a7",5.58e+08
"Opuntia galapageia Hensl.","Opuntia","galapageia","-90.97375","-0.947218","Ecuador","Isla Isabela",NA,"50c9509d-22c7-4a22-a47d-8c48425ef4a7",1.78e+13
"Opuntia galapageia Hensl.","Opuntia","galapageia","-91.166649","-1.04577","Ecuador","Los Tuneles",NA,"50c9509d-22c7-4a22-a47d-8c48425ef4a7",1.78e+13
"Opuntia galapageia Hensl.","Opuntia","galapageia","-89.351365","-0.824083","Ecuador","Isla San Cristobal",NA,"50c9509d-22c7-4a22-a47d-8c48425ef4a7",5.58e+08
"Opuntia galapageia Hensl.","Opuntia","galapageia","-90.715275","-0.261983","Ecuador","Isla San Salvador",NA,"50c9509d-22c7-4a22-a47d-8c48425ef4a7",1.78e+13
"Opuntia galapageia Hensl.","Opuntia","galapageia","-90.705833","-0.400249","Ecuador","No name (flamingos)",NA,"50c9509d-22c7-4a22-a47d-8c48425ef4a7",1.78e+13
"Opuntia galapageia Hensl.","Opuntia","galapageia","-90.322961","-0.75035","Ecuador","Isla Santa Cruz",NA,"50c9509d-22c7-4a22-a47d-8c48425ef4a7",9.86e+08
"Opuntia galapageia Hensl.","Opuntia","galapageia","-89.613914","-0.902566","Ecuador","Isla San Cristobal",NA,"50c9509d-22c7-4a22-a47d-8c48425ef4a7",5.58e+08
"Opuntia galapageia Hensl.","Opuntia","galapageia","-90.163017","-0.583712","Ecuador",NA,NA,"50c9509d-22c7-4a22-a47d-8c48425ef4a7",1.78e+13
"Opuntia galapageia Hensl.","Opuntia","galapageia","-90.988806","-0.960567","Ecuador","Isla Isabela",NA,"50c9509d-22c7-4a22-a47d-8c48425ef4a7",1.78e+13
"Opuntia galapageia Hensl.","Opuntia","galapageia","-90.989733","-0.960728","Ecuador","Isla Isabela",NA,"50c9509d-22c7-4a22-a47d-8c48425ef4a7",1.78e+13
"Opuntia galapageia Hensl.","Opuntia","galapageia","-90.987206","-0.957739","Ecuador","Isla Isabela",NA,"50c9509d-22c7-4a22-a47d-8c48425ef4a7",1.78e+13
"Opuntia galapageia Hensl.","Opuntia","galapageia","-90.987256","-0.9578","Ecuador","Isla Isabela",NA,"50c9509d-22c7-4a22-a47d-8c48425ef4a7",1.78e+13
"Opuntia galapageia Hensl.","Opuntia","galapageia","-90.987186","-0.957678","Ecuador","Isla Isabela",NA,"50c9509d-22c7-4a22-a47d-8c48425ef4a7",1.78e+13
"Opuntia galapageia Hensl.","Opuntia","galapageia","-90.987372","-0.958022","Ecuador","Isla Isabela",NA,"50c9509d-22c7-4a22-a47d-8c48425ef4a7",1.78e+13
"Opuntia galapageia Hensl.","Opuntia","galapageia","-90.987431","-0.958081","Ecuador","Isla Isabela",NA,"50c9509d-22c7-4a22-a47d-8c48425ef4a7",1.78e+13
"Opuntia galapageia Hensl.","Opuntia","galapageia","-90.987542","-0.958222","Ecuador","Isla Isabela",NA,"50c9509d-22c7-4a22-a47d-8c48425ef4a7",1.78e+13
"Opuntia galapageia Hensl.","Opuntia","galapageia","-90.959472","-0.959425","Ecuador","Isla Isabela",NA,"50c9509d-22c7-4a22-a47d-8c48425ef4a7",1.78e+13
"Opuntia galapageia Hensl.","Opuntia","galapageia","-90.971928","-0.950228","Ecuador","Isla Isabela",NA,"50c9509d-22c7-4a22-a47d-8c48425ef4a7",1.78e+13
"Opuntia galapageia Hensl.","Opuntia","galapageia","-90.32293","-0.75018","Ecuador","Isla Santa Cruz",NA,"50c9509d-22c7-4a22-a47d-8c48425ef4a7",9.86e+08
"Opuntia galapageia Hensl.","Opuntia","galapageia","-89.611594","-0.900864","Ecuador","Isla San Cristobal",NA,"50c9509d-22c7-4a22-a47d-8c48425ef4a7",5.58e+08
"Opuntia galapageia Hensl.","Opuntia","galapageia","-89.608227","-0.890535","Ecuador","Tijeretas",NA,"50c9509d-22c7-4a22-a47d-8c48425ef4a7",1.78e+13
"Opuntia galapageia Hensl.","Opuntia","galapageia","-89.608903","-0.8934","Ecuador","Isla San Cristobal",NA,"50c9509d-22c7-4a22-a47d-8c48425ef4a7",5.58e+08
"Opuntia galapageia Hensl.","Opuntia","galapageia","-89.612025","-0.901947","Ecuador","Isla San Cristobal",NA,"50c9509d-22c7-4a22-a47d-8c48425ef4a7",5.58e+08
"Opuntia galapageia Hensl.","Opuntia","galapageia","-90.303038","-0.741625","Ecuador","Isla Santa Cruz",NA,"50c9509d-22c7-4a22-a47d-8c48425ef4a7",9.86e+08
"Opuntia dillenii (Ker Gawl.) Haw.","Opuntia","dillenii","-90.488189","-1.275533","Ecuador","Isla Santa Maria",NA,"50c9509d-22c7-4a22-a47d-8c48425ef4a7",1.78e+13
"Opuntia galapageia Hensl.","Opuntia","galapageia","-90.486739","-1.274808","Ecuador","Isla Santa Maria",NA,"50c9509d-22c7-4a22-a47d-8c48425ef4a7",1.78e+13
"Opuntia galapageia Hensl.","Opuntia","galapageia","-90.487469","-1.274544","Ecuador","Isla Santa Maria",NA,"50c9509d-22c7-4a22-a47d-8c48425ef4a7",1.78e+13
"Opuntia galapageia Hensl.","Opuntia","galapageia","-90.280022","-0.488","Ecuador","Isla Santa Cruz",NA,"50c9509d-22c7-4a22-a47d-8c48425ef4a7",9.86e+08
"Opuntia galapageia Hensl.","Opuntia","galapageia","-90.277056","-0.48315","Ecuador",NA,NA,"50c9509d-22c7-4a22-a47d-8c48425ef4a7",1.78e+13
"Opuntia galapageia Hensl.","Opuntia","galapageia","-90.277056","-0.48315","Ecuador",NA,NA,"50c9509d-22c7-4a22-a47d-8c48425ef4a7",1.78e+13
"Opuntia galapageia Hensl.","Opuntia","galapageia","-90.27715","-0.482972","Ecuador",NA,NA,"50c9509d-22c7-4a22-a47d-8c48425ef4a7",1.78e+13
"Opuntia galapageia Hensl.","Opuntia","galapageia","-90.277153","-0.482967","Ecuador",NA,NA,"50c9509d-22c7-4a22-a47d-8c48425ef4a7",1.78e+13
"Opuntia galapageia Hensl.","Opuntia","galapageia","-90.277153","-0.482967","Ecuador",NA,NA,"50c9509d-22c7-4a22-a47d-8c48425ef4a7",1.78e+13
"Opuntia galapageia Hensl.","Opuntia","galapageia","-90.277219","-0.483053","Ecuador",NA,NA,"50c9509d-22c7-4a22-a47d-8c48425ef4a7",1.78e+13
"Opuntia galapageia Hensl.","Opuntia","galapageia","-90.277403","-0.483039","Ecuador",NA,NA,"50c9509d-22c7-4a22-a47d-8c48425ef4a7",1.78e+13
"Opuntia galapageia Hensl.","Opuntia","galapageia","-90.277486","-0.483103","Ecuador",NA,NA,"50c9509d-22c7-4a22-a47d-8c48425ef4a7",1.78e+13
"Opuntia galapageia Hensl.","Opuntia","galapageia","-90.277525","-0.483206","Ecuador",NA,NA,"50c9509d-22c7-4a22-a47d-8c48425ef4a7",1.78e+13
"Opuntia galapageia Hensl.","Opuntia","galapageia","-90.269122","-0.444769","Ecuador","Bar Cafetería Baltra",NA,"50c9509d-22c7-4a22-a47d-8c48425ef4a7",1.78e+13
"Opuntia galapageia Hensl.","Opuntia","galapageia","-90.269119","-0.444758","Ecuador","Bar Cafetería Baltra",NA,"50c9509d-22c7-4a22-a47d-8c48425ef4a7",1.78e+13
"Opuntia galapageia Hensl.","Opuntia","galapageia","-90.268956","-0.444764","Ecuador","Bar Cafetería Baltra",NA,"50c9509d-22c7-4a22-a47d-8c48425ef4a7",1.78e+13
"Opuntia galapageia Hensl.","Opuntia","galapageia","-90.315038","-0.756548","Ecuador","Isla Santa Cruz",NA,"50c9509d-22c7-4a22-a47d-8c48425ef4a7",9.86e+08
"Opuntia galapageia Hensl.","Opuntia","galapageia","-90.270622","-0.443173","Ecuador","Vía Aeropuerto",NA,"50c9509d-22c7-4a22-a47d-8c48425ef4a7",1.78e+13
"Opuntia galapageia Hensl.","Opuntia","galapageia","-90.268622","-0.444638","Ecuador","Bar Cafetería Baltra",NA,"50c9509d-22c7-4a22-a47d-8c48425ef4a7",1.78e+13
"Opuntia galapageia Hensl.","Opuntia","galapageia","-90.222431","-0.69083","Ecuador","Isla Santa Cruz",NA,"50c9509d-22c7-4a22-a47d-8c48425ef4a7",9.86e+08
"Opuntia galapageia Hensl.","Opuntia","galapageia","-90.222436","-0.690836","Ecuador","Isla Santa Cruz",NA,"50c9509d-22c7-4a22-a47d-8c48425ef4a7",9.86e+08
"Opuntia galapageia Hensl.","Opuntia","galapageia","-90.222376","-0.691148","Ecuador","Isla Santa Cruz",NA,"50c9509d-22c7-4a22-a47d-8c48425ef4a7",9.86e+08
"Opuntia galapageia Hensl.","Opuntia","galapageia","-90.221172","-0.693359","Ecuador","Isla Santa Cruz",NA,"50c9509d-22c7-4a22-a47d-8c48425ef4a7",9.86e+08
"Opuntia galapageia Hensl.","Opuntia","galapageia","-90.22101","-0.693542","Ecuador","El Garrapatero",NA,"50c9509d-22c7-4a22-a47d-8c48425ef4a7",1.78e+13
"Opuntia galapageia Hensl.","Opuntia","galapageia","-90.222396","-0.690983","Ecuador","Isla Santa Cruz",NA,"50c9509d-22c7-4a22-a47d-8c48425ef4a7",9.86e+08
"Opuntia galapageia Hensl.","Opuntia","galapageia","-90.308118","-0.76333","Ecuador","Playa de Los Perros",NA,"50c9509d-22c7-4a22-a47d-8c48425ef4a7",1.78e+13
"Opuntia galapageia Hensl.","Opuntia","galapageia","-89.429792","-0.926918","Ecuador","Isla San Cristobal",NA,"50c9509d-22c7-4a22-a47d-8c48425ef4a7",5.58e+08
"Opuntia galapageia Hensl.","Opuntia","galapageia","-89.608971","-0.895622","Ecuador","Isla San Cristobal",NA,"50c9509d-22c7-4a22-a47d-8c48425ef4a7",5.58e+08
"Opuntia galapageia Hensl.","Opuntia","galapageia","-89.430126","-0.924942","Ecuador","Isla San Cristobal",NA,"50c9509d-22c7-4a22-a47d-8c48425ef4a7",5.58e+08
"Opuntia galapageia Hensl.","Opuntia","galapageia","-90.284774","-0.482729","Ecuador",NA,NA,"50c9509d-22c7-4a22-a47d-8c48425ef4a7",1.78e+13
"Opuntia galapageia Hensl.","Opuntia","galapageia","-89.608588","-0.888063","Ecuador","Tijeretas",NA,"50c9509d-22c7-4a22-a47d-8c48425ef4a7",1.78e+13
"Opuntia galapageia Hensl.","Opuntia","galapageia","-89.609987","-0.889658","Ecuador","Naval Cannon",NA,"50c9509d-22c7-4a22-a47d-8c48425ef4a7",1.78e+13
"Opuntia galapageia var. galapageia","Opuntia","galapageia","-90.340833","-0.764506","Ecuador","Isla Santa Cruz",NA,"50c9509d-22c7-4a22-a47d-8c48425ef4a7",9.86e+08
"Opuntia galapageia var. galapageia","Opuntia","galapageia","-90.339964","-0.763483","Ecuador","Isla Santa Cruz",NA,"50c9509d-22c7-4a22-a47d-8c48425ef4a7",9.86e+08
"Opuntia galapageia var. galapageia","Opuntia","galapageia","-90.325686","-0.753192","Ecuador","Isla Santa Cruz",NA,"50c9509d-22c7-4a22-a47d-8c48425ef4a7",9.86e+08
"Opuntia galapageia var. galapageia","Opuntia","galapageia","-90.321306","-0.748283","Ecuador","Isla Santa Cruz",NA,"50c9509d-22c7-4a22-a47d-8c48425ef4a7",9.86e+08
"Opuntia galapageia Hensl.","Opuntia","galapageia","-90.31189","-0.753129","Ecuador","Isla Santa Cruz",NA,"50c9509d-22c7-4a22-a47d-8c48425ef4a7",9.86e+08
"Opuntia galapageia Hensl.","Opuntia","galapageia","-89.556838","-0.908021","Ecuador","Isla San Cristobal",NA,"50c9509d-22c7-4a22-a47d-8c48425ef4a7",5.58e+08
"Opuntia galapageia Hensl.","Opuntia","galapageia","-90.31295","-0.754105","Ecuador","Isla Santa Cruz",NA,"50c9509d-22c7-4a22-a47d-8c48425ef4a7",9.86e+08
"Opuntia galapageia Hensl.","Opuntia","galapageia","-90.163703","-0.584083","Ecuador",NA,NA,"50c9509d-22c7-4a22-a47d-8c48425ef4a7",1.78e+13
"Opuntia galapageia Hensl.","Opuntia","galapageia","-90.16503","-0.583213","Ecuador","Isla Plaza Sur",NA,"50c9509d-22c7-4a22-a47d-8c48425ef4a7",1.78e+13
"Opuntia galapageia Hensl.","Opuntia","galapageia","-90.164811","-0.582642","Ecuador","Isla Plaza Sur",NA,"50c9509d-22c7-4a22-a47d-8c48425ef4a7",1.78e+13
"Opuntia galapageia Hensl.","Opuntia","galapageia","-90.290838","-0.399155","Ecuador","Isla North Seymore",NA,"50c9509d-22c7-4a22-a47d-8c48425ef4a7",1.78e+13
"Opuntia galapageia Hensl.","Opuntia","galapageia","-90.305682","-0.741791","Ecuador","Isla Santa Cruz",NA,"50c9509d-22c7-4a22-a47d-8c48425ef4a7",9.86e+08
"Opuntia galapageia Hensl.","Opuntia","galapageia","-89.608936","-0.896025","Ecuador","Isla San Cristobal",NA,"50c9509d-22c7-4a22-a47d-8c48425ef4a7",5.58e+08
"Opuntia galapageia Hensl.","Opuntia","galapageia","-90.989662","-0.960095","Ecuador","Isla Isabela",NA,"50c9509d-22c7-4a22-a47d-8c48425ef4a7",1.78e+13
"Opuntia galapageia Hensl.","Opuntia","galapageia","-89.608993","-0.895688","Ecuador","Isla San Cristobal",NA,"50c9509d-22c7-4a22-a47d-8c48425ef4a7",5.58e+08
"Opuntia galapageia Hensl.","Opuntia","galapageia","-89.610231","-0.889753","Ecuador","Naval Cannon",NA,"50c9509d-22c7-4a22-a47d-8c48425ef4a7",1.78e+13
"Opuntia galapageia Hensl.","Opuntia","galapageia","-89.610047","-0.88965","Ecuador","Naval Cannon",NA,"50c9509d-22c7-4a22-a47d-8c48425ef4a7",1.78e+13
"Opuntia galapageia Hensl.","Opuntia","galapageia","-90.164505","-0.583222","Ecuador","Isla Plaza Sur",NA,"50c9509d-22c7-4a22-a47d-8c48425ef4a7",1.78e+13
"Opuntia galapageia Hensl.","Opuntia","galapageia","-90.314964","-0.756397","Ecuador","Isla Santa Cruz",NA,"50c9509d-22c7-4a22-a47d-8c48425ef4a7",9.86e+08
"Opuntia galapageia Hensl.","Opuntia","galapageia","-90.32369","-0.752529","Ecuador","Isla Santa Cruz",NA,"50c9509d-22c7-4a22-a47d-8c48425ef4a7",9.86e+08
"Opuntia galapageia Hensl.","Opuntia","galapageia","-90.320096","-0.746674","Ecuador","Isla Santa Cruz",NA,"50c9509d-22c7-4a22-a47d-8c48425ef4a7",9.86e+08
"Opuntia galapageia Hensl.","Opuntia","galapageia","-90.321717","-0.748739","Ecuador","Isla Santa Cruz",NA,"50c9509d-22c7-4a22-a47d-8c48425ef4a7",9.86e+08
"Opuntia galapageia Hensl.","Opuntia","galapageia","-90.27723","-0.483039","Ecuador",NA,NA,"50c9509d-22c7-4a22-a47d-8c48425ef4a7",1.78e+13
"Opuntia galapageia Hensl.","Opuntia","galapageia","-90.306244","-0.740995","Ecuador","Isla Santa Cruz",NA,"50c9509d-22c7-4a22-a47d-8c48425ef4a7",9.86e+08
"Opuntia galapageia Hensl.","Opuntia","galapageia","-90.304751","-0.747589","Ecuador","Isla Santa Cruz",NA,"50c9509d-22c7-4a22-a47d-8c48425ef4a7",9.86e+08
"Opuntia galapageia Hensl.","Opuntia","galapageia","-90.304866","-0.741364","Ecuador","Isla Santa Cruz",NA,"50c9509d-22c7-4a22-a47d-8c48425ef4a7",9.86e+08
"Opuntia galapageia Hensl.","Opuntia","galapageia","-89.609722","-0.88981","Ecuador","Naval Cannon",NA,"50c9509d-22c7-4a22-a47d-8c48425ef4a7",1.78e+13
"Opuntia galapageia Hensl.","Opuntia","galapageia","-90.386646","-1.23653","Ecuador","Isla Campeón",NA,"50c9509d-22c7-4a22-a47d-8c48425ef4a7",62500
"Opuntia galapageia Hensl.","Opuntia","galapageia","-89.608995","-0.895645","Ecuador","Isla San Cristobal",NA,"50c9509d-22c7-4a22-a47d-8c48425ef4a7",5.58e+08
"Opuntia galapageia Hensl.","Opuntia","galapageia","-90.486755","-0.530904","Ecuador","Isla Santa Cruz",NA,"50c9509d-22c7-4a22-a47d-8c48425ef4a7",9.86e+08
"Opuntia galapageia Hensl.","Opuntia","galapageia","-89.436364","-0.913511","Ecuador","Isla San Cristobal",NA,"50c9509d-22c7-4a22-a47d-8c48425ef4a7",5.58e+08
"Opuntia galapageia Hensl.","Opuntia","galapageia","-90.865934","-0.24387","Ecuador","Puerto Egas",NA,"50c9509d-22c7-4a22-a47d-8c48425ef4a7",1.78e+13
"Opuntia galapageia Hensl.","Opuntia","galapageia","-90.324789","-0.752142","Ecuador","Isla Santa Cruz",NA,"50c9509d-22c7-4a22-a47d-8c48425ef4a7",9.86e+08
"Opuntia galapageia Hensl.","Opuntia","galapageia","-89.608963","-0.895967","Ecuador","Isla San Cristobal",NA,"50c9509d-22c7-4a22-a47d-8c48425ef4a7",5.58e+08
"Opuntia galapageia Hensl.","Opuntia","galapageia","-90.70577","-0.400062","Ecuador","No name (flamingos)",NA,"50c9509d-22c7-4a22-a47d-8c48425ef4a7",1.78e+13
"Opuntia galapageia Hensl.","Opuntia","galapageia","-89.608978","-0.895728","Ecuador","Isla San Cristobal",NA,"50c9509d-22c7-4a22-a47d-8c48425ef4a7",5.58e+08
"Opuntia galapageia Hensl.","Opuntia","galapageia","-89.608631","-0.888001","Ecuador","Charles Darwin Statue",NA,"50c9509d-22c7-4a22-a47d-8c48425ef4a7",1.78e+13
"Opuntia galapageia Hensl.","Opuntia","galapageia","-89.609064","-0.895646","Ecuador","Isla San Cristobal",NA,"50c9509d-22c7-4a22-a47d-8c48425ef4a7",5.58e+08
"Opuntia galapageia Hensl.","Opuntia","galapageia","-89.608642","-0.89575","Ecuador","Isla San Cristobal",NA,"50c9509d-22c7-4a22-a47d-8c48425ef4a7",5.58e+08
"Opuntia galapageia Hensl.","Opuntia","galapageia","-89.351875","-0.824047","Ecuador","Isla San Cristobal",NA,"50c9509d-22c7-4a22-a47d-8c48425ef4a7",5.58e+08
"Opuntia galapageia Hensl.","Opuntia","galapageia","-89.351875","-0.824047","Ecuador","Isla San Cristobal",NA,"50c9509d-22c7-4a22-a47d-8c48425ef4a7",5.58e+08
"Opuntia galapageia Hensl.","Opuntia","galapageia","-89.430472","-0.922137","Ecuador","Isla San Cristobal",NA,"50c9509d-22c7-4a22-a47d-8c48425ef4a7",5.58e+08
"Opuntia galapageia Hensl.","Opuntia","galapageia","-89.610128","-0.889659","Ecuador","Naval Cannon",NA,"50c9509d-22c7-4a22-a47d-8c48425ef4a7",1.78e+13
"Opuntia galapageia Hensl.","Opuntia","galapageia","-90.989637","-0.960061","Ecuador","Isla Isabela",NA,"50c9509d-22c7-4a22-a47d-8c48425ef4a7",1.78e+13
"Opuntia galapageia Hensl.","Opuntia","galapageia","-90.315689","-0.743292","Ecuador","Isla Santa Cruz",NA,"50c9509d-22c7-4a22-a47d-8c48425ef4a7",9.86e+08
"Opuntia galapageia Hensl.","Opuntia","galapageia","-89.548605","-0.938252","Ecuador","Isla San Cristobal",NA,"50c9509d-22c7-4a22-a47d-8c48425ef4a7",5.58e+08
"Opuntia galapageia Hensl.","Opuntia","galapageia","-89.54852","-0.939848","Ecuador","Isla San Cristobal",NA,"50c9509d-22c7-4a22-a47d-8c48425ef4a7",5.58e+08
"Opuntia galapageia Hensl.","Opuntia","galapageia","-90.987102","-0.957907","Ecuador","Isla Isabela",NA,"50c9509d-22c7-4a22-a47d-8c48425ef4a7",1.78e+13
"Opuntia galapageia Hensl.","Opuntia","galapageia","-90.99035","-0.959245","Ecuador","Isla Isabela",NA,"50c9509d-22c7-4a22-a47d-8c48425ef4a7",1.78e+13
"Opuntia galapageia Hensl.","Opuntia","galapageia","-90.304182","-0.740685","Ecuador","Isla Santa Cruz",NA,"50c9509d-22c7-4a22-a47d-8c48425ef4a7",9.86e+08
"Opuntia galapageia Hensl.","Opuntia","galapageia","-90.704689","-0.411272","Ecuador","Isla Rábida",NA,"50c9509d-22c7-4a22-a47d-8c48425ef4a7",1.78e+13
"Opuntia galapageia Hensl.","Opuntia","galapageia","-90.162369","-0.583884","Ecuador",NA,NA,"50c9509d-22c7-4a22-a47d-8c48425ef4a7",1.78e+13
"Opuntia galapageia Hensl.","Opuntia","galapageia","-90.164869","-0.584723","Ecuador",NA,NA,"50c9509d-22c7-4a22-a47d-8c48425ef4a7",1.78e+13
"Opuntia galapageia Hensl.","Opuntia","galapageia","-91.007661","-0.963047","Ecuador","Isla Isabela",NA,"50c9509d-22c7-4a22-a47d-8c48425ef4a7",1.78e+13
"Opuntia galapageia Hensl.","Opuntia","galapageia","-90.338671","-0.493779","Ecuador","Caleta Tortuga Negra",NA,"50c9509d-22c7-4a22-a47d-8c48425ef4a7",1.78e+13
"Opuntia galapageia Hensl.","Opuntia","galapageia","-91.369443","-0.257902","Ecuador","Isla Isabela",NA,"50c9509d-22c7-4a22-a47d-8c48425ef4a7",1.78e+13
"Opuntia galapageia Hensl.","Opuntia","galapageia","-90.706794","-0.403484","Ecuador","No name (flamingos)",NA,"50c9509d-22c7-4a22-a47d-8c48425ef4a7",1.78e+13
"Opuntia galapageia Hensl.","Opuntia","galapageia","-90.320847","-0.747758","Ecuador","Isla Santa Cruz",NA,"50c9509d-22c7-4a22-a47d-8c48425ef4a7",9.86e+08
"Opuntia galapageia Hensl.","Opuntia","galapageia","-90.828359","-0.163253","Ecuador","""Monje""",NA,"50c9509d-22c7-4a22-a47d-8c48425ef4a7",1.78e+13
"Opuntia galapageia Hensl.","Opuntia","galapageia","-90.30579","-0.741742","Ecuador","Isla Santa Cruz",NA,"50c9509d-22c7-4a22-a47d-8c48425ef4a7",9.86e+08
"Opuntia galapageia Hensl.","Opuntia","galapageia","-90.304669","-0.741352","Ecuador","Isla Santa Cruz",NA,"50c9509d-22c7-4a22-a47d-8c48425ef4a7",9.86e+08
"Opuntia galapageia Hensl.","Opuntia","galapageia","-90.303292","-0.741153","Ecuador","Isla Santa Cruz",NA,"50c9509d-22c7-4a22-a47d-8c48425ef4a7",9.86e+08
"Opuntia galapageia Hensl.","Opuntia","galapageia","-90.340728","-0.764442","Ecuador","Isla Santa Cruz",NA,"50c9509d-22c7-4a22-a47d-8c48425ef4a7",9.86e+08
"Opuntia galapageia Hensl.","Opuntia","galapageia","-90.485822","-0.529383","Ecuador","Isla Santa Cruz",NA,"50c9509d-22c7-4a22-a47d-8c48425ef4a7",9.86e+08
"Opuntia galapageia Hensl.","Opuntia","galapageia","-90.304583","-0.741297","Ecuador","Isla Santa Cruz",NA,"50c9509d-22c7-4a22-a47d-8c48425ef4a7",9.86e+08
"Opuntia galapageia Hensl.","Opuntia","galapageia","-90.3036","-0.740981","Ecuador","Isla Santa Cruz",NA,"50c9509d-22c7-4a22-a47d-8c48425ef4a7",9.86e+08
"Opuntia galapageia Hensl.","Opuntia","galapageia","-90.304237","-0.74097","Ecuador","Isla Santa Cruz",NA,"50c9509d-22c7-4a22-a47d-8c48425ef4a7",9.86e+08
"Opuntia galapageia Hensl.","Opuntia","galapageia","-90.304729","-0.741951","Ecuador","Isla Santa Cruz",NA,"50c9509d-22c7-4a22-a47d-8c48425ef4a7",9.86e+08
"Opuntia galapageia Hensl.","Opuntia","galapageia","-91.348062","0.044036","Ecuador","Isla Isabela",NA,"50c9509d-22c7-4a22-a47d-8c48425ef4a7",1.78e+13
"Opuntia galapageia Hensl.","Opuntia","galapageia","-90.581075","-0.365582","Ecuador","Isla Sombrero Chino",NA,"50c9509d-22c7-4a22-a47d-8c48425ef4a7",1.78e+13
"Opuntia galapageia Hensl.","Opuntia","galapageia","-90.487112","-0.526185","Ecuador","Sendero Cerro Dragón",NA,"50c9509d-22c7-4a22-a47d-8c48425ef4a7",1.78e+13
"Opuntia galapageia Hensl.","Opuntia","galapageia","-90.487112","-0.526185","Ecuador","Sendero Cerro Dragón",NA,"50c9509d-22c7-4a22-a47d-8c48425ef4a7",1.78e+13
"Opuntia galapageia Hensl.","Opuntia","galapageia","-90.304337","-0.74115","Ecuador","Isla Santa Cruz",NA,"50c9509d-22c7-4a22-a47d-8c48425ef4a7",9.86e+08
"Opuntia galapageia Hensl.","Opuntia","galapageia","-90.304078","-0.740788","Ecuador","Isla Santa Cruz",NA,"50c9509d-22c7-4a22-a47d-8c48425ef4a7",9.86e+08
"Opuntia galapageia Hensl.","Opuntia","galapageia","-89.609305","-0.893533","Ecuador","Isla San Cristobal",NA,"50c9509d-22c7-4a22-a47d-8c48425ef4a7",5.58e+08
"Opuntia galapageia Hensl.","Opuntia","galapageia","-89.609009","-0.895628","Ecuador","Isla San Cristobal",NA,"50c9509d-22c7-4a22-a47d-8c48425ef4a7",5.58e+08
"Opuntia galapageia Hensl.","Opuntia","galapageia","-89.608969","-0.895628","Ecuador","Isla San Cristobal",NA,"50c9509d-22c7-4a22-a47d-8c48425ef4a7",5.58e+08
"Opuntia galapageia Hensl.","Opuntia","galapageia","-89.611763","-0.901578","Ecuador","Isla San Cristobal",NA,"50c9509d-22c7-4a22-a47d-8c48425ef4a7",5.58e+08
"Opuntia galapageia Hensl.","Opuntia","galapageia","-89.610538","-0.900439","Ecuador","Isla San Cristobal",NA,"50c9509d-22c7-4a22-a47d-8c48425ef4a7",5.58e+08
"Opuntia galapageia Hensl.","Opuntia","galapageia","-89.60898","-0.895597","Ecuador","Isla San Cristobal",NA,"50c9509d-22c7-4a22-a47d-8c48425ef4a7",5.58e+08
"Opuntia galapageia Hensl.","Opuntia","galapageia","-89.610443","-0.904956","Ecuador","Isla San Cristobal",NA,"50c9509d-22c7-4a22-a47d-8c48425ef4a7",5.58e+08
"Opuntia galapageia Hensl.","Opuntia","galapageia","-89.61268","-0.90344","Ecuador","Isla San Cristobal",NA,"50c9509d-22c7-4a22-a47d-8c48425ef4a7",5.58e+08
"Opuntia galapageia Hensl.","Opuntia","galapageia","-89.613902","-0.902276","Ecuador","Isla San Cristobal",NA,"50c9509d-22c7-4a22-a47d-8c48425ef4a7",5.58e+08
"Opuntia galapageia Hensl.","Opuntia","galapageia","-89.610459","-0.90483","Ecuador","Isla San Cristobal",NA,"50c9509d-22c7-4a22-a47d-8c48425ef4a7",5.58e+08
"Opuntia galapageia Hensl.","Opuntia","galapageia","-89.610114","-0.900238","Ecuador","Isla San Cristobal",NA,"50c9509d-22c7-4a22-a47d-8c48425ef4a7",5.58e+08
"Opuntia galapageia Hensl.","Opuntia","galapageia","-89.612503","-0.903137","Ecuador","Isla San Cristobal",NA,"50c9509d-22c7-4a22-a47d-8c48425ef4a7",5.58e+08
"Opuntia galapageia Hensl.","Opuntia","galapageia","-90.484138","-0.53135","Ecuador","Isla Santa Cruz",NA,"50c9509d-22c7-4a22-a47d-8c48425ef4a7",9.86e+08
"Opuntia galapageia Hensl.","Opuntia","galapageia","-90.312161","-0.749661","Ecuador","Isla Santa Cruz",NA,"50c9509d-22c7-4a22-a47d-8c48425ef4a7",9.86e+08
"Opuntia galapageia Hensl.","Opuntia","galapageia","-89.434682","-0.915652","Ecuador","Isla San Cristobal",NA,"50c9509d-22c7-4a22-a47d-8c48425ef4a7",5.58e+08
"Opuntia galapageia Hensl.","Opuntia","galapageia","-89.431243","-0.885927","Ecuador","Isla San Cristobal",NA,"50c9509d-22c7-4a22-a47d-8c48425ef4a7",5.58e+08
"Opuntia galapageia Hensl.","Opuntia","galapageia","-89.60881","-0.907991","Ecuador","Isla San Cristobal",NA,"50c9509d-22c7-4a22-a47d-8c48425ef4a7",5.58e+08
"Opuntia galapageia Hensl.","Opuntia","galapageia","-90.706428","-0.400145","Ecuador","No name (flamingos)",NA,"50c9509d-22c7-4a22-a47d-8c48425ef4a7",1.78e+13
"Opuntia galapageia Hensl.","Opuntia","galapageia","-89.609208","-0.896042","Ecuador","Isla San Cristobal",NA,"50c9509d-22c7-4a22-a47d-8c48425ef4a7",5.58e+08
"Opuntia galapageia Hensl.","Opuntia","galapageia","-90.333531","-0.765688","Ecuador","Isla Santa Cruz",NA,"50c9509d-22c7-4a22-a47d-8c48425ef4a7",9.86e+08
"Opuntia galapageia Hensl.","Opuntia","galapageia","-89.438447","-0.911663","Ecuador","Isla San Cristobal",NA,"50c9509d-22c7-4a22-a47d-8c48425ef4a7",5.58e+08
"Opuntia galapageia Hensl.","Opuntia","galapageia","-89.613835","-0.90252","Ecuador","Isla San Cristobal",NA,"50c9509d-22c7-4a22-a47d-8c48425ef4a7",5.58e+08
"Opuntia galapageia Hensl.","Opuntia","galapageia","-90.987232","-0.957963","Ecuador","Isla Isabela",NA,"50c9509d-22c7-4a22-a47d-8c48425ef4a7",1.78e+13
"Opuntia galapageia Hensl.","Opuntia","galapageia","-90.999542","-0.96028","Ecuador","Isla Isabela",NA,"50c9509d-22c7-4a22-a47d-8c48425ef4a7",1.78e+13
"Opuntia galapageia Hensl.","Opuntia","galapageia","-91.100036","-0.78207","Ecuador","Isla Isabela",NA,"50c9509d-22c7-4a22-a47d-8c48425ef4a7",1.78e+13
"Opuntia galapageia Hensl.","Opuntia","galapageia","-91.166296","-1.04612","Ecuador","Los Tuneles",NA,"50c9509d-22c7-4a22-a47d-8c48425ef4a7",1.78e+13
"Opuntia galapageia Hensl.","Opuntia","galapageia","-90.312203","-0.743983","Ecuador","Isla Santa Cruz",NA,"50c9509d-22c7-4a22-a47d-8c48425ef4a7",9.86e+08
"Opuntia galapageia Hensl.","Opuntia","galapageia","-90.328054","-0.755737","Ecuador","Isla Santa Cruz",NA,"50c9509d-22c7-4a22-a47d-8c48425ef4a7",9.86e+08
"Opuntia galapageia Hensl.","Opuntia","galapageia","-90.318031","-0.747936","Ecuador","Isla Santa Cruz",NA,"50c9509d-22c7-4a22-a47d-8c48425ef4a7",9.86e+08
"Opuntia galapageia Hensl.","Opuntia","galapageia","-90.311943","-0.753827","Ecuador","Isla Santa Cruz",NA,"50c9509d-22c7-4a22-a47d-8c48425ef4a7",9.86e+08
"Opuntia galapageia Hensl.","Opuntia","galapageia","-90.857918","-0.240412","Ecuador","Fábrica de sal",NA,"50c9509d-22c7-4a22-a47d-8c48425ef4a7",1.78e+13
"Opuntia galapageia Hensl.","Opuntia","galapageia","-89.955678","0.311328","Ecuador","Bahía Darwin",NA,"50c9509d-22c7-4a22-a47d-8c48425ef4a7",1.78e+13
"Opuntia galapageia Hensl.","Opuntia","galapageia","-90.340037","-0.764714","Ecuador","Isla Santa Cruz",NA,"50c9509d-22c7-4a22-a47d-8c48425ef4a7",9.86e+08
"Opuntia galapageia Hensl.","Opuntia","galapageia","-89.609826","-0.900643","Ecuador","Isla San Cristobal",NA,"50c9509d-22c7-4a22-a47d-8c48425ef4a7",5.58e+08
"Opuntia galapageia Hensl.","Opuntia","galapageia","-90.303226","-0.742152","Ecuador","Isla Santa Cruz",NA,"50c9509d-22c7-4a22-a47d-8c48425ef4a7",9.86e+08
"Opuntia galapageia Hensl.","Opuntia","galapageia","-90.326044","-0.753573","Ecuador","Isla Santa Cruz",NA,"50c9509d-22c7-4a22-a47d-8c48425ef4a7",9.86e+08
"Opuntia galapageia Hensl.","Opuntia","galapageia","-89.615072","-0.90127","Ecuador","Isla San Cristobal",NA,"50c9509d-22c7-4a22-a47d-8c48425ef4a7",5.58e+08
"Opuntia galapageia Hensl.","Opuntia","galapageia","-90.429557","-0.668783","Ecuador","Isla Santa Cruz",NA,"50c9509d-22c7-4a22-a47d-8c48425ef4a7",9.86e+08
"Opuntia galapageia Hensl.","Opuntia","galapageia","-90.429557","-0.668783","Ecuador","Isla Santa Cruz",NA,"50c9509d-22c7-4a22-a47d-8c48425ef4a7",9.86e+08
"Opuntia galapageia Hensl.","Opuntia","galapageia","-90.353832","-0.709442","Ecuador","Isla Santa Cruz",NA,"50c9509d-22c7-4a22-a47d-8c48425ef4a7",9.86e+08
"Opuntia galapageia Hensl.","Opuntia","galapageia","-90.340737","-0.737169","Ecuador","Isla Santa Cruz",NA,"50c9509d-22c7-4a22-a47d-8c48425ef4a7",9.86e+08
"Opuntia galapageia Hensl.","Opuntia","galapageia","-90.328424","-0.760002","Ecuador","Isla Santa Cruz",NA,"50c9509d-22c7-4a22-a47d-8c48425ef4a7",9.86e+08
"Opuntia galapageia Hensl.","Opuntia","galapageia","-90.372012","-0.422508","Ecuador","Daphne Mayor",NA,"50c9509d-22c7-4a22-a47d-8c48425ef4a7",1.78e+13
"Opuntia galapageia Hensl.","Opuntia","galapageia","-90.303764","-0.742302","Ecuador","Isla Santa Cruz",NA,"50c9509d-22c7-4a22-a47d-8c48425ef4a7",9.86e+08
"Opuntia galapageia Hensl.","Opuntia","galapageia","-90.973912","-0.947181","Ecuador","Isla Isabela",NA,"50c9509d-22c7-4a22-a47d-8c48425ef4a7",1.78e+13
"Opuntia galapageia Hensl.","Opuntia","galapageia","-90.976335","-0.953749","Ecuador","Isla Isabela",NA,"50c9509d-22c7-4a22-a47d-8c48425ef4a7",1.78e+13
"Opuntia galapageia Hensl.","Opuntia","galapageia","-90.974704","-0.953406","Ecuador","Isla Isabela",NA,"50c9509d-22c7-4a22-a47d-8c48425ef4a7",1.78e+13
"Opuntia galapageia Hensl.","Opuntia","galapageia","-90.328113","-0.755973","Ecuador","Isla Santa Cruz",NA,"50c9509d-22c7-4a22-a47d-8c48425ef4a7",9.86e+08
"Opuntia galapageia Hensl.","Opuntia","galapageia","-90.328321","-0.756094","Ecuador","Isla Santa Cruz",NA,"50c9509d-22c7-4a22-a47d-8c48425ef4a7",9.86e+08
"Opuntia galapageia Hensl.","Opuntia","galapageia","-90.33052","-0.758544","Ecuador","Isla Santa Cruz",NA,"50c9509d-22c7-4a22-a47d-8c48425ef4a7",9.86e+08
"Opuntia galapageia Hensl.","Opuntia","galapageia","-90.340731","-0.76449","Ecuador","Isla Santa Cruz",NA,"50c9509d-22c7-4a22-a47d-8c48425ef4a7",9.86e+08
"Opuntia galapageia Hensl.","Opuntia","galapageia","-90.341617","-0.765382","Ecuador","Isla Santa Cruz",NA,"50c9509d-22c7-4a22-a47d-8c48425ef4a7",9.86e+08
"Opuntia galapageia Hensl.","Opuntia","galapageia","-90.342892","-0.765577","Ecuador","Isla Santa Cruz",NA,"50c9509d-22c7-4a22-a47d-8c48425ef4a7",9.86e+08
"Opuntia galapageia Hensl.","Opuntia","galapageia","-90.327403","-0.755104","Ecuador","Isla Santa Cruz",NA,"50c9509d-22c7-4a22-a47d-8c48425ef4a7",9.86e+08
"Opuntia galapageia Hensl.","Opuntia","galapageia","-90.328664","-0.756374","Ecuador","Isla Santa Cruz",NA,"50c9509d-22c7-4a22-a47d-8c48425ef4a7",9.86e+08
"Opuntia galapageia Hensl.","Opuntia","galapageia","-90.322659","-0.75001","Ecuador","Isla Santa Cruz",NA,"50c9509d-22c7-4a22-a47d-8c48425ef4a7",9.86e+08
"Opuntia galapageia Hensl.","Opuntia","galapageia","-90.303362","-0.741121","Ecuador","Isla Santa Cruz",NA,"50c9509d-22c7-4a22-a47d-8c48425ef4a7",9.86e+08
"Opuntia galapageia Hensl.","Opuntia","galapageia","-90.314942","-0.757312","Ecuador","Las Grietas",NA,"50c9509d-22c7-4a22-a47d-8c48425ef4a7",1.78e+13
"Opuntia galapageia Hensl.","Opuntia","galapageia","-90.444008","-1.22782","Ecuador","Isla Santa Maria",NA,"50c9509d-22c7-4a22-a47d-8c48425ef4a7",1.78e+13
"Opuntia galapageia Hensl.","Opuntia","galapageia","-89.609346","-0.893571","Ecuador","Isla San Cristobal",NA,"50c9509d-22c7-4a22-a47d-8c48425ef4a7",5.58e+08
"Opuntia galapageia Hensl.","Opuntia","galapageia","-90.161827","-0.580209","Ecuador","Isla Plaza Norte",NA,"50c9509d-22c7-4a22-a47d-8c48425ef4a7",250000
"Opuntia galapageia Hensl.","Opuntia","galapageia","-90.967308","-0.956197","Ecuador","Isla Isabela",NA,"50c9509d-22c7-4a22-a47d-8c48425ef4a7",1.78e+13
"Opuntia galapageia Hensl.","Opuntia","galapageia","-90.303269","-0.741297","Ecuador","Isla Santa Cruz",NA,"50c9509d-22c7-4a22-a47d-8c48425ef4a7",9.86e+08
"Opuntia galapageia Hensl.","Opuntia","galapageia","-91.113067","-0.7829","Ecuador","Isla Isabela",NA,"50c9509d-22c7-4a22-a47d-8c48425ef4a7",1.78e+13
"Opuntia galapageia Hensl.","Opuntia","galapageia","-90.446647","-1.281036","Ecuador","Isla Santa Maria",NA,"50c9509d-22c7-4a22-a47d-8c48425ef4a7",1.78e+13
"Opuntia galapageia Hensl.","Opuntia","galapageia","-90.304397","-0.741222","Ecuador","Isla Santa Cruz",NA,"50c9509d-22c7-4a22-a47d-8c48425ef4a7",9.86e+08
"Opuntia galapageia Hensl.","Opuntia","galapageia","-90.387642","-1.237028","Ecuador","Isla Campeón",NA,"50c9509d-22c7-4a22-a47d-8c48425ef4a7",62500
"Opuntia galapageia Hensl.","Opuntia","galapageia","-90.276332","-0.481408","Ecuador",NA,NA,"50c9509d-22c7-4a22-a47d-8c48425ef4a7",1.78e+13
"Opuntia galapageia Hensl.","Opuntia","galapageia","-90.373571","-0.424798","Ecuador","Daphne Mayor",NA,"50c9509d-22c7-4a22-a47d-8c48425ef4a7",1.78e+13
"Opuntia galapageia Hensl.","Opuntia","galapageia","-90.164492","-0.583247","Ecuador","Isla Plaza Sur",NA,"50c9509d-22c7-4a22-a47d-8c48425ef4a7",1.78e+13
"Opuntia galapageia Hensl.","Opuntia","galapageia","-90.319881","-0.746709","Ecuador","Isla Santa Cruz",NA,"50c9509d-22c7-4a22-a47d-8c48425ef4a7",9.86e+08
"Opuntia galapageia Hensl.","Opuntia","galapageia","-90.971972","-0.953662","Ecuador","Isla Isabela",NA,"50c9509d-22c7-4a22-a47d-8c48425ef4a7",1.78e+13
"Opuntia galapageia Hensl.","Opuntia","galapageia","-91.100306","-0.783922","Ecuador","Isla Isabela",NA,"50c9509d-22c7-4a22-a47d-8c48425ef4a7",1.78e+13
"Opuntia galapageia Hensl.","Opuntia","galapageia","-91.100111","-0.782067","Ecuador","Isla Isabela",NA,"50c9509d-22c7-4a22-a47d-8c48425ef4a7",1.78e+13
"Opuntia galapageia Hensl.","Opuntia","galapageia","-90.371891","-0.423322","Ecuador","Daphne Mayor",NA,"50c9509d-22c7-4a22-a47d-8c48425ef4a7",1.78e+13
"Opuntia galapageia Hensl.","Opuntia","galapageia","-90.304439","-0.741253","Ecuador","Isla Santa Cruz",NA,"50c9509d-22c7-4a22-a47d-8c48425ef4a7",9.86e+08
"Opuntia galapageia Hensl.","Opuntia","galapageia","-90.321572","-0.748575","Ecuador","Isla Santa Cruz",NA,"50c9509d-22c7-4a22-a47d-8c48425ef4a7",9.86e+08
"Opuntia galapageia Hensl.","Opuntia","galapageia","-90.287833","-0.396022","Ecuador","Isla North Seymore",NA,"50c9509d-22c7-4a22-a47d-8c48425ef4a7",1.78e+13
"Opuntia galapageia Hensl.","Opuntia","galapageia","-90.160618","-0.584308","Ecuador",NA,NA,"50c9509d-22c7-4a22-a47d-8c48425ef4a7",1.78e+13
"Opuntia galapageia Hensl.","Opuntia","galapageia","-90.160618","-0.584308","Ecuador",NA,NA,"50c9509d-22c7-4a22-a47d-8c48425ef4a7",1.78e+13
"Opuntia galapageia Hensl.","Opuntia","galapageia","-90.961387","-0.97148","Ecuador","Las Tintoreras",NA,"50c9509d-22c7-4a22-a47d-8c48425ef4a7",1.78e+13
"Opuntia galapageia Hensl.","Opuntia","galapageia","-90.161343","-0.584321","Ecuador",NA,NA,"50c9509d-22c7-4a22-a47d-8c48425ef4a7",1.78e+13
"Opuntia galapageia Hensl.","Opuntia","galapageia","-90.312917","-0.754852","Ecuador","Isla Santa Cruz",NA,"50c9509d-22c7-4a22-a47d-8c48425ef4a7",9.86e+08
"Opuntia galapageia Hensl.","Opuntia","galapageia","-90.313982","-0.755305","Ecuador","Isla Santa Cruz",NA,"50c9509d-22c7-4a22-a47d-8c48425ef4a7",9.86e+08
"Opuntia galapageia Hensl.","Opuntia","galapageia","-90.313989","-0.755291","Ecuador","Isla Santa Cruz",NA,"50c9509d-22c7-4a22-a47d-8c48425ef4a7",9.86e+08
"Opuntia galapageia Hensl.","Opuntia","galapageia","-90.315118","-0.757148","Ecuador","Camino a las Grietas",NA,"50c9509d-22c7-4a22-a47d-8c48425ef4a7",1.78e+13
"Opuntia galapageia Hensl.","Opuntia","galapageia","-90.304092","-0.740824","Ecuador","Isla Santa Cruz",NA,"50c9509d-22c7-4a22-a47d-8c48425ef4a7",9.86e+08
"Opuntia galapageia Hensl.","Opuntia","galapageia","-90.303633","-0.740918","Ecuador","Isla Santa Cruz",NA,"50c9509d-22c7-4a22-a47d-8c48425ef4a7",9.86e+08
"Opuntia galapageia Hensl.","Opuntia","galapageia","-90.303545","-0.741049","Ecuador","Isla Santa Cruz",NA,"50c9509d-22c7-4a22-a47d-8c48425ef4a7",9.86e+08
"Opuntia galapageia Hensl.","Opuntia","galapageia","-90.303501","-0.741057","Ecuador","Isla Santa Cruz",NA,"50c9509d-22c7-4a22-a47d-8c48425ef4a7",9.86e+08
"Opuntia galapageia Hensl.","Opuntia","galapageia","-91.448244","-0.273443","Ecuador","Isla Fernandina",NA,"50c9509d-22c7-4a22-a47d-8c48425ef4a7",6.42e+08
"Opuntia galapageia Hensl.","Opuntia","galapageia","-90.303687","-0.742511","Ecuador","Isla Santa Cruz",NA,"50c9509d-22c7-4a22-a47d-8c48425ef4a7",9.86e+08
"Opuntia galapageia Hensl.","Opuntia","galapageia","-90.304035","-0.742113","Ecuador","Isla Santa Cruz",NA,"50c9509d-22c7-4a22-a47d-8c48425ef4a7",9.86e+08
"Opuntia galapageia Hensl.","Opuntia","galapageia","-90.34072","-0.764469","Ecuador","Isla Santa Cruz",NA,"50c9509d-22c7-4a22-a47d-8c48425ef4a7",9.86e+08
"Opuntia galapageia Hensl.","Opuntia","galapageia","-90.340734","-0.764483","Ecuador","Isla Santa Cruz",NA,"50c9509d-22c7-4a22-a47d-8c48425ef4a7",9.86e+08
"Opuntia galapageia Hensl.","Opuntia","galapageia","-90.340827","-0.764555","Ecuador","Isla Santa Cruz",NA,"50c9509d-22c7-4a22-a47d-8c48425ef4a7",9.86e+08
"Opuntia galapageia Hensl.","Opuntia","galapageia","-90.340824","-0.764545","Ecuador","Isla Santa Cruz",NA,"50c9509d-22c7-4a22-a47d-8c48425ef4a7",9.86e+08
"Opuntia galapageia Hensl.","Opuntia","galapageia","-90.307492","-0.760009","Ecuador","Grieta de las Tintoreras",NA,"50c9509d-22c7-4a22-a47d-8c48425ef4a7",1.78e+13
"Opuntia galapageia Hensl.","Opuntia","galapageia","-90.307479","-0.760008","Ecuador","Grieta de las Tintoreras",NA,"50c9509d-22c7-4a22-a47d-8c48425ef4a7",1.78e+13
"Opuntia galapageia Hensl.","Opuntia","galapageia","-90.30744","-0.759994","Ecuador","Grieta de las Tintoreras",NA,"50c9509d-22c7-4a22-a47d-8c48425ef4a7",1.78e+13
"Opuntia galapageia Hensl.","Opuntia","galapageia","-90.307334","-0.759938","Ecuador","Grieta de las Tintoreras",NA,"50c9509d-22c7-4a22-a47d-8c48425ef4a7",1.78e+13
"Opuntia galapageia Hensl.","Opuntia","galapageia","-89.60965","-0.888541","Ecuador","Naval Cannon",NA,"50c9509d-22c7-4a22-a47d-8c48425ef4a7",1.78e+13
"Opuntia galapageia Hensl.","Opuntia","galapageia","-90.269344","-0.444925","Ecuador","Bar Cafetería Baltra",NA,"50c9509d-22c7-4a22-a47d-8c48425ef4a7",1.78e+13
"Opuntia galapageia Hensl.","Opuntia","galapageia","-89.551244","-0.943962","Ecuador","Isla San Cristobal",NA,"50c9509d-22c7-4a22-a47d-8c48425ef4a7",5.58e+08
"Opuntia galapageia Hensl.","Opuntia","galapageia","-89.608847","-0.89907","Ecuador","Isla San Cristobal",NA,"50c9509d-22c7-4a22-a47d-8c48425ef4a7",5.58e+08
"Opuntia galapageia Hensl.","Opuntia","galapageia","-89.43042","-0.922328","Ecuador","Isla San Cristobal",NA,"50c9509d-22c7-4a22-a47d-8c48425ef4a7",5.58e+08
"Opuntia galapageia Hensl.","Opuntia","galapageia","-90.26873","-0.444958","Ecuador","Bar Cafetería Baltra",NA,"50c9509d-22c7-4a22-a47d-8c48425ef4a7",1.78e+13
"Opuntia galapageia Hensl.","Opuntia","galapageia","-89.351343","-0.823947","Ecuador","Isla San Cristobal",NA,"50c9509d-22c7-4a22-a47d-8c48425ef4a7",5.58e+08
"Opuntia galapageia Hensl.","Opuntia","galapageia","-89.446743","-0.842475","Ecuador","Isla San Cristobal",NA,"50c9509d-22c7-4a22-a47d-8c48425ef4a7",5.58e+08
"Opuntia galapageia Hensl.","Opuntia","galapageia","-89.446743","-0.842475","Ecuador","Isla San Cristobal",NA,"50c9509d-22c7-4a22-a47d-8c48425ef4a7",5.58e+08
"Opuntia galapageia Hensl.","Opuntia","galapageia","-89.609551","-0.90002","Ecuador","Isla San Cristobal",NA,"50c9509d-22c7-4a22-a47d-8c48425ef4a7",5.58e+08
"Opuntia galapageia Hensl.","Opuntia","galapageia","-89.352626","-0.822503","Ecuador","Isla San Cristobal",NA,"50c9509d-22c7-4a22-a47d-8c48425ef4a7",5.58e+08
"Opuntia galapageia Hensl.","Opuntia","galapageia","-89.352501","-0.82309","Ecuador","Isla San Cristobal",NA,"50c9509d-22c7-4a22-a47d-8c48425ef4a7",5.58e+08
"Opuntia galapageia Hensl.","Opuntia","galapageia","-89.351622","-0.82404","Ecuador","Isla San Cristobal",NA,"50c9509d-22c7-4a22-a47d-8c48425ef4a7",5.58e+08
"Opuntia galapageia Hensl.","Opuntia","galapageia","-89.351432","-0.824497","Ecuador","Isla San Cristobal",NA,"50c9509d-22c7-4a22-a47d-8c48425ef4a7",5.58e+08
"Opuntia galapageia Hensl.","Opuntia","galapageia","-89.351326","-0.825314","Ecuador","Isla San Cristobal",NA,"50c9509d-22c7-4a22-a47d-8c48425ef4a7",5.58e+08
"Opuntia galapageia Hensl.","Opuntia","galapageia","-89.351215","-0.82491","Ecuador","Isla San Cristobal",NA,"50c9509d-22c7-4a22-a47d-8c48425ef4a7",5.58e+08
"Opuntia galapageia Hensl.","Opuntia","galapageia","-89.618696","-0.90219","Ecuador","Isla San Cristobal",NA,"50c9509d-22c7-4a22-a47d-8c48425ef4a7",5.58e+08
"Opuntia galapageia Hensl.","Opuntia","galapageia","-89.611767","-0.901719","Ecuador","Isla San Cristobal",NA,"50c9509d-22c7-4a22-a47d-8c48425ef4a7",5.58e+08
"Opuntia galapageia Hensl.","Opuntia","galapageia","-90.16317","-0.583753","Ecuador",NA,NA,"50c9509d-22c7-4a22-a47d-8c48425ef4a7",1.78e+13
"Opuntia galapageia Hensl.","Opuntia","galapageia","-91.166672","-1.045769","Ecuador","Los Tuneles",NA,"50c9509d-22c7-4a22-a47d-8c48425ef4a7",1.78e+13
"Opuntia galapageia Hensl.","Opuntia","galapageia","-91.10028","-0.783558","Ecuador","Isla Isabela",NA,"50c9509d-22c7-4a22-a47d-8c48425ef4a7",1.78e+13
"Opuntia galapageia Hensl.","Opuntia","galapageia","-90.985162","-0.958467","Ecuador","Isla Isabela",NA,"50c9509d-22c7-4a22-a47d-8c48425ef4a7",1.78e+13
"Opuntia galapageia Hensl.","Opuntia","galapageia","-89.246407","-0.716968","Ecuador","Monte Pitt",NA,"50c9509d-22c7-4a22-a47d-8c48425ef4a7",1.78e+13
"Opuntia galapageia Hensl.","Opuntia","galapageia","-89.949257","0.318728","Ecuador","Playa Darwin",NA,"50c9509d-22c7-4a22-a47d-8c48425ef4a7",1.78e+13
"Opuntia galapageia Hensl.","Opuntia","galapageia","-90.16491","-0.58263","Ecuador","Isla Plaza Sur",NA,"50c9509d-22c7-4a22-a47d-8c48425ef4a7",1.78e+13
"Opuntia galapageia Hensl.","Opuntia","galapageia","-91.371314","-0.252731","Ecuador","Isla Isabela",NA,"50c9509d-22c7-4a22-a47d-8c48425ef4a7",1.78e+13
"Opuntia galapageia Hensl.","Opuntia","galapageia","-90.86593","-0.24396","Ecuador","Puerto Egas",NA,"50c9509d-22c7-4a22-a47d-8c48425ef4a7",1.78e+13
"Opuntia galapageia Hensl.","Opuntia","galapageia","-90.305643","-0.741759","Ecuador","Isla Santa Cruz",NA,"50c9509d-22c7-4a22-a47d-8c48425ef4a7",9.86e+08
"Opuntia galapageia Hensl.","Opuntia","galapageia","-91.367083","0.019274","Ecuador","Isla Isabela",NA,"50c9509d-22c7-4a22-a47d-8c48425ef4a7",1.78e+13
"Opuntia galapageia Hensl.","Opuntia","galapageia","-89.609863","-0.891297","Ecuador","Avenida Alsacio Northia",NA,"50c9509d-22c7-4a22-a47d-8c48425ef4a7",1.78e+13
"Opuntia galapageia Hensl.","Opuntia","galapageia","-90.26877","-0.445325","Ecuador","Bar Cafetería Baltra",NA,"50c9509d-22c7-4a22-a47d-8c48425ef4a7",1.78e+13
"Opuntia galapageia Hensl.","Opuntia","galapageia","-89.611838","-0.901613","Ecuador","Isla San Cristobal",NA,"50c9509d-22c7-4a22-a47d-8c48425ef4a7",5.58e+08
"Opuntia galapageia Hensl.","Opuntia","galapageia","-89.608825","-0.899117","Ecuador","Isla San Cristobal",NA,"50c9509d-22c7-4a22-a47d-8c48425ef4a7",5.58e+08
"Opuntia galapageia Hensl.","Opuntia","galapageia","-89.435522","-0.915317","Ecuador","Isla San Cristobal",NA,"50c9509d-22c7-4a22-a47d-8c48425ef4a7",5.58e+08
"Opuntia galapageia Hensl.","Opuntia","galapageia","-89.61383","-0.902495","Ecuador","Isla San Cristobal",NA,"50c9509d-22c7-4a22-a47d-8c48425ef4a7",5.58e+08
"Opuntia galapageia Hensl.","Opuntia","galapageia","-90.06094","-0.818268","Ecuador","Isla Santa Fe",NA,"50c9509d-22c7-4a22-a47d-8c48425ef4a7",1.78e+13
"Opuntia galapageia Hensl.","Opuntia","galapageia","-89.611205","-0.890452","Ecuador","Playa Punta Carola",NA,"50c9509d-22c7-4a22-a47d-8c48425ef4a7",1.78e+13
"Opuntia galapageia Hensl.","Opuntia","galapageia","-89.611149","-0.890372","Ecuador","Playa Punta Carola",NA,"50c9509d-22c7-4a22-a47d-8c48425ef4a7",1.78e+13
"Opuntia galapageia Hensl.","Opuntia","galapageia","-91.087713","-0.805996","Ecuador","Isla Isabela",NA,"50c9509d-22c7-4a22-a47d-8c48425ef4a7",1.78e+13
"Opuntia galapageia Hensl.","Opuntia","galapageia","-90.485878","-0.529412","Ecuador","Isla Santa Cruz",NA,"50c9509d-22c7-4a22-a47d-8c48425ef4a7",9.86e+08
"Opuntia galapageia Hensl.","Opuntia","galapageia","-90.315689","-0.743292","Ecuador","Isla Santa Cruz",NA,"50c9509d-22c7-4a22-a47d-8c48425ef4a7",9.86e+08
"Opuntia galapageia Hensl.","Opuntia","galapageia","-90.30748","-0.759975","Ecuador","Grieta de las Tintoreras",NA,"50c9509d-22c7-4a22-a47d-8c48425ef4a7",1.78e+13
"Opuntia galapageia Hensl.","Opuntia","galapageia","-90.341042","-0.764808","Ecuador","Isla Santa Cruz",NA,"50c9509d-22c7-4a22-a47d-8c48425ef4a7",9.86e+08
"Opuntia galapageia Hensl.","Opuntia","galapageia","-89.613911","-0.902267","Ecuador","Isla San Cristobal",NA,"50c9509d-22c7-4a22-a47d-8c48425ef4a7",5.58e+08
"Opuntia galapageia Hensl.","Opuntia","galapageia","-90.268997","-0.445331","Ecuador","Bar Cafetería Baltra",NA,"50c9509d-22c7-4a22-a47d-8c48425ef4a7",1.78e+13
"Opuntia galapageia Hensl.","Opuntia","galapageia","-90.268736","-0.445244","Ecuador","Bar Cafetería Baltra",NA,"50c9509d-22c7-4a22-a47d-8c48425ef4a7",1.78e+13
"Opuntia galapageia Hensl.","Opuntia","galapageia","-90.268539","-0.444722","Ecuador","Bar Cafetería Baltra",NA,"50c9509d-22c7-4a22-a47d-8c48425ef4a7",1.78e+13
"Opuntia galapageia Hensl.","Opuntia","galapageia","-90.268539","-0.444722","Ecuador","Bar Cafetería Baltra",NA,"50c9509d-22c7-4a22-a47d-8c48425ef4a7",1.78e+13
"Opuntia galapageia Hensl.","Opuntia","galapageia","-90.282133","-0.479186","Ecuador",NA,NA,"50c9509d-22c7-4a22-a47d-8c48425ef4a7",1.78e+13
"Opuntia galapageia Hensl.","Opuntia","galapageia","-90.313328","-0.747892","Ecuador","Isla Santa Cruz",NA,"50c9509d-22c7-4a22-a47d-8c48425ef4a7",9.86e+08
"Opuntia galapageia Hensl.","Opuntia","galapageia","-90.9875","-0.958814","Ecuador","Isla Isabela",NA,"50c9509d-22c7-4a22-a47d-8c48425ef4a7",1.78e+13
"Opuntia galapageia Hensl.","Opuntia","galapageia","-90.989128","-0.960219","Ecuador","Isla Isabela",NA,"50c9509d-22c7-4a22-a47d-8c48425ef4a7",1.78e+13
"Opuntia galapageia Hensl.","Opuntia","galapageia","-90.98895","-0.960386","Ecuador","Isla Isabela",NA,"50c9509d-22c7-4a22-a47d-8c48425ef4a7",1.78e+13
"Opuntia galapageia Hensl.","Opuntia","galapageia","-90.989869","-0.960039","Ecuador","Isla Isabela",NA,"50c9509d-22c7-4a22-a47d-8c48425ef4a7",1.78e+13
"Opuntia galapageia Hensl.","Opuntia","galapageia","-90.992281","-0.959303","Ecuador","Isla Isabela",NA,"50c9509d-22c7-4a22-a47d-8c48425ef4a7",1.78e+13
"Opuntia galapageia Hensl.","Opuntia","galapageia","-91.000469","-0.960881","Ecuador","Isla Isabela",NA,"50c9509d-22c7-4a22-a47d-8c48425ef4a7",1.78e+13
"Opuntia galapageia Hensl.","Opuntia","galapageia","-91.000986","-0.960778","Ecuador","Isla Isabela",NA,"50c9509d-22c7-4a22-a47d-8c48425ef4a7",1.78e+13
"Opuntia galapageia Hensl.","Opuntia","galapageia","-91.004681","-0.963919","Ecuador","Isla Isabela",NA,"50c9509d-22c7-4a22-a47d-8c48425ef4a7",1.78e+13
"Opuntia galapageia Hensl.","Opuntia","galapageia","-91.006292","-0.963458","Ecuador","Isla Isabela",NA,"50c9509d-22c7-4a22-a47d-8c48425ef4a7",1.78e+13
"Opuntia galapageia Hensl.","Opuntia","galapageia","-91.007586","-0.963086","Ecuador","Isla Isabela",NA,"50c9509d-22c7-4a22-a47d-8c48425ef4a7",1.78e+13
"Opuntia galapageia Hensl.","Opuntia","galapageia","-91.007303","-0.9632","Ecuador","Isla Isabela",NA,"50c9509d-22c7-4a22-a47d-8c48425ef4a7",1.78e+13
"Opuntia galapageia Hensl.","Opuntia","galapageia","-91.135302","-0.829167","Ecuador","Isla Isabela",NA,"50c9509d-22c7-4a22-a47d-8c48425ef4a7",1.78e+13
"Opuntia galapageia Hensl.","Opuntia","galapageia","-90.967469","-0.951683","Ecuador","Isla Isabela",NA,"50c9509d-22c7-4a22-a47d-8c48425ef4a7",1.78e+13
"Opuntia galapageia Hensl.","Opuntia","galapageia","-90.966958","-0.949597","Ecuador","Isla Isabela",NA,"50c9509d-22c7-4a22-a47d-8c48425ef4a7",1.78e+13
"Opuntia galapageia Hensl.","Opuntia","galapageia","-90.960831","-0.951186","Ecuador","Isla Isabela",NA,"50c9509d-22c7-4a22-a47d-8c48425ef4a7",1.78e+13
"Opuntia galapageia Hensl.","Opuntia","galapageia","-90.960089","-0.952958","Ecuador","Isla Isabela",NA,"50c9509d-22c7-4a22-a47d-8c48425ef4a7",1.78e+13
"Opuntia galapageia Hensl.","Opuntia","galapageia","-91.166303","-0.831558","Ecuador","Isla Isabela",NA,"50c9509d-22c7-4a22-a47d-8c48425ef4a7",1.78e+13
"Opuntia galapageia Hensl.","Opuntia","galapageia","-91.166258","-0.831422","Ecuador","Isla Isabela",NA,"50c9509d-22c7-4a22-a47d-8c48425ef4a7",1.78e+13
"Opuntia galapageia Hensl.","Opuntia","galapageia","-90.971803","-0.953731","Ecuador","Isla Isabela",NA,"50c9509d-22c7-4a22-a47d-8c48425ef4a7",1.78e+13
"Opuntia galapageia Hensl.","Opuntia","galapageia","-90.971917","-0.953661","Ecuador","Isla Isabela",NA,"50c9509d-22c7-4a22-a47d-8c48425ef4a7",1.78e+13
"Opuntia galapageia Hensl.","Opuntia","galapageia","-90.959844","-0.957914","Ecuador","Isla Isabela",NA,"50c9509d-22c7-4a22-a47d-8c48425ef4a7",1.78e+13
"Opuntia galapageia Hensl.","Opuntia","galapageia","-90.962728","-0.959244","Ecuador","Isla Isabela",NA,"50c9509d-22c7-4a22-a47d-8c48425ef4a7",1.78e+13
"Opuntia galapageia Hensl.","Opuntia","galapageia","-90.963081","-0.959558","Ecuador","Isla Isabela",NA,"50c9509d-22c7-4a22-a47d-8c48425ef4a7",1.78e+13
"Opuntia galapageia Hensl.","Opuntia","galapageia","-89.609367","-0.893528","Ecuador","Isla San Cristobal",NA,"50c9509d-22c7-4a22-a47d-8c48425ef4a7",5.58e+08
"Opuntia galapageia Hensl.","Opuntia","galapageia","-90.962214","-0.959903","Ecuador","Isla Isabela",NA,"50c9509d-22c7-4a22-a47d-8c48425ef4a7",1.78e+13
"Opuntia galapageia Hensl.","Opuntia","galapageia","-90.961644","-0.960322","Ecuador","Isla Isabela",NA,"50c9509d-22c7-4a22-a47d-8c48425ef4a7",1.78e+13
"Opuntia galapageia Hensl.","Opuntia","galapageia","-90.959906","-0.961131","Ecuador","Isla Isabela",NA,"50c9509d-22c7-4a22-a47d-8c48425ef4a7",1.78e+13
"Opuntia galapageia Hensl.","Opuntia","galapageia","-90.959472","-0.961517","Ecuador","Isla Isabela",NA,"50c9509d-22c7-4a22-a47d-8c48425ef4a7",1.78e+13
"Opuntia galapageia Hensl.","Opuntia","galapageia","-91.012456","-0.964822","Ecuador","Isla Isabela",NA,"50c9509d-22c7-4a22-a47d-8c48425ef4a7",1.78e+13
"Opuntia galapageia Hensl.","Opuntia","galapageia","-91.012439","-0.964806","Ecuador","Isla Isabela",NA,"50c9509d-22c7-4a22-a47d-8c48425ef4a7",1.78e+13
"Opuntia galapageia Hensl.","Opuntia","galapageia","-91.012625","-0.964717","Ecuador","Isla Isabela",NA,"50c9509d-22c7-4a22-a47d-8c48425ef4a7",1.78e+13
"Opuntia galapageia Hensl.","Opuntia","galapageia","-91.013547","-0.965033","Ecuador","Isla Isabela",NA,"50c9509d-22c7-4a22-a47d-8c48425ef4a7",1.78e+13
"Opuntia galapageia Hensl.","Opuntia","galapageia","-91.013453","-0.965044","Ecuador","Isla Isabela",NA,"50c9509d-22c7-4a22-a47d-8c48425ef4a7",1.78e+13
"Opuntia galapageia Hensl.","Opuntia","galapageia","-91.013486","-0.964811","Ecuador","Isla Isabela",NA,"50c9509d-22c7-4a22-a47d-8c48425ef4a7",1.78e+13
"Opuntia galapageia Hensl.","Opuntia","galapageia","-91.013475","-0.964297","Ecuador","Isla Isabela",NA,"50c9509d-22c7-4a22-a47d-8c48425ef4a7",1.78e+13
"Opuntia galapageia Hensl.","Opuntia","galapageia","-91.013331","-0.964092","Ecuador","Isla Isabela",NA,"50c9509d-22c7-4a22-a47d-8c48425ef4a7",1.78e+13
"Opuntia galapageia Hensl.","Opuntia","galapageia","-91.012692","-0.964436","Ecuador","Isla Isabela",NA,"50c9509d-22c7-4a22-a47d-8c48425ef4a7",1.78e+13
"Opuntia galapageia Hensl.","Opuntia","galapageia","-91.012667","-0.964417","Ecuador","Isla Isabela",NA,"50c9509d-22c7-4a22-a47d-8c48425ef4a7",1.78e+13
"Opuntia galapageia Hensl.","Opuntia","galapageia","-91.012719","-0.964444","Ecuador","Isla Isabela",NA,"50c9509d-22c7-4a22-a47d-8c48425ef4a7",1.78e+13
"Opuntia galapageia Hensl.","Opuntia","galapageia","-91.004933","-0.964461","Ecuador","Isla Isabela",NA,"50c9509d-22c7-4a22-a47d-8c48425ef4a7",1.78e+13
"Opuntia galapageia Hensl.","Opuntia","galapageia","-91.004153","-0.965083","Ecuador","Isla Isabela",NA,"50c9509d-22c7-4a22-a47d-8c48425ef4a7",1.78e+13
"Opuntia galapageia Hensl.","Opuntia","galapageia","-91.003772","-0.965494","Ecuador","Isla Isabela",NA,"50c9509d-22c7-4a22-a47d-8c48425ef4a7",1.78e+13
"Opuntia galapageia Hensl.","Opuntia","galapageia","-91.002986","-0.965908","Ecuador","Isla Isabela",NA,"50c9509d-22c7-4a22-a47d-8c48425ef4a7",1.78e+13
"Opuntia galapageia Hensl.","Opuntia","galapageia","-91.002653","-0.966586","Ecuador","Isla Isabela",NA,"50c9509d-22c7-4a22-a47d-8c48425ef4a7",1.78e+13
"Opuntia galapageia Hensl.","Opuntia","galapageia","-91.002644","-0.966717","Ecuador","Isla Isabela",NA,"50c9509d-22c7-4a22-a47d-8c48425ef4a7",1.78e+13
"Opuntia galapageia Hensl.","Opuntia","galapageia","-91.002811","-0.967467","Ecuador","Isla Isabela",NA,"50c9509d-22c7-4a22-a47d-8c48425ef4a7",1.78e+13
"Opuntia galapageia Hensl.","Opuntia","galapageia","-91.002792","-0.967467","Ecuador","Isla Isabela",NA,"50c9509d-22c7-4a22-a47d-8c48425ef4a7",1.78e+13
"Opuntia galapageia Hensl.","Opuntia","galapageia","-91.002694","-0.968022","Ecuador","Isla Isabela",NA,"50c9509d-22c7-4a22-a47d-8c48425ef4a7",1.78e+13
"Opuntia galapageia Hensl.","Opuntia","galapageia","-91.002794","-0.968289","Ecuador","Isla Isabela",NA,"50c9509d-22c7-4a22-a47d-8c48425ef4a7",1.78e+13
"Opuntia galapageia Hensl.","Opuntia","galapageia","-91.002839","-0.968339","Ecuador","Isla Isabela",NA,"50c9509d-22c7-4a22-a47d-8c48425ef4a7",1.78e+13
"Opuntia galapageia Hensl.","Opuntia","galapageia","-91.002892","-0.968461","Ecuador","Isla Isabela",NA,"50c9509d-22c7-4a22-a47d-8c48425ef4a7",1.78e+13
"Opuntia galapageia Hensl.","Opuntia","galapageia","-91.002706","-0.968942","Ecuador","Isla Isabela",NA,"50c9509d-22c7-4a22-a47d-8c48425ef4a7",1.78e+13
"Opuntia galapageia Hensl.","Opuntia","galapageia","-91.001647","-0.969589","Ecuador","Isla Isabela",NA,"50c9509d-22c7-4a22-a47d-8c48425ef4a7",1.78e+13
"Opuntia galapageia Hensl.","Opuntia","galapageia","-91.001619","-0.969625","Ecuador","Isla Isabela",NA,"50c9509d-22c7-4a22-a47d-8c48425ef4a7",1.78e+13
"Opuntia galapageia Hensl.","Opuntia","galapageia","-91.0011","-0.969769","Ecuador","Isla Isabela",NA,"50c9509d-22c7-4a22-a47d-8c48425ef4a7",1.78e+13
"Opuntia galapageia Hensl.","Opuntia","galapageia","-90.999894","-0.970117","Ecuador","Isla Isabela",NA,"50c9509d-22c7-4a22-a47d-8c48425ef4a7",1.78e+13
"Opuntia galapageia Hensl.","Opuntia","galapageia","-90.999344","-0.970167","Ecuador","Isla Isabela",NA,"50c9509d-22c7-4a22-a47d-8c48425ef4a7",1.78e+13
"Opuntia galapageia Hensl.","Opuntia","galapageia","-90.969669","-0.9555","Ecuador","Isla Isabela",NA,"50c9509d-22c7-4a22-a47d-8c48425ef4a7",1.78e+13
"Opuntia galapageia Hensl.","Opuntia","galapageia","-91.002278","-0.972294","Ecuador","Isla Isabela",NA,"50c9509d-22c7-4a22-a47d-8c48425ef4a7",1.78e+13
"Opuntia galapageia Hensl.","Opuntia","galapageia","-91.002169","-0.972478","Ecuador","Isla Isabela",NA,"50c9509d-22c7-4a22-a47d-8c48425ef4a7",1.78e+13
"Opuntia galapageia Hensl.","Opuntia","galapageia","-91.002108","-0.972414","Ecuador","Isla Isabela",NA,"50c9509d-22c7-4a22-a47d-8c48425ef4a7",1.78e+13
"Opuntia galapageia Hensl.","Opuntia","galapageia","-91.003183","-0.972664","Ecuador","Isla Isabela",NA,"50c9509d-22c7-4a22-a47d-8c48425ef4a7",1.78e+13
"Opuntia galapageia Hensl.","Opuntia","galapageia","-91.003194","-0.973092","Ecuador","Isla Isabela",NA,"50c9509d-22c7-4a22-a47d-8c48425ef4a7",1.78e+13
"Opuntia galapageia Hensl.","Opuntia","galapageia","-90.952683","-0.955869","Ecuador","Isla Isabela",NA,"50c9509d-22c7-4a22-a47d-8c48425ef4a7",1.78e+13
"Opuntia galapageia Hensl.","Opuntia","galapageia","-90.952678","-0.955847","Ecuador","Isla Isabela",NA,"50c9509d-22c7-4a22-a47d-8c48425ef4a7",1.78e+13
"Opuntia galapageia Hensl.","Opuntia","galapageia","-90.960978","-0.955561","Ecuador","Isla Isabela",NA,"50c9509d-22c7-4a22-a47d-8c48425ef4a7",1.78e+13
"Opuntia galapageia Hensl.","Opuntia","galapageia","-90.959144","-0.952764","Ecuador","Isla Isabela",NA,"50c9509d-22c7-4a22-a47d-8c48425ef4a7",1.78e+13
"Opuntia galapageia Hensl.","Opuntia","galapageia","-90.970317","-0.953519","Ecuador","Isla Isabela",NA,"50c9509d-22c7-4a22-a47d-8c48425ef4a7",1.78e+13
"Opuntia galapageia Hensl.","Opuntia","galapageia","-90.960636","-0.956642","Ecuador","Isla Isabela",NA,"50c9509d-22c7-4a22-a47d-8c48425ef4a7",1.78e+13
"Opuntia galapageia Hensl.","Opuntia","galapageia","-90.959994","-0.957125","Ecuador","Isla Isabela",NA,"50c9509d-22c7-4a22-a47d-8c48425ef4a7",1.78e+13
"Opuntia galapageia Hensl.","Opuntia","galapageia","-90.319492","-0.746097","Ecuador","Isla Santa Cruz",NA,"50c9509d-22c7-4a22-a47d-8c48425ef4a7",9.86e+08
"Opuntia galapageia Hensl.","Opuntia","galapageia","-90.319572","-0.746303","Ecuador","Isla Santa Cruz",NA,"50c9509d-22c7-4a22-a47d-8c48425ef4a7",9.86e+08
"Opuntia galapageia Hensl.","Opuntia","galapageia","-90.319994","-0.747042","Ecuador","Isla Santa Cruz",NA,"50c9509d-22c7-4a22-a47d-8c48425ef4a7",9.86e+08
"Opuntia galapageia Hensl.","Opuntia","galapageia","-90.319994","-0.747042","Ecuador","Isla Santa Cruz",NA,"50c9509d-22c7-4a22-a47d-8c48425ef4a7",9.86e+08
"Opuntia galapageia Hensl.","Opuntia","galapageia","-90.320978","-0.747981","Ecuador","Isla Santa Cruz",NA,"50c9509d-22c7-4a22-a47d-8c48425ef4a7",9.86e+08
"Opuntia galapageia Hensl.","Opuntia","galapageia","-90.321083","-0.748036","Ecuador","Isla Santa Cruz",NA,"50c9509d-22c7-4a22-a47d-8c48425ef4a7",9.86e+08
"Opuntia galapageia Hensl.","Opuntia","galapageia","-90.321094","-0.748044","Ecuador","Isla Santa Cruz",NA,"50c9509d-22c7-4a22-a47d-8c48425ef4a7",9.86e+08
"Opuntia galapageia Hensl.","Opuntia","galapageia","-90.321111","-0.748086","Ecuador","Isla Santa Cruz",NA,"50c9509d-22c7-4a22-a47d-8c48425ef4a7",9.86e+08
"Opuntia galapageia Hensl.","Opuntia","galapageia","-90.321144","-0.748131","Ecuador","Isla Santa Cruz",NA,"50c9509d-22c7-4a22-a47d-8c48425ef4a7",9.86e+08
"Opuntia galapageia Hensl.","Opuntia","galapageia","-90.321569","-0.748619","Ecuador","Isla Santa Cruz",NA,"50c9509d-22c7-4a22-a47d-8c48425ef4a7",9.86e+08
"Opuntia galapageia Hensl.","Opuntia","galapageia","-90.321633","-0.748683","Ecuador","Isla Santa Cruz",NA,"50c9509d-22c7-4a22-a47d-8c48425ef4a7",9.86e+08
"Opuntia galapageia Hensl.","Opuntia","galapageia","-90.320289","-0.741833","Ecuador","Isla Santa Cruz",NA,"50c9509d-22c7-4a22-a47d-8c48425ef4a7",9.86e+08
"Opuntia galapageia Hensl.","Opuntia","galapageia","-90.322244","-0.749372","Ecuador","Isla Santa Cruz",NA,"50c9509d-22c7-4a22-a47d-8c48425ef4a7",9.86e+08
"Opuntia galapageia Hensl.","Opuntia","galapageia","-90.322331","-0.749444","Ecuador","Isla Santa Cruz",NA,"50c9509d-22c7-4a22-a47d-8c48425ef4a7",9.86e+08
"Opuntia galapageia Hensl.","Opuntia","galapageia","-90.322433","-0.749556","Ecuador","Isla Santa Cruz",NA,"50c9509d-22c7-4a22-a47d-8c48425ef4a7",9.86e+08
"Opuntia galapageia Hensl.","Opuntia","galapageia","-90.322575","-0.749697","Ecuador","Isla Santa Cruz",NA,"50c9509d-22c7-4a22-a47d-8c48425ef4a7",9.86e+08
"Opuntia galapageia Hensl.","Opuntia","galapageia","-90.323564","-0.751039","Ecuador","Isla Santa Cruz",NA,"50c9509d-22c7-4a22-a47d-8c48425ef4a7",9.86e+08
"Opuntia galapageia Hensl.","Opuntia","galapageia","-90.324014","-0.751361","Ecuador","Isla Santa Cruz",NA,"50c9509d-22c7-4a22-a47d-8c48425ef4a7",9.86e+08
"Opuntia galapageia Hensl.","Opuntia","galapageia","-90.324378","-0.751669","Ecuador","Isla Santa Cruz",NA,"50c9509d-22c7-4a22-a47d-8c48425ef4a7",9.86e+08
"Opuntia galapageia Hensl.","Opuntia","galapageia","-90.324481","-0.751833","Ecuador","Isla Santa Cruz",NA,"50c9509d-22c7-4a22-a47d-8c48425ef4a7",9.86e+08
"Opuntia galapageia Hensl.","Opuntia","galapageia","-90.324714","-0.752128","Ecuador","Isla Santa Cruz",NA,"50c9509d-22c7-4a22-a47d-8c48425ef4a7",9.86e+08
"Opuntia galapageia Hensl.","Opuntia","galapageia","-90.324814","-0.752281","Ecuador","Isla Santa Cruz",NA,"50c9509d-22c7-4a22-a47d-8c48425ef4a7",9.86e+08
"Opuntia galapageia Hensl.","Opuntia","galapageia","-90.325081","-0.752481","Ecuador","Isla Santa Cruz",NA,"50c9509d-22c7-4a22-a47d-8c48425ef4a7",9.86e+08
"Opuntia galapageia Hensl.","Opuntia","galapageia","-90.325169","-0.752586","Ecuador","Isla Santa Cruz",NA,"50c9509d-22c7-4a22-a47d-8c48425ef4a7",9.86e+08
"Opuntia galapageia Hensl.","Opuntia","galapageia","-90.325292","-0.752736","Ecuador","Isla Santa Cruz",NA,"50c9509d-22c7-4a22-a47d-8c48425ef4a7",9.86e+08
"Opuntia galapageia Hensl.","Opuntia","galapageia","-90.325772","-0.753317","Ecuador","Isla Santa Cruz",NA,"50c9509d-22c7-4a22-a47d-8c48425ef4a7",9.86e+08
"Opuntia galapageia Hensl.","Opuntia","galapageia","-90.325847","-0.753375","Ecuador","Isla Santa Cruz",NA,"50c9509d-22c7-4a22-a47d-8c48425ef4a7",9.86e+08
"Opuntia galapageia Hensl.","Opuntia","galapageia","-90.326119","-0.753575","Ecuador","Isla Santa Cruz",NA,"50c9509d-22c7-4a22-a47d-8c48425ef4a7",9.86e+08
"Opuntia galapageia Hensl.","Opuntia","galapageia","-90.326147","-0.753644","Ecuador","Isla Santa Cruz",NA,"50c9509d-22c7-4a22-a47d-8c48425ef4a7",9.86e+08
"Opuntia galapageia Hensl.","Opuntia","galapageia","-90.326228","-0.753828","Ecuador","Isla Santa Cruz",NA,"50c9509d-22c7-4a22-a47d-8c48425ef4a7",9.86e+08
"Opuntia galapageia Hensl.","Opuntia","galapageia","-90.326244","-0.753886","Ecuador","Isla Santa Cruz",NA,"50c9509d-22c7-4a22-a47d-8c48425ef4a7",9.86e+08
"Opuntia galapageia Hensl.","Opuntia","galapageia","-90.326722","-0.754344","Ecuador","Isla Santa Cruz",NA,"50c9509d-22c7-4a22-a47d-8c48425ef4a7",9.86e+08
"Opuntia galapageia Hensl.","Opuntia","galapageia","-90.326883","-0.754503","Ecuador","Isla Santa Cruz",NA,"50c9509d-22c7-4a22-a47d-8c48425ef4a7",9.86e+08
"Opuntia galapageia Hensl.","Opuntia","galapageia","-90.327778","-0.755517","Ecuador","Isla Santa Cruz",NA,"50c9509d-22c7-4a22-a47d-8c48425ef4a7",9.86e+08
"Opuntia galapageia Hensl.","Opuntia","galapageia","-90.328078","-0.755936","Ecuador","Isla Santa Cruz",NA,"50c9509d-22c7-4a22-a47d-8c48425ef4a7",9.86e+08
"Opuntia galapageia Hensl.","Opuntia","galapageia","-90.328275","-0.75615","Ecuador","Isla Santa Cruz",NA,"50c9509d-22c7-4a22-a47d-8c48425ef4a7",9.86e+08
"Opuntia galapageia Hensl.","Opuntia","galapageia","-90.333761","-0.760969","Ecuador","Isla Santa Cruz",NA,"50c9509d-22c7-4a22-a47d-8c48425ef4a7",9.86e+08
"Opuntia galapageia Hensl.","Opuntia","galapageia","-90.339889","-0.764469","Ecuador","Isla Santa Cruz",NA,"50c9509d-22c7-4a22-a47d-8c48425ef4a7",9.86e+08
"Opuntia galapageia Hensl.","Opuntia","galapageia","-90.340033","-0.764392","Ecuador","Isla Santa Cruz",NA,"50c9509d-22c7-4a22-a47d-8c48425ef4a7",9.86e+08
"Opuntia galapageia Hensl.","Opuntia","galapageia","-90.340328","-0.764392","Ecuador","Isla Santa Cruz",NA,"50c9509d-22c7-4a22-a47d-8c48425ef4a7",9.86e+08
"Opuntia galapageia Hensl.","Opuntia","galapageia","-90.340314","-0.764403","Ecuador","Isla Santa Cruz",NA,"50c9509d-22c7-4a22-a47d-8c48425ef4a7",9.86e+08
"Opuntia galapageia Hensl.","Opuntia","galapageia","-90.340314","-0.764403","Ecuador","Isla Santa Cruz",NA,"50c9509d-22c7-4a22-a47d-8c48425ef4a7",9.86e+08
"Opuntia galapageia Hensl.","Opuntia","galapageia","-90.340314","-0.764403","Ecuador","Isla Santa Cruz",NA,"50c9509d-22c7-4a22-a47d-8c48425ef4a7",9.86e+08
"Opuntia galapageia Hensl.","Opuntia","galapageia","-90.340314","-0.764403","Ecuador","Isla Santa Cruz",NA,"50c9509d-22c7-4a22-a47d-8c48425ef4a7",9.86e+08
"Opuntia galapageia Hensl.","Opuntia","galapageia","-90.340314","-0.764403","Ecuador","Isla Santa Cruz",NA,"50c9509d-22c7-4a22-a47d-8c48425ef4a7",9.86e+08
"Opuntia galapageia Hensl.","Opuntia","galapageia","-90.340314","-0.764403","Ecuador","Isla Santa Cruz",NA,"50c9509d-22c7-4a22-a47d-8c48425ef4a7",9.86e+08
"Opuntia galapageia Hensl.","Opuntia","galapageia","-90.340344","-0.764419","Ecuador","Isla Santa Cruz",NA,"50c9509d-22c7-4a22-a47d-8c48425ef4a7",9.86e+08
"Opuntia galapageia Hensl.","Opuntia","galapageia","-90.340358","-0.764411","Ecuador","Isla Santa Cruz",NA,"50c9509d-22c7-4a22-a47d-8c48425ef4a7",9.86e+08
"Opuntia galapageia Hensl.","Opuntia","galapageia","-90.340358","-0.764411","Ecuador","Isla Santa Cruz",NA,"50c9509d-22c7-4a22-a47d-8c48425ef4a7",9.86e+08
"Opuntia galapageia Hensl.","Opuntia","galapageia","-90.340433","-0.764406","Ecuador","Isla Santa Cruz",NA,"50c9509d-22c7-4a22-a47d-8c48425ef4a7",9.86e+08
"Opuntia galapageia Hensl.","Opuntia","galapageia","-90.340833","-0.764569","Ecuador","Isla Santa Cruz",NA,"50c9509d-22c7-4a22-a47d-8c48425ef4a7",9.86e+08
"Opuntia galapageia Hensl.","Opuntia","galapageia","-90.340844","-0.764608","Ecuador","Isla Santa Cruz",NA,"50c9509d-22c7-4a22-a47d-8c48425ef4a7",9.86e+08
"Opuntia galapageia Hensl.","Opuntia","galapageia","-90.341028","-0.764808","Ecuador","Isla Santa Cruz",NA,"50c9509d-22c7-4a22-a47d-8c48425ef4a7",9.86e+08
"Opuntia galapageia Hensl.","Opuntia","galapageia","-90.340997","-0.764708","Ecuador","Isla Santa Cruz",NA,"50c9509d-22c7-4a22-a47d-8c48425ef4a7",9.86e+08
"Opuntia galapageia Hensl.","Opuntia","galapageia","-90.340986","-0.764667","Ecuador","Isla Santa Cruz",NA,"50c9509d-22c7-4a22-a47d-8c48425ef4a7",9.86e+08
"Opuntia galapageia Hensl.","Opuntia","galapageia","-90.339669","-0.764633","Ecuador","Isla Santa Cruz",NA,"50c9509d-22c7-4a22-a47d-8c48425ef4a7",9.86e+08
"Opuntia galapageia Hensl.","Opuntia","galapageia","-90.339636","-0.764606","Ecuador","Isla Santa Cruz",NA,"50c9509d-22c7-4a22-a47d-8c48425ef4a7",9.86e+08
"Opuntia galapageia Hensl.","Opuntia","galapageia","-90.331953","-0.760094","Ecuador","Isla Santa Cruz",NA,"50c9509d-22c7-4a22-a47d-8c48425ef4a7",9.86e+08
"Opuntia galapageia Hensl.","Opuntia","galapageia","-90.329506","-0.7567","Ecuador","Isla Santa Cruz",NA,"50c9509d-22c7-4a22-a47d-8c48425ef4a7",9.86e+08
"Opuntia galapageia Hensl.","Opuntia","galapageia","-90.328458","-0.7562","Ecuador","Isla Santa Cruz",NA,"50c9509d-22c7-4a22-a47d-8c48425ef4a7",9.86e+08
"Opuntia galapageia Hensl.","Opuntia","galapageia","-90.327931","-0.755656","Ecuador","Isla Santa Cruz",NA,"50c9509d-22c7-4a22-a47d-8c48425ef4a7",9.86e+08
"Opuntia galapageia Hensl.","Opuntia","galapageia","-90.327931","-0.755656","Ecuador","Isla Santa Cruz",NA,"50c9509d-22c7-4a22-a47d-8c48425ef4a7",9.86e+08
"Opuntia galapageia Hensl.","Opuntia","galapageia","-90.327656","-0.755308","Ecuador","Isla Santa Cruz",NA,"50c9509d-22c7-4a22-a47d-8c48425ef4a7",9.86e+08
"Opuntia galapageia Hensl.","Opuntia","galapageia","-90.327589","-0.755231","Ecuador","Isla Santa Cruz",NA,"50c9509d-22c7-4a22-a47d-8c48425ef4a7",9.86e+08
"Opuntia galapageia Hensl.","Opuntia","galapageia","-90.327403","-0.755011","Ecuador","Isla Santa Cruz",NA,"50c9509d-22c7-4a22-a47d-8c48425ef4a7",9.86e+08
"Opuntia galapageia Hensl.","Opuntia","galapageia","-90.327247","-0.754803","Ecuador","Isla Santa Cruz",NA,"50c9509d-22c7-4a22-a47d-8c48425ef4a7",9.86e+08
"Opuntia galapageia Hensl.","Opuntia","galapageia","-90.327211","-0.754786","Ecuador","Isla Santa Cruz",NA,"50c9509d-22c7-4a22-a47d-8c48425ef4a7",9.86e+08
"Opuntia galapageia Hensl.","Opuntia","galapageia","-90.327092","-0.754703","Ecuador","Isla Santa Cruz",NA,"50c9509d-22c7-4a22-a47d-8c48425ef4a7",9.86e+08
"Opuntia galapageia Hensl.","Opuntia","galapageia","-90.327103","-0.754717","Ecuador","Isla Santa Cruz",NA,"50c9509d-22c7-4a22-a47d-8c48425ef4a7",9.86e+08
"Opuntia galapageia Hensl.","Opuntia","galapageia","-90.3271","-0.754731","Ecuador","Isla Santa Cruz",NA,"50c9509d-22c7-4a22-a47d-8c48425ef4a7",9.86e+08
"Opuntia galapageia Hensl.","Opuntia","galapageia","-90.327","-0.754642","Ecuador","Isla Santa Cruz",NA,"50c9509d-22c7-4a22-a47d-8c48425ef4a7",9.86e+08
"Opuntia galapageia Hensl.","Opuntia","galapageia","-90.326803","-0.754386","Ecuador","Isla Santa Cruz",NA,"50c9509d-22c7-4a22-a47d-8c48425ef4a7",9.86e+08
"Opuntia galapageia Hensl.","Opuntia","galapageia","-90.326439","-0.753928","Ecuador","Isla Santa Cruz",NA,"50c9509d-22c7-4a22-a47d-8c48425ef4a7",9.86e+08
"Opuntia galapageia Hensl.","Opuntia","galapageia","-90.32635","-0.753869","Ecuador","Isla Santa Cruz",NA,"50c9509d-22c7-4a22-a47d-8c48425ef4a7",9.86e+08
"Opuntia galapageia Hensl.","Opuntia","galapageia","-90.319406","-0.742131","Ecuador","Isla Santa Cruz",NA,"50c9509d-22c7-4a22-a47d-8c48425ef4a7",9.86e+08
"Opuntia galapageia Hensl.","Opuntia","galapageia","-90.325486","-0.752586","Ecuador","Isla Santa Cruz",NA,"50c9509d-22c7-4a22-a47d-8c48425ef4a7",9.86e+08
"Opuntia galapageia Hensl.","Opuntia","galapageia","-90.325292","-0.752744","Ecuador","Isla Santa Cruz",NA,"50c9509d-22c7-4a22-a47d-8c48425ef4a7",9.86e+08
"Opuntia galapageia Hensl.","Opuntia","galapageia","-90.325297","-0.752697","Ecuador","Isla Santa Cruz",NA,"50c9509d-22c7-4a22-a47d-8c48425ef4a7",9.86e+08
"Opuntia galapageia Hensl.","Opuntia","galapageia","-90.3252","-0.752678","Ecuador","Isla Santa Cruz",NA,"50c9509d-22c7-4a22-a47d-8c48425ef4a7",9.86e+08
"Opuntia galapageia Hensl.","Opuntia","galapageia","-90.324642","-0.751789","Ecuador","Isla Santa Cruz",NA,"50c9509d-22c7-4a22-a47d-8c48425ef4a7",9.86e+08
"Opuntia galapageia Hensl.","Opuntia","galapageia","-90.320189","-0.747113","Ecuador","Isla Santa Cruz",NA,"50c9509d-22c7-4a22-a47d-8c48425ef4a7",9.86e+08
"Opuntia galapageia Hensl.","Opuntia","galapageia","-90.320189","-0.747113","Ecuador","Isla Santa Cruz",NA,"50c9509d-22c7-4a22-a47d-8c48425ef4a7",9.86e+08
"Opuntia galapageia Hensl.","Opuntia","galapageia","-90.320189","-0.747113","Ecuador","Isla Santa Cruz",NA,"50c9509d-22c7-4a22-a47d-8c48425ef4a7",9.86e+08
"Opuntia galapageia Hensl.","Opuntia","galapageia","-90.320189","-0.747113","Ecuador","Isla Santa Cruz",NA,"50c9509d-22c7-4a22-a47d-8c48425ef4a7",9.86e+08
"Opuntia galapageia Hensl.","Opuntia","galapageia","-90.320189","-0.747113","Ecuador","Isla Santa Cruz",NA,"50c9509d-22c7-4a22-a47d-8c48425ef4a7",9.86e+08
"Opuntia galapageia Hensl.","Opuntia","galapageia","-90.320189","-0.747113","Ecuador","Isla Santa Cruz",NA,"50c9509d-22c7-4a22-a47d-8c48425ef4a7",9.86e+08
"Opuntia galapageia Hensl.","Opuntia","galapageia","-90.320189","-0.747113","Ecuador","Isla Santa Cruz",NA,"50c9509d-22c7-4a22-a47d-8c48425ef4a7",9.86e+08
"Opuntia galapageia Hensl.","Opuntia","galapageia","-90.320189","-0.747113","Ecuador","Isla Santa Cruz",NA,"50c9509d-22c7-4a22-a47d-8c48425ef4a7",9.86e+08
"Opuntia galapageia Hensl.","Opuntia","galapageia","-90.320189","-0.747113","Ecuador","Isla Santa Cruz",NA,"50c9509d-22c7-4a22-a47d-8c48425ef4a7",9.86e+08
"Opuntia galapageia Hensl.","Opuntia","galapageia","-90.320189","-0.747113","Ecuador","Isla Santa Cruz",NA,"50c9509d-22c7-4a22-a47d-8c48425ef4a7",9.86e+08
"Opuntia galapageia Hensl.","Opuntia","galapageia","-90.320189","-0.745266","Ecuador","Isla Santa Cruz",NA,"50c9509d-22c7-4a22-a47d-8c48425ef4a7",9.86e+08
"Opuntia galapageia Hensl.","Opuntia","galapageia","-90.320189","-0.745266","Ecuador","Isla Santa Cruz",NA,"50c9509d-22c7-4a22-a47d-8c48425ef4a7",9.86e+08
"Opuntia galapageia Hensl.","Opuntia","galapageia","-90.317703","-0.743733","Ecuador","Isla Santa Cruz",NA,"50c9509d-22c7-4a22-a47d-8c48425ef4a7",9.86e+08
"Opuntia galapageia Hensl.","Opuntia","galapageia","-90.305103","-0.741725","Ecuador","Isla Santa Cruz",NA,"50c9509d-22c7-4a22-a47d-8c48425ef4a7",9.86e+08
"Opuntia galapageia Hensl.","Opuntia","galapageia","-90.30485","-0.741417","Ecuador","Isla Santa Cruz",NA,"50c9509d-22c7-4a22-a47d-8c48425ef4a7",9.86e+08
"Opuntia galapageia Hensl.","Opuntia","galapageia","-90.304417","-0.741292","Ecuador","Isla Santa Cruz",NA,"50c9509d-22c7-4a22-a47d-8c48425ef4a7",9.86e+08
"Opuntia galapageia Hensl.","Opuntia","galapageia","-90.304397","-0.741256","Ecuador","Isla Santa Cruz",NA,"50c9509d-22c7-4a22-a47d-8c48425ef4a7",9.86e+08
"Opuntia galapageia Hensl.","Opuntia","galapageia","-90.304281","-0.741169","Ecuador","Isla Santa Cruz",NA,"50c9509d-22c7-4a22-a47d-8c48425ef4a7",9.86e+08
"Opuntia galapageia Hensl.","Opuntia","galapageia","-90.304208","-0.741025","Ecuador","Isla Santa Cruz",NA,"50c9509d-22c7-4a22-a47d-8c48425ef4a7",9.86e+08
"Opuntia galapageia Hensl.","Opuntia","galapageia","-90.304206","-0.740928","Ecuador","Isla Santa Cruz",NA,"50c9509d-22c7-4a22-a47d-8c48425ef4a7",9.86e+08
"Opuntia galapageia Hensl.","Opuntia","galapageia","-90.303839","-0.740794","Ecuador","Isla Santa Cruz",NA,"50c9509d-22c7-4a22-a47d-8c48425ef4a7",9.86e+08
"Opuntia galapageia Hensl.","Opuntia","galapageia","-90.303569","-0.740936","Ecuador","Isla Santa Cruz",NA,"50c9509d-22c7-4a22-a47d-8c48425ef4a7",9.86e+08
"Opuntia galapageia Hensl.","Opuntia","galapageia","-90.303558","-0.740989","Ecuador","Isla Santa Cruz",NA,"50c9509d-22c7-4a22-a47d-8c48425ef4a7",9.86e+08
"Opuntia galapageia Hensl.","Opuntia","galapageia","-90.303475","-0.741061","Ecuador","Isla Santa Cruz",NA,"50c9509d-22c7-4a22-a47d-8c48425ef4a7",9.86e+08
"Opuntia galapageia Hensl.","Opuntia","galapageia","-90.303294","-0.741075","Ecuador","Isla Santa Cruz",NA,"50c9509d-22c7-4a22-a47d-8c48425ef4a7",9.86e+08
"Opuntia galapageia Hensl.","Opuntia","galapageia","-90.302967","-0.741456","Ecuador","Isla Santa Cruz",NA,"50c9509d-22c7-4a22-a47d-8c48425ef4a7",9.86e+08
"Opuntia galapageia Hensl.","Opuntia","galapageia","-90.303072","-0.741644","Ecuador","Isla Santa Cruz",NA,"50c9509d-22c7-4a22-a47d-8c48425ef4a7",9.86e+08
"Opuntia galapageia Hensl.","Opuntia","galapageia","-90.302789","-0.743481","Ecuador","Isla Santa Cruz",NA,"50c9509d-22c7-4a22-a47d-8c48425ef4a7",9.86e+08
"Opuntia galapageia Hensl.","Opuntia","galapageia","-90.302789","-0.743456","Ecuador","Isla Santa Cruz",NA,"50c9509d-22c7-4a22-a47d-8c48425ef4a7",9.86e+08
"Opuntia galapageia Hensl.","Opuntia","galapageia","-90.303833","-0.742247","Ecuador","Isla Santa Cruz",NA,"50c9509d-22c7-4a22-a47d-8c48425ef4a7",9.86e+08
"Opuntia galapageia Hensl.","Opuntia","galapageia","-90.305378","-0.742153","Ecuador","Isla Santa Cruz",NA,"50c9509d-22c7-4a22-a47d-8c48425ef4a7",9.86e+08
"Opuntia galapageia Hensl.","Opuntia","galapageia","-90.305886","-0.742131","Ecuador","Isla Santa Cruz",NA,"50c9509d-22c7-4a22-a47d-8c48425ef4a7",9.86e+08
"Opuntia galapageia Hensl.","Opuntia","galapageia","-90.303588","-0.740897","Ecuador","Isla Santa Cruz",NA,"50c9509d-22c7-4a22-a47d-8c48425ef4a7",9.86e+08
"Opuntia galapageia Hensl.","Opuntia","galapageia","-90.30317","-0.74132","Ecuador","Isla Santa Cruz",NA,"50c9509d-22c7-4a22-a47d-8c48425ef4a7",9.86e+08
"Opuntia galapageia Hensl.","Opuntia","galapageia","-90.304878","-0.741417","Ecuador","Isla Santa Cruz",NA,"50c9509d-22c7-4a22-a47d-8c48425ef4a7",9.86e+08
"Opuntia galapageia Hensl.","Opuntia","galapageia","-90.865922","-0.243878","Ecuador","Puerto Egas",NA,"50c9509d-22c7-4a22-a47d-8c48425ef4a7",1.78e+13
"Opuntia galapageia Hensl.","Opuntia","galapageia","-90.386014","-1.238229","Ecuador","Isla Campeón",NA,"50c9509d-22c7-4a22-a47d-8c48425ef4a7",62500
"Opuntia galapageia Hensl.","Opuntia","galapageia","-90.385872","-1.237862","Ecuador","Isla Campeón",NA,"50c9509d-22c7-4a22-a47d-8c48425ef4a7",62500
"Opuntia galapageia Hensl.","Opuntia","galapageia","-90.310594","-0.741992","Ecuador","Isla Santa Cruz",NA,"50c9509d-22c7-4a22-a47d-8c48425ef4a7",9.86e+08
"Opuntia galapageia Hensl.","Opuntia","galapageia","-90.310575","-0.741975","Ecuador","Isla Santa Cruz",NA,"50c9509d-22c7-4a22-a47d-8c48425ef4a7",9.86e+08
"Opuntia galapageia Hensl.","Opuntia","galapageia","-90.311097","-0.740447","Ecuador","Isla Santa Cruz",NA,"50c9509d-22c7-4a22-a47d-8c48425ef4a7",9.86e+08
"Opuntia galapageia Hensl.","Opuntia","galapageia","-90.311128","-0.740381","Ecuador","Isla Santa Cruz",NA,"50c9509d-22c7-4a22-a47d-8c48425ef4a7",9.86e+08
"Opuntia galapageia Hensl.","Opuntia","galapageia","-90.311194","-0.740306","Ecuador","Isla Santa Cruz",NA,"50c9509d-22c7-4a22-a47d-8c48425ef4a7",9.86e+08
"Opuntia galapageia Hensl.","Opuntia","galapageia","-90.311175","-0.740306","Ecuador","Isla Santa Cruz",NA,"50c9509d-22c7-4a22-a47d-8c48425ef4a7",9.86e+08
"Opuntia galapageia Hensl.","Opuntia","galapageia","-90.311183","-0.740244","Ecuador","Isla Santa Cruz",NA,"50c9509d-22c7-4a22-a47d-8c48425ef4a7",9.86e+08
"Opuntia galapageia Hensl.","Opuntia","galapageia","-90.314317","-0.741083","Ecuador","Isla Santa Cruz",NA,"50c9509d-22c7-4a22-a47d-8c48425ef4a7",9.86e+08
"Opuntia galapageia Hensl.","Opuntia","galapageia","-90.314322","-0.741064","Ecuador","Isla Santa Cruz",NA,"50c9509d-22c7-4a22-a47d-8c48425ef4a7",9.86e+08
"Opuntia galapageia Hensl.","Opuntia","galapageia","-90.317839","-0.743681","Ecuador","Isla Santa Cruz",NA,"50c9509d-22c7-4a22-a47d-8c48425ef4a7",9.86e+08
"Opuntia galapageia Hensl.","Opuntia","galapageia","-90.314808","-0.744814","Ecuador","Isla Santa Cruz",NA,"50c9509d-22c7-4a22-a47d-8c48425ef4a7",9.86e+08
"Opuntia galapageia Hensl.","Opuntia","galapageia","-90.313575","-0.747317","Ecuador","Isla Santa Cruz",NA,"50c9509d-22c7-4a22-a47d-8c48425ef4a7",9.86e+08
"Opuntia galapageia Hensl.","Opuntia","galapageia","-90.31335","-0.747267","Ecuador","Isla Santa Cruz",NA,"50c9509d-22c7-4a22-a47d-8c48425ef4a7",9.86e+08
"Opuntia galapageia Hensl.","Opuntia","galapageia","-90.313331","-0.747189","Ecuador","Isla Santa Cruz",NA,"50c9509d-22c7-4a22-a47d-8c48425ef4a7",9.86e+08
"Opuntia galapageia Hensl.","Opuntia","galapageia","-90.313403","-0.747644","Ecuador","Isla Santa Cruz",NA,"50c9509d-22c7-4a22-a47d-8c48425ef4a7",9.86e+08
"Opuntia galapageia Hensl.","Opuntia","galapageia","-90.313411","-0.747747","Ecuador","Isla Santa Cruz",NA,"50c9509d-22c7-4a22-a47d-8c48425ef4a7",9.86e+08
"Opuntia galapageia Hensl.","Opuntia","galapageia","-90.313419","-0.747828","Ecuador","Isla Santa Cruz",NA,"50c9509d-22c7-4a22-a47d-8c48425ef4a7",9.86e+08
"Opuntia galapageia Hensl.","Opuntia","galapageia","-90.313461","-0.748206","Ecuador","Isla Santa Cruz",NA,"50c9509d-22c7-4a22-a47d-8c48425ef4a7",9.86e+08
"Opuntia galapageia Hensl.","Opuntia","galapageia","-90.313453","-0.748211","Ecuador","Isla Santa Cruz",NA,"50c9509d-22c7-4a22-a47d-8c48425ef4a7",9.86e+08
"Opuntia galapageia Hensl.","Opuntia","galapageia","-90.865913","-0.244038","Ecuador","Puerto Egas",NA,"50c9509d-22c7-4a22-a47d-8c48425ef4a7",1.78e+13
"Opuntia galapageia Hensl.","Opuntia","galapageia","-90.313292","-0.743989","Ecuador","Isla Santa Cruz",NA,"50c9509d-22c7-4a22-a47d-8c48425ef4a7",9.86e+08
"Opuntia galapageia Hensl.","Opuntia","galapageia","-90.313544","-0.743978","Ecuador","Isla Santa Cruz",NA,"50c9509d-22c7-4a22-a47d-8c48425ef4a7",9.86e+08
"Opuntia galapageia Hensl.","Opuntia","galapageia","-90.306108","-0.524469","Ecuador","Isla Santa Cruz",NA,"50c9509d-22c7-4a22-a47d-8c48425ef4a7",9.86e+08
"Opuntia galapageia Hensl.","Opuntia","galapageia","-90.269075","-0.444342","Ecuador","Bar Cafetería Baltra",NA,"50c9509d-22c7-4a22-a47d-8c48425ef4a7",1.78e+13
"Opuntia galapageia Hensl.","Opuntia","galapageia","-90.268936","-0.444569","Ecuador","Bar Cafetería Baltra",NA,"50c9509d-22c7-4a22-a47d-8c48425ef4a7",1.78e+13
"Opuntia galapageia Hensl.","Opuntia","galapageia","-90.268619","-0.444589","Ecuador","Bar Cafetería Baltra",NA,"50c9509d-22c7-4a22-a47d-8c48425ef4a7",1.78e+13
"Opuntia galapageia Hensl.","Opuntia","galapageia","-90.268631","-0.444547","Ecuador","Bar Cafetería Baltra",NA,"50c9509d-22c7-4a22-a47d-8c48425ef4a7",1.78e+13
"Opuntia galapageia Hensl.","Opuntia","galapageia","-90.269061","-0.444647","Ecuador","Bar Cafetería Baltra",NA,"50c9509d-22c7-4a22-a47d-8c48425ef4a7",1.78e+13
"Opuntia galapageia Hensl.","Opuntia","galapageia","-90.269022","-0.444667","Ecuador","Bar Cafetería Baltra",NA,"50c9509d-22c7-4a22-a47d-8c48425ef4a7",1.78e+13
"Opuntia galapageia Hensl.","Opuntia","galapageia","-90.269028","-0.444611","Ecuador","Bar Cafetería Baltra",NA,"50c9509d-22c7-4a22-a47d-8c48425ef4a7",1.78e+13
"Opuntia galapageia Hensl.","Opuntia","galapageia","-90.268933","-0.444561","Ecuador","Bar Cafetería Baltra",NA,"50c9509d-22c7-4a22-a47d-8c48425ef4a7",1.78e+13
"Opuntia galapageia Hensl.","Opuntia","galapageia","-90.269628","-0.445069","Ecuador","Bar Cafetería Baltra",NA,"50c9509d-22c7-4a22-a47d-8c48425ef4a7",1.78e+13
"Opuntia galapageia Hensl.","Opuntia","galapageia","-90.269653","-0.445039","Ecuador","Bar Cafetería Baltra",NA,"50c9509d-22c7-4a22-a47d-8c48425ef4a7",1.78e+13
"Opuntia galapageia Hensl.","Opuntia","galapageia","-90.269667","-0.445042","Ecuador","Bar Cafetería Baltra",NA,"50c9509d-22c7-4a22-a47d-8c48425ef4a7",1.78e+13
"Opuntia galapageia Hensl.","Opuntia","galapageia","-90.2697","-0.445064","Ecuador","Bar Cafetería Baltra",NA,"50c9509d-22c7-4a22-a47d-8c48425ef4a7",1.78e+13
"Opuntia galapageia Hensl.","Opuntia","galapageia","-90.269708","-0.445075","Ecuador","Bar Cafetería Baltra",NA,"50c9509d-22c7-4a22-a47d-8c48425ef4a7",1.78e+13
"Opuntia galapageia Hensl.","Opuntia","galapageia","-90.269975","-0.445247","Ecuador","Bar Cafetería Baltra",NA,"50c9509d-22c7-4a22-a47d-8c48425ef4a7",1.78e+13
"Opuntia galapageia Hensl.","Opuntia","galapageia","-90.269983","-0.445256","Ecuador","Bar Cafetería Baltra",NA,"50c9509d-22c7-4a22-a47d-8c48425ef4a7",1.78e+13
"Opuntia galapageia Hensl.","Opuntia","galapageia","-90.423196","-0.584413","Ecuador","Isla Santa Cruz",NA,"50c9509d-22c7-4a22-a47d-8c48425ef4a7",9.86e+08
"Opuntia galapageia Hensl.","Opuntia","galapageia","-90.327766","-0.755497","Ecuador","Isla Santa Cruz",NA,"50c9509d-22c7-4a22-a47d-8c48425ef4a7",9.86e+08
"Opuntia galapageia Hensl.","Opuntia","galapageia","-90.275714","-0.462769","Ecuador","Isla Baltra",NA,"50c9509d-22c7-4a22-a47d-8c48425ef4a7",1.78e+13
"Opuntia galapageia Hensl.","Opuntia","galapageia","-90.965602","-0.953769","Ecuador","Isla Isabela",NA,"50c9509d-22c7-4a22-a47d-8c48425ef4a7",1.78e+13
"Opuntia galapageia Hensl.","Opuntia","galapageia","-89.42406","-0.808345","Ecuador","Isla San Cristobal",NA,"50c9509d-22c7-4a22-a47d-8c48425ef4a7",5.58e+08
"Opuntia galapageia Hensl.","Opuntia","galapageia","-90.312321","-0.613412","Ecuador","Isla Santa Cruz",NA,"50c9509d-22c7-4a22-a47d-8c48425ef4a7",9.86e+08
"Opuntia galapageia Hensl.","Opuntia","galapageia","-90.484085","-0.531097","Ecuador","Isla Santa Cruz",NA,"50c9509d-22c7-4a22-a47d-8c48425ef4a7",9.86e+08
"Opuntia galapageia Hensl.","Opuntia","galapageia","-90.314332","-0.755599","Ecuador","Isla Santa Cruz",NA,"50c9509d-22c7-4a22-a47d-8c48425ef4a7",9.86e+08
"Opuntia galapageia Hensl.","Opuntia","galapageia","-90.314625","-0.75596","Ecuador","Isla Santa Cruz",NA,"50c9509d-22c7-4a22-a47d-8c48425ef4a7",9.86e+08
"Opuntia galapageia Hensl.","Opuntia","galapageia","-90.314619","-0.75585","Ecuador","Isla Santa Cruz",NA,"50c9509d-22c7-4a22-a47d-8c48425ef4a7",9.86e+08
"Opuntia galapageia Hensl.","Opuntia","galapageia","-90.315064","-0.756603","Ecuador","Isla Santa Cruz",NA,"50c9509d-22c7-4a22-a47d-8c48425ef4a7",9.86e+08
"Opuntia galapageia Hensl.","Opuntia","galapageia","-90.314193","-0.75538","Ecuador","Isla Santa Cruz",NA,"50c9509d-22c7-4a22-a47d-8c48425ef4a7",9.86e+08
"Opuntia galapageia Hensl.","Opuntia","galapageia","-90.314464","-0.755749","Ecuador","Isla Santa Cruz",NA,"50c9509d-22c7-4a22-a47d-8c48425ef4a7",9.86e+08
"Opuntia galapageia Hensl.","Opuntia","galapageia","-90.320235","-0.747071","Ecuador","Isla Santa Cruz",NA,"50c9509d-22c7-4a22-a47d-8c48425ef4a7",9.86e+08
"Opuntia galapageia Hensl.","Opuntia","galapageia","-90.31974","-0.746515","Ecuador","Isla Santa Cruz",NA,"50c9509d-22c7-4a22-a47d-8c48425ef4a7",9.86e+08
"Opuntia galapageia Hensl.","Opuntia","galapageia","-90.33954","-0.764158","Ecuador","Isla Santa Cruz",NA,"50c9509d-22c7-4a22-a47d-8c48425ef4a7",9.86e+08
"Opuntia galapageia Hensl.","Opuntia","galapageia","-90.33111","-0.759168","Ecuador","Isla Santa Cruz",NA,"50c9509d-22c7-4a22-a47d-8c48425ef4a7",9.86e+08
"Opuntia galapageia Hensl.","Opuntia","galapageia","-91.170326","-1.051042","Ecuador","Los Tuneles",NA,"50c9509d-22c7-4a22-a47d-8c48425ef4a7",1.78e+13
"Opuntia galapageia Hensl.","Opuntia","galapageia","-91.170326","-1.051042","Ecuador","Los Tuneles",NA,"50c9509d-22c7-4a22-a47d-8c48425ef4a7",1.78e+13
"Opuntia galapageia Hensl.","Opuntia","galapageia","-91.013571","-0.965483","Ecuador","Isla Isabela",NA,"50c9509d-22c7-4a22-a47d-8c48425ef4a7",1.78e+13
"Opuntia galapageia Hensl.","Opuntia","galapageia","-90.993679","-0.95947","Ecuador","Isla Isabela",NA,"50c9509d-22c7-4a22-a47d-8c48425ef4a7",1.78e+13
"Opuntia galapageia Hensl.","Opuntia","galapageia","-90.165113","-0.583385","Ecuador","Isla Plaza Sur",NA,"50c9509d-22c7-4a22-a47d-8c48425ef4a7",1.78e+13
"Opuntia galapageia Hensl.","Opuntia","galapageia","-90.305558","-0.741767","Ecuador","Isla Santa Cruz",NA,"50c9509d-22c7-4a22-a47d-8c48425ef4a7",9.86e+08
"Opuntia galapageia Hensl.","Opuntia","galapageia","-91.371058","-0.250375","Ecuador","Isla Isabela",NA,"50c9509d-22c7-4a22-a47d-8c48425ef4a7",1.78e+13
"Opuntia galapageia Hensl.","Opuntia","galapageia","-90.163669","-0.584125","Ecuador",NA,NA,"50c9509d-22c7-4a22-a47d-8c48425ef4a7",1.78e+13
"Opuntia galapageia Hensl.","Opuntia","galapageia","-90.325622","-0.75307","Ecuador","Isla Santa Cruz",NA,"50c9509d-22c7-4a22-a47d-8c48425ef4a7",9.86e+08
"Opuntia galapageia Hensl.","Opuntia","galapageia","-90.990296","-0.952537","Ecuador","Isla Isabela",NA,"50c9509d-22c7-4a22-a47d-8c48425ef4a7",1.78e+13
"Opuntia galapageia Hensl.","Opuntia","galapageia","-90.304452","-0.688062","Ecuador","Isla Santa Cruz",NA,"50c9509d-22c7-4a22-a47d-8c48425ef4a7",9.86e+08
"Opuntia galapageia Hensl.","Opuntia","galapageia","-91.100311","-0.783908","Ecuador","Isla Isabela",NA,"50c9509d-22c7-4a22-a47d-8c48425ef4a7",1.78e+13
"Opuntia galapageia Hensl.","Opuntia","galapageia","-90.322358","-0.74948","Ecuador","Isla Santa Cruz",NA,"50c9509d-22c7-4a22-a47d-8c48425ef4a7",9.86e+08
"Opuntia galapageia Hensl.","Opuntia","galapageia","-90.370007","-0.427692","Ecuador","Daphne Mayor",NA,"50c9509d-22c7-4a22-a47d-8c48425ef4a7",1.78e+13
"Opuntia galapageia Hensl.","Opuntia","galapageia","-90.556517","-0.284304","Ecuador","Isla San Salvador",NA,"50c9509d-22c7-4a22-a47d-8c48425ef4a7",1.78e+13
"Opuntia galapageia Hensl.","Opuntia","galapageia","-90.556517","-0.284304","Ecuador","Isla San Salvador",NA,"50c9509d-22c7-4a22-a47d-8c48425ef4a7",1.78e+13
"Opuntia galapageia Hensl.","Opuntia","galapageia","-90.556517","-0.284304","Ecuador","Isla San Salvador",NA,"50c9509d-22c7-4a22-a47d-8c48425ef4a7",1.78e+13
"Opuntia galapageia Hensl.","Opuntia","galapageia","-90.279076","-0.486404","Ecuador","Isla Santa Cruz",NA,"50c9509d-22c7-4a22-a47d-8c48425ef4a7",9.86e+08
"Opuntia galapageia Hensl.","Opuntia","galapageia","-90.715275","-0.261984","Ecuador","Isla San Salvador",NA,"50c9509d-22c7-4a22-a47d-8c48425ef4a7",1.78e+13
"Opuntia galapageia Hensl.","Opuntia","galapageia","-89.24768","-0.715212","Ecuador","Monte Pitt",NA,"50c9509d-22c7-4a22-a47d-8c48425ef4a7",1.78e+13
"Opuntia galapageia Hensl.","Opuntia","galapageia","-90.337189","-0.639359","Ecuador","Isla Santa Cruz",NA,"50c9509d-22c7-4a22-a47d-8c48425ef4a7",9.86e+08
"Opuntia galapageia Hensl.","Opuntia","galapageia","-90.9725","-0.949722","Ecuador","Isla Isabela",NA,"50c9509d-22c7-4a22-a47d-8c48425ef4a7",1.78e+13
"Opuntia galapageia Hensl.","Opuntia","galapageia","-90.484109","-0.529919","Ecuador","Isla Santa Cruz",NA,"50c9509d-22c7-4a22-a47d-8c48425ef4a7",9.86e+08
"Opuntia galapageia Hensl.","Opuntia","galapageia","-90.32918","-0.756912","Ecuador","Isla Santa Cruz",NA,"50c9509d-22c7-4a22-a47d-8c48425ef4a7",9.86e+08
"Opuntia galapageia Hensl.","Opuntia","galapageia","-89.615873","-0.908748","Ecuador","Isla San Cristobal",NA,"50c9509d-22c7-4a22-a47d-8c48425ef4a7",5.58e+08
"Opuntia galapageia Hensl.","Opuntia","galapageia","-89.608711","-0.893385","Ecuador","Isla San Cristobal",NA,"50c9509d-22c7-4a22-a47d-8c48425ef4a7",5.58e+08
"Opuntia galapageia Hensl.","Opuntia","galapageia","-89.60941","-0.893573","Ecuador","Isla San Cristobal",NA,"50c9509d-22c7-4a22-a47d-8c48425ef4a7",5.58e+08
"Opuntia galapageia Hensl.","Opuntia","galapageia","-89.430419","-0.922382","Ecuador","Isla San Cristobal",NA,"50c9509d-22c7-4a22-a47d-8c48425ef4a7",5.58e+08
"Opuntia galapageia Hensl.","Opuntia","galapageia","-89.430429","-0.922154","Ecuador","Isla San Cristobal",NA,"50c9509d-22c7-4a22-a47d-8c48425ef4a7",5.58e+08
"Opuntia galapageia Hensl.","Opuntia","galapageia","-89.429926","-0.924159","Ecuador","Isla San Cristobal",NA,"50c9509d-22c7-4a22-a47d-8c48425ef4a7",5.58e+08
"Opuntia galapageia Hensl.","Opuntia","galapageia","-89.430105","-0.924579","Ecuador","Isla San Cristobal",NA,"50c9509d-22c7-4a22-a47d-8c48425ef4a7",5.58e+08
"Opuntia galapageia Hensl.","Opuntia","galapageia","-89.430078","-0.924853","Ecuador","Isla San Cristobal",NA,"50c9509d-22c7-4a22-a47d-8c48425ef4a7",5.58e+08
"Opuntia galapageia Hensl.","Opuntia","galapageia","-89.430038","-0.925325","Ecuador","Isla San Cristobal",NA,"50c9509d-22c7-4a22-a47d-8c48425ef4a7",5.58e+08
"Opuntia galapageia Hensl.","Opuntia","galapageia","-89.429558","-0.926888","Ecuador","Isla San Cristobal",NA,"50c9509d-22c7-4a22-a47d-8c48425ef4a7",5.58e+08
"Opuntia galapageia Hensl.","Opuntia","galapageia","-89.431013","-0.921945","Ecuador","Isla San Cristobal",NA,"50c9509d-22c7-4a22-a47d-8c48425ef4a7",5.58e+08
"Opuntia galapageia Hensl.","Opuntia","galapageia","-90.327034","-0.754776","Ecuador","Isla Santa Cruz",NA,"50c9509d-22c7-4a22-a47d-8c48425ef4a7",9.86e+08
"Opuntia galapageia Hensl.","Opuntia","galapageia","-89.609878","-0.891278","Ecuador","Avenida Alsacio Northia",NA,"50c9509d-22c7-4a22-a47d-8c48425ef4a7",1.78e+13
"Opuntia galapageia Hensl.","Opuntia","galapageia","-90.706331","-0.400131","Ecuador","No name (flamingos)",NA,"50c9509d-22c7-4a22-a47d-8c48425ef4a7",1.78e+13
"Opuntia galapageia Hensl.","Opuntia","galapageia","-90.7061","-0.400525","Ecuador","No name (flamingos)",NA,"50c9509d-22c7-4a22-a47d-8c48425ef4a7",1.78e+13
"Opuntia galapageia Hensl.","Opuntia","galapageia","-90.706231","-0.401128","Ecuador","No name (flamingos)",NA,"50c9509d-22c7-4a22-a47d-8c48425ef4a7",1.78e+13
"Opuntia galapageia Hensl.","Opuntia","galapageia","-90.290008","-0.399583","Ecuador","Isla North Seymore",NA,"50c9509d-22c7-4a22-a47d-8c48425ef4a7",1.78e+13
"Opuntia galapageia Hensl.","Opuntia","galapageia","-90.304928","-0.741986","Ecuador","Isla Santa Cruz",NA,"50c9509d-22c7-4a22-a47d-8c48425ef4a7",9.86e+08
"Opuntia galapageia Hensl.","Opuntia","galapageia","-90.304399","-0.74204","Ecuador","Isla Santa Cruz",NA,"50c9509d-22c7-4a22-a47d-8c48425ef4a7",9.86e+08
"Opuntia galapageia Hensl.","Opuntia","galapageia","-90.304009","-0.741997","Ecuador","Isla Santa Cruz",NA,"50c9509d-22c7-4a22-a47d-8c48425ef4a7",9.86e+08
"Opuntia galapageia Hensl.","Opuntia","galapageia","-90.303912","-0.742501","Ecuador","Isla Santa Cruz",NA,"50c9509d-22c7-4a22-a47d-8c48425ef4a7",9.86e+08
"Opuntia galapageia Hensl.","Opuntia","galapageia","-90.30471","-0.742743","Ecuador","Isla Santa Cruz",NA,"50c9509d-22c7-4a22-a47d-8c48425ef4a7",9.86e+08
"Opuntia galapageia Hensl.","Opuntia","galapageia","-90.304565","-0.74241","Ecuador","Isla Santa Cruz",NA,"50c9509d-22c7-4a22-a47d-8c48425ef4a7",9.86e+08
"Opuntia galapageia Hensl.","Opuntia","galapageia","-90.304314","-0.742086","Ecuador","Isla Santa Cruz",NA,"50c9509d-22c7-4a22-a47d-8c48425ef4a7",9.86e+08
"Opuntia galapageia Hensl.","Opuntia","galapageia","-90.304486","-0.741871","Ecuador","Isla Santa Cruz",NA,"50c9509d-22c7-4a22-a47d-8c48425ef4a7",9.86e+08
"Opuntia galapageia Hensl.","Opuntia","galapageia","-90.304329","-0.741871","Ecuador","Isla Santa Cruz",NA,"50c9509d-22c7-4a22-a47d-8c48425ef4a7",9.86e+08
"Opuntia galapageia Hensl.","Opuntia","galapageia","-90.304415","-0.742022","Ecuador","Isla Santa Cruz",NA,"50c9509d-22c7-4a22-a47d-8c48425ef4a7",9.86e+08
"Opuntia galapageia Hensl.","Opuntia","galapageia","-90.313234","-0.743923","Ecuador","Isla Santa Cruz",NA,"50c9509d-22c7-4a22-a47d-8c48425ef4a7",9.86e+08
"Opuntia galapageia Hensl.","Opuntia","galapageia","-90.987304","-0.957849","Ecuador","Isla Isabela",NA,"50c9509d-22c7-4a22-a47d-8c48425ef4a7",1.78e+13
"Opuntia galapageia Hensl.","Opuntia","galapageia","-90.989603","-0.960622","Ecuador","Isla Isabela",NA,"50c9509d-22c7-4a22-a47d-8c48425ef4a7",1.78e+13
"Opuntia galapageia Hensl.","Opuntia","galapageia","-90.989696","-0.960675","Ecuador","Isla Isabela",NA,"50c9509d-22c7-4a22-a47d-8c48425ef4a7",1.78e+13
"Opuntia galapageia Hensl.","Opuntia","galapageia","-90.972324","-0.942915","Ecuador","Isla Isabela",NA,"50c9509d-22c7-4a22-a47d-8c48425ef4a7",1.78e+13
"Opuntia galapageia Hensl.","Opuntia","galapageia","-90.972439","-0.943403","Ecuador","Isla Isabela",NA,"50c9509d-22c7-4a22-a47d-8c48425ef4a7",1.78e+13
"Opuntia galapageia Hensl.","Opuntia","galapageia","-91.099039","-0.786767","Ecuador","Isla Isabela",NA,"50c9509d-22c7-4a22-a47d-8c48425ef4a7",1.78e+13
"Opuntia galapageia Hensl.","Opuntia","galapageia","-91.100171","-0.78476","Ecuador","Isla Isabela",NA,"50c9509d-22c7-4a22-a47d-8c48425ef4a7",1.78e+13
"Opuntia galapageia Hensl.","Opuntia","galapageia","-90.966175","-0.956641","Ecuador","Isla Isabela",NA,"50c9509d-22c7-4a22-a47d-8c48425ef4a7",1.78e+13
"Opuntia galapageia Hensl.","Opuntia","galapageia","-90.993736","-0.959429","Ecuador","Isla Isabela",NA,"50c9509d-22c7-4a22-a47d-8c48425ef4a7",1.78e+13
"Opuntia galapageia Hensl.","Opuntia","galapageia","-91.012507","-0.964883","Ecuador","Isla Isabela",NA,"50c9509d-22c7-4a22-a47d-8c48425ef4a7",1.78e+13
"Opuntia galapageia Hensl.","Opuntia","galapageia","-91.013497","-0.964973","Ecuador","Isla Isabela",NA,"50c9509d-22c7-4a22-a47d-8c48425ef4a7",1.78e+13
"Opuntia galapageia Hensl.","Opuntia","galapageia","-91.013529","-0.965264","Ecuador","Isla Isabela",NA,"50c9509d-22c7-4a22-a47d-8c48425ef4a7",1.78e+13
"Opuntia galapageia Hensl.","Opuntia","galapageia","-91.013166","-0.966007","Ecuador","Isla Isabela",NA,"50c9509d-22c7-4a22-a47d-8c48425ef4a7",1.78e+13
"Opuntia galapageia Hensl.","Opuntia","galapageia","-91.012649","-0.968399","Ecuador","Isla Isabela",NA,"50c9509d-22c7-4a22-a47d-8c48425ef4a7",1.78e+13
"Opuntia galapageia Hensl.","Opuntia","galapageia","-91.013192","-0.967644","Ecuador","Isla Isabela",NA,"50c9509d-22c7-4a22-a47d-8c48425ef4a7",1.78e+13
"Opuntia galapageia Hensl.","Opuntia","galapageia","-91.167283","-1.046869","Ecuador","Los Tuneles",NA,"50c9509d-22c7-4a22-a47d-8c48425ef4a7",1.78e+13
"Opuntia galapageia Hensl.","Opuntia","galapageia","-91.167111","-1.046408","Ecuador","Los Tuneles",NA,"50c9509d-22c7-4a22-a47d-8c48425ef4a7",1.78e+13
"Opuntia galapageia Hensl.","Opuntia","galapageia","-91.167068","-1.046537","Ecuador","Los Tuneles",NA,"50c9509d-22c7-4a22-a47d-8c48425ef4a7",1.78e+13
"Opuntia galapageia Hensl.","Opuntia","galapageia","-90.988389","-0.958717","Ecuador","Isla Isabela",NA,"50c9509d-22c7-4a22-a47d-8c48425ef4a7",1.78e+13
"Opuntia galapageia Hensl.","Opuntia","galapageia","-90.320884","-0.747908","Ecuador","Isla Santa Cruz",NA,"50c9509d-22c7-4a22-a47d-8c48425ef4a7",9.86e+08
"Opuntia galapageia Hensl.","Opuntia","galapageia","-90.325576","-0.752992","Ecuador","Isla Santa Cruz",NA,"50c9509d-22c7-4a22-a47d-8c48425ef4a7",9.86e+08
"Opuntia galapageia Hensl.","Opuntia","galapageia","-90.327373","-0.755053","Ecuador","Isla Santa Cruz",NA,"50c9509d-22c7-4a22-a47d-8c48425ef4a7",9.86e+08
"Opuntia galapageia Hensl.","Opuntia","galapageia","-90.32712","-0.754767","Ecuador","Isla Santa Cruz",NA,"50c9509d-22c7-4a22-a47d-8c48425ef4a7",9.86e+08
"Opuntia galapageia Hensl.","Opuntia","galapageia","-90.327107","-0.754748","Ecuador","Isla Santa Cruz",NA,"50c9509d-22c7-4a22-a47d-8c48425ef4a7",9.86e+08
"Opuntia galapageia Hensl.","Opuntia","galapageia","-90.280629","-0.457025","Ecuador","Isla Baltra",NA,"50c9509d-22c7-4a22-a47d-8c48425ef4a7",1.78e+13
"Opuntia galapageia Hensl.","Opuntia","galapageia","-90.280641","-0.456615","Ecuador","Isla Baltra",NA,"50c9509d-22c7-4a22-a47d-8c48425ef4a7",1.78e+13
"Opuntia galapageia Hensl.","Opuntia","galapageia","-90.280494","-0.455795","Ecuador","Isla Baltra",NA,"50c9509d-22c7-4a22-a47d-8c48425ef4a7",1.78e+13
"Opuntia galapageia Hensl.","Opuntia","galapageia","-90.2693","-0.445293","Ecuador","Bar Cafetería Baltra",NA,"50c9509d-22c7-4a22-a47d-8c48425ef4a7",1.78e+13
"Opuntia galapageia Hensl.","Opuntia","galapageia","-90.271066","-0.446725","Ecuador","Isla Baltra",NA,"50c9509d-22c7-4a22-a47d-8c48425ef4a7",1.78e+13
"Opuntia galapageia Hensl.","Opuntia","galapageia","-90.311189","-0.742908","Ecuador","Isla Santa Cruz",NA,"50c9509d-22c7-4a22-a47d-8c48425ef4a7",9.86e+08
"Opuntia galapageia Hensl.","Opuntia","galapageia","-89.608987","-0.895658","Ecuador","Isla San Cristobal",NA,"50c9509d-22c7-4a22-a47d-8c48425ef4a7",5.58e+08
"Opuntia galapageia Hensl.","Opuntia","galapageia","-89.609143","-0.889787","Ecuador","Tijeretas",NA,"50c9509d-22c7-4a22-a47d-8c48425ef4a7",1.78e+13
"Opuntia galapageia Hensl.","Opuntia","galapageia","-89.430358","-0.922922","Ecuador","Isla San Cristobal",NA,"50c9509d-22c7-4a22-a47d-8c48425ef4a7",5.58e+08
"Opuntia galapageia Hensl.","Opuntia","galapageia","-90.303367","-0.741156","Ecuador","Isla Santa Cruz",NA,"50c9509d-22c7-4a22-a47d-8c48425ef4a7",9.86e+08
"Opuntia galapageia Hensl.","Opuntia","galapageia","-89.610092","-0.889662","Ecuador","Naval Cannon",NA,"50c9509d-22c7-4a22-a47d-8c48425ef4a7",1.78e+13
"Opuntia galapageia Hensl.","Opuntia","galapageia","-89.430062","-0.92405","Ecuador","Isla San Cristobal",NA,"50c9509d-22c7-4a22-a47d-8c48425ef4a7",5.58e+08
"Opuntia galapageia Hensl.","Opuntia","galapageia","-89.61007","-0.9276","Ecuador","Isla San Cristobal",NA,"50c9509d-22c7-4a22-a47d-8c48425ef4a7",5.58e+08
"Opuntia galapageia Hensl.","Opuntia","galapageia","-89.61062","-0.890197","Ecuador","Playa Punta Carola",NA,"50c9509d-22c7-4a22-a47d-8c48425ef4a7",1.78e+13
"Opuntia galapageia Hensl.","Opuntia","galapageia","-89.42974","-0.925974","Ecuador","Isla San Cristobal",NA,"50c9509d-22c7-4a22-a47d-8c48425ef4a7",5.58e+08
"Opuntia galapageia Hensl.","Opuntia","galapageia","-90.26899","-0.445375","Ecuador","Bar Cafetería Baltra",NA,"50c9509d-22c7-4a22-a47d-8c48425ef4a7",1.78e+13
"Opuntia galapageia Hensl.","Opuntia","galapageia","-90.304465","-0.741306","Ecuador","Isla Santa Cruz",NA,"50c9509d-22c7-4a22-a47d-8c48425ef4a7",9.86e+08
"Opuntia galapageia Hensl.","Opuntia","galapageia","-90.340295","-0.764433","Ecuador","Isla Santa Cruz",NA,"50c9509d-22c7-4a22-a47d-8c48425ef4a7",9.86e+08
"Opuntia galapageia Hensl.","Opuntia","galapageia","-89.608855","-0.893358","Ecuador","Isla San Cristobal",NA,"50c9509d-22c7-4a22-a47d-8c48425ef4a7",5.58e+08
"Opuntia galapageia Hensl.","Opuntia","galapageia","-89.610533","-0.900341","Ecuador","Isla San Cristobal",NA,"50c9509d-22c7-4a22-a47d-8c48425ef4a7",5.58e+08
"Opuntia galapageia Hensl.","Opuntia","galapageia","-89.430412","-0.92228","Ecuador","Isla San Cristobal",NA,"50c9509d-22c7-4a22-a47d-8c48425ef4a7",5.58e+08
"Opuntia galapageia Hensl.","Opuntia","galapageia","-89.609062","-0.895562","Ecuador","Isla San Cristobal",NA,"50c9509d-22c7-4a22-a47d-8c48425ef4a7",5.58e+08
"Opuntia galapageia Hensl.","Opuntia","galapageia","-89.552644","-0.945642","Ecuador","Isla San Cristobal",NA,"50c9509d-22c7-4a22-a47d-8c48425ef4a7",5.58e+08
"Opuntia galapageia Hensl.","Opuntia","galapageia","-89.626176","-0.917659","Ecuador","Isla San Cristobal",NA,"50c9509d-22c7-4a22-a47d-8c48425ef4a7",5.58e+08
"Opuntia galapageia Hensl.","Opuntia","galapageia","-89.59285","-0.909547","Ecuador","Isla San Cristobal",NA,"50c9509d-22c7-4a22-a47d-8c48425ef4a7",5.58e+08
"Opuntia galapageia Hensl.","Opuntia","galapageia","-89.59285","-0.909547","Ecuador","Isla San Cristobal",NA,"50c9509d-22c7-4a22-a47d-8c48425ef4a7",5.58e+08
"Opuntia galapageia Hensl.","Opuntia","galapageia","-91.373908","-0.26512","Ecuador","Isla Isabela",NA,"50c9509d-22c7-4a22-a47d-8c48425ef4a7",1.78e+13
"Opuntia galapageia Hensl.","Opuntia","galapageia","-90.289987","-0.399575","Ecuador","Isla North Seymore",NA,"50c9509d-22c7-4a22-a47d-8c48425ef4a7",1.78e+13
"Opuntia galapageia Hensl.","Opuntia","galapageia","-90.321838","-0.748888","Ecuador","Isla Santa Cruz",NA,"50c9509d-22c7-4a22-a47d-8c48425ef4a7",9.86e+08
"Opuntia galapageia Hensl.","Opuntia","galapageia","-90.05883","-0.823538","Ecuador","Isla Santa Fe",NA,"50c9509d-22c7-4a22-a47d-8c48425ef4a7",1.78e+13
"Opuntia galapageia Hensl.","Opuntia","galapageia","-90.312637","-0.747042","Ecuador","Isla Santa Cruz",NA,"50c9509d-22c7-4a22-a47d-8c48425ef4a7",9.86e+08
"Opuntia galapageia Hensl.","Opuntia","galapageia","-89.610153","-0.88965","Ecuador","Naval Cannon",NA,"50c9509d-22c7-4a22-a47d-8c48425ef4a7",1.78e+13
"Opuntia galapageia Hensl.","Opuntia","galapageia","-89.609391","-0.893616","Ecuador","Isla San Cristobal",NA,"50c9509d-22c7-4a22-a47d-8c48425ef4a7",5.58e+08
"Opuntia galapageia Hensl.","Opuntia","galapageia","-89.609193","-0.893568","Ecuador","Isla San Cristobal",NA,"50c9509d-22c7-4a22-a47d-8c48425ef4a7",5.58e+08
"Opuntia galapageia Hensl.","Opuntia","galapageia","-89.609843","-0.891199","Ecuador","Avenida Alsacio Northia",NA,"50c9509d-22c7-4a22-a47d-8c48425ef4a7",1.78e+13
"Opuntia galapageia Hensl.","Opuntia","galapageia","-90.321778","-0.748708","Ecuador","Isla Santa Cruz",NA,"50c9509d-22c7-4a22-a47d-8c48425ef4a7",9.86e+08
"Opuntia galapageia Hensl.","Opuntia","galapageia","-90.289962","-0.39959","Ecuador","Isla North Seymore",NA,"50c9509d-22c7-4a22-a47d-8c48425ef4a7",1.78e+13
"Opuntia galapageia Hensl.","Opuntia","galapageia","-90.323738","-0.751078","Ecuador","Isla Santa Cruz",NA,"50c9509d-22c7-4a22-a47d-8c48425ef4a7",9.86e+08
"Opuntia galapageia Hensl.","Opuntia","galapageia","-90.711192","-0.412286","Ecuador","Isla Rábida",NA,"50c9509d-22c7-4a22-a47d-8c48425ef4a7",1.78e+13
"Opuntia galapageia var. gigantea (J.T.Howell) Backeb.","Opuntia","echios","-90.313516","-0.743413","Ecuador","Isla Santa Cruz",NA,"211ace54-dcc2-4243-ad2b-a76f63494cc9",9.86e+08
"Opuntia galapageia Hensl.","Opuntia","galapageia","-89.552667","-0.945697","Ecuador","Isla San Cristobal",NA,"50c9509d-22c7-4a22-a47d-8c48425ef4a7",5.58e+08
"Opuntia galapageia Hensl.","Opuntia","galapageia","-90.30565","-0.741787","Ecuador","Isla Santa Cruz",NA,"50c9509d-22c7-4a22-a47d-8c48425ef4a7",9.86e+08
"Opuntia galapageia Hensl.","Opuntia","galapageia","-90.322853","-0.750178","Ecuador","Isla Santa Cruz",NA,"50c9509d-22c7-4a22-a47d-8c48425ef4a7",9.86e+08
"Opuntia galapageia Hensl.","Opuntia","galapageia","-90.283783","-0.393415","Ecuador","Isla Seymour Norte",NA,"50c9509d-22c7-4a22-a47d-8c48425ef4a7",1875000
"Opuntia galapageia Hensl.","Opuntia","galapageia","-90.386019","-1.237946","Ecuador","Isla Campeón",NA,"50c9509d-22c7-4a22-a47d-8c48425ef4a7",62500
"Opuntia galapageia Hensl.","Opuntia","galapageia","-90.964147","-0.954457","Ecuador","Isla Isabela",NA,"50c9509d-22c7-4a22-a47d-8c48425ef4a7",1.78e+13
"Opuntia galapageia Hensl.","Opuntia","galapageia","-89.950803","0.318618","Ecuador","Playa Darwin",NA,"50c9509d-22c7-4a22-a47d-8c48425ef4a7",1.78e+13
"Opuntia galapageia Hensl.","Opuntia","galapageia","-90.31012","-0.742295","Ecuador","Isla Santa Cruz",NA,"50c9509d-22c7-4a22-a47d-8c48425ef4a7",9.86e+08
"Opuntia galapageia Hensl.","Opuntia","galapageia","-90.3229","-0.750205","Ecuador","Isla Santa Cruz",NA,"50c9509d-22c7-4a22-a47d-8c48425ef4a7",9.86e+08
"Opuntia galapageia Hensl.","Opuntia","galapageia","-90.48724","-0.525943","Ecuador","Sendero Cerro Dragón",NA,"50c9509d-22c7-4a22-a47d-8c48425ef4a7",1.78e+13
"Opuntia galapageia Hensl.","Opuntia","galapageia","-90.867032","-0.244798","Ecuador","Puerto Egas",NA,"50c9509d-22c7-4a22-a47d-8c48425ef4a7",1.78e+13
"Opuntia galapageia Hensl.","Opuntia","galapageia","-90.312706","-0.754873","Ecuador","Isla Santa Cruz",NA,"50c9509d-22c7-4a22-a47d-8c48425ef4a7",9.86e+08
"Opuntia galapageia Hensl.","Opuntia","galapageia","-90.312411","-0.752688","Ecuador","Isla Santa Cruz",NA,"50c9509d-22c7-4a22-a47d-8c48425ef4a7",9.86e+08
"Opuntia galapageia Hensl.","Opuntia","galapageia","-90.322463","-0.749522","Ecuador","Isla Santa Cruz",NA,"50c9509d-22c7-4a22-a47d-8c48425ef4a7",9.86e+08
"Opuntia galapageia Hensl.","Opuntia","galapageia","-89.613046","-0.903516","Ecuador","Isla San Cristobal",NA,"50c9509d-22c7-4a22-a47d-8c48425ef4a7",5.58e+08
"Opuntia galapageia Hensl.","Opuntia","galapageia","-89.60849","-0.900605","Ecuador","Isla San Cristobal",NA,"50c9509d-22c7-4a22-a47d-8c48425ef4a7",5.58e+08
"Opuntia galapageia var. gigantea (J.T.Howell) Backeb.","Opuntia","echios","-90.303776","-0.74269","Ecuador","Isla Santa Cruz",NA,"211ace54-dcc2-4243-ad2b-a76f63494cc9",9.86e+08
"Opuntia galapageia Hensl.","Opuntia","galapageia","-90.306344","-0.741359","Ecuador","Isla Santa Cruz",NA,"50c9509d-22c7-4a22-a47d-8c48425ef4a7",9.86e+08
"Opuntia galapageia Hensl.","Opuntia","galapageia","-90.306292","-0.740922","Ecuador","Isla Santa Cruz",NA,"50c9509d-22c7-4a22-a47d-8c48425ef4a7",9.86e+08
"Opuntia galapageia Hensl.","Opuntia","galapageia","-89.609313","-0.893616","Ecuador","Isla San Cristobal",NA,"50c9509d-22c7-4a22-a47d-8c48425ef4a7",5.58e+08
"Opuntia galapageia Hensl.","Opuntia","megasperma","-89.699409","-1.346466","Ecuador","Isla Espanola",NA,"211ace54-dcc2-4243-ad2b-a76f63494cc9",6e+07
"Opuntia galapageia Hensl.","Opuntia","galapageia","-89.609999","-0.8911","Ecuador","Avenida Alsacio Northia",NA,"50c9509d-22c7-4a22-a47d-8c48425ef4a7",1.78e+13
"Opuntia galapageia Hensl.","Opuntia","galapageia","-90.304766","-0.741938","Ecuador","Isla Santa Cruz",NA,"50c9509d-22c7-4a22-a47d-8c48425ef4a7",9.86e+08
"Opuntia galapageia Hensl.","Opuntia","galapageia","-89.576363","-0.917383","Ecuador","Isla San Cristobal",NA,"50c9509d-22c7-4a22-a47d-8c48425ef4a7",5.58e+08
"Opuntia galapageia Hensl.","Opuntia","galapageia","-90.339601","-0.764025","Ecuador","Isla Santa Cruz",NA,"50c9509d-22c7-4a22-a47d-8c48425ef4a7",9.86e+08
"Opuntia galapageia Hensl.","Opuntia","galapageia","-89.436805","-0.913789","Ecuador","Isla San Cristobal",NA,"50c9509d-22c7-4a22-a47d-8c48425ef4a7",5.58e+08
"Opuntia galapageia Hensl.","Opuntia","galapageia","-89.436805","-0.913789","Ecuador","Isla San Cristobal",NA,"50c9509d-22c7-4a22-a47d-8c48425ef4a7",5.58e+08
"Opuntia galapageia Hensl.","Opuntia","galapageia","-89.429057","-0.917599","Ecuador","Isla San Cristobal",NA,"50c9509d-22c7-4a22-a47d-8c48425ef4a7",5.58e+08
"Opuntia galapageia Hensl.","Opuntia","galapageia","-89.609528","-0.8886","Ecuador","Naval Cannon",NA,"50c9509d-22c7-4a22-a47d-8c48425ef4a7",1.78e+13
"Opuntia galapageia Hensl.","Opuntia","galapageia","-90.32594","-0.75372","Ecuador","Isla Santa Cruz",NA,"50c9509d-22c7-4a22-a47d-8c48425ef4a7",9.86e+08
"Opuntia galapageia Hensl.","Opuntia","galapageia","-91.012955","-0.964325","Ecuador","Isla Isabela",NA,"50c9509d-22c7-4a22-a47d-8c48425ef4a7",1.78e+13
"Opuntia galapageia Hensl.","Opuntia","galapageia","-90.312538","-0.746575","Ecuador","Isla Santa Cruz",NA,"50c9509d-22c7-4a22-a47d-8c48425ef4a7",9.86e+08
"Opuntia galapageia Hensl.","Opuntia","galapageia","-90.312356","-0.743319","Ecuador","Isla Santa Cruz",NA,"50c9509d-22c7-4a22-a47d-8c48425ef4a7",9.86e+08
"Opuntia galapageia Hensl.","Opuntia","galapageia","-90.30397","-0.74256","Ecuador","Isla Santa Cruz",NA,"50c9509d-22c7-4a22-a47d-8c48425ef4a7",9.86e+08
"Opuntia galapageia Hensl.","Opuntia","galapageia","-90.303636","-0.742579","Ecuador","Isla Santa Cruz",NA,"50c9509d-22c7-4a22-a47d-8c48425ef4a7",9.86e+08
"Opuntia galapageia Hensl.","Opuntia","galapageia","-90.303923","-0.742385","Ecuador","Isla Santa Cruz",NA,"50c9509d-22c7-4a22-a47d-8c48425ef4a7",9.86e+08
"Opuntia galapageia Hensl.","Opuntia","galapageia","-90.304755","-0.741962","Ecuador","Isla Santa Cruz",NA,"50c9509d-22c7-4a22-a47d-8c48425ef4a7",9.86e+08
"Opuntia galapageia Hensl.","Opuntia","galapageia","-90.304787","-0.74177","Ecuador","Isla Santa Cruz",NA,"50c9509d-22c7-4a22-a47d-8c48425ef4a7",9.86e+08
"Opuntia galapageia Hensl.","Opuntia","galapageia","-90.302774","-0.741057","Ecuador","Isla Santa Cruz",NA,"50c9509d-22c7-4a22-a47d-8c48425ef4a7",9.86e+08
"Opuntia galapageia Hensl.","Opuntia","galapageia","-90.303903","-0.742383","Ecuador","Isla Santa Cruz",NA,"50c9509d-22c7-4a22-a47d-8c48425ef4a7",9.86e+08
"Opuntia galapageia Hensl.","Opuntia","galapageia","-90.303637","-0.742565","Ecuador","Isla Santa Cruz",NA,"50c9509d-22c7-4a22-a47d-8c48425ef4a7",9.86e+08
"Opuntia galapageia Hensl.","Opuntia","galapageia","-90.304851","-0.741439","Ecuador","Isla Santa Cruz",NA,"50c9509d-22c7-4a22-a47d-8c48425ef4a7",9.86e+08
"Opuntia galapageia Hensl.","Opuntia","galapageia","-90.304795","-0.742084","Ecuador","Isla Santa Cruz",NA,"50c9509d-22c7-4a22-a47d-8c48425ef4a7",9.86e+08
"Opuntia galapageia Hensl.","Opuntia","galapageia","-90.302265","-0.740038","Ecuador","Isla Santa Cruz",NA,"50c9509d-22c7-4a22-a47d-8c48425ef4a7",9.86e+08
"Opuntia galapageia Hensl.","Opuntia","galapageia","-90.164292","-0.583417","Ecuador",NA,NA,"50c9509d-22c7-4a22-a47d-8c48425ef4a7",1.78e+13
"Opuntia galapageia Hensl.","Opuntia","galapageia","-90.304577","-0.74133","Ecuador","Isla Santa Cruz",NA,"50c9509d-22c7-4a22-a47d-8c48425ef4a7",9.86e+08
"Opuntia galapageia Hensl.","Opuntia","galapageia","-90.164989","-0.582625","Ecuador","Isla Plaza Sur",NA,"50c9509d-22c7-4a22-a47d-8c48425ef4a7",1.78e+13
"Opuntia galapageia Hensl.","Opuntia","galapageia","-90.16272","-0.583708","Ecuador",NA,NA,"50c9509d-22c7-4a22-a47d-8c48425ef4a7",1.78e+13
"Opuntia galapageia Hensl.","Opuntia","galapageia","-90.162345","-0.584105","Ecuador",NA,NA,"50c9509d-22c7-4a22-a47d-8c48425ef4a7",1.78e+13
"Opuntia galapageia Hensl.","Opuntia","galapageia","-90.162345","-0.584105","Ecuador",NA,NA,"50c9509d-22c7-4a22-a47d-8c48425ef4a7",1.78e+13
"Opuntia galapageia Hensl.","Opuntia","galapageia","-91.371308","-0.253186","Ecuador","Isla Isabela",NA,"50c9509d-22c7-4a22-a47d-8c48425ef4a7",1.78e+13
"Opuntia galapageia Hensl.","Opuntia","galapageia","-90.304787","-0.742012","Ecuador","Isla Santa Cruz",NA,"50c9509d-22c7-4a22-a47d-8c48425ef4a7",9.86e+08
"Opuntia galapageia Hensl.","Opuntia","galapageia","-90.304062","-0.74083","Ecuador","Isla Santa Cruz",NA,"50c9509d-22c7-4a22-a47d-8c48425ef4a7",9.86e+08
"Opuntia galapageia Hensl.","Opuntia","galapageia","-90.164825","-0.582683","Ecuador","Isla Plaza Sur",NA,"50c9509d-22c7-4a22-a47d-8c48425ef4a7",1.78e+13
"Opuntia galapageia Hensl.","Opuntia","galapageia","-90.164375","-0.583428","Ecuador",NA,NA,"50c9509d-22c7-4a22-a47d-8c48425ef4a7",1.78e+13
"Opuntia galapageia Hensl.","Opuntia","galapageia","-90.327408","-0.755083","Ecuador","Isla Santa Cruz",NA,"50c9509d-22c7-4a22-a47d-8c48425ef4a7",9.86e+08
"Opuntia galapageia Hensl.","Opuntia","galapageia","-91.013496","-0.964577","Ecuador","Isla Isabela",NA,"50c9509d-22c7-4a22-a47d-8c48425ef4a7",1.78e+13
"Opuntia galapageia Hensl.","Opuntia","galapageia","-91.013496","-0.964577","Ecuador","Isla Isabela",NA,"50c9509d-22c7-4a22-a47d-8c48425ef4a7",1.78e+13
"Opuntia galapageia Hensl.","Opuntia","galapageia","-91.013496","-0.964577","Ecuador","Isla Isabela",NA,"50c9509d-22c7-4a22-a47d-8c48425ef4a7",1.78e+13
"Opuntia galapageia Hensl.","Opuntia","galapageia","-91.013496","-0.964577","Ecuador","Isla Isabela",NA,"50c9509d-22c7-4a22-a47d-8c48425ef4a7",1.78e+13
"Opuntia galapageia Hensl.","Opuntia","galapageia","-90.994779","-0.959706","Ecuador","Isla Isabela",NA,"50c9509d-22c7-4a22-a47d-8c48425ef4a7",1.78e+13
"Opuntia galapageia Hensl.","Opuntia","galapageia","-90.988857","-0.960541","Ecuador","Isla Isabela",NA,"50c9509d-22c7-4a22-a47d-8c48425ef4a7",1.78e+13
"Opuntia galapageia Hensl.","Opuntia","galapageia","-91.006188","-0.963645","Ecuador","Isla Isabela",NA,"50c9509d-22c7-4a22-a47d-8c48425ef4a7",1.78e+13
"Opuntia galapageia Hensl.","Opuntia","galapageia","-90.973159","-0.949175","Ecuador","Isla Isabela",NA,"50c9509d-22c7-4a22-a47d-8c48425ef4a7",1.78e+13
"Opuntia galapageia Hensl.","Opuntia","galapageia","-91.351741","0.089178","Ecuador","Isla Isabela",NA,"50c9509d-22c7-4a22-a47d-8c48425ef4a7",1.78e+13
"Opuntia galapageia Hensl.","Opuntia","galapageia","-90.34155","-0.49328","Ecuador","Playa Las Bachas",NA,"50c9509d-22c7-4a22-a47d-8c48425ef4a7",1.78e+13
"Opuntia galapageia var. helleri (K.Schum. ex B.L.Rob.) Backeb.","Opuntia","helleri","-89.94922","0.31871","Ecuador","Playa Darwin",NA,"50c9509d-22c7-4a22-a47d-8c48425ef4a7",1.78e+13
"Opuntia galapageia var. helleri (K.Schum. ex B.L.Rob.) Backeb.","Opuntia","helleri","-89.94906","0.31865","Ecuador","Playa Darwin",NA,"50c9509d-22c7-4a22-a47d-8c48425ef4a7",1.78e+13
"Opuntia galapageia Hensl.","Opuntia","galapageia","-90.16492","-0.58259","Ecuador","Isla Plaza Sur",NA,"50c9509d-22c7-4a22-a47d-8c48425ef4a7",1.78e+13
"Opuntia galapageia Hensl.","Opuntia","galapageia","-90.16492","-0.58263","Ecuador","Isla Plaza Sur",NA,"50c9509d-22c7-4a22-a47d-8c48425ef4a7",1.78e+13
"Opuntia galapageia Hensl.","Opuntia","galapageia","-90.16436","-0.58344","Ecuador",NA,NA,"50c9509d-22c7-4a22-a47d-8c48425ef4a7",1.78e+13
"Opuntia galapageia Hensl.","Opuntia","galapageia","-89.608917","-0.889662","Ecuador","Tijeretas",NA,"50c9509d-22c7-4a22-a47d-8c48425ef4a7",1.78e+13
"Opuntia galapageia Hensl.","Opuntia","galapageia","-90.341599","-0.764615","Ecuador","Isla Santa Cruz",NA,"50c9509d-22c7-4a22-a47d-8c48425ef4a7",9.86e+08
"Opuntia galapageia Hensl.","Opuntia","galapageia","-90.326121","-0.754335","Ecuador","Isla Santa Cruz",NA,"50c9509d-22c7-4a22-a47d-8c48425ef4a7",9.86e+08
"Opuntia galapageia Hensl.","Opuntia","galapageia","-90.305083","-0.741683","Ecuador","Isla Santa Cruz",NA,"50c9509d-22c7-4a22-a47d-8c48425ef4a7",9.86e+08
"Opuntia galapageia Hensl.","Opuntia","galapageia","-90.705981","-0.400408","Ecuador","No name (flamingos)",NA,"50c9509d-22c7-4a22-a47d-8c48425ef4a7",1.78e+13
"Opuntia galapageia Hensl.","Opuntia","galapageia","-89.5486","-0.938405","Ecuador","Isla San Cristobal",NA,"50c9509d-22c7-4a22-a47d-8c48425ef4a7",5.58e+08
"Opuntia galapageia Hensl.","Opuntia","galapageia","-89.552955","-0.945647","Ecuador","Isla San Cristobal",NA,"50c9509d-22c7-4a22-a47d-8c48425ef4a7",5.58e+08
"Opuntia galapageia Hensl.","Opuntia","galapageia","-91.006241","-0.889442","Ecuador","Isla Isabela",NA,"50c9509d-22c7-4a22-a47d-8c48425ef4a7",1.78e+13
"Opuntia galapageia Hensl.","Opuntia","galapageia","-90.424775","-1.273317","Ecuador","Isla Santa Maria",NA,"50c9509d-22c7-4a22-a47d-8c48425ef4a7",1.78e+13
"Opuntia galapageia Hensl.","Opuntia","galapageia","-90.291498","-0.637306","Ecuador","Isla Santa Cruz",NA,"50c9509d-22c7-4a22-a47d-8c48425ef4a7",9.86e+08
"Opuntia galapageia Hensl.","Opuntia","galapageia","-90.962853","-0.959755","Ecuador","Isla Isabela",NA,"50c9509d-22c7-4a22-a47d-8c48425ef4a7",1.78e+13
"Opuntia galapageia var. galapageia","Opuntia","galapageia","-90.865912","-0.24423","Ecuador","Puerto Egas",NA,"50c9509d-22c7-4a22-a47d-8c48425ef4a7",1.78e+13
"Opuntia galapageia Hensl.","Opuntia","galapageia","-90.342604","-0.493993","Ecuador","Playa Las Bachas",NA,"50c9509d-22c7-4a22-a47d-8c48425ef4a7",1.78e+13
"Opuntia galapageia Hensl.","Opuntia","galapageia","-90.342267","-0.49389","Ecuador","Playa Las Bachas",NA,"50c9509d-22c7-4a22-a47d-8c48425ef4a7",1.78e+13
"Opuntia galapageia Hensl.","Opuntia","galapageia","-90.307204","-0.741199","Ecuador","Isla Santa Cruz",NA,"50c9509d-22c7-4a22-a47d-8c48425ef4a7",9.86e+08
"Opuntia galapageia Hensl.","Opuntia","galapageia","-90.164886","-0.582637","Ecuador","Isla Plaza Sur",NA,"50c9509d-22c7-4a22-a47d-8c48425ef4a7",1.78e+13
"Opuntia galapageia Hensl.","Opuntia","galapageia","-90.164997","-0.583358","Ecuador","Isla Plaza Sur",NA,"50c9509d-22c7-4a22-a47d-8c48425ef4a7",1.78e+13
"Opuntia galapageia Hensl.","Opuntia","galapageia","-90.315278","-0.756992","Ecuador","Isla Santa Cruz",NA,"50c9509d-22c7-4a22-a47d-8c48425ef4a7",9.86e+08
"Opuntia galapageia Hensl.","Opuntia","galapageia","-90.3225","-0.749722","Ecuador","Isla Santa Cruz",NA,"50c9509d-22c7-4a22-a47d-8c48425ef4a7",9.86e+08
"Opuntia galapageia Hensl.","Opuntia","galapageia","-91.00605","-0.963676","Ecuador","Isla Isabela",NA,"50c9509d-22c7-4a22-a47d-8c48425ef4a7",1.78e+13
"Opuntia galapageia Hensl.","Opuntia","galapageia","-90.315269","-0.756939","Ecuador","Isla Santa Cruz",NA,"50c9509d-22c7-4a22-a47d-8c48425ef4a7",9.86e+08
"Opuntia galapageia Hensl.","Opuntia","galapageia","-90.1642","-0.583464","Ecuador",NA,NA,"50c9509d-22c7-4a22-a47d-8c48425ef4a7",1.78e+13
"Opuntia galapageia Hensl.","Opuntia","galapageia","-90.315067","-0.757191","Ecuador","Camino a las Grietas",NA,"50c9509d-22c7-4a22-a47d-8c48425ef4a7",1.78e+13
"Opuntia galapageia Hensl.","Opuntia","galapageia","-89.61374","-0.924115","Ecuador","Isla San Cristobal",NA,"50c9509d-22c7-4a22-a47d-8c48425ef4a7",5.58e+08
"Opuntia galapageia Hensl.","Opuntia","galapageia","-89.612347","-0.926417","Ecuador","Isla San Cristobal",NA,"50c9509d-22c7-4a22-a47d-8c48425ef4a7",5.58e+08
"Opuntia galapageia Hensl.","Opuntia","galapageia","-90.966092","-0.957979","Ecuador","Isla Isabela",NA,"50c9509d-22c7-4a22-a47d-8c48425ef4a7",1.78e+13
"Opuntia galapageia Hensl.","Opuntia","galapageia","-90.966092","-0.957979","Ecuador","Isla Isabela",NA,"50c9509d-22c7-4a22-a47d-8c48425ef4a7",1.78e+13
"Opuntia galapageia Hensl.","Opuntia","galapageia","-90.98931","-0.960487","Ecuador","Isla Isabela",NA,"50c9509d-22c7-4a22-a47d-8c48425ef4a7",1.78e+13
"Opuntia galapageia Hensl.","Opuntia","galapageia","-90.277234","-0.452198","Ecuador","Isla Baltra",NA,"50c9509d-22c7-4a22-a47d-8c48425ef4a7",1.78e+13
"Opuntia galapageia Hensl.","Opuntia","galapageia","-90.331939","-0.759372","Ecuador","Isla Santa Cruz",NA,"50c9509d-22c7-4a22-a47d-8c48425ef4a7",9.86e+08
"Opuntia galapageia Hensl.","Opuntia","galapageia","-90.31335","-0.747137","Ecuador","Isla Santa Cruz",NA,"50c9509d-22c7-4a22-a47d-8c48425ef4a7",9.86e+08
"Opuntia galapageia Hensl.","Opuntia","galapageia","-90.493066","-1.281388","Ecuador","Isla Santa Maria",NA,"50c9509d-22c7-4a22-a47d-8c48425ef4a7",1.78e+13
"Opuntia galapageia Hensl.","Opuntia","galapageia","-90.97203","-0.953462","Ecuador","Isla Isabela",NA,"50c9509d-22c7-4a22-a47d-8c48425ef4a7",1.78e+13
"Opuntia galapageia Hensl.","Opuntia","galapageia","-90.97742","-0.938742","Ecuador","Isla Isabela",NA,"50c9509d-22c7-4a22-a47d-8c48425ef4a7",1.78e+13
"Opuntia galapageia Hensl.","Opuntia","galapageia","-90.339737","-0.764869","Ecuador","Isla Santa Cruz",NA,"50c9509d-22c7-4a22-a47d-8c48425ef4a7",9.86e+08
"Opuntia galapageia Hensl.","Opuntia","galapageia","-90.38777","-1.23812","Ecuador","Isla Campeón",NA,"50c9509d-22c7-4a22-a47d-8c48425ef4a7",62500
"Opuntia galapageia Hensl.","Opuntia","galapageia","-90.38782","-1.237799","Ecuador","Isla Campeón",NA,"50c9509d-22c7-4a22-a47d-8c48425ef4a7",62500
"Opuntia galapageia Hensl.","Opuntia","galapageia","-89.94902","0.31861","Ecuador","Playa Darwin",NA,"50c9509d-22c7-4a22-a47d-8c48425ef4a7",1.78e+13
"Opuntia galapageia var. profusa E.F.Anderson & Walk.","Opuntia","galapageia","-90.710527","-0.417199","Ecuador","Isla Rábida",NA,"50c9509d-22c7-4a22-a47d-8c48425ef4a7",1.78e+13
"Opuntia galapageia Hensl.","Opuntia","galapageia","-90.337189","-0.639359","Ecuador","Isla Santa Cruz",NA,"50c9509d-22c7-4a22-a47d-8c48425ef4a7",9.86e+08
"Opuntia galapageia Hensl.","Opuntia","galapageia","-90.337189","-0.639359","Ecuador","Isla Santa Cruz",NA,"50c9509d-22c7-4a22-a47d-8c48425ef4a7",9.86e+08
"Opuntia galapageia Hensl.","Opuntia","galapageia","-90.303841","-0.742243","Ecuador","Isla Santa Cruz",NA,"50c9509d-22c7-4a22-a47d-8c48425ef4a7",9.86e+08
"Opuntia galapageia Hensl.","Opuntia","galapageia","-90.160618","-0.584308","Ecuador",NA,NA,"50c9509d-22c7-4a22-a47d-8c48425ef4a7",1.78e+13
"Opuntia galapageia Hensl.","Opuntia","galapageia","-90.160618","-0.584308","Ecuador",NA,NA,"50c9509d-22c7-4a22-a47d-8c48425ef4a7",1.78e+13
"Opuntia galapageia Hensl.","Opuntia","galapageia","-90.319238","-0.742087","Ecuador","Isla Santa Cruz",NA,"50c9509d-22c7-4a22-a47d-8c48425ef4a7",9.86e+08
"Opuntia galapageia Hensl.","Opuntia","galapageia","-90.312234","-0.754197","Ecuador","Isla Santa Cruz",NA,"50c9509d-22c7-4a22-a47d-8c48425ef4a7",9.86e+08
"Opuntia galapageia Hensl.","Opuntia","galapageia","-89.609483","-0.893638","Ecuador","Isla San Cristobal",NA,"50c9509d-22c7-4a22-a47d-8c48425ef4a7",5.58e+08
"Opuntia galapageia Hensl.","Opuntia","galapageia","-90.967819","-0.956331","Ecuador","Isla Isabela",NA,"50c9509d-22c7-4a22-a47d-8c48425ef4a7",1.78e+13
"Opuntia galapageia Hensl.","Opuntia","galapageia","-90.337189","-0.639359","Ecuador","Isla Santa Cruz",NA,"50c9509d-22c7-4a22-a47d-8c48425ef4a7",9.86e+08
"Opuntia galapageia Hensl.","Opuntia","galapageia","-90.345383","-0.613849","Ecuador","Isla Santa Cruz",NA,"50c9509d-22c7-4a22-a47d-8c48425ef4a7",9.86e+08
"Opuntia galapageia Hensl.","Opuntia","galapageia","-90.30905","-0.740169","Ecuador","Isla Santa Cruz",NA,"50c9509d-22c7-4a22-a47d-8c48425ef4a7",9.86e+08
"Opuntia galapageia Hensl.","Opuntia","galapageia","-90.312088","-0.74422","Ecuador","Isla Santa Cruz",NA,"50c9509d-22c7-4a22-a47d-8c48425ef4a7",9.86e+08
"Opuntia galapageia Hensl.","Opuntia","galapageia","-90.222528","-0.689537","Ecuador","Isla Santa Cruz",NA,"50c9509d-22c7-4a22-a47d-8c48425ef4a7",9.86e+08
"Opuntia galapageia Hensl.","Opuntia","galapageia","-90.304878","-0.74137","Ecuador","Isla Santa Cruz",NA,"50c9509d-22c7-4a22-a47d-8c48425ef4a7",9.86e+08
"Opuntia galapageia Hensl.","Opuntia","galapageia","-90.304887","-0.741372","Ecuador","Isla Santa Cruz",NA,"50c9509d-22c7-4a22-a47d-8c48425ef4a7",9.86e+08
"Opuntia galapageia Hensl.","Opuntia","galapageia","-90.304825","-0.741333","Ecuador","Isla Santa Cruz",NA,"50c9509d-22c7-4a22-a47d-8c48425ef4a7",9.86e+08
"Opuntia galapageia var. profusa E.F.Anderson & Walk.","Opuntia","galapageia","-90.70668","-0.400017","Ecuador","No name (flamingos)",NA,"50c9509d-22c7-4a22-a47d-8c48425ef4a7",1.78e+13
"Opuntia galapageia var. profusa E.F.Anderson & Walk.","Opuntia","galapageia","-90.70668","-0.400538","Ecuador","No name (flamingos)",NA,"50c9509d-22c7-4a22-a47d-8c48425ef4a7",1.78e+13
"Opuntia galapageia var. profusa E.F.Anderson & Walk.","Opuntia","galapageia","-90.706603","-0.401247","Ecuador","No name (flamingos)",NA,"50c9509d-22c7-4a22-a47d-8c48425ef4a7",1.78e+13
"Opuntia galapageia Hensl.","Opuntia","galapageia","-90.706497","-0.4016","Ecuador","No name (flamingos)",NA,"50c9509d-22c7-4a22-a47d-8c48425ef4a7",1.78e+13
"Opuntia galapageia Hensl.","Opuntia","galapageia","-90.706488","-0.401613","Ecuador","No name (flamingos)",NA,"50c9509d-22c7-4a22-a47d-8c48425ef4a7",1.78e+13
"Opuntia galapageia Hensl.","Opuntia","galapageia","-90.706353","-0.401212","Ecuador","No name (flamingos)",NA,"50c9509d-22c7-4a22-a47d-8c48425ef4a7",1.78e+13
"Opuntia galapageia Hensl.","Opuntia","galapageia","-90.706245","-0.400967","Ecuador","No name (flamingos)",NA,"50c9509d-22c7-4a22-a47d-8c48425ef4a7",1.78e+13
"Opuntia galapageia Hensl.","Opuntia","galapageia","-90.706087","-0.400438","Ecuador","No name (flamingos)",NA,"50c9509d-22c7-4a22-a47d-8c48425ef4a7",1.78e+13
"Opuntia galapageia Hensl.","Opuntia","galapageia","-90.705825","-0.400058","Ecuador","No name (flamingos)",NA,"50c9509d-22c7-4a22-a47d-8c48425ef4a7",1.78e+13
"Opuntia galapageia Hensl.","Opuntia","galapageia","-90.340575","-0.764447","Ecuador","Isla Santa Cruz",NA,"50c9509d-22c7-4a22-a47d-8c48425ef4a7",9.86e+08
"Opuntia galapageia Hensl.","Opuntia","galapageia","-90.340333","-0.764413","Ecuador","Isla Santa Cruz",NA,"50c9509d-22c7-4a22-a47d-8c48425ef4a7",9.86e+08
"Opuntia galapageia Hensl.","Opuntia","galapageia","-90.160618","-0.584308","Ecuador",NA,NA,"50c9509d-22c7-4a22-a47d-8c48425ef4a7",1.78e+13
"Opuntia galapageia Hensl.","Opuntia","galapageia","-91.000966","-0.532774","Ecuador","Isla Isabela",NA,"50c9509d-22c7-4a22-a47d-8c48425ef4a7",1.78e+13
"Opuntia galapageia Hensl.","Opuntia","galapageia","-90.304878","-0.74137","Ecuador","Isla Santa Cruz",NA,"50c9509d-22c7-4a22-a47d-8c48425ef4a7",9.86e+08
"Opuntia galapageia Hensl.","Opuntia","galapageia","-90.304825","-0.741333","Ecuador","Isla Santa Cruz",NA,"50c9509d-22c7-4a22-a47d-8c48425ef4a7",9.86e+08
"Opuntia galapageia Hensl.","Opuntia","galapageia","-90.304241","-0.74218","Ecuador","Isla Santa Cruz",NA,"50c9509d-22c7-4a22-a47d-8c48425ef4a7",9.86e+08
"Opuntia galapageia Hensl.","Opuntia","galapageia","-90.312692","-0.746922","Ecuador","Isla Santa Cruz",NA,"50c9509d-22c7-4a22-a47d-8c48425ef4a7",9.86e+08
"Opuntia galapageia Hensl.","Opuntia","galapageia","-90.304643","-0.741317","Ecuador","Isla Santa Cruz",NA,"50c9509d-22c7-4a22-a47d-8c48425ef4a7",9.86e+08
"Opuntia galapageia Hensl.","Opuntia","galapageia","-90.304537","-0.741323","Ecuador","Isla Santa Cruz",NA,"50c9509d-22c7-4a22-a47d-8c48425ef4a7",9.86e+08
"Opuntia galapageia Hensl.","Opuntia","galapageia","-90.705791","-0.399829","Ecuador","No name (flamingos)",NA,"50c9509d-22c7-4a22-a47d-8c48425ef4a7",1.78e+13
"Opuntia galapageia Hensl.","Opuntia","galapageia","-90.322173","-0.74654","Ecuador","Isla Santa Cruz",NA,"50c9509d-22c7-4a22-a47d-8c48425ef4a7",9.86e+08
"Opuntia galapageia Hensl.","Opuntia","galapageia","-90.340383","-0.764406","Ecuador","Isla Santa Cruz",NA,"50c9509d-22c7-4a22-a47d-8c48425ef4a7",9.86e+08
"Opuntia galapageia Hensl.","Opuntia","galapageia","-90.163839","-0.583587","Ecuador",NA,NA,"50c9509d-22c7-4a22-a47d-8c48425ef4a7",1.78e+13
"Opuntia galapageia Hensl.","Opuntia","galapageia","-89.608793","-0.908003","Ecuador","Isla San Cristobal",NA,"50c9509d-22c7-4a22-a47d-8c48425ef4a7",5.58e+08
"Opuntia galapageia Hensl.","Opuntia","galapageia","-89.612568","-0.90346","Ecuador","Isla San Cristobal",NA,"50c9509d-22c7-4a22-a47d-8c48425ef4a7",5.58e+08
"Opuntia galapageia Hensl.","Opuntia","galapageia","-91.099887","-0.782665","Ecuador","Isla Isabela",NA,"50c9509d-22c7-4a22-a47d-8c48425ef4a7",1.78e+13
"Opuntia galapageia Hensl.","Opuntia","galapageia","-89.247658","-0.715292","Ecuador","Monte Pitt",NA,"50c9509d-22c7-4a22-a47d-8c48425ef4a7",1.78e+13
"Opuntia galapageia Hensl.","Opuntia","galapageia","-89.609402","-0.893575","Ecuador","Isla San Cristobal",NA,"50c9509d-22c7-4a22-a47d-8c48425ef4a7",5.58e+08
"Opuntia galapageia Hensl.","Opuntia","galapageia","-89.247703","-0.715058","Ecuador","Monte Pitt",NA,"50c9509d-22c7-4a22-a47d-8c48425ef4a7",1.78e+13
"Opuntia galapageia Hensl.","Opuntia","galapageia","-90.164793","-0.582605","Ecuador","Isla Plaza Sur",NA,"50c9509d-22c7-4a22-a47d-8c48425ef4a7",1.78e+13
"Opuntia galapageia Hensl.","Opuntia","galapageia","-90.484055","-0.530947","Ecuador","Isla Santa Cruz",NA,"50c9509d-22c7-4a22-a47d-8c48425ef4a7",9.86e+08
"Opuntia galapageia Hensl.","Opuntia","galapageia","-90.303333","-0.740833","Ecuador","Isla Santa Cruz",NA,"50c9509d-22c7-4a22-a47d-8c48425ef4a7",9.86e+08
"Opuntia galapageia Hensl.","Opuntia","megasperma","-89.71741","-1.36379","Ecuador","Isla Espanola",NA,"211ace54-dcc2-4243-ad2b-a76f63494cc9",6e+07
"Opuntia galapageia Hensl.","Opuntia","megasperma","-89.71741","-1.36379","Ecuador","Isla Espanola",NA,"211ace54-dcc2-4243-ad2b-a76f63494cc9",6e+07
"Opuntia galapageia Hensl.","Opuntia","megasperma","-89.71741","-1.36379","Ecuador","Isla Espanola",NA,"211ace54-dcc2-4243-ad2b-a76f63494cc9",6e+07
"Opuntia galapageia Hensl.","Opuntia","megasperma","-89.71741","-1.36379","Ecuador","Isla Espanola",NA,"211ace54-dcc2-4243-ad2b-a76f63494cc9",6e+07
"Opuntia galapageia Hensl.","Opuntia","megasperma","-89.71741","-1.36379","Ecuador","Isla Espanola",NA,"211ace54-dcc2-4243-ad2b-a76f63494cc9",6e+07
"Opuntia galapageia Hensl.","Opuntia","megasperma","-89.71741","-1.36379","Ecuador","Isla Espanola",NA,"211ace54-dcc2-4243-ad2b-a76f63494cc9",6e+07
"Opuntia galapageia Hensl.","Opuntia","megasperma","-89.71741","-1.36379","Ecuador","Isla Espanola",NA,"211ace54-dcc2-4243-ad2b-a76f63494cc9",6e+07
"Opuntia galapageia Hensl.","Opuntia","megasperma","-89.71741","-1.36379","Ecuador","Isla Espanola",NA,"211ace54-dcc2-4243-ad2b-a76f63494cc9",6e+07
"Opuntia galapageia Hensl.","Opuntia","megasperma","-89.71741","-1.36379","Ecuador","Isla Espanola",NA,"211ace54-dcc2-4243-ad2b-a76f63494cc9",6e+07
"Opuntia galapageia Hensl.","Opuntia","galapageia","-90.310587","-0.74293","Ecuador","Isla Santa Cruz",NA,"50c9509d-22c7-4a22-a47d-8c48425ef4a7",9.86e+08
"Opuntia galapageia Hensl.","Opuntia","galapageia","-91.100119","-0.783158","Ecuador","Isla Isabela",NA,"50c9509d-22c7-4a22-a47d-8c48425ef4a7",1.78e+13
"Opuntia galapageia Hensl.","Opuntia","galapageia","-90.350189","-0.741556","Ecuador","Isla Santa Cruz",NA,"50c9509d-22c7-4a22-a47d-8c48425ef4a7",9.86e+08
"Opuntia galapageia Hensl.","Opuntia","galapageia","-89.610698","-0.893546","Ecuador","Isla San Cristobal",NA,"50c9509d-22c7-4a22-a47d-8c48425ef4a7",5.58e+08
"Opuntia galapageia Hensl.","Opuntia","galapageia","-90.343058","-0.762684","Ecuador","Isla Santa Cruz",NA,"50c9509d-22c7-4a22-a47d-8c48425ef4a7",9.86e+08
"Opuntia galapageia Hensl.","Opuntia","galapageia","-90.343058","-0.762684","Ecuador","Isla Santa Cruz",NA,"50c9509d-22c7-4a22-a47d-8c48425ef4a7",9.86e+08
"Opuntia galapageia Hensl.","Opuntia","galapageia","-90.343058","-0.762684","Ecuador","Isla Santa Cruz",NA,"50c9509d-22c7-4a22-a47d-8c48425ef4a7",9.86e+08
"Opuntia galapageia Hensl.","Opuntia","galapageia","-90.343058","-0.762684","Ecuador","Isla Santa Cruz",NA,"50c9509d-22c7-4a22-a47d-8c48425ef4a7",9.86e+08
"Opuntia galapageia Hensl.","Opuntia","galapageia","-90.343058","-0.762684","Ecuador","Isla Santa Cruz",NA,"50c9509d-22c7-4a22-a47d-8c48425ef4a7",9.86e+08
"Opuntia galapageia Hensl.","Opuntia","galapageia","-90.343058","-0.762684","Ecuador","Isla Santa Cruz",NA,"50c9509d-22c7-4a22-a47d-8c48425ef4a7",9.86e+08
"Opuntia galapageia Hensl.","Opuntia","galapageia","-90.977357","-0.936345","Ecuador","Isla Isabela",NA,"50c9509d-22c7-4a22-a47d-8c48425ef4a7",1.78e+13
"Opuntia galapageia Hensl.","Opuntia","galapageia","-91.000947","-0.960745","Ecuador","Isla Isabela",NA,"50c9509d-22c7-4a22-a47d-8c48425ef4a7",1.78e+13
"Opuntia galapageia Hensl.","Opuntia","galapageia","-91.000947","-0.960745","Ecuador","Isla Isabela",NA,"50c9509d-22c7-4a22-a47d-8c48425ef4a7",1.78e+13
"Opuntia galapageia Hensl.","Opuntia","galapageia","-91.000947","-0.960745","Ecuador","Isla Isabela",NA,"50c9509d-22c7-4a22-a47d-8c48425ef4a7",1.78e+13
"Opuntia galapageia var. profusa E.F.Anderson & Walk.","Opuntia","galapageia","-90.706078","-0.399683","Ecuador","No name (flamingos)",NA,"50c9509d-22c7-4a22-a47d-8c48425ef4a7",1.78e+13
"Opuntia galapageia Hensl.","Opuntia","galapageia","-90.320506","-0.75729","Ecuador","Isla Santa Cruz",NA,"50c9509d-22c7-4a22-a47d-8c48425ef4a7",9.86e+08
"Opuntia galapageia Hensl.","Opuntia","galapageia","-89.615243","-0.89952","Ecuador","Isla San Cristobal",NA,"50c9509d-22c7-4a22-a47d-8c48425ef4a7",5.58e+08
"Opuntia galapageia Hensl.","Opuntia","galapageia","-89.517409","-0.882044","Ecuador","Isla San Cristobal",NA,"50c9509d-22c7-4a22-a47d-8c48425ef4a7",5.58e+08
"Opuntia galapageia Hensl.","Opuntia","galapageia","-90.327439","-0.755067","Ecuador","Isla Santa Cruz",NA,"50c9509d-22c7-4a22-a47d-8c48425ef4a7",9.86e+08
"Opuntia galapageia Hensl.","Opuntia","galapageia","-90.325553","-0.753058","Ecuador","Isla Santa Cruz",NA,"50c9509d-22c7-4a22-a47d-8c48425ef4a7",9.86e+08
"Opuntia galapageia Hensl.","Opuntia","galapageia","-90.488095","-0.526154","Ecuador","Sendero Cerro Dragón",NA,"50c9509d-22c7-4a22-a47d-8c48425ef4a7",1.78e+13
"Opuntia galapageia Hensl.","Opuntia","galapageia","-90.485144","-0.529975","Ecuador","Isla Santa Cruz",NA,"50c9509d-22c7-4a22-a47d-8c48425ef4a7",9.86e+08
"Opuntia galapageia Hensl.","Opuntia","galapageia","-90.22238","-0.690069","Ecuador","Isla Santa Cruz",NA,"50c9509d-22c7-4a22-a47d-8c48425ef4a7",9.86e+08
"Opuntia galapageia Hensl.","Opuntia","galapageia","-90.162758","-0.583966","Ecuador",NA,NA,"50c9509d-22c7-4a22-a47d-8c48425ef4a7",1.78e+13
"Opuntia galapageia Hensl.","Opuntia","galapageia","-90.290847","-0.399167","Ecuador","Isla North Seymore",NA,"50c9509d-22c7-4a22-a47d-8c48425ef4a7",1.78e+13
"Opuntia galapageia Hensl.","Opuntia","galapageia","-90.31709","-0.747757","Ecuador","Isla Santa Cruz",NA,"50c9509d-22c7-4a22-a47d-8c48425ef4a7",9.86e+08
"Opuntia galapageia Hensl.","Opuntia","galapageia","-90.70623","-0.401347","Ecuador","No name (flamingos)",NA,"50c9509d-22c7-4a22-a47d-8c48425ef4a7",1.78e+13
"Opuntia galapageia var. profusa E.F.Anderson & Walk.","Opuntia","galapageia","-90.706282","-0.40114","Ecuador","No name (flamingos)",NA,"50c9509d-22c7-4a22-a47d-8c48425ef4a7",1.78e+13
"Opuntia galapageia Hensl.","Opuntia","galapageia","-90.305611","-0.741756","Ecuador","Isla Santa Cruz",NA,"50c9509d-22c7-4a22-a47d-8c48425ef4a7",9.86e+08
"Opuntia galapageia Hensl.","Opuntia","galapageia","-90.276815","-0.482917","Ecuador",NA,NA,"50c9509d-22c7-4a22-a47d-8c48425ef4a7",1.78e+13
"Opuntia galapageia Hensl.","Opuntia","galapageia","-90.975696","-0.943639","Ecuador","Isla Isabela",NA,"50c9509d-22c7-4a22-a47d-8c48425ef4a7",1.78e+13
"Opuntia galapageia Hensl.","Opuntia","galapageia","-90.706659","-0.400059","Ecuador","No name (flamingos)",NA,"50c9509d-22c7-4a22-a47d-8c48425ef4a7",1.78e+13
"Opuntia galapageia Hensl.","Opuntia","galapageia","-90.488007","-0.526087","Ecuador","Sendero Cerro Dragón",NA,"50c9509d-22c7-4a22-a47d-8c48425ef4a7",1.78e+13
"Opuntia galapageia Hensl.","Opuntia","galapageia","-90.271536","-0.443994","Ecuador","Vía Aeropuerto",NA,"50c9509d-22c7-4a22-a47d-8c48425ef4a7",1.78e+13
"Opuntia galapageia Hensl.","Opuntia","galapageia","-90.37458","-0.421923","Ecuador","Daphne Mayor",NA,"50c9509d-22c7-4a22-a47d-8c48425ef4a7",1.78e+13
"Opuntia galapageia Hensl.","Opuntia","galapageia","-90.30457","-0.76117","Ecuador","Grieta de las Tintoreras",NA,"50c9509d-22c7-4a22-a47d-8c48425ef4a7",1.78e+13
"Opuntia galapageia Hensl.","Opuntia","galapageia","-90.303765","-0.742315","Ecuador","Isla Santa Cruz",NA,"50c9509d-22c7-4a22-a47d-8c48425ef4a7",9.86e+08
"Opuntia galapageia Hensl.","Opuntia","galapageia","-90.331908","-0.760101","Ecuador","Isla Santa Cruz",NA,"50c9509d-22c7-4a22-a47d-8c48425ef4a7",9.86e+08
"Opuntia galapageia Hensl.","Opuntia","galapageia","-90.291642","-0.637369","Ecuador","Isla Santa Cruz",NA,"50c9509d-22c7-4a22-a47d-8c48425ef4a7",9.86e+08
"Opuntia galapageia Hensl.","Opuntia","galapageia","-90.220802","-0.694649","Ecuador","Playa El Garrapatero",NA,"50c9509d-22c7-4a22-a47d-8c48425ef4a7",1.78e+13
"Opuntia galapageia Hensl.","Opuntia","galapageia","-91.015549","-0.948781","Ecuador","Isla Isabela",NA,"50c9509d-22c7-4a22-a47d-8c48425ef4a7",1.78e+13
"Opuntia galapageia Hensl.","Opuntia","galapageia","-91.015549","-0.948781","Ecuador","Isla Isabela",NA,"50c9509d-22c7-4a22-a47d-8c48425ef4a7",1.78e+13
"Opuntia galapageia Hensl.","Opuntia","galapageia","-90.314406","-0.748722","Ecuador","Isla Santa Cruz",NA,"50c9509d-22c7-4a22-a47d-8c48425ef4a7",9.86e+08
"Opuntia galapageia Hensl.","Opuntia","galapageia","-90.314406","-0.748722","Ecuador","Isla Santa Cruz",NA,"50c9509d-22c7-4a22-a47d-8c48425ef4a7",9.86e+08
"Opuntia galapageia Hensl.","Opuntia","galapageia","-91.167088","-0.816274","Ecuador","Isla Isabela",NA,"50c9509d-22c7-4a22-a47d-8c48425ef4a7",1.78e+13
"Opuntia galapageia Hensl.","Opuntia","galapageia","-90.865258","-0.24265","Ecuador","Puerto Egas",NA,"50c9509d-22c7-4a22-a47d-8c48425ef4a7",1.78e+13
"Opuntia galapageia Hensl.","Opuntia","galapageia","-90.865258","-0.24265","Ecuador","Puerto Egas",NA,"50c9509d-22c7-4a22-a47d-8c48425ef4a7",1.78e+13
"Opuntia galapageia Hensl.","Opuntia","galapageia","-90.868212","-0.245047","Ecuador","Puerto Egas",NA,"50c9509d-22c7-4a22-a47d-8c48425ef4a7",1.78e+13
"Opuntia galapageia Hensl.","Opuntia","megasperma","-89.428367","-0.823908","Ecuador","Isla San Cristobal",NA,"3c59bd42-7bfd-421b-8da4-275780390e4c",5.58e+08
"Opuntia galapageia Hensl.","Opuntia","galapageia","-90.291308","-0.399297","Ecuador","Isla North Seymore",NA,"50c9509d-22c7-4a22-a47d-8c48425ef4a7",1.78e+13
"Opuntia galapageia Hensl.","Opuntia","galapageia","-90.341492","-0.493275","Ecuador","Caleta Tortuga Negra",NA,"50c9509d-22c7-4a22-a47d-8c48425ef4a7",1.78e+13
"Opuntia galapageia Hensl.","Opuntia","galapageia","-90.2876","-0.679657","Ecuador","Isla Santa Cruz",NA,"50c9509d-22c7-4a22-a47d-8c48425ef4a7",9.86e+08
"Opuntia galapageia Hensl.","Opuntia","galapageia","-90.972851","-0.949492","Ecuador","Isla Isabela",NA,"50c9509d-22c7-4a22-a47d-8c48425ef4a7",1.78e+13
"Opuntia galapageia Hensl.","Opuntia","galapageia","-90.291373","-0.398565","Ecuador","Isla North Seymore",NA,"50c9509d-22c7-4a22-a47d-8c48425ef4a7",1.78e+13
"Opuntia galapageia Hensl.","Opuntia","galapageia","-90.312846","-0.754465","Ecuador","Isla Santa Cruz",NA,"50c9509d-22c7-4a22-a47d-8c48425ef4a7",9.86e+08
"Opuntia galapageia Hensl.","Opuntia","galapageia","-91.007612","-0.963097","Ecuador","Isla Isabela",NA,"50c9509d-22c7-4a22-a47d-8c48425ef4a7",1.78e+13
"Opuntia galapageia Hensl.","Opuntia","galapageia","-89.43019","-0.923506","Ecuador","Isla San Cristobal",NA,"50c9509d-22c7-4a22-a47d-8c48425ef4a7",5.58e+08
"Opuntia galapageia Hensl.","Opuntia","galapageia","-89.430297","-0.923056","Ecuador","Isla San Cristobal",NA,"50c9509d-22c7-4a22-a47d-8c48425ef4a7",5.58e+08
"Opuntia galapageia Hensl.","Opuntia","galapageia","-89.417338","-0.919723","Ecuador","Isla San Cristobal",NA,"50c9509d-22c7-4a22-a47d-8c48425ef4a7",5.58e+08
"Opuntia galapageia Hensl.","Opuntia","galapageia","-89.419656","-0.920797","Ecuador","Isla San Cristobal",NA,"50c9509d-22c7-4a22-a47d-8c48425ef4a7",5.58e+08
"Opuntia galapageia Hensl.","Opuntia","galapageia","-90.163898","-0.584091","Ecuador",NA,NA,"50c9509d-22c7-4a22-a47d-8c48425ef4a7",1.78e+13
"Opuntia galapageia Hensl.","Opuntia","galapageia","-90.164905","-0.583327","Ecuador","Isla Plaza Sur",NA,"50c9509d-22c7-4a22-a47d-8c48425ef4a7",1.78e+13
"Opuntia galapageia Hensl.","Opuntia","galapageia","-90.337189","-0.639359","Ecuador","Isla Santa Cruz",NA,"50c9509d-22c7-4a22-a47d-8c48425ef4a7",9.86e+08
"Opuntia galapageia Hensl.","Opuntia","galapageia","-90.826948","-0.167555","Ecuador","Caleta Bucanero",NA,"50c9509d-22c7-4a22-a47d-8c48425ef4a7",1.78e+13
"Opuntia galapageia Hensl.","Opuntia","galapageia","-90.961161","-0.971031","Ecuador","Las Tintoreras",NA,"50c9509d-22c7-4a22-a47d-8c48425ef4a7",1.78e+13
"Opuntia galapageia Hensl.","Opuntia","galapageia","-90.959088","-0.968427","Ecuador","Tintoreras",NA,"50c9509d-22c7-4a22-a47d-8c48425ef4a7",1.78e+13
"Opuntia galapageia Hensl.","Opuntia","galapageia","-90.827249","-0.165207","Ecuador","""Monje""",NA,"50c9509d-22c7-4a22-a47d-8c48425ef4a7",1.78e+13
"Opuntia galapageia Hensl.","Opuntia","galapageia","-91.369409","-0.259229","Ecuador","Isla Isabela",NA,"50c9509d-22c7-4a22-a47d-8c48425ef4a7",1.78e+13
"Opuntia galapageia Hensl.","Opuntia","galapageia","-90.275514","-0.46413","Ecuador","Troncal Insular",NA,"50c9509d-22c7-4a22-a47d-8c48425ef4a7",1.78e+13
"Opuntia galapageia Hensl.","Opuntia","galapageia","-90.303765","-0.742315","Ecuador","Isla Santa Cruz",NA,"50c9509d-22c7-4a22-a47d-8c48425ef4a7",9.86e+08
"Opuntia galapageia Hensl.","Opuntia","galapageia","-90.303765","-0.742315","Ecuador","Isla Santa Cruz",NA,"50c9509d-22c7-4a22-a47d-8c48425ef4a7",9.86e+08
"Opuntia galapageia Hensl.","Opuntia","galapageia","-90.303765","-0.742315","Ecuador","Isla Santa Cruz",NA,"50c9509d-22c7-4a22-a47d-8c48425ef4a7",9.86e+08
"Opuntia galapageia Hensl.","Opuntia","galapageia","-89.350191","-0.834205","Ecuador","Laguna",NA,"50c9509d-22c7-4a22-a47d-8c48425ef4a7",1.78e+13
"Opuntia galapageia Hensl.","Opuntia","galapageia","-90.964147","-0.954457","Ecuador","Isla Isabela",NA,"50c9509d-22c7-4a22-a47d-8c48425ef4a7",1.78e+13
"Opuntia galapageia Hensl.","Opuntia","galapageia","-90.985493","-0.957415","Ecuador","Isla Isabela",NA,"50c9509d-22c7-4a22-a47d-8c48425ef4a7",1.78e+13
"Opuntia galapageia Hensl.","Opuntia","galapageia","-90.312431","-0.754255","Ecuador","Isla Santa Cruz",NA,"50c9509d-22c7-4a22-a47d-8c48425ef4a7",9.86e+08
"Opuntia galapageia Hensl.","Opuntia","galapageia","-90.435484","-0.632727","Ecuador","Isla Santa Cruz",NA,"50c9509d-22c7-4a22-a47d-8c48425ef4a7",9.86e+08
"Opuntia galapageia Hensl.","Opuntia","galapageia","-90.435484","-0.632727","Ecuador","Isla Santa Cruz",NA,"50c9509d-22c7-4a22-a47d-8c48425ef4a7",9.86e+08
"Opuntia galapageia Hensl.","Opuntia","galapageia","-90.313547","-0.74818","Ecuador","Isla Santa Cruz",NA,"50c9509d-22c7-4a22-a47d-8c48425ef4a7",9.86e+08
"Opuntia galapageia Hensl.","Opuntia","galapageia","-90.313547","-0.74818","Ecuador","Isla Santa Cruz",NA,"50c9509d-22c7-4a22-a47d-8c48425ef4a7",9.86e+08
"Opuntia galapageia Hensl.","Opuntia","galapageia","-90.487179","-1.277116","Ecuador","Isla Santa Maria",NA,"50c9509d-22c7-4a22-a47d-8c48425ef4a7",1.78e+13
"Opuntia galapageia Hensl.","Opuntia","galapageia","-90.492849","-1.282087","Ecuador","Isla Santa Maria",NA,"50c9509d-22c7-4a22-a47d-8c48425ef4a7",1.78e+13
"Opuntia galapageia Hensl.","Opuntia","galapageia","-90.492849","-1.282087","Ecuador","Isla Santa Maria",NA,"50c9509d-22c7-4a22-a47d-8c48425ef4a7",1.78e+13
"Opuntia galapageia Hensl.","Opuntia","galapageia","-90.489024","-1.281159","Ecuador","Isla Santa Maria",NA,"50c9509d-22c7-4a22-a47d-8c48425ef4a7",1.78e+13
"Opuntia galapageia Hensl.","Opuntia","galapageia","-90.49189","-1.282707","Ecuador","Isla Santa Maria",NA,"50c9509d-22c7-4a22-a47d-8c48425ef4a7",1.78e+13
"Opuntia galapageia Hensl.","Opuntia","galapageia","-90.49189","-1.282707","Ecuador","Isla Santa Maria",NA,"50c9509d-22c7-4a22-a47d-8c48425ef4a7",1.78e+13
"Opuntia galapageia Hensl.","Opuntia","galapageia","-90.37317","-0.735613","Ecuador","Isla Santa Cruz",NA,"50c9509d-22c7-4a22-a47d-8c48425ef4a7",9.86e+08
"Opuntia galapageia Hensl.","Opuntia","galapageia","-90.37317","-0.735613","Ecuador","Isla Santa Cruz",NA,"50c9509d-22c7-4a22-a47d-8c48425ef4a7",9.86e+08
"Opuntia galapageia Hensl.","Opuntia","galapageia","-90.37317","-0.735613","Ecuador","Isla Santa Cruz",NA,"50c9509d-22c7-4a22-a47d-8c48425ef4a7",9.86e+08
"Opuntia galapageia Hensl.","Opuntia","galapageia","-90.37317","-0.735613","Ecuador","Isla Santa Cruz",NA,"50c9509d-22c7-4a22-a47d-8c48425ef4a7",9.86e+08
"Opuntia galapageia Hensl.","Opuntia","galapageia","-90.37317","-0.735613","Ecuador","Isla Santa Cruz",NA,"50c9509d-22c7-4a22-a47d-8c48425ef4a7",9.86e+08
"Opuntia galapageia Hensl.","Opuntia","galapageia","-90.37317","-0.735613","Ecuador","Isla Santa Cruz",NA,"50c9509d-22c7-4a22-a47d-8c48425ef4a7",9.86e+08
"Opuntia galapageia Hensl.","Opuntia","galapageia","-90.302507","-0.7415","Ecuador","Isla Santa Cruz",NA,"50c9509d-22c7-4a22-a47d-8c48425ef4a7",9.86e+08
"Opuntia galapageia var. profusa E.F.Anderson & Walk.","Opuntia","galapageia","-90.711403","-0.404582","Ecuador","No name (flamingos)",NA,"50c9509d-22c7-4a22-a47d-8c48425ef4a7",1.78e+13
"Opuntia galapageia Hensl.","Opuntia","galapageia","-90.280101","-0.461879","Ecuador","Troncal Insular",NA,"50c9509d-22c7-4a22-a47d-8c48425ef4a7",1.78e+13
"Opuntia galapageia Hensl.","Opuntia","galapageia","-90.341467","-0.493232","Ecuador","Caleta Tortuga Negra",NA,"50c9509d-22c7-4a22-a47d-8c48425ef4a7",1.78e+13
"Opuntia galapageia Hensl.","Opuntia","galapageia","-89.610093","-0.900267","Ecuador","Isla San Cristobal",NA,"50c9509d-22c7-4a22-a47d-8c48425ef4a7",5.58e+08
"Opuntia galapageia Hensl.","Opuntia","galapageia","-89.609459","-0.899585","Ecuador","Isla San Cristobal",NA,"50c9509d-22c7-4a22-a47d-8c48425ef4a7",5.58e+08
"Opuntia galapageia Hensl.","Opuntia","galapageia","-89.551929","-0.94897","Ecuador","Isla San Cristobal",NA,"50c9509d-22c7-4a22-a47d-8c48425ef4a7",5.58e+08
"Opuntia galapageia Hensl.","Opuntia","galapageia","-89.609606","-0.888348","Ecuador","Naval Cannon",NA,"50c9509d-22c7-4a22-a47d-8c48425ef4a7",1.78e+13
"Opuntia galapageia Hensl.","Opuntia","galapageia","-90.283598","-0.392598","Ecuador","Isla Seymour Norte",NA,"50c9509d-22c7-4a22-a47d-8c48425ef4a7",1875000
"Opuntia galapageia Hensl.","Opuntia","galapageia","-89.610222","-0.889719","Ecuador","Naval Cannon",NA,"50c9509d-22c7-4a22-a47d-8c48425ef4a7",1.78e+13
"Opuntia galapageia Hensl.","Opuntia","galapageia","-89.61432","-0.924345","Ecuador","Isla San Cristobal",NA,"50c9509d-22c7-4a22-a47d-8c48425ef4a7",5.58e+08
"Opuntia galapageia Hensl.","Opuntia","galapageia","-90.31105","-0.754602","Ecuador","Isla Santa Cruz",NA,"50c9509d-22c7-4a22-a47d-8c48425ef4a7",9.86e+08
"Opuntia galapageia Hensl.","Opuntia","galapageia","-90.304956","-0.742179","Ecuador","Isla Santa Cruz",NA,"50c9509d-22c7-4a22-a47d-8c48425ef4a7",9.86e+08
"Opuntia galapageia Hensl.","Opuntia","galapageia","-91.100272","-0.783881","Ecuador","Isla Isabela",NA,"50c9509d-22c7-4a22-a47d-8c48425ef4a7",1.78e+13
"Opuntia galapageia Hensl.","Opuntia","galapageia","-90.987208","-0.958164","Ecuador","Isla Isabela",NA,"50c9509d-22c7-4a22-a47d-8c48425ef4a7",1.78e+13
"Opuntia galapageia Hensl.","Opuntia","galapageia","-90.330448","-0.758807","Ecuador","Isla Santa Cruz",NA,"50c9509d-22c7-4a22-a47d-8c48425ef4a7",9.86e+08
"Opuntia galapageia Hensl.","Opuntia","galapageia","-90.308842","-0.742151","Ecuador","Isla Santa Cruz",NA,"50c9509d-22c7-4a22-a47d-8c48425ef4a7",9.86e+08
"Opuntia galapageia Hensl.","Opuntia","galapageia","-90.315456","-0.757188","Ecuador","Isla Santa Cruz",NA,"50c9509d-22c7-4a22-a47d-8c48425ef4a7",9.86e+08
"Opuntia galapageia Hensl.","Opuntia","galapageia","-91.022089","-0.696202","Ecuador","Isla Isabela",NA,"50c9509d-22c7-4a22-a47d-8c48425ef4a7",1.78e+13
"Opuntia galapageia Hensl.","Opuntia","galapageia","-90.351273","-0.614388","Ecuador","Isla Santa Cruz",NA,"50c9509d-22c7-4a22-a47d-8c48425ef4a7",9.86e+08
"Opuntia galapageia Hensl.","Opuntia","galapageia","-89.672217","-1.375842","Ecuador","Isla Espanola",NA,"50c9509d-22c7-4a22-a47d-8c48425ef4a7",6e+07
"Opuntia galapageia Hensl.","Opuntia","galapageia","-90.3033","-0.741053","Ecuador","Isla Santa Cruz",NA,"50c9509d-22c7-4a22-a47d-8c48425ef4a7",9.86e+08
"Opuntia galapageia Hensl.","Opuntia","galapageia","-90.315521","-0.75698","Ecuador","Isla Santa Cruz",NA,"50c9509d-22c7-4a22-a47d-8c48425ef4a7",9.86e+08
"Opuntia galapageia Hensl.","Opuntia","galapageia","-90.315689","-0.743292","Ecuador","Isla Santa Cruz",NA,"50c9509d-22c7-4a22-a47d-8c48425ef4a7",9.86e+08
"Opuntia galapageia Hensl.","Opuntia","galapageia","-89.958012","0.323081","Ecuador","Isla Genovesa",NA,"50c9509d-22c7-4a22-a47d-8c48425ef4a7",1.78e+13
"Opuntia galapageia Hensl.","Opuntia","galapageia","-90.431373","-1.308331","Ecuador","Isla Santa Maria",NA,"50c9509d-22c7-4a22-a47d-8c48425ef4a7",1.78e+13
"Opuntia galapageia Hensl.","Opuntia","megasperma","-89.4167","-0.8083","Ecuador","Isla San Cristobal",NA,"211ace54-dcc2-4243-ad2b-a76f63494cc9",5.58e+08
"Opuntia galapageia Hensl.","Opuntia","megasperma","-89.675","-1.375","Ecuador","Isla Espanola",NA,"211ace54-dcc2-4243-ad2b-a76f63494cc9",6e+07
"Opuntia galapageia Hensl.","Opuntia","galapageia","-91.013211","-0.967627","Ecuador","Isla Isabela",NA,"50c9509d-22c7-4a22-a47d-8c48425ef4a7",1.78e+13
"Opuntia galapageia Hensl.","Opuntia","galapageia","-90.164909","-0.582983","Ecuador","Isla Plaza Sur",NA,"50c9509d-22c7-4a22-a47d-8c48425ef4a7",1.78e+13
"Opuntia galapageia Hensl.","Opuntia","galapageia","-89.430122","-0.923568","Ecuador","Isla San Cristobal",NA,"50c9509d-22c7-4a22-a47d-8c48425ef4a7",5.58e+08
"Opuntia galapageia Hensl.","Opuntia","galapageia","-90.336996","-0.734603","Ecuador","Isla Santa Cruz",NA,"50c9509d-22c7-4a22-a47d-8c48425ef4a7",9.86e+08
"Opuntia galapageia Hensl.","Opuntia","galapageia","-90.336996","-0.734603","Ecuador","Isla Santa Cruz",NA,"50c9509d-22c7-4a22-a47d-8c48425ef4a7",9.86e+08
"Opuntia galapageia Hensl.","Opuntia","galapageia","-90.336996","-0.734603","Ecuador","Isla Santa Cruz",NA,"50c9509d-22c7-4a22-a47d-8c48425ef4a7",9.86e+08
"Opuntia galapageia Hensl.","Opuntia","galapageia","-90.287562","-0.709902","Ecuador","Isla Santa Cruz",NA,"50c9509d-22c7-4a22-a47d-8c48425ef4a7",9.86e+08
"Opuntia galapageia Hensl.","Opuntia","galapageia","-90.287562","-0.709902","Ecuador","Isla Santa Cruz",NA,"50c9509d-22c7-4a22-a47d-8c48425ef4a7",9.86e+08
"Opuntia galapageia Hensl.","Opuntia","galapageia","-90.880698","-0.75143","Ecuador","Isla Isabela",NA,"50c9509d-22c7-4a22-a47d-8c48425ef4a7",1.78e+13
"Opuntia galapageia Hensl.","Opuntia","galapageia","-90.268289","-0.695372","Ecuador","Isla Santa Cruz",NA,"50c9509d-22c7-4a22-a47d-8c48425ef4a7",9.86e+08
"Opuntia galapageia Hensl.","Opuntia","galapageia","-90.386019","-1.237946","Ecuador","Isla Campeón",NA,"50c9509d-22c7-4a22-a47d-8c48425ef4a7",62500
"Opuntia galapageia Hensl.","Opuntia","galapageia","-90.305096","-0.74205","Ecuador","Isla Santa Cruz",NA,"50c9509d-22c7-4a22-a47d-8c48425ef4a7",9.86e+08
"Opuntia galapageia Hensl.","Opuntia","galapageia","-90.286369","-0.399116","Ecuador","Isla North Seymore",NA,"50c9509d-22c7-4a22-a47d-8c48425ef4a7",1.78e+13
"Opuntia galapageia Hensl.","Opuntia","galapageia","-90.98896","-0.958644","Ecuador","Isla Isabela",NA,"50c9509d-22c7-4a22-a47d-8c48425ef4a7",1.78e+13
"Opuntia galapageia Hensl.","Opuntia","galapageia","-90.277562","-0.483241","Ecuador",NA,NA,"50c9509d-22c7-4a22-a47d-8c48425ef4a7",1.78e+13
"Opuntia galapageia Hensl.","Opuntia","galapageia","-90.304741","-0.741992","Ecuador","Isla Santa Cruz",NA,"50c9509d-22c7-4a22-a47d-8c48425ef4a7",9.86e+08
"Opuntia galapageia Hensl.","Opuntia","galapageia","-90.275","-0.445","Ecuador","Vía Aeropuerto",NA,"50c9509d-22c7-4a22-a47d-8c48425ef4a7",1.78e+13
"Opuntia galapageia Hensl.","Opuntia","galapageia","-90.272891","-0.446244","Ecuador","Isla Baltra",NA,"50c9509d-22c7-4a22-a47d-8c48425ef4a7",1.78e+13
"Opuntia galapageia Hensl.","Opuntia","galapageia","-90.276733","-0.481231","Ecuador",NA,NA,"50c9509d-22c7-4a22-a47d-8c48425ef4a7",1.78e+13
"Opuntia galapageia Hensl.","Opuntia","galapageia","-90.277679","-0.483423","Ecuador",NA,NA,"50c9509d-22c7-4a22-a47d-8c48425ef4a7",1.78e+13
"Opuntia galapageia Hensl.","Opuntia","galapageia","-90.305556","-0.742222","Ecuador","Isla Santa Cruz",NA,"50c9509d-22c7-4a22-a47d-8c48425ef4a7",9.86e+08
"Opuntia galapageia Hensl.","Opuntia","galapageia","-90.3025","-0.740833","Ecuador","Isla Santa Cruz",NA,"50c9509d-22c7-4a22-a47d-8c48425ef4a7",9.86e+08
"Opuntia galapageia Hensl.","Opuntia","galapageia","-90.314527","-0.757748","Ecuador","Las Grietas",NA,"50c9509d-22c7-4a22-a47d-8c48425ef4a7",1.78e+13
"Opuntia galapageia Hensl.","Opuntia","galapageia","-90.313889","-0.755278","Ecuador","Isla Santa Cruz",NA,"50c9509d-22c7-4a22-a47d-8c48425ef4a7",9.86e+08
"Opuntia galapageia Hensl.","Opuntia","galapageia","-90.314444","-0.755556","Ecuador","Isla Santa Cruz",NA,"50c9509d-22c7-4a22-a47d-8c48425ef4a7",9.86e+08
"Opuntia galapageia Hensl.","Opuntia","galapageia","-90.314167","-0.757778","Ecuador","Las Grietas",NA,"50c9509d-22c7-4a22-a47d-8c48425ef4a7",1.78e+13
"Opuntia galapageia Hensl.","Opuntia","galapageia","-90.313889","-0.758056","Ecuador","Las Grietas",NA,"50c9509d-22c7-4a22-a47d-8c48425ef4a7",1.78e+13
"Opuntia galapageia Hensl.","Opuntia","galapageia","-90.314444","-0.755833","Ecuador","Isla Santa Cruz",NA,"50c9509d-22c7-4a22-a47d-8c48425ef4a7",9.86e+08
"Opuntia galapageia Hensl.","Opuntia","galapageia","-90.306995","-0.760165","Ecuador","Grieta de las Tintoreras",NA,"50c9509d-22c7-4a22-a47d-8c48425ef4a7",1.78e+13
"Opuntia galapageia Hensl.","Opuntia","galapageia","-90.311669","-0.745226","Ecuador","Isla Santa Cruz",NA,"50c9509d-22c7-4a22-a47d-8c48425ef4a7",9.86e+08
"Opuntia galapageia Hensl.","Opuntia","galapageia","-90.326111","-0.753889","Ecuador","Isla Santa Cruz",NA,"50c9509d-22c7-4a22-a47d-8c48425ef4a7",9.86e+08
"Opuntia galapageia Hensl.","Opuntia","galapageia","-90.329167","-0.756944","Ecuador","Isla Santa Cruz",NA,"50c9509d-22c7-4a22-a47d-8c48425ef4a7",9.86e+08
"Opuntia galapageia Hensl.","Opuntia","galapageia","-90.333056","-0.760556","Ecuador","Isla Santa Cruz",NA,"50c9509d-22c7-4a22-a47d-8c48425ef4a7",9.86e+08
"Opuntia galapageia Hensl.","Opuntia","galapageia","-90.340556","-0.764444","Ecuador","Isla Santa Cruz",NA,"50c9509d-22c7-4a22-a47d-8c48425ef4a7",9.86e+08
"Opuntia galapageia Hensl.","Opuntia","galapageia","-90.286821","-0.746039","Ecuador","Isla Santa Cruz",NA,"50c9509d-22c7-4a22-a47d-8c48425ef4a7",9.86e+08
"Opuntia galapageia Hensl.","Opuntia","galapageia","-90.329905","-0.757833","Ecuador","Isla Santa Cruz",NA,"50c9509d-22c7-4a22-a47d-8c48425ef4a7",9.86e+08
"Opuntia galapageia Hensl.","Opuntia","galapageia","-90.275318","-0.479636","Ecuador",NA,NA,"50c9509d-22c7-4a22-a47d-8c48425ef4a7",1.78e+13
"Opuntia galapageia Hensl.","Opuntia","galapageia","-90.715275","-0.261984","Ecuador","Isla San Salvador",NA,"50c9509d-22c7-4a22-a47d-8c48425ef4a7",1.78e+13
"Opuntia galapageia Hensl.","Opuntia","galapageia","-90.715275","-0.261984","Ecuador","Isla San Salvador",NA,"50c9509d-22c7-4a22-a47d-8c48425ef4a7",1.78e+13
"Opuntia galapageia Hensl.","Opuntia","galapageia","-90.316931","-0.74452","Ecuador","Isla Santa Cruz",NA,"50c9509d-22c7-4a22-a47d-8c48425ef4a7",9.86e+08
"Opuntia galapageia var. helleri (K.Schum. ex B.L.Rob.) Backeb.","Opuntia","helleri","-89.948939","0.318613","Ecuador","Playa Darwin",NA,"50c9509d-22c7-4a22-a47d-8c48425ef4a7",1.78e+13
"Opuntia galapageia Hensl.","Opuntia","galapageia","-91.008614","-0.964661","Ecuador","Isla Isabela",NA,"50c9509d-22c7-4a22-a47d-8c48425ef4a7",1.78e+13
"Opuntia galapageia Hensl.","Opuntia","galapageia","-90.972878","-0.9494","Ecuador","Isla Isabela",NA,"50c9509d-22c7-4a22-a47d-8c48425ef4a7",1.78e+13
"Opuntia galapageia Hensl.","Opuntia","galapageia","-90.302667","-0.740839","Ecuador","Isla Santa Cruz",NA,"50c9509d-22c7-4a22-a47d-8c48425ef4a7",9.86e+08
"Opuntia galapageia Hensl.","Opuntia","galapageia","-90.706444","-0.400331","Ecuador","No name (flamingos)",NA,"50c9509d-22c7-4a22-a47d-8c48425ef4a7",1.78e+13
"Opuntia galapageia Hensl.","Opuntia","galapageia","-90.302567","-0.740806","Ecuador","Isla Santa Cruz",NA,"50c9509d-22c7-4a22-a47d-8c48425ef4a7",9.86e+08
"Opuntia galapageia Hensl.","Opuntia","galapageia","-90.165283","-0.583719","Ecuador","Isla Plaza Sur",NA,"50c9509d-22c7-4a22-a47d-8c48425ef4a7",1.78e+13
"Opuntia galapageia Hensl.","Opuntia","galapageia","-90.163239","-0.583736","Ecuador",NA,NA,"50c9509d-22c7-4a22-a47d-8c48425ef4a7",1.78e+13
"Opuntia galapageia Hensl.","Opuntia","galapageia","-89.949897","0.318692","Ecuador","Playa Darwin",NA,"50c9509d-22c7-4a22-a47d-8c48425ef4a7",1.78e+13
"Opuntia galapageia Hensl.","Opuntia","galapageia","-90.340673","-0.764319","Ecuador","Isla Santa Cruz",NA,"50c9509d-22c7-4a22-a47d-8c48425ef4a7",9.86e+08
"Opuntia galapageia Hensl.","Opuntia","galapageia","-90.738567","-0.248749","Ecuador","Isla San Salvador",NA,"50c9509d-22c7-4a22-a47d-8c48425ef4a7",1.78e+13
"Opuntia galapageia Hensl.","Opuntia","galapageia","-90.363094","-0.507731","Ecuador","Isla Santa Cruz",NA,"50c9509d-22c7-4a22-a47d-8c48425ef4a7",9.86e+08
"Opuntia galapageia Hensl.","Opuntia","galapageia","-90.36275","-0.505658","Ecuador","Isla Santa Cruz",NA,"50c9509d-22c7-4a22-a47d-8c48425ef4a7",9.86e+08
"Opuntia galapageia Hensl.","Opuntia","galapageia","-90.340825","-0.765133","Ecuador","Isla Santa Cruz",NA,"50c9509d-22c7-4a22-a47d-8c48425ef4a7",9.86e+08
"Opuntia galapageia var. barringtonensis (E.Y.Dawson) Backeb.","Opuntia","echios","-90.0583","-0.8167","Ecuador","Isla Santa Fe",NA,"211ace54-dcc2-4243-ad2b-a76f63494cc9",1.78e+13
"Opuntia galapageia Hensl.","Opuntia","galapageia","-90.311312","-0.744738","Ecuador","Isla Santa Cruz",NA,"50c9509d-22c7-4a22-a47d-8c48425ef4a7",9.86e+08
"Opuntia galapageia Hensl.","Opuntia","galapageia","-90.324993","-0.752418","Ecuador","Isla Santa Cruz",NA,"50c9509d-22c7-4a22-a47d-8c48425ef4a7",9.86e+08
"Opuntia galapageia Hensl.","Opuntia","galapageia","-90.706292","-0.401172","Ecuador","No name (flamingos)",NA,"50c9509d-22c7-4a22-a47d-8c48425ef4a7",1.78e+13
"Opuntia galapageia Hensl.","Opuntia","galapageia","-90.337189","-0.639359","Ecuador","Isla Santa Cruz",NA,"50c9509d-22c7-4a22-a47d-8c48425ef4a7",9.86e+08
"Opuntia galapageia Hensl.","Opuntia","galapageia","-90.965602","-0.953769","Ecuador","Isla Isabela",NA,"50c9509d-22c7-4a22-a47d-8c48425ef4a7",1.78e+13
"Opuntia galapageia Hensl.","Opuntia","galapageia","-90.3439","-0.4941","Ecuador","Playa Las Bachas",NA,"50c9509d-22c7-4a22-a47d-8c48425ef4a7",1.78e+13
"Opuntia galapageia Hensl.","Opuntia","galapageia","-90.706309","-0.401212","Ecuador","No name (flamingos)",NA,"50c9509d-22c7-4a22-a47d-8c48425ef4a7",1.78e+13
"Opuntia galapageia Hensl.","Opuntia","galapageia","-90.7063","-0.4012","Ecuador","No name (flamingos)",NA,"50c9509d-22c7-4a22-a47d-8c48425ef4a7",1.78e+13
"Opuntia galapageia Hensl.","Opuntia","galapageia","-89.477528","-0.931355","Ecuador","Isla San Cristobal",NA,"50c9509d-22c7-4a22-a47d-8c48425ef4a7",5.58e+08
"Opuntia galapageia Hensl.","Opuntia","galapageia","-90.996815","-0.954619","Ecuador","Isla Isabela",NA,"50c9509d-22c7-4a22-a47d-8c48425ef4a7",1.78e+13
"Opuntia galapageia Hensl.","Opuntia","galapageia","-90.708926","-0.413254","Ecuador","Isla Rábida",NA,"50c9509d-22c7-4a22-a47d-8c48425ef4a7",1.78e+13
"Opuntia galapageia Hensl.","Opuntia","galapageia","-90.324592","-0.751789","Ecuador","Isla Santa Cruz",NA,"50c9509d-22c7-4a22-a47d-8c48425ef4a7",9.86e+08
"Opuntia galapageia Hensl.","Opuntia","galapageia","-90.340589","-0.743586","Ecuador","Isla Santa Cruz",NA,"50c9509d-22c7-4a22-a47d-8c48425ef4a7",9.86e+08
"Opuntia galapageia Hensl.","Opuntia","galapageia","-91.135302","-0.829237","Ecuador","Isla Isabela",NA,"50c9509d-22c7-4a22-a47d-8c48425ef4a7",1.78e+13
"Opuntia galapageia Hensl.","Opuntia","galapageia","-90.284444","-0.394722","Ecuador","Isla Seymour Norte",NA,"50c9509d-22c7-4a22-a47d-8c48425ef4a7",1875000
"Opuntia galapageia Hensl.","Opuntia","galapageia","-90.337189","-0.639359","Ecuador","Isla Santa Cruz",NA,"50c9509d-22c7-4a22-a47d-8c48425ef4a7",9.86e+08
"Opuntia galapageia Hensl.","Opuntia","galapageia","-90.337189","-0.639359","Ecuador","Isla Santa Cruz",NA,"50c9509d-22c7-4a22-a47d-8c48425ef4a7",9.86e+08
"Opuntia galapageia Hensl.","Opuntia","galapageia","-90.314006","-0.757986","Ecuador","Las Grietas",NA,"50c9509d-22c7-4a22-a47d-8c48425ef4a7",1.78e+13
"Opuntia galapageia Hensl.","Opuntia","galapageia","-90.291212","-0.398973","Ecuador","Isla North Seymore",NA,"50c9509d-22c7-4a22-a47d-8c48425ef4a7",1.78e+13
"Opuntia galapageia Hensl.","Opuntia","galapageia","-91.166873","-1.047014","Ecuador","Los Tuneles",NA,"50c9509d-22c7-4a22-a47d-8c48425ef4a7",1.78e+13
"Opuntia galapageia Hensl.","Opuntia","galapageia","-90.221325","-0.69445","Ecuador","Playa El Garrapatero",NA,"50c9509d-22c7-4a22-a47d-8c48425ef4a7",1.78e+13
"Opuntia galapageia Hensl.","Opuntia","galapageia","-90.164814","-0.582744","Ecuador","Isla Plaza Sur",NA,"50c9509d-22c7-4a22-a47d-8c48425ef4a7",1.78e+13
"Opuntia galapageia Hensl.","Opuntia","galapageia","-89.609646","-0.89392","Ecuador","Isla San Cristobal",NA,"50c9509d-22c7-4a22-a47d-8c48425ef4a7",5.58e+08
"Opuntia galapageia Hensl.","Opuntia","galapageia","-89.430146","-0.923662","Ecuador","Isla San Cristobal",NA,"50c9509d-22c7-4a22-a47d-8c48425ef4a7",5.58e+08
"Opuntia galapageia Hensl.","Opuntia","galapageia","-89.429195","-0.925523","Ecuador","Isla San Cristobal",NA,"50c9509d-22c7-4a22-a47d-8c48425ef4a7",5.58e+08
"Opuntia galapageia Hensl.","Opuntia","galapageia","-90.407656","-0.520161","Ecuador","Isla Santa Cruz",NA,"50c9509d-22c7-4a22-a47d-8c48425ef4a7",9.86e+08
"Opuntia galapageia Hensl.","Opuntia","galapageia","-90.407656","-0.520161","Ecuador","Isla Santa Cruz",NA,"50c9509d-22c7-4a22-a47d-8c48425ef4a7",9.86e+08
"Opuntia galapageia Hensl.","Opuntia","galapageia","-89.950866","0.303204","Ecuador","Prince Philip's Steps",NA,"50c9509d-22c7-4a22-a47d-8c48425ef4a7",1.78e+13
"Opuntia galapageia Hensl.","Opuntia","galapageia","-90.337189","-0.639359","Ecuador","Isla Santa Cruz",NA,"50c9509d-22c7-4a22-a47d-8c48425ef4a7",9.86e+08
"Opuntia galapageia Hensl.","Opuntia","galapageia","-90.304927","-0.738924","Ecuador","Isla Santa Cruz",NA,"50c9509d-22c7-4a22-a47d-8c48425ef4a7",9.86e+08
"Opuntia galapageia Hensl.","Opuntia","galapageia","-90.565587","-0.286805","Ecuador","Isla San Salvador",NA,"50c9509d-22c7-4a22-a47d-8c48425ef4a7",1.78e+13
"Opuntia galapageia Hensl.","Opuntia","galapageia","-89.948271","0.302758","Ecuador","Prince Philip's Steps",NA,"50c9509d-22c7-4a22-a47d-8c48425ef4a7",1.78e+13
"Opuntia galapageia Hensl.","Opuntia","galapageia","-90.487636","-0.527344","Ecuador","Sendero Cerro Dragón",NA,"50c9509d-22c7-4a22-a47d-8c48425ef4a7",1.78e+13
"Opuntia galapageia Hensl.","Opuntia","galapageia","-89.9545","0.318022","Ecuador","Playa Darwin",NA,"50c9509d-22c7-4a22-a47d-8c48425ef4a7",1.78e+13
"Opuntia galapageia Hensl.","Opuntia","galapageia","-90.164969","-0.582582","Ecuador","Isla Plaza Sur",NA,"50c9509d-22c7-4a22-a47d-8c48425ef4a7",1.78e+13
"Opuntia galapageia Hensl.","Opuntia","galapageia","-90.163738","-0.583866","Ecuador",NA,NA,"50c9509d-22c7-4a22-a47d-8c48425ef4a7",1.78e+13
"Opuntia galapageia Hensl.","Opuntia","galapageia","-90.339397","-0.573349","Ecuador","Isla Santa Cruz",NA,"50c9509d-22c7-4a22-a47d-8c48425ef4a7",9.86e+08
"Opuntia galapageia Hensl.","Opuntia","galapageia","-91.168486","-0.994721","Ecuador","Isla Isabela",NA,"50c9509d-22c7-4a22-a47d-8c48425ef4a7",1.78e+13
"Opuntia galapageia Hensl.","Opuntia","galapageia","-90.963911","-0.954176","Ecuador","Isla Isabela",NA,"50c9509d-22c7-4a22-a47d-8c48425ef4a7",1.78e+13
"Opuntia galapageia Hensl.","Opuntia","galapageia","-90.964211","-0.954476","Ecuador","Isla Isabela",NA,"50c9509d-22c7-4a22-a47d-8c48425ef4a7",1.78e+13
"Opuntia galapageia Hensl.","Opuntia","galapageia","-90.28806","-0.399206","Ecuador","Isla North Seymore",NA,"50c9509d-22c7-4a22-a47d-8c48425ef4a7",1.78e+13
"Opuntia galapageia Hensl.","Opuntia","galapageia","-90.308685","-0.741779","Ecuador","Isla Santa Cruz",NA,"50c9509d-22c7-4a22-a47d-8c48425ef4a7",9.86e+08
"Opuntia galapageia var. profusa E.F.Anderson & Walk.","Opuntia","galapageia","-90.710527","-0.417199","Ecuador","Isla Rábida",NA,"50c9509d-22c7-4a22-a47d-8c48425ef4a7",1.78e+13
"Opuntia galapageia Hensl.","Opuntia","galapageia","-90.053489","-0.819877","Ecuador","Isla Santa Fe",NA,"50c9509d-22c7-4a22-a47d-8c48425ef4a7",1.78e+13
"Opuntia galapageia Hensl.","Opuntia","galapageia","-90.30398","-0.742302","Ecuador","Isla Santa Cruz",NA,"50c9509d-22c7-4a22-a47d-8c48425ef4a7",9.86e+08
"Opuntia galapageia Hensl.","Opuntia","galapageia","-90.961153","-0.951623","Ecuador","Isla Isabela",NA,"50c9509d-22c7-4a22-a47d-8c48425ef4a7",1.78e+13
"Opuntia galapageia Hensl.","Opuntia","galapageia","-90.321354","-0.753247","Ecuador","Isla Santa Cruz",NA,"50c9509d-22c7-4a22-a47d-8c48425ef4a7",9.86e+08
"Opuntia galapageia Hensl.","Opuntia","galapageia","-89.556838","-0.908021","Ecuador","Isla San Cristobal",NA,"50c9509d-22c7-4a22-a47d-8c48425ef4a7",5.58e+08
"Opuntia galapageia Hensl.","Opuntia","galapageia","-91.371255","-0.262","Ecuador","Isla Isabela",NA,"50c9509d-22c7-4a22-a47d-8c48425ef4a7",1.78e+13
"Opuntia galapageia Hensl.","Opuntia","galapageia","-90.857918","-0.240412","Ecuador","Fábrica de sal",NA,"50c9509d-22c7-4a22-a47d-8c48425ef4a7",1.78e+13
"Opuntia galapageia Hensl.","Opuntia","galapageia","-90.326335","-0.753916","Ecuador","Isla Santa Cruz",NA,"50c9509d-22c7-4a22-a47d-8c48425ef4a7",9.86e+08
"Opuntia galapageia Hensl.","Opuntia","galapageia","-90.322302","-0.74786","Ecuador","Isla Santa Cruz",NA,"50c9509d-22c7-4a22-a47d-8c48425ef4a7",9.86e+08
"Opuntia galapageia Hensl.","Opuntia","galapageia","-90.312796","-0.7479","Ecuador","Isla Santa Cruz",NA,"50c9509d-22c7-4a22-a47d-8c48425ef4a7",9.86e+08
"Opuntia galapageia Hensl.","Opuntia","galapageia","-90.322053","-0.749063","Ecuador","Isla Santa Cruz",NA,"50c9509d-22c7-4a22-a47d-8c48425ef4a7",9.86e+08
"Opuntia galapageia Hensl.","Opuntia","galapageia","-90.385232","-1.23613","Ecuador","Isla Campeón",NA,"50c9509d-22c7-4a22-a47d-8c48425ef4a7",62500
"Opuntia galapageia var. insularis (A.Stewart) Backeb.","Opuntia","insularis","-91.3412","0.0192","Ecuador","Isla Isabela",NA,"211ace54-dcc2-4243-ad2b-a76f63494cc9",1.78e+13
"Opuntia galapageia Hensl.","Opuntia","galapageia","-90.317045","-0.746982","Ecuador","Isla Santa Cruz",NA,"50c9509d-22c7-4a22-a47d-8c48425ef4a7",9.86e+08
"Opuntia galapageia Hensl.","Opuntia","galapageia","-90.53703","-0.559955","Ecuador","Isla Edén",NA,"50c9509d-22c7-4a22-a47d-8c48425ef4a7",250000
"Opuntia galapageia Hensl.","Opuntia","galapageia","-90.530479","-0.562128","Ecuador","Isla Edén",NA,"50c9509d-22c7-4a22-a47d-8c48425ef4a7",250000
"Opuntia galapageia Hensl.","Opuntia","galapageia","-90.857918","-0.240412","Ecuador","Fábrica de sal",NA,"50c9509d-22c7-4a22-a47d-8c48425ef4a7",1.78e+13
"Opuntia galapageia Hensl.","Opuntia","galapageia","-90.857918","-0.240412","Ecuador","Fábrica de sal",NA,"50c9509d-22c7-4a22-a47d-8c48425ef4a7",1.78e+13
"Opuntia galapageia Hensl.","Opuntia","galapageia","-90.982067","-0.829278","Ecuador","Isla Isabela",NA,"50c9509d-22c7-4a22-a47d-8c48425ef4a7",1.78e+13
"Opuntia galapageia Hensl.","Opuntia","galapageia","-90.339872","-0.50192","Ecuador","Isla Santa Cruz",NA,"50c9509d-22c7-4a22-a47d-8c48425ef4a7",9.86e+08
"Opuntia galapageia var. insularis (A.Stewart) Backeb.","Opuntia","insularis","-91.351055","0.044222","Ecuador","Isla Isabela",NA,"211ace54-dcc2-4243-ad2b-a76f63494cc9",1.78e+13
"Opuntia galapageia var. insularis (A.Stewart) Backeb.","Opuntia","insularis","-91.353972","0.034388","Ecuador","Isla Isabela",NA,"211ace54-dcc2-4243-ad2b-a76f63494cc9",1.78e+13
"Opuntia galapageia var. insularis (A.Stewart) Backeb.","Opuntia","insularis","-91.359777","0.031444","Ecuador","Isla Isabela",NA,"211ace54-dcc2-4243-ad2b-a76f63494cc9",1.78e+13
"Opuntia galapageia var. insularis (A.Stewart) Backeb.","Opuntia","insularis","-91.35225","0.048166","Ecuador","Isla Isabela",NA,"211ace54-dcc2-4243-ad2b-a76f63494cc9",1.78e+13
"Opuntia galapageia var. insularis (A.Stewart) Backeb.","Opuntia","insularis","-91.35145","0.046152","Ecuador","Isla Isabela",NA,"211ace54-dcc2-4243-ad2b-a76f63494cc9",1.78e+13
"Opuntia galapageia var. insularis (A.Stewart) Backeb.","Opuntia","insularis","-91.35145","0.046152","Ecuador","Isla Isabela",NA,"211ace54-dcc2-4243-ad2b-a76f63494cc9",1.78e+13
"Opuntia galapageia var. insularis (A.Stewart) Backeb.","Opuntia","insularis","-91.35145","0.046152","Ecuador","Isla Isabela",NA,"211ace54-dcc2-4243-ad2b-a76f63494cc9",1.78e+13
"Opuntia galapageia var. insularis (A.Stewart) Backeb.","Opuntia","insularis","-91.35145","0.046152","Ecuador","Isla Isabela",NA,"211ace54-dcc2-4243-ad2b-a76f63494cc9",1.78e+13
"Opuntia galapageia var. insularis (A.Stewart) Backeb.","Opuntia","insularis","-91.35145","0.046152","Ecuador","Isla Isabela",NA,"211ace54-dcc2-4243-ad2b-a76f63494cc9",1.78e+13
"Opuntia galapageia var. insularis (A.Stewart) Backeb.","Opuntia","insularis","-91.35145","0.046152","Ecuador","Isla Isabela",NA,"211ace54-dcc2-4243-ad2b-a76f63494cc9",1.78e+13
"Opuntia galapageia var. insularis (A.Stewart) Backeb.","Opuntia","insularis","-91.35145","0.046152","Ecuador","Isla Isabela",NA,"211ace54-dcc2-4243-ad2b-a76f63494cc9",1.78e+13
"Opuntia galapageia var. insularis (A.Stewart) Backeb.","Opuntia","insularis","-91.35145","0.046152","Ecuador","Isla Isabela",NA,"211ace54-dcc2-4243-ad2b-a76f63494cc9",1.78e+13
"Opuntia galapageia var. insularis (A.Stewart) Backeb.","Opuntia","insularis","-91.35145","0.046152","Ecuador","Isla Isabela",NA,"211ace54-dcc2-4243-ad2b-a76f63494cc9",1.78e+13
"Opuntia galapageia var. insularis (A.Stewart) Backeb.","Opuntia","insularis","-91.35145","0.046152","Ecuador","Isla Isabela",NA,"211ace54-dcc2-4243-ad2b-a76f63494cc9",1.78e+13
"Opuntia galapageia var. insularis (A.Stewart) Backeb.","Opuntia","insularis","-91.35145","0.046152","Ecuador","Isla Isabela",NA,"211ace54-dcc2-4243-ad2b-a76f63494cc9",1.78e+13
"Opuntia galapageia var. insularis (A.Stewart) Backeb.","Opuntia","insularis","-91.35145","0.046152","Ecuador","Isla Isabela",NA,"211ace54-dcc2-4243-ad2b-a76f63494cc9",1.78e+13
"Opuntia galapageia var. insularis (A.Stewart) Backeb.","Opuntia","insularis","-91.35145","0.046152","Ecuador","Isla Isabela",NA,"211ace54-dcc2-4243-ad2b-a76f63494cc9",1.78e+13
"Opuntia galapageia var. insularis (A.Stewart) Backeb.","Opuntia","insularis","-91.35145","0.046152","Ecuador","Isla Isabela",NA,"211ace54-dcc2-4243-ad2b-a76f63494cc9",1.78e+13
"Opuntia galapageia var. insularis (A.Stewart) Backeb.","Opuntia","insularis","-91.35145","0.046152","Ecuador","Isla Isabela",NA,"211ace54-dcc2-4243-ad2b-a76f63494cc9",1.78e+13
"Opuntia galapageia var. insularis (A.Stewart) Backeb.","Opuntia","insularis","-91.35145","0.046152","Ecuador","Isla Isabela",NA,"211ace54-dcc2-4243-ad2b-a76f63494cc9",1.78e+13
"Opuntia galapageia Hensl.","Opuntia","galapageia","-90.303503","-0.742194","Ecuador","Isla Santa Cruz",NA,"50c9509d-22c7-4a22-a47d-8c48425ef4a7",9.86e+08
"Opuntia galapageia Hensl.","Opuntia","galapageia","-90.306231","-0.741766","Ecuador","Isla Santa Cruz",NA,"50c9509d-22c7-4a22-a47d-8c48425ef4a7",9.86e+08
"Opuntia galapageia Hensl.","Opuntia","galapageia","-90.220778","-0.694271","Ecuador","Playa El Garrapatero",NA,"50c9509d-22c7-4a22-a47d-8c48425ef4a7",1.78e+13
"Opuntia galapageia Hensl.","Opuntia","galapageia","-90.314629","-0.756071","Ecuador","Isla Santa Cruz",NA,"50c9509d-22c7-4a22-a47d-8c48425ef4a7",9.86e+08
"Opuntia galapageia var. insularis (A.Stewart) Backeb.","Opuntia","insularis","-91.35145","0.046152","Ecuador","Isla Isabela",NA,"211ace54-dcc2-4243-ad2b-a76f63494cc9",1.78e+13
"Opuntia galapageia var. insularis (A.Stewart) Backeb.","Opuntia","insularis","-91.35145","0.046152","Ecuador","Isla Isabela",NA,"211ace54-dcc2-4243-ad2b-a76f63494cc9",1.78e+13
"Opuntia galapageia var. insularis (A.Stewart) Backeb.","Opuntia","insularis","-91.35145","0.046152","Ecuador","Isla Isabela",NA,"211ace54-dcc2-4243-ad2b-a76f63494cc9",1.78e+13
"Opuntia galapageia Hemsl.","Opuntia","galapageia","-90.7364","0.5451","Ecuador","Cabo Ibbetson",NA,"211ace54-dcc2-4243-ad2b-a76f63494cc9",1.78e+13
"Opuntia galapageia var. insularis (A.Stewart) Backeb.","Opuntia","insularis","-91.38608","-0.12722","Ecuador","Isla Isabela",NA,"211ace54-dcc2-4243-ad2b-a76f63494cc9",1.78e+13
"Opuntia galapageia var. insularis (A.Stewart) Backeb.","Opuntia","insularis","-91.383611","-0.127222","Ecuador","Isla Isabela",NA,"211ace54-dcc2-4243-ad2b-a76f63494cc9",1.78e+13
"Opuntia galapageia Hensl.","Opuntia","galapageia","-90.061442","-0.822815","Ecuador","Isla Santa Fe",NA,"50c9509d-22c7-4a22-a47d-8c48425ef4a7",1.78e+13
"Opuntia galapageia Hensl.","Opuntia","galapageia","-90.427605","-1.286701","Ecuador","Isla Santa Maria",NA,"50c9509d-22c7-4a22-a47d-8c48425ef4a7",1.78e+13
"Opuntia galapageia Hensl.","Opuntia","galapageia","-90.31366","-0.761569","Ecuador","Las Grietas",NA,"50c9509d-22c7-4a22-a47d-8c48425ef4a7",1.78e+13
"Opuntia galapageia var. gigantea (J.T.Howell) Backeb.","Opuntia","echios","-90.302","-0.738999","Ecuador","Isla Santa Cruz",NA,"211ace54-dcc2-4243-ad2b-a76f63494cc9",9.86e+08
"Opuntia galapageia Hensl.","Opuntia","megasperma","-89.675","-1.375","Ecuador","Isla Espanola",NA,"211ace54-dcc2-4243-ad2b-a76f63494cc9",6e+07
"Opuntia galapageia Hensl.","Opuntia","galapageia","-90.284339","-0.729083","Ecuador","Isla Santa Cruz",NA,"50c9509d-22c7-4a22-a47d-8c48425ef4a7",9.86e+08
"Opuntia galapageia Hensl.","Opuntia","galapageia","-90.340668","-0.493821","Ecuador","Caleta Tortuga Negra",NA,"50c9509d-22c7-4a22-a47d-8c48425ef4a7",1.78e+13
"Opuntia galapageia Hensl.","Opuntia","galapageia","-90.488548","-0.525813","Ecuador","Sendero Cerro Dragón",NA,"50c9509d-22c7-4a22-a47d-8c48425ef4a7",1.78e+13
"Opuntia galapageia Hensl.","Opuntia","galapageia","-91.371255","-0.262","Ecuador","Isla Isabela",NA,"50c9509d-22c7-4a22-a47d-8c48425ef4a7",1.78e+13
"Opuntia galapageia Hensl.","Opuntia","galapageia","-90.330293","-0.761754","Ecuador","Isla Santa Cruz",NA,"50c9509d-22c7-4a22-a47d-8c48425ef4a7",9.86e+08
"Opuntia galapageia Hensl.","Opuntia","galapageia","-90.982067","-0.829278","Ecuador","Isla Isabela",NA,"50c9509d-22c7-4a22-a47d-8c48425ef4a7",1.78e+13
"Opuntia galapageia Hensl.","Opuntia","galapageia","-90.346885","-0.749066","Ecuador","Isla Santa Cruz",NA,"50c9509d-22c7-4a22-a47d-8c48425ef4a7",9.86e+08
"Opuntia galapageia Hensl.","Opuntia","galapageia","-90.065334","-0.819877","Ecuador","Isla Santa Fe",NA,"50c9509d-22c7-4a22-a47d-8c48425ef4a7",1.78e+13
"Opuntia galapageia Hensl.","Opuntia","galapageia","-90.059669","-0.819791","Ecuador","Isla Santa Fe",NA,"50c9509d-22c7-4a22-a47d-8c48425ef4a7",1.78e+13
"Opuntia galapageia Hensl.","Opuntia","galapageia","-90.059669","-0.819791","Ecuador","Isla Santa Fe",NA,"50c9509d-22c7-4a22-a47d-8c48425ef4a7",1.78e+13
"Opuntia galapageia Hensl.","Opuntia","galapageia","-90.059669","-0.819791","Ecuador","Isla Santa Fe",NA,"50c9509d-22c7-4a22-a47d-8c48425ef4a7",1.78e+13
"Opuntia galapageia Hensl.","Opuntia","galapageia","-90.163536","-0.583793","Ecuador",NA,NA,"50c9509d-22c7-4a22-a47d-8c48425ef4a7",1.78e+13
"Opuntia galapageia Hensl.","Opuntia","galapageia","-90.163536","-0.583793","Ecuador",NA,NA,"50c9509d-22c7-4a22-a47d-8c48425ef4a7",1.78e+13
"Opuntia galapageia var. gigantea (J.T.Howell) Backeb.","Opuntia","echios","-90.215333","-0.689583","Ecuador","Isla Santa Cruz",NA,"211ace54-dcc2-4243-ad2b-a76f63494cc9",9.86e+08
"Opuntia galapageia var. insularis (A.Stewart) Backeb.","Opuntia","insularis","-91.363916","0.035833","Ecuador","Isla Isabela",NA,"211ace54-dcc2-4243-ad2b-a76f63494cc9",1.78e+13
"Opuntia galapageia var. insularis (A.Stewart) Backeb.","Opuntia","insularis","-91.361805","0.039722","Ecuador","Isla Isabela",NA,"211ace54-dcc2-4243-ad2b-a76f63494cc9",1.78e+13
"Opuntia galapageia var. insularis (A.Stewart) Backeb.","Opuntia","insularis","-91.361805","0.039722","Ecuador","Isla Isabela",NA,"211ace54-dcc2-4243-ad2b-a76f63494cc9",1.78e+13
"Opuntia galapageia var. insularis (A.Stewart) Backeb.","Opuntia","insularis","-91.361805","0.039722","Ecuador","Isla Isabela",NA,"211ace54-dcc2-4243-ad2b-a76f63494cc9",1.78e+13
"Opuntia galapageia var. insularis (A.Stewart) Backeb.","Opuntia","insularis","-91.361805","0.039722","Ecuador","Isla Isabela",NA,"211ace54-dcc2-4243-ad2b-a76f63494cc9",1.78e+13
"Opuntia galapageia var. insularis (A.Stewart) Backeb.","Opuntia","insularis","-91.361805","0.039722","Ecuador","Isla Isabela",NA,"211ace54-dcc2-4243-ad2b-a76f63494cc9",1.78e+13
"Opuntia galapageia var. insularis (A.Stewart) Backeb.","Opuntia","insularis","-91.361805","0.039722","Ecuador","Isla Isabela",NA,"211ace54-dcc2-4243-ad2b-a76f63494cc9",1.78e+13
"Opuntia galapageia Hensl.","Opuntia","galapageia","-90.305228","-0.740143","Ecuador","Isla Santa Cruz",NA,"50c9509d-22c7-4a22-a47d-8c48425ef4a7",9.86e+08
"Opuntia galapageia Hensl.","Opuntia","galapageia","-89.253644","-0.708519","Ecuador","Isla San Cristobal",NA,"50c9509d-22c7-4a22-a47d-8c48425ef4a7",5.58e+08
"Opuntia galapageia var. profusa E.F.Anderson & Walk.","Opuntia","galapageia","-90.710527","-0.417199","Ecuador","Isla Rábida",NA,"50c9509d-22c7-4a22-a47d-8c48425ef4a7",1.78e+13
"Opuntia galapageia Hensl.","Opuntia","galapageia","-90.303937","-0.741284","Ecuador","Isla Santa Cruz",NA,"50c9509d-22c7-4a22-a47d-8c48425ef4a7",9.86e+08
"Opuntia galapageia Hensl.","Opuntia","galapageia","-90.303937","-0.741284","Ecuador","Isla Santa Cruz",NA,"50c9509d-22c7-4a22-a47d-8c48425ef4a7",9.86e+08
"Opuntia galapageia Hensl.","Opuntia","galapageia","-90.303937","-0.741284","Ecuador","Isla Santa Cruz",NA,"50c9509d-22c7-4a22-a47d-8c48425ef4a7",9.86e+08
"Opuntia galapageia Hensl.","Opuntia","galapageia","-90.338956","-0.763235","Ecuador","Isla Santa Cruz",NA,"50c9509d-22c7-4a22-a47d-8c48425ef4a7",9.86e+08
"Opuntia galapageia Hensl.","Opuntia","galapageia","-90.338956","-0.763235","Ecuador","Isla Santa Cruz",NA,"50c9509d-22c7-4a22-a47d-8c48425ef4a7",9.86e+08
"Opuntia galapageia Hensl.","Opuntia","galapageia","-90.338956","-0.763235","Ecuador","Isla Santa Cruz",NA,"50c9509d-22c7-4a22-a47d-8c48425ef4a7",9.86e+08
"Opuntia galapageia Hensl.","Opuntia","galapageia","-90.338956","-0.763235","Ecuador","Isla Santa Cruz",NA,"50c9509d-22c7-4a22-a47d-8c48425ef4a7",9.86e+08
"Opuntia galapageia Hensl.","Opuntia","galapageia","-90.647728","-0.207882","Ecuador","Isla San Salvador",NA,"50c9509d-22c7-4a22-a47d-8c48425ef4a7",1.78e+13
"Opuntia galapageia Hensl.","Opuntia","galapageia","-90.574629","-0.278108","Ecuador","Isla San Salvador",NA,"50c9509d-22c7-4a22-a47d-8c48425ef4a7",1.78e+13
"Opuntia galapageia Hensl.","Opuntia","galapageia","-90.303335","-0.74168","Ecuador","Isla Santa Cruz",NA,"50c9509d-22c7-4a22-a47d-8c48425ef4a7",9.86e+08
"Opuntia galapageia Hensl.","Opuntia","galapageia","-90.303335","-0.74168","Ecuador","Isla Santa Cruz",NA,"50c9509d-22c7-4a22-a47d-8c48425ef4a7",9.86e+08
"Opuntia galapageia Hensl.","Opuntia","galapageia","-90.791178","-0.147959","Ecuador","Cabo Stephens",NA,"50c9509d-22c7-4a22-a47d-8c48425ef4a7",1.78e+13
"Opuntia galapageia Hensl.","Opuntia","galapageia","-90.303717","-0.741799","Ecuador","Isla Santa Cruz",NA,"50c9509d-22c7-4a22-a47d-8c48425ef4a7",9.86e+08
"Opuntia galapageia Hensl.","Opuntia","galapageia","-91.104652","-0.643538","Ecuador","Isla Isabela",NA,"50c9509d-22c7-4a22-a47d-8c48425ef4a7",1.78e+13
"Opuntia galapageia Hensl.","Opuntia","galapageia","-91.104652","-0.643538","Ecuador","Isla Isabela",NA,"50c9509d-22c7-4a22-a47d-8c48425ef4a7",1.78e+13
"Opuntia galapageia Hensl.","Opuntia","galapageia","-90.427678","-1.292053","Ecuador","Isla Santa Maria",NA,"50c9509d-22c7-4a22-a47d-8c48425ef4a7",1.78e+13
"Opuntia galapageia Hensl.","Opuntia","galapageia","-90.058945","-0.819096","Ecuador","Isla Santa Fe",NA,"50c9509d-22c7-4a22-a47d-8c48425ef4a7",1.78e+13
"Opuntia galapageia Hensl.","Opuntia","galapageia","-90.16426","-0.584732","Ecuador",NA,NA,"50c9509d-22c7-4a22-a47d-8c48425ef4a7",1.78e+13
"Opuntia galapageia Hensl.","Opuntia","galapageia","-90.16426","-0.584732","Ecuador",NA,NA,"50c9509d-22c7-4a22-a47d-8c48425ef4a7",1.78e+13
"Opuntia galapageia Hensl.","Opuntia","galapageia","-90.16426","-0.584732","Ecuador",NA,NA,"50c9509d-22c7-4a22-a47d-8c48425ef4a7",1.78e+13
"Opuntia galapageia Hensl.","Opuntia","galapageia","-89.677168","-1.373432","Ecuador","Isla Espanola",NA,"50c9509d-22c7-4a22-a47d-8c48425ef4a7",6e+07
"Opuntia galapageia Hensl.","Opuntia","galapageia","-90.333847","-0.752038","Ecuador","Isla Santa Cruz",NA,"50c9509d-22c7-4a22-a47d-8c48425ef4a7",9.86e+08
"Opuntia galapageia Hensl.","Opuntia","galapageia","-90.333847","-0.752038","Ecuador","Isla Santa Cruz",NA,"50c9509d-22c7-4a22-a47d-8c48425ef4a7",9.86e+08
"Opuntia galapageia Hensl.","Opuntia","galapageia","-90.306273","-0.740991","Ecuador","Isla Santa Cruz",NA,"50c9509d-22c7-4a22-a47d-8c48425ef4a7",9.86e+08
"Opuntia galapageia Hensl.","Opuntia","galapageia","-90.340894","-0.493882","Ecuador","Caleta Tortuga Negra",NA,"50c9509d-22c7-4a22-a47d-8c48425ef4a7",1.78e+13
"Opuntia galapageia var. helleri (K.Schum. ex B.L.Rob.) Backeb.","Opuntia","helleri","-89.949058","0.318618","Ecuador","Playa Darwin",NA,"50c9509d-22c7-4a22-a47d-8c48425ef4a7",1.78e+13
"Opuntia galapageia var. profusa E.F.Anderson & Walk.","Opuntia","galapageia","-90.706502","-0.400451","Ecuador","No name (flamingos)",NA,"50c9509d-22c7-4a22-a47d-8c48425ef4a7",1.78e+13
"Opuntia galapageia var. profusa E.F.Anderson & Walk.","Opuntia","galapageia","-90.705842","-0.399426","Ecuador","No name (flamingos)",NA,"50c9509d-22c7-4a22-a47d-8c48425ef4a7",1.78e+13
"Opuntia galapageia Hensl.","Opuntia","galapageia","-90.222458","-0.689931","Ecuador","Isla Santa Cruz",NA,"50c9509d-22c7-4a22-a47d-8c48425ef4a7",9.86e+08
"Opuntia galapageia Hensl.","Opuntia","galapageia","-90.356739","-0.628873","Ecuador","Isla Santa Cruz",NA,"50c9509d-22c7-4a22-a47d-8c48425ef4a7",9.86e+08
"Opuntia galapageia Hensl.","Opuntia","galapageia","-90.0561","-0.8181","Ecuador","Isla Santa Fe",NA,"50c9509d-22c7-4a22-a47d-8c48425ef4a7",1.78e+13
"Opuntia galapageia Hensl.","Opuntia","galapageia","-90.304172","-0.742447","Ecuador","Isla Santa Cruz",NA,"50c9509d-22c7-4a22-a47d-8c48425ef4a7",9.86e+08
"Opuntia galapageia Hensl.","Opuntia","galapageia","-90.487262","-0.5271","Ecuador","Sendero Cerro Dragón",NA,"50c9509d-22c7-4a22-a47d-8c48425ef4a7",1.78e+13
"Opuntia galapageia var. myriacantha (F.A.C.Weber) Backeb.","Opuntia","echios","-90.3235","-0.739722","Ecuador","Isla Santa Cruz",NA,"211ace54-dcc2-4243-ad2b-a76f63494cc9",9.86e+08
"Opuntia galapageia var. myriacantha (F.A.C.Weber) Backeb.","Opuntia","echios","-90.3235","-0.739722","Ecuador","Isla Santa Cruz",NA,"211ace54-dcc2-4243-ad2b-a76f63494cc9",9.86e+08
"Opuntia galapageia Hensl.","Opuntia","megasperma","-90.487518","-0.527851","Ecuador","Sendero Cerro Dragón",NA,"6ac3f774-d9fb-4796-b3e9-92bf6c81c084",1.78e+13
"Opuntia galapageia var. gigantea (J.T.Howell) Backeb.","Opuntia","echios","-90.414734","-0.683883","Ecuador","Isla Santa Cruz",NA,"6ac3f774-d9fb-4796-b3e9-92bf6c81c084",9.86e+08
"Opuntia galapageia var. myriacantha (F.A.C.Weber) Backeb.","Opuntia","echios","-89.429314","-0.926244","Ecuador","Isla San Cristobal",NA,"6ac3f774-d9fb-4796-b3e9-92bf6c81c084",5.58e+08
"Opuntia galapageia Hensl.","Opuntia","galapageia","-89.949457","0.318351","Ecuador","Playa Darwin",NA,"50c9509d-22c7-4a22-a47d-8c48425ef4a7",1.78e+13
"Opuntia galapageia Hensl.","Opuntia","galapageia","-90.164854","-0.582902","Ecuador","Isla Plaza Sur",NA,"50c9509d-22c7-4a22-a47d-8c48425ef4a7",1.78e+13
"Opuntia galapageia Hensl.","Opuntia","galapageia","-89.457942","-0.764608","Ecuador","Isla San Cristobal",NA,"50c9509d-22c7-4a22-a47d-8c48425ef4a7",5.58e+08
"Opuntia galapageia Hensl.","Opuntia","galapageia","-90.385954","-1.23766","Ecuador","Isla Campeón",NA,"50c9509d-22c7-4a22-a47d-8c48425ef4a7",62500
"Opuntia galapageia Hensl.","Opuntia","galapageia","-90.268421","-0.445346","Ecuador","Bar Cafetería Baltra",NA,"50c9509d-22c7-4a22-a47d-8c48425ef4a7",1.78e+13
"Opuntia galapageia Hensl.","Opuntia","galapageia","-90.988954","-0.959221","Ecuador","Isla Isabela",NA,"50c9509d-22c7-4a22-a47d-8c48425ef4a7",1.78e+13
"Opuntia galapageia Hensl.","Opuntia","galapageia","-89.430097","-0.924805","Ecuador","Isla San Cristobal",NA,"50c9509d-22c7-4a22-a47d-8c48425ef4a7",5.58e+08
"Opuntia galapageia Hensl.","Opuntia","galapageia","-90.308187","-0.75979","Ecuador","Grieta de las Tintoreras",NA,"50c9509d-22c7-4a22-a47d-8c48425ef4a7",1.78e+13
"Opuntia galapageia Hensl.","Opuntia","galapageia","-90.166421","-0.583111","Ecuador","Isla Plaza Sur",NA,"50c9509d-22c7-4a22-a47d-8c48425ef4a7",1.78e+13
"Opuntia galapageia Hensl.","Opuntia","galapageia","-90.16539","-0.5827","Ecuador","Isla Plaza Sur",NA,"50c9509d-22c7-4a22-a47d-8c48425ef4a7",1.78e+13
"Opuntia galapageia Hensl.","Opuntia","galapageia","-90.166205","-0.582528","Ecuador","Isla Plaza Sur",NA,"50c9509d-22c7-4a22-a47d-8c48425ef4a7",1.78e+13
"Opuntia galapageia Hensl.","Opuntia","galapageia","-89.24675","-0.71332","Ecuador","Monte Pitt",NA,"50c9509d-22c7-4a22-a47d-8c48425ef4a7",1.78e+13
"Opuntia galapageia Hensl.","Opuntia","galapageia","-90.320778","-0.747707","Ecuador","Isla Santa Cruz",NA,"50c9509d-22c7-4a22-a47d-8c48425ef4a7",9.86e+08
"Opuntia galapageia Hensl.","Opuntia","galapageia","-90.291793","-0.398327","Ecuador","Isla North Seymore",NA,"50c9509d-22c7-4a22-a47d-8c48425ef4a7",1.78e+13
"Opuntia galapageia Hensl.","Opuntia","galapageia","-91.098223","-0.78798","Ecuador","Isla Isabela",NA,"50c9509d-22c7-4a22-a47d-8c48425ef4a7",1.78e+13
"Opuntia galapageia Hensl.","Opuntia","galapageia","-91.098223","-0.78798","Ecuador","Isla Isabela",NA,"50c9509d-22c7-4a22-a47d-8c48425ef4a7",1.78e+13
"Opuntia galapageia Hensl.","Opuntia","galapageia","-90.3079","-0.760475","Ecuador","Grieta de las Tintoreras",NA,"50c9509d-22c7-4a22-a47d-8c48425ef4a7",1.78e+13
"Opuntia galapageia Hensl.","Opuntia","galapageia","-90.160618","-0.584308","Ecuador",NA,NA,"50c9509d-22c7-4a22-a47d-8c48425ef4a7",1.78e+13
"Opuntia galapageia Hensl.","Opuntia","galapageia","-90.304297","-0.741286","Ecuador","Isla Santa Cruz",NA,"50c9509d-22c7-4a22-a47d-8c48425ef4a7",9.86e+08
"Opuntia galapageia var. macrocarpa E.Y.Dawson","Opuntia","galapageia","-90.672972","-0.613","Ecuador","Isla Pinzón",NA,"211ace54-dcc2-4243-ad2b-a76f63494cc9",1.8e+07
"Opuntia galapageia var. macrocarpa E.Y.Dawson","Opuntia","galapageia","-90.664805","-0.605416","Ecuador","Isla Pinzón",NA,"211ace54-dcc2-4243-ad2b-a76f63494cc9",1.8e+07
"Opuntia galapageia var. macrocarpa E.Y.Dawson","Opuntia","galapageia","-90.671305","-0.617972","Ecuador","Isla Pinzón",NA,"211ace54-dcc2-4243-ad2b-a76f63494cc9",1.8e+07
"Opuntia galapageia var. profusa E.F.Anderson & Walk.","Opuntia","galapageia","-90.700388","-0.415777","Ecuador","Isla Rábida",NA,"211ace54-dcc2-4243-ad2b-a76f63494cc9",1.78e+13
"Opuntia galapageia Hensl.","Opuntia","galapageia","-90.341291","-0.494035","Ecuador","Caleta Tortuga Negra",NA,"50c9509d-22c7-4a22-a47d-8c48425ef4a7",1.78e+13
"Opuntia galapageia Hensl.","Opuntia","galapageia","-90.488125","-0.526032","Ecuador","Sendero Cerro Dragón",NA,"50c9509d-22c7-4a22-a47d-8c48425ef4a7",1.78e+13
"Opuntia galapageia var. profusa E.F.Anderson & Walk.","Opuntia","galapageia","-90.70776","-0.400654","Ecuador","No name (flamingos)",NA,"50c9509d-22c7-4a22-a47d-8c48425ef4a7",1.78e+13
"Opuntia galapageia Hensl.","Opuntia","galapageia","-90.305228","-0.741848","Ecuador","Isla Santa Cruz",NA,"50c9509d-22c7-4a22-a47d-8c48425ef4a7",9.86e+08
"Opuntia galapageia Hensl.","Opuntia","galapageia","-90.961945","-0.950556","Ecuador","Isla Isabela",NA,"50c9509d-22c7-4a22-a47d-8c48425ef4a7",1.78e+13
"Opuntia galapageia Hensl.","Opuntia","galapageia","-89.60346","-0.893588","Ecuador","Isla San Cristobal",NA,"50c9509d-22c7-4a22-a47d-8c48425ef4a7",5.58e+08
"Opuntia galapageia Hensl.","Opuntia","megasperma","-90.294138","-1.33025","Ecuador","Isla Gardner",NA,"211ace54-dcc2-4243-ad2b-a76f63494cc9",625000
"Opuntia galapageia var. myriacantha (F.A.C.Weber) Backeb.","Opuntia","echios","-90.283333","-0.733333","Ecuador","Isla Santa Cruz",NA,"211ace54-dcc2-4243-ad2b-a76f63494cc9",9.86e+08
"Opuntia galapageia var. myriacantha (F.A.C.Weber) Backeb.","Opuntia","echios","-90.327611","-0.662083","Ecuador","Isla Santa Cruz",NA,"211ace54-dcc2-4243-ad2b-a76f63494cc9",9.86e+08
"Opuntia galapageia var. myriacantha (F.A.C.Weber) Backeb.","Opuntia","echios","-90.283333","-0.733333","Ecuador","Isla Santa Cruz",NA,"211ace54-dcc2-4243-ad2b-a76f63494cc9",9.86e+08
"Opuntia galapageia var. myriacantha (F.A.C.Weber) Backeb.","Opuntia","echios","-90.283333","-0.733333","Ecuador","Isla Santa Cruz",NA,"211ace54-dcc2-4243-ad2b-a76f63494cc9",9.86e+08
"Opuntia galapageia var. myriacantha (F.A.C.Weber) Backeb.","Opuntia","echios","-90.283333","-0.733333","Ecuador","Isla Santa Cruz",NA,"211ace54-dcc2-4243-ad2b-a76f63494cc9",9.86e+08
"Opuntia galapageia var. myriacantha (F.A.C.Weber) Backeb.","Opuntia","echios","-90.283333","-0.733333","Ecuador","Isla Santa Cruz",NA,"211ace54-dcc2-4243-ad2b-a76f63494cc9",9.86e+08
"Opuntia galapageia var. myriacantha (F.A.C.Weber) Backeb.","Opuntia","echios","-90.34308","-0.76142","Ecuador","Isla Santa Cruz",NA,"211ace54-dcc2-4243-ad2b-a76f63494cc9",9.86e+08
"Opuntia galapageia var. myriacantha (F.A.C.Weber) Backeb.","Opuntia","echios","-90.34308","-0.76142","Ecuador","Isla Santa Cruz",NA,"211ace54-dcc2-4243-ad2b-a76f63494cc9",9.86e+08
"Opuntia galapageia var. myriacantha (F.A.C.Weber) Backeb.","Opuntia","echios","-90.326222","-0.662083","Ecuador","Isla Santa Cruz",NA,"211ace54-dcc2-4243-ad2b-a76f63494cc9",9.86e+08
"Opuntia galapageia var. myriacantha (F.A.C.Weber) Backeb.","Opuntia","echios","-90.327611","-0.662083","Ecuador","Isla Santa Cruz",NA,"211ace54-dcc2-4243-ad2b-a76f63494cc9",9.86e+08
"Opuntia galapageia var. myriacantha (F.A.C.Weber) Backeb.","Opuntia","echios","-90.34308","-0.76142","Ecuador","Isla Santa Cruz",NA,"211ace54-dcc2-4243-ad2b-a76f63494cc9",9.86e+08
"Opuntia galapageia var. myriacantha (F.A.C.Weber) Backeb.","Opuntia","echios","-90.34308","-0.76142","Ecuador","Isla Santa Cruz",NA,"211ace54-dcc2-4243-ad2b-a76f63494cc9",9.86e+08
"Opuntia galapageia var. myriacantha (F.A.C.Weber) Backeb.","Opuntia","echios","-90.34308","-0.76142","Ecuador","Isla Santa Cruz",NA,"211ace54-dcc2-4243-ad2b-a76f63494cc9",9.86e+08
"Opuntia galapageia var. myriacantha (F.A.C.Weber) Backeb.","Opuntia","echios","-90.34308","-0.76142","Ecuador","Isla Santa Cruz",NA,"211ace54-dcc2-4243-ad2b-a76f63494cc9",9.86e+08
"Opuntia ficus-indica (L.) Mill.","Opuntia","ficus-indica","-90.327611","-0.662083","Ecuador","Isla Santa Cruz",NA,"211ace54-dcc2-4243-ad2b-a76f63494cc9",9.86e+08
"Opuntia galapageia var. myriacantha (F.A.C.Weber) Backeb.","Opuntia","echios","-90.34308","-0.76142","Ecuador","Isla Santa Cruz",NA,"211ace54-dcc2-4243-ad2b-a76f63494cc9",9.86e+08
"Opuntia galapageia var. myriacantha (F.A.C.Weber) Backeb.","Opuntia","echios","-90.34308","-0.76142","Ecuador","Isla Santa Cruz",NA,"211ace54-dcc2-4243-ad2b-a76f63494cc9",9.86e+08
"Opuntia galapageia var. myriacantha (F.A.C.Weber) Backeb.","Opuntia","echios","-90.33849","-0.76211","Ecuador","Isla Santa Cruz",NA,"211ace54-dcc2-4243-ad2b-a76f63494cc9",9.86e+08
"Opuntia galapageia var. myriacantha (F.A.C.Weber) Backeb.","Opuntia","echios","-90.33849","-0.76211","Ecuador","Isla Santa Cruz",NA,"211ace54-dcc2-4243-ad2b-a76f63494cc9",9.86e+08
"Opuntia galapageia var. myriacantha (F.A.C.Weber) Backeb.","Opuntia","echios","-90.327611","-0.662083","Ecuador","Isla Santa Cruz",NA,"211ace54-dcc2-4243-ad2b-a76f63494cc9",9.86e+08
"Opuntia galapageia var. myriacantha (F.A.C.Weber) Backeb.","Opuntia","echios","-90.327611","-0.662083","Ecuador","Isla Santa Cruz",NA,"211ace54-dcc2-4243-ad2b-a76f63494cc9",9.86e+08
"Opuntia galapageia var. myriacantha (F.A.C.Weber) Backeb.","Opuntia","echios","-90.326222","-0.662083","Ecuador","Isla Santa Cruz",NA,"211ace54-dcc2-4243-ad2b-a76f63494cc9",9.86e+08
"Opuntia galapageia var. myriacantha (F.A.C.Weber) Backeb.","Opuntia","echios","-90.33849","-0.76211","Ecuador","Isla Santa Cruz",NA,"211ace54-dcc2-4243-ad2b-a76f63494cc9",9.86e+08
"Opuntia galapageia var. myriacantha (F.A.C.Weber) Backeb.","Opuntia","echios","-90.33849","-0.76211","Ecuador","Isla Santa Cruz",NA,"211ace54-dcc2-4243-ad2b-a76f63494cc9",9.86e+08
"Opuntia galapageia var. myriacantha (F.A.C.Weber) Backeb.","Opuntia","echios","-90.33849","-0.76211","Ecuador","Isla Santa Cruz",NA,"211ace54-dcc2-4243-ad2b-a76f63494cc9",9.86e+08
"Opuntia galapageia var. myriacantha (F.A.C.Weber) Backeb.","Opuntia","echios","-90.33849","-0.76211","Ecuador","Isla Santa Cruz",NA,"211ace54-dcc2-4243-ad2b-a76f63494cc9",9.86e+08
"Opuntia galapageia var. myriacantha (F.A.C.Weber) Backeb.","Opuntia","echios","-90.33849","-0.76211","Ecuador","Isla Santa Cruz",NA,"211ace54-dcc2-4243-ad2b-a76f63494cc9",9.86e+08
"Opuntia galapageia var. myriacantha (F.A.C.Weber) Backeb.","Opuntia","echios","-90.33849","-0.76211","Ecuador","Isla Santa Cruz",NA,"211ace54-dcc2-4243-ad2b-a76f63494cc9",9.86e+08
"Opuntia galapageia Hensl.","Opuntia","galapageia","-90.86227","-0.556467","Ecuador","Roca Blanca",NA,"50c9509d-22c7-4a22-a47d-8c48425ef4a7",125000
"Opuntia galapageia Hensl.","Opuntia","galapageia","-91.013517","-0.964859","Ecuador","Isla Isabela",NA,"50c9509d-22c7-4a22-a47d-8c48425ef4a7",1.78e+13
"Opuntia galapageia Hensl.","Opuntia","megasperma","-89.613216","-0.889358","Ecuador","Lighthouse",NA,"211ace54-dcc2-4243-ad2b-a76f63494cc9",6062500
"Opuntia galapageia Hensl.","Opuntia","megasperma","-89.613216","-0.889358","Ecuador","Lighthouse",NA,"211ace54-dcc2-4243-ad2b-a76f63494cc9",6062500
"Opuntia galapageia Hensl.","Opuntia","megasperma","-89.613216","-0.889358","Ecuador","Lighthouse",NA,"211ace54-dcc2-4243-ad2b-a76f63494cc9",6062500
"Opuntia galapageia Hensl.","Opuntia","megasperma","-89.613216","-0.889358","Ecuador","Lighthouse",NA,"211ace54-dcc2-4243-ad2b-a76f63494cc9",6062500
"Opuntia galapageia Hemsl.","Opuntia","galapageia","-90.7344","0.5412","Ecuador","Cabo Ibbetson",NA,"211ace54-dcc2-4243-ad2b-a76f63494cc9",1.78e+13
"Opuntia galapageia Hemsl.","Opuntia","galapageia","-90.7344","0.5412","Ecuador","Cabo Ibbetson",NA,"211ace54-dcc2-4243-ad2b-a76f63494cc9",1.78e+13
"Opuntia galapageia Hemsl.","Opuntia","galapageia","-90.7344","0.5412","Ecuador","Cabo Ibbetson",NA,"211ace54-dcc2-4243-ad2b-a76f63494cc9",1.78e+13
"Opuntia galapageia Hemsl.","Opuntia","galapageia","-90.7344","0.5412","Ecuador","Cabo Ibbetson",NA,"211ace54-dcc2-4243-ad2b-a76f63494cc9",1.78e+13
"Opuntia galapageia Hemsl.","Opuntia","galapageia","-90.7344","0.5412","Ecuador","Cabo Ibbetson",NA,"211ace54-dcc2-4243-ad2b-a76f63494cc9",1.78e+13
"Opuntia galapageia Hemsl.","Opuntia","galapageia","-90.7344","0.5412","Ecuador","Cabo Ibbetson",NA,"211ace54-dcc2-4243-ad2b-a76f63494cc9",1.78e+13
"Opuntia galapageia Hemsl.","Opuntia","galapageia","-90.7344","0.5412","Ecuador","Cabo Ibbetson",NA,"211ace54-dcc2-4243-ad2b-a76f63494cc9",1.78e+13
"Opuntia galapageia Hemsl.","Opuntia","galapageia","-90.7344","0.5412","Ecuador","Cabo Ibbetson",NA,"211ace54-dcc2-4243-ad2b-a76f63494cc9",1.78e+13
"Opuntia galapageia Hemsl.","Opuntia","galapageia","-90.7344","0.5412","Ecuador","Cabo Ibbetson",NA,"211ace54-dcc2-4243-ad2b-a76f63494cc9",1.78e+13
"Opuntia galapageia Hemsl.","Opuntia","galapageia","-90.7344","0.5412","Ecuador","Cabo Ibbetson",NA,"211ace54-dcc2-4243-ad2b-a76f63494cc9",1.78e+13
"Opuntia galapageia Hemsl.","Opuntia","galapageia","-90.7344","0.5412","Ecuador","Cabo Ibbetson",NA,"211ace54-dcc2-4243-ad2b-a76f63494cc9",1.78e+13
"Opuntia galapageia Hemsl.","Opuntia","galapageia","-90.7344","0.5412","Ecuador","Cabo Ibbetson",NA,"211ace54-dcc2-4243-ad2b-a76f63494cc9",1.78e+13
"Opuntia galapageia Hemsl.","Opuntia","galapageia","-90.7344","0.5412","Ecuador","Cabo Ibbetson",NA,"211ace54-dcc2-4243-ad2b-a76f63494cc9",1.78e+13
"Opuntia galapageia Hemsl.","Opuntia","galapageia","-90.7344","0.5412","Ecuador","Cabo Ibbetson",NA,"211ace54-dcc2-4243-ad2b-a76f63494cc9",1.78e+13
"Opuntia galapageia Hemsl.","Opuntia","galapageia","-90.7344","0.5412","Ecuador","Cabo Ibbetson",NA,"211ace54-dcc2-4243-ad2b-a76f63494cc9",1.78e+13
"Opuntia galapageia Hemsl.","Opuntia","galapageia","-90.7344","0.5412","Ecuador","Cabo Ibbetson",NA,"211ace54-dcc2-4243-ad2b-a76f63494cc9",1.78e+13
"Opuntia galapageia Hemsl.","Opuntia","galapageia","-90.7344","0.5412","Ecuador","Cabo Ibbetson",NA,"211ace54-dcc2-4243-ad2b-a76f63494cc9",1.78e+13
"Opuntia galapageia Hemsl.","Opuntia","galapageia","-90.7344","0.5412","Ecuador","Cabo Ibbetson",NA,"211ace54-dcc2-4243-ad2b-a76f63494cc9",1.78e+13
"Opuntia galapageia var. myriacantha (F.A.C.Weber) Backeb.","Opuntia","echios","-90.33849","-0.76211","Ecuador","Isla Santa Cruz",NA,"211ace54-dcc2-4243-ad2b-a76f63494cc9",9.86e+08
"Opuntia galapageia var. myriacantha (F.A.C.Weber) Backeb.","Opuntia","echios","-90.33849","-0.76211","Ecuador","Isla Santa Cruz",NA,"211ace54-dcc2-4243-ad2b-a76f63494cc9",9.86e+08
"Opuntia galapageia var. myriacantha (F.A.C.Weber) Backeb.","Opuntia","echios","-90.34308","-0.76142","Ecuador","Isla Santa Cruz",NA,"211ace54-dcc2-4243-ad2b-a76f63494cc9",9.86e+08
"Opuntia galapageia var. myriacantha (F.A.C.Weber) Backeb.","Opuntia","echios","-90.34308","-0.76142","Ecuador","Isla Santa Cruz",NA,"211ace54-dcc2-4243-ad2b-a76f63494cc9",9.86e+08
"Opuntia galapageia var. myriacantha (F.A.C.Weber) Backeb.","Opuntia","echios","-90.34308","-0.76142","Ecuador","Isla Santa Cruz",NA,"211ace54-dcc2-4243-ad2b-a76f63494cc9",9.86e+08
"Opuntia galapageia var. myriacantha (F.A.C.Weber) Backeb.","Opuntia","echios","-90.33849","-0.76211","Ecuador","Isla Santa Cruz",NA,"211ace54-dcc2-4243-ad2b-a76f63494cc9",9.86e+08
"Opuntia galapageia var. myriacantha (F.A.C.Weber) Backeb.","Opuntia","echios","-90.33849","-0.76211","Ecuador","Isla Santa Cruz",NA,"211ace54-dcc2-4243-ad2b-a76f63494cc9",9.86e+08
"Opuntia galapageia var. myriacantha (F.A.C.Weber) Backeb.","Opuntia","echios","-90.33849","-0.76211","Ecuador","Isla Santa Cruz",NA,"211ace54-dcc2-4243-ad2b-a76f63494cc9",9.86e+08
"Opuntia galapageia var. myriacantha (F.A.C.Weber) Backeb.","Opuntia","echios","-90.33849","-0.76211","Ecuador","Isla Santa Cruz",NA,"211ace54-dcc2-4243-ad2b-a76f63494cc9",9.86e+08
"Opuntia galapageia var. myriacantha (F.A.C.Weber) Backeb.","Opuntia","echios","-90.33849","-0.76211","Ecuador","Isla Santa Cruz",NA,"211ace54-dcc2-4243-ad2b-a76f63494cc9",9.86e+08
"Opuntia galapageia var. myriacantha (F.A.C.Weber) Backeb.","Opuntia","echios","-90.33849","-0.76211","Ecuador","Isla Santa Cruz",NA,"211ace54-dcc2-4243-ad2b-a76f63494cc9",9.86e+08
"Opuntia galapageia var. myriacantha (F.A.C.Weber) Backeb.","Opuntia","echios","-90.33849","-0.76211","Ecuador","Isla Santa Cruz",NA,"211ace54-dcc2-4243-ad2b-a76f63494cc9",9.86e+08
"Opuntia galapageia var. myriacantha (F.A.C.Weber) Backeb.","Opuntia","echios","-90.33849","-0.76211","Ecuador","Isla Santa Cruz",NA,"211ace54-dcc2-4243-ad2b-a76f63494cc9",9.86e+08
"Opuntia galapageia var. myriacantha (F.A.C.Weber) Backeb.","Opuntia","echios","-90.33849","-0.76211","Ecuador","Isla Santa Cruz",NA,"211ace54-dcc2-4243-ad2b-a76f63494cc9",9.86e+08
"Opuntia galapageia var. myriacantha (F.A.C.Weber) Backeb.","Opuntia","echios","-90.33849","-0.76211","Ecuador","Isla Santa Cruz",NA,"211ace54-dcc2-4243-ad2b-a76f63494cc9",9.86e+08
"Opuntia galapageia var. myriacantha (F.A.C.Weber) Backeb.","Opuntia","echios","-90.33849","-0.76211","Ecuador","Isla Santa Cruz",NA,"211ace54-dcc2-4243-ad2b-a76f63494cc9",9.86e+08
"Opuntia galapageia var. myriacantha (F.A.C.Weber) Backeb.","Opuntia","echios","-90.33849","-0.76211","Ecuador","Isla Santa Cruz",NA,"211ace54-dcc2-4243-ad2b-a76f63494cc9",9.86e+08
"Opuntia galapageia var. myriacantha (F.A.C.Weber) Backeb.","Opuntia","echios","-90.33849","-0.76211","Ecuador","Isla Santa Cruz",NA,"211ace54-dcc2-4243-ad2b-a76f63494cc9",9.86e+08
"Opuntia galapageia var. myriacantha (F.A.C.Weber) Backeb.","Opuntia","echios","-90.33849","-0.76211","Ecuador","Isla Santa Cruz",NA,"211ace54-dcc2-4243-ad2b-a76f63494cc9",9.86e+08
"Opuntia galapageia var. myriacantha (F.A.C.Weber) Backeb.","Opuntia","echios","-90.33849","-0.76211","Ecuador","Isla Santa Cruz",NA,"211ace54-dcc2-4243-ad2b-a76f63494cc9",9.86e+08
"Opuntia galapageia var. myriacantha (F.A.C.Weber) Backeb.","Opuntia","echios","-90.33849","-0.76211","Ecuador","Isla Santa Cruz",NA,"211ace54-dcc2-4243-ad2b-a76f63494cc9",9.86e+08
"Opuntia galapageia var. myriacantha (F.A.C.Weber) Backeb.","Opuntia","echios","-90.33849","-0.76211","Ecuador","Isla Santa Cruz",NA,"211ace54-dcc2-4243-ad2b-a76f63494cc9",9.86e+08
"Opuntia galapageia var. myriacantha (F.A.C.Weber) Backeb.","Opuntia","echios","-90.33849","-0.76211","Ecuador","Isla Santa Cruz",NA,"211ace54-dcc2-4243-ad2b-a76f63494cc9",9.86e+08
"Opuntia galapageia var. myriacantha (F.A.C.Weber) Backeb.","Opuntia","echios","-90.33849","-0.76211","Ecuador","Isla Santa Cruz",NA,"211ace54-dcc2-4243-ad2b-a76f63494cc9",9.86e+08
"Opuntia galapageia var. myriacantha (F.A.C.Weber) Backeb.","Opuntia","echios","-90.33849","-0.76211","Ecuador","Isla Santa Cruz",NA,"211ace54-dcc2-4243-ad2b-a76f63494cc9",9.86e+08
"Opuntia galapageia var. myriacantha (F.A.C.Weber) Backeb.","Opuntia","echios","-90.33849","-0.76211","Ecuador","Isla Santa Cruz",NA,"211ace54-dcc2-4243-ad2b-a76f63494cc9",9.86e+08
"Opuntia galapageia var. myriacantha (F.A.C.Weber) Backeb.","Opuntia","echios","-90.34308","-0.76142","Ecuador","Isla Santa Cruz",NA,"211ace54-dcc2-4243-ad2b-a76f63494cc9",9.86e+08
"Opuntia galapageia var. myriacantha (F.A.C.Weber) Backeb.","Opuntia","echios","-90.34308","-0.76142","Ecuador","Isla Santa Cruz",NA,"211ace54-dcc2-4243-ad2b-a76f63494cc9",9.86e+08
"Opuntia galapageia var. myriacantha (F.A.C.Weber) Backeb.","Opuntia","echios","-90.34308","-0.76142","Ecuador","Isla Santa Cruz",NA,"211ace54-dcc2-4243-ad2b-a76f63494cc9",9.86e+08
"Opuntia galapageia var. myriacantha (F.A.C.Weber) Backeb.","Opuntia","echios","-90.34308","-0.76142","Ecuador","Isla Santa Cruz",NA,"211ace54-dcc2-4243-ad2b-a76f63494cc9",9.86e+08
"Opuntia galapageia var. myriacantha (F.A.C.Weber) Backeb.","Opuntia","echios","-90.34308","-0.76142","Ecuador","Isla Santa Cruz",NA,"211ace54-dcc2-4243-ad2b-a76f63494cc9",9.86e+08
"Opuntia galapageia var. myriacantha (F.A.C.Weber) Backeb.","Opuntia","echios","-90.34308","-0.76142","Ecuador","Isla Santa Cruz",NA,"211ace54-dcc2-4243-ad2b-a76f63494cc9",9.86e+08
"Opuntia galapageia var. myriacantha (F.A.C.Weber) Backeb.","Opuntia","echios","-90.34308","-0.76142","Ecuador","Isla Santa Cruz",NA,"211ace54-dcc2-4243-ad2b-a76f63494cc9",9.86e+08
"Opuntia galapageia var. myriacantha (F.A.C.Weber) Backeb.","Opuntia","echios","-90.34308","-0.76142","Ecuador","Isla Santa Cruz",NA,"211ace54-dcc2-4243-ad2b-a76f63494cc9",9.86e+08
"Opuntia galapageia Hemsl.","Opuntia","galapageia","-90.7344","0.5412","Ecuador","Cabo Ibbetson",NA,"211ace54-dcc2-4243-ad2b-a76f63494cc9",1.78e+13
"Opuntia galapageia Hemsl.","Opuntia","galapageia","-90.7344","0.5412","Ecuador","Cabo Ibbetson",NA,"211ace54-dcc2-4243-ad2b-a76f63494cc9",1.78e+13
"Opuntia galapageia Hemsl.","Opuntia","galapageia","-90.7344","0.5412","Ecuador","Cabo Ibbetson",NA,"211ace54-dcc2-4243-ad2b-a76f63494cc9",1.78e+13
"Opuntia galapageia Hemsl.","Opuntia","galapageia","-90.7344","0.5412","Ecuador","Cabo Ibbetson",NA,"211ace54-dcc2-4243-ad2b-a76f63494cc9",1.78e+13
"Opuntia galapageia Hemsl.","Opuntia","galapageia","-90.7344","0.5412","Ecuador","Cabo Ibbetson",NA,"211ace54-dcc2-4243-ad2b-a76f63494cc9",1.78e+13
"Opuntia galapageia Hemsl.","Opuntia","galapageia","-90.7344","0.5412","Ecuador","Cabo Ibbetson",NA,"211ace54-dcc2-4243-ad2b-a76f63494cc9",1.78e+13
"Opuntia galapageia Hemsl.","Opuntia","galapageia","-90.7344","0.5412","Ecuador","Cabo Ibbetson",NA,"211ace54-dcc2-4243-ad2b-a76f63494cc9",1.78e+13
"Opuntia galapageia Hemsl.","Opuntia","galapageia","-90.7344","0.5412","Ecuador","Cabo Ibbetson",NA,"211ace54-dcc2-4243-ad2b-a76f63494cc9",1.78e+13
"Opuntia galapageia Hemsl.","Opuntia","galapageia","-90.7344","0.5412","Ecuador","Cabo Ibbetson",NA,"211ace54-dcc2-4243-ad2b-a76f63494cc9",1.78e+13
"Opuntia galapageia Hemsl.","Opuntia","galapageia","-90.7344","0.5412","Ecuador","Cabo Ibbetson",NA,"211ace54-dcc2-4243-ad2b-a76f63494cc9",1.78e+13
"Opuntia galapageia Hemsl.","Opuntia","galapageia","-90.7344","0.5412","Ecuador","Cabo Ibbetson",NA,"211ace54-dcc2-4243-ad2b-a76f63494cc9",1.78e+13
"Opuntia galapageia Hemsl.","Opuntia","galapageia","-90.7344","0.5412","Ecuador","Cabo Ibbetson",NA,"211ace54-dcc2-4243-ad2b-a76f63494cc9",1.78e+13
"Opuntia galapageia Hensl.","Opuntia","megasperma","-89.4816","-0.8953","Ecuador","Isla San Cristobal",NA,"211ace54-dcc2-4243-ad2b-a76f63494cc9",5.58e+08
"Opuntia galapageia Hensl.","Opuntia","megasperma","-89.4816","-0.8953","Ecuador","Isla San Cristobal",NA,"211ace54-dcc2-4243-ad2b-a76f63494cc9",5.58e+08
"Opuntia galapageia Hensl.","Opuntia","megasperma","-89.4816","-0.8953","Ecuador","Isla San Cristobal",NA,"211ace54-dcc2-4243-ad2b-a76f63494cc9",5.58e+08
"Opuntia galapageia Hensl.","Opuntia","megasperma","-89.4167","-0.8083","Ecuador","Isla San Cristobal",NA,"211ace54-dcc2-4243-ad2b-a76f63494cc9",5.58e+08
"Opuntia galapageia Hensl.","Opuntia","megasperma","-89.4816","-0.8953","Ecuador","Isla San Cristobal",NA,"211ace54-dcc2-4243-ad2b-a76f63494cc9",5.58e+08
"Opuntia galapageia Hensl.","Opuntia","megasperma","-89.4816","-0.8953","Ecuador","Isla San Cristobal",NA,"211ace54-dcc2-4243-ad2b-a76f63494cc9",5.58e+08
"Opuntia galapageia var. myriacantha (F.A.C.Weber) Backeb.","Opuntia","echios","-90.33849","-0.76211","Ecuador","Isla Santa Cruz",NA,"211ace54-dcc2-4243-ad2b-a76f63494cc9",9.86e+08
"Opuntia ficus-indica (L.) Mill.","Opuntia","ficus-indica","-90.33849","-0.76211","Ecuador","Isla Santa Cruz",NA,"211ace54-dcc2-4243-ad2b-a76f63494cc9",9.86e+08
"Opuntia galapageia var. myriacantha (F.A.C.Weber) Backeb.","Opuntia","echios","-90.283333","-0.733333","Ecuador","Isla Santa Cruz",NA,"211ace54-dcc2-4243-ad2b-a76f63494cc9",9.86e+08
"Opuntia galapageia var. myriacantha (F.A.C.Weber) Backeb.","Opuntia","echios","-90.283333","-0.733333","Ecuador","Isla Santa Cruz",NA,"211ace54-dcc2-4243-ad2b-a76f63494cc9",9.86e+08
"Opuntia ficus-indica (L.) Mill.","Opuntia","ficus-indica","-90.283333","-0.733333","Ecuador","Isla Santa Cruz",NA,"211ace54-dcc2-4243-ad2b-a76f63494cc9",9.86e+08
"Opuntia galapageia var. myriacantha (F.A.C.Weber) Backeb.","Opuntia","echios","-90.283333","-0.733333","Ecuador","Isla Santa Cruz",NA,"211ace54-dcc2-4243-ad2b-a76f63494cc9",9.86e+08
"Opuntia ficus-indica (L.) Mill.","Opuntia","ficus-indica","-90.283333","-0.733333","Ecuador","Isla Santa Cruz",NA,"211ace54-dcc2-4243-ad2b-a76f63494cc9",9.86e+08
"Opuntia galapageia var. myriacantha (F.A.C.Weber) Backeb.","Opuntia","echios","-90.283333","-0.733333","Ecuador","Isla Santa Cruz",NA,"211ace54-dcc2-4243-ad2b-a76f63494cc9",9.86e+08
"Opuntia ficus-indica (L.) Mill.","Opuntia","ficus-indica","-90.283333","-0.733333","Ecuador","Isla Santa Cruz",NA,"211ace54-dcc2-4243-ad2b-a76f63494cc9",9.86e+08
"Opuntia galapageia var. myriacantha (F.A.C.Weber) Backeb.","Opuntia","echios","-90.283333","-0.733333","Ecuador","Isla Santa Cruz",NA,"211ace54-dcc2-4243-ad2b-a76f63494cc9",9.86e+08
"Opuntia ficus-indica (L.) Mill.","Opuntia","ficus-indica","-90.283333","-0.733333","Ecuador","Isla Santa Cruz",NA,"211ace54-dcc2-4243-ad2b-a76f63494cc9",9.86e+08
"Opuntia ficus-indica (L.) Mill.","Opuntia","ficus-indica","-90.327611","-0.662083","Ecuador","Isla Santa Cruz",NA,"211ace54-dcc2-4243-ad2b-a76f63494cc9",9.86e+08
"Opuntia galapageia var. myriacantha (F.A.C.Weber) Backeb.","Opuntia","echios","-90.33849","-0.76211","Ecuador","Isla Santa Cruz",NA,"211ace54-dcc2-4243-ad2b-a76f63494cc9",9.86e+08
"Opuntia galapageia var. myriacantha (F.A.C.Weber) Backeb.","Opuntia","echios","-90.33849","-0.76211","Ecuador","Isla Santa Cruz",NA,"211ace54-dcc2-4243-ad2b-a76f63494cc9",9.86e+08
"Opuntia galapageia var. myriacantha (F.A.C.Weber) Backeb.","Opuntia","echios","-90.34308","-0.76142","Ecuador","Isla Santa Cruz",NA,"211ace54-dcc2-4243-ad2b-a76f63494cc9",9.86e+08
"Opuntia ficus-indica (L.) Mill.","Opuntia","ficus-indica","-90.34308","-0.76142","Ecuador","Isla Santa Cruz",NA,"211ace54-dcc2-4243-ad2b-a76f63494cc9",9.86e+08
"Opuntia galapageia var. myriacantha (F.A.C.Weber) Backeb.","Opuntia","echios","-90.34308","-0.76142","Ecuador","Isla Santa Cruz",NA,"211ace54-dcc2-4243-ad2b-a76f63494cc9",9.86e+08
"Opuntia galapageia var. myriacantha (F.A.C.Weber) Backeb.","Opuntia","echios","-90.34308","-0.76142","Ecuador","Isla Santa Cruz",NA,"211ace54-dcc2-4243-ad2b-a76f63494cc9",9.86e+08
"Opuntia galapageia var. myriacantha (F.A.C.Weber) Backeb.","Opuntia","echios","-90.34308","-0.76142","Ecuador","Isla Santa Cruz",NA,"211ace54-dcc2-4243-ad2b-a76f63494cc9",9.86e+08
"Opuntia ficus-indica (L.) Mill.","Opuntia","ficus-indica","-90.34308","-0.76142","Ecuador","Isla Santa Cruz",NA,"211ace54-dcc2-4243-ad2b-a76f63494cc9",9.86e+08
"Opuntia galapageia var. myriacantha (F.A.C.Weber) Backeb.","Opuntia","echios","-90.34308","-0.76142","Ecuador","Isla Santa Cruz",NA,"211ace54-dcc2-4243-ad2b-a76f63494cc9",9.86e+08
"Opuntia galapageia var. myriacantha (F.A.C.Weber) Backeb.","Opuntia","echios","-90.34308","-0.76142","Ecuador","Isla Santa Cruz",NA,"211ace54-dcc2-4243-ad2b-a76f63494cc9",9.86e+08
"Opuntia galapageia var. myriacantha (F.A.C.Weber) Backeb.","Opuntia","echios","-90.34308","-0.76142","Ecuador","Isla Santa Cruz",NA,"211ace54-dcc2-4243-ad2b-a76f63494cc9",9.86e+08
"Opuntia galapageia var. myriacantha (F.A.C.Weber) Backeb.","Opuntia","echios","-90.283333","-0.733333","Ecuador","Isla Santa Cruz",NA,"211ace54-dcc2-4243-ad2b-a76f63494cc9",9.86e+08
"Opuntia galapageia var. myriacantha (F.A.C.Weber) Backeb.","Opuntia","echios","-90.283333","-0.733333","Ecuador","Isla Santa Cruz",NA,"211ace54-dcc2-4243-ad2b-a76f63494cc9",9.86e+08
"Opuntia galapageia var. myriacantha (F.A.C.Weber) Backeb.","Opuntia","echios","-90.283333","-0.733333","Ecuador","Isla Santa Cruz",NA,"211ace54-dcc2-4243-ad2b-a76f63494cc9",9.86e+08
"Opuntia galapageia var. myriacantha (F.A.C.Weber) Backeb.","Opuntia","echios","-90.283333","-0.733333","Ecuador","Isla Santa Cruz",NA,"211ace54-dcc2-4243-ad2b-a76f63494cc9",9.86e+08
"Opuntia galapageia var. myriacantha (F.A.C.Weber) Backeb.","Opuntia","echios","-90.283333","-0.733333","Ecuador","Isla Santa Cruz",NA,"211ace54-dcc2-4243-ad2b-a76f63494cc9",9.86e+08
"Opuntia galapageia var. myriacantha (F.A.C.Weber) Backeb.","Opuntia","echios","-90.283333","-0.733333","Ecuador","Isla Santa Cruz",NA,"211ace54-dcc2-4243-ad2b-a76f63494cc9",9.86e+08
"Opuntia galapageia var. myriacantha (F.A.C.Weber) Backeb.","Opuntia","echios","-90.283333","-0.733333","Ecuador","Isla Santa Cruz",NA,"211ace54-dcc2-4243-ad2b-a76f63494cc9",9.86e+08
"Opuntia ficus-indica (L.) Mill.","Opuntia","ficus-indica","-90.283333","-0.733333","Ecuador","Isla Santa Cruz",NA,"211ace54-dcc2-4243-ad2b-a76f63494cc9",9.86e+08
"Opuntia galapageia var. myriacantha (F.A.C.Weber) Backeb.","Opuntia","echios","-90.283333","-0.733333","Ecuador","Isla Santa Cruz",NA,"211ace54-dcc2-4243-ad2b-a76f63494cc9",9.86e+08
"Opuntia galapageia var. myriacantha (F.A.C.Weber) Backeb.","Opuntia","echios","-90.283333","-0.733333","Ecuador","Isla Santa Cruz",NA,"211ace54-dcc2-4243-ad2b-a76f63494cc9",9.86e+08
"Opuntia ficus-indica (L.) Mill.","Opuntia","ficus-indica","-90.283333","-0.733333","Ecuador","Isla Santa Cruz",NA,"211ace54-dcc2-4243-ad2b-a76f63494cc9",9.86e+08
"Opuntia galapageia var. myriacantha (F.A.C.Weber) Backeb.","Opuntia","echios","-90.283333","-0.733333","Ecuador","Isla Santa Cruz",NA,"211ace54-dcc2-4243-ad2b-a76f63494cc9",9.86e+08
"Opuntia galapageia var. myriacantha (F.A.C.Weber) Backeb.","Opuntia","echios","-90.283333","-0.733333","Ecuador","Isla Santa Cruz",NA,"211ace54-dcc2-4243-ad2b-a76f63494cc9",9.86e+08
"Opuntia galapageia var. myriacantha (F.A.C.Weber) Backeb.","Opuntia","echios","-90.283333","-0.733333","Ecuador","Isla Santa Cruz",NA,"211ace54-dcc2-4243-ad2b-a76f63494cc9",9.86e+08
"Opuntia galapageia var. myriacantha (F.A.C.Weber) Backeb.","Opuntia","echios","-90.283333","-0.733333","Ecuador","Isla Santa Cruz",NA,"211ace54-dcc2-4243-ad2b-a76f63494cc9",9.86e+08
"Opuntia galapageia var. myriacantha (F.A.C.Weber) Backeb.","Opuntia","echios","-90.283333","-0.733333","Ecuador","Isla Santa Cruz",NA,"211ace54-dcc2-4243-ad2b-a76f63494cc9",9.86e+08
"Opuntia galapageia Hensl.","Opuntia","galapageia","-91.166414","-1.046206","Ecuador","Los Tuneles",NA,"50c9509d-22c7-4a22-a47d-8c48425ef4a7",1.78e+13
"Opuntia galapageia Hensl.","Opuntia","galapageia","-90.958814","-0.950014","Ecuador","Isla Isabela",NA,"50c9509d-22c7-4a22-a47d-8c48425ef4a7",1.78e+13
"Opuntia galapageia Hensl.","Opuntia","galapageia","-90.304874","-0.742306","Ecuador","Isla Santa Cruz",NA,"50c9509d-22c7-4a22-a47d-8c48425ef4a7",9.86e+08
"Opuntia Mill.","Opuntia",NA,"-91.173793","-0.465916","Ecuador","Isla Isabela",NA,"e3ce628e-9683-4af7-b7a9-47eef785d3bb",1.78e+13
"Opuntia galapageia var. barringtonensis (E.Y.Dawson) Backeb.","Opuntia","echios","-90.0583","-0.8167","Ecuador","Isla Santa Fe",NA,"211ace54-dcc2-4243-ad2b-a76f63494cc9",1.78e+13
"Opuntia galapageia var. galapageia","Opuntia","galapageia","-90.864785","-0.243054","Ecuador","Puerto Egas",NA,"50c9509d-22c7-4a22-a47d-8c48425ef4a7",1.78e+13
"Opuntia galapageia Hensl.","Opuntia","galapageia","-90.972758","-0.949642","Ecuador","Isla Isabela",NA,"50c9509d-22c7-4a22-a47d-8c48425ef4a7",1.78e+13
"Opuntia galapageia Hensl.","Opuntia","galapageia","-90.986006","-0.956619","Ecuador","Isla Isabela",NA,"50c9509d-22c7-4a22-a47d-8c48425ef4a7",1.78e+13
"Opuntia galapageia Hensl.","Opuntia","galapageia","-90.964147","-0.954457","Ecuador","Isla Isabela",NA,"50c9509d-22c7-4a22-a47d-8c48425ef4a7",1.78e+13
"Opuntia galapageia Hensl.","Opuntia","galapageia","-90.964147","-0.954457","Ecuador","Isla Isabela",NA,"50c9509d-22c7-4a22-a47d-8c48425ef4a7",1.78e+13
"Opuntia galapageia Hensl.","Opuntia","galapageia","-90.34035","-0.763692","Ecuador","Isla Santa Cruz",NA,"50c9509d-22c7-4a22-a47d-8c48425ef4a7",9.86e+08
"Opuntia galapageia Hensl.","Opuntia","galapageia","-90.335083","-0.761639","Ecuador","Isla Santa Cruz",NA,"6ac3f774-d9fb-4796-b3e9-92bf6c81c084",9.86e+08
"Opuntia galapageia Hensl.","Opuntia","galapageia","-90.965675","-0.955519","Ecuador","Isla Isabela",NA,"6ac3f774-d9fb-4796-b3e9-92bf6c81c084",1.78e+13
"Opuntia galapageia Hensl.","Opuntia","galapageia","-90.965675","-0.955519","Ecuador","Isla Isabela",NA,"6ac3f774-d9fb-4796-b3e9-92bf6c81c084",1.78e+13
"Opuntia galapageia Hensl.","Opuntia","galapageia","-90.352764","-0.587415","Ecuador","Isla Santa Cruz",NA,"50c9509d-22c7-4a22-a47d-8c48425ef4a7",9.86e+08
"Opuntia galapageia Hensl.","Opuntia","galapageia","-90.5554","-0.283969","Ecuador","Isla San Salvador",NA,"50c9509d-22c7-4a22-a47d-8c48425ef4a7",1.78e+13
"Opuntia galapageia Hensl.","Opuntia","galapageia","-90.163419","-0.584559","Ecuador",NA,NA,"50c9509d-22c7-4a22-a47d-8c48425ef4a7",1.78e+13
"Opuntia galapageia Hensl.","Opuntia","galapageia","-90.16331","-0.584033","Ecuador",NA,NA,"50c9509d-22c7-4a22-a47d-8c48425ef4a7",1.78e+13
"Opuntia galapageia Hensl.","Opuntia","galapageia","-90.342293","-0.496782","Ecuador","Isla Santa Cruz",NA,"50c9509d-22c7-4a22-a47d-8c48425ef4a7",9.86e+08
"Opuntia galapageia Hensl.","Opuntia","galapageia","-90.163493","-0.58315","Ecuador",NA,NA,"50c9509d-22c7-4a22-a47d-8c48425ef4a7",1.78e+13
"Opuntia galapageia Hensl.","Opuntia","galapageia","-90.065334","-0.819877","Ecuador","Isla Santa Fe",NA,"50c9509d-22c7-4a22-a47d-8c48425ef4a7",1.78e+13
"Opuntia galapageia Hensl.","Opuntia","galapageia","-90.302485","-0.670111","Ecuador","Isla Santa Cruz",NA,"50c9509d-22c7-4a22-a47d-8c48425ef4a7",9.86e+08
"Opuntia galapageia var. myriacantha (F.A.C.Weber) Backeb.","Opuntia","echios","-90.327611","-0.662083","Ecuador","Isla Santa Cruz",NA,"211ace54-dcc2-4243-ad2b-a76f63494cc9",9.86e+08
"Opuntia galapageia Hensl.","Opuntia","galapageia","-90.488548","-0.525813","Ecuador","Sendero Cerro Dragón",NA,"50c9509d-22c7-4a22-a47d-8c48425ef4a7",1.78e+13
"Opuntia galapageia Hemsl.","Opuntia","galapageia","-90.7344","0.5412","Ecuador","Cabo Ibbetson",NA,"211ace54-dcc2-4243-ad2b-a76f63494cc9",1.78e+13
"Opuntia ficus-indica (L.) Mill.","Opuntia","ficus-indica","-90.33849","-0.7611","Ecuador","Isla Santa Cruz",NA,"211ace54-dcc2-4243-ad2b-a76f63494cc9",9.86e+08
"Opuntia ficus-indica (L.) Mill.","Opuntia","ficus-indica","-90.33849","-0.7611","Ecuador","Isla Santa Cruz",NA,"211ace54-dcc2-4243-ad2b-a76f63494cc9",9.86e+08
"Opuntia ficus-indica (L.) Mill.","Opuntia","ficus-indica","-90.33849","-0.7611","Ecuador","Isla Santa Cruz",NA,"211ace54-dcc2-4243-ad2b-a76f63494cc9",9.86e+08
"Opuntia galapageia var. myriacantha (F.A.C.Weber) Backeb.","Opuntia","echios","-90.33849","-0.7611","Ecuador","Isla Santa Cruz",NA,"211ace54-dcc2-4243-ad2b-a76f63494cc9",9.86e+08
"Opuntia galapageia var. myriacantha (F.A.C.Weber) Backeb.","Opuntia","echios","-90.33849","-0.7611","Ecuador","Isla Santa Cruz",NA,"211ace54-dcc2-4243-ad2b-a76f63494cc9",9.86e+08
"Opuntia galapageia var. myriacantha (F.A.C.Weber) Backeb.","Opuntia","echios","-90.33849","-0.7611","Ecuador","Isla Santa Cruz",NA,"211ace54-dcc2-4243-ad2b-a76f63494cc9",9.86e+08
"Opuntia galapageia var. myriacantha (F.A.C.Weber) Backeb.","Opuntia","echios","-90.33849","-0.7611","Ecuador","Isla Santa Cruz",NA,"211ace54-dcc2-4243-ad2b-a76f63494cc9",9.86e+08
"Opuntia ficus-indica (L.) Mill.","Opuntia","ficus-indica","-90.33849","-0.7611","Ecuador","Isla Santa Cruz",NA,"211ace54-dcc2-4243-ad2b-a76f63494cc9",9.86e+08
"Opuntia galapageia var. myriacantha (F.A.C.Weber) Backeb.","Opuntia","echios","-90.33754","-0.628955","Ecuador","Isla Santa Cruz",NA,"3c59bd42-7bfd-421b-8da4-275780390e4c",9.86e+08
"Opuntia galapageia Hensl.","Opuntia","galapageia","-90.343554","-0.493505","Ecuador","Playa Las Bachas",NA,"50c9509d-22c7-4a22-a47d-8c48425ef4a7",1.78e+13
"Opuntia galapageia var. galapageia","Opuntia","galapageia","-90.550602","-0.284296","Ecuador","Isla de San Bartolome",NA,"50c9509d-22c7-4a22-a47d-8c48425ef4a7",1.78e+13
"Opuntia galapageia var. galapageia","Opuntia","galapageia","-90.550602","-0.284296","Ecuador","Isla de San Bartolome",NA,"50c9509d-22c7-4a22-a47d-8c48425ef4a7",1.78e+13
"Opuntia galapageia var. galapageia","Opuntia","galapageia","-90.550602","-0.284296","Ecuador","Isla de San Bartolome",NA,"50c9509d-22c7-4a22-a47d-8c48425ef4a7",1.78e+13
"Opuntia galapageia Hensl.","Opuntia","galapageia","-90.949122","-0.890606","Ecuador","Isla Isabela",NA,"50c9509d-22c7-4a22-a47d-8c48425ef4a7",1.78e+13
"Opuntia galapageia Hensl.","Opuntia","galapageia","-90.949122","-0.890606","Ecuador","Isla Isabela",NA,"50c9509d-22c7-4a22-a47d-8c48425ef4a7",1.78e+13
"Opuntia galapageia Hensl.","Opuntia","megasperma","-89.42596","-0.83836","Ecuador","Isla San Cristobal",NA,"3c59bd42-7bfd-421b-8da4-275780390e4c",5.58e+08
"Opuntia galapageia Hensl.","Opuntia","megasperma","-89.42596","-0.83836","Ecuador","Isla San Cristobal",NA,"3c59bd42-7bfd-421b-8da4-275780390e4c",5.58e+08
"Opuntia galapageia Hensl.","Opuntia","galapageia","-90.484267","-0.530217","Ecuador","Isla Santa Cruz",NA,"50c9509d-22c7-4a22-a47d-8c48425ef4a7",9.86e+08
"Opuntia galapageia Hensl.","Opuntia","galapageia","-90.705859","-0.399286","Ecuador","No name (flamingos)",NA,"50c9509d-22c7-4a22-a47d-8c48425ef4a7",1.78e+13
"Opuntia galapageia Hensl.","Opuntia","galapageia","-91.013526","-0.964898","Ecuador","Isla Isabela",NA,"50c9509d-22c7-4a22-a47d-8c48425ef4a7",1.78e+13
"Opuntia galapageia Hensl.","Opuntia","galapageia","-90.287833","-0.396022","Ecuador","Isla North Seymore",NA,"50c9509d-22c7-4a22-a47d-8c48425ef4a7",1.78e+13
"Opuntia galapageia Hensl.","Opuntia","galapageia","-90.303841","-0.742243","Ecuador","Isla Santa Cruz",NA,"50c9509d-22c7-4a22-a47d-8c48425ef4a7",9.86e+08
"Opuntia galapageia Hensl.","Opuntia","galapageia","-90.709442","-0.412827","Ecuador","Isla Rábida",NA,"50c9509d-22c7-4a22-a47d-8c48425ef4a7",1.78e+13
"Opuntia galapageia Hensl.","Opuntia","galapageia","-90.163185","-0.583609","Ecuador",NA,NA,"50c9509d-22c7-4a22-a47d-8c48425ef4a7",1.78e+13
"Opuntia galapageia Hensl.","Opuntia","galapageia","-90.163185","-0.583609","Ecuador",NA,NA,"50c9509d-22c7-4a22-a47d-8c48425ef4a7",1.78e+13
"Opuntia galapageia Hensl.","Opuntia","galapageia","-91.3331","-0.718783","Ecuador","Isla Isabela",NA,"50c9509d-22c7-4a22-a47d-8c48425ef4a7",1.78e+13
"Opuntia galapageia Hensl.","Opuntia","galapageia","-91.3331","-0.718783","Ecuador","Isla Isabela",NA,"50c9509d-22c7-4a22-a47d-8c48425ef4a7",1.78e+13
"Opuntia galapageia Hensl.","Opuntia","galapageia","-90.166024","-0.58283","Ecuador","Isla Plaza Sur",NA,"50c9509d-22c7-4a22-a47d-8c48425ef4a7",1.78e+13
"Opuntia galapageia Hensl.","Opuntia","galapageia","-91.135369","-0.828753","Ecuador","Isla Isabela",NA,"50c9509d-22c7-4a22-a47d-8c48425ef4a7",1.78e+13
"Opuntia galapageia Hensl.","Opuntia","galapageia","-90.291896","-0.398963","Ecuador","Isla North Seymore",NA,"50c9509d-22c7-4a22-a47d-8c48425ef4a7",1.78e+13
"Opuntia galapageia Hensl.","Opuntia","galapageia","-90.33546","-0.762307","Ecuador","Isla Santa Cruz",NA,"50c9509d-22c7-4a22-a47d-8c48425ef4a7",9.86e+08
"Opuntia galapageia Hensl.","Opuntia","galapageia","-90.33546","-0.762307","Ecuador","Isla Santa Cruz",NA,"50c9509d-22c7-4a22-a47d-8c48425ef4a7",9.86e+08
"Opuntia galapageia Hensl.","Opuntia","galapageia","-90.343301","-0.493456","Ecuador","Playa Las Bachas",NA,"50c9509d-22c7-4a22-a47d-8c48425ef4a7",1.78e+13
"Opuntia galapageia Hensl.","Opuntia","galapageia","-90.71203","-0.401362","Ecuador","No name (flamingos)",NA,"50c9509d-22c7-4a22-a47d-8c48425ef4a7",1.78e+13
"Opuntia galapageia Hensl.","Opuntia","galapageia","-90.163982","-0.583652","Ecuador",NA,NA,"50c9509d-22c7-4a22-a47d-8c48425ef4a7",1.78e+13
"Opuntia galapageia Hensl.","Opuntia","galapageia","-90.284924","-0.394577","Ecuador","Isla Seymour Norte",NA,"50c9509d-22c7-4a22-a47d-8c48425ef4a7",1875000
"Opuntia galapageia Hensl.","Opuntia","galapageia","-90.287018","-0.400998","Ecuador","Isla North Seymore",NA,"50c9509d-22c7-4a22-a47d-8c48425ef4a7",1.78e+13
"Opuntia galapageia Hensl.","Opuntia","galapageia","-90.990239","-0.959778","Ecuador","Isla Isabela",NA,"50c9509d-22c7-4a22-a47d-8c48425ef4a7",1.78e+13
"Opuntia galapageia Hensl.","Opuntia","galapageia","-90.971562","-0.952577","Ecuador","Isla Isabela",NA,"50c9509d-22c7-4a22-a47d-8c48425ef4a7",1.78e+13
"Opuntia galapageia Hensl.","Opuntia","galapageia","-90.972129","-0.954801","Ecuador","Isla Isabela",NA,"50c9509d-22c7-4a22-a47d-8c48425ef4a7",1.78e+13
"Opuntia galapageia Hensl.","Opuntia","galapageia","-90.989254","-0.960031","Ecuador","Isla Isabela",NA,"50c9509d-22c7-4a22-a47d-8c48425ef4a7",1.78e+13
"Opuntia galapageia Hensl.","Opuntia","galapageia","-90.291973","-0.399471","Ecuador","Isla North Seymore",NA,"50c9509d-22c7-4a22-a47d-8c48425ef4a7",1.78e+13
"Opuntia galapageia Hensl.","Opuntia","galapageia","-90.290342","-0.400282","Ecuador","Isla North Seymore",NA,"50c9509d-22c7-4a22-a47d-8c48425ef4a7",1.78e+13
"Opuntia galapageia Hensl.","Opuntia","galapageia","-90.86085","-0.243773","Ecuador","Fábrica de sal",NA,"50c9509d-22c7-4a22-a47d-8c48425ef4a7",1.78e+13
"Opuntia galapageia Hensl.","Opuntia","galapageia","-90.828013","-0.163012","Ecuador","""Monje""",NA,"50c9509d-22c7-4a22-a47d-8c48425ef4a7",1.78e+13
"Opuntia galapageia Hensl.","Opuntia","galapageia","-90.574845","-0.235522","Ecuador","Roca Cousin",NA,"50c9509d-22c7-4a22-a47d-8c48425ef4a7",1.78e+13
"Opuntia galapageia Hensl.","Opuntia","galapageia","-90.559782","-0.287228","Ecuador","Isla San Salvador",NA,"50c9509d-22c7-4a22-a47d-8c48425ef4a7",1.78e+13
"Opuntia galapageia Hensl.","Opuntia","galapageia","-89.946348","0.315513","Ecuador","Playa Darwin",NA,"50c9509d-22c7-4a22-a47d-8c48425ef4a7",1.78e+13
"Opuntia galapageia Hensl.","Opuntia","galapageia","-90.217203","-0.720478","Ecuador","Puerto Núñez",NA,"50c9509d-22c7-4a22-a47d-8c48425ef4a7",1.78e+13
"Opuntia galapageia var. gigantea (J.T.Howell) Backeb.","Opuntia","echios","-90.313754","-0.747481","Ecuador","Isla Santa Cruz",NA,"211ace54-dcc2-4243-ad2b-a76f63494cc9",9.86e+08
"Opuntia galapageia Hensl.","Opuntia","galapageia","-91.00248","-0.961424","Ecuador","Isla Isabela",NA,"50c9509d-22c7-4a22-a47d-8c48425ef4a7",1.78e+13
"Opuntia galapageia Hensl.","Opuntia","galapageia","-90.340655","-0.494089","Ecuador","Caleta Tortuga Negra",NA,"50c9509d-22c7-4a22-a47d-8c48425ef4a7",1.78e+13
"Opuntia galapageia Hensl.","Opuntia","galapageia","-89.956613","0.319437","Ecuador","Isla Genovesa",NA,"50c9509d-22c7-4a22-a47d-8c48425ef4a7",1.78e+13
"Opuntia galapageia Hensl.","Opuntia","galapageia","-89.955498","0.318364","Ecuador","Isla Genovesa",NA,"50c9509d-22c7-4a22-a47d-8c48425ef4a7",1.78e+13
"Opuntia galapageia Hensl.","Opuntia","galapageia","-90.160653","-0.584333","Ecuador",NA,NA,"50c9509d-22c7-4a22-a47d-8c48425ef4a7",1.78e+13
"Opuntia galapageia Hensl.","Opuntia","galapageia","-90.287052","-0.643069","Ecuador","Isla Santa Cruz",NA,"50c9509d-22c7-4a22-a47d-8c48425ef4a7",9.86e+08
"Opuntia galapageia Hensl.","Opuntia","galapageia","-90.745655","-0.272595","Ecuador","Isla San Salvador",NA,"50c9509d-22c7-4a22-a47d-8c48425ef4a7",1.78e+13
"Opuntia galapageia Hensl.","Opuntia","galapageia","-90.285386","-0.394134","Ecuador","Isla Seymour Norte",NA,"50c9509d-22c7-4a22-a47d-8c48425ef4a7",1875000
"Opuntia galapageia Hensl.","Opuntia","galapageia","-89.950807","0.319439","Ecuador","Playa Darwin",NA,"50c9509d-22c7-4a22-a47d-8c48425ef4a7",1.78e+13
"Opuntia galapageia var. myriacantha (F.A.C.Weber) Backeb.","Opuntia","echios","-90.161362","-0.584497","Ecuador",NA,NA,"6ac3f774-d9fb-4796-b3e9-92bf6c81c084",1.78e+13
"Opuntia galapageia Hensl.","Opuntia","galapageia","-89.60886","-0.88752","Ecuador","Cerro Tijeretas",NA,"50c9509d-22c7-4a22-a47d-8c48425ef4a7",1.78e+13
"Opuntia galapageia Hensl.","Opuntia","galapageia","-91.129058","-0.843748","Ecuador","Isla Isabela",NA,"50c9509d-22c7-4a22-a47d-8c48425ef4a7",1.78e+13
"Opuntia galapageia Hensl.","Opuntia","galapageia","-91.078248","-0.996964","Ecuador","Isla Isabela",NA,"50c9509d-22c7-4a22-a47d-8c48425ef4a7",1.78e+13
"Opuntia galapageia Hensl.","Opuntia","galapageia","-90.291708","-0.424385","Ecuador","Playa de los Milionarios",NA,"50c9509d-22c7-4a22-a47d-8c48425ef4a7",1.78e+13
"Opuntia galapageia Hensl.","Opuntia","megasperma","-89.42596","-0.83836","Ecuador","Isla San Cristobal",NA,"3c59bd42-7bfd-421b-8da4-275780390e4c",5.58e+08
"Opuntia galapageia Hensl.","Opuntia","megasperma","-89.42596","-0.83836","Ecuador","Isla San Cristobal",NA,"3c59bd42-7bfd-421b-8da4-275780390e4c",5.58e+08
"Opuntia galapageia Hensl.","Opuntia","megasperma","-89.42596","-0.83836","Ecuador","Isla San Cristobal",NA,"3c59bd42-7bfd-421b-8da4-275780390e4c",5.58e+08
"Opuntia galapageia Hensl.","Opuntia","galapageia","-90.162859","-0.583905","Ecuador",NA,NA,"50c9509d-22c7-4a22-a47d-8c48425ef4a7",1.78e+13
"Opuntia galapageia Hensl.","Opuntia","galapageia","-90.708283","-0.400216","Ecuador","No name (flamingos)",NA,"50c9509d-22c7-4a22-a47d-8c48425ef4a7",1.78e+13
"Opuntia galapageia Hensl.","Opuntia","galapageia","-91.369174","-0.255645","Ecuador","Isla Isabela",NA,"50c9509d-22c7-4a22-a47d-8c48425ef4a7",1.78e+13
"Opuntia galapageia Hensl.","Opuntia","megasperma","-90.309871","-0.74301","Ecuador","Isla Santa Cruz",NA,"211ace54-dcc2-4243-ad2b-a76f63494cc9",9.86e+08
"Opuntia galapageia Hensl.","Opuntia","megasperma","-90.309871","-0.74301","Ecuador","Isla Santa Cruz",NA,"211ace54-dcc2-4243-ad2b-a76f63494cc9",9.86e+08
"Opuntia galapageia Hensl.","Opuntia","megasperma","-90.309871","-0.74301","Ecuador","Isla Santa Cruz",NA,"211ace54-dcc2-4243-ad2b-a76f63494cc9",9.86e+08
"Opuntia galapageia Hensl.","Opuntia","galapageia","-90.287833","-0.396022","Ecuador","Isla North Seymore",NA,"50c9509d-22c7-4a22-a47d-8c48425ef4a7",1.78e+13
"Opuntia galapageia Hensl.","Opuntia","galapageia","-90.305986","-0.741811","Ecuador","Isla Santa Cruz",NA,"50c9509d-22c7-4a22-a47d-8c48425ef4a7",9.86e+08
"Opuntia galapageia Hensl.","Opuntia","galapageia","-90.25296","-0.668675","Ecuador","Isla Santa Cruz",NA,"50c9509d-22c7-4a22-a47d-8c48425ef4a7",9.86e+08
"Opuntia galapageia Hensl.","Opuntia","galapageia","-90.291603","-0.398637","Ecuador","Isla North Seymore",NA,"50c9509d-22c7-4a22-a47d-8c48425ef4a7",1.78e+13
"Opuntia galapageia Hensl.","Opuntia","galapageia","-90.303097","-0.741122","Ecuador","Isla Santa Cruz",NA,"50c9509d-22c7-4a22-a47d-8c48425ef4a7",9.86e+08
"Opuntia galapageia Hensl.","Opuntia","galapageia","-90.303099","-0.74119","Ecuador","Isla Santa Cruz",NA,"50c9509d-22c7-4a22-a47d-8c48425ef4a7",9.86e+08
"Opuntia galapageia Hensl.","Opuntia","galapageia","-90.163836","-0.583772","Ecuador",NA,NA,"50c9509d-22c7-4a22-a47d-8c48425ef4a7",1.78e+13
"Opuntia galapageia Hensl.","Opuntia","galapageia","-90.163836","-0.583772","Ecuador",NA,NA,"50c9509d-22c7-4a22-a47d-8c48425ef4a7",1.78e+13
"Opuntia galapageia Hensl.","Opuntia","galapageia","-90.163836","-0.583772","Ecuador",NA,NA,"50c9509d-22c7-4a22-a47d-8c48425ef4a7",1.78e+13
"Opuntia galapageia Hensl.","Opuntia","galapageia","-90.163836","-0.583772","Ecuador",NA,NA,"50c9509d-22c7-4a22-a47d-8c48425ef4a7",1.78e+13
"Opuntia galapageia Hensl.","Opuntia","galapageia","-90.163836","-0.583772","Ecuador",NA,NA,"50c9509d-22c7-4a22-a47d-8c48425ef4a7",1.78e+13
"Opuntia galapageia Hensl.","Opuntia","galapageia","-90.303765","-0.742315","Ecuador","Isla Santa Cruz",NA,"50c9509d-22c7-4a22-a47d-8c48425ef4a7",9.86e+08
"Opuntia galapageia Hensl.","Opuntia","galapageia","-90.555529","-0.285831","Ecuador","Pináculo",NA,"50c9509d-22c7-4a22-a47d-8c48425ef4a7",1.78e+13
"Opuntia galapageia Hensl.","Opuntia","galapageia","-89.949666","0.318143","Ecuador","Playa Darwin",NA,"50c9509d-22c7-4a22-a47d-8c48425ef4a7",1.78e+13
"Opuntia galapageia Hensl.","Opuntia","galapageia","-89.610894","-0.903123","Ecuador","Isla San Cristobal",NA,"50c9509d-22c7-4a22-a47d-8c48425ef4a7",5.58e+08
"Opuntia galapageia Hensl.","Opuntia","galapageia","-90.163617","-0.583871","Ecuador",NA,NA,"50c9509d-22c7-4a22-a47d-8c48425ef4a7",1.78e+13
"Opuntia galapageia Hensl.","Opuntia","galapageia","-90.162185","-0.583881","Ecuador",NA,NA,"50c9509d-22c7-4a22-a47d-8c48425ef4a7",1.78e+13
"Opuntia galapageia Hensl.","Opuntia","galapageia","-90.713933","-0.413392","Ecuador","Isla Rábida",NA,"50c9509d-22c7-4a22-a47d-8c48425ef4a7",1.78e+13
"Opuntia galapageia Hensl.","Opuntia","galapageia","-90.291669","-0.398571","Ecuador","Isla North Seymore",NA,"50c9509d-22c7-4a22-a47d-8c48425ef4a7",1.78e+13
"Opuntia galapageia Hensl.","Opuntia","galapageia","-89.606981","-0.900292","Ecuador","Isla San Cristobal",NA,"50c9509d-22c7-4a22-a47d-8c48425ef4a7",5.58e+08
"Opuntia galapageia Hensl.","Opuntia","galapageia","-89.436391","-0.867471","Ecuador","Isla San Cristobal",NA,"50c9509d-22c7-4a22-a47d-8c48425ef4a7",5.58e+08
"Opuntia galapageia Hensl.","Opuntia","galapageia","-91.333124","-0.746805","Ecuador","Isla Isabela",NA,"50c9509d-22c7-4a22-a47d-8c48425ef4a7",1.78e+13
"Opuntia galapageia Hensl.","Opuntia","galapageia","-90.30751","-0.741103","Ecuador","Isla Santa Cruz",NA,"50c9509d-22c7-4a22-a47d-8c48425ef4a7",9.86e+08
"Opuntia galapageia Hensl.","Opuntia","galapageia","-90.960418","-0.96028","Ecuador","Isla Isabela",NA,"50c9509d-22c7-4a22-a47d-8c48425ef4a7",1.78e+13
"Opuntia galapageia Hensl.","Opuntia","galapageia","-90.337189","-0.639359","Ecuador","Isla Santa Cruz",NA,"50c9509d-22c7-4a22-a47d-8c48425ef4a7",9.86e+08
"Opuntia galapageia Hensl.","Opuntia","galapageia","-90.163852","-0.583761","Ecuador",NA,NA,"50c9509d-22c7-4a22-a47d-8c48425ef4a7",1.78e+13
"Opuntia galapageia Hensl.","Opuntia","galapageia","-90.065334","-0.819877","Ecuador","Isla Santa Fe",NA,"50c9509d-22c7-4a22-a47d-8c48425ef4a7",1.78e+13
"Opuntia galapageia Hensl.","Opuntia","galapageia","-90.332251","-0.758979","Ecuador","Isla Santa Cruz",NA,"50c9509d-22c7-4a22-a47d-8c48425ef4a7",9.86e+08
"Opuntia galapageia Hensl.","Opuntia","galapageia","-90.332251","-0.758979","Ecuador","Isla Santa Cruz",NA,"50c9509d-22c7-4a22-a47d-8c48425ef4a7",9.86e+08
"Opuntia galapageia Hensl.","Opuntia","galapageia","-90.308278","-0.74182","Ecuador","Isla Santa Cruz",NA,"50c9509d-22c7-4a22-a47d-8c48425ef4a7",9.86e+08
"Opuntia galapageia Hensl.","Opuntia","galapageia","-90.304871","-0.739664","Ecuador","Isla Santa Cruz",NA,"50c9509d-22c7-4a22-a47d-8c48425ef4a7",9.86e+08
"Opuntia galapageia Hensl.","Opuntia","galapageia","-90.710527","-0.417199","Ecuador","Isla Rábida",NA,"50c9509d-22c7-4a22-a47d-8c48425ef4a7",1.78e+13
"Opuntia galapageia Hensl.","Opuntia","galapageia","-90.312415","-0.756133","Ecuador","Isla Santa Cruz",NA,"50c9509d-22c7-4a22-a47d-8c48425ef4a7",9.86e+08
"Opuntia galapageia Hensl.","Opuntia","galapageia","-90.488548","-0.525813","Ecuador","Sendero Cerro Dragón",NA,"50c9509d-22c7-4a22-a47d-8c48425ef4a7",1.78e+13
"Opuntia galapageia Hensl.","Opuntia","galapageia","-89.609993","-0.900478","Ecuador","Isla San Cristobal",NA,"50c9509d-22c7-4a22-a47d-8c48425ef4a7",5.58e+08
"Opuntia galapageia Hensl.","Opuntia","galapageia","-90.314358","-0.741147","Ecuador","Isla Santa Cruz",NA,"50c9509d-22c7-4a22-a47d-8c48425ef4a7",9.86e+08
"Opuntia galapageia var. macrocarpa E.Y.Dawson","Opuntia","galapageia","-90.6658","-0.6083","Ecuador","Isla Pinzón",NA,"211ace54-dcc2-4243-ad2b-a76f63494cc9",1.8e+07
"Opuntia galapageia Hensl.","Opuntia","galapageia","-90.710527","-0.417199","Ecuador","Isla Rábida",NA,"50c9509d-22c7-4a22-a47d-8c48425ef4a7",1.78e+13
"Opuntia galapageia Hensl.","Opuntia","galapageia","-90.315689","-0.743292","Ecuador","Isla Santa Cruz",NA,"50c9509d-22c7-4a22-a47d-8c48425ef4a7",9.86e+08
"Opuntia galapageia Hensl.","Opuntia","galapageia","-90.332594","-0.682209","Ecuador","Isla Santa Cruz",NA,"50c9509d-22c7-4a22-a47d-8c48425ef4a7",9.86e+08
"Opuntia galapageia var. galapageia","Opuntia","galapageia","-90.715275","-0.261984","Ecuador","Isla San Salvador",NA,"50c9509d-22c7-4a22-a47d-8c48425ef4a7",1.78e+13
"Opuntia galapageia Hensl.","Opuntia","galapageia","-90.277574","-0.448338","Ecuador","Isla Baltra",NA,"50c9509d-22c7-4a22-a47d-8c48425ef4a7",1.78e+13
"Opuntia galapageia Hensl.","Opuntia","galapageia","-90.271394","-0.459667","Ecuador","Isla Baltra",NA,"50c9509d-22c7-4a22-a47d-8c48425ef4a7",1.78e+13
"Opuntia galapageia Hensl.","Opuntia","galapageia","-90.271394","-0.459667","Ecuador","Isla Baltra",NA,"50c9509d-22c7-4a22-a47d-8c48425ef4a7",1.78e+13
"Opuntia galapageia Hensl.","Opuntia","galapageia","-89.672217","-1.375842","Ecuador","Isla Espanola",NA,"50c9509d-22c7-4a22-a47d-8c48425ef4a7",6e+07
"Opuntia galapageia Hensl.","Opuntia","galapageia","-90.16367","-0.583787","Ecuador",NA,NA,"50c9509d-22c7-4a22-a47d-8c48425ef4a7",1.78e+13
"Opuntia galapageia Hensl.","Opuntia","galapageia","-90.16367","-0.583787","Ecuador",NA,NA,"50c9509d-22c7-4a22-a47d-8c48425ef4a7",1.78e+13
"Opuntia galapageia Hensl.","Opuntia","galapageia","-90.323456","-0.653091","Ecuador","Isla Santa Cruz",NA,"50c9509d-22c7-4a22-a47d-8c48425ef4a7",9.86e+08
"Opuntia galapageia Hensl.","Opuntia","galapageia","-90.323456","-0.653091","Ecuador","Isla Santa Cruz",NA,"50c9509d-22c7-4a22-a47d-8c48425ef4a7",9.86e+08
"Opuntia galapageia Hensl.","Opuntia","galapageia","-90.715275","-0.261984","Ecuador","Isla San Salvador",NA,"50c9509d-22c7-4a22-a47d-8c48425ef4a7",1.78e+13
"Opuntia galapageia Hensl.","Opuntia","galapageia","-90.285172","-0.394478","Ecuador","Isla Seymour Norte",NA,"50c9509d-22c7-4a22-a47d-8c48425ef4a7",1875000
"Opuntia galapageia var. profusa E.F.Anderson & Walk.","Opuntia","galapageia","-90.7077","-0.411086","Ecuador","Isla Rábida",NA,"50c9509d-22c7-4a22-a47d-8c48425ef4a7",1.78e+13
"Opuntia galapageia var. profusa E.F.Anderson & Walk.","Opuntia","galapageia","-90.7077","-0.411086","Ecuador","Isla Rábida",NA,"50c9509d-22c7-4a22-a47d-8c48425ef4a7",1.78e+13
"Opuntia galapageia var. galapageia","Opuntia","galapageia","-90.7155","-0.2644","Ecuador","Isla San Salvador",NA,"50c9509d-22c7-4a22-a47d-8c48425ef4a7",1.78e+13
"Opuntia galapageia var. galapageia","Opuntia","galapageia","-90.7155","-0.2644","Ecuador","Isla San Salvador",NA,"50c9509d-22c7-4a22-a47d-8c48425ef4a7",1.78e+13
"Opuntia galapageia Hensl.","Opuntia","galapageia","-90.715275","-0.261984","Ecuador","Isla San Salvador",NA,"50c9509d-22c7-4a22-a47d-8c48425ef4a7",1.78e+13
"Opuntia galapageia var. insularis (A.Stewart) Backeb.","Opuntia","insularis","-91.165777","-0.838722","Ecuador","Isla Isabela",NA,"211ace54-dcc2-4243-ad2b-a76f63494cc9",1.78e+13
"Opuntia galapageia Hensl.","Opuntia","galapageia","-89.94297","0.320198","Ecuador","Playa Darwin",NA,"50c9509d-22c7-4a22-a47d-8c48425ef4a7",1.78e+13
"Opuntia galapageia Hensl.","Opuntia","galapageia","-90.231062","-0.684264","Ecuador","Isla Santa Cruz",NA,"50c9509d-22c7-4a22-a47d-8c48425ef4a7",9.86e+08
"Opuntia galapageia Hensl.","Opuntia","galapageia","-90.334063","-0.724278","Ecuador","Isla Santa Cruz",NA,"50c9509d-22c7-4a22-a47d-8c48425ef4a7",9.86e+08
"Opuntia galapageia Hensl.","Opuntia","galapageia","-90.313198","-0.764745","Ecuador","Playa de Los Perros",NA,"50c9509d-22c7-4a22-a47d-8c48425ef4a7",1.78e+13
"Opuntia galapageia Hensl.","Opuntia","galapageia","-90.390842","-0.611365","Ecuador","Isla Santa Cruz",NA,"50c9509d-22c7-4a22-a47d-8c48425ef4a7",9.86e+08
"Opuntia galapageia Hensl.","Opuntia","galapageia","-91.066926","-0.857172","Ecuador","Isla Isabela",NA,"50c9509d-22c7-4a22-a47d-8c48425ef4a7",1.78e+13
"Opuntia galapageia Hensl.","Opuntia","galapageia","-91.001075","-0.89562","Ecuador","Isla Isabela",NA,"50c9509d-22c7-4a22-a47d-8c48425ef4a7",1.78e+13
"Opuntia galapageia Hensl.","Opuntia","galapageia","-91.139977","-0.88322","Ecuador","Isla Isabela",NA,"50c9509d-22c7-4a22-a47d-8c48425ef4a7",1.78e+13
"Opuntia galapageia Hensl.","Opuntia","galapageia","-90.999224","-0.852881","Ecuador","Isla Isabela",NA,"50c9509d-22c7-4a22-a47d-8c48425ef4a7",1.78e+13
"Opuntia galapageia Hensl.","Opuntia","galapageia","-91.180126","-0.872946","Ecuador","Isla Isabela",NA,"50c9509d-22c7-4a22-a47d-8c48425ef4a7",1.78e+13
"Opuntia galapageia Hensl.","Opuntia","galapageia","-90.3432","-0.487955","Ecuador","Playa Las Bachas",NA,"50c9509d-22c7-4a22-a47d-8c48425ef4a7",1.78e+13
"Opuntia galapageia Hensl.","Opuntia","galapageia","-90.065334","-0.819877","Ecuador","Isla Santa Fe",NA,"50c9509d-22c7-4a22-a47d-8c48425ef4a7",1.78e+13
"Opuntia galapageia Hensl.","Opuntia","galapageia","-90.346044","-0.767233","Ecuador","Isla Santa Cruz",NA,"50c9509d-22c7-4a22-a47d-8c48425ef4a7",9.86e+08
"Opuntia galapageia Hensl.","Opuntia","galapageia","-90.448828","-1.236627","Ecuador","Isla Santa Maria",NA,"50c9509d-22c7-4a22-a47d-8c48425ef4a7",1.78e+13
"Opuntia galapageia Hensl.","Opuntia","megasperma","-90.29629","-1.33265","Ecuador","Isla Gardner",NA,"211ace54-dcc2-4243-ad2b-a76f63494cc9",625000
"Opuntia dillenii (Ker Gawl.) Haw.","Opuntia","dillenii","-89.612833","-0.905194","Ecuador","Isla San Cristobal",NA,"211ace54-dcc2-4243-ad2b-a76f63494cc9",5.58e+08
"Opuntia ficus-indica (L.) Mill.","Opuntia","ficus-indica","-89.616138","-0.909166","Ecuador","Isla San Cristobal",NA,"211ace54-dcc2-4243-ad2b-a76f63494cc9",5.58e+08
"Opuntia galapageia Hensl.","Opuntia","megasperma","-89.583444","-0.939972","Ecuador","Isla San Cristobal",NA,"211ace54-dcc2-4243-ad2b-a76f63494cc9",5.58e+08
"Opuntia galapageia Hensl.","Opuntia","megasperma","-89.583444","-0.939972","Ecuador","Isla San Cristobal",NA,"211ace54-dcc2-4243-ad2b-a76f63494cc9",5.58e+08
"Opuntia galapageia Hensl.","Opuntia","megasperma","-89.434638","-0.916222","Ecuador","Isla San Cristobal",NA,"211ace54-dcc2-4243-ad2b-a76f63494cc9",5.58e+08
"Opuntia galapageia Hensl.","Opuntia","megasperma","-89.463138","-0.846861","Ecuador","Isla San Cristobal",NA,"211ace54-dcc2-4243-ad2b-a76f63494cc9",5.58e+08
"Opuntia galapageia Hensl.","Opuntia","megasperma","-89.463138","-0.846861","Ecuador","Isla San Cristobal",NA,"211ace54-dcc2-4243-ad2b-a76f63494cc9",5.58e+08
"Opuntia galapageia Hensl.","Opuntia","megasperma","-89.434638","-0.916222","Ecuador","Isla San Cristobal",NA,"211ace54-dcc2-4243-ad2b-a76f63494cc9",5.58e+08
"Opuntia galapageia Hensl.","Opuntia","megasperma","-89.583444","-0.939972","Ecuador","Isla San Cristobal",NA,"211ace54-dcc2-4243-ad2b-a76f63494cc9",5.58e+08
"Opuntia ficus-indica (L.) Mill.","Opuntia","ficus-indica","-89.616138","-0.909166","Ecuador","Isla San Cristobal",NA,"211ace54-dcc2-4243-ad2b-a76f63494cc9",5.58e+08
"Opuntia galapageia Hensl.","Opuntia","megasperma","-89.583444","-0.939972","Ecuador","Isla San Cristobal",NA,"211ace54-dcc2-4243-ad2b-a76f63494cc9",5.58e+08
"Opuntia ficus-indica (L.) Mill.","Opuntia","ficus-indica","-89.616138","-0.909166","Ecuador","Isla San Cristobal",NA,"211ace54-dcc2-4243-ad2b-a76f63494cc9",5.58e+08
"Opuntia galapageia Hensl.","Opuntia","galapageia","-90.487996","-0.5261","Ecuador","Sendero Cerro Dragón",NA,"50c9509d-22c7-4a22-a47d-8c48425ef4a7",1.78e+13
"Opuntia galapageia Hensl.","Opuntia","galapageia","-90.337674","-0.492988","Ecuador","Caleta Tortuga Negra",NA,"50c9509d-22c7-4a22-a47d-8c48425ef4a7",1.78e+13
"Opuntia galapageia Hensl.","Opuntia","galapageia","-90.547504","-0.286322","Ecuador","Isla Bartolomé",NA,"50c9509d-22c7-4a22-a47d-8c48425ef4a7",1312500
"Opuntia galapageia Hensl.","Opuntia","galapageia","-90.16477","-0.582927","Ecuador","Isla Plaza Sur",NA,"50c9509d-22c7-4a22-a47d-8c48425ef4a7",1.78e+13
"Opuntia galapageia Hensl.","Opuntia","galapageia","-91.001869","-0.961363","Ecuador","Isla Isabela",NA,"50c9509d-22c7-4a22-a47d-8c48425ef4a7",1.78e+13
"Opuntia galapageia Hensl.","Opuntia","galapageia","-90.371886","-0.425626","Ecuador","Daphne Mayor",NA,"50c9509d-22c7-4a22-a47d-8c48425ef4a7",1.78e+13
"Opuntia ficus-indica (L.) Mill.","Opuntia","ficus-indica","-89.613499","-0.904888","Ecuador","Isla San Cristobal",NA,"211ace54-dcc2-4243-ad2b-a76f63494cc9",5.58e+08
"Opuntia galapageia Hensl.","Opuntia","galapageia","-90.161496","-0.579871","Ecuador","Isla Plaza Norte",NA,"50c9509d-22c7-4a22-a47d-8c48425ef4a7",250000
"Opuntia galapageia Hensl.","Opuntia","galapageia","-90.954782","-0.953851","Ecuador","Isla Isabela",NA,"50c9509d-22c7-4a22-a47d-8c48425ef4a7",1.78e+13
"Opuntia galapageia Hensl.","Opuntia","galapageia","-90.707299","-0.400887","Ecuador","No name (flamingos)",NA,"50c9509d-22c7-4a22-a47d-8c48425ef4a7",1.78e+13
"Opuntia galapageia Hensl.","Opuntia","galapageia","-90.488548","-0.525813","Ecuador","Sendero Cerro Dragón",NA,"50c9509d-22c7-4a22-a47d-8c48425ef4a7",1.78e+13
"Opuntia galapageia Hensl.","Opuntia","galapageia","-90.065334","-0.819877","Ecuador","Isla Santa Fe",NA,"50c9509d-22c7-4a22-a47d-8c48425ef4a7",1.78e+13
"Opuntia galapageia Hensl.","Opuntia","megasperma","-89.351555","-0.821055","Ecuador","Isla San Cristobal",NA,"211ace54-dcc2-4243-ad2b-a76f63494cc9",5.58e+08
"Opuntia ficus-indica (L.) Mill.","Opuntia","ficus-indica","-90.965472","-0.954572","Ecuador","Isla Isabela",NA,"211ace54-dcc2-4243-ad2b-a76f63494cc9",1.78e+13
"Opuntia galapageia Hensl.","Opuntia","megasperma","-90.385555","-1.2375","Ecuador","Isla Campeón",NA,"211ace54-dcc2-4243-ad2b-a76f63494cc9",62500
"Opuntia galapageia Hensl.","Opuntia","galapageia","-90.337189","-0.639359","Ecuador","Isla Santa Cruz",NA,"50c9509d-22c7-4a22-a47d-8c48425ef4a7",9.86e+08
"Opuntia dillenii (Ker Gawl.) Haw.","Opuntia","dillenii","-91.025888","-0.852749","Ecuador","Isla Isabela",NA,"211ace54-dcc2-4243-ad2b-a76f63494cc9",1.78e+13
"Opuntia galapageia Hensl.","Opuntia","galapageia","-90.965602","-0.953769","Ecuador","Isla Isabela",NA,"50c9509d-22c7-4a22-a47d-8c48425ef4a7",1.78e+13
"Opuntia galapageia var. macrocarpa E.Y.Dawson","Opuntia","galapageia","-90.670138","-0.612333","Ecuador","Isla Pinzón",NA,"211ace54-dcc2-4243-ad2b-a76f63494cc9",1.8e+07
"Opuntia galapageia Hensl.","Opuntia","galapageia","-90.160618","-0.584308","Ecuador",NA,NA,"50c9509d-22c7-4a22-a47d-8c48425ef4a7",1.78e+13
"Opuntia galapageia Hensl.","Opuntia","megasperma","-89.645944","-1.351861","Ecuador","Isla Espanola",NA,"211ace54-dcc2-4243-ad2b-a76f63494cc9",6e+07
"Opuntia galapageia Hensl.","Opuntia","megasperma","-89.662083","-1.346777","Ecuador","Isla Espanola",NA,"211ace54-dcc2-4243-ad2b-a76f63494cc9",6e+07
"Opuntia galapageia Hensl.","Opuntia","megasperma","-89.644249","-1.35725","Ecuador","Isla Espanola",NA,"211ace54-dcc2-4243-ad2b-a76f63494cc9",6e+07
"Opuntia galapageia Hensl.","Opuntia","galapageia","-90.160618","-0.584308","Ecuador",NA,NA,"50c9509d-22c7-4a22-a47d-8c48425ef4a7",1.78e+13
"Opuntia galapageia var. profusa E.F.Anderson & Walk.","Opuntia","galapageia","-90.704566","-0.42191","Ecuador","Isla Rábida",NA,"50c9509d-22c7-4a22-a47d-8c48425ef4a7",1.78e+13
"Opuntia galapageia Hensl.","Opuntia","galapageia","-90.160444","-0.583908","Ecuador",NA,NA,"50c9509d-22c7-4a22-a47d-8c48425ef4a7",1.78e+13
"Opuntia galapageia Hensl.","Opuntia","galapageia","-90.969277","-0.781397","Ecuador","Isla Isabela",NA,"50c9509d-22c7-4a22-a47d-8c48425ef4a7",1.78e+13
"Opuntia galapageia Hensl.","Opuntia","galapageia","-90.283313","-0.398341","Ecuador","Isla Seymour Norte",NA,"50c9509d-22c7-4a22-a47d-8c48425ef4a7",1875000
"Opuntia galapageia Hensl.","Opuntia","galapageia","-90.276032","-0.480923","Ecuador",NA,NA,"50c9509d-22c7-4a22-a47d-8c48425ef4a7",1.78e+13
"Opuntia galapageia Hensl.","Opuntia","galapageia","-90.337189","-0.639359","Ecuador","Isla Santa Cruz",NA,"50c9509d-22c7-4a22-a47d-8c48425ef4a7",9.86e+08
"Opuntia galapageia Hensl.","Opuntia","galapageia","-90.337189","-0.639359","Ecuador","Isla Santa Cruz",NA,"50c9509d-22c7-4a22-a47d-8c48425ef4a7",9.86e+08
"Opuntia dillenii (Ker Gawl.) Haw.","Opuntia","dillenii","-91.014916","-0.872638","Ecuador","Isla Isabela",NA,"211ace54-dcc2-4243-ad2b-a76f63494cc9",1.78e+13
"Opuntia galapageia Hensl.","Opuntia","galapageia","-90.509366","-0.579269","Ecuador","Isla Santa Cruz",NA,"50c9509d-22c7-4a22-a47d-8c48425ef4a7",9.86e+08
"Opuntia galapageia Hensl.","Opuntia","galapageia","-90.427115","-1.226884","Ecuador","Punta Cormorant",NA,"50c9509d-22c7-4a22-a47d-8c48425ef4a7",1.78e+13
"Opuntia galapageia Hensl.","Opuntia","galapageia","-90.311843","-0.753191","Ecuador","Isla Santa Cruz",NA,"50c9509d-22c7-4a22-a47d-8c48425ef4a7",9.86e+08
"Opuntia galapageia var. helleri (K.Schum. ex B.L.Rob.) Backeb.","Opuntia","helleri","-89.94768","0.321555","Ecuador","Playa Darwin",NA,"50c9509d-22c7-4a22-a47d-8c48425ef4a7",1.78e+13
"Opuntia galapageia Hensl.","Opuntia","galapageia","-90.575294","-0.280979","Ecuador","Isla San Salvador",NA,"50c9509d-22c7-4a22-a47d-8c48425ef4a7",1.78e+13
"Opuntia galapageia var. insularis (A.Stewart) Backeb.","Opuntia","insularis","-91.099167","-0.784833","Ecuador","Isla Isabela",NA,"211ace54-dcc2-4243-ad2b-a76f63494cc9",1.78e+13
"Opuntia galapageia Hensl.","Opuntia","megasperma","-90.491722","-1.282888","Ecuador","Isla Santa Maria",NA,"211ace54-dcc2-4243-ad2b-a76f63494cc9",1.78e+13
"Opuntia galapageia Hensl.","Opuntia","megasperma","-90.491861","-1.282944","Ecuador","Isla Santa Maria",NA,"211ace54-dcc2-4243-ad2b-a76f63494cc9",1.78e+13
"Opuntia galapageia Hensl.","Opuntia","megasperma","-90.491777","-1.282916","Ecuador","Isla Santa Maria",NA,"211ace54-dcc2-4243-ad2b-a76f63494cc9",1.78e+13
"Opuntia dillenii (Ker Gawl.) Haw.","Opuntia","dillenii","-90.48675","-1.277249","Ecuador","Isla Santa Maria",NA,"211ace54-dcc2-4243-ad2b-a76f63494cc9",1.78e+13
"Opuntia galapageia Hensl.","Opuntia","megasperma","-89.605666","-0.905666","Ecuador","Isla San Cristobal",NA,"211ace54-dcc2-4243-ad2b-a76f63494cc9",5.58e+08
"Opuntia ficus-indica (L.) Mill.","Opuntia","ficus-indica","-89.606861","-0.903583","Ecuador","Isla San Cristobal",NA,"211ace54-dcc2-4243-ad2b-a76f63494cc9",5.58e+08
"Opuntia ficus-indica (L.) Mill.","Opuntia","ficus-indica","-89.605666","-0.905666","Ecuador","Isla San Cristobal",NA,"211ace54-dcc2-4243-ad2b-a76f63494cc9",5.58e+08
"Opuntia dillenii (Ker Gawl.) Haw.","Opuntia","dillenii","-89.611277","-0.906277","Ecuador","Isla San Cristobal",NA,"211ace54-dcc2-4243-ad2b-a76f63494cc9",5.58e+08
"Opuntia leucotricha DC.","Opuntia","leucotricha","-89.607444","-0.907611","Ecuador","Isla San Cristobal",NA,"211ace54-dcc2-4243-ad2b-a76f63494cc9",5.58e+08
"Opuntia galapageia Hensl.","Opuntia","megasperma","-89.698611","-1.376055","Ecuador","Isla Espanola",NA,"211ace54-dcc2-4243-ad2b-a76f63494cc9",6e+07
"Opuntia galapageia Hensl.","Opuntia","galapageia","-89.95445","0.312755","Ecuador","Bahía Darwin",NA,"50c9509d-22c7-4a22-a47d-8c48425ef4a7",1.78e+13
"Opuntia galapageia var. gigantea (J.T.Howell) Backeb.","Opuntia","echios","-90.33754","-0.628955","Ecuador","Isla Santa Cruz",NA,"3c59bd42-7bfd-421b-8da4-275780390e4c",9.86e+08
"Opuntia galapageia var. gigantea (J.T.Howell) Backeb.","Opuntia","echios","-90.33754","-0.628955","Ecuador","Isla Santa Cruz",NA,"3c59bd42-7bfd-421b-8da4-275780390e4c",9.86e+08
"Opuntia galapageia Hensl.","Opuntia","megasperma","-90.430897","-1.305887","Ecuador","Isla Santa Maria",NA,"3c59bd42-7bfd-421b-8da4-275780390e4c",1.78e+13
"Opuntia galapageia Hensl.","Opuntia","galapageia","-90.713478","-0.255431","Ecuador","Isla San Salvador",NA,"3c59bd42-7bfd-421b-8da4-275780390e4c",1.78e+13
"Opuntia galapageia Hensl.","Opuntia","galapageia","-90.55065","-0.284013","Ecuador","Isla de San Bartolome",NA,"3c59bd42-7bfd-421b-8da4-275780390e4c",1.78e+13
"Opuntia galapageia Hensl.","Opuntia","megasperma","-89.671494","-1.367668","Ecuador","Isla Espanola",NA,"3c59bd42-7bfd-421b-8da4-275780390e4c",6e+07
"Opuntia galapageia var. helleri (K.Schum. ex B.L.Rob.) Backeb.","Opuntia","helleri","-89.957613","0.334394","Ecuador","Lago Acturus",NA,"3c59bd42-7bfd-421b-8da4-275780390e4c",1.78e+13
"Opuntia galapageia Hensl.","Opuntia","galapageia","-91.321228","-0.038452","Ecuador","Isla Isabela",NA,"50c9509d-22c7-4a22-a47d-8c48425ef4a7",1.78e+13
"Opuntia galapageia Hensl.","Opuntia","megasperma","-90.385555","-1.2375","Ecuador","Isla Campeón",NA,"211ace54-dcc2-4243-ad2b-a76f63494cc9",62500
"Opuntia galapageia var. galapageia","Opuntia","galapageia","-90.700194","-0.186694","Ecuador","Isla San Salvador",NA,"211ace54-dcc2-4243-ad2b-a76f63494cc9",1.78e+13
"Opuntia galapageia Hensl.","Opuntia","megasperma","-89.4925","-0.872361","Ecuador","Isla San Cristobal",NA,"211ace54-dcc2-4243-ad2b-a76f63494cc9",5.58e+08
"Opuntia galapageia Hensl.","Opuntia","megasperma","-89.485833","-0.870861","Ecuador","Isla San Cristobal",NA,"211ace54-dcc2-4243-ad2b-a76f63494cc9",5.58e+08
"Opuntia galapageia Hensl.","Opuntia","megasperma","-89.485833","-0.870833","Ecuador","Isla San Cristobal",NA,"211ace54-dcc2-4243-ad2b-a76f63494cc9",5.58e+08
"Opuntia galapageia Hensl.","Opuntia","megasperma","-89.492361","-0.872555","Ecuador","Isla San Cristobal",NA,"211ace54-dcc2-4243-ad2b-a76f63494cc9",5.58e+08
"Opuntia galapageia Hensl.","Opuntia","megasperma","-89.491944","-0.872194","Ecuador","Isla San Cristobal",NA,"211ace54-dcc2-4243-ad2b-a76f63494cc9",5.58e+08
"Opuntia galapageia Hensl.","Opuntia","megasperma","-89.485972","-0.871694","Ecuador","Isla San Cristobal",NA,"211ace54-dcc2-4243-ad2b-a76f63494cc9",5.58e+08
"Opuntia galapageia Hensl.","Opuntia","megasperma","-89.540027","-0.888027","Ecuador","Isla San Cristobal",NA,"211ace54-dcc2-4243-ad2b-a76f63494cc9",5.58e+08
"Opuntia galapageia Hensl.","Opuntia","megasperma","-89.540027","-0.888027","Ecuador","Isla San Cristobal",NA,"211ace54-dcc2-4243-ad2b-a76f63494cc9",5.58e+08
"Opuntia ficus-indica (L.) Mill.","Opuntia","ficus-indica","-89.606055","-0.901361","Ecuador","Isla San Cristobal",NA,"211ace54-dcc2-4243-ad2b-a76f63494cc9",5.58e+08
"Opuntia galapageia Hensl.","Opuntia","megasperma","-89.486","-0.870833","Ecuador","Isla San Cristobal",NA,"211ace54-dcc2-4243-ad2b-a76f63494cc9",5.58e+08
"Opuntia galapageia Hensl.","Opuntia","megasperma","-89.485083","-0.871694","Ecuador","Isla San Cristobal",NA,"211ace54-dcc2-4243-ad2b-a76f63494cc9",5.58e+08
"Opuntia galapageia Hensl.","Opuntia","megasperma","-89.680179","-1.356984","Ecuador","Isla Espanola",NA,"211ace54-dcc2-4243-ad2b-a76f63494cc9",6e+07
"Opuntia galapageia Hensl.","Opuntia","megasperma","-89.548583","-0.934472","Ecuador","Isla San Cristobal",NA,"211ace54-dcc2-4243-ad2b-a76f63494cc9",5.58e+08
"Opuntia galapageia var. gigantea (J.T.Howell) Backeb.","Opuntia","echios","-90.304281","-0.742156","Ecuador","Isla Santa Cruz",NA,"211ace54-dcc2-4243-ad2b-a76f63494cc9",9.86e+08
"Opuntia galapageia var. helleri (K.Schum. ex B.L.Rob.) Backeb.","Opuntia","helleri","-90.4736","0.3389","Ecuador","Isla Marchena",NA,"211ace54-dcc2-4243-ad2b-a76f63494cc9",1.78e+13
"Opuntia galapageia var. insularis (A.Stewart) Backeb.","Opuntia","insularis","-91.1221","-0.4221","Ecuador","Isla Isabela",NA,"211ace54-dcc2-4243-ad2b-a76f63494cc9",1.78e+13
"Opuntia galapageia Hensl.","Opuntia","galapageia","-90.329894","-0.754191","Ecuador","Isla Santa Cruz",NA,"50c9509d-22c7-4a22-a47d-8c48425ef4a7",9.86e+08
"Opuntia dillenii (Ker Gawl.) Haw.","Opuntia","dillenii","-90.317583","-0.742527","Ecuador","Isla Santa Cruz",NA,"211ace54-dcc2-4243-ad2b-a76f63494cc9",9.86e+08
"Opuntia dillenii (Ker Gawl.) Haw.","Opuntia","dillenii","-90.32","-0.743222","Ecuador","Isla Santa Cruz",NA,"211ace54-dcc2-4243-ad2b-a76f63494cc9",9.86e+08
"Opuntia galapageia Hensl.","Opuntia","megasperma","-89.548583","-0.934472","Ecuador","Isla San Cristobal",NA,"211ace54-dcc2-4243-ad2b-a76f63494cc9",5.58e+08
"Opuntia galapageia Hensl.","Opuntia","galapageia","-89.958012","0.323081","Ecuador","Isla Genovesa",NA,"50c9509d-22c7-4a22-a47d-8c48425ef4a7",1.78e+13
"Opuntia galapageia Hensl.","Opuntia","galapageia","-90.053786","-0.818585","Ecuador","Isla Santa Fe",NA,"50c9509d-22c7-4a22-a47d-8c48425ef4a7",1.78e+13
"Opuntia ficus-indica (L.) Mill.","Opuntia","ficus-indica","-90.312388","-0.743611","Ecuador","Isla Santa Cruz",NA,"211ace54-dcc2-4243-ad2b-a76f63494cc9",9.86e+08
"Opuntia ficus-indica (L.) Mill.","Opuntia","ficus-indica","-90.319416","-0.743805","Ecuador","Isla Santa Cruz",NA,"211ace54-dcc2-4243-ad2b-a76f63494cc9",9.86e+08
"Opuntia dillenii (Ker Gawl.) Haw.","Opuntia","dillenii","-90.310497","-0.736611","Ecuador","Isla Santa Cruz",NA,"211ace54-dcc2-4243-ad2b-a76f63494cc9",9.86e+08
"Opuntia dillenii (Ker Gawl.) Haw.","Opuntia","dillenii","-90.312594","-0.742236","Ecuador","Isla Santa Cruz",NA,"211ace54-dcc2-4243-ad2b-a76f63494cc9",9.86e+08
"Opuntia galapageia var. insularis (A.Stewart) Backeb.","Opuntia","insularis","-91.1221","-0.4221","Ecuador","Isla Isabela",NA,"211ace54-dcc2-4243-ad2b-a76f63494cc9",1.78e+13
"Opuntia dillenii (Ker Gawl.) Haw.","Opuntia","dillenii","-90.314274","-0.735305","Ecuador","Isla Santa Cruz",NA,"211ace54-dcc2-4243-ad2b-a76f63494cc9",9.86e+08
"Opuntia dillenii (Ker Gawl.) Haw.","Opuntia","dillenii","-90.315974","-0.735005","Ecuador","Isla Santa Cruz",NA,"211ace54-dcc2-4243-ad2b-a76f63494cc9",9.86e+08
"Opuntia dillenii (Ker Gawl.) Haw.","Opuntia","dillenii","-90.315438","-0.736","Ecuador","Isla Santa Cruz",NA,"211ace54-dcc2-4243-ad2b-a76f63494cc9",9.86e+08
"Opuntia dillenii (Ker Gawl.) Haw.","Opuntia","dillenii","-90.31215","-0.735194","Ecuador","Isla Santa Cruz",NA,"211ace54-dcc2-4243-ad2b-a76f63494cc9",9.86e+08
"Opuntia galapageia var. gigantea (J.T.Howell) Backeb.","Opuntia","echios","-90.303056","-0.741639","Ecuador","Isla Santa Cruz",NA,"211ace54-dcc2-4243-ad2b-a76f63494cc9",9.86e+08
"Opuntia galapageia var. gigantea (J.T.Howell) Backeb.","Opuntia","echios","-90.220833","-0.691666","Ecuador","Isla Santa Cruz",NA,"211ace54-dcc2-4243-ad2b-a76f63494cc9",9.86e+08
"Opuntia galapageia var. gigantea (J.T.Howell) Backeb.","Opuntia","echios","-90.220833","-0.691666","Ecuador","Isla Santa Cruz",NA,"211ace54-dcc2-4243-ad2b-a76f63494cc9",9.86e+08
"Opuntia galapageia var. gigantea (J.T.Howell) Backeb.","Opuntia","echios","-90.220833","-0.691666","Ecuador","Isla Santa Cruz",NA,"211ace54-dcc2-4243-ad2b-a76f63494cc9",9.86e+08
"Opuntia galapageia var. gigantea (J.T.Howell) Backeb.","Opuntia","echios","-90.424666","-0.754166","Ecuador","Isla Santa Cruz",NA,"211ace54-dcc2-4243-ad2b-a76f63494cc9",9.86e+08
"Opuntia galapageia var. gigantea (J.T.Howell) Backeb.","Opuntia","echios","-90.424666","-0.754166","Ecuador","Isla Santa Cruz",NA,"211ace54-dcc2-4243-ad2b-a76f63494cc9",9.86e+08
"Opuntia galapageia var. gigantea (J.T.Howell) Backeb.","Opuntia","echios","-90.424666","-0.754166","Ecuador","Isla Santa Cruz",NA,"211ace54-dcc2-4243-ad2b-a76f63494cc9",9.86e+08
"Opuntia dillenii (Ker Gawl.) Haw.","Opuntia","dillenii","-90.317583","-0.742527","Ecuador","Isla Santa Cruz",NA,"211ace54-dcc2-4243-ad2b-a76f63494cc9",9.86e+08
"Opuntia dillenii (Ker Gawl.) Haw.","Opuntia","dillenii","-90.312586","-0.736766","Ecuador","Isla Santa Cruz",NA,"211ace54-dcc2-4243-ad2b-a76f63494cc9",9.86e+08
"Opuntia galapageia Hensl.","Opuntia","galapageia","-90.304667","-0.74202","Ecuador","Isla Santa Cruz",NA,"50c9509d-22c7-4a22-a47d-8c48425ef4a7",9.86e+08
"Opuntia galapageia Hensl.","Opuntia","galapageia","-90.292175","-0.398974","Ecuador","Isla North Seymore",NA,"50c9509d-22c7-4a22-a47d-8c48425ef4a7",1.78e+13
"Opuntia galapageia var. gigantea (J.T.Howell) Backeb.","Opuntia","echios","-90.310083","-0.750232","Ecuador","Isla Santa Cruz",NA,"211ace54-dcc2-4243-ad2b-a76f63494cc9",9.86e+08
"Opuntia galapageia var. gigantea (J.T.Howell) Backeb.","Opuntia","echios","-90.304281","-0.743313","Ecuador","Isla Santa Cruz",NA,"211ace54-dcc2-4243-ad2b-a76f63494cc9",9.86e+08
"Opuntia galapageia Hensl.","Opuntia","galapageia","-90.160618","-0.584308","Ecuador",NA,NA,"50c9509d-22c7-4a22-a47d-8c48425ef4a7",1.78e+13
"Opuntia galapageia Hensl.","Opuntia","megasperma","-89.647944","-1.351972","Ecuador","Isla Espanola",NA,"211ace54-dcc2-4243-ad2b-a76f63494cc9",6e+07
"Opuntia galapageia Hensl.","Opuntia","megasperma","-89.647305","-1.352111","Ecuador","Isla Espanola",NA,"211ace54-dcc2-4243-ad2b-a76f63494cc9",6e+07
"Opuntia galapageia Hensl.","Opuntia","megasperma","-89.6472","-1.3444","Ecuador","Isla Espanola",NA,"211ace54-dcc2-4243-ad2b-a76f63494cc9",6e+07
"Opuntia galapageia var. profusa E.F.Anderson & Walk.","Opuntia","galapageia","-90.9608","-0.3822","Ecuador","Isla Cowley",NA,"211ace54-dcc2-4243-ad2b-a76f63494cc9",187500
"Opuntia galapageia Hensl.","Opuntia","megasperma","-89.583444","-0.94","Ecuador","Isla San Cristobal",NA,"211ace54-dcc2-4243-ad2b-a76f63494cc9",5.58e+08
"Opuntia galapageia var. galapageia","Opuntia","galapageia","-90.844833","-0.231083","Ecuador","Isla San Salvador",NA,"211ace54-dcc2-4243-ad2b-a76f63494cc9",1.78e+13
"Opuntia galapageia Hensl.","Opuntia","megasperma","-89.659777","-1.365527","Ecuador","Isla Espanola",NA,"211ace54-dcc2-4243-ad2b-a76f63494cc9",6e+07
"Opuntia galapageia Hensl.","Opuntia","megasperma","-89.659777","-1.365527","Ecuador","Isla Espanola",NA,"211ace54-dcc2-4243-ad2b-a76f63494cc9",6e+07
"Opuntia galapageia Hemsl.","Opuntia","galapageia","-90.83","-0.22","Ecuador","Isla San Salvador",NA,"7bd65a7a-f762-11e1-a439-00145eb45e9a",1.78e+13
"Opuntia galapageia Hensl.","Opuntia","galapageia","-90.305732","-0.74207","Ecuador","Isla Santa Cruz",NA,"50c9509d-22c7-4a22-a47d-8c48425ef4a7",9.86e+08
"Opuntia galapageia var. insularis (A.Stewart) Backeb.","Opuntia","insularis","-91.3664","-0.25619","Ecuador","Isla Isabela",NA,"211ace54-dcc2-4243-ad2b-a76f63494cc9",1.78e+13
"Opuntia galapageia Hensl.","Opuntia","megasperma","-89.4167","-0.8083","Ecuador","Isla San Cristobal",NA,"211ace54-dcc2-4243-ad2b-a76f63494cc9",5.58e+08
"Opuntia galapageia var. profusa E.F.Anderson & Walk.","Opuntia","galapageia","-90.7083","-0.4097","Ecuador","Isla Rábida",NA,"211ace54-dcc2-4243-ad2b-a76f63494cc9",1.78e+13
"Opuntia galapageia var. insularis (A.Stewart) Backeb.","Opuntia","insularis","-91.3418","-0.04911","Ecuador","Isla Isabela",NA,"211ace54-dcc2-4243-ad2b-a76f63494cc9",1.78e+13
"Opuntia galapageia var. gigantea (J.T.Howell) Backeb.","Opuntia","echios","-90.290833","-0.396666","Ecuador","Isla North Seymore",NA,"211ace54-dcc2-4243-ad2b-a76f63494cc9",1.78e+13
"Opuntia galapageia var. insularis (A.Stewart) Backeb.","Opuntia","insularis","-91.017444","-0.392222","Ecuador","Isla Isabela",NA,"211ace54-dcc2-4243-ad2b-a76f63494cc9",1.78e+13
"Opuntia galapageia var. galapageia","Opuntia","galapageia","-90.732027","-0.234499","Ecuador","Isla San Salvador",NA,"211ace54-dcc2-4243-ad2b-a76f63494cc9",1.78e+13
"Opuntia galapageia Hensl.","Opuntia","megasperma","-90.4868","-1.2751","Ecuador","Isla Santa Maria",NA,"211ace54-dcc2-4243-ad2b-a76f63494cc9",1.78e+13
"Opuntia galapageia var. galapageia","Opuntia","galapageia","-90.802527","-0.229888","Ecuador","Isla San Salvador",NA,"211ace54-dcc2-4243-ad2b-a76f63494cc9",1.78e+13
"Opuntia galapageia var. galapageia","Opuntia","galapageia","-90.826111","-0.2075","Ecuador","Isla San Salvador",NA,"211ace54-dcc2-4243-ad2b-a76f63494cc9",1.78e+13
"Opuntia galapageia Hensl.","Opuntia","galapageia","-90.704273","-0.269124","Ecuador","Isla San Salvador",NA,"50c9509d-22c7-4a22-a47d-8c48425ef4a7",1.78e+13
"Opuntia galapageia Hensl.","Opuntia","galapageia","-90.16272","-0.584158","Ecuador",NA,NA,"50c9509d-22c7-4a22-a47d-8c48425ef4a7",1.78e+13
"Opuntia galapageia Hensl.","Opuntia","megasperma","-89.585722","-0.910027","Ecuador","Isla San Cristobal",NA,"211ace54-dcc2-4243-ad2b-a76f63494cc9",5.58e+08
"Opuntia galapageia Hensl.","Opuntia","galapageia","-90.16353","-0.583708","Ecuador",NA,NA,"50c9509d-22c7-4a22-a47d-8c48425ef4a7",1.78e+13
"Opuntia galapageia Hensl.","Opuntia","megasperma","-90.29629","-1.33265","Ecuador","Isla Gardner",NA,"211ace54-dcc2-4243-ad2b-a76f63494cc9",625000
"Opuntia galapageia Hensl.","Opuntia","megasperma","-90.362737","-1.231625","Ecuador","Isla Enderby",NA,"211ace54-dcc2-4243-ad2b-a76f63494cc9",125000
"Opuntia galapageia var. myriacantha (F.A.C.Weber) Backeb.","Opuntia","echios","-90.706787","-0.399388","Ecuador","No name (flamingos)",NA,"6ac3f774-d9fb-4796-b3e9-92bf6c81c084",1.78e+13
"Opuntia galapageia Hensl.","Opuntia","galapageia","-90.550858","-0.282897","Ecuador","Isla de San Bartolome",NA,"6ac3f774-d9fb-4796-b3e9-92bf6c81c084",1.78e+13
"Opuntia galapageia var. myriacantha (F.A.C.Weber) Backeb.","Opuntia","echios","-91.371964","-0.263456","Ecuador","Isla Isabela",NA,"6ac3f774-d9fb-4796-b3e9-92bf6c81c084",1.78e+13
"Opuntia galapageia Hensl.","Opuntia","galapageia","-90.428467","-1.310005","Ecuador","Isla Santa Maria",NA,"50c9509d-22c7-4a22-a47d-8c48425ef4a7",1.78e+13
"Opuntia ficus-indica (L.) Mill.","Opuntia","ficus-indica","-89.4167","-0.8083","Ecuador","Isla San Cristobal",NA,"211ace54-dcc2-4243-ad2b-a76f63494cc9",5.58e+08
"Opuntia galapageia Hensl.","Opuntia","galapageia","-90.165139","-0.582953","Ecuador","Isla Plaza Sur",NA,"50c9509d-22c7-4a22-a47d-8c48425ef4a7",1.78e+13
"Opuntia galapageia Hensl.","Opuntia","galapageia","-90.160618","-0.584308","Ecuador",NA,NA,"50c9509d-22c7-4a22-a47d-8c48425ef4a7",1.78e+13
"Opuntia galapageia Hensl.","Opuntia","galapageia","-90.065334","-0.819877","Ecuador","Isla Santa Fe",NA,"50c9509d-22c7-4a22-a47d-8c48425ef4a7",1.78e+13
"Opuntia galapageia Hensl.","Opuntia","galapageia","-90.710527","-0.417199","Ecuador","Isla Rábida",NA,"50c9509d-22c7-4a22-a47d-8c48425ef4a7",1.78e+13
"Opuntia galapageia var. helleri (K.Schum. ex B.L.Rob.) Backeb.","Opuntia","helleri","-89.9556","0.3278","Ecuador","Genovesa",NA,"211ace54-dcc2-4243-ad2b-a76f63494cc9",14500000
"Opuntia galapageia var. gigantea (J.T.Howell) Backeb.","Opuntia","echios","-90.290833","-0.396666","Ecuador","Isla North Seymore",NA,"211ace54-dcc2-4243-ad2b-a76f63494cc9",1.78e+13
"Opuntia galapageia var. gigantea (J.T.Howell) Backeb.","Opuntia","echios","-90.290833","-0.396666","Ecuador","Isla North Seymore",NA,"211ace54-dcc2-4243-ad2b-a76f63494cc9",1.78e+13
"Opuntia galapageia var. gigantea (J.T.Howell) Backeb.","Opuntia","echios","-90.291389","-0.396944","Ecuador","Isla North Seymore",NA,"211ace54-dcc2-4243-ad2b-a76f63494cc9",1.78e+13
"Opuntia galapageia var. gigantea (J.T.Howell) Backeb.","Opuntia","echios","-90.33333","-0.7","Ecuador","Isla Santa Cruz",NA,"7bd65a7a-f762-11e1-a439-00145eb45e9a",9.86e+08
"Opuntia galapageia var. gigantea (J.T.Howell) Backeb.","Opuntia","echios","-90.33333","-0.7","Ecuador","Isla Santa Cruz",NA,"7bd65a7a-f762-11e1-a439-00145eb45e9a",9.86e+08
"Opuntia galapageia var. gigantea (J.T.Howell) Backeb.","Opuntia","echios","-90.33333","-0.7","Ecuador","Isla Santa Cruz",NA,"7bd65a7a-f762-11e1-a439-00145eb45e9a",9.86e+08
"Opuntia galapageia var. gigantea (J.T.Howell) Backeb.","Opuntia","echios","-90.33333","-0.7","Ecuador","Isla Santa Cruz",NA,"7bd65a7a-f762-11e1-a439-00145eb45e9a",9.86e+08
"Opuntia galapageia var. gigantea (J.T.Howell) Backeb.","Opuntia","echios","-90.33333","-0.7","Ecuador","Isla Santa Cruz",NA,"e053ff53-c156-4e2e-b9b5-4462e9625424",9.86e+08
"Opuntia galapageia var. gigantea (J.T.Howell) Backeb.","Opuntia","echios","-90.33333","-0.7","Ecuador","Isla Santa Cruz",NA,"e053ff53-c156-4e2e-b9b5-4462e9625424",9.86e+08
"Opuntia galapageia var. gigantea (J.T.Howell) Backeb.","Opuntia","echios","-90.33333","-0.7","Ecuador","Isla Santa Cruz",NA,"e053ff53-c156-4e2e-b9b5-4462e9625424",9.86e+08
"Opuntia galapageia var. gigantea (J.T.Howell) Backeb.","Opuntia","echios","-90.33333","-0.7","Ecuador","Isla Santa Cruz",NA,"e053ff53-c156-4e2e-b9b5-4462e9625424",9.86e+08
"Opuntia galapageia var. insularis (A.Stewart) Backeb.","Opuntia","insularis","-91.1249","-0.8137","Ecuador","Isla Isabela",NA,"211ace54-dcc2-4243-ad2b-a76f63494cc9",1.78e+13
"Opuntia galapageia var. galapageia","Opuntia","galapageia","-90.7547","0.5883","Ecuador","Isla Pinta",NA,"211ace54-dcc2-4243-ad2b-a76f63494cc9",1.78e+13
"Opuntia galapageia var. myriacantha (F.A.C.Weber) Backeb.","Opuntia","echios","-90.161362","-0.584497","Ecuador",NA,NA,"6ac3f774-d9fb-4796-b3e9-92bf6c81c084",1.78e+13
"Opuntia galapageia Hensl.","Opuntia","megasperma","-90.423058","-1.216057","Ecuador","La Corona del Diablo",NA,"6ac3f774-d9fb-4796-b3e9-92bf6c81c084",1.78e+13
"Opuntia galapageia Hensl.","Opuntia","galapageia","-90.335083","-0.761639","Ecuador","Isla Santa Cruz",NA,"6ac3f774-d9fb-4796-b3e9-92bf6c81c084",9.86e+08
"Opuntia galapageia Hensl.","Opuntia","galapageia","-90.335083","-0.761639","Ecuador","Isla Santa Cruz",NA,"6ac3f774-d9fb-4796-b3e9-92bf6c81c084",9.86e+08
"Opuntia galapageia var. gigantea (J.T.Howell) Backeb.","Opuntia","echios","-90.304309","-0.743446","Ecuador","Isla Santa Cruz",NA,"211ace54-dcc2-4243-ad2b-a76f63494cc9",9.86e+08
"Opuntia galapageia var. myriacantha (F.A.C.Weber) Backeb.","Opuntia","echios","-90.3036","-0.7422","Ecuador","Isla Santa Cruz",NA,"e053ff53-c156-4e2e-b9b5-4462e9625424",9.86e+08
"Opuntia galapageia var. myriacantha (F.A.C.Weber) Backeb.","Opuntia","echios","-90.161362","-0.584497","Ecuador",NA,NA,"6ac3f774-d9fb-4796-b3e9-92bf6c81c084",1.78e+13
"Opuntia galapageia Hensl.","Opuntia","galapageia","-90.763876","-0.250388","Ecuador","Isla San Salvador",NA,"50c9509d-22c7-4a22-a47d-8c48425ef4a7",1.78e+13
"Opuntia galapageia var. insularis (A.Stewart) Backeb.","Opuntia","insularis","-91.3412","0.0192","Ecuador","Isla Isabela",NA,"211ace54-dcc2-4243-ad2b-a76f63494cc9",1.78e+13
"Opuntia galapageia var. insularis (A.Stewart) Backeb.","Opuntia","insularis","-91.5222","-0.3667","Ecuador","Isla Fernandina",NA,"211ace54-dcc2-4243-ad2b-a76f63494cc9",6.42e+08
"Opuntia galapageia var. myriacantha (F.A.C.Weber) Backeb.","Opuntia","echios","-90.1625","-0.583333","Ecuador",NA,NA,"3c59bd42-7bfd-421b-8da4-275780390e4c",1.78e+13
"Opuntia galapageia var. myriacantha (F.A.C.Weber) Backeb.","Opuntia","echios","-90.371944","-0.423333","Ecuador","Daphne Mayor",NA,"3c59bd42-7bfd-421b-8da4-275780390e4c",1.78e+13
"Opuntia galapageia var. myriacantha (F.A.C.Weber) Backeb.","Opuntia","echios","-90.277778","-0.404167","Ecuador","Islote Mosquera",NA,"3c59bd42-7bfd-421b-8da4-275780390e4c",1.78e+13
"Opuntia galapageia var. zacana (J.T.Howell) Backeb.","Opuntia","echios","-90.284722","-0.393056","Ecuador","Isla Seymour Norte",NA,"3c59bd42-7bfd-421b-8da4-275780390e4c",1875000
"Opuntia galapageia var. myriacantha (F.A.C.Weber) Backeb.","Opuntia","echios","-90.1625","-0.583333","Ecuador",NA,NA,"3c59bd42-7bfd-421b-8da4-275780390e4c",1.78e+13
"Opuntia galapageia var. galapageia","Opuntia","galapageia","-90.728333","0.543056","Ecuador","Cabo Ibbetson",NA,"3c59bd42-7bfd-421b-8da4-275780390e4c",1.78e+13
"Opuntia galapageia var. galapageia","Opuntia","galapageia","-90.728333","0.543056","Ecuador","Cabo Ibbetson",NA,"3c59bd42-7bfd-421b-8da4-275780390e4c",1.78e+13
"Opuntia galapageia var. helleri (K.Schum. ex B.L.Rob.) Backeb.","Opuntia","helleri","-90.427778","0.291667","Ecuador","Isla Marchena",NA,"3c59bd42-7bfd-421b-8da4-275780390e4c",1.78e+13
"Opuntia galapageia Hensl.","Opuntia","megasperma","-89.566667","-0.908333","Ecuador","Isla San Cristobal",NA,"3c59bd42-7bfd-421b-8da4-275780390e4c",5.58e+08
"Opuntia Mill.","Opuntia",NA,"-89.566667","-0.908333","Ecuador","Isla San Cristobal",NA,"3c59bd42-7bfd-421b-8da4-275780390e4c",5.58e+08
"Opuntia galapageia var. myriacantha (F.A.C.Weber) Backeb.","Opuntia","echios","-90.311111","-0.731944","Ecuador","Isla Santa Cruz",NA,"3c59bd42-7bfd-421b-8da4-275780390e4c",9.86e+08
"Opuntia galapageia var. myriacantha (F.A.C.Weber) Backeb.","Opuntia","echios","-90.354167","-0.640278","Ecuador","Isla Santa Cruz",NA,"3c59bd42-7bfd-421b-8da4-275780390e4c",9.86e+08
"Opuntia galapageia var. myriacantha (F.A.C.Weber) Backeb.","Opuntia","echios","-90.311111","-0.731944","Ecuador","Isla Santa Cruz",NA,"3c59bd42-7bfd-421b-8da4-275780390e4c",9.86e+08
"Opuntia galapageia var. inermis (E.Y.Dawson) Backeb.","Opuntia","echios","-90.754167","0.581944","Ecuador","Isla Pinta",NA,"3c59bd42-7bfd-421b-8da4-275780390e4c",1.78e+13
"Opuntia galapageia var. inermis (E.Y.Dawson) Backeb.","Opuntia","echios","-90.754167","0.581944","Ecuador","Isla Pinta",NA,"3c59bd42-7bfd-421b-8da4-275780390e4c",1.78e+13
"Opuntia galapageia var. galapageia","Opuntia","galapageia","-90.558333","-0.2875","Ecuador","Isla San Salvador",NA,"3c59bd42-7bfd-421b-8da4-275780390e4c",1.78e+13
"Opuntia galapageia var. macrocarpa E.Y.Dawson","Opuntia","galapageia","-90.667898","-0.610073","Ecuador","Isla Pinzón",NA,"3c59bd42-7bfd-421b-8da4-275780390e4c",1.8e+07
"Opuntia galapageia var. macrocarpa E.Y.Dawson","Opuntia","galapageia","-90.663889","-0.619444","Ecuador","Isla Pinzón",NA,"3c59bd42-7bfd-421b-8da4-275780390e4c",1.8e+07
"Opuntia galapageia var. macrocarpa E.Y.Dawson","Opuntia","galapageia","-90.663889","-0.619444","Ecuador","Isla Pinzón",NA,"3c59bd42-7bfd-421b-8da4-275780390e4c",1.8e+07
"Opuntia galapageia var. galapageia","Opuntia","galapageia","-90.558333","-0.2875","Ecuador","Isla San Salvador",NA,"3c59bd42-7bfd-421b-8da4-275780390e4c",1.78e+13
"Opuntia galapageia Hensl.","Opuntia","megasperma","-90.423333","-1.215833","Ecuador","La Corona del Diablo",NA,"3c59bd42-7bfd-421b-8da4-275780390e4c",1.78e+13
"Opuntia galapageia Hensl.","Opuntia","megasperma","-90.423333","-1.215833","Ecuador","La Corona del Diablo",NA,"3c59bd42-7bfd-421b-8da4-275780390e4c",1.78e+13
"Opuntia galapageia Hensl.","Opuntia","megasperma","-89.733333","-1.365278","Ecuador","Isla Espanola",NA,"3c59bd42-7bfd-421b-8da4-275780390e4c",6e+07
"Opuntia Mill.","Opuntia",NA,"-89.50811","-0.8921","Ecuador","Isla San Cristobal",NA,"ed3d96f2-db7b-48cd-9960-f871e7df7286",5.58e+08
"Opuntia galapageia var. helleri (K.Schum. ex B.L.Rob.) Backeb.","Opuntia","helleri","-90.483333","0.316667","Ecuador","Isla Marchena",NA,"e05fd4c2-4d77-4c50-880e-1b22096af300",1.78e+13
"Opuntia galapageia var. saxicola (J.T.Howell) Backeb.","Opuntia","saxicola","-91.583333","-0.451389","Ecuador","Isla Fernandina",NA,"3c59bd42-7bfd-421b-8da4-275780390e4c",6.42e+08
"Opuntia galapageia var. insularis (A.Stewart) Backeb.","Opuntia","insularis","-91.06","-0.5","Ecuador","Isla Isabela",NA,"7bd65a7a-f762-11e1-a439-00145eb45e9a",1.78e+13
