"SpeciesName","Genus","Species","Longitude","Latitude","First","Second","Third","datasetKey","areas"
"Tropidophis melanurus (Schlegel, 1837)","Tropidophis","melanurus","-78.364595","22.5345","Cuba","Cayo Coco",NA,"50c9509d-22c7-4a22-a47d-8c48425ef4a7",321875000
"Tropidophis melanurus (Schlegel, 1837)","Tropidophis","melanurus","-81.822463","23.147956","Cuba",NA,NA,"50c9509d-22c7-4a22-a47d-8c48425ef4a7",1.22e+11
"Tropidophis pardalis (Gundlach, 1840)","Tropidophis","pardalis","-81.82125","23.1482","Cuba",NA,NA,"50c9509d-22c7-4a22-a47d-8c48425ef4a7",1.22e+11
"Tropidophis greenwayi Barbour & Shreve, 1936","Tropidophis","greenwayi","-72.023206","21.919056","Turks and Caicos","North Caicos Island",NA,"50c9509d-22c7-4a22-a47d-8c48425ef4a7",240937500
"Tropidophis melanurus (Schlegel, 1837)","Tropidophis","melanurus","-75.118547","19.922922","Cuba",NA,NA,"50c9509d-22c7-4a22-a47d-8c48425ef4a7",1.22e+11
"Tropidophis haetianus haetianus","Tropidophis","haetianus","-71.438861","18.352766","Dominican Republic",NA,NA,"50c9509d-22c7-4a22-a47d-8c48425ef4a7",83104562500
"Tropidophis melanurus (Schlegel, 1837)","Tropidophis","melanurus","-79.980814","21.796034","Cuba",NA,NA,"50c9509d-22c7-4a22-a47d-8c48425ef4a7",1.22e+11
"Tropidophis curtus (Garman, 1887)","Tropidophis","curtus","-76.185428","24.897788","Bahamas","Eleuthera Island",NA,"50c9509d-22c7-4a22-a47d-8c48425ef4a7",528125000
"Tropidophis melanurus (Schlegel, 1837)","Tropidophis","melanurus","-75.868255","21.113233","Cuba",NA,NA,"50c9509d-22c7-4a22-a47d-8c48425ef4a7",1.22e+11
"Tropidophis melanurus (Schlegel, 1837)","Tropidophis","melanurus","-74.567787","20.345415","Cuba",NA,NA,"50c9509d-22c7-4a22-a47d-8c48425ef4a7",1.22e+11
"Tropidophis haetianus (Cope, 1879)","Tropidophis","haetianus","-70.911541","19.041676","Dominican Republic",NA,NA,"50c9509d-22c7-4a22-a47d-8c48425ef4a7",83104562500
"Tropidophis haetianus (Cope, 1879)","Tropidophis","haetianus","-71.463614","18.281086","Dominican Republic",NA,NA,"50c9509d-22c7-4a22-a47d-8c48425ef4a7",83104562500
"Tropidophis pardalis (Gundlach, 1840)","Tropidophis","pardalis","-82.062812","23.047402","Cuba",NA,NA,"50c9509d-22c7-4a22-a47d-8c48425ef4a7",1.22e+11
"Tropidophis melanurus (Schlegel, 1837)","Tropidophis","melanurus","-81.812757","23.142747","Cuba",NA,NA,"50c9509d-22c7-4a22-a47d-8c48425ef4a7",1.22e+11
"Tropidophis melanurus (Schlegel, 1837)","Tropidophis","melanurus","-81.166304","22.325384","Cuba",NA,NA,"50c9509d-22c7-4a22-a47d-8c48425ef4a7",1.22e+11
"Tropidophis caymanensis Battersby, 1938","Tropidophis","caymanensis","-81.385381","19.387428","Cayman Islands","Grand Cayman",NA,"50c9509d-22c7-4a22-a47d-8c48425ef4a7",228562500
"Tropidophis haetianus (Cope, 1879)","Tropidophis","haetianus","-69.440375","19.002475","Dominican Republic",NA,NA,"50c9509d-22c7-4a22-a47d-8c48425ef4a7",83104562500
"Tropidophis melanurus (Schlegel, 1837)","Tropidophis","melanurus","-75.940152","21.096237","Cuba",NA,NA,"50c9509d-22c7-4a22-a47d-8c48425ef4a7",1.22e+11
"Tropidophis caymanensis Battersby, 1938","Tropidophis","caymanensis","-81.338476","19.314989","Cayman Islands","Grand Cayman",NA,"50c9509d-22c7-4a22-a47d-8c48425ef4a7",228562500
"Tropidophis haetianus (Cope, 1879)","Tropidophis","haetianus","-69.934226","18.468706","Dominican Republic",NA,NA,"50c9509d-22c7-4a22-a47d-8c48425ef4a7",83104562500
"Tropidophis haetianus (Cope, 1879)","Tropidophis","haetianus","-70.589159","19.735592","Dominican Republic",NA,NA,"50c9509d-22c7-4a22-a47d-8c48425ef4a7",83104562500
"Tropidophis melanurus (Schlegel, 1837)","Tropidophis","melanurus","-75.604614","19.910449","Cuba",NA,NA,"50c9509d-22c7-4a22-a47d-8c48425ef4a7",1.22e+11
"Tropidophis jamaicensis Stull, 1928","Tropidophis","jamaicensis","-76.872839","18.162449","Jamaica",NA,NA,"50c9509d-22c7-4a22-a47d-8c48425ef4a7",12225750000
"Tropidophis curtus (Garman, 1887)","Tropidophis","curtus","-77.361763","25.076236","Bahamas","New Providence Island",NA,"50c9509d-22c7-4a22-a47d-8c48425ef4a7",263875000
"Tropidophis melanurus (Schlegel, 1837)","Tropidophis","melanurus","-80.001747","21.828175","Cuba",NA,NA,"50c9509d-22c7-4a22-a47d-8c48425ef4a7",1.22e+11
"Tropidophis melanurus (Schlegel, 1837)","Tropidophis","melanurus","-76.8602","19.952707","Cuba",NA,NA,"50c9509d-22c7-4a22-a47d-8c48425ef4a7",1.22e+11
"Tropidophis melanurus (Schlegel, 1837)","Tropidophis","melanurus","-75.814133","20.446313","Cuba",NA,NA,"50c9509d-22c7-4a22-a47d-8c48425ef4a7",1.22e+11
"Tropidophis caymanensis Battersby, 1938","Tropidophis","caymanensis","-81.239935","19.331114","Cayman Islands","Grand Cayman",NA,"50c9509d-22c7-4a22-a47d-8c48425ef4a7",228562500
"Tropidophis melanurus (Schlegel, 1837)","Tropidophis","melanurus","-83.706629","22.618813","Cuba",NA,NA,"50c9509d-22c7-4a22-a47d-8c48425ef4a7",1.22e+11
"Tropidophis melanurus (Schlegel, 1837)","Tropidophis","melanurus","-83.706629","22.618813","Cuba",NA,NA,"50c9509d-22c7-4a22-a47d-8c48425ef4a7",1.22e+11
"Tropidophis pardalis (Gundlach, 1840)","Tropidophis","pardalis","-82.408562","23.11822","Cuba",NA,NA,"50c9509d-22c7-4a22-a47d-8c48425ef4a7",1.22e+11
"Tropidophis feicki Schwartz, 1957","Tropidophis","feicki","-83.08823","22.70882","Cuba",NA,NA,"50c9509d-22c7-4a22-a47d-8c48425ef4a7",1.22e+11
"Tropidophis feicki Schwartz, 1957","Tropidophis","feicki","-83.002974","22.728399","Cuba",NA,NA,"50c9509d-22c7-4a22-a47d-8c48425ef4a7",1.22e+11
"Tropidophis melanurus (Schlegel, 1837)","Tropidophis","melanurus","-83.008675","22.794523","Cuba",NA,NA,"50c9509d-22c7-4a22-a47d-8c48425ef4a7",1.22e+11
"Tropidophis melanurus (Schlegel, 1837)","Tropidophis","melanurus","-81.023971","22.066931","Cuba",NA,NA,"50c9509d-22c7-4a22-a47d-8c48425ef4a7",1.22e+11
"Tropidophis feicki Schwartz, 1957","Tropidophis","feicki","-83.147051","22.618962","Cuba",NA,NA,"50c9509d-22c7-4a22-a47d-8c48425ef4a7",1.22e+11
"Tropidophis haetianus (Cope, 1879)","Tropidophis","haetianus","-70.774463","19.65801","Dominican Republic",NA,NA,"50c9509d-22c7-4a22-a47d-8c48425ef4a7",83104562500
"Tropidophis melanurus (Schlegel, 1837)","Tropidophis","melanurus","-76.220263","20.860339","Cuba",NA,NA,"50c9509d-22c7-4a22-a47d-8c48425ef4a7",1.22e+11
"Tropidophis curtus (Garman, 1887)","Tropidophis","curtus","-75.745645","24.667995","Bahamas","Cat Island",NA,"50c9509d-22c7-4a22-a47d-8c48425ef4a7",433687500
"Tropidophis melanurus (Schlegel, 1837)","Tropidophis","melanurus","-81.026711","22.06815","Cuba",NA,NA,"50c9509d-22c7-4a22-a47d-8c48425ef4a7",1.22e+11
"Tropidophis haetianus (Cope, 1879)","Tropidophis","haetianus","-70.388755","18.940733","Dominican Republic",NA,NA,"50c9509d-22c7-4a22-a47d-8c48425ef4a7",83104562500
"Tropidophis caymanensis Battersby, 1938","Tropidophis","caymanensis","-81.257985","19.352517","Cayman Islands","Grand Cayman",NA,"50c9509d-22c7-4a22-a47d-8c48425ef4a7",228562500
"Tropidophis haetianus (Cope, 1879)","Tropidophis","haetianus","-70.431691","19.039963","Dominican Republic",NA,NA,"50c9509d-22c7-4a22-a47d-8c48425ef4a7",83104562500
"Tropidophis melanurus (Schlegel, 1837)","Tropidophis","melanurus","-75.130491","19.922346","USA","Guantanamo","East","50c9509d-22c7-4a22-a47d-8c48425ef4a7",268312500
"Tropidophis caymanensis Battersby, 1938","Tropidophis","caymanensis","-81.230686","19.329296","Cayman Islands","Grand Cayman",NA,"50c9509d-22c7-4a22-a47d-8c48425ef4a7",228562500
"Tropidophis caymanensis Battersby, 1938","Tropidophis","caymanensis","-81.396794","19.366911","Cayman Islands","Grand Cayman",NA,"50c9509d-22c7-4a22-a47d-8c48425ef4a7",228562500
"Tropidophis melanurus (Schlegel, 1837)","Tropidophis","melanurus","-75.130592","19.922397","USA","Guantanamo","East","50c9509d-22c7-4a22-a47d-8c48425ef4a7",268312500
"Tropidophis melanurus (Schlegel, 1837)","Tropidophis","melanurus","-75.809392","19.971216","Cuba",NA,NA,"50c9509d-22c7-4a22-a47d-8c48425ef4a7",1.22e+11
"Tropidophis melanurus (Schlegel, 1837)","Tropidophis","melanurus","-75.130505","19.922359","USA","Guantanamo","East","50c9509d-22c7-4a22-a47d-8c48425ef4a7",268312500
"Tropidophis haetianus (Cope, 1879)","Tropidophis","haetianus","-70.697729","19.327773","Dominican Republic",NA,NA,"50c9509d-22c7-4a22-a47d-8c48425ef4a7",83104562500
"Tropidophis haetianus (Cope, 1879)","Tropidophis","haetianus","-70.765307","19.351228","Dominican Republic",NA,NA,"50c9509d-22c7-4a22-a47d-8c48425ef4a7",83104562500
"Tropidophis haetianus (Cope, 1879)","Tropidophis","haetianus","-73.787985","18.217422","Haiti",NA,NA,"50c9509d-22c7-4a22-a47d-8c48425ef4a7",83104562500
"Tropidophis melanurus (Schlegel, 1837)","Tropidophis","melanurus","-75.130525","19.922425","USA","Guantanamo","East","50c9509d-22c7-4a22-a47d-8c48425ef4a7",268312500
"Tropidophis melanurus (Schlegel, 1837)","Tropidophis","melanurus","-75.130525","19.9222","USA","Guantanamo","East","50c9509d-22c7-4a22-a47d-8c48425ef4a7",268312500
"Tropidophis haetianus (Cope, 1879)","Tropidophis","haetianus","-70.865562","19.762398","Dominican Republic",NA,NA,"50c9509d-22c7-4a22-a47d-8c48425ef4a7",83104562500
"Tropidophis melanurus (Schlegel, 1837)","Tropidophis","melanurus","-81.019268","22.179844","Cuba",NA,NA,"50c9509d-22c7-4a22-a47d-8c48425ef4a7",1.22e+11
"Tropidophis melanurus (Schlegel, 1837)","Tropidophis","melanurus","-81.153487","23.194212","Cuba",NA,NA,"50c9509d-22c7-4a22-a47d-8c48425ef4a7",1.22e+11
"Tropidophis curtus (Garman, 1887)","Tropidophis","curtus","-75.564623","24.492074","Bahamas","Cat Island",NA,"50c9509d-22c7-4a22-a47d-8c48425ef4a7",433687500
"Tropidophis melanurus (Schlegel, 1837)","Tropidophis","melanurus","-75.541043","20.427021","Cuba",NA,NA,"50c9509d-22c7-4a22-a47d-8c48425ef4a7",1.22e+11
"Tropidophis melanurus (Schlegel, 1837)","Tropidophis","melanurus","-75.700685","19.960853","Cuba",NA,NA,"50c9509d-22c7-4a22-a47d-8c48425ef4a7",1.22e+11
"Tropidophis melanurus (Schlegel, 1837)","Tropidophis","melanurus","-75.700485","19.961208","Cuba",NA,NA,"50c9509d-22c7-4a22-a47d-8c48425ef4a7",1.22e+11
"Tropidophis melanurus (Schlegel, 1837)","Tropidophis","melanurus","-83.191873","22.706333","Cuba",NA,NA,"50c9509d-22c7-4a22-a47d-8c48425ef4a7",1.22e+11
"Tropidophis melanurus (Schlegel, 1837)","Tropidophis","melanurus","-74.292124","20.279994","Cuba",NA,NA,"50c9509d-22c7-4a22-a47d-8c48425ef4a7",1.22e+11
"Tropidophis melanurus (Schlegel, 1837)","Tropidophis","melanurus","-75.128447","19.922269","USA","Guantanamo","East","50c9509d-22c7-4a22-a47d-8c48425ef4a7",268312500
"Tropidophis feicki Schwartz, 1957","Tropidophis","feicki","-83.055095","22.679213","Cuba",NA,NA,"50c9509d-22c7-4a22-a47d-8c48425ef4a7",1.22e+11
"Tropidophis melanurus (Schlegel, 1837)","Tropidophis","melanurus","-83.00625","22.791461","Cuba",NA,NA,"50c9509d-22c7-4a22-a47d-8c48425ef4a7",1.22e+11
"Tropidophis melanurus (Schlegel, 1837)","Tropidophis","melanurus","-83.00738","22.792341","Cuba",NA,NA,"50c9509d-22c7-4a22-a47d-8c48425ef4a7",1.22e+11
"Tropidophis melanurus (Schlegel, 1837)","Tropidophis","melanurus","-75.604582","19.911539","Cuba",NA,NA,"50c9509d-22c7-4a22-a47d-8c48425ef4a7",1.22e+11
"Tropidophis feicki Schwartz, 1957","Tropidophis","feicki","-83.691816","22.643345","Cuba",NA,NA,"50c9509d-22c7-4a22-a47d-8c48425ef4a7",1.22e+11
"Tropidophis maculatus (Bibron, 1840)","Tropidophis","maculatus","-83.688709","22.606666","Cuba",NA,NA,"50c9509d-22c7-4a22-a47d-8c48425ef4a7",1.22e+11
"Tropidophis melanurus (Schlegel, 1837)","Tropidophis","melanurus","-75.604077","19.910392","Cuba",NA,NA,"50c9509d-22c7-4a22-a47d-8c48425ef4a7",1.22e+11
"Tropidophis melanurus (Schlegel, 1837)","Tropidophis","melanurus","-75.607698","19.911387","Cuba",NA,NA,"50c9509d-22c7-4a22-a47d-8c48425ef4a7",1.22e+11
"Tropidophis haetianus (Cope, 1879)","Tropidophis","haetianus","-71.625084","18.206163","Dominican Republic",NA,NA,"50c9509d-22c7-4a22-a47d-8c48425ef4a7",83104562500
"Tropidophis melanurus (Schlegel, 1837)","Tropidophis","melanurus","-75.112754","19.93048","Cuba",NA,NA,"50c9509d-22c7-4a22-a47d-8c48425ef4a7",1.22e+11
"Tropidophis melanurus (Schlegel, 1837)","Tropidophis","melanurus","-79.599456","21.885219","Cuba",NA,NA,"50c9509d-22c7-4a22-a47d-8c48425ef4a7",1.22e+11
"Tropidophis galacelidus Schwartz & Garrido, 1975","Tropidophis","galacelidus","-79.450431","21.944369","Cuba",NA,NA,"50c9509d-22c7-4a22-a47d-8c48425ef4a7",1.22e+11
"Tropidophis melanurus (Schlegel, 1837)","Tropidophis","melanurus","-81.158066","23.195662","Cuba",NA,NA,"50c9509d-22c7-4a22-a47d-8c48425ef4a7",1.22e+11
"Tropidophis melanurus (Schlegel, 1837)","Tropidophis","melanurus","-82.266919","23.063658","Cuba",NA,NA,"50c9509d-22c7-4a22-a47d-8c48425ef4a7",1.22e+11
"Tropidophis melanurus (Schlegel, 1837)","Tropidophis","melanurus","-75.112782","19.930474","Cuba",NA,NA,"50c9509d-22c7-4a22-a47d-8c48425ef4a7",1.22e+11
"Tropidophis melanurus (Schlegel, 1837)","Tropidophis","melanurus","-75.1083","19.93432","Cuba",NA,NA,"50c9509d-22c7-4a22-a47d-8c48425ef4a7",1.22e+11
"Tropidophis melanurus (Schlegel, 1837)","Tropidophis","melanurus","-80.884039","22.132425","Cuba",NA,NA,"50c9509d-22c7-4a22-a47d-8c48425ef4a7",1.22e+11
"Tropidophis spiritus Hedges & Garrido, 1999","Tropidophis","spiritus","-79.518209","21.932415","Cuba",NA,NA,"50c9509d-22c7-4a22-a47d-8c48425ef4a7",1.22e+11
"Tropidophis spiritus Hedges & Garrido, 1999","Tropidophis","spiritus","-79.506141","21.982779","Cuba",NA,NA,"50c9509d-22c7-4a22-a47d-8c48425ef4a7",1.22e+11
"Tropidophis melanurus (Schlegel, 1837)","Tropidophis","melanurus","-81.231444","22.286018","Cuba",NA,NA,"50c9509d-22c7-4a22-a47d-8c48425ef4a7",1.22e+11
"Tropidophis melanurus (Schlegel, 1837)","Tropidophis","melanurus","-80.322414","22.125359","Cuba",NA,NA,"50c9509d-22c7-4a22-a47d-8c48425ef4a7",1.22e+11
"Tropidophis melanurus (Schlegel, 1837)","Tropidophis","melanurus","-77.712355","20.996963","Cuba",NA,NA,"50c9509d-22c7-4a22-a47d-8c48425ef4a7",1.22e+11
"Tropidophis melanurus (Schlegel, 1837)","Tropidophis","melanurus","-81.114022","22.252862","Cuba",NA,NA,"50c9509d-22c7-4a22-a47d-8c48425ef4a7",1.22e+11
"Tropidophis melanurus (Schlegel, 1837)","Tropidophis","melanurus","-81.111055","22.249589","Cuba",NA,NA,"50c9509d-22c7-4a22-a47d-8c48425ef4a7",1.22e+11
"Tropidophis feicki Schwartz, 1957","Tropidophis","feicki","-83.183706","22.61477","Cuba",NA,NA,"50c9509d-22c7-4a22-a47d-8c48425ef4a7",1.22e+11
"Tropidophis melanurus (Schlegel, 1837)","Tropidophis","melanurus","-75.11937","19.89888","USA","Guantanamo","East","50c9509d-22c7-4a22-a47d-8c48425ef4a7",268312500
"Tropidophis melanurus (Schlegel, 1837)","Tropidophis","melanurus","-81.603506","22.306852","Cuba",NA,NA,"50c9509d-22c7-4a22-a47d-8c48425ef4a7",1.22e+11
"Tropidophis melanurus (Schlegel, 1837)","Tropidophis","melanurus","-83.006753","22.79297","Cuba",NA,NA,"50c9509d-22c7-4a22-a47d-8c48425ef4a7",1.22e+11
"Tropidophis melanurus (Schlegel, 1837)","Tropidophis","melanurus","-83.005955","22.791068","Cuba",NA,NA,"50c9509d-22c7-4a22-a47d-8c48425ef4a7",1.22e+11
"Tropidophis wrighti Stull, 1928","Tropidophis","wrighti","-76.321282","19.970597","Cuba",NA,NA,"50c9509d-22c7-4a22-a47d-8c48425ef4a7",1.22e+11
"Tropidophis melanurus (Schlegel, 1837)","Tropidophis","melanurus","-76.289062","21.002471","Cuba",NA,NA,"50c9509d-22c7-4a22-a47d-8c48425ef4a7",1.22e+11
"Tropidophis melanurus (Schlegel, 1837)","Tropidophis","melanurus","-75.804489","20.482887","Cuba",NA,NA,"50c9509d-22c7-4a22-a47d-8c48425ef4a7",1.22e+11
"Tropidophis haetianus (Cope, 1879)","Tropidophis","haetianus","-69.963299","18.426829","Dominican Republic",NA,NA,"50c9509d-22c7-4a22-a47d-8c48425ef4a7",83104562500
"Tropidophis haetianus (Cope, 1879)","Tropidophis","haetianus","-69.896054","18.45987","Dominican Republic",NA,NA,"50c9509d-22c7-4a22-a47d-8c48425ef4a7",83104562500
"Tropidophis feicki Schwartz, 1957","Tropidophis","feicki","-83.308889","22.669444","Cuba",NA,NA,"832b8188-f762-11e1-a439-00145eb45e9a",1.22e+11
"Tropidophis semicinctus (Gundlach & Peters, 1864)","Tropidophis","semicinctus","-81.767134","22.744896","Cuba",NA,NA,"50c9509d-22c7-4a22-a47d-8c48425ef4a7",1.22e+11
"Tropidophis haetianus hemerus Schwartz, 1975","Tropidophis","haetianus","-69.734164","18.818553","Dominican Republic",NA,NA,"50c9509d-22c7-4a22-a47d-8c48425ef4a7",83104562500
"Tropidophis canus (Cope, 1868)","Tropidophis","canus","-73.355844","21.035869","Bahamas","Great Inagua Island",NA,"50c9509d-22c7-4a22-a47d-8c48425ef4a7",1765125000
"Tropidophis haetianus (Cope, 1879)","Tropidophis","haetianus","-69.829512","19.349399","Dominican Republic",NA,NA,"50c9509d-22c7-4a22-a47d-8c48425ef4a7",83104562500
"Tropidophis pardalis (Gundlach, 1840)","Tropidophis","pardalis","-83.372784","22.668666","Cuba",NA,NA,"50c9509d-22c7-4a22-a47d-8c48425ef4a7",1.22e+11
"Tropidophis melanurus (Schlegel, 1837)","Tropidophis","melanurus","-83.371754","22.667399","Cuba",NA,NA,"50c9509d-22c7-4a22-a47d-8c48425ef4a7",1.22e+11
"Tropidophis haetianus (Cope, 1879)","Tropidophis","haetianus","-71.182179","19.450464","Dominican Republic",NA,NA,"50c9509d-22c7-4a22-a47d-8c48425ef4a7",83104562500
"Tropidophis curtus (Garman, 1887)","Tropidophis","curtus","-76.24331","25.19738","Bahamas","Eleuthera Island",NA,"832b8188-f762-11e1-a439-00145eb45e9a",528125000
"Tropidophis curtus (Garman, 1887)","Tropidophis","curtus","-75.09836","23.16781","Bahamas","Long Island",NA,"832b8188-f762-11e1-a439-00145eb45e9a",6117437500
"Tropidophis curtus (Garman, 1887)","Tropidophis","curtus","-75.09836","23.16781","Bahamas","Long Island",NA,"832b8188-f762-11e1-a439-00145eb45e9a",6117437500
"Tropidophis haetianus (Cope, 1879)","Tropidophis","haetianus","-68.985174","18.925911","Dominican Republic",NA,NA,"50c9509d-22c7-4a22-a47d-8c48425ef4a7",83104562500
"Tropidophis curtus (Garman, 1887)","Tropidophis","curtus","-76.13504","25.09054","Bahamas","Eleuthera Island",NA,"832b8188-f762-11e1-a439-00145eb45e9a",528125000
"Tropidophis pardalis (Gundlach, 1840)","Tropidophis","pardalis","-81.823477","23.148947","Cuba",NA,NA,"50c9509d-22c7-4a22-a47d-8c48425ef4a7",1.22e+11
"Tropidophis haetianus (Cope, 1879)","Tropidophis","haetianus","-70.583592","18.549083","Dominican Republic",NA,NA,"50c9509d-22c7-4a22-a47d-8c48425ef4a7",83104562500
"Tropidophis melanurus (Schlegel, 1837)","Tropidophis","melanurus","-74.561261","20.344856","Cuba",NA,NA,"50c9509d-22c7-4a22-a47d-8c48425ef4a7",1.22e+11
"Tropidophis melanurus (Schlegel, 1837)","Tropidophis","melanurus","-74.632616","20.08025","Cuba",NA,NA,"50c9509d-22c7-4a22-a47d-8c48425ef4a7",1.22e+11
"Tropidophis melanurus (Schlegel, 1837)","Tropidophis","melanurus","-75.707951","19.961018","Cuba",NA,NA,"50c9509d-22c7-4a22-a47d-8c48425ef4a7",1.22e+11
"Tropidophis melanurus (Schlegel, 1837)","Tropidophis","melanurus","-74.839278","20.424648","Cuba",NA,NA,"50c9509d-22c7-4a22-a47d-8c48425ef4a7",1.22e+11
"Tropidophis haetianus (Cope, 1879)","Tropidophis","haetianus","-69.84191","18.52353","Dominican Republic",NA,NA,"50c9509d-22c7-4a22-a47d-8c48425ef4a7",83104562500
"Tropidophis melanurus (Schlegel, 1837)","Tropidophis","melanurus","-75.716016","19.961339","Cuba",NA,NA,"7f6dd0f7-9ed4-49c0-bb71-b2a9c7fed9f1",1.22e+11
"Tropidophis melanurus (Schlegel, 1837)","Tropidophis","melanurus","-75.716016","19.961339","Cuba",NA,NA,"7f6dd0f7-9ed4-49c0-bb71-b2a9c7fed9f1",1.22e+11
"Tropidophis melanurus (Schlegel, 1837)","Tropidophis","melanurus","-75.716016","19.961339","Cuba",NA,NA,"7f6dd0f7-9ed4-49c0-bb71-b2a9c7fed9f1",1.22e+11
"Tropidophis melanurus (Schlegel, 1837)","Tropidophis","melanurus","-75.716016","19.961339","Cuba",NA,NA,"7f6dd0f7-9ed4-49c0-bb71-b2a9c7fed9f1",1.22e+11
"Tropidophis melanurus (Schlegel, 1837)","Tropidophis","melanurus","-75.716016","19.961339","Cuba",NA,NA,"7f6dd0f7-9ed4-49c0-bb71-b2a9c7fed9f1",1.22e+11
"Tropidophis melanurus (Schlegel, 1837)","Tropidophis","melanurus","-75.716016","19.961339","Cuba",NA,NA,"7f6dd0f7-9ed4-49c0-bb71-b2a9c7fed9f1",1.22e+11
"Tropidophis melanurus (Schlegel, 1837)","Tropidophis","melanurus","-75.716016","19.961339","Cuba",NA,NA,"7f6dd0f7-9ed4-49c0-bb71-b2a9c7fed9f1",1.22e+11
"Tropidophis melanurus (Schlegel, 1837)","Tropidophis","melanurus","-75.716016","19.961339","Cuba",NA,NA,"7f6dd0f7-9ed4-49c0-bb71-b2a9c7fed9f1",1.22e+11
"Tropidophis melanurus (Schlegel, 1837)","Tropidophis","melanurus","-75.716016","19.961339","Cuba",NA,NA,"7f6dd0f7-9ed4-49c0-bb71-b2a9c7fed9f1",1.22e+11
"Tropidophis melanurus (Schlegel, 1837)","Tropidophis","melanurus","-75.716016","19.961339","Cuba",NA,NA,"7f6dd0f7-9ed4-49c0-bb71-b2a9c7fed9f1",1.22e+11
"Tropidophis melanurus (Schlegel, 1837)","Tropidophis","melanurus","-81.158065","22.367062","Cuba",NA,NA,"50c9509d-22c7-4a22-a47d-8c48425ef4a7",1.22e+11
"Tropidophis melanurus (Schlegel, 1837)","Tropidophis","melanurus","-82.813","21.874667","Cuba","Isla de la Juventura",NA,"09c4287e-e6d5-4552-a07f-bff8a00833d8",1.22e+11
"Tropidophis melanurus (Schlegel, 1837)","Tropidophis","melanurus","-74.426333","20.277333","Cuba",NA,NA,"09c4287e-e6d5-4552-a07f-bff8a00833d8",1.22e+11
"Tropidophis feicki Schwartz, 1957","Tropidophis","feicki","-83.012333","22.796","Cuba",NA,NA,"09c4287e-e6d5-4552-a07f-bff8a00833d8",1.22e+11
"Tropidophis melanurus (Schlegel, 1837)","Tropidophis","melanurus","-75.671","20.0113","Cuba",NA,NA,"26098c25-8f7f-4c71-97ac-1d3db181c65e",1.22e+11
"Tropidophis pardalis (Gundlach, 1840)","Tropidophis","pardalis","-75.671","20.0113","Cuba",NA,NA,"26098c25-8f7f-4c71-97ac-1d3db181c65e",1.22e+11
"Tropidophis pardalis (Gundlach, 1840)","Tropidophis","pardalis","-75.671","20.0113","Cuba",NA,NA,"26098c25-8f7f-4c71-97ac-1d3db181c65e",1.22e+11
"Tropidophis melanurus (Schlegel, 1837)","Tropidophis","melanurus","-75.671","20.0113","Cuba",NA,NA,"26098c25-8f7f-4c71-97ac-1d3db181c65e",1.22e+11
"Tropidophis melanurus (Schlegel, 1837)","Tropidophis","melanurus","-75.67","20.01","Cuba",NA,NA,"d8cd16ba-bb74-4420-821e-083f2bac17c2",1.22e+11
"Tropidophis melanurus (Schlegel, 1837)","Tropidophis","melanurus","-77.2","19.91","Cuba",NA,NA,"d8cd16ba-bb74-4420-821e-083f2bac17c2",1.22e+11
"Tropidophis pardalis (Gundlach, 1840)","Tropidophis","pardalis","-75.67","20.01","Cuba",NA,NA,"d8cd16ba-bb74-4420-821e-083f2bac17c2",1.22e+11
"BOLD:ADI1906","BOLD:ADI1906",NA,"-77.20422","19.90821","Cuba",NA,NA,"040c5662-da76-4782-a48e-cdea1892d14c",1.22e+11
"BOLD:ADI1906","BOLD:ADI1906",NA,"-75.67397","20.007626","Cuba",NA,NA,"040c5662-da76-4782-a48e-cdea1892d14c",1.22e+11
"BOLD:ADI3380","BOLD:ADI3380",NA,"-75.67397","20.007626","Cuba",NA,NA,"040c5662-da76-4782-a48e-cdea1892d14c",1.22e+11
"Tropidophis melanurus (Schlegel, 1837)","Tropidophis","melanurus","-75.67","20.01","Cuba",NA,NA,"d8cd16ba-bb74-4420-821e-083f2bac17c2",1.22e+11
"BOLD:ADI1906","BOLD:ADI1906",NA,"-75.67397","20.007626","Cuba",NA,NA,"040c5662-da76-4782-a48e-cdea1892d14c",1.22e+11
"Tropidophis maculatus (Bibron, 1840)","Tropidophis","maculatus","-79.648889","21.933611","Cuba",NA,NA,"09e074a3-6385-454c-9dc8-bd52c56188de",1.22e+11
"Tropidophis melanurus (Schlegel, 1837)","Tropidophis","melanurus","-83.0167","22.8","Cuba",NA,NA,"26098c25-8f7f-4c71-97ac-1d3db181c65e",1.22e+11
"Tropidophis melanurus (Schlegel, 1837)","Tropidophis","melanurus","-83.0167","22.8","Cuba",NA,NA,"821cc27a-e3bb-4bc5-ac34-89ada245069d",1.22e+11
"Tropidophis melanurus (Schlegel, 1837)","Tropidophis","melanurus","-83.0167","22.8","Cuba",NA,NA,"26098c25-8f7f-4c71-97ac-1d3db181c65e",1.22e+11
"Tropidophis melanurus (Schlegel, 1837)","Tropidophis","melanurus","-83.0167","22.8","Cuba",NA,NA,"26098c25-8f7f-4c71-97ac-1d3db181c65e",1.22e+11
"Tropidophis melanurus (Schlegel, 1837)","Tropidophis","melanurus","-83.02","22.8","Cuba",NA,NA,"d8cd16ba-bb74-4420-821e-083f2bac17c2",1.22e+11
"BOLD:ADI1907","BOLD:ADI1907",NA,"-83.01667","22.8","Cuba",NA,NA,"040c5662-da76-4782-a48e-cdea1892d14c",1.22e+11
"Tropidophis haetianus (Cope, 1879)","Tropidophis","haetianus","-70.66667","19","Dominican Republic",NA,NA,"395dfaad-8b0d-47e2-a2ea-bf8a3fd5c10c",83104562500
"Tropidophis haetianus (Cope, 1879)","Tropidophis","haetianus","-70.66667","19","Dominican Republic",NA,NA,"395dfaad-8b0d-47e2-a2ea-bf8a3fd5c10c",83104562500
"Tropidophis haetianus (Cope, 1879)","Tropidophis","haetianus","-70.66667","19","Dominican Republic",NA,NA,"395dfaad-8b0d-47e2-a2ea-bf8a3fd5c10c",83104562500
"Tropidophis feicki Schwartz, 1957","Tropidophis","feicki","-83.0167","22.8","Cuba",NA,NA,"821cc27a-e3bb-4bc5-ac34-89ada245069d",1.22e+11
"Tropidophis maculatus (Bibron, 1840)","Tropidophis","maculatus","-83.0167","22.8","Cuba",NA,NA,"821cc27a-e3bb-4bc5-ac34-89ada245069d",1.22e+11
"Tropidophis pardalis (Gundlach, 1840)","Tropidophis","pardalis","-83.0167","22.8","Cuba",NA,NA,"821cc27a-e3bb-4bc5-ac34-89ada245069d",1.22e+11
"Tropidophis melanurus (Schlegel, 1837)","Tropidophis","melanurus","-83.0167","22.8","Cuba",NA,NA,"821cc27a-e3bb-4bc5-ac34-89ada245069d",1.22e+11
"Tropidophis melanurus (Schlegel, 1837)","Tropidophis","melanurus","-83.7272","22.6164","Cuba",NA,NA,"821cc27a-e3bb-4bc5-ac34-89ada245069d",1.22e+11
"Tropidophis melanurus (Schlegel, 1837)","Tropidophis","melanurus","-75.1263324","19.9038439","USA","Guantanamo","East","821cc27a-e3bb-4bc5-ac34-89ada245069d",268312500
"Tropidophis melanurus (Schlegel, 1837)","Tropidophis","melanurus","-75.1383327","19.8936444","USA","Guantanamo","East","821cc27a-e3bb-4bc5-ac34-89ada245069d",268312500
"Tropidophis curtus barbouri Bailey, 1937","Tropidophis","canus","-75.47121","24.32","Bahamas","Cat Island",NA,"4bfac3ea-8763-4f4b-a71a-76a6f5f243d3",433687500
"Tropidophis haetianus (Cope, 1879)","Tropidophis","haetianus","-69.5705041","19.0525877","Dominican Republic",NA,NA,"821cc27a-e3bb-4bc5-ac34-89ada245069d",83104562500
"Tropidophis haetianus (Cope, 1879)","Tropidophis","haetianus","-72.8167","19.8924","Haiti",NA,NA,"821cc27a-e3bb-4bc5-ac34-89ada245069d",83104562500
"Tropidophis haetianus (Cope, 1879)","Tropidophis","haetianus","-71.1788401","18.1843292","Dominican Republic",NA,NA,"821cc27a-e3bb-4bc5-ac34-89ada245069d",83104562500
"Tropidophis haetianus (Cope, 1879)","Tropidophis","haetianus","-71.1927405","18.2943238","Dominican Republic",NA,NA,"821cc27a-e3bb-4bc5-ac34-89ada245069d",83104562500
"Tropidophis haetianus (Cope, 1879)","Tropidophis","haetianus","-69.2046959","19.2439786","Dominican Republic",NA,NA,"821cc27a-e3bb-4bc5-ac34-89ada245069d",83104562500
"Tropidophis haetianus (Cope, 1879)","Tropidophis","haetianus","-69.3785998","19.0237892","Dominican Republic",NA,NA,"821cc27a-e3bb-4bc5-ac34-89ada245069d",83104562500
"Tropidophis melanurus (Schlegel, 1837)","Tropidophis","melanurus","-79.41667","21.61667","Cuba",NA,NA,"1c5c3e48-7fc0-4d4f-96e6-c4df2c747f34",1.22e+11
"Tropidophis melanurus (Schlegel, 1837)","Tropidophis","melanurus","-79.41667","21.61667","Cuba",NA,NA,"9cd0014c-b7b1-4ed1-bef7-0225acfa4ef2",1.22e+11
"Tropidophis haetianus haetianus","Tropidophis","haetianus","-69.1978","19.2889","Dominican Republic",NA,NA,"4bfac3ea-8763-4f4b-a71a-76a6f5f243d3",83104562500
"Tropidophis haetianus (Cope, 1879)","Tropidophis","haetianus","-73.8684018","18.3185207","Haiti",NA,NA,"821cc27a-e3bb-4bc5-ac34-89ada245069d",83104562500
"Tropidophis haetianus haetianus","Tropidophis","haetianus","-72.26667","19.683332","Haiti",NA,NA,"dce00a1f-f6b4-4e11-9771-92c62c40ad80",83104562500
"Tropidophis haetianus haetianus","Tropidophis","haetianus","-72.26667","19.683332","Haiti",NA,NA,"dce00a1f-f6b4-4e11-9771-92c62c40ad80",83104562500
"Tropidophis haetianus haetianus","Tropidophis","haetianus","-72.26667","19.683332","Haiti",NA,NA,"dce00a1f-f6b4-4e11-9771-92c62c40ad80",83104562500
"Tropidophis haetianus haetianus","Tropidophis","haetianus","-72.26667","19.683332","Haiti",NA,NA,"dce00a1f-f6b4-4e11-9771-92c62c40ad80",83104562500
"Tropidophis haetianus haetianus","Tropidophis","haetianus","-72.26667","19.683332","Haiti",NA,NA,"dce00a1f-f6b4-4e11-9771-92c62c40ad80",83104562500
"Tropidophis haetianus haetianus","Tropidophis","haetianus","-72.26667","19.683332","Haiti",NA,NA,"dce00a1f-f6b4-4e11-9771-92c62c40ad80",83104562500
"Tropidophis haetianus haetianus","Tropidophis","haetianus","-72.26667","19.683332","Haiti",NA,NA,"dce00a1f-f6b4-4e11-9771-92c62c40ad80",83104562500
"Tropidophis haetianus haetianus","Tropidophis","haetianus","-72.26667","19.683332","Haiti",NA,NA,"dce00a1f-f6b4-4e11-9771-92c62c40ad80",83104562500
"Tropidophis haetianus haetianus","Tropidophis","haetianus","-72.26667","19.683332","Haiti",NA,NA,"dce00a1f-f6b4-4e11-9771-92c62c40ad80",83104562500
"Tropidophis haetianus haetianus","Tropidophis","haetianus","-72.26667","19.683332","Haiti",NA,NA,"dce00a1f-f6b4-4e11-9771-92c62c40ad80",83104562500
"Tropidophis haetianus haetianus","Tropidophis","haetianus","-72.26667","19.683332","Haiti",NA,NA,"dce00a1f-f6b4-4e11-9771-92c62c40ad80",83104562500
"Tropidophis haetianus haetianus","Tropidophis","haetianus","-72.26667","19.683332","Haiti",NA,NA,"dce00a1f-f6b4-4e11-9771-92c62c40ad80",83104562500
"Tropidophis haetianus haetianus","Tropidophis","haetianus","-72.816666","19.9","Haiti",NA,NA,"dce00a1f-f6b4-4e11-9771-92c62c40ad80",83104562500
"Tropidophis haetianus haetianus","Tropidophis","haetianus","-72.816666","19.9","Haiti",NA,NA,"dce00a1f-f6b4-4e11-9771-92c62c40ad80",83104562500
"Tropidophis haetianus haetianus","Tropidophis","haetianus","-72.816666","19.9","Haiti",NA,NA,"dce00a1f-f6b4-4e11-9771-92c62c40ad80",83104562500
"Tropidophis haetianus haetianus","Tropidophis","haetianus","-72.816666","19.9","Haiti",NA,NA,"dce00a1f-f6b4-4e11-9771-92c62c40ad80",83104562500
"Tropidophis haetianus haetianus","Tropidophis","haetianus","-72.816666","19.9","Haiti",NA,NA,"dce00a1f-f6b4-4e11-9771-92c62c40ad80",83104562500
"Tropidophis haetianus haetianus","Tropidophis","haetianus","-72.816666","19.9","Haiti",NA,NA,"dce00a1f-f6b4-4e11-9771-92c62c40ad80",83104562500
"Tropidophis haetianus haetianus","Tropidophis","haetianus","-72.816666","19.9","Haiti",NA,NA,"dce00a1f-f6b4-4e11-9771-92c62c40ad80",83104562500
"Tropidophis haetianus haetianus","Tropidophis","haetianus","-72.816666","19.9","Haiti",NA,NA,"dce00a1f-f6b4-4e11-9771-92c62c40ad80",83104562500
"Tropidophis haetianus haetianus","Tropidophis","haetianus","-72.816666","19.9","Haiti",NA,NA,"dce00a1f-f6b4-4e11-9771-92c62c40ad80",83104562500
"Tropidophis haetianus (Cope, 1879)","Tropidophis","haetianus","-72.26667","19.683332","Haiti",NA,NA,"dce00a1f-f6b4-4e11-9771-92c62c40ad80",83104562500
"Tropidophis haetianus (Cope, 1879)","Tropidophis","haetianus","-72.26667","19.683332","Haiti",NA,NA,"dce00a1f-f6b4-4e11-9771-92c62c40ad80",83104562500
"Tropidophis haetianus (Cope, 1879)","Tropidophis","haetianus","-72.26667","19.683332","Haiti",NA,NA,"dce00a1f-f6b4-4e11-9771-92c62c40ad80",83104562500
"Tropidophis haetianus haetianus","Tropidophis","haetianus","-72.23333","19.466667","Haiti",NA,NA,"dce00a1f-f6b4-4e11-9771-92c62c40ad80",83104562500
"Tropidophis haetianus haetianus","Tropidophis","haetianus","-72.23333","19.466667","Haiti",NA,NA,"dce00a1f-f6b4-4e11-9771-92c62c40ad80",83104562500
"Tropidophis haetianus haetianus","Tropidophis","haetianus","-72.23333","19.466667","Haiti",NA,NA,"dce00a1f-f6b4-4e11-9771-92c62c40ad80",83104562500
"Tropidophis haetianus haetianus","Tropidophis","haetianus","-72.23333","19.466667","Haiti",NA,NA,"dce00a1f-f6b4-4e11-9771-92c62c40ad80",83104562500
"Tropidophis haetianus haetianus","Tropidophis","haetianus","-72.23333","19.466667","Haiti",NA,NA,"dce00a1f-f6b4-4e11-9771-92c62c40ad80",83104562500
"Tropidophis haetianus haetianus","Tropidophis","haetianus","-72.23333","19.466667","Haiti",NA,NA,"dce00a1f-f6b4-4e11-9771-92c62c40ad80",83104562500
"Tropidophis haetianus haetianus","Tropidophis","haetianus","-72.23333","19.466667","Haiti",NA,NA,"dce00a1f-f6b4-4e11-9771-92c62c40ad80",83104562500
"Tropidophis haetianus haetianus","Tropidophis","haetianus","-72.23333","19.466667","Haiti",NA,NA,"dce00a1f-f6b4-4e11-9771-92c62c40ad80",83104562500
"Tropidophis haetianus haetianus","Tropidophis","haetianus","-72.23333","19.466667","Haiti",NA,NA,"dce00a1f-f6b4-4e11-9771-92c62c40ad80",83104562500
"Tropidophis haetianus haetianus","Tropidophis","haetianus","-72.23333","19.466667","Haiti",NA,NA,"dce00a1f-f6b4-4e11-9771-92c62c40ad80",83104562500
"Tropidophis haetianus haetianus","Tropidophis","haetianus","-72.23333","19.466667","Haiti",NA,NA,"dce00a1f-f6b4-4e11-9771-92c62c40ad80",83104562500
"Tropidophis haetianus haetianus","Tropidophis","haetianus","-72.23333","19.466667","Haiti",NA,NA,"dce00a1f-f6b4-4e11-9771-92c62c40ad80",83104562500
"Tropidophis haetianus haetianus","Tropidophis","haetianus","-72.23333","19.466667","Haiti",NA,NA,"dce00a1f-f6b4-4e11-9771-92c62c40ad80",83104562500
"Tropidophis haetianus haetianus","Tropidophis","haetianus","-72.23333","19.466667","Haiti",NA,NA,"dce00a1f-f6b4-4e11-9771-92c62c40ad80",83104562500
"Tropidophis haetianus haetianus","Tropidophis","haetianus","-72.23333","19.466667","Haiti",NA,NA,"dce00a1f-f6b4-4e11-9771-92c62c40ad80",83104562500
"Tropidophis haetianus haetianus","Tropidophis","haetianus","-72.26667","19.683332","Haiti",NA,NA,"dce00a1f-f6b4-4e11-9771-92c62c40ad80",83104562500
"Tropidophis haetianus haetianus","Tropidophis","haetianus","-72.26667","19.683332","Haiti",NA,NA,"dce00a1f-f6b4-4e11-9771-92c62c40ad80",83104562500
"Tropidophis haetianus haetianus","Tropidophis","haetianus","-72.18779","19.49016","Haiti",NA,NA,"dce00a1f-f6b4-4e11-9771-92c62c40ad80",83104562500
"Tropidophis haetianus haetianus","Tropidophis","haetianus","-72.18779","19.49016","Haiti",NA,NA,"dce00a1f-f6b4-4e11-9771-92c62c40ad80",83104562500
"Tropidophis haetianus haetianus","Tropidophis","haetianus","-72.49053","19.62262","Haiti",NA,NA,"dce00a1f-f6b4-4e11-9771-92c62c40ad80",83104562500
"Tropidophis Bibron, 1840","Tropidophis",NA,"-71.3036","18.2633","Dominican Republic",NA,NA,"4bfac3ea-8763-4f4b-a71a-76a6f5f243d3",83104562500
"Tropidophis Bibron, 1840","Tropidophis",NA,"-71.1792","18.1717","Dominican Republic",NA,NA,"4bfac3ea-8763-4f4b-a71a-76a6f5f243d3",83104562500
"Tropidophis Bibron, 1840","Tropidophis",NA,"-71.1792","18.1717","Dominican Republic",NA,NA,"4bfac3ea-8763-4f4b-a71a-76a6f5f243d3",83104562500
"Tropidophis Bibron, 1840","Tropidophis",NA,"-71.1792","18.1717","Dominican Republic",NA,NA,"4bfac3ea-8763-4f4b-a71a-76a6f5f243d3",83104562500
"Tropidophis Bibron, 1840","Tropidophis",NA,"-71.1792","18.1717","Dominican Republic",NA,NA,"4bfac3ea-8763-4f4b-a71a-76a6f5f243d3",83104562500
"Tropidophis Bibron, 1840","Tropidophis",NA,"-71.1792","18.1717","Dominican Republic",NA,NA,"4bfac3ea-8763-4f4b-a71a-76a6f5f243d3",83104562500
"Tropidophis Bibron, 1840","Tropidophis",NA,"-71.1792","18.1717","Dominican Republic",NA,NA,"4bfac3ea-8763-4f4b-a71a-76a6f5f243d3",83104562500
"Tropidophis Bibron, 1840","Tropidophis",NA,"-71.1792","18.1717","Dominican Republic",NA,NA,"4bfac3ea-8763-4f4b-a71a-76a6f5f243d3",83104562500
"Tropidophis haetianus (Cope, 1879)","Tropidophis","haetianus","-72.58334","18.33826","Haiti",NA,NA,"dce00a1f-f6b4-4e11-9771-92c62c40ad80",83104562500
"Tropidophis pardalis (Gundlach, 1840)","Tropidophis","pardalis","-82.41666","23.11666","Cuba",NA,NA,"c287bcb5-ee4a-456f-86b6-dae0e6fe7958",1.22e+11
"Tropidophis pardalis (Gundlach, 1840)","Tropidophis","pardalis","-83.0167","22.8","Cuba",NA,NA,"c287bcb5-ee4a-456f-86b6-dae0e6fe7958",1.22e+11
"Tropidophis pardalis (Gundlach, 1840)","Tropidophis","pardalis","-82.41666","23.11666","Cuba",NA,NA,"c287bcb5-ee4a-456f-86b6-dae0e6fe7958",1.22e+11
"Tropidophis haetianus (Cope, 1879)","Tropidophis","haetianus","-71.0841379","18.0982335","Dominican Republic",NA,NA,"821cc27a-e3bb-4bc5-ac34-89ada245069d",83104562500
"Tropidophis haetianus (Cope, 1879)","Tropidophis","haetianus","-71.0841379","18.0982335","Dominican Republic",NA,NA,"821cc27a-e3bb-4bc5-ac34-89ada245069d",83104562500
"Tropidophis haetianus (Cope, 1879)","Tropidophis","haetianus","-71.0841379","18.0982335","Dominican Republic",NA,NA,"821cc27a-e3bb-4bc5-ac34-89ada245069d",83104562500
"Tropidophis haetianus (Cope, 1879)","Tropidophis","haetianus","-71.0841379","18.0982335","Dominican Republic",NA,NA,"821cc27a-e3bb-4bc5-ac34-89ada245069d",83104562500
"Tropidophis haetianus (Cope, 1879)","Tropidophis","haetianus","-69.209096","19.2195798","Dominican Republic",NA,NA,"821cc27a-e3bb-4bc5-ac34-89ada245069d",83104562500
"Tropidophis haetianus haetianus","Tropidophis","haetianus","-70.1841182","19.3467733","Dominican Republic",NA,NA,"821cc27a-e3bb-4bc5-ac34-89ada245069d",83104562500
"Tropidophis haetianus (Cope, 1879)","Tropidophis","haetianus","-71.0841379","18.0982335","Dominican Republic",NA,NA,"821cc27a-e3bb-4bc5-ac34-89ada245069d",83104562500
"Tropidophis haetianus (Cope, 1879)","Tropidophis","haetianus","-71.0841379","18.0982335","Dominican Republic",NA,NA,"821cc27a-e3bb-4bc5-ac34-89ada245069d",83104562500
"Tropidophis haetianus (Cope, 1879)","Tropidophis","haetianus","-71.0841379","18.0982335","Dominican Republic",NA,NA,"821cc27a-e3bb-4bc5-ac34-89ada245069d",83104562500
"Tropidophis haetianus (Cope, 1879)","Tropidophis","haetianus","-71.0841379","18.0982335","Dominican Republic",NA,NA,"821cc27a-e3bb-4bc5-ac34-89ada245069d",83104562500
"Tropidophis Bibron, 1840","Tropidophis",NA,"-73.67","20.94","Bahamas","Great Inagua Island",NA,"76dd8f0d-2daa-4a69-9fcd-55e04230334a",1765125000
"Tropidophis haetianus tiburonensis Schwartz, 1975","Tropidophis","haetianus","-73.866669","18.366667","Haiti",NA,NA,"dce00a1f-f6b4-4e11-9771-92c62c40ad80",83104562500
"Tropidophis haetianus haetianus","Tropidophis","haetianus","-70.1927179","18.4443271","Dominican Republic",NA,NA,"dce00a1f-f6b4-4e11-9771-92c62c40ad80",83104562500
"Tropidophis haetianus haetianus","Tropidophis","haetianus","-70.1927179","18.4443271","Dominican Republic",NA,NA,"dce00a1f-f6b4-4e11-9771-92c62c40ad80",83104562500
"Tropidophis haetianus haetianus","Tropidophis","haetianus","-70.1927179","18.4443271","Dominican Republic",NA,NA,"dce00a1f-f6b4-4e11-9771-92c62c40ad80",83104562500
"Tropidophis Bibron, 1840","Tropidophis",NA,"-71.2327711","17.9097827","Dominican Republic",NA,NA,"dce00a1f-f6b4-4e11-9771-92c62c40ad80",83104562500
"Tropidophis Bibron, 1840","Tropidophis",NA,"-71.2327711","17.9278518","Dominican Republic",NA,NA,"dce00a1f-f6b4-4e11-9771-92c62c40ad80",83104562500
"Tropidophis Bibron, 1840","Tropidophis",NA,"-71.2327711","17.9278518","Dominican Republic",NA,NA,"dce00a1f-f6b4-4e11-9771-92c62c40ad80",83104562500
"Tropidophis Bibron, 1840","Tropidophis",NA,"-71.2327711","17.9278518","Dominican Republic",NA,NA,"dce00a1f-f6b4-4e11-9771-92c62c40ad80",83104562500
"Tropidophis Bibron, 1840","Tropidophis",NA,"-71.2327711","17.9278518","Dominican Republic",NA,NA,"dce00a1f-f6b4-4e11-9771-92c62c40ad80",83104562500
"Tropidophis haetianus haetianus","Tropidophis","haetianus","-71.774174","18.6054283","Dominican Republic",NA,NA,"dce00a1f-f6b4-4e11-9771-92c62c40ad80",83104562500
"Tropidophis haetianus haetianus","Tropidophis","haetianus","-71.774174","18.6054283","Dominican Republic",NA,NA,"dce00a1f-f6b4-4e11-9771-92c62c40ad80",83104562500
"Tropidophis haetianus haetianus","Tropidophis","haetianus","-71.774174","18.6054283","Dominican Republic",NA,NA,"dce00a1f-f6b4-4e11-9771-92c62c40ad80",83104562500
"Tropidophis haetianus haetianus","Tropidophis","haetianus","-71.774174","18.6054283","Dominican Republic",NA,NA,"dce00a1f-f6b4-4e11-9771-92c62c40ad80",83104562500
"Tropidophis haetianus haetianus","Tropidophis","haetianus","-71.774174","18.6054283","Dominican Republic",NA,NA,"dce00a1f-f6b4-4e11-9771-92c62c40ad80",83104562500
"Tropidophis haetianus (Cope, 1879)","Tropidophis","haetianus","-72.35","18.499","Haiti",NA,NA,"dce00a1f-f6b4-4e11-9771-92c62c40ad80",83104562500
"Tropidophis Bibron, 1840","Tropidophis",NA,"-72.48244","18.235","Haiti",NA,NA,"dce00a1f-f6b4-4e11-9771-92c62c40ad80",83104562500
"Tropidophis haetianus haetianus","Tropidophis","haetianus","-72.37237","19.7","Haiti",NA,NA,"dce00a1f-f6b4-4e11-9771-92c62c40ad80",83104562500
"Tropidophis Bibron, 1840","Tropidophis",NA,"-71.3861245","17.8032478","Dominican Republic",NA,NA,"dce00a1f-f6b4-4e11-9771-92c62c40ad80",83104562500
"Tropidophis haetianus haetianus","Tropidophis","haetianus","-70.2904606","19.3396336","Dominican Republic",NA,NA,"dce00a1f-f6b4-4e11-9771-92c62c40ad80",83104562500
"Tropidophis haetianus haetianus","Tropidophis","haetianus","-70.2904606","19.3396336","Dominican Republic",NA,NA,"dce00a1f-f6b4-4e11-9771-92c62c40ad80",83104562500
"Tropidophis haetianus haetianus","Tropidophis","haetianus","-70.2904606","19.3396336","Dominican Republic",NA,NA,"dce00a1f-f6b4-4e11-9771-92c62c40ad80",83104562500
"Tropidophis haetianus haetianus","Tropidophis","haetianus","-70.2904606","19.3396336","Dominican Republic",NA,NA,"dce00a1f-f6b4-4e11-9771-92c62c40ad80",83104562500
"Tropidophis haetianus haetianus","Tropidophis","haetianus","-70.2904606","19.3396336","Dominican Republic",NA,NA,"dce00a1f-f6b4-4e11-9771-92c62c40ad80",83104562500
"Tropidophis haetianus haetianus","Tropidophis","haetianus","-70.2904606","19.3396336","Dominican Republic",NA,NA,"dce00a1f-f6b4-4e11-9771-92c62c40ad80",83104562500
"Tropidophis haetianus haetianus","Tropidophis","haetianus","-70.3844428","19.6689178","Dominican Republic",NA,NA,"dce00a1f-f6b4-4e11-9771-92c62c40ad80",83104562500
"Tropidophis haetianus haetianus","Tropidophis","haetianus","-71.156","19.499","Dominican Republic",NA,NA,"dce00a1f-f6b4-4e11-9771-92c62c40ad80",83104562500
"Tropidophis Bibron, 1840","Tropidophis",NA,"-72.36","18.499","Haiti",NA,NA,"dce00a1f-f6b4-4e11-9771-92c62c40ad80",83104562500
"Tropidophis Bibron, 1840","Tropidophis",NA,"-71.3794544","17.7968582","Dominican Republic",NA,NA,"dce00a1f-f6b4-4e11-9771-92c62c40ad80",83104562500
"Tropidophis haetianus haetianus","Tropidophis","haetianus","-72.7464","19.0194","Haiti",NA,NA,"4bfac3ea-8763-4f4b-a71a-76a6f5f243d3",83104562500
"Tropidophis haetianus haetianus","Tropidophis","haetianus","-72.7464","19.0194","Haiti",NA,NA,"4bfac3ea-8763-4f4b-a71a-76a6f5f243d3",83104562500
"Tropidophis haetianus (Cope, 1879)","Tropidophis","haetianus","-74.22092","18.64097","Haiti",NA,NA,"dce00a1f-f6b4-4e11-9771-92c62c40ad80",83104562500
"Tropidophis Bibron, 1840","Tropidophis",NA,"-72.33068","18.51667","Haiti",NA,NA,"dce00a1f-f6b4-4e11-9771-92c62c40ad80",83104562500
"Tropidophis haetianus haetianus","Tropidophis","haetianus","-68.6703838","18.8446981","Dominican Republic",NA,NA,"dce00a1f-f6b4-4e11-9771-92c62c40ad80",83104562500
"Tropidophis haetianus haetianus","Tropidophis","haetianus","-68.6703838","18.8446981","Dominican Republic",NA,NA,"dce00a1f-f6b4-4e11-9771-92c62c40ad80",83104562500
"Tropidophis haetianus haetianus","Tropidophis","haetianus","-69.99655","18.7475","Dominican Republic",NA,NA,"dce00a1f-f6b4-4e11-9771-92c62c40ad80",83104562500
"Tropidophis haetianus haetianus","Tropidophis","haetianus","-69.99655","18.7475","Dominican Republic",NA,NA,"dce00a1f-f6b4-4e11-9771-92c62c40ad80",83104562500
"Tropidophis haetianus haetianus","Tropidophis","haetianus","-69.99655","18.7475","Dominican Republic",NA,NA,"dce00a1f-f6b4-4e11-9771-92c62c40ad80",83104562500
"Tropidophis haetianus hemerus Schwartz, 1975","Tropidophis","haetianus","-68.4012776","18.4704165","Dominican Republic",NA,NA,"821cc27a-e3bb-4bc5-ac34-89ada245069d",83104562500
"Tropidophis haetianus hemerus Schwartz, 1975","Tropidophis","haetianus","-68.4019","18.4697","Dominican Republic",NA,NA,"4bfac3ea-8763-4f4b-a71a-76a6f5f243d3",83104562500
"Tropidophis haetianus hemerus Schwartz, 1975","Tropidophis","haetianus","-68.4019","18.4697","Dominican Republic",NA,NA,"4bfac3ea-8763-4f4b-a71a-76a6f5f243d3",83104562500
"Tropidophis haetianus hemerus Schwartz, 1975","Tropidophis","haetianus","-68.4019","18.4697","Dominican Republic",NA,NA,"4bfac3ea-8763-4f4b-a71a-76a6f5f243d3",83104562500
"Tropidophis Bibron, 1840","Tropidophis",NA,"-72.29058","18.49997","Haiti",NA,NA,"dce00a1f-f6b4-4e11-9771-92c62c40ad80",83104562500
"Tropidophis Bibron, 1840","Tropidophis",NA,"-70.8994359","18.3173909","Dominican Republic",NA,NA,"dce00a1f-f6b4-4e11-9771-92c62c40ad80",83104562500
"Tropidophis Bibron, 1840","Tropidophis",NA,"-70.8994359","18.3173909","Dominican Republic",NA,NA,"dce00a1f-f6b4-4e11-9771-92c62c40ad80",83104562500
"Tropidophis Bibron, 1840","Tropidophis",NA,"-70.8994359","18.3173909","Dominican Republic",NA,NA,"dce00a1f-f6b4-4e11-9771-92c62c40ad80",83104562500
"Tropidophis Bibron, 1840","Tropidophis",NA,"-70.8994359","18.3173909","Dominican Republic",NA,NA,"dce00a1f-f6b4-4e11-9771-92c62c40ad80",83104562500
"Tropidophis Bibron, 1840","Tropidophis",NA,"-70.8994359","18.3173909","Dominican Republic",NA,NA,"dce00a1f-f6b4-4e11-9771-92c62c40ad80",83104562500
"Tropidophis Bibron, 1840","Tropidophis",NA,"-70.8994359","18.3173909","Dominican Republic",NA,NA,"dce00a1f-f6b4-4e11-9771-92c62c40ad80",83104562500
"Tropidophis Bibron, 1840","Tropidophis",NA,"-70.8994359","18.3173909","Dominican Republic",NA,NA,"dce00a1f-f6b4-4e11-9771-92c62c40ad80",83104562500
"Tropidophis Bibron, 1840","Tropidophis",NA,"-71.1435493","18.1752397","Dominican Republic",NA,NA,"dce00a1f-f6b4-4e11-9771-92c62c40ad80",83104562500
"Tropidophis Bibron, 1840","Tropidophis",NA,"-71.1940703","17.9392113","Dominican Republic",NA,NA,"dce00a1f-f6b4-4e11-9771-92c62c40ad80",83104562500
"Tropidophis haetianus haetianus","Tropidophis","haetianus","-71.316666","18.799999","Dominican Republic",NA,NA,"dce00a1f-f6b4-4e11-9771-92c62c40ad80",83104562500
"Tropidophis haetianus haetianus","Tropidophis","haetianus","-71.5984502","18.9596913","Dominican Republic",NA,NA,"dce00a1f-f6b4-4e11-9771-92c62c40ad80",83104562500
"Tropidophis haetianus haetianus","Tropidophis","haetianus","-71.2324421","19.5016654","Dominican Republic",NA,NA,"dce00a1f-f6b4-4e11-9771-92c62c40ad80",83104562500
"Tropidophis haetianus haetianus","Tropidophis","haetianus","-71.2324421","19.5016654","Dominican Republic",NA,NA,"dce00a1f-f6b4-4e11-9771-92c62c40ad80",83104562500
"Tropidophis haetianus haetianus","Tropidophis","haetianus","-71.2324421","19.5016654","Dominican Republic",NA,NA,"dce00a1f-f6b4-4e11-9771-92c62c40ad80",83104562500
"Tropidophis haetianus haetianus","Tropidophis","haetianus","-71.2324421","19.5016654","Dominican Republic",NA,NA,"dce00a1f-f6b4-4e11-9771-92c62c40ad80",83104562500
"Tropidophis haetianus haetianus","Tropidophis","haetianus","-71.2324421","19.5016654","Dominican Republic",NA,NA,"dce00a1f-f6b4-4e11-9771-92c62c40ad80",83104562500
"Tropidophis haetianus haetianus","Tropidophis","haetianus","-71.2324421","19.5016654","Dominican Republic",NA,NA,"dce00a1f-f6b4-4e11-9771-92c62c40ad80",83104562500
"Tropidophis haetianus haetianus","Tropidophis","haetianus","-71.2324421","19.5016654","Dominican Republic",NA,NA,"dce00a1f-f6b4-4e11-9771-92c62c40ad80",83104562500
"Tropidophis haetianus haetianus","Tropidophis","haetianus","-71.2324421","19.5016654","Dominican Republic",NA,NA,"dce00a1f-f6b4-4e11-9771-92c62c40ad80",83104562500
"Tropidophis haetianus haetianus","Tropidophis","haetianus","-71.2324421","19.5016654","Dominican Republic",NA,NA,"dce00a1f-f6b4-4e11-9771-92c62c40ad80",83104562500
"Tropidophis haetianus haetianus","Tropidophis","haetianus","-71.2324421","19.5016654","Dominican Republic",NA,NA,"dce00a1f-f6b4-4e11-9771-92c62c40ad80",83104562500
"Tropidophis haetianus haetianus","Tropidophis","haetianus","-71.2324421","19.5016654","Dominican Republic",NA,NA,"dce00a1f-f6b4-4e11-9771-92c62c40ad80",83104562500
"Tropidophis haetianus haetianus","Tropidophis","haetianus","-71.169","19.499","Dominican Republic",NA,NA,"dce00a1f-f6b4-4e11-9771-92c62c40ad80",83104562500
"Tropidophis haetianus haetianus","Tropidophis","haetianus","-70.2800903","19.3015454","Dominican Republic",NA,NA,"dce00a1f-f6b4-4e11-9771-92c62c40ad80",83104562500
"Tropidophis haetianus haetianus","Tropidophis","haetianus","-69.5504038","19.3046755","Dominican Republic",NA,NA,"dce00a1f-f6b4-4e11-9771-92c62c40ad80",83104562500
"Tropidophis haetianus haetianus","Tropidophis","haetianus","-69.5504038","19.3046755","Dominican Republic",NA,NA,"dce00a1f-f6b4-4e11-9771-92c62c40ad80",83104562500
"Tropidophis haetianus hemerus Schwartz, 1975","Tropidophis","haetianus","-68.4012776","18.4704165","Dominican Republic",NA,NA,"821cc27a-e3bb-4bc5-ac34-89ada245069d",83104562500
"Tropidophis haetianus hemerus Schwartz, 1975","Tropidophis","haetianus","-68.4012776","18.4704165","Dominican Republic",NA,NA,"821cc27a-e3bb-4bc5-ac34-89ada245069d",83104562500
"Tropidophis haetianus hemerus Schwartz, 1975","Tropidophis","haetianus","-68.4012776","18.4704165","Dominican Republic",NA,NA,"821cc27a-e3bb-4bc5-ac34-89ada245069d",83104562500
"Tropidophis haetianus hemerus Schwartz, 1975","Tropidophis","haetianus","-68.4012776","18.4704165","Dominican Republic",NA,NA,"821cc27a-e3bb-4bc5-ac34-89ada245069d",83104562500
"Tropidophis haetianus haetianus","Tropidophis","haetianus","-69.2493968","18.8622271","Dominican Republic",NA,NA,"dce00a1f-f6b4-4e11-9771-92c62c40ad80",83104562500
"Tropidophis haetianus haetianus","Tropidophis","haetianus","-69.3823999","19.0006903","Dominican Republic",NA,NA,"dce00a1f-f6b4-4e11-9771-92c62c40ad80",83104562500
"Tropidophis Bibron, 1840","Tropidophis",NA,"-73.40913","18.28333","Haiti",NA,NA,"dce00a1f-f6b4-4e11-9771-92c62c40ad80",83104562500
"Tropidophis Bibron, 1840","Tropidophis",NA,"-73.40913","18.28333","Haiti",NA,NA,"dce00a1f-f6b4-4e11-9771-92c62c40ad80",83104562500
"Tropidophis Bibron, 1840","Tropidophis",NA,"-73.40913","18.28333","Haiti",NA,NA,"dce00a1f-f6b4-4e11-9771-92c62c40ad80",83104562500
"Tropidophis Bibron, 1840","Tropidophis",NA,"-71.6494507","18.0717345","Dominican Republic",NA,NA,"dce00a1f-f6b4-4e11-9771-92c62c40ad80",83104562500
"Tropidophis Bibron, 1840","Tropidophis",NA,"-71.6584509","18.0797341","Dominican Republic",NA,NA,"dce00a1f-f6b4-4e11-9771-92c62c40ad80",83104562500
"Tropidophis Bibron, 1840","Tropidophis",NA,"-71.0734377","18.1777296","Dominican Republic",NA,NA,"dce00a1f-f6b4-4e11-9771-92c62c40ad80",83104562500
"Tropidophis Bibron, 1840","Tropidophis",NA,"-71.0734377","18.1777296","Dominican Republic",NA,NA,"dce00a1f-f6b4-4e11-9771-92c62c40ad80",83104562500
"Tropidophis Bibron, 1840","Tropidophis",NA,"-71.566666","18.316668","Dominican Republic",NA,NA,"dce00a1f-f6b4-4e11-9771-92c62c40ad80",83104562500
"Tropidophis Bibron, 1840","Tropidophis",NA,"-71.566666","18.316668","Dominican Republic",NA,NA,"dce00a1f-f6b4-4e11-9771-92c62c40ad80",83104562500
"Tropidophis Bibron, 1840","Tropidophis",NA,"-71.566666","18.316668","Dominican Republic",NA,NA,"dce00a1f-f6b4-4e11-9771-92c62c40ad80",83104562500
"Tropidophis Bibron, 1840","Tropidophis",NA,"-71.566666","18.316668","Dominican Republic",NA,NA,"dce00a1f-f6b4-4e11-9771-92c62c40ad80",83104562500
"Tropidophis Bibron, 1840","Tropidophis",NA,"-71.566666","18.316668","Dominican Republic",NA,NA,"dce00a1f-f6b4-4e11-9771-92c62c40ad80",83104562500
"Tropidophis haetianus (Cope, 1879)","Tropidophis","haetianus","-71.1088885","18.1722199","Dominican Republic",NA,NA,"dce00a1f-f6b4-4e11-9771-92c62c40ad80",83104562500
"Tropidophis Bibron, 1840","Tropidophis",NA,"-70.8994359","18.3173909","Dominican Republic",NA,NA,"dce00a1f-f6b4-4e11-9771-92c62c40ad80",83104562500
"Tropidophis haetianus haetianus","Tropidophis","haetianus","-70.770631","18.5049238","Dominican Republic",NA,NA,"dce00a1f-f6b4-4e11-9771-92c62c40ad80",83104562500
"Tropidophis haetianus haetianus","Tropidophis","haetianus","-71.6827863","19.317342","Dominican Republic",NA,NA,"dce00a1f-f6b4-4e11-9771-92c62c40ad80",83104562500
"Tropidophis haetianus haetianus","Tropidophis","haetianus","-71.6827863","19.317342","Dominican Republic",NA,NA,"dce00a1f-f6b4-4e11-9771-92c62c40ad80",83104562500
"Tropidophis haetianus haetianus","Tropidophis","haetianus","-71.6827863","19.317342","Dominican Republic",NA,NA,"dce00a1f-f6b4-4e11-9771-92c62c40ad80",83104562500
"Tropidophis haetianus haetianus","Tropidophis","haetianus","-71.6827863","19.317342","Dominican Republic",NA,NA,"dce00a1f-f6b4-4e11-9771-92c62c40ad80",83104562500
"Tropidophis haetianus haetianus","Tropidophis","haetianus","-71.6827863","19.317342","Dominican Republic",NA,NA,"dce00a1f-f6b4-4e11-9771-92c62c40ad80",83104562500
"Tropidophis Bibron, 1840","Tropidophis",NA,"-71.566666","18.316668","Dominican Republic",NA,NA,"dce00a1f-f6b4-4e11-9771-92c62c40ad80",83104562500
"Tropidophis haetianus (Cope, 1879)","Tropidophis","haetianus","-69.3160645","19.2173468","Dominican Republic",NA,NA,"dce00a1f-f6b4-4e11-9771-92c62c40ad80",83104562500
"Tropidophis haetianus haetianus","Tropidophis","haetianus","-69.3160645","19.2173468","Dominican Republic",NA,NA,"dce00a1f-f6b4-4e11-9771-92c62c40ad80",83104562500
"Tropidophis haetianus haetianus","Tropidophis","haetianus","-69.3160645","19.2173468","Dominican Republic",NA,NA,"dce00a1f-f6b4-4e11-9771-92c62c40ad80",83104562500
"Tropidophis haetianus haetianus","Tropidophis","haetianus","-69.3160645","19.2173468","Dominican Republic",NA,NA,"dce00a1f-f6b4-4e11-9771-92c62c40ad80",83104562500
"Tropidophis haetianus tiburonensis Schwartz, 1975","Tropidophis","haetianus","-73.8778","18.3606","Haiti",NA,NA,"4bfac3ea-8763-4f4b-a71a-76a6f5f243d3",83104562500
"Tropidophis haetianus (Cope, 1879)","Tropidophis","haetianus","-72.4235","19.64628","Haiti",NA,NA,"dce00a1f-f6b4-4e11-9771-92c62c40ad80",83104562500
"Tropidophis haetianus (Cope, 1879)","Tropidophis","haetianus","-72.4235","19.64628","Haiti",NA,NA,"dce00a1f-f6b4-4e11-9771-92c62c40ad80",83104562500
"Tropidophis Bibron, 1840","Tropidophis",NA,"-72.283333","18.516666","Haiti",NA,NA,"dce00a1f-f6b4-4e11-9771-92c62c40ad80",83104562500
"Tropidophis Bibron, 1840","Tropidophis",NA,"-72.283333","18.516666","Haiti",NA,NA,"dce00a1f-f6b4-4e11-9771-92c62c40ad80",83104562500
"Tropidophis Bibron, 1840","Tropidophis",NA,"-72.283333","18.516666","Haiti",NA,NA,"dce00a1f-f6b4-4e11-9771-92c62c40ad80",83104562500
"Tropidophis haetianus (Cope, 1879)","Tropidophis","haetianus","-69.574404","18.450717","Dominican Republic",NA,NA,"dce00a1f-f6b4-4e11-9771-92c62c40ad80",83104562500
"Tropidophis haetianus (Cope, 1879)","Tropidophis","haetianus","-68.883331","18.4","Dominican Republic",NA,NA,"dce00a1f-f6b4-4e11-9771-92c62c40ad80",83104562500
"Tropidophis haetianus haetianus","Tropidophis","haetianus","-71.5161182","18.8243779","Dominican Republic",NA,NA,"dce00a1f-f6b4-4e11-9771-92c62c40ad80",83104562500
"Tropidophis haetianus (Cope, 1879)","Tropidophis","haetianus","-72.49053","19.62262","Haiti",NA,NA,"dce00a1f-f6b4-4e11-9771-92c62c40ad80",83104562500
"Tropidophis haetianus (Cope, 1879)","Tropidophis","haetianus","-72.79349","19.77717","Haiti",NA,NA,"dce00a1f-f6b4-4e11-9771-92c62c40ad80",83104562500
"Tropidophis haetianus (Cope, 1879)","Tropidophis","haetianus","-71.6941546","19.3128752","Dominican Republic",NA,NA,"8eddc200-f535-4c65-9b4d-f723eafe607e",83104562500
"Tropidophis Bibron, 1840","Tropidophis",NA,"-72.11177","18.65","Haiti",NA,NA,"dce00a1f-f6b4-4e11-9771-92c62c40ad80",83104562500
"Tropidophis Bibron, 1840","Tropidophis",NA,"-71.93601","18.48155","Haiti",NA,NA,"dce00a1f-f6b4-4e11-9771-92c62c40ad80",83104562500
"Tropidophis haetianus (Cope, 1879)","Tropidophis","haetianus","-74.199997","18.65","Haiti",NA,NA,"dce00a1f-f6b4-4e11-9771-92c62c40ad80",83104562500
"Tropidophis Bibron, 1840","Tropidophis",NA,"-72.32708","18.49938","Haiti",NA,NA,"dce00a1f-f6b4-4e11-9771-92c62c40ad80",83104562500
"Tropidophis Bibron, 1840","Tropidophis",NA,"-72.32708","18.49938","Haiti",NA,NA,"dce00a1f-f6b4-4e11-9771-92c62c40ad80",83104562500
"Tropidophis Bibron, 1840","Tropidophis",NA,"-72.32708","18.49938","Haiti",NA,NA,"dce00a1f-f6b4-4e11-9771-92c62c40ad80",83104562500
"Tropidophis Bibron, 1840","Tropidophis",NA,"-72.32708","18.49938","Haiti",NA,NA,"dce00a1f-f6b4-4e11-9771-92c62c40ad80",83104562500
"Tropidophis Bibron, 1840","Tropidophis",NA,"-72.32708","18.49938","Haiti",NA,NA,"dce00a1f-f6b4-4e11-9771-92c62c40ad80",83104562500
"Tropidophis Bibron, 1840","Tropidophis",NA,"-72.32708","18.49938","Haiti",NA,NA,"dce00a1f-f6b4-4e11-9771-92c62c40ad80",83104562500
"Tropidophis Bibron, 1840","Tropidophis",NA,"-72.34963","18.51667","Haiti",NA,NA,"dce00a1f-f6b4-4e11-9771-92c62c40ad80",83104562500
"Tropidophis Bibron, 1840","Tropidophis",NA,"-72.23646","18.56138","Haiti",NA,NA,"dce00a1f-f6b4-4e11-9771-92c62c40ad80",83104562500
"Tropidophis Bibron, 1840","Tropidophis",NA,"-72.32708","18.49938","Haiti",NA,NA,"dce00a1f-f6b4-4e11-9771-92c62c40ad80",83104562500
"Tropidophis Bibron, 1840","Tropidophis",NA,"-72.32708","18.49938","Haiti",NA,NA,"dce00a1f-f6b4-4e11-9771-92c62c40ad80",83104562500
"Tropidophis Bibron, 1840","Tropidophis",NA,"-72.32708","18.49938","Haiti",NA,NA,"dce00a1f-f6b4-4e11-9771-92c62c40ad80",83104562500
"Tropidophis haetianus haetianus","Tropidophis","haetianus","-72.4235","19.64628","Haiti",NA,NA,"dce00a1f-f6b4-4e11-9771-92c62c40ad80",83104562500
"Tropidophis haetianus haetianus","Tropidophis","haetianus","-72.4235","19.64628","Haiti",NA,NA,"dce00a1f-f6b4-4e11-9771-92c62c40ad80",83104562500
"Tropidophis haetianus haetianus","Tropidophis","haetianus","-72.4235","19.64628","Haiti",NA,NA,"dce00a1f-f6b4-4e11-9771-92c62c40ad80",83104562500
"Tropidophis melanurus (Schlegel, 1837)","Tropidophis","melanurus","-79.41667","21.61667","Cuba",NA,NA,"1c5c3e48-7fc0-4d4f-96e6-c4df2c747f34",1.22e+11
"Tropidophis melanurus (Schlegel, 1837)","Tropidophis","melanurus","-79.41667","21.61667","Cuba",NA,NA,"9cd0014c-b7b1-4ed1-bef7-0225acfa4ef2",1.22e+11
"Tropidophis caymanensis Battersby, 1938","Tropidophis","caymanensis","-79.75","19.75","Cayman Islands","Cayman Brac",NA,"2fba9985-ac30-46cb-99bf-91ccde0d8d2f",44312500
"Tropidophis caymanensis Battersby, 1938","Tropidophis","caymanensis","-79.75","19.75","Cayman Islands","Cayman Brac",NA,"2fba9985-ac30-46cb-99bf-91ccde0d8d2f",44312500
"Tropidophis caymanensis Battersby, 1938","Tropidophis","caymanensis","-79.75","19.75","Cayman Islands","Cayman Brac",NA,"2fba9985-ac30-46cb-99bf-91ccde0d8d2f",44312500
"Tropidophis caymanensis Battersby, 1938","Tropidophis","caymanensis","-79.75","19.75","Cayman Islands","Cayman Brac",NA,"2fba9985-ac30-46cb-99bf-91ccde0d8d2f",44312500
"Tropidophis caymanensis Battersby, 1938","Tropidophis","caymanensis","-79.75","19.75","Cayman Islands","Cayman Brac",NA,"2fba9985-ac30-46cb-99bf-91ccde0d8d2f",44312500
"Tropidophis haetianus (Cope, 1879)","Tropidophis","haetianus","-69.84261","18.4673861","Dominican Republic",NA,NA,"dce00a1f-f6b4-4e11-9771-92c62c40ad80",83104562500
"Tropidophis Bibron, 1840","Tropidophis",NA,"-71.7714536","18.1777292","Haiti",NA,NA,"dce00a1f-f6b4-4e11-9771-92c62c40ad80",83104562500
"Tropidophis Bibron, 1840","Tropidophis",NA,"-70.8994359","18.3173909","Dominican Republic",NA,NA,"dce00a1f-f6b4-4e11-9771-92c62c40ad80",83104562500
"Tropidophis haetianus haetianus","Tropidophis","haetianus","-70.178588","19.2665072","Dominican Republic",NA,NA,"dce00a1f-f6b4-4e11-9771-92c62c40ad80",83104562500
"Tropidophis haetianus haetianus","Tropidophis","haetianus","-70.1266368","19.311505","Dominican Republic",NA,NA,"dce00a1f-f6b4-4e11-9771-92c62c40ad80",83104562500
"Tropidophis haetianus haetianus","Tropidophis","haetianus","-70.2090487","19.3390037","Dominican Republic",NA,NA,"dce00a1f-f6b4-4e11-9771-92c62c40ad80",83104562500
"Tropidophis haetianus haetianus","Tropidophis","haetianus","-70.4970752","19.2173494","Dominican Republic",NA,NA,"dce00a1f-f6b4-4e11-9771-92c62c40ad80",83104562500
"Tropidophis haetianus haetianus","Tropidophis","haetianus","-70.5884273","19.1786812","Dominican Republic",NA,NA,"dce00a1f-f6b4-4e11-9771-92c62c40ad80",83104562500
"Tropidophis haetianus haetianus","Tropidophis","haetianus","-69.0850632","18.9501029","Dominican Republic",NA,NA,"dce00a1f-f6b4-4e11-9771-92c62c40ad80",83104562500
"Tropidophis haetianus haetianus","Tropidophis","haetianus","-69.2493968","18.7979002","Dominican Republic",NA,NA,"dce00a1f-f6b4-4e11-9771-92c62c40ad80",83104562500
"Tropidophis haetianus haetianus","Tropidophis","haetianus","-70.4037","18.921","Dominican Republic",NA,NA,"dce00a1f-f6b4-4e11-9771-92c62c40ad80",83104562500
"Tropidophis haetianus haetianus","Tropidophis","haetianus","-70.4037","18.921","Dominican Republic",NA,NA,"dce00a1f-f6b4-4e11-9771-92c62c40ad80",83104562500
"Tropidophis Bibron, 1840","Tropidophis",NA,"-71.130439","18.2317269","Dominican Republic",NA,NA,"dce00a1f-f6b4-4e11-9771-92c62c40ad80",83104562500
"Tropidophis Bibron, 1840","Tropidophis",NA,"-71.130439","18.2317269","Dominican Republic",NA,NA,"dce00a1f-f6b4-4e11-9771-92c62c40ad80",83104562500
"Tropidophis Bibron, 1840","Tropidophis",NA,"-71.130439","18.2317269","Dominican Republic",NA,NA,"dce00a1f-f6b4-4e11-9771-92c62c40ad80",83104562500
"Tropidophis Bibron, 1840","Tropidophis",NA,"-71.130439","18.2317269","Dominican Republic",NA,NA,"dce00a1f-f6b4-4e11-9771-92c62c40ad80",83104562500
"Tropidophis haetianus haetianus","Tropidophis","haetianus","-69.034262","18.9696319","Dominican Republic",NA,NA,"dce00a1f-f6b4-4e11-9771-92c62c40ad80",83104562500
"Tropidophis haetianus haetianus","Tropidophis","haetianus","-69.034262","18.9696319","Dominican Republic",NA,NA,"dce00a1f-f6b4-4e11-9771-92c62c40ad80",83104562500
"Tropidophis haetianus haetianus","Tropidophis","haetianus","-70.9254346","18.5947093","Dominican Republic",NA,NA,"dce00a1f-f6b4-4e11-9771-92c62c40ad80",83104562500
"Tropidophis haetianus haetianus","Tropidophis","haetianus","-70.9254346","18.5947093","Dominican Republic",NA,NA,"dce00a1f-f6b4-4e11-9771-92c62c40ad80",83104562500
"Tropidophis Bibron, 1840","Tropidophis",NA,"-71.1917604","18.250726","Dominican Republic",NA,NA,"dce00a1f-f6b4-4e11-9771-92c62c40ad80",83104562500
"Tropidophis Bibron, 1840","Tropidophis",NA,"-71.1394392","18.2112879","Dominican Republic",NA,NA,"dce00a1f-f6b4-4e11-9771-92c62c40ad80",83104562500
"Tropidophis haetianus (Cope, 1879)","Tropidophis","haetianus","-68.8808885","18.6807261","Dominican Republic",NA,NA,"dce00a1f-f6b4-4e11-9771-92c62c40ad80",83104562500
"Tropidophis haetianus haetianus","Tropidophis","haetianus","-71.1904412","19.4996655","Dominican Republic",NA,NA,"dce00a1f-f6b4-4e11-9771-92c62c40ad80",83104562500
"Tropidophis haetianus haetianus","Tropidophis","haetianus","-71.1904412","19.4996655","Dominican Republic",NA,NA,"dce00a1f-f6b4-4e11-9771-92c62c40ad80",83104562500
"Tropidophis haetianus haetianus","Tropidophis","haetianus","-70.3994231","19.4846666","Dominican Republic",NA,NA,"dce00a1f-f6b4-4e11-9771-92c62c40ad80",83104562500
"Tropidophis haetianus haetianus","Tropidophis","haetianus","-70.3994231","19.4846666","Dominican Republic",NA,NA,"dce00a1f-f6b4-4e11-9771-92c62c40ad80",83104562500
"Tropidophis haetianus haetianus","Tropidophis","haetianus","-70.3994231","19.4846666","Dominican Republic",NA,NA,"dce00a1f-f6b4-4e11-9771-92c62c40ad80",83104562500
"Tropidophis haetianus haetianus","Tropidophis","haetianus","-70.3994231","19.4846666","Dominican Republic",NA,NA,"dce00a1f-f6b4-4e11-9771-92c62c40ad80",83104562500
"Tropidophis haetianus haetianus","Tropidophis","haetianus","-70.3994231","19.4846666","Dominican Republic",NA,NA,"dce00a1f-f6b4-4e11-9771-92c62c40ad80",83104562500
"Tropidophis haetianus haetianus","Tropidophis","haetianus","-70.3994231","19.4846666","Dominican Republic",NA,NA,"dce00a1f-f6b4-4e11-9771-92c62c40ad80",83104562500
"Tropidophis haetianus haetianus","Tropidophis","haetianus","-70.3994231","19.4846666","Dominican Republic",NA,NA,"dce00a1f-f6b4-4e11-9771-92c62c40ad80",83104562500
"Tropidophis haetianus haetianus","Tropidophis","haetianus","-70.4628945","19.454558","Dominican Republic",NA,NA,"dce00a1f-f6b4-4e11-9771-92c62c40ad80",83104562500
"Tropidophis haetianus haetianus","Tropidophis","haetianus","-70.5884273","19.1786812","Dominican Republic",NA,NA,"dce00a1f-f6b4-4e11-9771-92c62c40ad80",83104562500
"Tropidophis haetianus haetianus","Tropidophis","haetianus","-70.5884273","19.1786812","Dominican Republic",NA,NA,"dce00a1f-f6b4-4e11-9771-92c62c40ad80",83104562500
"Tropidophis haetianus haetianus","Tropidophis","haetianus","-70.5631667","19.2620572","Dominican Republic",NA,NA,"dce00a1f-f6b4-4e11-9771-92c62c40ad80",83104562500
"Tropidophis haetianus haetianus","Tropidophis","haetianus","-70.5631667","19.2620572","Dominican Republic",NA,NA,"dce00a1f-f6b4-4e11-9771-92c62c40ad80",83104562500
"Tropidophis haetianus haetianus","Tropidophis","haetianus","-71.7190634","19.6698272","Dominican Republic",NA,NA,"dce00a1f-f6b4-4e11-9771-92c62c40ad80",83104562500
"Tropidophis haetianus haetianus","Tropidophis","haetianus","-70.5884273","19.1786812","Dominican Republic",NA,NA,"dce00a1f-f6b4-4e11-9771-92c62c40ad80",83104562500
"Tropidophis haetianus haetianus","Tropidophis","haetianus","-72.05806","18.235","Haiti",NA,NA,"4bfac3ea-8763-4f4b-a71a-76a6f5f243d3",83104562500
"Tropidophis haetianus haetianus","Tropidophis","haetianus","-72.05","18.8","Haiti",NA,NA,"4bfac3ea-8763-4f4b-a71a-76a6f5f243d3",83104562500
"Tropidophis haetianus (Cope, 1879)","Tropidophis","haetianus","-73.8675578","18.3254423","Haiti",NA,NA,"7a25f7aa-03fb-4322-aaeb-66719e1a9527",83104562500
"Tropidophis haetianus (Cope, 1879)","Tropidophis","haetianus","-73.866669","18.316668","Haiti",NA,NA,"dce00a1f-f6b4-4e11-9771-92c62c40ad80",83104562500
"Tropidophis haetianus (Cope, 1879)","Tropidophis","haetianus","-73.866669","18.316668","Haiti",NA,NA,"dce00a1f-f6b4-4e11-9771-92c62c40ad80",83104562500
"Tropidophis haetianus (Cope, 1879)","Tropidophis","haetianus","-73.866669","18.316668","Haiti",NA,NA,"dce00a1f-f6b4-4e11-9771-92c62c40ad80",83104562500
"Tropidophis haetianus (Cope, 1879)","Tropidophis","haetianus","-73.866669","18.316668","Haiti",NA,NA,"dce00a1f-f6b4-4e11-9771-92c62c40ad80",83104562500
"Tropidophis haetianus (Cope, 1879)","Tropidophis","haetianus","-73.866669","18.316668","Haiti",NA,NA,"dce00a1f-f6b4-4e11-9771-92c62c40ad80",83104562500
"Tropidophis haetianus (Cope, 1879)","Tropidophis","haetianus","-73.866669","18.316668","Haiti",NA,NA,"dce00a1f-f6b4-4e11-9771-92c62c40ad80",83104562500
"Tropidophis haetianus (Cope, 1879)","Tropidophis","haetianus","-73.866669","18.316668","Haiti",NA,NA,"dce00a1f-f6b4-4e11-9771-92c62c40ad80",83104562500
"Tropidophis haetianus (Cope, 1879)","Tropidophis","haetianus","-73.866669","18.316668","Haiti",NA,NA,"dce00a1f-f6b4-4e11-9771-92c62c40ad80",83104562500
"Tropidophis haetianus (Cope, 1879)","Tropidophis","haetianus","-73.866669","18.316668","Haiti",NA,NA,"dce00a1f-f6b4-4e11-9771-92c62c40ad80",83104562500
"Tropidophis haetianus (Cope, 1879)","Tropidophis","haetianus","-73.866669","18.316668","Haiti",NA,NA,"dce00a1f-f6b4-4e11-9771-92c62c40ad80",83104562500
"Tropidophis haetianus tiburonensis Schwartz, 1975","Tropidophis","haetianus","-73.8676018","18.3254203","Haiti",NA,NA,"821cc27a-e3bb-4bc5-ac34-89ada245069d",83104562500
"Tropidophis haetianus tiburonensis Schwartz, 1975","Tropidophis","haetianus","-73.8676018","18.3254203","Haiti",NA,NA,"821cc27a-e3bb-4bc5-ac34-89ada245069d",83104562500
"Tropidophis haetianus tiburonensis Schwartz, 1975","Tropidophis","haetianus","-73.8676018","18.3254203","Haiti",NA,NA,"821cc27a-e3bb-4bc5-ac34-89ada245069d",83104562500
"Tropidophis haetianus tiburonensis Schwartz, 1975","Tropidophis","haetianus","-73.8676018","18.3254203","Haiti",NA,NA,"821cc27a-e3bb-4bc5-ac34-89ada245069d",83104562500
"Tropidophis haetianus tiburonensis Schwartz, 1975","Tropidophis","haetianus","-73.8676018","18.3254203","Haiti",NA,NA,"821cc27a-e3bb-4bc5-ac34-89ada245069d",83104562500
"Tropidophis haetianus tiburonensis Schwartz, 1975","Tropidophis","haetianus","-73.8681","18.3247","Haiti",NA,NA,"4bfac3ea-8763-4f4b-a71a-76a6f5f243d3",83104562500
"Tropidophis haetianus tiburonensis Schwartz, 1975","Tropidophis","haetianus","-73.8681","18.3247","Haiti",NA,NA,"4bfac3ea-8763-4f4b-a71a-76a6f5f243d3",83104562500
"Tropidophis haetianus tiburonensis Schwartz, 1975","Tropidophis","haetianus","-73.8681","18.3247","Haiti",NA,NA,"4bfac3ea-8763-4f4b-a71a-76a6f5f243d3",83104562500
"Tropidophis haetianus tiburonensis Schwartz, 1975","Tropidophis","haetianus","-73.8681","18.3247","Haiti",NA,NA,"4bfac3ea-8763-4f4b-a71a-76a6f5f243d3",83104562500
"Tropidophis haetianus tiburonensis Schwartz, 1975","Tropidophis","haetianus","-73.8595016","18.3207206","Haiti",NA,NA,"76dd8f0d-2daa-4a69-9fcd-55e04230334a",83104562500
"Tropidophis haetianus tiburonensis Schwartz, 1975","Tropidophis","haetianus","-73.8595016","18.3207206","Haiti",NA,NA,"76dd8f0d-2daa-4a69-9fcd-55e04230334a",83104562500
"Tropidophis haetianus tiburonensis Schwartz, 1975","Tropidophis","haetianus","-73.8595016","18.3207206","Haiti",NA,NA,"76dd8f0d-2daa-4a69-9fcd-55e04230334a",83104562500
"Tropidophis haetianus tiburonensis Schwartz, 1975","Tropidophis","haetianus","-73.8595016","18.3207206","Haiti",NA,NA,"76dd8f0d-2daa-4a69-9fcd-55e04230334a",83104562500
"Tropidophis haetianus tiburonensis Schwartz, 1975","Tropidophis","haetianus","-73.8595016","18.3207206","Haiti",NA,NA,"76dd8f0d-2daa-4a69-9fcd-55e04230334a",83104562500
"Tropidophis haetianus tiburonensis Schwartz, 1975","Tropidophis","haetianus","-74.1169","18.6403","Haiti",NA,NA,"4bfac3ea-8763-4f4b-a71a-76a6f5f243d3",83104562500
"Tropidophis haetianus (Cope, 1879)","Tropidophis","haetianus","-72.46667","18.33333","Haiti",NA,NA,"4bfac3ea-8763-4f4b-a71a-76a6f5f243d3",83104562500
"Tropidophis schwartzi Thomas, 1963","Tropidophis","caymanensis","-79.78232","19.73537","Cayman Islands","Cayman Brac",NA,"4bfac3ea-8763-4f4b-a71a-76a6f5f243d3",44312500
"Tropidophis schwartzi Thomas, 1963","Tropidophis","caymanensis","-79.78232","19.73537","Cayman Islands","Cayman Brac",NA,"4bfac3ea-8763-4f4b-a71a-76a6f5f243d3",44312500
"Tropidophis schwartzi Thomas, 1963","Tropidophis","caymanensis","-79.81667","19.71667","Cayman Islands","Cayman Brac",NA,"4bfac3ea-8763-4f4b-a71a-76a6f5f243d3",44312500
"Tropidophis schwartzi Thomas, 1963","Tropidophis","caymanensis","-79.78232","19.73537","Cayman Islands","Cayman Brac",NA,"4bfac3ea-8763-4f4b-a71a-76a6f5f243d3",44312500
"Tropidophis schwartzi Thomas, 1963","Tropidophis","caymanensis","-79.78232","19.73537","Cayman Islands","Cayman Brac",NA,"4bfac3ea-8763-4f4b-a71a-76a6f5f243d3",44312500
"Tropidophis schwartzi Thomas, 1963","Tropidophis","caymanensis","-79.78232","19.73537","Cayman Islands","Cayman Brac",NA,"4bfac3ea-8763-4f4b-a71a-76a6f5f243d3",44312500
"Tropidophis schwartzi Thomas, 1963","Tropidophis","caymanensis","-79.78232","19.73537","Cayman Islands","Cayman Brac",NA,"4bfac3ea-8763-4f4b-a71a-76a6f5f243d3",44312500
"Tropidophis schwartzi Thomas, 1963","Tropidophis","caymanensis","-79.78232","19.73537","Cayman Islands","Cayman Brac",NA,"4bfac3ea-8763-4f4b-a71a-76a6f5f243d3",44312500
"Tropidophis schwartzi Thomas, 1963","Tropidophis","caymanensis","-79.78232","19.73537","Cayman Islands","Cayman Brac",NA,"4bfac3ea-8763-4f4b-a71a-76a6f5f243d3",44312500
"Tropidophis schwartzi Thomas, 1963","Tropidophis","caymanensis","-79.78232","19.73537","Cayman Islands","Cayman Brac",NA,"4bfac3ea-8763-4f4b-a71a-76a6f5f243d3",44312500
"Tropidophis schwartzi Thomas, 1963","Tropidophis","schwartzi","-79.78232","19.73537","Cayman Islands","Cayman Brac",NA,"4bfac3ea-8763-4f4b-a71a-76a6f5f243d3",44312500
"Tropidophis haetianus (Cope, 1879)","Tropidophis","haetianus","-72.19083","19.73667","Haiti",NA,NA,"4bfac3ea-8763-4f4b-a71a-76a6f5f243d3",83104562500
"Tropidophis haetianus haetianus","Tropidophis","haetianus","-73.37529","19.80477","Haiti",NA,NA,"4bfac3ea-8763-4f4b-a71a-76a6f5f243d3",83104562500
"Tropidophis maculatus (Bibron, 1840)","Tropidophis","maculatus","-82.43333","23.08333","Cuba",NA,NA,"dce00a1f-f6b4-4e11-9771-92c62c40ad80",1.22e+11
"Tropidophis maculatus (Bibron, 1840)","Tropidophis","maculatus","-82.43333","23.08333","Cuba",NA,NA,"dce00a1f-f6b4-4e11-9771-92c62c40ad80",1.22e+11
"Tropidophis pardalis (Gundlach, 1840)","Tropidophis","pardalis","-82.43333","23.08333","Cuba",NA,NA,"dce00a1f-f6b4-4e11-9771-92c62c40ad80",1.22e+11
"Tropidophis pardalis (Gundlach, 1840)","Tropidophis","pardalis","-82.43333","23.08333","Cuba",NA,NA,"dce00a1f-f6b4-4e11-9771-92c62c40ad80",1.22e+11
"Tropidophis pardalis (Gundlach, 1840)","Tropidophis","pardalis","-82.43333","23.08333","Cuba",NA,NA,"dce00a1f-f6b4-4e11-9771-92c62c40ad80",1.22e+11
"Tropidophis pardalis (Gundlach, 1840)","Tropidophis","pardalis","-82.43333","23.08333","Cuba",NA,NA,"dce00a1f-f6b4-4e11-9771-92c62c40ad80",1.22e+11
"Tropidophis pardalis (Gundlach, 1840)","Tropidophis","pardalis","-82.43333","23.08333","Cuba",NA,NA,"dce00a1f-f6b4-4e11-9771-92c62c40ad80",1.22e+11
"Tropidophis pardalis (Gundlach, 1840)","Tropidophis","pardalis","-82.43333","23.08333","Cuba",NA,NA,"dce00a1f-f6b4-4e11-9771-92c62c40ad80",1.22e+11
"Tropidophis pardalis (Gundlach, 1840)","Tropidophis","pardalis","-82.43333","23.08333","Cuba",NA,NA,"dce00a1f-f6b4-4e11-9771-92c62c40ad80",1.22e+11
"Tropidophis pardalis (Gundlach, 1840)","Tropidophis","pardalis","-82.43333","23.08333","Cuba",NA,NA,"dce00a1f-f6b4-4e11-9771-92c62c40ad80",1.22e+11
"Tropidophis pardalis (Gundlach, 1840)","Tropidophis","pardalis","-82.43333","23.08333","Cuba",NA,NA,"dce00a1f-f6b4-4e11-9771-92c62c40ad80",1.22e+11
"Tropidophis pardalis (Gundlach, 1840)","Tropidophis","pardalis","-82.43333","23.08333","Cuba",NA,NA,"dce00a1f-f6b4-4e11-9771-92c62c40ad80",1.22e+11
"Tropidophis haetianus haetianus","Tropidophis","haetianus","-72.03333","18.65","Haiti",NA,NA,"4bfac3ea-8763-4f4b-a71a-76a6f5f243d3",83104562500
"Tropidophis melanurus melanurus","Tropidophis","melanurus","-77.16758","20.76229","Cuba",NA,NA,"4bfac3ea-8763-4f4b-a71a-76a6f5f243d3",1.22e+11
"Tropidophis haetianus (Cope, 1879)","Tropidophis","haetianus","-72.6081","19.1511","Haiti",NA,NA,"4bfac3ea-8763-4f4b-a71a-76a6f5f243d3",83104562500
"Tropidophis haetianus (Cope, 1879)","Tropidophis","haetianus","-72.1","18.98333","Haiti",NA,NA,"4bfac3ea-8763-4f4b-a71a-76a6f5f243d3",83104562500
"Tropidophis melanurus (Schlegel, 1837)","Tropidophis","melanurus","-77.9089","21.6828","Cuba",NA,NA,"4bfac3ea-8763-4f4b-a71a-76a6f5f243d3",1.22e+11
"Tropidophis melanurus (Schlegel, 1837)","Tropidophis","melanurus","-77.9089","21.6828","Cuba",NA,NA,"4bfac3ea-8763-4f4b-a71a-76a6f5f243d3",1.22e+11
"Tropidophis melanurus (Schlegel, 1837)","Tropidophis","melanurus","-78.00345","21.38333","Cuba",NA,NA,"4bfac3ea-8763-4f4b-a71a-76a6f5f243d3",1.22e+11
"Tropidophis haetianus (Cope, 1879)","Tropidophis","haetianus","-71.8208","18.7989","Haiti",NA,NA,"861d3d64-f762-11e1-a439-00145eb45e9a",83104562500
"Tropidophis haetianus (Cope, 1879)","Tropidophis","haetianus","-71.8208","18.7989","Haiti",NA,NA,"861d3d64-f762-11e1-a439-00145eb45e9a",83104562500
"Tropidophis Bibron, 1840","Tropidophis",NA,"-77.55","25.02","Bahamas","New Providence Island",NA,"2fba9985-ac30-46cb-99bf-91ccde0d8d2f",263875000
"Tropidophis wrighti Stull, 1928","Tropidophis","wrighti","-78.00345","21.38333","Cuba",NA,NA,"4bfac3ea-8763-4f4b-a71a-76a6f5f243d3",1.22e+11
"Tropidophis melanurus (Schlegel, 1837)","Tropidophis","melanurus","-83.4","22.3","Cuba",NA,NA,"7a25f7aa-03fb-4322-aaeb-66719e1a9527",1.22e+11
"Tropidophis melanurus (Schlegel, 1837)","Tropidophis","melanurus","-80.55","22.3333","Cuba",NA,NA,"821cc27a-e3bb-4bc5-ac34-89ada245069d",1.22e+11
"Tropidophis melanurus (Schlegel, 1837)","Tropidophis","melanurus","-77.8867","21.6408","Cuba",NA,NA,"4bfac3ea-8763-4f4b-a71a-76a6f5f243d3",1.22e+11
"Tropidophis wrighti Stull, 1928","Tropidophis","wrighti","-77.8867","21.6408","Cuba",NA,NA,"4bfac3ea-8763-4f4b-a71a-76a6f5f243d3",1.22e+11
"Tropidophis melanurus (Schlegel, 1837)","Tropidophis","melanurus","-77.8867","21.6408","Cuba",NA,NA,"4bfac3ea-8763-4f4b-a71a-76a6f5f243d3",1.22e+11
"Tropidophis melanurus (Schlegel, 1837)","Tropidophis","melanurus","-77.8867","21.6408","Cuba",NA,NA,"4bfac3ea-8763-4f4b-a71a-76a6f5f243d3",1.22e+11
"Tropidophis melanurus (Schlegel, 1837)","Tropidophis","melanurus","-78.10568","21.28754","Cuba",NA,NA,"4bfac3ea-8763-4f4b-a71a-76a6f5f243d3",1.22e+11
"Tropidophis hardyi Schwartz & Garrido, 1975","Tropidophis","hardyi","-80.55","22.3333","Cuba",NA,NA,"821cc27a-e3bb-4bc5-ac34-89ada245069d",1.22e+11
"Tropidophis hardyi Schwartz & Garrido, 1975","Tropidophis","hardyi","-80.55","22.3333","Cuba",NA,NA,"821cc27a-e3bb-4bc5-ac34-89ada245069d",1.22e+11
"Tropidophis feicki Schwartz, 1957","Tropidophis","feicki","-83.4","22.3","Cuba",NA,NA,"4bfac3ea-8763-4f4b-a71a-76a6f5f243d3",1.22e+11
"Tropidophis melanurus (Schlegel, 1837)","Tropidophis","melanurus","-76.8","19.9333","Cuba",NA,NA,"821cc27a-e3bb-4bc5-ac34-89ada245069d",1.22e+11
"Tropidophis wrighti Stull, 1928","Tropidophis","wrighti","-76.8","19.9333","Cuba",NA,NA,"821cc27a-e3bb-4bc5-ac34-89ada245069d",1.22e+11
"Tropidophis hardyi Schwartz & Garrido, 1975","Tropidophis","hardyi","-80.1558","21.9333","Cuba",NA,NA,"821cc27a-e3bb-4bc5-ac34-89ada245069d",1.22e+11
"Tropidophis hardyi Schwartz & Garrido, 1975","Tropidophis","hardyi","-80.1558","21.9333","Cuba",NA,NA,"821cc27a-e3bb-4bc5-ac34-89ada245069d",1.22e+11
"Tropidophis melanurus (Schlegel, 1837)","Tropidophis","melanurus","-77.6494917","19.9621388","Cuba",NA,NA,"821cc27a-e3bb-4bc5-ac34-89ada245069d",1.22e+11
"Tropidophis hardyi Schwartz & Garrido, 1975","Tropidophis","hardyi","-80.1558","21.9333","Cuba",NA,NA,"821cc27a-e3bb-4bc5-ac34-89ada245069d",1.22e+11
"Tropidophis Bibron, 1840","Tropidophis",NA,"-75.145401","19.916617","USA","Guantanamo","East","8e479b8f-ac16-4bed-a11a-bc7e27c31663",268312500
"Tropidophis melanurus (Schlegel, 1837)","Tropidophis","melanurus","-80.3254","22.1248","Cuba",NA,NA,"d5fafa95-7de2-48c0-bf10-3480bcca4a2b",1.22e+11
"Tropidophis semicinctus (Gundlach & Peters, 1864)","Tropidophis","semicinctus","-80.3384","22.1317","Cuba",NA,NA,"d5fafa95-7de2-48c0-bf10-3480bcca4a2b",1.22e+11
"Tropidophis hardyi Schwartz & Garrido, 1975","Tropidophis","hardyi","-80.55","22.3333","Cuba",NA,NA,"821cc27a-e3bb-4bc5-ac34-89ada245069d",1.22e+11
"Tropidophis galacelidus Schwartz & Garrido, 1975","Tropidophis","galacelidus","-80.4667","22.4667","Cuba",NA,NA,"821cc27a-e3bb-4bc5-ac34-89ada245069d",1.22e+11
"Tropidophis pardalis (Gundlach, 1840)","Tropidophis","pardalis","-82.4275","23.0747","Cuba",NA,NA,"821cc27a-e3bb-4bc5-ac34-89ada245069d",1.22e+11
"Tropidophis pardalis (Gundlach, 1840)","Tropidophis","pardalis","-82.4275","23.0747","Cuba",NA,NA,"821cc27a-e3bb-4bc5-ac34-89ada245069d",1.22e+11
"Tropidophis pardalis (Gundlach, 1840)","Tropidophis","pardalis","-82.4275","23.0747","Cuba",NA,NA,"821cc27a-e3bb-4bc5-ac34-89ada245069d",1.22e+11
"Tropidophis pardalis (Gundlach, 1840)","Tropidophis","pardalis","-82.4275","23.0747","Cuba",NA,NA,"821cc27a-e3bb-4bc5-ac34-89ada245069d",1.22e+11
"Tropidophis pardalis (Gundlach, 1840)","Tropidophis","pardalis","-82.4275","23.0747","Cuba",NA,NA,"821cc27a-e3bb-4bc5-ac34-89ada245069d",1.22e+11
"Tropidophis Bibron, 1840","Tropidophis",NA,"-74.961308","23.086498","Bahamas","Long Island",NA,"8e479b8f-ac16-4bed-a11a-bc7e27c31663",6117437500
"Tropidophis melanurus (Schlegel, 1837)","Tropidophis","melanurus","-75.1257324","19.9274428","USA","Guantanamo","East","821cc27a-e3bb-4bc5-ac34-89ada245069d",268312500
"Tropidophis pardalis (Gundlach, 1840)","Tropidophis","pardalis","-82.4275","23.0747","Cuba",NA,NA,"821cc27a-e3bb-4bc5-ac34-89ada245069d",1.22e+11
"Tropidophis pardalis (Gundlach, 1840)","Tropidophis","pardalis","-82.4275","23.0747","Cuba",NA,NA,"821cc27a-e3bb-4bc5-ac34-89ada245069d",1.22e+11
"Tropidophis pardalis (Gundlach, 1840)","Tropidophis","pardalis","-82.4275","23.0747","Cuba",NA,NA,"821cc27a-e3bb-4bc5-ac34-89ada245069d",1.22e+11
"Tropidophis pardalis (Gundlach, 1840)","Tropidophis","pardalis","-82.4275","23.0747","Cuba",NA,NA,"821cc27a-e3bb-4bc5-ac34-89ada245069d",1.22e+11
"Tropidophis maculatus (Bibron, 1840)","Tropidophis","maculatus","-82.4275","23.0747","Cuba",NA,NA,"821cc27a-e3bb-4bc5-ac34-89ada245069d",1.22e+11
"Tropidophis pardalis (Gundlach, 1840)","Tropidophis","pardalis","-82.4275","23.0747","Cuba",NA,NA,"821cc27a-e3bb-4bc5-ac34-89ada245069d",1.22e+11
"Tropidophis pardalis (Gundlach, 1840)","Tropidophis","pardalis","-82.4275","23.0747","Cuba",NA,NA,"821cc27a-e3bb-4bc5-ac34-89ada245069d",1.22e+11
"Tropidophis pardalis (Gundlach, 1840)","Tropidophis","pardalis","-82.4275","23.0747","Cuba",NA,NA,"821cc27a-e3bb-4bc5-ac34-89ada245069d",1.22e+11
"Tropidophis pardalis (Gundlach, 1840)","Tropidophis","pardalis","-82.4275","23.0747","Cuba",NA,NA,"821cc27a-e3bb-4bc5-ac34-89ada245069d",1.22e+11
"Tropidophis pardalis (Gundlach, 1840)","Tropidophis","pardalis","-82.4275","23.0747","Cuba",NA,NA,"821cc27a-e3bb-4bc5-ac34-89ada245069d",1.22e+11
"Tropidophis pardalis (Gundlach, 1840)","Tropidophis","pardalis","-82.4275","23.0747","Cuba",NA,NA,"821cc27a-e3bb-4bc5-ac34-89ada245069d",1.22e+11
"Tropidophis pardalis (Gundlach, 1840)","Tropidophis","pardalis","-82.4275","23.0747","Cuba",NA,NA,"821cc27a-e3bb-4bc5-ac34-89ada245069d",1.22e+11
"Tropidophis pardalis (Gundlach, 1840)","Tropidophis","pardalis","-82.4275","23.0747","Cuba",NA,NA,"821cc27a-e3bb-4bc5-ac34-89ada245069d",1.22e+11
"Tropidophis pardalis (Gundlach, 1840)","Tropidophis","pardalis","-82.4275","23.0747","Cuba",NA,NA,"821cc27a-e3bb-4bc5-ac34-89ada245069d",1.22e+11
"Tropidophis pardalis (Gundlach, 1840)","Tropidophis","pardalis","-82.4275","23.0747","Cuba",NA,NA,"821cc27a-e3bb-4bc5-ac34-89ada245069d",1.22e+11
"Tropidophis pardalis (Gundlach, 1840)","Tropidophis","pardalis","-82.4275","23.0747","Cuba",NA,NA,"821cc27a-e3bb-4bc5-ac34-89ada245069d",1.22e+11
"Tropidophis pardalis (Gundlach, 1840)","Tropidophis","pardalis","-82.4275","23.0747","Cuba",NA,NA,"821cc27a-e3bb-4bc5-ac34-89ada245069d",1.22e+11
"Tropidophis pardalis (Gundlach, 1840)","Tropidophis","pardalis","-82.4275","23.0747","Cuba",NA,NA,"821cc27a-e3bb-4bc5-ac34-89ada245069d",1.22e+11
"Tropidophis pardalis (Gundlach, 1840)","Tropidophis","pardalis","-82.4275","23.0747","Cuba",NA,NA,"821cc27a-e3bb-4bc5-ac34-89ada245069d",1.22e+11
"Tropidophis pardalis (Gundlach, 1840)","Tropidophis","pardalis","-82.43","23.0767","Cuba",NA,NA,"821cc27a-e3bb-4bc5-ac34-89ada245069d",1.22e+11
"Tropidophis pardalis (Gundlach, 1840)","Tropidophis","pardalis","-82.4275","23.0747","Cuba",NA,NA,"821cc27a-e3bb-4bc5-ac34-89ada245069d",1.22e+11
"Tropidophis pardalis (Gundlach, 1840)","Tropidophis","pardalis","-82.4275","23.0747","Cuba",NA,NA,"821cc27a-e3bb-4bc5-ac34-89ada245069d",1.22e+11
"Tropidophis pardalis (Gundlach, 1840)","Tropidophis","pardalis","-82.4275","23.0747","Cuba",NA,NA,"821cc27a-e3bb-4bc5-ac34-89ada245069d",1.22e+11
"Tropidophis pardalis (Gundlach, 1840)","Tropidophis","pardalis","-82.4275","23.0747","Cuba",NA,NA,"821cc27a-e3bb-4bc5-ac34-89ada245069d",1.22e+11
"Tropidophis pardalis (Gundlach, 1840)","Tropidophis","pardalis","-82.4275","23.0747","Cuba",NA,NA,"821cc27a-e3bb-4bc5-ac34-89ada245069d",1.22e+11
"Tropidophis pardalis (Gundlach, 1840)","Tropidophis","pardalis","-82.4275","23.0747","Cuba",NA,NA,"821cc27a-e3bb-4bc5-ac34-89ada245069d",1.22e+11
"Tropidophis pardalis (Gundlach, 1840)","Tropidophis","pardalis","-82.4275","23.0747","Cuba",NA,NA,"821cc27a-e3bb-4bc5-ac34-89ada245069d",1.22e+11
"Tropidophis maculatus (Bibron, 1840)","Tropidophis","maculatus","-82.4275","23.0747","Cuba",NA,NA,"821cc27a-e3bb-4bc5-ac34-89ada245069d",1.22e+11
"Tropidophis pardalis (Gundlach, 1840)","Tropidophis","pardalis","-82.4275","23.0747","Cuba",NA,NA,"821cc27a-e3bb-4bc5-ac34-89ada245069d",1.22e+11
"Tropidophis pardalis (Gundlach, 1840)","Tropidophis","pardalis","-82.4275","23.0747","Cuba",NA,NA,"821cc27a-e3bb-4bc5-ac34-89ada245069d",1.22e+11
"Tropidophis pardalis (Gundlach, 1840)","Tropidophis","pardalis","-82.4275","23.0747","Cuba",NA,NA,"821cc27a-e3bb-4bc5-ac34-89ada245069d",1.22e+11
"Tropidophis Bibron, 1840","Tropidophis",NA,"-76.490641","25.349316","Bahamas","Eleuthera Island",NA,"8e479b8f-ac16-4bed-a11a-bc7e27c31663",528125000
"Tropidophis pardalis (Gundlach, 1840)","Tropidophis","pardalis","-80.4667","22.4667","Cuba",NA,NA,"821cc27a-e3bb-4bc5-ac34-89ada245069d",1.22e+11
"Tropidophis melanurus (Schlegel, 1837)","Tropidophis","melanurus","-80.4667","22.4667","Cuba",NA,NA,"821cc27a-e3bb-4bc5-ac34-89ada245069d",1.22e+11
"Tropidophis semicinctus (Gundlach & Peters, 1864)","Tropidophis","semicinctus","-80.4667","22.4667","Cuba",NA,NA,"821cc27a-e3bb-4bc5-ac34-89ada245069d",1.22e+11
"Tropidophis haetianus haetianus","Tropidophis","haetianus","-72.65","18.92","Haiti",NA,NA,"821cc27a-e3bb-4bc5-ac34-89ada245069d",83104562500
"Tropidophis melanurus (Schlegel, 1837)","Tropidophis","melanurus","-79.411697","21.737122","Cuba",NA,NA,"cece4fc2-1fec-4bb5-a335-7252548e3f0b",1.22e+11
"Tropidophis melanurus (Schlegel, 1837)","Tropidophis","melanurus","-79.411697","21.737122","Cuba",NA,NA,"cece4fc2-1fec-4bb5-a335-7252548e3f0b",1.22e+11
"Tropidophis maculatus (Bibron, 1840)","Tropidophis","maculatus","-79.411697","21.737122","Cuba",NA,NA,"cece4fc2-1fec-4bb5-a335-7252548e3f0b",1.22e+11
"Tropidophis semicinctus (Gundlach & Peters, 1864)","Tropidophis","semicinctus","-79.411697","21.737122","Cuba",NA,NA,"cece4fc2-1fec-4bb5-a335-7252548e3f0b",1.22e+11
"Tropidophis semicinctus (Gundlach & Peters, 1864)","Tropidophis","semicinctus","-79.411697","21.737122","Cuba",NA,NA,"cece4fc2-1fec-4bb5-a335-7252548e3f0b",1.22e+11
"Tropidophis melanurus (Schlegel, 1837)","Tropidophis","melanurus","-79.411697","21.737122","Cuba",NA,NA,"cece4fc2-1fec-4bb5-a335-7252548e3f0b",1.22e+11
"Tropidophis semicinctus (Gundlach & Peters, 1864)","Tropidophis","semicinctus","-79.411697","21.737122","Cuba",NA,NA,"cece4fc2-1fec-4bb5-a335-7252548e3f0b",1.22e+11
"Tropidophis melanurus (Schlegel, 1837)","Tropidophis","melanurus","-79.411697","21.737122","Cuba",NA,NA,"cece4fc2-1fec-4bb5-a335-7252548e3f0b",1.22e+11
"Tropidophis melanurus (Schlegel, 1837)","Tropidophis","melanurus","-79.411697","21.737122","Cuba",NA,NA,"cece4fc2-1fec-4bb5-a335-7252548e3f0b",1.22e+11
"Tropidophis melanurus (Schlegel, 1837)","Tropidophis","melanurus","-79.411697","21.737122","Cuba",NA,NA,"cece4fc2-1fec-4bb5-a335-7252548e3f0b",1.22e+11
"Tropidophis melanurus (Schlegel, 1837)","Tropidophis","melanurus","-79.411697","21.737122","Cuba",NA,NA,"cece4fc2-1fec-4bb5-a335-7252548e3f0b",1.22e+11
"Tropidophis melanurus (Schlegel, 1837)","Tropidophis","melanurus","-79.411697","21.737122","Cuba",NA,NA,"cece4fc2-1fec-4bb5-a335-7252548e3f0b",1.22e+11
"Tropidophis melanurus (Schlegel, 1837)","Tropidophis","melanurus","-79.411697","21.737122","Cuba",NA,NA,"cece4fc2-1fec-4bb5-a335-7252548e3f0b",1.22e+11
"Tropidophis melanurus (Schlegel, 1837)","Tropidophis","melanurus","-79.411697","21.737122","Cuba",NA,NA,"cece4fc2-1fec-4bb5-a335-7252548e3f0b",1.22e+11
"Tropidophis melanurus (Schlegel, 1837)","Tropidophis","melanurus","-79.411697","21.737122","Cuba",NA,NA,"cece4fc2-1fec-4bb5-a335-7252548e3f0b",1.22e+11
"Tropidophis melanurus (Schlegel, 1837)","Tropidophis","melanurus","-79.411697","21.737122","Cuba",NA,NA,"cece4fc2-1fec-4bb5-a335-7252548e3f0b",1.22e+11
"Tropidophis pardalis (Gundlach, 1840)","Tropidophis","pardalis","-79.411697","21.737122","Cuba",NA,NA,"cece4fc2-1fec-4bb5-a335-7252548e3f0b",1.22e+11
"Tropidophis melanurus ericksoni Schwartz & Thomas, 1960","Tropidophis","melanurus","-82.83298","21.71282","Cuba","Isla de la Juventura",NA,"4bfac3ea-8763-4f4b-a71a-76a6f5f243d3",1.22e+11
"Tropidophis melanurus ericksoni Schwartz & Thomas, 1960","Tropidophis","melanurus","-82.83298","21.71282","Cuba","Isla de la Juventura",NA,"4bfac3ea-8763-4f4b-a71a-76a6f5f243d3",1.22e+11
"Tropidophis melanurus melanurus","Tropidophis","melanurus","-82.8333","21.6667","Cuba","Isla de la Juventura",NA,"cece4fc2-1fec-4bb5-a335-7252548e3f0b",1.22e+11
"Tropidophis melanurus melanurus","Tropidophis","melanurus","-80.4667","22.4667","Cuba",NA,NA,"4bfac3ea-8763-4f4b-a71a-76a6f5f243d3",1.22e+11
"Tropidophis pardalis (Gundlach, 1840)","Tropidophis","pardalis","-82.3667","23.1333","Cuba",NA,NA,"cece4fc2-1fec-4bb5-a335-7252548e3f0b",1.22e+11
"Tropidophis pardalis (Gundlach, 1840)","Tropidophis","pardalis","-82.3667","23.1333","Cuba",NA,NA,"cece4fc2-1fec-4bb5-a335-7252548e3f0b",1.22e+11
"Tropidophis parkeri Grant, 1941","Tropidophis","caymanensis","-80.0389","19.6889","Cayman Islands","Little Cayman",NA,"821cc27a-e3bb-4bc5-ac34-89ada245069d",33625000
"Tropidophis caymanensis Battersby, 1938","Tropidophis","caymanensis","-81.2528","19.3153","Cayman Islands","Grand Cayman",NA,"821cc27a-e3bb-4bc5-ac34-89ada245069d",228562500
"Tropidophis caymanensis Battersby, 1938","Tropidophis","melanurus","-81.25","19.33333","Cayman Islands","Grand Cayman",NA,"4bfac3ea-8763-4f4b-a71a-76a6f5f243d3",228562500
"Tropidophis caymanensis Battersby, 1938","Tropidophis","melanurus","-81.25","19.33333","Cayman Islands","Grand Cayman",NA,"4bfac3ea-8763-4f4b-a71a-76a6f5f243d3",228562500
"Tropidophis parkeri Grant, 1941","Tropidophis","parkeri","-80.05","19.68333","Cayman Islands","Little Cayman",NA,"4bfac3ea-8763-4f4b-a71a-76a6f5f243d3",33625000
"Tropidophis parkeri Grant, 1941","Tropidophis","parkeri","-80.05","19.68333","Cayman Islands","Little Cayman",NA,"4bfac3ea-8763-4f4b-a71a-76a6f5f243d3",33625000
"Tropidophis parkeri Grant, 1941","Tropidophis","parkeri","-80.05","19.68333","Cayman Islands","Little Cayman",NA,"4bfac3ea-8763-4f4b-a71a-76a6f5f243d3",33625000
"Tropidophis parkeri Grant, 1941","Tropidophis","parkeri","-80.05","19.68333","Cayman Islands","Little Cayman",NA,"4bfac3ea-8763-4f4b-a71a-76a6f5f243d3",33625000
"Tropidophis Bibron, 1840","Tropidophis",NA,"-81.253021","19.308873","Cayman Islands","Grand Cayman",NA,"8e479b8f-ac16-4bed-a11a-bc7e27c31663",228562500
"Tropidophis Bibron, 1840","Tropidophis",NA,"-81.253021","19.308873","Cayman Islands","Grand Cayman",NA,"8e479b8f-ac16-4bed-a11a-bc7e27c31663",228562500
"Tropidophis caymanensis Battersby, 1938","Tropidophis","caymanensis","-81.2528","19.3153","Cayman Islands","Grand Cayman",NA,"821cc27a-e3bb-4bc5-ac34-89ada245069d",228562500
"Tropidophis caymanensis Battersby, 1938","Tropidophis","melanurus","-81.25","19.33333","Cayman Islands","Grand Cayman",NA,"4bfac3ea-8763-4f4b-a71a-76a6f5f243d3",228562500
"Tropidophis canus (Cope, 1868)","Tropidophis","canus","-73.67344","20.95077","Bahamas","Great Inagua Island",NA,"4bfac3ea-8763-4f4b-a71a-76a6f5f243d3",1765125000
"Tropidophis canus (Cope, 1868)","Tropidophis","canus","-73.67344","20.95077","Bahamas","Great Inagua Island",NA,"4bfac3ea-8763-4f4b-a71a-76a6f5f243d3",1765125000
"Tropidophis canus (Cope, 1868)","Tropidophis","canus","-73.67344","20.95077","Bahamas","Great Inagua Island",NA,"4bfac3ea-8763-4f4b-a71a-76a6f5f243d3",1765125000
"Tropidophis canus (Cope, 1868)","Tropidophis","canus","-73.67344","20.95077","Bahamas","Great Inagua Island",NA,"4bfac3ea-8763-4f4b-a71a-76a6f5f243d3",1765125000
"Tropidophis canus (Cope, 1868)","Tropidophis","canus","-73.64353","21.04433","Bahamas","Great Inagua Island",NA,"4bfac3ea-8763-4f4b-a71a-76a6f5f243d3",1765125000
"Tropidophis canus (Cope, 1868)","Tropidophis","canus","-73.67344","20.95077","Bahamas","Great Inagua Island",NA,"4bfac3ea-8763-4f4b-a71a-76a6f5f243d3",1765125000
"Tropidophis canus (Cope, 1868)","Tropidophis","canus","-73.67344","20.95077","Bahamas","Great Inagua Island",NA,"4bfac3ea-8763-4f4b-a71a-76a6f5f243d3",1765125000
"Tropidophis canus (Cope, 1868)","Tropidophis","canus","-73.67344","20.95077","Bahamas","Great Inagua Island",NA,"4bfac3ea-8763-4f4b-a71a-76a6f5f243d3",1765125000
"Tropidophis melanurus melanurus","Tropidophis","melanurus","-83.69806","22.4175","Cuba",NA,NA,"4bfac3ea-8763-4f4b-a71a-76a6f5f243d3",1.22e+11
"Tropidophis Bibron, 1840","Tropidophis",NA,"-80.038215","19.688531","Cayman Islands","Little Cayman",NA,"8e479b8f-ac16-4bed-a11a-bc7e27c31663",33625000
"Tropidophis stejnegeri Grant, 1940","Tropidophis","pardalis","-76.34256","18.12866","Jamaica",NA,NA,"4bfac3ea-8763-4f4b-a71a-76a6f5f243d3",12225750000
"Tropidophis stullae Grant, 1940","Tropidophis","stullae","-77.17883","17.70724","Jamaica",NA,NA,"4bfac3ea-8763-4f4b-a71a-76a6f5f243d3",12225750000
"Tropidophis stullae Grant, 1940","Tropidophis","stullae","-77.17883","17.70724","Jamaica",NA,NA,"4bfac3ea-8763-4f4b-a71a-76a6f5f243d3",12225750000
"Tropidophis stullae Grant, 1940","Tropidophis","stullae","-77.17883","17.70724","Jamaica",NA,NA,"4bfac3ea-8763-4f4b-a71a-76a6f5f243d3",12225750000
"Tropidophis maculatus (Bibron, 1840)","Tropidophis","maculatus","-70.5233","19.7619","Dominican Republic",NA,NA,"4bfac3ea-8763-4f4b-a71a-76a6f5f243d3",83104562500
"Tropidophis maculatus (Bibron, 1840)","Tropidophis","maculatus","-70.5233","19.7619","Dominican Republic",NA,NA,"4bfac3ea-8763-4f4b-a71a-76a6f5f243d3",83104562500
"Tropidophis haetianus haetianus","Tropidophis","haetianus","-69.3319","19.2017","Dominican Republic",NA,NA,"4bfac3ea-8763-4f4b-a71a-76a6f5f243d3",83104562500
"Tropidophis haetianus haetianus","Tropidophis","haetianus","-69.3319","19.2017","Dominican Republic",NA,NA,"4bfac3ea-8763-4f4b-a71a-76a6f5f243d3",83104562500
"Tropidophis pilsbryi Bailey, 1937","Tropidophis","pilsbryi","-75.6333","20.0167","Cuba",NA,NA,"4bfac3ea-8763-4f4b-a71a-76a6f5f243d3",1.22e+11
"Tropidophis curtus barbouri Bailey, 1937","Tropidophis","canus","-74.96738","23.09899","Bahamas","Long Island",NA,"4bfac3ea-8763-4f4b-a71a-76a6f5f243d3",6117437500
"Tropidophis curtus barbouri Bailey, 1937","Tropidophis","canus","-74.96738","23.09899","Bahamas","Long Island",NA,"4bfac3ea-8763-4f4b-a71a-76a6f5f243d3",6117437500
"Tropidophis curtus barbouri Bailey, 1937","Tropidophis","canus","-74.96738","23.09899","Bahamas","Long Island",NA,"4bfac3ea-8763-4f4b-a71a-76a6f5f243d3",6117437500
"Tropidophis curtus barbouri Bailey, 1937","Tropidophis","canus","-74.96738","23.09899","Bahamas","Long Island",NA,"4bfac3ea-8763-4f4b-a71a-76a6f5f243d3",6117437500
"Tropidophis curtus barbouri Bailey, 1937","Tropidophis","canus","-74.96738","23.09899","Bahamas","Long Island",NA,"4bfac3ea-8763-4f4b-a71a-76a6f5f243d3",6117437500
"Tropidophis curtus barbouri Bailey, 1937","Tropidophis","canus","-74.96738","23.09899","Bahamas","Long Island",NA,"4bfac3ea-8763-4f4b-a71a-76a6f5f243d3",6117437500
"Tropidophis curtus barbouri Bailey, 1937","Tropidophis","canus","-74.96738","23.09899","Bahamas","Long Island",NA,"4bfac3ea-8763-4f4b-a71a-76a6f5f243d3",6117437500
"Tropidophis curtus barbouri Bailey, 1937","Tropidophis","canus","-74.96738","23.09899","Bahamas","Long Island",NA,"4bfac3ea-8763-4f4b-a71a-76a6f5f243d3",6117437500
"Tropidophis curtus barbouri Bailey, 1937","Tropidophis","canus","-75.09948","23.18127","Bahamas","Long Island",NA,"4bfac3ea-8763-4f4b-a71a-76a6f5f243d3",6117437500
"Tropidophis curtus barbouri Bailey, 1937","Tropidophis","canus","-75.09948","23.18127","Bahamas","Long Island",NA,"4bfac3ea-8763-4f4b-a71a-76a6f5f243d3",6117437500
"Tropidophis curtus barbouri Bailey, 1937","Tropidophis","canus","-75.09948","23.18127","Bahamas","Long Island",NA,"4bfac3ea-8763-4f4b-a71a-76a6f5f243d3",6117437500
"Tropidophis curtus barbouri Bailey, 1937","Tropidophis","canus","-75.09948","23.18127","Bahamas","Long Island",NA,"4bfac3ea-8763-4f4b-a71a-76a6f5f243d3",6117437500
"Tropidophis curtus barbouri Bailey, 1937","Tropidophis","canus","-75.09948","23.18127","Bahamas","Long Island",NA,"4bfac3ea-8763-4f4b-a71a-76a6f5f243d3",6117437500
"Tropidophis curtus barbouri Bailey, 1937","Tropidophis","canus","-75.09948","23.18127","Bahamas","Long Island",NA,"4bfac3ea-8763-4f4b-a71a-76a6f5f243d3",6117437500
"Tropidophis curtus barbouri Bailey, 1937","Tropidophis","canus","-75.09948","23.18127","Bahamas","Long Island",NA,"4bfac3ea-8763-4f4b-a71a-76a6f5f243d3",6117437500
"Tropidophis curtus barbouri Bailey, 1937","Tropidophis","canus","-75.6363","24.56074","Bahamas","Cat Island",NA,"4bfac3ea-8763-4f4b-a71a-76a6f5f243d3",433687500
"Tropidophis curtus barbouri Bailey, 1937","Tropidophis","canus","-75.6363","24.56074","Bahamas","Cat Island",NA,"4bfac3ea-8763-4f4b-a71a-76a6f5f243d3",433687500
"Tropidophis curtus barbouri Bailey, 1937","Tropidophis","canus","-75.6363","24.56074","Bahamas","Cat Island",NA,"4bfac3ea-8763-4f4b-a71a-76a6f5f243d3",433687500
"Tropidophis curtus barbouri Bailey, 1937","Tropidophis","canus","-75.6363","24.56074","Bahamas","Cat Island",NA,"4bfac3ea-8763-4f4b-a71a-76a6f5f243d3",433687500
"Tropidophis curtus barbouri Bailey, 1937","Tropidophis","canus","-75.6363","24.56074","Bahamas","Cat Island",NA,"4bfac3ea-8763-4f4b-a71a-76a6f5f243d3",433687500
"Tropidophis curtus barbouri Bailey, 1937","Tropidophis","canus","-75.6363","24.56074","Bahamas","Cat Island",NA,"4bfac3ea-8763-4f4b-a71a-76a6f5f243d3",433687500
"Tropidophis curtus barbouri Bailey, 1937","Tropidophis","canus","-75.6363","24.56074","Bahamas","Cat Island",NA,"4bfac3ea-8763-4f4b-a71a-76a6f5f243d3",433687500
"Tropidophis curtus barbouri Bailey, 1937","Tropidophis","canus","-74.96618","23.09927","Bahamas","Long Island",NA,"4bfac3ea-8763-4f4b-a71a-76a6f5f243d3",6117437500
"Tropidophis curtus barbouri Bailey, 1937","Tropidophis","canus","-74.96618","23.09927","Bahamas","Long Island",NA,"4bfac3ea-8763-4f4b-a71a-76a6f5f243d3",6117437500
"Tropidophis curtus barbouri Bailey, 1937","Tropidophis","canus","-74.96618","23.09927","Bahamas","Long Island",NA,"4bfac3ea-8763-4f4b-a71a-76a6f5f243d3",6117437500
"Tropidophis curtus barbouri Bailey, 1937","Tropidophis","curtus","-73.67344","20.95077","Bahamas","Great Inagua Island",NA,"4bfac3ea-8763-4f4b-a71a-76a6f5f243d3",1765125000
"Tropidophis curtus barbouri Bailey, 1937","Tropidophis","canus","-76.17318","24.66277","Bahamas","Eleuthera Island",NA,"4bfac3ea-8763-4f4b-a71a-76a6f5f243d3",528125000
"Tropidophis curtus barbouri Bailey, 1937","Tropidophis","canus","-76.17318","24.66277","Bahamas","Eleuthera Island",NA,"4bfac3ea-8763-4f4b-a71a-76a6f5f243d3",528125000
"Tropidophis curtus barbouri Bailey, 1937","Tropidophis","canus","-76.17318","24.66277","Bahamas","Eleuthera Island",NA,"4bfac3ea-8763-4f4b-a71a-76a6f5f243d3",528125000
"Tropidophis curtus barbouri Bailey, 1937","Tropidophis","canus","-76.17318","24.66277","Bahamas","Eleuthera Island",NA,"4bfac3ea-8763-4f4b-a71a-76a6f5f243d3",528125000
"Tropidophis curtus barbouri Bailey, 1937","Tropidophis","canus","-76.17318","24.66277","Bahamas","Eleuthera Island",NA,"4bfac3ea-8763-4f4b-a71a-76a6f5f243d3",528125000
"Tropidophis curtus barbouri Bailey, 1937","Tropidophis","canus","-76.17318","24.66277","Bahamas","Eleuthera Island",NA,"4bfac3ea-8763-4f4b-a71a-76a6f5f243d3",528125000
"Tropidophis curtus barbouri Bailey, 1937","Tropidophis","canus","-76.17318","24.66277","Bahamas","Eleuthera Island",NA,"4bfac3ea-8763-4f4b-a71a-76a6f5f243d3",528125000
"Tropidophis curtus barbouri Bailey, 1937","Tropidophis","canus","-76.17318","24.66277","Bahamas","Eleuthera Island",NA,"4bfac3ea-8763-4f4b-a71a-76a6f5f243d3",528125000
"Tropidophis curtus barbouri Bailey, 1937","Tropidophis","canus","-76.17318","24.66277","Bahamas","Eleuthera Island",NA,"4bfac3ea-8763-4f4b-a71a-76a6f5f243d3",528125000
"Tropidophis curtus barbouri Bailey, 1937","Tropidophis","canus","-76.17318","24.66277","Bahamas","Eleuthera Island",NA,"4bfac3ea-8763-4f4b-a71a-76a6f5f243d3",528125000
"Tropidophis curtus barbouri Bailey, 1937","Tropidophis","canus","-76.17318","24.66277","Bahamas","Eleuthera Island",NA,"4bfac3ea-8763-4f4b-a71a-76a6f5f243d3",528125000
"Tropidophis curtus barbouri Bailey, 1937","Tropidophis","canus","-76.17318","24.66277","Bahamas","Eleuthera Island",NA,"4bfac3ea-8763-4f4b-a71a-76a6f5f243d3",528125000
"Tropidophis curtus barbouri Bailey, 1937","Tropidophis","canus","-76.17318","24.66277","Bahamas","Eleuthera Island",NA,"4bfac3ea-8763-4f4b-a71a-76a6f5f243d3",528125000
"Tropidophis curtus barbouri Bailey, 1937","Tropidophis","canus","-76.17318","24.66277","Bahamas","Eleuthera Island",NA,"4bfac3ea-8763-4f4b-a71a-76a6f5f243d3",528125000
"Tropidophis curtus barbouri Bailey, 1937","Tropidophis","canus","-76.17318","24.66277","Bahamas","Eleuthera Island",NA,"4bfac3ea-8763-4f4b-a71a-76a6f5f243d3",528125000
"Tropidophis curtus barbouri Bailey, 1937","Tropidophis","canus","-76.17318","24.66277","Bahamas","Eleuthera Island",NA,"4bfac3ea-8763-4f4b-a71a-76a6f5f243d3",528125000
"Tropidophis curtus barbouri Bailey, 1937","Tropidophis","canus","-76.17318","24.66277","Bahamas","Eleuthera Island",NA,"4bfac3ea-8763-4f4b-a71a-76a6f5f243d3",528125000
"Tropidophis curtus barbouri Bailey, 1937","Tropidophis","canus","-76.17318","24.66277","Bahamas","Eleuthera Island",NA,"4bfac3ea-8763-4f4b-a71a-76a6f5f243d3",528125000
"Tropidophis curtus barbouri Bailey, 1937","Tropidophis","canus","-76.17318","24.66277","Bahamas","Eleuthera Island",NA,"4bfac3ea-8763-4f4b-a71a-76a6f5f243d3",528125000
"Tropidophis curtus barbouri Bailey, 1937","Tropidophis","canus","-76.17318","24.66277","Bahamas","Eleuthera Island",NA,"4bfac3ea-8763-4f4b-a71a-76a6f5f243d3",528125000
"Tropidophis curtus barbouri Bailey, 1937","Tropidophis","canus","-76.17318","24.66277","Bahamas","Eleuthera Island",NA,"4bfac3ea-8763-4f4b-a71a-76a6f5f243d3",528125000
"Tropidophis melanurus (Schlegel, 1837)","Tropidophis","melanurus","-83.7167","22.6667","Cuba",NA,NA,"4bfac3ea-8763-4f4b-a71a-76a6f5f243d3",1.22e+11
"Tropidophis nigriventris Bailey, 1937","Tropidophis","nigriventris","-80.338483","22.131504","Cuba",NA,NA,"8e479b8f-ac16-4bed-a11a-bc7e27c31663",1.22e+11
"Tropidophis Bibron, 1840","Tropidophis",NA,"-80.338097","22.131624","Cuba",NA,NA,"8e479b8f-ac16-4bed-a11a-bc7e27c31663",1.22e+11
"Tropidophis melanurus melanurus","Tropidophis","melanurus","-78.82361","21.68472","Cuba",NA,NA,"4bfac3ea-8763-4f4b-a71a-76a6f5f243d3",1.22e+11
"Tropidophis melanurus melanurus","Tropidophis","melanurus","-78.82361","21.68472","Cuba",NA,NA,"4bfac3ea-8763-4f4b-a71a-76a6f5f243d3",1.22e+11
"Tropidophis Bibron, 1840","Tropidophis",NA,"-81.666389","22.925278","Cuba",NA,NA,"8e479b8f-ac16-4bed-a11a-bc7e27c31663",1.22e+11
"Tropidophis pardalis (Gundlach, 1840)","Tropidophis","pardalis","-80.4667","22.4667","Cuba",NA,NA,"4bfac3ea-8763-4f4b-a71a-76a6f5f243d3",1.22e+11
"Tropidophis semicinctus (Gundlach & Peters, 1864)","Tropidophis","semicinctus","-80.4667","22.4667","Cuba",NA,NA,"4bfac3ea-8763-4f4b-a71a-76a6f5f243d3",1.22e+11
"Tropidophis melanurus (Schlegel, 1837)","Tropidophis","melanurus","-80.4667","22.4667","Cuba",NA,NA,"cece4fc2-1fec-4bb5-a335-7252548e3f0b",1.22e+11
"Tropidophis pardalis (Gundlach, 1840)","Tropidophis","pardalis","-75.52228","24.40795","Bahamas","Cat Island",NA,"4bfac3ea-8763-4f4b-a71a-76a6f5f243d3",433687500
"Tropidophis nigriventris Bailey, 1937","Tropidophis","nigriventris","-77.35392","21.14569","Cuba",NA,NA,"8e479b8f-ac16-4bed-a11a-bc7e27c31663",1.22e+11
"Tropidophis Bibron, 1840","Tropidophis",NA,"-77.447","21.146","Cuba",NA,NA,"8e479b8f-ac16-4bed-a11a-bc7e27c31663",1.22e+11
"Tropidophis nigriventris Bailey, 1937","Tropidophis","nigriventris","-77.35392","21.14569","Cuba",NA,NA,"8e479b8f-ac16-4bed-a11a-bc7e27c31663",1.22e+11
"Tropidophis melanurus (Schlegel, 1837)","Tropidophis","melanurus","-80.4667","22.4667","Cuba",NA,NA,"4bfac3ea-8763-4f4b-a71a-76a6f5f243d3",1.22e+11
"Tropidophis Bibron, 1840","Tropidophis",NA,"-77.480057","21.058177","Cuba",NA,NA,"8e479b8f-ac16-4bed-a11a-bc7e27c31663",1.22e+11
"Tropidophis pardalis (Gundlach, 1840)","Tropidophis","pardalis","-79.8192","22.55","Cuba",NA,NA,"821cc27a-e3bb-4bc5-ac34-89ada245069d",1.22e+11
"Tropidophis haetianus haetianus","Tropidophis","haetianus","-72.9830818","18.8067977","Haiti","Ile de la Gonave",NA,"821cc27a-e3bb-4bc5-ac34-89ada245069d",83104562500
"Tropidophis melanurus (Schlegel, 1837)","Tropidophis","melanurus","-77.6","21.55","Cuba",NA,NA,"821cc27a-e3bb-4bc5-ac34-89ada245069d",1.22e+11
"Tropidophis melanurus (Schlegel, 1837)","Tropidophis","melanurus","-77.6","21.55","Cuba",NA,NA,"821cc27a-e3bb-4bc5-ac34-89ada245069d",1.22e+11
"Tropidophis semicinctus (Gundlach & Peters, 1864)","Tropidophis","semicinctus","-80.4667","22.4667","Cuba",NA,NA,"4bfac3ea-8763-4f4b-a71a-76a6f5f243d3",1.22e+11
"Tropidophis melanurus melanurus","Tropidophis","melanurus","-80.4667","22.4667","Cuba",NA,NA,"4bfac3ea-8763-4f4b-a71a-76a6f5f243d3",1.22e+11
"Tropidophis haetianus (Cope, 1879)","Tropidophis","haetianus","-73.0581","18.7792","Haiti","Ile de la Gonave",NA,"4bfac3ea-8763-4f4b-a71a-76a6f5f243d3",83104562500
"Tropidophis melanurus melanurus","Tropidophis","melanurus","-75.7186","20.9625","Cuba",NA,NA,"4bfac3ea-8763-4f4b-a71a-76a6f5f243d3",1.22e+11
"Tropidophis pardalis (Gundlach, 1840)","Tropidophis","pardalis","-80.4667","22.4667","Cuba",NA,NA,"4bfac3ea-8763-4f4b-a71a-76a6f5f243d3",1.22e+11
"Tropidophis pardalis (Gundlach, 1840)","Tropidophis","pardalis","-80.4667","22.4667","Cuba",NA,NA,"4bfac3ea-8763-4f4b-a71a-76a6f5f243d3",1.22e+11
"Tropidophis semicinctus (Gundlach & Peters, 1864)","Tropidophis","semicinctus","-80.4667","22.4667","Cuba",NA,NA,"4bfac3ea-8763-4f4b-a71a-76a6f5f243d3",1.22e+11
"Tropidophis semicinctus (Gundlach & Peters, 1864)","Tropidophis","semicinctus","-80.4667","22.4667","Cuba",NA,NA,"4bfac3ea-8763-4f4b-a71a-76a6f5f243d3",1.22e+11
"Tropidophis semicinctus (Gundlach & Peters, 1864)","Tropidophis","semicinctus","-80.4667","22.4667","Cuba",NA,NA,"4bfac3ea-8763-4f4b-a71a-76a6f5f243d3",1.22e+11
"Tropidophis semicinctus (Gundlach & Peters, 1864)","Tropidophis","semicinctus","-80.4667","22.4667","Cuba",NA,NA,"4bfac3ea-8763-4f4b-a71a-76a6f5f243d3",1.22e+11
"Tropidophis semicinctus (Gundlach & Peters, 1864)","Tropidophis","semicinctus","-80.4667","22.4667","Cuba",NA,NA,"4bfac3ea-8763-4f4b-a71a-76a6f5f243d3",1.22e+11
"Tropidophis semicinctus (Gundlach & Peters, 1864)","Tropidophis","semicinctus","-80.4667","22.4667","Cuba",NA,NA,"4bfac3ea-8763-4f4b-a71a-76a6f5f243d3",1.22e+11
"Tropidophis semicinctus (Gundlach & Peters, 1864)","Tropidophis","semicinctus","-80.4667","22.4667","Cuba",NA,NA,"4bfac3ea-8763-4f4b-a71a-76a6f5f243d3",1.22e+11
"Tropidophis semicinctus (Gundlach & Peters, 1864)","Tropidophis","semicinctus","-80.4667","22.4667","Cuba",NA,NA,"4bfac3ea-8763-4f4b-a71a-76a6f5f243d3",1.22e+11
"Tropidophis semicinctus (Gundlach & Peters, 1864)","Tropidophis","semicinctus","-80.4667","22.4667","Cuba",NA,NA,"4bfac3ea-8763-4f4b-a71a-76a6f5f243d3",1.22e+11
"Tropidophis semicinctus (Gundlach & Peters, 1864)","Tropidophis","semicinctus","-80.3333","22.1333","Cuba",NA,NA,"832b8188-f762-11e1-a439-00145eb45e9a",1.22e+11
"Tropidophis semicinctus (Gundlach & Peters, 1864)","Tropidophis","semicinctus","-80.4667","22.4667","Cuba",NA,NA,"4bfac3ea-8763-4f4b-a71a-76a6f5f243d3",1.22e+11
"Tropidophis semicinctus (Gundlach & Peters, 1864)","Tropidophis","semicinctus","-80.4667","22.4667","Cuba",NA,NA,"4bfac3ea-8763-4f4b-a71a-76a6f5f243d3",1.22e+11
"Tropidophis semicinctus (Gundlach & Peters, 1864)","Tropidophis","semicinctus","-80.4667","22.4667","Cuba",NA,NA,"4bfac3ea-8763-4f4b-a71a-76a6f5f243d3",1.22e+11
"Tropidophis semicinctus (Gundlach & Peters, 1864)","Tropidophis","semicinctus","-80.3333","22.1333","Cuba",NA,NA,"4bfac3ea-8763-4f4b-a71a-76a6f5f243d3",1.22e+11
"Tropidophis melanurus (Schlegel, 1837)","Tropidophis","melanurus","-80.4667","22.4667","Cuba",NA,NA,"4bfac3ea-8763-4f4b-a71a-76a6f5f243d3",1.22e+11
"Tropidophis melanurus (Schlegel, 1837)","Tropidophis","melanurus","-80.4667","22.4667","Cuba",NA,NA,"4bfac3ea-8763-4f4b-a71a-76a6f5f243d3",1.22e+11
"Tropidophis melanurus (Schlegel, 1837)","Tropidophis","melanurus","-80.4667","22.4667","Cuba",NA,NA,"4bfac3ea-8763-4f4b-a71a-76a6f5f243d3",1.22e+11
"Tropidophis semicinctus (Gundlach & Peters, 1864)","Tropidophis","semicinctus","-80.4667","22.4667","Cuba",NA,NA,"4bfac3ea-8763-4f4b-a71a-76a6f5f243d3",1.22e+11
"Tropidophis semicinctus (Gundlach & Peters, 1864)","Tropidophis","semicinctus","-80.4667","22.4667","Cuba",NA,NA,"4bfac3ea-8763-4f4b-a71a-76a6f5f243d3",1.22e+11
"Tropidophis maculatus (Bibron, 1840)","Tropidophis","maculatus","-82.3667","23.1333","Cuba",NA,NA,"4bfac3ea-8763-4f4b-a71a-76a6f5f243d3",1.22e+11
"Tropidophis Bibron, 1840","Tropidophis",NA,"-80.166667","22.066667","Cuba",NA,NA,"8e479b8f-ac16-4bed-a11a-bc7e27c31663",1.22e+11
"Tropidophis melanurus (Schlegel, 1837)","Tropidophis","melanurus","-80.4667","22.4667","Cuba",NA,NA,"4bfac3ea-8763-4f4b-a71a-76a6f5f243d3",1.22e+11
"Tropidophis melanurus (Schlegel, 1837)","Tropidophis","melanurus","-80.4667","22.4667","Cuba",NA,NA,"4bfac3ea-8763-4f4b-a71a-76a6f5f243d3",1.22e+11
"Tropidophis melanurus (Schlegel, 1837)","Tropidophis","melanurus","-80.4667","22.4667","Cuba",NA,NA,"4bfac3ea-8763-4f4b-a71a-76a6f5f243d3",1.22e+11
"Tropidophis melanurus (Schlegel, 1837)","Tropidophis","melanurus","-80.4667","22.4667","Cuba",NA,NA,"4bfac3ea-8763-4f4b-a71a-76a6f5f243d3",1.22e+11
"Tropidophis melanurus (Schlegel, 1837)","Tropidophis","melanurus","-80.4667","22.4667","Cuba",NA,NA,"4bfac3ea-8763-4f4b-a71a-76a6f5f243d3",1.22e+11
"Tropidophis semicinctus (Gundlach & Peters, 1864)","Tropidophis","semicinctus","-80.4667","22.4667","Cuba",NA,NA,"4bfac3ea-8763-4f4b-a71a-76a6f5f243d3",1.22e+11
"Tropidophis melanurus (Schlegel, 1837)","Tropidophis","melanurus","-80.16667","22.06667","Cuba",NA,NA,"4bfac3ea-8763-4f4b-a71a-76a6f5f243d3",1.22e+11
"Tropidophis haetianus haetianus","Tropidophis","haetianus","-72.3338667","18.5390112","Haiti",NA,NA,"821cc27a-e3bb-4bc5-ac34-89ada245069d",83104562500
"Tropidophis melanurus (Schlegel, 1837)","Tropidophis","melanurus","-74.4675","20.20444","Cuba",NA,NA,"4bfac3ea-8763-4f4b-a71a-76a6f5f243d3",1.22e+11
"Tropidophis melanurus (Schlegel, 1837)","Tropidophis","melanurus","-74.4675","20.20444","Cuba",NA,NA,"4bfac3ea-8763-4f4b-a71a-76a6f5f243d3",1.22e+11
"Tropidophis pardalis (Gundlach, 1840)","Tropidophis","pardalis","-80.4667","22.4667","Cuba",NA,NA,"4bfac3ea-8763-4f4b-a71a-76a6f5f243d3",1.22e+11
"Tropidophis pardalis (Gundlach, 1840)","Tropidophis","pardalis","-80.4667","22.4667","Cuba",NA,NA,"4bfac3ea-8763-4f4b-a71a-76a6f5f243d3",1.22e+11
"Tropidophis pardalis (Gundlach, 1840)","Tropidophis","pardalis","-80.4667","22.4667","Cuba",NA,NA,"4bfac3ea-8763-4f4b-a71a-76a6f5f243d3",1.22e+11
"Tropidophis melanurus (Schlegel, 1837)","Tropidophis","melanurus","-80.4667","22.4667","Cuba",NA,NA,"4bfac3ea-8763-4f4b-a71a-76a6f5f243d3",1.22e+11
"Tropidophis melanurus (Schlegel, 1837)","Tropidophis","melanurus","-80.4667","22.4667","Cuba",NA,NA,"4bfac3ea-8763-4f4b-a71a-76a6f5f243d3",1.22e+11
"Tropidophis semicinctus (Gundlach & Peters, 1864)","Tropidophis","semicinctus","-80.4667","22.4667","Cuba",NA,NA,"4bfac3ea-8763-4f4b-a71a-76a6f5f243d3",1.22e+11
"Tropidophis semicinctus (Gundlach & Peters, 1864)","Tropidophis","semicinctus","-80.4667","22.4667","Cuba",NA,NA,"4bfac3ea-8763-4f4b-a71a-76a6f5f243d3",1.22e+11
"Tropidophis melanurus (Schlegel, 1837)","Tropidophis","melanurus","-80.43556","22.14611","Cuba",NA,NA,"4bfac3ea-8763-4f4b-a71a-76a6f5f243d3",1.22e+11
"Tropidophis maculatus (Bibron, 1840)","Tropidophis","maculatus","-80.43556","22.14611","Cuba",NA,NA,"4bfac3ea-8763-4f4b-a71a-76a6f5f243d3",1.22e+11
"Tropidophis haetianus haetianus","Tropidophis","haetianus","-71.1700398","17.9907388","Dominican Republic",NA,NA,"821cc27a-e3bb-4bc5-ac34-89ada245069d",83104562500
"Tropidophis maculatus (Bibron, 1840)","Tropidophis","maculatus","-82.8333","21.6667","Cuba","Isla de la Juventura",NA,"4bfac3ea-8763-4f4b-a71a-76a6f5f243d3",1.22e+11
"Tropidophis pardalis (Gundlach, 1840)","Tropidophis","pardalis","-80.9203","22.9475","Cuba",NA,NA,"4bfac3ea-8763-4f4b-a71a-76a6f5f243d3",1.22e+11
"Tropidophis pardalis (Gundlach, 1840)","Tropidophis","pardalis","-80.4667","22.4667","Cuba",NA,NA,"4bfac3ea-8763-4f4b-a71a-76a6f5f243d3",1.22e+11
"Tropidophis pardalis (Gundlach, 1840)","Tropidophis","pardalis","-80.4667","22.4667","Cuba",NA,NA,"4bfac3ea-8763-4f4b-a71a-76a6f5f243d3",1.22e+11
"Tropidophis pardalis (Gundlach, 1840)","Tropidophis","pardalis","-80.4667","22.4667","Cuba",NA,NA,"4bfac3ea-8763-4f4b-a71a-76a6f5f243d3",1.22e+11
"Tropidophis pardalis (Gundlach, 1840)","Tropidophis","pardalis","-80.4667","22.4667","Cuba",NA,NA,"4bfac3ea-8763-4f4b-a71a-76a6f5f243d3",1.22e+11
"Tropidophis pardalis (Gundlach, 1840)","Tropidophis","pardalis","-80.4667","22.4667","Cuba",NA,NA,"4bfac3ea-8763-4f4b-a71a-76a6f5f243d3",1.22e+11
"Tropidophis pardalis (Gundlach, 1840)","Tropidophis","pardalis","-80.4667","22.4667","Cuba",NA,NA,"4bfac3ea-8763-4f4b-a71a-76a6f5f243d3",1.22e+11
"Tropidophis jamaicensis Stull, 1928","Tropidophis","jamaicensis","-76.8099","18.01787","Jamaica",NA,NA,"4bfac3ea-8763-4f4b-a71a-76a6f5f243d3",12225750000
"Tropidophis pardalis (Gundlach, 1840)","Tropidophis","pardalis","-83.69806","22.4175","Cuba",NA,NA,"dce00a1f-f6b4-4e11-9771-92c62c40ad80",1.22e+11
"Tropidophis semicinctus (Gundlach & Peters, 1864)","Tropidophis","semicinctus","-80.4667","22.4667","Cuba",NA,NA,"4bfac3ea-8763-4f4b-a71a-76a6f5f243d3",1.22e+11
"Tropidophis melanurus (Schlegel, 1837)","Tropidophis","melanurus","-84.0875","22.2025","Cuba",NA,NA,"4bfac3ea-8763-4f4b-a71a-76a6f5f243d3",1.22e+11
"Tropidophis maculatus (Bibron, 1840)","Tropidophis","maculatus","-84.0875","22.2025","Cuba",NA,NA,"4bfac3ea-8763-4f4b-a71a-76a6f5f243d3",1.22e+11
"Tropidophis pardalis (Gundlach, 1840)","Tropidophis","pardalis","-80.4667","22.4667","Cuba",NA,NA,"4bfac3ea-8763-4f4b-a71a-76a6f5f243d3",1.22e+11
"Tropidophis pardalis (Gundlach, 1840)","Tropidophis","pardalis","-82.4992","22.8911","Cuba",NA,NA,"4bfac3ea-8763-4f4b-a71a-76a6f5f243d3",1.22e+11
"Tropidophis pardalis (Gundlach, 1840)","Tropidophis","pardalis","-82.4992","22.8911","Cuba",NA,NA,"4bfac3ea-8763-4f4b-a71a-76a6f5f243d3",1.22e+11
"Tropidophis pardalis (Gundlach, 1840)","Tropidophis","pardalis","-82.4992","22.8911","Cuba",NA,NA,"4bfac3ea-8763-4f4b-a71a-76a6f5f243d3",1.22e+11
"Tropidophis melanurus (Schlegel, 1837)","Tropidophis","melanurus","-81.5","22.4167","Cuba",NA,NA,"4bfac3ea-8763-4f4b-a71a-76a6f5f243d3",1.22e+11
"Tropidophis melanurus (Schlegel, 1837)","Tropidophis","melanurus","-81.5","22.4167","Cuba",NA,NA,"4bfac3ea-8763-4f4b-a71a-76a6f5f243d3",1.22e+11
"Tropidophis melanurus melanurus","Tropidophis","melanurus","-75.0961","20.6272","Cuba",NA,NA,"4bfac3ea-8763-4f4b-a71a-76a6f5f243d3",1.22e+11
"Tropidophis melanurus melanurus","Tropidophis","melanurus","-75.0961","20.6272","Cuba",NA,NA,"4bfac3ea-8763-4f4b-a71a-76a6f5f243d3",1.22e+11
"Tropidophis maculatus (Bibron, 1840)","Tropidophis","maculatus","-82.3667","23.1333","Cuba",NA,NA,"821cc27a-e3bb-4bc5-ac34-89ada245069d",1.22e+11
"Tropidophis melanurus (Schlegel, 1837)","Tropidophis","melanurus","-84.9508","21.8631","Cuba",NA,NA,"821cc27a-e3bb-4bc5-ac34-89ada245069d",1.22e+11
"Tropidophis curtus (Garman, 1887)","Tropidophis","canus","-77.35036","25.04433","Bahamas","New Providence Island",NA,"4bfac3ea-8763-4f4b-a71a-76a6f5f243d3",263875000
"Tropidophis curtus (Garman, 1887)","Tropidophis","canus","-77.35036","25.04433","Bahamas","New Providence Island",NA,"4bfac3ea-8763-4f4b-a71a-76a6f5f243d3",263875000
"Tropidophis curtus (Garman, 1887)","Tropidophis","canus","-77.35036","25.04433","Bahamas","New Providence Island",NA,"4bfac3ea-8763-4f4b-a71a-76a6f5f243d3",263875000
"Tropidophis curtus (Garman, 1887)","Tropidophis","canus","-77.35036","25.04433","Bahamas","New Providence Island",NA,"4bfac3ea-8763-4f4b-a71a-76a6f5f243d3",263875000
"Tropidophis curtus (Garman, 1887)","Tropidophis","canus","-77.35036","25.04433","Bahamas","New Providence Island",NA,"4bfac3ea-8763-4f4b-a71a-76a6f5f243d3",263875000
"Tropidophis curtus (Garman, 1887)","Tropidophis","canus","-77.35036","25.04433","Bahamas","New Providence Island",NA,"4bfac3ea-8763-4f4b-a71a-76a6f5f243d3",263875000
"Tropidophis melanurus ericksoni Schwartz & Thomas, 1960","Tropidophis","melanurus","-82.83","21.66","Cuba","Isla de la Juventura",NA,"76dd8f0d-2daa-4a69-9fcd-55e04230334a",1.22e+11
"Tropidophis pardalis (Gundlach, 1840)","Tropidophis","pardalis","-82.83","21.66","Cuba","Isla de la Juventura",NA,"76dd8f0d-2daa-4a69-9fcd-55e04230334a",1.22e+11
"Tropidophis melanurus ericksoni Schwartz & Thomas, 1960","Tropidophis","melanurus","-82.83","21.66","Cuba","Isla de la Juventura",NA,"76dd8f0d-2daa-4a69-9fcd-55e04230334a",1.22e+11
"Tropidophis pardalis (Gundlach, 1840)","Tropidophis","pardalis","-82.83","21.66","Cuba","Isla de la Juventura",NA,"76dd8f0d-2daa-4a69-9fcd-55e04230334a",1.22e+11
"Tropidophis pardalis (Gundlach, 1840)","Tropidophis","pardalis","-82.83","21.66","Cuba","Isla de la Juventura",NA,"76dd8f0d-2daa-4a69-9fcd-55e04230334a",1.22e+11
"Tropidophis pardalis (Gundlach, 1840)","Tropidophis","pardalis","-82.83","21.66","Cuba","Isla de la Juventura",NA,"76dd8f0d-2daa-4a69-9fcd-55e04230334a",1.22e+11
"Tropidophis pardalis (Gundlach, 1840)","Tropidophis","pardalis","-82.83","21.66","Cuba","Isla de la Juventura",NA,"76dd8f0d-2daa-4a69-9fcd-55e04230334a",1.22e+11
"Tropidophis pardalis (Gundlach, 1840)","Tropidophis","pardalis","-82.83","21.66","Cuba","Isla de la Juventura",NA,"76dd8f0d-2daa-4a69-9fcd-55e04230334a",1.22e+11
"Tropidophis pardalis (Gundlach, 1840)","Tropidophis","pardalis","-82.83","21.66","Cuba","Isla de la Juventura",NA,"76dd8f0d-2daa-4a69-9fcd-55e04230334a",1.22e+11
"Tropidophis pardalis (Gundlach, 1840)","Tropidophis","pardalis","-82.83","21.66","Cuba","Isla de la Juventura",NA,"76dd8f0d-2daa-4a69-9fcd-55e04230334a",1.22e+11
"Tropidophis pardalis (Gundlach, 1840)","Tropidophis","pardalis","-82.83","21.66","Cuba","Isla de la Juventura",NA,"76dd8f0d-2daa-4a69-9fcd-55e04230334a",1.22e+11
"Tropidophis pardalis (Gundlach, 1840)","Tropidophis","pardalis","-82.83","21.66","Cuba","Isla de la Juventura",NA,"76dd8f0d-2daa-4a69-9fcd-55e04230334a",1.22e+11
"Tropidophis pardalis (Gundlach, 1840)","Tropidophis","pardalis","-82.83","21.66","Cuba","Isla de la Juventura",NA,"76dd8f0d-2daa-4a69-9fcd-55e04230334a",1.22e+11
"Tropidophis pardalis (Gundlach, 1840)","Tropidophis","pardalis","-82.83","21.66","Cuba","Isla de la Juventura",NA,"76dd8f0d-2daa-4a69-9fcd-55e04230334a",1.22e+11
"Tropidophis pardalis (Gundlach, 1840)","Tropidophis","pardalis","-82.83","21.66","Cuba","Isla de la Juventura",NA,"76dd8f0d-2daa-4a69-9fcd-55e04230334a",1.22e+11
"Tropidophis Bibron, 1840","Tropidophis",NA,"-77.38","25.05","Bahamas","New Providence Island",NA,"76dd8f0d-2daa-4a69-9fcd-55e04230334a",263875000
"Tropidophis Bibron, 1840","Tropidophis",NA,"-77.38","25.05","Bahamas","New Providence Island",NA,"76dd8f0d-2daa-4a69-9fcd-55e04230334a",263875000
"Tropidophis Bibron, 1840","Tropidophis",NA,"-73.67","20.94","Bahamas","Great Inagua Island",NA,"76dd8f0d-2daa-4a69-9fcd-55e04230334a",1765125000
"Tropidophis melanurus (Schlegel, 1837)","Tropidophis","melanurus","-75.2061","20.1453","Cuba",NA,NA,"821cc27a-e3bb-4bc5-ac34-89ada245069d",1.22e+11
"Tropidophis pardalis (Gundlach, 1840)","Tropidophis","pardalis","-82.3667","23.1333","Cuba",NA,NA,"821cc27a-e3bb-4bc5-ac34-89ada245069d",1.22e+11
"Tropidophis pardalis (Gundlach, 1840)","Tropidophis","pardalis","-82.3667","23.1333","Cuba",NA,NA,"821cc27a-e3bb-4bc5-ac34-89ada245069d",1.22e+11
"Tropidophis pardalis (Gundlach, 1840)","Tropidophis","pardalis","-82.3667","23.1333","Cuba",NA,NA,"821cc27a-e3bb-4bc5-ac34-89ada245069d",1.22e+11
"Tropidophis curtus (Garman, 1887)","Tropidophis","canus","-77.31543","25.05996","Bahamas","New Providence Island",NA,"4bfac3ea-8763-4f4b-a71a-76a6f5f243d3",263875000
"Tropidophis pardalis (Gundlach, 1840)","Tropidophis","pardalis","-77.408292","25.042139","Bahamas","New Providence Island",NA,"cece4fc2-1fec-4bb5-a335-7252548e3f0b",263875000
"Tropidophis pardalis (Gundlach, 1840)","Tropidophis","pardalis","-77.408292","25.042139","Bahamas","New Providence Island",NA,"cece4fc2-1fec-4bb5-a335-7252548e3f0b",263875000
"Tropidophis melanurus (Schlegel, 1837)","Tropidophis","melanurus","-75.8219","20.0247","Cuba",NA,NA,"821cc27a-e3bb-4bc5-ac34-89ada245069d",1.22e+11
"Tropidophis melanurus (Schlegel, 1837)","Tropidophis","melanurus","-76.4333","19.9667","Cuba",NA,NA,"821cc27a-e3bb-4bc5-ac34-89ada245069d",1.22e+11
"Tropidophis melanurus (Schlegel, 1837)","Tropidophis","melanurus","-80.4403","22.1444","Cuba",NA,NA,"821cc27a-e3bb-4bc5-ac34-89ada245069d",1.22e+11
"Tropidophis semicinctus (Gundlach & Peters, 1864)","Tropidophis","semicinctus","-80.4403","22.1444","Cuba",NA,NA,"821cc27a-e3bb-4bc5-ac34-89ada245069d",1.22e+11
"Tropidophis melanurus (Schlegel, 1837)","Tropidophis","melanurus","-83.7333","22.4833","Cuba",NA,NA,"821cc27a-e3bb-4bc5-ac34-89ada245069d",1.22e+11
"Tropidophis pardalis (Gundlach, 1840)","Tropidophis","pardalis","-83.7333","22.4833","Cuba",NA,NA,"821cc27a-e3bb-4bc5-ac34-89ada245069d",1.22e+11
"Tropidophis pardalis (Gundlach, 1840)","Tropidophis","pardalis","-83.3697","22.6467","Cuba",NA,NA,"821cc27a-e3bb-4bc5-ac34-89ada245069d",1.22e+11
"Tropidophis semicinctus (Gundlach & Peters, 1864)","Tropidophis","semicinctus","-79.9667","22.4","Cuba",NA,NA,"821cc27a-e3bb-4bc5-ac34-89ada245069d",1.22e+11
"Tropidophis melanurus (Schlegel, 1837)","Tropidophis","melanurus","-79.9667","22.4","Cuba",NA,NA,"821cc27a-e3bb-4bc5-ac34-89ada245069d",1.22e+11
"Tropidophis Bibron, 1840","Tropidophis",NA,"-79.973181","22.163602","Cuba",NA,NA,"8e479b8f-ac16-4bed-a11a-bc7e27c31663",1.22e+11
"Tropidophis melanurus (Schlegel, 1837)","Tropidophis","melanurus","-79.9667","22.4","Cuba",NA,NA,"821cc27a-e3bb-4bc5-ac34-89ada245069d",1.22e+11
"Tropidophis haetianus (Cope, 1879)","Tropidophis","haetianus","-70.6983301","19.7953517","Dominican Republic",NA,NA,"821cc27a-e3bb-4bc5-ac34-89ada245069d",83104562500
"Tropidophis pardalis (Gundlach, 1840)","Tropidophis","pardalis","-82.43","23.0767","Cuba",NA,NA,"a8ee9bc6-5914-427d-9fba-f8545250ac34",1.22e+11
"Tropidophis maculatus (Bibron, 1840)","Tropidophis","maculatus","-79.41667","21.61667","Cuba",NA,NA,"1c5c3e48-7fc0-4d4f-96e6-c4df2c747f34",1.22e+11
"Tropidophis maculatus (Bibron, 1840)","Tropidophis","maculatus","-79.41667","21.61667","Cuba",NA,NA,"9cd0014c-b7b1-4ed1-bef7-0225acfa4ef2",1.22e+11
"Tropidophis haetianus (Cope, 1879)","Tropidophis","haetianus","-71.1593","18.34758","Dominican Republic",NA,NA,"832b8188-f762-11e1-a439-00145eb45e9a",83104562500
"Tropidophis haetianus (Cope, 1879)","Tropidophis","haetianus","-73.861049","18.327117","Haiti",NA,NA,"832b8188-f762-11e1-a439-00145eb45e9a",83104562500
"Tropidophis pardalis (Gundlach, 1840)","Tropidophis","pardalis","-80.4667","22.4667","Cuba",NA,NA,"832b8188-f762-11e1-a439-00145eb45e9a",1.22e+11
"Tropidophis Bibron, 1840","Tropidophis",NA,"-73.668697","20.940149","Bahamas","Great Inagua Island",NA,"8e479b8f-ac16-4bed-a11a-bc7e27c31663",1765125000
"Tropidophis Bibron, 1840","Tropidophis",NA,"-73.668697","20.940149","Bahamas","Great Inagua Island",NA,"8e479b8f-ac16-4bed-a11a-bc7e27c31663",1765125000
"Tropidophis Bibron, 1840","Tropidophis",NA,"-73.668697","20.940149","Bahamas","Great Inagua Island",NA,"8e479b8f-ac16-4bed-a11a-bc7e27c31663",1765125000
"Tropidophis Bibron, 1840","Tropidophis",NA,"-75.140215","19.9128","USA","Guantanamo","East","8e479b8f-ac16-4bed-a11a-bc7e27c31663",268312500
"Tropidophis Bibron, 1840","Tropidophis",NA,"-73.668697","20.940149","Bahamas","Great Inagua Island",NA,"8e479b8f-ac16-4bed-a11a-bc7e27c31663",1765125000
"Tropidophis Bibron, 1840","Tropidophis",NA,"-77.65","18.18","Jamaica",NA,NA,"2fba9985-ac30-46cb-99bf-91ccde0d8d2f",12225750000
"Tropidophis Bibron, 1840","Tropidophis",NA,"-75.140215","19.9128","USA","Guantanamo","East","8e479b8f-ac16-4bed-a11a-bc7e27c31663",268312500
"Tropidophis Bibron, 1840","Tropidophis",NA,"-73.668697","20.940149","Bahamas","Great Inagua Island",NA,"8e479b8f-ac16-4bed-a11a-bc7e27c31663",1765125000
"Tropidophis Bibron, 1840","Tropidophis",NA,"-70.988315","19.258518","Dominican Republic",NA,NA,"8e479b8f-ac16-4bed-a11a-bc7e27c31663",83104562500
"Tropidophis melanurus (Schlegel, 1837)","Tropidophis","melanurus","-75.1861339","19.9398222","USA","Guantanamo","West","dce00a1f-f6b4-4e11-9771-92c62c40ad80",1.42e+08
"Tropidophis Bibron, 1840","Tropidophis",NA,"-73.668697","20.940149","Bahamas","Great Inagua Island",NA,"8e479b8f-ac16-4bed-a11a-bc7e27c31663",1765125000
"Tropidophis Bibron, 1840","Tropidophis",NA,"-77.447","21.146","Cuba",NA,NA,"8e479b8f-ac16-4bed-a11a-bc7e27c31663",1.22e+11
"Tropidophis Bibron, 1840","Tropidophis",NA,"-77.92","18.5","Jamaica",NA,NA,"2fba9985-ac30-46cb-99bf-91ccde0d8d2f",12225750000
"Tropidophis Bibron, 1840","Tropidophis",NA,"-77.908358","21.383216","Cuba",NA,NA,"8e479b8f-ac16-4bed-a11a-bc7e27c31663",1.22e+11
"Tropidophis pardalis (Gundlach, 1840)","Tropidophis","pardalis","-82.502518","22.887562","Cuba",NA,NA,"c287bcb5-ee4a-456f-86b6-dae0e6fe7958",1.22e+11
"Tropidophis Bibron, 1840","Tropidophis",NA,"-77.908358","21.383216","Cuba",NA,NA,"8e479b8f-ac16-4bed-a11a-bc7e27c31663",1.22e+11
"Tropidophis canus (Cope, 1868)","Tropidophis","canus","-73.4042","20.9361","Bahamas","Great Inagua Island",NA,"821cc27a-e3bb-4bc5-ac34-89ada245069d",1765125000
"Tropidophis pardalis (Gundlach, 1840)","Tropidophis","pardalis","-81.58","23.05","Cuba",NA,NA,"821cc27a-e3bb-4bc5-ac34-89ada245069d",1.22e+11
"Tropidophis canus (Cope, 1868)","Tropidophis","canus","-73.4042","20.9361","Bahamas","Great Inagua Island",NA,"821cc27a-e3bb-4bc5-ac34-89ada245069d",1765125000
"Tropidophis canus (Cope, 1868)","Tropidophis","canus","-73.4042","20.9361","Bahamas","Great Inagua Island",NA,"821cc27a-e3bb-4bc5-ac34-89ada245069d",1765125000
"Tropidophis semicinctus (Gundlach & Peters, 1864)","Tropidophis","semicinctus","-81.58","23.05","Cuba",NA,NA,"821cc27a-e3bb-4bc5-ac34-89ada245069d",1.22e+11
"Tropidophis canus (Cope, 1868)","Tropidophis","canus","-73.4042","20.9361","Bahamas","Great Inagua Island",NA,"821cc27a-e3bb-4bc5-ac34-89ada245069d",1765125000
"Tropidophis melanurus (Schlegel, 1837)","Tropidophis","melanurus","-74.2967","20.3008","Cuba",NA,NA,"821cc27a-e3bb-4bc5-ac34-89ada245069d",1.22e+11
"Tropidophis melanurus (Schlegel, 1837)","Tropidophis","melanurus","-82.3869","22.97","Cuba",NA,NA,"821cc27a-e3bb-4bc5-ac34-89ada245069d",1.22e+11
"Tropidophis haetianus (Cope, 1879)","Tropidophis","haetianus","-72.3338667","18.5390112","Haiti",NA,NA,"821cc27a-e3bb-4bc5-ac34-89ada245069d",83104562500
"Tropidophis canus (Cope, 1868)","Tropidophis","canus","-73.4042","20.9361","Bahamas","Great Inagua Island",NA,"821cc27a-e3bb-4bc5-ac34-89ada245069d",1765125000
"Tropidophis haetianus (Cope, 1879)","Tropidophis","haetianus","-73.0397831","18.8381962","Haiti","Ile de la Gonave",NA,"821cc27a-e3bb-4bc5-ac34-89ada245069d",83104562500
"Tropidophis curtus (Garman, 1887)","Tropidophis","canus","-77.35154","25.07385","Bahamas","New Providence Island",NA,"4bfac3ea-8763-4f4b-a71a-76a6f5f243d3",263875000
"Tropidophis melanurus melanurus","Tropidophis","melanurus","-74.5","20.35","Cuba",NA,NA,"4bfac3ea-8763-4f4b-a71a-76a6f5f243d3",1.22e+11
"Tropidophis semicinctus (Gundlach & Peters, 1864)","Tropidophis","semicinctus","-80.4667","22.4667","Cuba",NA,NA,"4bfac3ea-8763-4f4b-a71a-76a6f5f243d3",1.22e+11
"Tropidophis semicinctus (Gundlach & Peters, 1864)","Tropidophis","semicinctus","-80.4667","22.4667","Cuba",NA,NA,"4bfac3ea-8763-4f4b-a71a-76a6f5f243d3",1.22e+11
"Tropidophis curtus barbouri Bailey, 1937","Tropidophis","canus","-73.28251","21.07586","Bahamas","Great Inagua Island",NA,"4bfac3ea-8763-4f4b-a71a-76a6f5f243d3",1765125000
"Tropidophis curtus barbouri Bailey, 1937","Tropidophis","canus","-73.28251","21.07586","Bahamas","Great Inagua Island",NA,"4bfac3ea-8763-4f4b-a71a-76a6f5f243d3",1765125000
"Tropidophis curtus barbouri Bailey, 1937","Tropidophis","canus","-73.28251","21.07586","Bahamas","Great Inagua Island",NA,"4bfac3ea-8763-4f4b-a71a-76a6f5f243d3",1765125000
"Tropidophis curtus barbouri Bailey, 1937","Tropidophis","canus","-73.28251","21.07586","Bahamas","Great Inagua Island",NA,"4bfac3ea-8763-4f4b-a71a-76a6f5f243d3",1765125000
"Tropidophis curtus barbouri Bailey, 1937","Tropidophis","canus","-73.28251","21.07586","Bahamas","Great Inagua Island",NA,"4bfac3ea-8763-4f4b-a71a-76a6f5f243d3",1765125000
"Tropidophis curtus barbouri Bailey, 1937","Tropidophis","canus","-73.28251","21.07586","Bahamas","Great Inagua Island",NA,"4bfac3ea-8763-4f4b-a71a-76a6f5f243d3",1765125000
"Tropidophis curtus barbouri Bailey, 1937","Tropidophis","canus","-73.28251","21.07586","Bahamas","Great Inagua Island",NA,"4bfac3ea-8763-4f4b-a71a-76a6f5f243d3",1765125000
"Tropidophis melanurus melanurus","Tropidophis","melanurus","-75.0361","20.1167","Cuba",NA,NA,"4bfac3ea-8763-4f4b-a71a-76a6f5f243d3",1.22e+11
"Tropidophis pardalis (Gundlach, 1840)","Tropidophis","pardalis","-80","21.9333","Cuba",NA,NA,"4bfac3ea-8763-4f4b-a71a-76a6f5f243d3",1.22e+11
"Tropidophis pardalis (Gundlach, 1840)","Tropidophis","pardalis","-80.4667","22.4667","Cuba",NA,NA,"4bfac3ea-8763-4f4b-a71a-76a6f5f243d3",1.22e+11
"Tropidophis melanurus (Schlegel, 1837)","Tropidophis","melanurus","-80.4667","22.4667","Cuba",NA,NA,"4bfac3ea-8763-4f4b-a71a-76a6f5f243d3",1.22e+11
"Tropidophis semicinctus (Gundlach & Peters, 1864)","Tropidophis","semicinctus","-80.4667","22.4667","Cuba",NA,NA,"4bfac3ea-8763-4f4b-a71a-76a6f5f243d3",1.22e+11
"Tropidophis semicinctus (Gundlach & Peters, 1864)","Tropidophis","semicinctus","-80.4667","22.4667","Cuba",NA,NA,"4bfac3ea-8763-4f4b-a71a-76a6f5f243d3",1.22e+11
"Tropidophis semicinctus (Gundlach & Peters, 1864)","Tropidophis","semicinctus","-80.4667","22.4667","Cuba",NA,NA,"4bfac3ea-8763-4f4b-a71a-76a6f5f243d3",1.22e+11
"Tropidophis semicinctus (Gundlach & Peters, 1864)","Tropidophis","semicinctus","-80.4667","22.4667","Cuba",NA,NA,"4bfac3ea-8763-4f4b-a71a-76a6f5f243d3",1.22e+11
"Tropidophis semicinctus (Gundlach & Peters, 1864)","Tropidophis","semicinctus","-80.4667","22.4667","Cuba",NA,NA,"4bfac3ea-8763-4f4b-a71a-76a6f5f243d3",1.22e+11
"Tropidophis melanurus (Schlegel, 1837)","Tropidophis","melanurus","-80.4667","22.4667","Cuba",NA,NA,"4bfac3ea-8763-4f4b-a71a-76a6f5f243d3",1.22e+11
"Tropidophis melanurus (Schlegel, 1837)","Tropidophis","melanurus","-80.4667","22.4667","Cuba",NA,NA,"4bfac3ea-8763-4f4b-a71a-76a6f5f243d3",1.22e+11
"Tropidophis melanurus (Schlegel, 1837)","Tropidophis","melanurus","-79.33521","21.98981","Cuba",NA,NA,"4bfac3ea-8763-4f4b-a71a-76a6f5f243d3",1.22e+11
"Tropidophis jamaicensis Stull, 1928","Tropidophis","jamaicensis","-77.701","17.972","Jamaica",NA,NA,"4bfac3ea-8763-4f4b-a71a-76a6f5f243d3",12225750000
"Tropidophis jamaicensis Stull, 1928","Tropidophis","jamaicensis","-76.8","17.96667","Jamaica",NA,NA,"4bfac3ea-8763-4f4b-a71a-76a6f5f243d3",12225750000
"Tropidophis jamaicensis Stull, 1928","Tropidophis","jamaicensis","-77.70109","17.97291","Jamaica",NA,NA,"4bfac3ea-8763-4f4b-a71a-76a6f5f243d3",12225750000
"Tropidophis jamaicensis Stull, 1928","Tropidophis","jamaicensis","-76.74568","18.01282","Jamaica",NA,NA,"4bfac3ea-8763-4f4b-a71a-76a6f5f243d3",12225750000
"Tropidophis jamaicensis Stull, 1928","Tropidophis","jamaicensis","-77.70109","17.97291","Jamaica",NA,NA,"4bfac3ea-8763-4f4b-a71a-76a6f5f243d3",12225750000
"Tropidophis jamaicensis Stull, 1928","Tropidophis","jamaicensis","-76.74568","18.01282","Jamaica",NA,NA,"4bfac3ea-8763-4f4b-a71a-76a6f5f243d3",12225750000
"Tropidophis jamaicensis Stull, 1928","Tropidophis","jamaicensis","-77.70109","17.97291","Jamaica",NA,NA,"4bfac3ea-8763-4f4b-a71a-76a6f5f243d3",12225750000
"Tropidophis jamaicensis Stull, 1928","Tropidophis","jamaicensis","-77.70109","17.97291","Jamaica",NA,NA,"4bfac3ea-8763-4f4b-a71a-76a6f5f243d3",12225750000
"Tropidophis curtus (Garman, 1887)","Tropidophis","canus","-79.33521","21.98981","Cuba",NA,NA,"4bfac3ea-8763-4f4b-a71a-76a6f5f243d3",1.22e+11
"Tropidophis maculatus (Bibron, 1840)","Tropidophis","maculatus","-72.41667","19","Haiti",NA,NA,"4bfac3ea-8763-4f4b-a71a-76a6f5f243d3",83104562500
"Tropidophis curtus (Garman, 1887)","Tropidophis","canus","-77.40849","25.03727","Bahamas","New Providence Island",NA,"4bfac3ea-8763-4f4b-a71a-76a6f5f243d3",263875000
"Tropidophis maculatus (Bibron, 1840)","Tropidophis","maculatus","-72.41667","19","Haiti",NA,NA,"4bfac3ea-8763-4f4b-a71a-76a6f5f243d3",83104562500
"Tropidophis curtus (Garman, 1887)","Tropidophis","canus","-77.40849","25.03727","Bahamas","New Providence Island",NA,"4bfac3ea-8763-4f4b-a71a-76a6f5f243d3",263875000
"Tropidophis pardalis (Gundlach, 1840)","Tropidophis","pardalis","-71.60254","18.81772","Dominican Republic",NA,NA,"4bfac3ea-8763-4f4b-a71a-76a6f5f243d3",83104562500
"Tropidophis curtus (Garman, 1887)","Tropidophis","canus","-75.93701","23.62723","Bahamas","Great Exuma Island",NA,"4bfac3ea-8763-4f4b-a71a-76a6f5f243d3",212375000
"Tropidophis curtus (Garman, 1887)","Tropidophis","canus","-75.93701","23.62723","Bahamas","Great Exuma Island",NA,"4bfac3ea-8763-4f4b-a71a-76a6f5f243d3",212375000
"Tropidophis curtus (Garman, 1887)","Tropidophis","canus","-77.40666","25.02691","Bahamas","New Providence Island",NA,"4bfac3ea-8763-4f4b-a71a-76a6f5f243d3",263875000
"Tropidophis curtus (Garman, 1887)","Tropidophis","canus","-77.40666","25.02691","Bahamas","New Providence Island",NA,"4bfac3ea-8763-4f4b-a71a-76a6f5f243d3",263875000
"Tropidophis jamaicensis Stull, 1928","Tropidophis","jamaicensis","-76.8","18","Jamaica",NA,NA,"4bfac3ea-8763-4f4b-a71a-76a6f5f243d3",12225750000
"Tropidophis pardalis (Gundlach, 1840)","Tropidophis","pardalis","-80.4667","22.4667","Cuba",NA,NA,"4bfac3ea-8763-4f4b-a71a-76a6f5f243d3",1.22e+11
"Tropidophis maculatus (Bibron, 1840)","Tropidophis","maculatus","-82.16667","23.13194","Cuba",NA,NA,"4bfac3ea-8763-4f4b-a71a-76a6f5f243d3",1.22e+11
"Tropidophis maculatus (Bibron, 1840)","Tropidophis","maculatus","-82.16667","23.13194","Cuba",NA,NA,"4bfac3ea-8763-4f4b-a71a-76a6f5f243d3",1.22e+11
"Tropidophis melanurus melanurus","Tropidophis","melanurus","-80.4667","22.4667","Cuba",NA,NA,"4bfac3ea-8763-4f4b-a71a-76a6f5f243d3",1.22e+11
"Tropidophis melanurus melanurus","Tropidophis","melanurus","-75.0361","20.1167","Cuba",NA,NA,"4bfac3ea-8763-4f4b-a71a-76a6f5f243d3",1.22e+11
"Tropidophis melanurus melanurus","Tropidophis","melanurus","-75.0361","20.1167","Cuba",NA,NA,"4bfac3ea-8763-4f4b-a71a-76a6f5f243d3",1.22e+11
"Tropidophis melanurus melanurus","Tropidophis","melanurus","-75.0361","20.1167","Cuba",NA,NA,"4bfac3ea-8763-4f4b-a71a-76a6f5f243d3",1.22e+11
"Tropidophis melanurus melanurus","Tropidophis","melanurus","-75.0361","20.1167","Cuba",NA,NA,"4bfac3ea-8763-4f4b-a71a-76a6f5f243d3",1.22e+11
"Tropidophis melanurus melanurus","Tropidophis","melanurus","-75.0361","20.1167","Cuba",NA,NA,"4bfac3ea-8763-4f4b-a71a-76a6f5f243d3",1.22e+11
"Tropidophis melanurus melanurus","Tropidophis","melanurus","-75.0361","20.1167","Cuba",NA,NA,"4bfac3ea-8763-4f4b-a71a-76a6f5f243d3",1.22e+11
"Tropidophis melanurus melanurus","Tropidophis","melanurus","-75.0361","20.1167","Cuba",NA,NA,"4bfac3ea-8763-4f4b-a71a-76a6f5f243d3",1.22e+11
"Tropidophis melanurus melanurus","Tropidophis","melanurus","-76.5386","20.255","Cuba",NA,NA,"4bfac3ea-8763-4f4b-a71a-76a6f5f243d3",1.22e+11
"Tropidophis pilsbryi Bailey, 1937","Tropidophis","pilsbryi","-75.2061","20.1453","Cuba",NA,NA,"4bfac3ea-8763-4f4b-a71a-76a6f5f243d3",1.22e+11
"Tropidophis haetianus haetianus","Tropidophis","haetianus","-71.8208","18.7989","Haiti",NA,NA,"861d3d64-f762-11e1-a439-00145eb45e9a",83104562500
