"acceptedScientificName","genericName","specificEpithet","decimalLongitude","decimalLatitude","datasetKey"
"Eleutherodactylus montserratae Hedges, 2022","Eleutherodactylus","montserratae",-63.238083,17.628614,"50c9509d-22c7-4a22-a47d-8c48425ef4a7"
"Eleutherodactylus pictissimus Cochran, 1935","Eleutherodactylus","pictissimus",-74.043045,18.448004,"50c9509d-22c7-4a22-a47d-8c48425ef4a7"
"Eleutherodactylus coqui Thomas, 1966","Eleutherodactylus","coqui",-65.832765,18.334215,"50c9509d-22c7-4a22-a47d-8c48425ef4a7"
"Eleutherodactylus abbotti Cochran, 1923","Eleutherodactylus","abbotti",-71.16,18.06,"76dd8f0d-2daa-4a69-9fcd-55e04230334a"
"Eleutherodactylus armstrongi Noble & Hassler, 1933","Eleutherodactylus","armstrongi",-71.16,18.06,"76dd8f0d-2daa-4a69-9fcd-55e04230334a"
"Eleutherodactylus johnstonei Barbour, 1914","Eleutherodactylus","johnstonei",-61.016667,13.816667,"76dd8f0d-2daa-4a69-9fcd-55e04230334a"
"Eleutherodactylus johnstonei Barbour, 1914","Eleutherodactylus","johnstonei",-63.05,18.21,"76dd8f0d-2daa-4a69-9fcd-55e04230334a"
"Eleutherodactylus planirostris (Cope, 1862)","Eleutherodactylus","planirostris",-74.46,24.11,"76dd8f0d-2daa-4a69-9fcd-55e04230334a"
"Eleutherodactylus rhodesi Schwartz, 1980","Eleutherodactylus","rhodesi",-72.81,19.88,"76dd8f0d-2daa-4a69-9fcd-55e04230334a"
"Eleutherodactylus lucioi Schwartz, 1980","Eleutherodactylus","lucioi",-73.26,19.85,"76dd8f0d-2daa-4a69-9fcd-55e04230334a"
"Eleutherodactylus weinlandi Barbour, 1914","Eleutherodactylus","weinlandi",-69.8894111,18.4707159,"76dd8f0d-2daa-4a69-9fcd-55e04230334a"
"Eleutherodactylus portoricensis Schmidt, 1927","Eleutherodactylus","portoricensis",-65.81,18.32,"76dd8f0d-2daa-4a69-9fcd-55e04230334a"
"Eleutherodactylus wightmanae Schmidt, 1920","Eleutherodactylus","wightmanae",-65.81,18.32,"76dd8f0d-2daa-4a69-9fcd-55e04230334a"
"Eleutherodactylus richmondi Stejneger, 1904","Eleutherodactylus","richmondi",-65.81,18.32,"76dd8f0d-2daa-4a69-9fcd-55e04230334a"
"Eleutherodactylus sommeri Schwartz, 1977","Eleutherodactylus","sommeri",-72.3,19.49,"76dd8f0d-2daa-4a69-9fcd-55e04230334a"
"Eleutherodactylus sommeri Schwartz, 1977","Eleutherodactylus","sommeri",-72.31,19.49,"76dd8f0d-2daa-4a69-9fcd-55e04230334a"
"Eleutherodactylus chlorophenax Schwartz, 1976","Eleutherodactylus","chlorophenax",-74.1,18.49,"76dd8f0d-2daa-4a69-9fcd-55e04230334a"
"Eleutherodactylus paralius Schwartz, 1976","Eleutherodactylus","paralius",-69.1793951,18.4507172,"76dd8f0d-2daa-4a69-9fcd-55e04230334a"
"Eleutherodactylus sciagraphus Schwartz, 1973","Eleutherodactylus","sciagraphus",-74.1,18.49,"76dd8f0d-2daa-4a69-9fcd-55e04230334a"
"Eleutherodactylus fowleri Schwartz, 1973","Eleutherodactylus","fowleri",-71.73,18.26,"76dd8f0d-2daa-4a69-9fcd-55e04230334a"
"Eleutherodactylus eunaster Schwartz, 1973","Eleutherodactylus","eunaster",-74.1,18.51,"76dd8f0d-2daa-4a69-9fcd-55e04230334a"
"Eleutherodactylus apostates Schwartz, 1973","Eleutherodactylus","apostates",-74.1,18.49,"76dd8f0d-2daa-4a69-9fcd-55e04230334a"
"Eleutherodactylus glaphycompus Schwartz, 1973","Eleutherodactylus","glaphycompus",-74.1,18.51,"76dd8f0d-2daa-4a69-9fcd-55e04230334a"
"Eleutherodactylus lamprotes Schwartz, 1973","Eleutherodactylus","lamprotes",-74.1,18.49,"76dd8f0d-2daa-4a69-9fcd-55e04230334a"
"Eleutherodactylus warreni Schwartz, 1976","Eleutherodactylus","warreni",-72.73,20.01,"76dd8f0d-2daa-4a69-9fcd-55e04230334a"
"Eleutherodactylus inoptatus (Barbour, 1914)","Eleutherodactylus","inoptatus",-72.2794654,18.4107174,"76dd8f0d-2daa-4a69-9fcd-55e04230334a"
"Eleutherodactylus coqui Thomas, 1966","Eleutherodactylus","coqui",-67.13,18.2,"76dd8f0d-2daa-4a69-9fcd-55e04230334a"
"Eleutherodactylus coqui Thomas, 1966","Eleutherodactylus","coqui",-66.98,18.18,"76dd8f0d-2daa-4a69-9fcd-55e04230334a"
"Eleutherodactylus cochranae Grant, 1932","Eleutherodactylus","cochranae",-66.71,18.47,"76dd8f0d-2daa-4a69-9fcd-55e04230334a"
"Eleutherodactylus antillensis (Reinhardt & Lütken, 1863)","Eleutherodactylus","antillensis",-66.71,18.47,"76dd8f0d-2daa-4a69-9fcd-55e04230334a"
"Eleutherodactylus coqui Thomas, 1966","Eleutherodactylus","coqui",-66.7,18.42,"76dd8f0d-2daa-4a69-9fcd-55e04230334a"
"Eleutherodactylus coqui Thomas, 1966","Eleutherodactylus","coqui",-67.05,18.03,"76dd8f0d-2daa-4a69-9fcd-55e04230334a"
"Eleutherodactylus brittoni Schmidt, 1920","Eleutherodactylus","brittoni",-67.03,18.19,"76dd8f0d-2daa-4a69-9fcd-55e04230334a"
"Eleutherodactylus antillensis (Reinhardt & Lütken, 1863)","Eleutherodactylus","antillensis",-67.03,18.19,"76dd8f0d-2daa-4a69-9fcd-55e04230334a"
"Eleutherodactylus coqui Thomas, 1966","Eleutherodactylus","coqui",-67.03,18.19,"76dd8f0d-2daa-4a69-9fcd-55e04230334a"
"Eleutherodactylus alcoae Schwartz, 1971","Eleutherodactylus","alcoae",-71.6494507,18.0707345,"76dd8f0d-2daa-4a69-9fcd-55e04230334a"
"Eleutherodactylus pictissimus Cochran, 1935","Eleutherodactylus","pictissimus",-71.1694397,17.9707397,"76dd8f0d-2daa-4a69-9fcd-55e04230334a"
"Eleutherodactylus wetmorei Cochran, 1932","Eleutherodactylus","wetmorei",-71.85,18.25,"76dd8f0d-2daa-4a69-9fcd-55e04230334a"
"Eleutherodactylus inoptatus (Barbour, 1914)","Eleutherodactylus","inoptatus",-71.85,18.25,"76dd8f0d-2daa-4a69-9fcd-55e04230334a"
"Eleutherodactylus inoptatus (Barbour, 1914)","Eleutherodactylus","inoptatus",-72.28,18.5,"76dd8f0d-2daa-4a69-9fcd-55e04230334a"
"Eleutherodactylus pictissimus Cochran, 1935","Eleutherodactylus","pictissimus",-73.35,18.31,"76dd8f0d-2daa-4a69-9fcd-55e04230334a"
"Eleutherodactylus pictissimus Cochran, 1935","Eleutherodactylus","pictissimus",-73.0794837,18.4307159,"76dd8f0d-2daa-4a69-9fcd-55e04230334a"
"Eleutherodactylus inoptatus (Barbour, 1914)","Eleutherodactylus","inoptatus",-73.0794837,18.4307159,"76dd8f0d-2daa-4a69-9fcd-55e04230334a"
"Eleutherodactylus audanti Cochran, 1934","Eleutherodactylus","audanti",-72.2794654,18.4107174,"76dd8f0d-2daa-4a69-9fcd-55e04230334a"
"Eleutherodactylus wetmorei Cochran, 1932","Eleutherodactylus","wetmorei",-72.46,18.33,"76dd8f0d-2daa-4a69-9fcd-55e04230334a"
"Eleutherodactylus heminota Shreve & Williams, 1963","Eleutherodactylus","heminota",-72.2794654,18.4107174,"76dd8f0d-2daa-4a69-9fcd-55e04230334a"
"Eleutherodactylus coqui Thomas, 1966","Eleutherodactylus","coqui",-67.18,18.38,"76dd8f0d-2daa-4a69-9fcd-55e04230334a"
"Eleutherodactylus gryllus Schmidt, 1920","Eleutherodactylus","gryllus",-67.18,18.38,"76dd8f0d-2daa-4a69-9fcd-55e04230334a"
"Eleutherodactylus planirostris (Cope, 1862)","Eleutherodactylus","planirostris",-81.37,19.28,"76dd8f0d-2daa-4a69-9fcd-55e04230334a"
"Eleutherodactylus nubicola Dunn, 1926","Eleutherodactylus","nubicola",-76.66,18.06,"76dd8f0d-2daa-4a69-9fcd-55e04230334a"
"Eleutherodactylus planirostris (Cope, 1862)","Eleutherodactylus","planirostris",-77.33,25.06,"76dd8f0d-2daa-4a69-9fcd-55e04230334a"
"Eleutherodactylus rogersi Goin, 1955","Eleutherodactylus","rogersi",-74.48,24.02,"76dd8f0d-2daa-4a69-9fcd-55e04230334a"
"Eleutherodactylus planirostris (Cope, 1862)","Eleutherodactylus","planirostris",-74.48,24.02,"76dd8f0d-2daa-4a69-9fcd-55e04230334a"
"Eleutherodactylus atkinsi Dunn, 1925","Eleutherodactylus","atkinsi",-80.46,22.46,"76dd8f0d-2daa-4a69-9fcd-55e04230334a"
"Eleutherodactylus dimidiatus (Cope, 1862)","Eleutherodactylus","dimidiatus",-80.16,22.06,"76dd8f0d-2daa-4a69-9fcd-55e04230334a"
"Eleutherodactylus planirostris (Cope, 1862)","Eleutherodactylus","planirostris",-82.8,21.88,"76dd8f0d-2daa-4a69-9fcd-55e04230334a"
"Eleutherodactylus planirostris (Cope, 1862)","Eleutherodactylus","planirostris",-82.83,21.66,"76dd8f0d-2daa-4a69-9fcd-55e04230334a"
"Eleutherodactylus cuneatus (Cope, 1862)","Eleutherodactylus","cuneatus",-82.99,21.7,"76dd8f0d-2daa-4a69-9fcd-55e04230334a"
"Eleutherodactylus glaphycompus Schwartz, 1973","Eleutherodactylus","glaphycompus",-73.97054,18.27049,"4bfac3ea-8763-4f4b-a71a-76a6f5f243d3"
"Eleutherodactylus glandulifer Cochran, 1935","Eleutherodactylus","glandulifer",-74.11561,18.43301,"4bfac3ea-8763-4f4b-a71a-76a6f5f243d3"
"Eleutherodactylus glaphycompus Schwartz, 1973","Eleutherodactylus","glaphycompus",-74.11561,18.43301,"4bfac3ea-8763-4f4b-a71a-76a6f5f243d3"
"Eleutherodactylus atkinsi Dunn, 1925","Eleutherodactylus","atkinsi",-75.12967,19.9228,"4bfac3ea-8763-4f4b-a71a-76a6f5f243d3"
"Eleutherodactylus audanti Cochran, 1934","Eleutherodactylus","audanti",-71.7,18.75452,"dce00a1f-f6b4-4e11-9771-92c62c40ad80"
"Eleutherodactylus juanariveroi Rios-López & Thomas, 2007","Eleutherodactylus","juanariveroi",-66.201533,18.43545,"dce00a1f-f6b4-4e11-9771-92c62c40ad80"
"Eleutherodactylus planirostris (Cope, 1862)","Eleutherodactylus","planirostris",-74.5,20.35,"dce00a1f-f6b4-4e11-9771-92c62c40ad80"
"Eleutherodactylus wightmanae Schmidt, 1920","Eleutherodactylus","wightmanae",-65.785653,18.298715,"dce00a1f-f6b4-4e11-9771-92c62c40ad80"
"Eleutherodactylus weinlandi Barbour, 1914","Eleutherodactylus","weinlandi",-70.4814251,19.7196553,"dce00a1f-f6b4-4e11-9771-92c62c40ad80"
"Eleutherodactylus portoricensis Schmidt, 1927","Eleutherodactylus","portoricensis",-65.82583,18.28967,"dce00a1f-f6b4-4e11-9771-92c62c40ad80"
"Eleutherodactylus pictissimus Cochran, 1935","Eleutherodactylus","pictissimus",-73.866669,18.316668,"dce00a1f-f6b4-4e11-9771-92c62c40ad80"
"Eleutherodactylus pictissimus Cochran, 1935","Eleutherodactylus","pictissimus",-72.34963,18.51667,"dce00a1f-f6b4-4e11-9771-92c62c40ad80"
"Eleutherodactylus pictissimus Cochran, 1935","Eleutherodactylus","pictissimus",-72.29411,18.52695,"dce00a1f-f6b4-4e11-9771-92c62c40ad80"
"Eleutherodactylus pictissimus Cochran, 1935","Eleutherodactylus","pictissimus",-72.283333,18.516666,"dce00a1f-f6b4-4e11-9771-92c62c40ad80"
"Eleutherodactylus pictissimus Cochran, 1935","Eleutherodactylus","pictissimus",-72.29411,18.50638,"dce00a1f-f6b4-4e11-9771-92c62c40ad80"
"Eleutherodactylus pictissimus Cochran, 1935","Eleutherodactylus","pictissimus",-72.24985,18.48472,"dce00a1f-f6b4-4e11-9771-92c62c40ad80"
"Eleutherodactylus pictissimus Cochran, 1935","Eleutherodactylus","pictissimus",-72.36,18.499,"dce00a1f-f6b4-4e11-9771-92c62c40ad80"
"Eleutherodactylus wightmanae Schmidt, 1920","Eleutherodactylus","wightmanae",-66.960835,18.204406,"dce00a1f-f6b4-4e11-9771-92c62c40ad80"
"Eleutherodactylus wightmanae Schmidt, 1920","Eleutherodactylus","wightmanae",-66.403427,18.181735,"dce00a1f-f6b4-4e11-9771-92c62c40ad80"
"Eleutherodactylus wightmanae Schmidt, 1920","Eleutherodactylus","wightmanae",-66.7574,18.1185,"dce00a1f-f6b4-4e11-9771-92c62c40ad80"
"Eleutherodactylus wightmanae Schmidt, 1920","Eleutherodactylus","wightmanae",-66.7697,18.2075,"dce00a1f-f6b4-4e11-9771-92c62c40ad80"
"Eleutherodactylus wightmanae Schmidt, 1920","Eleutherodactylus","wightmanae",-66.4925,18.255656,"dce00a1f-f6b4-4e11-9771-92c62c40ad80"
"Eleutherodactylus wightmanae Schmidt, 1920","Eleutherodactylus","wightmanae",-66.582473,18.380579,"dce00a1f-f6b4-4e11-9771-92c62c40ad80"
"Eleutherodactylus wightmanae Schmidt, 1920","Eleutherodactylus","wightmanae",-66.641643,18.324049,"dce00a1f-f6b4-4e11-9771-92c62c40ad80"
"Eleutherodactylus wightmanae Schmidt, 1920","Eleutherodactylus","wightmanae",-66.598268,18.291462,"dce00a1f-f6b4-4e11-9771-92c62c40ad80"
"Eleutherodactylus wightmanae Schmidt, 1920","Eleutherodactylus","wightmanae",-65.790745,18.290535,"dce00a1f-f6b4-4e11-9771-92c62c40ad80"
"Eleutherodactylus wightmanae Schmidt, 1920","Eleutherodactylus","wightmanae",-65.776722,18.307569,"dce00a1f-f6b4-4e11-9771-92c62c40ad80"
"Eleutherodactylus wightmanae Schmidt, 1920","Eleutherodactylus","wightmanae",-66.552652,18.160832,"dce00a1f-f6b4-4e11-9771-92c62c40ad80"
"Eleutherodactylus wightmanae Schmidt, 1920","Eleutherodactylus","wightmanae",-66.038655,18.160571,"dce00a1f-f6b4-4e11-9771-92c62c40ad80"
"Eleutherodactylus wightmanae Schmidt, 1920","Eleutherodactylus","wightmanae",-66.046242,18.143042,"dce00a1f-f6b4-4e11-9771-92c62c40ad80"
"Eleutherodactylus wightmanae Schmidt, 1920","Eleutherodactylus","wightmanae",-65.826107,18.373952,"dce00a1f-f6b4-4e11-9771-92c62c40ad80"
"Eleutherodactylus wightmanae Schmidt, 1920","Eleutherodactylus","wightmanae",-66.740081,17.998613,"dce00a1f-f6b4-4e11-9771-92c62c40ad80"
"Eleutherodactylus wightmanae Schmidt, 1920","Eleutherodactylus","wightmanae",-66.289272,18.19837,"dce00a1f-f6b4-4e11-9771-92c62c40ad80"
"Eleutherodactylus wetmorei Cochran, 1932","Eleutherodactylus","wetmorei",-71.752998,18.169,"dce00a1f-f6b4-4e11-9771-92c62c40ad80"
"Eleutherodactylus wetmorei Cochran, 1932","Eleutherodactylus","wetmorei",-71.849998,18.25,"dce00a1f-f6b4-4e11-9771-92c62c40ad80"
"Eleutherodactylus wetmorei Cochran, 1932","Eleutherodactylus","wetmorei",-72.300003,18.299999,"dce00a1f-f6b4-4e11-9771-92c62c40ad80"
"Eleutherodactylus wetmorei Cochran, 1932","Eleutherodactylus","wetmorei",-71.71673,18.26381,"dce00a1f-f6b4-4e11-9771-92c62c40ad80"
"Eleutherodactylus wetmorei Cochran, 1932","Eleutherodactylus","wetmorei",-73.26667,18.35,"dce00a1f-f6b4-4e11-9771-92c62c40ad80"
"Eleutherodactylus wetmorei Cochran, 1932","Eleutherodactylus","wetmorei",-73.966667,18.283333,"dce00a1f-f6b4-4e11-9771-92c62c40ad80"
"Eleutherodactylus wetmorei Cochran, 1932","Eleutherodactylus","wetmorei",-73.62688,18.45345,"dce00a1f-f6b4-4e11-9771-92c62c40ad80"
"Eleutherodactylus wetmorei Cochran, 1932","Eleutherodactylus","wetmorei",-73.6409,18.40649,"dce00a1f-f6b4-4e11-9771-92c62c40ad80"
"Eleutherodactylus wetmorei Cochran, 1932","Eleutherodactylus","wetmorei",-73.63635,18.40214,"dce00a1f-f6b4-4e11-9771-92c62c40ad80"
"Eleutherodactylus wetmorei Cochran, 1932","Eleutherodactylus","wetmorei",-73.6322,18.39818,"dce00a1f-f6b4-4e11-9771-92c62c40ad80"
"Eleutherodactylus wetmorei Cochran, 1932","Eleutherodactylus","wetmorei",-73.62571,18.39199,"dce00a1f-f6b4-4e11-9771-92c62c40ad80"
"Eleutherodactylus wetmorei Cochran, 1932","Eleutherodactylus","wetmorei",-73.62163,18.38809,"dce00a1f-f6b4-4e11-9771-92c62c40ad80"
"Eleutherodactylus wetmorei Cochran, 1932","Eleutherodactylus","wetmorei",-73.821,18.41118,"dce00a1f-f6b4-4e11-9771-92c62c40ad80"
"Eleutherodactylus wetmorei Cochran, 1932","Eleutherodactylus","wetmorei",-73.866669,18.316668,"dce00a1f-f6b4-4e11-9771-92c62c40ad80"
"Eleutherodactylus wetmorei Cochran, 1932","Eleutherodactylus","wetmorei",-72.327,18.499,"dce00a1f-f6b4-4e11-9771-92c62c40ad80"
"Eleutherodactylus wetmorei Cochran, 1932","Eleutherodactylus","wetmorei",-72.58334,18.33535,"dce00a1f-f6b4-4e11-9771-92c62c40ad80"
"Eleutherodactylus wetmorei Cochran, 1932","Eleutherodactylus","wetmorei",-72.58334,18.33826,"dce00a1f-f6b4-4e11-9771-92c62c40ad80"
"Eleutherodactylus wetmorei Cochran, 1932","Eleutherodactylus","wetmorei",-73.816666,18.433332,"dce00a1f-f6b4-4e11-9771-92c62c40ad80"
"Eleutherodactylus wetmorei Cochran, 1932","Eleutherodactylus","wetmorei",-73.26424,18.35996,"dce00a1f-f6b4-4e11-9771-92c62c40ad80"
"Eleutherodactylus wetmorei Cochran, 1932","Eleutherodactylus","wetmorei",-73.25663,18.36069,"dce00a1f-f6b4-4e11-9771-92c62c40ad80"
"Eleutherodactylus wetmorei Cochran, 1932","Eleutherodactylus","wetmorei",-73.1957,18.38759,"dce00a1f-f6b4-4e11-9771-92c62c40ad80"
"Eleutherodactylus wetmorei Cochran, 1932","Eleutherodactylus","wetmorei",-73.22997,18.37014,"dce00a1f-f6b4-4e11-9771-92c62c40ad80"
"Eleutherodactylus wetmorei Cochran, 1932","Eleutherodactylus","wetmorei",-74.099998,18.516666,"dce00a1f-f6b4-4e11-9771-92c62c40ad80"
"Eleutherodactylus diplasius Schwartz, 1973","Eleutherodactylus","wetmorei",-74.099998,18.516666,"dce00a1f-f6b4-4e11-9771-92c62c40ad80"
"Eleutherodactylus wetmorei Cochran, 1932","Eleutherodactylus","wetmorei",-71.68653,18.20528,"dce00a1f-f6b4-4e11-9771-92c62c40ad80"
"Eleutherodactylus weinlandi Barbour, 1914","Eleutherodactylus","weinlandi",-71.0604383,19.7096556,"dce00a1f-f6b4-4e11-9771-92c62c40ad80"
"Eleutherodactylus weinlandi Barbour, 1914","Eleutherodactylus","weinlandi",-71.0564382,19.7236549,"dce00a1f-f6b4-4e11-9771-92c62c40ad80"
"Eleutherodactylus weinlandi Barbour, 1914","Eleutherodactylus","weinlandi",-70.89652,19.26505,"dce00a1f-f6b4-4e11-9771-92c62c40ad80"
"Eleutherodactylus weinlandi Barbour, 1914","Eleutherodactylus","weinlandi",-70.6440087,19.5955212,"dce00a1f-f6b4-4e11-9771-92c62c40ad80"
"Eleutherodactylus weinlandi Barbour, 1914","Eleutherodactylus","weinlandi",-71.3991254,18.6507063,"dce00a1f-f6b4-4e11-9771-92c62c40ad80"
"Eleutherodactylus weinlandi Barbour, 1914","Eleutherodactylus","weinlandi",-69.4244009,19.2006806,"dce00a1f-f6b4-4e11-9771-92c62c40ad80"
"Eleutherodactylus weinlandi Barbour, 1914","Eleutherodactylus","weinlandi",-69.5504038,19.3046755,"dce00a1f-f6b4-4e11-9771-92c62c40ad80"
"Eleutherodactylus weinlandi Barbour, 1914","Eleutherodactylus","weinlandi",-69.5684042,19.2356789,"dce00a1f-f6b4-4e11-9771-92c62c40ad80"
"Eleutherodactylus weinlandi Barbour, 1914","Eleutherodactylus","weinlandi",-69.4851623,19.317345,"dce00a1f-f6b4-4e11-9771-92c62c40ad80"
"Eleutherodactylus weinlandi Barbour, 1914","Eleutherodactylus","weinlandi",-70.3844428,19.6689178,"dce00a1f-f6b4-4e11-9771-92c62c40ad80"
"Eleutherodactylus weinlandi Barbour, 1914","Eleutherodactylus","weinlandi",-70.7644316,19.7646531,"dce00a1f-f6b4-4e11-9771-92c62c40ad80"
"Eleutherodactylus weinlandi Barbour, 1914","Eleutherodactylus","weinlandi",-70.816666,19.75,"dce00a1f-f6b4-4e11-9771-92c62c40ad80"
"Eleutherodactylus weinlandi Barbour, 1914","Eleutherodactylus","weinlandi",-69.96973,18.72195,"dce00a1f-f6b4-4e11-9771-92c62c40ad80"
"Eleutherodactylus weinlandi Barbour, 1914","Eleutherodactylus","weinlandi",-69.69598,19.0014,"dce00a1f-f6b4-4e11-9771-92c62c40ad80"
"Eleutherodactylus weinlandi Barbour, 1914","Eleutherodactylus","weinlandi",-70.0504149,18.8266985,"dce00a1f-f6b4-4e11-9771-92c62c40ad80"
"Eleutherodactylus weinlandi Barbour, 1914","Eleutherodactylus","weinlandi",-70.38722,18.75029,"dce00a1f-f6b4-4e11-9771-92c62c40ad80"
"Eleutherodactylus weinlandi Barbour, 1914","Eleutherodactylus","weinlandi",-70.4037,18.921,"dce00a1f-f6b4-4e11-9771-92c62c40ad80"
"Eleutherodactylus weinlandi Barbour, 1914","Eleutherodactylus","weinlandi",-70.6035176,19.1343034,"dce00a1f-f6b4-4e11-9771-92c62c40ad80"
"Eleutherodactylus weinlandi Barbour, 1914","Eleutherodactylus","weinlandi",-70.5362661,19.2365085,"dce00a1f-f6b4-4e11-9771-92c62c40ad80"
"Eleutherodactylus weinlandi Barbour, 1914","Eleutherodactylus","weinlandi",-70.532326,19.2327686,"dce00a1f-f6b4-4e11-9771-92c62c40ad80"
"Eleutherodactylus weinlandi Barbour, 1914","Eleutherodactylus","weinlandi",-70.5160957,19.2625172,"dce00a1f-f6b4-4e11-9771-92c62c40ad80"
"Eleutherodactylus weinlandi Barbour, 1914","Eleutherodactylus","weinlandi",-70.5160957,19.2534776,"dce00a1f-f6b4-4e11-9771-92c62c40ad80"
"Eleutherodactylus weinlandi Barbour, 1914","Eleutherodactylus","weinlandi",-70.5160957,19.2444481,"dce00a1f-f6b4-4e11-9771-92c62c40ad80"
"Eleutherodactylus weinlandi Barbour, 1914","Eleutherodactylus","weinlandi",-70.70879,19.1173541,"dce00a1f-f6b4-4e11-9771-92c62c40ad80"
"Eleutherodactylus weinlandi Barbour, 1914","Eleutherodactylus","weinlandi",-70.5904273,19.2096797,"dce00a1f-f6b4-4e11-9771-92c62c40ad80"
"Eleutherodactylus weinlandi Barbour, 1914","Eleutherodactylus","weinlandi",-70.5827632,19.2340126,"dce00a1f-f6b4-4e11-9771-92c62c40ad80"
"Eleutherodactylus weinlandi Barbour, 1914","Eleutherodactylus","weinlandi",-68.8653882,18.9666921,"dce00a1f-f6b4-4e11-9771-92c62c40ad80"
"Eleutherodactylus weinlandi Barbour, 1914","Eleutherodactylus","weinlandi",-68.6703838,18.8446981,"dce00a1f-f6b4-4e11-9771-92c62c40ad80"
"Eleutherodactylus weinlandi Barbour, 1914","Eleutherodactylus","weinlandi",-68.8808885,18.6807261,"dce00a1f-f6b4-4e11-9771-92c62c40ad80"
"Eleutherodactylus weinlandi Barbour, 1914","Eleutherodactylus","weinlandi",-68.7481855,18.6173792,"dce00a1f-f6b4-4e11-9771-92c62c40ad80"
"Eleutherodactylus weinlandi Barbour, 1914","Eleutherodactylus","weinlandi",-69.3843999,19.0216893,"dce00a1f-f6b4-4e11-9771-92c62c40ad80"
"Eleutherodactylus weinlandi Barbour, 1914","Eleutherodactylus","weinlandi",-69.2660673,19.0173555,"dce00a1f-f6b4-4e11-9771-92c62c40ad80"
"Eleutherodactylus weinlandi Barbour, 1914","Eleutherodactylus","weinlandi",-69.2493968,18.8622271,"dce00a1f-f6b4-4e11-9771-92c62c40ad80"
"Eleutherodactylus weinlandi Barbour, 1914","Eleutherodactylus","weinlandi",-69.466667,19.083332,"dce00a1f-f6b4-4e11-9771-92c62c40ad80"
"Eleutherodactylus weinlandi Barbour, 1914","Eleutherodactylus","weinlandi",-70.5160958,19.6127104,"dce00a1f-f6b4-4e11-9771-92c62c40ad80"
"Eleutherodactylus weinlandi Barbour, 1914","Eleutherodactylus","weinlandi",-70.4685848,19.6673278,"dce00a1f-f6b4-4e11-9771-92c62c40ad80"
"Eleutherodactylus weinlandi Barbour, 1914","Eleutherodactylus","weinlandi",-70.3681525,19.6339395,"dce00a1f-f6b4-4e11-9771-92c62c40ad80"
"Eleutherodactylus weinlandi Barbour, 1914","Eleutherodactylus","weinlandi",-70.4974254,19.5406639,"dce00a1f-f6b4-4e11-9771-92c62c40ad80"
"Eleutherodactylus weinlandi Barbour, 1914","Eleutherodactylus","weinlandi",-70.5034255,19.5106653,"dce00a1f-f6b4-4e11-9771-92c62c40ad80"
"Eleutherodactylus weinlandi Barbour, 1914","Eleutherodactylus","weinlandi",-70.5160958,19.4853965,"dce00a1f-f6b4-4e11-9771-92c62c40ad80"
"Eleutherodactylus weinlandi Barbour, 1914","Eleutherodactylus","weinlandi",-70.4628945,19.454558,"dce00a1f-f6b4-4e11-9771-92c62c40ad80"
"Eleutherodactylus weinlandi Barbour, 1914","Eleutherodactylus","weinlandi",-69.4267909,19.068787,"dce00a1f-f6b4-4e11-9771-92c62c40ad80"
"Eleutherodactylus weinlandi Barbour, 1914","Eleutherodactylus","weinlandi",-70.481425,19.495666,"dce00a1f-f6b4-4e11-9771-92c62c40ad80"
"Eleutherodactylus weinlandi Barbour, 1914","Eleutherodactylus","weinlandi",-69.0662027,18.9840212,"dce00a1f-f6b4-4e11-9771-92c62c40ad80"
"Eleutherodactylus weinlandi Barbour, 1914","Eleutherodactylus","weinlandi",-69.0850632,18.9501029,"dce00a1f-f6b4-4e11-9771-92c62c40ad80"
"Eleutherodactylus weinlandi Barbour, 1914","Eleutherodactylus","weinlandi",-69.034262,18.9696319,"dce00a1f-f6b4-4e11-9771-92c62c40ad80"
"Eleutherodactylus weinlandi Barbour, 1914","Eleutherodactylus","weinlandi",-68.9743906,18.7527025,"dce00a1f-f6b4-4e11-9771-92c62c40ad80"
"Eleutherodactylus weinlandi Barbour, 1914","Eleutherodactylus","weinlandi",-71.5604495,19.2746761,"dce00a1f-f6b4-4e11-9771-92c62c40ad80"
"Eleutherodactylus weinlandi Barbour, 1914","Eleutherodactylus","weinlandi",-71.6164504,18.7277025,"dce00a1f-f6b4-4e11-9771-92c62c40ad80"
"Eleutherodactylus weinlandi Barbour, 1914","Eleutherodactylus","weinlandi",-71.7022325,18.8330273,"dce00a1f-f6b4-4e11-9771-92c62c40ad80"
"Eleutherodactylus weinlandi Barbour, 1914","Eleutherodactylus","weinlandi",-70.0084138,18.5357127,"dce00a1f-f6b4-4e11-9771-92c62c40ad80"
"Eleutherodactylus weinlandi Barbour, 1914","Eleutherodactylus","weinlandi",-72.22432,19.56436,"dce00a1f-f6b4-4e11-9771-92c62c40ad80"
"Eleutherodactylus weinlandi Barbour, 1914","Eleutherodactylus","weinlandi",-72.18333,19.55716,"dce00a1f-f6b4-4e11-9771-92c62c40ad80"
"Eleutherodactylus weinlandi Barbour, 1914","Eleutherodactylus","weinlandi",-72.4635,19.80389,"dce00a1f-f6b4-4e11-9771-92c62c40ad80"
"Eleutherodactylus weinlandi Barbour, 1914","Eleutherodactylus","weinlandi",-71.96717,18.77822,"dce00a1f-f6b4-4e11-9771-92c62c40ad80"
"Eleutherodactylus weinlandi Barbour, 1914","Eleutherodactylus","weinlandi",-71.81423,18.82944,"dce00a1f-f6b4-4e11-9771-92c62c40ad80"
"Eleutherodactylus paralius Schwartz, 1976","Eleutherodactylus","weinlandi",-68.9293895,18.4867155,"dce00a1f-f6b4-4e11-9771-92c62c40ad80"
"Eleutherodactylus paralius Schwartz, 1976","Eleutherodactylus","weinlandi",-68.9660573,18.4173869,"dce00a1f-f6b4-4e11-9771-92c62c40ad80"
"Eleutherodactylus paralius Schwartz, 1976","Eleutherodactylus","weinlandi",-69.82229,18.46667,"dce00a1f-f6b4-4e11-9771-92c62c40ad80"
"Eleutherodactylus paralius Schwartz, 1976","Eleutherodactylus","weinlandi",-69.8994133,18.4673831,"dce00a1f-f6b4-4e11-9771-92c62c40ad80"
"Eleutherodactylus paralius Schwartz, 1976","Eleutherodactylus","weinlandi",-69.489402,18.4187187,"dce00a1f-f6b4-4e11-9771-92c62c40ad80"
"Eleutherodactylus weinlandi Barbour, 1914","Eleutherodactylus","weinlandi",-69.4824022,19.2186797,"dce00a1f-f6b4-4e11-9771-92c62c40ad80"
"Eleutherodactylus weinlandi Barbour, 1914","Eleutherodactylus","weinlandi",-69.3783999,19.1966808,"dce00a1f-f6b4-4e11-9771-92c62c40ad80"
"Eleutherodactylus weinlandi Barbour, 1914","Eleutherodactylus","weinlandi",-69.3593994,19.2406787,"dce00a1f-f6b4-4e11-9771-92c62c40ad80"
"Eleutherodactylus warreni Schwartz, 1976","Eleutherodactylus","warreni",-72.73333,20.016666,"dce00a1f-f6b4-4e11-9771-92c62c40ad80"
"Eleutherodactylus turquinensis Barbour & Shreve, 1937","Eleutherodactylus","turquinensis",-76.83333,19.98333,"dce00a1f-f6b4-4e11-9771-92c62c40ad80"
"Eleutherodactylus cuneatus (Cope, 1862)","Eleutherodactylus","cuneatus",-75.68333,20.11667,"dce00a1f-f6b4-4e11-9771-92c62c40ad80"
"Eleutherodactylus cuneatus (Cope, 1862)","Eleutherodactylus","cuneatus",-75.21667,20.36667,"dce00a1f-f6b4-4e11-9771-92c62c40ad80"
"Eleutherodactylus semipalmatus Shreve, 1936","Eleutherodactylus","semipalmatus",-72.300003,18.416668,"dce00a1f-f6b4-4e11-9771-92c62c40ad80"
"Eleutherodactylus sciagraphus Schwartz, 1973","Eleutherodactylus","sciagraphus",-74.1,18.4986,"dce00a1f-f6b4-4e11-9771-92c62c40ad80"
"Eleutherodactylus schmidti Noble, 1923","Eleutherodactylus","schmidti",-70.89652,19.26505,"dce00a1f-f6b4-4e11-9771-92c62c40ad80"
"Eleutherodactylus schmidti Noble, 1923","Eleutherodactylus","schmidti",-70.40533,18.73304,"dce00a1f-f6b4-4e11-9771-92c62c40ad80"
"Eleutherodactylus schmidti Noble, 1923","Eleutherodactylus","schmidti",-70.4015,18.73669,"dce00a1f-f6b4-4e11-9771-92c62c40ad80"
"Eleutherodactylus schmidti Noble, 1923","Eleutherodactylus","schmidti",-70.52209,19,"dce00a1f-f6b4-4e11-9771-92c62c40ad80"
"Eleutherodactylus schmidti Noble, 1923","Eleutherodactylus","schmidti",-70.52366,19,"dce00a1f-f6b4-4e11-9771-92c62c40ad80"
"Eleutherodactylus schmidti Noble, 1923","Eleutherodactylus","schmidti",-70.791,19.03,"dce00a1f-f6b4-4e11-9771-92c62c40ad80"
"Eleutherodactylus schmidti Noble, 1923","Eleutherodactylus","schmidti",-70.6054276,18.9856905,"dce00a1f-f6b4-4e11-9771-92c62c40ad80"
"Eleutherodactylus schmidti Noble, 1923","Eleutherodactylus","schmidti",-70.575,18.982,"dce00a1f-f6b4-4e11-9771-92c62c40ad80"
"Eleutherodactylus schmidti Noble, 1923","Eleutherodactylus","schmidti",-70.535,18.971,"dce00a1f-f6b4-4e11-9771-92c62c40ad80"
"Eleutherodactylus schmidti Noble, 1923","Eleutherodactylus","schmidti",-70.4955,19.05,"dce00a1f-f6b4-4e11-9771-92c62c40ad80"
"Eleutherodactylus schmidti Noble, 1923","Eleutherodactylus","schmidti",-70.5614266,19.0506874,"dce00a1f-f6b4-4e11-9771-92c62c40ad80"
"Eleutherodactylus schmidti Noble, 1923","Eleutherodactylus","schmidti",-70.6972497,19.0673565,"dce00a1f-f6b4-4e11-9771-92c62c40ad80"
"Eleutherodactylus schmidti Noble, 1923","Eleutherodactylus","schmidti",-70.7447608,19.0673565,"dce00a1f-f6b4-4e11-9771-92c62c40ad80"
"Eleutherodactylus schmidti Noble, 1923","Eleutherodactylus","schmidti",-70.5464263,19.2016801,"dce00a1f-f6b4-4e11-9771-92c62c40ad80"
"Eleutherodactylus schmidti Noble, 1923","Eleutherodactylus","schmidti",-70.566666,19.016666,"dce00a1f-f6b4-4e11-9771-92c62c40ad80"
"Eleutherodactylus schmidti Noble, 1923","Eleutherodactylus","schmidti",-70.70879,19.1173541,"dce00a1f-f6b4-4e11-9771-92c62c40ad80"
"Eleutherodactylus schmidti Noble, 1923","Eleutherodactylus","schmidti",-70.5924274,19.1696817,"dce00a1f-f6b4-4e11-9771-92c62c40ad80"
"Eleutherodactylus schmidti Noble, 1923","Eleutherodactylus","schmidti",-70.6596188,18.9584718,"dce00a1f-f6b4-4e11-9771-92c62c40ad80"
"Eleutherodactylus schmidti Noble, 1923","Eleutherodactylus","schmidti",-70.6500486,18.9675814,"dce00a1f-f6b4-4e11-9771-92c62c40ad80"
"Eleutherodactylus schmidti Noble, 1923","Eleutherodactylus","schmidti",-70.41491,18.98333,"dce00a1f-f6b4-4e11-9771-92c62c40ad80"
"Eleutherodactylus rucillensis Cochran, 1939","Eleutherodactylus","schmidti",-70.41491,18.98333,"dce00a1f-f6b4-4e11-9771-92c62c40ad80"
"Eleutherodactylus schmidti Noble, 1923","Eleutherodactylus","schmidti",-70.5757769,18.9840206,"dce00a1f-f6b4-4e11-9771-92c62c40ad80"
"Eleutherodactylus rucillensis Cochran, 1939","Eleutherodactylus","schmidti",-70.8063921,18.9173637,"dce00a1f-f6b4-4e11-9771-92c62c40ad80"
"Eleutherodactylus rucillensis Cochran, 1939","Eleutherodactylus","schmidti",-70.801372,18.9173637,"dce00a1f-f6b4-4e11-9771-92c62c40ad80"
"Eleutherodactylus rucillensis Cochran, 1939","Eleutherodactylus","schmidti",-70.6994296,18.8206985,"dce00a1f-f6b4-4e11-9771-92c62c40ad80"
"Eleutherodactylus rucillensis Cochran, 1939","Eleutherodactylus","schmidti",-70.6994296,18.8406975,"dce00a1f-f6b4-4e11-9771-92c62c40ad80"
"Eleutherodactylus rucillensis Cochran, 1939","Eleutherodactylus","schmidti",-70.6914294,18.8046993,"dce00a1f-f6b4-4e11-9771-92c62c40ad80"
"Eleutherodactylus schmidti Noble, 1923","Eleutherodactylus","schmidti",-70.4974254,19.5406639,"dce00a1f-f6b4-4e11-9771-92c62c40ad80"
"Eleutherodactylus schmidti Noble, 1923","Eleutherodactylus","schmidti",-70.5160958,19.4853965,"dce00a1f-f6b4-4e11-9771-92c62c40ad80"
"Eleutherodactylus schmidti Noble, 1923","Eleutherodactylus","schmidti",-71.5604495,19.2746761,"dce00a1f-f6b4-4e11-9771-92c62c40ad80"
"Eleutherodactylus schmidti Noble, 1923","Eleutherodactylus","schmidti",-71.6827823,19.2777759,"dce00a1f-f6b4-4e11-9771-92c62c40ad80"
"Eleutherodactylus schmidti Noble, 1923","Eleutherodactylus","schmidti",-71.622231,19.3748313,"dce00a1f-f6b4-4e11-9771-92c62c40ad80"
"Eleutherodactylus schmidti Noble, 1923","Eleutherodactylus","schmidti",-71.6161208,19.2999049,"dce00a1f-f6b4-4e11-9771-92c62c40ad80"
"Eleutherodactylus schmidti Noble, 1923","Eleutherodactylus","schmidti",-71.6161208,19.317974,"dce00a1f-f6b4-4e11-9771-92c62c40ad80"
"Eleutherodactylus schmidti Noble, 1923","Eleutherodactylus","schmidti",-71.1944303,18.0007382,"dce00a1f-f6b4-4e11-9771-92c62c40ad80"
"Eleutherodactylus limbensis Lynn, 1958","Eleutherodactylus","schmidti",-72.23099,19.55442,"dce00a1f-f6b4-4e11-9771-92c62c40ad80"
"Eleutherodactylus limbensis Lynn, 1958","Eleutherodactylus","schmidti",-72.23004,19.56075,"dce00a1f-f6b4-4e11-9771-92c62c40ad80"
"Eleutherodactylus limbensis Lynn, 1958","Eleutherodactylus","schmidti",-72.22432,19.56436,"dce00a1f-f6b4-4e11-9771-92c62c40ad80"
"Eleutherodactylus limbensis Lynn, 1958","Eleutherodactylus","schmidti",-72.18333,19.55716,"dce00a1f-f6b4-4e11-9771-92c62c40ad80"
"Eleutherodactylus limbensis Lynn, 1958","Eleutherodactylus","schmidti",-72.21923,19.5467,"dce00a1f-f6b4-4e11-9771-92c62c40ad80"
"Eleutherodactylus bothroboans Schwartz, 1965","Eleutherodactylus","ruthae",-70.5884273,19.1786812,"dce00a1f-f6b4-4e11-9771-92c62c40ad80"
"Eleutherodactylus bothroboans Schwartz, 1965","Eleutherodactylus","ruthae",-70.5924274,19.1696817,"dce00a1f-f6b4-4e11-9771-92c62c40ad80"
"Eleutherodactylus bothroboans Schwartz, 1965","Eleutherodactylus","ruthae",-70.5934274,19.1606821,"dce00a1f-f6b4-4e11-9771-92c62c40ad80"
"Eleutherodactylus ruthae Noble, 1923","Eleutherodactylus","ruthae",-68.5137702,18.6536175,"dce00a1f-f6b4-4e11-9771-92c62c40ad80"
"Eleutherodactylus ruthae Noble, 1923","Eleutherodactylus","ruthae",-68.6493833,18.7607022,"dce00a1f-f6b4-4e11-9771-92c62c40ad80"
"Eleutherodactylus ruthae Noble, 1923","Eleutherodactylus","ruthae",-68.6450731,18.3840507,"dce00a1f-f6b4-4e11-9771-92c62c40ad80"
"Eleutherodactylus ruthae Noble, 1923","Eleutherodactylus","ruthae",-68.6079922,18.3922803,"dce00a1f-f6b4-4e11-9771-92c62c40ad80"
"Eleutherodactylus ruthae Noble, 1923","Eleutherodactylus","ruthae",-68.6047622,18.3891905,"dce00a1f-f6b4-4e11-9771-92c62c40ad80"
"Eleutherodactylus ruthae Noble, 1923","Eleutherodactylus","ruthae",-69.034262,18.9696319,"dce00a1f-f6b4-4e11-9771-92c62c40ad80"
"Eleutherodactylus aporostegus Schwartz, 1965","Eleutherodactylus","ruthae",-72.62705,18.20338,"dce00a1f-f6b4-4e11-9771-92c62c40ad80"
"Eleutherodactylus aporostegus Schwartz, 1965","Eleutherodactylus","ruthae",-73.866669,18.366667,"dce00a1f-f6b4-4e11-9771-92c62c40ad80"
"Eleutherodactylus aporostegus Schwartz, 1965","Eleutherodactylus","ruthae",-74.2167,18.3,"dce00a1f-f6b4-4e11-9771-92c62c40ad80"
"Eleutherodactylus aporostegus Schwartz, 1965","Eleutherodactylus","ruthae",-73.866669,18.316668,"dce00a1f-f6b4-4e11-9771-92c62c40ad80"
"Eleutherodactylus aporostegus Schwartz, 1965","Eleutherodactylus","ruthae",-72.32708,18.49938,"dce00a1f-f6b4-4e11-9771-92c62c40ad80"
"Eleutherodactylus aporostegus Schwartz, 1965","Eleutherodactylus","ruthae",-73.22997,18.37014,"dce00a1f-f6b4-4e11-9771-92c62c40ad80"
"Eleutherodactylus rufifemoralis Noble & Hassler, 1933","Eleutherodactylus","rufifemoralis",-71.1404391,18.0257371,"dce00a1f-f6b4-4e11-9771-92c62c40ad80"
"Eleutherodactylus richmondi Stejneger, 1904","Eleutherodactylus","richmondi",-66.7574,18.1185,"dce00a1f-f6b4-4e11-9771-92c62c40ad80"
"Eleutherodactylus richmondi Stejneger, 1904","Eleutherodactylus","richmondi",-66.4925,18.255656,"dce00a1f-f6b4-4e11-9771-92c62c40ad80"
"Eleutherodactylus richmondi Stejneger, 1904","Eleutherodactylus","richmondi",-66.4925,18.27457,"dce00a1f-f6b4-4e11-9771-92c62c40ad80"
"Eleutherodactylus richmondi Stejneger, 1904","Eleutherodactylus","richmondi",-66.582473,18.380579,"dce00a1f-f6b4-4e11-9771-92c62c40ad80"
"Eleutherodactylus richmondi Stejneger, 1904","Eleutherodactylus","richmondi",-66.960835,18.204406,"dce00a1f-f6b4-4e11-9771-92c62c40ad80"
"Eleutherodactylus richmondi Stejneger, 1904","Eleutherodactylus","richmondi",-66.960835,18.185432,"dce00a1f-f6b4-4e11-9771-92c62c40ad80"
"Eleutherodactylus richmondi Stejneger, 1904","Eleutherodactylus","richmondi",-66.960835,18.203316,"dce00a1f-f6b4-4e11-9771-92c62c40ad80"
"Eleutherodactylus richmondi Stejneger, 1904","Eleutherodactylus","richmondi",-66.403427,18.181735,"dce00a1f-f6b4-4e11-9771-92c62c40ad80"
"Eleutherodactylus richmondi Stejneger, 1904","Eleutherodactylus","richmondi",-66.403427,18.181409,"dce00a1f-f6b4-4e11-9771-92c62c40ad80"
"Eleutherodactylus richmondi Stejneger, 1904","Eleutherodactylus","richmondi",-66.890688,18.429798,"dce00a1f-f6b4-4e11-9771-92c62c40ad80"
"Eleutherodactylus richmondi Stejneger, 1904","Eleutherodactylus","richmondi",-66.9677,18.4261,"dce00a1f-f6b4-4e11-9771-92c62c40ad80"
"Eleutherodactylus richmondi Stejneger, 1904","Eleutherodactylus","richmondi",-66.598268,18.291462,"dce00a1f-f6b4-4e11-9771-92c62c40ad80"
"Eleutherodactylus richmondi Stejneger, 1904","Eleutherodactylus","richmondi",-65.77056,18.26353,"dce00a1f-f6b4-4e11-9771-92c62c40ad80"
"Eleutherodactylus richmondi Stejneger, 1904","Eleutherodactylus","richmondi",-65.78722,18.297662,"dce00a1f-f6b4-4e11-9771-92c62c40ad80"
"Eleutherodactylus richmondi Stejneger, 1904","Eleutherodactylus","richmondi",-65.776722,18.307569,"dce00a1f-f6b4-4e11-9771-92c62c40ad80"
"Eleutherodactylus richmondi Stejneger, 1904","Eleutherodactylus","richmondi",-67.032783,18.406758,"dce00a1f-f6b4-4e11-9771-92c62c40ad80"
"Eleutherodactylus richmondi Stejneger, 1904","Eleutherodactylus","richmondi",-66.046242,18.143042,"dce00a1f-f6b4-4e11-9771-92c62c40ad80"
"Eleutherodactylus richmondi Stejneger, 1904","Eleutherodactylus","richmondi",-66.565287,18.434492,"dce00a1f-f6b4-4e11-9771-92c62c40ad80"
"Eleutherodactylus richmondi Stejneger, 1904","Eleutherodactylus","richmondi",-65.82583,18.28967,"dce00a1f-f6b4-4e11-9771-92c62c40ad80"
"Eleutherodactylus richmondi Stejneger, 1904","Eleutherodactylus","richmondi",-66.027996,18.050708,"dce00a1f-f6b4-4e11-9771-92c62c40ad80"
"Eleutherodactylus richmondi Stejneger, 1904","Eleutherodactylus","richmondi",-66.740081,17.998613,"dce00a1f-f6b4-4e11-9771-92c62c40ad80"
"Eleutherodactylus richmondi Stejneger, 1904","Eleutherodactylus","richmondi",-66.289272,18.19837,"dce00a1f-f6b4-4e11-9771-92c62c40ad80"
"Eleutherodactylus richmondi Stejneger, 1904","Eleutherodactylus","richmondi",-65.785653,18.298715,"dce00a1f-f6b4-4e11-9771-92c62c40ad80"
"Eleutherodactylus rhodesi Schwartz, 1980","Eleutherodactylus","rhodesi",-72.79512,19.94097,"dce00a1f-f6b4-4e11-9771-92c62c40ad80"
"Eleutherodactylus rhodesi Schwartz, 1980","Eleutherodactylus","rhodesi",-72.816666,19.9,"dce00a1f-f6b4-4e11-9771-92c62c40ad80"
"Eleutherodactylus probolaeus Schwartz, 1965","Eleutherodactylus","probolaeus",-68.6127623,18.3968301,"dce00a1f-f6b4-4e11-9771-92c62c40ad80"
"Eleutherodactylus probolaeus Schwartz, 1965","Eleutherodactylus","probolaeus",-68.6101523,18.3943302,"dce00a1f-f6b4-4e11-9771-92c62c40ad80"
"Eleutherodactylus probolaeus Schwartz, 1965","Eleutherodactylus","probolaeus",-68.6047622,18.3891905,"dce00a1f-f6b4-4e11-9771-92c62c40ad80"
"Eleutherodactylus portoricensis Schmidt, 1927","Eleutherodactylus","portoricensis",-66.7574,18.1185,"dce00a1f-f6b4-4e11-9771-92c62c40ad80"
"Eleutherodactylus portoricensis Schmidt, 1927","Eleutherodactylus","portoricensis",-66.4925,18.255656,"dce00a1f-f6b4-4e11-9771-92c62c40ad80"
"Eleutherodactylus portoricensis Schmidt, 1927","Eleutherodactylus","portoricensis",-66.4925,18.27457,"dce00a1f-f6b4-4e11-9771-92c62c40ad80"
"Eleutherodactylus portoricensis Schmidt, 1927","Eleutherodactylus","portoricensis",-66.4925,18.26003,"dce00a1f-f6b4-4e11-9771-92c62c40ad80"
"Eleutherodactylus portoricensis Schmidt, 1927","Eleutherodactylus","portoricensis",-66.960835,18.203502,"dce00a1f-f6b4-4e11-9771-92c62c40ad80"
"Eleutherodactylus portoricensis Schmidt, 1927","Eleutherodactylus","portoricensis",-66.403427,18.181735,"dce00a1f-f6b4-4e11-9771-92c62c40ad80"
"Eleutherodactylus portoricensis Schmidt, 1927","Eleutherodactylus","portoricensis",-66.398792,18.186465,"dce00a1f-f6b4-4e11-9771-92c62c40ad80"
"Eleutherodactylus portoricensis Schmidt, 1927","Eleutherodactylus","portoricensis",-66.403427,18.181409,"dce00a1f-f6b4-4e11-9771-92c62c40ad80"
"Eleutherodactylus portoricensis Schmidt, 1927","Eleutherodactylus","portoricensis",-65.77056,18.26353,"dce00a1f-f6b4-4e11-9771-92c62c40ad80"
"Eleutherodactylus portoricensis Schmidt, 1927","Eleutherodactylus","portoricensis",-65.78722,18.297662,"dce00a1f-f6b4-4e11-9771-92c62c40ad80"
"Eleutherodactylus portoricensis Schmidt, 1927","Eleutherodactylus","portoricensis",-65.776722,18.307569,"dce00a1f-f6b4-4e11-9771-92c62c40ad80"
"Eleutherodactylus portoricensis Schmidt, 1927","Eleutherodactylus","portoricensis",-66.552652,18.160832,"dce00a1f-f6b4-4e11-9771-92c62c40ad80"
"Eleutherodactylus portoricensis Schmidt, 1927","Eleutherodactylus","portoricensis",-66.573159,18.191258,"dce00a1f-f6b4-4e11-9771-92c62c40ad80"
"Eleutherodactylus portoricensis Schmidt, 1927","Eleutherodactylus","portoricensis",-66.046242,18.143042,"dce00a1f-f6b4-4e11-9771-92c62c40ad80"
"Eleutherodactylus portoricensis Schmidt, 1927","Eleutherodactylus","portoricensis",-66.740081,17.998613,"dce00a1f-f6b4-4e11-9771-92c62c40ad80"
"Eleutherodactylus portoricensis Schmidt, 1927","Eleutherodactylus","portoricensis",-66.289272,18.19837,"dce00a1f-f6b4-4e11-9771-92c62c40ad80"
"Eleutherodactylus portoricensis Schmidt, 1927","Eleutherodactylus","portoricensis",-65.785653,18.298715,"dce00a1f-f6b4-4e11-9771-92c62c40ad80"
"Eleutherodactylus poolei Cochran, 1938","Eleutherodactylus","poolei",-72.23333,19.583332,"dce00a1f-f6b4-4e11-9771-92c62c40ad80"
"Eleutherodactylus wightmanae Schmidt, 1920","Eleutherodactylus","wightmanae",-66.4925,18.27457,"dce00a1f-f6b4-4e11-9771-92c62c40ad80"
"Eleutherodactylus wightmanae Schmidt, 1920","Eleutherodactylus","wightmanae",-66.960835,18.203316,"dce00a1f-f6b4-4e11-9771-92c62c40ad80"
"Eleutherodactylus wightmanae Schmidt, 1920","Eleutherodactylus","wightmanae",-65.77056,18.26353,"dce00a1f-f6b4-4e11-9771-92c62c40ad80"
"Eleutherodactylus wightmanae Schmidt, 1920","Eleutherodactylus","wightmanae",-65.82583,18.28967,"dce00a1f-f6b4-4e11-9771-92c62c40ad80"
"Eleutherodactylus unicolor Stejneger, 1904","Eleutherodactylus","unicolor",-65.79361,18.31389,"dce00a1f-f6b4-4e11-9771-92c62c40ad80"
"Eleutherodactylus pituinus Schwartz, 1965","Eleutherodactylus","pituinus",-70.574,18.685,"dce00a1f-f6b4-4e11-9771-92c62c40ad80"
"Eleutherodactylus pituinus Schwartz, 1965","Eleutherodactylus","pituinus",-70.7604311,18.9306931,"dce00a1f-f6b4-4e11-9771-92c62c40ad80"
"Eleutherodactylus pictissimus Cochran, 1935","Eleutherodactylus","pictissimus",-71.2547126,19.4792965,"dce00a1f-f6b4-4e11-9771-92c62c40ad80"
"Eleutherodactylus pictissimus Cochran, 1935","Eleutherodactylus","pictissimus",-70.46667,18.37763,"dce00a1f-f6b4-4e11-9771-92c62c40ad80"
"Eleutherodactylus pictissimus Cochran, 1935","Eleutherodactylus","pictissimus",-70.3650417,18.2532163,"dce00a1f-f6b4-4e11-9771-92c62c40ad80"
"Eleutherodactylus pictissimus Cochran, 1935","Eleutherodactylus","pictissimus",-71.7494531,18.2237269,"dce00a1f-f6b4-4e11-9771-92c62c40ad80"
"Eleutherodactylus pictissimus Cochran, 1935","Eleutherodactylus","pictissimus",-71.752998,18.169,"dce00a1f-f6b4-4e11-9771-92c62c40ad80"
"Eleutherodactylus pictissimus Cochran, 1935","Eleutherodactylus","pictissimus",-71.749453,18.121312,"dce00a1f-f6b4-4e11-9771-92c62c40ad80"
"Eleutherodactylus pictissimus Cochran, 1935","Eleutherodactylus","pictissimus",-71.6427706,18.0901236,"dce00a1f-f6b4-4e11-9771-92c62c40ad80"
"Eleutherodactylus pictissimus Cochran, 1935","Eleutherodactylus","pictissimus",-71.6494507,18.0837339,"dce00a1f-f6b4-4e11-9771-92c62c40ad80"
"Eleutherodactylus pictissimus Cochran, 1935","Eleutherodactylus","pictissimus",-71.6584509,18.0797341,"dce00a1f-f6b4-4e11-9771-92c62c40ad80"
"Eleutherodactylus pictissimus Cochran, 1935","Eleutherodactylus","pictissimus",-71.5904496,18.4007184,"dce00a1f-f6b4-4e11-9771-92c62c40ad80"
"Eleutherodactylus pictissimus Cochran, 1935","Eleutherodactylus","pictissimus",-71.1944303,18.0007382,"dce00a1f-f6b4-4e11-9771-92c62c40ad80"
"Eleutherodactylus pictissimus Cochran, 1935","Eleutherodactylus","pictissimus",-71.1949803,18.0007382,"dce00a1f-f6b4-4e11-9771-92c62c40ad80"
"Eleutherodactylus pictissimus Cochran, 1935","Eleutherodactylus","pictissimus",-71.1624896,18.0090879,"dce00a1f-f6b4-4e11-9771-92c62c40ad80"
"Eleutherodactylus pictissimus Cochran, 1935","Eleutherodactylus","pictissimus",-71.182774,17.9674069,"dce00a1f-f6b4-4e11-9771-92c62c40ad80"
"Eleutherodactylus pictissimus Cochran, 1935","Eleutherodactylus","pictissimus",-71.0661037,18.4507173,"dce00a1f-f6b4-4e11-9771-92c62c40ad80"
"Eleutherodactylus pictissimus Cochran, 1935","Eleutherodactylus","pictissimus",-71.0734377,18.1777296,"dce00a1f-f6b4-4e11-9771-92c62c40ad80"
"Eleutherodactylus pictissimus Cochran, 1935","Eleutherodactylus","pictissimus",-71.1435493,18.1752397,"dce00a1f-f6b4-4e11-9771-92c62c40ad80"
"Eleutherodactylus pictissimus Cochran, 1935","Eleutherodactylus","pictissimus",-70.766101,18.5298426,"dce00a1f-f6b4-4e11-9771-92c62c40ad80"
"Eleutherodactylus pictissimus Cochran, 1935","Eleutherodactylus","pictissimus",-70.5888669,18.4507165,"dce00a1f-f6b4-4e11-9771-92c62c40ad80"
"Eleutherodactylus pictissimus Cochran, 1935","Eleutherodactylus","pictissimus",-70.5849768,18.4507165,"dce00a1f-f6b4-4e11-9771-92c62c40ad80"
"Eleutherodactylus pictissimus Cochran, 1935","Eleutherodactylus","pictissimus",-71.130439,18.2317269,"dce00a1f-f6b4-4e11-9771-92c62c40ad80"
"Eleutherodactylus pictissimus Cochran, 1935","Eleutherodactylus","pictissimus",-71.849998,18.25,"dce00a1f-f6b4-4e11-9771-92c62c40ad80"
"Eleutherodactylus pictissimus Cochran, 1935","Eleutherodactylus","pictissimus",-72.62705,18.20338,"dce00a1f-f6b4-4e11-9771-92c62c40ad80"
"Eleutherodactylus pictissimus Cochran, 1935","Eleutherodactylus","pictissimus",-72.59395,18.19434,"dce00a1f-f6b4-4e11-9771-92c62c40ad80"
"Eleutherodactylus pictissimus Cochran, 1935","Eleutherodactylus","pictissimus",-72.59405,18.2893,"dce00a1f-f6b4-4e11-9771-92c62c40ad80"
"Eleutherodactylus pictissimus Cochran, 1935","Eleutherodactylus","pictissimus",-72.62232,18.39311,"dce00a1f-f6b4-4e11-9771-92c62c40ad80"
"Eleutherodactylus pictissimus Cochran, 1935","Eleutherodactylus","pictissimus",-72.5845,18.35697,"dce00a1f-f6b4-4e11-9771-92c62c40ad80"
"Eleutherodactylus pictissimus Cochran, 1935","Eleutherodactylus","pictissimus",-73.26667,18.35,"dce00a1f-f6b4-4e11-9771-92c62c40ad80"
"Eleutherodactylus pictissimus Cochran, 1935","Eleutherodactylus","pictissimus",-73.89731,18.05788,"dce00a1f-f6b4-4e11-9771-92c62c40ad80"
"Eleutherodactylus pictissimus Cochran, 1935","Eleutherodactylus","pictissimus",-73.866669,18.366667,"dce00a1f-f6b4-4e11-9771-92c62c40ad80"
"Eleutherodactylus pictissimus Cochran, 1935","Eleutherodactylus","pictissimus",-73.966667,18.283333,"dce00a1f-f6b4-4e11-9771-92c62c40ad80"
"Eleutherodactylus pictissimus Cochran, 1935","Eleutherodactylus","pictissimus",-73.79518,18.24318,"dce00a1f-f6b4-4e11-9771-92c62c40ad80"
"Eleutherodactylus pictissimus Cochran, 1935","Eleutherodactylus","pictissimus",-73.76076,18.21028,"dce00a1f-f6b4-4e11-9771-92c62c40ad80"
"Eleutherodactylus pictissimus Cochran, 1935","Eleutherodactylus","pictissimus",-73.75,18.200001,"dce00a1f-f6b4-4e11-9771-92c62c40ad80"
"Eleutherodactylus pictissimus Cochran, 1935","Eleutherodactylus","pictissimus",-73.86667,18.30763,"dce00a1f-f6b4-4e11-9771-92c62c40ad80"
"Eleutherodactylus pictissimus Cochran, 1935","Eleutherodactylus","pictissimus",-73.6216,18.46562,"dce00a1f-f6b4-4e11-9771-92c62c40ad80"
"Eleutherodactylus pictissimus Cochran, 1935","Eleutherodactylus","pictissimus",-73.638,18.42781,"dce00a1f-f6b4-4e11-9771-92c62c40ad80"
"Eleutherodactylus pictissimus Cochran, 1935","Eleutherodactylus","pictissimus",-73.63762,18.40336,"dce00a1f-f6b4-4e11-9771-92c62c40ad80"
"Eleutherodactylus pictissimus Cochran, 1935","Eleutherodactylus","pictissimus",-73.6322,18.39818,"dce00a1f-f6b4-4e11-9771-92c62c40ad80"
"Eleutherodactylus pictissimus Cochran, 1935","Eleutherodactylus","pictissimus",-73.62792,18.3941,"dce00a1f-f6b4-4e11-9771-92c62c40ad80"
"Eleutherodactylus pictissimus Cochran, 1935","Eleutherodactylus","pictissimus",-73.62571,18.39199,"dce00a1f-f6b4-4e11-9771-92c62c40ad80"
"Eleutherodactylus pictissimus Cochran, 1935","Eleutherodactylus","pictissimus",-73.6225,18.38892,"dce00a1f-f6b4-4e11-9771-92c62c40ad80"
"Eleutherodactylus pictissimus Cochran, 1935","Eleutherodactylus","pictissimus",-73.66419,18.39757,"dce00a1f-f6b4-4e11-9771-92c62c40ad80"
"Eleutherodactylus pictissimus Cochran, 1935","Eleutherodactylus","pictissimus",-73.821,18.41118,"dce00a1f-f6b4-4e11-9771-92c62c40ad80"
"Eleutherodactylus pictissimus Cochran, 1935","Eleutherodactylus","pictissimus",-73.40913,18.28333,"dce00a1f-f6b4-4e11-9771-92c62c40ad80"
"Eleutherodactylus pictissimus Cochran, 1935","Eleutherodactylus","pictissimus",-72.69525,18.35124,"dce00a1f-f6b4-4e11-9771-92c62c40ad80"
"Eleutherodactylus pictissimus Cochran, 1935","Eleutherodactylus","pictissimus",-72.58334,18.33826,"dce00a1f-f6b4-4e11-9771-92c62c40ad80"
"Eleutherodactylus pictissimus Cochran, 1935","Eleutherodactylus","pictissimus",-72.76667,18.433332,"dce00a1f-f6b4-4e11-9771-92c62c40ad80"
"Eleutherodactylus pictissimus Cochran, 1935","Eleutherodactylus","pictissimus",-73.816666,18.433332,"dce00a1f-f6b4-4e11-9771-92c62c40ad80"
"Eleutherodactylus pictissimus Cochran, 1935","Eleutherodactylus","pictissimus",-73.25663,18.36069,"dce00a1f-f6b4-4e11-9771-92c62c40ad80"
"Eleutherodactylus pictissimus Cochran, 1935","Eleutherodactylus","pictissimus",-73.22997,18.37014,"dce00a1f-f6b4-4e11-9771-92c62c40ad80"
"Eleutherodactylus pictissimus Cochran, 1935","Eleutherodactylus","pictissimus",-73.150002,18.416668,"dce00a1f-f6b4-4e11-9771-92c62c40ad80"
"Eleutherodactylus pictissimus Cochran, 1935","Eleutherodactylus","pictissimus",-74.099998,18.516666,"dce00a1f-f6b4-4e11-9771-92c62c40ad80"
"Eleutherodactylus pictissimus Cochran, 1935","Eleutherodactylus","pictissimus",-71.91973,18.81526,"dce00a1f-f6b4-4e11-9771-92c62c40ad80"
"Eleutherodactylus paulsoni Schwartz, 1964","Eleutherodactylus","paulsoni",-72.5845,18.35697,"dce00a1f-f6b4-4e11-9771-92c62c40ad80"
"Eleutherodactylus paulsoni Schwartz, 1964","Eleutherodactylus","paulsoni",-72.60074,18.29569,"dce00a1f-f6b4-4e11-9771-92c62c40ad80"
"Eleutherodactylus paulsoni Schwartz, 1964","Eleutherodactylus","paulsoni",-73.966667,18.283333,"dce00a1f-f6b4-4e11-9771-92c62c40ad80"
"Eleutherodactylus paulsoni Schwartz, 1964","Eleutherodactylus","paulsoni",-73.62688,18.45345,"dce00a1f-f6b4-4e11-9771-92c62c40ad80"
"Eleutherodactylus paulsoni Schwartz, 1964","Eleutherodactylus","paulsoni",-73.638,18.42781,"dce00a1f-f6b4-4e11-9771-92c62c40ad80"
"Eleutherodactylus paulsoni Schwartz, 1964","Eleutherodactylus","paulsoni",-73.63441,18.40029,"dce00a1f-f6b4-4e11-9771-92c62c40ad80"
"Eleutherodactylus paulsoni Schwartz, 1964","Eleutherodactylus","paulsoni",-73.6322,18.39818,"dce00a1f-f6b4-4e11-9771-92c62c40ad80"
"Eleutherodactylus paulsoni Schwartz, 1964","Eleutherodactylus","paulsoni",-73.62571,18.39199,"dce00a1f-f6b4-4e11-9771-92c62c40ad80"
"Eleutherodactylus paulsoni Schwartz, 1964","Eleutherodactylus","paulsoni",-73.62163,18.38809,"dce00a1f-f6b4-4e11-9771-92c62c40ad80"
"Eleutherodactylus paulsoni Schwartz, 1964","Eleutherodactylus","paulsoni",-73.821,18.41118,"dce00a1f-f6b4-4e11-9771-92c62c40ad80"
"Eleutherodactylus paulsoni Schwartz, 1964","Eleutherodactylus","paulsoni",-72.283333,18.516666,"dce00a1f-f6b4-4e11-9771-92c62c40ad80"
"Eleutherodactylus paulsoni Schwartz, 1964","Eleutherodactylus","paulsoni",-74.099998,18.516666,"dce00a1f-f6b4-4e11-9771-92c62c40ad80"
"Eleutherodactylus paulsoni Schwartz, 1964","Eleutherodactylus","paulsoni",-73.79518,18.24318,"dce00a1f-f6b4-4e11-9771-92c62c40ad80"
"Eleutherodactylus paulsoni Schwartz, 1964","Eleutherodactylus","paulsoni",-73.866669,18.316668,"dce00a1f-f6b4-4e11-9771-92c62c40ad80"
"Eleutherodactylus limbatus (Cope, 1862)","Eleutherodactylus","limbatus",-76.83333,19.98333,"dce00a1f-f6b4-4e11-9771-92c62c40ad80"
"Eleutherodactylus patriciae Schwartz, 1965","Eleutherodactylus","patriciae",-70.9661028,19.0506862,"dce00a1f-f6b4-4e11-9771-92c62c40ad80"
"Eleutherodactylus patriciae Schwartz, 1965","Eleutherodactylus","patriciae",-70.9,19.054,"dce00a1f-f6b4-4e11-9771-92c62c40ad80"
"Eleutherodactylus patriciae Schwartz, 1965","Eleutherodactylus","patriciae",-70.59613,18.71695,"dce00a1f-f6b4-4e11-9771-92c62c40ad80"
"Eleutherodactylus patriciae Schwartz, 1965","Eleutherodactylus","patriciae",-70.62296,18.74251,"dce00a1f-f6b4-4e11-9771-92c62c40ad80"
"Eleutherodactylus patriciae Schwartz, 1965","Eleutherodactylus","patriciae",-70.66992,18.78722,"dce00a1f-f6b4-4e11-9771-92c62c40ad80"
"Eleutherodactylus patriciae Schwartz, 1965","Eleutherodactylus","patriciae",-70.683334,18.799999,"dce00a1f-f6b4-4e11-9771-92c62c40ad80"
"Eleutherodactylus patriciae Schwartz, 1965","Eleutherodactylus","patriciae",-70.57195,18.67327,"dce00a1f-f6b4-4e11-9771-92c62c40ad80"
"Eleutherodactylus patriciae Schwartz, 1965","Eleutherodactylus","patriciae",-70.599998,18.700001,"dce00a1f-f6b4-4e11-9771-92c62c40ad80"
"Eleutherodactylus patriciae Schwartz, 1965","Eleutherodactylus","patriciae",-70.6504285,18.7757007,"dce00a1f-f6b4-4e11-9771-92c62c40ad80"
"Eleutherodactylus patriciae Schwartz, 1965","Eleutherodactylus","patriciae",-70.6784291,18.7857002,"dce00a1f-f6b4-4e11-9771-92c62c40ad80"
"Eleutherodactylus patriciae Schwartz, 1965","Eleutherodactylus","patriciae",-70.6864293,18.7956997,"dce00a1f-f6b4-4e11-9771-92c62c40ad80"
"Eleutherodactylus patriciae Schwartz, 1965","Eleutherodactylus","patriciae",-70.65066,18.87512,"dce00a1f-f6b4-4e11-9771-92c62c40ad80"
"Eleutherodactylus patriciae Schwartz, 1965","Eleutherodactylus","patriciae",-70.62612,18.74551,"dce00a1f-f6b4-4e11-9771-92c62c40ad80"
"Eleutherodactylus parapelates Hedges & Thomas, 1987","Eleutherodactylus","parapelates",-74.099998,18.516666,"dce00a1f-f6b4-4e11-9771-92c62c40ad80"
"Eleutherodactylus parabates Schwartz, 1964","Eleutherodactylus","parabates",-71.7800142,18.6929241,"dce00a1f-f6b4-4e11-9771-92c62c40ad80"
"Eleutherodactylus parabates Schwartz, 1964","Eleutherodactylus","parabates",-71.7794541,18.6926441,"dce00a1f-f6b4-4e11-9771-92c62c40ad80"
"Eleutherodactylus parabates Schwartz, 1964","Eleutherodactylus","parabates",-71.7872343,18.6784848,"dce00a1f-f6b4-4e11-9771-92c62c40ad80"
"Eleutherodactylus parabates Schwartz, 1964","Eleutherodactylus","parabates",-71.774454,18.6754249,"dce00a1f-f6b4-4e11-9771-92c62c40ad80"
"Eleutherodactylus parabates Schwartz, 1964","Eleutherodactylus","parabates",-71.7634537,18.6577058,"dce00a1f-f6b4-4e11-9771-92c62c40ad80"
"Eleutherodactylus oxyrhyncus (Duméril & Bibron, 1841)","Eleutherodactylus","oxyrhynchus",-73.63635,18.40214,"dce00a1f-f6b4-4e11-9771-92c62c40ad80"
"Eleutherodactylus oxyrhyncus (Duméril & Bibron, 1841)","Eleutherodactylus","oxyrhynchus",-73.63441,18.40029,"dce00a1f-f6b4-4e11-9771-92c62c40ad80"
"Eleutherodactylus oxyrhyncus (Duméril & Bibron, 1841)","Eleutherodactylus","oxyrhynchus",-73.6322,18.39818,"dce00a1f-f6b4-4e11-9771-92c62c40ad80"
"Eleutherodactylus oxyrhyncus (Duméril & Bibron, 1841)","Eleutherodactylus","oxyrhynchus",-73.62163,18.38809,"dce00a1f-f6b4-4e11-9771-92c62c40ad80"
"Eleutherodactylus oxyrhyncus (Duméril & Bibron, 1841)","Eleutherodactylus","oxyrhynchus",-73.821,18.41118,"dce00a1f-f6b4-4e11-9771-92c62c40ad80"
"Eleutherodactylus oxyrhyncus (Duméril & Bibron, 1841)","Eleutherodactylus","oxyrhynchus",-74.1,18.4986,"dce00a1f-f6b4-4e11-9771-92c62c40ad80"
"Eleutherodactylus oxyrhyncus (Duméril & Bibron, 1841)","Eleutherodactylus","oxyrhynchus",-74.099998,18.516666,"dce00a1f-f6b4-4e11-9771-92c62c40ad80"
"Eleutherodactylus nortoni Schwartz, 1976","Eleutherodactylus","nortoni",-71.7584533,18.1757293,"dce00a1f-f6b4-4e11-9771-92c62c40ad80"
"Eleutherodactylus nortoni Schwartz, 1976","Eleutherodactylus","nortoni",-71.7494531,18.2139674,"dce00a1f-f6b4-4e11-9771-92c62c40ad80"
"Eleutherodactylus minutus Noble, 1923","Eleutherodactylus","minutus",-70.574,18.685,"dce00a1f-f6b4-4e11-9771-92c62c40ad80"
"Eleutherodactylus minutus Noble, 1923","Eleutherodactylus","minutus",-70.52366,19,"dce00a1f-f6b4-4e11-9771-92c62c40ad80"
"Eleutherodactylus minutus Noble, 1923","Eleutherodactylus","minutus",-70.6054276,18.9856905,"dce00a1f-f6b4-4e11-9771-92c62c40ad80"
"Eleutherodactylus minutus Noble, 1923","Eleutherodactylus","minutus",-70.575,18.982,"dce00a1f-f6b4-4e11-9771-92c62c40ad80"
"Eleutherodactylus minutus Noble, 1923","Eleutherodactylus","minutus",-70.566666,19.016666,"dce00a1f-f6b4-4e11-9771-92c62c40ad80"
"Eleutherodactylus minutus Noble, 1923","Eleutherodactylus","minutus",-70.6894294,18.8026994,"dce00a1f-f6b4-4e11-9771-92c62c40ad80"
"Eleutherodactylus minutus Noble, 1923","Eleutherodactylus","minutus",-70.6994296,18.8206985,"dce00a1f-f6b4-4e11-9771-92c62c40ad80"
"Eleutherodactylus minutus Noble, 1923","Eleutherodactylus","minutus",-70.6894294,18.8016994,"dce00a1f-f6b4-4e11-9771-92c62c40ad80"
"Eleutherodactylus minutus Noble, 1923","Eleutherodactylus","minutus",-70.6694289,18.8566967,"dce00a1f-f6b4-4e11-9771-92c62c40ad80"
"Eleutherodactylus minutus Noble, 1923","Eleutherodactylus","minutus",-70.7934318,18.9986898,"dce00a1f-f6b4-4e11-9771-92c62c40ad80"
"Eleutherodactylus minutus Noble, 1923","Eleutherodactylus","minutus",-70.7784315,19.0006897,"dce00a1f-f6b4-4e11-9771-92c62c40ad80"
"Eleutherodactylus locustus Schmidt, 1920","Eleutherodactylus","locustus",-65.82583,18.28967,"dce00a1f-f6b4-4e11-9771-92c62c40ad80"
"Eleutherodactylus armstrongi Noble & Hassler, 1933","Eleutherodactylus","armstrongi",-71.136439,18.0307368,"dce00a1f-f6b4-4e11-9771-92c62c40ad80"
"Eleutherodactylus locustus Schmidt, 1920","Eleutherodactylus","locustus",-66.4925,18.255656,"dce00a1f-f6b4-4e11-9771-92c62c40ad80"
"Eleutherodactylus locustus Schmidt, 1920","Eleutherodactylus","locustus",-65.776722,18.307569,"dce00a1f-f6b4-4e11-9771-92c62c40ad80"
"Eleutherodactylus locustus Schmidt, 1920","Eleutherodactylus","locustus",-66.038655,18.160571,"dce00a1f-f6b4-4e11-9771-92c62c40ad80"
"Eleutherodactylus locustus Schmidt, 1920","Eleutherodactylus","locustus",-66.046242,18.143042,"dce00a1f-f6b4-4e11-9771-92c62c40ad80"
"Eleutherodactylus locustus Schmidt, 1920","Eleutherodactylus","locustus",-66.068187,18.169503,"dce00a1f-f6b4-4e11-9771-92c62c40ad80"
"Eleutherodactylus locustus Schmidt, 1920","Eleutherodactylus","locustus",-65.82583,18.32249,"dce00a1f-f6b4-4e11-9771-92c62c40ad80"
"Eleutherodactylus locustus Schmidt, 1920","Eleutherodactylus","locustus",-66.027996,18.050708,"dce00a1f-f6b4-4e11-9771-92c62c40ad80"
"Eleutherodactylus locustus Schmidt, 1920","Eleutherodactylus","locustus",-66.740081,17.998613,"dce00a1f-f6b4-4e11-9771-92c62c40ad80"
"Eleutherodactylus locustus Schmidt, 1920","Eleutherodactylus","locustus",-65.785653,18.298715,"dce00a1f-f6b4-4e11-9771-92c62c40ad80"
"Eleutherodactylus leoncei Shreve & Williams, 1963","Eleutherodactylus","leoncei",-71.65309,18.32666,"dce00a1f-f6b4-4e11-9771-92c62c40ad80"
"Eleutherodactylus leoncei Shreve & Williams, 1963","Eleutherodactylus","leoncei",-71.65978,18.32027,"dce00a1f-f6b4-4e11-9771-92c62c40ad80"
"Eleutherodactylus leoncei Shreve & Williams, 1963","Eleutherodactylus","leoncei",-71.67984,18.30111,"dce00a1f-f6b4-4e11-9771-92c62c40ad80"
"Eleutherodactylus leoncei Shreve & Williams, 1963","Eleutherodactylus","leoncei",-71.69321,18.28833,"dce00a1f-f6b4-4e11-9771-92c62c40ad80"
"Eleutherodactylus leoncei Shreve & Williams, 1963","Eleutherodactylus","leoncei",-71.6999,18.28194,"dce00a1f-f6b4-4e11-9771-92c62c40ad80"
"Eleutherodactylus leoncei Shreve & Williams, 1963","Eleutherodactylus","leoncei",-71.7004521,18.325722,"dce00a1f-f6b4-4e11-9771-92c62c40ad80"
"Eleutherodactylus leoncei Shreve & Williams, 1963","Eleutherodactylus","leoncei",-71.6744515,18.3317217,"dce00a1f-f6b4-4e11-9771-92c62c40ad80"
"Eleutherodactylus leoncei Shreve & Williams, 1963","Eleutherodactylus","leoncei",-71.6854517,18.3277219,"dce00a1f-f6b4-4e11-9771-92c62c40ad80"
"Eleutherodactylus leoncei Shreve & Williams, 1963","Eleutherodactylus","leoncei",-71.703,18.303,"dce00a1f-f6b4-4e11-9771-92c62c40ad80"
"Eleutherodactylus leoncei Shreve & Williams, 1963","Eleutherodactylus","leoncei",-71.71,18.294,"dce00a1f-f6b4-4e11-9771-92c62c40ad80"
"Eleutherodactylus leoncei Shreve & Williams, 1963","Eleutherodactylus","leoncei",-71.71327,18.26917,"dce00a1f-f6b4-4e11-9771-92c62c40ad80"
"Eleutherodactylus leoncei Shreve & Williams, 1963","Eleutherodactylus","leoncei",-71.71719,18.26542,"dce00a1f-f6b4-4e11-9771-92c62c40ad80"
"Eleutherodactylus leoncei Shreve & Williams, 1963","Eleutherodactylus","leoncei",-71.64197,18.27197,"dce00a1f-f6b4-4e11-9771-92c62c40ad80"
"Eleutherodactylus leoncei Shreve & Williams, 1963","Eleutherodactylus","leoncei",-71.80034,18.2375,"dce00a1f-f6b4-4e11-9771-92c62c40ad80"
"Eleutherodactylus leoncei Shreve & Williams, 1963","Eleutherodactylus","leoncei",-71.724,18.278,"dce00a1f-f6b4-4e11-9771-92c62c40ad80"
"Eleutherodactylus leoncei Shreve & Williams, 1963","Eleutherodactylus","leoncei",-71.72,18.284,"dce00a1f-f6b4-4e11-9771-92c62c40ad80"
"Eleutherodactylus leoncei Shreve & Williams, 1963","Eleutherodactylus","leoncei",-71.699452,18.1895086,"dce00a1f-f6b4-4e11-9771-92c62c40ad80"
"Eleutherodactylus leoncei Shreve & Williams, 1963","Eleutherodactylus","leoncei",-71.7284527,18.2667248,"dce00a1f-f6b4-4e11-9771-92c62c40ad80"
"Eleutherodactylus leoncei Shreve & Williams, 1963","Eleutherodactylus","leoncei",-71.7285827,18.2668948,"dce00a1f-f6b4-4e11-9771-92c62c40ad80"
"Eleutherodactylus leoncei Shreve & Williams, 1963","Eleutherodactylus","leoncei",-71.7294527,18.2803242,"dce00a1f-f6b4-4e11-9771-92c62c40ad80"
"Eleutherodactylus leoncei Shreve & Williams, 1963","Eleutherodactylus","leoncei",-71.699452,18.2758944,"dce00a1f-f6b4-4e11-9771-92c62c40ad80"
"Eleutherodactylus leoncei Shreve & Williams, 1963","Eleutherodactylus","leoncei",-71.6994521,18.3521207,"dce00a1f-f6b4-4e11-9771-92c62c40ad80"
"Eleutherodactylus leoncei Shreve & Williams, 1963","Eleutherodactylus","leoncei",-71.1404391,18.0257371,"dce00a1f-f6b4-4e11-9771-92c62c40ad80"
"Eleutherodactylus leoncei Shreve & Williams, 1963","Eleutherodactylus","leoncei",-71.849998,18.299999,"dce00a1f-f6b4-4e11-9771-92c62c40ad80"
"Eleutherodactylus leoncei Shreve & Williams, 1963","Eleutherodactylus","leoncei",-71.71673,18.26381,"dce00a1f-f6b4-4e11-9771-92c62c40ad80"
"Eleutherodactylus leoncei Shreve & Williams, 1963","Eleutherodactylus","leoncei",-71.787781,18.331667,"dce00a1f-f6b4-4e11-9771-92c62c40ad80"
"Eleutherodactylus lamprotes Schwartz, 1973","Eleutherodactylus","lamprotes",-74.033333,18.383333,"dce00a1f-f6b4-4e11-9771-92c62c40ad80"
"Eleutherodactylus counouspeus Schwartz, 1964","Eleutherodactylus","counouspeus",-73.6322,18.39818,"dce00a1f-f6b4-4e11-9771-92c62c40ad80"
"Eleutherodactylus counouspeus Schwartz, 1964","Eleutherodactylus","counouspeus",-73.65757,18.39938,"dce00a1f-f6b4-4e11-9771-92c62c40ad80"
"Eleutherodactylus counouspeus Schwartz, 1964","Eleutherodactylus","counouspeus",-74.199997,18.633333,"dce00a1f-f6b4-4e11-9771-92c62c40ad80"
"Eleutherodactylus counouspeus Schwartz, 1964","Eleutherodactylus","counouspeus",-74.099998,18.516666,"dce00a1f-f6b4-4e11-9771-92c62c40ad80"
"Eleutherodactylus jugans Cochran, 1937","Eleutherodactylus","jugans",-71.7285827,18.2668948,"dce00a1f-f6b4-4e11-9771-92c62c40ad80"
"Eleutherodactylus karlschmidti Grant, 1931","Eleutherodactylus","karlschmidti",-66.403427,18.181735,"dce00a1f-f6b4-4e11-9771-92c62c40ad80"
"Eleutherodactylus karlschmidti Grant, 1931","Eleutherodactylus","karlschmidti",-65.77056,18.26353,"dce00a1f-f6b4-4e11-9771-92c62c40ad80"
"Eleutherodactylus karlschmidti Grant, 1931","Eleutherodactylus","karlschmidti",-65.776722,18.307569,"dce00a1f-f6b4-4e11-9771-92c62c40ad80"
"Eleutherodactylus karlschmidti Grant, 1931","Eleutherodactylus","karlschmidti",-66.046242,18.143042,"dce00a1f-f6b4-4e11-9771-92c62c40ad80"
"Eleutherodactylus karlschmidti Grant, 1931","Eleutherodactylus","karlschmidti",-65.826107,18.361613,"dce00a1f-f6b4-4e11-9771-92c62c40ad80"
"Eleutherodactylus karlschmidti Grant, 1931","Eleutherodactylus","karlschmidti",-66.740081,17.998613,"dce00a1f-f6b4-4e11-9771-92c62c40ad80"
"Eleutherodactylus karlschmidti Grant, 1931","Eleutherodactylus","karlschmidti",-65.785653,18.298715,"dce00a1f-f6b4-4e11-9771-92c62c40ad80"
"Eleutherodactylus jugans Cochran, 1937","Eleutherodactylus","jugans",-71.699452,18.3069529,"dce00a1f-f6b4-4e11-9771-92c62c40ad80"
"Eleutherodactylus jugans Cochran, 1937","Eleutherodactylus","jugans",-71.71327,18.26917,"dce00a1f-f6b4-4e11-9771-92c62c40ad80"
"Eleutherodactylus jugans Cochran, 1937","Eleutherodactylus","jugans",-71.71611,18.26645,"dce00a1f-f6b4-4e11-9771-92c62c40ad80"
"Eleutherodactylus jugans Cochran, 1937","Eleutherodactylus","jugans",-71.71719,18.26542,"dce00a1f-f6b4-4e11-9771-92c62c40ad80"
"Eleutherodactylus jugans Cochran, 1937","Eleutherodactylus","jugans",-71.6994521,18.3521207,"dce00a1f-f6b4-4e11-9771-92c62c40ad80"
"Eleutherodactylus inoptatus (Barbour, 1914)","Eleutherodactylus","inoptatus",-72.300003,18.416668,"dce00a1f-f6b4-4e11-9771-92c62c40ad80"
"Eleutherodactylus jasperi Drewry & Jones, 1976","Eleutherodactylus","jasperi",-66.046965,18.141372,"dce00a1f-f6b4-4e11-9771-92c62c40ad80"
"Eleutherodactylus jasperi Drewry & Jones, 1976","Eleutherodactylus","jasperi",-66.118727,18.054315,"dce00a1f-f6b4-4e11-9771-92c62c40ad80"
"Eleutherodactylus inoptatus (Barbour, 1914)","Eleutherodactylus","inoptatus",-71.169,19.499,"dce00a1f-f6b4-4e11-9771-92c62c40ad80"
"Eleutherodactylus inoptatus (Barbour, 1914)","Eleutherodactylus","inoptatus",-70.89652,19.26505,"dce00a1f-f6b4-4e11-9771-92c62c40ad80"
"Eleutherodactylus inoptatus (Barbour, 1914)","Eleutherodactylus","inoptatus",-70.28012,18.51667,"dce00a1f-f6b4-4e11-9771-92c62c40ad80"
"Eleutherodactylus inoptatus (Barbour, 1914)","Eleutherodactylus","inoptatus",-70.2127984,18.4634961,"dce00a1f-f6b4-4e11-9771-92c62c40ad80"
"Eleutherodactylus inoptatus (Barbour, 1914)","Eleutherodactylus","inoptatus",-70.1593575,19.0942955,"dce00a1f-f6b4-4e11-9771-92c62c40ad80"
"Eleutherodactylus inoptatus (Barbour, 1914)","Eleutherodactylus","inoptatus",-70.1214166,19.0396881,"dce00a1f-f6b4-4e11-9771-92c62c40ad80"
"Eleutherodactylus inoptatus (Barbour, 1914)","Eleutherodactylus","inoptatus",-69.3523993,19.2216796,"dce00a1f-f6b4-4e11-9771-92c62c40ad80"
"Eleutherodactylus inoptatus (Barbour, 1914)","Eleutherodactylus","inoptatus",-70.4814251,19.7196553,"dce00a1f-f6b4-4e11-9771-92c62c40ad80"
"Eleutherodactylus inoptatus (Barbour, 1914)","Eleutherodactylus","inoptatus",-70.478425,19.7316548,"dce00a1f-f6b4-4e11-9771-92c62c40ad80"
"Eleutherodactylus inoptatus (Barbour, 1914)","Eleutherodactylus","inoptatus",-71.72,18.267,"dce00a1f-f6b4-4e11-9771-92c62c40ad80"
"Eleutherodactylus inoptatus (Barbour, 1914)","Eleutherodactylus","inoptatus",-71.762,18.166,"dce00a1f-f6b4-4e11-9771-92c62c40ad80"
"Eleutherodactylus inoptatus (Barbour, 1914)","Eleutherodactylus","inoptatus",-71.7327827,18.1673977,"dce00a1f-f6b4-4e11-9771-92c62c40ad80"
"Eleutherodactylus inoptatus (Barbour, 1914)","Eleutherodactylus","inoptatus",-71.68653,18.20528,"dce00a1f-f6b4-4e11-9771-92c62c40ad80"
"Eleutherodactylus inoptatus (Barbour, 1914)","Eleutherodactylus","inoptatus",-71.7584533,18.1757293,"dce00a1f-f6b4-4e11-9771-92c62c40ad80"
"Eleutherodactylus inoptatus (Barbour, 1914)","Eleutherodactylus","inoptatus",-71.701,18.28,"dce00a1f-f6b4-4e11-9771-92c62c40ad80"
"Eleutherodactylus inoptatus (Barbour, 1914)","Eleutherodactylus","inoptatus",-71.71719,18.26542,"dce00a1f-f6b4-4e11-9771-92c62c40ad80"
"Eleutherodactylus inoptatus (Barbour, 1914)","Eleutherodactylus","inoptatus",-71.72042,18.26234,"dce00a1f-f6b4-4e11-9771-92c62c40ad80"
"Eleutherodactylus inoptatus (Barbour, 1914)","Eleutherodactylus","inoptatus",-71.72664,18.25639,"dce00a1f-f6b4-4e11-9771-92c62c40ad80"
"Eleutherodactylus inoptatus (Barbour, 1914)","Eleutherodactylus","inoptatus",-71.73333,18.25,"dce00a1f-f6b4-4e11-9771-92c62c40ad80"
"Eleutherodactylus inoptatus (Barbour, 1914)","Eleutherodactylus","inoptatus",-71.6193901,18.1124825,"dce00a1f-f6b4-4e11-9771-92c62c40ad80"
"Eleutherodactylus inoptatus (Barbour, 1914)","Eleutherodactylus","inoptatus",-71.6360904,18.0965132,"dce00a1f-f6b4-4e11-9771-92c62c40ad80"
"Eleutherodactylus inoptatus (Barbour, 1914)","Eleutherodactylus","inoptatus",-71.7494531,18.2139674,"dce00a1f-f6b4-4e11-9771-92c62c40ad80"
"Eleutherodactylus inoptatus (Barbour, 1914)","Eleutherodactylus","inoptatus",-69.99655,18.7475,"dce00a1f-f6b4-4e11-9771-92c62c40ad80"
"Eleutherodactylus inoptatus (Barbour, 1914)","Eleutherodactylus","inoptatus",-70.0504149,18.8266985,"dce00a1f-f6b4-4e11-9771-92c62c40ad80"
"Eleutherodactylus inoptatus (Barbour, 1914)","Eleutherodactylus","inoptatus",-71.70612,19.6564,"dce00a1f-f6b4-4e11-9771-92c62c40ad80"
"Eleutherodactylus inoptatus (Barbour, 1914)","Eleutherodactylus","inoptatus",-70.38722,18.75029,"dce00a1f-f6b4-4e11-9771-92c62c40ad80"
"Eleutherodactylus inoptatus (Barbour, 1914)","Eleutherodactylus","inoptatus",-69.8827413,19.2992757,"dce00a1f-f6b4-4e11-9771-92c62c40ad80"
"Eleutherodactylus inoptatus (Barbour, 1914)","Eleutherodactylus","inoptatus",-69.8660799,19.3173428,"dce00a1f-f6b4-4e11-9771-92c62c40ad80"
"Eleutherodactylus inoptatus (Barbour, 1914)","Eleutherodactylus","inoptatus",-69.78333,19.23546,"dce00a1f-f6b4-4e11-9771-92c62c40ad80"
"Eleutherodactylus inoptatus (Barbour, 1914)","Eleutherodactylus","inoptatus",-69.8994118,19.5906317,"dce00a1f-f6b4-4e11-9771-92c62c40ad80"
"Eleutherodactylus inoptatus (Barbour, 1914)","Eleutherodactylus","inoptatus",-70.4955,19.05,"dce00a1f-f6b4-4e11-9771-92c62c40ad80"
"Eleutherodactylus inoptatus (Barbour, 1914)","Eleutherodactylus","inoptatus",-70.5464263,19.2016801,"dce00a1f-f6b4-4e11-9771-92c62c40ad80"
"Eleutherodactylus inoptatus (Barbour, 1914)","Eleutherodactylus","inoptatus",-70.550003,19.166668,"dce00a1f-f6b4-4e11-9771-92c62c40ad80"
"Eleutherodactylus inoptatus (Barbour, 1914)","Eleutherodactylus","inoptatus",-70.566666,19.016666,"dce00a1f-f6b4-4e11-9771-92c62c40ad80"
"Eleutherodactylus inoptatus (Barbour, 1914)","Eleutherodactylus","inoptatus",-70.5924274,19.1696817,"dce00a1f-f6b4-4e11-9771-92c62c40ad80"
"Eleutherodactylus inoptatus (Barbour, 1914)","Eleutherodactylus","inoptatus",-70.5934274,19.1606821,"dce00a1f-f6b4-4e11-9771-92c62c40ad80"
"Eleutherodactylus inoptatus (Barbour, 1914)","Eleutherodactylus","inoptatus",-70.6596188,18.9584718,"dce00a1f-f6b4-4e11-9771-92c62c40ad80"
"Eleutherodactylus inoptatus (Barbour, 1914)","Eleutherodactylus","inoptatus",-68.908389,18.4867156,"dce00a1f-f6b4-4e11-9771-92c62c40ad80"
"Eleutherodactylus inoptatus (Barbour, 1914)","Eleutherodactylus","inoptatus",-71.5604495,19.2746761,"dce00a1f-f6b4-4e11-9771-92c62c40ad80"
"Eleutherodactylus inoptatus (Barbour, 1914)","Eleutherodactylus","inoptatus",-71.716,18.776,"dce00a1f-f6b4-4e11-9771-92c62c40ad80"
"Eleutherodactylus inoptatus (Barbour, 1914)","Eleutherodactylus","inoptatus",-68.6493833,18.7607022,"dce00a1f-f6b4-4e11-9771-92c62c40ad80"
"Eleutherodactylus inoptatus (Barbour, 1914)","Eleutherodactylus","inoptatus",-68.8808885,18.6807261,"dce00a1f-f6b4-4e11-9771-92c62c40ad80"
"Eleutherodactylus inoptatus (Barbour, 1914)","Eleutherodactylus","inoptatus",-68.6047622,18.3891905,"dce00a1f-f6b4-4e11-9771-92c62c40ad80"
"Eleutherodactylus inoptatus (Barbour, 1914)","Eleutherodactylus","inoptatus",-69.3843999,19.0216893,"dce00a1f-f6b4-4e11-9771-92c62c40ad80"
"Eleutherodactylus inoptatus (Barbour, 1914)","Eleutherodactylus","inoptatus",-69.2660673,19.0173555,"dce00a1f-f6b4-4e11-9771-92c62c40ad80"
"Eleutherodactylus inoptatus (Barbour, 1914)","Eleutherodactylus","inoptatus",-69.2493968,18.8622271,"dce00a1f-f6b4-4e11-9771-92c62c40ad80"
"Eleutherodactylus inoptatus (Barbour, 1914)","Eleutherodactylus","inoptatus",-70.9394355,19.5656625,"dce00a1f-f6b4-4e11-9771-92c62c40ad80"
"Eleutherodactylus inoptatus (Barbour, 1914)","Eleutherodactylus","inoptatus",-70.4974254,19.5406639,"dce00a1f-f6b4-4e11-9771-92c62c40ad80"
"Eleutherodactylus inoptatus (Barbour, 1914)","Eleutherodactylus","inoptatus",-70.5034255,19.5106653,"dce00a1f-f6b4-4e11-9771-92c62c40ad80"
"Eleutherodactylus inoptatus (Barbour, 1914)","Eleutherodactylus","inoptatus",-70.5160958,19.4853965,"dce00a1f-f6b4-4e11-9771-92c62c40ad80"
"Eleutherodactylus inoptatus (Barbour, 1914)","Eleutherodactylus","inoptatus",-69.0850632,18.9501029,"dce00a1f-f6b4-4e11-9771-92c62c40ad80"
"Eleutherodactylus inoptatus (Barbour, 1914)","Eleutherodactylus","inoptatus",-69.034262,18.9696319,"dce00a1f-f6b4-4e11-9771-92c62c40ad80"
"Eleutherodactylus inoptatus (Barbour, 1914)","Eleutherodactylus","inoptatus",-69.0364221,18.9716918,"dce00a1f-f6b4-4e11-9771-92c62c40ad80"
"Eleutherodactylus inoptatus (Barbour, 1914)","Eleutherodactylus","inoptatus",-69.0693928,18.8896958,"dce00a1f-f6b4-4e11-9771-92c62c40ad80"
"Eleutherodactylus inoptatus (Barbour, 1914)","Eleutherodactylus","inoptatus",-71.7904544,18.6887043,"dce00a1f-f6b4-4e11-9771-92c62c40ad80"
"Eleutherodactylus inoptatus (Barbour, 1914)","Eleutherodactylus","inoptatus",-71.6994523,18.7197028,"dce00a1f-f6b4-4e11-9771-92c62c40ad80"
"Eleutherodactylus inoptatus (Barbour, 1914)","Eleutherodactylus","inoptatus",-71.719,18.776,"dce00a1f-f6b4-4e11-9771-92c62c40ad80"
"Eleutherodactylus inoptatus (Barbour, 1914)","Eleutherodactylus","inoptatus",-71.7022324,18.7788199,"dce00a1f-f6b4-4e11-9771-92c62c40ad80"
"Eleutherodactylus inoptatus (Barbour, 1914)","Eleutherodactylus","inoptatus",-70.2800903,19.3015454,"dce00a1f-f6b4-4e11-9771-92c62c40ad80"
"Eleutherodactylus inoptatus (Barbour, 1914)","Eleutherodactylus","inoptatus",-70.1596976,19.2859562,"dce00a1f-f6b4-4e11-9771-92c62c40ad80"
"Eleutherodactylus inoptatus (Barbour, 1914)","Eleutherodactylus","inoptatus",-70.1599276,19.2414984,"dce00a1f-f6b4-4e11-9771-92c62c40ad80"
"Eleutherodactylus inoptatus (Barbour, 1914)","Eleutherodactylus","inoptatus",-71.6827823,19.2777759,"dce00a1f-f6b4-4e11-9771-92c62c40ad80"
"Eleutherodactylus inoptatus (Barbour, 1914)","Eleutherodactylus","inoptatus",-71.6155008,19.381221,"dce00a1f-f6b4-4e11-9771-92c62c40ad80"
"Eleutherodactylus inoptatus (Barbour, 1914)","Eleutherodactylus","inoptatus",-71.622231,19.3748313,"dce00a1f-f6b4-4e11-9771-92c62c40ad80"
"Eleutherodactylus inoptatus (Barbour, 1914)","Eleutherodactylus","inoptatus",-71.4732476,19.4839962,"dce00a1f-f6b4-4e11-9771-92c62c40ad80"
"Eleutherodactylus inoptatus (Barbour, 1914)","Eleutherodactylus","inoptatus",-71.5684998,19.4839961,"dce00a1f-f6b4-4e11-9771-92c62c40ad80"
"Eleutherodactylus inoptatus (Barbour, 1914)","Eleutherodactylus","inoptatus",-71.5303989,19.4839961,"dce00a1f-f6b4-4e11-9771-92c62c40ad80"
"Eleutherodactylus inoptatus (Barbour, 1914)","Eleutherodactylus","inoptatus",-71.6161208,19.3360432,"dce00a1f-f6b4-4e11-9771-92c62c40ad80"
"Eleutherodactylus inoptatus (Barbour, 1914)","Eleutherodactylus","inoptatus",-71.6161209,19.4354084,"dce00a1f-f6b4-4e11-9771-92c62c40ad80"
"Eleutherodactylus inoptatus (Barbour, 1914)","Eleutherodactylus","inoptatus",-71.2390513,18.0007382,"dce00a1f-f6b4-4e11-9771-92c62c40ad80"
"Eleutherodactylus inoptatus (Barbour, 1914)","Eleutherodactylus","inoptatus",-71.2474416,18.1587305,"dce00a1f-f6b4-4e11-9771-92c62c40ad80"
"Eleutherodactylus inoptatus (Barbour, 1914)","Eleutherodactylus","inoptatus",-71.2827724,18.126902,"dce00a1f-f6b4-4e11-9771-92c62c40ad80"
"Eleutherodactylus inoptatus (Barbour, 1914)","Eleutherodactylus","inoptatus",-71.2827724,18.1094528,"dce00a1f-f6b4-4e11-9771-92c62c40ad80"
"Eleutherodactylus inoptatus (Barbour, 1914)","Eleutherodactylus","inoptatus",-71.0661037,18.4507173,"dce00a1f-f6b4-4e11-9771-92c62c40ad80"
"Eleutherodactylus inoptatus (Barbour, 1914)","Eleutherodactylus","inoptatus",-71.2327711,17.9278518,"dce00a1f-f6b4-4e11-9771-92c62c40ad80"
"Eleutherodactylus inoptatus (Barbour, 1914)","Eleutherodactylus","inoptatus",-71.1940703,17.9392113,"dce00a1f-f6b4-4e11-9771-92c62c40ad80"
"Eleutherodactylus inoptatus (Barbour, 1914)","Eleutherodactylus","inoptatus",-71.0762177,18.1170726,"dce00a1f-f6b4-4e11-9771-92c62c40ad80"
"Eleutherodactylus inoptatus (Barbour, 1914)","Eleutherodactylus","inoptatus",-71.08431,18.12354,"dce00a1f-f6b4-4e11-9771-92c62c40ad80"
"Eleutherodactylus inoptatus (Barbour, 1914)","Eleutherodactylus","inoptatus",-71.2544418,18.1337317,"dce00a1f-f6b4-4e11-9771-92c62c40ad80"
"Eleutherodactylus inoptatus (Barbour, 1914)","Eleutherodactylus","inoptatus",-71.1404391,18.0257371,"dce00a1f-f6b4-4e11-9771-92c62c40ad80"
"Eleutherodactylus inoptatus (Barbour, 1914)","Eleutherodactylus","inoptatus",-71.136439,18.0307368,"dce00a1f-f6b4-4e11-9771-92c62c40ad80"
"Eleutherodactylus inoptatus (Barbour, 1914)","Eleutherodactylus","inoptatus",-71.849998,18.25,"dce00a1f-f6b4-4e11-9771-92c62c40ad80"
"Eleutherodactylus inoptatus (Barbour, 1914)","Eleutherodactylus","inoptatus",-72.30721,18.34627,"dce00a1f-f6b4-4e11-9771-92c62c40ad80"
"Eleutherodactylus inoptatus (Barbour, 1914)","Eleutherodactylus","inoptatus",-72.62705,18.20338,"dce00a1f-f6b4-4e11-9771-92c62c40ad80"
"Eleutherodactylus inoptatus (Barbour, 1914)","Eleutherodactylus","inoptatus",-73.26667,18.35,"dce00a1f-f6b4-4e11-9771-92c62c40ad80"
"Eleutherodactylus inoptatus (Barbour, 1914)","Eleutherodactylus","inoptatus",-73.89731,18.05788,"dce00a1f-f6b4-4e11-9771-92c62c40ad80"
"Eleutherodactylus inoptatus (Barbour, 1914)","Eleutherodactylus","inoptatus",-73.866669,18.366667,"dce00a1f-f6b4-4e11-9771-92c62c40ad80"
"Eleutherodactylus inoptatus (Barbour, 1914)","Eleutherodactylus","inoptatus",-73.63762,18.40336,"dce00a1f-f6b4-4e11-9771-92c62c40ad80"
"Eleutherodactylus inoptatus (Barbour, 1914)","Eleutherodactylus","inoptatus",-73.63441,18.40029,"dce00a1f-f6b4-4e11-9771-92c62c40ad80"
"Eleutherodactylus inoptatus (Barbour, 1914)","Eleutherodactylus","inoptatus",-73.6322,18.39818,"dce00a1f-f6b4-4e11-9771-92c62c40ad80"
"Eleutherodactylus inoptatus (Barbour, 1914)","Eleutherodactylus","inoptatus",-73.6225,18.38892,"dce00a1f-f6b4-4e11-9771-92c62c40ad80"
"Eleutherodactylus inoptatus (Barbour, 1914)","Eleutherodactylus","inoptatus",-73.866669,18.316668,"dce00a1f-f6b4-4e11-9771-92c62c40ad80"
"Eleutherodactylus inoptatus (Barbour, 1914)","Eleutherodactylus","inoptatus",-72.283333,18.450001,"dce00a1f-f6b4-4e11-9771-92c62c40ad80"
"Eleutherodactylus inoptatus (Barbour, 1914)","Eleutherodactylus","inoptatus",-73.26667,19.85,"dce00a1f-f6b4-4e11-9771-92c62c40ad80"
"Eleutherodactylus inoptatus (Barbour, 1914)","Eleutherodactylus","inoptatus",-72.73333,20.016666,"dce00a1f-f6b4-4e11-9771-92c62c40ad80"
"Eleutherodactylus inoptatus (Barbour, 1914)","Eleutherodactylus","inoptatus",-72.49053,19.62262,"dce00a1f-f6b4-4e11-9771-92c62c40ad80"
"Eleutherodactylus inoptatus (Barbour, 1914)","Eleutherodactylus","inoptatus",-72.18333,19.55716,"dce00a1f-f6b4-4e11-9771-92c62c40ad80"
"Eleutherodactylus inoptatus (Barbour, 1914)","Eleutherodactylus","inoptatus",-72.23333,19.51527,"dce00a1f-f6b4-4e11-9771-92c62c40ad80"
"Eleutherodactylus inoptatus (Barbour, 1914)","Eleutherodactylus","inoptatus",-72.21923,19.5467,"dce00a1f-f6b4-4e11-9771-92c62c40ad80"
"Eleutherodactylus inoptatus (Barbour, 1914)","Eleutherodactylus","inoptatus",-73.25663,18.36069,"dce00a1f-f6b4-4e11-9771-92c62c40ad80"
"Eleutherodactylus inoptatus (Barbour, 1914)","Eleutherodactylus","inoptatus",-73.24901,18.36142,"dce00a1f-f6b4-4e11-9771-92c62c40ad80"
"Eleutherodactylus inoptatus (Barbour, 1914)","Eleutherodactylus","inoptatus",-74.22092,18.64097,"dce00a1f-f6b4-4e11-9771-92c62c40ad80"
"Eleutherodactylus inoptatus (Barbour, 1914)","Eleutherodactylus","inoptatus",-74.099998,18.516666,"dce00a1f-f6b4-4e11-9771-92c62c40ad80"
"Eleutherodactylus inoptatus (Barbour, 1914)","Eleutherodactylus","inoptatus",-72.1,18.77518,"dce00a1f-f6b4-4e11-9771-92c62c40ad80"
"Eleutherodactylus inoptatus (Barbour, 1914)","Eleutherodactylus","inoptatus",-72.50173,19.48333,"dce00a1f-f6b4-4e11-9771-92c62c40ad80"
"Eleutherodactylus hypostenor Schwartz, 1965","Eleutherodactylus","hypostenor",-71.7554533,18.2247269,"dce00a1f-f6b4-4e11-9771-92c62c40ad80"
"Eleutherodactylus hypostenor Schwartz, 1965","Eleutherodactylus","hypostenor",-71.7494531,18.2139674,"dce00a1f-f6b4-4e11-9771-92c62c40ad80"
"Eleutherodactylus hypostenor Schwartz, 1965","Eleutherodactylus","hypostenor",-71.2794423,18.1117327,"dce00a1f-f6b4-4e11-9771-92c62c40ad80"
"Eleutherodactylus hypostenor Schwartz, 1965","Eleutherodactylus","hypostenor",-71.263442,18.1317318,"dce00a1f-f6b4-4e11-9771-92c62c40ad80"
"Eleutherodactylus hypostenor Schwartz, 1965","Eleutherodactylus","hypostenor",-71.0762177,18.1170726,"dce00a1f-f6b4-4e11-9771-92c62c40ad80"
"Eleutherodactylus hypostenor Schwartz, 1965","Eleutherodactylus","hypostenor",-71.08431,18.12354,"dce00a1f-f6b4-4e11-9771-92c62c40ad80"
"Eleutherodactylus hypostenor Schwartz, 1965","Eleutherodactylus","hypostenor",-71.2827724,18.126902,"dce00a1f-f6b4-4e11-9771-92c62c40ad80"
"Eleutherodactylus hypostenor Schwartz, 1965","Eleutherodactylus","hypostenor",-71.2827724,18.1094528,"dce00a1f-f6b4-4e11-9771-92c62c40ad80"
"Eleutherodactylus hypostenor Schwartz, 1965","Eleutherodactylus","hypostenor",-71.2544418,18.1337317,"dce00a1f-f6b4-4e11-9771-92c62c40ad80"
"Eleutherodactylus heminota Shreve & Williams, 1963","Eleutherodactylus","heminota",-71.1404391,18.0257371,"dce00a1f-f6b4-4e11-9771-92c62c40ad80"
"Eleutherodactylus heminota Shreve & Williams, 1963","Eleutherodactylus","heminota",-72.300003,18.299999,"dce00a1f-f6b4-4e11-9771-92c62c40ad80"
"Eleutherodactylus heminota Shreve & Williams, 1963","Eleutherodactylus","heminota",-73.966667,18.283333,"dce00a1f-f6b4-4e11-9771-92c62c40ad80"
"Eleutherodactylus heminota Shreve & Williams, 1963","Eleutherodactylus","heminota",-73.76076,18.21028,"dce00a1f-f6b4-4e11-9771-92c62c40ad80"
"Eleutherodactylus heminota Shreve & Williams, 1963","Eleutherodactylus","heminota",-72.26667,18.433332,"dce00a1f-f6b4-4e11-9771-92c62c40ad80"
"Eleutherodactylus heminota Shreve & Williams, 1963","Eleutherodactylus","heminota",-72.300003,18.416668,"dce00a1f-f6b4-4e11-9771-92c62c40ad80"
"Eleutherodactylus heminota Shreve & Williams, 1963","Eleutherodactylus","heminota",-72.58334,18.33535,"dce00a1f-f6b4-4e11-9771-92c62c40ad80"
"Eleutherodactylus heminota Shreve & Williams, 1963","Eleutherodactylus","heminota",-72.58334,18.33826,"dce00a1f-f6b4-4e11-9771-92c62c40ad80"
"Eleutherodactylus heminota Shreve & Williams, 1963","Eleutherodactylus","heminota",-73.26424,18.35996,"dce00a1f-f6b4-4e11-9771-92c62c40ad80"
"Eleutherodactylus heminota Shreve & Williams, 1963","Eleutherodactylus","heminota",-73.25663,18.36069,"dce00a1f-f6b4-4e11-9771-92c62c40ad80"
"Eleutherodactylus heminota Shreve & Williams, 1963","Eleutherodactylus","heminota",-74.099998,18.516666,"dce00a1f-f6b4-4e11-9771-92c62c40ad80"
"Eleutherodactylus haitianus Barbour, 1942","Eleutherodactylus","haitianus",-70.9661028,19.0506862,"dce00a1f-f6b4-4e11-9771-92c62c40ad80"
"Eleutherodactylus haitianus Barbour, 1942","Eleutherodactylus","haitianus",-70.9,19.054,"dce00a1f-f6b4-4e11-9771-92c62c40ad80"
"Eleutherodactylus haitianus Barbour, 1942","Eleutherodactylus","haitianus",-70.59613,18.71695,"dce00a1f-f6b4-4e11-9771-92c62c40ad80"
"Eleutherodactylus haitianus Barbour, 1942","Eleutherodactylus","haitianus",-70.60955,18.72973,"dce00a1f-f6b4-4e11-9771-92c62c40ad80"
"Eleutherodactylus haitianus Barbour, 1942","Eleutherodactylus","haitianus",-70.62296,18.74251,"dce00a1f-f6b4-4e11-9771-92c62c40ad80"
"Eleutherodactylus haitianus Barbour, 1942","Eleutherodactylus","haitianus",-70.58726,18.7085,"dce00a1f-f6b4-4e11-9771-92c62c40ad80"
"Eleutherodactylus haitianus Barbour, 1942","Eleutherodactylus","haitianus",-70.59266,18.71364,"dce00a1f-f6b4-4e11-9771-92c62c40ad80"
"Eleutherodactylus haitianus Barbour, 1942","Eleutherodactylus","haitianus",-70.62612,18.74551,"dce00a1f-f6b4-4e11-9771-92c62c40ad80"
"Eleutherodactylus haitianus Barbour, 1942","Eleutherodactylus","haitianus",-70.66992,18.78722,"dce00a1f-f6b4-4e11-9771-92c62c40ad80"
"Eleutherodactylus haitianus Barbour, 1942","Eleutherodactylus","haitianus",-70.62296,18.85749,"dce00a1f-f6b4-4e11-9771-92c62c40ad80"
"Eleutherodactylus haitianus Barbour, 1942","Eleutherodactylus","haitianus",-70.65066,18.87512,"dce00a1f-f6b4-4e11-9771-92c62c40ad80"
"Eleutherodactylus haitianus Barbour, 1942","Eleutherodactylus","haitianus",-70.67244,18.82504,"dce00a1f-f6b4-4e11-9771-92c62c40ad80"
"Eleutherodactylus haitianus Barbour, 1942","Eleutherodactylus","haitianus",-70.683334,18.799999,"dce00a1f-f6b4-4e11-9771-92c62c40ad80"
"Eleutherodactylus haitianus Barbour, 1942","Eleutherodactylus","haitianus",-70.599998,18.700001,"dce00a1f-f6b4-4e11-9771-92c62c40ad80"
"Eleutherodactylus haitianus Barbour, 1942","Eleutherodactylus","haitianus",-70.57195,18.67327,"dce00a1f-f6b4-4e11-9771-92c62c40ad80"
"Eleutherodactylus haitianus Barbour, 1942","Eleutherodactylus","haitianus",-70.6784291,18.7857002,"dce00a1f-f6b4-4e11-9771-92c62c40ad80"
"Eleutherodactylus haitianus Barbour, 1942","Eleutherodactylus","haitianus",-70.6864293,18.7956997,"dce00a1f-f6b4-4e11-9771-92c62c40ad80"
"Eleutherodactylus haitianus Barbour, 1942","Eleutherodactylus","haitianus",-70.6894294,18.8006994,"dce00a1f-f6b4-4e11-9771-92c62c40ad80"
"Eleutherodactylus haitianus Barbour, 1942","Eleutherodactylus","haitianus",-70.6894294,18.8026994,"dce00a1f-f6b4-4e11-9771-92c62c40ad80"
"Eleutherodactylus haitianus Barbour, 1942","Eleutherodactylus","haitianus",-70.6914294,18.8046993,"dce00a1f-f6b4-4e11-9771-92c62c40ad80"
"Eleutherodactylus haitianus Barbour, 1942","Eleutherodactylus","haitianus",-70.6994296,18.8206985,"dce00a1f-f6b4-4e11-9771-92c62c40ad80"
"Eleutherodactylus haitianus Barbour, 1942","Eleutherodactylus","haitianus",-70.6994296,18.8406975,"dce00a1f-f6b4-4e11-9771-92c62c40ad80"
"Eleutherodactylus haitianus Barbour, 1942","Eleutherodactylus","haitianus",-70.6914294,18.8486971,"dce00a1f-f6b4-4e11-9771-92c62c40ad80"
"Eleutherodactylus gundlachi Schmidt, 1920","Eleutherodactylus","gundlachi",-76.83333,19.98333,"dce00a1f-f6b4-4e11-9771-92c62c40ad80"
"Eleutherodactylus gundlachi Schmidt, 1920","Eleutherodactylus","gundlachi",-75.68333,20.11667,"dce00a1f-f6b4-4e11-9771-92c62c40ad80"
"Eleutherodactylus gryllus Schmidt, 1920","Eleutherodactylus","gryllus",-66.4925,18.255656,"dce00a1f-f6b4-4e11-9771-92c62c40ad80"
"Eleutherodactylus gryllus Schmidt, 1920","Eleutherodactylus","gryllus",-66.4925,18.27457,"dce00a1f-f6b4-4e11-9771-92c62c40ad80"
"Eleutherodactylus gryllus Schmidt, 1920","Eleutherodactylus","gryllus",-66.7574,18.1185,"dce00a1f-f6b4-4e11-9771-92c62c40ad80"
"Eleutherodactylus gryllus Schmidt, 1920","Eleutherodactylus","gryllus",-66.960835,18.203502,"dce00a1f-f6b4-4e11-9771-92c62c40ad80"
"Eleutherodactylus gryllus Schmidt, 1920","Eleutherodactylus","gryllus",-66.398792,18.186465,"dce00a1f-f6b4-4e11-9771-92c62c40ad80"
"Eleutherodactylus gryllus Schmidt, 1920","Eleutherodactylus","gryllus",-65.77056,18.26353,"dce00a1f-f6b4-4e11-9771-92c62c40ad80"
"Eleutherodactylus gryllus Schmidt, 1920","Eleutherodactylus","gryllus",-66.552652,18.160832,"dce00a1f-f6b4-4e11-9771-92c62c40ad80"
"Eleutherodactylus gryllus Schmidt, 1920","Eleutherodactylus","gryllus",-65.82583,18.28967,"dce00a1f-f6b4-4e11-9771-92c62c40ad80"
"Eleutherodactylus gryllus Schmidt, 1920","Eleutherodactylus","gryllus",-65.785653,18.298715,"dce00a1f-f6b4-4e11-9771-92c62c40ad80"
"Eleutherodactylus eneidae Rivero, 1959","Eleutherodactylus","eneidae",-65.785653,18.298715,"dce00a1f-f6b4-4e11-9771-92c62c40ad80"
"Eleutherodactylus auriculatoides Noble, 1923","Eleutherodactylus","auriculatoides",-70.5757769,18.9840206,"dce00a1f-f6b4-4e11-9771-92c62c40ad80"
"Eleutherodactylus atkinsi Dunn, 1925","Eleutherodactylus","atkinsi",-75.1257124,19.9274428,"dce00a1f-f6b4-4e11-9771-92c62c40ad80"
"Eleutherodactylus antillensis (Reinhardt & Lütken, 1863)","Eleutherodactylus","antillensis",-67.133995,18.134716,"dce00a1f-f6b4-4e11-9771-92c62c40ad80"
"Eleutherodactylus abbotti Cochran, 1923","Eleutherodactylus","abbotti",-72.300003,18.416668,"dce00a1f-f6b4-4e11-9771-92c62c40ad80"
"Eleutherodactylus eneidae Rivero, 1959","Eleutherodactylus","eneidae",-66.4925,18.27457,"dce00a1f-f6b4-4e11-9771-92c62c40ad80"
"Eleutherodactylus abbotti Cochran, 1923","Eleutherodactylus","abbotti",-71.2827724,18.126902,"dce00a1f-f6b4-4e11-9771-92c62c40ad80"
"Eleutherodactylus abbotti Cochran, 1923","Eleutherodactylus","abbotti",-71.2827724,18.1094528,"dce00a1f-f6b4-4e11-9771-92c62c40ad80"
"Eleutherodactylus glandulifer Cochran, 1935","Eleutherodactylus","glandulifer",-74.1,18.4986,"dce00a1f-f6b4-4e11-9771-92c62c40ad80"
"Eleutherodactylus flavescens Noble, 1923","Eleutherodactylus","flavescens",-70.4974254,19.5406639,"dce00a1f-f6b4-4e11-9771-92c62c40ad80"
"Eleutherodactylus furcyensis Shreve & Williams, 1963","Eleutherodactylus","furcyensis",-71.19,18.278,"dce00a1f-f6b4-4e11-9771-92c62c40ad80"
"Eleutherodactylus furcyensis Shreve & Williams, 1963","Eleutherodactylus","furcyensis",-71.732,18.257,"dce00a1f-f6b4-4e11-9771-92c62c40ad80"
"Eleutherodactylus furcyensis Shreve & Williams, 1963","Eleutherodactylus","furcyensis",-71.735,18.246,"dce00a1f-f6b4-4e11-9771-92c62c40ad80"
"Eleutherodactylus furcyensis Shreve & Williams, 1963","Eleutherodactylus","furcyensis",-71.7127223,18.2315566,"dce00a1f-f6b4-4e11-9771-92c62c40ad80"
"Eleutherodactylus furcyensis Shreve & Williams, 1963","Eleutherodactylus","furcyensis",-71.7554533,18.2247269,"dce00a1f-f6b4-4e11-9771-92c62c40ad80"
"Eleutherodactylus furcyensis Shreve & Williams, 1963","Eleutherodactylus","furcyensis",-71.6999,18.28194,"dce00a1f-f6b4-4e11-9771-92c62c40ad80"
"Eleutherodactylus furcyensis Shreve & Williams, 1963","Eleutherodactylus","furcyensis",-71.71327,18.26917,"dce00a1f-f6b4-4e11-9771-92c62c40ad80"
"Eleutherodactylus furcyensis Shreve & Williams, 1963","Eleutherodactylus","furcyensis",-71.71611,18.26645,"dce00a1f-f6b4-4e11-9771-92c62c40ad80"
"Eleutherodactylus furcyensis Shreve & Williams, 1963","Eleutherodactylus","furcyensis",-71.72042,18.26234,"dce00a1f-f6b4-4e11-9771-92c62c40ad80"
"Eleutherodactylus furcyensis Shreve & Williams, 1963","Eleutherodactylus","furcyensis",-71.6994521,18.3521207,"dce00a1f-f6b4-4e11-9771-92c62c40ad80"
"Eleutherodactylus furcyensis Shreve & Williams, 1963","Eleutherodactylus","furcyensis",-72.26667,18.433332,"dce00a1f-f6b4-4e11-9771-92c62c40ad80"
"Eleutherodactylus furcyensis Shreve & Williams, 1963","Eleutherodactylus","furcyensis",-72.26393,18.41684,"dce00a1f-f6b4-4e11-9771-92c62c40ad80"
"Eleutherodactylus furcyensis Shreve & Williams, 1963","Eleutherodactylus","furcyensis",-72.26402,18.41748,"dce00a1f-f6b4-4e11-9771-92c62c40ad80"
"Eleutherodactylus furcyensis Shreve & Williams, 1963","Eleutherodactylus","furcyensis",-72.300003,18.416668,"dce00a1f-f6b4-4e11-9771-92c62c40ad80"
"Eleutherodactylus abbotti Cochran, 1923","Eleutherodactylus","abbotti",-71.2474416,18.1587305,"dce00a1f-f6b4-4e11-9771-92c62c40ad80"
"Eleutherodactylus abbotti Cochran, 1923","Eleutherodactylus","abbotti",-71.2544418,18.1337317,"dce00a1f-f6b4-4e11-9771-92c62c40ad80"
"Eleutherodactylus abbotti Cochran, 1923","Eleutherodactylus","abbotti",-69.034262,18.9696319,"dce00a1f-f6b4-4e11-9771-92c62c40ad80"
"Eleutherodactylus abbotti Cochran, 1923","Eleutherodactylus","abbotti",-69.0245418,18.9603824,"dce00a1f-f6b4-4e11-9771-92c62c40ad80"
"Eleutherodactylus fowleri Schwartz, 1973","Eleutherodactylus","fowleri",-71.71719,18.26542,"dce00a1f-f6b4-4e11-9771-92c62c40ad80"
"Eleutherodactylus fowleri Schwartz, 1973","Eleutherodactylus","fowleri",-71.72042,18.26234,"dce00a1f-f6b4-4e11-9771-92c62c40ad80"
"Eleutherodactylus flavescens Noble, 1923","Eleutherodactylus","flavescens",-70.6466508,19.5924413,"dce00a1f-f6b4-4e11-9771-92c62c40ad80"
"Eleutherodactylus flavescens Noble, 1923","Eleutherodactylus","flavescens",-69.096001,18.449,"dce00a1f-f6b4-4e11-9771-92c62c40ad80"
"Eleutherodactylus flavescens Noble, 1923","Eleutherodactylus","flavescens",-69.4711316,18.4674663,"dce00a1f-f6b4-4e11-9771-92c62c40ad80"
"Eleutherodactylus flavescens Noble, 1923","Eleutherodactylus","flavescens",-70.28012,18.51667,"dce00a1f-f6b4-4e11-9771-92c62c40ad80"
"Eleutherodactylus flavescens Noble, 1923","Eleutherodactylus","flavescens",-70.2931302,18.5401523,"dce00a1f-f6b4-4e11-9771-92c62c40ad80"
"Eleutherodactylus flavescens Noble, 1923","Eleutherodactylus","flavescens",-69.4704019,19.21368,"dce00a1f-f6b4-4e11-9771-92c62c40ad80"
"Eleutherodactylus flavescens Noble, 1923","Eleutherodactylus","flavescens",-69.3523993,19.2216796,"dce00a1f-f6b4-4e11-9771-92c62c40ad80"
"Eleutherodactylus flavescens Noble, 1923","Eleutherodactylus","flavescens",-70.4814251,19.7196553,"dce00a1f-f6b4-4e11-9771-92c62c40ad80"
"Eleutherodactylus flavescens Noble, 1923","Eleutherodactylus","flavescens",-70.5160959,19.7673191,"dce00a1f-f6b4-4e11-9771-92c62c40ad80"
"Eleutherodactylus flavescens Noble, 1923","Eleutherodactylus","flavescens",-70.038,18.824,"dce00a1f-f6b4-4e11-9771-92c62c40ad80"
"Eleutherodactylus flavescens Noble, 1923","Eleutherodactylus","flavescens",-70.01667,18.766666,"dce00a1f-f6b4-4e11-9771-92c62c40ad80"
"Eleutherodactylus flavescens Noble, 1923","Eleutherodactylus","flavescens",-69.68733,19.00963,"dce00a1f-f6b4-4e11-9771-92c62c40ad80"
"Eleutherodactylus flavescens Noble, 1923","Eleutherodactylus","flavescens",-70.0404147,18.8226987,"dce00a1f-f6b4-4e11-9771-92c62c40ad80"
"Eleutherodactylus flavescens Noble, 1923","Eleutherodactylus","flavescens",-70.40533,18.73304,"dce00a1f-f6b4-4e11-9771-92c62c40ad80"
"Eleutherodactylus flavescens Noble, 1923","Eleutherodactylus","flavescens",-70.4015,18.73669,"dce00a1f-f6b4-4e11-9771-92c62c40ad80"
"Eleutherodactylus flavescens Noble, 1923","Eleutherodactylus","flavescens",-70.52209,19,"dce00a1f-f6b4-4e11-9771-92c62c40ad80"
"Eleutherodactylus flavescens Noble, 1923","Eleutherodactylus","flavescens",-70.576617,19.1598621,"dce00a1f-f6b4-4e11-9771-92c62c40ad80"
"Eleutherodactylus flavescens Noble, 1923","Eleutherodactylus","flavescens",-68.908389,18.4867156,"dce00a1f-f6b4-4e11-9771-92c62c40ad80"
"Eleutherodactylus flavescens Noble, 1923","Eleutherodactylus","flavescens",-68.7619258,18.6173792,"dce00a1f-f6b4-4e11-9771-92c62c40ad80"
"Eleutherodactylus flavescens Noble, 1923","Eleutherodactylus","flavescens",-68.6095024,18.8242291,"dce00a1f-f6b4-4e11-9771-92c62c40ad80"
"Eleutherodactylus flavescens Noble, 1923","Eleutherodactylus","flavescens",-68.6885941,18.6276587,"dce00a1f-f6b4-4e11-9771-92c62c40ad80"
"Eleutherodactylus hedricki Rivero, 1963","Eleutherodactylus","hedricki",-66.574033,18.190912,"dce00a1f-f6b4-4e11-9771-92c62c40ad80"
"Eleutherodactylus flavescens Noble, 1923","Eleutherodactylus","flavescens",-68.6450731,18.3840507,"dce00a1f-f6b4-4e11-9771-92c62c40ad80"
"Eleutherodactylus flavescens Noble, 1923","Eleutherodactylus","flavescens",-68.6261426,18.4096094,"dce00a1f-f6b4-4e11-9771-92c62c40ad80"
"Eleutherodactylus flavescens Noble, 1923","Eleutherodactylus","flavescens",-68.6127623,18.3968301,"dce00a1f-f6b4-4e11-9771-92c62c40ad80"
"Eleutherodactylus flavescens Noble, 1923","Eleutherodactylus","flavescens",-68.6101523,18.3943302,"dce00a1f-f6b4-4e11-9771-92c62c40ad80"
"Eleutherodactylus flavescens Noble, 1923","Eleutherodactylus","flavescens",-68.6047622,18.3891905,"dce00a1f-f6b4-4e11-9771-92c62c40ad80"
"Eleutherodactylus flavescens Noble, 1923","Eleutherodactylus","flavescens",-69.3063982,19.027689,"dce00a1f-f6b4-4e11-9771-92c62c40ad80"
"Eleutherodactylus flavescens Noble, 1923","Eleutherodactylus","flavescens",-69.2493968,18.8622271,"dce00a1f-f6b4-4e11-9771-92c62c40ad80"
"Eleutherodactylus flavescens Noble, 1923","Eleutherodactylus","flavescens",-70.9394355,19.5656625,"dce00a1f-f6b4-4e11-9771-92c62c40ad80"
"Eleutherodactylus flavescens Noble, 1923","Eleutherodactylus","flavescens",-70.5160958,19.4853965,"dce00a1f-f6b4-4e11-9771-92c62c40ad80"
"Eleutherodactylus flavescens Noble, 1923","Eleutherodactylus","flavescens",-69.0850632,18.9501029,"dce00a1f-f6b4-4e11-9771-92c62c40ad80"
"Eleutherodactylus flavescens Noble, 1923","Eleutherodactylus","flavescens",-69.034262,18.9696319,"dce00a1f-f6b4-4e11-9771-92c62c40ad80"
"Eleutherodactylus flavescens Noble, 1923","Eleutherodactylus","flavescens",-70.1596976,19.2859562,"dce00a1f-f6b4-4e11-9771-92c62c40ad80"
"Eleutherodactylus flavescens Noble, 1923","Eleutherodactylus","flavescens",-69.8511302,18.4673861,"dce00a1f-f6b4-4e11-9771-92c62c40ad80"
"Eleutherodactylus eunaster Schwartz, 1973","Eleutherodactylus","eunaster",-74.099998,18.516666,"dce00a1f-f6b4-4e11-9771-92c62c40ad80"
"Eleutherodactylus eunaster Schwartz, 1973","Eleutherodactylus","eunaster",-74.1,18.4986,"dce00a1f-f6b4-4e11-9771-92c62c40ad80"
"Eleutherodactylus eneidae Rivero, 1959","Eleutherodactylus","eneidae",-66.7574,18.1185,"dce00a1f-f6b4-4e11-9771-92c62c40ad80"
"Eleutherodactylus eneidae Rivero, 1959","Eleutherodactylus","eneidae",-66.7231,18.1609,"dce00a1f-f6b4-4e11-9771-92c62c40ad80"
"Eleutherodactylus eneidae Rivero, 1959","Eleutherodactylus","eneidae",-66.4925,18.255656,"dce00a1f-f6b4-4e11-9771-92c62c40ad80"
"Eleutherodactylus eneidae Rivero, 1959","Eleutherodactylus","eneidae",-66.960835,18.204406,"dce00a1f-f6b4-4e11-9771-92c62c40ad80"
"Eleutherodactylus eneidae Rivero, 1959","Eleutherodactylus","eneidae",-66.960835,18.203316,"dce00a1f-f6b4-4e11-9771-92c62c40ad80"
"Eleutherodactylus eneidae Rivero, 1959","Eleutherodactylus","eneidae",-66.403427,18.181735,"dce00a1f-f6b4-4e11-9771-92c62c40ad80"
"Eleutherodactylus eneidae Rivero, 1959","Eleutherodactylus","eneidae",-66.491019,18.296101,"dce00a1f-f6b4-4e11-9771-92c62c40ad80"
"Eleutherodactylus eneidae Rivero, 1959","Eleutherodactylus","eneidae",-66.598268,18.291462,"dce00a1f-f6b4-4e11-9771-92c62c40ad80"
"Eleutherodactylus eneidae Rivero, 1959","Eleutherodactylus","eneidae",-65.77056,18.26353,"dce00a1f-f6b4-4e11-9771-92c62c40ad80"
"Eleutherodactylus eneidae Rivero, 1959","Eleutherodactylus","eneidae",-65.78722,18.297662,"dce00a1f-f6b4-4e11-9771-92c62c40ad80"
"Eleutherodactylus eneidae Rivero, 1959","Eleutherodactylus","eneidae",-65.776722,18.307569,"dce00a1f-f6b4-4e11-9771-92c62c40ad80"
"Eleutherodactylus eneidae Rivero, 1959","Eleutherodactylus","eneidae",-66.552652,18.160832,"dce00a1f-f6b4-4e11-9771-92c62c40ad80"
"Eleutherodactylus eneidae Rivero, 1959","Eleutherodactylus","eneidae",-66.555487,18.160832,"dce00a1f-f6b4-4e11-9771-92c62c40ad80"
"Eleutherodactylus eneidae Rivero, 1959","Eleutherodactylus","eneidae",-66.046242,18.143042,"dce00a1f-f6b4-4e11-9771-92c62c40ad80"
"Eleutherodactylus eneidae Rivero, 1959","Eleutherodactylus","eneidae",-66.289272,18.19837,"dce00a1f-f6b4-4e11-9771-92c62c40ad80"
"Eleutherodactylus dimidiatus (Cope, 1862)","Eleutherodactylus","dimidiatus",-75.68333,20.11667,"dce00a1f-f6b4-4e11-9771-92c62c40ad80"
"Eleutherodactylus abbotti Cochran, 1923","Eleutherodactylus","abbotti",-71.68653,18.20528,"dce00a1f-f6b4-4e11-9771-92c62c40ad80"
"Eleutherodactylus abbotti Cochran, 1923","Eleutherodactylus","abbotti",-70.6596188,18.9584718,"dce00a1f-f6b4-4e11-9771-92c62c40ad80"
"Eleutherodactylus abbotti Cochran, 1923","Eleutherodactylus","abbotti",-71.7872343,18.6784848,"dce00a1f-f6b4-4e11-9771-92c62c40ad80"
"Eleutherodactylus abbotti Cochran, 1923","Eleutherodactylus","abbotti",-71.0564382,19.7296546,"dce00a1f-f6b4-4e11-9771-92c62c40ad80"
"Eleutherodactylus abbotti Cochran, 1923","Eleutherodactylus","abbotti",-71.0564382,19.7236549,"dce00a1f-f6b4-4e11-9771-92c62c40ad80"
"Eleutherodactylus abbotti Cochran, 1923","Eleutherodactylus","abbotti",-70.6466508,19.5924413,"dce00a1f-f6b4-4e11-9771-92c62c40ad80"
"Eleutherodactylus abbotti Cochran, 1923","Eleutherodactylus","abbotti",-70.6440087,19.5955212,"dce00a1f-f6b4-4e11-9771-92c62c40ad80"
"Eleutherodactylus abbotti Cochran, 1923","Eleutherodactylus","abbotti",-70.89652,19.26505,"dce00a1f-f6b4-4e11-9771-92c62c40ad80"
"Eleutherodactylus abbotti Cochran, 1923","Eleutherodactylus","abbotti",-70.1593575,19.0942955,"dce00a1f-f6b4-4e11-9771-92c62c40ad80"
"Eleutherodactylus abbotti Cochran, 1923","Eleutherodactylus","abbotti",-69.096001,18.449,"dce00a1f-f6b4-4e11-9771-92c62c40ad80"
"Eleutherodactylus abbotti Cochran, 1923","Eleutherodactylus","abbotti",-71.3991254,18.6507063,"dce00a1f-f6b4-4e11-9771-92c62c40ad80"
"Eleutherodactylus abbotti Cochran, 1923","Eleutherodactylus","abbotti",-70.0418545,18.4723258,"dce00a1f-f6b4-4e11-9771-92c62c40ad80"
"Eleutherodactylus abbotti Cochran, 1923","Eleutherodactylus","abbotti",-70.094,18.441,"dce00a1f-f6b4-4e11-9771-92c62c40ad80"
"Eleutherodactylus abbotti Cochran, 1923","Eleutherodactylus","abbotti",-70.2462692,18.4954345,"dce00a1f-f6b4-4e11-9771-92c62c40ad80"
"Eleutherodactylus abbotti Cochran, 1923","Eleutherodactylus","abbotti",-69.5144029,19.2216796,"dce00a1f-f6b4-4e11-9771-92c62c40ad80"
"Eleutherodactylus abbotti Cochran, 1923","Eleutherodactylus","abbotti",-69.3523993,19.2216796,"dce00a1f-f6b4-4e11-9771-92c62c40ad80"
"Eleutherodactylus abbotti Cochran, 1923","Eleutherodactylus","abbotti",-70.3844428,19.6689178,"dce00a1f-f6b4-4e11-9771-92c62c40ad80"
"Eleutherodactylus abbotti Cochran, 1923","Eleutherodactylus","abbotti",-70.7644316,19.7646531,"dce00a1f-f6b4-4e11-9771-92c62c40ad80"
"Eleutherodactylus abbotti Cochran, 1923","Eleutherodactylus","abbotti",-70.816666,19.75,"dce00a1f-f6b4-4e11-9771-92c62c40ad80"
"Eleutherodactylus abbotti Cochran, 1923","Eleutherodactylus","abbotti",-70.574,18.685,"dce00a1f-f6b4-4e11-9771-92c62c40ad80"
"Eleutherodactylus abbotti Cochran, 1923","Eleutherodactylus","abbotti",-71.19,18.278,"dce00a1f-f6b4-4e11-9771-92c62c40ad80"
"Eleutherodactylus abbotti Cochran, 1923","Eleutherodactylus","abbotti",-71.72,18.267,"dce00a1f-f6b4-4e11-9771-92c62c40ad80"
"Eleutherodactylus abbotti Cochran, 1923","Eleutherodactylus","abbotti",-71.732,18.257,"dce00a1f-f6b4-4e11-9771-92c62c40ad80"
"Eleutherodactylus abbotti Cochran, 1923","Eleutherodactylus","abbotti",-71.735,18.246,"dce00a1f-f6b4-4e11-9771-92c62c40ad80"
"Eleutherodactylus abbotti Cochran, 1923","Eleutherodactylus","abbotti",-71.752998,18.169,"dce00a1f-f6b4-4e11-9771-92c62c40ad80"
"Eleutherodactylus abbotti Cochran, 1923","Eleutherodactylus","abbotti",-71.7554533,18.2247269,"dce00a1f-f6b4-4e11-9771-92c62c40ad80"
"Eleutherodactylus abbotti Cochran, 1923","Eleutherodactylus","abbotti",-71.7127223,18.2315566,"dce00a1f-f6b4-4e11-9771-92c62c40ad80"
"Eleutherodactylus abbotti Cochran, 1923","Eleutherodactylus","abbotti",-71.6999,18.28194,"dce00a1f-f6b4-4e11-9771-92c62c40ad80"
"Eleutherodactylus abbotti Cochran, 1923","Eleutherodactylus","abbotti",-71.71327,18.26917,"dce00a1f-f6b4-4e11-9771-92c62c40ad80"
"Eleutherodactylus abbotti Cochran, 1923","Eleutherodactylus","abbotti",-71.71611,18.26645,"dce00a1f-f6b4-4e11-9771-92c62c40ad80"
"Eleutherodactylus abbotti Cochran, 1923","Eleutherodactylus","abbotti",-71.71719,18.26542,"dce00a1f-f6b4-4e11-9771-92c62c40ad80"
"Eleutherodactylus abbotti Cochran, 1923","Eleutherodactylus","abbotti",-71.72042,18.26234,"dce00a1f-f6b4-4e11-9771-92c62c40ad80"
"Eleutherodactylus abbotti Cochran, 1923","Eleutherodactylus","abbotti",-71.73333,18.25,"dce00a1f-f6b4-4e11-9771-92c62c40ad80"
"Eleutherodactylus abbotti Cochran, 1923","Eleutherodactylus","abbotti",-71.6494507,18.0837339,"dce00a1f-f6b4-4e11-9771-92c62c40ad80"
"Eleutherodactylus abbotti Cochran, 1923","Eleutherodactylus","abbotti",-71.6093699,18.122392,"dce00a1f-f6b4-4e11-9771-92c62c40ad80"
"Eleutherodactylus abbotti Cochran, 1923","Eleutherodactylus","abbotti",-71.64197,18.27197,"dce00a1f-f6b4-4e11-9771-92c62c40ad80"
"Eleutherodactylus abbotti Cochran, 1923","Eleutherodactylus","abbotti",-71.699452,18.2758944,"dce00a1f-f6b4-4e11-9771-92c62c40ad80"
"Eleutherodactylus abbotti Cochran, 1923","Eleutherodactylus","abbotti",-71.5893294,18.1412311,"dce00a1f-f6b4-4e11-9771-92c62c40ad80"
"Eleutherodactylus abbotti Cochran, 1923","Eleutherodactylus","abbotti",-71.65356,18.11695,"dce00a1f-f6b4-4e11-9771-92c62c40ad80"
"Eleutherodactylus abbotti Cochran, 1923","Eleutherodactylus","abbotti",-69.96973,18.72195,"dce00a1f-f6b4-4e11-9771-92c62c40ad80"
"Eleutherodactylus abbotti Cochran, 1923","Eleutherodactylus","abbotti",-70.1174164,18.8186988,"dce00a1f-f6b4-4e11-9771-92c62c40ad80"
"Eleutherodactylus abbotti Cochran, 1923","Eleutherodactylus","abbotti",-71.4601374,19.7248147,"dce00a1f-f6b4-4e11-9771-92c62c40ad80"
"Eleutherodactylus abbotti Cochran, 1923","Eleutherodactylus","abbotti",-70.4015,18.73669,"dce00a1f-f6b4-4e11-9771-92c62c40ad80"
"Eleutherodactylus abbotti Cochran, 1923","Eleutherodactylus","abbotti",-70.52209,19,"dce00a1f-f6b4-4e11-9771-92c62c40ad80"
"Eleutherodactylus abbotti Cochran, 1923","Eleutherodactylus","abbotti",-70.50119,19,"dce00a1f-f6b4-4e11-9771-92c62c40ad80"
"Eleutherodactylus abbotti Cochran, 1923","Eleutherodactylus","abbotti",-70.52366,19,"dce00a1f-f6b4-4e11-9771-92c62c40ad80"
"Eleutherodactylus abbotti Cochran, 1923","Eleutherodactylus","abbotti",-70.502,18.985,"dce00a1f-f6b4-4e11-9771-92c62c40ad80"
"Eleutherodactylus abbotti Cochran, 1923","Eleutherodactylus","abbotti",-69.8827413,19.2992757,"dce00a1f-f6b4-4e11-9771-92c62c40ad80"
"Eleutherodactylus abbotti Cochran, 1923","Eleutherodactylus","abbotti",-69.78333,19.23546,"dce00a1f-f6b4-4e11-9771-92c62c40ad80"
"Eleutherodactylus abbotti Cochran, 1923","Eleutherodactylus","abbotti",-69.90211,19.21672,"dce00a1f-f6b4-4e11-9771-92c62c40ad80"
"Eleutherodactylus abbotti Cochran, 1923","Eleutherodactylus","abbotti",-70.666664,18.933332,"dce00a1f-f6b4-4e11-9771-92c62c40ad80"
"Eleutherodactylus abbotti Cochran, 1923","Eleutherodactylus","abbotti",-70.38722,18.75029,"dce00a1f-f6b4-4e11-9771-92c62c40ad80"
"Eleutherodactylus abbotti Cochran, 1923","Eleutherodactylus","abbotti",-70.4037,18.921,"dce00a1f-f6b4-4e11-9771-92c62c40ad80"
"Eleutherodactylus abbotti Cochran, 1923","Eleutherodactylus","abbotti",-70.7447608,19.0673565,"dce00a1f-f6b4-4e11-9771-92c62c40ad80"
"Eleutherodactylus abbotti Cochran, 1923","Eleutherodactylus","abbotti",-70.6102377,19.1279237,"dce00a1f-f6b4-4e11-9771-92c62c40ad80"
"Eleutherodactylus abbotti Cochran, 1923","Eleutherodactylus","abbotti",-70.5464263,19.2016801,"dce00a1f-f6b4-4e11-9771-92c62c40ad80"
"Eleutherodactylus abbotti Cochran, 1923","Eleutherodactylus","abbotti",-70.5429963,19.2428981,"dce00a1f-f6b4-4e11-9771-92c62c40ad80"
"Eleutherodactylus abbotti Cochran, 1923","Eleutherodactylus","abbotti",-70.566666,19.016666,"dce00a1f-f6b4-4e11-9771-92c62c40ad80"
"Eleutherodactylus abbotti Cochran, 1923","Eleutherodactylus","abbotti",-70.70879,19.1173541,"dce00a1f-f6b4-4e11-9771-92c62c40ad80"
"Eleutherodactylus abbotti Cochran, 1923","Eleutherodactylus","abbotti",-70.5884273,19.1786812,"dce00a1f-f6b4-4e11-9771-92c62c40ad80"
"Eleutherodactylus abbotti Cochran, 1923","Eleutherodactylus","abbotti",-70.5924274,19.1696817,"dce00a1f-f6b4-4e11-9771-92c62c40ad80"
"Eleutherodactylus abbotti Cochran, 1923","Eleutherodactylus","abbotti",-70.6500486,18.9675814,"dce00a1f-f6b4-4e11-9771-92c62c40ad80"
"Eleutherodactylus abbotti Cochran, 1923","Eleutherodactylus","abbotti",-70.41491,18.98333,"dce00a1f-f6b4-4e11-9771-92c62c40ad80"
"Eleutherodactylus abbotti Cochran, 1923","Eleutherodactylus","abbotti",-70.45758,18.98333,"dce00a1f-f6b4-4e11-9771-92c62c40ad80"
"Eleutherodactylus abbotti Cochran, 1923","Eleutherodactylus","abbotti",-70.5757769,18.9840206,"dce00a1f-f6b4-4e11-9771-92c62c40ad80"
"Eleutherodactylus abbotti Cochran, 1923","Eleutherodactylus","abbotti",-70.8063921,18.9173637,"dce00a1f-f6b4-4e11-9771-92c62c40ad80"
"Eleutherodactylus abbotti Cochran, 1923","Eleutherodactylus","abbotti",-70.6914294,18.8056992,"dce00a1f-f6b4-4e11-9771-92c62c40ad80"
"Eleutherodactylus abbotti Cochran, 1923","Eleutherodactylus","abbotti",-70.6994296,18.8146988,"dce00a1f-f6b4-4e11-9771-92c62c40ad80"
"Eleutherodactylus abbotti Cochran, 1923","Eleutherodactylus","abbotti",-70.6994296,18.8406975,"dce00a1f-f6b4-4e11-9771-92c62c40ad80"
"Eleutherodactylus abbotti Cochran, 1923","Eleutherodactylus","abbotti",-70.6914294,18.8046993,"dce00a1f-f6b4-4e11-9771-92c62c40ad80"
"Eleutherodactylus abbotti Cochran, 1923","Eleutherodactylus","abbotti",-70.6974296,18.8146988,"dce00a1f-f6b4-4e11-9771-92c62c40ad80"
"Eleutherodactylus abbotti Cochran, 1923","Eleutherodactylus","abbotti",-70.7494308,18.8456972,"dce00a1f-f6b4-4e11-9771-92c62c40ad80"
"Eleutherodactylus abbotti Cochran, 1923","Eleutherodactylus","abbotti",-70.7494308,18.9028245,"dce00a1f-f6b4-4e11-9771-92c62c40ad80"
"Eleutherodactylus abbotti Cochran, 1923","Eleutherodactylus","abbotti",-70.7934318,18.9986898,"dce00a1f-f6b4-4e11-9771-92c62c40ad80"
"Eleutherodactylus abbotti Cochran, 1923","Eleutherodactylus","abbotti",-70.7784315,19.0006897,"dce00a1f-f6b4-4e11-9771-92c62c40ad80"
"Eleutherodactylus abbotti Cochran, 1923","Eleutherodactylus","abbotti",-70.7724313,18.9596917,"dce00a1f-f6b4-4e11-9771-92c62c40ad80"
"Eleutherodactylus abbotti Cochran, 1923","Eleutherodactylus","abbotti",-71.774454,18.6754249,"dce00a1f-f6b4-4e11-9771-92c62c40ad80"
"Eleutherodactylus abbotti Cochran, 1923","Eleutherodactylus","abbotti",-71.6994521,18.3521207,"dce00a1f-f6b4-4e11-9771-92c62c40ad80"
"Eleutherodactylus abbotti Cochran, 1923","Eleutherodactylus","abbotti",-69.3843999,19.0216893,"dce00a1f-f6b4-4e11-9771-92c62c40ad80"
"Eleutherodactylus abbotti Cochran, 1923","Eleutherodactylus","abbotti",-69.3523992,19.0456881,"dce00a1f-f6b4-4e11-9771-92c62c40ad80"
"Eleutherodactylus abbotti Cochran, 1923","Eleutherodactylus","abbotti",-69.3823999,19.0006903,"dce00a1f-f6b4-4e11-9771-92c62c40ad80"
"Eleutherodactylus abbotti Cochran, 1923","Eleutherodactylus","abbotti",-70.3608623,19.6172503,"dce00a1f-f6b4-4e11-9771-92c62c40ad80"
"Eleutherodactylus abbotti Cochran, 1923","Eleutherodactylus","abbotti",-70.4974254,19.5406639,"dce00a1f-f6b4-4e11-9771-92c62c40ad80"
"Eleutherodactylus abbotti Cochran, 1923","Eleutherodactylus","abbotti",-70.5034255,19.5106653,"dce00a1f-f6b4-4e11-9771-92c62c40ad80"
"Eleutherodactylus abbotti Cochran, 1923","Eleutherodactylus","abbotti",-70.5160958,19.4853965,"dce00a1f-f6b4-4e11-9771-92c62c40ad80"
"Eleutherodactylus abbotti Cochran, 1923","Eleutherodactylus","abbotti",-71.5604495,19.2746761,"dce00a1f-f6b4-4e11-9771-92c62c40ad80"
"Eleutherodactylus abbotti Cochran, 1923","Eleutherodactylus","abbotti",-71.6827823,19.3112643,"dce00a1f-f6b4-4e11-9771-92c62c40ad80"
"Eleutherodactylus abbotti Cochran, 1923","Eleutherodactylus","abbotti",-71.7904544,18.6887043,"dce00a1f-f6b4-4e11-9771-92c62c40ad80"
"Eleutherodactylus abbotti Cochran, 1923","Eleutherodactylus","abbotti",-71.6164504,18.7277025,"dce00a1f-f6b4-4e11-9771-92c62c40ad80"
"Eleutherodactylus abbotti Cochran, 1923","Eleutherodactylus","abbotti",-71.6927422,18.7237626,"dce00a1f-f6b4-4e11-9771-92c62c40ad80"
"Eleutherodactylus abbotti Cochran, 1923","Eleutherodactylus","abbotti",-71.6994523,18.7197028,"dce00a1f-f6b4-4e11-9771-92c62c40ad80"
"Eleutherodactylus abbotti Cochran, 1923","Eleutherodactylus","abbotti",-71.703,18.75,"dce00a1f-f6b4-4e11-9771-92c62c40ad80"
"Eleutherodactylus abbotti Cochran, 1923","Eleutherodactylus","abbotti",-71.719,18.776,"dce00a1f-f6b4-4e11-9771-92c62c40ad80"
"Eleutherodactylus abbotti Cochran, 1923","Eleutherodactylus","abbotti",-71.715,18.772,"dce00a1f-f6b4-4e11-9771-92c62c40ad80"
"Eleutherodactylus abbotti Cochran, 1923","Eleutherodactylus","abbotti",-69.0850632,18.9501029,"dce00a1f-f6b4-4e11-9771-92c62c40ad80"
"Eleutherodactylus abbotti Cochran, 1923","Eleutherodactylus","abbotti",-70.2800903,19.3015454,"dce00a1f-f6b4-4e11-9771-92c62c40ad80"
"Eleutherodactylus abbotti Cochran, 1923","Eleutherodactylus","abbotti",-70.1596976,19.2859562,"dce00a1f-f6b4-4e11-9771-92c62c40ad80"
"Eleutherodactylus abbotti Cochran, 1923","Eleutherodactylus","abbotti",-70.1599276,19.2414984,"dce00a1f-f6b4-4e11-9771-92c62c40ad80"
"Eleutherodactylus abbotti Cochran, 1923","Eleutherodactylus","abbotti",-71.622231,19.3748313,"dce00a1f-f6b4-4e11-9771-92c62c40ad80"
"Eleutherodactylus abbotti Cochran, 1923","Eleutherodactylus","abbotti",-71.5303989,19.4839961,"dce00a1f-f6b4-4e11-9771-92c62c40ad80"
"Eleutherodactylus abbotti Cochran, 1923","Eleutherodactylus","abbotti",-71.6161208,19.2908753,"dce00a1f-f6b4-4e11-9771-92c62c40ad80"
"Eleutherodactylus abbotti Cochran, 1923","Eleutherodactylus","abbotti",-71.6161208,19.3089345,"dce00a1f-f6b4-4e11-9771-92c62c40ad80"
"Eleutherodactylus abbotti Cochran, 1923","Eleutherodactylus","abbotti",-71.0494403,18.4007187,"dce00a1f-f6b4-4e11-9771-92c62c40ad80"
"Eleutherodactylus abbotti Cochran, 1923","Eleutherodactylus","abbotti",-71.2390513,18.0007382,"dce00a1f-f6b4-4e11-9771-92c62c40ad80"
"Eleutherodactylus abbotti Cochran, 1923","Eleutherodactylus","abbotti",-71.2284111,18.0007382,"dce00a1f-f6b4-4e11-9771-92c62c40ad80"
"Eleutherodactylus abbotti Cochran, 1923","Eleutherodactylus","abbotti",-71.1944303,18.0007382,"dce00a1f-f6b4-4e11-9771-92c62c40ad80"
"Eleutherodactylus abbotti Cochran, 1923","Eleutherodactylus","abbotti",-71.1949803,18.0007382,"dce00a1f-f6b4-4e11-9771-92c62c40ad80"
"Eleutherodactylus abbotti Cochran, 1923","Eleutherodactylus","abbotti",-71.1404391,18.027737,"dce00a1f-f6b4-4e11-9771-92c62c40ad80"
"Eleutherodactylus abbotti Cochran, 1923","Eleutherodactylus","abbotti",-71.267442,17.96374,"dce00a1f-f6b4-4e11-9771-92c62c40ad80"
"Eleutherodactylus abbotti Cochran, 1923","Eleutherodactylus","abbotti",-71.2327711,17.9278518,"dce00a1f-f6b4-4e11-9771-92c62c40ad80"
"Eleutherodactylus abbotti Cochran, 1923","Eleutherodactylus","abbotti",-71.1940703,17.9392113,"dce00a1f-f6b4-4e11-9771-92c62c40ad80"
"Eleutherodactylus abbotti Cochran, 1923","Eleutherodactylus","abbotti",-71.2794423,18.1117327,"dce00a1f-f6b4-4e11-9771-92c62c40ad80"
"Eleutherodactylus abbotti Cochran, 1923","Eleutherodactylus","abbotti",-71.2684421,18.1247321,"dce00a1f-f6b4-4e11-9771-92c62c40ad80"
"Eleutherodactylus abbotti Cochran, 1923","Eleutherodactylus","abbotti",-71.2584419,18.1457311,"dce00a1f-f6b4-4e11-9771-92c62c40ad80"
"Eleutherodactylus abbotti Cochran, 1923","Eleutherodactylus","abbotti",-71.0762177,18.1170726,"dce00a1f-f6b4-4e11-9771-92c62c40ad80"
"Eleutherodactylus abbotti Cochran, 1923","Eleutherodactylus","abbotti",-71.1404391,18.0257371,"dce00a1f-f6b4-4e11-9771-92c62c40ad80"
"Eleutherodactylus abbotti Cochran, 1923","Eleutherodactylus","abbotti",-71.916664,18.433332,"dce00a1f-f6b4-4e11-9771-92c62c40ad80"
"Eleutherodactylus abbotti Cochran, 1923","Eleutherodactylus","abbotti",-71.71673,18.26381,"dce00a1f-f6b4-4e11-9771-92c62c40ad80"
"Eleutherodactylus abbotti Cochran, 1923","Eleutherodactylus","abbotti",-73.26667,18.35,"dce00a1f-f6b4-4e11-9771-92c62c40ad80"
"Eleutherodactylus abbotti Cochran, 1923","Eleutherodactylus","abbotti",-73.866669,18.366667,"dce00a1f-f6b4-4e11-9771-92c62c40ad80"
"Eleutherodactylus abbotti Cochran, 1923","Eleutherodactylus","abbotti",-73.63441,18.40029,"dce00a1f-f6b4-4e11-9771-92c62c40ad80"
"Eleutherodactylus abbotti Cochran, 1923","Eleutherodactylus","abbotti",-73.6322,18.39818,"dce00a1f-f6b4-4e11-9771-92c62c40ad80"
"Eleutherodactylus abbotti Cochran, 1923","Eleutherodactylus","abbotti",-73.62792,18.3941,"dce00a1f-f6b4-4e11-9771-92c62c40ad80"
"Eleutherodactylus abbotti Cochran, 1923","Eleutherodactylus","abbotti",-73.62163,18.38809,"dce00a1f-f6b4-4e11-9771-92c62c40ad80"
"Eleutherodactylus abbotti Cochran, 1923","Eleutherodactylus","abbotti",-73.821,18.41118,"dce00a1f-f6b4-4e11-9771-92c62c40ad80"
"Eleutherodactylus abbotti Cochran, 1923","Eleutherodactylus","abbotti",-73.866669,18.316668,"dce00a1f-f6b4-4e11-9771-92c62c40ad80"
"Eleutherodactylus abbotti Cochran, 1923","Eleutherodactylus","abbotti",-73.40913,18.28333,"dce00a1f-f6b4-4e11-9771-92c62c40ad80"
"Eleutherodactylus abbotti Cochran, 1923","Eleutherodactylus","abbotti",-72.26667,18.433332,"dce00a1f-f6b4-4e11-9771-92c62c40ad80"
"Eleutherodactylus abbotti Cochran, 1923","Eleutherodactylus","abbotti",-72.26402,18.41748,"dce00a1f-f6b4-4e11-9771-92c62c40ad80"
"Eleutherodactylus abbotti Cochran, 1923","Eleutherodactylus","abbotti",-72.345,18.499,"dce00a1f-f6b4-4e11-9771-92c62c40ad80"
"Eleutherodactylus abbotti Cochran, 1923","Eleutherodactylus","abbotti",-72.58334,18.33826,"dce00a1f-f6b4-4e11-9771-92c62c40ad80"
"Eleutherodactylus abbotti Cochran, 1923","Eleutherodactylus","abbotti",-72.816666,19.9,"dce00a1f-f6b4-4e11-9771-92c62c40ad80"
"Eleutherodactylus abbotti Cochran, 1923","Eleutherodactylus","abbotti",-72.49053,19.62262,"dce00a1f-f6b4-4e11-9771-92c62c40ad80"
"Eleutherodactylus abbotti Cochran, 1923","Eleutherodactylus","abbotti",-72.22432,19.56436,"dce00a1f-f6b4-4e11-9771-92c62c40ad80"
"Eleutherodactylus abbotti Cochran, 1923","Eleutherodactylus","abbotti",-72.18333,19.55716,"dce00a1f-f6b4-4e11-9771-92c62c40ad80"
"Eleutherodactylus abbotti Cochran, 1923","Eleutherodactylus","abbotti",-72.4635,19.80389,"dce00a1f-f6b4-4e11-9771-92c62c40ad80"
"Eleutherodactylus abbotti Cochran, 1923","Eleutherodactylus","abbotti",-74.184357,18.54074,"dce00a1f-f6b4-4e11-9771-92c62c40ad80"
"Eleutherodactylus abbotti Cochran, 1923","Eleutherodactylus","abbotti",-74.4228448,18.5144207,"dce00a1f-f6b4-4e11-9771-92c62c40ad80"
"Eleutherodactylus abbotti Cochran, 1923","Eleutherodactylus","abbotti",-74.099998,18.516666,"dce00a1f-f6b4-4e11-9771-92c62c40ad80"
"Eleutherodactylus abbotti Cochran, 1923","Eleutherodactylus","abbotti",-71.98581,18.94524,"dce00a1f-f6b4-4e11-9771-92c62c40ad80"
"Eleutherodactylus coqui Thomas, 1966","Eleutherodactylus","coqui",-65.9013,18.0206,"dce00a1f-f6b4-4e11-9771-92c62c40ad80"
"Eleutherodactylus coqui Thomas, 1966","Eleutherodactylus","coqui",-66.046242,18.143042,"dce00a1f-f6b4-4e11-9771-92c62c40ad80"
"Eleutherodactylus coqui Thomas, 1966","Eleutherodactylus","coqui",-65.9068,18.0211,"dce00a1f-f6b4-4e11-9771-92c62c40ad80"
"Eleutherodactylus coqui Thomas, 1966","Eleutherodactylus","coqui",-65.9002,18.0383,"dce00a1f-f6b4-4e11-9771-92c62c40ad80"
"Eleutherodactylus coqui Thomas, 1966","Eleutherodactylus","coqui",-66.7527,18.1866,"dce00a1f-f6b4-4e11-9771-92c62c40ad80"
"Eleutherodactylus coqui Thomas, 1966","Eleutherodactylus","coqui",-66.7574,18.1185,"dce00a1f-f6b4-4e11-9771-92c62c40ad80"
"Eleutherodactylus coqui Thomas, 1966","Eleutherodactylus","coqui",-66.4925,18.255656,"dce00a1f-f6b4-4e11-9771-92c62c40ad80"
"Eleutherodactylus coqui Thomas, 1966","Eleutherodactylus","coqui",-66.4925,18.26003,"dce00a1f-f6b4-4e11-9771-92c62c40ad80"
"Eleutherodactylus coqui Thomas, 1966","Eleutherodactylus","coqui",-66.4925,18.27457,"dce00a1f-f6b4-4e11-9771-92c62c40ad80"
"Eleutherodactylus coqui Thomas, 1966","Eleutherodactylus","coqui",-66.582473,18.380579,"dce00a1f-f6b4-4e11-9771-92c62c40ad80"
"Eleutherodactylus coqui Thomas, 1966","Eleutherodactylus","coqui",-66.60454,18.359497,"dce00a1f-f6b4-4e11-9771-92c62c40ad80"
"Eleutherodactylus coqui Thomas, 1966","Eleutherodactylus","coqui",-66.641643,18.324049,"dce00a1f-f6b4-4e11-9771-92c62c40ad80"
"Eleutherodactylus coqui Thomas, 1966","Eleutherodactylus","coqui",-66.960835,18.203502,"dce00a1f-f6b4-4e11-9771-92c62c40ad80"
"Eleutherodactylus coqui Thomas, 1966","Eleutherodactylus","coqui",-66.960835,18.197178,"dce00a1f-f6b4-4e11-9771-92c62c40ad80"
"Eleutherodactylus coqui Thomas, 1966","Eleutherodactylus","coqui",-66.960835,18.203316,"dce00a1f-f6b4-4e11-9771-92c62c40ad80"
"Eleutherodactylus coqui Thomas, 1966","Eleutherodactylus","coqui",-67.03642,18.12332,"dce00a1f-f6b4-4e11-9771-92c62c40ad80"
"Eleutherodactylus coqui Thomas, 1966","Eleutherodactylus","coqui",-67.1005,18.503,"dce00a1f-f6b4-4e11-9771-92c62c40ad80"
"Eleutherodactylus coqui Thomas, 1966","Eleutherodactylus","coqui",-66.890688,18.429798,"dce00a1f-f6b4-4e11-9771-92c62c40ad80"
"Eleutherodactylus coqui Thomas, 1966","Eleutherodactylus","coqui",-66.9677,18.4261,"dce00a1f-f6b4-4e11-9771-92c62c40ad80"
"Eleutherodactylus coqui Thomas, 1966","Eleutherodactylus","coqui",-66.9655,18.4185,"dce00a1f-f6b4-4e11-9771-92c62c40ad80"
"Eleutherodactylus coqui Thomas, 1966","Eleutherodactylus","coqui",-66.631996,18.303253,"dce00a1f-f6b4-4e11-9771-92c62c40ad80"
"Eleutherodactylus coqui Thomas, 1966","Eleutherodactylus","coqui",-66.507503,18.295568,"dce00a1f-f6b4-4e11-9771-92c62c40ad80"
"Eleutherodactylus coqui Thomas, 1966","Eleutherodactylus","coqui",-66.491019,18.296101,"dce00a1f-f6b4-4e11-9771-92c62c40ad80"
"Eleutherodactylus coqui Thomas, 1966","Eleutherodactylus","coqui",-66.598268,18.291462,"dce00a1f-f6b4-4e11-9771-92c62c40ad80"
"Eleutherodactylus coqui Thomas, 1966","Eleutherodactylus","coqui",-65.932389,17.975122,"dce00a1f-f6b4-4e11-9771-92c62c40ad80"
"Eleutherodactylus coqui Thomas, 1966","Eleutherodactylus","coqui",-67.032783,18.406758,"dce00a1f-f6b4-4e11-9771-92c62c40ad80"
"Eleutherodactylus coqui Thomas, 1966","Eleutherodactylus","coqui",-67.025209,18.383268,"dce00a1f-f6b4-4e11-9771-92c62c40ad80"
"Eleutherodactylus coqui Thomas, 1966","Eleutherodactylus","coqui",-67.133995,18.134716,"dce00a1f-f6b4-4e11-9771-92c62c40ad80"
"Eleutherodactylus coqui Thomas, 1966","Eleutherodactylus","coqui",-65.626392,18.373938,"dce00a1f-f6b4-4e11-9771-92c62c40ad80"
"Eleutherodactylus coqui Thomas, 1966","Eleutherodactylus","coqui",-66.877499,18.340286,"dce00a1f-f6b4-4e11-9771-92c62c40ad80"
"Eleutherodactylus coqui Thomas, 1966","Eleutherodactylus","coqui",-66.676035,18.296666,"dce00a1f-f6b4-4e11-9771-92c62c40ad80"
"Eleutherodactylus coqui Thomas, 1966","Eleutherodactylus","coqui",-66.823682,18.348073,"dce00a1f-f6b4-4e11-9771-92c62c40ad80"
"Eleutherodactylus coqui Thomas, 1966","Eleutherodactylus","coqui",-66.555487,18.160832,"dce00a1f-f6b4-4e11-9771-92c62c40ad80"
"Eleutherodactylus coqui Thomas, 1966","Eleutherodactylus","coqui",-66.038655,18.160571,"dce00a1f-f6b4-4e11-9771-92c62c40ad80"
"Eleutherodactylus coqui Thomas, 1966","Eleutherodactylus","coqui",-66.041907,18.153058,"dce00a1f-f6b4-4e11-9771-92c62c40ad80"
"Eleutherodactylus coqui Thomas, 1966","Eleutherodactylus","coqui",-66.11417,18.050261,"dce00a1f-f6b4-4e11-9771-92c62c40ad80"
"Eleutherodactylus coqui Thomas, 1966","Eleutherodactylus","coqui",-66.584228,18.349306,"dce00a1f-f6b4-4e11-9771-92c62c40ad80"
"Eleutherodactylus coqui Thomas, 1966","Eleutherodactylus","coqui",-66.5807,18.3937,"dce00a1f-f6b4-4e11-9771-92c62c40ad80"
"Eleutherodactylus coqui Thomas, 1966","Eleutherodactylus","coqui",-66.141004,18.222903,"dce00a1f-f6b4-4e11-9771-92c62c40ad80"
"Eleutherodactylus coqui Thomas, 1966","Eleutherodactylus","coqui",-66.027996,18.050708,"dce00a1f-f6b4-4e11-9771-92c62c40ad80"
"Eleutherodactylus coqui Thomas, 1966","Eleutherodactylus","coqui",-66.154983,18.184166,"dce00a1f-f6b4-4e11-9771-92c62c40ad80"
"Eleutherodactylus coqui Thomas, 1966","Eleutherodactylus","coqui",-66.740081,17.998613,"dce00a1f-f6b4-4e11-9771-92c62c40ad80"
"Eleutherodactylus coqui Thomas, 1966","Eleutherodactylus","coqui",-66.289272,18.19837,"dce00a1f-f6b4-4e11-9771-92c62c40ad80"
"Eleutherodactylus coqui Thomas, 1966","Eleutherodactylus","coqui",-66.841979,18.354342,"dce00a1f-f6b4-4e11-9771-92c62c40ad80"
"Eleutherodactylus coqui Thomas, 1966","Eleutherodactylus","coqui",-67.1109,18.2825,"dce00a1f-f6b4-4e11-9771-92c62c40ad80"
"Eleutherodactylus coqui Thomas, 1966","Eleutherodactylus","coqui",-67.199379,18.371107,"dce00a1f-f6b4-4e11-9771-92c62c40ad80"
"Eleutherodactylus coqui Thomas, 1966","Eleutherodactylus","coqui",-66.7225,18.148459,"dce00a1f-f6b4-4e11-9771-92c62c40ad80"
"Eleutherodactylus coqui Thomas, 1966","Eleutherodactylus","coqui",-66.378622,18.19943,"dce00a1f-f6b4-4e11-9771-92c62c40ad80"
"Eleutherodactylus coqui Thomas, 1966","Eleutherodactylus","coqui",-66.403427,18.181409,"dce00a1f-f6b4-4e11-9771-92c62c40ad80"
"Eleutherodactylus coqui Thomas, 1966","Eleutherodactylus","coqui",-66.398792,18.186465,"dce00a1f-f6b4-4e11-9771-92c62c40ad80"
"Eleutherodactylus coqui Thomas, 1966","Eleutherodactylus","coqui",-66.403427,18.181735,"dce00a1f-f6b4-4e11-9771-92c62c40ad80"
"Eleutherodactylus coqui Thomas, 1966","Eleutherodactylus","coqui",-65.77056,18.26353,"dce00a1f-f6b4-4e11-9771-92c62c40ad80"
"Eleutherodactylus coqui Thomas, 1966","Eleutherodactylus","coqui",-66.565287,18.434492,"dce00a1f-f6b4-4e11-9771-92c62c40ad80"
"Eleutherodactylus coqui Thomas, 1966","Eleutherodactylus","coqui",-66.567501,18.424834,"dce00a1f-f6b4-4e11-9771-92c62c40ad80"
"Eleutherodactylus coqui Thomas, 1966","Eleutherodactylus","coqui",-65.826107,18.366857,"dce00a1f-f6b4-4e11-9771-92c62c40ad80"
"Eleutherodactylus coqui Thomas, 1966","Eleutherodactylus","coqui",-65.785653,18.298715,"dce00a1f-f6b4-4e11-9771-92c62c40ad80"
"Eleutherodactylus cooki Grant, 1932","Eleutherodactylus","cooki",-65.9488,18.0268,"dce00a1f-f6b4-4e11-9771-92c62c40ad80"
"Eleutherodactylus cooki Grant, 1932","Eleutherodactylus","cooki",-65.9002,18.0383,"dce00a1f-f6b4-4e11-9771-92c62c40ad80"
"Eleutherodactylus cochranae Grant, 1932","Eleutherodactylus","cochranae",-66.900023,18.079723,"dce00a1f-f6b4-4e11-9771-92c62c40ad80"
"Eleutherodactylus cochranae Grant, 1932","Eleutherodactylus","cochranae",-65.50701,18.09917,"dce00a1f-f6b4-4e11-9771-92c62c40ad80"
"Eleutherodactylus cochranae Grant, 1932","Eleutherodactylus","cochranae",-65.4754,18.1411,"dce00a1f-f6b4-4e11-9771-92c62c40ad80"
"Eleutherodactylus cochranae Grant, 1932","Eleutherodactylus","cochranae",-65.4738,18.141,"dce00a1f-f6b4-4e11-9771-92c62c40ad80"
"Eleutherodactylus cochranae Grant, 1932","Eleutherodactylus","cochranae",-65.4616,18.1441,"dce00a1f-f6b4-4e11-9771-92c62c40ad80"
"Eleutherodactylus brittoni Schmidt, 1920","Eleutherodactylus","brittoni",-65.9002,18.0383,"dce00a1f-f6b4-4e11-9771-92c62c40ad80"
"Eleutherodactylus brittoni Schmidt, 1920","Eleutherodactylus","brittoni",-66.4925,18.27457,"dce00a1f-f6b4-4e11-9771-92c62c40ad80"
"Eleutherodactylus brittoni Schmidt, 1920","Eleutherodactylus","brittoni",-66.582473,18.380579,"dce00a1f-f6b4-4e11-9771-92c62c40ad80"
"Eleutherodactylus brittoni Schmidt, 1920","Eleutherodactylus","brittoni",-66.60454,18.359497,"dce00a1f-f6b4-4e11-9771-92c62c40ad80"
"Eleutherodactylus brittoni Schmidt, 1920","Eleutherodactylus","brittoni",-66.641643,18.324049,"dce00a1f-f6b4-4e11-9771-92c62c40ad80"
"Eleutherodactylus brittoni Schmidt, 1920","Eleutherodactylus","brittoni",-66.960835,18.203316,"dce00a1f-f6b4-4e11-9771-92c62c40ad80"
"Eleutherodactylus brittoni Schmidt, 1920","Eleutherodactylus","brittoni",-67.032783,18.406758,"dce00a1f-f6b4-4e11-9771-92c62c40ad80"
"Eleutherodactylus brittoni Schmidt, 1920","Eleutherodactylus","brittoni",-67.133995,18.134716,"dce00a1f-f6b4-4e11-9771-92c62c40ad80"
"Eleutherodactylus brittoni Schmidt, 1920","Eleutherodactylus","brittoni",-65.82583,18.28967,"dce00a1f-f6b4-4e11-9771-92c62c40ad80"
"Eleutherodactylus brittoni Schmidt, 1920","Eleutherodactylus","brittoni",-66.154983,18.184166,"dce00a1f-f6b4-4e11-9771-92c62c40ad80"
"Eleutherodactylus brevirostris Shreve, 1936","Eleutherodactylus","brevirostris",-74.1,18.4986,"dce00a1f-f6b4-4e11-9771-92c62c40ad80"
"Eleutherodactylus bakeri Cochran, 1935","Eleutherodactylus","bakeri",-74.1,18.4986,"dce00a1f-f6b4-4e11-9771-92c62c40ad80"
"Eleutherodactylus auriculatoides Noble, 1923","Eleutherodactylus","auriculatoides",-70.791,19.03,"dce00a1f-f6b4-4e11-9771-92c62c40ad80"
"Eleutherodactylus auriculatoides Noble, 1923","Eleutherodactylus","auriculatoides",-70.52209,19,"dce00a1f-f6b4-4e11-9771-92c62c40ad80"
"Eleutherodactylus auriculatoides Noble, 1923","Eleutherodactylus","auriculatoides",-70.5329259,19.0506874,"dce00a1f-f6b4-4e11-9771-92c62c40ad80"
"Eleutherodactylus auriculatoides Noble, 1923","Eleutherodactylus","auriculatoides",-70.566666,19.016666,"dce00a1f-f6b4-4e11-9771-92c62c40ad80"
"Eleutherodactylus auriculatoides Noble, 1923","Eleutherodactylus","auriculatoides",-70.52366,19,"dce00a1f-f6b4-4e11-9771-92c62c40ad80"
"Eleutherodactylus auriculatoides Noble, 1923","Eleutherodactylus","auriculatoides",-70.43391,18.98333,"dce00a1f-f6b4-4e11-9771-92c62c40ad80"
"Eleutherodactylus auriculatoides Noble, 1923","Eleutherodactylus","auriculatoides",-70.6994296,18.8146988,"dce00a1f-f6b4-4e11-9771-92c62c40ad80"
"Eleutherodactylus auriculatoides Noble, 1923","Eleutherodactylus","auriculatoides",-70.7934318,18.9986898,"dce00a1f-f6b4-4e11-9771-92c62c40ad80"
"Eleutherodactylus audanti Cochran, 1934","Eleutherodactylus","audanti",-71.7800142,18.6929241,"dce00a1f-f6b4-4e11-9771-92c62c40ad80"
"Eleutherodactylus audanti Cochran, 1934","Eleutherodactylus","audanti",-71.7634537,18.6577058,"dce00a1f-f6b4-4e11-9771-92c62c40ad80"
"Eleutherodactylus audanti Cochran, 1934","Eleutherodactylus","audanti",-71.7904544,18.6887043,"dce00a1f-f6b4-4e11-9771-92c62c40ad80"
"Eleutherodactylus audanti Cochran, 1934","Eleutherodactylus","audanti",-70.7694313,18.9496922,"dce00a1f-f6b4-4e11-9771-92c62c40ad80"
"Eleutherodactylus audanti Cochran, 1934","Eleutherodactylus","audanti",-71.7004521,18.325722,"dce00a1f-f6b4-4e11-9771-92c62c40ad80"
"Eleutherodactylus audanti Cochran, 1934","Eleutherodactylus","audanti",-71.65978,18.32027,"dce00a1f-f6b4-4e11-9771-92c62c40ad80"
"Eleutherodactylus audanti Cochran, 1934","Eleutherodactylus","audanti",-71.6744515,18.3317217,"dce00a1f-f6b4-4e11-9771-92c62c40ad80"
"Eleutherodactylus audanti Cochran, 1934","Eleutherodactylus","audanti",-71.6859817,18.2954435,"dce00a1f-f6b4-4e11-9771-92c62c40ad80"
"Eleutherodactylus audanti Cochran, 1934","Eleutherodactylus","audanti",-71.6854517,18.3277219,"dce00a1f-f6b4-4e11-9771-92c62c40ad80"
"Eleutherodactylus audanti Cochran, 1934","Eleutherodactylus","audanti",-71.69321,18.28833,"dce00a1f-f6b4-4e11-9771-92c62c40ad80"
"Eleutherodactylus audanti Cochran, 1934","Eleutherodactylus","audanti",-71.703,18.303,"dce00a1f-f6b4-4e11-9771-92c62c40ad80"
"Eleutherodactylus audanti Cochran, 1934","Eleutherodactylus","audanti",-71.6999,18.28194,"dce00a1f-f6b4-4e11-9771-92c62c40ad80"
"Eleutherodactylus audanti Cochran, 1934","Eleutherodactylus","audanti",-71.70658,18.27555,"dce00a1f-f6b4-4e11-9771-92c62c40ad80"
"Eleutherodactylus audanti Cochran, 1934","Eleutherodactylus","audanti",-71.711,18.285,"dce00a1f-f6b4-4e11-9771-92c62c40ad80"
"Eleutherodactylus audanti Cochran, 1934","Eleutherodactylus","audanti",-71.71327,18.26917,"dce00a1f-f6b4-4e11-9771-92c62c40ad80"
"Eleutherodactylus audanti Cochran, 1934","Eleutherodactylus","audanti",-71.71719,18.26542,"dce00a1f-f6b4-4e11-9771-92c62c40ad80"
"Eleutherodactylus audanti Cochran, 1934","Eleutherodactylus","audanti",-71.80034,18.2375,"dce00a1f-f6b4-4e11-9771-92c62c40ad80"
"Eleutherodactylus audanti Cochran, 1934","Eleutherodactylus","audanti",-71.699452,18.1895086,"dce00a1f-f6b4-4e11-9771-92c62c40ad80"
"Eleutherodactylus audanti Cochran, 1934","Eleutherodactylus","audanti",-71.7284527,18.2667248,"dce00a1f-f6b4-4e11-9771-92c62c40ad80"
"Eleutherodactylus audanti Cochran, 1934","Eleutherodactylus","audanti",-71.724,18.278,"dce00a1f-f6b4-4e11-9771-92c62c40ad80"
"Eleutherodactylus audanti Cochran, 1934","Eleutherodactylus","audanti",-71.7294527,18.2803242,"dce00a1f-f6b4-4e11-9771-92c62c40ad80"
"Eleutherodactylus audanti Cochran, 1934","Eleutherodactylus","audanti",-71.699452,18.2758944,"dce00a1f-f6b4-4e11-9771-92c62c40ad80"
"Eleutherodactylus audanti Cochran, 1934","Eleutherodactylus","audanti",-71.71673,18.26381,"dce00a1f-f6b4-4e11-9771-92c62c40ad80"
"Eleutherodactylus audanti Cochran, 1934","Eleutherodactylus","audanti",-71.787781,18.331667,"dce00a1f-f6b4-4e11-9771-92c62c40ad80"
"Eleutherodactylus audanti Cochran, 1934","Eleutherodactylus","audanti",-71.933334,18.316668,"dce00a1f-f6b4-4e11-9771-92c62c40ad80"
"Eleutherodactylus audanti Cochran, 1934","Eleutherodactylus","audanti",-72.26667,18.433332,"dce00a1f-f6b4-4e11-9771-92c62c40ad80"
"Eleutherodactylus weinlandi Barbour, 1914","Eleutherodactylus","weinlandi",-70.3608623,19.6172503,"dce00a1f-f6b4-4e11-9771-92c62c40ad80"
"Eleutherodactylus weinlandi Barbour, 1914","Eleutherodactylus","weinlandi",-69.78333,19.23546,"dce00a1f-f6b4-4e11-9771-92c62c40ad80"
"Eleutherodactylus audanti Cochran, 1934","Eleutherodactylus","audanti",-72.25967,18.4229,"dce00a1f-f6b4-4e11-9771-92c62c40ad80"
"Eleutherodactylus audanti Cochran, 1934","Eleutherodactylus","audanti",-72.25872,18.42199,"dce00a1f-f6b4-4e11-9771-92c62c40ad80"
"Eleutherodactylus audanti Cochran, 1934","Eleutherodactylus","audanti",-72.300003,18.416668,"dce00a1f-f6b4-4e11-9771-92c62c40ad80"
"Eleutherodactylus audanti Cochran, 1934","Eleutherodactylus","audanti",-74.1,18.4986,"dce00a1f-f6b4-4e11-9771-92c62c40ad80"
"Eleutherodactylus atkinsi Dunn, 1925","Eleutherodactylus","atkinsi",-75.1143622,19.9195632,"dce00a1f-f6b4-4e11-9771-92c62c40ad80"
"Eleutherodactylus atkinsi Dunn, 1925","Eleutherodactylus","atkinsi",-75.1861339,19.9398222,"dce00a1f-f6b4-4e11-9771-92c62c40ad80"
"Eleutherodactylus armstrongi Noble & Hassler, 1933","Eleutherodactylus","armstrongi",-72.26667,18.433332,"dce00a1f-f6b4-4e11-9771-92c62c40ad80"
"Eleutherodactylus apostates Schwartz, 1973","Eleutherodactylus","apostates",-73.821,18.41118,"dce00a1f-f6b4-4e11-9771-92c62c40ad80"
"Eleutherodactylus armstrongi Noble & Hassler, 1933","Eleutherodactylus","armstrongi",-71.1949803,18.0007382,"dce00a1f-f6b4-4e11-9771-92c62c40ad80"
"Eleutherodactylus armstrongi Noble & Hassler, 1933","Eleutherodactylus","armstrongi",-71.2474416,18.1587305,"dce00a1f-f6b4-4e11-9771-92c62c40ad80"
"Eleutherodactylus antillensis (Reinhardt & Lütken, 1863)","Eleutherodactylus","antillensis",-66.641643,18.324049,"dce00a1f-f6b4-4e11-9771-92c62c40ad80"
"Eleutherodactylus antillensis (Reinhardt & Lütken, 1863)","Eleutherodactylus","antillensis",-67.03642,18.12332,"dce00a1f-f6b4-4e11-9771-92c62c40ad80"
"Eleutherodactylus antillensis (Reinhardt & Lütken, 1863)","Eleutherodactylus","antillensis",-67.1005,18.503,"dce00a1f-f6b4-4e11-9771-92c62c40ad80"
"Eleutherodactylus antillensis (Reinhardt & Lütken, 1863)","Eleutherodactylus","antillensis",-66.9677,18.4261,"dce00a1f-f6b4-4e11-9771-92c62c40ad80"
"Eleutherodactylus antillensis (Reinhardt & Lütken, 1863)","Eleutherodactylus","antillensis",-67.113074,18.038357,"dce00a1f-f6b4-4e11-9771-92c62c40ad80"
"Eleutherodactylus antillensis (Reinhardt & Lütken, 1863)","Eleutherodactylus","antillensis",-67.032783,18.406758,"dce00a1f-f6b4-4e11-9771-92c62c40ad80"
"Eleutherodactylus antillensis (Reinhardt & Lütken, 1863)","Eleutherodactylus","antillensis",-66.5807,18.3937,"dce00a1f-f6b4-4e11-9771-92c62c40ad80"
"Eleutherodactylus armstrongi Noble & Hassler, 1933","Eleutherodactylus","armstrongi",-71.2284111,18.0007382,"dce00a1f-f6b4-4e11-9771-92c62c40ad80"
"Eleutherodactylus armstrongi Noble & Hassler, 1933","Eleutherodactylus","armstrongi",-71.2390513,18.0007382,"dce00a1f-f6b4-4e11-9771-92c62c40ad80"
"Eleutherodactylus armstrongi Noble & Hassler, 1933","Eleutherodactylus","armstrongi",-71.2827724,18.126902,"dce00a1f-f6b4-4e11-9771-92c62c40ad80"
"Eleutherodactylus armstrongi Noble & Hassler, 1933","Eleutherodactylus","armstrongi",-71.2827724,18.1094528,"dce00a1f-f6b4-4e11-9771-92c62c40ad80"
"Eleutherodactylus armstrongi Noble & Hassler, 1933","Eleutherodactylus","armstrongi",-71.267442,17.96374,"dce00a1f-f6b4-4e11-9771-92c62c40ad80"
"Eleutherodactylus armstrongi Noble & Hassler, 1933","Eleutherodactylus","armstrongi",-71.0762177,18.1170726,"dce00a1f-f6b4-4e11-9771-92c62c40ad80"
"Eleutherodactylus armstrongi Noble & Hassler, 1933","Eleutherodactylus","armstrongi",-71.2544418,18.1337317,"dce00a1f-f6b4-4e11-9771-92c62c40ad80"
"Eleutherodactylus armstrongi Noble & Hassler, 1933","Eleutherodactylus","armstrongi",-71.2794423,18.1117327,"dce00a1f-f6b4-4e11-9771-92c62c40ad80"
"Eleutherodactylus armstrongi Noble & Hassler, 1933","Eleutherodactylus","armstrongi",-71.263442,18.1317318,"dce00a1f-f6b4-4e11-9771-92c62c40ad80"
"Eleutherodactylus armstrongi Noble & Hassler, 1933","Eleutherodactylus","armstrongi",-71.1404391,18.0257371,"dce00a1f-f6b4-4e11-9771-92c62c40ad80"
"Eleutherodactylus armstrongi Noble & Hassler, 1933","Eleutherodactylus","armstrongi",-71.1194387,18.0447361,"dce00a1f-f6b4-4e11-9771-92c62c40ad80"
"Eleutherodactylus armstrongi Noble & Hassler, 1933","Eleutherodactylus","armstrongi",-71.0994363,18.2173947,"dce00a1f-f6b4-4e11-9771-92c62c40ad80"
"Eleutherodactylus armstrongi Noble & Hassler, 1933","Eleutherodactylus","armstrongi",-72.300003,18.416668,"dce00a1f-f6b4-4e11-9771-92c62c40ad80"
"Eleutherodactylus apostates Schwartz, 1973","Eleutherodactylus","apostates",-74.1,18.49408,"dce00a1f-f6b4-4e11-9771-92c62c40ad80"
"Eleutherodactylus apostates Schwartz, 1973","Eleutherodactylus","apostates",-74.1,18.4986,"dce00a1f-f6b4-4e11-9771-92c62c40ad80"
"Eleutherodactylus antillensis (Reinhardt & Lütken, 1863)","Eleutherodactylus","antillensis",-65.47647,18.11917,"dce00a1f-f6b4-4e11-9771-92c62c40ad80"
"Eleutherodactylus antillensis (Reinhardt & Lütken, 1863)","Eleutherodactylus","antillensis",-65.4738,18.141,"dce00a1f-f6b4-4e11-9771-92c62c40ad80"
"Eleutherodactylus antillensis (Reinhardt & Lütken, 1863)","Eleutherodactylus","antillensis",-65.48194,18.1125,"dce00a1f-f6b4-4e11-9771-92c62c40ad80"
"Eleutherodactylus antillensis (Reinhardt & Lütken, 1863)","Eleutherodactylus","antillensis",-66.8849,18.011,"dce00a1f-f6b4-4e11-9771-92c62c40ad80"
"Eleutherodactylus alcoae Schwartz, 1971","Eleutherodactylus","alcoae",-71.749453,18.121312,"dce00a1f-f6b4-4e11-9771-92c62c40ad80"
"Eleutherodactylus antillensis (Reinhardt & Lütken, 1863)","Eleutherodactylus","antillensis",-65.82583,18.28967,"dce00a1f-f6b4-4e11-9771-92c62c40ad80"
"Eleutherodactylus alcoae Schwartz, 1971","Eleutherodactylus","alcoae",-71.6494507,18.0837339,"dce00a1f-f6b4-4e11-9771-92c62c40ad80"
"Eleutherodactylus alcoae Schwartz, 1971","Eleutherodactylus","alcoae",-71.5058373,17.9151822,"dce00a1f-f6b4-4e11-9771-92c62c40ad80"
"Eleutherodactylus antillensis (Reinhardt & Lütken, 1863)","Eleutherodactylus","antillensis",-66.154983,18.184166,"dce00a1f-f6b4-4e11-9771-92c62c40ad80"
"Eleutherodactylus alcoae Schwartz, 1971","Eleutherodactylus","alcoae",-71.6525107,17.9513004,"dce00a1f-f6b4-4e11-9771-92c62c40ad80"
"Eleutherodactylus alcoae Schwartz, 1971","Eleutherodactylus","alcoae",-71.6530807,17.9771891,"dce00a1f-f6b4-4e11-9771-92c62c40ad80"
"Eleutherodactylus alcoae Schwartz, 1971","Eleutherodactylus","alcoae",-71.6294103,18.1029029,"dce00a1f-f6b4-4e11-9771-92c62c40ad80"
"Eleutherodactylus alcoae Schwartz, 1971","Eleutherodactylus","alcoae",-71.182774,17.9674069,"dce00a1f-f6b4-4e11-9771-92c62c40ad80"
"Eleutherodactylus alcoae Schwartz, 1971","Eleutherodactylus","alcoae",-72.066666,18.233334,"dce00a1f-f6b4-4e11-9771-92c62c40ad80"
"Eleutherodactylus weinlandi Barbour, 1914","Eleutherodactylus","weinlandi",-70.1593575,19.0942955,"dce00a1f-f6b4-4e11-9771-92c62c40ad80"
"Eleutherodactylus weinlandi Barbour, 1914","Eleutherodactylus","weinlandi",-70.1599276,19.2414984,"dce00a1f-f6b4-4e11-9771-92c62c40ad80"
"Eleutherodactylus glaphycompus Schwartz, 1973","Eleutherodactylus","glaphycompus",-73.62163,18.38809,"dce00a1f-f6b4-4e11-9771-92c62c40ad80"
"Eleutherodactylus glaphycompus Schwartz, 1973","Eleutherodactylus","glaphycompus",-73.63441,18.40029,"dce00a1f-f6b4-4e11-9771-92c62c40ad80"
"Eleutherodactylus glaphycompus Schwartz, 1973","Eleutherodactylus","glaphycompus",-73.63635,18.40214,"dce00a1f-f6b4-4e11-9771-92c62c40ad80"
"Eleutherodactylus glaphycompus Schwartz, 1973","Eleutherodactylus","glaphycompus",-73.6322,18.39818,"dce00a1f-f6b4-4e11-9771-92c62c40ad80"
"Eleutherodactylus glaphycompus Schwartz, 1973","Eleutherodactylus","glaphycompus",-73.63762,18.40336,"dce00a1f-f6b4-4e11-9771-92c62c40ad80"
"Eleutherodactylus glaphycompus Schwartz, 1973","Eleutherodactylus","glaphycompus",-74.099998,18.516666,"dce00a1f-f6b4-4e11-9771-92c62c40ad80"
"Eleutherodactylus glaphycompus Schwartz, 1973","Eleutherodactylus","glaphycompus",-72.19391,18.35,"dce00a1f-f6b4-4e11-9771-92c62c40ad80"
"Eleutherodactylus probolaeus Schwartz, 1965","Eleutherodactylus","probolaeus",-68.3685439,18.5157143,"dce00a1f-f6b4-4e11-9771-92c62c40ad80"
"Eleutherodactylus caribe Hedges & Thomas, 1992","Eleutherodactylus","caribe",-74.4178477,18.5415424,"dce00a1f-f6b4-4e11-9771-92c62c40ad80"
"Eleutherodactylus dolomedes Hedges & Thomas, 1992","Eleutherodactylus","dolomedes",-74.06015,18.30366,"dce00a1f-f6b4-4e11-9771-92c62c40ad80"
"Eleutherodactylus paulsoni Schwartz, 1964","Eleutherodactylus","paulsoni",-73.79556,18.49594,"dce00a1f-f6b4-4e11-9771-92c62c40ad80"
"Eleutherodactylus corona Hedges & Thomas, 1992","Eleutherodactylus","corona",-74.06015,18.30366,"dce00a1f-f6b4-4e11-9771-92c62c40ad80"
"Eleutherodactylus mariposa Hedges, Estrada & Thomas, 1992","Eleutherodactylus","mariposa",-75.23112,20.348,"dce00a1f-f6b4-4e11-9771-92c62c40ad80"
"Eleutherodactylus melacara Hedges, Estrada & Thomas, 1992","Eleutherodactylus","melacara",-76.83333,19.98333,"dce00a1f-f6b4-4e11-9771-92c62c40ad80"
"Eleutherodactylus armstrongi Noble & Hassler, 1933","Eleutherodactylus","armstrongi",-71.1734398,17.9887389,"dce00a1f-f6b4-4e11-9771-92c62c40ad80"
"Eleutherodactylus abbotti Cochran, 1923","Eleutherodactylus","abbotti",-71.1734398,17.9887389,"dce00a1f-f6b4-4e11-9771-92c62c40ad80"
"Eleutherodactylus locustus Schmidt, 1920","Eleutherodactylus","locustus",-65.79361,18.31389,"dce00a1f-f6b4-4e11-9771-92c62c40ad80"
"Eleutherodactylus coqui Thomas, 1966","Eleutherodactylus","coqui",-66.05028,18.39944,"dce00a1f-f6b4-4e11-9771-92c62c40ad80"
"Eleutherodactylus coqui Thomas, 1966","Eleutherodactylus","coqui",-66.83222,18.1825,"dce00a1f-f6b4-4e11-9771-92c62c40ad80"
"Eleutherodactylus cochranae Grant, 1932","Eleutherodactylus","cochranae",-66.05028,18.39944,"dce00a1f-f6b4-4e11-9771-92c62c40ad80"
"Eleutherodactylus cooki Grant, 1932","Eleutherodactylus","cooki",-65.9,18.03333,"dce00a1f-f6b4-4e11-9771-92c62c40ad80"
"Eleutherodactylus antillensis (Reinhardt & Lütken, 1863)","Eleutherodactylus","antillensis",-66.05028,18.39944,"dce00a1f-f6b4-4e11-9771-92c62c40ad80"
"Eleutherodactylus varleyi Dunn, 1925","Eleutherodactylus","varleyi",-75.59493,20.08333,"dce00a1f-f6b4-4e11-9771-92c62c40ad80"
"Eleutherodactylus varleyi Dunn, 1925","Eleutherodactylus","varleyi",-75.6236,20.0833,"dce00a1f-f6b4-4e11-9771-92c62c40ad80"
"Eleutherodactylus thomasi Schwartz, 1959","Eleutherodactylus","thomasi",-77.92861,21.69111,"dce00a1f-f6b4-4e11-9771-92c62c40ad80"
"Eleutherodactylus cuneatus (Cope, 1862)","Eleutherodactylus","cuneatus",-75.69722,20.09903,"dce00a1f-f6b4-4e11-9771-92c62c40ad80"
"Eleutherodactylus cuneatus (Cope, 1862)","Eleutherodactylus","cuneatus",-74.59677,20.41323,"dce00a1f-f6b4-4e11-9771-92c62c40ad80"
"Eleutherodactylus ricordii (Duméril & Bibron, 1841)","Eleutherodactylus","ricordii",-75.69722,20.09903,"dce00a1f-f6b4-4e11-9771-92c62c40ad80"
"Eleutherodactylus planirostris (Cope, 1862)","Eleutherodactylus","planirostris",-77.86223,21.06161,"dce00a1f-f6b4-4e11-9771-92c62c40ad80"
"Eleutherodactylus planirostris (Cope, 1862)","Eleutherodactylus","planirostris",-74.67083,20.51917,"dce00a1f-f6b4-4e11-9771-92c62c40ad80"
"Eleutherodactylus planirostris (Cope, 1862)","Eleutherodactylus","planirostris",-74.5431,20.35,"dce00a1f-f6b4-4e11-9771-92c62c40ad80"
"Eleutherodactylus pinarensis Dunn, 1926","Eleutherodactylus","pinarensis",-82.80435,21.88333,"dce00a1f-f6b4-4e11-9771-92c62c40ad80"
"Eleutherodactylus klinikowskii Schwartz, 1959","Eleutherodactylus","klinikowskii",-83.8622,22.5667,"dce00a1f-f6b4-4e11-9771-92c62c40ad80"
"Eleutherodactylus auriculatus (Cope, 1862)","Eleutherodactylus","auriculatus",-75.6236,20.0833,"dce00a1f-f6b4-4e11-9771-92c62c40ad80"
"Eleutherodactylus atkinsi Dunn, 1925","Eleutherodactylus","atkinsi",-83.09778,21.49944,"dce00a1f-f6b4-4e11-9771-92c62c40ad80"
"Eleutherodactylus atkinsi Dunn, 1925","Eleutherodactylus","atkinsi",-82.80435,21.88333,"dce00a1f-f6b4-4e11-9771-92c62c40ad80"
"Eleutherodactylus atkinsi Dunn, 1925","Eleutherodactylus","atkinsi",-82.82899,21.57535,"dce00a1f-f6b4-4e11-9771-92c62c40ad80"
"Eleutherodactylus portoricensis Schmidt, 1927","Eleutherodactylus","portoricensis",-65.79167,18.3125,"dce00a1f-f6b4-4e11-9771-92c62c40ad80"
"Eleutherodactylus coqui Thomas, 1966","Eleutherodactylus","coqui",-65.79167,18.3125,"dce00a1f-f6b4-4e11-9771-92c62c40ad80"
"Eleutherodactylus wightmanae Schmidt, 1920","Eleutherodactylus","wightmanae",-65.79167,18.3125,"dce00a1f-f6b4-4e11-9771-92c62c40ad80"
"Eleutherodactylus portoricensis Schmidt, 1927","Eleutherodactylus","portoricensis",-65.77056,18.2816,"dce00a1f-f6b4-4e11-9771-92c62c40ad80"
"Eleutherodactylus coqui Thomas, 1966","Eleutherodactylus","coqui",-65.82583,18.196,"dce00a1f-f6b4-4e11-9771-92c62c40ad80"
"Eleutherodactylus coqui Thomas, 1966","Eleutherodactylus","coqui",-65.77056,18.27708,"dce00a1f-f6b4-4e11-9771-92c62c40ad80"
"Eleutherodactylus coqui Thomas, 1966","Eleutherodactylus","coqui",-66.77056,18.28612,"dce00a1f-f6b4-4e11-9771-92c62c40ad80"
"Eleutherodactylus weinlandi Barbour, 1914","Eleutherodactylus","weinlandi",-69.8511302,18.4673861,"dce00a1f-f6b4-4e11-9771-92c62c40ad80"
"Eleutherodactylus antillensis (Reinhardt & Lütken, 1863)","Eleutherodactylus","antillensis",-67.08621,18.15165,"dce00a1f-f6b4-4e11-9771-92c62c40ad80"
"Eleutherodactylus coqui Thomas, 1966","Eleutherodactylus","coqui",-65.82583,18.28967,"dce00a1f-f6b4-4e11-9771-92c62c40ad80"
"Eleutherodactylus paulsoni Schwartz, 1964","Eleutherodactylus","paulsoni",-73.7898,18.23804,"dce00a1f-f6b4-4e11-9771-92c62c40ad80"
"Eleutherodactylus patriciae Schwartz, 1965","Eleutherodactylus","patriciae",-70.60955,18.72973,"dce00a1f-f6b4-4e11-9771-92c62c40ad80"
"Eleutherodactylus wightmanae Schmidt, 1920","Eleutherodactylus","wightmanae",-65.78333,18.3,"dce00a1f-f6b4-4e11-9771-92c62c40ad80"
"Eleutherodactylus richmondi Stejneger, 1904","Eleutherodactylus","richmondi",-65.78333,18.3,"dce00a1f-f6b4-4e11-9771-92c62c40ad80"
"Eleutherodactylus locustus Schmidt, 1920","Eleutherodactylus","locustus",-65.78333,18.3,"dce00a1f-f6b4-4e11-9771-92c62c40ad80"
"Eleutherodactylus karlschmidti Grant, 1931","Eleutherodactylus","karlschmidti",-65.78333,18.3,"dce00a1f-f6b4-4e11-9771-92c62c40ad80"
"Eleutherodactylus eneidae Rivero, 1959","Eleutherodactylus","eneidae",-65.78333,18.3,"dce00a1f-f6b4-4e11-9771-92c62c40ad80"
"Eleutherodactylus limbatus (Cope, 1862)","Eleutherodactylus","limbatus",-75.46667,20.41667,"dce00a1f-f6b4-4e11-9771-92c62c40ad80"
"Eleutherodactylus atkinsi Dunn, 1925","Eleutherodactylus","atkinsi",-82.8,21.88333,"dce00a1f-f6b4-4e11-9771-92c62c40ad80"
"Eleutherodactylus fowleri Schwartz, 1973","Eleutherodactylus","fowleri",-71.73118,18.25206,"dce00a1f-f6b4-4e11-9771-92c62c40ad80"
"Eleutherodactylus abbotti Cochran, 1923","Eleutherodactylus","abbotti",-71.7,18.75452,"dce00a1f-f6b4-4e11-9771-92c62c40ad80"
"Eleutherodactylus martinicensis (Tschudi, 1838)","Eleutherodactylus","martinicensis",-61.364444,15.520278,"b6015b60-6f96-43a9-88e5-2f41854e8f07"
"Eleutherodactylus planirostris (Cope, 1862)","Eleutherodactylus","planirostris",-74.47,24.12,"7a25f7aa-03fb-4322-aaeb-66719e1a9527"
"Eleutherodactylus armstrongi Noble & Hassler, 1933","Eleutherodactylus","armstrongi",-71.17,18.31,"7a25f7aa-03fb-4322-aaeb-66719e1a9527"
"Eleutherodactylus inoptatus (Barbour, 1914)","Eleutherodactylus","inoptatus",-71.17,18.31,"7a25f7aa-03fb-4322-aaeb-66719e1a9527"
"Eleutherodactylus flavescens Noble, 1923","Eleutherodactylus","flavescens",-69.59,19.25,"7a25f7aa-03fb-4322-aaeb-66719e1a9527"
"Eleutherodactylus leoncei Shreve & Williams, 1963","Eleutherodactylus","leoncei",-71.79,18.33,"7a25f7aa-03fb-4322-aaeb-66719e1a9527"
"Eleutherodactylus pictissimus Cochran, 1935","Eleutherodactylus","pictissimus",-73.8,18.22,"7a25f7aa-03fb-4322-aaeb-66719e1a9527"
"Eleutherodactylus audanti Cochran, 1934","Eleutherodactylus","audanti",-72.29,18.41,"7a25f7aa-03fb-4322-aaeb-66719e1a9527"
"Eleutherodactylus armstrongi Noble & Hassler, 1933","Eleutherodactylus","armstrongi",-72.29,18.41,"7a25f7aa-03fb-4322-aaeb-66719e1a9527"
"Eleutherodactylus inoptatus (Barbour, 1914)","Eleutherodactylus","inoptatus",-72.29,18.41,"7a25f7aa-03fb-4322-aaeb-66719e1a9527"
"Eleutherodactylus jasperi Drewry & Jones, 1976","Eleutherodactylus","jasperi",-66.18,18.09,"7a25f7aa-03fb-4322-aaeb-66719e1a9527"
"Eleutherodactylus dimidiatus (Cope, 1862)","Eleutherodactylus","dimidiatus",-76.83,19.98,"7a25f7aa-03fb-4322-aaeb-66719e1a9527"
"Eleutherodactylus weinlandi Barbour, 1914","Eleutherodactylus","weinlandi",-69.9,19.19,"7a25f7aa-03fb-4322-aaeb-66719e1a9527"
"Eleutherodactylus flavescens Noble, 1923","Eleutherodactylus","flavescens",-68.61,18.38,"7a25f7aa-03fb-4322-aaeb-66719e1a9527"
"Eleutherodactylus armstrongi Noble & Hassler, 1933","Eleutherodactylus","armstrongi",-71.15,18.16,"7a25f7aa-03fb-4322-aaeb-66719e1a9527"
"Eleutherodactylus hypostenor Schwartz, 1965","Eleutherodactylus","hypostenor",-71.26,18.12,"7a25f7aa-03fb-4322-aaeb-66719e1a9527"
"Eleutherodactylus schmidti Noble, 1923","Eleutherodactylus","schmidti",-70.46,19.02,"7a25f7aa-03fb-4322-aaeb-66719e1a9527"
"Eleutherodactylus patriciae Schwartz, 1965","Eleutherodactylus","patriciae",-70.65,18.97,"7a25f7aa-03fb-4322-aaeb-66719e1a9527"
"Eleutherodactylus patriciae Schwartz, 1965","Eleutherodactylus","patriciae",-70.62,18.86,"7a25f7aa-03fb-4322-aaeb-66719e1a9527"
"Eleutherodactylus montanus Schmidt, 1919","Eleutherodactylus","montanus",-70.79,18.97,"7a25f7aa-03fb-4322-aaeb-66719e1a9527"
"Eleutherodactylus montanus Schmidt, 1919","Eleutherodactylus","montanus",-70.62,18.86,"7a25f7aa-03fb-4322-aaeb-66719e1a9527"
"Eleutherodactylus brittoni Schmidt, 1920","Eleutherodactylus","brittoni",-66.74,18,"7a25f7aa-03fb-4322-aaeb-66719e1a9527"
"Eleutherodactylus antillensis (Reinhardt & Lütken, 1863)","Eleutherodactylus","antillensis",-66,18.44,"7a25f7aa-03fb-4322-aaeb-66719e1a9527"
"Eleutherodactylus locustus Schmidt, 1920","Eleutherodactylus","locustus",-65.79,18.3,"7a25f7aa-03fb-4322-aaeb-66719e1a9527"
"Eleutherodactylus wightmanae Schmidt, 1920","Eleutherodactylus","wightmanae",-65.79,18.3,"7a25f7aa-03fb-4322-aaeb-66719e1a9527"
"Eleutherodactylus eneidae Rivero, 1959","Eleutherodactylus","eneidae",-65.79,18.3,"7a25f7aa-03fb-4322-aaeb-66719e1a9527"
"Eleutherodactylus richmondi Stejneger, 1904","Eleutherodactylus","richmondi",-65.79,18.3,"7a25f7aa-03fb-4322-aaeb-66719e1a9527"
"Eleutherodactylus portoricensis Schmidt, 1927","Eleutherodactylus","portoricensis",-65.79,18.3,"7a25f7aa-03fb-4322-aaeb-66719e1a9527"
"Eleutherodactylus karlschmidti Grant, 1931","Eleutherodactylus","karlschmidti",-65.79,18.3,"7a25f7aa-03fb-4322-aaeb-66719e1a9527"
"Eleutherodactylus cuneatus (Cope, 1862)","Eleutherodactylus","cuneatus",-83.4,22.28,"7a25f7aa-03fb-4322-aaeb-66719e1a9527"
"Eleutherodactylus planirostris (Cope, 1862)","Eleutherodactylus","planirostris",-83.4,22.28,"7a25f7aa-03fb-4322-aaeb-66719e1a9527"
"Eleutherodactylus spec Duellman & Simmons, 1977","Eleutherodactylus","spec",-65.79,18.31,"7a25f7aa-03fb-4322-aaeb-66719e1a9527"
"Eleutherodactylus antillensis (Reinhardt & Lütken, 1863)","Eleutherodactylus","antillensis",-65.83,18.34,"7a25f7aa-03fb-4322-aaeb-66719e1a9527"
"Eleutherodactylus wightmanae Schmidt, 1920","Eleutherodactylus","wightmanae",-65.83,18.34,"7a25f7aa-03fb-4322-aaeb-66719e1a9527"
"Eleutherodactylus richmondi Stejneger, 1904","Eleutherodactylus","richmondi",-65.83,18.34,"7a25f7aa-03fb-4322-aaeb-66719e1a9527"
"Eleutherodactylus karlschmidti Grant, 1931","Eleutherodactylus","karlschmidti",-65.83,18.34,"7a25f7aa-03fb-4322-aaeb-66719e1a9527"
"Eleutherodactylus eneidae Rivero, 1959","Eleutherodactylus","eneidae",-65.83,18.34,"7a25f7aa-03fb-4322-aaeb-66719e1a9527"
"Eleutherodactylus coqui Thomas, 1966","Eleutherodactylus","coqui",-65.83,18.34,"7a25f7aa-03fb-4322-aaeb-66719e1a9527"
"Eleutherodactylus portoricensis Schmidt, 1927","Eleutherodactylus","portoricensis",-65.83,18.34,"7a25f7aa-03fb-4322-aaeb-66719e1a9527"
"Eleutherodactylus coqui Thomas, 1966","Eleutherodactylus","coqui",-65.796638,18.260907,"50c9509d-22c7-4a22-a47d-8c48425ef4a7"
"Eleutherodactylus planirostris (Cope, 1862)","Eleutherodactylus","planirostris",-81.2503,19.355478,"50c9509d-22c7-4a22-a47d-8c48425ef4a7"
"Eleutherodactylus portoricensis Schmidt, 1927","Eleutherodactylus","portoricensis",-66.101413,18.056887,"50c9509d-22c7-4a22-a47d-8c48425ef4a7"
"Eleutherodactylus johnstonei Barbour, 1914","Eleutherodactylus","johnstonei",-61.784896,17.617435,"50c9509d-22c7-4a22-a47d-8c48425ef4a7"
"Eleutherodactylus coqui Thomas, 1966","Eleutherodactylus","coqui",-66.00547,18.367197,"50c9509d-22c7-4a22-a47d-8c48425ef4a7"
"Eleutherodactylus coqui Thomas, 1966","Eleutherodactylus","coqui",-65.943559,18.23342,"50c9509d-22c7-4a22-a47d-8c48425ef4a7"
"Eleutherodactylus portoricensis Schmidt, 1927","Eleutherodactylus","portoricensis",-65.737676,18.220007,"50c9509d-22c7-4a22-a47d-8c48425ef4a7"
"Eleutherodactylus johnstonei Barbour, 1914","Eleutherodactylus","johnstonei",-61.783522,17.615362,"50c9509d-22c7-4a22-a47d-8c48425ef4a7"
"Eleutherodactylus cochranae Grant, 1932","Eleutherodactylus","cochranae",-66.066528,18.446214,"50c9509d-22c7-4a22-a47d-8c48425ef4a7"
"Eleutherodactylus antillensis (Reinhardt & Lütken, 1863)","Eleutherodactylus","antillensis",-66.108397,18.176857,"50c9509d-22c7-4a22-a47d-8c48425ef4a7"
"Eleutherodactylus portoricensis Schmidt, 1927","Eleutherodactylus","portoricensis",-66.043268,18.170993,"50c9509d-22c7-4a22-a47d-8c48425ef4a7"
"Eleutherodactylus coqui Thomas, 1966","Eleutherodactylus","coqui",-65.796853,18.260958,"50c9509d-22c7-4a22-a47d-8c48425ef4a7"
"Eleutherodactylus antillensis (Reinhardt & Lütken, 1863)","Eleutherodactylus","antillensis",-65.4525,18.137315,"50c9509d-22c7-4a22-a47d-8c48425ef4a7"
"Eleutherodactylus coqui Thomas, 1966","Eleutherodactylus","coqui",-65.830957,18.341719,"50c9509d-22c7-4a22-a47d-8c48425ef4a7"
"Eleutherodactylus portoricensis Schmidt, 1927","Eleutherodactylus","portoricensis",-65.927273,18.273031,"50c9509d-22c7-4a22-a47d-8c48425ef4a7"
"Eleutherodactylus coqui Thomas, 1966","Eleutherodactylus","coqui",-65.796888,18.260942,"50c9509d-22c7-4a22-a47d-8c48425ef4a7"
"Eleutherodactylus coqui Thomas, 1966","Eleutherodactylus","coqui",-65.990615,18.325472,"50c9509d-22c7-4a22-a47d-8c48425ef4a7"
"Eleutherodactylus coqui Thomas, 1966","Eleutherodactylus","coqui",-65.799242,18.265419,"50c9509d-22c7-4a22-a47d-8c48425ef4a7"
"Eleutherodactylus portoricensis Schmidt, 1927","Eleutherodactylus","portoricensis",-65.77795,18.272617,"50c9509d-22c7-4a22-a47d-8c48425ef4a7"
"Eleutherodactylus brittoni Schmidt, 1920","Eleutherodactylus","brittoni",-65.785653,18.300558,"50c9509d-22c7-4a22-a47d-8c48425ef4a7"
"Eleutherodactylus antillensis (Reinhardt & Lütken, 1863)","Eleutherodactylus","antillensis",-65.831003,18.341623,"50c9509d-22c7-4a22-a47d-8c48425ef4a7"
"Eleutherodactylus antillensis (Reinhardt & Lütken, 1863)","Eleutherodactylus","antillensis",-65.830984,18.341652,"50c9509d-22c7-4a22-a47d-8c48425ef4a7"
"Eleutherodactylus antillensis (Reinhardt & Lütken, 1863)","Eleutherodactylus","antillensis",-65.976438,18.404176,"50c9509d-22c7-4a22-a47d-8c48425ef4a7"
"Eleutherodactylus richmondi Stejneger, 1904","Eleutherodactylus","richmondi",-65.815762,18.368873,"50c9509d-22c7-4a22-a47d-8c48425ef4a7"
"Eleutherodactylus antillensis (Reinhardt & Lütken, 1863)","Eleutherodactylus","antillensis",-66.758499,18.199871,"50c9509d-22c7-4a22-a47d-8c48425ef4a7"
"Eleutherodactylus inoptatus (Barbour, 1914)","Eleutherodactylus","inoptatus",-71.190461,18.099388,"50c9509d-22c7-4a22-a47d-8c48425ef4a7"
"Eleutherodactylus antillensis (Reinhardt & Lütken, 1863)","Eleutherodactylus","antillensis",-67.129722,18.225687,"50c9509d-22c7-4a22-a47d-8c48425ef4a7"
"Eleutherodactylus coqui Thomas, 1966","Eleutherodactylus","coqui",-65.815959,18.333303,"50c9509d-22c7-4a22-a47d-8c48425ef4a7"
"Eleutherodactylus auriculatus (Cope, 1862)","Eleutherodactylus","auriculatus",-74.682124,20.512259,"50c9509d-22c7-4a22-a47d-8c48425ef4a7"
"Eleutherodactylus coqui Thomas, 1966","Eleutherodactylus","coqui",-66.02828,18.386574,"50c9509d-22c7-4a22-a47d-8c48425ef4a7"
"Eleutherodactylus brittoni Schmidt, 1920","Eleutherodactylus","brittoni",-65.796638,18.260907,"50c9509d-22c7-4a22-a47d-8c48425ef4a7"
"Eleutherodactylus johnstonei Barbour, 1914","Eleutherodactylus","johnstonei",-60.98637,14.510497,"50c9509d-22c7-4a22-a47d-8c48425ef4a7"
"Eleutherodactylus brittoni Schmidt, 1920","Eleutherodactylus","brittoni",-65.797242,18.261353,"50c9509d-22c7-4a22-a47d-8c48425ef4a7"
"Eleutherodactylus locustus Schmidt, 1920","Eleutherodactylus","locustus",-65.959691,18.309678,"50c9509d-22c7-4a22-a47d-8c48425ef4a7"
"Eleutherodactylus unicolor Stejneger, 1904","Eleutherodactylus","unicolor",-65.736643,18.207821,"50c9509d-22c7-4a22-a47d-8c48425ef4a7"
"Eleutherodactylus principalis Estrada & Hedges, 1997","Eleutherodactylus","principalis",-74.780402,20.49135,"50c9509d-22c7-4a22-a47d-8c48425ef4a7"
"Eleutherodactylus coqui Thomas, 1966","Eleutherodactylus","coqui",-65.7967,18.26077,"50c9509d-22c7-4a22-a47d-8c48425ef4a7"
"Eleutherodactylus antillensis (Reinhardt & Lütken, 1863)","Eleutherodactylus","antillensis",-66.036921,18.261866,"50c9509d-22c7-4a22-a47d-8c48425ef4a7"
"Eleutherodactylus antillensis (Reinhardt & Lütken, 1863)","Eleutherodactylus","antillensis",-66.028809,18.388037,"50c9509d-22c7-4a22-a47d-8c48425ef4a7"
"Eleutherodactylus weinlandi Barbour, 1914","Eleutherodactylus","weinlandi",-69.971071,19.664391,"50c9509d-22c7-4a22-a47d-8c48425ef4a7"
"Eleutherodactylus martinicensis (Tschudi, 1838)","Eleutherodactylus","martinicensis",-61.02727,14.661407,"50c9509d-22c7-4a22-a47d-8c48425ef4a7"
"Eleutherodactylus planirostris (Cope, 1862)","Eleutherodactylus","planirostris",-81.361806,19.282398,"50c9509d-22c7-4a22-a47d-8c48425ef4a7"
"Eleutherodactylus johnstonei Barbour, 1914","Eleutherodactylus","johnstonei",-61.109987,14.62842,"50c9509d-22c7-4a22-a47d-8c48425ef4a7"
"Eleutherodactylus antillensis (Reinhardt & Lütken, 1863)","Eleutherodactylus","antillensis",-66.028778,18.388028,"50c9509d-22c7-4a22-a47d-8c48425ef4a7"
"Eleutherodactylus coqui Thomas, 1966","Eleutherodactylus","coqui",-66.184259,18.152195,"50c9509d-22c7-4a22-a47d-8c48425ef4a7"
"Eleutherodactylus coqui Thomas, 1966","Eleutherodactylus","coqui",-66.67475,18.419454,"50c9509d-22c7-4a22-a47d-8c48425ef4a7"
"Eleutherodactylus planirostris (Cope, 1862)","Eleutherodactylus","planirostris",-81.325909,19.303003,"50c9509d-22c7-4a22-a47d-8c48425ef4a7"
"Eleutherodactylus coqui Thomas, 1966","Eleutherodactylus","coqui",-65.980814,18.196556,"50c9509d-22c7-4a22-a47d-8c48425ef4a7"
"Eleutherodactylus coqui Thomas, 1966","Eleutherodactylus","coqui",-65.794961,18.30272,"50c9509d-22c7-4a22-a47d-8c48425ef4a7"
"Eleutherodactylus abbotti Cochran, 1923","Eleutherodactylus","abbotti",-69.455758,19.059747,"50c9509d-22c7-4a22-a47d-8c48425ef4a7"
"Eleutherodactylus johnstonei Barbour, 1914","Eleutherodactylus","johnstonei",-60.986387,14.510455,"50c9509d-22c7-4a22-a47d-8c48425ef4a7"
"Eleutherodactylus martinicensis (Tschudi, 1838)","Eleutherodactylus","martinicensis",-61.061774,14.829094,"50c9509d-22c7-4a22-a47d-8c48425ef4a7"
"Eleutherodactylus coqui Thomas, 1966","Eleutherodactylus","coqui",-66.129186,18.235317,"50c9509d-22c7-4a22-a47d-8c48425ef4a7"
"Eleutherodactylus coqui Thomas, 1966","Eleutherodactylus","coqui",-66.280349,18.410815,"50c9509d-22c7-4a22-a47d-8c48425ef4a7"
"Eleutherodactylus riparius Estrada & Hedges, 1998","Eleutherodactylus","riparius",-83.5,22.7,"821cc27a-e3bb-4bc5-ac34-89ada245069d"
"Eleutherodactylus limbensis Lynn, 1958","Eleutherodactylus","limbensis",-72.4169694,19.6706568,"821cc27a-e3bb-4bc5-ac34-89ada245069d"
"Eleutherodactylus audanti Cochran, 1934","Eleutherodactylus","audanti",-72.2872655,18.4118174,"821cc27a-e3bb-4bc5-ac34-89ada245069d"
"Eleutherodactylus haitianus Barbour, 1942","Eleutherodactylus","haitianus",-70.9580356,19.0448875,"821cc27a-e3bb-4bc5-ac34-89ada245069d"
"Eleutherodactylus poolei Cochran, 1938","Eleutherodactylus","poolei",-72.23,19.58,"821cc27a-e3bb-4bc5-ac34-89ada245069d"
"Eleutherodactylus pinarensis Dunn, 1926","Eleutherodactylus","pinarensis",-83.1833,22.75,"821cc27a-e3bb-4bc5-ac34-89ada245069d"
"Eleutherodactylus inoptatus (Barbour, 1914)","Eleutherodactylus","inoptatus",-69.3167,19.2333,"821cc27a-e3bb-4bc5-ac34-89ada245069d"
"Eleutherodactylus atkinsi Dunn, 1925","Eleutherodactylus","atkinsi",-76.75,20,"821cc27a-e3bb-4bc5-ac34-89ada245069d"
"Eleutherodactylus haitianus Barbour, 1942","Eleutherodactylus","haitianus",-70.6833,18.8,"821cc27a-e3bb-4bc5-ac34-89ada245069d"
"Eleutherodactylus coqui Thomas, 1966","Eleutherodactylus","coqui",-66.2664,18.1419,"821cc27a-e3bb-4bc5-ac34-89ada245069d"
"Eleutherodactylus limbatus (Cope, 1862)","Eleutherodactylus","limbatus",-83.3697,22.6467,"821cc27a-e3bb-4bc5-ac34-89ada245069d"
"Eleutherodactylus antillensis (Reinhardt & Lütken, 1863)","Eleutherodactylus","antillensis",-65.42,18.1292,"821cc27a-e3bb-4bc5-ac34-89ada245069d"
"Eleutherodactylus pinarensis Dunn, 1926","Eleutherodactylus","pinarensis",-83.3697,22.6467,"821cc27a-e3bb-4bc5-ac34-89ada245069d"
"Eleutherodactylus flavescens Noble, 1923","Eleutherodactylus","flavescens",-69.3312988,19.2023806,"821cc27a-e3bb-4bc5-ac34-89ada245069d"
"Eleutherodactylus riparius Estrada & Hedges, 1998","Eleutherodactylus","riparius",-83.3697,22.6467,"821cc27a-e3bb-4bc5-ac34-89ada245069d"
"Eleutherodactylus planirostris (Cope, 1862)","Eleutherodactylus","planirostris",-83.7333,22.4833,"821cc27a-e3bb-4bc5-ac34-89ada245069d"
"Eleutherodactylus wetmorei Cochran, 1932","Eleutherodactylus","wetmorei",-74.257811,18.5613086,"821cc27a-e3bb-4bc5-ac34-89ada245069d"
"Eleutherodactylus wetmorei Cochran, 1932","Eleutherodactylus","wetmorei",-73.2333,18.35,"821cc27a-e3bb-4bc5-ac34-89ada245069d"
"Eleutherodactylus johnstonei Barbour, 1914","Eleutherodactylus","johnstonei",-60.970493,13.749317,"1ecab9f8-97e3-4f89-b356-5c18dc35c2ab"
"Eleutherodactylus johnstonei Barbour, 1914","Eleutherodactylus","johnstonei",-60.972408,13.748197,"1ecab9f8-97e3-4f89-b356-5c18dc35c2ab"
"Eleutherodactylus johnstonei Barbour, 1914","Eleutherodactylus","johnstonei",-60.959519,13.745936,"1ecab9f8-97e3-4f89-b356-5c18dc35c2ab"
"Eleutherodactylus johnstonei Barbour, 1914","Eleutherodactylus","johnstonei",-60.962109,13.747724,"1ecab9f8-97e3-4f89-b356-5c18dc35c2ab"
"Eleutherodactylus johnstonei Barbour, 1914","Eleutherodactylus","johnstonei",-60.975703,13.745983,"1ecab9f8-97e3-4f89-b356-5c18dc35c2ab"
"Eleutherodactylus johnstonei Barbour, 1914","Eleutherodactylus","johnstonei",-60.976267,13.74222,"1ecab9f8-97e3-4f89-b356-5c18dc35c2ab"
"Eleutherodactylus johnstonei Barbour, 1914","Eleutherodactylus","johnstonei",-60.973677,13.749569,"1ecab9f8-97e3-4f89-b356-5c18dc35c2ab"
"Eleutherodactylus johnstonei Barbour, 1914","Eleutherodactylus","johnstonei",-60.975354,13.747887,"1ecab9f8-97e3-4f89-b356-5c18dc35c2ab"
"Eleutherodactylus johnstonei Barbour, 1914","Eleutherodactylus","johnstonei",-60.977148,13.741426,"1ecab9f8-97e3-4f89-b356-5c18dc35c2ab"
"Eleutherodactylus johnstonei Barbour, 1914","Eleutherodactylus","johnstonei",-60.977518,13.743725,"1ecab9f8-97e3-4f89-b356-5c18dc35c2ab"
"Eleutherodactylus johnstonei Barbour, 1914","Eleutherodactylus","johnstonei",-60.981354,13.744143,"1ecab9f8-97e3-4f89-b356-5c18dc35c2ab"
"Eleutherodactylus johnstonei Barbour, 1914","Eleutherodactylus","johnstonei",-60.992014,13.753155,"1ecab9f8-97e3-4f89-b356-5c18dc35c2ab"
"Eleutherodactylus johnstonei Barbour, 1914","Eleutherodactylus","johnstonei",-60.997113,13.76162,"1ecab9f8-97e3-4f89-b356-5c18dc35c2ab"
"Eleutherodactylus johnstonei Barbour, 1914","Eleutherodactylus","johnstonei",-60.983436,13.746623,"1ecab9f8-97e3-4f89-b356-5c18dc35c2ab"
"Eleutherodactylus johnstonei Barbour, 1914","Eleutherodactylus","johnstonei",-60.986453,13.74726,"1ecab9f8-97e3-4f89-b356-5c18dc35c2ab"
"Eleutherodactylus johnstonei Barbour, 1914","Eleutherodactylus","johnstonei",-60.995994,13.988904,"1ecab9f8-97e3-4f89-b356-5c18dc35c2ab"
"Eleutherodactylus johnstonei Barbour, 1914","Eleutherodactylus","johnstonei",-60.995996,13.990674,"1ecab9f8-97e3-4f89-b356-5c18dc35c2ab"
"Eleutherodactylus johnstonei Barbour, 1914","Eleutherodactylus","johnstonei",-60.998288,13.98088,"1ecab9f8-97e3-4f89-b356-5c18dc35c2ab"
"Eleutherodactylus johnstonei Barbour, 1914","Eleutherodactylus","johnstonei",-60.997759,13.983789,"1ecab9f8-97e3-4f89-b356-5c18dc35c2ab"
"Eleutherodactylus johnstonei Barbour, 1914","Eleutherodactylus","johnstonei",-60.979278,14.014017,"1ecab9f8-97e3-4f89-b356-5c18dc35c2ab"
"Eleutherodactylus johnstonei Barbour, 1914","Eleutherodactylus","johnstonei",-61.001871,13.977828,"1ecab9f8-97e3-4f89-b356-5c18dc35c2ab"
"Eleutherodactylus johnstonei Barbour, 1914","Eleutherodactylus","johnstonei",-60.995808,14.00937,"1ecab9f8-97e3-4f89-b356-5c18dc35c2ab"
"Eleutherodactylus johnstonei Barbour, 1914","Eleutherodactylus","johnstonei",-60.997352,14.005954,"1ecab9f8-97e3-4f89-b356-5c18dc35c2ab"
"Eleutherodactylus johnstonei Barbour, 1914","Eleutherodactylus","johnstonei",-60.996161,14.003447,"1ecab9f8-97e3-4f89-b356-5c18dc35c2ab"
"Eleutherodactylus johnstonei Barbour, 1914","Eleutherodactylus","johnstonei",-60.996366,14.004225,"1ecab9f8-97e3-4f89-b356-5c18dc35c2ab"
"Eleutherodactylus johnstonei Barbour, 1914","Eleutherodactylus","johnstonei",-60.997629,13.992439,"1ecab9f8-97e3-4f89-b356-5c18dc35c2ab"
"Eleutherodactylus johnstonei Barbour, 1914","Eleutherodactylus","johnstonei",-60.999149,13.993587,"1ecab9f8-97e3-4f89-b356-5c18dc35c2ab"
"Eleutherodactylus johnstonei Barbour, 1914","Eleutherodactylus","johnstonei",-60.997693,13.991348,"1ecab9f8-97e3-4f89-b356-5c18dc35c2ab"
"Eleutherodactylus johnstonei Barbour, 1914","Eleutherodactylus","johnstonei",-60.999482,14.000683,"1ecab9f8-97e3-4f89-b356-5c18dc35c2ab"
"Eleutherodactylus johnstonei Barbour, 1914","Eleutherodactylus","johnstonei",-60.996622,14.001797,"1ecab9f8-97e3-4f89-b356-5c18dc35c2ab"
"Eleutherodactylus johnstonei Barbour, 1914","Eleutherodactylus","johnstonei",-60.999218,13.996802,"1ecab9f8-97e3-4f89-b356-5c18dc35c2ab"
"Eleutherodactylus johnstonei Barbour, 1914","Eleutherodactylus","johnstonei",-61.001133,13.999273,"1ecab9f8-97e3-4f89-b356-5c18dc35c2ab"
"Eleutherodactylus johnstonei Barbour, 1914","Eleutherodactylus","johnstonei",-60.910328,13.910456,"1ecab9f8-97e3-4f89-b356-5c18dc35c2ab"
"Eleutherodactylus johnstonei Barbour, 1914","Eleutherodactylus","johnstonei",-60.912125,13.909392,"1ecab9f8-97e3-4f89-b356-5c18dc35c2ab"
"Eleutherodactylus johnstonei Barbour, 1914","Eleutherodactylus","johnstonei",-60.902521,13.910644,"1ecab9f8-97e3-4f89-b356-5c18dc35c2ab"
"Eleutherodactylus johnstonei Barbour, 1914","Eleutherodactylus","johnstonei",-60.903679,13.91039,"1ecab9f8-97e3-4f89-b356-5c18dc35c2ab"
"Eleutherodactylus johnstonei Barbour, 1914","Eleutherodactylus","johnstonei",-60.913081,13.909474,"1ecab9f8-97e3-4f89-b356-5c18dc35c2ab"
"Eleutherodactylus johnstonei Barbour, 1914","Eleutherodactylus","johnstonei",-60.897724,13.909541,"1ecab9f8-97e3-4f89-b356-5c18dc35c2ab"
"Eleutherodactylus johnstonei Barbour, 1914","Eleutherodactylus","johnstonei",-60.900349,13.909767,"1ecab9f8-97e3-4f89-b356-5c18dc35c2ab"
"Eleutherodactylus johnstonei Barbour, 1914","Eleutherodactylus","johnstonei",-60.895738,13.90682,"1ecab9f8-97e3-4f89-b356-5c18dc35c2ab"
"Eleutherodactylus johnstonei Barbour, 1914","Eleutherodactylus","johnstonei",-60.895258,13.908428,"1ecab9f8-97e3-4f89-b356-5c18dc35c2ab"
"Eleutherodactylus johnstonei Barbour, 1914","Eleutherodactylus","johnstonei",-60.954286,13.743286,"1ecab9f8-97e3-4f89-b356-5c18dc35c2ab"
"Eleutherodactylus johnstonei Barbour, 1914","Eleutherodactylus","johnstonei",-60.956443,13.744026,"1ecab9f8-97e3-4f89-b356-5c18dc35c2ab"
"Eleutherodactylus johnstonei Barbour, 1914","Eleutherodactylus","johnstonei",-60.944215,13.752124,"1ecab9f8-97e3-4f89-b356-5c18dc35c2ab"
"Eleutherodactylus johnstonei Barbour, 1914","Eleutherodactylus","johnstonei",-60.94212,13.753328,"1ecab9f8-97e3-4f89-b356-5c18dc35c2ab"
"Eleutherodactylus johnstonei Barbour, 1914","Eleutherodactylus","johnstonei",-60.915462,13.909334,"1ecab9f8-97e3-4f89-b356-5c18dc35c2ab"
"Eleutherodactylus johnstonei Barbour, 1914","Eleutherodactylus","johnstonei",-60.915511,13.909367,"1ecab9f8-97e3-4f89-b356-5c18dc35c2ab"
"Eleutherodactylus johnstonei Barbour, 1914","Eleutherodactylus","johnstonei",-60.909327,13.910391,"1ecab9f8-97e3-4f89-b356-5c18dc35c2ab"
"Eleutherodactylus johnstonei Barbour, 1914","Eleutherodactylus","johnstonei",-60.913732,13.849408,"1ecab9f8-97e3-4f89-b356-5c18dc35c2ab"
"Eleutherodactylus johnstonei Barbour, 1914","Eleutherodactylus","johnstonei",-60.917079,13.909872,"1ecab9f8-97e3-4f89-b356-5c18dc35c2ab"
"Eleutherodactylus johnstonei Barbour, 1914","Eleutherodactylus","johnstonei",-60.918024,13.910007,"1ecab9f8-97e3-4f89-b356-5c18dc35c2ab"
"Eleutherodactylus johnstonei Barbour, 1914","Eleutherodactylus","johnstonei",-60.907447,13.815019,"1ecab9f8-97e3-4f89-b356-5c18dc35c2ab"
"Eleutherodactylus johnstonei Barbour, 1914","Eleutherodactylus","johnstonei",-60.918519,13.831944,"1ecab9f8-97e3-4f89-b356-5c18dc35c2ab"
"Eleutherodactylus johnstonei Barbour, 1914","Eleutherodactylus","johnstonei",-60.917764,13.817212,"1ecab9f8-97e3-4f89-b356-5c18dc35c2ab"
"Eleutherodactylus johnstonei Barbour, 1914","Eleutherodactylus","johnstonei",-60.914657,13.818351,"1ecab9f8-97e3-4f89-b356-5c18dc35c2ab"
"Eleutherodactylus johnstonei Barbour, 1914","Eleutherodactylus","johnstonei",-60.910458,13.84858,"1ecab9f8-97e3-4f89-b356-5c18dc35c2ab"
"Eleutherodactylus johnstonei Barbour, 1914","Eleutherodactylus","johnstonei",-60.940404,13.834488,"1ecab9f8-97e3-4f89-b356-5c18dc35c2ab"
"Eleutherodactylus johnstonei Barbour, 1914","Eleutherodactylus","johnstonei",-60.925905,13.831414,"1ecab9f8-97e3-4f89-b356-5c18dc35c2ab"
"Eleutherodactylus johnstonei Barbour, 1914","Eleutherodactylus","johnstonei",-60.926608,13.818127,"1ecab9f8-97e3-4f89-b356-5c18dc35c2ab"
"Eleutherodactylus johnstonei Barbour, 1914","Eleutherodactylus","johnstonei",-60.923251,13.817467,"1ecab9f8-97e3-4f89-b356-5c18dc35c2ab"
"Eleutherodactylus johnstonei Barbour, 1914","Eleutherodactylus","johnstonei",-60.928986,13.81953,"1ecab9f8-97e3-4f89-b356-5c18dc35c2ab"
"Eleutherodactylus johnstonei Barbour, 1914","Eleutherodactylus","johnstonei",-60.899136,13.869958,"1ecab9f8-97e3-4f89-b356-5c18dc35c2ab"
"Eleutherodactylus johnstonei Barbour, 1914","Eleutherodactylus","johnstonei",-60.898934,13.874399,"1ecab9f8-97e3-4f89-b356-5c18dc35c2ab"
"Eleutherodactylus johnstonei Barbour, 1914","Eleutherodactylus","johnstonei",-60.90059,13.863756,"1ecab9f8-97e3-4f89-b356-5c18dc35c2ab"
"Eleutherodactylus johnstonei Barbour, 1914","Eleutherodactylus","johnstonei",-60.89862,13.866659,"1ecab9f8-97e3-4f89-b356-5c18dc35c2ab"
"Eleutherodactylus johnstonei Barbour, 1914","Eleutherodactylus","johnstonei",-60.898735,13.876796,"1ecab9f8-97e3-4f89-b356-5c18dc35c2ab"
"Eleutherodactylus johnstonei Barbour, 1914","Eleutherodactylus","johnstonei",-60.897128,13.879913,"1ecab9f8-97e3-4f89-b356-5c18dc35c2ab"
"Eleutherodactylus johnstonei Barbour, 1914","Eleutherodactylus","johnstonei",-60.904926,13.858476,"1ecab9f8-97e3-4f89-b356-5c18dc35c2ab"
"Eleutherodactylus johnstonei Barbour, 1914","Eleutherodactylus","johnstonei",-60.903993,13.860749,"1ecab9f8-97e3-4f89-b356-5c18dc35c2ab"
"Eleutherodactylus johnstonei Barbour, 1914","Eleutherodactylus","johnstonei",-60.910075,13.851628,"1ecab9f8-97e3-4f89-b356-5c18dc35c2ab"
"Eleutherodactylus johnstonei Barbour, 1914","Eleutherodactylus","johnstonei",-60.90813,13.853848,"1ecab9f8-97e3-4f89-b356-5c18dc35c2ab"
"Eleutherodactylus johnstonei Barbour, 1914","Eleutherodactylus","johnstonei",-60.928499,13.81159,"1ecab9f8-97e3-4f89-b356-5c18dc35c2ab"
"Eleutherodactylus johnstonei Barbour, 1914","Eleutherodactylus","johnstonei",-60.929802,13.811893,"1ecab9f8-97e3-4f89-b356-5c18dc35c2ab"
"Eleutherodactylus johnstonei Barbour, 1914","Eleutherodactylus","johnstonei",-60.940804,13.815918,"1ecab9f8-97e3-4f89-b356-5c18dc35c2ab"
"Eleutherodactylus johnstonei Barbour, 1914","Eleutherodactylus","johnstonei",-60.943314,13.818564,"1ecab9f8-97e3-4f89-b356-5c18dc35c2ab"
"Eleutherodactylus johnstonei Barbour, 1914","Eleutherodactylus","johnstonei",-60.937774,13.813441,"1ecab9f8-97e3-4f89-b356-5c18dc35c2ab"
"Eleutherodactylus johnstonei Barbour, 1914","Eleutherodactylus","johnstonei",-60.938602,13.81435,"1ecab9f8-97e3-4f89-b356-5c18dc35c2ab"
"Eleutherodactylus johnstonei Barbour, 1914","Eleutherodactylus","johnstonei",-60.954723,13.822879,"1ecab9f8-97e3-4f89-b356-5c18dc35c2ab"
"Eleutherodactylus johnstonei Barbour, 1914","Eleutherodactylus","johnstonei",-60.95664,13.821999,"1ecab9f8-97e3-4f89-b356-5c18dc35c2ab"
"Eleutherodactylus johnstonei Barbour, 1914","Eleutherodactylus","johnstonei",-60.949483,13.82068,"1ecab9f8-97e3-4f89-b356-5c18dc35c2ab"
"Eleutherodactylus johnstonei Barbour, 1914","Eleutherodactylus","johnstonei",-60.952769,13.821139,"1ecab9f8-97e3-4f89-b356-5c18dc35c2ab"
"Eleutherodactylus johnstonei Barbour, 1914","Eleutherodactylus","johnstonei",-60.933612,13.812397,"1ecab9f8-97e3-4f89-b356-5c18dc35c2ab"
"Eleutherodactylus johnstonei Barbour, 1914","Eleutherodactylus","johnstonei",-60.961091,13.825659,"1ecab9f8-97e3-4f89-b356-5c18dc35c2ab"
"Eleutherodactylus johnstonei Barbour, 1914","Eleutherodactylus","johnstonei",-60.93953,13.817526,"1ecab9f8-97e3-4f89-b356-5c18dc35c2ab"
"Eleutherodactylus johnstonei Barbour, 1914","Eleutherodactylus","johnstonei",-60.937221,13.818232,"1ecab9f8-97e3-4f89-b356-5c18dc35c2ab"
"Eleutherodactylus johnstonei Barbour, 1914","Eleutherodactylus","johnstonei",-60.963323,13.828985,"1ecab9f8-97e3-4f89-b356-5c18dc35c2ab"
"Eleutherodactylus johnstonei Barbour, 1914","Eleutherodactylus","johnstonei",-60.954773,13.821053,"1ecab9f8-97e3-4f89-b356-5c18dc35c2ab"
"Eleutherodactylus johnstonei Barbour, 1914","Eleutherodactylus","johnstonei",-60.931961,13.818951,"1ecab9f8-97e3-4f89-b356-5c18dc35c2ab"
"Eleutherodactylus johnstonei Barbour, 1914","Eleutherodactylus","johnstonei",-60.930034,13.819865,"1ecab9f8-97e3-4f89-b356-5c18dc35c2ab"
"Eleutherodactylus johnstonei Barbour, 1914","Eleutherodactylus","johnstonei",-60.934159,13.817828,"1ecab9f8-97e3-4f89-b356-5c18dc35c2ab"
"Eleutherodactylus johnstonei Barbour, 1914","Eleutherodactylus","johnstonei",-60.933147,13.81786,"1ecab9f8-97e3-4f89-b356-5c18dc35c2ab"
"Eleutherodactylus johnstonei Barbour, 1914","Eleutherodactylus","johnstonei",-60.961436,13.827991,"1ecab9f8-97e3-4f89-b356-5c18dc35c2ab"
"Eleutherodactylus johnstonei Barbour, 1914","Eleutherodactylus","johnstonei",-60.963589,13.829144,"1ecab9f8-97e3-4f89-b356-5c18dc35c2ab"
"Eleutherodactylus johnstonei Barbour, 1914","Eleutherodactylus","johnstonei",-60.939275,13.834356,"1ecab9f8-97e3-4f89-b356-5c18dc35c2ab"
"Eleutherodactylus johnstonei Barbour, 1914","Eleutherodactylus","johnstonei",-60.940384,13.834605,"1ecab9f8-97e3-4f89-b356-5c18dc35c2ab"
"Eleutherodactylus johnstonei Barbour, 1914","Eleutherodactylus","johnstonei",-60.930805,13.829862,"1ecab9f8-97e3-4f89-b356-5c18dc35c2ab"
"Eleutherodactylus johnstonei Barbour, 1914","Eleutherodactylus","johnstonei",-60.934602,13.832736,"1ecab9f8-97e3-4f89-b356-5c18dc35c2ab"
"Eleutherodactylus johnstonei Barbour, 1914","Eleutherodactylus","johnstonei",-60.912421,13.828285,"1ecab9f8-97e3-4f89-b356-5c18dc35c2ab"
"Eleutherodactylus johnstonei Barbour, 1914","Eleutherodactylus","johnstonei",-60.911233,13.827723,"1ecab9f8-97e3-4f89-b356-5c18dc35c2ab"
"Eleutherodactylus johnstonei Barbour, 1914","Eleutherodactylus","johnstonei",-60.928287,13.831268,"1ecab9f8-97e3-4f89-b356-5c18dc35c2ab"
"Eleutherodactylus johnstonei Barbour, 1914","Eleutherodactylus","johnstonei",-60.905479,13.82557,"1ecab9f8-97e3-4f89-b356-5c18dc35c2ab"
"Eleutherodactylus johnstonei Barbour, 1914","Eleutherodactylus","johnstonei",-60.903983,13.822348,"1ecab9f8-97e3-4f89-b356-5c18dc35c2ab"
"Eleutherodactylus johnstonei Barbour, 1914","Eleutherodactylus","johnstonei",-60.909676,13.827662,"1ecab9f8-97e3-4f89-b356-5c18dc35c2ab"
"Eleutherodactylus johnstonei Barbour, 1914","Eleutherodactylus","johnstonei",-60.907151,13.826378,"1ecab9f8-97e3-4f89-b356-5c18dc35c2ab"
"Eleutherodactylus johnstonei Barbour, 1914","Eleutherodactylus","johnstonei",-60.906061,13.813293,"1ecab9f8-97e3-4f89-b356-5c18dc35c2ab"
"Eleutherodactylus johnstonei Barbour, 1914","Eleutherodactylus","johnstonei",-60.901689,13.820114,"1ecab9f8-97e3-4f89-b356-5c18dc35c2ab"
"Eleutherodactylus johnstonei Barbour, 1914","Eleutherodactylus","johnstonei",-60.904313,13.813712,"1ecab9f8-97e3-4f89-b356-5c18dc35c2ab"
"Eleutherodactylus johnstonei Barbour, 1914","Eleutherodactylus","johnstonei",-60.913308,13.811053,"1ecab9f8-97e3-4f89-b356-5c18dc35c2ab"
"Eleutherodactylus johnstonei Barbour, 1914","Eleutherodactylus","johnstonei",-60.913594,13.810361,"1ecab9f8-97e3-4f89-b356-5c18dc35c2ab"
"Eleutherodactylus johnstonei Barbour, 1914","Eleutherodactylus","johnstonei",-60.909424,13.812511,"1ecab9f8-97e3-4f89-b356-5c18dc35c2ab"
"Eleutherodactylus johnstonei Barbour, 1914","Eleutherodactylus","johnstonei",-60.912535,13.811871,"1ecab9f8-97e3-4f89-b356-5c18dc35c2ab"
"Eleutherodactylus johnstonei Barbour, 1914","Eleutherodactylus","johnstonei",-60.92125,13.809045,"1ecab9f8-97e3-4f89-b356-5c18dc35c2ab"
"Eleutherodactylus johnstonei Barbour, 1914","Eleutherodactylus","johnstonei",-60.925688,13.810359,"1ecab9f8-97e3-4f89-b356-5c18dc35c2ab"
"Eleutherodactylus johnstonei Barbour, 1914","Eleutherodactylus","johnstonei",-60.914697,13.809673,"1ecab9f8-97e3-4f89-b356-5c18dc35c2ab"
"Eleutherodactylus johnstonei Barbour, 1914","Eleutherodactylus","johnstonei",-60.918464,13.808053,"1ecab9f8-97e3-4f89-b356-5c18dc35c2ab"
"Eleutherodactylus johnstonei Barbour, 1914","Eleutherodactylus","johnstonei",-60.997096,13.761578,"1ecab9f8-97e3-4f89-b356-5c18dc35c2ab"
"Eleutherodactylus johnstonei Barbour, 1914","Eleutherodactylus","johnstonei",-60.997586,14.006539,"1ecab9f8-97e3-4f89-b356-5c18dc35c2ab"
"Eleutherodactylus johnstonei Barbour, 1914","Eleutherodactylus","johnstonei",-60.993741,14.00613,"1ecab9f8-97e3-4f89-b356-5c18dc35c2ab"
"Eleutherodactylus johnstonei Barbour, 1914","Eleutherodactylus","johnstonei",-60.992496,14.007288,"1ecab9f8-97e3-4f89-b356-5c18dc35c2ab"
"Eleutherodactylus johnstonei Barbour, 1914","Eleutherodactylus","johnstonei",-60.997025,14.006982,"1ecab9f8-97e3-4f89-b356-5c18dc35c2ab"
"Eleutherodactylus johnstonei Barbour, 1914","Eleutherodactylus","johnstonei",-60.994476,14.006547,"1ecab9f8-97e3-4f89-b356-5c18dc35c2ab"
"Eleutherodactylus johnstonei Barbour, 1914","Eleutherodactylus","johnstonei",-60.988779,14.008305,"1ecab9f8-97e3-4f89-b356-5c18dc35c2ab"
"Eleutherodactylus johnstonei Barbour, 1914","Eleutherodactylus","johnstonei",-60.987474,14.008308,"1ecab9f8-97e3-4f89-b356-5c18dc35c2ab"
"Eleutherodactylus johnstonei Barbour, 1914","Eleutherodactylus","johnstonei",-60.992464,14.008529,"1ecab9f8-97e3-4f89-b356-5c18dc35c2ab"
"Eleutherodactylus johnstonei Barbour, 1914","Eleutherodactylus","johnstonei",-60.990397,14.00841,"1ecab9f8-97e3-4f89-b356-5c18dc35c2ab"
"Eleutherodactylus johnstonei Barbour, 1914","Eleutherodactylus","johnstonei",-60.986735,14.00999,"1ecab9f8-97e3-4f89-b356-5c18dc35c2ab"
"Eleutherodactylus johnstonei Barbour, 1914","Eleutherodactylus","johnstonei",-60.986064,14.011412,"1ecab9f8-97e3-4f89-b356-5c18dc35c2ab"
"Eleutherodactylus johnstonei Barbour, 1914","Eleutherodactylus","johnstonei",-60.984505,14.012051,"1ecab9f8-97e3-4f89-b356-5c18dc35c2ab"
"Eleutherodactylus johnstonei Barbour, 1914","Eleutherodactylus","johnstonei",-60.979702,14.013592,"1ecab9f8-97e3-4f89-b356-5c18dc35c2ab"
"Eleutherodactylus johnstonei Barbour, 1914","Eleutherodactylus","johnstonei",-60.979244,14.014167,"1ecab9f8-97e3-4f89-b356-5c18dc35c2ab"
"Eleutherodactylus johnstonei Barbour, 1914","Eleutherodactylus","johnstonei",-60.982973,14.012816,"1ecab9f8-97e3-4f89-b356-5c18dc35c2ab"
"Eleutherodactylus johnstonei Barbour, 1914","Eleutherodactylus","johnstonei",-60.981824,14.014054,"1ecab9f8-97e3-4f89-b356-5c18dc35c2ab"
"Eleutherodactylus wightmanae Schmidt, 1920","Eleutherodactylus","wightmanae",-65.786,18.308,"bcf8d1fc-6bf0-4f57-9076-7d9ae2828ec2"
"Eleutherodactylus richmondi Stejneger, 1904","Eleutherodactylus","richmondi",-65.786,18.308,"bcf8d1fc-6bf0-4f57-9076-7d9ae2828ec2"
"Eleutherodactylus monensis (Meerwarth, 1901)","Eleutherodactylus","monensis",-67.9057,18.0989,"bcf8d1fc-6bf0-4f57-9076-7d9ae2828ec2"
"Eleutherodactylus coqui Thomas, 1966","Eleutherodactylus","coqui",-65.8297,18.3572,"bcf8d1fc-6bf0-4f57-9076-7d9ae2828ec2"
"Eleutherodactylus cochranae Grant, 1932","Eleutherodactylus","cochranae",-65.8297,18.3572,"bcf8d1fc-6bf0-4f57-9076-7d9ae2828ec2"
"Eleutherodactylus brittoni Schmidt, 1920","Eleutherodactylus","brittoni",-65.8297,18.3572,"bcf8d1fc-6bf0-4f57-9076-7d9ae2828ec2"
"Eleutherodactylus coqui Thomas, 1966","Eleutherodactylus","coqui",-66.153049,18.150602,"50c9509d-22c7-4a22-a47d-8c48425ef4a7"
"Eleutherodactylus planirostris (Cope, 1862)","Eleutherodactylus","planirostris",-81.275816,19.288192,"50c9509d-22c7-4a22-a47d-8c48425ef4a7"
"Eleutherodactylus coqui Thomas, 1966","Eleutherodactylus","coqui",-66.12331,18.392753,"50c9509d-22c7-4a22-a47d-8c48425ef4a7"
"Eleutherodactylus coqui Thomas, 1966","Eleutherodactylus","coqui",-66.72624,18.41407,"50c9509d-22c7-4a22-a47d-8c48425ef4a7"
"Eleutherodactylus coqui Thomas, 1966","Eleutherodactylus","coqui",-66.258786,18.100074,"50c9509d-22c7-4a22-a47d-8c48425ef4a7"
"Eleutherodactylus antillensis (Reinhardt & Lütken, 1863)","Eleutherodactylus","antillensis",-66.040947,18.232125,"50c9509d-22c7-4a22-a47d-8c48425ef4a7"
"Eleutherodactylus coqui Thomas, 1966","Eleutherodactylus","coqui",-66.675142,18.161662,"50c9509d-22c7-4a22-a47d-8c48425ef4a7"
"Eleutherodactylus coqui Thomas, 1966","Eleutherodactylus","coqui",-67.22902,18.33818,"50c9509d-22c7-4a22-a47d-8c48425ef4a7"
"Eleutherodactylus coqui Thomas, 1966","Eleutherodactylus","coqui",-66.012341,18.235473,"50c9509d-22c7-4a22-a47d-8c48425ef4a7"
"Eleutherodactylus richmondi Stejneger, 1904","Eleutherodactylus","richmondi",-65.813254,18.275819,"50c9509d-22c7-4a22-a47d-8c48425ef4a7"
"Eleutherodactylus coqui Thomas, 1966","Eleutherodactylus","coqui",-65.794299,18.301232,"50c9509d-22c7-4a22-a47d-8c48425ef4a7"
"Eleutherodactylus flavescens Noble, 1923","Eleutherodactylus","flavescens",-69.44059,19.323768,"50c9509d-22c7-4a22-a47d-8c48425ef4a7"
"Eleutherodactylus richmondi Stejneger, 1904","Eleutherodactylus","richmondi",-65.890775,18.286811,"50c9509d-22c7-4a22-a47d-8c48425ef4a7"
"Eleutherodactylus brittoni Schmidt, 1920","Eleutherodactylus","brittoni",-65.93613,18.334222,"50c9509d-22c7-4a22-a47d-8c48425ef4a7"
"Eleutherodactylus coqui Thomas, 1966","Eleutherodactylus","coqui",-66.183985,18.152102,"50c9509d-22c7-4a22-a47d-8c48425ef4a7"
"Eleutherodactylus coqui Thomas, 1966","Eleutherodactylus","coqui",-65.824522,18.342145,"50c9509d-22c7-4a22-a47d-8c48425ef4a7"
"Eleutherodactylus coqui Thomas, 1966","Eleutherodactylus","coqui",-66.716362,18.26218,"50c9509d-22c7-4a22-a47d-8c48425ef4a7"
"Eleutherodactylus coqui Thomas, 1966","Eleutherodactylus","coqui",-66.087048,18.183612,"50c9509d-22c7-4a22-a47d-8c48425ef4a7"
"Eleutherodactylus simulans Díaz & Fong, 2001","Eleutherodactylus","simulans",-74.777168,20.540081,"50c9509d-22c7-4a22-a47d-8c48425ef4a7"
"Eleutherodactylus antillensis (Reinhardt & Lütken, 1863)","Eleutherodactylus","antillensis",-66.727648,18.414446,"50c9509d-22c7-4a22-a47d-8c48425ef4a7"
"Eleutherodactylus portoricensis Schmidt, 1927","Eleutherodactylus","portoricensis",-65.87816,18.262504,"50c9509d-22c7-4a22-a47d-8c48425ef4a7"
"Eleutherodactylus cochranae Grant, 1932","Eleutherodactylus","cochranae",-66.059351,18.415299,"50c9509d-22c7-4a22-a47d-8c48425ef4a7"
"Eleutherodactylus coqui Thomas, 1966","Eleutherodactylus","coqui",-65.749257,18.243826,"50c9509d-22c7-4a22-a47d-8c48425ef4a7"
"Eleutherodactylus coqui Thomas, 1966","Eleutherodactylus","coqui",-65.704778,18.312666,"50c9509d-22c7-4a22-a47d-8c48425ef4a7"
"Eleutherodactylus cochranae Grant, 1932","Eleutherodactylus","cochranae",-65.855888,18.173967,"50c9509d-22c7-4a22-a47d-8c48425ef4a7"
"Eleutherodactylus paralius Schwartz, 1976","Eleutherodactylus","paralius",-69.712731,18.584222,"50c9509d-22c7-4a22-a47d-8c48425ef4a7"
"Eleutherodactylus coqui Thomas, 1966","Eleutherodactylus","coqui",-65.968699,18.28485,"50c9509d-22c7-4a22-a47d-8c48425ef4a7"
"Eleutherodactylus antillensis (Reinhardt & Lütken, 1863)","Eleutherodactylus","antillensis",-65.793878,18.301538,"50c9509d-22c7-4a22-a47d-8c48425ef4a7"
"Eleutherodactylus antillensis (Reinhardt & Lütken, 1863)","Eleutherodactylus","antillensis",-65.824228,18.342208,"50c9509d-22c7-4a22-a47d-8c48425ef4a7"
"Eleutherodactylus portoricensis Schmidt, 1927","Eleutherodactylus","portoricensis",-66.016985,18.016016,"50c9509d-22c7-4a22-a47d-8c48425ef4a7"
"Eleutherodactylus inoptatus (Barbour, 1914)","Eleutherodactylus","inoptatus",-71.148181,18.138731,"50c9509d-22c7-4a22-a47d-8c48425ef4a7"
"Eleutherodactylus cochranae Grant, 1932","Eleutherodactylus","cochranae",-66.068485,18.367426,"50c9509d-22c7-4a22-a47d-8c48425ef4a7"
"Eleutherodactylus martinicensis (Tschudi, 1838)","Eleutherodactylus","martinicensis",-61.043542,14.682402,"50c9509d-22c7-4a22-a47d-8c48425ef4a7"
"Eleutherodactylus coqui Thomas, 1966","Eleutherodactylus","coqui",-66.184162,18.152135,"50c9509d-22c7-4a22-a47d-8c48425ef4a7"
"Eleutherodactylus coqui Thomas, 1966","Eleutherodactylus","coqui",-65.824372,18.342113,"50c9509d-22c7-4a22-a47d-8c48425ef4a7"
"Eleutherodactylus coqui Thomas, 1966","Eleutherodactylus","coqui",-66.183717,18.152175,"50c9509d-22c7-4a22-a47d-8c48425ef4a7"
"Eleutherodactylus coqui Thomas, 1966","Eleutherodactylus","coqui",-66.015968,18.441848,"50c9509d-22c7-4a22-a47d-8c48425ef4a7"
"Eleutherodactylus coqui Thomas, 1966","Eleutherodactylus","coqui",-65.794023,18.300786,"50c9509d-22c7-4a22-a47d-8c48425ef4a7"
"Eleutherodactylus coqui Thomas, 1966","Eleutherodactylus","coqui",-67.136972,18.226661,"50c9509d-22c7-4a22-a47d-8c48425ef4a7"
"Eleutherodactylus coqui Thomas, 1966","Eleutherodactylus","coqui",-65.806828,18.266076,"50c9509d-22c7-4a22-a47d-8c48425ef4a7"
"Eleutherodactylus coqui Thomas, 1966","Eleutherodactylus","coqui",-66.727502,18.414174,"50c9509d-22c7-4a22-a47d-8c48425ef4a7"
"Eleutherodactylus johnstonei Barbour, 1914","Eleutherodactylus","johnstonei",-78.33725,18.31375,"50c9509d-22c7-4a22-a47d-8c48425ef4a7"
"Eleutherodactylus antillensis (Reinhardt & Lütken, 1863)","Eleutherodactylus","antillensis",-66.039626,17.998921,"50c9509d-22c7-4a22-a47d-8c48425ef4a7"
"Eleutherodactylus antillensis (Reinhardt & Lütken, 1863)","Eleutherodactylus","antillensis",-66.180851,18.173011,"50c9509d-22c7-4a22-a47d-8c48425ef4a7"
"Eleutherodactylus flavescens Noble, 1923","Eleutherodactylus","flavescens",-69.480177,19.27672,"50c9509d-22c7-4a22-a47d-8c48425ef4a7"
"Eleutherodactylus coqui Thomas, 1966","Eleutherodactylus","coqui",-66.748674,18.333976,"50c9509d-22c7-4a22-a47d-8c48425ef4a7"
"Eleutherodactylus coqui Thomas, 1966","Eleutherodactylus","coqui",-65.82467,18.34183,"50c9509d-22c7-4a22-a47d-8c48425ef4a7"
"Eleutherodactylus coqui Thomas, 1966","Eleutherodactylus","coqui",-66.184167,18.152176,"50c9509d-22c7-4a22-a47d-8c48425ef4a7"
"Eleutherodactylus johnstonei Barbour, 1914","Eleutherodactylus","johnstonei",-77.059905,18.393137,"50c9509d-22c7-4a22-a47d-8c48425ef4a7"
"Eleutherodactylus antillensis (Reinhardt & Lütken, 1863)","Eleutherodactylus","antillensis",-65.824783,18.341747,"50c9509d-22c7-4a22-a47d-8c48425ef4a7"
"Eleutherodactylus johnstonei Barbour, 1914","Eleutherodactylus","johnstonei",-60.980187,14.502422,"50c9509d-22c7-4a22-a47d-8c48425ef4a7"
"Eleutherodactylus coqui Thomas, 1966","Eleutherodactylus","coqui",-66.970749,18.419198,"50c9509d-22c7-4a22-a47d-8c48425ef4a7"
"Eleutherodactylus coqui Thomas, 1966","Eleutherodactylus","coqui",-66.184115,18.152132,"50c9509d-22c7-4a22-a47d-8c48425ef4a7"
"Eleutherodactylus coqui Thomas, 1966","Eleutherodactylus","coqui",-66.481047,18.171178,"50c9509d-22c7-4a22-a47d-8c48425ef4a7"
"Eleutherodactylus paralius Schwartz, 1976","Eleutherodactylus","paralius",-69.883676,18.591725,"50c9509d-22c7-4a22-a47d-8c48425ef4a7"
"Eleutherodactylus coqui Thomas, 1966","Eleutherodactylus","coqui",-66.184171,18.152168,"50c9509d-22c7-4a22-a47d-8c48425ef4a7"
"Eleutherodactylus weinlandi Barbour, 1914","Eleutherodactylus","weinlandi",-69.462044,19.293964,"50c9509d-22c7-4a22-a47d-8c48425ef4a7"
"Eleutherodactylus coqui Thomas, 1966","Eleutherodactylus","coqui",-66.47622,18.433262,"50c9509d-22c7-4a22-a47d-8c48425ef4a7"
"Eleutherodactylus wightmanae Schmidt, 1920","Eleutherodactylus","wightmanae",-66.065672,18.120404,"50c9509d-22c7-4a22-a47d-8c48425ef4a7"
"Eleutherodactylus johnstonei Barbour, 1914","Eleutherodactylus","johnstonei",-61.04635,14.546269,"50c9509d-22c7-4a22-a47d-8c48425ef4a7"
"Eleutherodactylus antillensis (Reinhardt & Lütken, 1863)","Eleutherodactylus","antillensis",-65.824647,18.341738,"50c9509d-22c7-4a22-a47d-8c48425ef4a7"
"Eleutherodactylus coqui Thomas, 1966","Eleutherodactylus","coqui",-66.184178,18.15209,"50c9509d-22c7-4a22-a47d-8c48425ef4a7"
"Eleutherodactylus abbotti Cochran, 1923","Eleutherodactylus","abbotti",-71.629481,18.151514,"50c9509d-22c7-4a22-a47d-8c48425ef4a7"
"Eleutherodactylus inoptatus (Barbour, 1914)","Eleutherodactylus","inoptatus",-71.621813,18.113778,"50c9509d-22c7-4a22-a47d-8c48425ef4a7"
"Eleutherodactylus cochranae Grant, 1932","Eleutherodactylus","cochranae",-65.648029,18.237248,"50c9509d-22c7-4a22-a47d-8c48425ef4a7"
"Eleutherodactylus audanti Cochran, 1934","Eleutherodactylus","audanti",-71.782878,18.399426,"50c9509d-22c7-4a22-a47d-8c48425ef4a7"
"Eleutherodactylus furcyensis Shreve & Williams, 1963","Eleutherodactylus","furcyensis",-71.417021,18.04648,"50c9509d-22c7-4a22-a47d-8c48425ef4a7"
"Eleutherodactylus portoricensis Schmidt, 1927","Eleutherodactylus","portoricensis",-65.651037,18.335476,"50c9509d-22c7-4a22-a47d-8c48425ef4a7"
"Eleutherodactylus riparius Estrada & Hedges, 1998","Eleutherodactylus","riparius",-83.715089,22.618894,"50c9509d-22c7-4a22-a47d-8c48425ef4a7"
"Eleutherodactylus inoptatus (Barbour, 1914)","Eleutherodactylus","inoptatus",-71.625329,18.113584,"50c9509d-22c7-4a22-a47d-8c48425ef4a7"
"Eleutherodactylus johnstonei Barbour, 1914","Eleutherodactylus","johnstonei",-61.059983,13.838653,"50c9509d-22c7-4a22-a47d-8c48425ef4a7"
"Eleutherodactylus inoptatus (Barbour, 1914)","Eleutherodactylus","inoptatus",-71.621304,18.113769,"50c9509d-22c7-4a22-a47d-8c48425ef4a7"
"Eleutherodactylus inoptatus (Barbour, 1914)","Eleutherodactylus","inoptatus",-69.827928,19.081268,"50c9509d-22c7-4a22-a47d-8c48425ef4a7"
"Eleutherodactylus coqui Thomas, 1966","Eleutherodactylus","coqui",-66.119098,18.253186,"50c9509d-22c7-4a22-a47d-8c48425ef4a7"
"Eleutherodactylus flavescens Noble, 1923","Eleutherodactylus","flavescens",-70.11993,18.407633,"50c9509d-22c7-4a22-a47d-8c48425ef4a7"
"Eleutherodactylus riparius Estrada & Hedges, 1998","Eleutherodactylus","riparius",-83.011314,22.796154,"50c9509d-22c7-4a22-a47d-8c48425ef4a7"
"Eleutherodactylus inoptatus (Barbour, 1914)","Eleutherodactylus","inoptatus",-71.625933,18.113284,"50c9509d-22c7-4a22-a47d-8c48425ef4a7"
"Eleutherodactylus coqui Thomas, 1966","Eleutherodactylus","coqui",-65.824647,18.341745,"50c9509d-22c7-4a22-a47d-8c48425ef4a7"
"Eleutherodactylus abbotti Cochran, 1923","Eleutherodactylus","abbotti",-71.62812,18.150211,"50c9509d-22c7-4a22-a47d-8c48425ef4a7"
"Eleutherodactylus abbotti Cochran, 1923","Eleutherodactylus","abbotti",-71.539212,18.108563,"50c9509d-22c7-4a22-a47d-8c48425ef4a7"
"Eleutherodactylus coqui Thomas, 1966","Eleutherodactylus","coqui",-65.94874,18.243011,"50c9509d-22c7-4a22-a47d-8c48425ef4a7"
"Eleutherodactylus coqui Thomas, 1966","Eleutherodactylus","coqui",-66.169937,18.114315,"50c9509d-22c7-4a22-a47d-8c48425ef4a7"
"Eleutherodactylus gryllus Schmidt, 1920","Eleutherodactylus","gryllus",-65.780564,18.340018,"50c9509d-22c7-4a22-a47d-8c48425ef4a7"
"Eleutherodactylus coqui Thomas, 1966","Eleutherodactylus","coqui",-65.792446,18.299455,"50c9509d-22c7-4a22-a47d-8c48425ef4a7"
"Eleutherodactylus unicolor Stejneger, 1904","Eleutherodactylus","unicolor",-65.648362,18.287613,"50c9509d-22c7-4a22-a47d-8c48425ef4a7"
"Eleutherodactylus antillensis (Reinhardt & Lütken, 1863)","Eleutherodactylus","antillensis",-66.160556,18.118056,"50c9509d-22c7-4a22-a47d-8c48425ef4a7"
"Eleutherodactylus johnstonei Barbour, 1914","Eleutherodactylus","johnstonei",-61.077039,13.864805,"50c9509d-22c7-4a22-a47d-8c48425ef4a7"
"Eleutherodactylus johnstonei Barbour, 1914","Eleutherodactylus","johnstonei",-61.753037,12.004615,"50c9509d-22c7-4a22-a47d-8c48425ef4a7"
"Eleutherodactylus amplinympha Kaiser, Green & Schmid, 1994","Eleutherodactylus","amplinympha",-61.333074,15.244645,"50c9509d-22c7-4a22-a47d-8c48425ef4a7"
"Eleutherodactylus planirostris (Cope, 1862)","Eleutherodactylus","planirostris",-61.679,12.116252,"50c9509d-22c7-4a22-a47d-8c48425ef4a7"
"Eleutherodactylus johnstonei Barbour, 1914","Eleutherodactylus","johnstonei",-61.757529,12.026044,"50c9509d-22c7-4a22-a47d-8c48425ef4a7"
"Eleutherodactylus coqui Thomas, 1966","Eleutherodactylus","coqui",-66.163572,18.116486,"50c9509d-22c7-4a22-a47d-8c48425ef4a7"
"Eleutherodactylus johnstonei Barbour, 1914","Eleutherodactylus","johnstonei",-61.754832,12.020875,"50c9509d-22c7-4a22-a47d-8c48425ef4a7"
"Eleutherodactylus portoricensis Schmidt, 1927","Eleutherodactylus","portoricensis",-65.952308,18.240942,"50c9509d-22c7-4a22-a47d-8c48425ef4a7"
"Eleutherodactylus johnstonei Barbour, 1914","Eleutherodactylus","johnstonei",-61.764344,12.020636,"50c9509d-22c7-4a22-a47d-8c48425ef4a7"
"Eleutherodactylus coqui Thomas, 1966","Eleutherodactylus","coqui",-66.832512,18.146547,"50c9509d-22c7-4a22-a47d-8c48425ef4a7"
"Eleutherodactylus johnstonei Barbour, 1914","Eleutherodactylus","johnstonei",-61.757125,12.026079,"50c9509d-22c7-4a22-a47d-8c48425ef4a7"
"Eleutherodactylus johnstonei Barbour, 1914","Eleutherodactylus","johnstonei",-60.928877,13.894842,"50c9509d-22c7-4a22-a47d-8c48425ef4a7"
"Eleutherodactylus coqui Thomas, 1966","Eleutherodactylus","coqui",-66.034432,18.214721,"50c9509d-22c7-4a22-a47d-8c48425ef4a7"
"Eleutherodactylus johnstonei Barbour, 1914","Eleutherodactylus","johnstonei",-61.758248,12.025037,"50c9509d-22c7-4a22-a47d-8c48425ef4a7"
"Eleutherodactylus johnstonei Barbour, 1914","Eleutherodactylus","johnstonei",-61.008872,14.008487,"50c9509d-22c7-4a22-a47d-8c48425ef4a7"
"Eleutherodactylus coqui Thomas, 1966","Eleutherodactylus","coqui",-66.205696,18.140456,"50c9509d-22c7-4a22-a47d-8c48425ef4a7"
"Eleutherodactylus coqui Thomas, 1966","Eleutherodactylus","coqui",-66.184157,18.152114,"50c9509d-22c7-4a22-a47d-8c48425ef4a7"
"Eleutherodactylus unicolor Stejneger, 1904","Eleutherodactylus","unicolor",-65.727139,18.363891,"50c9509d-22c7-4a22-a47d-8c48425ef4a7"
"Eleutherodactylus johnstonei Barbour, 1914","Eleutherodactylus","johnstonei",-61.753053,12.004542,"50c9509d-22c7-4a22-a47d-8c48425ef4a7"
"Eleutherodactylus johnstonei Barbour, 1914","Eleutherodactylus","johnstonei",-61.757336,12.02612,"50c9509d-22c7-4a22-a47d-8c48425ef4a7"
"Eleutherodactylus antillensis (Reinhardt & Lütken, 1863)","Eleutherodactylus","antillensis",-66.164278,18.119748,"50c9509d-22c7-4a22-a47d-8c48425ef4a7"
"Eleutherodactylus johnstonei Barbour, 1914","Eleutherodactylus","johnstonei",-61.013031,13.94818,"50c9509d-22c7-4a22-a47d-8c48425ef4a7"
"Eleutherodactylus johnstonei Barbour, 1914","Eleutherodactylus","johnstonei",-61.051941,13.866415,"50c9509d-22c7-4a22-a47d-8c48425ef4a7"
"Eleutherodactylus johnstonei Barbour, 1914","Eleutherodactylus","johnstonei",-61.060424,13.814588,"50c9509d-22c7-4a22-a47d-8c48425ef4a7"
"Eleutherodactylus johnstonei Barbour, 1914","Eleutherodactylus","johnstonei",-60.976578,14.031398,"50c9509d-22c7-4a22-a47d-8c48425ef4a7"
"Eleutherodactylus coqui Thomas, 1966","Eleutherodactylus","coqui",-66.260136,18.1378,"50c9509d-22c7-4a22-a47d-8c48425ef4a7"
"Eleutherodactylus weinlandi Barbour, 1914","Eleutherodactylus","weinlandi",-69.254939,18.780468,"50c9509d-22c7-4a22-a47d-8c48425ef4a7"
"Eleutherodactylus antillensis (Reinhardt & Lütken, 1863)","Eleutherodactylus","antillensis",-66.803642,18.034549,"50c9509d-22c7-4a22-a47d-8c48425ef4a7"
"Eleutherodactylus antillensis (Reinhardt & Lütken, 1863)","Eleutherodactylus","antillensis",-66.979206,18.180993,"50c9509d-22c7-4a22-a47d-8c48425ef4a7"
"Eleutherodactylus abbotti Cochran, 1923","Eleutherodactylus","abbotti",-71.273256,18.116381,"50c9509d-22c7-4a22-a47d-8c48425ef4a7"
"Eleutherodactylus antillensis (Reinhardt & Lütken, 1863)","Eleutherodactylus","antillensis",-66.028406,18.38665,"50c9509d-22c7-4a22-a47d-8c48425ef4a7"
"Eleutherodactylus brittoni Schmidt, 1920","Eleutherodactylus","brittoni",-66.090955,18.06294,"50c9509d-22c7-4a22-a47d-8c48425ef4a7"
"Eleutherodactylus planirostris (Cope, 1862)","Eleutherodactylus","planirostris",-75.940212,21.095929,"50c9509d-22c7-4a22-a47d-8c48425ef4a7"
"Eleutherodactylus planirostris (Cope, 1862)","Eleutherodactylus","planirostris",-75.94302,21.09648,"50c9509d-22c7-4a22-a47d-8c48425ef4a7"
"Eleutherodactylus brittoni Schmidt, 1920","Eleutherodactylus","brittoni",-65.795013,18.260818,"50c9509d-22c7-4a22-a47d-8c48425ef4a7"
"Eleutherodactylus coqui Thomas, 1966","Eleutherodactylus","coqui",-66.090955,18.06294,"50c9509d-22c7-4a22-a47d-8c48425ef4a7"
"Eleutherodactylus brittoni Schmidt, 1920","Eleutherodactylus","brittoni",-66.095778,18.060906,"50c9509d-22c7-4a22-a47d-8c48425ef4a7"
"Eleutherodactylus pictissimus Cochran, 1935","Eleutherodactylus","pictissimus",-71.476515,18.275552,"50c9509d-22c7-4a22-a47d-8c48425ef4a7"
"Eleutherodactylus planirostris (Cope, 1862)","Eleutherodactylus","planirostris",-76.793951,18.148745,"50c9509d-22c7-4a22-a47d-8c48425ef4a7"
"Eleutherodactylus dimidiatus (Cope, 1862)","Eleutherodactylus","dimidiatus",-80.102312,21.882061,"50c9509d-22c7-4a22-a47d-8c48425ef4a7"
"Eleutherodactylus paralius Schwartz, 1976","Eleutherodactylus","paralius",-69.843503,18.511417,"50c9509d-22c7-4a22-a47d-8c48425ef4a7"
"Eleutherodactylus antillensis (Reinhardt & Lütken, 1863)","Eleutherodactylus","antillensis",-66.256047,17.989666,"50c9509d-22c7-4a22-a47d-8c48425ef4a7"
"Eleutherodactylus planirostris (Cope, 1862)","Eleutherodactylus","planirostris",-81.163168,23.197128,"50c9509d-22c7-4a22-a47d-8c48425ef4a7"
"Eleutherodactylus coqui Thomas, 1966","Eleutherodactylus","coqui",-66.059351,18.415299,"50c9509d-22c7-4a22-a47d-8c48425ef4a7"
"Eleutherodactylus antillensis (Reinhardt & Lütken, 1863)","Eleutherodactylus","antillensis",-65.86162,18.434028,"50c9509d-22c7-4a22-a47d-8c48425ef4a7"
"Eleutherodactylus brittoni Schmidt, 1920","Eleutherodactylus","brittoni",-65.796467,18.261086,"50c9509d-22c7-4a22-a47d-8c48425ef4a7"
"Eleutherodactylus planirostris (Cope, 1862)","Eleutherodactylus","planirostris",-75.941529,21.097233,"50c9509d-22c7-4a22-a47d-8c48425ef4a7"
"Eleutherodactylus cochranae Grant, 1932","Eleutherodactylus","cochranae",-65.616233,18.229867,"50c9509d-22c7-4a22-a47d-8c48425ef4a7"
"Eleutherodactylus weinlandi Barbour, 1914","Eleutherodactylus","weinlandi",-70.955581,19.648365,"50c9509d-22c7-4a22-a47d-8c48425ef4a7"
"Eleutherodactylus pictissimus Cochran, 1935","Eleutherodactylus","pictissimus",-71.512745,18.323763,"50c9509d-22c7-4a22-a47d-8c48425ef4a7"
"Eleutherodactylus planirostris (Cope, 1862)","Eleutherodactylus","planirostris",-66.653442,17.998108,"50c9509d-22c7-4a22-a47d-8c48425ef4a7"
"Eleutherodactylus pictissimus Cochran, 1935","Eleutherodactylus","pictissimus",-71.409909,18.385599,"50c9509d-22c7-4a22-a47d-8c48425ef4a7"
"Eleutherodactylus thomasi Schwartz, 1959","Eleutherodactylus","thomasi",-80.257702,21.985414,"50c9509d-22c7-4a22-a47d-8c48425ef4a7"
"Eleutherodactylus antillensis (Reinhardt & Lütken, 1863)","Eleutherodactylus","antillensis",-64.661275,18.405736,"50c9509d-22c7-4a22-a47d-8c48425ef4a7"
"Eleutherodactylus antillensis (Reinhardt & Lütken, 1863)","Eleutherodactylus","antillensis",-66.879856,17.952972,"50c9509d-22c7-4a22-a47d-8c48425ef4a7"
"Eleutherodactylus gossei Dunn, 1926","Eleutherodactylus","gossei",-76.65999,18.198103,"50c9509d-22c7-4a22-a47d-8c48425ef4a7"
"Eleutherodactylus coqui Thomas, 1966","Eleutherodactylus","coqui",-66.169682,18.113843,"50c9509d-22c7-4a22-a47d-8c48425ef4a7"
"Eleutherodactylus klinikowskii Schwartz, 1959","Eleutherodactylus","klinikowskii",-84.136026,22.203856,"50c9509d-22c7-4a22-a47d-8c48425ef4a7"
"Eleutherodactylus cochranae Grant, 1932","Eleutherodactylus","cochranae",-66.563834,18.433981,"50c9509d-22c7-4a22-a47d-8c48425ef4a7"
"Eleutherodactylus martinicensis (Tschudi, 1838)","Eleutherodactylus","martinicensis",-61.119794,14.645726,"50c9509d-22c7-4a22-a47d-8c48425ef4a7"
"Eleutherodactylus coqui Thomas, 1966","Eleutherodactylus","coqui",-66.096602,18.179356,"50c9509d-22c7-4a22-a47d-8c48425ef4a7"
"Eleutherodactylus martinicensis (Tschudi, 1838)","Eleutherodactylus","martinicensis",-61.019888,14.691431,"50c9509d-22c7-4a22-a47d-8c48425ef4a7"
"Eleutherodactylus coqui Thomas, 1966","Eleutherodactylus","coqui",-66.184123,18.152173,"50c9509d-22c7-4a22-a47d-8c48425ef4a7"
"Eleutherodactylus coqui Thomas, 1966","Eleutherodactylus","coqui",-65.796662,18.260937,"50c9509d-22c7-4a22-a47d-8c48425ef4a7"
"Eleutherodactylus coqui Thomas, 1966","Eleutherodactylus","coqui",-66.105733,18.257541,"50c9509d-22c7-4a22-a47d-8c48425ef4a7"
"Eleutherodactylus weinlandi Barbour, 1914","Eleutherodactylus","weinlandi",-71.255694,19.350277,"50c9509d-22c7-4a22-a47d-8c48425ef4a7"
"Eleutherodactylus abbotti Cochran, 1923","Eleutherodactylus","abbotti",-71.238053,18.144782,"50c9509d-22c7-4a22-a47d-8c48425ef4a7"
"Eleutherodactylus coqui Thomas, 1966","Eleutherodactylus","coqui",-66.184163,18.152169,"50c9509d-22c7-4a22-a47d-8c48425ef4a7"
"Eleutherodactylus coqui Thomas, 1966","Eleutherodactylus","coqui",-66.183913,18.15207,"50c9509d-22c7-4a22-a47d-8c48425ef4a7"
"Eleutherodactylus coqui Thomas, 1966","Eleutherodactylus","coqui",-66.094655,18.154098,"50c9509d-22c7-4a22-a47d-8c48425ef4a7"
"Eleutherodactylus portoricensis Schmidt, 1927","Eleutherodactylus","portoricensis",-65.746752,18.290144,"50c9509d-22c7-4a22-a47d-8c48425ef4a7"
"Eleutherodactylus cuneatus (Cope, 1862)","Eleutherodactylus","cuneatus",-75.611988,20.00338,"50c9509d-22c7-4a22-a47d-8c48425ef4a7"
"Eleutherodactylus coqui Thomas, 1966","Eleutherodactylus","coqui",-66.033353,18.231754,"50c9509d-22c7-4a22-a47d-8c48425ef4a7"
"Eleutherodactylus coqui Thomas, 1966","Eleutherodactylus","coqui",-66.85976,18.035104,"50c9509d-22c7-4a22-a47d-8c48425ef4a7"
"Eleutherodactylus coqui Thomas, 1966","Eleutherodactylus","coqui",-66.184166,18.151992,"50c9509d-22c7-4a22-a47d-8c48425ef4a7"
"Eleutherodactylus weinlandi Barbour, 1914","Eleutherodactylus","weinlandi",-69.454981,19.057076,"50c9509d-22c7-4a22-a47d-8c48425ef4a7"
"Eleutherodactylus coqui Thomas, 1966","Eleutherodactylus","coqui",-66.046494,18.4064,"50c9509d-22c7-4a22-a47d-8c48425ef4a7"
"Eleutherodactylus flavescens Noble, 1923","Eleutherodactylus","flavescens",-68.596656,18.637245,"50c9509d-22c7-4a22-a47d-8c48425ef4a7"
"Eleutherodactylus richmondi Stejneger, 1904","Eleutherodactylus","richmondi",-65.823946,18.390675,"50c9509d-22c7-4a22-a47d-8c48425ef4a7"
"Eleutherodactylus coqui Thomas, 1966","Eleutherodactylus","coqui",-66.183692,18.152219,"50c9509d-22c7-4a22-a47d-8c48425ef4a7"
"Eleutherodactylus coqui Thomas, 1966","Eleutherodactylus","coqui",-66.094857,18.153841,"50c9509d-22c7-4a22-a47d-8c48425ef4a7"
"Eleutherodactylus coqui Thomas, 1966","Eleutherodactylus","coqui",-66.198044,18.069013,"50c9509d-22c7-4a22-a47d-8c48425ef4a7"
"Eleutherodactylus coqui Thomas, 1966","Eleutherodactylus","coqui",-66.1794,18.110179,"50c9509d-22c7-4a22-a47d-8c48425ef4a7"
"Eleutherodactylus coqui Thomas, 1966","Eleutherodactylus","coqui",-66.297495,18.141718,"50c9509d-22c7-4a22-a47d-8c48425ef4a7"
"Eleutherodactylus coqui Thomas, 1966","Eleutherodactylus","coqui",-66.13245,18.136974,"50c9509d-22c7-4a22-a47d-8c48425ef4a7"
"Eleutherodactylus coqui Thomas, 1966","Eleutherodactylus","coqui",-66.099136,18.153928,"50c9509d-22c7-4a22-a47d-8c48425ef4a7"
"Eleutherodactylus coqui Thomas, 1966","Eleutherodactylus","coqui",-65.961303,18.262005,"50c9509d-22c7-4a22-a47d-8c48425ef4a7"
"Eleutherodactylus coqui Thomas, 1966","Eleutherodactylus","coqui",-66.184169,18.152166,"50c9509d-22c7-4a22-a47d-8c48425ef4a7"
"Eleutherodactylus antillensis (Reinhardt & Lütken, 1863)","Eleutherodactylus","antillensis",-66.139311,18.186291,"50c9509d-22c7-4a22-a47d-8c48425ef4a7"
"Eleutherodactylus audanti Cochran, 1934","Eleutherodactylus","audanti",-72.245799,18.575955,"50c9509d-22c7-4a22-a47d-8c48425ef4a7"
"Eleutherodactylus coqui Thomas, 1966","Eleutherodactylus","coqui",-66.184114,18.152151,"50c9509d-22c7-4a22-a47d-8c48425ef4a7"
"Eleutherodactylus coqui Thomas, 1966","Eleutherodactylus","coqui",-66.184131,18.151984,"50c9509d-22c7-4a22-a47d-8c48425ef4a7"
"Eleutherodactylus coqui Thomas, 1966","Eleutherodactylus","coqui",-66.905263,18.352588,"50c9509d-22c7-4a22-a47d-8c48425ef4a7"
"Eleutherodactylus abbotti Cochran, 1923","Eleutherodactylus","abbotti",-71.273158,18.111903,"50c9509d-22c7-4a22-a47d-8c48425ef4a7"
"Eleutherodactylus coqui Thomas, 1966","Eleutherodactylus","coqui",-66.185039,18.107456,"50c9509d-22c7-4a22-a47d-8c48425ef4a7"
"Eleutherodactylus coqui Thomas, 1966","Eleutherodactylus","coqui",-66.159963,18.176318,"50c9509d-22c7-4a22-a47d-8c48425ef4a7"
"Eleutherodactylus coqui Thomas, 1966","Eleutherodactylus","coqui",-66.034463,18.0912,"50c9509d-22c7-4a22-a47d-8c48425ef4a7"
"Eleutherodactylus antillensis (Reinhardt & Lütken, 1863)","Eleutherodactylus","antillensis",-66.174942,18.122331,"50c9509d-22c7-4a22-a47d-8c48425ef4a7"
"Eleutherodactylus johnstonei Barbour, 1914","Eleutherodactylus","johnstonei",-61.103901,14.62087,"50c9509d-22c7-4a22-a47d-8c48425ef4a7"
"Eleutherodactylus antillensis (Reinhardt & Lütken, 1863)","Eleutherodactylus","antillensis",-65.973933,18.2535,"50c9509d-22c7-4a22-a47d-8c48425ef4a7"
"Eleutherodactylus paralius Schwartz, 1976","Eleutherodactylus","paralius",-69.93692,18.564859,"50c9509d-22c7-4a22-a47d-8c48425ef4a7"
"Eleutherodactylus coqui Thomas, 1966","Eleutherodactylus","coqui",-66.182735,18.158341,"50c9509d-22c7-4a22-a47d-8c48425ef4a7"
"Eleutherodactylus coqui Thomas, 1966","Eleutherodactylus","coqui",-66.18369,18.152242,"50c9509d-22c7-4a22-a47d-8c48425ef4a7"
"Eleutherodactylus antillensis (Reinhardt & Lütken, 1863)","Eleutherodactylus","antillensis",-66.728287,18.413978,"50c9509d-22c7-4a22-a47d-8c48425ef4a7"
"Eleutherodactylus coqui Thomas, 1966","Eleutherodactylus","coqui",-66.186411,18.170789,"50c9509d-22c7-4a22-a47d-8c48425ef4a7"
"Eleutherodactylus coqui Thomas, 1966","Eleutherodactylus","coqui",-65.90282,18.218299,"50c9509d-22c7-4a22-a47d-8c48425ef4a7"
"Eleutherodactylus coqui Thomas, 1966","Eleutherodactylus","coqui",-66.183849,18.152245,"50c9509d-22c7-4a22-a47d-8c48425ef4a7"
"Eleutherodactylus coqui Thomas, 1966","Eleutherodactylus","coqui",-65.855758,18.174125,"50c9509d-22c7-4a22-a47d-8c48425ef4a7"
"Eleutherodactylus coqui Thomas, 1966","Eleutherodactylus","coqui",-65.855828,18.174063,"50c9509d-22c7-4a22-a47d-8c48425ef4a7"
"Eleutherodactylus coqui Thomas, 1966","Eleutherodactylus","coqui",-66.121398,18.15597,"50c9509d-22c7-4a22-a47d-8c48425ef4a7"
"Eleutherodactylus coqui Thomas, 1966","Eleutherodactylus","coqui",-66.18388,18.152277,"50c9509d-22c7-4a22-a47d-8c48425ef4a7"
"Eleutherodactylus coqui Thomas, 1966","Eleutherodactylus","coqui",-66.150017,18.168682,"50c9509d-22c7-4a22-a47d-8c48425ef4a7"
"Eleutherodactylus coqui Thomas, 1966","Eleutherodactylus","coqui",-66.16825,18.148147,"50c9509d-22c7-4a22-a47d-8c48425ef4a7"
"Eleutherodactylus pictissimus Cochran, 1935","Eleutherodactylus","pictissimus",-71.40904,18.275477,"50c9509d-22c7-4a22-a47d-8c48425ef4a7"
"Eleutherodactylus coqui Thomas, 1966","Eleutherodactylus","coqui",-66.032855,18.235762,"50c9509d-22c7-4a22-a47d-8c48425ef4a7"
"Eleutherodactylus coqui Thomas, 1966","Eleutherodactylus","coqui",-66.028647,18.386525,"50c9509d-22c7-4a22-a47d-8c48425ef4a7"
"Eleutherodactylus antillensis (Reinhardt & Lütken, 1863)","Eleutherodactylus","antillensis",-66.724998,18.417274,"50c9509d-22c7-4a22-a47d-8c48425ef4a7"
"Eleutherodactylus abbotti Cochran, 1923","Eleutherodactylus","abbotti",-71.269786,18.117489,"50c9509d-22c7-4a22-a47d-8c48425ef4a7"
"Eleutherodactylus coqui Thomas, 1966","Eleutherodactylus","coqui",-66.183883,18.152268,"50c9509d-22c7-4a22-a47d-8c48425ef4a7"
"Eleutherodactylus coqui Thomas, 1966","Eleutherodactylus","coqui",-66.184441,18.152761,"50c9509d-22c7-4a22-a47d-8c48425ef4a7"
"Eleutherodactylus coqui Thomas, 1966","Eleutherodactylus","coqui",-65.902962,18.218183,"50c9509d-22c7-4a22-a47d-8c48425ef4a7"
"Eleutherodactylus abbotti Cochran, 1923","Eleutherodactylus","abbotti",-71.273464,18.115156,"50c9509d-22c7-4a22-a47d-8c48425ef4a7"
"Eleutherodactylus antillensis (Reinhardt & Lütken, 1863)","Eleutherodactylus","antillensis",-66.291982,18.134502,"50c9509d-22c7-4a22-a47d-8c48425ef4a7"
"Eleutherodactylus johnstonei Barbour, 1914","Eleutherodactylus","johnstonei",-60.96074,13.761164,"50c9509d-22c7-4a22-a47d-8c48425ef4a7"
"Eleutherodactylus johnstonei Barbour, 1914","Eleutherodactylus","johnstonei",-61.112278,14.64423,"50c9509d-22c7-4a22-a47d-8c48425ef4a7"
"Eleutherodactylus coqui Thomas, 1966","Eleutherodactylus","coqui",-66.094208,18.133572,"50c9509d-22c7-4a22-a47d-8c48425ef4a7"
"Eleutherodactylus coqui Thomas, 1966","Eleutherodactylus","coqui",-66.184286,18.152075,"50c9509d-22c7-4a22-a47d-8c48425ef4a7"
"Eleutherodactylus coqui Thomas, 1966","Eleutherodactylus","coqui",-66.099594,18.134681,"50c9509d-22c7-4a22-a47d-8c48425ef4a7"
"Eleutherodactylus coqui Thomas, 1966","Eleutherodactylus","coqui",-66.16192,18.178544,"50c9509d-22c7-4a22-a47d-8c48425ef4a7"
"Eleutherodactylus coqui Thomas, 1966","Eleutherodactylus","coqui",-66.1841,18.152123,"50c9509d-22c7-4a22-a47d-8c48425ef4a7"
"Eleutherodactylus flavescens Noble, 1923","Eleutherodactylus","flavescens",-69.256219,19.195143,"50c9509d-22c7-4a22-a47d-8c48425ef4a7"
"Eleutherodactylus coqui Thomas, 1966","Eleutherodactylus","coqui",-66.183967,18.152121,"50c9509d-22c7-4a22-a47d-8c48425ef4a7"
"Eleutherodactylus antillensis (Reinhardt & Lütken, 1863)","Eleutherodactylus","antillensis",-66.121555,18.156778,"50c9509d-22c7-4a22-a47d-8c48425ef4a7"
"Eleutherodactylus coqui Thomas, 1966","Eleutherodactylus","coqui",-66.121783,18.15697,"50c9509d-22c7-4a22-a47d-8c48425ef4a7"
"Eleutherodactylus portoricensis Schmidt, 1927","Eleutherodactylus","portoricensis",-66.289681,18.131512,"50c9509d-22c7-4a22-a47d-8c48425ef4a7"
"Eleutherodactylus coqui Thomas, 1966","Eleutherodactylus","coqui",-66.179583,18.112849,"50c9509d-22c7-4a22-a47d-8c48425ef4a7"
"Eleutherodactylus cochranae Grant, 1932","Eleutherodactylus","cochranae",-66.17955,18.112899,"50c9509d-22c7-4a22-a47d-8c48425ef4a7"
"Eleutherodactylus cochranae Grant, 1932","Eleutherodactylus","cochranae",-66.184183,18.152164,"50c9509d-22c7-4a22-a47d-8c48425ef4a7"
"Eleutherodactylus coqui Thomas, 1966","Eleutherodactylus","coqui",-66.184188,18.152147,"50c9509d-22c7-4a22-a47d-8c48425ef4a7"
"Eleutherodactylus coqui Thomas, 1966","Eleutherodactylus","coqui",-66.297475,18.141521,"50c9509d-22c7-4a22-a47d-8c48425ef4a7"
"Eleutherodactylus coqui Thomas, 1966","Eleutherodactylus","coqui",-66.18392,18.152226,"50c9509d-22c7-4a22-a47d-8c48425ef4a7"
"Eleutherodactylus coqui Thomas, 1966","Eleutherodactylus","coqui",-66.148219,18.117293,"50c9509d-22c7-4a22-a47d-8c48425ef4a7"
"Eleutherodactylus coqui Thomas, 1966","Eleutherodactylus","coqui",-66.150135,18.209157,"50c9509d-22c7-4a22-a47d-8c48425ef4a7"
"Eleutherodactylus coqui Thomas, 1966","Eleutherodactylus","coqui",-66.184136,18.152161,"50c9509d-22c7-4a22-a47d-8c48425ef4a7"
"Eleutherodactylus cochranae Grant, 1932","Eleutherodactylus","cochranae",-66.121471,18.156635,"50c9509d-22c7-4a22-a47d-8c48425ef4a7"
"Eleutherodactylus coqui Thomas, 1966","Eleutherodactylus","coqui",-66.214255,18.17351,"50c9509d-22c7-4a22-a47d-8c48425ef4a7"
"Eleutherodactylus coqui Thomas, 1966","Eleutherodactylus","coqui",-66.297557,18.141769,"50c9509d-22c7-4a22-a47d-8c48425ef4a7"
"Eleutherodactylus coqui Thomas, 1966","Eleutherodactylus","coqui",-66.297568,18.141655,"50c9509d-22c7-4a22-a47d-8c48425ef4a7"
"Eleutherodactylus coqui Thomas, 1966","Eleutherodactylus","coqui",-66.184146,18.152189,"50c9509d-22c7-4a22-a47d-8c48425ef4a7"
"Eleutherodactylus coqui Thomas, 1966","Eleutherodactylus","coqui",-66.184249,18.15215,"50c9509d-22c7-4a22-a47d-8c48425ef4a7"
"Eleutherodactylus coqui Thomas, 1966","Eleutherodactylus","coqui",-66.099411,18.134908,"50c9509d-22c7-4a22-a47d-8c48425ef4a7"
"Eleutherodactylus inoptatus (Barbour, 1914)","Eleutherodactylus","inoptatus",-70.70862,19.763606,"50c9509d-22c7-4a22-a47d-8c48425ef4a7"
"Eleutherodactylus abbotti Cochran, 1923","Eleutherodactylus","abbotti",-70.709337,19.763109,"50c9509d-22c7-4a22-a47d-8c48425ef4a7"
"Eleutherodactylus coqui Thomas, 1966","Eleutherodactylus","coqui",-66.162189,18.168127,"50c9509d-22c7-4a22-a47d-8c48425ef4a7"
"Eleutherodactylus coqui Thomas, 1966","Eleutherodactylus","coqui",-66.100155,18.260235,"50c9509d-22c7-4a22-a47d-8c48425ef4a7"
"Eleutherodactylus coqui Thomas, 1966","Eleutherodactylus","coqui",-66.179584,18.112826,"50c9509d-22c7-4a22-a47d-8c48425ef4a7"
"Eleutherodactylus portoricensis Schmidt, 1927","Eleutherodactylus","portoricensis",-66.333319,18.123418,"50c9509d-22c7-4a22-a47d-8c48425ef4a7"
"Eleutherodactylus coqui Thomas, 1966","Eleutherodactylus","coqui",-66.179562,18.112927,"50c9509d-22c7-4a22-a47d-8c48425ef4a7"
"Eleutherodactylus coqui Thomas, 1966","Eleutherodactylus","coqui",-66.162042,18.168067,"50c9509d-22c7-4a22-a47d-8c48425ef4a7"
"Eleutherodactylus antillensis (Reinhardt & Lütken, 1863)","Eleutherodactylus","antillensis",-66.121675,18.156842,"50c9509d-22c7-4a22-a47d-8c48425ef4a7"
"Eleutherodactylus coqui Thomas, 1966","Eleutherodactylus","coqui",-66.28748,18.124857,"50c9509d-22c7-4a22-a47d-8c48425ef4a7"
"Eleutherodactylus coqui Thomas, 1966","Eleutherodactylus","coqui",-66.179576,18.112863,"50c9509d-22c7-4a22-a47d-8c48425ef4a7"
"Eleutherodactylus johnstonei Barbour, 1914","Eleutherodactylus","johnstonei",-61.758399,12.025906,"50c9509d-22c7-4a22-a47d-8c48425ef4a7"
"Eleutherodactylus coqui Thomas, 1966","Eleutherodactylus","coqui",-66.028214,18.388283,"50c9509d-22c7-4a22-a47d-8c48425ef4a7"
"Eleutherodactylus coqui Thomas, 1966","Eleutherodactylus","coqui",-66.166261,18.176696,"50c9509d-22c7-4a22-a47d-8c48425ef4a7"
"Eleutherodactylus coqui Thomas, 1966","Eleutherodactylus","coqui",-66.184216,18.152087,"50c9509d-22c7-4a22-a47d-8c48425ef4a7"
"Eleutherodactylus coqui Thomas, 1966","Eleutherodactylus","coqui",-66.174246,18.093649,"50c9509d-22c7-4a22-a47d-8c48425ef4a7"
"Eleutherodactylus portoricensis Schmidt, 1927","Eleutherodactylus","portoricensis",-66.071409,18.157161,"50c9509d-22c7-4a22-a47d-8c48425ef4a7"
"Eleutherodactylus coqui Thomas, 1966","Eleutherodactylus","coqui",-66.159119,18.119487,"50c9509d-22c7-4a22-a47d-8c48425ef4a7"
"Eleutherodactylus antillensis (Reinhardt & Lütken, 1863)","Eleutherodactylus","antillensis",-65.893815,18.181186,"50c9509d-22c7-4a22-a47d-8c48425ef4a7"
"Eleutherodactylus portoricensis Schmidt, 1927","Eleutherodactylus","portoricensis",-67.168568,18.083697,"50c9509d-22c7-4a22-a47d-8c48425ef4a7"
"Eleutherodactylus coqui Thomas, 1966","Eleutherodactylus","coqui",-66.121513,18.156616,"50c9509d-22c7-4a22-a47d-8c48425ef4a7"
"Eleutherodactylus coqui Thomas, 1966","Eleutherodactylus","coqui",-66.106117,18.257041,"50c9509d-22c7-4a22-a47d-8c48425ef4a7"
"Eleutherodactylus coqui Thomas, 1966","Eleutherodactylus","coqui",-66.159834,18.172578,"50c9509d-22c7-4a22-a47d-8c48425ef4a7"
"Eleutherodactylus coqui Thomas, 1966","Eleutherodactylus","coqui",-66.136785,18.117363,"50c9509d-22c7-4a22-a47d-8c48425ef4a7"
"Eleutherodactylus coqui Thomas, 1966","Eleutherodactylus","coqui",-66.184029,18.152285,"50c9509d-22c7-4a22-a47d-8c48425ef4a7"
"Eleutherodactylus coqui Thomas, 1966","Eleutherodactylus","coqui",-66.297487,18.141649,"50c9509d-22c7-4a22-a47d-8c48425ef4a7"
"Eleutherodactylus coqui Thomas, 1966","Eleutherodactylus","coqui",-66.17699,18.092393,"50c9509d-22c7-4a22-a47d-8c48425ef4a7"
"Eleutherodactylus cochranae Grant, 1932","Eleutherodactylus","cochranae",-66.179529,18.112917,"50c9509d-22c7-4a22-a47d-8c48425ef4a7"
"Eleutherodactylus antillensis (Reinhardt & Lütken, 1863)","Eleutherodactylus","antillensis",-65.903037,18.218175,"50c9509d-22c7-4a22-a47d-8c48425ef4a7"
"Eleutherodactylus coqui Thomas, 1966","Eleutherodactylus","coqui",-66.184209,18.152094,"50c9509d-22c7-4a22-a47d-8c48425ef4a7"
"Eleutherodactylus coqui Thomas, 1966","Eleutherodactylus","coqui",-66.155566,18.185306,"50c9509d-22c7-4a22-a47d-8c48425ef4a7"
"Eleutherodactylus coqui Thomas, 1966","Eleutherodactylus","coqui",-66.179992,18.113864,"50c9509d-22c7-4a22-a47d-8c48425ef4a7"
"Eleutherodactylus antillensis (Reinhardt & Lütken, 1863)","Eleutherodactylus","antillensis",-66.635963,18.195297,"50c9509d-22c7-4a22-a47d-8c48425ef4a7"
"Eleutherodactylus coqui Thomas, 1966","Eleutherodactylus","coqui",-66.1795,18.112937,"50c9509d-22c7-4a22-a47d-8c48425ef4a7"
"Eleutherodactylus coqui Thomas, 1966","Eleutherodactylus","coqui",-66.169333,18.1142,"50c9509d-22c7-4a22-a47d-8c48425ef4a7"
"Eleutherodactylus antillensis (Reinhardt & Lütken, 1863)","Eleutherodactylus","antillensis",-66.178361,18.117624,"50c9509d-22c7-4a22-a47d-8c48425ef4a7"
"Eleutherodactylus cochranae Grant, 1932","Eleutherodactylus","cochranae",-66.099267,18.193188,"50c9509d-22c7-4a22-a47d-8c48425ef4a7"
"Eleutherodactylus coqui Thomas, 1966","Eleutherodactylus","coqui",-66.134186,18.071822,"50c9509d-22c7-4a22-a47d-8c48425ef4a7"
"Eleutherodactylus coqui Thomas, 1966","Eleutherodactylus","coqui",-66.155584,18.185227,"50c9509d-22c7-4a22-a47d-8c48425ef4a7"
"Eleutherodactylus antillensis (Reinhardt & Lütken, 1863)","Eleutherodactylus","antillensis",-66.075343,18.454324,"50c9509d-22c7-4a22-a47d-8c48425ef4a7"
"Eleutherodactylus coqui Thomas, 1966","Eleutherodactylus","coqui",-66.15287,18.150361,"50c9509d-22c7-4a22-a47d-8c48425ef4a7"
"Eleutherodactylus coqui Thomas, 1966","Eleutherodactylus","coqui",-66.169466,18.163478,"50c9509d-22c7-4a22-a47d-8c48425ef4a7"
"Eleutherodactylus coqui Thomas, 1966","Eleutherodactylus","coqui",-66.121854,18.156808,"50c9509d-22c7-4a22-a47d-8c48425ef4a7"
"Eleutherodactylus coqui Thomas, 1966","Eleutherodactylus","coqui",-66.179603,18.113031,"50c9509d-22c7-4a22-a47d-8c48425ef4a7"
"Eleutherodactylus cochranae Grant, 1932","Eleutherodactylus","cochranae",-66.179556,18.112926,"50c9509d-22c7-4a22-a47d-8c48425ef4a7"
"Eleutherodactylus coqui Thomas, 1966","Eleutherodactylus","coqui",-66.097861,18.165633,"50c9509d-22c7-4a22-a47d-8c48425ef4a7"
"Eleutherodactylus coqui Thomas, 1966","Eleutherodactylus","coqui",-66.127333,18.220428,"50c9509d-22c7-4a22-a47d-8c48425ef4a7"
"Eleutherodactylus coqui Thomas, 1966","Eleutherodactylus","coqui",-66.077082,18.141505,"50c9509d-22c7-4a22-a47d-8c48425ef4a7"
"Eleutherodactylus coqui Thomas, 1966","Eleutherodactylus","coqui",-66.181008,18.1157,"50c9509d-22c7-4a22-a47d-8c48425ef4a7"
"Eleutherodactylus coqui Thomas, 1966","Eleutherodactylus","coqui",-66.093707,18.152422,"50c9509d-22c7-4a22-a47d-8c48425ef4a7"
"Eleutherodactylus coqui Thomas, 1966","Eleutherodactylus","coqui",-66.04309,18.137493,"50c9509d-22c7-4a22-a47d-8c48425ef4a7"
"Eleutherodactylus coqui Thomas, 1966","Eleutherodactylus","coqui",-66.181009,18.115727,"50c9509d-22c7-4a22-a47d-8c48425ef4a7"
"Eleutherodactylus antillensis (Reinhardt & Lütken, 1863)","Eleutherodactylus","antillensis",-66.178087,18.118025,"50c9509d-22c7-4a22-a47d-8c48425ef4a7"
"Eleutherodactylus johnstonei Barbour, 1914","Eleutherodactylus","johnstonei",-61.093788,14.621082,"50c9509d-22c7-4a22-a47d-8c48425ef4a7"
"Eleutherodactylus cochranae Grant, 1932","Eleutherodactylus","cochranae",-66.179424,18.112777,"50c9509d-22c7-4a22-a47d-8c48425ef4a7"
"Eleutherodactylus coqui Thomas, 1966","Eleutherodactylus","coqui",-66.178975,18.124415,"50c9509d-22c7-4a22-a47d-8c48425ef4a7"
"Eleutherodactylus coqui Thomas, 1966","Eleutherodactylus","coqui",-66.155553,18.185249,"50c9509d-22c7-4a22-a47d-8c48425ef4a7"
"Eleutherodactylus antillensis (Reinhardt & Lütken, 1863)","Eleutherodactylus","antillensis",-66.010094,18.213737,"50c9509d-22c7-4a22-a47d-8c48425ef4a7"
"Eleutherodactylus coqui Thomas, 1966","Eleutherodactylus","coqui",-66.17955,18.112873,"50c9509d-22c7-4a22-a47d-8c48425ef4a7"
"Eleutherodactylus coqui Thomas, 1966","Eleutherodactylus","coqui",-66.093756,18.152496,"50c9509d-22c7-4a22-a47d-8c48425ef4a7"
"Eleutherodactylus coqui Thomas, 1966","Eleutherodactylus","coqui",-66.17958,18.112931,"50c9509d-22c7-4a22-a47d-8c48425ef4a7"
"Eleutherodactylus coqui Thomas, 1966","Eleutherodactylus","coqui",-66.163552,18.112775,"50c9509d-22c7-4a22-a47d-8c48425ef4a7"
"Eleutherodactylus coqui Thomas, 1966","Eleutherodactylus","coqui",-66.081207,18.162555,"50c9509d-22c7-4a22-a47d-8c48425ef4a7"
"Eleutherodactylus coqui Thomas, 1966","Eleutherodactylus","coqui",-66.214484,18.173154,"50c9509d-22c7-4a22-a47d-8c48425ef4a7"
"Eleutherodactylus antillensis (Reinhardt & Lütken, 1863)","Eleutherodactylus","antillensis",-65.893851,18.181221,"50c9509d-22c7-4a22-a47d-8c48425ef4a7"
"Eleutherodactylus antillensis (Reinhardt & Lütken, 1863)","Eleutherodactylus","antillensis",-66.076576,18.454186,"50c9509d-22c7-4a22-a47d-8c48425ef4a7"
"Eleutherodactylus cochranae Grant, 1932","Eleutherodactylus","cochranae",-66.155633,18.185259,"50c9509d-22c7-4a22-a47d-8c48425ef4a7"
"Eleutherodactylus antillensis (Reinhardt & Lütken, 1863)","Eleutherodactylus","antillensis",-66.177967,18.118077,"50c9509d-22c7-4a22-a47d-8c48425ef4a7"
"Eleutherodactylus antillensis (Reinhardt & Lütken, 1863)","Eleutherodactylus","antillensis",-66.16456,18.122755,"50c9509d-22c7-4a22-a47d-8c48425ef4a7"
"Eleutherodactylus portoricensis Schmidt, 1927","Eleutherodactylus","portoricensis",-66.114125,18.115315,"50c9509d-22c7-4a22-a47d-8c48425ef4a7"
"Eleutherodactylus inoptatus (Barbour, 1914)","Eleutherodactylus","inoptatus",-70.598328,19.102264,"50c9509d-22c7-4a22-a47d-8c48425ef4a7"
"Eleutherodactylus coqui Thomas, 1966","Eleutherodactylus","coqui",-66.17957,18.112906,"50c9509d-22c7-4a22-a47d-8c48425ef4a7"
"Eleutherodactylus coqui Thomas, 1966","Eleutherodactylus","coqui",-66.183731,18.153958,"50c9509d-22c7-4a22-a47d-8c48425ef4a7"
"Eleutherodactylus antillensis (Reinhardt & Lütken, 1863)","Eleutherodactylus","antillensis",-66.405428,18.328051,"50c9509d-22c7-4a22-a47d-8c48425ef4a7"
"Eleutherodactylus coqui Thomas, 1966","Eleutherodactylus","coqui",-66.159272,18.156917,"50c9509d-22c7-4a22-a47d-8c48425ef4a7"
"Eleutherodactylus coqui Thomas, 1966","Eleutherodactylus","coqui",-65.961708,18.261805,"50c9509d-22c7-4a22-a47d-8c48425ef4a7"
"Eleutherodactylus coqui Thomas, 1966","Eleutherodactylus","coqui",-66.178855,18.123532,"50c9509d-22c7-4a22-a47d-8c48425ef4a7"
"Eleutherodactylus coqui Thomas, 1966","Eleutherodactylus","coqui",-66.149775,18.188491,"50c9509d-22c7-4a22-a47d-8c48425ef4a7"
"Eleutherodactylus coqui Thomas, 1966","Eleutherodactylus","coqui",-66.184016,18.152257,"50c9509d-22c7-4a22-a47d-8c48425ef4a7"
"Eleutherodactylus antillensis (Reinhardt & Lütken, 1863)","Eleutherodactylus","antillensis",-66.099206,18.193094,"50c9509d-22c7-4a22-a47d-8c48425ef4a7"
"Eleutherodactylus coqui Thomas, 1966","Eleutherodactylus","coqui",-66.181,18.115874,"50c9509d-22c7-4a22-a47d-8c48425ef4a7"
"Eleutherodactylus coqui Thomas, 1966","Eleutherodactylus","coqui",-66.081371,18.162547,"50c9509d-22c7-4a22-a47d-8c48425ef4a7"
"Eleutherodactylus coqui Thomas, 1966","Eleutherodactylus","coqui",-66.155529,18.185221,"50c9509d-22c7-4a22-a47d-8c48425ef4a7"
"Eleutherodactylus antillensis (Reinhardt & Lütken, 1863)","Eleutherodactylus","antillensis",-65.893825,18.181081,"50c9509d-22c7-4a22-a47d-8c48425ef4a7"
"Eleutherodactylus coqui Thomas, 1966","Eleutherodactylus","coqui",-66.042028,18.138167,"50c9509d-22c7-4a22-a47d-8c48425ef4a7"
"Eleutherodactylus coqui Thomas, 1966","Eleutherodactylus","coqui",-66.144732,18.130793,"50c9509d-22c7-4a22-a47d-8c48425ef4a7"
"Eleutherodactylus coqui Thomas, 1966","Eleutherodactylus","coqui",-66.168713,18.121909,"50c9509d-22c7-4a22-a47d-8c48425ef4a7"
"Eleutherodactylus portoricensis Schmidt, 1927","Eleutherodactylus","portoricensis",-66.045047,18.142772,"50c9509d-22c7-4a22-a47d-8c48425ef4a7"
"Eleutherodactylus coqui Thomas, 1966","Eleutherodactylus","coqui",-66.214494,18.17315,"50c9509d-22c7-4a22-a47d-8c48425ef4a7"
"Eleutherodactylus coqui Thomas, 1966","Eleutherodactylus","coqui",-66.169579,18.163823,"50c9509d-22c7-4a22-a47d-8c48425ef4a7"
"Eleutherodactylus coqui Thomas, 1966","Eleutherodactylus","coqui",-66.181024,18.115763,"50c9509d-22c7-4a22-a47d-8c48425ef4a7"
"Eleutherodactylus coqui Thomas, 1966","Eleutherodactylus","coqui",-66.179528,18.113445,"50c9509d-22c7-4a22-a47d-8c48425ef4a7"
"Eleutherodactylus coqui Thomas, 1966","Eleutherodactylus","coqui",-66.099075,18.153964,"50c9509d-22c7-4a22-a47d-8c48425ef4a7"
"Eleutherodactylus coqui Thomas, 1966","Eleutherodactylus","coqui",-66.155575,18.185247,"50c9509d-22c7-4a22-a47d-8c48425ef4a7"
"Eleutherodactylus coqui Thomas, 1966","Eleutherodactylus","coqui",-66.181,18.115825,"50c9509d-22c7-4a22-a47d-8c48425ef4a7"
"Eleutherodactylus coqui Thomas, 1966","Eleutherodactylus","coqui",-66.180999,18.115816,"50c9509d-22c7-4a22-a47d-8c48425ef4a7"
"Eleutherodactylus coqui Thomas, 1966","Eleutherodactylus","coqui",-66.121843,18.156808,"50c9509d-22c7-4a22-a47d-8c48425ef4a7"
"Eleutherodactylus coqui Thomas, 1966","Eleutherodactylus","coqui",-66.154838,18.18664,"50c9509d-22c7-4a22-a47d-8c48425ef4a7"
"Eleutherodactylus coqui Thomas, 1966","Eleutherodactylus","coqui",-66.127311,18.220422,"50c9509d-22c7-4a22-a47d-8c48425ef4a7"
"Eleutherodactylus coqui Thomas, 1966","Eleutherodactylus","coqui",-66.081202,18.162508,"50c9509d-22c7-4a22-a47d-8c48425ef4a7"
"Eleutherodactylus coqui Thomas, 1966","Eleutherodactylus","coqui",-66.155526,18.185339,"50c9509d-22c7-4a22-a47d-8c48425ef4a7"
"Eleutherodactylus coqui Thomas, 1966","Eleutherodactylus","coqui",-66.119162,18.170636,"50c9509d-22c7-4a22-a47d-8c48425ef4a7"
"Eleutherodactylus cochranae Grant, 1932","Eleutherodactylus","cochranae",-66.179409,18.112811,"50c9509d-22c7-4a22-a47d-8c48425ef4a7"
"Eleutherodactylus portoricensis Schmidt, 1927","Eleutherodactylus","portoricensis",-66.062669,18.080548,"50c9509d-22c7-4a22-a47d-8c48425ef4a7"
"Eleutherodactylus antillensis (Reinhardt & Lütken, 1863)","Eleutherodactylus","antillensis",-66.190815,18.081875,"50c9509d-22c7-4a22-a47d-8c48425ef4a7"
"Eleutherodactylus coqui Thomas, 1966","Eleutherodactylus","coqui",-66.169999,18.114309,"50c9509d-22c7-4a22-a47d-8c48425ef4a7"
"Eleutherodactylus coqui Thomas, 1966","Eleutherodactylus","coqui",-66.093466,18.157987,"50c9509d-22c7-4a22-a47d-8c48425ef4a7"
"Eleutherodactylus coqui Thomas, 1966","Eleutherodactylus","coqui",-66.099128,18.154022,"50c9509d-22c7-4a22-a47d-8c48425ef4a7"
"Eleutherodactylus coqui Thomas, 1966","Eleutherodactylus","coqui",-66.093571,18.158089,"50c9509d-22c7-4a22-a47d-8c48425ef4a7"
"Eleutherodactylus coqui Thomas, 1966","Eleutherodactylus","coqui",-66.181006,18.115793,"50c9509d-22c7-4a22-a47d-8c48425ef4a7"
"Eleutherodactylus coqui Thomas, 1966","Eleutherodactylus","coqui",-66.179515,18.112942,"50c9509d-22c7-4a22-a47d-8c48425ef4a7"
"Eleutherodactylus johnstonei Barbour, 1914","Eleutherodactylus","johnstonei",-60.842171,14.545026,"50c9509d-22c7-4a22-a47d-8c48425ef4a7"
"Eleutherodactylus coqui Thomas, 1966","Eleutherodactylus","coqui",-66.105157,18.255392,"50c9509d-22c7-4a22-a47d-8c48425ef4a7"
"Eleutherodactylus antillensis (Reinhardt & Lütken, 1863)","Eleutherodactylus","antillensis",-66.179422,18.112782,"50c9509d-22c7-4a22-a47d-8c48425ef4a7"
"Eleutherodactylus coqui Thomas, 1966","Eleutherodactylus","coqui",-66.211941,18.140433,"50c9509d-22c7-4a22-a47d-8c48425ef4a7"
"Eleutherodactylus coqui Thomas, 1966","Eleutherodactylus","coqui",-66.17224,18.110719,"50c9509d-22c7-4a22-a47d-8c48425ef4a7"
"Eleutherodactylus coqui Thomas, 1966","Eleutherodactylus","coqui",-66.190837,18.081832,"50c9509d-22c7-4a22-a47d-8c48425ef4a7"
"Eleutherodactylus coqui Thomas, 1966","Eleutherodactylus","coqui",-66.081254,18.162558,"50c9509d-22c7-4a22-a47d-8c48425ef4a7"
"Eleutherodactylus coqui Thomas, 1966","Eleutherodactylus","coqui",-66.152032,18.16161,"50c9509d-22c7-4a22-a47d-8c48425ef4a7"
"Eleutherodactylus coqui Thomas, 1966","Eleutherodactylus","coqui",-66.232577,18.157354,"50c9509d-22c7-4a22-a47d-8c48425ef4a7"
"Eleutherodactylus coqui Thomas, 1966","Eleutherodactylus","coqui",-66.09369,18.152413,"50c9509d-22c7-4a22-a47d-8c48425ef4a7"
"Eleutherodactylus coqui Thomas, 1966","Eleutherodactylus","coqui",-66.181032,18.115673,"50c9509d-22c7-4a22-a47d-8c48425ef4a7"
"Eleutherodactylus coqui Thomas, 1966","Eleutherodactylus","coqui",-66.181014,18.115738,"50c9509d-22c7-4a22-a47d-8c48425ef4a7"
"Eleutherodactylus coqui Thomas, 1966","Eleutherodactylus","coqui",-66.168027,18.156497,"50c9509d-22c7-4a22-a47d-8c48425ef4a7"
"Eleutherodactylus coqui Thomas, 1966","Eleutherodactylus","coqui",-66.183748,18.153964,"50c9509d-22c7-4a22-a47d-8c48425ef4a7"
"Eleutherodactylus coqui Thomas, 1966","Eleutherodactylus","coqui",-66.169333,18.114192,"50c9509d-22c7-4a22-a47d-8c48425ef4a7"
"Eleutherodactylus coqui Thomas, 1966","Eleutherodactylus","coqui",-66.09348,18.158014,"50c9509d-22c7-4a22-a47d-8c48425ef4a7"
"Eleutherodactylus coqui Thomas, 1966","Eleutherodactylus","coqui",-66.151957,18.16134,"50c9509d-22c7-4a22-a47d-8c48425ef4a7"
"Eleutherodactylus coqui Thomas, 1966","Eleutherodactylus","coqui",-66.081185,18.16254,"50c9509d-22c7-4a22-a47d-8c48425ef4a7"
"Eleutherodactylus coqui Thomas, 1966","Eleutherodactylus","coqui",-66.182494,18.11721,"50c9509d-22c7-4a22-a47d-8c48425ef4a7"
"Eleutherodactylus wightmanae Schmidt, 1920","Eleutherodactylus","wightmanae",-66.107571,18.140337,"50c9509d-22c7-4a22-a47d-8c48425ef4a7"
"Eleutherodactylus coqui Thomas, 1966","Eleutherodactylus","coqui",-66.131477,18.145579,"50c9509d-22c7-4a22-a47d-8c48425ef4a7"
"Eleutherodactylus antillensis (Reinhardt & Lütken, 1863)","Eleutherodactylus","antillensis",-66.191179,18.081846,"50c9509d-22c7-4a22-a47d-8c48425ef4a7"
"Eleutherodactylus coqui Thomas, 1966","Eleutherodactylus","coqui",-66.077043,18.14149,"50c9509d-22c7-4a22-a47d-8c48425ef4a7"
"Eleutherodactylus coqui Thomas, 1966","Eleutherodactylus","coqui",-66.214111,18.173299,"50c9509d-22c7-4a22-a47d-8c48425ef4a7"
"Eleutherodactylus coqui Thomas, 1966","Eleutherodactylus","coqui",-66.18374,18.153902,"50c9509d-22c7-4a22-a47d-8c48425ef4a7"
"Eleutherodactylus coqui Thomas, 1966","Eleutherodactylus","coqui",-66.167049,18.173348,"50c9509d-22c7-4a22-a47d-8c48425ef4a7"
"Eleutherodactylus antillensis (Reinhardt & Lütken, 1863)","Eleutherodactylus","antillensis",-65.961861,18.270703,"50c9509d-22c7-4a22-a47d-8c48425ef4a7"
"Eleutherodactylus coqui Thomas, 1966","Eleutherodactylus","coqui",-66.180991,18.11592,"50c9509d-22c7-4a22-a47d-8c48425ef4a7"
"Eleutherodactylus coqui Thomas, 1966","Eleutherodactylus","coqui",-66.155634,18.185256,"50c9509d-22c7-4a22-a47d-8c48425ef4a7"
"Eleutherodactylus coqui Thomas, 1966","Eleutherodactylus","coqui",-66.191331,18.160957,"50c9509d-22c7-4a22-a47d-8c48425ef4a7"
"Eleutherodactylus coqui Thomas, 1966","Eleutherodactylus","coqui",-66.181005,18.115725,"50c9509d-22c7-4a22-a47d-8c48425ef4a7"
"Eleutherodactylus coqui Thomas, 1966","Eleutherodactylus","coqui",-66.124367,18.111483,"50c9509d-22c7-4a22-a47d-8c48425ef4a7"
"Eleutherodactylus antillensis (Reinhardt & Lütken, 1863)","Eleutherodactylus","antillensis",-66.17224,18.110719,"50c9509d-22c7-4a22-a47d-8c48425ef4a7"
"Eleutherodactylus coqui Thomas, 1966","Eleutherodactylus","coqui",-66.28,18.15,"50c9509d-22c7-4a22-a47d-8c48425ef4a7"
"Eleutherodactylus coqui Thomas, 1966","Eleutherodactylus","coqui",-66.145198,18.113153,"50c9509d-22c7-4a22-a47d-8c48425ef4a7"
"Eleutherodactylus coqui Thomas, 1966","Eleutherodactylus","coqui",-66.124568,18.190245,"50c9509d-22c7-4a22-a47d-8c48425ef4a7"
"Eleutherodactylus coqui Thomas, 1966","Eleutherodactylus","coqui",-65.917585,18.242502,"50c9509d-22c7-4a22-a47d-8c48425ef4a7"
"Eleutherodactylus coqui Thomas, 1966","Eleutherodactylus","coqui",-66.093697,18.152443,"50c9509d-22c7-4a22-a47d-8c48425ef4a7"
"Eleutherodactylus antillensis (Reinhardt & Lütken, 1863)","Eleutherodactylus","antillensis",-66.121137,18.161191,"50c9509d-22c7-4a22-a47d-8c48425ef4a7"
"Eleutherodactylus antillensis (Reinhardt & Lütken, 1863)","Eleutherodactylus","antillensis",-66.121445,18.161146,"50c9509d-22c7-4a22-a47d-8c48425ef4a7"
"Eleutherodactylus portoricensis Schmidt, 1927","Eleutherodactylus","portoricensis",-65.76917,18.303277,"50c9509d-22c7-4a22-a47d-8c48425ef4a7"
"Eleutherodactylus coqui Thomas, 1966","Eleutherodactylus","coqui",-66.100992,18.154792,"50c9509d-22c7-4a22-a47d-8c48425ef4a7"
"Eleutherodactylus coqui Thomas, 1966","Eleutherodactylus","coqui",-66.175289,18.123448,"50c9509d-22c7-4a22-a47d-8c48425ef4a7"
"Eleutherodactylus coqui Thomas, 1966","Eleutherodactylus","coqui",-66.183949,18.152312,"50c9509d-22c7-4a22-a47d-8c48425ef4a7"
"Eleutherodactylus coqui Thomas, 1966","Eleutherodactylus","coqui",-66.093995,18.158228,"50c9509d-22c7-4a22-a47d-8c48425ef4a7"
"Eleutherodactylus cochranae Grant, 1932","Eleutherodactylus","cochranae",-66.152867,18.150614,"50c9509d-22c7-4a22-a47d-8c48425ef4a7"
"Eleutherodactylus abbotti Cochran, 1923","Eleutherodactylus","abbotti",-70.518153,19.039444,"50c9509d-22c7-4a22-a47d-8c48425ef4a7"
"Eleutherodactylus antillensis (Reinhardt & Lütken, 1863)","Eleutherodactylus","antillensis",-66.204651,18.210047,"50c9509d-22c7-4a22-a47d-8c48425ef4a7"
"Eleutherodactylus antillensis (Reinhardt & Lütken, 1863)","Eleutherodactylus","antillensis",-66.122935,18.161274,"50c9509d-22c7-4a22-a47d-8c48425ef4a7"
"Eleutherodactylus coqui Thomas, 1966","Eleutherodactylus","coqui",-66.121445,18.161146,"50c9509d-22c7-4a22-a47d-8c48425ef4a7"
"Eleutherodactylus juanariveroi Rios-López & Thomas, 2007","Eleutherodactylus","juanariveroi",-66.243975,18.425248,"50c9509d-22c7-4a22-a47d-8c48425ef4a7"
"Eleutherodactylus antillensis (Reinhardt & Lütken, 1863)","Eleutherodactylus","antillensis",-66.144882,18.113498,"50c9509d-22c7-4a22-a47d-8c48425ef4a7"
"Eleutherodactylus coqui Thomas, 1966","Eleutherodactylus","coqui",-66.296947,18.142296,"50c9509d-22c7-4a22-a47d-8c48425ef4a7"
"Eleutherodactylus brittoni Schmidt, 1920","Eleutherodactylus","brittoni",-66.124573,18.156551,"50c9509d-22c7-4a22-a47d-8c48425ef4a7"
"Eleutherodactylus coqui Thomas, 1966","Eleutherodactylus","coqui",-66.209662,18.155086,"50c9509d-22c7-4a22-a47d-8c48425ef4a7"
"Eleutherodactylus portoricensis Schmidt, 1927","Eleutherodactylus","portoricensis",-66.042362,18.309878,"50c9509d-22c7-4a22-a47d-8c48425ef4a7"
"Eleutherodactylus coqui Thomas, 1966","Eleutherodactylus","coqui",-66.296942,18.142315,"50c9509d-22c7-4a22-a47d-8c48425ef4a7"
"Eleutherodactylus coqui Thomas, 1966","Eleutherodactylus","coqui",-66.174246,18.09365,"50c9509d-22c7-4a22-a47d-8c48425ef4a7"
"Eleutherodactylus coqui Thomas, 1966","Eleutherodactylus","coqui",-66.093708,18.15245,"50c9509d-22c7-4a22-a47d-8c48425ef4a7"
"Eleutherodactylus johnstonei Barbour, 1914","Eleutherodactylus","johnstonei",-61.002995,13.817298,"50c9509d-22c7-4a22-a47d-8c48425ef4a7"
"Eleutherodactylus antillensis (Reinhardt & Lütken, 1863)","Eleutherodactylus","antillensis",-66.144705,18.113445,"50c9509d-22c7-4a22-a47d-8c48425ef4a7"
"Eleutherodactylus coqui Thomas, 1966","Eleutherodactylus","coqui",-66.179487,18.11033,"50c9509d-22c7-4a22-a47d-8c48425ef4a7"
"Eleutherodactylus portoricensis Schmidt, 1927","Eleutherodactylus","portoricensis",-66.12819,18.007375,"50c9509d-22c7-4a22-a47d-8c48425ef4a7"
"Eleutherodactylus iberia Estrada & Hedges, 1996","Eleutherodactylus","iberia",-74.92581,20.420573,"50c9509d-22c7-4a22-a47d-8c48425ef4a7"
"Eleutherodactylus coqui Thomas, 1966","Eleutherodactylus","coqui",-66.105834,18.326018,"50c9509d-22c7-4a22-a47d-8c48425ef4a7"
"Eleutherodactylus coqui Thomas, 1966","Eleutherodactylus","coqui",-65.801368,18.092565,"50c9509d-22c7-4a22-a47d-8c48425ef4a7"
"Eleutherodactylus antillensis (Reinhardt & Lütken, 1863)","Eleutherodactylus","antillensis",-65.784805,18.301395,"50c9509d-22c7-4a22-a47d-8c48425ef4a7"
"Eleutherodactylus coqui Thomas, 1966","Eleutherodactylus","coqui",-66.290456,18.124202,"50c9509d-22c7-4a22-a47d-8c48425ef4a7"
"Eleutherodactylus antillensis (Reinhardt & Lütken, 1863)","Eleutherodactylus","antillensis",-66.028336,18.388247,"50c9509d-22c7-4a22-a47d-8c48425ef4a7"
"Eleutherodactylus coqui Thomas, 1966","Eleutherodactylus","coqui",-66.17605,18.120113,"50c9509d-22c7-4a22-a47d-8c48425ef4a7"
"Eleutherodactylus planirostris (Cope, 1862)","Eleutherodactylus","planirostris",-78.434798,22.541615,"50c9509d-22c7-4a22-a47d-8c48425ef4a7"
"Eleutherodactylus coqui Thomas, 1966","Eleutherodactylus","coqui",-66.036587,18.447049,"50c9509d-22c7-4a22-a47d-8c48425ef4a7"
"Eleutherodactylus planirostris (Cope, 1862)","Eleutherodactylus","planirostris",-81.384415,19.31748,"50c9509d-22c7-4a22-a47d-8c48425ef4a7"
"Eleutherodactylus antillensis (Reinhardt & Lütken, 1863)","Eleutherodactylus","antillensis",-66.0285,18.386533,"50c9509d-22c7-4a22-a47d-8c48425ef4a7"
"Eleutherodactylus coqui Thomas, 1966","Eleutherodactylus","coqui",-66.187178,18.172981,"50c9509d-22c7-4a22-a47d-8c48425ef4a7"
"Eleutherodactylus antillensis (Reinhardt & Lütken, 1863)","Eleutherodactylus","antillensis",-66.028314,18.388245,"50c9509d-22c7-4a22-a47d-8c48425ef4a7"
"Eleutherodactylus coqui Thomas, 1966","Eleutherodactylus","coqui",-66.140149,18.408783,"50c9509d-22c7-4a22-a47d-8c48425ef4a7"
"Eleutherodactylus antillensis (Reinhardt & Lütken, 1863)","Eleutherodactylus","antillensis",-66.067495,18.227214,"50c9509d-22c7-4a22-a47d-8c48425ef4a7"
"Eleutherodactylus coqui Thomas, 1966","Eleutherodactylus","coqui",-65.855513,18.316133,"50c9509d-22c7-4a22-a47d-8c48425ef4a7"
"Eleutherodactylus abbotti Cochran, 1923","Eleutherodactylus","abbotti",-70.830019,19.720141,"50c9509d-22c7-4a22-a47d-8c48425ef4a7"
"Eleutherodactylus coqui Thomas, 1966","Eleutherodactylus","coqui",-66.27952,18.410288,"50c9509d-22c7-4a22-a47d-8c48425ef4a7"
"Eleutherodactylus portoricensis Schmidt, 1927","Eleutherodactylus","portoricensis",-65.808122,18.292258,"cece4fc2-1fec-4bb5-a335-7252548e3f0b"
"Eleutherodactylus karlschmidti Grant, 1931","Eleutherodactylus","karlschmidti",-65.808122,18.292258,"cece4fc2-1fec-4bb5-a335-7252548e3f0b"
"Eleutherodactylus antillensis (Reinhardt & Lütken, 1863)","Eleutherodactylus","antillensis",-64.785747,17.733722,"cece4fc2-1fec-4bb5-a335-7252548e3f0b"
"Eleutherodactylus lentus (Cope, 1862)","Eleutherodactylus","lentus",-64.785747,17.733722,"cece4fc2-1fec-4bb5-a335-7252548e3f0b"
"Eleutherodactylus cuneatus (Cope, 1862)","Eleutherodactylus","cuneatus",-82.3667,23.1333,"cece4fc2-1fec-4bb5-a335-7252548e3f0b"
"Eleutherodactylus portoricensis Schmidt, 1927","Eleutherodactylus","portoricensis",-65.78294,18.28134,"cece4fc2-1fec-4bb5-a335-7252548e3f0b"
"Eleutherodactylus richmondi Stejneger, 1904","Eleutherodactylus","richmondi",-65.78294,18.28134,"cece4fc2-1fec-4bb5-a335-7252548e3f0b"
"Eleutherodactylus locustus Schmidt, 1920","Eleutherodactylus","locustus",-65.78294,18.28134,"cece4fc2-1fec-4bb5-a335-7252548e3f0b"
"Eleutherodactylus auriculatus (Cope, 1862)","Eleutherodactylus","auriculatus",-65.78294,18.28134,"cece4fc2-1fec-4bb5-a335-7252548e3f0b"
"Eleutherodactylus gryllus Schmidt, 1920","Eleutherodactylus","gryllus",-65.78294,18.28134,"cece4fc2-1fec-4bb5-a335-7252548e3f0b"
"Eleutherodactylus johnstonei Barbour, 1914","Eleutherodactylus","johnstonei",-77.272869,18.147444,"cece4fc2-1fec-4bb5-a335-7252548e3f0b"
"Eleutherodactylus cundalli Dunn, 1926","Eleutherodactylus","cundalli",-77.272869,18.147444,"cece4fc2-1fec-4bb5-a335-7252548e3f0b"
"Eleutherodactylus planirostris (Cope, 1862)","Eleutherodactylus","planirostris",-77.272869,18.147444,"cece4fc2-1fec-4bb5-a335-7252548e3f0b"
"Eleutherodactylus ricordii (Duméril & Bibron, 1841)","Eleutherodactylus","ricordii",-79.411697,21.737122,"cece4fc2-1fec-4bb5-a335-7252548e3f0b"
"Eleutherodactylus cuneatus (Cope, 1862)","Eleutherodactylus","cuneatus",-79.411697,21.737122,"cece4fc2-1fec-4bb5-a335-7252548e3f0b"
"Eleutherodactylus wightmanae Schmidt, 1920","Eleutherodactylus","wightmanae",-65.78294,18.28134,"cece4fc2-1fec-4bb5-a335-7252548e3f0b"
"Eleutherodactylus martinicensis (Tschudi, 1838)","Eleutherodactylus","martinicensis",-61.783119,17.0746,"cece4fc2-1fec-4bb5-a335-7252548e3f0b"
"Eleutherodactylus eileenae Dunn, 1926","Eleutherodactylus","eileenae",-83.6981,22.4175,"cece4fc2-1fec-4bb5-a335-7252548e3f0b"
"Eleutherodactylus martinicensis (Tschudi, 1838)","Eleutherodactylus","martinicensis",-61.340814,15.4376,"cece4fc2-1fec-4bb5-a335-7252548e3f0b"
"Eleutherodactylus gossei Dunn, 1926","Eleutherodactylus","gossei",-77.272869,18.147444,"cece4fc2-1fec-4bb5-a335-7252548e3f0b"
"Eleutherodactylus grabhami Dunn, 1926","Eleutherodactylus","grabhami",-77.272869,18.147444,"cece4fc2-1fec-4bb5-a335-7252548e3f0b"
"Eleutherodactylus wightmanae Schmidt, 1920","Eleutherodactylus","wightmanae",-66.9803,18.1828,"cece4fc2-1fec-4bb5-a335-7252548e3f0b"
"Eleutherodactylus antillensis (Reinhardt & Lütken, 1863)","Eleutherodactylus","antillensis",-67.1406,18.1972,"cece4fc2-1fec-4bb5-a335-7252548e3f0b"
"Eleutherodactylus auriculatus (Cope, 1862)","Eleutherodactylus","auriculatus",-66.9803,18.1828,"cece4fc2-1fec-4bb5-a335-7252548e3f0b"
"Eleutherodactylus auriculatus (Cope, 1862)","Eleutherodactylus","auriculatus",-66.2664,18.1419,"cece4fc2-1fec-4bb5-a335-7252548e3f0b"
"Eleutherodactylus inoptatus (Barbour, 1914)","Eleutherodactylus","inoptatus",-70.1355271,19.3573428,"cece4fc2-1fec-4bb5-a335-7252548e3f0b"
"Eleutherodactylus weinlandi Barbour, 1914","Eleutherodactylus","weinlandi",-69.952642,18.469853,"cece4fc2-1fec-4bb5-a335-7252548e3f0b"
"Eleutherodactylus auriculatus (Cope, 1862)","Eleutherodactylus","auriculatus",-67.1406,18.1972,"cece4fc2-1fec-4bb5-a335-7252548e3f0b"
"Eleutherodactylus gryllus Schmidt, 1920","Eleutherodactylus","gryllus",-66.9803,18.1828,"cece4fc2-1fec-4bb5-a335-7252548e3f0b"
"Eleutherodactylus auriculatus (Cope, 1862)","Eleutherodactylus","auriculatus",-65.7917,18.3125,"cece4fc2-1fec-4bb5-a335-7252548e3f0b"
"Eleutherodactylus richmondi Stejneger, 1904","Eleutherodactylus","richmondi",-65.7917,18.3125,"cece4fc2-1fec-4bb5-a335-7252548e3f0b"
"Eleutherodactylus johnstonei Barbour, 1914","Eleutherodactylus","johnstonei",-61.638014,12.224325,"cece4fc2-1fec-4bb5-a335-7252548e3f0b"
"Eleutherodactylus gossei Dunn, 1926","Eleutherodactylus","gossei",-76.746192,18.043786,"cece4fc2-1fec-4bb5-a335-7252548e3f0b"
"Eleutherodactylus nubicola Dunn, 1926","Eleutherodactylus","nubicola",-76.746192,18.043786,"cece4fc2-1fec-4bb5-a335-7252548e3f0b"
"Eleutherodactylus planirostris (Cope, 1862)","Eleutherodactylus","planirostris",-77.408292,25.042139,"cece4fc2-1fec-4bb5-a335-7252548e3f0b"
"Eleutherodactylus varians (Gundlach & Peters, 1864)","Eleutherodactylus","varians",-80.4667,22.4667,"cece4fc2-1fec-4bb5-a335-7252548e3f0b"
"Eleutherodactylus coqui Thomas, 1966","Eleutherodactylus","coqui",-65.8261,18.3408,"cece4fc2-1fec-4bb5-a335-7252548e3f0b"
"Eleutherodactylus coqui Thomas, 1966","Eleutherodactylus","coqui",-65.7917,18.3125,"cece4fc2-1fec-4bb5-a335-7252548e3f0b"
"Eleutherodactylus cochranae Grant, 1932","Eleutherodactylus","cochranae",-66.625425,18.250539,"cece4fc2-1fec-4bb5-a335-7252548e3f0b"
"Eleutherodactylus coqui Thomas, 1966","Eleutherodactylus","coqui",-66.625425,18.250539,"cece4fc2-1fec-4bb5-a335-7252548e3f0b"
"Eleutherodactylus antillensis (Reinhardt & Lütken, 1863)","Eleutherodactylus","antillensis",-66.625425,18.250539,"cece4fc2-1fec-4bb5-a335-7252548e3f0b"
"Eleutherodactylus portoricensis Schmidt, 1927","Eleutherodactylus","portoricensis",-66.625425,18.250539,"cece4fc2-1fec-4bb5-a335-7252548e3f0b"
"Eleutherodactylus portoricensis Schmidt, 1927","Eleutherodactylus","portoricensis",-65.788528,18.295217,"cece4fc2-1fec-4bb5-a335-7252548e3f0b"
"Eleutherodactylus richmondi Stejneger, 1904","Eleutherodactylus","richmondi",-65.788528,18.295217,"cece4fc2-1fec-4bb5-a335-7252548e3f0b"
"Eleutherodactylus eneidae Rivero, 1959","Eleutherodactylus","eneidae",-65.788528,18.295217,"cece4fc2-1fec-4bb5-a335-7252548e3f0b"
"Eleutherodactylus gryllus Schmidt, 1920","Eleutherodactylus","gryllus",-65.788528,18.295217,"cece4fc2-1fec-4bb5-a335-7252548e3f0b"
"Eleutherodactylus cochranae Grant, 1932","Eleutherodactylus","cochranae",-65.788528,18.295217,"cece4fc2-1fec-4bb5-a335-7252548e3f0b"
"Eleutherodactylus wightmanae Schmidt, 1920","Eleutherodactylus","wightmanae",-65.788528,18.295217,"cece4fc2-1fec-4bb5-a335-7252548e3f0b"
"Eleutherodactylus patriciae Schwartz, 1965","Eleutherodactylus","patriciae",-70.58726,18.7085,"cece4fc2-1fec-4bb5-a335-7252548e3f0b"
"Eleutherodactylus coqui Thomas, 1966","Eleutherodactylus","coqui",-66.846247,18.307163,"50c9509d-22c7-4a22-a47d-8c48425ef4a7"
"Eleutherodactylus antillensis (Reinhardt & Lütken, 1863)","Eleutherodactylus","antillensis",-66.279555,18.410188,"50c9509d-22c7-4a22-a47d-8c48425ef4a7"
"Eleutherodactylus coqui Thomas, 1966","Eleutherodactylus","coqui",-66.162118,18.126679,"50c9509d-22c7-4a22-a47d-8c48425ef4a7"
"Eleutherodactylus antillensis (Reinhardt & Lütken, 1863)","Eleutherodactylus","antillensis",-67.163191,18.229219,"50c9509d-22c7-4a22-a47d-8c48425ef4a7"
"Eleutherodactylus coqui Thomas, 1966","Eleutherodactylus","coqui",-66.71843,18.299052,"50c9509d-22c7-4a22-a47d-8c48425ef4a7"
"Eleutherodactylus antillensis (Reinhardt & Lütken, 1863)","Eleutherodactylus","antillensis",-66.279578,18.410267,"50c9509d-22c7-4a22-a47d-8c48425ef4a7"
"Eleutherodactylus johnstonei Barbour, 1914","Eleutherodactylus","johnstonei",-60.902338,14.590514,"50c9509d-22c7-4a22-a47d-8c48425ef4a7"
"Eleutherodactylus antillensis (Reinhardt & Lütken, 1863)","Eleutherodactylus","antillensis",-66.028367,18.38655,"50c9509d-22c7-4a22-a47d-8c48425ef4a7"
"Eleutherodactylus weinlandi Barbour, 1914","Eleutherodactylus","weinlandi",-69.19443,19.285771,"50c9509d-22c7-4a22-a47d-8c48425ef4a7"
"Eleutherodactylus antillensis (Reinhardt & Lütken, 1863)","Eleutherodactylus","antillensis",-66.266633,18.152678,"50c9509d-22c7-4a22-a47d-8c48425ef4a7"
"Eleutherodactylus abbotti Cochran, 1923","Eleutherodactylus","abbotti",-69.194307,19.285399,"50c9509d-22c7-4a22-a47d-8c48425ef4a7"
"Eleutherodactylus weinlandi Barbour, 1914","Eleutherodactylus","weinlandi",-68.372535,18.560076,"50c9509d-22c7-4a22-a47d-8c48425ef4a7"
"Eleutherodactylus coqui Thomas, 1966","Eleutherodactylus","coqui",-65.924988,18.37367,"50c9509d-22c7-4a22-a47d-8c48425ef4a7"
"Eleutherodactylus coqui Thomas, 1966","Eleutherodactylus","coqui",-66.288046,18.305407,"50c9509d-22c7-4a22-a47d-8c48425ef4a7"
"Eleutherodactylus paralius Schwartz, 1976","Eleutherodactylus","paralius",-70.05095,18.496925,"50c9509d-22c7-4a22-a47d-8c48425ef4a7"
"Eleutherodactylus coqui Thomas, 1966","Eleutherodactylus","coqui",-65.720897,18.191361,"50c9509d-22c7-4a22-a47d-8c48425ef4a7"
"Eleutherodactylus cochranae Grant, 1932","Eleutherodactylus","cochranae",-65.721244,18.191142,"50c9509d-22c7-4a22-a47d-8c48425ef4a7"
"Eleutherodactylus antillensis (Reinhardt & Lütken, 1863)","Eleutherodactylus","antillensis",-65.721183,18.191218,"50c9509d-22c7-4a22-a47d-8c48425ef4a7"
"Eleutherodactylus antillensis (Reinhardt & Lütken, 1863)","Eleutherodactylus","antillensis",-66.069511,18.356225,"50c9509d-22c7-4a22-a47d-8c48425ef4a7"
"Eleutherodactylus antillensis (Reinhardt & Lütken, 1863)","Eleutherodactylus","antillensis",-66.069222,18.356255,"50c9509d-22c7-4a22-a47d-8c48425ef4a7"
"Eleutherodactylus coqui Thomas, 1966","Eleutherodactylus","coqui",-66.675171,18.16154,"50c9509d-22c7-4a22-a47d-8c48425ef4a7"
"Eleutherodactylus coqui Thomas, 1966","Eleutherodactylus","coqui",-66.11145,18.12221,"50c9509d-22c7-4a22-a47d-8c48425ef4a7"
"Eleutherodactylus antillensis (Reinhardt & Lütken, 1863)","Eleutherodactylus","antillensis",-66.183629,18.08529,"50c9509d-22c7-4a22-a47d-8c48425ef4a7"
"Eleutherodactylus coqui Thomas, 1966","Eleutherodactylus","coqui",-65.769628,18.149216,"50c9509d-22c7-4a22-a47d-8c48425ef4a7"
"Eleutherodactylus coqui Thomas, 1966","Eleutherodactylus","coqui",-65.762358,18.339467,"50c9509d-22c7-4a22-a47d-8c48425ef4a7"
"Eleutherodactylus coqui Thomas, 1966","Eleutherodactylus","coqui",-66.125992,18.389088,"50c9509d-22c7-4a22-a47d-8c48425ef4a7"
"Eleutherodactylus coqui Thomas, 1966","Eleutherodactylus","coqui",-65.748903,18.322883,"50c9509d-22c7-4a22-a47d-8c48425ef4a7"
"Eleutherodactylus coqui Thomas, 1966","Eleutherodactylus","coqui",-66.994893,18.180564,"50c9509d-22c7-4a22-a47d-8c48425ef4a7"
"Eleutherodactylus coqui Thomas, 1966","Eleutherodactylus","coqui",-66.784457,18.29674,"50c9509d-22c7-4a22-a47d-8c48425ef4a7"
"Eleutherodactylus coqui Thomas, 1966","Eleutherodactylus","coqui",-66.606208,18.244358,"50c9509d-22c7-4a22-a47d-8c48425ef4a7"
"Eleutherodactylus iberia Estrada & Hedges, 1996","Eleutherodactylus","iberia",-74.770464,20.453131,"50c9509d-22c7-4a22-a47d-8c48425ef4a7"
"Eleutherodactylus coqui Thomas, 1966","Eleutherodactylus","coqui",-65.475339,18.096617,"50c9509d-22c7-4a22-a47d-8c48425ef4a7"
"Eleutherodactylus coqui Thomas, 1966","Eleutherodactylus","coqui",-67.13678,18.213603,"50c9509d-22c7-4a22-a47d-8c48425ef4a7"
"Eleutherodactylus antillensis (Reinhardt & Lütken, 1863)","Eleutherodactylus","antillensis",-65.505363,18.133186,"50c9509d-22c7-4a22-a47d-8c48425ef4a7"
"Eleutherodactylus coqui Thomas, 1966","Eleutherodactylus","coqui",-65.793091,18.256527,"50c9509d-22c7-4a22-a47d-8c48425ef4a7"
"Eleutherodactylus coqui Thomas, 1966","Eleutherodactylus","coqui",-67.137145,18.213891,"50c9509d-22c7-4a22-a47d-8c48425ef4a7"
"Eleutherodactylus johnstonei Barbour, 1914","Eleutherodactylus","johnstonei",-76.477767,18.181303,"50c9509d-22c7-4a22-a47d-8c48425ef4a7"
"Eleutherodactylus coqui Thomas, 1966","Eleutherodactylus","coqui",-65.793119,18.256549,"50c9509d-22c7-4a22-a47d-8c48425ef4a7"
"Eleutherodactylus antillensis (Reinhardt & Lütken, 1863)","Eleutherodactylus","antillensis",-66.223028,17.956695,"50c9509d-22c7-4a22-a47d-8c48425ef4a7"
"Eleutherodactylus coqui Thomas, 1966","Eleutherodactylus","coqui",-66.169625,18.120167,"50c9509d-22c7-4a22-a47d-8c48425ef4a7"
"Eleutherodactylus coqui Thomas, 1966","Eleutherodactylus","coqui",-65.943369,18.23359,"50c9509d-22c7-4a22-a47d-8c48425ef4a7"
"Eleutherodactylus antillensis (Reinhardt & Lütken, 1863)","Eleutherodactylus","antillensis",-65.785697,18.300572,"50c9509d-22c7-4a22-a47d-8c48425ef4a7"
"Eleutherodactylus coqui Thomas, 1966","Eleutherodactylus","coqui",-65.793132,18.256617,"50c9509d-22c7-4a22-a47d-8c48425ef4a7"
"Eleutherodactylus coqui Thomas, 1966","Eleutherodactylus","coqui",-66.147103,18.116453,"50c9509d-22c7-4a22-a47d-8c48425ef4a7"
"Eleutherodactylus coqui Thomas, 1966","Eleutherodactylus","coqui",-65.894525,18.044228,"50c9509d-22c7-4a22-a47d-8c48425ef4a7"
"Eleutherodactylus coqui Thomas, 1966","Eleutherodactylus","coqui",-65.793101,18.25633,"50c9509d-22c7-4a22-a47d-8c48425ef4a7"
"Eleutherodactylus coqui Thomas, 1966","Eleutherodactylus","coqui",-65.750237,18.346137,"50c9509d-22c7-4a22-a47d-8c48425ef4a7"
"Eleutherodactylus coqui Thomas, 1966","Eleutherodactylus","coqui",-67.013512,18.183453,"50c9509d-22c7-4a22-a47d-8c48425ef4a7"
"Eleutherodactylus coqui Thomas, 1966","Eleutherodactylus","coqui",-66.07251,18.10804,"50c9509d-22c7-4a22-a47d-8c48425ef4a7"
"Eleutherodactylus coqui Thomas, 1966","Eleutherodactylus","coqui",-66.069197,18.35623,"50c9509d-22c7-4a22-a47d-8c48425ef4a7"
"Eleutherodactylus coqui Thomas, 1966","Eleutherodactylus","coqui",-65.730858,18.324697,"50c9509d-22c7-4a22-a47d-8c48425ef4a7"
"Eleutherodactylus antillensis (Reinhardt & Lütken, 1863)","Eleutherodactylus","antillensis",-67.180076,18.350073,"50c9509d-22c7-4a22-a47d-8c48425ef4a7"
"Eleutherodactylus coqui Thomas, 1966","Eleutherodactylus","coqui",-65.800033,18.295121,"50c9509d-22c7-4a22-a47d-8c48425ef4a7"
"Eleutherodactylus casparii Dunn, 1926","Eleutherodactylus","casparii",-79.538806,21.833066,"50c9509d-22c7-4a22-a47d-8c48425ef4a7"
"Eleutherodactylus flavescens Noble, 1923","Eleutherodactylus","flavescens",-70.101516,18.454271,"50c9509d-22c7-4a22-a47d-8c48425ef4a7"
"Eleutherodactylus cooki Grant, 1932","Eleutherodactylus","cooki",-65.951135,18.201079,"50c9509d-22c7-4a22-a47d-8c48425ef4a7"
"Eleutherodactylus weinlandi Barbour, 1914","Eleutherodactylus","weinlandi",-69.173775,19.290055,"50c9509d-22c7-4a22-a47d-8c48425ef4a7"
"Eleutherodactylus coqui Thomas, 1966","Eleutherodactylus","coqui",-67.229133,18.337905,"50c9509d-22c7-4a22-a47d-8c48425ef4a7"
"Eleutherodactylus coqui Thomas, 1966","Eleutherodactylus","coqui",-66.112481,18.465212,"50c9509d-22c7-4a22-a47d-8c48425ef4a7"
"Eleutherodactylus probolaeus Schwartz, 1965","Eleutherodactylus","probolaeus",-68.554145,18.552133,"50c9509d-22c7-4a22-a47d-8c48425ef4a7"
"Eleutherodactylus probolaeus Schwartz, 1965","Eleutherodactylus","probolaeus",-68.872574,18.382066,"50c9509d-22c7-4a22-a47d-8c48425ef4a7"
"Eleutherodactylus coqui Thomas, 1966","Eleutherodactylus","coqui",-67.22898,18.337812,"50c9509d-22c7-4a22-a47d-8c48425ef4a7"
"Eleutherodactylus coqui Thomas, 1966","Eleutherodactylus","coqui",-66.172067,18.29648,"50c9509d-22c7-4a22-a47d-8c48425ef4a7"
"Eleutherodactylus antillensis (Reinhardt & Lütken, 1863)","Eleutherodactylus","antillensis",-65.889195,18.175273,"50c9509d-22c7-4a22-a47d-8c48425ef4a7"
"Eleutherodactylus coqui Thomas, 1966","Eleutherodactylus","coqui",-65.796616,18.329179,"50c9509d-22c7-4a22-a47d-8c48425ef4a7"
"Eleutherodactylus furcyensis Shreve & Williams, 1963","Eleutherodactylus","furcyensis",-72.372946,18.312488,"50c9509d-22c7-4a22-a47d-8c48425ef4a7"
"Eleutherodactylus antillensis (Reinhardt & Lütken, 1863)","Eleutherodactylus","antillensis",-66.048478,18.376276,"50c9509d-22c7-4a22-a47d-8c48425ef4a7"
"Eleutherodactylus weinlandi Barbour, 1914","Eleutherodactylus","weinlandi",-70.709671,19.761645,"50c9509d-22c7-4a22-a47d-8c48425ef4a7"
"Eleutherodactylus inoptatus (Barbour, 1914)","Eleutherodactylus","inoptatus",-69.451113,19.06409,"50c9509d-22c7-4a22-a47d-8c48425ef4a7"
"Eleutherodactylus coqui Thomas, 1966","Eleutherodactylus","coqui",-65.793104,18.256558,"50c9509d-22c7-4a22-a47d-8c48425ef4a7"
"Eleutherodactylus antillensis (Reinhardt & Lütken, 1863)","Eleutherodactylus","antillensis",-65.793209,18.256699,"50c9509d-22c7-4a22-a47d-8c48425ef4a7"
"Eleutherodactylus coqui Thomas, 1966","Eleutherodactylus","coqui",-66.069225,18.361486,"50c9509d-22c7-4a22-a47d-8c48425ef4a7"
"Eleutherodactylus coqui Thomas, 1966","Eleutherodactylus","coqui",-66.108194,18.250711,"50c9509d-22c7-4a22-a47d-8c48425ef4a7"
"Eleutherodactylus coqui Thomas, 1966","Eleutherodactylus","coqui",-66.04519,18.25079,"50c9509d-22c7-4a22-a47d-8c48425ef4a7"
"Eleutherodactylus coqui Thomas, 1966","Eleutherodactylus","coqui",-66.152292,18.395387,"50c9509d-22c7-4a22-a47d-8c48425ef4a7"
"Eleutherodactylus brittoni Schmidt, 1920","Eleutherodactylus","brittoni",-67.140044,18.208795,"50c9509d-22c7-4a22-a47d-8c48425ef4a7"
"Eleutherodactylus abbotti Cochran, 1923","Eleutherodactylus","abbotti",-69.455838,19.057089,"50c9509d-22c7-4a22-a47d-8c48425ef4a7"
"Eleutherodactylus antillensis (Reinhardt & Lütken, 1863)","Eleutherodactylus","antillensis",-65.935746,18.21634,"50c9509d-22c7-4a22-a47d-8c48425ef4a7"
"Eleutherodactylus coqui Thomas, 1966","Eleutherodactylus","coqui",-65.843138,18.125686,"50c9509d-22c7-4a22-a47d-8c48425ef4a7"
"Eleutherodactylus coqui Thomas, 1966","Eleutherodactylus","coqui",-66.340588,18.478948,"50c9509d-22c7-4a22-a47d-8c48425ef4a7"
"Eleutherodactylus probolaeus Schwartz, 1965","Eleutherodactylus","probolaeus",-68.654616,18.868114,"50c9509d-22c7-4a22-a47d-8c48425ef4a7"
"Eleutherodactylus coqui Thomas, 1966","Eleutherodactylus","coqui",-66.994605,18.179931,"50c9509d-22c7-4a22-a47d-8c48425ef4a7"
"Eleutherodactylus coqui Thomas, 1966","Eleutherodactylus","coqui",-66.081125,18.447966,"50c9509d-22c7-4a22-a47d-8c48425ef4a7"
"Eleutherodactylus coqui Thomas, 1966","Eleutherodactylus","coqui",-66.168221,18.12175,"50c9509d-22c7-4a22-a47d-8c48425ef4a7"
"Eleutherodactylus antillensis (Reinhardt & Lütken, 1863)","Eleutherodactylus","antillensis",-66.080759,18.447931,"50c9509d-22c7-4a22-a47d-8c48425ef4a7"
"Eleutherodactylus coqui Thomas, 1966","Eleutherodactylus","coqui",-66.96829,18.350744,"50c9509d-22c7-4a22-a47d-8c48425ef4a7"
"Eleutherodactylus antillensis (Reinhardt & Lütken, 1863)","Eleutherodactylus","antillensis",-65.828925,18.32593,"50c9509d-22c7-4a22-a47d-8c48425ef4a7"
"Eleutherodactylus coqui Thomas, 1966","Eleutherodactylus","coqui",-66.133681,18.122851,"50c9509d-22c7-4a22-a47d-8c48425ef4a7"
"Eleutherodactylus antillensis (Reinhardt & Lütken, 1863)","Eleutherodactylus","antillensis",-66.595733,18.451737,"50c9509d-22c7-4a22-a47d-8c48425ef4a7"
"Eleutherodactylus coqui Thomas, 1966","Eleutherodactylus","coqui",-66.063545,18.2892,"50c9509d-22c7-4a22-a47d-8c48425ef4a7"
"Eleutherodactylus antillensis (Reinhardt & Lütken, 1863)","Eleutherodactylus","antillensis",-66.734451,18.249244,"50c9509d-22c7-4a22-a47d-8c48425ef4a7"
"Eleutherodactylus antillensis (Reinhardt & Lütken, 1863)","Eleutherodactylus","antillensis",-66.099817,18.134685,"50c9509d-22c7-4a22-a47d-8c48425ef4a7"
"Eleutherodactylus antillensis (Reinhardt & Lütken, 1863)","Eleutherodactylus","antillensis",-65.960444,18.270122,"50c9509d-22c7-4a22-a47d-8c48425ef4a7"
"Eleutherodactylus portoricensis Schmidt, 1927","Eleutherodactylus","portoricensis",-65.927346,18.29072,"50c9509d-22c7-4a22-a47d-8c48425ef4a7"
"Eleutherodactylus wightmanae Schmidt, 1920","Eleutherodactylus","wightmanae",-65.656325,18.308256,"50c9509d-22c7-4a22-a47d-8c48425ef4a7"
"Eleutherodactylus coqui Thomas, 1966","Eleutherodactylus","coqui",-66.173008,18.110003,"50c9509d-22c7-4a22-a47d-8c48425ef4a7"
"Eleutherodactylus antillensis (Reinhardt & Lütken, 1863)","Eleutherodactylus","antillensis",-65.485399,18.100329,"50c9509d-22c7-4a22-a47d-8c48425ef4a7"
"Eleutherodactylus coqui Thomas, 1966","Eleutherodactylus","coqui",-66.108792,18.202466,"50c9509d-22c7-4a22-a47d-8c48425ef4a7"
"Eleutherodactylus coqui Thomas, 1966","Eleutherodactylus","coqui",-66.169547,18.120117,"50c9509d-22c7-4a22-a47d-8c48425ef4a7"
"Eleutherodactylus brittoni Schmidt, 1920","Eleutherodactylus","brittoni",-65.991862,18.091176,"50c9509d-22c7-4a22-a47d-8c48425ef4a7"
"Eleutherodactylus coqui Thomas, 1966","Eleutherodactylus","coqui",-66.118602,18.126569,"50c9509d-22c7-4a22-a47d-8c48425ef4a7"
"Eleutherodactylus antillensis (Reinhardt & Lütken, 1863)","Eleutherodactylus","antillensis",-66.000433,18.158938,"50c9509d-22c7-4a22-a47d-8c48425ef4a7"
"Eleutherodactylus cochranae Grant, 1932","Eleutherodactylus","cochranae",-66.538187,18.086145,"50c9509d-22c7-4a22-a47d-8c48425ef4a7"
"Eleutherodactylus coqui Thomas, 1966","Eleutherodactylus","coqui",-65.794545,18.301402,"50c9509d-22c7-4a22-a47d-8c48425ef4a7"
"Eleutherodactylus coqui Thomas, 1966","Eleutherodactylus","coqui",-65.820316,18.311409,"50c9509d-22c7-4a22-a47d-8c48425ef4a7"
"Eleutherodactylus coqui Thomas, 1966","Eleutherodactylus","coqui",-66.099122,18.208645,"50c9509d-22c7-4a22-a47d-8c48425ef4a7"
"Eleutherodactylus gossei Dunn, 1926","Eleutherodactylus","gossei",-77.022833,18.129131,"50c9509d-22c7-4a22-a47d-8c48425ef4a7"
"Eleutherodactylus coqui Thomas, 1966","Eleutherodactylus","coqui",-66.00058,18.159132,"50c9509d-22c7-4a22-a47d-8c48425ef4a7"
"Eleutherodactylus coqui Thomas, 1966","Eleutherodactylus","coqui",-66.000297,18.158625,"50c9509d-22c7-4a22-a47d-8c48425ef4a7"
"Eleutherodactylus coqui Thomas, 1966","Eleutherodactylus","coqui",-66.041536,18.399708,"50c9509d-22c7-4a22-a47d-8c48425ef4a7"
"Eleutherodactylus cundalli Dunn, 1926","Eleutherodactylus","cundalli",-77.014946,18.162469,"50c9509d-22c7-4a22-a47d-8c48425ef4a7"
"Eleutherodactylus richmondi Stejneger, 1904","Eleutherodactylus","richmondi",-65.909665,18.209619,"50c9509d-22c7-4a22-a47d-8c48425ef4a7"
"Eleutherodactylus coqui Thomas, 1966","Eleutherodactylus","coqui",-65.981862,18.18195,"50c9509d-22c7-4a22-a47d-8c48425ef4a7"
"Eleutherodactylus antillensis (Reinhardt & Lütken, 1863)","Eleutherodactylus","antillensis",-65.42575,18.136995,"50c9509d-22c7-4a22-a47d-8c48425ef4a7"
"Eleutherodactylus johnstonei Barbour, 1914","Eleutherodactylus","johnstonei",-61.024174,14.641528,"50c9509d-22c7-4a22-a47d-8c48425ef4a7"
"Eleutherodactylus coqui Thomas, 1966","Eleutherodactylus","coqui",-66.115596,18.465926,"50c9509d-22c7-4a22-a47d-8c48425ef4a7"
"Eleutherodactylus coqui Thomas, 1966","Eleutherodactylus","coqui",-66.169578,18.120192,"50c9509d-22c7-4a22-a47d-8c48425ef4a7"
"Eleutherodactylus antillensis (Reinhardt & Lütken, 1863)","Eleutherodactylus","antillensis",-65.960444,18.270124,"50c9509d-22c7-4a22-a47d-8c48425ef4a7"
"Eleutherodactylus johnstonei Barbour, 1914","Eleutherodactylus","johnstonei",-62.96843,17.47886,"09c4287e-e6d5-4552-a07f-bff8a00833d8"
"Eleutherodactylus antillensis (Reinhardt & Lütken, 1863)","Eleutherodactylus","antillensis",-67.095467,18.5106,"09c4287e-e6d5-4552-a07f-bff8a00833d8"
"Eleutherodactylus johnstonei Barbour, 1914","Eleutherodactylus","johnstonei",-62.204617,16.755567,"09c4287e-e6d5-4552-a07f-bff8a00833d8"
"Eleutherodactylus antillensis (Reinhardt & Lütken, 1863)","Eleutherodactylus","antillensis",-66.223017,18.0308,"09c4287e-e6d5-4552-a07f-bff8a00833d8"
"Eleutherodactylus antillensis (Reinhardt & Lütken, 1863)","Eleutherodactylus","antillensis",-65.8735,18.1762,"09c4287e-e6d5-4552-a07f-bff8a00833d8"
"Eleutherodactylus antillensis (Reinhardt & Lütken, 1863)","Eleutherodactylus","antillensis",-66.140517,18.18405,"09c4287e-e6d5-4552-a07f-bff8a00833d8"
"Eleutherodactylus antillensis (Reinhardt & Lütken, 1863)","Eleutherodactylus","antillensis",-66.871778,18.300972,"09c4287e-e6d5-4552-a07f-bff8a00833d8"
"Eleutherodactylus coqui Thomas, 1966","Eleutherodactylus","coqui",-66.510972,18.160694,"09c4287e-e6d5-4552-a07f-bff8a00833d8"
"Eleutherodactylus coqui Thomas, 1966","Eleutherodactylus","coqui",-66.3389,18.1535,"09c4287e-e6d5-4552-a07f-bff8a00833d8"
"Eleutherodactylus antillensis (Reinhardt & Lütken, 1863)","Eleutherodactylus","antillensis",-67.039222,18.375972,"09c4287e-e6d5-4552-a07f-bff8a00833d8"
"Eleutherodactylus coqui Thomas, 1966","Eleutherodactylus","coqui",-65.931694,18.122417,"09c4287e-e6d5-4552-a07f-bff8a00833d8"
"Eleutherodactylus coqui Thomas, 1966","Eleutherodactylus","coqui",-65.790269,18.241488,"09c4287e-e6d5-4552-a07f-bff8a00833d8"
"Eleutherodactylus antillensis (Reinhardt & Lütken, 1863)","Eleutherodactylus","antillensis",-66.3389,18.1535,"09c4287e-e6d5-4552-a07f-bff8a00833d8"
"Eleutherodactylus antillensis (Reinhardt & Lütken, 1863)","Eleutherodactylus","antillensis",-65.522778,18.132278,"09c4287e-e6d5-4552-a07f-bff8a00833d8"
"Eleutherodactylus coqui Thomas, 1966","Eleutherodactylus","coqui",-66.414317,18.294667,"09c4287e-e6d5-4552-a07f-bff8a00833d8"
"Eleutherodactylus antillensis (Reinhardt & Lütken, 1863)","Eleutherodactylus","antillensis",-66.33575,18.414317,"09c4287e-e6d5-4552-a07f-bff8a00833d8"
"Eleutherodactylus antillensis (Reinhardt & Lütken, 1863)","Eleutherodactylus","antillensis",-66.414317,18.294667,"09c4287e-e6d5-4552-a07f-bff8a00833d8"
"Eleutherodactylus antillensis (Reinhardt & Lütken, 1863)","Eleutherodactylus","antillensis",-67.004917,18.247306,"09c4287e-e6d5-4552-a07f-bff8a00833d8"
"Eleutherodactylus coqui Thomas, 1966","Eleutherodactylus","coqui",-66.170306,17.955278,"09c4287e-e6d5-4552-a07f-bff8a00833d8"
"Eleutherodactylus monensis (Meerwarth, 1901)","Eleutherodactylus","monensis",-67.8917,18.0833,"09c4287e-e6d5-4552-a07f-bff8a00833d8"
"Eleutherodactylus antillensis (Reinhardt & Lütken, 1863)","Eleutherodactylus","antillensis",-67.099867,18.1989,"09c4287e-e6d5-4552-a07f-bff8a00833d8"
"Eleutherodactylus coqui Thomas, 1966","Eleutherodactylus","coqui",-66.251972,18.194139,"09c4287e-e6d5-4552-a07f-bff8a00833d8"
"Eleutherodactylus coqui Thomas, 1966","Eleutherodactylus","coqui",-66.045017,18.38215,"09c4287e-e6d5-4552-a07f-bff8a00833d8"
"Eleutherodactylus coqui Thomas, 1966","Eleutherodactylus","coqui",-66.79215,18.29219,"09c4287e-e6d5-4552-a07f-bff8a00833d8"
"Eleutherodactylus richmondi Stejneger, 1904","Eleutherodactylus","richmondi",-66.79215,18.29219,"09c4287e-e6d5-4552-a07f-bff8a00833d8"
"Eleutherodactylus karlschmidti Grant, 1931","Eleutherodactylus","karlschmidti",-66.79215,18.29219,"09c4287e-e6d5-4552-a07f-bff8a00833d8"
"Eleutherodactylus portoricensis Schmidt, 1927","Eleutherodactylus","portoricensis",-67.1406,18.1972,"09c4287e-e6d5-4552-a07f-bff8a00833d8"
"Eleutherodactylus johnstonei Barbour, 1914","Eleutherodactylus","johnstonei",-62.96664,17.47791,"09c4287e-e6d5-4552-a07f-bff8a00833d8"
"Eleutherodactylus antillensis (Reinhardt & Lütken, 1863)","Eleutherodactylus","antillensis",-66.2237,17.959933,"09c4287e-e6d5-4552-a07f-bff8a00833d8"
"Eleutherodactylus antillensis (Reinhardt & Lütken, 1863)","Eleutherodactylus","antillensis",-66.863528,18.091444,"09c4287e-e6d5-4552-a07f-bff8a00833d8"
"Eleutherodactylus ricordii (Duméril & Bibron, 1841)","Eleutherodactylus","ricordii",-81.191167,22.838833,"09c4287e-e6d5-4552-a07f-bff8a00833d8"
"Eleutherodactylus coqui Thomas, 1966","Eleutherodactylus","coqui",-66.461444,18.07875,"09c4287e-e6d5-4552-a07f-bff8a00833d8"
"Eleutherodactylus inoptatus (Barbour, 1914)","Eleutherodactylus","inoptatus",-71.69045,19.624483,"09c4287e-e6d5-4552-a07f-bff8a00833d8"
"Eleutherodactylus antillensis (Reinhardt & Lütken, 1863)","Eleutherodactylus","antillensis",-64.7652,17.759067,"09c4287e-e6d5-4552-a07f-bff8a00833d8"
"Eleutherodactylus antillensis (Reinhardt & Lütken, 1863)","Eleutherodactylus","antillensis",-65.64495,18.275567,"09c4287e-e6d5-4552-a07f-bff8a00833d8"
"Eleutherodactylus coqui Thomas, 1966","Eleutherodactylus","coqui",-66.116639,18.230556,"09c4287e-e6d5-4552-a07f-bff8a00833d8"
"Eleutherodactylus antillensis (Reinhardt & Lütken, 1863)","Eleutherodactylus","antillensis",-67.063583,18.511,"09c4287e-e6d5-4552-a07f-bff8a00833d8"
"Eleutherodactylus antillensis (Reinhardt & Lütken, 1863)","Eleutherodactylus","antillensis",-66.219583,18.311889,"09c4287e-e6d5-4552-a07f-bff8a00833d8"
"Eleutherodactylus antillensis (Reinhardt & Lütken, 1863)","Eleutherodactylus","antillensis",-66.597139,18.452528,"09c4287e-e6d5-4552-a07f-bff8a00833d8"
"Eleutherodactylus coqui Thomas, 1966","Eleutherodactylus","coqui",-66.409467,18.29725,"09c4287e-e6d5-4552-a07f-bff8a00833d8"
"Eleutherodactylus coqui Thomas, 1966","Eleutherodactylus","coqui",-65.9148,18.02705,"09c4287e-e6d5-4552-a07f-bff8a00833d8"
"Eleutherodactylus antillensis (Reinhardt & Lütken, 1863)","Eleutherodactylus","antillensis",-66.461444,18.07875,"09c4287e-e6d5-4552-a07f-bff8a00833d8"
"Eleutherodactylus antillensis (Reinhardt & Lütken, 1863)","Eleutherodactylus","antillensis",-66.7296,18.414067,"09c4287e-e6d5-4552-a07f-bff8a00833d8"
"Eleutherodactylus coqui Thomas, 1966","Eleutherodactylus","coqui",-65.452806,18.140722,"09c4287e-e6d5-4552-a07f-bff8a00833d8"
"Eleutherodactylus coqui Thomas, 1966","Eleutherodactylus","coqui",-65.862278,18.252028,"09c4287e-e6d5-4552-a07f-bff8a00833d8"
"Eleutherodactylus cochranae Grant, 1932","Eleutherodactylus","cochranae",-66.414317,18.294667,"09c4287e-e6d5-4552-a07f-bff8a00833d8"
"Eleutherodactylus antillensis (Reinhardt & Lütken, 1863)","Eleutherodactylus","antillensis",-66.409467,18.29725,"09c4287e-e6d5-4552-a07f-bff8a00833d8"
"Eleutherodactylus richmondi Stejneger, 1904","Eleutherodactylus","richmondi",-65.806197,18.286073,"09c4287e-e6d5-4552-a07f-bff8a00833d8"
"Eleutherodactylus antillensis (Reinhardt & Lütken, 1863)","Eleutherodactylus","antillensis",-66.76475,18.185611,"09c4287e-e6d5-4552-a07f-bff8a00833d8"
"Eleutherodactylus antillensis (Reinhardt & Lütken, 1863)","Eleutherodactylus","antillensis",-65.906417,17.99125,"09c4287e-e6d5-4552-a07f-bff8a00833d8"
"Eleutherodactylus antillensis (Reinhardt & Lütken, 1863)","Eleutherodactylus","antillensis",-66.571917,18.345528,"09c4287e-e6d5-4552-a07f-bff8a00833d8"
"Eleutherodactylus coqui Thomas, 1966","Eleutherodactylus","coqui",-65.83235,18.316833,"09c4287e-e6d5-4552-a07f-bff8a00833d8"
"Eleutherodactylus antillensis (Reinhardt & Lütken, 1863)","Eleutherodactylus","antillensis",-66.045017,18.38215,"09c4287e-e6d5-4552-a07f-bff8a00833d8"
"Eleutherodactylus portoricensis Schmidt, 1927","Eleutherodactylus","portoricensis",-65.806197,18.286073,"09c4287e-e6d5-4552-a07f-bff8a00833d8"
"Eleutherodactylus antillensis (Reinhardt & Lütken, 1863)","Eleutherodactylus","antillensis",-66.170306,17.955278,"09c4287e-e6d5-4552-a07f-bff8a00833d8"
"Eleutherodactylus martinicensis (Tschudi, 1838)","Eleutherodactylus","martinicensis",-61.45,15.58333,"09c4287e-e6d5-4552-a07f-bff8a00833d8"
"Eleutherodactylus johnstonei Barbour, 1914","Eleutherodactylus","johnstonei",-62.18337,16.78416,"09c4287e-e6d5-4552-a07f-bff8a00833d8"
"Eleutherodactylus coqui Thomas, 1966","Eleutherodactylus","coqui",-66.219583,18.311889,"09c4287e-e6d5-4552-a07f-bff8a00833d8"
"Eleutherodactylus antillensis (Reinhardt & Lütken, 1863)","Eleutherodactylus","antillensis",-66.373556,18.098889,"09c4287e-e6d5-4552-a07f-bff8a00833d8"
"Eleutherodactylus coqui Thomas, 1966","Eleutherodactylus","coqui",-66.33575,18.414317,"09c4287e-e6d5-4552-a07f-bff8a00833d8"
"Eleutherodactylus antillensis (Reinhardt & Lütken, 1863)","Eleutherodactylus","antillensis",-66.251972,18.194139,"09c4287e-e6d5-4552-a07f-bff8a00833d8"
"Eleutherodactylus antillensis (Reinhardt & Lütken, 1863)","Eleutherodactylus","antillensis",-66.92155,18.297517,"09c4287e-e6d5-4552-a07f-bff8a00833d8"
"Eleutherodactylus antillensis (Reinhardt & Lütken, 1863)","Eleutherodactylus","antillensis",-65.806197,18.286073,"09c4287e-e6d5-4552-a07f-bff8a00833d8"
"Eleutherodactylus antillensis (Reinhardt & Lütken, 1863)","Eleutherodactylus","antillensis",-65.862278,18.252028,"09c4287e-e6d5-4552-a07f-bff8a00833d8"
"Eleutherodactylus antillensis (Reinhardt & Lütken, 1863)","Eleutherodactylus","antillensis",-67.159667,18.3994,"09c4287e-e6d5-4552-a07f-bff8a00833d8"
"Eleutherodactylus brittoni Schmidt, 1920","Eleutherodactylus","brittoni",-66.046033,18.103833,"09c4287e-e6d5-4552-a07f-bff8a00833d8"
"Eleutherodactylus portoricensis Schmidt, 1927","Eleutherodactylus","portoricensis",-66.79215,18.29219,"09c4287e-e6d5-4552-a07f-bff8a00833d8"
"Eleutherodactylus varians (Gundlach & Peters, 1864)","Eleutherodactylus","varians",-81.191167,22.838833,"09c4287e-e6d5-4552-a07f-bff8a00833d8"
"Eleutherodactylus atkinsi Dunn, 1925","Eleutherodactylus","atkinsi",-82.759222,21.654953,"09c4287e-e6d5-4552-a07f-bff8a00833d8"
"Eleutherodactylus gryllus Schmidt, 1920","Eleutherodactylus","gryllus",-65.806197,18.286073,"09c4287e-e6d5-4552-a07f-bff8a00833d8"
"Eleutherodactylus johnstonei Barbour, 1914","Eleutherodactylus","johnstonei",-62.2,16.73333,"09c4287e-e6d5-4552-a07f-bff8a00833d8"
"Eleutherodactylus coqui Thomas, 1966","Eleutherodactylus","coqui",-65.79015,18.29581,"fb639e31-52eb-4998-afb1-984ee12aca0f"
"Eleutherodactylus portoricensis Schmidt, 1927","Eleutherodactylus","portoricensis",-65.79015,18.29581,"fb639e31-52eb-4998-afb1-984ee12aca0f"
"Eleutherodactylus coqui Thomas, 1966","Eleutherodactylus","coqui",-66.088242,18.188085,"50c9509d-22c7-4a22-a47d-8c48425ef4a7"
"Eleutherodactylus coqui Thomas, 1966","Eleutherodactylus","coqui",-66.476237,18.433587,"50c9509d-22c7-4a22-a47d-8c48425ef4a7"
"Eleutherodactylus antillensis (Reinhardt & Lütken, 1863)","Eleutherodactylus","antillensis",-66.061161,18.217808,"50c9509d-22c7-4a22-a47d-8c48425ef4a7"
"Eleutherodactylus coqui Thomas, 1966","Eleutherodactylus","coqui",-65.978592,18.259278,"50c9509d-22c7-4a22-a47d-8c48425ef4a7"
"Eleutherodactylus antillensis (Reinhardt & Lütken, 1863)","Eleutherodactylus","antillensis",-66.061257,18.217777,"50c9509d-22c7-4a22-a47d-8c48425ef4a7"
"Eleutherodactylus antillensis (Reinhardt & Lütken, 1863)","Eleutherodactylus","antillensis",-66.088255,18.18827,"50c9509d-22c7-4a22-a47d-8c48425ef4a7"
"Eleutherodactylus coqui Thomas, 1966","Eleutherodactylus","coqui",-66.159035,18.114748,"50c9509d-22c7-4a22-a47d-8c48425ef4a7"
"Eleutherodactylus gossei Dunn, 1926","Eleutherodactylus","gossei",-76.555034,18.047687,"50c9509d-22c7-4a22-a47d-8c48425ef4a7"
"Eleutherodactylus antillensis (Reinhardt & Lütken, 1863)","Eleutherodactylus","antillensis",-66.116007,18.171981,"50c9509d-22c7-4a22-a47d-8c48425ef4a7"
"Eleutherodactylus paralius Schwartz, 1976","Eleutherodactylus","paralius",-69.923224,18.409285,"50c9509d-22c7-4a22-a47d-8c48425ef4a7"
"Eleutherodactylus coqui Thomas, 1966","Eleutherodactylus","coqui",-65.97796,18.232988,"50c9509d-22c7-4a22-a47d-8c48425ef4a7"
"Eleutherodactylus coqui Thomas, 1966","Eleutherodactylus","coqui",-65.911753,18.263929,"50c9509d-22c7-4a22-a47d-8c48425ef4a7"
"Eleutherodactylus richmondi Stejneger, 1904","Eleutherodactylus","richmondi",-66.058515,18.086207,"50c9509d-22c7-4a22-a47d-8c48425ef4a7"
"Eleutherodactylus coqui Thomas, 1966","Eleutherodactylus","coqui",-66.117302,18.387923,"50c9509d-22c7-4a22-a47d-8c48425ef4a7"
"Eleutherodactylus planirostris (Cope, 1862)","Eleutherodactylus","planirostris",-82.435102,22.736571,"50c9509d-22c7-4a22-a47d-8c48425ef4a7"
"Eleutherodactylus coqui Thomas, 1966","Eleutherodactylus","coqui",-66.01051,18.185424,"50c9509d-22c7-4a22-a47d-8c48425ef4a7"
"Eleutherodactylus coqui Thomas, 1966","Eleutherodactylus","coqui",-66.160811,18.11717,"50c9509d-22c7-4a22-a47d-8c48425ef4a7"
"Eleutherodactylus coqui Thomas, 1966","Eleutherodactylus","coqui",-66.169578,18.120172,"50c9509d-22c7-4a22-a47d-8c48425ef4a7"
"Eleutherodactylus coqui Thomas, 1966","Eleutherodactylus","coqui",-66.102167,18.153045,"50c9509d-22c7-4a22-a47d-8c48425ef4a7"
"Eleutherodactylus coqui Thomas, 1966","Eleutherodactylus","coqui",-65.961706,18.262086,"50c9509d-22c7-4a22-a47d-8c48425ef4a7"
"Eleutherodactylus coqui Thomas, 1966","Eleutherodactylus","coqui",-66.169753,18.12015,"50c9509d-22c7-4a22-a47d-8c48425ef4a7"
"Eleutherodactylus planirostris (Cope, 1862)","Eleutherodactylus","planirostris",-76.682478,17.940929,"50c9509d-22c7-4a22-a47d-8c48425ef4a7"
"Eleutherodactylus coqui Thomas, 1966","Eleutherodactylus","coqui",-65.961832,18.261727,"50c9509d-22c7-4a22-a47d-8c48425ef4a7"
"Eleutherodactylus coqui Thomas, 1966","Eleutherodactylus","coqui",-66.538178,18.086158,"50c9509d-22c7-4a22-a47d-8c48425ef4a7"
"Eleutherodactylus coqui Thomas, 1966","Eleutherodactylus","coqui",-66.739722,18.123683,"50c9509d-22c7-4a22-a47d-8c48425ef4a7"
"Eleutherodactylus antillensis (Reinhardt & Lütken, 1863)","Eleutherodactylus","antillensis",-66.169783,18.120133,"50c9509d-22c7-4a22-a47d-8c48425ef4a7"
"Eleutherodactylus antillensis (Reinhardt & Lütken, 1863)","Eleutherodactylus","antillensis",-66.050147,18.403894,"50c9509d-22c7-4a22-a47d-8c48425ef4a7"
"Eleutherodactylus coqui Thomas, 1966","Eleutherodactylus","coqui",-66.169542,18.120108,"50c9509d-22c7-4a22-a47d-8c48425ef4a7"
"Eleutherodactylus antillensis (Reinhardt & Lütken, 1863)","Eleutherodactylus","antillensis",-66.02835,18.386592,"50c9509d-22c7-4a22-a47d-8c48425ef4a7"
"Eleutherodactylus antillensis (Reinhardt & Lütken, 1863)","Eleutherodactylus","antillensis",-65.782092,18.299835,"50c9509d-22c7-4a22-a47d-8c48425ef4a7"
"Eleutherodactylus antillensis (Reinhardt & Lütken, 1863)","Eleutherodactylus","antillensis",-65.991622,18.324972,"50c9509d-22c7-4a22-a47d-8c48425ef4a7"
"Eleutherodactylus brittoni Schmidt, 1920","Eleutherodactylus","brittoni",-66.457416,18.052483,"50c9509d-22c7-4a22-a47d-8c48425ef4a7"
"Eleutherodactylus coqui Thomas, 1966","Eleutherodactylus","coqui",-65.770681,18.148352,"50c9509d-22c7-4a22-a47d-8c48425ef4a7"
"Eleutherodactylus brittoni Schmidt, 1920","Eleutherodactylus","brittoni",-65.852538,18.279845,"50c9509d-22c7-4a22-a47d-8c48425ef4a7"
"Eleutherodactylus antillensis (Reinhardt & Lütken, 1863)","Eleutherodactylus","antillensis",-65.763157,18.389495,"50c9509d-22c7-4a22-a47d-8c48425ef4a7"
"Eleutherodactylus antillensis (Reinhardt & Lütken, 1863)","Eleutherodactylus","antillensis",-66.086686,18.463253,"50c9509d-22c7-4a22-a47d-8c48425ef4a7"
"Eleutherodactylus coqui Thomas, 1966","Eleutherodactylus","coqui",-65.841037,18.217147,"50c9509d-22c7-4a22-a47d-8c48425ef4a7"
"Eleutherodactylus antillensis (Reinhardt & Lütken, 1863)","Eleutherodactylus","antillensis",-65.825507,18.325313,"50c9509d-22c7-4a22-a47d-8c48425ef4a7"
"Eleutherodactylus antillensis (Reinhardt & Lütken, 1863)","Eleutherodactylus","antillensis",-65.715781,18.269504,"50c9509d-22c7-4a22-a47d-8c48425ef4a7"
"Eleutherodactylus antillensis (Reinhardt & Lütken, 1863)","Eleutherodactylus","antillensis",-65.702622,18.331822,"50c9509d-22c7-4a22-a47d-8c48425ef4a7"
"Eleutherodactylus coqui Thomas, 1966","Eleutherodactylus","coqui",-65.87979,18.046375,"50c9509d-22c7-4a22-a47d-8c48425ef4a7"
"Eleutherodactylus coqui Thomas, 1966","Eleutherodactylus","coqui",-65.785265,18.301742,"50c9509d-22c7-4a22-a47d-8c48425ef4a7"
"Eleutherodactylus coqui Thomas, 1966","Eleutherodactylus","coqui",-66.556345,18.20857,"50c9509d-22c7-4a22-a47d-8c48425ef4a7"
"Eleutherodactylus coqui Thomas, 1966","Eleutherodactylus","coqui",-66.763008,18.306812,"50c9509d-22c7-4a22-a47d-8c48425ef4a7"
"Eleutherodactylus coqui Thomas, 1966","Eleutherodactylus","coqui",-65.89176,18.149531,"50c9509d-22c7-4a22-a47d-8c48425ef4a7"
"Eleutherodactylus coqui Thomas, 1966","Eleutherodactylus","coqui",-66.5562,18.208642,"50c9509d-22c7-4a22-a47d-8c48425ef4a7"
"Eleutherodactylus johnstonei Barbour, 1914","Eleutherodactylus","johnstonei",-61.22355,13.012042,"50c9509d-22c7-4a22-a47d-8c48425ef4a7"
"Eleutherodactylus planirostris (Cope, 1862)","Eleutherodactylus","planirostris",-81.383297,19.291097,"50c9509d-22c7-4a22-a47d-8c48425ef4a7"
"Eleutherodactylus coqui Thomas, 1966","Eleutherodactylus","coqui",-66.763061,18.306749,"50c9509d-22c7-4a22-a47d-8c48425ef4a7"
"Eleutherodactylus flavescens Noble, 1923","Eleutherodactylus","flavescens",-70.640943,19.40008,"50c9509d-22c7-4a22-a47d-8c48425ef4a7"
"Eleutherodactylus paralius Schwartz, 1976","Eleutherodactylus","paralius",-69.832073,18.443385,"50c9509d-22c7-4a22-a47d-8c48425ef4a7"
"Eleutherodactylus coqui Thomas, 1966","Eleutherodactylus","coqui",-66.108877,18.122308,"50c9509d-22c7-4a22-a47d-8c48425ef4a7"
"Eleutherodactylus coqui Thomas, 1966","Eleutherodactylus","coqui",-66.162383,18.12005,"50c9509d-22c7-4a22-a47d-8c48425ef4a7"
"Eleutherodactylus coqui Thomas, 1966","Eleutherodactylus","coqui",-66.108818,18.122094,"50c9509d-22c7-4a22-a47d-8c48425ef4a7"
"Eleutherodactylus antillensis (Reinhardt & Lütken, 1863)","Eleutherodactylus","antillensis",-66.538178,18.086161,"50c9509d-22c7-4a22-a47d-8c48425ef4a7"
"Eleutherodactylus coqui Thomas, 1966","Eleutherodactylus","coqui",-65.672737,18.270792,"50c9509d-22c7-4a22-a47d-8c48425ef4a7"
"Eleutherodactylus coqui Thomas, 1966","Eleutherodactylus","coqui",-66.162317,18.120081,"50c9509d-22c7-4a22-a47d-8c48425ef4a7"
"Eleutherodactylus coqui Thomas, 1966","Eleutherodactylus","coqui",-65.720389,18.365189,"50c9509d-22c7-4a22-a47d-8c48425ef4a7"
"Eleutherodactylus coqui Thomas, 1966","Eleutherodactylus","coqui",-66.266822,18.152542,"50c9509d-22c7-4a22-a47d-8c48425ef4a7"
"Eleutherodactylus coqui Thomas, 1966","Eleutherodactylus","coqui",-66.098636,18.345111,"50c9509d-22c7-4a22-a47d-8c48425ef4a7"
"Eleutherodactylus coqui Thomas, 1966","Eleutherodactylus","coqui",-66.172608,18.110727,"50c9509d-22c7-4a22-a47d-8c48425ef4a7"
"Eleutherodactylus paralius Schwartz, 1976","Eleutherodactylus","paralius",-69.333826,18.504485,"50c9509d-22c7-4a22-a47d-8c48425ef4a7"
"Eleutherodactylus coqui Thomas, 1966","Eleutherodactylus","coqui",-66.061272,18.407147,"50c9509d-22c7-4a22-a47d-8c48425ef4a7"
"Eleutherodactylus coqui Thomas, 1966","Eleutherodactylus","coqui",-67.031111,18.353614,"50c9509d-22c7-4a22-a47d-8c48425ef4a7"
"Eleutherodactylus johnstonei Barbour, 1914","Eleutherodactylus","johnstonei",-63.234225,17.629314,"8a863029-f435-446a-821e-275f4f641165"
"Eleutherodactylus johnstonei Barbour, 1914","Eleutherodactylus","johnstonei",-63.246555,17.636742,"8a863029-f435-446a-821e-275f4f641165"
"Eleutherodactylus johnstonei Barbour, 1914","Eleutherodactylus","johnstonei",-63.233509,17.628908,"8a863029-f435-446a-821e-275f4f641165"
"Eleutherodactylus johnstonei Barbour, 1914","Eleutherodactylus","johnstonei",-63.231561,17.626862,"8a863029-f435-446a-821e-275f4f641165"
"Eleutherodactylus johnstonei Barbour, 1914","Eleutherodactylus","johnstonei",-63.233869,17.629037,"8a863029-f435-446a-821e-275f4f641165"
"Eleutherodactylus johnstonei Barbour, 1914","Eleutherodactylus","johnstonei",-63.231328,17.629262,"8a863029-f435-446a-821e-275f4f641165"
"Eleutherodactylus johnstonei Barbour, 1914","Eleutherodactylus","johnstonei",-63.241589,17.625636,"8a863029-f435-446a-821e-275f4f641165"
"Eleutherodactylus johnstonei Barbour, 1914","Eleutherodactylus","johnstonei",-63.236175,17.625608,"8a863029-f435-446a-821e-275f4f641165"
"Eleutherodactylus johnstonei Barbour, 1914","Eleutherodactylus","johnstonei",-63.233483,17.628747,"8a863029-f435-446a-821e-275f4f641165"
"Eleutherodactylus johnstonei Barbour, 1914","Eleutherodactylus","johnstonei",-63.238294,17.63822,"8a863029-f435-446a-821e-275f4f641165"
"Eleutherodactylus antillensis (Reinhardt & Lütken, 1863)","Eleutherodactylus","antillensis",-67.146331,18.08799,"50c9509d-22c7-4a22-a47d-8c48425ef4a7"
"Eleutherodactylus coqui Thomas, 1966","Eleutherodactylus","coqui",-66.178785,18.100143,"50c9509d-22c7-4a22-a47d-8c48425ef4a7"
"Eleutherodactylus coqui Thomas, 1966","Eleutherodactylus","coqui",-66.102734,18.153908,"50c9509d-22c7-4a22-a47d-8c48425ef4a7"
"Eleutherodactylus coqui Thomas, 1966","Eleutherodactylus","coqui",-66.108623,18.127354,"50c9509d-22c7-4a22-a47d-8c48425ef4a7"
"Eleutherodactylus coqui Thomas, 1966","Eleutherodactylus","coqui",-66.10273,18.153894,"50c9509d-22c7-4a22-a47d-8c48425ef4a7"
"Eleutherodactylus coqui Thomas, 1966","Eleutherodactylus","coqui",-66.178799,18.100137,"50c9509d-22c7-4a22-a47d-8c48425ef4a7"
"Eleutherodactylus coqui Thomas, 1966","Eleutherodactylus","coqui",-66.169533,18.120139,"50c9509d-22c7-4a22-a47d-8c48425ef4a7"
"Eleutherodactylus coqui Thomas, 1966","Eleutherodactylus","coqui",-66.108708,18.127452,"50c9509d-22c7-4a22-a47d-8c48425ef4a7"
"Eleutherodactylus coqui Thomas, 1966","Eleutherodactylus","coqui",-66.012569,18.273938,"50c9509d-22c7-4a22-a47d-8c48425ef4a7"
"Eleutherodactylus cochranae Grant, 1932","Eleutherodactylus","cochranae",-66.169333,18.119931,"50c9509d-22c7-4a22-a47d-8c48425ef4a7"
"Eleutherodactylus coqui Thomas, 1966","Eleutherodactylus","coqui",-66.169587,18.120056,"50c9509d-22c7-4a22-a47d-8c48425ef4a7"
"Eleutherodactylus coqui Thomas, 1966","Eleutherodactylus","coqui",-65.996452,18.193095,"50c9509d-22c7-4a22-a47d-8c48425ef4a7"
"Eleutherodactylus cochranae Grant, 1932","Eleutherodactylus","cochranae",-66.007825,18.26674,"50c9509d-22c7-4a22-a47d-8c48425ef4a7"
"Eleutherodactylus antillensis (Reinhardt & Lütken, 1863)","Eleutherodactylus","antillensis",-66.099571,18.134372,"50c9509d-22c7-4a22-a47d-8c48425ef4a7"
"Eleutherodactylus coqui Thomas, 1966","Eleutherodactylus","coqui",-65.963853,18.27258,"50c9509d-22c7-4a22-a47d-8c48425ef4a7"
"Eleutherodactylus coqui Thomas, 1966","Eleutherodactylus","coqui",-65.935745,18.216354,"50c9509d-22c7-4a22-a47d-8c48425ef4a7"
"Eleutherodactylus coqui Thomas, 1966","Eleutherodactylus","coqui",-66.147882,18.118616,"50c9509d-22c7-4a22-a47d-8c48425ef4a7"
"Eleutherodactylus coqui Thomas, 1966","Eleutherodactylus","coqui",-66.134417,18.12586,"50c9509d-22c7-4a22-a47d-8c48425ef4a7"
"Eleutherodactylus coqui Thomas, 1966","Eleutherodactylus","coqui",-65.962001,18.262161,"50c9509d-22c7-4a22-a47d-8c48425ef4a7"
"Eleutherodactylus coqui Thomas, 1966","Eleutherodactylus","coqui",-66.134405,18.125891,"50c9509d-22c7-4a22-a47d-8c48425ef4a7"
"Eleutherodactylus antillensis (Reinhardt & Lütken, 1863)","Eleutherodactylus","antillensis",-65.983525,18.228977,"50c9509d-22c7-4a22-a47d-8c48425ef4a7"
"Eleutherodactylus flavescens Noble, 1923","Eleutherodactylus","flavescens",-68.561312,18.747309,"50c9509d-22c7-4a22-a47d-8c48425ef4a7"
"Eleutherodactylus coqui Thomas, 1966","Eleutherodactylus","coqui",-66.71848,18.45163,"50c9509d-22c7-4a22-a47d-8c48425ef4a7"
"Eleutherodactylus antillensis (Reinhardt & Lütken, 1863)","Eleutherodactylus","antillensis",-66.723945,18.420058,"50c9509d-22c7-4a22-a47d-8c48425ef4a7"
"Eleutherodactylus brittoni Schmidt, 1920","Eleutherodactylus","brittoni",-66.165335,18.114451,"50c9509d-22c7-4a22-a47d-8c48425ef4a7"
"Eleutherodactylus coqui Thomas, 1966","Eleutherodactylus","coqui",-66.018775,18.443183,"50c9509d-22c7-4a22-a47d-8c48425ef4a7"
"Eleutherodactylus planirostris (Cope, 1862)","Eleutherodactylus","planirostris",-71.953388,21.879196,"410461b6-368c-4970-8cb5-c043c28c08dd"
"Eleutherodactylus coqui Thomas, 1966","Eleutherodactylus","coqui",-66.7675,18.145167,"395dfaad-8b0d-47e2-a2ea-bf8a3fd5c10c"
"Eleutherodactylus coqui Thomas, 1966","Eleutherodactylus","coqui",-66.068167,18.1075,"395dfaad-8b0d-47e2-a2ea-bf8a3fd5c10c"
"Eleutherodactylus antillensis (Reinhardt & Lütken, 1863)","Eleutherodactylus","antillensis",-66.269286,18.137309,"50c9509d-22c7-4a22-a47d-8c48425ef4a7"
"Eleutherodactylus unicolor Stejneger, 1904","Eleutherodactylus","unicolor",-65.793642,18.291906,"50c9509d-22c7-4a22-a47d-8c48425ef4a7"
"Eleutherodactylus planirostris (Cope, 1862)","Eleutherodactylus","planirostris",-77.350197,25.078406,"50c9509d-22c7-4a22-a47d-8c48425ef4a7"
"Eleutherodactylus inoptatus (Barbour, 1914)","Eleutherodactylus","inoptatus",-69.456032,19.057734,"50c9509d-22c7-4a22-a47d-8c48425ef4a7"
"Eleutherodactylus coqui Thomas, 1966","Eleutherodactylus","coqui",-66.033448,18.357241,"50c9509d-22c7-4a22-a47d-8c48425ef4a7"
"Eleutherodactylus coqui Thomas, 1966","Eleutherodactylus","coqui",-66.088354,18.456172,"50c9509d-22c7-4a22-a47d-8c48425ef4a7"
"Eleutherodactylus coqui Thomas, 1966","Eleutherodactylus","coqui",-65.791204,18.310655,"50c9509d-22c7-4a22-a47d-8c48425ef4a7"
"Eleutherodactylus flavescens Noble, 1923","Eleutherodactylus","flavescens",-70.122835,18.574212,"50c9509d-22c7-4a22-a47d-8c48425ef4a7"
"Eleutherodactylus flavescens Noble, 1923","Eleutherodactylus","flavescens",-70.026852,18.554176,"50c9509d-22c7-4a22-a47d-8c48425ef4a7"
"Eleutherodactylus coqui Thomas, 1966","Eleutherodactylus","coqui",-66.043136,18.272505,"50c9509d-22c7-4a22-a47d-8c48425ef4a7"
"Eleutherodactylus abbotti Cochran, 1923","Eleutherodactylus","abbotti",-70.479581,18.922569,"50c9509d-22c7-4a22-a47d-8c48425ef4a7"
"Eleutherodactylus johnstonei Barbour, 1914","Eleutherodactylus","johnstonei",-60.981675,14.571943,"50c9509d-22c7-4a22-a47d-8c48425ef4a7"
"Eleutherodactylus abbotti Cochran, 1923","Eleutherodactylus","abbotti",-70.483732,18.926889,"50c9509d-22c7-4a22-a47d-8c48425ef4a7"
"Eleutherodactylus antillensis (Reinhardt & Lütken, 1863)","Eleutherodactylus","antillensis",-66.903892,18.067653,"50c9509d-22c7-4a22-a47d-8c48425ef4a7"
"Eleutherodactylus abbotti Cochran, 1923","Eleutherodactylus","abbotti",-70.482179,18.92703,"50c9509d-22c7-4a22-a47d-8c48425ef4a7"
"Eleutherodactylus coqui Thomas, 1966","Eleutherodactylus","coqui",-66.510527,18.176887,"50c9509d-22c7-4a22-a47d-8c48425ef4a7"
"Eleutherodactylus coqui Thomas, 1966","Eleutherodactylus","coqui",-65.736301,18.201172,"50c9509d-22c7-4a22-a47d-8c48425ef4a7"
"Eleutherodactylus montserratae Hedges, 2022","Eleutherodactylus","montserratae",-63.2461,17.630625,"50c9509d-22c7-4a22-a47d-8c48425ef4a7"
"Eleutherodactylus coqui Thomas, 1966","Eleutherodactylus","coqui",-65.73936,18.247504,"50c9509d-22c7-4a22-a47d-8c48425ef4a7"
"Eleutherodactylus flavescens Noble, 1923","Eleutherodactylus","flavescens",-70.762578,19.737325,"832b8188-f762-11e1-a439-00145eb45e9a"
"Eleutherodactylus planirostris (Cope, 1862)","Eleutherodactylus","planirostris",-77.350361,25.044313,"50c9509d-22c7-4a22-a47d-8c48425ef4a7"
"Eleutherodactylus abbotti Cochran, 1923","Eleutherodactylus","abbotti",-70.74462,19.190667,"50c9509d-22c7-4a22-a47d-8c48425ef4a7"
"Eleutherodactylus coqui Thomas, 1966","Eleutherodactylus","coqui",-66.072945,18.455637,"50c9509d-22c7-4a22-a47d-8c48425ef4a7"
"Eleutherodactylus montserratae Hedges, 2022","Eleutherodactylus","montserratae",-62.197617,16.779094,"50c9509d-22c7-4a22-a47d-8c48425ef4a7"
"Eleutherodactylus antillensis (Reinhardt & Lütken, 1863)","Eleutherodactylus","antillensis",-65.641105,18.268073,"50c9509d-22c7-4a22-a47d-8c48425ef4a7"
"Eleutherodactylus antillensis (Reinhardt & Lütken, 1863)","Eleutherodactylus","antillensis",-65.474571,18.100109,"50c9509d-22c7-4a22-a47d-8c48425ef4a7"
"Eleutherodactylus coqui Thomas, 1966","Eleutherodactylus","coqui",-66.993597,18.149499,"50c9509d-22c7-4a22-a47d-8c48425ef4a7"
"Eleutherodactylus inoptatus (Barbour, 1914)","Eleutherodactylus","inoptatus",-68.972365,18.994325,"50c9509d-22c7-4a22-a47d-8c48425ef4a7"
"Eleutherodactylus coqui Thomas, 1966","Eleutherodactylus","coqui",-65.881009,18.333634,"50c9509d-22c7-4a22-a47d-8c48425ef4a7"
"Eleutherodactylus abbotti Cochran, 1923","Eleutherodactylus","abbotti",-70.543535,19.032381,"50c9509d-22c7-4a22-a47d-8c48425ef4a7"
"Eleutherodactylus johnstonei Barbour, 1914","Eleutherodactylus","johnstonei",-77.323756,18.449017,"50c9509d-22c7-4a22-a47d-8c48425ef4a7"
"Eleutherodactylus johnstonei Barbour, 1914","Eleutherodactylus","johnstonei",-61.110348,14.64746,"50c9509d-22c7-4a22-a47d-8c48425ef4a7"
"Eleutherodactylus planirostris (Cope, 1862)","Eleutherodactylus","planirostris",-75.941679,21.09736,"50c9509d-22c7-4a22-a47d-8c48425ef4a7"
"Eleutherodactylus coqui Thomas, 1966","Eleutherodactylus","coqui",-67.043725,18.27817,"50c9509d-22c7-4a22-a47d-8c48425ef4a7"
"Eleutherodactylus johnstonei Barbour, 1914","Eleutherodactylus","johnstonei",-61.774681,17.025823,"50c9509d-22c7-4a22-a47d-8c48425ef4a7"
"Eleutherodactylus johnstonei Barbour, 1914","Eleutherodactylus","johnstonei",-61.774687,17.025826,"50c9509d-22c7-4a22-a47d-8c48425ef4a7"
"Eleutherodactylus johnstonei Barbour, 1914","Eleutherodactylus","johnstonei",-61.774759,17.025924,"50c9509d-22c7-4a22-a47d-8c48425ef4a7"
"Eleutherodactylus johnstonei Barbour, 1914","Eleutherodactylus","johnstonei",-61.774708,17.02585,"50c9509d-22c7-4a22-a47d-8c48425ef4a7"
"Eleutherodactylus johnstonei Barbour, 1914","Eleutherodactylus","johnstonei",-61.774692,17.025825,"50c9509d-22c7-4a22-a47d-8c48425ef4a7"
"Eleutherodactylus johnstonei Barbour, 1914","Eleutherodactylus","johnstonei",-61.774697,17.025844,"50c9509d-22c7-4a22-a47d-8c48425ef4a7"
"Eleutherodactylus johnstonei Barbour, 1914","Eleutherodactylus","johnstonei",-61.77486,17.025917,"50c9509d-22c7-4a22-a47d-8c48425ef4a7"
"Eleutherodactylus johnstonei Barbour, 1914","Eleutherodactylus","johnstonei",-61.086655,14.641198,"50c9509d-22c7-4a22-a47d-8c48425ef4a7"
"Eleutherodactylus johnstonei Barbour, 1914","Eleutherodactylus","johnstonei",-61.732722,17.015936,"50c9509d-22c7-4a22-a47d-8c48425ef4a7"
"Eleutherodactylus johnstonei Barbour, 1914","Eleutherodactylus","johnstonei",-61.732566,17.015993,"50c9509d-22c7-4a22-a47d-8c48425ef4a7"
"Eleutherodactylus johnstonei Barbour, 1914","Eleutherodactylus","johnstonei",-61.77482,17.025929,"50c9509d-22c7-4a22-a47d-8c48425ef4a7"
"Eleutherodactylus johnstonei Barbour, 1914","Eleutherodactylus","johnstonei",-61.774684,17.025854,"50c9509d-22c7-4a22-a47d-8c48425ef4a7"
"Eleutherodactylus johnstonei Barbour, 1914","Eleutherodactylus","johnstonei",-61.774692,17.025839,"50c9509d-22c7-4a22-a47d-8c48425ef4a7"
"Eleutherodactylus johnstonei Barbour, 1914","Eleutherodactylus","johnstonei",-61.774741,17.025858,"50c9509d-22c7-4a22-a47d-8c48425ef4a7"
"Eleutherodactylus johnstonei Barbour, 1914","Eleutherodactylus","johnstonei",-61.774689,17.025836,"50c9509d-22c7-4a22-a47d-8c48425ef4a7"
"Eleutherodactylus johnstonei Barbour, 1914","Eleutherodactylus","johnstonei",-61.77474,17.025839,"50c9509d-22c7-4a22-a47d-8c48425ef4a7"
"Eleutherodactylus johnstonei Barbour, 1914","Eleutherodactylus","johnstonei",-61.774674,17.025864,"50c9509d-22c7-4a22-a47d-8c48425ef4a7"
"Eleutherodactylus johnstonei Barbour, 1914","Eleutherodactylus","johnstonei",-61.883071,17.062859,"50c9509d-22c7-4a22-a47d-8c48425ef4a7"
"Eleutherodactylus johnstonei Barbour, 1914","Eleutherodactylus","johnstonei",-61.774667,17.025824,"50c9509d-22c7-4a22-a47d-8c48425ef4a7"
"Eleutherodactylus johnstonei Barbour, 1914","Eleutherodactylus","johnstonei",-61.768519,17.011481,"50c9509d-22c7-4a22-a47d-8c48425ef4a7"
"Eleutherodactylus johnstonei Barbour, 1914","Eleutherodactylus","johnstonei",-61.774692,17.025835,"50c9509d-22c7-4a22-a47d-8c48425ef4a7"
"Eleutherodactylus johnstonei Barbour, 1914","Eleutherodactylus","johnstonei",-61.765203,17.00755,"50c9509d-22c7-4a22-a47d-8c48425ef4a7"
"Eleutherodactylus johnstonei Barbour, 1914","Eleutherodactylus","johnstonei",-61.768433,17.011414,"50c9509d-22c7-4a22-a47d-8c48425ef4a7"
"Eleutherodactylus johnstonei Barbour, 1914","Eleutherodactylus","johnstonei",-61.77455,17.025938,"50c9509d-22c7-4a22-a47d-8c48425ef4a7"
"Eleutherodactylus johnstonei Barbour, 1914","Eleutherodactylus","johnstonei",-61.842197,17.119648,"50c9509d-22c7-4a22-a47d-8c48425ef4a7"
"Eleutherodactylus flavescens Noble, 1923","Eleutherodactylus","flavescens",-70.563732,19.738062,"50c9509d-22c7-4a22-a47d-8c48425ef4a7"
"Eleutherodactylus johnstonei Barbour, 1914","Eleutherodactylus","johnstonei",-61.810004,17.099984,"50c9509d-22c7-4a22-a47d-8c48425ef4a7"
"Eleutherodactylus johnstonei Barbour, 1914","Eleutherodactylus","johnstonei",-61.774702,17.025834,"50c9509d-22c7-4a22-a47d-8c48425ef4a7"
"Eleutherodactylus johnstonei Barbour, 1914","Eleutherodactylus","johnstonei",-61.70063,17.072031,"50c9509d-22c7-4a22-a47d-8c48425ef4a7"
"Eleutherodactylus johnstonei Barbour, 1914","Eleutherodactylus","johnstonei",-61.883104,17.062866,"50c9509d-22c7-4a22-a47d-8c48425ef4a7"
"Eleutherodactylus johnstonei Barbour, 1914","Eleutherodactylus","johnstonei",-61.774794,17.025933,"50c9509d-22c7-4a22-a47d-8c48425ef4a7"
"Eleutherodactylus johnstonei Barbour, 1914","Eleutherodactylus","johnstonei",-61.218835,14.828883,"50c9509d-22c7-4a22-a47d-8c48425ef4a7"
"Eleutherodactylus paralius Schwartz, 1976","Eleutherodactylus","paralius",-69.806484,18.58476,"50c9509d-22c7-4a22-a47d-8c48425ef4a7"
"Eleutherodactylus coqui Thomas, 1966","Eleutherodactylus","coqui",-66.162314,18.119842,"50c9509d-22c7-4a22-a47d-8c48425ef4a7"
"Eleutherodactylus abbotti Cochran, 1923","Eleutherodactylus","abbotti",-69.464529,19.066722,"50c9509d-22c7-4a22-a47d-8c48425ef4a7"
"Eleutherodactylus coqui Thomas, 1966","Eleutherodactylus","coqui",-66.109127,18.122347,"50c9509d-22c7-4a22-a47d-8c48425ef4a7"
"Eleutherodactylus lentus (Cope, 1862)","Eleutherodactylus","lentus",-64.779751,17.778294,"50c9509d-22c7-4a22-a47d-8c48425ef4a7"
"Eleutherodactylus abbotti Cochran, 1923","Eleutherodactylus","abbotti",-69.457234,19.059032,"50c9509d-22c7-4a22-a47d-8c48425ef4a7"
"Eleutherodactylus abbotti Cochran, 1923","Eleutherodactylus","abbotti",-69.464787,19.067469,"50c9509d-22c7-4a22-a47d-8c48425ef4a7"
"Eleutherodactylus coqui Thomas, 1966","Eleutherodactylus","coqui",-66.203242,18.179751,"50c9509d-22c7-4a22-a47d-8c48425ef4a7"
"Eleutherodactylus abbotti Cochran, 1923","Eleutherodactylus","abbotti",-70.710663,19.762214,"50c9509d-22c7-4a22-a47d-8c48425ef4a7"
"Eleutherodactylus wightmanae Schmidt, 1920","Eleutherodactylus","wightmanae",-65.788692,18.207447,"50c9509d-22c7-4a22-a47d-8c48425ef4a7"
"Eleutherodactylus martinicensis (Tschudi, 1838)","Eleutherodactylus","martinicensis",-61.190596,14.777509,"50c9509d-22c7-4a22-a47d-8c48425ef4a7"
"Eleutherodactylus abbotti Cochran, 1923","Eleutherodactylus","abbotti",-70.6422,19.123675,"50c9509d-22c7-4a22-a47d-8c48425ef4a7"
"Eleutherodactylus inoptatus (Barbour, 1914)","Eleutherodactylus","inoptatus",-70.6422,19.123675,"50c9509d-22c7-4a22-a47d-8c48425ef4a7"
"Eleutherodactylus coqui Thomas, 1966","Eleutherodactylus","coqui",-66.0747,18.457019,"50c9509d-22c7-4a22-a47d-8c48425ef4a7"
"Eleutherodactylus rogersi Goin, 1955","Eleutherodactylus","rogersi",-74.462735,24.119714,"50c9509d-22c7-4a22-a47d-8c48425ef4a7"
"Eleutherodactylus coqui Thomas, 1966","Eleutherodactylus","coqui",-65.706129,18.328471,"50c9509d-22c7-4a22-a47d-8c48425ef4a7"
"Eleutherodactylus coqui Thomas, 1966","Eleutherodactylus","coqui",-66.063461,18.289287,"50c9509d-22c7-4a22-a47d-8c48425ef4a7"
"Eleutherodactylus coqui Thomas, 1966","Eleutherodactylus","coqui",-66.063553,18.289412,"50c9509d-22c7-4a22-a47d-8c48425ef4a7"
"Eleutherodactylus weinlandi Barbour, 1914","Eleutherodactylus","weinlandi",-69.180919,19.291246,"50c9509d-22c7-4a22-a47d-8c48425ef4a7"
"Eleutherodactylus weinlandi Barbour, 1914","Eleutherodactylus","weinlandi",-68.372427,18.511358,"50c9509d-22c7-4a22-a47d-8c48425ef4a7"
"Eleutherodactylus weinlandi Barbour, 1914","Eleutherodactylus","weinlandi",-69.180991,19.291107,"50c9509d-22c7-4a22-a47d-8c48425ef4a7"
"Eleutherodactylus weinlandi Barbour, 1914","Eleutherodactylus","weinlandi",-70.439704,19.189382,"50c9509d-22c7-4a22-a47d-8c48425ef4a7"
"Eleutherodactylus inoptatus (Barbour, 1914)","Eleutherodactylus","inoptatus",-70.452578,19.02774,"50c9509d-22c7-4a22-a47d-8c48425ef4a7"
"Eleutherodactylus coqui Thomas, 1966","Eleutherodactylus","coqui",-66.683426,18.31743,"50c9509d-22c7-4a22-a47d-8c48425ef4a7"
"Eleutherodactylus abbotti Cochran, 1923","Eleutherodactylus","abbotti",-70.589735,19.103958,"50c9509d-22c7-4a22-a47d-8c48425ef4a7"
"Eleutherodactylus johnstonei Barbour, 1914","Eleutherodactylus","johnstonei",-77.059848,18.393203,"50c9509d-22c7-4a22-a47d-8c48425ef4a7"
"Eleutherodactylus antillensis (Reinhardt & Lütken, 1863)","Eleutherodactylus","antillensis",-65.71283,18.365087,"50c9509d-22c7-4a22-a47d-8c48425ef4a7"
"Eleutherodactylus johnstonei Barbour, 1914","Eleutherodactylus","johnstonei",-77.059915,18.393237,"50c9509d-22c7-4a22-a47d-8c48425ef4a7"
"Eleutherodactylus probolaeus Schwartz, 1965","Eleutherodactylus","probolaeus",-68.589418,18.638623,"50c9509d-22c7-4a22-a47d-8c48425ef4a7"
"Eleutherodactylus alcoae Schwartz, 1971","Eleutherodactylus","alcoae",-71.45502,17.833924,"50c9509d-22c7-4a22-a47d-8c48425ef4a7"
"Eleutherodactylus coqui Thomas, 1966","Eleutherodactylus","coqui",-65.796683,18.260856,"50c9509d-22c7-4a22-a47d-8c48425ef4a7"
"Eleutherodactylus abbotti Cochran, 1923","Eleutherodactylus","abbotti",-71.11677,18.122503,"50c9509d-22c7-4a22-a47d-8c48425ef4a7"
"Eleutherodactylus coqui Thomas, 1966","Eleutherodactylus","coqui",-66.045288,18.404628,"50c9509d-22c7-4a22-a47d-8c48425ef4a7"
"Eleutherodactylus coqui Thomas, 1966","Eleutherodactylus","coqui",-66.147164,18.116358,"50c9509d-22c7-4a22-a47d-8c48425ef4a7"
"Eleutherodactylus coqui Thomas, 1966","Eleutherodactylus","coqui",-65.963093,18.395793,"50c9509d-22c7-4a22-a47d-8c48425ef4a7"
"Eleutherodactylus abbotti Cochran, 1923","Eleutherodactylus","abbotti",-71.53183,18.021921,"50c9509d-22c7-4a22-a47d-8c48425ef4a7"
"Eleutherodactylus montanus Schmidt, 1919","Eleutherodactylus","montanus",-70.963764,18.881832,"50c9509d-22c7-4a22-a47d-8c48425ef4a7"
"Eleutherodactylus abbotti Cochran, 1923","Eleutherodactylus","abbotti",-70.606709,18.737811,"50c9509d-22c7-4a22-a47d-8c48425ef4a7"
"Eleutherodactylus coqui Thomas, 1966","Eleutherodactylus","coqui",-65.663443,18.340848,"50c9509d-22c7-4a22-a47d-8c48425ef4a7"
"Eleutherodactylus alcoae Schwartz, 1971","Eleutherodactylus","alcoae",-71.424869,17.683128,"50c9509d-22c7-4a22-a47d-8c48425ef4a7"
"Eleutherodactylus abbotti Cochran, 1923","Eleutherodactylus","abbotti",-70.668505,19.073131,"50c9509d-22c7-4a22-a47d-8c48425ef4a7"
"Eleutherodactylus wetmorei Cochran, 1932","Eleutherodactylus","wetmorei",-72.412064,18.394643,"50c9509d-22c7-4a22-a47d-8c48425ef4a7"
"Eleutherodactylus glaphycompus Schwartz, 1973","Eleutherodactylus","glaphycompus",-73.986555,18.596224,"50c9509d-22c7-4a22-a47d-8c48425ef4a7"
"Eleutherodactylus wetmorei Cochran, 1932","Eleutherodactylus","wetmorei",-72.522799,18.292873,"50c9509d-22c7-4a22-a47d-8c48425ef4a7"
"Eleutherodactylus flavescens Noble, 1923","Eleutherodactylus","flavescens",-70.201967,19.304673,"50c9509d-22c7-4a22-a47d-8c48425ef4a7"
"Eleutherodactylus coqui Thomas, 1966","Eleutherodactylus","coqui",-66.111507,18.407239,"50c9509d-22c7-4a22-a47d-8c48425ef4a7"
"Eleutherodactylus antillensis (Reinhardt & Lütken, 1863)","Eleutherodactylus","antillensis",-65.774072,18.404591,"50c9509d-22c7-4a22-a47d-8c48425ef4a7"
"Eleutherodactylus weinlandi Barbour, 1914","Eleutherodactylus","weinlandi",-70.467907,18.827046,"50c9509d-22c7-4a22-a47d-8c48425ef4a7"
"Eleutherodactylus furcyensis Shreve & Williams, 1963","Eleutherodactylus","furcyensis",-71.742369,18.088159,"50c9509d-22c7-4a22-a47d-8c48425ef4a7"
"Eleutherodactylus johnstonei Barbour, 1914","Eleutherodactylus","johnstonei",-63.230637,17.628584,"8a863029-f435-446a-821e-275f4f641165"
"Eleutherodactylus johnstonei Barbour, 1914","Eleutherodactylus","johnstonei",-63.238022,17.628178,"8a863029-f435-446a-821e-275f4f641165"
"Eleutherodactylus coqui Thomas, 1966","Eleutherodactylus","coqui",-65.858245,18.234478,"50c9509d-22c7-4a22-a47d-8c48425ef4a7"
"Eleutherodactylus coqui Thomas, 1966","Eleutherodactylus","coqui",-65.851112,18.278833,"50c9509d-22c7-4a22-a47d-8c48425ef4a7"
"Eleutherodactylus flavescens Noble, 1923","Eleutherodactylus","flavescens",-69.495782,19.096033,"50c9509d-22c7-4a22-a47d-8c48425ef4a7"
"Eleutherodactylus brittoni Schmidt, 1920","Eleutherodactylus","brittoni",-65.847825,18.277824,"50c9509d-22c7-4a22-a47d-8c48425ef4a7"
"Eleutherodactylus coqui Thomas, 1966","Eleutherodactylus","coqui",-65.847543,18.277916,"50c9509d-22c7-4a22-a47d-8c48425ef4a7"
"Eleutherodactylus flavescens Noble, 1923","Eleutherodactylus","flavescens",-69.420073,19.079159,"50c9509d-22c7-4a22-a47d-8c48425ef4a7"
"Eleutherodactylus coqui Thomas, 1966","Eleutherodactylus","coqui",-65.849077,18.278082,"50c9509d-22c7-4a22-a47d-8c48425ef4a7"
"Eleutherodactylus coqui Thomas, 1966","Eleutherodactylus","coqui",-65.847776,18.277807,"50c9509d-22c7-4a22-a47d-8c48425ef4a7"
"Eleutherodactylus antillensis (Reinhardt & Lütken, 1863)","Eleutherodactylus","antillensis",-66.076194,18.333145,"50c9509d-22c7-4a22-a47d-8c48425ef4a7"
"Eleutherodactylus antillensis (Reinhardt & Lütken, 1863)","Eleutherodactylus","antillensis",-66.799722,18.286944,"50c9509d-22c7-4a22-a47d-8c48425ef4a7"
"Eleutherodactylus coqui Thomas, 1966","Eleutherodactylus","coqui",-66.993087,18.178836,"50c9509d-22c7-4a22-a47d-8c48425ef4a7"
"Eleutherodactylus coqui Thomas, 1966","Eleutherodactylus","coqui",-65.847746,18.277817,"50c9509d-22c7-4a22-a47d-8c48425ef4a7"
"Eleutherodactylus coqui Thomas, 1966","Eleutherodactylus","coqui",-65.858272,18.281416,"50c9509d-22c7-4a22-a47d-8c48425ef4a7"
"Eleutherodactylus coqui Thomas, 1966","Eleutherodactylus","coqui",-67.040671,18.259439,"50c9509d-22c7-4a22-a47d-8c48425ef4a7"
"Eleutherodactylus antillensis (Reinhardt & Lütken, 1863)","Eleutherodactylus","antillensis",-66.988396,18.069207,"50c9509d-22c7-4a22-a47d-8c48425ef4a7"
"Eleutherodactylus coqui Thomas, 1966","Eleutherodactylus","coqui",-65.85819,18.281049,"50c9509d-22c7-4a22-a47d-8c48425ef4a7"
"Eleutherodactylus coqui Thomas, 1966","Eleutherodactylus","coqui",-65.847555,18.277959,"50c9509d-22c7-4a22-a47d-8c48425ef4a7"
"Eleutherodactylus coqui Thomas, 1966","Eleutherodactylus","coqui",-66.799722,18.286944,"50c9509d-22c7-4a22-a47d-8c48425ef4a7"
"Eleutherodactylus coqui Thomas, 1966","Eleutherodactylus","coqui",-65.849547,18.324767,"50c9509d-22c7-4a22-a47d-8c48425ef4a7"
"Eleutherodactylus coqui Thomas, 1966","Eleutherodactylus","coqui",-65.847126,18.27809,"50c9509d-22c7-4a22-a47d-8c48425ef4a7"
"Eleutherodactylus coqui Thomas, 1966","Eleutherodactylus","coqui",-65.847024,18.278065,"50c9509d-22c7-4a22-a47d-8c48425ef4a7"
"Eleutherodactylus brittoni Schmidt, 1920","Eleutherodactylus","brittoni",-67.137079,18.213424,"50c9509d-22c7-4a22-a47d-8c48425ef4a7"
"Eleutherodactylus wetmorei Cochran, 1932","Eleutherodactylus","wetmorei",-69.237839,19.218307,"6ac3f774-d9fb-4796-b3e9-92bf6c81c084"
"Eleutherodactylus iberia Estrada & Hedges, 1996","Eleutherodactylus","iberia",-74.73999,20.432159,"6ac3f774-d9fb-4796-b3e9-92bf6c81c084"
"Eleutherodactylus iberia Estrada & Hedges, 1996","Eleutherodactylus","iberia",-74.671288,20.50378,"6ac3f774-d9fb-4796-b3e9-92bf6c81c084"
"Eleutherodactylus johnstonei Barbour, 1914","Eleutherodactylus","johnstonei",-78.306564,18.369143,"6ac3f774-d9fb-4796-b3e9-92bf6c81c084"
"Eleutherodactylus coqui Thomas, 1966","Eleutherodactylus","coqui",-65.715195,18.374058,"50c9509d-22c7-4a22-a47d-8c48425ef4a7"
"Eleutherodactylus planirostris (Cope, 1862)","Eleutherodactylus","planirostris",-77.318604,18.461925,"50c9509d-22c7-4a22-a47d-8c48425ef4a7"
"Eleutherodactylus coqui Thomas, 1966","Eleutherodactylus","coqui",-65.800033,18.295135,"50c9509d-22c7-4a22-a47d-8c48425ef4a7"
"Eleutherodactylus coqui Thomas, 1966","Eleutherodactylus","coqui",-65.793738,18.299595,"50c9509d-22c7-4a22-a47d-8c48425ef4a7"
"Eleutherodactylus abbotti Cochran, 1923","Eleutherodactylus","abbotti",-69.496444,19.323056,"50c9509d-22c7-4a22-a47d-8c48425ef4a7"
"Eleutherodactylus planirostris (Cope, 1862)","Eleutherodactylus","planirostris",-81.383848,19.318347,"50c9509d-22c7-4a22-a47d-8c48425ef4a7"
"Eleutherodactylus johnstonei Barbour, 1914","Eleutherodactylus","johnstonei",-77.059715,18.392767,"50c9509d-22c7-4a22-a47d-8c48425ef4a7"
"Eleutherodactylus antillensis (Reinhardt & Lütken, 1863)","Eleutherodactylus","antillensis",-67.109542,18.009806,"50c9509d-22c7-4a22-a47d-8c48425ef4a7"
"Eleutherodactylus johnstonei Barbour, 1914","Eleutherodactylus","johnstonei",-61.051964,14.557878,"50c9509d-22c7-4a22-a47d-8c48425ef4a7"
"Eleutherodactylus planirostris (Cope, 1862)","Eleutherodactylus","planirostris",-81.397626,19.368143,"50c9509d-22c7-4a22-a47d-8c48425ef4a7"
"Eleutherodactylus antillensis (Reinhardt & Lütken, 1863)","Eleutherodactylus","antillensis",-65.747445,18.16245,"50c9509d-22c7-4a22-a47d-8c48425ef4a7"
"Eleutherodactylus johnstonei Barbour, 1914","Eleutherodactylus","johnstonei",-61.053627,14.552181,"50c9509d-22c7-4a22-a47d-8c48425ef4a7"
"Eleutherodactylus antillensis (Reinhardt & Lütken, 1863)","Eleutherodactylus","antillensis",-67.091141,18.16631,"50c9509d-22c7-4a22-a47d-8c48425ef4a7"
"Eleutherodactylus unicolor Stejneger, 1904","Eleutherodactylus","unicolor",-65.695725,18.250082,"50c9509d-22c7-4a22-a47d-8c48425ef4a7"
"Eleutherodactylus planirostris (Cope, 1862)","Eleutherodactylus","planirostris",-81.397688,19.368213,"50c9509d-22c7-4a22-a47d-8c48425ef4a7"
"Eleutherodactylus coqui Thomas, 1966","Eleutherodactylus","coqui",-66.457948,18.193879,"50c9509d-22c7-4a22-a47d-8c48425ef4a7"
"Eleutherodactylus hedricki Rivero, 1963","Eleutherodactylus","hedricki",-65.837349,18.30108,"50c9509d-22c7-4a22-a47d-8c48425ef4a7"
"Eleutherodactylus antillensis (Reinhardt & Lütken, 1863)","Eleutherodactylus","antillensis",-67.109446,18.010476,"50c9509d-22c7-4a22-a47d-8c48425ef4a7"
"Eleutherodactylus coqui Thomas, 1966","Eleutherodactylus","coqui",-66.511023,18.126058,"50c9509d-22c7-4a22-a47d-8c48425ef4a7"
"Eleutherodactylus flavescens Noble, 1923","Eleutherodactylus","flavescens",-69.596592,19.003466,"50c9509d-22c7-4a22-a47d-8c48425ef4a7"
"Eleutherodactylus inoptatus (Barbour, 1914)","Eleutherodactylus","inoptatus",-70.414756,19.021508,"50c9509d-22c7-4a22-a47d-8c48425ef4a7"
"Eleutherodactylus coqui Thomas, 1966","Eleutherodactylus","coqui",-66.058712,18.452495,"50c9509d-22c7-4a22-a47d-8c48425ef4a7"
"Eleutherodactylus martinicensis (Tschudi, 1838)","Eleutherodactylus","martinicensis",-66.39889,18.22526,"64be02e0-0c64-11dd-84d1-b8a03c50a862"
"Eleutherodactylus weinlandi Barbour, 1914","Eleutherodactylus","weinlandi",-69.17034,19.272216,"50c9509d-22c7-4a22-a47d-8c48425ef4a7"
"Eleutherodactylus coqui Thomas, 1966","Eleutherodactylus","coqui",-66.064225,18.289587,"50c9509d-22c7-4a22-a47d-8c48425ef4a7"
"Eleutherodactylus antillensis (Reinhardt & Lütken, 1863)","Eleutherodactylus","antillensis",-65.496978,18.116067,"50c9509d-22c7-4a22-a47d-8c48425ef4a7"
"Eleutherodactylus coqui Thomas, 1966","Eleutherodactylus","coqui",-66.990052,18.180626,"50c9509d-22c7-4a22-a47d-8c48425ef4a7"
"Eleutherodactylus inoptatus (Barbour, 1914)","Eleutherodactylus","inoptatus",-71.531854,19.242058,"50c9509d-22c7-4a22-a47d-8c48425ef4a7"
"Eleutherodactylus antillensis (Reinhardt & Lütken, 1863)","Eleutherodactylus","antillensis",-66.988421,18.069201,"50c9509d-22c7-4a22-a47d-8c48425ef4a7"
"Eleutherodactylus coqui Thomas, 1966","Eleutherodactylus","coqui",-66.681853,18.164453,"50c9509d-22c7-4a22-a47d-8c48425ef4a7"
"Eleutherodactylus brittoni Schmidt, 1920","Eleutherodactylus","brittoni",-65.815959,18.333303,"50c9509d-22c7-4a22-a47d-8c48425ef4a7"
"Eleutherodactylus coqui Thomas, 1966","Eleutherodactylus","coqui",-65.796686,18.261153,"50c9509d-22c7-4a22-a47d-8c48425ef4a7"
"Eleutherodactylus paralius Schwartz, 1976","Eleutherodactylus","paralius",-69.848162,18.550021,"50c9509d-22c7-4a22-a47d-8c48425ef4a7"
"Eleutherodactylus coqui Thomas, 1966","Eleutherodactylus","coqui",-65.857035,18.28143,"50c9509d-22c7-4a22-a47d-8c48425ef4a7"
"Eleutherodactylus coqui Thomas, 1966","Eleutherodactylus","coqui",-65.857012,18.28145,"50c9509d-22c7-4a22-a47d-8c48425ef4a7"
"Eleutherodactylus coqui Thomas, 1966","Eleutherodactylus","coqui",-65.43839,18.147176,"50c9509d-22c7-4a22-a47d-8c48425ef4a7"
"Eleutherodactylus coqui Thomas, 1966","Eleutherodactylus","coqui",-66.30628,18.186624,"50c9509d-22c7-4a22-a47d-8c48425ef4a7"
"Eleutherodactylus coqui Thomas, 1966","Eleutherodactylus","coqui",-65.800953,18.093707,"50c9509d-22c7-4a22-a47d-8c48425ef4a7"
"Eleutherodactylus coqui Thomas, 1966","Eleutherodactylus","coqui",-66.063842,18.28952,"50c9509d-22c7-4a22-a47d-8c48425ef4a7"
"Eleutherodactylus coqui Thomas, 1966","Eleutherodactylus","coqui",-66.455612,18.458382,"50c9509d-22c7-4a22-a47d-8c48425ef4a7"
"Eleutherodactylus paralius Schwartz, 1976","Eleutherodactylus","paralius",-69.909175,18.453119,"50c9509d-22c7-4a22-a47d-8c48425ef4a7"
"Eleutherodactylus coqui Thomas, 1966","Eleutherodactylus","coqui",-66.159631,18.317366,"50c9509d-22c7-4a22-a47d-8c48425ef4a7"
"Eleutherodactylus flavescens Noble, 1923","Eleutherodactylus","flavescens",-70.632486,19.674537,"50c9509d-22c7-4a22-a47d-8c48425ef4a7"
"Eleutherodactylus flavescens Noble, 1923","Eleutherodactylus","flavescens",-70.637964,19.675778,"50c9509d-22c7-4a22-a47d-8c48425ef4a7"
"Eleutherodactylus coqui Thomas, 1966","Eleutherodactylus","coqui",-65.847539,18.277899,"50c9509d-22c7-4a22-a47d-8c48425ef4a7"
"Eleutherodactylus antillensis (Reinhardt & Lütken, 1863)","Eleutherodactylus","antillensis",-66.469299,18.267786,"50c9509d-22c7-4a22-a47d-8c48425ef4a7"
"Eleutherodactylus coqui Thomas, 1966","Eleutherodactylus","coqui",-65.796067,18.26165,"50c9509d-22c7-4a22-a47d-8c48425ef4a7"
"Eleutherodactylus coqui Thomas, 1966","Eleutherodactylus","coqui",-66.227822,18.3378,"50c9509d-22c7-4a22-a47d-8c48425ef4a7"
"Eleutherodactylus flavescens Noble, 1923","Eleutherodactylus","flavescens",-70.784236,19.797499,"50c9509d-22c7-4a22-a47d-8c48425ef4a7"
"Eleutherodactylus inoptatus (Barbour, 1914)","Eleutherodactylus","inoptatus",-72.452626,18.255413,"50c9509d-22c7-4a22-a47d-8c48425ef4a7"
"Eleutherodactylus coqui Thomas, 1966","Eleutherodactylus","coqui",-66.013881,18.3903,"50c9509d-22c7-4a22-a47d-8c48425ef4a7"
"Eleutherodactylus coqui Thomas, 1966","Eleutherodactylus","coqui",-66.063522,18.289312,"50c9509d-22c7-4a22-a47d-8c48425ef4a7"
"Eleutherodactylus alcoae Schwartz, 1971","Eleutherodactylus","alcoae",-71.41388,17.845097,"50c9509d-22c7-4a22-a47d-8c48425ef4a7"
"Eleutherodactylus coqui Thomas, 1966","Eleutherodactylus","coqui",-66.81237,18.489674,"50c9509d-22c7-4a22-a47d-8c48425ef4a7"
"Eleutherodactylus antillensis (Reinhardt & Lütken, 1863)","Eleutherodactylus","antillensis",-66.988547,18.069116,"50c9509d-22c7-4a22-a47d-8c48425ef4a7"
"Eleutherodactylus antillensis (Reinhardt & Lütken, 1863)","Eleutherodactylus","antillensis",-66.988487,18.068986,"50c9509d-22c7-4a22-a47d-8c48425ef4a7"
"Eleutherodactylus abbotti Cochran, 1923","Eleutherodactylus","abbotti",-70.618198,19.678795,"50c9509d-22c7-4a22-a47d-8c48425ef4a7"
"Eleutherodactylus coqui Thomas, 1966","Eleutherodactylus","coqui",-65.715355,18.374242,"50c9509d-22c7-4a22-a47d-8c48425ef4a7"
"Eleutherodactylus jamaicensis Barbour, 1910","Eleutherodactylus","jamaicensis",-76.70232,18.0767,"4bfac3ea-8763-4f4b-a71a-76a6f5f243d3"
"Eleutherodactylus wightmanae Schmidt, 1920","Eleutherodactylus","wightmanae",-65.881155,18.208085,"50c9509d-22c7-4a22-a47d-8c48425ef4a7"
"Eleutherodactylus notidodes Schwartz, 1966","Eleutherodactylus","notidodes",-71.603693,18.724237,"50c9509d-22c7-4a22-a47d-8c48425ef4a7"
"Eleutherodactylus cochranae Grant, 1932","Eleutherodactylus","cochranae",-66.045513,18.407551,"50c9509d-22c7-4a22-a47d-8c48425ef4a7"
"Eleutherodactylus coqui Thomas, 1966","Eleutherodactylus","coqui",-66.118618,18.104812,"50c9509d-22c7-4a22-a47d-8c48425ef4a7"
"Eleutherodactylus richmondi Stejneger, 1904","Eleutherodactylus","richmondi",-65.843975,18.303116,"50c9509d-22c7-4a22-a47d-8c48425ef4a7"
"Eleutherodactylus richmondi Stejneger, 1904","Eleutherodactylus","richmondi",-65.973504,18.241506,"50c9509d-22c7-4a22-a47d-8c48425ef4a7"
"Eleutherodactylus richmondi Stejneger, 1904","Eleutherodactylus","richmondi",-65.873109,18.275594,"50c9509d-22c7-4a22-a47d-8c48425ef4a7"
"Eleutherodactylus antillensis (Reinhardt & Lütken, 1863)","Eleutherodactylus","antillensis",-66.045211,18.404563,"50c9509d-22c7-4a22-a47d-8c48425ef4a7"
"Eleutherodactylus antillensis (Reinhardt & Lütken, 1863)","Eleutherodactylus","antillensis",-66.04562,18.405148,"50c9509d-22c7-4a22-a47d-8c48425ef4a7"
"Eleutherodactylus richmondi Stejneger, 1904","Eleutherodactylus","richmondi",-65.921951,18.273987,"50c9509d-22c7-4a22-a47d-8c48425ef4a7"
"Eleutherodactylus richmondi Stejneger, 1904","Eleutherodactylus","richmondi",-65.815885,18.375347,"50c9509d-22c7-4a22-a47d-8c48425ef4a7"
"Eleutherodactylus coqui Thomas, 1966","Eleutherodactylus","coqui",-65.867333,18.27955,"50c9509d-22c7-4a22-a47d-8c48425ef4a7"
"Eleutherodactylus antillensis (Reinhardt & Lütken, 1863)","Eleutherodactylus","antillensis",-66.027932,18.25183,"50c9509d-22c7-4a22-a47d-8c48425ef4a7"
"Eleutherodactylus wightmanae Schmidt, 1920","Eleutherodactylus","wightmanae",-66.430285,18.14904,"50c9509d-22c7-4a22-a47d-8c48425ef4a7"
"Eleutherodactylus antillensis (Reinhardt & Lütken, 1863)","Eleutherodactylus","antillensis",-66.047533,18.404106,"50c9509d-22c7-4a22-a47d-8c48425ef4a7"
"Eleutherodactylus cochranae Grant, 1932","Eleutherodactylus","cochranae",-66.046036,18.405022,"50c9509d-22c7-4a22-a47d-8c48425ef4a7"
"Eleutherodactylus coqui Thomas, 1966","Eleutherodactylus","coqui",-65.813202,18.33605,"50c9509d-22c7-4a22-a47d-8c48425ef4a7"
"Eleutherodactylus antillensis (Reinhardt & Lütken, 1863)","Eleutherodactylus","antillensis",-66.543664,18.352017,"50c9509d-22c7-4a22-a47d-8c48425ef4a7"
"Eleutherodactylus coqui Thomas, 1966","Eleutherodactylus","coqui",-65.81321,18.336008,"50c9509d-22c7-4a22-a47d-8c48425ef4a7"
"Eleutherodactylus richmondi Stejneger, 1904","Eleutherodactylus","richmondi",-65.941543,18.222512,"50c9509d-22c7-4a22-a47d-8c48425ef4a7"
"Eleutherodactylus richmondi Stejneger, 1904","Eleutherodactylus","richmondi",-65.881599,18.276495,"50c9509d-22c7-4a22-a47d-8c48425ef4a7"
"Eleutherodactylus coqui Thomas, 1966","Eleutherodactylus","coqui",-65.763793,18.331068,"50c9509d-22c7-4a22-a47d-8c48425ef4a7"
"Eleutherodactylus wightmanae Schmidt, 1920","Eleutherodactylus","wightmanae",-66.088404,18.061492,"50c9509d-22c7-4a22-a47d-8c48425ef4a7"
"Eleutherodactylus coqui Thomas, 1966","Eleutherodactylus","coqui",-66.542334,18.213815,"50c9509d-22c7-4a22-a47d-8c48425ef4a7"
"Eleutherodactylus wightmanae Schmidt, 1920","Eleutherodactylus","wightmanae",-65.754032,18.308468,"50c9509d-22c7-4a22-a47d-8c48425ef4a7"
"Eleutherodactylus planirostris (Cope, 1862)","Eleutherodactylus","planirostris",-77.410471,25.077483,"50c9509d-22c7-4a22-a47d-8c48425ef4a7"
"Eleutherodactylus coqui Thomas, 1966","Eleutherodactylus","coqui",-67.005092,18.068715,"50c9509d-22c7-4a22-a47d-8c48425ef4a7"
"Eleutherodactylus richmondi Stejneger, 1904","Eleutherodactylus","richmondi",-65.827262,18.267416,"50c9509d-22c7-4a22-a47d-8c48425ef4a7"
"Eleutherodactylus abbotti Cochran, 1923","Eleutherodactylus","abbotti",-71.476494,18.677047,"50c9509d-22c7-4a22-a47d-8c48425ef4a7"
"Eleutherodactylus cochranae Grant, 1932","Eleutherodactylus","cochranae",-66.045178,18.404258,"50c9509d-22c7-4a22-a47d-8c48425ef4a7"
"Eleutherodactylus richmondi Stejneger, 1904","Eleutherodactylus","richmondi",-65.853465,18.29949,"50c9509d-22c7-4a22-a47d-8c48425ef4a7"
"Eleutherodactylus antillensis (Reinhardt & Lütken, 1863)","Eleutherodactylus","antillensis",-66.045289,18.404583,"50c9509d-22c7-4a22-a47d-8c48425ef4a7"
"Eleutherodactylus richmondi Stejneger, 1904","Eleutherodactylus","richmondi",-65.956232,18.348098,"50c9509d-22c7-4a22-a47d-8c48425ef4a7"
"Eleutherodactylus johnstonei Barbour, 1914","Eleutherodactylus","johnstonei",-63.234267,17.626723,"8a863029-f435-446a-821e-275f4f641165"
"Eleutherodactylus spec Duellman & Simmons, 1977","Eleutherodactylus","spec",-70.259459,18.473936,"c287bcb5-ee4a-456f-86b6-dae0e6fe7958"
"Eleutherodactylus spec Duellman & Simmons, 1977","Eleutherodactylus","spec",-70.271514,18.481246,"c287bcb5-ee4a-456f-86b6-dae0e6fe7958"
"Eleutherodactylus coqui Thomas, 1966","Eleutherodactylus","coqui",-65.82,18.321667,"c287bcb5-ee4a-456f-86b6-dae0e6fe7958"
"Eleutherodactylus spec Duellman & Simmons, 1977","Eleutherodactylus","spec",-70.269848,18.480241,"c287bcb5-ee4a-456f-86b6-dae0e6fe7958"
"Eleutherodactylus coqui Thomas, 1966","Eleutherodactylus","coqui",-65.755365,18.389323,"c287bcb5-ee4a-456f-86b6-dae0e6fe7958"
"Eleutherodactylus spec Duellman & Simmons, 1977","Eleutherodactylus","spec",-70.272611,18.481667,"c287bcb5-ee4a-456f-86b6-dae0e6fe7958"
"Eleutherodactylus tychathrous Schwartz, 1965","Eleutherodactylus","tychathrous",-71.700417,18.649692,"50c9509d-22c7-4a22-a47d-8c48425ef4a7"
"Eleutherodactylus hedricki Rivero, 1963","Eleutherodactylus","hedricki",-65.642498,18.335559,"50c9509d-22c7-4a22-a47d-8c48425ef4a7"
"Eleutherodactylus unicolor Stejneger, 1904","Eleutherodactylus","unicolor",-65.704317,18.319126,"50c9509d-22c7-4a22-a47d-8c48425ef4a7"
"Eleutherodactylus hedricki Rivero, 1963","Eleutherodactylus","hedricki",-65.606889,18.238833,"50c9509d-22c7-4a22-a47d-8c48425ef4a7"
"Eleutherodactylus richmondi Stejneger, 1904","Eleutherodactylus","richmondi",-65.80085,18.381683,"50c9509d-22c7-4a22-a47d-8c48425ef4a7"
"Eleutherodactylus coqui Thomas, 1966","Eleutherodactylus","coqui",-65.781844,18.281593,"50c9509d-22c7-4a22-a47d-8c48425ef4a7"
"Eleutherodactylus wightmanae Schmidt, 1920","Eleutherodactylus","wightmanae",-65.776294,18.344295,"50c9509d-22c7-4a22-a47d-8c48425ef4a7"
"Eleutherodactylus brittoni Schmidt, 1920","Eleutherodactylus","brittoni",-66.100734,18.055396,"50c9509d-22c7-4a22-a47d-8c48425ef4a7"
"Eleutherodactylus notidodes Schwartz, 1966","Eleutherodactylus","notidodes",-71.715476,18.701829,"50c9509d-22c7-4a22-a47d-8c48425ef4a7"
"Eleutherodactylus coqui Thomas, 1966","Eleutherodactylus","coqui",-65.770715,18.312896,"50c9509d-22c7-4a22-a47d-8c48425ef4a7"
"Eleutherodactylus brittoni Schmidt, 1920","Eleutherodactylus","brittoni",-66.164746,18.117861,"50c9509d-22c7-4a22-a47d-8c48425ef4a7"
"Eleutherodactylus weinlandi Barbour, 1914","Eleutherodactylus","weinlandi",-70.66667,19.78333,"4bfac3ea-8763-4f4b-a71a-76a6f5f243d3"
"Eleutherodactylus coqui Thomas, 1966","Eleutherodactylus","coqui",-65.952819,18.373866,"50c9509d-22c7-4a22-a47d-8c48425ef4a7"
"Eleutherodactylus portoricensis Schmidt, 1927","Eleutherodactylus","portoricensis",-65.756308,18.353767,"50c9509d-22c7-4a22-a47d-8c48425ef4a7"
"Eleutherodactylus portoricensis Schmidt, 1927","Eleutherodactylus","portoricensis",-65.720602,18.272386,"50c9509d-22c7-4a22-a47d-8c48425ef4a7"
"Eleutherodactylus locustus Schmidt, 1920","Eleutherodactylus","locustus",-66.145214,18.012019,"50c9509d-22c7-4a22-a47d-8c48425ef4a7"
"Eleutherodactylus antillensis (Reinhardt & Lütken, 1863)","Eleutherodactylus","antillensis",-65.475886,18.099181,"50c9509d-22c7-4a22-a47d-8c48425ef4a7"
"Eleutherodactylus antillensis (Reinhardt & Lütken, 1863)","Eleutherodactylus","antillensis",-65.82843,18.34886,"50c9509d-22c7-4a22-a47d-8c48425ef4a7"
"Eleutherodactylus planirostris (Cope, 1862)","Eleutherodactylus","planirostris",-81.370205,19.335515,"50c9509d-22c7-4a22-a47d-8c48425ef4a7"
"Eleutherodactylus portoricensis Schmidt, 1927","Eleutherodactylus","portoricensis",-65.758716,18.266773,"50c9509d-22c7-4a22-a47d-8c48425ef4a7"
"Eleutherodactylus coqui Thomas, 1966","Eleutherodactylus","coqui",-65.82843,18.34886,"50c9509d-22c7-4a22-a47d-8c48425ef4a7"
"Eleutherodactylus portoricensis Schmidt, 1927","Eleutherodactylus","portoricensis",-66.571294,18.198126,"50c9509d-22c7-4a22-a47d-8c48425ef4a7"
"Eleutherodactylus coqui Thomas, 1966","Eleutherodactylus","coqui",-65.947932,18.398126,"50c9509d-22c7-4a22-a47d-8c48425ef4a7"
"Eleutherodactylus johnstonei Barbour, 1914","Eleutherodactylus","johnstonei",-77.06053,18.393075,"50c9509d-22c7-4a22-a47d-8c48425ef4a7"
"Eleutherodactylus portoricensis Schmidt, 1927","Eleutherodactylus","portoricensis",-65.745077,18.211093,"50c9509d-22c7-4a22-a47d-8c48425ef4a7"
"Eleutherodactylus limbatus (Cope, 1862)","Eleutherodactylus","limbatus",-80.4667,22.4667,"4bfac3ea-8763-4f4b-a71a-76a6f5f243d3"
"Eleutherodactylus orientalis (Barbour & Shreve, 1937)","Eleutherodactylus","limbatus",-74.5733,20.3525,"4bfac3ea-8763-4f4b-a71a-76a6f5f243d3"
"Eleutherodactylus coqui Thomas, 1966","Eleutherodactylus","coqui",-65.79415,18.299555,"50c9509d-22c7-4a22-a47d-8c48425ef4a7"
"Eleutherodactylus coqui Thomas, 1966","Eleutherodactylus","coqui",-65.962665,18.212855,"50c9509d-22c7-4a22-a47d-8c48425ef4a7"
"Eleutherodactylus wightmanae Schmidt, 1920","Eleutherodactylus","wightmanae",-65.75448,18.304764,"50c9509d-22c7-4a22-a47d-8c48425ef4a7"
"Eleutherodactylus johnstonei Barbour, 1914","Eleutherodactylus","johnstonei",-63.238385,17.62491,"8a863029-f435-446a-821e-275f4f641165"
"Eleutherodactylus coqui Thomas, 1966","Eleutherodactylus","coqui",-66.18719,18.172568,"50c9509d-22c7-4a22-a47d-8c48425ef4a7"
"Eleutherodactylus johnstonei Barbour, 1914","Eleutherodactylus","johnstonei",-60.974185,14.740551,"50c9509d-22c7-4a22-a47d-8c48425ef4a7"
"Eleutherodactylus paralius Schwartz, 1976","Eleutherodactylus","paralius",-68.802782,18.540955,"50c9509d-22c7-4a22-a47d-8c48425ef4a7"
"Eleutherodactylus coqui Thomas, 1966","Eleutherodactylus","coqui",-65.825387,18.31978,"50c9509d-22c7-4a22-a47d-8c48425ef4a7"
"Eleutherodactylus coqui Thomas, 1966","Eleutherodactylus","coqui",-66.063697,18.289295,"50c9509d-22c7-4a22-a47d-8c48425ef4a7"
"Eleutherodactylus coqui Thomas, 1966","Eleutherodactylus","coqui",-66.063697,18.289608,"50c9509d-22c7-4a22-a47d-8c48425ef4a7"
"Eleutherodactylus coqui Thomas, 1966","Eleutherodactylus","coqui",-66.066648,18.360977,"50c9509d-22c7-4a22-a47d-8c48425ef4a7"
"Eleutherodactylus coqui Thomas, 1966","Eleutherodactylus","coqui",-66.063539,18.28942,"50c9509d-22c7-4a22-a47d-8c48425ef4a7"
"Eleutherodactylus planirostris (Cope, 1862)","Eleutherodactylus","planirostris",-77.410378,25.077708,"50c9509d-22c7-4a22-a47d-8c48425ef4a7"
"Eleutherodactylus coqui Thomas, 1966","Eleutherodactylus","coqui",-66.028391,18.386569,"50c9509d-22c7-4a22-a47d-8c48425ef4a7"
"Eleutherodactylus antillensis (Reinhardt & Lütken, 1863)","Eleutherodactylus","antillensis",-66.028014,18.386667,"50c9509d-22c7-4a22-a47d-8c48425ef4a7"
"Eleutherodactylus antillensis (Reinhardt & Lütken, 1863)","Eleutherodactylus","antillensis",-66.076071,18.455074,"50c9509d-22c7-4a22-a47d-8c48425ef4a7"
"Eleutherodactylus antillensis (Reinhardt & Lütken, 1863)","Eleutherodactylus","antillensis",-66.076172,18.455015,"50c9509d-22c7-4a22-a47d-8c48425ef4a7"
"Eleutherodactylus coqui Thomas, 1966","Eleutherodactylus","coqui",-66.077483,18.454753,"50c9509d-22c7-4a22-a47d-8c48425ef4a7"
"Eleutherodactylus rogersi Goin, 1955","Eleutherodactylus","rogersi",-76.707142,25.555712,"50c9509d-22c7-4a22-a47d-8c48425ef4a7"
"Eleutherodactylus coqui Thomas, 1966","Eleutherodactylus","coqui",-66.077634,18.454362,"50c9509d-22c7-4a22-a47d-8c48425ef4a7"
"Eleutherodactylus coqui Thomas, 1966","Eleutherodactylus","coqui",-66.028363,18.386586,"50c9509d-22c7-4a22-a47d-8c48425ef4a7"
"Eleutherodactylus coqui Thomas, 1966","Eleutherodactylus","coqui",-66.07747,18.454753,"50c9509d-22c7-4a22-a47d-8c48425ef4a7"
"Eleutherodactylus coqui Thomas, 1966","Eleutherodactylus","coqui",-66.077561,18.454717,"50c9509d-22c7-4a22-a47d-8c48425ef4a7"
"Eleutherodactylus auriculatus (Cope, 1862)","Eleutherodactylus","auriculatus",-69.9,18.466667,"6d27080f-ed47-48e2-90e8-cdebaba11a03"
"Eleutherodactylus johnstonei Barbour, 1914","Eleutherodactylus","johnstonei",-76.710563,18.175348,"50c9509d-22c7-4a22-a47d-8c48425ef4a7"
"Eleutherodactylus coqui Thomas, 1966","Eleutherodactylus","coqui",-66.0952,18.32758,"50c9509d-22c7-4a22-a47d-8c48425ef4a7"
"Eleutherodactylus auriculatus (Cope, 1862)","Eleutherodactylus","auriculatus",-80.2251,21.9136,"26098c25-8f7f-4c71-97ac-1d3db181c65e"
"Eleutherodactylus olibrus Schwartz, 1958","Eleutherodactylus","olibrus",-83.7078,22.6164,"26098c25-8f7f-4c71-97ac-1d3db181c65e"
"Eleutherodactylus atkinsi Dunn, 1925","Eleutherodactylus","atkinsi",-81.0317,22.0669,"26098c25-8f7f-4c71-97ac-1d3db181c65e"
"Eleutherodactylus montserratae Hedges, 2022","Eleutherodactylus","montserratae",-62.18772,16.704552,"86594bf6-f762-11e1-a439-00145eb45e9a"
"Eleutherodactylus johnstonei Barbour, 1914","Eleutherodactylus","johnstonei",-61.8611,17.0449,"86594bf6-f762-11e1-a439-00145eb45e9a"
"Eleutherodactylus montserratae Hedges, 2022","Eleutherodactylus","montserratae",-62.219722,16.73,"86594bf6-f762-11e1-a439-00145eb45e9a"
"Eleutherodactylus montserratae Hedges, 2022","Eleutherodactylus","montserratae",-62.217,16.757,"86594bf6-f762-11e1-a439-00145eb45e9a"
"Eleutherodactylus cuneatus (Cope, 1862)","Eleutherodactylus","cuneatus",-80.166667,22.066667,"86594bf6-f762-11e1-a439-00145eb45e9a"
"Eleutherodactylus eileenae Dunn, 1926","Eleutherodactylus","eileenae",-80.166667,22.066667,"86594bf6-f762-11e1-a439-00145eb45e9a"
"Eleutherodactylus coqui Thomas, 1966","Eleutherodactylus","coqui",-66.090758,18.454716,"50c9509d-22c7-4a22-a47d-8c48425ef4a7"
"Eleutherodactylus planirostris (Cope, 1862)","Eleutherodactylus","planirostris",-81.274266,19.36036,"50c9509d-22c7-4a22-a47d-8c48425ef4a7"
"Eleutherodactylus antillensis (Reinhardt & Lütken, 1863)","Eleutherodactylus","antillensis",-65.770484,18.31291,"50c9509d-22c7-4a22-a47d-8c48425ef4a7"
"Eleutherodactylus gossei Dunn, 1926","Eleutherodactylus","gossei",-76.697878,18.00717,"50c9509d-22c7-4a22-a47d-8c48425ef4a7"
"Eleutherodactylus johnstonei Barbour, 1914","Eleutherodactylus","johnstonei",-76.783333,18.012848,"50c9509d-22c7-4a22-a47d-8c48425ef4a7"
"Eleutherodactylus gossei Dunn, 1926","Eleutherodactylus","gossei",-77.199857,18.096481,"50c9509d-22c7-4a22-a47d-8c48425ef4a7"
"Eleutherodactylus planirostris (Cope, 1862)","Eleutherodactylus","planirostris",-81.108691,19.35242,"50c9509d-22c7-4a22-a47d-8c48425ef4a7"
"Eleutherodactylus antillensis (Reinhardt & Lütken, 1863)","Eleutherodactylus","antillensis",-66.015072,17.985988,"50c9509d-22c7-4a22-a47d-8c48425ef4a7"
"Eleutherodactylus antillensis (Reinhardt & Lütken, 1863)","Eleutherodactylus","antillensis",-66.063347,18.289647,"50c9509d-22c7-4a22-a47d-8c48425ef4a7"
"Eleutherodactylus coqui Thomas, 1966","Eleutherodactylus","coqui",-65.755057,18.388554,"50c9509d-22c7-4a22-a47d-8c48425ef4a7"
"Eleutherodactylus antillensis (Reinhardt & Lütken, 1863)","Eleutherodactylus","antillensis",-66.063736,18.289213,"50c9509d-22c7-4a22-a47d-8c48425ef4a7"
"Eleutherodactylus antillensis (Reinhardt & Lütken, 1863)","Eleutherodactylus","antillensis",-66.063355,18.289403,"50c9509d-22c7-4a22-a47d-8c48425ef4a7"
"Eleutherodactylus johnstonei Barbour, 1914","Eleutherodactylus","johnstonei",-60.961862,14.472836,"8a863029-f435-446a-821e-275f4f641165"
"Eleutherodactylus flavescens Noble, 1923","Eleutherodactylus","flavescens",-70.053521,18.989856,"50c9509d-22c7-4a22-a47d-8c48425ef4a7"
"Eleutherodactylus coqui Thomas, 1966","Eleutherodactylus","coqui",-65.762551,18.329513,"50c9509d-22c7-4a22-a47d-8c48425ef4a7"
"Eleutherodactylus montanus Schmidt, 1919","Eleutherodactylus","montanus",-70.545731,18.799742,"50c9509d-22c7-4a22-a47d-8c48425ef4a7"
"Eleutherodactylus coqui Thomas, 1966","Eleutherodactylus","coqui",-65.81375,18.35828,"50c9509d-22c7-4a22-a47d-8c48425ef4a7"
"Eleutherodactylus antillensis (Reinhardt & Lütken, 1863)","Eleutherodactylus","antillensis",-65.762888,18.329568,"50c9509d-22c7-4a22-a47d-8c48425ef4a7"
"Eleutherodactylus montanus Schmidt, 1919","Eleutherodactylus","montanus",-70.450575,18.626262,"50c9509d-22c7-4a22-a47d-8c48425ef4a7"
"Eleutherodactylus coqui Thomas, 1966","Eleutherodactylus","coqui",-65.83064,18.342353,"50c9509d-22c7-4a22-a47d-8c48425ef4a7"
"Eleutherodactylus johnstonei Barbour, 1914","Eleutherodactylus","johnstonei",-77.105447,18.412145,"50c9509d-22c7-4a22-a47d-8c48425ef4a7"
"Eleutherodactylus johnstonei Barbour, 1914","Eleutherodactylus","johnstonei",-77.10537,18.411179,"50c9509d-22c7-4a22-a47d-8c48425ef4a7"
"Eleutherodactylus coqui Thomas, 1966","Eleutherodactylus","coqui",-65.938679,17.972655,"50c9509d-22c7-4a22-a47d-8c48425ef4a7"
"Eleutherodactylus antillensis (Reinhardt & Lütken, 1863)","Eleutherodactylus","antillensis",-66.644913,18.210153,"50c9509d-22c7-4a22-a47d-8c48425ef4a7"
"Eleutherodactylus coqui Thomas, 1966","Eleutherodactylus","coqui",-65.796579,18.261142,"50c9509d-22c7-4a22-a47d-8c48425ef4a7"
"Eleutherodactylus antillensis (Reinhardt & Lütken, 1863)","Eleutherodactylus","antillensis",-66.058837,18.409557,"50c9509d-22c7-4a22-a47d-8c48425ef4a7"
"Eleutherodactylus johnstonei Barbour, 1914","Eleutherodactylus","johnstonei",-77.105743,18.410507,"50c9509d-22c7-4a22-a47d-8c48425ef4a7"
"Eleutherodactylus johnstonei Barbour, 1914","Eleutherodactylus","johnstonei",-77.105537,18.412247,"50c9509d-22c7-4a22-a47d-8c48425ef4a7"
"Eleutherodactylus antillensis (Reinhardt & Lütken, 1863)","Eleutherodactylus","antillensis",-65.79675,18.261197,"50c9509d-22c7-4a22-a47d-8c48425ef4a7"
"Eleutherodactylus coqui Thomas, 1966","Eleutherodactylus","coqui",-66.287932,18.305515,"50c9509d-22c7-4a22-a47d-8c48425ef4a7"
"Eleutherodactylus coqui Thomas, 1966","Eleutherodactylus","coqui",-66.934135,18.372747,"50c9509d-22c7-4a22-a47d-8c48425ef4a7"
"Eleutherodactylus coqui Thomas, 1966","Eleutherodactylus","coqui",-65.731494,18.338395,"50c9509d-22c7-4a22-a47d-8c48425ef4a7"
"Eleutherodactylus coqui Thomas, 1966","Eleutherodactylus","coqui",-66.769749,18.144474,"50c9509d-22c7-4a22-a47d-8c48425ef4a7"
"Eleutherodactylus antillensis (Reinhardt & Lütken, 1863)","Eleutherodactylus","antillensis",-67.258833,18.345909,"50c9509d-22c7-4a22-a47d-8c48425ef4a7"
"Eleutherodactylus johnstonei Barbour, 1914","Eleutherodactylus","johnstonei",-77.10494,18.411781,"50c9509d-22c7-4a22-a47d-8c48425ef4a7"
"Eleutherodactylus coqui Thomas, 1966","Eleutherodactylus","coqui",-65.773139,18.313874,"50c9509d-22c7-4a22-a47d-8c48425ef4a7"
"Eleutherodactylus pentasyringos Schwartz & Fowler, 1973","Eleutherodactylus","pentasyringos",-76.628042,18.021243,"50c9509d-22c7-4a22-a47d-8c48425ef4a7"
"Eleutherodactylus coqui Thomas, 1966","Eleutherodactylus","coqui",-66.590149,18.220833,"50c9509d-22c7-4a22-a47d-8c48425ef4a7"
"Eleutherodactylus johnstonei Barbour, 1914","Eleutherodactylus","johnstonei",-77.105438,18.411017,"50c9509d-22c7-4a22-a47d-8c48425ef4a7"
"Eleutherodactylus johnstonei Barbour, 1914","Eleutherodactylus","johnstonei",-77.105522,18.410952,"50c9509d-22c7-4a22-a47d-8c48425ef4a7"
"Eleutherodactylus johnstonei Barbour, 1914","Eleutherodactylus","johnstonei",-77.105522,18.411026,"50c9509d-22c7-4a22-a47d-8c48425ef4a7"
"Eleutherodactylus coqui Thomas, 1966","Eleutherodactylus","coqui",-65.796997,18.261204,"50c9509d-22c7-4a22-a47d-8c48425ef4a7"
"Eleutherodactylus antillensis (Reinhardt & Lütken, 1863)","Eleutherodactylus","antillensis",-66.036222,18.447769,"50c9509d-22c7-4a22-a47d-8c48425ef4a7"
"Eleutherodactylus coqui Thomas, 1966","Eleutherodactylus","coqui",-66.163994,18.117471,"50c9509d-22c7-4a22-a47d-8c48425ef4a7"
"Eleutherodactylus johnstonei Barbour, 1914","Eleutherodactylus","johnstonei",-60.90127,14.642985,"50c9509d-22c7-4a22-a47d-8c48425ef4a7"
"Eleutherodactylus coqui Thomas, 1966","Eleutherodactylus","coqui",-65.912915,18.316362,"50c9509d-22c7-4a22-a47d-8c48425ef4a7"
"Eleutherodactylus antillensis (Reinhardt & Lütken, 1863)","Eleutherodactylus","antillensis",-65.969052,18.407272,"50c9509d-22c7-4a22-a47d-8c48425ef4a7"
"Eleutherodactylus coqui Thomas, 1966","Eleutherodactylus","coqui",-66.149424,18.133817,"50c9509d-22c7-4a22-a47d-8c48425ef4a7"
"Eleutherodactylus antillensis (Reinhardt & Lütken, 1863)","Eleutherodactylus","antillensis",-65.968729,18.40746,"50c9509d-22c7-4a22-a47d-8c48425ef4a7"
"Eleutherodactylus coqui Thomas, 1966","Eleutherodactylus","coqui",-66.018689,18.443184,"50c9509d-22c7-4a22-a47d-8c48425ef4a7"
"Eleutherodactylus coqui Thomas, 1966","Eleutherodactylus","coqui",-65.771538,18.312219,"50c9509d-22c7-4a22-a47d-8c48425ef4a7"
"Eleutherodactylus coqui Thomas, 1966","Eleutherodactylus","coqui",-66.130686,18.241472,"50c9509d-22c7-4a22-a47d-8c48425ef4a7"
"Eleutherodactylus johnstonei Barbour, 1914","Eleutherodactylus","johnstonei",-60.901406,14.642981,"50c9509d-22c7-4a22-a47d-8c48425ef4a7"
"Eleutherodactylus johnstonei Barbour, 1914","Eleutherodactylus","johnstonei",-77.06938,18.335913,"50c9509d-22c7-4a22-a47d-8c48425ef4a7"
"Eleutherodactylus wightmanae Schmidt, 1920","Eleutherodactylus","wightmanae",-65.660848,18.376771,"50c9509d-22c7-4a22-a47d-8c48425ef4a7"
"Eleutherodactylus coqui Thomas, 1966","Eleutherodactylus","coqui",-65.796601,18.260841,"50c9509d-22c7-4a22-a47d-8c48425ef4a7"
"Eleutherodactylus coqui Thomas, 1966","Eleutherodactylus","coqui",-66.934238,18.372984,"50c9509d-22c7-4a22-a47d-8c48425ef4a7"
"Eleutherodactylus johnstonei Barbour, 1914","Eleutherodactylus","johnstonei",-60.901255,14.642921,"50c9509d-22c7-4a22-a47d-8c48425ef4a7"
"Eleutherodactylus hedricki Rivero, 1963","Eleutherodactylus","hedricki",-65.848956,18.287877,"50c9509d-22c7-4a22-a47d-8c48425ef4a7"
"Eleutherodactylus coqui Thomas, 1966","Eleutherodactylus","coqui",-66.934257,18.372739,"50c9509d-22c7-4a22-a47d-8c48425ef4a7"
"Eleutherodactylus antillensis (Reinhardt & Lütken, 1863)","Eleutherodactylus","antillensis",-66.934464,18.372978,"50c9509d-22c7-4a22-a47d-8c48425ef4a7"
"Eleutherodactylus alticola Lynn, 1937","Eleutherodactylus","alticola",-76.795958,18.111546,"50c9509d-22c7-4a22-a47d-8c48425ef4a7"
"Eleutherodactylus antillensis (Reinhardt & Lütken, 1863)","Eleutherodactylus","antillensis",-65.770733,18.312652,"50c9509d-22c7-4a22-a47d-8c48425ef4a7"
"Eleutherodactylus coqui Thomas, 1966","Eleutherodactylus","coqui",-66.075697,18.456768,"50c9509d-22c7-4a22-a47d-8c48425ef4a7"
"Eleutherodactylus coqui Thomas, 1966","Eleutherodactylus","coqui",-66.934459,18.372541,"50c9509d-22c7-4a22-a47d-8c48425ef4a7"
"Eleutherodactylus paralius Schwartz, 1976","Eleutherodactylus","paralius",-69.934072,18.52039,"50c9509d-22c7-4a22-a47d-8c48425ef4a7"
"Eleutherodactylus coqui Thomas, 1966","Eleutherodactylus","coqui",-66.934346,18.37279,"50c9509d-22c7-4a22-a47d-8c48425ef4a7"
"Eleutherodactylus coqui Thomas, 1966","Eleutherodactylus","coqui",-65.796989,18.261163,"50c9509d-22c7-4a22-a47d-8c48425ef4a7"
"Eleutherodactylus inoptatus (Barbour, 1914)","Eleutherodactylus","inoptatus",-70.662447,19.255532,"50c9509d-22c7-4a22-a47d-8c48425ef4a7"
"Eleutherodactylus abbotti Cochran, 1923","Eleutherodactylus","abbotti",-70.661849,19.255721,"50c9509d-22c7-4a22-a47d-8c48425ef4a7"
"Eleutherodactylus coqui Thomas, 1966","Eleutherodactylus","coqui",-66.934372,18.372733,"50c9509d-22c7-4a22-a47d-8c48425ef4a7"
"Eleutherodactylus coqui Thomas, 1966","Eleutherodactylus","coqui",-65.796599,18.260875,"50c9509d-22c7-4a22-a47d-8c48425ef4a7"
"Eleutherodactylus montserratae Hedges, 2022","Eleutherodactylus","montserratae",-62.215468,16.763057,"50c9509d-22c7-4a22-a47d-8c48425ef4a7"
"Eleutherodactylus abbotti Cochran, 1923","Eleutherodactylus","abbotti",-70.662449,19.255556,"50c9509d-22c7-4a22-a47d-8c48425ef4a7"
"Eleutherodactylus johnstonei Barbour, 1914","Eleutherodactylus","johnstonei",-60.932289,14.7594,"50c9509d-22c7-4a22-a47d-8c48425ef4a7"
"Eleutherodactylus inoptatus (Barbour, 1914)","Eleutherodactylus","inoptatus",-70.662293,19.255514,"50c9509d-22c7-4a22-a47d-8c48425ef4a7"
"Eleutherodactylus paralius Schwartz, 1976","Eleutherodactylus","paralius",-69.931514,18.553717,"50c9509d-22c7-4a22-a47d-8c48425ef4a7"
"Eleutherodactylus brittoni Schmidt, 1920","Eleutherodactylus","brittoni",-65.797007,18.261226,"50c9509d-22c7-4a22-a47d-8c48425ef4a7"
"Eleutherodactylus weinlandi Barbour, 1914","Eleutherodactylus","weinlandi",-70.662386,19.255545,"50c9509d-22c7-4a22-a47d-8c48425ef4a7"
"Eleutherodactylus johnstonei Barbour, 1914","Eleutherodactylus","johnstonei",-61.00964,14.621413,"50c9509d-22c7-4a22-a47d-8c48425ef4a7"
"Eleutherodactylus johnstonei Barbour, 1914","Eleutherodactylus","johnstonei",-61.065144,14.464342,"50c9509d-22c7-4a22-a47d-8c48425ef4a7"
"Eleutherodactylus audanti Cochran, 1934","Eleutherodactylus","audanti",-72.236725,18.547612,"50c9509d-22c7-4a22-a47d-8c48425ef4a7"
"Eleutherodactylus planirostris (Cope, 1862)","Eleutherodactylus","planirostris",-77.459887,24.996163,"50c9509d-22c7-4a22-a47d-8c48425ef4a7"
"Eleutherodactylus martinicensis (Tschudi, 1838)","Eleutherodactylus","martinicensis",-61.106356,14.708538,"50c9509d-22c7-4a22-a47d-8c48425ef4a7"
"Eleutherodactylus johnstonei Barbour, 1914","Eleutherodactylus","johnstonei",-61.087037,14.527454,"50c9509d-22c7-4a22-a47d-8c48425ef4a7"
"Eleutherodactylus coqui Thomas, 1966","Eleutherodactylus","coqui",-66.820175,18.20683,"50c9509d-22c7-4a22-a47d-8c48425ef4a7"
"Eleutherodactylus coqui Thomas, 1966","Eleutherodactylus","coqui",-66.077944,18.459944,"50c9509d-22c7-4a22-a47d-8c48425ef4a7"
"Eleutherodactylus gundlachi Schmidt, 1920","Eleutherodactylus","gundlachi",-75.728038,20.197576,"50c9509d-22c7-4a22-a47d-8c48425ef4a7"
"Eleutherodactylus alcoae Schwartz, 1971","Eleutherodactylus","alcoae",-71.554666,18.157031,"50c9509d-22c7-4a22-a47d-8c48425ef4a7"
"Eleutherodactylus inoptatus (Barbour, 1914)","Eleutherodactylus","inoptatus",-70.586921,18.99304,"50c9509d-22c7-4a22-a47d-8c48425ef4a7"
"Eleutherodactylus zeus Schwartz, 1958","Eleutherodactylus","zeus",-83.932856,22.522078,"50c9509d-22c7-4a22-a47d-8c48425ef4a7"
"Eleutherodactylus coqui Thomas, 1966","Eleutherodactylus","coqui",-66.058037,18.242402,"50c9509d-22c7-4a22-a47d-8c48425ef4a7"
"Eleutherodactylus coqui Thomas, 1966","Eleutherodactylus","coqui",-67.107694,18.012439,"50c9509d-22c7-4a22-a47d-8c48425ef4a7"
"Eleutherodactylus coqui Thomas, 1966","Eleutherodactylus","coqui",-66.993028,18.17882,"50c9509d-22c7-4a22-a47d-8c48425ef4a7"
"Eleutherodactylus coqui Thomas, 1966","Eleutherodactylus","coqui",-66.927688,17.971825,"50c9509d-22c7-4a22-a47d-8c48425ef4a7"
"Eleutherodactylus johnstonei Barbour, 1914","Eleutherodactylus","johnstonei",-61.049257,13.820967,"50c9509d-22c7-4a22-a47d-8c48425ef4a7"
"Eleutherodactylus planirostris (Cope, 1862)","Eleutherodactylus","planirostris",-82.405263,23.127535,"50c9509d-22c7-4a22-a47d-8c48425ef4a7"
"Eleutherodactylus johnstonei Barbour, 1914","Eleutherodactylus","johnstonei",-60.9946,14.0174,"bcf8d1fc-6bf0-4f57-9076-7d9ae2828ec2"
"Eleutherodactylus planirostris (Cope, 1862)","Eleutherodactylus","planirostris",-83.7066,22.6188,"bcf8d1fc-6bf0-4f57-9076-7d9ae2828ec2"
"Eleutherodactylus antillensis (Reinhardt & Lütken, 1863)","Eleutherodactylus","antillensis",-65.9672,18.4061,"bcf8d1fc-6bf0-4f57-9076-7d9ae2828ec2"
"Eleutherodactylus coqui Thomas, 1966","Eleutherodactylus","coqui",-65.7844,18.2235,"bcf8d1fc-6bf0-4f57-9076-7d9ae2828ec2"
"Eleutherodactylus coqui Thomas, 1966","Eleutherodactylus","coqui",-65.9672,18.4061,"bcf8d1fc-6bf0-4f57-9076-7d9ae2828ec2"
"Eleutherodactylus johnstonei Barbour, 1914","Eleutherodactylus","johnstonei",-60.8879,14.0026,"bcf8d1fc-6bf0-4f57-9076-7d9ae2828ec2"
"Eleutherodactylus brittoni Schmidt, 1920","Eleutherodactylus","brittoni",-65.7856,18.2291,"bcf8d1fc-6bf0-4f57-9076-7d9ae2828ec2"
"Eleutherodactylus cochranae Grant, 1932","Eleutherodactylus","cochranae",-65.7844,18.2235,"bcf8d1fc-6bf0-4f57-9076-7d9ae2828ec2"
"Eleutherodactylus planirostris (Cope, 1862)","Eleutherodactylus","planirostris",-81.376811,19.296903,"50c9509d-22c7-4a22-a47d-8c48425ef4a7"
"Eleutherodactylus inoptatus (Barbour, 1914)","Eleutherodactylus","inoptatus",-71.227528,18.111372,"50c9509d-22c7-4a22-a47d-8c48425ef4a7"
"Eleutherodactylus coqui Thomas, 1966","Eleutherodactylus","coqui",-65.695474,18.344955,"50c9509d-22c7-4a22-a47d-8c48425ef4a7"
"Eleutherodactylus furcyensis Shreve & Williams, 1963","Eleutherodactylus","furcyensis",-72.363725,18.458418,"50c9509d-22c7-4a22-a47d-8c48425ef4a7"
"Eleutherodactylus inoptatus (Barbour, 1914)","Eleutherodactylus","inoptatus",-71.617593,18.113008,"50c9509d-22c7-4a22-a47d-8c48425ef4a7"
"Eleutherodactylus furcyensis Shreve & Williams, 1963","Eleutherodactylus","furcyensis",-72.368644,18.462506,"50c9509d-22c7-4a22-a47d-8c48425ef4a7"
"Eleutherodactylus coqui Thomas, 1966","Eleutherodactylus","coqui",-65.727251,18.281332,"50c9509d-22c7-4a22-a47d-8c48425ef4a7"
"Eleutherodactylus inoptatus (Barbour, 1914)","Eleutherodactylus","inoptatus",-72.300847,18.418822,"50c9509d-22c7-4a22-a47d-8c48425ef4a7"
"Eleutherodactylus inoptatus (Barbour, 1914)","Eleutherodactylus","inoptatus",-72.307463,18.41701,"50c9509d-22c7-4a22-a47d-8c48425ef4a7"
"Eleutherodactylus planirostris (Cope, 1862)","Eleutherodactylus","planirostris",-81.38348,19.351679,"50c9509d-22c7-4a22-a47d-8c48425ef4a7"
"Eleutherodactylus johnstonei Barbour, 1914","Eleutherodactylus","johnstonei",-76.783372,18.01286,"50c9509d-22c7-4a22-a47d-8c48425ef4a7"
"Eleutherodactylus coqui Thomas, 1966","Eleutherodactylus","coqui",-65.793057,18.256376,"50c9509d-22c7-4a22-a47d-8c48425ef4a7"
"Eleutherodactylus coqui Thomas, 1966","Eleutherodactylus","coqui",-65.793011,18.256571,"50c9509d-22c7-4a22-a47d-8c48425ef4a7"
"Eleutherodactylus johnstonei Barbour, 1914","Eleutherodactylus","johnstonei",-76.783447,18.013017,"50c9509d-22c7-4a22-a47d-8c48425ef4a7"
"Eleutherodactylus coqui Thomas, 1966","Eleutherodactylus","coqui",-65.770391,18.312931,"50c9509d-22c7-4a22-a47d-8c48425ef4a7"
"Eleutherodactylus antillensis (Reinhardt & Lütken, 1863)","Eleutherodactylus","antillensis",-66.042397,18.399442,"50c9509d-22c7-4a22-a47d-8c48425ef4a7"
"Eleutherodactylus planirostris (Cope, 1862)","Eleutherodactylus","planirostris",-83.366468,22.647785,"50c9509d-22c7-4a22-a47d-8c48425ef4a7"
"Eleutherodactylus coqui Thomas, 1966","Eleutherodactylus","coqui",-66.187894,18.168023,"50c9509d-22c7-4a22-a47d-8c48425ef4a7"
"Eleutherodactylus rogersi Goin, 1955","Eleutherodactylus","rogersi",-74.46518,24.1183,"50c9509d-22c7-4a22-a47d-8c48425ef4a7"
"Eleutherodactylus inoptatus (Barbour, 1914)","Eleutherodactylus","inoptatus",-69.971071,19.664391,"50c9509d-22c7-4a22-a47d-8c48425ef4a7"
"Eleutherodactylus rogersi Goin, 1955","Eleutherodactylus","rogersi",-75.030961,23.120956,"50c9509d-22c7-4a22-a47d-8c48425ef4a7"
"Eleutherodactylus planirostris (Cope, 1862)","Eleutherodactylus","planirostris",-81.396545,19.36748,"50c9509d-22c7-4a22-a47d-8c48425ef4a7"
"Eleutherodactylus johnstonei Barbour, 1914","Eleutherodactylus","johnstonei",-61.086982,14.527436,"50c9509d-22c7-4a22-a47d-8c48425ef4a7"
"Eleutherodactylus audanti Cochran, 1934","Eleutherodactylus","audanti",-72.385658,18.447072,"50c9509d-22c7-4a22-a47d-8c48425ef4a7"
"Eleutherodactylus antillensis (Reinhardt & Lütken, 1863)","Eleutherodactylus","antillensis",-66.159404,18.114893,"50c9509d-22c7-4a22-a47d-8c48425ef4a7"
"Eleutherodactylus ionthus Schwartz, 1960","Eleutherodactylus","ionthus",-75.691464,20.181082,"50c9509d-22c7-4a22-a47d-8c48425ef4a7"
"Eleutherodactylus martinicensis (Tschudi, 1838)","Eleutherodactylus","martinicensis",-61.072011,14.687522,"50c9509d-22c7-4a22-a47d-8c48425ef4a7"
"Eleutherodactylus johnstonei Barbour, 1914","Eleutherodactylus","johnstonei",-77.060248,18.392824,"50c9509d-22c7-4a22-a47d-8c48425ef4a7"
"Eleutherodactylus coqui Thomas, 1966","Eleutherodactylus","coqui",-66.414507,18.449311,"50c9509d-22c7-4a22-a47d-8c48425ef4a7"
"Eleutherodactylus coqui Thomas, 1966","Eleutherodactylus","coqui",-66.16745,18.3289,"50c9509d-22c7-4a22-a47d-8c48425ef4a7"
"Eleutherodactylus atkinsi Dunn, 1925","Eleutherodactylus","atkinsi",-75.193148,20.195058,"50c9509d-22c7-4a22-a47d-8c48425ef4a7"
"Eleutherodactylus coqui Thomas, 1966","Eleutherodactylus","coqui",-66.13823,18.150727,"50c9509d-22c7-4a22-a47d-8c48425ef4a7"
"Eleutherodactylus gundlachi Schmidt, 1920","Eleutherodactylus","gundlachi",-75.554192,19.996035,"50c9509d-22c7-4a22-a47d-8c48425ef4a7"
"Eleutherodactylus armstrongi Noble & Hassler, 1933","Eleutherodactylus","armstrongi",-72.328302,18.487576,"50c9509d-22c7-4a22-a47d-8c48425ef4a7"
"Eleutherodactylus simulans Díaz & Fong, 2001","Eleutherodactylus","simulans",-74.841249,20.16119,"50c9509d-22c7-4a22-a47d-8c48425ef4a7"
"Eleutherodactylus haitianus Barbour, 1942","Eleutherodactylus","haitianus",-70.474427,18.726726,"50c9509d-22c7-4a22-a47d-8c48425ef4a7"
"Eleutherodactylus antillensis (Reinhardt & Lütken, 1863)","Eleutherodactylus","antillensis",-66.176723,18.395823,"50c9509d-22c7-4a22-a47d-8c48425ef4a7"
"Eleutherodactylus coqui Thomas, 1966","Eleutherodactylus","coqui",-66.012047,18.222137,"50c9509d-22c7-4a22-a47d-8c48425ef4a7"
"Eleutherodactylus coqui Thomas, 1966","Eleutherodactylus","coqui",-65.796662,18.260945,"50c9509d-22c7-4a22-a47d-8c48425ef4a7"
"Eleutherodactylus paralius Schwartz, 1976","Eleutherodactylus","paralius",-69.982163,18.443878,"50c9509d-22c7-4a22-a47d-8c48425ef4a7"
"Eleutherodactylus planirostris (Cope, 1862)","Eleutherodactylus","planirostris",-72.203413,21.784775,"50c9509d-22c7-4a22-a47d-8c48425ef4a7"
"Eleutherodactylus johnstonei Barbour, 1914","Eleutherodactylus","johnstonei",-77.904655,18.509287,"50c9509d-22c7-4a22-a47d-8c48425ef4a7"
"Eleutherodactylus weinlandi Barbour, 1914","Eleutherodactylus","weinlandi",-70.134928,18.46789,"50c9509d-22c7-4a22-a47d-8c48425ef4a7"
"Eleutherodactylus planirostris (Cope, 1862)","Eleutherodactylus","planirostris",-72.203453,21.784962,"50c9509d-22c7-4a22-a47d-8c48425ef4a7"
"Eleutherodactylus pantoni Dunn, 1926","Eleutherodactylus","pantoni",-78.15,18.23333,"4bfac3ea-8763-4f4b-a71a-76a6f5f243d3"
"Eleutherodactylus alticola Lynn, 1937","Eleutherodactylus","alticola",-76.59667,18.04796,"4bfac3ea-8763-4f4b-a71a-76a6f5f243d3"
"Eleutherodactylus albipes Barbour & Shreve, 1937","Eleutherodactylus","albipes",-76.83,19.98,"4bfac3ea-8763-4f4b-a71a-76a6f5f243d3"
"Eleutherodactylus melacara Hedges, Estrada & Thomas, 1992","Eleutherodactylus","melacara",-76.83,19.98,"4bfac3ea-8763-4f4b-a71a-76a6f5f243d3"
"Eleutherodactylus audanti Cochran, 1934","Eleutherodactylus","audanti",-72.2878,18.4111,"4bfac3ea-8763-4f4b-a71a-76a6f5f243d3"
"Eleutherodactylus furcyensis Shreve & Williams, 1963","Eleutherodactylus","furcyensis",-72.2878,18.4111,"4bfac3ea-8763-4f4b-a71a-76a6f5f243d3"
"Eleutherodactylus abbotti Cochran, 1923","Eleutherodactylus","abbotti",-70.66667,19,"4bfac3ea-8763-4f4b-a71a-76a6f5f243d3"
"Eleutherodactylus audanti Cochran, 1934","Eleutherodactylus","audanti",-71.98333,18.36667,"4bfac3ea-8763-4f4b-a71a-76a6f5f243d3"
"Eleutherodactylus pantoni Dunn, 1926","Eleutherodactylus","pantoni",-77.84928,18.29082,"4bfac3ea-8763-4f4b-a71a-76a6f5f243d3"
"Eleutherodactylus inoptatus (Barbour, 1914)","Eleutherodactylus","inoptatus",-71.8444,18.2347,"4bfac3ea-8763-4f4b-a71a-76a6f5f243d3"
"Eleutherodactylus thomasi Schwartz, 1959","Eleutherodactylus","thomasi",-77.8867,21.6408,"4bfac3ea-8763-4f4b-a71a-76a6f5f243d3"
"Eleutherodactylus heminota Shreve & Williams, 1963","Eleutherodactylus","heminota",-72.2878,18.4111,"4bfac3ea-8763-4f4b-a71a-76a6f5f243d3"
"Eleutherodactylus pentasyringos Schwartz & Fowler, 1973","Eleutherodactylus","pantoni",-76.32678,18.07138,"4bfac3ea-8763-4f4b-a71a-76a6f5f243d3"
"Eleutherodactylus glaucoreius Schwartz & Fowler, 1973","Eleutherodactylus","cundalli",-76.44641,17.9708,"4bfac3ea-8763-4f4b-a71a-76a6f5f243d3"
"Eleutherodactylus johnstonei Barbour, 1914","Eleutherodactylus","johnstonei",-61.74949,12.05389,"4bfac3ea-8763-4f4b-a71a-76a6f5f243d3"
"Eleutherodactylus klinikowskii Schwartz, 1959","Eleutherodactylus","klinikowskii",-83.9708,22.4106,"4bfac3ea-8763-4f4b-a71a-76a6f5f243d3"
"Eleutherodactylus martinicensis (Tschudi, 1838)","Eleutherodactylus","martinicensis",-61.13543,14.77271,"4bfac3ea-8763-4f4b-a71a-76a6f5f243d3"
"Eleutherodactylus glandulifer Cochran, 1935","Eleutherodactylus","glandulifer",-73.8772,18.3867,"4bfac3ea-8763-4f4b-a71a-76a6f5f243d3"
"Eleutherodactylus portoricensis Schmidt, 1927","Eleutherodactylus","portoricensis",-67.07907,18.16246,"4bfac3ea-8763-4f4b-a71a-76a6f5f243d3"
"Eleutherodactylus planirostris (Cope, 1862)","Eleutherodactylus","planirostris",-82.41944,23.1225,"4bfac3ea-8763-4f4b-a71a-76a6f5f243d3"
"Eleutherodactylus grabhami Dunn, 1926","Eleutherodactylus","grabhami",-77.50714,18.04168,"4bfac3ea-8763-4f4b-a71a-76a6f5f243d3"
"Eleutherodactylus cochranae Grant, 1932","Eleutherodactylus","cochranae",-66.59397,18.44704,"4bfac3ea-8763-4f4b-a71a-76a6f5f243d3"
"Eleutherodactylus cooki Grant, 1932","Eleutherodactylus","cooki",-65.93757,18.04074,"4bfac3ea-8763-4f4b-a71a-76a6f5f243d3"
"Eleutherodactylus inoptatus (Barbour, 1914)","Eleutherodactylus","inoptatus",-73.35,18.31667,"4bfac3ea-8763-4f4b-a71a-76a6f5f243d3"
"Eleutherodactylus pantoni Dunn, 1926","Eleutherodactylus","pantoni",-76.66667,18.06667,"4bfac3ea-8763-4f4b-a71a-76a6f5f243d3"
"Eleutherodactylus eileenae Dunn, 1926","Eleutherodactylus","eileenae",-74.6833,20.15,"4bfac3ea-8763-4f4b-a71a-76a6f5f243d3"
"Eleutherodactylus martinicensis (Tschudi, 1838)","Eleutherodactylus","martinicensis",-61.33333,15.5,"4bfac3ea-8763-4f4b-a71a-76a6f5f243d3"
"Eleutherodactylus wetmorei Cochran, 1932","Eleutherodactylus","wetmorei",-71.76667,18.15,"4bfac3ea-8763-4f4b-a71a-76a6f5f243d3"
"Eleutherodactylus wetmorei Cochran, 1932","Eleutherodactylus","wetmorei",-71.8444,18.2347,"4bfac3ea-8763-4f4b-a71a-76a6f5f243d3"
"Eleutherodactylus alticola Lynn, 1937","Eleutherodactylus","alticola",-76.57703,18.04468,"4bfac3ea-8763-4f4b-a71a-76a6f5f243d3"
"Eleutherodactylus sommeri Schwartz, 1977","Eleutherodactylus","wetmorei",-71.78317,19.36666,"4bfac3ea-8763-4f4b-a71a-76a6f5f243d3"
"Eleutherodactylus atkinsi Dunn, 1925","Eleutherodactylus","atkinsi",-74.15,20.25,"4bfac3ea-8763-4f4b-a71a-76a6f5f243d3"
"Eleutherodactylus turquinensis Barbour & Shreve, 1937","Eleutherodactylus","turquinensis",-76.83,19.98,"4bfac3ea-8763-4f4b-a71a-76a6f5f243d3"
"Eleutherodactylus johnstonei Barbour, 1914","Eleutherodactylus","johnstonei",-61.78683,17.07388,"4bfac3ea-8763-4f4b-a71a-76a6f5f243d3"
"Eleutherodactylus abbotti Cochran, 1923","Eleutherodactylus","abbotti",-72.2878,18.4111,"4bfac3ea-8763-4f4b-a71a-76a6f5f243d3"
"Eleutherodactylus greyi Dunn, 1926","Eleutherodactylus","greyi",-77.8867,21.6408,"4bfac3ea-8763-4f4b-a71a-76a6f5f243d3"
"Eleutherodactylus pantoni Dunn, 1926","Eleutherodactylus","pantoni",-77.87389,18.35532,"4bfac3ea-8763-4f4b-a71a-76a6f5f243d3"
"Eleutherodactylus pentasyringos Schwartz & Fowler, 1973","Eleutherodactylus","pantoni",-76.32678,18.05684,"4bfac3ea-8763-4f4b-a71a-76a6f5f243d3"
"Eleutherodactylus martinicensis (Tschudi, 1838)","Eleutherodactylus","martinicensis",-63.23811,17.63429,"4bfac3ea-8763-4f4b-a71a-76a6f5f243d3"
"Eleutherodactylus fowleri Schwartz, 1973","Eleutherodactylus","fowleri",-71.7539,18.2447,"4bfac3ea-8763-4f4b-a71a-76a6f5f243d3"
"Eleutherodactylus leoncei Shreve & Williams, 1963","Eleutherodactylus","leoncei",-71.815,18.2772,"4bfac3ea-8763-4f4b-a71a-76a6f5f243d3"
"Eleutherodactylus portoricensis Schmidt, 1927","Eleutherodactylus","portoricensis",-65.71655,18.37245,"4bfac3ea-8763-4f4b-a71a-76a6f5f243d3"
"Eleutherodactylus gossei Dunn, 1926","Eleutherodactylus","gossei",-76.44641,17.9708,"4bfac3ea-8763-4f4b-a71a-76a6f5f243d3"
"Eleutherodactylus montanus Schmidt, 1919","Eleutherodactylus","montanus",-70.68333,18.8,"4bfac3ea-8763-4f4b-a71a-76a6f5f243d3"
"Eleutherodactylus andrewsi Lynn, 1937","Eleutherodactylus","andrewsi",-76.73607,18.08252,"4bfac3ea-8763-4f4b-a71a-76a6f5f243d3"
"Eleutherodactylus orcutti Dunn, 1928","Eleutherodactylus","orcutti",-76.66667,18.06667,"4bfac3ea-8763-4f4b-a71a-76a6f5f243d3"
"Eleutherodactylus coqui Thomas, 1966","Eleutherodactylus","coqui",-65.82572,18.28795,"4bfac3ea-8763-4f4b-a71a-76a6f5f243d3"
"Eleutherodactylus leoncei Shreve & Williams, 1963","Eleutherodactylus","leoncei",-71.9333,18.3167,"4bfac3ea-8763-4f4b-a71a-76a6f5f243d3"
"Eleutherodactylus leoncei Shreve & Williams, 1963","Eleutherodactylus","leoncei",-71.7925,18.3294,"4bfac3ea-8763-4f4b-a71a-76a6f5f243d3"
"Eleutherodactylus haitianus Barbour, 1942","Eleutherodactylus","haitianus",-70.9586,19.0442,"4bfac3ea-8763-4f4b-a71a-76a6f5f243d3"
"Eleutherodactylus audanti Cochran, 1934","Eleutherodactylus","audanti",-71.7925,18.3294,"4bfac3ea-8763-4f4b-a71a-76a6f5f243d3"
"Eleutherodactylus jugans Cochran, 1937","Eleutherodactylus","jugans",-72.2833,18.35,"4bfac3ea-8763-4f4b-a71a-76a6f5f243d3"
"Eleutherodactylus darlingtoni Cochran, 1935","Eleutherodactylus","darlingtoni",-72.3068,18.6687,"4bfac3ea-8763-4f4b-a71a-76a6f5f243d3"
"Eleutherodactylus johnstonei Barbour, 1914","Eleutherodactylus","johnstonei",-76.75,18.03333,"4bfac3ea-8763-4f4b-a71a-76a6f5f243d3"
"Eleutherodactylus gossei Dunn, 1926","Eleutherodactylus","gossei",-76.79725,18.0111,"4bfac3ea-8763-4f4b-a71a-76a6f5f243d3"
"Eleutherodactylus martinicensis (Tschudi, 1838)","Eleutherodactylus","martinicensis",-61.6439,12.14439,"4bfac3ea-8763-4f4b-a71a-76a6f5f243d3"
"Eleutherodactylus glaucoreius Schwartz & Fowler, 1973","Eleutherodactylus","cundalli",-76.32678,18.0612,"4bfac3ea-8763-4f4b-a71a-76a6f5f243d3"
"Eleutherodactylus armstrongi Noble & Hassler, 1933","Eleutherodactylus","armstrongi",-71.1683,18.135,"4bfac3ea-8763-4f4b-a71a-76a6f5f243d3"
"Eleutherodactylus cochranae Grant, 1932","Eleutherodactylus","cochranae",-61.84648,17.1283,"4bfac3ea-8763-4f4b-a71a-76a6f5f243d3"
"Eleutherodactylus wetmorei Cochran, 1932","Eleutherodactylus","wetmorei",-73.9667,18.2833,"4bfac3ea-8763-4f4b-a71a-76a6f5f243d3"
"Eleutherodactylus portoricensis Schmidt, 1927","Eleutherodactylus","portoricensis",-65.88963,18.28841,"4bfac3ea-8763-4f4b-a71a-76a6f5f243d3"
"Eleutherodactylus varians (Gundlach & Peters, 1864)","Eleutherodactylus","varians",-83.9708,22.4106,"4bfac3ea-8763-4f4b-a71a-76a6f5f243d3"
"Eleutherodactylus guantanamera Hedges, Estrada & Thomas, 1992","Eleutherodactylus","guantanamera",-74.27538,20.1445,"4bfac3ea-8763-4f4b-a71a-76a6f5f243d3"
"Eleutherodactylus atkinsi Dunn, 1925","Eleutherodactylus","atkinsi",-74.27538,20.1445,"4bfac3ea-8763-4f4b-a71a-76a6f5f243d3"
"Eleutherodactylus pantoni Dunn, 1926","Eleutherodactylus","pantoni",-76.71743,18.09898,"4bfac3ea-8763-4f4b-a71a-76a6f5f243d3"
"Eleutherodactylus martinicensis (Tschudi, 1838)","Eleutherodactylus","martinicensis",-61.8,17.05,"4bfac3ea-8763-4f4b-a71a-76a6f5f243d3"
"Eleutherodactylus pantoni Dunn, 1926","Eleutherodactylus","pantoni",-77.45775,18.15549,"4bfac3ea-8763-4f4b-a71a-76a6f5f243d3"
"Eleutherodactylus greyi Dunn, 1926","Eleutherodactylus","greyi",-83.08333,22.88333,"4bfac3ea-8763-4f4b-a71a-76a6f5f243d3"
"Eleutherodactylus gundlachi Schmidt, 1920","Eleutherodactylus","gundlachi",-74.6833,20.15,"4bfac3ea-8763-4f4b-a71a-76a6f5f243d3"
"Eleutherodactylus cundalli Dunn, 1926","Eleutherodactylus","cundalli",-77.45775,18.15549,"4bfac3ea-8763-4f4b-a71a-76a6f5f243d3"
"Eleutherodactylus johnstonei Barbour, 1914","Eleutherodactylus","johnstonei",-61.74633,12.05575,"4bfac3ea-8763-4f4b-a71a-76a6f5f243d3"
"Eleutherodactylus haitianus Barbour, 1942","Eleutherodactylus","haitianus",-70.68333,18.8,"4bfac3ea-8763-4f4b-a71a-76a6f5f243d3"
"Eleutherodactylus gossei Dunn, 1926","Eleutherodactylus","gossei",-76.8,18,"4bfac3ea-8763-4f4b-a71a-76a6f5f243d3"
"Eleutherodactylus eileenae Dunn, 1926","Eleutherodactylus","eileenae",-76.83,19.98,"4bfac3ea-8763-4f4b-a71a-76a6f5f243d3"
"Eleutherodactylus gossei Dunn, 1926","Eleutherodactylus","gossei",-76.48333,18.1,"4bfac3ea-8763-4f4b-a71a-76a6f5f243d3"
"Eleutherodactylus cuneatus (Cope, 1862)","Eleutherodactylus","cuneatus",-80.4667,22.4667,"4bfac3ea-8763-4f4b-a71a-76a6f5f243d3"
"Eleutherodactylus richmondi Stejneger, 1904","Eleutherodactylus","richmondi",-65.79127,18.31051,"4bfac3ea-8763-4f4b-a71a-76a6f5f243d3"
"Eleutherodactylus schwartzi Thomas, 1966","Eleutherodactylus","schwartzi",-64.61983,18.43324,"4bfac3ea-8763-4f4b-a71a-76a6f5f243d3"
"Eleutherodactylus audanti Cochran, 1934","Eleutherodactylus","audanti",-72.4167,18.8833,"4bfac3ea-8763-4f4b-a71a-76a6f5f243d3"
"Eleutherodactylus emiliae Dunn, 1926","Eleutherodactylus","emiliae",-70.68333,18.74579,"4bfac3ea-8763-4f4b-a71a-76a6f5f243d3"
"Eleutherodactylus luteolus (Gosse, 1851)","Eleutherodactylus","luteolus",-78.16608,18.37222,"4bfac3ea-8763-4f4b-a71a-76a6f5f243d3"
"Eleutherodactylus bakeri Cochran, 1935","Eleutherodactylus","bakeri",-72.58333,19.85,"4bfac3ea-8763-4f4b-a71a-76a6f5f243d3"
"Eleutherodactylus armstrongi Noble & Hassler, 1933","Eleutherodactylus","armstrongi",-72.2878,18.4111,"4bfac3ea-8763-4f4b-a71a-76a6f5f243d3"
"Eleutherodactylus haitianus Barbour, 1942","Eleutherodactylus","haitianus",-76.83,19.98,"4bfac3ea-8763-4f4b-a71a-76a6f5f243d3"
"Eleutherodactylus grabhami Dunn, 1926","Eleutherodactylus","grabhami",-77.70338,18.24786,"4bfac3ea-8763-4f4b-a71a-76a6f5f243d3"
"Eleutherodactylus gossei Dunn, 1926","Eleutherodactylus","gossei",-77.64727,18.16976,"4bfac3ea-8763-4f4b-a71a-76a6f5f243d3"
"Eleutherodactylus ricordii (Duméril & Bibron, 1841)","Eleutherodactylus","ricordii",-77.35114,25.04285,"4bfac3ea-8763-4f4b-a71a-76a6f5f243d3"
"Eleutherodactylus portoricensis Schmidt, 1927","Eleutherodactylus","portoricensis",-65.82399,18.33995,"4bfac3ea-8763-4f4b-a71a-76a6f5f243d3"
"Eleutherodactylus armstrongi Noble & Hassler, 1933","Eleutherodactylus","armstrongi",-71.98333,18.36667,"4bfac3ea-8763-4f4b-a71a-76a6f5f243d3"
"Eleutherodactylus brevirostris Shreve, 1936","Eleutherodactylus","brevirostris",-74,18.4667,"4bfac3ea-8763-4f4b-a71a-76a6f5f243d3"
"Eleutherodactylus cundalli Dunn, 1926","Eleutherodactylus","cundalli",-76.66032,18.23069,"4bfac3ea-8763-4f4b-a71a-76a6f5f243d3"
"Eleutherodactylus gossei Dunn, 1926","Eleutherodactylus","gossei",-77.50461,18.03129,"4bfac3ea-8763-4f4b-a71a-76a6f5f243d3"
"Eleutherodactylus cundalli Dunn, 1926","Eleutherodactylus","cundalli",-76.71456,18.07079,"4bfac3ea-8763-4f4b-a71a-76a6f5f243d3"
"Eleutherodactylus karlschmidti Grant, 1931","Eleutherodactylus","karlschmidti",-65.88963,18.28841,"4bfac3ea-8763-4f4b-a71a-76a6f5f243d3"
"Eleutherodactylus cundalli Dunn, 1926","Eleutherodactylus","cundalli",-76.46121,18.17998,"4bfac3ea-8763-4f4b-a71a-76a6f5f243d3"
"Eleutherodactylus varleyi Dunn, 1925","Eleutherodactylus","varleyi",-80.4667,22.4667,"4bfac3ea-8763-4f4b-a71a-76a6f5f243d3"
"Eleutherodactylus ricordii (Duméril & Bibron, 1841)","Eleutherodactylus","ricordii",-80.4667,22.4667,"4bfac3ea-8763-4f4b-a71a-76a6f5f243d3"
"Eleutherodactylus emiliae Dunn, 1926","Eleutherodactylus","emiliae",-80.16667,22.06667,"4bfac3ea-8763-4f4b-a71a-76a6f5f243d3"
"Eleutherodactylus gossei Dunn, 1926","Eleutherodactylus","gossei",-77.5,18.25,"4bfac3ea-8763-4f4b-a71a-76a6f5f243d3"
"Eleutherodactylus johnstonei Barbour, 1914","Eleutherodactylus","johnstonei",-61.63886,12.21755,"4bfac3ea-8763-4f4b-a71a-76a6f5f243d3"
"Eleutherodactylus casparii Dunn, 1926","Eleutherodactylus","planirostris",-77.68333,19.91667,"4bfac3ea-8763-4f4b-a71a-76a6f5f243d3"
"Eleutherodactylus auriculatus (Cope, 1862)","Eleutherodactylus","auriculatus",-80.4667,22.4667,"4bfac3ea-8763-4f4b-a71a-76a6f5f243d3"
"Eleutherodactylus melatrigonum Schwartz, 1966","Eleutherodactylus","audanti",-70.7603,18.9506,"4bfac3ea-8763-4f4b-a71a-76a6f5f243d3"
"Eleutherodactylus paulsoni Schwartz, 1964","Eleutherodactylus","paulsoni",-73.8678,18.3122,"4bfac3ea-8763-4f4b-a71a-76a6f5f243d3"
"Eleutherodactylus patriciae Schwartz, 1965","Eleutherodactylus","patriciae",-70.58726,18.7085,"4bfac3ea-8763-4f4b-a71a-76a6f5f243d3"
"Eleutherodactylus greyi Dunn, 1926","Eleutherodactylus","greyi",-80.16667,22.06667,"4bfac3ea-8763-4f4b-a71a-76a6f5f243d3"
"Eleutherodactylus eileenae Dunn, 1926","Eleutherodactylus","eileenae",-80.16667,22.06667,"4bfac3ea-8763-4f4b-a71a-76a6f5f243d3"
"Eleutherodactylus gossei Dunn, 1926","Eleutherodactylus","gossei",-77.50714,18.04168,"4bfac3ea-8763-4f4b-a71a-76a6f5f243d3"
"Eleutherodactylus abbotti Cochran, 1923","Eleutherodactylus","abbotti",-71.815,18.2772,"4bfac3ea-8763-4f4b-a71a-76a6f5f243d3"
"Eleutherodactylus casparii Dunn, 1926","Eleutherodactylus","planirostris",-80.16667,22.06667,"4bfac3ea-8763-4f4b-a71a-76a6f5f243d3"
"Eleutherodactylus armstrongi Noble & Hassler, 1933","Eleutherodactylus","armstrongi",-71.0994,18.2061,"4bfac3ea-8763-4f4b-a71a-76a6f5f243d3"
"Eleutherodactylus grabhami Dunn, 1926","Eleutherodactylus","grabhami",-77.45775,18.15549,"4bfac3ea-8763-4f4b-a71a-76a6f5f243d3"
"Eleutherodactylus junori Dunn, 1926","Eleutherodactylus","junori",-77.45775,18.15549,"4bfac3ea-8763-4f4b-a71a-76a6f5f243d3"
"Eleutherodactylus greyi Dunn, 1926","Eleutherodactylus","greyi",-77.68333,19.91667,"4bfac3ea-8763-4f4b-a71a-76a6f5f243d3"
"Eleutherodactylus gossei Dunn, 1926","Eleutherodactylus","gossei",-77.45775,18.15549,"4bfac3ea-8763-4f4b-a71a-76a6f5f243d3"
"Eleutherodactylus eileenae Dunn, 1926","Eleutherodactylus","eileenae",-80.1667,22.0667,"4bfac3ea-8763-4f4b-a71a-76a6f5f243d3"
"Eleutherodactylus glaphycompus Schwartz, 1973","Eleutherodactylus","glaphycompus",-73.9667,18.2833,"4bfac3ea-8763-4f4b-a71a-76a6f5f243d3"
"Eleutherodactylus minutus Noble, 1923","Eleutherodactylus","minutus",-70.7497,18.8597,"4bfac3ea-8763-4f4b-a71a-76a6f5f243d3"
"Eleutherodactylus pituinus Schwartz, 1965","Eleutherodactylus","pituinus",-70.8058,18.9236,"4bfac3ea-8763-4f4b-a71a-76a6f5f243d3"
"Eleutherodactylus eileenae Dunn, 1926","Eleutherodactylus","eileenae",-77.68333,19.91667,"4bfac3ea-8763-4f4b-a71a-76a6f5f243d3"
"Eleutherodactylus etheridgei Schwartz, 1958","Eleutherodactylus","etheridgei",-75.1262,19.9268,"4bfac3ea-8763-4f4b-a71a-76a6f5f243d3"
"Eleutherodactylus gundlachi Schmidt, 1920","Eleutherodactylus","gundlachi",-75.15,20.2833,"4bfac3ea-8763-4f4b-a71a-76a6f5f243d3"
"Eleutherodactylus planirostris (Cope, 1862)","Eleutherodactylus","ricordii",-82.516,22.85,"4bfac3ea-8763-4f4b-a71a-76a6f5f243d3"
"Eleutherodactylus inoptatus (Barbour, 1914)","Eleutherodactylus","inoptatus",-72.36667,19.68333,"4bfac3ea-8763-4f4b-a71a-76a6f5f243d3"
"Eleutherodactylus martinicensis (Tschudi, 1838)","Eleutherodactylus","martinicensis",-61.78487,12.00524,"4bfac3ea-8763-4f4b-a71a-76a6f5f243d3"
"Eleutherodactylus cuneatus (Cope, 1862)","Eleutherodactylus","cuneatus",-80.16667,22.06667,"4bfac3ea-8763-4f4b-a71a-76a6f5f243d3"
"Eleutherodactylus apostates Schwartz, 1973","Eleutherodactylus","apostates",-74.1,18.4986,"4bfac3ea-8763-4f4b-a71a-76a6f5f243d3"
"Eleutherodactylus antillensis (Reinhardt & Lütken, 1863)","Eleutherodactylus","antillensis",-64.32862,18.7277,"4bfac3ea-8763-4f4b-a71a-76a6f5f243d3"
"Eleutherodactylus emiliae Dunn, 1926","Eleutherodactylus","emiliae",-70.6,18.7,"4bfac3ea-8763-4f4b-a71a-76a6f5f243d3"
"Eleutherodactylus diplasius Schwartz, 1973","Eleutherodactylus","wetmorei",-74.21667,18.58333,"4bfac3ea-8763-4f4b-a71a-76a6f5f243d3"
"Eleutherodactylus emiliae Dunn, 1926","Eleutherodactylus","emiliae",-73.8681,18.3247,"4bfac3ea-8763-4f4b-a71a-76a6f5f243d3"
"Eleutherodactylus nubicola Dunn, 1926","Eleutherodactylus","nubicola",-77.5,18.25,"4bfac3ea-8763-4f4b-a71a-76a6f5f243d3"
"Eleutherodactylus gossei Dunn, 1926","Eleutherodactylus","gossei",-76.44713,18.17232,"4bfac3ea-8763-4f4b-a71a-76a6f5f243d3"
"Eleutherodactylus gossei Dunn, 1926","Eleutherodactylus","gossei",-76.66667,18.06667,"4bfac3ea-8763-4f4b-a71a-76a6f5f243d3"
"Eleutherodactylus pentasyringos Schwartz & Fowler, 1973","Eleutherodactylus","pantoni",-76.35152,18.00257,"4bfac3ea-8763-4f4b-a71a-76a6f5f243d3"
"Eleutherodactylus planirostris (Cope, 1862)","Eleutherodactylus","ricordii",-76.20735,24.77613,"4bfac3ea-8763-4f4b-a71a-76a6f5f243d3"
"Eleutherodactylus planirostris (Cope, 1862)","Eleutherodactylus","ricordii",-76.29407,25.23308,"4bfac3ea-8763-4f4b-a71a-76a6f5f243d3"
"Eleutherodactylus jamaicensis Barbour, 1910","Eleutherodactylus","jamaicensis",-77.45775,18.15549,"4bfac3ea-8763-4f4b-a71a-76a6f5f243d3"
"Eleutherodactylus jamaicensis Barbour, 1910","Eleutherodactylus","jamaicensis",-76.71743,18.09898,"4bfac3ea-8763-4f4b-a71a-76a6f5f243d3"
"Eleutherodactylus gossei Dunn, 1926","Eleutherodactylus","gossei",-76.46121,18.17998,"4bfac3ea-8763-4f4b-a71a-76a6f5f243d3"
"Eleutherodactylus cundalli Dunn, 1926","Eleutherodactylus","cundalli",-76.34093,18.1285,"4bfac3ea-8763-4f4b-a71a-76a6f5f243d3"
"Eleutherodactylus inoptatus (Barbour, 1914)","Eleutherodactylus","inoptatus",-70.54298,19.0331,"4bfac3ea-8763-4f4b-a71a-76a6f5f243d3"
"Eleutherodactylus weinlandi Barbour, 1914","Eleutherodactylus","weinlandi",-69.5726,19.31024,"4bfac3ea-8763-4f4b-a71a-76a6f5f243d3"
"Eleutherodactylus coqui Thomas, 1966","Eleutherodactylus","coqui",-65.81962,18.32275,"4bfac3ea-8763-4f4b-a71a-76a6f5f243d3"
"Eleutherodactylus riparius Estrada & Hedges, 1998","Eleutherodactylus","riparius",-83.01062,22.79595,"4bfac3ea-8763-4f4b-a71a-76a6f5f243d3"
"Eleutherodactylus emiliae Dunn, 1926","Eleutherodactylus","emiliae",-70.51832,19.0384,"4bfac3ea-8763-4f4b-a71a-76a6f5f243d3"
"Eleutherodactylus emiliae Dunn, 1926","Eleutherodactylus","emiliae",-70.58367,18.65255,"4bfac3ea-8763-4f4b-a71a-76a6f5f243d3"
"Eleutherodactylus furcyensis Shreve & Williams, 1963","Eleutherodactylus","furcyensis",-71.815,18.2772,"4bfac3ea-8763-4f4b-a71a-76a6f5f243d3"
"Eleutherodactylus glaphycompus Schwartz, 1973","Eleutherodactylus","glaphycompus",-74.1,18.51667,"4bfac3ea-8763-4f4b-a71a-76a6f5f243d3"
"Eleutherodactylus montanus Schmidt, 1919","Eleutherodactylus","montanus",-70.52222,18.75194,"4bfac3ea-8763-4f4b-a71a-76a6f5f243d3"
"Eleutherodactylus eunaster Schwartz, 1973","Eleutherodactylus","eunaster",-74.1,18.51667,"4bfac3ea-8763-4f4b-a71a-76a6f5f243d3"
"Eleutherodactylus inoptatus (Barbour, 1914)","Eleutherodactylus","inoptatus",-71.815,18.2772,"4bfac3ea-8763-4f4b-a71a-76a6f5f243d3"
"Eleutherodactylus jugans Cochran, 1937","Eleutherodactylus","jugans",-71.98333,18.36667,"4bfac3ea-8763-4f4b-a71a-76a6f5f243d3"
"Eleutherodactylus inoptatus (Barbour, 1914)","Eleutherodactylus","inoptatus",-71.2392,18.1125,"4bfac3ea-8763-4f4b-a71a-76a6f5f243d3"
"Eleutherodactylus armstrongi Noble & Hassler, 1933","Eleutherodactylus","armstrongi",-71.2433,18.1139,"4bfac3ea-8763-4f4b-a71a-76a6f5f243d3"
"Eleutherodactylus abbotti Cochran, 1923","Eleutherodactylus","abbotti",-71.2392,18.1125,"4bfac3ea-8763-4f4b-a71a-76a6f5f243d3"
"Eleutherodactylus armstrongi Noble & Hassler, 1933","Eleutherodactylus","armstrongi",-71.2481,18.1164,"4bfac3ea-8763-4f4b-a71a-76a6f5f243d3"
"Eleutherodactylus sciagraphus Schwartz, 1973","Eleutherodactylus","sciagraphus",-74.1,18.4986,"4bfac3ea-8763-4f4b-a71a-76a6f5f243d3"
"Eleutherodactylus paralius Schwartz, 1976","Eleutherodactylus","weinlandi",-69.0964,18.4425,"4bfac3ea-8763-4f4b-a71a-76a6f5f243d3"
"Eleutherodactylus paralius Schwartz, 1976","Eleutherodactylus","weinlandi",-69.4897,18.4197,"4bfac3ea-8763-4f4b-a71a-76a6f5f243d3"
"Eleutherodactylus nortoni Schwartz, 1976","Eleutherodactylus","nortoni",-72.46667,19.4,"4bfac3ea-8763-4f4b-a71a-76a6f5f243d3"
"Eleutherodactylus warreni Schwartz, 1976","Eleutherodactylus","warreni",-72.73333,20.01667,"4bfac3ea-8763-4f4b-a71a-76a6f5f243d3"
"Eleutherodactylus portoricensis Schmidt, 1927","Eleutherodactylus","portoricensis",-66.43257,18.25364,"4bfac3ea-8763-4f4b-a71a-76a6f5f243d3"
"Eleutherodactylus karlschmidti Grant, 1931","Eleutherodactylus","karlschmidti",-65.71655,18.37245,"4bfac3ea-8763-4f4b-a71a-76a6f5f243d3"
"Eleutherodactylus auriculatoides Noble, 1923","Eleutherodactylus","auriculatoides",-70.68333,18.8,"4bfac3ea-8763-4f4b-a71a-76a6f5f243d3"
"Eleutherodactylus armstrongi Noble & Hassler, 1933","Eleutherodactylus","armstrongi",-71.19297,17.98859,"4bfac3ea-8763-4f4b-a71a-76a6f5f243d3"
"Eleutherodactylus heminota Shreve & Williams, 1963","Eleutherodactylus","heminota",-72.36667,19.68333,"4bfac3ea-8763-4f4b-a71a-76a6f5f243d3"
"Eleutherodactylus counouspeus Schwartz, 1964","Eleutherodactylus","counouspeus",-72.36667,19.66153,"4bfac3ea-8763-4f4b-a71a-76a6f5f243d3"
"Eleutherodactylus patriciae Schwartz, 1965","Eleutherodactylus","patriciae",-70.68333,18.8,"4bfac3ea-8763-4f4b-a71a-76a6f5f243d3"
"Eleutherodactylus diplasius Schwartz, 1973","Eleutherodactylus","wetmorei",-72.36667,19.68333,"4bfac3ea-8763-4f4b-a71a-76a6f5f243d3"
"Eleutherodactylus pictissimus Cochran, 1935","Eleutherodactylus","pictissimus",-74.21667,18.3,"4bfac3ea-8763-4f4b-a71a-76a6f5f243d3"
"Eleutherodactylus inoptatus (Barbour, 1914)","Eleutherodactylus","inoptatus",-72.36667,19.66153,"4bfac3ea-8763-4f4b-a71a-76a6f5f243d3"
"Eleutherodactylus portoricensis Schmidt, 1927","Eleutherodactylus","portoricensis",-65.79127,18.31051,"4bfac3ea-8763-4f4b-a71a-76a6f5f243d3"
"Eleutherodactylus portoricensis Schmidt, 1927","Eleutherodactylus","portoricensis",-66.10294,18.2569,"4bfac3ea-8763-4f4b-a71a-76a6f5f243d3"
"Eleutherodactylus gossei Dunn, 1926","Eleutherodactylus","gossei",-76.8873,18.26686,"4bfac3ea-8763-4f4b-a71a-76a6f5f243d3"
"Eleutherodactylus gossei Dunn, 1926","Eleutherodactylus","gossei",-76.79591,18.08379,"4bfac3ea-8763-4f4b-a71a-76a6f5f243d3"
"Eleutherodactylus gossei Dunn, 1926","Eleutherodactylus","gossei",-76.75,18.03333,"4bfac3ea-8763-4f4b-a71a-76a6f5f243d3"
"Eleutherodactylus emiliae Dunn, 1926","Eleutherodactylus","emiliae",-70.68333,18.8,"4bfac3ea-8763-4f4b-a71a-76a6f5f243d3"
"Eleutherodactylus audanti Cochran, 1934","Eleutherodactylus","audanti",-73.8778,18.3606,"4bfac3ea-8763-4f4b-a71a-76a6f5f243d3"
"Eleutherodactylus martinicensis (Tschudi, 1838)","Eleutherodactylus","martinicensis",-61.29414,15.3184,"4bfac3ea-8763-4f4b-a71a-76a6f5f243d3"
"Eleutherodactylus inoptatus (Barbour, 1914)","Eleutherodactylus","inoptatus",-73.9667,18.2833,"4bfac3ea-8763-4f4b-a71a-76a6f5f243d3"
"Eleutherodactylus planirostris (Cope, 1862)","Eleutherodactylus","ricordii",-77.35154,25.07385,"4bfac3ea-8763-4f4b-a71a-76a6f5f243d3"
"Eleutherodactylus jasperi Drewry & Jones, 1976","Eleutherodactylus","jasperi",-66.13575,18.0637,"4bfac3ea-8763-4f4b-a71a-76a6f5f243d3"
"Eleutherodactylus jasperi Drewry & Jones, 1976","Eleutherodactylus","jasperi",-66.18017,18.08413,"4bfac3ea-8763-4f4b-a71a-76a6f5f243d3"
"Eleutherodactylus bakeri Cochran, 1935","Eleutherodactylus","bakeri",-74.0269,18.3794,"4bfac3ea-8763-4f4b-a71a-76a6f5f243d3"
"Eleutherodactylus aporostegus Schwartz, 1965","Eleutherodactylus","ruthae",-73.9667,18.2833,"4bfac3ea-8763-4f4b-a71a-76a6f5f243d3"
"Eleutherodactylus fuscus Lynn & Dent, 1943","Eleutherodactylus","fuscus",-78.15,18.23333,"4bfac3ea-8763-4f4b-a71a-76a6f5f243d3"
"Eleutherodactylus wetmorei Cochran, 1932","Eleutherodactylus","wetmorei",-73.11,18.4461,"4bfac3ea-8763-4f4b-a71a-76a6f5f243d3"
"Eleutherodactylus gossei Dunn, 1926","Eleutherodactylus","gossei",-77.94132,18.42759,"4bfac3ea-8763-4f4b-a71a-76a6f5f243d3"
"Eleutherodactylus gossei Dunn, 1926","Eleutherodactylus","gossei",-77.94126,18.42593,"4bfac3ea-8763-4f4b-a71a-76a6f5f243d3"
"Eleutherodactylus emiliae Dunn, 1926","Eleutherodactylus","emiliae",-77.4,18.45,"4bfac3ea-8763-4f4b-a71a-76a6f5f243d3"
"Eleutherodactylus pictissimus Cochran, 1935","Eleutherodactylus","pictissimus",-73.8778,18.3606,"4bfac3ea-8763-4f4b-a71a-76a6f5f243d3"
"Eleutherodactylus inoptatus (Barbour, 1914)","Eleutherodactylus","inoptatus",-73.8778,18.3606,"4bfac3ea-8763-4f4b-a71a-76a6f5f243d3"
"Eleutherodactylus luteolus (Gosse, 1851)","Eleutherodactylus","luteolus",-77.63333,18.38333,"4bfac3ea-8763-4f4b-a71a-76a6f5f243d3"
"Eleutherodactylus abbotti Cochran, 1923","Eleutherodactylus","abbotti",-70.56667,19.01667,"4bfac3ea-8763-4f4b-a71a-76a6f5f243d3"
"Eleutherodactylus fowleri Schwartz, 1973","Eleutherodactylus","fowleri",-71.815,18.2772,"4bfac3ea-8763-4f4b-a71a-76a6f5f243d3"
"Eleutherodactylus abbotti Cochran, 1923","Eleutherodactylus","abbotti",-74.1,18.51667,"4bfac3ea-8763-4f4b-a71a-76a6f5f243d3"
"Eleutherodactylus armstrongi Noble & Hassler, 1933","Eleutherodactylus","armstrongi",-71.2372,18.1119,"4bfac3ea-8763-4f4b-a71a-76a6f5f243d3"
"Eleutherodactylus hypostenor Schwartz, 1965","Eleutherodactylus","hypostenor",-71.2481,18.1164,"4bfac3ea-8763-4f4b-a71a-76a6f5f243d3"
"Eleutherodactylus armstrongi Noble & Hassler, 1933","Eleutherodactylus","armstrongi",-71.2,18.13333,"4bfac3ea-8763-4f4b-a71a-76a6f5f243d3"
"Eleutherodactylus coqui Thomas, 1966","Eleutherodactylus","coqui",-65.71655,18.37245,"4bfac3ea-8763-4f4b-a71a-76a6f5f243d3"
"Eleutherodactylus gryllus Schmidt, 1920","Eleutherodactylus","gryllus",-65.71655,18.37245,"4bfac3ea-8763-4f4b-a71a-76a6f5f243d3"
"Eleutherodactylus locustus Schmidt, 1920","Eleutherodactylus","locustus",-65.71655,18.37245,"4bfac3ea-8763-4f4b-a71a-76a6f5f243d3"
"Eleutherodactylus paulsoni Schwartz, 1964","Eleutherodactylus","paulsoni",-73.9667,18.2833,"4bfac3ea-8763-4f4b-a71a-76a6f5f243d3"
"Eleutherodactylus counouspeus Schwartz, 1964","Eleutherodactylus","counouspeus",-73.9667,18.2833,"4bfac3ea-8763-4f4b-a71a-76a6f5f243d3"
"Eleutherodactylus locustus Schmidt, 1920","Eleutherodactylus","locustus",-65.91817,18.03415,"4bfac3ea-8763-4f4b-a71a-76a6f5f243d3"
"Eleutherodactylus gryllus Schmidt, 1920","Eleutherodactylus","gryllus",-65.91817,18.03415,"4bfac3ea-8763-4f4b-a71a-76a6f5f243d3"
"Eleutherodactylus inoptatus (Barbour, 1914)","Eleutherodactylus","inoptatus",-70.56667,19.01667,"4bfac3ea-8763-4f4b-a71a-76a6f5f243d3"
"Eleutherodactylus minutus Noble, 1923","Eleutherodactylus","minutus",-70.68333,18.8,"4bfac3ea-8763-4f4b-a71a-76a6f5f243d3"
"Eleutherodactylus planirostris (Cope, 1862)","Eleutherodactylus","ricordii",-81.25,19.33333,"4bfac3ea-8763-4f4b-a71a-76a6f5f243d3"
"Eleutherodactylus sisyphodemus Crombie, 1977","Eleutherodactylus","sisyphodemus",-77.76462,18.24785,"4bfac3ea-8763-4f4b-a71a-76a6f5f243d3"
"Eleutherodactylus glaphycompus Schwartz, 1973","Eleutherodactylus","glaphycompus",-72.7306,19.90257,"4bfac3ea-8763-4f4b-a71a-76a6f5f243d3"
"Eleutherodactylus inoptatus (Barbour, 1914)","Eleutherodactylus","inoptatus",-71.305,18.1008,"4bfac3ea-8763-4f4b-a71a-76a6f5f243d3"
"Eleutherodactylus abbotti Cochran, 1923","Eleutherodactylus","abbotti",-71.1656,18.1611,"4bfac3ea-8763-4f4b-a71a-76a6f5f243d3"
"Eleutherodactylus emiliae Dunn, 1926","Eleutherodactylus","emiliae",-71.2372,18.1119,"4bfac3ea-8763-4f4b-a71a-76a6f5f243d3"
"Eleutherodactylus inoptatus (Barbour, 1914)","Eleutherodactylus","inoptatus",-71.1683,18.135,"4bfac3ea-8763-4f4b-a71a-76a6f5f243d3"
"Eleutherodactylus armstrongi Noble & Hassler, 1933","Eleutherodactylus","armstrongi",-71.19297,17.98924,"4bfac3ea-8763-4f4b-a71a-76a6f5f243d3"
"Eleutherodactylus inoptatus (Barbour, 1914)","Eleutherodactylus","inoptatus",-71.2481,18.1164,"4bfac3ea-8763-4f4b-a71a-76a6f5f243d3"
"Eleutherodactylus gossei Dunn, 1926","Eleutherodactylus","gossei",-77.53082,18.0271,"4bfac3ea-8763-4f4b-a71a-76a6f5f243d3"
"Eleutherodactylus gossei Dunn, 1926","Eleutherodactylus","gossei",-76.75839,17.99617,"4bfac3ea-8763-4f4b-a71a-76a6f5f243d3"
"Eleutherodactylus cundalli Dunn, 1926","Eleutherodactylus","cundalli",-78.02596,18.15052,"4bfac3ea-8763-4f4b-a71a-76a6f5f243d3"
"Eleutherodactylus andrewsi Lynn, 1937","Eleutherodactylus","andrewsi",-76.71456,18.07079,"4bfac3ea-8763-4f4b-a71a-76a6f5f243d3"
"Eleutherodactylus pictissimus Cochran, 1935","Eleutherodactylus","pictissimus",-72.41667,19,"4bfac3ea-8763-4f4b-a71a-76a6f5f243d3"
"Eleutherodactylus inoptatus (Barbour, 1914)","Eleutherodactylus","inoptatus",-72.41667,19,"4bfac3ea-8763-4f4b-a71a-76a6f5f243d3"
"Eleutherodactylus inoptatus (Barbour, 1914)","Eleutherodactylus","inoptatus",-73.1,18.28333,"4bfac3ea-8763-4f4b-a71a-76a6f5f243d3"
"Eleutherodactylus auriculatoides Noble, 1923","Eleutherodactylus","auriculatoides",-70.68,18.9464,"4bfac3ea-8763-4f4b-a71a-76a6f5f243d3"
"Eleutherodactylus inoptatus (Barbour, 1914)","Eleutherodactylus","inoptatus",-71.96472,18.50083,"4bfac3ea-8763-4f4b-a71a-76a6f5f243d3"
"Eleutherodactylus auriculatoides Noble, 1923","Eleutherodactylus","auriculatoides",-70.675,18.9342,"4bfac3ea-8763-4f4b-a71a-76a6f5f243d3"
"Eleutherodactylus abbotti Cochran, 1923","Eleutherodactylus","abbotti",-70.7392,18.9064,"4bfac3ea-8763-4f4b-a71a-76a6f5f243d3"
"Eleutherodactylus planirostris (Cope, 1862)","Eleutherodactylus","ricordii",-82.755,21.74222,"4bfac3ea-8763-4f4b-a71a-76a6f5f243d3"
"Eleutherodactylus cuneatus (Cope, 1862)","Eleutherodactylus","cuneatus",-82.755,21.74222,"4bfac3ea-8763-4f4b-a71a-76a6f5f243d3"
"Eleutherodactylus johnstonei Barbour, 1914","Eleutherodactylus","johnstonei",-77.26908,18.1906,"4bfac3ea-8763-4f4b-a71a-76a6f5f243d3"
"Eleutherodactylus paulsoni Schwartz, 1964","Eleutherodactylus","paulsoni",-74.16667,18.63333,"4bfac3ea-8763-4f4b-a71a-76a6f5f243d3"
"Eleutherodactylus inoptatus (Barbour, 1914)","Eleutherodactylus","inoptatus",-74.16667,18.63333,"4bfac3ea-8763-4f4b-a71a-76a6f5f243d3"
"Eleutherodactylus martinicensis (Tschudi, 1838)","Eleutherodactylus","martinicensis",-61.06994,14.53191,"4bfac3ea-8763-4f4b-a71a-76a6f5f243d3"
"Eleutherodactylus martinicensis (Tschudi, 1838)","Eleutherodactylus","martinicensis",-61.1,14.68333,"4bfac3ea-8763-4f4b-a71a-76a6f5f243d3"
"Eleutherodactylus armstrongi Noble & Hassler, 1933","Eleutherodactylus","armstrongi",-74.18333,18.63333,"4bfac3ea-8763-4f4b-a71a-76a6f5f243d3"
"Eleutherodactylus diplasius Schwartz, 1973","Eleutherodactylus","wetmorei",-73.1,18.28333,"4bfac3ea-8763-4f4b-a71a-76a6f5f243d3"
"Eleutherodactylus diplasius Schwartz, 1973","Eleutherodactylus","wetmorei",-74.18333,18.63333,"4bfac3ea-8763-4f4b-a71a-76a6f5f243d3"
"Eleutherodactylus pictissimus Cochran, 1935","Eleutherodactylus","pictissimus",-74.18333,18.63333,"4bfac3ea-8763-4f4b-a71a-76a6f5f243d3"
"Eleutherodactylus inoptatus (Barbour, 1914)","Eleutherodactylus","inoptatus",-74.1169,18.6403,"4bfac3ea-8763-4f4b-a71a-76a6f5f243d3"
"Eleutherodactylus ricordii (Duméril & Bibron, 1841)","Eleutherodactylus","ricordii",-74.18333,18.63333,"4bfac3ea-8763-4f4b-a71a-76a6f5f243d3"
"Eleutherodactylus martinicensis (Tschudi, 1838)","Eleutherodactylus","martinicensis",-61.63852,12.21856,"4bfac3ea-8763-4f4b-a71a-76a6f5f243d3"
"Eleutherodactylus martinicensis (Tschudi, 1838)","Eleutherodactylus","martinicensis",-61.06684,14.65337,"4bfac3ea-8763-4f4b-a71a-76a6f5f243d3"
"Eleutherodactylus pictissimus Cochran, 1935","Eleutherodactylus","pictissimus",-73.1,18.28333,"4bfac3ea-8763-4f4b-a71a-76a6f5f243d3"
"Eleutherodactylus pictissimus Cochran, 1935","Eleutherodactylus","pictissimus",-71.96472,18.50083,"4bfac3ea-8763-4f4b-a71a-76a6f5f243d3"
"Eleutherodactylus planirostris (Cope, 1862)","Eleutherodactylus","ricordii",-78.6429,26.53332,"4bfac3ea-8763-4f4b-a71a-76a6f5f243d3"
"Eleutherodactylus wetmorei Cochran, 1932","Eleutherodactylus","wetmorei",-72.31306,18.49333,"4bfac3ea-8763-4f4b-a71a-76a6f5f243d3"
"Eleutherodactylus atkinsi Dunn, 1925","Eleutherodactylus","atkinsi",-77.8867,21.6408,"4bfac3ea-8763-4f4b-a71a-76a6f5f243d3"
"Eleutherodactylus varleyi Dunn, 1925","Eleutherodactylus","phyzelus",-83.43019,22.3281,"4bfac3ea-8763-4f4b-a71a-76a6f5f243d3"
"Eleutherodactylus emiliae Dunn, 1926","Eleutherodactylus","emiliae",-70.68333,18.86324,"4bfac3ea-8763-4f4b-a71a-76a6f5f243d3"
"Eleutherodactylus emiliae Dunn, 1926","Eleutherodactylus","emiliae",-70.6244,19.4558,"4bfac3ea-8763-4f4b-a71a-76a6f5f243d3"
"Eleutherodactylus emiliae Dunn, 1926","Eleutherodactylus","emiliae",-70.5442,19.5011,"4bfac3ea-8763-4f4b-a71a-76a6f5f243d3"
"Eleutherodactylus planirostris (Cope, 1862)","Eleutherodactylus","ricordii",-76.75839,17.99617,"4bfac3ea-8763-4f4b-a71a-76a6f5f243d3"
"Eleutherodactylus martinicensis (Tschudi, 1838)","Eleutherodactylus","martinicensis",-76.75839,17.99617,"4bfac3ea-8763-4f4b-a71a-76a6f5f243d3"
"Eleutherodactylus gossei Dunn, 1926","Eleutherodactylus","gossei",-76.32678,18.07138,"4bfac3ea-8763-4f4b-a71a-76a6f5f243d3"
"Eleutherodactylus gossei Dunn, 1926","Eleutherodactylus","gossei",-76.76947,18.08451,"4bfac3ea-8763-4f4b-a71a-76a6f5f243d3"
"Eleutherodactylus semipalmatus Shreve, 1936","Eleutherodactylus","semipalmatus",-72.2878,18.4111,"4bfac3ea-8763-4f4b-a71a-76a6f5f243d3"
"Eleutherodactylus gryllus Schmidt, 1920","Eleutherodactylus","gryllus",-66.23683,18.42134,"4bfac3ea-8763-4f4b-a71a-76a6f5f243d3"
"Eleutherodactylus martinicensis (Tschudi, 1838)","Eleutherodactylus","martinicensis",-61.74771,12.05491,"4bfac3ea-8763-4f4b-a71a-76a6f5f243d3"
"Eleutherodactylus inoptatus (Barbour, 1914)","Eleutherodactylus","inoptatus",-71.2372,18.1119,"4bfac3ea-8763-4f4b-a71a-76a6f5f243d3"
"Eleutherodactylus atkinsi Dunn, 1925","Eleutherodactylus","atkinsi",-75.1262,19.9268,"4bfac3ea-8763-4f4b-a71a-76a6f5f243d3"
"Eleutherodactylus oxyrhyncus (Duméril & Bibron, 1841)","Eleutherodactylus","oxyrhynchus",-74.1,18.51667,"4bfac3ea-8763-4f4b-a71a-76a6f5f243d3"
"Eleutherodactylus oxyrhyncus (Duméril & Bibron, 1841)","Eleutherodactylus","femurlevis",-74.1,18.51667,"4bfac3ea-8763-4f4b-a71a-76a6f5f243d3"
"Eleutherodactylus alcoae Schwartz, 1971","Eleutherodactylus","alcoae",-71.6444,17.9633,"4bfac3ea-8763-4f4b-a71a-76a6f5f243d3"
"Eleutherodactylus cuneatus (Cope, 1862)","Eleutherodactylus","cuneatus",-82.516,22.85,"4bfac3ea-8763-4f4b-a71a-76a6f5f243d3"
"Eleutherodactylus atkinsi Dunn, 1925","Eleutherodactylus","atkinsi",-82.516,22.85,"4bfac3ea-8763-4f4b-a71a-76a6f5f243d3"
"Eleutherodactylus pictissimus Cochran, 1935","Eleutherodactylus","pictissimus",-71.8444,18.2347,"4bfac3ea-8763-4f4b-a71a-76a6f5f243d3"
"Eleutherodactylus inoptatus (Barbour, 1914)","Eleutherodactylus","inoptatus",-71.76667,18.15,"4bfac3ea-8763-4f4b-a71a-76a6f5f243d3"
"Eleutherodactylus zeus Schwartz, 1958","Eleutherodactylus","zeus",-83.4,22.3,"4bfac3ea-8763-4f4b-a71a-76a6f5f243d3"
"Eleutherodactylus glaucoreius Schwartz & Fowler, 1973","Eleutherodactylus","cundalli",-76.8,18.23265,"4bfac3ea-8763-4f4b-a71a-76a6f5f243d3"
"Eleutherodactylus audanti Cochran, 1934","Eleutherodactylus","audanti",-71.1311,18.0347,"4bfac3ea-8763-4f4b-a71a-76a6f5f243d3"
"Eleutherodactylus notidodes Schwartz, 1966","Eleutherodactylus","audanti",-71.6878,18.7247,"4bfac3ea-8763-4f4b-a71a-76a6f5f243d3"
"Eleutherodactylus notidodes Schwartz, 1966","Eleutherodactylus","audanti",-71.7667,18.6628,"4bfac3ea-8763-4f4b-a71a-76a6f5f243d3"
"Eleutherodactylus weinlandi Barbour, 1914","Eleutherodactylus","weinlandi",-69.3953,19.195,"4bfac3ea-8763-4f4b-a71a-76a6f5f243d3"
"Eleutherodactylus parabates Schwartz, 1964","Eleutherodactylus","parabates",-71.7667,18.6628,"4bfac3ea-8763-4f4b-a71a-76a6f5f243d3"
"Eleutherodactylus paulsoni Schwartz, 1964","Eleutherodactylus","paulsoni",-73.7964,18.2194,"4bfac3ea-8763-4f4b-a71a-76a6f5f243d3"
"Eleutherodactylus probolaeus Schwartz, 1965","Eleutherodactylus","probolaeus",-68.6589,18.4194,"4bfac3ea-8763-4f4b-a71a-76a6f5f243d3"
"Eleutherodactylus pictissimus Cochran, 1935","Eleutherodactylus","pictissimus",-70.5939,18.4225,"4bfac3ea-8763-4f4b-a71a-76a6f5f243d3"
"Eleutherodactylus pictissimus Cochran, 1935","Eleutherodactylus","pictissimus",-71.8533,18.4922,"4bfac3ea-8763-4f4b-a71a-76a6f5f243d3"
"Eleutherodactylus patriciae Schwartz, 1965","Eleutherodactylus","patriciae",-70.6508,18.7861,"4bfac3ea-8763-4f4b-a71a-76a6f5f243d3"
"Eleutherodactylus patriciae Schwartz, 1965","Eleutherodactylus","patriciae",-70.62296,18.85749,"4bfac3ea-8763-4f4b-a71a-76a6f5f243d3"
"Eleutherodactylus hypostenor Schwartz, 1965","Eleutherodactylus","hypostenor",-71.2639,18.1167,"4bfac3ea-8763-4f4b-a71a-76a6f5f243d3"
"Eleutherodactylus bothroboans Schwartz, 1965","Eleutherodactylus","ruthae",-70.5839,19.1972,"4bfac3ea-8763-4f4b-a71a-76a6f5f243d3"
"Eleutherodactylus tychathrous Schwartz, 1965","Eleutherodactylus","ruthae",-71.3892,18.6892,"4bfac3ea-8763-4f4b-a71a-76a6f5f243d3"
"Eleutherodactylus aporostegus Schwartz, 1965","Eleutherodactylus","ruthae",-73.8681,18.3247,"4bfac3ea-8763-4f4b-a71a-76a6f5f243d3"
"Eleutherodactylus johnstonei Barbour, 1914","Eleutherodactylus","johnstonei",-61.8,17.05,"4bfac3ea-8763-4f4b-a71a-76a6f5f243d3"
"Eleutherodactylus johnstonei Barbour, 1914","Eleutherodactylus","johnstonei",-61.88333,17.03333,"4bfac3ea-8763-4f4b-a71a-76a6f5f243d3"
"Eleutherodactylus auriculatoides Noble, 1923","Eleutherodactylus","auriculatoides",-70.56667,19.01667,"4bfac3ea-8763-4f4b-a71a-76a6f5f243d3"
"Eleutherodactylus thomasi Schwartz, 1959","Eleutherodactylus","thomasi",-80.07224,21.88412,"4bfac3ea-8763-4f4b-a71a-76a6f5f243d3"
"Eleutherodactylus schwartzi Thomas, 1966","Eleutherodactylus","schwartzi",-64.6,18.45,"4bfac3ea-8763-4f4b-a71a-76a6f5f243d3"
"Eleutherodactylus portoricensis Schmidt, 1927","Eleutherodactylus","portoricensis",-67.1428,18.20444,"4bfac3ea-8763-4f4b-a71a-76a6f5f243d3"
"Eleutherodactylus portoricensis Schmidt, 1927","Eleutherodactylus","portoricensis",-66.10572,18.46633,"4bfac3ea-8763-4f4b-a71a-76a6f5f243d3"
"Eleutherodactylus atkinsi Dunn, 1925","Eleutherodactylus","atkinsi",-78.01895,21.28754,"4bfac3ea-8763-4f4b-a71a-76a6f5f243d3"
"Eleutherodactylus atkinsi Dunn, 1925","Eleutherodactylus","atkinsi",-82.41944,23.1225,"4bfac3ea-8763-4f4b-a71a-76a6f5f243d3"
"Eleutherodactylus inoptatus (Barbour, 1914)","Eleutherodactylus","inoptatus",-72.58333,18.91667,"4bfac3ea-8763-4f4b-a71a-76a6f5f243d3"
"Eleutherodactylus poolei Cochran, 1938","Eleutherodactylus","poolei",-72.21,19.6061,"4bfac3ea-8763-4f4b-a71a-76a6f5f243d3"
"Eleutherodactylus pictissimus Cochran, 1935","Eleutherodactylus","pictissimus",-73.9147,18.3428,"4bfac3ea-8763-4f4b-a71a-76a6f5f243d3"
"Eleutherodactylus armstrongi Noble & Hassler, 1933","Eleutherodactylus","armstrongi",-71.2847,18.0894,"4bfac3ea-8763-4f4b-a71a-76a6f5f243d3"
"Eleutherodactylus abbotti Cochran, 1923","Eleutherodactylus","abbotti",-71.8444,18.2347,"4bfac3ea-8763-4f4b-a71a-76a6f5f243d3"
"Eleutherodactylus hedricki Rivero, 1963","Eleutherodactylus","hedricki",-65.79127,18.31051,"4bfac3ea-8763-4f4b-a71a-76a6f5f243d3"
"Eleutherodactylus inoptatus (Barbour, 1914)","Eleutherodactylus","inoptatus",-72.0581,18.235,"4bfac3ea-8763-4f4b-a71a-76a6f5f243d3"
"Eleutherodactylus armstrongi Noble & Hassler, 1933","Eleutherodactylus","armstrongi",-73.23333,18.35,"4bfac3ea-8763-4f4b-a71a-76a6f5f243d3"
"Eleutherodactylus wetmorei Cochran, 1932","Eleutherodactylus","wetmorei",-72.0581,18.235,"4bfac3ea-8763-4f4b-a71a-76a6f5f243d3"
"Eleutherodactylus martinicensis (Tschudi, 1838)","Eleutherodactylus","martinicensis",-76.75,18.03333,"4bfac3ea-8763-4f4b-a71a-76a6f5f243d3"
"Eleutherodactylus eneidae Rivero, 1959","Eleutherodactylus","eneidae",-66.49212,18.12718,"4bfac3ea-8763-4f4b-a71a-76a6f5f243d3"
"Eleutherodactylus martinicensis (Tschudi, 1838)","Eleutherodactylus","martinicensis",-61.83333,17.1,"4bfac3ea-8763-4f4b-a71a-76a6f5f243d3"
"Eleutherodactylus cochranae Grant, 1932","Eleutherodactylus","ramosi",-66.59586,18.44591,"4bfac3ea-8763-4f4b-a71a-76a6f5f243d3"
"Eleutherodactylus martinicensis (Tschudi, 1838)","Eleutherodactylus","martinicensis",-62.21452,16.70658,"4bfac3ea-8763-4f4b-a71a-76a6f5f243d3"
"Eleutherodactylus inoptatus (Barbour, 1914)","Eleutherodactylus","inoptatus",-70.6244,19.4558,"4bfac3ea-8763-4f4b-a71a-76a6f5f243d3"
"Eleutherodactylus wetmorei Cochran, 1932","Eleutherodactylus","wetmorei",-74.21667,18.58333,"4bfac3ea-8763-4f4b-a71a-76a6f5f243d3"
"Eleutherodactylus inoptatus (Barbour, 1914)","Eleutherodactylus","inoptatus",-72.2878,18.4111,"4bfac3ea-8763-4f4b-a71a-76a6f5f243d3"
"Eleutherodactylus varleyi Dunn, 1925","Eleutherodactylus","varleyi",-78.00345,21.38333,"4bfac3ea-8763-4f4b-a71a-76a6f5f243d3"
"Eleutherodactylus varleyi Dunn, 1925","Eleutherodactylus","varleyi",-83.54333,22.66,"4bfac3ea-8763-4f4b-a71a-76a6f5f243d3"
"Eleutherodactylus cuneatus (Cope, 1862)","Eleutherodactylus","cuneatus",-81.83621,22.92944,"4bfac3ea-8763-4f4b-a71a-76a6f5f243d3"
"Eleutherodactylus antillensis (Reinhardt & Lütken, 1863)","Eleutherodactylus","antillensis",-67.1428,18.20444,"4bfac3ea-8763-4f4b-a71a-76a6f5f243d3"
"Eleutherodactylus greyi Dunn, 1926","Eleutherodactylus","greyi",-77.95,21.8,"4bfac3ea-8763-4f4b-a71a-76a6f5f243d3"
"Eleutherodactylus thomasi Schwartz, 1959","Eleutherodactylus","thomasi",-77.95,21.8,"4bfac3ea-8763-4f4b-a71a-76a6f5f243d3"
"Eleutherodactylus unicolor Stejneger, 1904","Eleutherodactylus","unicolor",-65.79127,18.31051,"4bfac3ea-8763-4f4b-a71a-76a6f5f243d3"
"Eleutherodactylus gryllus Schmidt, 1920","Eleutherodactylus","gryllus",-65.79127,18.31051,"4bfac3ea-8763-4f4b-a71a-76a6f5f243d3"
"Eleutherodactylus gryllus Schmidt, 1920","Eleutherodactylus","gryllus",-66.86316,17.97224,"4bfac3ea-8763-4f4b-a71a-76a6f5f243d3"
"Eleutherodactylus brittoni Schmidt, 1920","Eleutherodactylus","brittoni",-67.1428,18.20444,"4bfac3ea-8763-4f4b-a71a-76a6f5f243d3"
"Eleutherodactylus gryllus Schmidt, 1920","Eleutherodactylus","gryllus",-66.56379,18.15696,"4bfac3ea-8763-4f4b-a71a-76a6f5f243d3"
"Eleutherodactylus antillensis (Reinhardt & Lütken, 1863)","Eleutherodactylus","antillensis",-66.59547,18.44745,"4bfac3ea-8763-4f4b-a71a-76a6f5f243d3"
"Eleutherodactylus pentasyringos Schwartz & Fowler, 1973","Eleutherodactylus","pantoni",-76.33467,18.05702,"4bfac3ea-8763-4f4b-a71a-76a6f5f243d3"
"Eleutherodactylus pentasyringos Schwartz & Fowler, 1973","Eleutherodactylus","pantoni",-76.35647,17.98859,"4bfac3ea-8763-4f4b-a71a-76a6f5f243d3"
"Eleutherodactylus pantoni Dunn, 1926","Eleutherodactylus","pantoni",-76.8154,18.0785,"4bfac3ea-8763-4f4b-a71a-76a6f5f243d3"
"Eleutherodactylus pantoni Dunn, 1926","Eleutherodactylus","pantoni",-76.65583,18.09333,"4bfac3ea-8763-4f4b-a71a-76a6f5f243d3"
"Eleutherodactylus limbensis Lynn, 1958","Eleutherodactylus","schmidti",-72.4175,19.6667,"4bfac3ea-8763-4f4b-a71a-76a6f5f243d3"
"Eleutherodactylus parapelates Hedges & Thomas, 1987","Eleutherodactylus","parapelates",-73.9017,18.4331,"4bfac3ea-8763-4f4b-a71a-76a6f5f243d3"
"Eleutherodactylus ruthae Noble, 1923","Eleutherodactylus","ruthae",-69.3319,19.2017,"4bfac3ea-8763-4f4b-a71a-76a6f5f243d3"
"Eleutherodactylus glandulifer Cochran, 1935","Eleutherodactylus","glandulifer",-73.9017,18.4331,"4bfac3ea-8763-4f4b-a71a-76a6f5f243d3"
"Eleutherodactylus portoricensis Schmidt, 1927","Eleutherodactylus","portoricensis",-66.59547,18.44745,"4bfac3ea-8763-4f4b-a71a-76a6f5f243d3"
"Eleutherodactylus eneidae Rivero, 1959","Eleutherodactylus","eneidae",-66.66388,18.32771,"4bfac3ea-8763-4f4b-a71a-76a6f5f243d3"
"Eleutherodactylus audanti Cochran, 1934","Eleutherodactylus","audanti",-71.81667,18.3,"4bfac3ea-8763-4f4b-a71a-76a6f5f243d3"
"Eleutherodactylus inoptatus (Barbour, 1914)","Eleutherodactylus","inoptatus",-74.21667,18.58333,"4bfac3ea-8763-4f4b-a71a-76a6f5f243d3"
"Eleutherodactylus dimidiatus (Cope, 1862)","Eleutherodactylus","dimidiatus",-80.02194,21.91361,"4bfac3ea-8763-4f4b-a71a-76a6f5f243d3"
"Eleutherodactylus heminota Shreve & Williams, 1963","Eleutherodactylus","heminota",-74.21667,18.58333,"4bfac3ea-8763-4f4b-a71a-76a6f5f243d3"
"Eleutherodactylus abbotti Cochran, 1923","Eleutherodactylus","abbotti",-74.21667,18.58333,"4bfac3ea-8763-4f4b-a71a-76a6f5f243d3"
"Eleutherodactylus emiliae Dunn, 1926","Eleutherodactylus","emiliae",-61.76447,17.00875,"4bfac3ea-8763-4f4b-a71a-76a6f5f243d3"
"Eleutherodactylus emiliae Dunn, 1926","Eleutherodactylus","emiliae",-61.76417,17.00873,"4bfac3ea-8763-4f4b-a71a-76a6f5f243d3"
"Eleutherodactylus emiliae Dunn, 1926","Eleutherodactylus","emiliae",-61.74689,12.09165,"4bfac3ea-8763-4f4b-a71a-76a6f5f243d3"
"Eleutherodactylus planirostris (Cope, 1862)","Eleutherodactylus","ricordii",-77.91883,18.47116,"4bfac3ea-8763-4f4b-a71a-76a6f5f243d3"
"Eleutherodactylus planirostris (Cope, 1862)","Eleutherodactylus","ricordii",-76.8873,18.26686,"4bfac3ea-8763-4f4b-a71a-76a6f5f243d3"
"Eleutherodactylus pantoni Dunn, 1926","Eleutherodactylus","pantoni",-78.16608,18.37222,"4bfac3ea-8763-4f4b-a71a-76a6f5f243d3"
"Eleutherodactylus abbotti Cochran, 1923","Eleutherodactylus","abbotti",-70.6,18.7,"4bfac3ea-8763-4f4b-a71a-76a6f5f243d3"
"Eleutherodactylus martinicensis (Tschudi, 1838)","Eleutherodactylus","martinicensis",-61.69689,12.09811,"4bfac3ea-8763-4f4b-a71a-76a6f5f243d3"
"Eleutherodactylus leoncei Shreve & Williams, 1963","Eleutherodactylus","leoncei",-71.81667,18.3,"4bfac3ea-8763-4f4b-a71a-76a6f5f243d3"
"Eleutherodactylus richmondi Stejneger, 1904","Eleutherodactylus","richmondi",-66.98728,18.14915,"4bfac3ea-8763-4f4b-a71a-76a6f5f243d3"
"Eleutherodactylus pictissimus Cochran, 1935","Eleutherodactylus","pictissimus",-72.2878,18.4111,"4bfac3ea-8763-4f4b-a71a-76a6f5f243d3"
"Eleutherodactylus cuneatus (Cope, 1862)","Eleutherodactylus","cuneatus",-81.58222,22.80417,"4bfac3ea-8763-4f4b-a71a-76a6f5f243d3"
"Eleutherodactylus cuneatus (Cope, 1862)","Eleutherodactylus","sierramaestrae",-80.02194,21.91361,"4bfac3ea-8763-4f4b-a71a-76a6f5f243d3"
"Eleutherodactylus cuneatus (Cope, 1862)","Eleutherodactylus","sierramaestrae",-74.82,20.56388,"4bfac3ea-8763-4f4b-a71a-76a6f5f243d3"
"Eleutherodactylus cundalli Dunn, 1926","Eleutherodactylus","cundalli",-77.15,18.4,"4bfac3ea-8763-4f4b-a71a-76a6f5f243d3"
"Eleutherodactylus cundalli Dunn, 1926","Eleutherodactylus","cundalli",-76.66667,18.06667,"4bfac3ea-8763-4f4b-a71a-76a6f5f243d3"
"Eleutherodactylus flavescens Noble, 1923","Eleutherodactylus","flavescens",-70.5442,19.5011,"4bfac3ea-8763-4f4b-a71a-76a6f5f243d3"
"Eleutherodactylus flavescens Noble, 1923","Eleutherodactylus","flavescens",-70.6156,19.5542,"4bfac3ea-8763-4f4b-a71a-76a6f5f243d3"
"Eleutherodactylus thomasi Schwartz, 1959","Eleutherodactylus","thomasi",-77.9089,21.6828,"4bfac3ea-8763-4f4b-a71a-76a6f5f243d3"
"Eleutherodactylus emiliae Dunn, 1926","Eleutherodactylus","emiliae",-80.02194,21.91361,"4bfac3ea-8763-4f4b-a71a-76a6f5f243d3"
"Eleutherodactylus eileenae Dunn, 1926","Eleutherodactylus","eileenae",-80.02194,21.91361,"4bfac3ea-8763-4f4b-a71a-76a6f5f243d3"
"Eleutherodactylus emiliae Dunn, 1926","Eleutherodactylus","emiliae",-71.6656,18.7131,"4bfac3ea-8763-4f4b-a71a-76a6f5f243d3"
"Eleutherodactylus abbotti Cochran, 1923","Eleutherodactylus","abbotti",-71.6656,18.7131,"4bfac3ea-8763-4f4b-a71a-76a6f5f243d3"
"Eleutherodactylus emiliae Dunn, 1926","Eleutherodactylus","emiliae",-69.3881,18.9981,"4bfac3ea-8763-4f4b-a71a-76a6f5f243d3"
"Eleutherodactylus eileenae Dunn, 1926","Eleutherodactylus","eileenae",-77.9089,21.6828,"4bfac3ea-8763-4f4b-a71a-76a6f5f243d3"
"Eleutherodactylus dimidiatus (Cope, 1862)","Eleutherodactylus","dimidiatus",-77.9089,21.6828,"4bfac3ea-8763-4f4b-a71a-76a6f5f243d3"
"Eleutherodactylus cuneatus (Cope, 1862)","Eleutherodactylus","cuneatus",-80.02194,21.91361,"4bfac3ea-8763-4f4b-a71a-76a6f5f243d3"
"Eleutherodactylus atkinsi Dunn, 1925","Eleutherodactylus","atkinsi",-76.75,20.15,"4bfac3ea-8763-4f4b-a71a-76a6f5f243d3"
"Eleutherodactylus portoricensis Schmidt, 1927","Eleutherodactylus","portoricensis",-66.98728,18.14915,"4bfac3ea-8763-4f4b-a71a-76a6f5f243d3"
"Eleutherodactylus inoptatus (Barbour, 1914)","Eleutherodactylus","inoptatus",-74.1,18.51667,"4bfac3ea-8763-4f4b-a71a-76a6f5f243d3"
"Eleutherodactylus wetmorei Cochran, 1932","Eleutherodactylus","wetmorei",-72.3283,18.4906,"4bfac3ea-8763-4f4b-a71a-76a6f5f243d3"
"Eleutherodactylus antillensis (Reinhardt & Lütken, 1863)","Eleutherodactylus","antillensis",-66.06613,18.44828,"4bfac3ea-8763-4f4b-a71a-76a6f5f243d3"
"Eleutherodactylus portoricensis Schmidt, 1927","Eleutherodactylus","portoricensis",-66.06613,18.44828,"4bfac3ea-8763-4f4b-a71a-76a6f5f243d3"
"Eleutherodactylus auriculatus (Cope, 1862)","Eleutherodactylus","auriculatus",-74.5733,20.3525,"4bfac3ea-8763-4f4b-a71a-76a6f5f243d3"
"Eleutherodactylus wetmorei Cochran, 1932","Eleutherodactylus","varians",-73.0867,18.4392,"4bfac3ea-8763-4f4b-a71a-76a6f5f243d3"
"Eleutherodactylus pictissimus Cochran, 1935","Eleutherodactylus","pictissimus",-73.0867,18.4392,"4bfac3ea-8763-4f4b-a71a-76a6f5f243d3"
"Eleutherodactylus pictissimus Cochran, 1935","Eleutherodactylus","pictissimus",-73.35,18.31667,"4bfac3ea-8763-4f4b-a71a-76a6f5f243d3"
"Eleutherodactylus pictissimus Cochran, 1935","Eleutherodactylus","pictissimus",-73.23333,18.35,"4bfac3ea-8763-4f4b-a71a-76a6f5f243d3"
"Eleutherodactylus inoptatus (Barbour, 1914)","Eleutherodactylus","inoptatus",-73.0867,18.4392,"4bfac3ea-8763-4f4b-a71a-76a6f5f243d3"
"Eleutherodactylus nubicola Dunn, 1926","Eleutherodactylus","nubicola",-76.70232,18.0767,"4bfac3ea-8763-4f4b-a71a-76a6f5f243d3"
"Eleutherodactylus nubicola Dunn, 1926","Eleutherodactylus","nubicola",-76.59667,18.04796,"4bfac3ea-8763-4f4b-a71a-76a6f5f243d3"
"Eleutherodactylus nubicola Dunn, 1926","Eleutherodactylus","nubicola",-76.8154,18.0785,"4bfac3ea-8763-4f4b-a71a-76a6f5f243d3"
"Eleutherodactylus cundalli Dunn, 1926","Eleutherodactylus","cundalli",-77.65075,18.26508,"4bfac3ea-8763-4f4b-a71a-76a6f5f243d3"
"Eleutherodactylus audanti Cochran, 1934","Eleutherodactylus","audanti",-72.26667,18.35,"4bfac3ea-8763-4f4b-a71a-76a6f5f243d3"
"Eleutherodactylus martinicensis (Tschudi, 1838)","Eleutherodactylus","martinicensis",-61.47183,15.58664,"4bfac3ea-8763-4f4b-a71a-76a6f5f243d3"
"Eleutherodactylus jamaicensis Barbour, 1910","Eleutherodactylus","jamaicensis",-76.33467,18.05702,"4bfac3ea-8763-4f4b-a71a-76a6f5f243d3"
"Eleutherodactylus grabhami Dunn, 1926","Eleutherodactylus","grabhami",-77.51667,18.11667,"4bfac3ea-8763-4f4b-a71a-76a6f5f243d3"
"Eleutherodactylus gossei Dunn, 1926","Eleutherodactylus","gossei",-77.70109,17.97291,"4bfac3ea-8763-4f4b-a71a-76a6f5f243d3"
"Eleutherodactylus gossei Dunn, 1926","Eleutherodactylus","gossei",-76.70232,18.0767,"4bfac3ea-8763-4f4b-a71a-76a6f5f243d3"
"Eleutherodactylus cundalli Dunn, 1926","Eleutherodactylus","cundalli",-77.5,18.25,"4bfac3ea-8763-4f4b-a71a-76a6f5f243d3"
"Eleutherodactylus cundalli Dunn, 1926","Eleutherodactylus","cundalli",-78.16608,18.37222,"4bfac3ea-8763-4f4b-a71a-76a6f5f243d3"
"Eleutherodactylus dimidiatus (Cope, 1862)","Eleutherodactylus","dimidiatus",-80.3333,22.1333,"4bfac3ea-8763-4f4b-a71a-76a6f5f243d3"
"Eleutherodactylus cundalli Dunn, 1926","Eleutherodactylus","cundalli",-77.50714,18.04168,"4bfac3ea-8763-4f4b-a71a-76a6f5f243d3"
"Eleutherodactylus dimidiatus (Cope, 1862)","Eleutherodactylus","dimidiatus",-75.6333,20.0167,"4bfac3ea-8763-4f4b-a71a-76a6f5f243d3"
"Eleutherodactylus dimidiatus (Cope, 1862)","Eleutherodactylus","dimidiatus",-80.15,21.9667,"4bfac3ea-8763-4f4b-a71a-76a6f5f243d3"
"Eleutherodactylus dimidiatus (Cope, 1862)","Eleutherodactylus","dimidiatus",-76.833,19.983,"4bfac3ea-8763-4f4b-a71a-76a6f5f243d3"
"Eleutherodactylus dimidiatus (Cope, 1862)","Eleutherodactylus","dimidiatus",-80.16667,22.06667,"4bfac3ea-8763-4f4b-a71a-76a6f5f243d3"
"Eleutherodactylus schwartzi Thomas, 1966","Eleutherodactylus","schwartzi",-64.65604,18.40975,"4bfac3ea-8763-4f4b-a71a-76a6f5f243d3"
"Eleutherodactylus coqui Thomas, 1966","Eleutherodactylus","coqui",-66.5708,18.24029,"4bfac3ea-8763-4f4b-a71a-76a6f5f243d3"
"Eleutherodactylus andrewsi Lynn, 1937","Eleutherodactylus","andrewsi",-76.66667,18.06667,"4bfac3ea-8763-4f4b-a71a-76a6f5f243d3"
"Eleutherodactylus andrewsi Lynn, 1937","Eleutherodactylus","andrewsi",-77.5,18.25,"4bfac3ea-8763-4f4b-a71a-76a6f5f243d3"
"Eleutherodactylus alticola Lynn, 1937","Eleutherodactylus","alticola",-77.5,18.25,"4bfac3ea-8763-4f4b-a71a-76a6f5f243d3"
"Eleutherodactylus planirostris (Cope, 1862)","Eleutherodactylus","ricordii",-75.8219,20.0247,"4bfac3ea-8763-4f4b-a71a-76a6f5f243d3"
"Eleutherodactylus portoricensis Schmidt, 1927","Eleutherodactylus","portoricensis",-65.93757,18.04074,"4bfac3ea-8763-4f4b-a71a-76a6f5f243d3"
"Eleutherodactylus melatrigonum Schwartz, 1966","Eleutherodactylus","audanti",-70.56667,19.01667,"4bfac3ea-8763-4f4b-a71a-76a6f5f243d3"
"Eleutherodactylus portoricensis Schmidt, 1927","Eleutherodactylus","portoricensis",-66.11328,18.09069,"4bfac3ea-8763-4f4b-a71a-76a6f5f243d3"
"Eleutherodactylus antillensis (Reinhardt & Lütken, 1863)","Eleutherodactylus","antillensis",-66.9799,18.18079,"4bfac3ea-8763-4f4b-a71a-76a6f5f243d3"
"Eleutherodactylus antillensis (Reinhardt & Lütken, 1863)","Eleutherodactylus","antillensis",-66.11322,18.17774,"4bfac3ea-8763-4f4b-a71a-76a6f5f243d3"
"Eleutherodactylus antillensis (Reinhardt & Lütken, 1863)","Eleutherodactylus","antillensis",-65.88817,18.03004,"4bfac3ea-8763-4f4b-a71a-76a6f5f243d3"
"Eleutherodactylus antillensis (Reinhardt & Lütken, 1863)","Eleutherodactylus","antillensis",-66.26767,18.45884,"4bfac3ea-8763-4f4b-a71a-76a6f5f243d3"
"Eleutherodactylus antillensis (Reinhardt & Lütken, 1863)","Eleutherodactylus","antillensis",-65.9063,18.28735,"4bfac3ea-8763-4f4b-a71a-76a6f5f243d3"
"Eleutherodactylus portoricensis Schmidt, 1927","Eleutherodactylus","portoricensis",-66.31684,18.2829,"4bfac3ea-8763-4f4b-a71a-76a6f5f243d3"
"Eleutherodactylus portoricensis Schmidt, 1927","Eleutherodactylus","portoricensis",-66.9799,18.18079,"4bfac3ea-8763-4f4b-a71a-76a6f5f243d3"
"Eleutherodactylus gryllus Schmidt, 1920","Eleutherodactylus","gryllus",-65.88817,18.03004,"4bfac3ea-8763-4f4b-a71a-76a6f5f243d3"
"Eleutherodactylus portoricensis Schmidt, 1927","Eleutherodactylus","portoricensis",-65.82933,18.27218,"4bfac3ea-8763-4f4b-a71a-76a6f5f243d3"
"Eleutherodactylus portoricensis Schmidt, 1927","Eleutherodactylus","portoricensis",-65.77284,18.2867,"4bfac3ea-8763-4f4b-a71a-76a6f5f243d3"
"Eleutherodactylus auriculatoides Noble, 1923","Eleutherodactylus","montanus",-70.66667,19.13333,"4bfac3ea-8763-4f4b-a71a-76a6f5f243d3"
"Eleutherodactylus antillensis (Reinhardt & Lütken, 1863)","Eleutherodactylus","antillensis",-64.61983,18.43324,"4bfac3ea-8763-4f4b-a71a-76a6f5f243d3"
"Eleutherodactylus auriculatoides Noble, 1923","Eleutherodactylus","montanus",-70.56667,19.01667,"4bfac3ea-8763-4f4b-a71a-76a6f5f243d3"
"Eleutherodactylus wetmorei Cochran, 1932","Eleutherodactylus","wetmorei",-72.40028,18.88972,"4bfac3ea-8763-4f4b-a71a-76a6f5f243d3"
"Eleutherodactylus wetmorei Cochran, 1932","Eleutherodactylus","wetmorei",-72.41667,19,"4bfac3ea-8763-4f4b-a71a-76a6f5f243d3"
"Eleutherodactylus wetmorei Cochran, 1932","Eleutherodactylus","wetmorei",-72.46667,18.33333,"4bfac3ea-8763-4f4b-a71a-76a6f5f243d3"
"Eleutherodactylus pictissimus Cochran, 1935","Eleutherodactylus","pictissimus",-72.6458,18.5186,"4bfac3ea-8763-4f4b-a71a-76a6f5f243d3"
"Eleutherodactylus martinicensis (Tschudi, 1838)","Eleutherodactylus","martinicensis",-61.88333,17.03333,"4bfac3ea-8763-4f4b-a71a-76a6f5f243d3"
"Eleutherodactylus martinicensis (Tschudi, 1838)","Eleutherodactylus","martinicensis",-61.83333,17.01667,"4bfac3ea-8763-4f4b-a71a-76a6f5f243d3"
"Eleutherodactylus martinicensis (Tschudi, 1838)","Eleutherodactylus","martinicensis",-61.81667,17.03333,"4bfac3ea-8763-4f4b-a71a-76a6f5f243d3"
"Eleutherodactylus flavescens Noble, 1923","Eleutherodactylus","flavescens",-68.6136,18.3828,"4bfac3ea-8763-4f4b-a71a-76a6f5f243d3"
"Eleutherodactylus abbotti Cochran, 1923","Eleutherodactylus","abbotti",-70.66667,19.13333,"4bfac3ea-8763-4f4b-a71a-76a6f5f243d3"
"Eleutherodactylus pictissimus Cochran, 1935","Eleutherodactylus","pictissimus",-74.16667,18.63333,"4bfac3ea-8763-4f4b-a71a-76a6f5f243d3"
"Eleutherodactylus emiliae Dunn, 1926","Eleutherodactylus","emiliae",-71.98722,18.65667,"4bfac3ea-8763-4f4b-a71a-76a6f5f243d3"
"Eleutherodactylus diplasius Schwartz, 1973","Eleutherodactylus","wetmorei",-74.2606,18.5578,"4bfac3ea-8763-4f4b-a71a-76a6f5f243d3"
"Eleutherodactylus emiliae Dunn, 1926","Eleutherodactylus","emiliae",-72.6108,18.4294,"4bfac3ea-8763-4f4b-a71a-76a6f5f243d3"
"Eleutherodactylus abbotti Cochran, 1923","Eleutherodactylus","abbotti",-71.98722,18.65667,"4bfac3ea-8763-4f4b-a71a-76a6f5f243d3"
"Eleutherodactylus inoptatus (Barbour, 1914)","Eleutherodactylus","inoptatus",-72.2392,19.5256,"4bfac3ea-8763-4f4b-a71a-76a6f5f243d3"
"Eleutherodactylus cavernicola Lynn, 1954","Eleutherodactylus","cavernicola",-77.17426,17.72933,"4bfac3ea-8763-4f4b-a71a-76a6f5f243d3"
"Eleutherodactylus cuneatus (Cope, 1862)","Eleutherodactylus","cuneatus",-83.97083,22.41056,"4bfac3ea-8763-4f4b-a71a-76a6f5f243d3"
"Eleutherodactylus greyi Dunn, 1926","Eleutherodactylus","greyi",-80.4667,22.4667,"4bfac3ea-8763-4f4b-a71a-76a6f5f243d3"
"Eleutherodactylus atkinsi Dunn, 1925","Eleutherodactylus","atkinsi",-80.4667,22.4667,"4bfac3ea-8763-4f4b-a71a-76a6f5f243d3"
"Eleutherodactylus auriculatus (Cope, 1862)","Eleutherodactylus","auriculatus",-80.16667,22.06667,"4bfac3ea-8763-4f4b-a71a-76a6f5f243d3"
"Eleutherodactylus auriculatus (Cope, 1862)","Eleutherodactylus","auriculatus",-83.97083,22.41056,"4bfac3ea-8763-4f4b-a71a-76a6f5f243d3"
"Eleutherodactylus atkinsi Dunn, 1925","Eleutherodactylus","atkinsi",-74.1667,20.2,"4bfac3ea-8763-4f4b-a71a-76a6f5f243d3"
"Eleutherodactylus antillensis (Reinhardt & Lütken, 1863)","Eleutherodactylus","antillensis",-64.61846,18.42851,"4bfac3ea-8763-4f4b-a71a-76a6f5f243d3"
"Eleutherodactylus patriciae Schwartz, 1965","Eleutherodactylus","patriciae",-70.6,18.7,"4bfac3ea-8763-4f4b-a71a-76a6f5f243d3"
"Eleutherodactylus montanus Schmidt, 1919","Eleutherodactylus","montanus",-70.6,18.7,"4bfac3ea-8763-4f4b-a71a-76a6f5f243d3"
"Eleutherodactylus ricordii (Duméril & Bibron, 1841)","Eleutherodactylus","ricordii",-81.25,19.33333,"4bfac3ea-8763-4f4b-a71a-76a6f5f243d3"
"Eleutherodactylus minutus Noble, 1923","Eleutherodactylus","minutus",-70.9586,19.0442,"4bfac3ea-8763-4f4b-a71a-76a6f5f243d3"
"Eleutherodactylus pantoni Dunn, 1926","Eleutherodactylus","pantoni",-77.50714,18.04168,"4bfac3ea-8763-4f4b-a71a-76a6f5f243d3"
"Eleutherodactylus ricordii (Duméril & Bibron, 1841)","Eleutherodactylus","ricordii",-79.81667,19.71667,"4bfac3ea-8763-4f4b-a71a-76a6f5f243d3"
"Eleutherodactylus ricordii (Duméril & Bibron, 1841)","Eleutherodactylus","ricordii",-78.00117,18.45535,"4bfac3ea-8763-4f4b-a71a-76a6f5f243d3"
"Eleutherodactylus auriculatoides Noble, 1923","Eleutherodactylus","auriculatoides",-70.9586,19.0442,"4bfac3ea-8763-4f4b-a71a-76a6f5f243d3"
"Eleutherodactylus ricordii (Duméril & Bibron, 1841)","Eleutherodactylus","ricordii",-77.91883,18.47116,"4bfac3ea-8763-4f4b-a71a-76a6f5f243d3"
"Eleutherodactylus jamaicensis Barbour, 1910","Eleutherodactylus","jamaicensis",-77.50714,18.04168,"4bfac3ea-8763-4f4b-a71a-76a6f5f243d3"
"Eleutherodactylus varians (Gundlach & Peters, 1864)","Eleutherodactylus","varians",-79.33521,21.98981,"4bfac3ea-8763-4f4b-a71a-76a6f5f243d3"
"Eleutherodactylus pantoni Dunn, 1926","Eleutherodactylus","pantoni",-76.71456,18.07079,"4bfac3ea-8763-4f4b-a71a-76a6f5f243d3"
"Eleutherodactylus cundalli Dunn, 1926","Eleutherodactylus","cundalli",-76.9,18.28333,"4bfac3ea-8763-4f4b-a71a-76a6f5f243d3"
"Eleutherodactylus cundalli Dunn, 1926","Eleutherodactylus","cundalli",-77.56667,17.87002,"4bfac3ea-8763-4f4b-a71a-76a6f5f243d3"
"Eleutherodactylus grabhami Dunn, 1926","Eleutherodactylus","grabhami",-76.65568,18.07073,"4bfac3ea-8763-4f4b-a71a-76a6f5f243d3"
"Eleutherodactylus jamaicensis Barbour, 1910","Eleutherodactylus","jamaicensis",-77.50461,18.03129,"4bfac3ea-8763-4f4b-a71a-76a6f5f243d3"
"Eleutherodactylus schmidti Noble, 1923","Eleutherodactylus","schmidti",-70.81667,19.31667,"4bfac3ea-8763-4f4b-a71a-76a6f5f243d3"
"Eleutherodactylus nubicola Dunn, 1926","Eleutherodactylus","nubicola",-76.71456,18.07079,"4bfac3ea-8763-4f4b-a71a-76a6f5f243d3"
"Eleutherodactylus jamaicensis Barbour, 1910","Eleutherodactylus","jamaicensis",-77.74677,18.12649,"4bfac3ea-8763-4f4b-a71a-76a6f5f243d3"
"Eleutherodactylus grabhami Dunn, 1926","Eleutherodactylus","grabhami",-77.74677,18.12649,"4bfac3ea-8763-4f4b-a71a-76a6f5f243d3"
"Eleutherodactylus eileenae Dunn, 1926","Eleutherodactylus","eileenae",-84.08,22.2,"4bfac3ea-8763-4f4b-a71a-76a6f5f243d3"
"Eleutherodactylus martinicensis (Tschudi, 1838)","Eleutherodactylus","martinicensis",-76.8,18,"4bfac3ea-8763-4f4b-a71a-76a6f5f243d3"
"Eleutherodactylus lentus (Cope, 1862)","Eleutherodactylus","lentus",-64.88185,17.7121,"4bfac3ea-8763-4f4b-a71a-76a6f5f243d3"
"Eleutherodactylus cuneatus (Cope, 1862)","Eleutherodactylus","cuneatus",-84.08,22.2,"4bfac3ea-8763-4f4b-a71a-76a6f5f243d3"
"Eleutherodactylus lentus (Cope, 1862)","Eleutherodactylus","lentus",-64.70574,17.74338,"4bfac3ea-8763-4f4b-a71a-76a6f5f243d3"
"Eleutherodactylus gossei Dunn, 1926","Eleutherodactylus","gossei",-78.00117,18.45535,"4bfac3ea-8763-4f4b-a71a-76a6f5f243d3"
"Eleutherodactylus gossei Dunn, 1926","Eleutherodactylus","gossei",-77.09583,18.21752,"4bfac3ea-8763-4f4b-a71a-76a6f5f243d3"
"Eleutherodactylus varians (Gundlach & Peters, 1864)","Eleutherodactylus","varians",-83.97083,22.41056,"4bfac3ea-8763-4f4b-a71a-76a6f5f243d3"
"Eleutherodactylus limbatus (Cope, 1862)","Eleutherodactylus","limbatus",-82.5,22.88,"4bfac3ea-8763-4f4b-a71a-76a6f5f243d3"
"Eleutherodactylus ricordii (Duméril & Bibron, 1841)","Eleutherodactylus","ricordii",-82.5,22.88,"4bfac3ea-8763-4f4b-a71a-76a6f5f243d3"
"Eleutherodactylus gossei Dunn, 1926","Eleutherodactylus","gossei",-77.086,18.176,"4bfac3ea-8763-4f4b-a71a-76a6f5f243d3"
"Eleutherodactylus gossei Dunn, 1926","Eleutherodactylus","gossei",-77.006,18.102,"4bfac3ea-8763-4f4b-a71a-76a6f5f243d3"
"Eleutherodactylus gossei Dunn, 1926","Eleutherodactylus","gossei",-76.79373,18.0944,"4bfac3ea-8763-4f4b-a71a-76a6f5f243d3"
"Eleutherodactylus inoptatus (Barbour, 1914)","Eleutherodactylus","inoptatus",-70.66667,19,"4bfac3ea-8763-4f4b-a71a-76a6f5f243d3"
"Eleutherodactylus flavescens Noble, 1923","Eleutherodactylus","flavescens",-70.66667,19,"4bfac3ea-8763-4f4b-a71a-76a6f5f243d3"
"Eleutherodactylus dimidiatus (Cope, 1862)","Eleutherodactylus","dimidiatus",-75.9667,20.5167,"4bfac3ea-8763-4f4b-a71a-76a6f5f243d3"
"Eleutherodactylus weinlandi Barbour, 1914","Eleutherodactylus","weinlandi",-70.6989,19.7947,"4bfac3ea-8763-4f4b-a71a-76a6f5f243d3"
"Eleutherodactylus weinlandi Barbour, 1914","Eleutherodactylus","weinlandi",-70.1361,19.3567,"4bfac3ea-8763-4f4b-a71a-76a6f5f243d3"
"Eleutherodactylus cuneatus (Cope, 1862)","Eleutherodactylus","cuneatus",-75.3631,20.3353,"4bfac3ea-8763-4f4b-a71a-76a6f5f243d3"
"Eleutherodactylus jamaicensis Barbour, 1910","Eleutherodactylus","jamaicensis",-78.06083,18.32364,"4bfac3ea-8763-4f4b-a71a-76a6f5f243d3"
"Eleutherodactylus jamaicensis Barbour, 1910","Eleutherodactylus","jamaicensis",-76.71456,18.07079,"4bfac3ea-8763-4f4b-a71a-76a6f5f243d3"
"Eleutherodactylus inoptatus (Barbour, 1914)","Eleutherodactylus","inoptatus",-70.6989,19.7947,"4bfac3ea-8763-4f4b-a71a-76a6f5f243d3"
"Eleutherodactylus abbotti Cochran, 1923","Eleutherodactylus","abbotti",-70.7497,18.8597,"4bfac3ea-8763-4f4b-a71a-76a6f5f243d3"
"Eleutherodactylus auriculatoides Noble, 1923","Eleutherodactylus","auriculatoides",-70.7497,18.8597,"4bfac3ea-8763-4f4b-a71a-76a6f5f243d3"
"Eleutherodactylus cuneatus (Cope, 1862)","Eleutherodactylus","cuneatus",-80.85,22.43333,"4bfac3ea-8763-4f4b-a71a-76a6f5f243d3"
"Eleutherodactylus abbotti Cochran, 1923","Eleutherodactylus","abbotti",-70.9586,19.0442,"4bfac3ea-8763-4f4b-a71a-76a6f5f243d3"
"Eleutherodactylus montanus Schmidt, 1919","Eleutherodactylus","montanus",-70.9586,19.0442,"4bfac3ea-8763-4f4b-a71a-76a6f5f243d3"
"Eleutherodactylus dimidiatus (Cope, 1862)","Eleutherodactylus","dimidiatus",-81.58,23.05,"4bfac3ea-8763-4f4b-a71a-76a6f5f243d3"
"Eleutherodactylus schmidti Noble, 1923","Eleutherodactylus","schmidti",-70.75,19.58333,"4bfac3ea-8763-4f4b-a71a-76a6f5f243d3"
"Eleutherodactylus flavescens Noble, 1923","Eleutherodactylus","flavescens",-70.75,19.58333,"4bfac3ea-8763-4f4b-a71a-76a6f5f243d3"
"Eleutherodactylus abbotti Cochran, 1923","Eleutherodactylus","abbotti",-70.75,19.58333,"4bfac3ea-8763-4f4b-a71a-76a6f5f243d3"
"Eleutherodactylus wightmanae Schmidt, 1920","Eleutherodactylus","wightmanae",-65.79127,18.31051,"4bfac3ea-8763-4f4b-a71a-76a6f5f243d3"
"Eleutherodactylus wightmanae Schmidt, 1920","Eleutherodactylus","wightmanae",-65.82933,18.27218,"4bfac3ea-8763-4f4b-a71a-76a6f5f243d3"
"Eleutherodactylus wightmanae Schmidt, 1920","Eleutherodactylus","wightmanae",-65.71655,18.37245,"4bfac3ea-8763-4f4b-a71a-76a6f5f243d3"
"Eleutherodactylus richmondi Stejneger, 1904","Eleutherodactylus","richmondi",-65.87933,18.05052,"4bfac3ea-8763-4f4b-a71a-76a6f5f243d3"
"Eleutherodactylus richmondi Stejneger, 1904","Eleutherodactylus","richmondi",-65.88817,18.03004,"4bfac3ea-8763-4f4b-a71a-76a6f5f243d3"
"Eleutherodactylus richmondi Stejneger, 1904","Eleutherodactylus","richmondi",-65.88963,18.28841,"4bfac3ea-8763-4f4b-a71a-76a6f5f243d3"
"Eleutherodactylus richmondi Stejneger, 1904","Eleutherodactylus","richmondi",-65.82399,18.33995,"4bfac3ea-8763-4f4b-a71a-76a6f5f243d3"
"Eleutherodactylus antillensis (Reinhardt & Lütken, 1863)","Eleutherodactylus","antillensis",-64.70332,17.74651,"4bfac3ea-8763-4f4b-a71a-76a6f5f243d3"
"Eleutherodactylus brittoni Schmidt, 1920","Eleutherodactylus","brittoni",-65.88993,18.31765,"4bfac3ea-8763-4f4b-a71a-76a6f5f243d3"
"Eleutherodactylus portoricensis Schmidt, 1927","Eleutherodactylus","portoricensis",-66.11322,18.17774,"4bfac3ea-8763-4f4b-a71a-76a6f5f243d3"
"Eleutherodactylus dimidiatus (Cope, 1862)","Eleutherodactylus","dimidiatus",-74.6833,20.15,"4bfac3ea-8763-4f4b-a71a-76a6f5f243d3"
"Eleutherodactylus cuneatus (Cope, 1862)","Eleutherodactylus","brevipalmatus",-74.6833,20.15,"4bfac3ea-8763-4f4b-a71a-76a6f5f243d3"
"Eleutherodactylus guantanamera Hedges, Estrada & Thomas, 1992","Eleutherodactylus","guantanamera",-75.15,20.2833,"4bfac3ea-8763-4f4b-a71a-76a6f5f243d3"
"Eleutherodactylus dimidiatus (Cope, 1862)","Eleutherodactylus","dimidiatus",-75.15,20.2833,"4bfac3ea-8763-4f4b-a71a-76a6f5f243d3"
"Eleutherodactylus guantanamera Hedges, Estrada & Thomas, 1992","Eleutherodactylus","guantanamera",-74.6833,20.15,"4bfac3ea-8763-4f4b-a71a-76a6f5f243d3"
"Eleutherodactylus atkinsi Dunn, 1925","Eleutherodactylus","atkinsi",-74.6833,20.15,"4bfac3ea-8763-4f4b-a71a-76a6f5f243d3"
"Eleutherodactylus eileenae Dunn, 1926","Eleutherodactylus","eileenae",-75.06667,20.61667,"4bfac3ea-8763-4f4b-a71a-76a6f5f243d3"
"Eleutherodactylus weinlandi Barbour, 1914","Eleutherodactylus","weinlandi",-72.2878,18.4111,"4bfac3ea-8763-4f4b-a71a-76a6f5f243d3"
"Eleutherodactylus planirostris (Cope, 1862)","Eleutherodactylus","planirostris",-80.82639,22.67111,"4bfac3ea-8763-4f4b-a71a-76a6f5f243d3"
"Eleutherodactylus casparii Dunn, 1926","Eleutherodactylus","planirostris",-80.82639,22.67111,"4bfac3ea-8763-4f4b-a71a-76a6f5f243d3"
"Eleutherodactylus audanti Cochran, 1934","Eleutherodactylus","audanti",-72.31,18.2311,"4bfac3ea-8763-4f4b-a71a-76a6f5f243d3"
"Eleutherodactylus rogersi Goin, 1955","Eleutherodactylus","planirostris",-74.49403,24.02314,"4bfac3ea-8763-4f4b-a71a-76a6f5f243d3"
"Eleutherodactylus atkinsi Dunn, 1925","Eleutherodactylus","atkinsi",-77.68333,19.91667,"4bfac3ea-8763-4f4b-a71a-76a6f5f243d3"
"Eleutherodactylus varleyi Dunn, 1925","Eleutherodactylus","varleyi",-80.3,22.1667,"4bfac3ea-8763-4f4b-a71a-76a6f5f243d3"
"Eleutherodactylus locustus Schmidt, 1920","Eleutherodactylus","locustus",-65.82925,18.27211,"4bfac3ea-8763-4f4b-a71a-76a6f5f243d3"
"Eleutherodactylus abbotti Cochran, 1923","Eleutherodactylus","abbotti",-70.66667,19.78333,"4bfac3ea-8763-4f4b-a71a-76a6f5f243d3"
"Eleutherodactylus gryllus Schmidt, 1920","Eleutherodactylus","gryllus",-65.82446,18.34023,"4bfac3ea-8763-4f4b-a71a-76a6f5f243d3"
"Eleutherodactylus locustus Schmidt, 1920","Eleutherodactylus","locustus",-65.82446,18.34023,"4bfac3ea-8763-4f4b-a71a-76a6f5f243d3"
"Eleutherodactylus atkinsi Dunn, 1925","Eleutherodactylus","atkinsi",-74.5733,20.3525,"4bfac3ea-8763-4f4b-a71a-76a6f5f243d3"
"Eleutherodactylus cuneatus (Cope, 1862)","Eleutherodactylus","cuneatus",-80,21.9333,"4bfac3ea-8763-4f4b-a71a-76a6f5f243d3"
"Eleutherodactylus atkinsi Dunn, 1925","Eleutherodactylus","atkinsi",-80,21.9333,"4bfac3ea-8763-4f4b-a71a-76a6f5f243d3"
"Eleutherodactylus martinicensis (Tschudi, 1838)","Eleutherodactylus","martinicensis",-61.42166,15.40648,"4bfac3ea-8763-4f4b-a71a-76a6f5f243d3"
"Eleutherodactylus inoptatus (Barbour, 1914)","Eleutherodactylus","inoptatus",-70.5233,19.7619,"4bfac3ea-8763-4f4b-a71a-76a6f5f243d3"
"Eleutherodactylus weinlandi Barbour, 1914","Eleutherodactylus","weinlandi",-70.7,19.76667,"4bfac3ea-8763-4f4b-a71a-76a6f5f243d3"
"Eleutherodactylus ricordii (Duméril & Bibron, 1841)","Eleutherodactylus","ricordii",-80,21.9333,"4bfac3ea-8763-4f4b-a71a-76a6f5f243d3"
"Eleutherodactylus eileenae Dunn, 1926","Eleutherodactylus","eileenae",-80,21.9333,"4bfac3ea-8763-4f4b-a71a-76a6f5f243d3"
"Eleutherodactylus greyi Dunn, 1926","Eleutherodactylus","greyi",-80,21.9333,"4bfac3ea-8763-4f4b-a71a-76a6f5f243d3"
"Eleutherodactylus dimidiatus (Cope, 1862)","Eleutherodactylus","dimidiatus",-80,21.9333,"4bfac3ea-8763-4f4b-a71a-76a6f5f243d3"
"Eleutherodactylus eileenae Dunn, 1926","Eleutherodactylus","eileenae",-75.9469,20.0489,"4bfac3ea-8763-4f4b-a71a-76a6f5f243d3"
"Eleutherodactylus planirostris (Cope, 1862)","Eleutherodactylus","ricordii",-76.38948,17.87883,"4bfac3ea-8763-4f4b-a71a-76a6f5f243d3"
"Eleutherodactylus gossei Dunn, 1926","Eleutherodactylus","gossei",-76.38948,17.87883,"4bfac3ea-8763-4f4b-a71a-76a6f5f243d3"
"Eleutherodactylus gossei Dunn, 1926","Eleutherodactylus","gossei",-76.28265,18.05133,"4bfac3ea-8763-4f4b-a71a-76a6f5f243d3"
"Eleutherodactylus gossei Dunn, 1926","Eleutherodactylus","gossei",-77.11177,18.27556,"4bfac3ea-8763-4f4b-a71a-76a6f5f243d3"
"Eleutherodactylus emiliae Dunn, 1926","Eleutherodactylus","emiliae",-80.15,21.9667,"4bfac3ea-8763-4f4b-a71a-76a6f5f243d3"
"Eleutherodactylus schmidti Noble, 1923","Eleutherodactylus","schmidti",-70.5247,18.9733,"4bfac3ea-8763-4f4b-a71a-76a6f5f243d3"
"Eleutherodactylus coqui Thomas, 1966","Eleutherodactylus","coqui",-66.58145,18.37848,"4bfac3ea-8763-4f4b-a71a-76a6f5f243d3"
"Eleutherodactylus brittoni Schmidt, 1920","Eleutherodactylus","brittoni",-66.58145,18.37848,"4bfac3ea-8763-4f4b-a71a-76a6f5f243d3"
"Eleutherodactylus wightmanae Schmidt, 1920","Eleutherodactylus","wightmanae",-66.58145,18.37848,"4bfac3ea-8763-4f4b-a71a-76a6f5f243d3"
"Eleutherodactylus richmondi Stejneger, 1904","Eleutherodactylus","richmondi",-66.58145,18.37848,"4bfac3ea-8763-4f4b-a71a-76a6f5f243d3"
"Eleutherodactylus abbotti Cochran, 1923","Eleutherodactylus","abbotti",-70.5597,18.9753,"4bfac3ea-8763-4f4b-a71a-76a6f5f243d3"
"Eleutherodactylus rogersi Goin, 1955","Eleutherodactylus","planirostris",-75.08332,23.25578,"4bfac3ea-8763-4f4b-a71a-76a6f5f243d3"
"Eleutherodactylus coqui Thomas, 1966","Eleutherodactylus","coqui",-66.38018,18.44022,"4bfac3ea-8763-4f4b-a71a-76a6f5f243d3"
"Eleutherodactylus karlschmidti Grant, 1931","Eleutherodactylus","karlschmidti",-66.38018,18.44022,"4bfac3ea-8763-4f4b-a71a-76a6f5f243d3"
"Eleutherodactylus eneidae Rivero, 1959","Eleutherodactylus","eneidae",-66.49212,18.25804,"4bfac3ea-8763-4f4b-a71a-76a6f5f243d3"
"Eleutherodactylus antillensis (Reinhardt & Lütken, 1863)","Eleutherodactylus","antillensis",-67.03268,18.3998,"4bfac3ea-8763-4f4b-a71a-76a6f5f243d3"
"Eleutherodactylus portoricensis Schmidt, 1927","Eleutherodactylus","portoricensis",-66.29284,18.19939,"4bfac3ea-8763-4f4b-a71a-76a6f5f243d3"
"Eleutherodactylus eileenae Dunn, 1926","Eleutherodactylus","eileenae",-80.15,21.9667,"4bfac3ea-8763-4f4b-a71a-76a6f5f243d3"
"Eleutherodactylus cundalli Dunn, 1926","Eleutherodactylus","cundalli",-76.34325,18.12932,"4bfac3ea-8763-4f4b-a71a-76a6f5f243d3"
"Eleutherodactylus planirostris (Cope, 1862)","Eleutherodactylus","planirostris",-76.74568,18.01282,"4bfac3ea-8763-4f4b-a71a-76a6f5f243d3"
"Eleutherodactylus cundalli Dunn, 1926","Eleutherodactylus","cundalli",-76.79373,18.0944,"4bfac3ea-8763-4f4b-a71a-76a6f5f243d3"
"Eleutherodactylus andrewsi Lynn, 1937","Eleutherodactylus","andrewsi",-76.34325,18.12932,"4bfac3ea-8763-4f4b-a71a-76a6f5f243d3"
"Eleutherodactylus ricordii (Duméril & Bibron, 1841)","Eleutherodactylus","ricordii",-75.15,20.2833,"4bfac3ea-8763-4f4b-a71a-76a6f5f243d3"
"Eleutherodactylus ricordii (Duméril & Bibron, 1841)","Eleutherodactylus","ricordii",-76.8,20.1333,"4bfac3ea-8763-4f4b-a71a-76a6f5f243d3"
"Eleutherodactylus ricordii (Duméril & Bibron, 1841)","Eleutherodactylus","ricordii",-77.4311,20.1672,"4bfac3ea-8763-4f4b-a71a-76a6f5f243d3"
"Eleutherodactylus dimidiatus (Cope, 1862)","Eleutherodactylus","dimidiatus",-77.4311,20.1672,"4bfac3ea-8763-4f4b-a71a-76a6f5f243d3"
"Eleutherodactylus pinarensis Dunn, 1926","Eleutherodactylus","pinarensis",-83,21.7,"4bfac3ea-8763-4f4b-a71a-76a6f5f243d3"
"Eleutherodactylus cuneatus (Cope, 1862)","Eleutherodactylus","brevipalmatus",-76.8,20.1333,"4bfac3ea-8763-4f4b-a71a-76a6f5f243d3"
"Eleutherodactylus dimidiatus (Cope, 1862)","Eleutherodactylus","dimidiatus",-76.8,20.1333,"4bfac3ea-8763-4f4b-a71a-76a6f5f243d3"
"Eleutherodactylus dimidiatus (Cope, 1862)","Eleutherodactylus","dimidiatus",-77.05,20.36667,"4bfac3ea-8763-4f4b-a71a-76a6f5f243d3"
"Eleutherodactylus cuneatus (Cope, 1862)","Eleutherodactylus","cuneatus",-83,21.7,"4bfac3ea-8763-4f4b-a71a-76a6f5f243d3"
"Eleutherodactylus bresslerae Schwartz, 1960","Eleutherodactylus","bresslerae",-74.1667,20.2,"4bfac3ea-8763-4f4b-a71a-76a6f5f243d3"
"Eleutherodactylus haitianus Barbour, 1942","Eleutherodactylus","haitianus",-76.88,20,"4bfac3ea-8763-4f4b-a71a-76a6f5f243d3"
"Eleutherodactylus dimidiatus (Cope, 1862)","Eleutherodactylus","dimidiatus",-76.88,20,"4bfac3ea-8763-4f4b-a71a-76a6f5f243d3"
"Eleutherodactylus gundlachi Schmidt, 1920","Eleutherodactylus","gundlachi",-76.88,20,"4bfac3ea-8763-4f4b-a71a-76a6f5f243d3"
"Eleutherodactylus cuneatus (Cope, 1862)","Eleutherodactylus","brevipalmatus",-76.88,20,"4bfac3ea-8763-4f4b-a71a-76a6f5f243d3"
"Eleutherodactylus atkinsi Dunn, 1925","Eleutherodactylus","atkinsi",-84.5,21.9667,"4bfac3ea-8763-4f4b-a71a-76a6f5f243d3"
"Eleutherodactylus atkinsi Dunn, 1925","Eleutherodactylus","atkinsi",-76.83,19.98,"4bfac3ea-8763-4f4b-a71a-76a6f5f243d3"
"Eleutherodactylus abbotti Cochran, 1923","Eleutherodactylus","abbotti",-72.1647,19.5756,"4bfac3ea-8763-4f4b-a71a-76a6f5f243d3"
"Eleutherodactylus ricordii (Duméril & Bibron, 1841)","Eleutherodactylus","ricordii",-81.58222,22.80417,"4bfac3ea-8763-4f4b-a71a-76a6f5f243d3"
"Eleutherodactylus varians (Gundlach & Peters, 1864)","Eleutherodactylus","varians",-80.4667,22.4667,"4bfac3ea-8763-4f4b-a71a-76a6f5f243d3"
"Eleutherodactylus casparii Dunn, 1926","Eleutherodactylus","planirostris",-80.1667,22.0667,"4bfac3ea-8763-4f4b-a71a-76a6f5f243d3"
"Eleutherodactylus emiliae Dunn, 1926","Eleutherodactylus","emiliae",-80.1667,22.0667,"4bfac3ea-8763-4f4b-a71a-76a6f5f243d3"
"Eleutherodactylus pinarensis Dunn, 1926","Eleutherodactylus","pinarensis",-83.4,22.3,"4bfac3ea-8763-4f4b-a71a-76a6f5f243d3"
"Eleutherodactylus atkinsi Dunn, 1925","Eleutherodactylus","atkinsi",-80.16667,22.06667,"4bfac3ea-8763-4f4b-a71a-76a6f5f243d3"
"Eleutherodactylus inoptatus (Barbour, 1914)","Eleutherodactylus","inoptatus",-72.4,18.5333,"4bfac3ea-8763-4f4b-a71a-76a6f5f243d3"
"Eleutherodactylus luteolus (Gosse, 1851)","Eleutherodactylus","luteolus",-76.75,18.03333,"4bfac3ea-8763-4f4b-a71a-76a6f5f243d3"
"Eleutherodactylus cochranae Grant, 1932","Eleutherodactylus","cochranae",-64.6,18.45,"4bfac3ea-8763-4f4b-a71a-76a6f5f243d3"
"Eleutherodactylus karlschmidti Grant, 1931","Eleutherodactylus","karlschmidti",-65.79127,18.31051,"4bfac3ea-8763-4f4b-a71a-76a6f5f243d3"
"Eleutherodactylus karlschmidti Grant, 1931","Eleutherodactylus","karlschmidti",-66.14517,18.43134,"4bfac3ea-8763-4f4b-a71a-76a6f5f243d3"
"Eleutherodactylus gryllus Schmidt, 1920","Eleutherodactylus","gryllus",-65.88963,18.28841,"4bfac3ea-8763-4f4b-a71a-76a6f5f243d3"
"Eleutherodactylus gryllus Schmidt, 1920","Eleutherodactylus","gryllus",-65.82399,18.33995,"4bfac3ea-8763-4f4b-a71a-76a6f5f243d3"
"Eleutherodactylus martinicensis (Tschudi, 1838)","Eleutherodactylus","martinicensis",-60.98955,14.00922,"4bfac3ea-8763-4f4b-a71a-76a6f5f243d3"
"Eleutherodactylus portoricensis Schmidt, 1927","Eleutherodactylus","portoricensis",-66.3734,18.03769,"4bfac3ea-8763-4f4b-a71a-76a6f5f243d3"
"Eleutherodactylus portoricensis Schmidt, 1927","Eleutherodactylus","portoricensis",-66.61406,18.01108,"4bfac3ea-8763-4f4b-a71a-76a6f5f243d3"
"Eleutherodactylus planirostris (Cope, 1862)","Eleutherodactylus","ricordii",-78.90332,21.94614,"4bfac3ea-8763-4f4b-a71a-76a6f5f243d3"
"Eleutherodactylus auriculatus (Cope, 1862)","Eleutherodactylus","auriculatus",-65.77016,18.37023,"4bfac3ea-8763-4f4b-a71a-76a6f5f243d3"
"Eleutherodactylus ruthae Noble, 1923","Eleutherodactylus","ruthae",-69.0481,18.9822,"4bfac3ea-8763-4f4b-a71a-76a6f5f243d3"
"Eleutherodactylus poolei Cochran, 1938","Eleutherodactylus","poolei",-72.23333,19.58333,"4bfac3ea-8763-4f4b-a71a-76a6f5f243d3"
"Eleutherodactylus orcutti Dunn, 1928","Eleutherodactylus","orcutti",-77.5,18.25,"4bfac3ea-8763-4f4b-a71a-76a6f5f243d3"
"Eleutherodactylus ventrilineatus (Shreve, 1936)","Eleutherodactylus","ventrilineatus",-74.03333,18.4,"4bfac3ea-8763-4f4b-a71a-76a6f5f243d3"
"Eleutherodactylus luteolus (Gosse, 1851)","Eleutherodactylus","lewisi",-78.15,18.23333,"4bfac3ea-8763-4f4b-a71a-76a6f5f243d3"
"Eleutherodactylus pictissimus Cochran, 1935","Eleutherodactylus","pictissimus",-74,18.46667,"4bfac3ea-8763-4f4b-a71a-76a6f5f243d3"
"Eleutherodactylus oxyrhyncus (Duméril & Bibron, 1841)","Eleutherodactylus","femurlevis",-74.1,18.41667,"4bfac3ea-8763-4f4b-a71a-76a6f5f243d3"
"Eleutherodactylus luteolus (Gosse, 1851)","Eleutherodactylus","luteolus",-78.36064,18.24854,"4bfac3ea-8763-4f4b-a71a-76a6f5f243d3"
"Eleutherodactylus pantoni Dunn, 1926","Eleutherodactylus","pantoni",-77.50461,18.03129,"4bfac3ea-8763-4f4b-a71a-76a6f5f243d3"
"Eleutherodactylus rufifemoralis Noble & Hassler, 1933","Eleutherodactylus","rufifemoralis",-74,18.4667,"4bfac3ea-8763-4f4b-a71a-76a6f5f243d3"
"Eleutherodactylus glanduliferoides Shreve, 1936","Eleutherodactylus","glanduliferoides",-71.98333,18.36667,"4bfac3ea-8763-4f4b-a71a-76a6f5f243d3"
"Eleutherodactylus darlingtoni Cochran, 1935","Eleutherodactylus","darlingtoni",-71.98333,18.36667,"4bfac3ea-8763-4f4b-a71a-76a6f5f243d3"
"Eleutherodactylus leoncei Shreve & Williams, 1963","Eleutherodactylus","leoncei",-71.98333,18.36667,"4bfac3ea-8763-4f4b-a71a-76a6f5f243d3"
"Eleutherodactylus rufifemoralis Noble & Hassler, 1933","Eleutherodactylus","rufifemoralis",-74.03333,18.4,"4bfac3ea-8763-4f4b-a71a-76a6f5f243d3"
"Eleutherodactylus atkinsi Dunn, 1925","Eleutherodactylus","atkinsi",-80.4667,22.9,"4bfac3ea-8763-4f4b-a71a-76a6f5f243d3"
"Eleutherodactylus eileenae Dunn, 1926","Eleutherodactylus","eileenae",-80.4667,22.9,"4bfac3ea-8763-4f4b-a71a-76a6f5f243d3"
"Eleutherodactylus emiliae Dunn, 1926","Eleutherodactylus","emiliae",-80.4667,22.9,"4bfac3ea-8763-4f4b-a71a-76a6f5f243d3"
"Eleutherodactylus wightmanae Schmidt, 1920","Eleutherodactylus","wightmanae",-66.43257,18.25364,"4bfac3ea-8763-4f4b-a71a-76a6f5f243d3"
"Eleutherodactylus intermedius Barbour & Shreve, 1937","Eleutherodactylus","intermedius",-76.83,19.98,"4bfac3ea-8763-4f4b-a71a-76a6f5f243d3"
"Eleutherodactylus ricordii (Duméril & Bibron, 1841)","Eleutherodactylus","ricordii",-76.83,19.98,"4bfac3ea-8763-4f4b-a71a-76a6f5f243d3"
"Eleutherodactylus brevirostris Shreve, 1936","Eleutherodactylus","brevirostris",-74.03333,18.4,"4bfac3ea-8763-4f4b-a71a-76a6f5f243d3"
"Eleutherodactylus glandulifer Cochran, 1935","Eleutherodactylus","glandulifer",-74.03333,18.4,"4bfac3ea-8763-4f4b-a71a-76a6f5f243d3"
"Eleutherodactylus thorectes Hedges, 1988","Eleutherodactylus","thorectes",-74.03333,18.4,"4bfac3ea-8763-4f4b-a71a-76a6f5f243d3"
"Eleutherodactylus bakeri Cochran, 1935","Eleutherodactylus","bakeri",-74.03333,18.4,"4bfac3ea-8763-4f4b-a71a-76a6f5f243d3"
"Eleutherodactylus semipalmatus Shreve, 1936","Eleutherodactylus","semipalmatus",-74,18.4667,"4bfac3ea-8763-4f4b-a71a-76a6f5f243d3"
"Eleutherodactylus auriculatus (Cope, 1862)","Eleutherodactylus","auriculatus",-66.9799,18.18079,"4bfac3ea-8763-4f4b-a71a-76a6f5f243d3"
"Eleutherodactylus minutus Noble, 1923","Eleutherodactylus","minutus",-70.6053,19.0578,"4bfac3ea-8763-4f4b-a71a-76a6f5f243d3"
"Eleutherodactylus oxyrhyncus (Duméril & Bibron, 1841)","Eleutherodactylus","femurlevis",-74,18.4667,"4bfac3ea-8763-4f4b-a71a-76a6f5f243d3"
"Eleutherodactylus ricordii (Duméril & Bibron, 1841)","Eleutherodactylus","ricordii",-75.57444,20.38,"4bfac3ea-8763-4f4b-a71a-76a6f5f243d3"
"Eleutherodactylus gundlachi Schmidt, 1920","Eleutherodactylus","gundlachi",-75.57444,20.38,"4bfac3ea-8763-4f4b-a71a-76a6f5f243d3"
"Eleutherodactylus eileenae Dunn, 1926","Eleutherodactylus","eileenae",-75.57444,20.38,"4bfac3ea-8763-4f4b-a71a-76a6f5f243d3"
"Eleutherodactylus dimidiatus (Cope, 1862)","Eleutherodactylus","dimidiatus",-75.57444,20.38,"4bfac3ea-8763-4f4b-a71a-76a6f5f243d3"
"Eleutherodactylus cuneatus (Cope, 1862)","Eleutherodactylus","brevipalmatus",-75.57444,20.38,"4bfac3ea-8763-4f4b-a71a-76a6f5f243d3"
"Eleutherodactylus guantanamera Hedges, Estrada & Thomas, 1992","Eleutherodactylus","guantanamera",-75.57444,20.38,"4bfac3ea-8763-4f4b-a71a-76a6f5f243d3"
"Eleutherodactylus audanti Cochran, 1934","Eleutherodactylus","audanti",-74,18.4667,"4bfac3ea-8763-4f4b-a71a-76a6f5f243d3"
"Eleutherodactylus ricordii (Duméril & Bibron, 1841)","Eleutherodactylus","ricordii",-77.40666,25.02691,"4bfac3ea-8763-4f4b-a71a-76a6f5f243d3"
"Eleutherodactylus martinicensis (Tschudi, 1838)","Eleutherodactylus","martinicensis",-62.2,16.75,"4bfac3ea-8763-4f4b-a71a-76a6f5f243d3"
"Eleutherodactylus luteolus (Gosse, 1851)","Eleutherodactylus","luteolus",-77.50714,18.04168,"4bfac3ea-8763-4f4b-a71a-76a6f5f243d3"
"Eleutherodactylus dimidiatus (Cope, 1862)","Eleutherodactylus","dimidiatus",-80.4667,22.4667,"4bfac3ea-8763-4f4b-a71a-76a6f5f243d3"
"Eleutherodactylus limbatus (Cope, 1862)","Eleutherodactylus","limbatus",-77.68333,19.91667,"4bfac3ea-8763-4f4b-a71a-76a6f5f243d3"
"Eleutherodactylus auriculatus (Cope, 1862)","Eleutherodactylus","auriculatus",-66.266,18.13996,"4bfac3ea-8763-4f4b-a71a-76a6f5f243d3"
"Eleutherodactylus auriculatus (Cope, 1862)","Eleutherodactylus","auriculatus",-76.08333,20,"4bfac3ea-8763-4f4b-a71a-76a6f5f243d3"
"Eleutherodactylus gundlachi Schmidt, 1920","Eleutherodactylus","gundlachi",-76.08333,20,"4bfac3ea-8763-4f4b-a71a-76a6f5f243d3"
"Eleutherodactylus cuneatus (Cope, 1862)","Eleutherodactylus","brevipalmatus",-76.08333,20,"4bfac3ea-8763-4f4b-a71a-76a6f5f243d3"
"Eleutherodactylus atkinsi Dunn, 1925","Eleutherodactylus","atkinsi",-76.08333,20,"4bfac3ea-8763-4f4b-a71a-76a6f5f243d3"
"Eleutherodactylus auriculatus (Cope, 1862)","Eleutherodactylus","auriculatus",-76.83333,19.98333,"4bfac3ea-8763-4f4b-a71a-76a6f5f243d3"
"Eleutherodactylus gundlachi Schmidt, 1920","Eleutherodactylus","gundlachi",-76.83333,19.98333,"4bfac3ea-8763-4f4b-a71a-76a6f5f243d3"
"Eleutherodactylus cuneatus (Cope, 1862)","Eleutherodactylus","brevipalmatus",-76.83333,19.98333,"4bfac3ea-8763-4f4b-a71a-76a6f5f243d3"
"Eleutherodactylus atkinsi Dunn, 1925","Eleutherodactylus","atkinsi",-76.83333,19.98333,"4bfac3ea-8763-4f4b-a71a-76a6f5f243d3"
"Eleutherodactylus rogersi Goin, 1955","Eleutherodactylus","planirostris",-75.67347,24.62747,"4bfac3ea-8763-4f4b-a71a-76a6f5f243d3"
"Eleutherodactylus antillensis (Reinhardt & Lütken, 1863)","Eleutherodactylus","antillensis",-66.266,18.13996,"4bfac3ea-8763-4f4b-a71a-76a6f5f243d3"
"Eleutherodactylus auriculatoides Noble, 1923","Eleutherodactylus","auriculatoides",-70.6053,19.0578,"4bfac3ea-8763-4f4b-a71a-76a6f5f243d3"
"Eleutherodactylus antillensis (Reinhardt & Lütken, 1863)","Eleutherodactylus","antillensis",-64.66481,18.41886,"4bfac3ea-8763-4f4b-a71a-76a6f5f243d3"
"Eleutherodactylus schwartzi Thomas, 1966","Eleutherodactylus","schwartzi",-64.66481,18.41886,"4bfac3ea-8763-4f4b-a71a-76a6f5f243d3"
"Eleutherodactylus andrewsi Lynn, 1937","Eleutherodactylus","andrewsi",-77.33333,18.3,"4bfac3ea-8763-4f4b-a71a-76a6f5f243d3"
"Eleutherodactylus griphus Crombie, 1986","Eleutherodactylus","griphus",-77.63333,18.38333,"4bfac3ea-8763-4f4b-a71a-76a6f5f243d3"
"Eleutherodactylus antillensis (Reinhardt & Lütken, 1863)","Eleutherodactylus","antillensis",-65.44488,18.14746,"4bfac3ea-8763-4f4b-a71a-76a6f5f243d3"
"Eleutherodactylus acmonis Schwartz, 1960","Eleutherodactylus","acmonis",-74.5733,20.3525,"4bfac3ea-8763-4f4b-a71a-76a6f5f243d3"
"Eleutherodactylus gundlachi Schmidt, 1920","Eleutherodactylus","gundlachi",-76.83,19.98,"4bfac3ea-8763-4f4b-a71a-76a6f5f243d3"
"Eleutherodactylus guantanamera Hedges, Estrada & Thomas, 1992","Eleutherodactylus","guantanamera",-74.5733,20.3525,"4bfac3ea-8763-4f4b-a71a-76a6f5f243d3"
"Eleutherodactylus ricordii (Duméril & Bibron, 1841)","Eleutherodactylus","ricordii",-82.48333,22.9,"4bfac3ea-8763-4f4b-a71a-76a6f5f243d3"
"Eleutherodactylus greyi Dunn, 1926","Eleutherodactylus","greyi",-82.48333,22.9,"4bfac3ea-8763-4f4b-a71a-76a6f5f243d3"
"Eleutherodactylus emiliae Dunn, 1926","Eleutherodactylus","emiliae",-82.48333,22.9,"4bfac3ea-8763-4f4b-a71a-76a6f5f243d3"
"Eleutherodactylus nubicola Dunn, 1926","Eleutherodactylus","nubicola",-76.65568,18.07073,"4bfac3ea-8763-4f4b-a71a-76a6f5f243d3"
"Eleutherodactylus nubicola Dunn, 1926","Eleutherodactylus","nubicola",-77.74677,18.12649,"4bfac3ea-8763-4f4b-a71a-76a6f5f243d3"
"Eleutherodactylus eileenae Dunn, 1926","Eleutherodactylus","eileenae",-82.48333,22.9,"4bfac3ea-8763-4f4b-a71a-76a6f5f243d3"
"Eleutherodactylus dimidiatus (Cope, 1862)","Eleutherodactylus","dimidiatus",-82.48333,22.9,"4bfac3ea-8763-4f4b-a71a-76a6f5f243d3"
"Eleutherodactylus ricordii (Duméril & Bibron, 1841)","Eleutherodactylus","ricordii",-83.6981,22.4175,"4bfac3ea-8763-4f4b-a71a-76a6f5f243d3"
"Eleutherodactylus ricordii (Duméril & Bibron, 1841)","Eleutherodactylus","ricordii",-82.3667,23.1333,"4bfac3ea-8763-4f4b-a71a-76a6f5f243d3"
"Eleutherodactylus tetajulia Estrada & Hedges, 1996","Eleutherodactylus","tetajulia",-74.6833,20.15,"4bfac3ea-8763-4f4b-a71a-76a6f5f243d3"
"Eleutherodactylus cuneatus (Cope, 1862)","Eleutherodactylus","cuneatus",-82.48333,22.9,"4bfac3ea-8763-4f4b-a71a-76a6f5f243d3"
"Eleutherodactylus casparii Dunn, 1926","Eleutherodactylus","casparii",-82.48333,22.9,"4bfac3ea-8763-4f4b-a71a-76a6f5f243d3"
"Eleutherodactylus portoricensis Schmidt, 1927","Eleutherodactylus","portoricensis",-66.04989,18.39745,"4bfac3ea-8763-4f4b-a71a-76a6f5f243d3"
"Eleutherodactylus lentus (Cope, 1862)","Eleutherodactylus","lentus",-64.84829,17.69362,"4bfac3ea-8763-4f4b-a71a-76a6f5f243d3"
"Eleutherodactylus lentus (Cope, 1862)","Eleutherodactylus","lentus",-64.75362,17.73188,"4bfac3ea-8763-4f4b-a71a-76a6f5f243d3"
"Eleutherodactylus ionthus Schwartz, 1960","Eleutherodactylus","ionthus",-76.83,19.98,"4bfac3ea-8763-4f4b-a71a-76a6f5f243d3"
"Eleutherodactylus dimidiatus (Cope, 1862)","Eleutherodactylus","dimidiatus",-76.83,19.98,"4bfac3ea-8763-4f4b-a71a-76a6f5f243d3"
"Eleutherodactylus cuneatus (Cope, 1862)","Eleutherodactylus","sierramaestrae",-76.83,19.98,"4bfac3ea-8763-4f4b-a71a-76a6f5f243d3"
"Eleutherodactylus abbotti Cochran, 1923","Eleutherodactylus","abbotti",-70.93333,18.3,"4bfac3ea-8763-4f4b-a71a-76a6f5f243d3"
"Eleutherodactylus johnstonei Barbour, 1914","Eleutherodactylus","johnstonei",-61.74611,12.05463,"4bfac3ea-8763-4f4b-a71a-76a6f5f243d3"
"Eleutherodactylus antillensis (Reinhardt & Lütken, 1863)","Eleutherodactylus","antillensis",-66.61406,18.01108,"4bfac3ea-8763-4f4b-a71a-76a6f5f243d3"
"Eleutherodactylus abbotti Cochran, 1923","Eleutherodactylus","abbotti",-71.1683,18.135,"4bfac3ea-8763-4f4b-a71a-76a6f5f243d3"
"Eleutherodactylus auriculatus (Cope, 1862)","Eleutherodactylus","auriculatus",-74.27538,20.1445,"4bfac3ea-8763-4f4b-a71a-76a6f5f243d3"
"Eleutherodactylus dimidiatus (Cope, 1862)","Eleutherodactylus","dimidiatus",-74.27538,20.1445,"4bfac3ea-8763-4f4b-a71a-76a6f5f243d3"
"Eleutherodactylus cuneatus (Cope, 1862)","Eleutherodactylus","brevipalmatus",-74.27538,20.1445,"4bfac3ea-8763-4f4b-a71a-76a6f5f243d3"
"Eleutherodactylus haitianus Barbour, 1942","Eleutherodactylus","haitianus",-76.0833,20,"4bfac3ea-8763-4f4b-a71a-76a6f5f243d3"
"Eleutherodactylus eileenae Dunn, 1926","Eleutherodactylus","eileenae",-76.0833,20,"4bfac3ea-8763-4f4b-a71a-76a6f5f243d3"
"Eleutherodactylus ricordii (Duméril & Bibron, 1841)","Eleutherodactylus","ricordii",-76.0833,20,"4bfac3ea-8763-4f4b-a71a-76a6f5f243d3"
"Eleutherodactylus atkinsi Dunn, 1925","Eleutherodactylus","atkinsi",-75.8219,20.0247,"4bfac3ea-8763-4f4b-a71a-76a6f5f243d3"
"Eleutherodactylus gundlachi Schmidt, 1920","Eleutherodactylus","gundlachi",-76.0833,20,"4bfac3ea-8763-4f4b-a71a-76a6f5f243d3"
"Eleutherodactylus dimidiatus (Cope, 1862)","Eleutherodactylus","dimidiatus",-76.0833,20,"4bfac3ea-8763-4f4b-a71a-76a6f5f243d3"
"Eleutherodactylus cuneatus (Cope, 1862)","Eleutherodactylus","sierramaestrae",-76.0833,20,"4bfac3ea-8763-4f4b-a71a-76a6f5f243d3"
"Eleutherodactylus guantanamera Hedges, Estrada & Thomas, 1992","Eleutherodactylus","guantanamera",-76.0833,20,"4bfac3ea-8763-4f4b-a71a-76a6f5f243d3"
"Eleutherodactylus atkinsi Dunn, 1925","Eleutherodactylus","atkinsi",-76.0833,20,"4bfac3ea-8763-4f4b-a71a-76a6f5f243d3"
"Eleutherodactylus antillensis (Reinhardt & Lütken, 1863)","Eleutherodactylus","antillensis",-64.65604,18.40975,"4bfac3ea-8763-4f4b-a71a-76a6f5f243d3"
"Eleutherodactylus antillensis (Reinhardt & Lütken, 1863)","Eleutherodactylus","antillensis",-64.65844,18.40674,"4bfac3ea-8763-4f4b-a71a-76a6f5f243d3"
"Eleutherodactylus brittoni Schmidt, 1920","Eleutherodactylus","brittoni",-66.41187,18.22209,"4bfac3ea-8763-4f4b-a71a-76a6f5f243d3"
"Eleutherodactylus gryllus Schmidt, 1920","Eleutherodactylus","gryllus",-65.79128,18.31051,"4bfac3ea-8763-4f4b-a71a-76a6f5f243d3"
"Eleutherodactylus rucillensis Cochran, 1939","Eleutherodactylus","schmidti",-70.9586,19.0442,"4bfac3ea-8763-4f4b-a71a-76a6f5f243d3"
"Eleutherodactylus grabhami Dunn, 1926","Eleutherodactylus","grabhami",-77.11177,18.27556,"4bfac3ea-8763-4f4b-a71a-76a6f5f243d3"
"Eleutherodactylus rufifemoralis Noble & Hassler, 1933","Eleutherodactylus","rufifemoralis",-71.0994,18.2061,"4bfac3ea-8763-4f4b-a71a-76a6f5f243d3"
"Eleutherodactylus ricordii (Duméril & Bibron, 1841)","Eleutherodactylus","ricordii",-80.16667,22.06667,"4bfac3ea-8763-4f4b-a71a-76a6f5f243d3"
"Eleutherodactylus cuneatus (Cope, 1862)","Eleutherodactylus","cuneatus",-75.7081,19.9603,"4bfac3ea-8763-4f4b-a71a-76a6f5f243d3"
"Eleutherodactylus emiliae Dunn, 1926","Eleutherodactylus","emiliae",-61.23359,12.99947,"4bfac3ea-8763-4f4b-a71a-76a6f5f243d3"
"Eleutherodactylus pantoni Dunn, 1926","Eleutherodactylus","pantoni",-77.61238,18.24723,"4bfac3ea-8763-4f4b-a71a-76a6f5f243d3"
"Eleutherodactylus emiliae Dunn, 1926","Eleutherodactylus","emiliae",-71.1683,18.135,"4bfac3ea-8763-4f4b-a71a-76a6f5f243d3"
"Eleutherodactylus cubanus Barbour, 1942","Eleutherodactylus","cubanus",-76.83,19.98,"4bfac3ea-8763-4f4b-a71a-76a6f5f243d3"
"Eleutherodactylus gossei Dunn, 1926","Eleutherodactylus","gossei",-76.71743,18.09898,"4bfac3ea-8763-4f4b-a71a-76a6f5f243d3"
"Eleutherodactylus pantoni Dunn, 1926","Eleutherodactylus","pantoni",-76.73607,18.08252,"4bfac3ea-8763-4f4b-a71a-76a6f5f243d3"
"Eleutherodactylus johnstonei Barbour, 1914","Eleutherodactylus","johnstonei",-77.5171,18.04217,"4bfac3ea-8763-4f4b-a71a-76a6f5f243d3"
"Eleutherodactylus johnstonei Barbour, 1914","Eleutherodactylus","johnstonei",-76.45385,18.17295,"4bfac3ea-8763-4f4b-a71a-76a6f5f243d3"
"Eleutherodactylus johnstonei Barbour, 1914","Eleutherodactylus","johnstonei",-77.65587,18.49358,"4bfac3ea-8763-4f4b-a71a-76a6f5f243d3"
"Eleutherodactylus johnstonei Barbour, 1914","Eleutherodactylus","johnstonei",-77.5,18.25,"4bfac3ea-8763-4f4b-a71a-76a6f5f243d3"
"Eleutherodactylus cochranae Grant, 1932","Eleutherodactylus","cochranae",-64.65604,18.40975,"4bfac3ea-8763-4f4b-a71a-76a6f5f243d3"
"Eleutherodactylus schwartzi Thomas, 1966","Eleutherodactylus","schwartzi",-64.66152,18.40297,"4bfac3ea-8763-4f4b-a71a-76a6f5f243d3"
"Eleutherodactylus cochranae Grant, 1932","Eleutherodactylus","cochranae",-64.66152,18.40297,"4bfac3ea-8763-4f4b-a71a-76a6f5f243d3"
"Eleutherodactylus antillensis (Reinhardt & Lütken, 1863)","Eleutherodactylus","antillensis",-64.66152,18.40297,"4bfac3ea-8763-4f4b-a71a-76a6f5f243d3"
"Eleutherodactylus amadeus Hedges, Thomas & Franz, 1987","Eleutherodactylus","amadeus",-74.0109,18.3482,"4bfac3ea-8763-4f4b-a71a-76a6f5f243d3"
"Eleutherodactylus johnstonei Barbour, 1914","Eleutherodactylus","johnstonei",-61.23674,12.99506,"4bfac3ea-8763-4f4b-a71a-76a6f5f243d3"
"Eleutherodactylus zugi Schwartz, 1958","Eleutherodactylus","zugi",-83.01062,22.79595,"4bfac3ea-8763-4f4b-a71a-76a6f5f243d3"
"Eleutherodactylus karlschmidti Grant, 1931","Eleutherodactylus","karlschmidti",-66.10294,18.2569,"4bfac3ea-8763-4f4b-a71a-76a6f5f243d3"
"Eleutherodactylus portoricensis Schmidt, 1927","Eleutherodactylus","portoricensis",-65.9343,18.03904,"4bfac3ea-8763-4f4b-a71a-76a6f5f243d3"
"Eleutherodactylus martinicensis (Tschudi, 1838)","Eleutherodactylus","martinicensis",-61.05,14.55,"4bfac3ea-8763-4f4b-a71a-76a6f5f243d3"
"Eleutherodactylus coqui Thomas, 1966","Eleutherodactylus","coqui",-65.77506,18.3029,"4bfac3ea-8763-4f4b-a71a-76a6f5f243d3"
"Eleutherodactylus counouspeus Schwartz, 1964","Eleutherodactylus","counouspeus",-73.8678,18.3122,"4bfac3ea-8763-4f4b-a71a-76a6f5f243d3"
"Eleutherodactylus emiliae Dunn, 1926","Eleutherodactylus","emiliae",-72.66667,18.93333,"4bfac3ea-8763-4f4b-a71a-76a6f5f243d3"
"Eleutherodactylus johnstonei Barbour, 1914","Eleutherodactylus","johnstonei",-61.74771,12.05491,"4bfac3ea-8763-4f4b-a71a-76a6f5f243d3"
"Eleutherodactylus schwartzi Thomas, 1966","Eleutherodactylus","schwartzi",-64.62121,18.42998,"4bfac3ea-8763-4f4b-a71a-76a6f5f243d3"
"Eleutherodactylus martinicensis (Tschudi, 1838)","Eleutherodactylus","martinicensis",-60.94778,14.00402,"4bfac3ea-8763-4f4b-a71a-76a6f5f243d3"
"Eleutherodactylus greyi Dunn, 1926","Eleutherodactylus","greyi",-77.85714,21.64127,"4bfac3ea-8763-4f4b-a71a-76a6f5f243d3"
"Eleutherodactylus ricordii (Duméril & Bibron, 1841)","Eleutherodactylus","ricordii",-75.2129,20.14001,"4bfac3ea-8763-4f4b-a71a-76a6f5f243d3"
"Eleutherodactylus abbotti Cochran, 1923","Eleutherodactylus","abbotti",-70.76667,18.95,"4bfac3ea-8763-4f4b-a71a-76a6f5f243d3"
"Eleutherodactylus pictissimus Cochran, 1935","Eleutherodactylus","pictissimus",-72.5308,18.2319,"4bfac3ea-8763-4f4b-a71a-76a6f5f243d3"
"Eleutherodactylus schmidti Noble, 1923","Eleutherodactylus","schmidti",-70.7392,18.9064,"4bfac3ea-8763-4f4b-a71a-76a6f5f243d3"
"Eleutherodactylus brittoni Schmidt, 1920","Eleutherodactylus","brittoni",-65.90628,18.37773,"4bfac3ea-8763-4f4b-a71a-76a6f5f243d3"
"Eleutherodactylus weinlandi Barbour, 1914","Eleutherodactylus","weinlandi",-72.2711,18.6853,"4bfac3ea-8763-4f4b-a71a-76a6f5f243d3"
"Eleutherodactylus inoptatus (Barbour, 1914)","Eleutherodactylus","inoptatus",-70.66667,19.78333,"4bfac3ea-8763-4f4b-a71a-76a6f5f243d3"
"Eleutherodactylus goini Schwartz, 1960","Eleutherodactylus","planirostris",-83.3697,22.6467,"4bfac3ea-8763-4f4b-a71a-76a6f5f243d3"
"Eleutherodactylus cuneatus (Cope, 1862)","Eleutherodactylus","cuneatus",-80.82639,22.67111,"4bfac3ea-8763-4f4b-a71a-76a6f5f243d3"
"Eleutherodactylus planirostris (Cope, 1862)","Eleutherodactylus","planirostris",-77.48578,25.00577,"4bfac3ea-8763-4f4b-a71a-76a6f5f243d3"
"Eleutherodactylus auriculatus (Cope, 1862)","Eleutherodactylus","auriculatus",-65.79127,18.31051,"4bfac3ea-8763-4f4b-a71a-76a6f5f243d3"
"Eleutherodactylus dimidiatus (Cope, 1862)","Eleutherodactylus","dimidiatus",-76.08333,20,"4bfac3ea-8763-4f4b-a71a-76a6f5f243d3"
"Eleutherodactylus inoptatus (Barbour, 1914)","Eleutherodactylus","inoptatus",-73.0494,18.4003,"4bfac3ea-8763-4f4b-a71a-76a6f5f243d3"
"Eleutherodactylus dimidiatus (Cope, 1862)","Eleutherodactylus","dimidiatus",-74.5733,20.3525,"4bfac3ea-8763-4f4b-a71a-76a6f5f243d3"
"Eleutherodactylus lentus (Cope, 1862)","Eleutherodactylus","lentus",-64.76529,17.72403,"4bfac3ea-8763-4f4b-a71a-76a6f5f243d3"
"Eleutherodactylus ricordii (Duméril & Bibron, 1841)","Eleutherodactylus","ricordii",-74.27538,20.1445,"4bfac3ea-8763-4f4b-a71a-76a6f5f243d3"
"Eleutherodactylus schwartzi Thomas, 1966","Eleutherodactylus","schwartzi",-64.65844,18.40674,"4bfac3ea-8763-4f4b-a71a-76a6f5f243d3"
"Eleutherodactylus pentasyringos Schwartz & Fowler, 1973","Eleutherodactylus","pantoni",-76.45385,18.17295,"4bfac3ea-8763-4f4b-a71a-76a6f5f243d3"
"Eleutherodactylus johnstonei Barbour, 1914","Eleutherodactylus","johnstonei",-77.4,18.45,"4bfac3ea-8763-4f4b-a71a-76a6f5f243d3"
"Eleutherodactylus antillensis (Reinhardt & Lütken, 1863)","Eleutherodactylus","antillensis",-65.768539,18.146198,"50c9509d-22c7-4a22-a47d-8c48425ef4a7"
"Eleutherodactylus johnstonei Barbour, 1914","Eleutherodactylus","johnstonei",-61.100686,14.749115,"50c9509d-22c7-4a22-a47d-8c48425ef4a7"
"Eleutherodactylus coqui Thomas, 1966","Eleutherodactylus","coqui",-66.15045,18.090547,"50c9509d-22c7-4a22-a47d-8c48425ef4a7"
"Eleutherodactylus etheridgei Schwartz, 1958","Eleutherodactylus","etheridgei",-75.134708,19.922935,"50c9509d-22c7-4a22-a47d-8c48425ef4a7"
"Eleutherodactylus atkinsi Dunn, 1925","Eleutherodactylus","atkinsi",-75.140811,19.900679,"50c9509d-22c7-4a22-a47d-8c48425ef4a7"
"Eleutherodactylus coqui Thomas, 1966","Eleutherodactylus","coqui",-66.714607,18.416694,"50c9509d-22c7-4a22-a47d-8c48425ef4a7"
"Eleutherodactylus coqui Thomas, 1966","Eleutherodactylus","coqui",-66.148888,18.177922,"50c9509d-22c7-4a22-a47d-8c48425ef4a7"
"Eleutherodactylus antillensis (Reinhardt & Lütken, 1863)","Eleutherodactylus","antillensis",-66.186901,18.128912,"50c9509d-22c7-4a22-a47d-8c48425ef4a7"
"Eleutherodactylus coqui Thomas, 1966","Eleutherodactylus","coqui",-66.038762,18.252315,"50c9509d-22c7-4a22-a47d-8c48425ef4a7"
"Eleutherodactylus johnstonei Barbour, 1914","Eleutherodactylus","johnstonei",-61.041,14.526131,"50c9509d-22c7-4a22-a47d-8c48425ef4a7"
"Eleutherodactylus geitonos Díaz, Incháustegui, Marte, Köhler, Cádiz & Rodríguez, 2018","Eleutherodactylus","geitonos",-70.291559,18.492907,"50c9509d-22c7-4a22-a47d-8c48425ef4a7"
"Eleutherodactylus antillensis (Reinhardt & Lütken, 1863)","Eleutherodactylus","antillensis",-66.063019,18.289045,"50c9509d-22c7-4a22-a47d-8c48425ef4a7"
"Eleutherodactylus coqui Thomas, 1966","Eleutherodactylus","coqui",-66.308953,18.242182,"50c9509d-22c7-4a22-a47d-8c48425ef4a7"
"Eleutherodactylus johnstonei Barbour, 1914","Eleutherodactylus","johnstonei",-60.854382,14.541854,"50c9509d-22c7-4a22-a47d-8c48425ef4a7"
"Eleutherodactylus coqui Thomas, 1966","Eleutherodactylus","coqui",-65.877692,18.041189,"50c9509d-22c7-4a22-a47d-8c48425ef4a7"
"Eleutherodactylus etheridgei Schwartz, 1958","Eleutherodactylus","etheridgei",-75.037338,19.94856,"50c9509d-22c7-4a22-a47d-8c48425ef4a7"
"Eleutherodactylus coqui Thomas, 1966","Eleutherodactylus","coqui",-66.190647,18.337742,"50c9509d-22c7-4a22-a47d-8c48425ef4a7"
"Eleutherodactylus coqui Thomas, 1966","Eleutherodactylus","coqui",-66.116874,18.168468,"50c9509d-22c7-4a22-a47d-8c48425ef4a7"
"Eleutherodactylus antillensis (Reinhardt & Lütken, 1863)","Eleutherodactylus","antillensis",-66.063347,18.289312,"50c9509d-22c7-4a22-a47d-8c48425ef4a7"
"Eleutherodactylus flavescens Noble, 1923","Eleutherodactylus","flavescens",-70.829805,19.728755,"50c9509d-22c7-4a22-a47d-8c48425ef4a7"
"Eleutherodactylus coqui Thomas, 1966","Eleutherodactylus","coqui",-65.882391,17.99734,"50c9509d-22c7-4a22-a47d-8c48425ef4a7"
"Eleutherodactylus limbatus (Cope, 1862)","Eleutherodactylus","limbatus",-75.8275,20.014167,"be87cbf5-5d0a-49db-b909-67cd3c6df24e"
"Eleutherodactylus antillensis (Reinhardt & Lütken, 1863)","Eleutherodactylus","antillensis",-67.069444,18.210833,"be87cbf5-5d0a-49db-b909-67cd3c6df24e"
"Eleutherodactylus cooki Grant, 1932","Eleutherodactylus","cooki",-66.015556,18.007222,"be87cbf5-5d0a-49db-b909-67cd3c6df24e"
"Eleutherodactylus locustus Schmidt, 1920","Eleutherodactylus","locustus",-65.794167,18.300833,"be87cbf5-5d0a-49db-b909-67cd3c6df24e"
"Eleutherodactylus portoricensis Schmidt, 1927","Eleutherodactylus","portoricensis",-67.069444,18.210833,"be87cbf5-5d0a-49db-b909-67cd3c6df24e"
"Eleutherodactylus antillensis (Reinhardt & Lütken, 1863)","Eleutherodactylus","antillensis",-65.726622,18.32877,"50c9509d-22c7-4a22-a47d-8c48425ef4a7"
"Eleutherodactylus inoptatus (Barbour, 1914)","Eleutherodactylus","inoptatus",-70.300866,18.628627,"50c9509d-22c7-4a22-a47d-8c48425ef4a7"
"Eleutherodactylus coqui Thomas, 1966","Eleutherodactylus","coqui",-66.030953,18.093358,"50c9509d-22c7-4a22-a47d-8c48425ef4a7"
"Eleutherodactylus antillensis (Reinhardt & Lütken, 1863)","Eleutherodactylus","antillensis",-66.750145,18.348315,"50c9509d-22c7-4a22-a47d-8c48425ef4a7"
"Eleutherodactylus coqui Thomas, 1966","Eleutherodactylus","coqui",-66.150153,18.190125,"50c9509d-22c7-4a22-a47d-8c48425ef4a7"
"Eleutherodactylus coqui Thomas, 1966","Eleutherodactylus","coqui",-65.72667,18.32892,"50c9509d-22c7-4a22-a47d-8c48425ef4a7"
"Eleutherodactylus brittoni Schmidt, 1920","Eleutherodactylus","brittoni",-65.752889,18.285287,"50c9509d-22c7-4a22-a47d-8c48425ef4a7"
"Eleutherodactylus cochranae Grant, 1932","Eleutherodactylus","cochranae",-66.594038,18.449988,"50c9509d-22c7-4a22-a47d-8c48425ef4a7"
"Eleutherodactylus antillensis (Reinhardt & Lütken, 1863)","Eleutherodactylus","antillensis",-66.59356,18.447293,"50c9509d-22c7-4a22-a47d-8c48425ef4a7"
"Eleutherodactylus cochranae Grant, 1932","Eleutherodactylus","cochranae",-66.724948,18.399529,"50c9509d-22c7-4a22-a47d-8c48425ef4a7"
"Eleutherodactylus johnstonei Barbour, 1914","Eleutherodactylus","johnstonei",-61.17226,14.77529,"6bbe3b85-6fb8-47ea-9e42-ec9acb97c13c"
"Eleutherodactylus johnstonei Barbour, 1914","Eleutherodactylus","johnstonei",-61.01929,14.65485,"f553f8f9-b147-4f09-86e5-0d1ce1a91ce0"
"Eleutherodactylus martinicensis (Tschudi, 1838)","Eleutherodactylus","martinicensis",-61.01929,14.65485,"f553f8f9-b147-4f09-86e5-0d1ce1a91ce0"
"Eleutherodactylus weinlandi Barbour, 1914","Eleutherodactylus","weinlandi",-70.22798,19.458613,"50c9509d-22c7-4a22-a47d-8c48425ef4a7"
"Eleutherodactylus rogersi Goin, 1955","Eleutherodactylus","rogersi",-74.4654,24.118083,"50c9509d-22c7-4a22-a47d-8c48425ef4a7"
"Eleutherodactylus coqui Thomas, 1966","Eleutherodactylus","coqui",-66.032158,18.091367,"50c9509d-22c7-4a22-a47d-8c48425ef4a7"
"Eleutherodactylus gossei Dunn, 1926","Eleutherodactylus","gossei",-76.522831,18.054884,"50c9509d-22c7-4a22-a47d-8c48425ef4a7"
"Eleutherodactylus weinlandi Barbour, 1914","Eleutherodactylus","weinlandi",-70.789007,19.778702,"50c9509d-22c7-4a22-a47d-8c48425ef4a7"
"Eleutherodactylus rogersi Goin, 1955","Eleutherodactylus","rogersi",-74.450154,24.096606,"50c9509d-22c7-4a22-a47d-8c48425ef4a7"
"Eleutherodactylus weinlandi Barbour, 1914","Eleutherodactylus","weinlandi",-70.640247,19.768639,"50c9509d-22c7-4a22-a47d-8c48425ef4a7"
"Eleutherodactylus coqui Thomas, 1966","Eleutherodactylus","coqui",-65.681076,18.350011,"50c9509d-22c7-4a22-a47d-8c48425ef4a7"
"Eleutherodactylus planirostris (Cope, 1862)","Eleutherodactylus","planirostris",-81.251503,19.31067,"50c9509d-22c7-4a22-a47d-8c48425ef4a7"
"Eleutherodactylus coqui Thomas, 1966","Eleutherodactylus","coqui",-66.664982,18.143695,"50c9509d-22c7-4a22-a47d-8c48425ef4a7"
"Eleutherodactylus planirostris (Cope, 1862)","Eleutherodactylus","planirostris",-81.238182,19.348222,"50c9509d-22c7-4a22-a47d-8c48425ef4a7"
"Eleutherodactylus johnstonei Barbour, 1914","Eleutherodactylus","johnstonei",-61.775136,17.025962,"50c9509d-22c7-4a22-a47d-8c48425ef4a7"
"Eleutherodactylus nortoni Schwartz, 1976","Eleutherodactylus","nortoni",-71.751116,18.068455,"50c9509d-22c7-4a22-a47d-8c48425ef4a7"
"Eleutherodactylus coqui Thomas, 1966","Eleutherodactylus","coqui",-66.272694,18.139915,"50c9509d-22c7-4a22-a47d-8c48425ef4a7"
"Eleutherodactylus coqui Thomas, 1966","Eleutherodactylus","coqui",-66.268617,18.146104,"50c9509d-22c7-4a22-a47d-8c48425ef4a7"
"Eleutherodactylus antillensis (Reinhardt & Lütken, 1863)","Eleutherodactylus","antillensis",-65.963093,18.395793,"50c9509d-22c7-4a22-a47d-8c48425ef4a7"
"Eleutherodactylus coqui Thomas, 1966","Eleutherodactylus","coqui",-66.266421,18.146979,"50c9509d-22c7-4a22-a47d-8c48425ef4a7"
"Eleutherodactylus johnstonei Barbour, 1914","Eleutherodactylus","johnstonei",-61.69207,17.099413,"50c9509d-22c7-4a22-a47d-8c48425ef4a7"
"Eleutherodactylus bresslerae Schwartz, 1960","Eleutherodactylus","bresslerae",-74.232074,20.26439,"50c9509d-22c7-4a22-a47d-8c48425ef4a7"
"Eleutherodactylus inoptatus (Barbour, 1914)","Eleutherodactylus","inoptatus",-71.194237,18.091234,"50c9509d-22c7-4a22-a47d-8c48425ef4a7"
"Eleutherodactylus weinlandi Barbour, 1914","Eleutherodactylus","weinlandi",-70.208052,18.604852,"50c9509d-22c7-4a22-a47d-8c48425ef4a7"
"Eleutherodactylus johnstonei Barbour, 1914","Eleutherodactylus","johnstonei",-61.010832,14.602735,"50c9509d-22c7-4a22-a47d-8c48425ef4a7"
"Eleutherodactylus johnstonei Barbour, 1914","Eleutherodactylus","johnstonei",-61.084088,14.534679,"50c9509d-22c7-4a22-a47d-8c48425ef4a7"
"Eleutherodactylus johnstonei Barbour, 1914","Eleutherodactylus","johnstonei",-60.870075,14.464217,"50c9509d-22c7-4a22-a47d-8c48425ef4a7"
"Eleutherodactylus cooki Grant, 1932","Eleutherodactylus","cooki",-65.994931,18.1059,"50c9509d-22c7-4a22-a47d-8c48425ef4a7"
"Eleutherodactylus antillensis (Reinhardt & Lütken, 1863)","Eleutherodactylus","antillensis",-65.698738,18.344777,"50c9509d-22c7-4a22-a47d-8c48425ef4a7"
"Eleutherodactylus inoptatus (Barbour, 1914)","Eleutherodactylus","inoptatus",-72.455543,18.258861,"50c9509d-22c7-4a22-a47d-8c48425ef4a7"
"Eleutherodactylus cochranae Grant, 1932","Eleutherodactylus","cochranae",-66.596249,18.451614,"50c9509d-22c7-4a22-a47d-8c48425ef4a7"
"Eleutherodactylus abbotti Cochran, 1923","Eleutherodactylus","abbotti",-71.169174,18.107232,"50c9509d-22c7-4a22-a47d-8c48425ef4a7"
"Eleutherodactylus coqui Thomas, 1966","Eleutherodactylus","coqui",-66.711037,18.328722,"50c9509d-22c7-4a22-a47d-8c48425ef4a7"
"Eleutherodactylus audanti Cochran, 1934","Eleutherodactylus","audanti",-71.139478,18.153953,"50c9509d-22c7-4a22-a47d-8c48425ef4a7"
"Eleutherodactylus cochranae Grant, 1932","Eleutherodactylus","cochranae",-67.1338,18.2579,"cece4fc2-1fec-4bb5-a335-7252548e3f0b"
"Eleutherodactylus brittoni Schmidt, 1920","Eleutherodactylus","brittoni",-66.76275,18.147917,"cece4fc2-1fec-4bb5-a335-7252548e3f0b"
"Eleutherodactylus brittoni Schmidt, 1920","Eleutherodactylus","brittoni",-67.1683,18.342583,"cece4fc2-1fec-4bb5-a335-7252548e3f0b"
"Eleutherodactylus coqui Thomas, 1966","Eleutherodactylus","coqui",-66.9761,18.143433,"cece4fc2-1fec-4bb5-a335-7252548e3f0b"
"Eleutherodactylus antillensis (Reinhardt & Lütken, 1863)","Eleutherodactylus","antillensis",-66.991733,18.283511,"cece4fc2-1fec-4bb5-a335-7252548e3f0b"
"Eleutherodactylus antillensis (Reinhardt & Lütken, 1863)","Eleutherodactylus","antillensis",-64.85116,17.73821,"cece4fc2-1fec-4bb5-a335-7252548e3f0b"
"Eleutherodactylus antillensis (Reinhardt & Lütken, 1863)","Eleutherodactylus","antillensis",-64.89103,17.75043,"cece4fc2-1fec-4bb5-a335-7252548e3f0b"
"Eleutherodactylus cochranae Grant, 1932","Eleutherodactylus","cochranae",-65.47287,18.1184,"cece4fc2-1fec-4bb5-a335-7252548e3f0b"
"Eleutherodactylus juanariveroi Rios-López & Thomas, 2007","Eleutherodactylus","juanariveroi",-66.208269,18.430022,"cece4fc2-1fec-4bb5-a335-7252548e3f0b"
"Eleutherodactylus coqui Thomas, 1966","Eleutherodactylus","coqui",-66.61881,18.20626,"cece4fc2-1fec-4bb5-a335-7252548e3f0b"
"Eleutherodactylus brittoni Schmidt, 1920","Eleutherodactylus","brittoni",-66.832505,18.422058,"cece4fc2-1fec-4bb5-a335-7252548e3f0b"
"Eleutherodactylus antillensis (Reinhardt & Lütken, 1863)","Eleutherodactylus","antillensis",-66.9305,17.97125,"cece4fc2-1fec-4bb5-a335-7252548e3f0b"
"Eleutherodactylus brittoni Schmidt, 1920","Eleutherodactylus","brittoni",-66.88792,18.15318,"cece4fc2-1fec-4bb5-a335-7252548e3f0b"
"Eleutherodactylus antillensis (Reinhardt & Lütken, 1863)","Eleutherodactylus","antillensis",-66.237368,18.228272,"cece4fc2-1fec-4bb5-a335-7252548e3f0b"
"Eleutherodactylus coqui Thomas, 1966","Eleutherodactylus","coqui",-65.82917,18.31216,"cece4fc2-1fec-4bb5-a335-7252548e3f0b"
"Eleutherodactylus portoricensis Schmidt, 1927","Eleutherodactylus","portoricensis",-66.12419,18.05368,"cece4fc2-1fec-4bb5-a335-7252548e3f0b"
"Eleutherodactylus wightmanae Schmidt, 1920","Eleutherodactylus","wightmanae",-66.281924,18.202714,"cece4fc2-1fec-4bb5-a335-7252548e3f0b"
"Eleutherodactylus antillensis (Reinhardt & Lütken, 1863)","Eleutherodactylus","antillensis",-65.81129,18.2014,"cece4fc2-1fec-4bb5-a335-7252548e3f0b"
"Eleutherodactylus juanariveroi Rios-López & Thomas, 2007","Eleutherodactylus","juanariveroi",-66.20557,18.43463,"cece4fc2-1fec-4bb5-a335-7252548e3f0b"
"Eleutherodactylus antillensis (Reinhardt & Lütken, 1863)","Eleutherodactylus","antillensis",-66.527967,18.41405,"cece4fc2-1fec-4bb5-a335-7252548e3f0b"
"Eleutherodactylus cochranae Grant, 1932","Eleutherodactylus","cochranae",-65.71992,18.25714,"cece4fc2-1fec-4bb5-a335-7252548e3f0b"
"Eleutherodactylus wightmanae Schmidt, 1920","Eleutherodactylus","wightmanae",-66.508436,18.162744,"cece4fc2-1fec-4bb5-a335-7252548e3f0b"
"Eleutherodactylus coqui Thomas, 1966","Eleutherodactylus","coqui",-66.505598,18.059282,"cece4fc2-1fec-4bb5-a335-7252548e3f0b"
"Eleutherodactylus cochranae Grant, 1932","Eleutherodactylus","cochranae",-65.90873,18.32547,"cece4fc2-1fec-4bb5-a335-7252548e3f0b"
"Eleutherodactylus coqui Thomas, 1966","Eleutherodactylus","coqui",-65.90873,18.32547,"cece4fc2-1fec-4bb5-a335-7252548e3f0b"
"Eleutherodactylus wightmanae Schmidt, 1920","Eleutherodactylus","wightmanae",-66.99652,18.22807,"cece4fc2-1fec-4bb5-a335-7252548e3f0b"
"Eleutherodactylus antillensis (Reinhardt & Lütken, 1863)","Eleutherodactylus","antillensis",-66.7758,18.1249,"cece4fc2-1fec-4bb5-a335-7252548e3f0b"
"Eleutherodactylus antillensis (Reinhardt & Lütken, 1863)","Eleutherodactylus","antillensis",-67.039517,18.068383,"cece4fc2-1fec-4bb5-a335-7252548e3f0b"
"Eleutherodactylus coqui Thomas, 1966","Eleutherodactylus","coqui",-67.039517,18.068383,"cece4fc2-1fec-4bb5-a335-7252548e3f0b"
"Eleutherodactylus coqui Thomas, 1966","Eleutherodactylus","coqui",-67.009283,18.366983,"cece4fc2-1fec-4bb5-a335-7252548e3f0b"
"Eleutherodactylus antillensis (Reinhardt & Lütken, 1863)","Eleutherodactylus","antillensis",-67.013667,18.443033,"cece4fc2-1fec-4bb5-a335-7252548e3f0b"
"Eleutherodactylus antillensis (Reinhardt & Lütken, 1863)","Eleutherodactylus","antillensis",-67.001333,18.21075,"cece4fc2-1fec-4bb5-a335-7252548e3f0b"
"Eleutherodactylus juanariveroi Rios-López & Thomas, 2007","Eleutherodactylus","juanariveroi",-66.672,18.4605,"cece4fc2-1fec-4bb5-a335-7252548e3f0b"
"Eleutherodactylus cochranae Grant, 1932","Eleutherodactylus","cochranae",-66.672,18.4605,"cece4fc2-1fec-4bb5-a335-7252548e3f0b"
"Eleutherodactylus brittoni Schmidt, 1920","Eleutherodactylus","brittoni",-66.61385,18.32695,"cece4fc2-1fec-4bb5-a335-7252548e3f0b"
"Eleutherodactylus antillensis (Reinhardt & Lütken, 1863)","Eleutherodactylus","antillensis",-67.104209,18.07335,"cece4fc2-1fec-4bb5-a335-7252548e3f0b"
"Eleutherodactylus coqui Thomas, 1966","Eleutherodactylus","coqui",-67.1683,18.342583,"cece4fc2-1fec-4bb5-a335-7252548e3f0b"
"Eleutherodactylus antillensis (Reinhardt & Lütken, 1863)","Eleutherodactylus","antillensis",-66.856894,18.414208,"cece4fc2-1fec-4bb5-a335-7252548e3f0b"
"Eleutherodactylus antillensis (Reinhardt & Lütken, 1863)","Eleutherodactylus","antillensis",-66.881614,18.256925,"cece4fc2-1fec-4bb5-a335-7252548e3f0b"
"Eleutherodactylus coqui Thomas, 1966","Eleutherodactylus","coqui",-66.991733,18.283511,"cece4fc2-1fec-4bb5-a335-7252548e3f0b"
"Eleutherodactylus coqui Thomas, 1966","Eleutherodactylus","coqui",-64.89103,17.75043,"cece4fc2-1fec-4bb5-a335-7252548e3f0b"
"Eleutherodactylus antillensis (Reinhardt & Lütken, 1863)","Eleutherodactylus","antillensis",-64.72328,17.75482,"cece4fc2-1fec-4bb5-a335-7252548e3f0b"
"Eleutherodactylus coqui Thomas, 1966","Eleutherodactylus","coqui",-65.45361,18.14065,"cece4fc2-1fec-4bb5-a335-7252548e3f0b"
"Eleutherodactylus antillensis (Reinhardt & Lütken, 1863)","Eleutherodactylus","antillensis",-65.45554,18.14472,"cece4fc2-1fec-4bb5-a335-7252548e3f0b"
"Eleutherodactylus coqui Thomas, 1966","Eleutherodactylus","coqui",-66.331567,18.08331,"cece4fc2-1fec-4bb5-a335-7252548e3f0b"
"Eleutherodactylus brittoni Schmidt, 1920","Eleutherodactylus","brittoni",-65.69258,18.32439,"cece4fc2-1fec-4bb5-a335-7252548e3f0b"
"Eleutherodactylus juanariveroi Rios-López & Thomas, 2007","Eleutherodactylus","juanariveroi",-66.204194,18.434722,"cece4fc2-1fec-4bb5-a335-7252548e3f0b"
"Eleutherodactylus antillensis (Reinhardt & Lütken, 1863)","Eleutherodactylus","antillensis",-66.88792,18.0401,"cece4fc2-1fec-4bb5-a335-7252548e3f0b"
"Eleutherodactylus antillensis (Reinhardt & Lütken, 1863)","Eleutherodactylus","antillensis",-66.998313,18.159098,"cece4fc2-1fec-4bb5-a335-7252548e3f0b"
"Eleutherodactylus brittoni Schmidt, 1920","Eleutherodactylus","brittoni",-66.12419,18.05368,"cece4fc2-1fec-4bb5-a335-7252548e3f0b"
"Eleutherodactylus brittoni Schmidt, 1920","Eleutherodactylus","brittoni",-66.281924,18.202714,"cece4fc2-1fec-4bb5-a335-7252548e3f0b"
"Eleutherodactylus coqui Thomas, 1966","Eleutherodactylus","coqui",-66.382554,18.357639,"cece4fc2-1fec-4bb5-a335-7252548e3f0b"
"Eleutherodactylus brittoni Schmidt, 1920","Eleutherodactylus","brittoni",-66.20557,18.43463,"cece4fc2-1fec-4bb5-a335-7252548e3f0b"
"Eleutherodactylus antillensis (Reinhardt & Lütken, 1863)","Eleutherodactylus","antillensis",-66.542239,18.310139,"cece4fc2-1fec-4bb5-a335-7252548e3f0b"
"Eleutherodactylus brittoni Schmidt, 1920","Eleutherodactylus","brittoni",-66.485215,18.224015,"cece4fc2-1fec-4bb5-a335-7252548e3f0b"
"Eleutherodactylus antillensis (Reinhardt & Lütken, 1863)","Eleutherodactylus","antillensis",-65.71992,18.25714,"cece4fc2-1fec-4bb5-a335-7252548e3f0b"
"Eleutherodactylus antillensis (Reinhardt & Lütken, 1863)","Eleutherodactylus","antillensis",-66.504875,18.148068,"cece4fc2-1fec-4bb5-a335-7252548e3f0b"
"Eleutherodactylus antillensis (Reinhardt & Lütken, 1863)","Eleutherodactylus","antillensis",-66.10202,18.23629,"cece4fc2-1fec-4bb5-a335-7252548e3f0b"
"Eleutherodactylus brittoni Schmidt, 1920","Eleutherodactylus","brittoni",-65.90873,18.32547,"cece4fc2-1fec-4bb5-a335-7252548e3f0b"
"Eleutherodactylus antillensis (Reinhardt & Lütken, 1863)","Eleutherodactylus","antillensis",-67.08685,18.191617,"cece4fc2-1fec-4bb5-a335-7252548e3f0b"
"Eleutherodactylus coqui Thomas, 1966","Eleutherodactylus","coqui",-66.758367,18.024683,"cece4fc2-1fec-4bb5-a335-7252548e3f0b"
"Eleutherodactylus coqui Thomas, 1966","Eleutherodactylus","coqui",-66.7758,18.1249,"cece4fc2-1fec-4bb5-a335-7252548e3f0b"
"Eleutherodactylus antillensis (Reinhardt & Lütken, 1863)","Eleutherodactylus","antillensis",-67.009283,18.366983,"cece4fc2-1fec-4bb5-a335-7252548e3f0b"
"Eleutherodactylus wightmanae Schmidt, 1920","Eleutherodactylus","wightmanae",-66.9761,18.143433,"cece4fc2-1fec-4bb5-a335-7252548e3f0b"
"Eleutherodactylus brittoni Schmidt, 1920","Eleutherodactylus","brittoni",-67.001333,18.21075,"cece4fc2-1fec-4bb5-a335-7252548e3f0b"
"Eleutherodactylus coqui Thomas, 1966","Eleutherodactylus","coqui",-67.001333,18.21075,"cece4fc2-1fec-4bb5-a335-7252548e3f0b"
"Eleutherodactylus coqui Thomas, 1966","Eleutherodactylus","coqui",-66.672,18.4605,"cece4fc2-1fec-4bb5-a335-7252548e3f0b"
"Eleutherodactylus brittoni Schmidt, 1920","Eleutherodactylus","brittoni",-67.11135,18.24215,"cece4fc2-1fec-4bb5-a335-7252548e3f0b"
"Eleutherodactylus brittoni Schmidt, 1920","Eleutherodactylus","brittoni",-66.752617,18.201283,"cece4fc2-1fec-4bb5-a335-7252548e3f0b"
"Eleutherodactylus antillensis (Reinhardt & Lütken, 1863)","Eleutherodactylus","antillensis",-67.1683,18.342583,"cece4fc2-1fec-4bb5-a335-7252548e3f0b"
"Eleutherodactylus antillensis (Reinhardt & Lütken, 1863)","Eleutherodactylus","antillensis",-66.89912,18.340361,"cece4fc2-1fec-4bb5-a335-7252548e3f0b"
"Eleutherodactylus coqui Thomas, 1966","Eleutherodactylus","coqui",-64.85116,17.73821,"cece4fc2-1fec-4bb5-a335-7252548e3f0b"
"Eleutherodactylus coqui Thomas, 1966","Eleutherodactylus","coqui",-64.72328,17.75482,"cece4fc2-1fec-4bb5-a335-7252548e3f0b"
"Eleutherodactylus antillensis (Reinhardt & Lütken, 1863)","Eleutherodactylus","antillensis",-66.331567,18.08331,"cece4fc2-1fec-4bb5-a335-7252548e3f0b"
"Eleutherodactylus coqui Thomas, 1966","Eleutherodactylus","coqui",-65.84143,18.1334,"cece4fc2-1fec-4bb5-a335-7252548e3f0b"
"Eleutherodactylus brittoni Schmidt, 1920","Eleutherodactylus","brittoni",-66.64749,18.13359,"cece4fc2-1fec-4bb5-a335-7252548e3f0b"
"Eleutherodactylus coqui Thomas, 1966","Eleutherodactylus","coqui",-66.88792,18.15318,"cece4fc2-1fec-4bb5-a335-7252548e3f0b"
"Eleutherodactylus coqui Thomas, 1966","Eleutherodactylus","coqui",-66.235091,18.229299,"cece4fc2-1fec-4bb5-a335-7252548e3f0b"
"Eleutherodactylus antillensis (Reinhardt & Lütken, 1863)","Eleutherodactylus","antillensis",-66.13677,18.06608,"cece4fc2-1fec-4bb5-a335-7252548e3f0b"
"Eleutherodactylus wightmanae Schmidt, 1920","Eleutherodactylus","wightmanae",-66.12419,18.05368,"cece4fc2-1fec-4bb5-a335-7252548e3f0b"
"Eleutherodactylus antillensis (Reinhardt & Lütken, 1863)","Eleutherodactylus","antillensis",-66.382554,18.357639,"cece4fc2-1fec-4bb5-a335-7252548e3f0b"
"Eleutherodactylus coqui Thomas, 1966","Eleutherodactylus","coqui",-65.69045,18.32392,"cece4fc2-1fec-4bb5-a335-7252548e3f0b"
"Eleutherodactylus coqui Thomas, 1966","Eleutherodactylus","coqui",-66.527967,18.41405,"cece4fc2-1fec-4bb5-a335-7252548e3f0b"
"Eleutherodactylus brittoni Schmidt, 1920","Eleutherodactylus","brittoni",-65.71992,18.25714,"cece4fc2-1fec-4bb5-a335-7252548e3f0b"
"Eleutherodactylus brittoni Schmidt, 1920","Eleutherodactylus","brittoni",-66.508621,18.160938,"cece4fc2-1fec-4bb5-a335-7252548e3f0b"
"Eleutherodactylus brittoni Schmidt, 1920","Eleutherodactylus","brittoni",-66.10233,18.22308,"cece4fc2-1fec-4bb5-a335-7252548e3f0b"
"Eleutherodactylus wightmanae Schmidt, 1920","Eleutherodactylus","wightmanae",-66.88327,18.15779,"cece4fc2-1fec-4bb5-a335-7252548e3f0b"
"Eleutherodactylus cochranae Grant, 1932","Eleutherodactylus","cochranae",-66.20557,18.43463,"cece4fc2-1fec-4bb5-a335-7252548e3f0b"
"Eleutherodactylus antillensis (Reinhardt & Lütken, 1863)","Eleutherodactylus","antillensis",-66.758367,18.024683,"cece4fc2-1fec-4bb5-a335-7252548e3f0b"
"Eleutherodactylus wightmanae Schmidt, 1920","Eleutherodactylus","wightmanae",-66.7758,18.1249,"cece4fc2-1fec-4bb5-a335-7252548e3f0b"
"Eleutherodactylus coqui Thomas, 1966","Eleutherodactylus","coqui",-67.013667,18.443033,"cece4fc2-1fec-4bb5-a335-7252548e3f0b"
"Eleutherodactylus antillensis (Reinhardt & Lütken, 1863)","Eleutherodactylus","antillensis",-66.672,18.4605,"cece4fc2-1fec-4bb5-a335-7252548e3f0b"
"Eleutherodactylus cochranae Grant, 1932","Eleutherodactylus","cochranae",-66.61385,18.32695,"cece4fc2-1fec-4bb5-a335-7252548e3f0b"
"Eleutherodactylus coqui Thomas, 1966","Eleutherodactylus","coqui",-66.752617,18.201283,"cece4fc2-1fec-4bb5-a335-7252548e3f0b"
"Eleutherodactylus antillensis (Reinhardt & Lütken, 1863)","Eleutherodactylus","antillensis",-66.675942,18.331839,"cece4fc2-1fec-4bb5-a335-7252548e3f0b"
"Eleutherodactylus coqui Thomas, 1966","Eleutherodactylus","coqui",-66.856894,18.414208,"cece4fc2-1fec-4bb5-a335-7252548e3f0b"
"Eleutherodactylus antillensis (Reinhardt & Lütken, 1863)","Eleutherodactylus","antillensis",-65.44802,18.1412,"cece4fc2-1fec-4bb5-a335-7252548e3f0b"
"Eleutherodactylus wightmanae Schmidt, 1920","Eleutherodactylus","wightmanae",-66.55603,18.22937,"cece4fc2-1fec-4bb5-a335-7252548e3f0b"
"Eleutherodactylus antillensis (Reinhardt & Lütken, 1863)","Eleutherodactylus","antillensis",-66.62208,18.2326,"cece4fc2-1fec-4bb5-a335-7252548e3f0b"
"Eleutherodactylus coqui Thomas, 1966","Eleutherodactylus","coqui",-66.88792,18.0401,"cece4fc2-1fec-4bb5-a335-7252548e3f0b"
"Eleutherodactylus brittoni Schmidt, 1920","Eleutherodactylus","brittoni",-65.82917,18.31216,"cece4fc2-1fec-4bb5-a335-7252548e3f0b"
"Eleutherodactylus coqui Thomas, 1966","Eleutherodactylus","coqui",-66.12419,18.05368,"cece4fc2-1fec-4bb5-a335-7252548e3f0b"
"Eleutherodactylus cochranae Grant, 1932","Eleutherodactylus","cochranae",-65.81129,18.2014,"cece4fc2-1fec-4bb5-a335-7252548e3f0b"
"Eleutherodactylus antillensis (Reinhardt & Lütken, 1863)","Eleutherodactylus","antillensis",-66.369272,18.265367,"cece4fc2-1fec-4bb5-a335-7252548e3f0b"
"Eleutherodactylus coqui Thomas, 1966","Eleutherodactylus","coqui",-66.20557,18.43463,"cece4fc2-1fec-4bb5-a335-7252548e3f0b"
"Eleutherodactylus coqui Thomas, 1966","Eleutherodactylus","coqui",-66.542239,18.310139,"cece4fc2-1fec-4bb5-a335-7252548e3f0b"
"Eleutherodactylus coqui Thomas, 1966","Eleutherodactylus","coqui",-66.331924,18.202714,"cece4fc2-1fec-4bb5-a335-7252548e3f0b"
"Eleutherodactylus coqui Thomas, 1966","Eleutherodactylus","coqui",-66.484403,18.223042,"cece4fc2-1fec-4bb5-a335-7252548e3f0b"
"Eleutherodactylus antillensis (Reinhardt & Lütken, 1863)","Eleutherodactylus","antillensis",-66.505598,18.059282,"cece4fc2-1fec-4bb5-a335-7252548e3f0b"
"Eleutherodactylus coqui Thomas, 1966","Eleutherodactylus","coqui",-66.10202,18.23629,"cece4fc2-1fec-4bb5-a335-7252548e3f0b"
"Eleutherodactylus antillensis (Reinhardt & Lütken, 1863)","Eleutherodactylus","antillensis",-65.90873,18.32547,"cece4fc2-1fec-4bb5-a335-7252548e3f0b"
"Eleutherodactylus coqui Thomas, 1966","Eleutherodactylus","coqui",-67.08685,18.191617,"cece4fc2-1fec-4bb5-a335-7252548e3f0b"
"Eleutherodactylus cochranae Grant, 1932","Eleutherodactylus","cochranae",-66.7758,18.1249,"cece4fc2-1fec-4bb5-a335-7252548e3f0b"
"Eleutherodactylus cochranae Grant, 1932","Eleutherodactylus","cochranae",-66.917433,18.0852,"cece4fc2-1fec-4bb5-a335-7252548e3f0b"
"Eleutherodactylus wightmanae Schmidt, 1920","Eleutherodactylus","wightmanae",-66.904861,18.224689,"cece4fc2-1fec-4bb5-a335-7252548e3f0b"
"Eleutherodactylus atkinsi Dunn, 1925","Eleutherodactylus","estradai",-75.12171,19.91892,"84b4d6e4-f762-11e1-a439-00145eb45e9a"
"Eleutherodactylus planirostris (Cope, 1862)","Eleutherodactylus","planirostris",-77.678694,18.468024,"50c9509d-22c7-4a22-a47d-8c48425ef4a7"
"Eleutherodactylus planirostris (Cope, 1862)","Eleutherodactylus","planirostris",-77.747238,18.426511,"50c9509d-22c7-4a22-a47d-8c48425ef4a7"
"Eleutherodactylus coqui Thomas, 1966","Eleutherodactylus","coqui",-65.721126,18.191111,"50c9509d-22c7-4a22-a47d-8c48425ef4a7"
"Eleutherodactylus abbotti Cochran, 1923","Eleutherodactylus","abbotti",-70.828094,19.051984,"50c9509d-22c7-4a22-a47d-8c48425ef4a7"
"Eleutherodactylus johnstonei Barbour, 1914","Eleutherodactylus","johnstonei",-78.010256,18.459269,"50c9509d-22c7-4a22-a47d-8c48425ef4a7"
"Eleutherodactylus inoptatus (Barbour, 1914)","Eleutherodactylus","inoptatus",-69.456243,19.058325,"50c9509d-22c7-4a22-a47d-8c48425ef4a7"
"Eleutherodactylus johnstonei Barbour, 1914","Eleutherodactylus","johnstonei",-61.009922,14.008222,"50c9509d-22c7-4a22-a47d-8c48425ef4a7"
"Eleutherodactylus cochranae Grant, 1932","Eleutherodactylus","cochranae",-66.164609,18.11792,"50c9509d-22c7-4a22-a47d-8c48425ef4a7"
"Eleutherodactylus coqui Thomas, 1966","Eleutherodactylus","coqui",-66.086063,18.454345,"50c9509d-22c7-4a22-a47d-8c48425ef4a7"
"Eleutherodactylus atkinsi Dunn, 1925","Eleutherodactylus","atkinsi",-74.566887,20.34517,"50c9509d-22c7-4a22-a47d-8c48425ef4a7"
"Eleutherodactylus flavescens Noble, 1923","Eleutherodactylus","flavescens",-70.517724,19.737216,"50c9509d-22c7-4a22-a47d-8c48425ef4a7"
"Eleutherodactylus martinicensis (Tschudi, 1838)","Eleutherodactylus","martinicensis",-61.007178,14.786184,"50c9509d-22c7-4a22-a47d-8c48425ef4a7"
"Eleutherodactylus planirostris (Cope, 1862)","Eleutherodactylus","planirostris",-81.816461,23.147555,"50c9509d-22c7-4a22-a47d-8c48425ef4a7"
"Eleutherodactylus simulans Díaz & Fong, 2001","Eleutherodactylus","simulans",-74.559819,20.253696,"50c9509d-22c7-4a22-a47d-8c48425ef4a7"
"Eleutherodactylus auriculatus (Cope, 1862)","Eleutherodactylus","auriculatus",-74.566887,20.34517,"50c9509d-22c7-4a22-a47d-8c48425ef4a7"
"Eleutherodactylus lentus (Cope, 1862)","Eleutherodactylus","lentus",-64.773636,17.735183,"50c9509d-22c7-4a22-a47d-8c48425ef4a7"
"Eleutherodactylus patriciae Schwartz, 1965","Eleutherodactylus","patriciae",-70.531637,18.781139,"50c9509d-22c7-4a22-a47d-8c48425ef4a7"
"Eleutherodactylus atkinsi Dunn, 1925","Eleutherodactylus","atkinsi",-75.115897,19.935098,"50c9509d-22c7-4a22-a47d-8c48425ef4a7"
"Eleutherodactylus coqui Thomas, 1966","Eleutherodactylus","coqui",-66.164617,18.117825,"50c9509d-22c7-4a22-a47d-8c48425ef4a7"
"Eleutherodactylus antillensis (Reinhardt & Lütken, 1863)","Eleutherodactylus","antillensis",-66.939661,18.265487,"50c9509d-22c7-4a22-a47d-8c48425ef4a7"
"Eleutherodactylus johnstonei Barbour, 1914","Eleutherodactylus","johnstonei",-63.231808,17.62727,"8a863029-f435-446a-821e-275f4f641165"
"Eleutherodactylus johnstonei Barbour, 1914","Eleutherodactylus","johnstonei",-63.23728,17.62475,"8a863029-f435-446a-821e-275f4f641165"
"Eleutherodactylus johnstonei Barbour, 1914","Eleutherodactylus","johnstonei",-63.232723,17.627762,"8a863029-f435-446a-821e-275f4f641165"
"Eleutherodactylus johnstonei Barbour, 1914","Eleutherodactylus","johnstonei",-63.229338,17.632542,"8a863029-f435-446a-821e-275f4f641165"
"Eleutherodactylus johnstonei Barbour, 1914","Eleutherodactylus","johnstonei",-63.23724,17.628096,"8a863029-f435-446a-821e-275f4f641165"
"Eleutherodactylus johnstonei Barbour, 1914","Eleutherodactylus","johnstonei",-63.235641,17.62892,"8a863029-f435-446a-821e-275f4f641165"
"Eleutherodactylus coqui Thomas, 1966","Eleutherodactylus","coqui",-66.161942,18.118545,"50c9509d-22c7-4a22-a47d-8c48425ef4a7"
"Eleutherodactylus coqui Thomas, 1966","Eleutherodactylus","coqui",-65.678822,18.272247,"50c9509d-22c7-4a22-a47d-8c48425ef4a7"
"Eleutherodactylus antillensis (Reinhardt & Lütken, 1863)","Eleutherodactylus","antillensis",-66.264139,18.309337,"50c9509d-22c7-4a22-a47d-8c48425ef4a7"
"Eleutherodactylus coqui Thomas, 1966","Eleutherodactylus","coqui",-66.264092,18.309339,"50c9509d-22c7-4a22-a47d-8c48425ef4a7"
"Eleutherodactylus coqui Thomas, 1966","Eleutherodactylus","coqui",-66.164122,18.117531,"50c9509d-22c7-4a22-a47d-8c48425ef4a7"
"Eleutherodactylus coqui Thomas, 1966","Eleutherodactylus","coqui",-66.246934,18.299526,"50c9509d-22c7-4a22-a47d-8c48425ef4a7"
"Eleutherodactylus antillensis (Reinhardt & Lütken, 1863)","Eleutherodactylus","antillensis",-66.075063,18.209781,"50c9509d-22c7-4a22-a47d-8c48425ef4a7"
"Eleutherodactylus antillensis (Reinhardt & Lütken, 1863)","Eleutherodactylus","antillensis",-66.162719,18.119106,"50c9509d-22c7-4a22-a47d-8c48425ef4a7"
"Eleutherodactylus coqui Thomas, 1966","Eleutherodactylus","coqui",-66.095674,17.976846,"50c9509d-22c7-4a22-a47d-8c48425ef4a7"
"Eleutherodactylus coqui Thomas, 1966","Eleutherodactylus","coqui",-66.169342,18.173702,"50c9509d-22c7-4a22-a47d-8c48425ef4a7"
"Eleutherodactylus antillensis (Reinhardt & Lütken, 1863)","Eleutherodactylus","antillensis",-66.164773,18.117769,"50c9509d-22c7-4a22-a47d-8c48425ef4a7"
"Eleutherodactylus coqui Thomas, 1966","Eleutherodactylus","coqui",-66.249491,18.13067,"50c9509d-22c7-4a22-a47d-8c48425ef4a7"
"Eleutherodactylus coqui Thomas, 1966","Eleutherodactylus","coqui",-67.150735,18.022854,"50c9509d-22c7-4a22-a47d-8c48425ef4a7"
"Eleutherodactylus coqui Thomas, 1966","Eleutherodactylus","coqui",-66.159152,18.178234,"50c9509d-22c7-4a22-a47d-8c48425ef4a7"
"Eleutherodactylus coqui Thomas, 1966","Eleutherodactylus","coqui",-66.251899,18.137351,"50c9509d-22c7-4a22-a47d-8c48425ef4a7"
"Eleutherodactylus antillensis (Reinhardt & Lütken, 1863)","Eleutherodactylus","antillensis",-66.164767,18.117768,"50c9509d-22c7-4a22-a47d-8c48425ef4a7"
"Eleutherodactylus coqui Thomas, 1966","Eleutherodactylus","coqui",-66.161956,18.118047,"50c9509d-22c7-4a22-a47d-8c48425ef4a7"
"Eleutherodactylus antillensis (Reinhardt & Lütken, 1863)","Eleutherodactylus","antillensis",-66.81482,18.037792,"50c9509d-22c7-4a22-a47d-8c48425ef4a7"
"Eleutherodactylus antillensis (Reinhardt & Lütken, 1863)","Eleutherodactylus","antillensis",-66.161717,18.118286,"50c9509d-22c7-4a22-a47d-8c48425ef4a7"
"Eleutherodactylus coqui Thomas, 1966","Eleutherodactylus","coqui",-66.075028,18.20995,"50c9509d-22c7-4a22-a47d-8c48425ef4a7"
"Eleutherodactylus coqui Thomas, 1966","Eleutherodactylus","coqui",-66.163497,18.119197,"50c9509d-22c7-4a22-a47d-8c48425ef4a7"
"Eleutherodactylus coqui Thomas, 1966","Eleutherodactylus","coqui",-66.074997,18.209813,"50c9509d-22c7-4a22-a47d-8c48425ef4a7"
"Eleutherodactylus coqui Thomas, 1966","Eleutherodactylus","coqui",-66.163742,18.117301,"50c9509d-22c7-4a22-a47d-8c48425ef4a7"
"Eleutherodactylus antillensis (Reinhardt & Lütken, 1863)","Eleutherodactylus","antillensis",-66.164862,18.117967,"50c9509d-22c7-4a22-a47d-8c48425ef4a7"
"Eleutherodactylus antillensis (Reinhardt & Lütken, 1863)","Eleutherodactylus","antillensis",-66.061197,18.42912,"50c9509d-22c7-4a22-a47d-8c48425ef4a7"
"Eleutherodactylus coqui Thomas, 1966","Eleutherodactylus","coqui",-66.050704,17.987705,"50c9509d-22c7-4a22-a47d-8c48425ef4a7"
"Eleutherodactylus coqui Thomas, 1966","Eleutherodactylus","coqui",-66.0409,18.232065,"50c9509d-22c7-4a22-a47d-8c48425ef4a7"
"Eleutherodactylus coqui Thomas, 1966","Eleutherodactylus","coqui",-66.041033,18.231949,"50c9509d-22c7-4a22-a47d-8c48425ef4a7"
"Eleutherodactylus antillensis (Reinhardt & Lütken, 1863)","Eleutherodactylus","antillensis",-66.16275,18.119153,"50c9509d-22c7-4a22-a47d-8c48425ef4a7"
"Eleutherodactylus coqui Thomas, 1966","Eleutherodactylus","coqui",-66.162727,18.116952,"50c9509d-22c7-4a22-a47d-8c48425ef4a7"
"Eleutherodactylus antillensis (Reinhardt & Lütken, 1863)","Eleutherodactylus","antillensis",-66.161657,18.118863,"50c9509d-22c7-4a22-a47d-8c48425ef4a7"
"Eleutherodactylus coqui Thomas, 1966","Eleutherodactylus","coqui",-66.162804,18.116948,"50c9509d-22c7-4a22-a47d-8c48425ef4a7"
"Eleutherodactylus coqui Thomas, 1966","Eleutherodactylus","coqui",-65.750795,18.386005,"50c9509d-22c7-4a22-a47d-8c48425ef4a7"
"Eleutherodactylus antillensis (Reinhardt & Lütken, 1863)","Eleutherodactylus","antillensis",-66.162711,18.1191,"50c9509d-22c7-4a22-a47d-8c48425ef4a7"
"Eleutherodactylus pictissimus Cochran, 1935","Eleutherodactylus","pictissimus",-71.419818,18.084737,"50c9509d-22c7-4a22-a47d-8c48425ef4a7"
"Eleutherodactylus coqui Thomas, 1966","Eleutherodactylus","coqui",-66.163514,18.1192,"50c9509d-22c7-4a22-a47d-8c48425ef4a7"
"Eleutherodactylus antillensis (Reinhardt & Lütken, 1863)","Eleutherodactylus","antillensis",-66.162711,18.119172,"50c9509d-22c7-4a22-a47d-8c48425ef4a7"
"Eleutherodactylus antillensis (Reinhardt & Lütken, 1863)","Eleutherodactylus","antillensis",-66.264132,18.309183,"50c9509d-22c7-4a22-a47d-8c48425ef4a7"
"Eleutherodactylus abbotti Cochran, 1923","Eleutherodactylus","abbotti",-71.171643,18.062586,"50c9509d-22c7-4a22-a47d-8c48425ef4a7"
"Eleutherodactylus antillensis (Reinhardt & Lütken, 1863)","Eleutherodactylus","antillensis",-66.162714,18.119066,"50c9509d-22c7-4a22-a47d-8c48425ef4a7"
"Eleutherodactylus coqui Thomas, 1966","Eleutherodactylus","coqui",-66.233769,18.149357,"50c9509d-22c7-4a22-a47d-8c48425ef4a7"
"Eleutherodactylus antillensis (Reinhardt & Lütken, 1863)","Eleutherodactylus","antillensis",-66.162736,18.119161,"50c9509d-22c7-4a22-a47d-8c48425ef4a7"
"Eleutherodactylus coqui Thomas, 1966","Eleutherodactylus","coqui",-66.163483,18.119222,"50c9509d-22c7-4a22-a47d-8c48425ef4a7"
"Eleutherodactylus coqui Thomas, 1966","Eleutherodactylus","coqui",-66.162592,18.116805,"50c9509d-22c7-4a22-a47d-8c48425ef4a7"
"Eleutherodactylus antillensis (Reinhardt & Lütken, 1863)","Eleutherodactylus","antillensis",-66.162133,18.119539,"50c9509d-22c7-4a22-a47d-8c48425ef4a7"
"Eleutherodactylus coqui Thomas, 1966","Eleutherodactylus","coqui",-66.157863,18.114792,"50c9509d-22c7-4a22-a47d-8c48425ef4a7"
"Eleutherodactylus inoptatus (Barbour, 1914)","Eleutherodactylus","inoptatus",-71.621179,18.113209,"50c9509d-22c7-4a22-a47d-8c48425ef4a7"
"Eleutherodactylus antillensis (Reinhardt & Lütken, 1863)","Eleutherodactylus","antillensis",-66.163269,18.118931,"50c9509d-22c7-4a22-a47d-8c48425ef4a7"
"Eleutherodactylus antillensis (Reinhardt & Lütken, 1863)","Eleutherodactylus","antillensis",-66.064834,18.207005,"50c9509d-22c7-4a22-a47d-8c48425ef4a7"
"Eleutherodactylus antillensis (Reinhardt & Lütken, 1863)","Eleutherodactylus","antillensis",-66.162689,18.119164,"50c9509d-22c7-4a22-a47d-8c48425ef4a7"
"Eleutherodactylus coqui Thomas, 1966","Eleutherodactylus","coqui",-66.164763,18.117792,"50c9509d-22c7-4a22-a47d-8c48425ef4a7"
"Eleutherodactylus coqui Thomas, 1966","Eleutherodactylus","coqui",-66.164779,18.117802,"50c9509d-22c7-4a22-a47d-8c48425ef4a7"
"Eleutherodactylus coqui Thomas, 1966","Eleutherodactylus","coqui",-66.162025,18.118589,"50c9509d-22c7-4a22-a47d-8c48425ef4a7"
"Eleutherodactylus antillensis (Reinhardt & Lütken, 1863)","Eleutherodactylus","antillensis",-66.163017,18.119039,"50c9509d-22c7-4a22-a47d-8c48425ef4a7"
"Eleutherodactylus coqui Thomas, 1966","Eleutherodactylus","coqui",-66.150261,18.190308,"50c9509d-22c7-4a22-a47d-8c48425ef4a7"
"Eleutherodactylus antillensis (Reinhardt & Lütken, 1863)","Eleutherodactylus","antillensis",-66.23324,18.14978,"50c9509d-22c7-4a22-a47d-8c48425ef4a7"
"Eleutherodactylus coqui Thomas, 1966","Eleutherodactylus","coqui",-66.150292,18.1903,"50c9509d-22c7-4a22-a47d-8c48425ef4a7"
"Eleutherodactylus abbotti Cochran, 1923","Eleutherodactylus","abbotti",-71.123157,18.071706,"50c9509d-22c7-4a22-a47d-8c48425ef4a7"
"Eleutherodactylus antillensis (Reinhardt & Lütken, 1863)","Eleutherodactylus","antillensis",-66.130072,18.243814,"50c9509d-22c7-4a22-a47d-8c48425ef4a7"
"Eleutherodactylus coqui Thomas, 1966","Eleutherodactylus","coqui",-66.105591,18.163358,"50c9509d-22c7-4a22-a47d-8c48425ef4a7"
"Eleutherodactylus coqui Thomas, 1966","Eleutherodactylus","coqui",-66.164786,18.117788,"50c9509d-22c7-4a22-a47d-8c48425ef4a7"
"Eleutherodactylus flavescens Noble, 1923","Eleutherodactylus","flavescens",-68.991508,18.923374,"50c9509d-22c7-4a22-a47d-8c48425ef4a7"
"Eleutherodactylus paralius Schwartz, 1976","Eleutherodactylus","paralius",-69.961223,18.524147,"50c9509d-22c7-4a22-a47d-8c48425ef4a7"
"Eleutherodactylus paralius Schwartz, 1976","Eleutherodactylus","paralius",-69.187459,18.452323,"50c9509d-22c7-4a22-a47d-8c48425ef4a7"
"Eleutherodactylus coqui Thomas, 1966","Eleutherodactylus","coqui",-66.164785,18.117782,"50c9509d-22c7-4a22-a47d-8c48425ef4a7"
"Eleutherodactylus coqui Thomas, 1966","Eleutherodactylus","coqui",-66.130984,18.2416,"50c9509d-22c7-4a22-a47d-8c48425ef4a7"
"Eleutherodactylus flavescens Noble, 1923","Eleutherodactylus","flavescens",-70.52357,19.719734,"50c9509d-22c7-4a22-a47d-8c48425ef4a7"
"Eleutherodactylus paralius Schwartz, 1976","Eleutherodactylus","paralius",-69.272764,18.442308,"50c9509d-22c7-4a22-a47d-8c48425ef4a7"
"Eleutherodactylus furcyensis Shreve & Williams, 1963","Eleutherodactylus","furcyensis",-72.268792,18.582209,"50c9509d-22c7-4a22-a47d-8c48425ef4a7"
"Eleutherodactylus armstrongi Noble & Hassler, 1933","Eleutherodactylus","armstrongi",-72.214457,18.541346,"50c9509d-22c7-4a22-a47d-8c48425ef4a7"
"Eleutherodactylus flavescens Noble, 1923","Eleutherodactylus","flavescens",-69.574888,19.231305,"50c9509d-22c7-4a22-a47d-8c48425ef4a7"
"Eleutherodactylus armstrongi Noble & Hassler, 1933","Eleutherodactylus","armstrongi",-72.372705,18.407964,"50c9509d-22c7-4a22-a47d-8c48425ef4a7"
"Eleutherodactylus coqui Thomas, 1966","Eleutherodactylus","coqui",-66.30912,18.241912,"50c9509d-22c7-4a22-a47d-8c48425ef4a7"
"Eleutherodactylus coqui Thomas, 1966","Eleutherodactylus","coqui",-66.309037,18.242072,"50c9509d-22c7-4a22-a47d-8c48425ef4a7"
"Eleutherodactylus furcyensis Shreve & Williams, 1963","Eleutherodactylus","furcyensis",-72.307406,18.51965,"50c9509d-22c7-4a22-a47d-8c48425ef4a7"
"Eleutherodactylus armstrongi Noble & Hassler, 1933","Eleutherodactylus","armstrongi",-72.289596,18.546885,"50c9509d-22c7-4a22-a47d-8c48425ef4a7"
"Eleutherodactylus armstrongi Noble & Hassler, 1933","Eleutherodactylus","armstrongi",-72.339727,18.596483,"50c9509d-22c7-4a22-a47d-8c48425ef4a7"
"Eleutherodactylus furcyensis Shreve & Williams, 1963","Eleutherodactylus","furcyensis",-72.342754,18.418494,"50c9509d-22c7-4a22-a47d-8c48425ef4a7"
"Eleutherodactylus coqui Thomas, 1966","Eleutherodactylus","coqui",-66.057372,18.208917,"50c9509d-22c7-4a22-a47d-8c48425ef4a7"
"Eleutherodactylus coqui Thomas, 1966","Eleutherodactylus","coqui",-66.163972,18.117667,"50c9509d-22c7-4a22-a47d-8c48425ef4a7"
"Eleutherodactylus coqui Thomas, 1966","Eleutherodactylus","coqui",-66.12545,18.211458,"50c9509d-22c7-4a22-a47d-8c48425ef4a7"
"Eleutherodactylus antillensis (Reinhardt & Lütken, 1863)","Eleutherodactylus","antillensis",-66.164872,18.117932,"50c9509d-22c7-4a22-a47d-8c48425ef4a7"
"Eleutherodactylus coqui Thomas, 1966","Eleutherodactylus","coqui",-66.133942,18.146018,"50c9509d-22c7-4a22-a47d-8c48425ef4a7"
"Eleutherodactylus furcyensis Shreve & Williams, 1963","Eleutherodactylus","furcyensis",-72.318066,18.597854,"50c9509d-22c7-4a22-a47d-8c48425ef4a7"
"Eleutherodactylus audanti Cochran, 1934","Eleutherodactylus","audanti",-72.312192,18.551647,"50c9509d-22c7-4a22-a47d-8c48425ef4a7"
"Eleutherodactylus furcyensis Shreve & Williams, 1963","Eleutherodactylus","furcyensis",-72.229124,18.433619,"50c9509d-22c7-4a22-a47d-8c48425ef4a7"
"Eleutherodactylus armstrongi Noble & Hassler, 1933","Eleutherodactylus","armstrongi",-72.313581,18.525348,"50c9509d-22c7-4a22-a47d-8c48425ef4a7"
"Eleutherodactylus planirostris (Cope, 1862)","Eleutherodactylus","planirostris",-81.411348,19.381443,"50c9509d-22c7-4a22-a47d-8c48425ef4a7"
"Eleutherodactylus johnstonei Barbour, 1914","Eleutherodactylus","johnstonei",-61.095834,14.707017,"50c9509d-22c7-4a22-a47d-8c48425ef4a7"
"Eleutherodactylus johnstonei Barbour, 1914","Eleutherodactylus","johnstonei",-61.083903,14.607215,"50c9509d-22c7-4a22-a47d-8c48425ef4a7"
"Eleutherodactylus johnstonei Barbour, 1914","Eleutherodactylus","johnstonei",-61.083736,14.619492,"50c9509d-22c7-4a22-a47d-8c48425ef4a7"
"Eleutherodactylus johnstonei Barbour, 1914","Eleutherodactylus","johnstonei",-61.087063,14.527453,"50c9509d-22c7-4a22-a47d-8c48425ef4a7"
"Eleutherodactylus gundlachi Schmidt, 1920","Eleutherodactylus","gundlachi",-74.732719,20.464239,"50c9509d-22c7-4a22-a47d-8c48425ef4a7"
"Eleutherodactylus coqui Thomas, 1966","Eleutherodactylus","coqui",-66.2641,18.309347,"50c9509d-22c7-4a22-a47d-8c48425ef4a7"
"Eleutherodactylus coqui Thomas, 1966","Eleutherodactylus","coqui",-66.075844,18.454772,"50c9509d-22c7-4a22-a47d-8c48425ef4a7"
"Eleutherodactylus inoptatus (Barbour, 1914)","Eleutherodactylus","inoptatus",-70.157229,18.922209,"50c9509d-22c7-4a22-a47d-8c48425ef4a7"
"Eleutherodactylus flavescens Noble, 1923","Eleutherodactylus","flavescens",-69.584003,19.224012,"50c9509d-22c7-4a22-a47d-8c48425ef4a7"
"Eleutherodactylus weinlandi Barbour, 1914","Eleutherodactylus","weinlandi",-70.746912,19.450887,"50c9509d-22c7-4a22-a47d-8c48425ef4a7"
"Eleutherodactylus iberia Estrada & Hedges, 1996","Eleutherodactylus","iberia",-74.778576,20.567534,"50c9509d-22c7-4a22-a47d-8c48425ef4a7"
"Eleutherodactylus montserratae Hedges, 2022","Eleutherodactylus","montserratae",-63.246138,17.630772,"50c9509d-22c7-4a22-a47d-8c48425ef4a7"
"Eleutherodactylus inoptatus (Barbour, 1914)","Eleutherodactylus","inoptatus",-70.745522,19.581162,"50c9509d-22c7-4a22-a47d-8c48425ef4a7"
"Eleutherodactylus inoptatus (Barbour, 1914)","Eleutherodactylus","inoptatus",-69.948892,19.29795,"50c9509d-22c7-4a22-a47d-8c48425ef4a7"
"Eleutherodactylus montserratae Hedges, 2022","Eleutherodactylus","montserratae",-63.238294,17.63822,"50c9509d-22c7-4a22-a47d-8c48425ef4a7"
"Eleutherodactylus montserratae Hedges, 2022","Eleutherodactylus","montserratae",-63.23646,17.631914,"50c9509d-22c7-4a22-a47d-8c48425ef4a7"
"Eleutherodactylus antillensis (Reinhardt & Lütken, 1863)","Eleutherodactylus","antillensis",-66.309075,18.241908,"50c9509d-22c7-4a22-a47d-8c48425ef4a7"
"Eleutherodactylus coqui Thomas, 1966","Eleutherodactylus","coqui",-66.264192,18.309342,"50c9509d-22c7-4a22-a47d-8c48425ef4a7"
"Eleutherodactylus coqui Thomas, 1966","Eleutherodactylus","coqui",-66.308975,18.242188,"50c9509d-22c7-4a22-a47d-8c48425ef4a7"
"Eleutherodactylus coqui Thomas, 1966","Eleutherodactylus","coqui",-66.308997,18.241975,"50c9509d-22c7-4a22-a47d-8c48425ef4a7"
"Eleutherodactylus antillensis (Reinhardt & Lütken, 1863)","Eleutherodactylus","antillensis",-66.309083,18.241867,"50c9509d-22c7-4a22-a47d-8c48425ef4a7"
"Eleutherodactylus coqui Thomas, 1966","Eleutherodactylus","coqui",-66.161471,18.11473,"50c9509d-22c7-4a22-a47d-8c48425ef4a7"
"Eleutherodactylus planirostris (Cope, 1862)","Eleutherodactylus","planirostris",-81.162092,23.197541,"50c9509d-22c7-4a22-a47d-8c48425ef4a7"
"Eleutherodactylus johnstonei Barbour, 1914","Eleutherodactylus","johnstonei",-60.976585,14.020717,"50c9509d-22c7-4a22-a47d-8c48425ef4a7"
"Eleutherodactylus coqui Thomas, 1966","Eleutherodactylus","coqui",-66.160685,18.107376,"50c9509d-22c7-4a22-a47d-8c48425ef4a7"
"Eleutherodactylus zeus Schwartz, 1958","Eleutherodactylus","zeus",-83.74878,22.696821,"50c9509d-22c7-4a22-a47d-8c48425ef4a7"
"Eleutherodactylus coqui Thomas, 1966","Eleutherodactylus","coqui",-66.106369,18.16985,"50c9509d-22c7-4a22-a47d-8c48425ef4a7"
"Eleutherodactylus haitianus Barbour, 1942","Eleutherodactylus","haitianus",-70.431229,18.740455,"50c9509d-22c7-4a22-a47d-8c48425ef4a7"
"Eleutherodactylus patriciae Schwartz, 1965","Eleutherodactylus","patriciae",-70.57255,18.628248,"50c9509d-22c7-4a22-a47d-8c48425ef4a7"
"Eleutherodactylus weinlandi Barbour, 1914","Eleutherodactylus","weinlandi",-70.417175,19.570442,"50c9509d-22c7-4a22-a47d-8c48425ef4a7"
"Eleutherodactylus flavescens Noble, 1923","Eleutherodactylus","flavescens",-69.550225,19.302656,"50c9509d-22c7-4a22-a47d-8c48425ef4a7"
"Eleutherodactylus hedricki Rivero, 1963","Eleutherodactylus","hedricki",-65.83886,18.282908,"50c9509d-22c7-4a22-a47d-8c48425ef4a7"
"Eleutherodactylus abbotti Cochran, 1923","Eleutherodactylus","abbotti",-69.476172,19.072664,"50c9509d-22c7-4a22-a47d-8c48425ef4a7"
"Eleutherodactylus weinlandi Barbour, 1914","Eleutherodactylus","weinlandi",-69.476112,19.072589,"50c9509d-22c7-4a22-a47d-8c48425ef4a7"
"Eleutherodactylus flavescens Noble, 1923","Eleutherodactylus","flavescens",-69.473192,19.003626,"50c9509d-22c7-4a22-a47d-8c48425ef4a7"
"Eleutherodactylus planirostris (Cope, 1862)","Eleutherodactylus","planirostris",-77.361887,25.075933,"50c9509d-22c7-4a22-a47d-8c48425ef4a7"
"Eleutherodactylus abbotti Cochran, 1923","Eleutherodactylus","abbotti",-69.55382,19.322266,"50c9509d-22c7-4a22-a47d-8c48425ef4a7"
"Eleutherodactylus weinlandi Barbour, 1914","Eleutherodactylus","weinlandi",-69.949128,19.297747,"50c9509d-22c7-4a22-a47d-8c48425ef4a7"
"Eleutherodactylus flavescens Noble, 1923","Eleutherodactylus","flavescens",-69.403952,19.309094,"50c9509d-22c7-4a22-a47d-8c48425ef4a7"
"Eleutherodactylus alcoae Schwartz, 1971","Eleutherodactylus","alcoae",-71.43944,17.625945,"50c9509d-22c7-4a22-a47d-8c48425ef4a7"
"Eleutherodactylus planirostris (Cope, 1862)","Eleutherodactylus","planirostris",-81.337229,19.280086,"50c9509d-22c7-4a22-a47d-8c48425ef4a7"
"Eleutherodactylus coqui Thomas, 1966","Eleutherodactylus","coqui",-66.053539,18.453457,"50c9509d-22c7-4a22-a47d-8c48425ef4a7"
"Eleutherodactylus rogersi Goin, 1955","Eleutherodactylus","rogersi",-74.465297,24.118267,"50c9509d-22c7-4a22-a47d-8c48425ef4a7"
"Eleutherodactylus planirostris (Cope, 1862)","Eleutherodactylus","planirostris",-81.16788,19.31596,"50c9509d-22c7-4a22-a47d-8c48425ef4a7"
"Eleutherodactylus planirostris (Cope, 1862)","Eleutherodactylus","planirostris",-81.33705,19.281054,"50c9509d-22c7-4a22-a47d-8c48425ef4a7"
"Eleutherodactylus rogersi Goin, 1955","Eleutherodactylus","rogersi",-74.518314,24.094414,"50c9509d-22c7-4a22-a47d-8c48425ef4a7"
"Eleutherodactylus coqui Thomas, 1966","Eleutherodactylus","coqui",-65.957475,18.396781,"50c9509d-22c7-4a22-a47d-8c48425ef4a7"
"Eleutherodactylus flavescens Noble, 1923","Eleutherodactylus","flavescens",-70.473687,19.680302,"50c9509d-22c7-4a22-a47d-8c48425ef4a7"
"Eleutherodactylus antillensis (Reinhardt & Lütken, 1863)","Eleutherodactylus","antillensis",-67.17053,18.230763,"50c9509d-22c7-4a22-a47d-8c48425ef4a7"
"Eleutherodactylus rogersi Goin, 1955","Eleutherodactylus","rogersi",-75.530361,24.407531,"50c9509d-22c7-4a22-a47d-8c48425ef4a7"
"Eleutherodactylus johnstonei Barbour, 1914","Eleutherodactylus","johnstonei",-77.060864,18.392826,"50c9509d-22c7-4a22-a47d-8c48425ef4a7"
"Eleutherodactylus planirostris (Cope, 1862)","Eleutherodactylus","planirostris",-77.459938,24.996112,"50c9509d-22c7-4a22-a47d-8c48425ef4a7"
"Eleutherodactylus abbotti Cochran, 1923","Eleutherodactylus","abbotti",-70.502017,19.118486,"50c9509d-22c7-4a22-a47d-8c48425ef4a7"
"Eleutherodactylus rogersi Goin, 1955","Eleutherodactylus","rogersi",-75.40895,24.294465,"50c9509d-22c7-4a22-a47d-8c48425ef4a7"
"Eleutherodactylus furcyensis Shreve & Williams, 1963","Eleutherodactylus","furcyensis",-71.69938,18.101185,"50c9509d-22c7-4a22-a47d-8c48425ef4a7"
"Eleutherodactylus rogersi Goin, 1955","Eleutherodactylus","rogersi",-76.212805,25.187704,"50c9509d-22c7-4a22-a47d-8c48425ef4a7"
"Eleutherodactylus flavescens Noble, 1923","Eleutherodactylus","flavescens",-69.59474,19.289997,"50c9509d-22c7-4a22-a47d-8c48425ef4a7"
"Eleutherodactylus rogersi Goin, 1955","Eleutherodactylus","rogersi",-75.552543,24.461598,"50c9509d-22c7-4a22-a47d-8c48425ef4a7"
"Eleutherodactylus flavescens Noble, 1923","Eleutherodactylus","flavescens",-68.652861,18.213738,"50c9509d-22c7-4a22-a47d-8c48425ef4a7"
"Eleutherodactylus furcyensis Shreve & Williams, 1963","Eleutherodactylus","furcyensis",-71.615576,18.042712,"50c9509d-22c7-4a22-a47d-8c48425ef4a7"
"Eleutherodactylus rogersi Goin, 1955","Eleutherodactylus","rogersi",-75.109896,23.181968,"50c9509d-22c7-4a22-a47d-8c48425ef4a7"
"Eleutherodactylus hedricki Rivero, 1963","Eleutherodactylus","hedricki",-65.832868,18.358172,"50c9509d-22c7-4a22-a47d-8c48425ef4a7"
"Eleutherodactylus antillensis (Reinhardt & Lütken, 1863)","Eleutherodactylus","antillensis",-66.87048,18.229568,"50c9509d-22c7-4a22-a47d-8c48425ef4a7"
"Eleutherodactylus rogersi Goin, 1955","Eleutherodactylus","rogersi",-74.460946,24.115041,"50c9509d-22c7-4a22-a47d-8c48425ef4a7"
"Eleutherodactylus inoptatus (Barbour, 1914)","Eleutherodactylus","inoptatus",-71.183228,18.074947,"50c9509d-22c7-4a22-a47d-8c48425ef4a7"
"Eleutherodactylus abbotti Cochran, 1923","Eleutherodactylus","abbotti",-70.538582,19.015375,"50c9509d-22c7-4a22-a47d-8c48425ef4a7"
"Eleutherodactylus rogersi Goin, 1955","Eleutherodactylus","rogersi",-75.075357,23.140612,"50c9509d-22c7-4a22-a47d-8c48425ef4a7"
"Eleutherodactylus flavescens Noble, 1923","Eleutherodactylus","flavescens",-70.480195,19.697574,"50c9509d-22c7-4a22-a47d-8c48425ef4a7"
"Eleutherodactylus rogersi Goin, 1955","Eleutherodactylus","rogersi",-75.075285,23.140348,"50c9509d-22c7-4a22-a47d-8c48425ef4a7"
"Eleutherodactylus rogersi Goin, 1955","Eleutherodactylus","rogersi",-75.100496,23.277988,"50c9509d-22c7-4a22-a47d-8c48425ef4a7"
"Eleutherodactylus planirostris (Cope, 1862)","Eleutherodactylus","planirostris",-76.865483,18.064515,"50c9509d-22c7-4a22-a47d-8c48425ef4a7"
"Eleutherodactylus coqui Thomas, 1966","Eleutherodactylus","coqui",-66.896275,18.216803,"50c9509d-22c7-4a22-a47d-8c48425ef4a7"
"Eleutherodactylus coqui Thomas, 1966","Eleutherodactylus","coqui",-65.800523,18.093071,"50c9509d-22c7-4a22-a47d-8c48425ef4a7"
"Eleutherodactylus coqui Thomas, 1966","Eleutherodactylus","coqui",-65.814187,18.32263,"50c9509d-22c7-4a22-a47d-8c48425ef4a7"
"Eleutherodactylus coqui Thomas, 1966","Eleutherodactylus","coqui",-65.856872,18.136143,"50c9509d-22c7-4a22-a47d-8c48425ef4a7"
"Eleutherodactylus antillensis (Reinhardt & Lütken, 1863)","Eleutherodactylus","antillensis",-66.72875,18.414458,"50c9509d-22c7-4a22-a47d-8c48425ef4a7"
"Eleutherodactylus coqui Thomas, 1966","Eleutherodactylus","coqui",-65.857567,18.248871,"50c9509d-22c7-4a22-a47d-8c48425ef4a7"
"Eleutherodactylus antillensis (Reinhardt & Lütken, 1863)","Eleutherodactylus","antillensis",-65.918463,18.145492,"50c9509d-22c7-4a22-a47d-8c48425ef4a7"
"Eleutherodactylus coqui Thomas, 1966","Eleutherodactylus","coqui",-65.738094,18.320263,"50c9509d-22c7-4a22-a47d-8c48425ef4a7"
"Eleutherodactylus cooki Grant, 1932","Eleutherodactylus","cooki",-65.816674,18.181411,"50c9509d-22c7-4a22-a47d-8c48425ef4a7"
"Eleutherodactylus wightmanae Schmidt, 1920","Eleutherodactylus","wightmanae",-65.8423,18.297923,"50c9509d-22c7-4a22-a47d-8c48425ef4a7"
"Eleutherodactylus antillensis (Reinhardt & Lütken, 1863)","Eleutherodactylus","antillensis",-66.72533,18.409689,"50c9509d-22c7-4a22-a47d-8c48425ef4a7"
"Eleutherodactylus antillensis (Reinhardt & Lütken, 1863)","Eleutherodactylus","antillensis",-66.728868,18.414512,"50c9509d-22c7-4a22-a47d-8c48425ef4a7"
"Eleutherodactylus coqui Thomas, 1966","Eleutherodactylus","coqui",-66.72875,18.414458,"50c9509d-22c7-4a22-a47d-8c48425ef4a7"
"Eleutherodactylus antillensis (Reinhardt & Lütken, 1863)","Eleutherodactylus","antillensis",-66.750785,18.347898,"50c9509d-22c7-4a22-a47d-8c48425ef4a7"
"Eleutherodactylus antillensis (Reinhardt & Lütken, 1863)","Eleutherodactylus","antillensis",-66.7289,18.41441,"50c9509d-22c7-4a22-a47d-8c48425ef4a7"
"Eleutherodactylus antillensis (Reinhardt & Lütken, 1863)","Eleutherodactylus","antillensis",-66.719849,18.399529,"50c9509d-22c7-4a22-a47d-8c48425ef4a7"
"Eleutherodactylus antillensis (Reinhardt & Lütken, 1863)","Eleutherodactylus","antillensis",-66.30628,18.186624,"50c9509d-22c7-4a22-a47d-8c48425ef4a7"
"Eleutherodactylus antillensis (Reinhardt & Lütken, 1863)","Eleutherodactylus","antillensis",-65.78442,18.299396,"50c9509d-22c7-4a22-a47d-8c48425ef4a7"
"Eleutherodactylus antillensis (Reinhardt & Lütken, 1863)","Eleutherodactylus","antillensis",-66.728782,18.414461,"50c9509d-22c7-4a22-a47d-8c48425ef4a7"
"Eleutherodactylus coqui Thomas, 1966","Eleutherodactylus","coqui",-66.750642,18.347927,"50c9509d-22c7-4a22-a47d-8c48425ef4a7"
"Eleutherodactylus abbotti Cochran, 1923","Eleutherodactylus","abbotti",-71.191575,18.094683,"50c9509d-22c7-4a22-a47d-8c48425ef4a7"
"Eleutherodactylus coqui Thomas, 1966","Eleutherodactylus","coqui",-65.864425,18.280575,"50c9509d-22c7-4a22-a47d-8c48425ef4a7"
"Eleutherodactylus audanti Cochran, 1934","Eleutherodactylus","audanti",-71.098442,18.158003,"50c9509d-22c7-4a22-a47d-8c48425ef4a7"
"Eleutherodactylus antillensis (Reinhardt & Lütken, 1863)","Eleutherodactylus","antillensis",-67.199696,18.292471,"50c9509d-22c7-4a22-a47d-8c48425ef4a7"
"Eleutherodactylus planirostris (Cope, 1862)","Eleutherodactylus","planirostris",-81.390612,19.361942,"50c9509d-22c7-4a22-a47d-8c48425ef4a7"
"Eleutherodactylus antillensis (Reinhardt & Lütken, 1863)","Eleutherodactylus","antillensis",-66.728762,18.414513,"50c9509d-22c7-4a22-a47d-8c48425ef4a7"
"Eleutherodactylus coqui Thomas, 1966","Eleutherodactylus","coqui",-65.864525,18.280822,"50c9509d-22c7-4a22-a47d-8c48425ef4a7"
"Eleutherodactylus inoptatus (Barbour, 1914)","Eleutherodactylus","inoptatus",-70.644186,19.100929,"50c9509d-22c7-4a22-a47d-8c48425ef4a7"
"Eleutherodactylus coqui Thomas, 1966","Eleutherodactylus","coqui",-66.775795,18.144331,"50c9509d-22c7-4a22-a47d-8c48425ef4a7"
"Eleutherodactylus leoncei Shreve & Williams, 1963","Eleutherodactylus","leoncei",-70.534135,19.040266,"feabb867-931d-47af-b90a-1a6d1410050b"
"Eleutherodactylus coqui Thomas, 1966","Eleutherodactylus","coqui",-65.910054,18.016611,"50c9509d-22c7-4a22-a47d-8c48425ef4a7"
"Eleutherodactylus coqui Thomas, 1966","Eleutherodactylus","coqui",-65.836755,18.261768,"50c9509d-22c7-4a22-a47d-8c48425ef4a7"
"Eleutherodactylus richmondi Stejneger, 1904","Eleutherodactylus","richmondi",-66.083514,18.129542,"50c9509d-22c7-4a22-a47d-8c48425ef4a7"
"Eleutherodactylus johnstonei Barbour, 1914","Eleutherodactylus","johnstonei",-76.915814,18.124095,"50c9509d-22c7-4a22-a47d-8c48425ef4a7"
"Eleutherodactylus planirostris (Cope, 1862)","Eleutherodactylus","planirostris",-77.297508,18.107571,"50c9509d-22c7-4a22-a47d-8c48425ef4a7"
"Eleutherodactylus cooki Grant, 1932","Eleutherodactylus","cooki",-65.958289,18.091066,"50c9509d-22c7-4a22-a47d-8c48425ef4a7"
"Eleutherodactylus cooki Grant, 1932","Eleutherodactylus","cooki",-65.892199,18.056638,"50c9509d-22c7-4a22-a47d-8c48425ef4a7"
"Eleutherodactylus coqui Thomas, 1966","Eleutherodactylus","coqui",-66.018677,18.443243,"50c9509d-22c7-4a22-a47d-8c48425ef4a7"
"Eleutherodactylus coqui Thomas, 1966","Eleutherodactylus","coqui",-65.864533,18.28079,"50c9509d-22c7-4a22-a47d-8c48425ef4a7"
"Eleutherodactylus weinlandi Barbour, 1914","Eleutherodactylus","weinlandi",-70.530563,19.388363,"50c9509d-22c7-4a22-a47d-8c48425ef4a7"
"Eleutherodactylus weinlandi Barbour, 1914","Eleutherodactylus","weinlandi",-70.745925,19.451978,"50c9509d-22c7-4a22-a47d-8c48425ef4a7"
"Eleutherodactylus antillensis (Reinhardt & Lütken, 1863)","Eleutherodactylus","antillensis",-66.87024,18.229346,"50c9509d-22c7-4a22-a47d-8c48425ef4a7"
"Eleutherodactylus coqui Thomas, 1966","Eleutherodactylus","coqui",-65.806105,18.391778,"50c9509d-22c7-4a22-a47d-8c48425ef4a7"
"Eleutherodactylus coqui Thomas, 1966","Eleutherodactylus","coqui",-66.058571,18.169409,"50c9509d-22c7-4a22-a47d-8c48425ef4a7"
"Eleutherodactylus cochranae Grant, 1932","Eleutherodactylus","cochranae",-65.877845,18.041306,"50c9509d-22c7-4a22-a47d-8c48425ef4a7"
"Eleutherodactylus coqui Thomas, 1966","Eleutherodactylus","coqui",-66.555625,18.319553,"50c9509d-22c7-4a22-a47d-8c48425ef4a7"
"Eleutherodactylus coqui Thomas, 1966","Eleutherodactylus","coqui",-66.590149,18.218194,"50c9509d-22c7-4a22-a47d-8c48425ef4a7"
"Eleutherodactylus coqui Thomas, 1966","Eleutherodactylus","coqui",-66.164173,18.117688,"50c9509d-22c7-4a22-a47d-8c48425ef4a7"
"Eleutherodactylus coqui Thomas, 1966","Eleutherodactylus","coqui",-66.899313,18.215608,"50c9509d-22c7-4a22-a47d-8c48425ef4a7"
"Eleutherodactylus coqui Thomas, 1966","Eleutherodactylus","coqui",-66.319454,18.287731,"50c9509d-22c7-4a22-a47d-8c48425ef4a7"
"Eleutherodactylus antillensis (Reinhardt & Lütken, 1863)","Eleutherodactylus","antillensis",-66.028101,18.386553,"50c9509d-22c7-4a22-a47d-8c48425ef4a7"
"Eleutherodactylus coqui Thomas, 1966","Eleutherodactylus","coqui",-66.164108,18.117734,"50c9509d-22c7-4a22-a47d-8c48425ef4a7"
"Eleutherodactylus coqui Thomas, 1966","Eleutherodactylus","coqui",-66.993793,18.151764,"50c9509d-22c7-4a22-a47d-8c48425ef4a7"
"Eleutherodactylus johnstonei Barbour, 1914","Eleutherodactylus","johnstonei",-61.07565,14.661575,"50c9509d-22c7-4a22-a47d-8c48425ef4a7"
"Eleutherodactylus antillensis (Reinhardt & Lütken, 1863)","Eleutherodactylus","antillensis",-66.897986,18.216567,"50c9509d-22c7-4a22-a47d-8c48425ef4a7"
"Eleutherodactylus fuscus Lynn & Dent, 1943","Eleutherodactylus","fuscus",-76.909654,18.138758,"50c9509d-22c7-4a22-a47d-8c48425ef4a7"
"Eleutherodactylus johnstonei Barbour, 1914","Eleutherodactylus","johnstonei",-61.07562,14.661563,"50c9509d-22c7-4a22-a47d-8c48425ef4a7"
"Eleutherodactylus geitonos Díaz, Incháustegui, Marte, Köhler, Cádiz & Rodríguez, 2018","Eleutherodactylus","geitonos",-70.277358,18.488136,"22eb997f-9eef-44ce-851d-1c5aeb6ffc2b"
"Eleutherodactylus ligiae Incháustegui, Díaz & Marte, 2015","Eleutherodactylus","ligiae",-71.597517,18.120967,"22eb997f-9eef-44ce-851d-1c5aeb6ffc2b"
"Eleutherodactylus neiba Incháustegui, Díaz & Marte, 2015","Eleutherodactylus","neiba",-71.7621,18.6642,"22eb997f-9eef-44ce-851d-1c5aeb6ffc2b"
"Eleutherodactylus neiba Incháustegui, Díaz & Marte, 2015","Eleutherodactylus","neiba",-71.787083,18.692233,"22eb997f-9eef-44ce-851d-1c5aeb6ffc2b"
"Eleutherodactylus coqui Thomas, 1966","Eleutherodactylus","coqui",-66.161435,18.114765,"50c9509d-22c7-4a22-a47d-8c48425ef4a7"
"Eleutherodactylus coqui Thomas, 1966","Eleutherodactylus","coqui",-65.92789,18.439709,"50c9509d-22c7-4a22-a47d-8c48425ef4a7"
"Eleutherodactylus antillensis (Reinhardt & Lütken, 1863)","Eleutherodactylus","antillensis",-66.12202,17.968114,"50c9509d-22c7-4a22-a47d-8c48425ef4a7"
"Eleutherodactylus coqui Thomas, 1966","Eleutherodactylus","coqui",-65.803581,18.361239,"50c9509d-22c7-4a22-a47d-8c48425ef4a7"
"Eleutherodactylus coqui Thomas, 1966","Eleutherodactylus","coqui",-65.80562,18.35043,"50c9509d-22c7-4a22-a47d-8c48425ef4a7"
"Eleutherodactylus richmondi Stejneger, 1904","Eleutherodactylus","richmondi",-66.190171,18.002145,"50c9509d-22c7-4a22-a47d-8c48425ef4a7"
"Eleutherodactylus coqui Thomas, 1966","Eleutherodactylus","coqui",-67.249733,18.362658,"50c9509d-22c7-4a22-a47d-8c48425ef4a7"
"Eleutherodactylus cochranae Grant, 1932","Eleutherodactylus","cochranae",-66.163492,18.117808,"50c9509d-22c7-4a22-a47d-8c48425ef4a7"
"Eleutherodactylus audanti Cochran, 1934","Eleutherodactylus","audanti",-72.367906,18.407407,"50c9509d-22c7-4a22-a47d-8c48425ef4a7"
"Eleutherodactylus coqui Thomas, 1966","Eleutherodactylus","coqui",-66.143065,18.40832,"50c9509d-22c7-4a22-a47d-8c48425ef4a7"
"Eleutherodactylus iberia Estrada & Hedges, 1996","Eleutherodactylus","iberia",-74.738173,20.518697,"50c9509d-22c7-4a22-a47d-8c48425ef4a7"
"Eleutherodactylus montserratae Hedges, 2022","Eleutherodactylus","montserratae",-62.22294,16.750166,"50c9509d-22c7-4a22-a47d-8c48425ef4a7"
"Eleutherodactylus johnstonei Barbour, 1914","Eleutherodactylus","johnstonei",-61.12916,14.75544,"07c05cd7-b1c9-415b-8509-de846838e402"
"Eleutherodactylus abbotti Cochran, 1923","Eleutherodactylus","abbotti",-70.385281,18.413811,"50c9509d-22c7-4a22-a47d-8c48425ef4a7"
"Eleutherodactylus coqui Thomas, 1966","Eleutherodactylus","coqui",-66.365044,18.318222,"50c9509d-22c7-4a22-a47d-8c48425ef4a7"
"Eleutherodactylus coqui Thomas, 1966","Eleutherodactylus","coqui",-67.048037,18.207159,"50c9509d-22c7-4a22-a47d-8c48425ef4a7"
"Eleutherodactylus coqui Thomas, 1966","Eleutherodactylus","coqui",-67.172363,18.359353,"50c9509d-22c7-4a22-a47d-8c48425ef4a7"
"Eleutherodactylus auriculatus (Cope, 1862)","Eleutherodactylus","auriculatus",-75.718737,20.096383,"50c9509d-22c7-4a22-a47d-8c48425ef4a7"
"Eleutherodactylus jaumei Estrada & Alonso, 1997","Eleutherodactylus","jaumei",-76.7,19.99,"d8cd16ba-bb74-4420-821e-083f2bac17c2"
"Eleutherodactylus johnstonei Barbour, 1914","Eleutherodactylus","johnstonei",-61.052978,13.863617,"50c9509d-22c7-4a22-a47d-8c48425ef4a7"
"Eleutherodactylus inoptatus (Barbour, 1914)","Eleutherodactylus","inoptatus",-70.798882,19.736137,"50c9509d-22c7-4a22-a47d-8c48425ef4a7"
"Eleutherodactylus rogersi Goin, 1955","Eleutherodactylus","rogersi",-74.464872,24.119283,"50c9509d-22c7-4a22-a47d-8c48425ef4a7"
"Eleutherodactylus weinlandi Barbour, 1914","Eleutherodactylus","weinlandi",-70.798813,19.736128,"50c9509d-22c7-4a22-a47d-8c48425ef4a7"
"Eleutherodactylus inoptatus (Barbour, 1914)","Eleutherodactylus","inoptatus",-70.475109,19.125612,"50c9509d-22c7-4a22-a47d-8c48425ef4a7"
"Eleutherodactylus planirostris (Cope, 1862)","Eleutherodactylus","planirostris",-77.38287,25.004549,"50c9509d-22c7-4a22-a47d-8c48425ef4a7"
"Eleutherodactylus weinlandi Barbour, 1914","Eleutherodactylus","weinlandi",-69.97115,19.66412,"50c9509d-22c7-4a22-a47d-8c48425ef4a7"
"Eleutherodactylus abbotti Cochran, 1923","Eleutherodactylus","abbotti",-69.493963,19.076389,"50c9509d-22c7-4a22-a47d-8c48425ef4a7"
"Eleutherodactylus inoptatus (Barbour, 1914)","Eleutherodactylus","inoptatus",-70.727258,19.056801,"50c9509d-22c7-4a22-a47d-8c48425ef4a7"
"Eleutherodactylus geitonos Díaz, Incháustegui, Marte, Köhler, Cádiz & Rodríguez, 2018","Eleutherodactylus","geitonos",-70.295149,18.526392,"50c9509d-22c7-4a22-a47d-8c48425ef4a7"
"Eleutherodactylus inoptatus (Barbour, 1914)","Eleutherodactylus","inoptatus",-70.516514,19.738683,"50c9509d-22c7-4a22-a47d-8c48425ef4a7"
"Eleutherodactylus weinlandi Barbour, 1914","Eleutherodactylus","weinlandi",-70.406242,19.745217,"50c9509d-22c7-4a22-a47d-8c48425ef4a7"
"Eleutherodactylus inoptatus (Barbour, 1914)","Eleutherodactylus","inoptatus",-70.27985,19.37784,"50c9509d-22c7-4a22-a47d-8c48425ef4a7"
"Eleutherodactylus weinlandi Barbour, 1914","Eleutherodactylus","weinlandi",-69.971036,19.66424,"50c9509d-22c7-4a22-a47d-8c48425ef4a7"
"Eleutherodactylus inoptatus (Barbour, 1914)","Eleutherodactylus","inoptatus",-70.687782,19.305427,"50c9509d-22c7-4a22-a47d-8c48425ef4a7"
"Eleutherodactylus inoptatus (Barbour, 1914)","Eleutherodactylus","inoptatus",-71.620811,18.113061,"50c9509d-22c7-4a22-a47d-8c48425ef4a7"
"Eleutherodactylus inoptatus (Barbour, 1914)","Eleutherodactylus","inoptatus",-71.624985,18.116946,"50c9509d-22c7-4a22-a47d-8c48425ef4a7"
"Eleutherodactylus inoptatus (Barbour, 1914)","Eleutherodactylus","inoptatus",-70.276158,19.377715,"50c9509d-22c7-4a22-a47d-8c48425ef4a7"
"Eleutherodactylus inoptatus (Barbour, 1914)","Eleutherodactylus","inoptatus",-69.97115,19.66412,"50c9509d-22c7-4a22-a47d-8c48425ef4a7"
"Eleutherodactylus weinlandi Barbour, 1914","Eleutherodactylus","weinlandi",-70.276824,19.377514,"50c9509d-22c7-4a22-a47d-8c48425ef4a7"
"Eleutherodactylus coqui Thomas, 1966","Eleutherodactylus","coqui",-66.741088,18.243497,"50c9509d-22c7-4a22-a47d-8c48425ef4a7"
"Eleutherodactylus weinlandi Barbour, 1914","Eleutherodactylus","weinlandi",-70.535895,19.652857,"50c9509d-22c7-4a22-a47d-8c48425ef4a7"
"Eleutherodactylus coqui Thomas, 1966","Eleutherodactylus","coqui",-65.997782,18.208118,"50c9509d-22c7-4a22-a47d-8c48425ef4a7"
"Eleutherodactylus rogersi Goin, 1955","Eleutherodactylus","rogersi",-74.45614,24.113838,"50c9509d-22c7-4a22-a47d-8c48425ef4a7"
"Eleutherodactylus rogersi Goin, 1955","Eleutherodactylus","rogersi",-74.46451,24.119435,"50c9509d-22c7-4a22-a47d-8c48425ef4a7"
"Eleutherodactylus coqui Thomas, 1966","Eleutherodactylus","coqui",-66.143473,18.408736,"50c9509d-22c7-4a22-a47d-8c48425ef4a7"
"Eleutherodactylus antillensis (Reinhardt & Lütken, 1863)","Eleutherodactylus","antillensis",-66.142975,18.406867,"50c9509d-22c7-4a22-a47d-8c48425ef4a7"
"Eleutherodactylus coqui Thomas, 1966","Eleutherodactylus","coqui",-66.161147,18.119328,"50c9509d-22c7-4a22-a47d-8c48425ef4a7"
"Eleutherodactylus furcyensis Shreve & Williams, 1963","Eleutherodactylus","furcyensis",-72.303362,18.490049,"50c9509d-22c7-4a22-a47d-8c48425ef4a7"
"Eleutherodactylus planirostris (Cope, 1862)","Eleutherodactylus","planirostris",-81.382416,19.328552,"50c9509d-22c7-4a22-a47d-8c48425ef4a7"
"Eleutherodactylus inoptatus (Barbour, 1914)","Eleutherodactylus","inoptatus",-72.587895,18.235543,"50c9509d-22c7-4a22-a47d-8c48425ef4a7"
"Eleutherodactylus jugans Cochran, 1937","Eleutherodactylus","jugans",-71.698015,18.374796,"50c9509d-22c7-4a22-a47d-8c48425ef4a7"
"Eleutherodactylus rogersi Goin, 1955","Eleutherodactylus","rogersi",-74.463187,24.116516,"50c9509d-22c7-4a22-a47d-8c48425ef4a7"
"Eleutherodactylus coqui Thomas, 1966","Eleutherodactylus","coqui",-65.791563,18.24008,"50c9509d-22c7-4a22-a47d-8c48425ef4a7"
"Eleutherodactylus inoptatus (Barbour, 1914)","Eleutherodactylus","inoptatus",-70.276477,18.48048,"50c9509d-22c7-4a22-a47d-8c48425ef4a7"
"Eleutherodactylus coqui Thomas, 1966","Eleutherodactylus","coqui",-65.757003,18.388028,"50c9509d-22c7-4a22-a47d-8c48425ef4a7"
"Eleutherodactylus audanti Cochran, 1934","Eleutherodactylus","audanti",-72.341571,18.508725,"50c9509d-22c7-4a22-a47d-8c48425ef4a7"
"Eleutherodactylus planirostris (Cope, 1862)","Eleutherodactylus","planirostris",-77.471803,25.067722,"50c9509d-22c7-4a22-a47d-8c48425ef4a7"
"Eleutherodactylus coqui Thomas, 1966","Eleutherodactylus","coqui",-66.264122,18.309328,"50c9509d-22c7-4a22-a47d-8c48425ef4a7"
"Eleutherodactylus coqui Thomas, 1966","Eleutherodactylus","coqui",-66.264192,18.30933,"50c9509d-22c7-4a22-a47d-8c48425ef4a7"
"Eleutherodactylus rogersi Goin, 1955","Eleutherodactylus","rogersi",-76.179077,24.907562,"50c9509d-22c7-4a22-a47d-8c48425ef4a7"
"Eleutherodactylus coqui Thomas, 1966","Eleutherodactylus","coqui",-66.264092,18.309272,"50c9509d-22c7-4a22-a47d-8c48425ef4a7"
"Eleutherodactylus johnstonei Barbour, 1914","Eleutherodactylus","johnstonei",-60.9333,14.73089,"d22e84ea-9d91-4c2a-afec-dee11a1b20fe"
"Eleutherodactylus johnstonei Barbour, 1914","Eleutherodactylus","johnstonei",-60.93342,14.73095,"d22e84ea-9d91-4c2a-afec-dee11a1b20fe"
"Eleutherodactylus johnstonei Barbour, 1914","Eleutherodactylus","johnstonei",-61.01788,14.54869,"d22e84ea-9d91-4c2a-afec-dee11a1b20fe"
"Eleutherodactylus johnstonei Barbour, 1914","Eleutherodactylus","johnstonei",-60.93319,14.73086,"d22e84ea-9d91-4c2a-afec-dee11a1b20fe"
"Eleutherodactylus johnstonei Barbour, 1914","Eleutherodactylus","johnstonei",-61.01846,14.54767,"d22e84ea-9d91-4c2a-afec-dee11a1b20fe"
"Eleutherodactylus johnstonei Barbour, 1914","Eleutherodactylus","johnstonei",-60.9421,14.67521,"833d9852-071b-42a6-acf8-01841ebf2ce3"
"Eleutherodactylus rogersi Goin, 1955","Eleutherodactylus","rogersi",-74.461021,24.114967,"50c9509d-22c7-4a22-a47d-8c48425ef4a7"
"Eleutherodactylus rogersi Goin, 1955","Eleutherodactylus","rogersi",-74.45715,24.11461,"50c9509d-22c7-4a22-a47d-8c48425ef4a7"
"Eleutherodactylus rogersi Goin, 1955","Eleutherodactylus","rogersi",-74.45687,24.1143,"50c9509d-22c7-4a22-a47d-8c48425ef4a7"
"Eleutherodactylus rogersi Goin, 1955","Eleutherodactylus","rogersi",-74.449825,24.044864,"50c9509d-22c7-4a22-a47d-8c48425ef4a7"
"Eleutherodactylus rogersi Goin, 1955","Eleutherodactylus","rogersi",-74.44885,24.0457,"50c9509d-22c7-4a22-a47d-8c48425ef4a7"
"Eleutherodactylus rogersi Goin, 1955","Eleutherodactylus","rogersi",-74.46482,24.11225,"50c9509d-22c7-4a22-a47d-8c48425ef4a7"
"Eleutherodactylus rogersi Goin, 1955","Eleutherodactylus","rogersi",-76.223107,25.187465,"50c9509d-22c7-4a22-a47d-8c48425ef4a7"
"Eleutherodactylus coqui Thomas, 1966","Eleutherodactylus","coqui",-66.993956,18.151868,"50c9509d-22c7-4a22-a47d-8c48425ef4a7"
"Eleutherodactylus rogersi Goin, 1955","Eleutherodactylus","rogersi",-74.45945,24.11465,"50c9509d-22c7-4a22-a47d-8c48425ef4a7"
"Eleutherodactylus rogersi Goin, 1955","Eleutherodactylus","rogersi",-74.50497,24.10355,"50c9509d-22c7-4a22-a47d-8c48425ef4a7"
"Eleutherodactylus rogersi Goin, 1955","Eleutherodactylus","rogersi",-74.50206,24.10835,"50c9509d-22c7-4a22-a47d-8c48425ef4a7"
"Eleutherodactylus johnstonei Barbour, 1914","Eleutherodactylus","johnstonei",-60.921542,14.471395,"50c9509d-22c7-4a22-a47d-8c48425ef4a7"
"Eleutherodactylus rogersi Goin, 1955","Eleutherodactylus","rogersi",-75.898112,23.600731,"50c9509d-22c7-4a22-a47d-8c48425ef4a7"
"Eleutherodactylus rogersi Goin, 1955","Eleutherodactylus","rogersi",-75.822785,23.535254,"50c9509d-22c7-4a22-a47d-8c48425ef4a7"
"Eleutherodactylus coqui Thomas, 1966","Eleutherodactylus","coqui",-66.017724,18.443323,"50c9509d-22c7-4a22-a47d-8c48425ef4a7"
"Eleutherodactylus coqui Thomas, 1966","Eleutherodactylus","coqui",-66.35077,18.381747,"50c9509d-22c7-4a22-a47d-8c48425ef4a7"
"Eleutherodactylus antillensis (Reinhardt & Lütken, 1863)","Eleutherodactylus","antillensis",-65.723557,18.233896,"50c9509d-22c7-4a22-a47d-8c48425ef4a7"
"Eleutherodactylus planirostris (Cope, 1862)","Eleutherodactylus","planirostris",-77.396522,25.071122,"50c9509d-22c7-4a22-a47d-8c48425ef4a7"
"Eleutherodactylus antillensis (Reinhardt & Lütken, 1863)","Eleutherodactylus","antillensis",-65.957902,18.382468,"50c9509d-22c7-4a22-a47d-8c48425ef4a7"
"Eleutherodactylus glamyrus Estrada & Hedges, 1997","Eleutherodactylus","glamyrus",-76.6,20.05,"d8cd16ba-bb74-4420-821e-083f2bac17c2"
"Eleutherodactylus auriculatus (Cope, 1862)","Eleutherodactylus","auriculatus",-75.44,20.52,"d8cd16ba-bb74-4420-821e-083f2bac17c2"
"Eleutherodactylus coqui Thomas, 1966","Eleutherodactylus","coqui",-65.606101,18.232054,"50c9509d-22c7-4a22-a47d-8c48425ef4a7"
"Eleutherodactylus rogersi Goin, 1955","Eleutherodactylus","rogersi",-76.495097,25.366489,"50c9509d-22c7-4a22-a47d-8c48425ef4a7"
"Eleutherodactylus coqui Thomas, 1966","Eleutherodactylus","coqui",-66.069063,18.393595,"50c9509d-22c7-4a22-a47d-8c48425ef4a7"
"Eleutherodactylus etheridgei Schwartz, 1958","Eleutherodactylus","etheridgei",-75.72,19.96,"d8cd16ba-bb74-4420-821e-083f2bac17c2"
"Eleutherodactylus iberia Estrada & Hedges, 1996","Eleutherodactylus","iberia",-74.67,20.51,"d8cd16ba-bb74-4420-821e-083f2bac17c2"
"Eleutherodactylus rogersi Goin, 1955","Eleutherodactylus","rogersi",-76.212802,25.187734,"50c9509d-22c7-4a22-a47d-8c48425ef4a7"
"Eleutherodactylus rogersi Goin, 1955","Eleutherodactylus","rogersi",-74.46057,24.1149,"50c9509d-22c7-4a22-a47d-8c48425ef4a7"
"Eleutherodactylus brittoni Schmidt, 1920","Eleutherodactylus","brittoni",-66.090386,18.062783,"50c9509d-22c7-4a22-a47d-8c48425ef4a7"
"Eleutherodactylus rogersi Goin, 1955","Eleutherodactylus","rogersi",-74.460796,24.114949,"50c9509d-22c7-4a22-a47d-8c48425ef4a7"
"Eleutherodactylus rogersi Goin, 1955","Eleutherodactylus","rogersi",-74.50757,24.10376,"50c9509d-22c7-4a22-a47d-8c48425ef4a7"
"Eleutherodactylus rogersi Goin, 1955","Eleutherodactylus","rogersi",-74.464295,24.118071,"50c9509d-22c7-4a22-a47d-8c48425ef4a7"
"Eleutherodactylus rogersi Goin, 1955","Eleutherodactylus","rogersi",-74.50519,24.10464,"50c9509d-22c7-4a22-a47d-8c48425ef4a7"
"Eleutherodactylus rogersi Goin, 1955","Eleutherodactylus","rogersi",-76.220934,25.186172,"50c9509d-22c7-4a22-a47d-8c48425ef4a7"
"Eleutherodactylus rogersi Goin, 1955","Eleutherodactylus","rogersi",-74.50873,24.10297,"50c9509d-22c7-4a22-a47d-8c48425ef4a7"
"Eleutherodactylus unicolor Stejneger, 1904","Eleutherodactylus","unicolor",-65.724111,18.311417,"50c9509d-22c7-4a22-a47d-8c48425ef4a7"
"Eleutherodactylus rogersi Goin, 1955","Eleutherodactylus","rogersi",-74.50117,24.11075,"50c9509d-22c7-4a22-a47d-8c48425ef4a7"
"Eleutherodactylus coqui Thomas, 1966","Eleutherodactylus","coqui",-66.090947,18.062801,"50c9509d-22c7-4a22-a47d-8c48425ef4a7"
"Eleutherodactylus coqui Thomas, 1966","Eleutherodactylus","coqui",-66.704306,18.228732,"50c9509d-22c7-4a22-a47d-8c48425ef4a7"
"Eleutherodactylus rogersi Goin, 1955","Eleutherodactylus","rogersi",-76.212224,25.188462,"50c9509d-22c7-4a22-a47d-8c48425ef4a7"
"Eleutherodactylus limbatus (Cope, 1862)","Eleutherodactylus","limbatus",-74.23,20.21,"d8cd16ba-bb74-4420-821e-083f2bac17c2"
"Eleutherodactylus antillensis (Reinhardt & Lütken, 1863)","Eleutherodactylus","antillensis",-65.519986,18.125418,"50c9509d-22c7-4a22-a47d-8c48425ef4a7"
"Eleutherodactylus coqui Thomas, 1966","Eleutherodactylus","coqui",-65.985192,18.013125,"50c9509d-22c7-4a22-a47d-8c48425ef4a7"
"Eleutherodactylus coqui Thomas, 1966","Eleutherodactylus","coqui",-65.900606,18.071119,"50c9509d-22c7-4a22-a47d-8c48425ef4a7"
"Eleutherodactylus coqui Thomas, 1966","Eleutherodactylus","coqui",-65.720958,18.191452,"50c9509d-22c7-4a22-a47d-8c48425ef4a7"
"Eleutherodactylus coqui Thomas, 1966","Eleutherodactylus","coqui",-66.007207,18.394364,"50c9509d-22c7-4a22-a47d-8c48425ef4a7"
"Eleutherodactylus coqui Thomas, 1966","Eleutherodactylus","coqui",-66.19712,18.077025,"50c9509d-22c7-4a22-a47d-8c48425ef4a7"
"Eleutherodactylus coqui Thomas, 1966","Eleutherodactylus","coqui",-66.171304,18.117967,"50c9509d-22c7-4a22-a47d-8c48425ef4a7"
"Eleutherodactylus coqui Thomas, 1966","Eleutherodactylus","coqui",-66.107207,18.392952,"50c9509d-22c7-4a22-a47d-8c48425ef4a7"
"Eleutherodactylus coqui Thomas, 1966","Eleutherodactylus","coqui",-65.970559,18.111311,"50c9509d-22c7-4a22-a47d-8c48425ef4a7"
"Eleutherodactylus coqui Thomas, 1966","Eleutherodactylus","coqui",-66.197105,18.076789,"50c9509d-22c7-4a22-a47d-8c48425ef4a7"
"Eleutherodactylus coqui Thomas, 1966","Eleutherodactylus","coqui",-66.063828,18.289595,"50c9509d-22c7-4a22-a47d-8c48425ef4a7"
"Eleutherodactylus coqui Thomas, 1966","Eleutherodactylus","coqui",-66.064055,18.289562,"50c9509d-22c7-4a22-a47d-8c48425ef4a7"
"Eleutherodactylus limbatus (Cope, 1862)","Eleutherodactylus","limbatus",-75.64,20.01,"d8cd16ba-bb74-4420-821e-083f2bac17c2"
"Eleutherodactylus auriculatus (Cope, 1862)","Eleutherodactylus","auriculatus",-82.96,22.84,"d8cd16ba-bb74-4420-821e-083f2bac17c2"
"Eleutherodactylus coqui Thomas, 1966","Eleutherodactylus","coqui",-66.040643,18.387746,"50c9509d-22c7-4a22-a47d-8c48425ef4a7"
"Eleutherodactylus cochranae Grant, 1932","Eleutherodactylus","cochranae",-65.984647,18.222628,"50c9509d-22c7-4a22-a47d-8c48425ef4a7"
"Eleutherodactylus cochranae Grant, 1932","Eleutherodactylus","cochranae",-65.958431,18.442248,"50c9509d-22c7-4a22-a47d-8c48425ef4a7"
"Eleutherodactylus pentasyringos Schwartz & Fowler, 1973","Eleutherodactylus","pentasyringos",-76.752515,18.105893,"50c9509d-22c7-4a22-a47d-8c48425ef4a7"
"Eleutherodactylus antillensis (Reinhardt & Lütken, 1863)","Eleutherodactylus","antillensis",-66.832596,18.1805,"50c9509d-22c7-4a22-a47d-8c48425ef4a7"
"Eleutherodactylus cochranae Grant, 1932","Eleutherodactylus","cochranae",-66.561045,18.084388,"50c9509d-22c7-4a22-a47d-8c48425ef4a7"
"Eleutherodactylus antillensis (Reinhardt & Lütken, 1863)","Eleutherodactylus","antillensis",-65.978795,18.39996,"50c9509d-22c7-4a22-a47d-8c48425ef4a7"
"Eleutherodactylus antillensis (Reinhardt & Lütken, 1863)","Eleutherodactylus","antillensis",-67.249764,18.362878,"50c9509d-22c7-4a22-a47d-8c48425ef4a7"
"Eleutherodactylus antillensis (Reinhardt & Lütken, 1863)","Eleutherodactylus","antillensis",-67.037493,18.192892,"50c9509d-22c7-4a22-a47d-8c48425ef4a7"
"Eleutherodactylus antillensis (Reinhardt & Lütken, 1863)","Eleutherodactylus","antillensis",-65.911634,18.124086,"50c9509d-22c7-4a22-a47d-8c48425ef4a7"
"Eleutherodactylus antillensis (Reinhardt & Lütken, 1863)","Eleutherodactylus","antillensis",-65.792405,18.4002,"50c9509d-22c7-4a22-a47d-8c48425ef4a7"
"Eleutherodactylus cooki Grant, 1932","Eleutherodactylus","cooki",-65.850357,18.132018,"50c9509d-22c7-4a22-a47d-8c48425ef4a7"
"Eleutherodactylus orientalis (Barbour & Shreve, 1937)","Eleutherodactylus","orientalis",-74.57,20.34,"d8cd16ba-bb74-4420-821e-083f2bac17c2"
"Eleutherodactylus iberia Estrada & Hedges, 1996","Eleutherodactylus","iberia",-74.79,20.47,"d8cd16ba-bb74-4420-821e-083f2bac17c2"
"Eleutherodactylus auriculatus (Cope, 1862)","Eleutherodactylus","auriculatus",-74.73,20.48,"d8cd16ba-bb74-4420-821e-083f2bac17c2"
"Eleutherodactylus pictissimus Cochran, 1935","Eleutherodactylus","pictissimus",-74.0548,18.247196,"50c9509d-22c7-4a22-a47d-8c48425ef4a7"
"Eleutherodactylus coqui Thomas, 1966","Eleutherodactylus","coqui",-65.828675,18.339833,"50c9509d-22c7-4a22-a47d-8c48425ef4a7"
"Eleutherodactylus cochranae Grant, 1932","Eleutherodactylus","cochranae",-64.661275,18.405736,"50c9509d-22c7-4a22-a47d-8c48425ef4a7"
"Eleutherodactylus cochranae Grant, 1932","Eleutherodactylus","cochranae",-66.438334,18.472582,"50c9509d-22c7-4a22-a47d-8c48425ef4a7"
"Eleutherodactylus cochranae Grant, 1932","Eleutherodactylus","cochranae",-66.595213,18.450627,"50c9509d-22c7-4a22-a47d-8c48425ef4a7"
"Eleutherodactylus orientalis (Barbour & Shreve, 1937)","Eleutherodactylus","orientalis",-75.31,20.39,"d8cd16ba-bb74-4420-821e-083f2bac17c2"
"Eleutherodactylus orientalis (Barbour & Shreve, 1937)","Eleutherodactylus","orientalis",-74.56,20.34,"d8cd16ba-bb74-4420-821e-083f2bac17c2"
"Eleutherodactylus weinlandi Barbour, 1914","Eleutherodactylus","weinlandi",-69.330955,19.279347,"8a863029-f435-446a-821e-275f4f641165"
"Eleutherodactylus flavescens Noble, 1923","Eleutherodactylus","flavescens",-69.330895,19.279367,"8a863029-f435-446a-821e-275f4f641165"
"Eleutherodactylus portoricensis Schmidt, 1927","Eleutherodactylus","portoricensis",-65.659908,18.292031,"50c9509d-22c7-4a22-a47d-8c48425ef4a7"
"Eleutherodactylus coqui Thomas, 1966","Eleutherodactylus","coqui",-66.095806,18.061461,"50c9509d-22c7-4a22-a47d-8c48425ef4a7"
"Eleutherodactylus coqui Thomas, 1966","Eleutherodactylus","coqui",-66.286422,18.38742,"50c9509d-22c7-4a22-a47d-8c48425ef4a7"
"Eleutherodactylus coqui Thomas, 1966","Eleutherodactylus","coqui",-66.091048,18.062995,"50c9509d-22c7-4a22-a47d-8c48425ef4a7"
"Eleutherodactylus cubanus Barbour, 1942","Eleutherodactylus","cubanus",-76.6,20.06,"d8cd16ba-bb74-4420-821e-083f2bac17c2"
"Eleutherodactylus iberia Estrada & Hedges, 1996","Eleutherodactylus","iberia",-74.75,20.5,"d8cd16ba-bb74-4420-821e-083f2bac17c2"
"Eleutherodactylus limbatus (Cope, 1862)","Eleutherodactylus","limbatus",-75.45,20.52,"d8cd16ba-bb74-4420-821e-083f2bac17c2"
"Eleutherodactylus auriculatus (Cope, 1862)","Eleutherodactylus","auriculatus",-76.6,20.05,"d8cd16ba-bb74-4420-821e-083f2bac17c2"
"Eleutherodactylus johnstonei Barbour, 1914","Eleutherodactylus","johnstonei",-61.09517,14.60618,"d4f0993a-0f72-445e-8d5c-1b685e5268b1"
"Eleutherodactylus johnstonei Barbour, 1914","Eleutherodactylus","johnstonei",-61.0728,14.6352,"d4f0993a-0f72-445e-8d5c-1b685e5268b1"
"Eleutherodactylus johnstonei Barbour, 1914","Eleutherodactylus","johnstonei",-60.90585,14.76315,"d4f0993a-0f72-445e-8d5c-1b685e5268b1"
"Eleutherodactylus cubanus Barbour, 1942","Eleutherodactylus","cubanus",-76.7,20.03,"d8cd16ba-bb74-4420-821e-083f2bac17c2"
"Eleutherodactylus jaumei Estrada & Alonso, 1997","Eleutherodactylus","jaumei",-76.69,20,"d8cd16ba-bb74-4420-821e-083f2bac17c2"
"Eleutherodactylus montserratae Hedges, 2022","Eleutherodactylus","montserratae",-62.18772,16.704552,"69e6b4f5-8200-4929-8a3b-8aa7ec163bd7"
"Eleutherodactylus montserratae Hedges, 2022","Eleutherodactylus","montserratae",-62.217,16.757,"69e6b4f5-8200-4929-8a3b-8aa7ec163bd7"
"Eleutherodactylus montserratae Hedges, 2022","Eleutherodactylus","montserratae",-62.22,16.73,"69e6b4f5-8200-4929-8a3b-8aa7ec163bd7"
"Eleutherodactylus coqui Thomas, 1966","Eleutherodactylus","coqui",-66.253953,18.141031,"50c9509d-22c7-4a22-a47d-8c48425ef4a7"
"Eleutherodactylus johnstonei Barbour, 1914","Eleutherodactylus","johnstonei",-61.040667,14.683535,"50c9509d-22c7-4a22-a47d-8c48425ef4a7"
"Eleutherodactylus antillensis (Reinhardt & Lütken, 1863)","Eleutherodactylus","antillensis",-66.159438,18.379657,"50c9509d-22c7-4a22-a47d-8c48425ef4a7"
"Eleutherodactylus coqui Thomas, 1966","Eleutherodactylus","coqui",-66.163236,18.113262,"50c9509d-22c7-4a22-a47d-8c48425ef4a7"
"Eleutherodactylus coqui Thomas, 1966","Eleutherodactylus","coqui",-66.149337,18.133312,"50c9509d-22c7-4a22-a47d-8c48425ef4a7"
"Eleutherodactylus coqui Thomas, 1966","Eleutherodactylus","coqui",-66.156311,18.111597,"50c9509d-22c7-4a22-a47d-8c48425ef4a7"
"Eleutherodactylus antillensis (Reinhardt & Lütken, 1863)","Eleutherodactylus","antillensis",-66.162483,18.127475,"50c9509d-22c7-4a22-a47d-8c48425ef4a7"
"Eleutherodactylus coqui Thomas, 1966","Eleutherodactylus","coqui",-66.162597,18.127536,"50c9509d-22c7-4a22-a47d-8c48425ef4a7"
"Eleutherodactylus antillensis (Reinhardt & Lütken, 1863)","Eleutherodactylus","antillensis",-66.117403,18.197227,"50c9509d-22c7-4a22-a47d-8c48425ef4a7"
"Eleutherodactylus glamyrus Estrada & Hedges, 1997","Eleutherodactylus","glamyrus",-76.85,19.98,"d8cd16ba-bb74-4420-821e-083f2bac17c2"
"Eleutherodactylus jaumei Estrada & Alonso, 1997","Eleutherodactylus","jaumei",-76.68,20.01,"d8cd16ba-bb74-4420-821e-083f2bac17c2"
"Eleutherodactylus auriculatus (Cope, 1862)","Eleutherodactylus","auriculatus",-79.6,21.87,"d8cd16ba-bb74-4420-821e-083f2bac17c2"
"Eleutherodactylus glamyrus Estrada & Hedges, 1997","Eleutherodactylus","glamyrus",-76.7,20.03,"d8cd16ba-bb74-4420-821e-083f2bac17c2"
"Eleutherodactylus limbatus (Cope, 1862)","Eleutherodactylus","limbatus",-83,22.8,"d8cd16ba-bb74-4420-821e-083f2bac17c2"
"Eleutherodactylus iberia Estrada & Hedges, 1996","Eleutherodactylus","iberia",-74.72,20.5,"d8cd16ba-bb74-4420-821e-083f2bac17c2"
"Eleutherodactylus iberia Estrada & Hedges, 1996","Eleutherodactylus","iberia",-74.69,20.52,"d8cd16ba-bb74-4420-821e-083f2bac17c2"
"Eleutherodactylus coqui Thomas, 1966","Eleutherodactylus","coqui",-66.30968,18.184556,"50c9509d-22c7-4a22-a47d-8c48425ef4a7"
"Eleutherodactylus antillensis (Reinhardt & Lütken, 1863)","Eleutherodactylus","antillensis",-66.00729,17.997378,"50c9509d-22c7-4a22-a47d-8c48425ef4a7"
"Eleutherodactylus coqui Thomas, 1966","Eleutherodactylus","coqui",-66.161768,18.115092,"50c9509d-22c7-4a22-a47d-8c48425ef4a7"
"Eleutherodactylus coqui Thomas, 1966","Eleutherodactylus","coqui",-66.123494,18.179058,"50c9509d-22c7-4a22-a47d-8c48425ef4a7"
"Eleutherodactylus coqui Thomas, 1966","Eleutherodactylus","coqui",-66.076093,18.127952,"50c9509d-22c7-4a22-a47d-8c48425ef4a7"
"Eleutherodactylus coqui Thomas, 1966","Eleutherodactylus","coqui",-66.05354,18.079261,"50c9509d-22c7-4a22-a47d-8c48425ef4a7"
"Eleutherodactylus coqui Thomas, 1966","Eleutherodactylus","coqui",-65.87117,18.314592,"50c9509d-22c7-4a22-a47d-8c48425ef4a7"
"Eleutherodactylus coqui Thomas, 1966","Eleutherodactylus","coqui",-66.16316,18.113271,"50c9509d-22c7-4a22-a47d-8c48425ef4a7"
"Eleutherodactylus antillensis (Reinhardt & Lütken, 1863)","Eleutherodactylus","antillensis",-66.179232,18.209834,"50c9509d-22c7-4a22-a47d-8c48425ef4a7"
"Eleutherodactylus coqui Thomas, 1966","Eleutherodactylus","coqui",-66.164096,18.118286,"50c9509d-22c7-4a22-a47d-8c48425ef4a7"
"Eleutherodactylus flavescens Noble, 1923","Eleutherodactylus","flavescens",-69.046276,18.878846,"50c9509d-22c7-4a22-a47d-8c48425ef4a7"
"Eleutherodactylus coqui Thomas, 1966","Eleutherodactylus","coqui",-65.819927,18.321268,"50c9509d-22c7-4a22-a47d-8c48425ef4a7"
"Eleutherodactylus antillensis (Reinhardt & Lütken, 1863)","Eleutherodactylus","antillensis",-66.201908,18.161766,"50c9509d-22c7-4a22-a47d-8c48425ef4a7"
"Eleutherodactylus antillensis (Reinhardt & Lütken, 1863)","Eleutherodactylus","antillensis",-66.162979,18.11854,"50c9509d-22c7-4a22-a47d-8c48425ef4a7"
"Eleutherodactylus coqui Thomas, 1966","Eleutherodactylus","coqui",-66.147164,18.116547,"50c9509d-22c7-4a22-a47d-8c48425ef4a7"
"Eleutherodactylus coqui Thomas, 1966","Eleutherodactylus","coqui",-65.794122,18.299541,"50c9509d-22c7-4a22-a47d-8c48425ef4a7"
"Eleutherodactylus coqui Thomas, 1966","Eleutherodactylus","coqui",-66.02575,18.061408,"50c9509d-22c7-4a22-a47d-8c48425ef4a7"
"Eleutherodactylus coqui Thomas, 1966","Eleutherodactylus","coqui",-66.147269,18.116695,"50c9509d-22c7-4a22-a47d-8c48425ef4a7"
"Eleutherodactylus coqui Thomas, 1966","Eleutherodactylus","coqui",-66.0736,18.2344,"50c9509d-22c7-4a22-a47d-8c48425ef4a7"
"Eleutherodactylus coqui Thomas, 1966","Eleutherodactylus","coqui",-66.073459,18.234481,"50c9509d-22c7-4a22-a47d-8c48425ef4a7"
"Eleutherodactylus coqui Thomas, 1966","Eleutherodactylus","coqui",-66.165353,18.104863,"50c9509d-22c7-4a22-a47d-8c48425ef4a7"
"Eleutherodactylus coqui Thomas, 1966","Eleutherodactylus","coqui",-66.147339,18.116675,"50c9509d-22c7-4a22-a47d-8c48425ef4a7"
"Eleutherodactylus coqui Thomas, 1966","Eleutherodactylus","coqui",-66.147269,18.116642,"50c9509d-22c7-4a22-a47d-8c48425ef4a7"
"Eleutherodactylus iberia Estrada & Hedges, 1996","Eleutherodactylus","iberia",-74.84,20.43,"d8cd16ba-bb74-4420-821e-083f2bac17c2"
"Eleutherodactylus jaumei Estrada & Alonso, 1997","Eleutherodactylus","jaumei",-76.69,19.99,"d8cd16ba-bb74-4420-821e-083f2bac17c2"
"Eleutherodactylus limbatus (Cope, 1862)","Eleutherodactylus","limbatus",-74.28,20.16,"d8cd16ba-bb74-4420-821e-083f2bac17c2"
"Eleutherodactylus iberia Estrada & Hedges, 1996","Eleutherodactylus","iberia",-74.87,20.45,"d8cd16ba-bb74-4420-821e-083f2bac17c2"
"Eleutherodactylus limbatus (Cope, 1862)","Eleutherodactylus","limbatus",-83.83,22.54,"d8cd16ba-bb74-4420-821e-083f2bac17c2"
"Eleutherodactylus iberia Estrada & Hedges, 1996","Eleutherodactylus","iberia",-74.86,20.44,"d8cd16ba-bb74-4420-821e-083f2bac17c2"
"Eleutherodactylus iberia Estrada & Hedges, 1996","Eleutherodactylus","iberia",-74.6,20.42,"d8cd16ba-bb74-4420-821e-083f2bac17c2"
"Eleutherodactylus limbatus (Cope, 1862)","Eleutherodactylus","limbatus",-76.05,20.02,"d8cd16ba-bb74-4420-821e-083f2bac17c2"
"Eleutherodactylus jaumei Estrada & Alonso, 1997","Eleutherodactylus","jaumei",-76.68,20,"d8cd16ba-bb74-4420-821e-083f2bac17c2"
"Eleutherodactylus auriculatus (Cope, 1862)","Eleutherodactylus","auriculatus",-75.16,20.36,"d8cd16ba-bb74-4420-821e-083f2bac17c2"
"Eleutherodactylus bartonsmithi Schwartz, 1960","Eleutherodactylus","bartonsmithi",-74.29,20.3,"d8cd16ba-bb74-4420-821e-083f2bac17c2"
"Eleutherodactylus planirostris (Cope, 1862)","Eleutherodactylus","planirostris",-82.4,23.12,"d8cd16ba-bb74-4420-821e-083f2bac17c2"
"Eleutherodactylus johnstonei Barbour, 1914","Eleutherodactylus","johnstonei",-61.361488,15.236348,"50c9509d-22c7-4a22-a47d-8c48425ef4a7"
"Eleutherodactylus antillensis (Reinhardt & Lütken, 1863)","Eleutherodactylus","antillensis",-65.770737,18.338195,"50c9509d-22c7-4a22-a47d-8c48425ef4a7"
"Eleutherodactylus johnstonei Barbour, 1914","Eleutherodactylus","johnstonei",-61.361477,15.236358,"50c9509d-22c7-4a22-a47d-8c48425ef4a7"
"Eleutherodactylus antillensis (Reinhardt & Lütken, 1863)","Eleutherodactylus","antillensis",-65.719699,18.378778,"50c9509d-22c7-4a22-a47d-8c48425ef4a7"
"Eleutherodactylus brittoni Schmidt, 1920","Eleutherodactylus","brittoni",-65.797291,18.263666,"50c9509d-22c7-4a22-a47d-8c48425ef4a7"
"Eleutherodactylus coqui Thomas, 1966","Eleutherodactylus","coqui",-66.149418,18.133108,"50c9509d-22c7-4a22-a47d-8c48425ef4a7"
"Eleutherodactylus cochranae Grant, 1932","Eleutherodactylus","cochranae",-65.723581,18.383565,"50c9509d-22c7-4a22-a47d-8c48425ef4a7"
"Eleutherodactylus cochranae Grant, 1932","Eleutherodactylus","cochranae",-66.042042,18.237218,"50c9509d-22c7-4a22-a47d-8c48425ef4a7"
"Eleutherodactylus cochranae Grant, 1932","Eleutherodactylus","cochranae",-65.719699,18.378778,"50c9509d-22c7-4a22-a47d-8c48425ef4a7"
"Eleutherodactylus antillensis (Reinhardt & Lütken, 1863)","Eleutherodactylus","antillensis",-66.042042,18.237218,"50c9509d-22c7-4a22-a47d-8c48425ef4a7"
"Eleutherodactylus coqui Thomas, 1966","Eleutherodactylus","coqui",-66.179283,18.209883,"50c9509d-22c7-4a22-a47d-8c48425ef4a7"
"Eleutherodactylus coqui Thomas, 1966","Eleutherodactylus","coqui",-66.149336,18.133186,"50c9509d-22c7-4a22-a47d-8c48425ef4a7"
"Eleutherodactylus coqui Thomas, 1966","Eleutherodactylus","coqui",-66.149332,18.133187,"50c9509d-22c7-4a22-a47d-8c48425ef4a7"
"Eleutherodactylus coqui Thomas, 1966","Eleutherodactylus","coqui",-66.159534,18.115229,"50c9509d-22c7-4a22-a47d-8c48425ef4a7"
"Eleutherodactylus coqui Thomas, 1966","Eleutherodactylus","coqui",-66.161278,18.175791,"50c9509d-22c7-4a22-a47d-8c48425ef4a7"
"Eleutherodactylus coqui Thomas, 1966","Eleutherodactylus","coqui",-66.162755,18.127005,"50c9509d-22c7-4a22-a47d-8c48425ef4a7"
"Eleutherodactylus coqui Thomas, 1966","Eleutherodactylus","coqui",-66.170105,18.129121,"50c9509d-22c7-4a22-a47d-8c48425ef4a7"
"Eleutherodactylus coqui Thomas, 1966","Eleutherodactylus","coqui",-65.828645,18.339858,"50c9509d-22c7-4a22-a47d-8c48425ef4a7"
"Eleutherodactylus coqui Thomas, 1966","Eleutherodactylus","coqui",-66.002378,18.01176,"50c9509d-22c7-4a22-a47d-8c48425ef4a7"
"Eleutherodactylus coqui Thomas, 1966","Eleutherodactylus","coqui",-66.123487,18.226499,"50c9509d-22c7-4a22-a47d-8c48425ef4a7"
"Eleutherodactylus antillensis (Reinhardt & Lütken, 1863)","Eleutherodactylus","antillensis",-65.420867,18.149154,"50c9509d-22c7-4a22-a47d-8c48425ef4a7"
"Eleutherodactylus coqui Thomas, 1966","Eleutherodactylus","coqui",-66.111882,18.124648,"50c9509d-22c7-4a22-a47d-8c48425ef4a7"
"Eleutherodactylus planirostris (Cope, 1862)","Eleutherodactylus","planirostris",-77.328593,25.072162,"50c9509d-22c7-4a22-a47d-8c48425ef4a7"
"Eleutherodactylus coqui Thomas, 1966","Eleutherodactylus","coqui",-66.17923,18.209872,"50c9509d-22c7-4a22-a47d-8c48425ef4a7"
"Eleutherodactylus coqui Thomas, 1966","Eleutherodactylus","coqui",-66.165163,18.10454,"50c9509d-22c7-4a22-a47d-8c48425ef4a7"
"Eleutherodactylus coqui Thomas, 1966","Eleutherodactylus","coqui",-66.149841,18.133722,"50c9509d-22c7-4a22-a47d-8c48425ef4a7"
"Eleutherodactylus weinlandi Barbour, 1914","Eleutherodactylus","weinlandi",-70.639512,19.771678,"50c9509d-22c7-4a22-a47d-8c48425ef4a7"
"Eleutherodactylus coqui Thomas, 1966","Eleutherodactylus","coqui",-66.003888,18.243059,"50c9509d-22c7-4a22-a47d-8c48425ef4a7"
"Eleutherodactylus planirostris (Cope, 1862)","Eleutherodactylus","planirostris",-77.328451,25.071905,"50c9509d-22c7-4a22-a47d-8c48425ef4a7"
"Eleutherodactylus planirostris (Cope, 1862)","Eleutherodactylus","planirostris",-77.328766,25.073536,"50c9509d-22c7-4a22-a47d-8c48425ef4a7"
"Eleutherodactylus weinlandi Barbour, 1914","Eleutherodactylus","weinlandi",-70.639262,19.771758,"50c9509d-22c7-4a22-a47d-8c48425ef4a7"
"Eleutherodactylus coqui Thomas, 1966","Eleutherodactylus","coqui",-66.149146,18.133939,"50c9509d-22c7-4a22-a47d-8c48425ef4a7"
"Eleutherodactylus johnstonei Barbour, 1914","Eleutherodactylus","johnstonei",-61.01929,14.65485,"91aa3d5b-6f77-4135-a823-cef438a60dfa"
"Eleutherodactylus martinicensis (Tschudi, 1838)","Eleutherodactylus","martinicensis",-61.01929,14.65485,"91aa3d5b-6f77-4135-a823-cef438a60dfa"
"Eleutherodactylus montserratae Hedges, 2022","Eleutherodactylus","montserratae",-63.231788,17.628937,"50c9509d-22c7-4a22-a47d-8c48425ef4a7"
"Eleutherodactylus coqui Thomas, 1966","Eleutherodactylus","coqui",-66.004198,18.24304,"50c9509d-22c7-4a22-a47d-8c48425ef4a7"
"Eleutherodactylus planirostris (Cope, 1862)","Eleutherodactylus","planirostris",-77.294347,17.93784,"50c9509d-22c7-4a22-a47d-8c48425ef4a7"
"Eleutherodactylus antillensis (Reinhardt & Lütken, 1863)","Eleutherodactylus","antillensis",-66.646743,18.003161,"50c9509d-22c7-4a22-a47d-8c48425ef4a7"
"Eleutherodactylus coqui Thomas, 1966","Eleutherodactylus","coqui",-66.147194,18.08012,"50c9509d-22c7-4a22-a47d-8c48425ef4a7"
"Eleutherodactylus johnstonei Barbour, 1914","Eleutherodactylus","johnstonei",-60.906198,14.7631,"50c9509d-22c7-4a22-a47d-8c48425ef4a7"
"Eleutherodactylus weinlandi Barbour, 1914","Eleutherodactylus","weinlandi",-70.740081,19.586832,"50c9509d-22c7-4a22-a47d-8c48425ef4a7"
"Eleutherodactylus flavescens Noble, 1923","Eleutherodactylus","flavescens",-70.609494,19.412271,"50c9509d-22c7-4a22-a47d-8c48425ef4a7"
"Eleutherodactylus antillensis (Reinhardt & Lütken, 1863)","Eleutherodactylus","antillensis",-66.059698,18.212356,"50c9509d-22c7-4a22-a47d-8c48425ef4a7"
"Eleutherodactylus coqui Thomas, 1966","Eleutherodactylus","coqui",-66.17913,18.209703,"50c9509d-22c7-4a22-a47d-8c48425ef4a7"
"Eleutherodactylus planirostris (Cope, 1862)","Eleutherodactylus","planirostris",-81.383775,19.351483,"50c9509d-22c7-4a22-a47d-8c48425ef4a7"
"Eleutherodactylus coqui Thomas, 1966","Eleutherodactylus","coqui",-66.162178,18.118867,"50c9509d-22c7-4a22-a47d-8c48425ef4a7"
"Eleutherodactylus weinlandi Barbour, 1914","Eleutherodactylus","weinlandi",-70.123068,18.813199,"50c9509d-22c7-4a22-a47d-8c48425ef4a7"
"Eleutherodactylus coqui Thomas, 1966","Eleutherodactylus","coqui",-66.201941,18.161664,"50c9509d-22c7-4a22-a47d-8c48425ef4a7"
"Eleutherodactylus antillensis (Reinhardt & Lütken, 1863)","Eleutherodactylus","antillensis",-67.038316,18.193657,"50c9509d-22c7-4a22-a47d-8c48425ef4a7"
"Eleutherodactylus audanti Cochran, 1934","Eleutherodactylus","audanti",-71.659014,18.326413,"50c9509d-22c7-4a22-a47d-8c48425ef4a7"
"Eleutherodactylus coqui Thomas, 1966","Eleutherodactylus","coqui",-66.003915,18.242997,"50c9509d-22c7-4a22-a47d-8c48425ef4a7"
"Eleutherodactylus abbotti Cochran, 1923","Eleutherodactylus","abbotti",-70.149529,19.33844,"50c9509d-22c7-4a22-a47d-8c48425ef4a7"
"Eleutherodactylus weinlandi Barbour, 1914","Eleutherodactylus","weinlandi",-70.21628,18.948969,"50c9509d-22c7-4a22-a47d-8c48425ef4a7"
"Eleutherodactylus coqui Thomas, 1966","Eleutherodactylus","coqui",-66.03093,18.093045,"50c9509d-22c7-4a22-a47d-8c48425ef4a7"
"Eleutherodactylus antillensis (Reinhardt & Lütken, 1863)","Eleutherodactylus","antillensis",-66.599341,18.448412,"50c9509d-22c7-4a22-a47d-8c48425ef4a7"
"Eleutherodactylus antillensis (Reinhardt & Lütken, 1863)","Eleutherodactylus","antillensis",-66.59648,18.45083,"50c9509d-22c7-4a22-a47d-8c48425ef4a7"
"Eleutherodactylus flavescens Noble, 1923","Eleutherodactylus","flavescens",-70.200152,18.998319,"50c9509d-22c7-4a22-a47d-8c48425ef4a7"
"Eleutherodactylus inoptatus (Barbour, 1914)","Eleutherodactylus","inoptatus",-70.226676,18.954832,"50c9509d-22c7-4a22-a47d-8c48425ef4a7"
"Eleutherodactylus brittoni Schmidt, 1920","Eleutherodactylus","brittoni",-66.491875,18.17423,"50c9509d-22c7-4a22-a47d-8c48425ef4a7"
"Eleutherodactylus antillensis (Reinhardt & Lütken, 1863)","Eleutherodactylus","antillensis",-65.991597,18.325105,"50c9509d-22c7-4a22-a47d-8c48425ef4a7"
"Eleutherodactylus coqui Thomas, 1966","Eleutherodactylus","coqui",-65.813347,18.335897,"50c9509d-22c7-4a22-a47d-8c48425ef4a7"
"Eleutherodactylus coqui Thomas, 1966","Eleutherodactylus","coqui",-66.7096,18.32891,"50c9509d-22c7-4a22-a47d-8c48425ef4a7"
"Eleutherodactylus antillensis (Reinhardt & Lütken, 1863)","Eleutherodactylus","antillensis",-66.96627,18.4084,"50c9509d-22c7-4a22-a47d-8c48425ef4a7"
"Eleutherodactylus antillensis (Reinhardt & Lütken, 1863)","Eleutherodactylus","antillensis",-66.96215,18.420283,"50c9509d-22c7-4a22-a47d-8c48425ef4a7"
"Eleutherodactylus coqui Thomas, 1966","Eleutherodactylus","coqui",-66.088227,18.456337,"50c9509d-22c7-4a22-a47d-8c48425ef4a7"
"Eleutherodactylus wightmanae Schmidt, 1920","Eleutherodactylus","wightmanae",-66.430245,18.029736,"50c9509d-22c7-4a22-a47d-8c48425ef4a7"
"Eleutherodactylus antillensis (Reinhardt & Lütken, 1863)","Eleutherodactylus","antillensis",-67.201955,18.305473,"50c9509d-22c7-4a22-a47d-8c48425ef4a7"
"Eleutherodactylus antillensis (Reinhardt & Lütken, 1863)","Eleutherodactylus","antillensis",-65.89457,18.38773,"50c9509d-22c7-4a22-a47d-8c48425ef4a7"
"Eleutherodactylus coqui Thomas, 1966","Eleutherodactylus","coqui",-66.993482,18.178921,"50c9509d-22c7-4a22-a47d-8c48425ef4a7"
"Eleutherodactylus antillensis (Reinhardt & Lütken, 1863)","Eleutherodactylus","antillensis",-65.854713,18.280233,"50c9509d-22c7-4a22-a47d-8c48425ef4a7"
"Eleutherodactylus coqui Thomas, 1966","Eleutherodactylus","coqui",-65.999792,18.228258,"50c9509d-22c7-4a22-a47d-8c48425ef4a7"
"Eleutherodactylus coqui Thomas, 1966","Eleutherodactylus","coqui",-66.993763,18.178475,"50c9509d-22c7-4a22-a47d-8c48425ef4a7"
"Eleutherodactylus antillensis (Reinhardt & Lütken, 1863)","Eleutherodactylus","antillensis",-66.994595,18.179004,"50c9509d-22c7-4a22-a47d-8c48425ef4a7"
"Eleutherodactylus coqui Thomas, 1966","Eleutherodactylus","coqui",-65.864403,18.27577,"50c9509d-22c7-4a22-a47d-8c48425ef4a7"
"Eleutherodactylus montserratae Hedges, 2022","Eleutherodactylus","montserratae",-62.191903,16.75592,"50c9509d-22c7-4a22-a47d-8c48425ef4a7"
"Eleutherodactylus antillensis (Reinhardt & Lütken, 1863)","Eleutherodactylus","antillensis",-66.993482,18.178921,"50c9509d-22c7-4a22-a47d-8c48425ef4a7"
"Eleutherodactylus wightmanae Schmidt, 1920","Eleutherodactylus","wightmanae",-65.864905,18.282034,"50c9509d-22c7-4a22-a47d-8c48425ef4a7"
"Eleutherodactylus brittoni Schmidt, 1920","Eleutherodactylus","brittoni",-66.510383,18.158931,"50c9509d-22c7-4a22-a47d-8c48425ef4a7"
"Eleutherodactylus antillensis (Reinhardt & Lütken, 1863)","Eleutherodactylus","antillensis",-66.086708,18.457058,"50c9509d-22c7-4a22-a47d-8c48425ef4a7"
"Eleutherodactylus antillensis (Reinhardt & Lütken, 1863)","Eleutherodactylus","antillensis",-64.79986,17.764121,"50c9509d-22c7-4a22-a47d-8c48425ef4a7"
"Eleutherodactylus brittoni Schmidt, 1920","Eleutherodactylus","brittoni",-65.872179,18.328065,"50c9509d-22c7-4a22-a47d-8c48425ef4a7"
"Eleutherodactylus coqui Thomas, 1966","Eleutherodactylus","coqui",-65.800319,18.093048,"50c9509d-22c7-4a22-a47d-8c48425ef4a7"
"Eleutherodactylus richmondi Stejneger, 1904","Eleutherodactylus","richmondi",-65.924943,18.290441,"50c9509d-22c7-4a22-a47d-8c48425ef4a7"
"Eleutherodactylus antillensis (Reinhardt & Lütken, 1863)","Eleutherodactylus","antillensis",-66.858946,18.233248,"50c9509d-22c7-4a22-a47d-8c48425ef4a7"
"Eleutherodactylus coqui Thomas, 1966","Eleutherodactylus","coqui",-66.993133,18.178617,"50c9509d-22c7-4a22-a47d-8c48425ef4a7"
"Eleutherodactylus antillensis (Reinhardt & Lütken, 1863)","Eleutherodactylus","antillensis",-66.99437,18.179066,"50c9509d-22c7-4a22-a47d-8c48425ef4a7"
"Eleutherodactylus antillensis (Reinhardt & Lütken, 1863)","Eleutherodactylus","antillensis",-66.092854,18.448934,"50c9509d-22c7-4a22-a47d-8c48425ef4a7"
"Eleutherodactylus antillensis (Reinhardt & Lütken, 1863)","Eleutherodactylus","antillensis",-66.870228,18.229367,"50c9509d-22c7-4a22-a47d-8c48425ef4a7"
"Eleutherodactylus weinlandi Barbour, 1914","Eleutherodactylus","weinlandi",-69.340569,19.201589,"50c9509d-22c7-4a22-a47d-8c48425ef4a7"
"Eleutherodactylus coqui Thomas, 1966","Eleutherodactylus","coqui",-66.092114,18.454257,"50c9509d-22c7-4a22-a47d-8c48425ef4a7"
"Eleutherodactylus coqui Thomas, 1966","Eleutherodactylus","coqui",-65.780355,18.299288,"50c9509d-22c7-4a22-a47d-8c48425ef4a7"
"Eleutherodactylus johnstonei Barbour, 1914","Eleutherodactylus","johnstonei",-77.092801,18.41332,"50c9509d-22c7-4a22-a47d-8c48425ef4a7"
"Eleutherodactylus antillensis (Reinhardt & Lütken, 1863)","Eleutherodactylus","antillensis",-67.036889,18.194805,"50c9509d-22c7-4a22-a47d-8c48425ef4a7"
"Eleutherodactylus weinlandi Barbour, 1914","Eleutherodactylus","weinlandi",-70.709364,19.761489,"50c9509d-22c7-4a22-a47d-8c48425ef4a7"
"Eleutherodactylus antillensis (Reinhardt & Lütken, 1863)","Eleutherodactylus","antillensis",-67.036956,18.194862,"50c9509d-22c7-4a22-a47d-8c48425ef4a7"
"Eleutherodactylus antillensis (Reinhardt & Lütken, 1863)","Eleutherodactylus","antillensis",-66.993867,18.17892,"50c9509d-22c7-4a22-a47d-8c48425ef4a7"
"Eleutherodactylus coqui Thomas, 1966","Eleutherodactylus","coqui",-65.730681,18.33021,"50c9509d-22c7-4a22-a47d-8c48425ef4a7"
"Eleutherodactylus coqui Thomas, 1966","Eleutherodactylus","coqui",-66.993422,18.178883,"50c9509d-22c7-4a22-a47d-8c48425ef4a7"
"Eleutherodactylus coqui Thomas, 1966","Eleutherodactylus","coqui",-65.817711,18.322125,"50c9509d-22c7-4a22-a47d-8c48425ef4a7"
"Eleutherodactylus planirostris (Cope, 1862)","Eleutherodactylus","planirostris",-84.056575,22.208044,"50c9509d-22c7-4a22-a47d-8c48425ef4a7"
"Eleutherodactylus coqui Thomas, 1966","Eleutherodactylus","coqui",-66.090022,18.455125,"50c9509d-22c7-4a22-a47d-8c48425ef4a7"
"Eleutherodactylus coqui Thomas, 1966","Eleutherodactylus","coqui",-66.712021,18.328682,"50c9509d-22c7-4a22-a47d-8c48425ef4a7"
"Eleutherodactylus inoptatus (Barbour, 1914)","Eleutherodactylus","inoptatus",-72.452667,18.255344,"50c9509d-22c7-4a22-a47d-8c48425ef4a7"
"Eleutherodactylus coqui Thomas, 1966","Eleutherodactylus","coqui",-65.819567,18.322508,"50c9509d-22c7-4a22-a47d-8c48425ef4a7"
"Eleutherodactylus coqui Thomas, 1966","Eleutherodactylus","coqui",-66.70717,18.276542,"50c9509d-22c7-4a22-a47d-8c48425ef4a7"
"Eleutherodactylus atkinsi Dunn, 1925","Eleutherodactylus","atkinsi",-75.127536,19.920075,"50c9509d-22c7-4a22-a47d-8c48425ef4a7"
"Eleutherodactylus coqui Thomas, 1966","Eleutherodactylus","coqui",-65.819805,18.32273,"50c9509d-22c7-4a22-a47d-8c48425ef4a7"
"Eleutherodactylus coqui Thomas, 1966","Eleutherodactylus","coqui",-66.157874,18.126252,"50c9509d-22c7-4a22-a47d-8c48425ef4a7"
"Eleutherodactylus johnstonei Barbour, 1914","Eleutherodactylus","johnstonei",-61.01929,14.65485,"6ed43f52-25d1-4d56-a821-63a8564b81f6"
"Eleutherodactylus martinicensis (Tschudi, 1838)","Eleutherodactylus","martinicensis",-61.01929,14.65485,"6ed43f52-25d1-4d56-a821-63a8564b81f6"
"Eleutherodactylus iberia Estrada & Hedges, 1996","Eleutherodactylus","iberia",-74.5,20.33,"d8cd16ba-bb74-4420-821e-083f2bac17c2"
"Eleutherodactylus limbatus (Cope, 1862)","Eleutherodactylus","limbatus",-75.48,20.52,"d8cd16ba-bb74-4420-821e-083f2bac17c2"
"Eleutherodactylus iberia Estrada & Hedges, 1996","Eleutherodactylus","iberia",-74.73,20.48,"d8cd16ba-bb74-4420-821e-083f2bac17c2"
"Eleutherodactylus mariposa Hedges, Estrada & Thomas, 1992","Eleutherodactylus","mariposa",-75.16,20.35,"d8cd16ba-bb74-4420-821e-083f2bac17c2"
"Eleutherodactylus limbatus (Cope, 1862)","Eleutherodactylus","limbatus",-74.81,20.45,"d8cd16ba-bb74-4420-821e-083f2bac17c2"
"Eleutherodactylus etheridgei Schwartz, 1958","Eleutherodactylus","etheridgei",-75.75,19.95,"d8cd16ba-bb74-4420-821e-083f2bac17c2"
"Eleutherodactylus iberia Estrada & Hedges, 1996","Eleutherodactylus","iberia",-74.85,20.43,"d8cd16ba-bb74-4420-821e-083f2bac17c2"
"Eleutherodactylus paralius Schwartz, 1976","Eleutherodactylus","paralius",-69.869215,18.448185,"50c9509d-22c7-4a22-a47d-8c48425ef4a7"
"Eleutherodactylus goini Schwartz, 1960","Eleutherodactylus","goini",-83.045207,22.68877,"50c9509d-22c7-4a22-a47d-8c48425ef4a7"
"Eleutherodactylus abbotti Cochran, 1923","Eleutherodactylus","abbotti",-70.54435,19.058508,"50c9509d-22c7-4a22-a47d-8c48425ef4a7"
"Eleutherodactylus johnstonei Barbour, 1914","Eleutherodactylus","johnstonei",-60.883993,14.428913,"50c9509d-22c7-4a22-a47d-8c48425ef4a7"
"Eleutherodactylus thomasi Schwartz, 1959","Eleutherodactylus","thomasi",-81.019837,22.113234,"50c9509d-22c7-4a22-a47d-8c48425ef4a7"
"Eleutherodactylus antillensis (Reinhardt & Lütken, 1863)","Eleutherodactylus","antillensis",-65.664689,18.34112,"50c9509d-22c7-4a22-a47d-8c48425ef4a7"
"Eleutherodactylus coqui Thomas, 1966","Eleutherodactylus","coqui",-65.791777,18.298674,"50c9509d-22c7-4a22-a47d-8c48425ef4a7"
"Eleutherodactylus coqui Thomas, 1966","Eleutherodactylus","coqui",-65.782446,18.240308,"50c9509d-22c7-4a22-a47d-8c48425ef4a7"
"Eleutherodactylus antillensis (Reinhardt & Lütken, 1863)","Eleutherodactylus","antillensis",-67.07312,18.139792,"50c9509d-22c7-4a22-a47d-8c48425ef4a7"
"Eleutherodactylus coqui Thomas, 1966","Eleutherodactylus","coqui",-66.613674,18.157211,"50c9509d-22c7-4a22-a47d-8c48425ef4a7"
"Eleutherodactylus coqui Thomas, 1966","Eleutherodactylus","coqui",-66.176924,18.411916,"50c9509d-22c7-4a22-a47d-8c48425ef4a7"
"Eleutherodactylus coqui Thomas, 1966","Eleutherodactylus","coqui",-65.731195,18.328838,"50c9509d-22c7-4a22-a47d-8c48425ef4a7"
"Eleutherodactylus antillensis (Reinhardt & Lütken, 1863)","Eleutherodactylus","antillensis",-65.731075,18.328595,"50c9509d-22c7-4a22-a47d-8c48425ef4a7"
"Eleutherodactylus coqui Thomas, 1966","Eleutherodactylus","coqui",-66.168273,18.135775,"50c9509d-22c7-4a22-a47d-8c48425ef4a7"
"Eleutherodactylus antillensis (Reinhardt & Lütken, 1863)","Eleutherodactylus","antillensis",-65.731165,18.329232,"50c9509d-22c7-4a22-a47d-8c48425ef4a7"
"Eleutherodactylus coqui Thomas, 1966","Eleutherodactylus","coqui",-66.373651,18.036866,"50c9509d-22c7-4a22-a47d-8c48425ef4a7"
"Eleutherodactylus planirostris (Cope, 1862)","Eleutherodactylus","planirostris",-81.382335,19.345929,"50c9509d-22c7-4a22-a47d-8c48425ef4a7"
"Eleutherodactylus antillensis (Reinhardt & Lütken, 1863)","Eleutherodactylus","antillensis",-65.821772,18.337865,"50c9509d-22c7-4a22-a47d-8c48425ef4a7"
"Eleutherodactylus cooki Grant, 1932","Eleutherodactylus","cooki",-65.924912,18.027192,"50c9509d-22c7-4a22-a47d-8c48425ef4a7"
"Eleutherodactylus dimidiatus (Cope, 1862)","Eleutherodactylus","dimidiatus",-75.709754,20.0717,"50c9509d-22c7-4a22-a47d-8c48425ef4a7"
"Eleutherodactylus dimidiatus (Cope, 1862)","Eleutherodactylus","dimidiatus",-80.087292,21.876737,"50c9509d-22c7-4a22-a47d-8c48425ef4a7"
"Eleutherodactylus guanahacabibes Estrada & Rodriguez, 1985","Eleutherodactylus","guanahacabibes",-84.405704,21.872346,"50c9509d-22c7-4a22-a47d-8c48425ef4a7"
"Eleutherodactylus coqui Thomas, 1966","Eleutherodactylus","coqui",-66.069205,18.453045,"50c9509d-22c7-4a22-a47d-8c48425ef4a7"
"Eleutherodactylus antillensis (Reinhardt & Lütken, 1863)","Eleutherodactylus","antillensis",-65.761987,18.338029,"50c9509d-22c7-4a22-a47d-8c48425ef4a7"
"Eleutherodactylus planirostris (Cope, 1862)","Eleutherodactylus","planirostris",-81.381783,19.332442,"50c9509d-22c7-4a22-a47d-8c48425ef4a7"
"Eleutherodactylus antillensis (Reinhardt & Lütken, 1863)","Eleutherodactylus","antillensis",-67.126221,18.025459,"50c9509d-22c7-4a22-a47d-8c48425ef4a7"
"Eleutherodactylus johnstonei Barbour, 1914","Eleutherodactylus","johnstonei",-60.981567,14.014483,"50c9509d-22c7-4a22-a47d-8c48425ef4a7"
"Eleutherodactylus coqui Thomas, 1966","Eleutherodactylus","coqui",-66.092115,18.453616,"50c9509d-22c7-4a22-a47d-8c48425ef4a7"
"Eleutherodactylus coqui Thomas, 1966","Eleutherodactylus","coqui",-65.795257,18.264361,"50c9509d-22c7-4a22-a47d-8c48425ef4a7"
"Eleutherodactylus zeus Schwartz, 1958","Eleutherodactylus","zeus",-83.896688,22.448763,"50c9509d-22c7-4a22-a47d-8c48425ef4a7"
"Eleutherodactylus coqui Thomas, 1966","Eleutherodactylus","coqui",-66.157845,18.126234,"50c9509d-22c7-4a22-a47d-8c48425ef4a7"
"Eleutherodactylus coqui Thomas, 1966","Eleutherodactylus","coqui",-65.794975,18.266894,"50c9509d-22c7-4a22-a47d-8c48425ef4a7"
"Eleutherodactylus coqui Thomas, 1966","Eleutherodactylus","coqui",-64.819871,17.728449,"50c9509d-22c7-4a22-a47d-8c48425ef4a7"
"Eleutherodactylus coqui Thomas, 1966","Eleutherodactylus","coqui",-64.83794,17.735722,"50c9509d-22c7-4a22-a47d-8c48425ef4a7"
"Eleutherodactylus coqui Thomas, 1966","Eleutherodactylus","coqui",-64.851023,17.738224,"50c9509d-22c7-4a22-a47d-8c48425ef4a7"
"Eleutherodactylus coqui Thomas, 1966","Eleutherodactylus","coqui",-66.066481,18.453454,"50c9509d-22c7-4a22-a47d-8c48425ef4a7"
"Eleutherodactylus antillensis (Reinhardt & Lütken, 1863)","Eleutherodactylus","antillensis",-66.050035,18.251608,"50c9509d-22c7-4a22-a47d-8c48425ef4a7"
"Eleutherodactylus coqui Thomas, 1966","Eleutherodactylus","coqui",-66.248295,18.250815,"50c9509d-22c7-4a22-a47d-8c48425ef4a7"
"Eleutherodactylus auriculatoides Noble, 1923","Eleutherodactylus","auriculatoides",-70.534253,19.195488,"50c9509d-22c7-4a22-a47d-8c48425ef4a7"
"Eleutherodactylus coqui Thomas, 1966","Eleutherodactylus","coqui",-66.083369,18.45288,"50c9509d-22c7-4a22-a47d-8c48425ef4a7"
"Eleutherodactylus johnstonei Barbour, 1914","Eleutherodactylus","johnstonei",-61.18401,14.75953,"7247dc2e-b862-4555-b533-7701d183271b"
"Eleutherodactylus johnstonei Barbour, 1914","Eleutherodactylus","johnstonei",-61.05853,14.62995,"7247dc2e-b862-4555-b533-7701d183271b"
"Eleutherodactylus johnstonei Barbour, 1914","Eleutherodactylus","johnstonei",-61.056,14.7875,"dea05a0f-6245-4adc-9e76-c1335033b6f8"
"Eleutherodactylus johnstonei Barbour, 1914","Eleutherodactylus","johnstonei",-61.05738,14.70229,"dea05a0f-6245-4adc-9e76-c1335033b6f8"
"Eleutherodactylus johnstonei Barbour, 1914","Eleutherodactylus","johnstonei",-60.89967,14.59021,"dea05a0f-6245-4adc-9e76-c1335033b6f8"
"Eleutherodactylus johnstonei Barbour, 1914","Eleutherodactylus","johnstonei",-60.85695,14.43397,"dea05a0f-6245-4adc-9e76-c1335033b6f8"
"Eleutherodactylus antillensis (Reinhardt & Lütken, 1863)","Eleutherodactylus","antillensis",-67.17954,18.302215,"50c9509d-22c7-4a22-a47d-8c48425ef4a7"
"Eleutherodactylus coqui Thomas, 1966","Eleutherodactylus","coqui",-67.094896,18.22676,"50c9509d-22c7-4a22-a47d-8c48425ef4a7"
"Eleutherodactylus coqui Thomas, 1966","Eleutherodactylus","coqui",-66.997528,18.312178,"50c9509d-22c7-4a22-a47d-8c48425ef4a7"
"Eleutherodactylus coqui Thomas, 1966","Eleutherodactylus","coqui",-66.992443,18.17843,"50c9509d-22c7-4a22-a47d-8c48425ef4a7"
"Eleutherodactylus antillensis (Reinhardt & Lütken, 1863)","Eleutherodactylus","antillensis",-67.177835,18.097917,"50c9509d-22c7-4a22-a47d-8c48425ef4a7"
"Eleutherodactylus antillensis (Reinhardt & Lütken, 1863)","Eleutherodactylus","antillensis",-67.177774,18.097935,"50c9509d-22c7-4a22-a47d-8c48425ef4a7"
"Eleutherodactylus antillensis (Reinhardt & Lütken, 1863)","Eleutherodactylus","antillensis",-67.230055,18.367896,"50c9509d-22c7-4a22-a47d-8c48425ef4a7"
"Eleutherodactylus johnstonei Barbour, 1914","Eleutherodactylus","johnstonei",-61.024709,13.764409,"50c9509d-22c7-4a22-a47d-8c48425ef4a7"
"Eleutherodactylus coqui Thomas, 1966","Eleutherodactylus","coqui",-66.124818,18.15406,"50c9509d-22c7-4a22-a47d-8c48425ef4a7"
"Eleutherodactylus johnstonei Barbour, 1914","Eleutherodactylus","johnstonei",-61.026583,13.762308,"50c9509d-22c7-4a22-a47d-8c48425ef4a7"
"Eleutherodactylus coqui Thomas, 1966","Eleutherodactylus","coqui",-66.992947,18.178532,"50c9509d-22c7-4a22-a47d-8c48425ef4a7"
"Eleutherodactylus coqui Thomas, 1966","Eleutherodactylus","coqui",-66.993057,18.179167,"50c9509d-22c7-4a22-a47d-8c48425ef4a7"
"Eleutherodactylus cooki Grant, 1932","Eleutherodactylus","cooki",-65.928418,18.103136,"50c9509d-22c7-4a22-a47d-8c48425ef4a7"
"Eleutherodactylus johnstonei Barbour, 1914","Eleutherodactylus","johnstonei",-61.023839,13.765316,"50c9509d-22c7-4a22-a47d-8c48425ef4a7"
"Eleutherodactylus paralius Schwartz, 1976","Eleutherodactylus","paralius",-69.847139,18.473209,"50c9509d-22c7-4a22-a47d-8c48425ef4a7"
"Eleutherodactylus coqui Thomas, 1966","Eleutherodactylus","coqui",-65.80829,18.308721,"50c9509d-22c7-4a22-a47d-8c48425ef4a7"
"Eleutherodactylus johnstonei Barbour, 1914","Eleutherodactylus","johnstonei",-77.692299,18.432737,"50c9509d-22c7-4a22-a47d-8c48425ef4a7"
"Eleutherodactylus abbotti Cochran, 1923","Eleutherodactylus","abbotti",-70.543373,19.032657,"50c9509d-22c7-4a22-a47d-8c48425ef4a7"
"Eleutherodactylus coqui Thomas, 1966","Eleutherodactylus","coqui",-66.461083,18.177,"50c9509d-22c7-4a22-a47d-8c48425ef4a7"
"Eleutherodactylus planirostris (Cope, 1862)","Eleutherodactylus","planirostris",-76.752954,18.001186,"50c9509d-22c7-4a22-a47d-8c48425ef4a7"
"Eleutherodactylus coqui Thomas, 1966","Eleutherodactylus","coqui",-65.918021,18.22772,"50c9509d-22c7-4a22-a47d-8c48425ef4a7"
"Eleutherodactylus coqui Thomas, 1966","Eleutherodactylus","coqui",-65.764671,18.302632,"50c9509d-22c7-4a22-a47d-8c48425ef4a7"
"Eleutherodactylus antillensis (Reinhardt & Lütken, 1863)","Eleutherodactylus","antillensis",-66.590171,18.306866,"50c9509d-22c7-4a22-a47d-8c48425ef4a7"
"Eleutherodactylus abbotti Cochran, 1923","Eleutherodactylus","abbotti",-70.522231,19.029837,"50c9509d-22c7-4a22-a47d-8c48425ef4a7"
"Eleutherodactylus coqui Thomas, 1966","Eleutherodactylus","coqui",-65.799248,18.245022,"50c9509d-22c7-4a22-a47d-8c48425ef4a7"
"Eleutherodactylus antillensis (Reinhardt & Lütken, 1863)","Eleutherodactylus","antillensis",-65.764671,18.302632,"50c9509d-22c7-4a22-a47d-8c48425ef4a7"
"Eleutherodactylus coqui Thomas, 1966","Eleutherodactylus","coqui",-66.614062,18.011077,"50c9509d-22c7-4a22-a47d-8c48425ef4a7"
"Eleutherodactylus coqui Thomas, 1966","Eleutherodactylus","coqui",-66.4611,18.176923,"50c9509d-22c7-4a22-a47d-8c48425ef4a7"
"Eleutherodactylus coqui Thomas, 1966","Eleutherodactylus","coqui",-65.653885,18.220483,"50c9509d-22c7-4a22-a47d-8c48425ef4a7"
"Eleutherodactylus coqui Thomas, 1966","Eleutherodactylus","coqui",-65.72135,18.192073,"50c9509d-22c7-4a22-a47d-8c48425ef4a7"
"Eleutherodactylus weinlandi Barbour, 1914","Eleutherodactylus","weinlandi",-70.149751,19.337613,"50c9509d-22c7-4a22-a47d-8c48425ef4a7"
"Eleutherodactylus coqui Thomas, 1966","Eleutherodactylus","coqui",-66.025086,18.247695,"50c9509d-22c7-4a22-a47d-8c48425ef4a7"
"Eleutherodactylus gossei Dunn, 1926","Eleutherodactylus","gossei",-76.765195,18.024485,"50c9509d-22c7-4a22-a47d-8c48425ef4a7"
"Eleutherodactylus coqui Thomas, 1966","Eleutherodactylus","coqui",-66.042042,18.237218,"50c9509d-22c7-4a22-a47d-8c48425ef4a7"
"Eleutherodactylus johnstonei Barbour, 1914","Eleutherodactylus","johnstonei",-77.060588,18.392987,"50c9509d-22c7-4a22-a47d-8c48425ef4a7"
"Eleutherodactylus weinlandi Barbour, 1914","Eleutherodactylus","weinlandi",-70.117783,18.418017,"50c9509d-22c7-4a22-a47d-8c48425ef4a7"
"Eleutherodactylus cochranae Grant, 1932","Eleutherodactylus","cochranae",-66.594008,18.449833,"50c9509d-22c7-4a22-a47d-8c48425ef4a7"
"Eleutherodactylus flavescens Noble, 1923","Eleutherodactylus","flavescens",-70.758483,19.647084,"50c9509d-22c7-4a22-a47d-8c48425ef4a7"
"Eleutherodactylus inoptatus (Barbour, 1914)","Eleutherodactylus","inoptatus",-70.70982,19.76092,"50c9509d-22c7-4a22-a47d-8c48425ef4a7"
"Eleutherodactylus coqui Thomas, 1966","Eleutherodactylus","coqui",-66.471782,18.335815,"50c9509d-22c7-4a22-a47d-8c48425ef4a7"
"Eleutherodactylus abbotti Cochran, 1923","Eleutherodactylus","abbotti",-70.54366,19.032283,"50c9509d-22c7-4a22-a47d-8c48425ef4a7"
"Eleutherodactylus inoptatus (Barbour, 1914)","Eleutherodactylus","inoptatus",-70.119086,18.416738,"50c9509d-22c7-4a22-a47d-8c48425ef4a7"
"Eleutherodactylus cochranae Grant, 1932","Eleutherodactylus","cochranae",-66.596799,18.452282,"50c9509d-22c7-4a22-a47d-8c48425ef4a7"
"Eleutherodactylus portoricensis Schmidt, 1927","Eleutherodactylus","portoricensis",-65.769475,18.211329,"50c9509d-22c7-4a22-a47d-8c48425ef4a7"
"Eleutherodactylus antillensis (Reinhardt & Lütken, 1863)","Eleutherodactylus","antillensis",-65.800033,18.295135,"50c9509d-22c7-4a22-a47d-8c48425ef4a7"
"Eleutherodactylus coqui Thomas, 1966","Eleutherodactylus","coqui",-66.186145,18.128486,"50c9509d-22c7-4a22-a47d-8c48425ef4a7"
"Eleutherodactylus nortoni Schwartz, 1976","Eleutherodactylus","nortoni",-71.617988,18.059024,"50c9509d-22c7-4a22-a47d-8c48425ef4a7"
"Eleutherodactylus inoptatus (Barbour, 1914)","Eleutherodactylus","inoptatus",-70.185395,19.60253,"50c9509d-22c7-4a22-a47d-8c48425ef4a7"
"Eleutherodactylus brittoni Schmidt, 1920","Eleutherodactylus","brittoni",-66.509786,18.160146,"50c9509d-22c7-4a22-a47d-8c48425ef4a7"
"Eleutherodactylus inoptatus (Barbour, 1914)","Eleutherodactylus","inoptatus",-74.301056,18.377207,"50c9509d-22c7-4a22-a47d-8c48425ef4a7"
"Eleutherodactylus nortoni Schwartz, 1976","Eleutherodactylus","nortoni",-71.694681,18.195191,"50c9509d-22c7-4a22-a47d-8c48425ef4a7"
"Eleutherodactylus antillensis (Reinhardt & Lütken, 1863)","Eleutherodactylus","antillensis",-66.938512,18.473832,"50c9509d-22c7-4a22-a47d-8c48425ef4a7"
"Eleutherodactylus inoptatus (Barbour, 1914)","Eleutherodactylus","inoptatus",-74.313962,18.371863,"50c9509d-22c7-4a22-a47d-8c48425ef4a7"
"Eleutherodactylus coqui Thomas, 1966","Eleutherodactylus","coqui",-66.4611,18.176924,"50c9509d-22c7-4a22-a47d-8c48425ef4a7"
"Eleutherodactylus leoncei Shreve & Williams, 1963","Eleutherodactylus","leoncei",-71.654891,18.21626,"50c9509d-22c7-4a22-a47d-8c48425ef4a7"
"Eleutherodactylus paralius Schwartz, 1976","Eleutherodactylus","paralius",-69.948353,18.487843,"50c9509d-22c7-4a22-a47d-8c48425ef4a7"
"Eleutherodactylus coqui Thomas, 1966","Eleutherodactylus","coqui",-65.678566,18.272099,"50c9509d-22c7-4a22-a47d-8c48425ef4a7"
"Eleutherodactylus abbotti Cochran, 1923","Eleutherodactylus","abbotti",-71.280134,18.092308,"50c9509d-22c7-4a22-a47d-8c48425ef4a7"
"Eleutherodactylus inoptatus (Barbour, 1914)","Eleutherodactylus","inoptatus",-71.634458,18.151049,"50c9509d-22c7-4a22-a47d-8c48425ef4a7"
"Eleutherodactylus abbotti Cochran, 1923","Eleutherodactylus","abbotti",-70.745049,19.579922,"50c9509d-22c7-4a22-a47d-8c48425ef4a7"
"Eleutherodactylus inoptatus (Barbour, 1914)","Eleutherodactylus","inoptatus",-72.281628,18.448605,"50c9509d-22c7-4a22-a47d-8c48425ef4a7"
"Eleutherodactylus audanti Cochran, 1934","Eleutherodactylus","audanti",-71.206963,18.170727,"50c9509d-22c7-4a22-a47d-8c48425ef4a7"
"Eleutherodactylus paralius Schwartz, 1976","Eleutherodactylus","paralius",-69.832036,18.553409,"50c9509d-22c7-4a22-a47d-8c48425ef4a7"
"Eleutherodactylus abbotti Cochran, 1923","Eleutherodactylus","abbotti",-70.744629,19.582611,"50c9509d-22c7-4a22-a47d-8c48425ef4a7"
"Eleutherodactylus abbotti Cochran, 1923","Eleutherodactylus","abbotti",-71.626369,18.113869,"50c9509d-22c7-4a22-a47d-8c48425ef4a7"
"Eleutherodactylus flavescens Noble, 1923","Eleutherodactylus","flavescens",-70.749735,19.692681,"50c9509d-22c7-4a22-a47d-8c48425ef4a7"
"Eleutherodactylus brittoni Schmidt, 1920","Eleutherodactylus","brittoni",-66.599503,18.166125,"50c9509d-22c7-4a22-a47d-8c48425ef4a7"
"Eleutherodactylus coqui Thomas, 1966","Eleutherodactylus","coqui",-65.79762,18.141155,"50c9509d-22c7-4a22-a47d-8c48425ef4a7"
"Eleutherodactylus antillensis (Reinhardt & Lütken, 1863)","Eleutherodactylus","antillensis",-66.05088,18.252702,"50c9509d-22c7-4a22-a47d-8c48425ef4a7"
"Eleutherodactylus cooki Grant, 1932","Eleutherodactylus","cooki",-65.939039,18.089723,"50c9509d-22c7-4a22-a47d-8c48425ef4a7"
"Eleutherodactylus antillensis (Reinhardt & Lütken, 1863)","Eleutherodactylus","antillensis",-65.902062,18.233532,"50c9509d-22c7-4a22-a47d-8c48425ef4a7"
"Eleutherodactylus planirostris (Cope, 1862)","Eleutherodactylus","planirostris",-76.746415,18.000469,"50c9509d-22c7-4a22-a47d-8c48425ef4a7"
"Eleutherodactylus coqui Thomas, 1966","Eleutherodactylus","coqui",-66.160446,18.115018,"50c9509d-22c7-4a22-a47d-8c48425ef4a7"
"Eleutherodactylus coqui Thomas, 1966","Eleutherodactylus","coqui",-66.287909,18.305476,"50c9509d-22c7-4a22-a47d-8c48425ef4a7"
"Eleutherodactylus coqui Thomas, 1966","Eleutherodactylus","coqui",-66.156316,18.111597,"50c9509d-22c7-4a22-a47d-8c48425ef4a7"
"Eleutherodactylus coqui Thomas, 1966","Eleutherodactylus","coqui",-65.9869,18.246992,"50c9509d-22c7-4a22-a47d-8c48425ef4a7"
"Eleutherodactylus richmondi Stejneger, 1904","Eleutherodactylus","richmondi",-65.845751,18.351507,"50c9509d-22c7-4a22-a47d-8c48425ef4a7"
"Eleutherodactylus coqui Thomas, 1966","Eleutherodactylus","coqui",-67.145985,18.202341,"50c9509d-22c7-4a22-a47d-8c48425ef4a7"
"Eleutherodactylus richmondi Stejneger, 1904","Eleutherodactylus","richmondi",-65.835187,18.373184,"50c9509d-22c7-4a22-a47d-8c48425ef4a7"
"Eleutherodactylus coqui Thomas, 1966","Eleutherodactylus","coqui",-66.106955,18.320429,"50c9509d-22c7-4a22-a47d-8c48425ef4a7"
"Eleutherodactylus coqui Thomas, 1966","Eleutherodactylus","coqui",-66.186946,18.128981,"50c9509d-22c7-4a22-a47d-8c48425ef4a7"
"Eleutherodactylus coqui Thomas, 1966","Eleutherodactylus","coqui",-66.189889,18.130515,"50c9509d-22c7-4a22-a47d-8c48425ef4a7"
"Eleutherodactylus coqui Thomas, 1966","Eleutherodactylus","coqui",-66.157722,18.114845,"50c9509d-22c7-4a22-a47d-8c48425ef4a7"
"Eleutherodactylus coqui Thomas, 1966","Eleutherodactylus","coqui",-65.885977,18.378059,"50c9509d-22c7-4a22-a47d-8c48425ef4a7"
"Eleutherodactylus coqui Thomas, 1966","Eleutherodactylus","coqui",-66.158979,18.119911,"50c9509d-22c7-4a22-a47d-8c48425ef4a7"
"Eleutherodactylus nortoni Schwartz, 1976","Eleutherodactylus","nortoni",-71.772217,18.135821,"50c9509d-22c7-4a22-a47d-8c48425ef4a7"
"Eleutherodactylus coqui Thomas, 1966","Eleutherodactylus","coqui",-66.15901,18.1199,"50c9509d-22c7-4a22-a47d-8c48425ef4a7"
"Eleutherodactylus glamyrus Estrada & Hedges, 1997","Eleutherodactylus","glamyrus",-76.84,20.01,"d8cd16ba-bb74-4420-821e-083f2bac17c2"
"Eleutherodactylus eileenae Dunn, 1926","Eleutherodactylus","eileenae",-77.78,21.61,"d8cd16ba-bb74-4420-821e-083f2bac17c2"
"Eleutherodactylus eileenae Dunn, 1926","Eleutherodactylus","eileenae",-83.83,22.58,"d8cd16ba-bb74-4420-821e-083f2bac17c2"
"Eleutherodactylus eileenae Dunn, 1926","Eleutherodactylus","eileenae",-84.48,21.77,"d8cd16ba-bb74-4420-821e-083f2bac17c2"
"Eleutherodactylus atkinsi Dunn, 1925","Eleutherodactylus","atkinsi",-74.23,20.19,"d8cd16ba-bb74-4420-821e-083f2bac17c2"
"Eleutherodactylus atkinsi Dunn, 1925","Eleutherodactylus","atkinsi",-74.57,20.34,"d8cd16ba-bb74-4420-821e-083f2bac17c2"
"Eleutherodactylus atkinsi Dunn, 1925","Eleutherodactylus","atkinsi",-75.45,20.52,"d8cd16ba-bb74-4420-821e-083f2bac17c2"
"Eleutherodactylus atkinsi Dunn, 1925","Eleutherodactylus","atkinsi",-77.78,21.61,"d8cd16ba-bb74-4420-821e-083f2bac17c2"
"Eleutherodactylus atkinsi Dunn, 1925","Eleutherodactylus","atkinsi",-83.82,22.59,"d8cd16ba-bb74-4420-821e-083f2bac17c2"
"Eleutherodactylus eileenae Dunn, 1926","Eleutherodactylus","eileenae",-83.01,22.8,"d8cd16ba-bb74-4420-821e-083f2bac17c2"
"Eleutherodactylus eileenae Dunn, 1926","Eleutherodactylus","eileenae",-83.99,22.33,"d8cd16ba-bb74-4420-821e-083f2bac17c2"
"Eleutherodactylus atkinsi Dunn, 1925","Eleutherodactylus","atkinsi",-74.75,20.51,"d8cd16ba-bb74-4420-821e-083f2bac17c2"
"Eleutherodactylus atkinsi Dunn, 1925","Eleutherodactylus","atkinsi",-80.81,22.42,"d8cd16ba-bb74-4420-821e-083f2bac17c2"
"Eleutherodactylus feichtingeri Díaz, Hedges & Schmid, 2012","Eleutherodactylus","feichtingeri",-76.04,20.03,"d8cd16ba-bb74-4420-821e-083f2bac17c2"
"Eleutherodactylus cuneatus (Cope, 1862)","Eleutherodactylus","cuneatus",-76.05,20.01,"d8cd16ba-bb74-4420-821e-083f2bac17c2"
"Eleutherodactylus atkinsi Dunn, 1925","Eleutherodactylus","atkinsi",-74.23,20.31,"d8cd16ba-bb74-4420-821e-083f2bac17c2"
"Eleutherodactylus atkinsi Dunn, 1925","Eleutherodactylus","atkinsi",-74.6,20.48,"d8cd16ba-bb74-4420-821e-083f2bac17c2"
"Eleutherodactylus atkinsi Dunn, 1925","Eleutherodactylus","atkinsi",-75.83,20.02,"d8cd16ba-bb74-4420-821e-083f2bac17c2"
"Eleutherodactylus feichtingeri Díaz, Hedges & Schmid, 2012","Eleutherodactylus","feichtingeri",-75.64,20.01,"d8cd16ba-bb74-4420-821e-083f2bac17c2"
"Eleutherodactylus atkinsi Dunn, 1925","Eleutherodactylus","atkinsi",-74.81,20.45,"d8cd16ba-bb74-4420-821e-083f2bac17c2"
"Eleutherodactylus atkinsi Dunn, 1925","Eleutherodactylus","atkinsi",-76.67,19.96,"d8cd16ba-bb74-4420-821e-083f2bac17c2"
"Eleutherodactylus atkinsi Dunn, 1925","Eleutherodactylus","atkinsi",-81.79,23.05,"d8cd16ba-bb74-4420-821e-083f2bac17c2"
"Eleutherodactylus dimidiatus (Cope, 1862)","Eleutherodactylus","dimidiatus",-74.6,20.42,"d8cd16ba-bb74-4420-821e-083f2bac17c2"
"Eleutherodactylus atkinsi Dunn, 1925","Eleutherodactylus","atkinsi",-74.23,20.21,"d8cd16ba-bb74-4420-821e-083f2bac17c2"
"Eleutherodactylus auriculatus (Cope, 1862)","Eleutherodactylus","auriculatus",-75.02,20.32,"d8cd16ba-bb74-4420-821e-083f2bac17c2"
"Eleutherodactylus cuneatus (Cope, 1862)","Eleutherodactylus","cuneatus",-76.05,20.02,"d8cd16ba-bb74-4420-821e-083f2bac17c2"
"Eleutherodactylus atkinsi Dunn, 1925","Eleutherodactylus","atkinsi",-74.57,20.35,"d8cd16ba-bb74-4420-821e-083f2bac17c2"
"Eleutherodactylus eileenae Dunn, 1926","Eleutherodactylus","eileenae",-79.6,21.89,"d8cd16ba-bb74-4420-821e-083f2bac17c2"
"Eleutherodactylus eileenae Dunn, 1926","Eleutherodactylus","eileenae",-83.4,22.77,"d8cd16ba-bb74-4420-821e-083f2bac17c2"
"Eleutherodactylus cuneatus (Cope, 1862)","Eleutherodactylus","cuneatus",-75.46,20.52,"d8cd16ba-bb74-4420-821e-083f2bac17c2"
"Eleutherodactylus eileenae Dunn, 1926","Eleutherodactylus","eileenae",-80.02,21.93,"d8cd16ba-bb74-4420-821e-083f2bac17c2"
"Eleutherodactylus cuneatus (Cope, 1862)","Eleutherodactylus","cuneatus",-75.67,20.01,"d8cd16ba-bb74-4420-821e-083f2bac17c2"
"Eleutherodactylus auriculatus (Cope, 1862)","Eleutherodactylus","auriculatus",-76.69,19.99,"d8cd16ba-bb74-4420-821e-083f2bac17c2"
"Eleutherodactylus atkinsi Dunn, 1925","Eleutherodactylus","atkinsi",-76.04,20.03,"d8cd16ba-bb74-4420-821e-083f2bac17c2"
"Eleutherodactylus auriculatus (Cope, 1862)","Eleutherodactylus","auriculatus",-79.6,21.88,"d8cd16ba-bb74-4420-821e-083f2bac17c2"
"Eleutherodactylus eileenae Dunn, 1926","Eleutherodactylus","eileenae",-79.6,21.88,"d8cd16ba-bb74-4420-821e-083f2bac17c2"
"Eleutherodactylus auriculatus (Cope, 1862)","Eleutherodactylus","auriculatus",-76.04,20.03,"d8cd16ba-bb74-4420-821e-083f2bac17c2"
"Eleutherodactylus cuneatus (Cope, 1862)","Eleutherodactylus","cuneatus",-75.48,20.52,"d8cd16ba-bb74-4420-821e-083f2bac17c2"
"Eleutherodactylus feichtingeri Díaz, Hedges & Schmid, 2012","Eleutherodactylus","feichtingeri",-77.78,21.61,"d8cd16ba-bb74-4420-821e-083f2bac17c2"
"Eleutherodactylus etheridgei Schwartz, 1958","Eleutherodactylus","etheridgei",-75.73,19.96,"d8cd16ba-bb74-4420-821e-083f2bac17c2"
"Eleutherodactylus limbatus (Cope, 1862)","Eleutherodactylus","limbatus",-74.83,20.43,"d8cd16ba-bb74-4420-821e-083f2bac17c2"
"Eleutherodactylus auriculatus (Cope, 1862)","Eleutherodactylus","auriculatus",-74.57,20.35,"d8cd16ba-bb74-4420-821e-083f2bac17c2"
"Eleutherodactylus auriculatus (Cope, 1862)","Eleutherodactylus","auriculatus",-74.67,20.51,"d8cd16ba-bb74-4420-821e-083f2bac17c2"
"Eleutherodactylus auriculatus (Cope, 1862)","Eleutherodactylus","auriculatus",-84.48,21.92,"d8cd16ba-bb74-4420-821e-083f2bac17c2"
"Eleutherodactylus auriculatus (Cope, 1862)","Eleutherodactylus","auriculatus",-74.9,20.42,"d8cd16ba-bb74-4420-821e-083f2bac17c2"
"Eleutherodactylus auriculatus (Cope, 1862)","Eleutherodactylus","auriculatus",-74.75,20.57,"d8cd16ba-bb74-4420-821e-083f2bac17c2"
"Eleutherodactylus eileenae Dunn, 1926","Eleutherodactylus","eileenae",-79.6,21.87,"d8cd16ba-bb74-4420-821e-083f2bac17c2"
"Eleutherodactylus principalis Estrada & Hedges, 1997","Eleutherodactylus","principalis",-74.73,20.48,"d8cd16ba-bb74-4420-821e-083f2bac17c2"
"Eleutherodactylus ronaldi Schwartz, 1960","Eleutherodactylus","ronaldi",-74.55,20.34,"d8cd16ba-bb74-4420-821e-083f2bac17c2"
"Eleutherodactylus auriculatus (Cope, 1862)","Eleutherodactylus","auriculatus",-83.44,22.78,"d8cd16ba-bb74-4420-821e-083f2bac17c2"
"Eleutherodactylus principalis Estrada & Hedges, 1997","Eleutherodactylus","principalis",-74.57,20.35,"d8cd16ba-bb74-4420-821e-083f2bac17c2"
"Eleutherodactylus auriculatus (Cope, 1862)","Eleutherodactylus","auriculatus",-74.55,20.34,"d8cd16ba-bb74-4420-821e-083f2bac17c2"
"Eleutherodactylus auriculatus (Cope, 1862)","Eleutherodactylus","auriculatus",-76.68,19.98,"d8cd16ba-bb74-4420-821e-083f2bac17c2"
"Eleutherodactylus glamyrus Estrada & Hedges, 1997","Eleutherodactylus","glamyrus",-76.84,19.99,"d8cd16ba-bb74-4420-821e-083f2bac17c2"
"Eleutherodactylus atkinsi Dunn, 1925","Eleutherodactylus","atkinsi",-75.8,20.48,"d8cd16ba-bb74-4420-821e-083f2bac17c2"
"Eleutherodactylus atkinsi Dunn, 1925","Eleutherodactylus","atkinsi",-75.86,19.97,"d8cd16ba-bb74-4420-821e-083f2bac17c2"
"Eleutherodactylus atkinsi Dunn, 1925","Eleutherodactylus","atkinsi",-83.99,22.32,"d8cd16ba-bb74-4420-821e-083f2bac17c2"
"Eleutherodactylus dimidiatus (Cope, 1862)","Eleutherodactylus","dimidiatus",-76.05,20.01,"d8cd16ba-bb74-4420-821e-083f2bac17c2"
"Eleutherodactylus atkinsi Dunn, 1925","Eleutherodactylus","atkinsi",-74.83,20.43,"d8cd16ba-bb74-4420-821e-083f2bac17c2"
"Eleutherodactylus dimidiatus (Cope, 1862)","Eleutherodactylus","dimidiatus",-79.6,21.89,"d8cd16ba-bb74-4420-821e-083f2bac17c2"
"Eleutherodactylus auriculatus (Cope, 1862)","Eleutherodactylus","auriculatus",-74.23,20.21,"d8cd16ba-bb74-4420-821e-083f2bac17c2"
"Eleutherodactylus atkinsi Dunn, 1925","Eleutherodactylus","atkinsi",-75.02,20.32,"d8cd16ba-bb74-4420-821e-083f2bac17c2"
"Eleutherodactylus atkinsi Dunn, 1925","Eleutherodactylus","atkinsi",-83.29,22.96,"d8cd16ba-bb74-4420-821e-083f2bac17c2"
"Eleutherodactylus atkinsi Dunn, 1925","Eleutherodactylus","atkinsi",-74.18,20.27,"d8cd16ba-bb74-4420-821e-083f2bac17c2"
"Eleutherodactylus atkinsi Dunn, 1925","Eleutherodactylus","atkinsi",-75.48,20.52,"d8cd16ba-bb74-4420-821e-083f2bac17c2"
"Eleutherodactylus auriculatus (Cope, 1862)","Eleutherodactylus","auriculatus",-75.29,20.31,"d8cd16ba-bb74-4420-821e-083f2bac17c2"
"Eleutherodactylus eileenae Dunn, 1926","Eleutherodactylus","eileenae",-80.05,22.04,"d8cd16ba-bb74-4420-821e-083f2bac17c2"
"Eleutherodactylus auriculatus (Cope, 1862)","Eleutherodactylus","auriculatus",-83.79,22.59,"d8cd16ba-bb74-4420-821e-083f2bac17c2"
"Eleutherodactylus atkinsi Dunn, 1925","Eleutherodactylus","atkinsi",-75.82,20.41,"d8cd16ba-bb74-4420-821e-083f2bac17c2"
"Eleutherodactylus eileenae Dunn, 1926","Eleutherodactylus","eileenae",-83.79,22.59,"d8cd16ba-bb74-4420-821e-083f2bac17c2"
"Eleutherodactylus auriculatus (Cope, 1862)","Eleutherodactylus","auriculatus",-74.23,20.19,"d8cd16ba-bb74-4420-821e-083f2bac17c2"
"Eleutherodactylus atkinsi Dunn, 1925","Eleutherodactylus","atkinsi",-83.71,22.67,"d8cd16ba-bb74-4420-821e-083f2bac17c2"
"Eleutherodactylus eileenae Dunn, 1926","Eleutherodactylus","eileenae",-80.04,21.9,"d8cd16ba-bb74-4420-821e-083f2bac17c2"
"Eleutherodactylus auriculatus (Cope, 1862)","Eleutherodactylus","auriculatus",-83.01,22.8,"d8cd16ba-bb74-4420-821e-083f2bac17c2"
"Eleutherodactylus cuneatus (Cope, 1862)","Eleutherodactylus","cuneatus",-75.8,20.48,"d8cd16ba-bb74-4420-821e-083f2bac17c2"
"Eleutherodactylus auriculatus (Cope, 1862)","Eleutherodactylus","auriculatus",-80.02,21.91,"d8cd16ba-bb74-4420-821e-083f2bac17c2"
"Eleutherodactylus atkinsi Dunn, 1925","Eleutherodactylus","atkinsi",-83.84,22.54,"d8cd16ba-bb74-4420-821e-083f2bac17c2"
"Eleutherodactylus auriculatus (Cope, 1862)","Eleutherodactylus","auriculatus",-75.8,20.48,"d8cd16ba-bb74-4420-821e-083f2bac17c2"
"Eleutherodactylus atkinsi Dunn, 1925","Eleutherodactylus","atkinsi",-83,22.8,"d8cd16ba-bb74-4420-821e-083f2bac17c2"
"Eleutherodactylus atkinsi Dunn, 1925","Eleutherodactylus","atkinsi",-74.86,20.44,"d8cd16ba-bb74-4420-821e-083f2bac17c2"
"Eleutherodactylus dimidiatus (Cope, 1862)","Eleutherodactylus","dimidiatus",-76.7,20.03,"d8cd16ba-bb74-4420-821e-083f2bac17c2"
"Eleutherodactylus auriculatus (Cope, 1862)","Eleutherodactylus","auriculatus",-75.64,20.01,"d8cd16ba-bb74-4420-821e-083f2bac17c2"
"Eleutherodactylus atkinsi Dunn, 1925","Eleutherodactylus","atkinsi",-74.99,20.32,"d8cd16ba-bb74-4420-821e-083f2bac17c2"
"Eleutherodactylus iberia Estrada & Hedges, 1996","Eleutherodactylus","iberia",-74.61,20.44,"d8cd16ba-bb74-4420-821e-083f2bac17c2"
"Eleutherodactylus limbatus (Cope, 1862)","Eleutherodactylus","limbatus",-79.6,21.89,"d8cd16ba-bb74-4420-821e-083f2bac17c2"
"Eleutherodactylus auriculatus (Cope, 1862)","Eleutherodactylus","auriculatus",-75.43,20.56,"d8cd16ba-bb74-4420-821e-083f2bac17c2"
"Eleutherodactylus ronaldi Schwartz, 1960","Eleutherodactylus","ronaldi",-75.42,20.58,"d8cd16ba-bb74-4420-821e-083f2bac17c2"
"Eleutherodactylus ronaldi Schwartz, 1960","Eleutherodactylus","ronaldi",-75.16,20.36,"d8cd16ba-bb74-4420-821e-083f2bac17c2"
"Eleutherodactylus auriculatus (Cope, 1862)","Eleutherodactylus","auriculatus",-74.94,20.41,"d8cd16ba-bb74-4420-821e-083f2bac17c2"
"Eleutherodactylus auriculatus (Cope, 1862)","Eleutherodactylus","auriculatus",-76.39,20.18,"d8cd16ba-bb74-4420-821e-083f2bac17c2"
"Eleutherodactylus eileenae Dunn, 1926","Eleutherodactylus","eileenae",-83.44,22.78,"d8cd16ba-bb74-4420-821e-083f2bac17c2"
"Eleutherodactylus ronaldi Schwartz, 1960","Eleutherodactylus","ronaldi",-74.94,20.41,"d8cd16ba-bb74-4420-821e-083f2bac17c2"
"Eleutherodactylus auriculatus (Cope, 1862)","Eleutherodactylus","auriculatus",-75.44,20.57,"d8cd16ba-bb74-4420-821e-083f2bac17c2"
"Eleutherodactylus auriculatus (Cope, 1862)","Eleutherodactylus","auriculatus",-82.71,21.62,"d8cd16ba-bb74-4420-821e-083f2bac17c2"
"Eleutherodactylus brittoni Schmidt, 1920","Eleutherodactylus","brittoni",-66.509583,18.160233,"50c9509d-22c7-4a22-a47d-8c48425ef4a7"
"Eleutherodactylus coqui Thomas, 1966","Eleutherodactylus","coqui",-66.179854,18.367026,"50c9509d-22c7-4a22-a47d-8c48425ef4a7"
"Eleutherodactylus antillensis (Reinhardt & Lütken, 1863)","Eleutherodactylus","antillensis",-66.598763,18.451438,"50c9509d-22c7-4a22-a47d-8c48425ef4a7"
"Eleutherodactylus antillensis (Reinhardt & Lütken, 1863)","Eleutherodactylus","antillensis",-65.435603,18.15788,"50c9509d-22c7-4a22-a47d-8c48425ef4a7"
"Eleutherodactylus antillensis (Reinhardt & Lütken, 1863)","Eleutherodactylus","antillensis",-66.728012,18.413488,"50c9509d-22c7-4a22-a47d-8c48425ef4a7"
"Eleutherodactylus wightmanae Schmidt, 1920","Eleutherodactylus","wightmanae",-67.062795,18.038377,"50c9509d-22c7-4a22-a47d-8c48425ef4a7"
"Eleutherodactylus antillensis (Reinhardt & Lütken, 1863)","Eleutherodactylus","antillensis",-67.016664,18.119772,"50c9509d-22c7-4a22-a47d-8c48425ef4a7"
"Eleutherodactylus coqui Thomas, 1966","Eleutherodactylus","coqui",-66.118392,17.990607,"50c9509d-22c7-4a22-a47d-8c48425ef4a7"
"Eleutherodactylus iberia Estrada & Hedges, 1996","Eleutherodactylus","iberia",-74.74101,20.459619,"50c9509d-22c7-4a22-a47d-8c48425ef4a7"
"Eleutherodactylus coqui Thomas, 1966","Eleutherodactylus","coqui",-65.75985,18.382824,"50c9509d-22c7-4a22-a47d-8c48425ef4a7"
"Eleutherodactylus antillensis (Reinhardt & Lütken, 1863)","Eleutherodactylus","antillensis",-66.542799,18.051543,"50c9509d-22c7-4a22-a47d-8c48425ef4a7"
"Eleutherodactylus furcyensis Shreve & Williams, 1963","Eleutherodactylus","furcyensis",-72.290373,18.447376,"50c9509d-22c7-4a22-a47d-8c48425ef4a7"
"Eleutherodactylus coqui Thomas, 1966","Eleutherodactylus","coqui",-65.768351,18.298144,"50c9509d-22c7-4a22-a47d-8c48425ef4a7"
"Eleutherodactylus antillensis (Reinhardt & Lütken, 1863)","Eleutherodactylus","antillensis",-65.630913,18.37188,"50c9509d-22c7-4a22-a47d-8c48425ef4a7"
"Eleutherodactylus coqui Thomas, 1966","Eleutherodactylus","coqui",-65.818006,18.322226,"50c9509d-22c7-4a22-a47d-8c48425ef4a7"
"Eleutherodactylus coqui Thomas, 1966","Eleutherodactylus","coqui",-66.073502,17.974268,"50c9509d-22c7-4a22-a47d-8c48425ef4a7"
"Eleutherodactylus antillensis (Reinhardt & Lütken, 1863)","Eleutherodactylus","antillensis",-65.452906,18.125495,"50c9509d-22c7-4a22-a47d-8c48425ef4a7"
"Eleutherodactylus coqui Thomas, 1966","Eleutherodactylus","coqui",-65.656316,18.333249,"50c9509d-22c7-4a22-a47d-8c48425ef4a7"
"Eleutherodactylus coqui Thomas, 1966","Eleutherodactylus","coqui",-65.794471,18.089677,"50c9509d-22c7-4a22-a47d-8c48425ef4a7"
"Eleutherodactylus monensis (Meerwarth, 1901)","Eleutherodactylus","monensis",-67.889555,18.048284,"50c9509d-22c7-4a22-a47d-8c48425ef4a7"
"Eleutherodactylus antillensis (Reinhardt & Lütken, 1863)","Eleutherodactylus","antillensis",-67.078487,18.450072,"50c9509d-22c7-4a22-a47d-8c48425ef4a7"
"Eleutherodactylus coqui Thomas, 1966","Eleutherodactylus","coqui",-66.10785,18.142442,"50c9509d-22c7-4a22-a47d-8c48425ef4a7"
"Eleutherodactylus coqui Thomas, 1966","Eleutherodactylus","coqui",-65.877678,18.041175,"50c9509d-22c7-4a22-a47d-8c48425ef4a7"
"Eleutherodactylus coqui Thomas, 1966","Eleutherodactylus","coqui",-66.133164,18.119881,"50c9509d-22c7-4a22-a47d-8c48425ef4a7"
"Eleutherodactylus antillensis (Reinhardt & Lütken, 1863)","Eleutherodactylus","antillensis",-66.133256,18.119953,"50c9509d-22c7-4a22-a47d-8c48425ef4a7"
"Eleutherodactylus richmondi Stejneger, 1904","Eleutherodactylus","richmondi",-65.721595,18.39462,"50c9509d-22c7-4a22-a47d-8c48425ef4a7"
"Eleutherodactylus coqui Thomas, 1966","Eleutherodactylus","coqui",-66.72918,18.413625,"50c9509d-22c7-4a22-a47d-8c48425ef4a7"
"Eleutherodactylus coqui Thomas, 1966","Eleutherodactylus","coqui",-66.107658,18.144031,"50c9509d-22c7-4a22-a47d-8c48425ef4a7"
"Eleutherodactylus coqui Thomas, 1966","Eleutherodactylus","coqui",-66.133233,18.119787,"50c9509d-22c7-4a22-a47d-8c48425ef4a7"
"Eleutherodactylus coqui Thomas, 1966","Eleutherodactylus","coqui",-66.171688,18.075461,"50c9509d-22c7-4a22-a47d-8c48425ef4a7"
"Eleutherodactylus abbotti Cochran, 1923","Eleutherodactylus","abbotti",-71.017136,18.933138,"50c9509d-22c7-4a22-a47d-8c48425ef4a7"
"Eleutherodactylus coqui Thomas, 1966","Eleutherodactylus","coqui",-65.849288,18.33415,"50c9509d-22c7-4a22-a47d-8c48425ef4a7"
"Eleutherodactylus antillensis (Reinhardt & Lütken, 1863)","Eleutherodactylus","antillensis",-66.05918,18.408962,"50c9509d-22c7-4a22-a47d-8c48425ef4a7"
"Eleutherodactylus coqui Thomas, 1966","Eleutherodactylus","coqui",-66.099883,18.128936,"50c9509d-22c7-4a22-a47d-8c48425ef4a7"
"Eleutherodactylus cochranae Grant, 1932","Eleutherodactylus","cochranae",-66.155846,18.176819,"50c9509d-22c7-4a22-a47d-8c48425ef4a7"
"Eleutherodactylus coqui Thomas, 1966","Eleutherodactylus","coqui",-66.288311,18.465579,"50c9509d-22c7-4a22-a47d-8c48425ef4a7"
"Eleutherodactylus coqui Thomas, 1966","Eleutherodactylus","coqui",-65.678887,18.272022,"50c9509d-22c7-4a22-a47d-8c48425ef4a7"
"Eleutherodactylus coqui Thomas, 1966","Eleutherodactylus","coqui",-66.329063,18.026847,"50c9509d-22c7-4a22-a47d-8c48425ef4a7"
"Eleutherodactylus coqui Thomas, 1966","Eleutherodactylus","coqui",-66.0493,18.260462,"50c9509d-22c7-4a22-a47d-8c48425ef4a7"
"Eleutherodactylus coqui Thomas, 1966","Eleutherodactylus","coqui",-65.877618,18.041119,"50c9509d-22c7-4a22-a47d-8c48425ef4a7"
"Eleutherodactylus coqui Thomas, 1966","Eleutherodactylus","coqui",-67.072987,18.139895,"50c9509d-22c7-4a22-a47d-8c48425ef4a7"
"Eleutherodactylus antillensis (Reinhardt & Lütken, 1863)","Eleutherodactylus","antillensis",-66.054578,18.300899,"50c9509d-22c7-4a22-a47d-8c48425ef4a7"
"Eleutherodactylus coqui Thomas, 1966","Eleutherodactylus","coqui",-66.213708,18.173833,"50c9509d-22c7-4a22-a47d-8c48425ef4a7"
"Eleutherodactylus coqui Thomas, 1966","Eleutherodactylus","coqui",-66.202837,18.170145,"50c9509d-22c7-4a22-a47d-8c48425ef4a7"
"Eleutherodactylus coqui Thomas, 1966","Eleutherodactylus","coqui",-66.668053,18.152739,"50c9509d-22c7-4a22-a47d-8c48425ef4a7"
"Eleutherodactylus coqui Thomas, 1966","Eleutherodactylus","coqui",-67.073062,18.139753,"50c9509d-22c7-4a22-a47d-8c48425ef4a7"
"Eleutherodactylus coqui Thomas, 1966","Eleutherodactylus","coqui",-66.072504,18.218841,"50c9509d-22c7-4a22-a47d-8c48425ef4a7"
"Eleutherodactylus coqui Thomas, 1966","Eleutherodactylus","coqui",-66.178933,18.102133,"50c9509d-22c7-4a22-a47d-8c48425ef4a7"
"Eleutherodactylus coqui Thomas, 1966","Eleutherodactylus","coqui",-67.073022,18.13977,"50c9509d-22c7-4a22-a47d-8c48425ef4a7"
"Eleutherodactylus coqui Thomas, 1966","Eleutherodactylus","coqui",-65.676492,18.274753,"50c9509d-22c7-4a22-a47d-8c48425ef4a7"
"Eleutherodactylus coqui Thomas, 1966","Eleutherodactylus","coqui",-66.460255,18.334188,"50c9509d-22c7-4a22-a47d-8c48425ef4a7"
"Eleutherodactylus coqui Thomas, 1966","Eleutherodactylus","coqui",-66.668037,18.152731,"50c9509d-22c7-4a22-a47d-8c48425ef4a7"
"Eleutherodactylus coqui Thomas, 1966","Eleutherodactylus","coqui",-66.113588,18.206649,"50c9509d-22c7-4a22-a47d-8c48425ef4a7"
"Eleutherodactylus coqui Thomas, 1966","Eleutherodactylus","coqui",-66.72839,18.160357,"50c9509d-22c7-4a22-a47d-8c48425ef4a7"
"Eleutherodactylus coqui Thomas, 1966","Eleutherodactylus","coqui",-66.255782,18.136041,"50c9509d-22c7-4a22-a47d-8c48425ef4a7"
"Eleutherodactylus coqui Thomas, 1966","Eleutherodactylus","coqui",-66.038746,18.21874,"50c9509d-22c7-4a22-a47d-8c48425ef4a7"
"Eleutherodactylus coqui Thomas, 1966","Eleutherodactylus","coqui",-66.671653,18.460011,"50c9509d-22c7-4a22-a47d-8c48425ef4a7"
"Eleutherodactylus coqui Thomas, 1966","Eleutherodactylus","coqui",-66.061628,18.231364,"50c9509d-22c7-4a22-a47d-8c48425ef4a7"
"Eleutherodactylus coqui Thomas, 1966","Eleutherodactylus","coqui",-66.021204,18.18636,"50c9509d-22c7-4a22-a47d-8c48425ef4a7"
"Eleutherodactylus coqui Thomas, 1966","Eleutherodactylus","coqui",-66.086617,18.061839,"50c9509d-22c7-4a22-a47d-8c48425ef4a7"
"Eleutherodactylus antillensis (Reinhardt & Lütken, 1863)","Eleutherodactylus","antillensis",-65.99862,18.22865,"50c9509d-22c7-4a22-a47d-8c48425ef4a7"
"Eleutherodactylus antillensis (Reinhardt & Lütken, 1863)","Eleutherodactylus","antillensis",-66.036134,18.215211,"50c9509d-22c7-4a22-a47d-8c48425ef4a7"
"Eleutherodactylus coqui Thomas, 1966","Eleutherodactylus","coqui",-66.267605,18.131175,"50c9509d-22c7-4a22-a47d-8c48425ef4a7"
"Eleutherodactylus cochranae Grant, 1932","Eleutherodactylus","cochranae",-66.036122,18.215203,"50c9509d-22c7-4a22-a47d-8c48425ef4a7"
"Eleutherodactylus coqui Thomas, 1966","Eleutherodactylus","coqui",-66.432211,18.174712,"50c9509d-22c7-4a22-a47d-8c48425ef4a7"
"Eleutherodactylus antillensis (Reinhardt & Lütken, 1863)","Eleutherodactylus","antillensis",-66.1484,18.179141,"50c9509d-22c7-4a22-a47d-8c48425ef4a7"
"Eleutherodactylus coqui Thomas, 1966","Eleutherodactylus","coqui",-66.166,18.111905,"50c9509d-22c7-4a22-a47d-8c48425ef4a7"
"Eleutherodactylus antillensis (Reinhardt & Lütken, 1863)","Eleutherodactylus","antillensis",-66.153433,18.176462,"50c9509d-22c7-4a22-a47d-8c48425ef4a7"
"Eleutherodactylus paralius Schwartz, 1976","Eleutherodactylus","paralius",-69.884026,18.548614,"50c9509d-22c7-4a22-a47d-8c48425ef4a7"
"Eleutherodactylus coqui Thomas, 1966","Eleutherodactylus","coqui",-66.167938,18.169567,"50c9509d-22c7-4a22-a47d-8c48425ef4a7"
"Eleutherodactylus antillensis (Reinhardt & Lütken, 1863)","Eleutherodactylus","antillensis",-67.032106,18.355016,"50c9509d-22c7-4a22-a47d-8c48425ef4a7"
"Eleutherodactylus coqui Thomas, 1966","Eleutherodactylus","coqui",-66.035249,18.238796,"50c9509d-22c7-4a22-a47d-8c48425ef4a7"
"Eleutherodactylus coqui Thomas, 1966","Eleutherodactylus","coqui",-65.974693,18.251785,"50c9509d-22c7-4a22-a47d-8c48425ef4a7"
"Eleutherodactylus coqui Thomas, 1966","Eleutherodactylus","coqui",-66.186088,18.117767,"50c9509d-22c7-4a22-a47d-8c48425ef4a7"
"Eleutherodactylus coqui Thomas, 1966","Eleutherodactylus","coqui",-66.104505,18.129482,"50c9509d-22c7-4a22-a47d-8c48425ef4a7"
"Eleutherodactylus antillensis (Reinhardt & Lütken, 1863)","Eleutherodactylus","antillensis",-66.069802,18.243683,"50c9509d-22c7-4a22-a47d-8c48425ef4a7"
"Eleutherodactylus coqui Thomas, 1966","Eleutherodactylus","coqui",-66.072548,18.218794,"50c9509d-22c7-4a22-a47d-8c48425ef4a7"
"Eleutherodactylus lentus (Cope, 1862)","Eleutherodactylus","lentus",-64.842437,17.750693,"50c9509d-22c7-4a22-a47d-8c48425ef4a7"
"Eleutherodactylus antillensis (Reinhardt & Lütken, 1863)","Eleutherodactylus","antillensis",-64.882654,17.74409,"50c9509d-22c7-4a22-a47d-8c48425ef4a7"
"Eleutherodactylus coqui Thomas, 1966","Eleutherodactylus","coqui",-65.867332,18.279417,"50c9509d-22c7-4a22-a47d-8c48425ef4a7"
"Eleutherodactylus coqui Thomas, 1966","Eleutherodactylus","coqui",-66.047509,18.237702,"50c9509d-22c7-4a22-a47d-8c48425ef4a7"
"Eleutherodactylus antillensis (Reinhardt & Lütken, 1863)","Eleutherodactylus","antillensis",-66.535662,18.43165,"50c9509d-22c7-4a22-a47d-8c48425ef4a7"
"Eleutherodactylus coqui Thomas, 1966","Eleutherodactylus","coqui",-66.094417,18.410173,"50c9509d-22c7-4a22-a47d-8c48425ef4a7"
"Eleutherodactylus coqui Thomas, 1966","Eleutherodactylus","coqui",-65.770067,18.320843,"50c9509d-22c7-4a22-a47d-8c48425ef4a7"
"Eleutherodactylus audanti Cochran, 1934","Eleutherodactylus","audanti",-71.763965,18.295654,"50c9509d-22c7-4a22-a47d-8c48425ef4a7"
"Eleutherodactylus planirostris (Cope, 1862)","Eleutherodactylus","planirostris",-78.34129,18.277645,"50c9509d-22c7-4a22-a47d-8c48425ef4a7"
"Eleutherodactylus coqui Thomas, 1966","Eleutherodactylus","coqui",-66.071899,18.238078,"50c9509d-22c7-4a22-a47d-8c48425ef4a7"
"Eleutherodactylus antillensis (Reinhardt & Lütken, 1863)","Eleutherodactylus","antillensis",-66.860168,18.233324,"50c9509d-22c7-4a22-a47d-8c48425ef4a7"
"Eleutherodactylus planirostris (Cope, 1862)","Eleutherodactylus","planirostris",-77.3734,18.192716,"50c9509d-22c7-4a22-a47d-8c48425ef4a7"
"Eleutherodactylus coqui Thomas, 1966","Eleutherodactylus","coqui",-65.877786,18.041242,"50c9509d-22c7-4a22-a47d-8c48425ef4a7"
"Eleutherodactylus coqui Thomas, 1966","Eleutherodactylus","coqui",-65.861371,18.038062,"50c9509d-22c7-4a22-a47d-8c48425ef4a7"
"Eleutherodactylus coqui Thomas, 1966","Eleutherodactylus","coqui",-66.072548,18.218788,"50c9509d-22c7-4a22-a47d-8c48425ef4a7"
"Eleutherodactylus coqui Thomas, 1966","Eleutherodactylus","coqui",-65.9786,18.186937,"50c9509d-22c7-4a22-a47d-8c48425ef4a7"
"Eleutherodactylus planirostris (Cope, 1862)","Eleutherodactylus","planirostris",-81.384823,19.320159,"50c9509d-22c7-4a22-a47d-8c48425ef4a7"
"Eleutherodactylus coqui Thomas, 1966","Eleutherodactylus","coqui",-66.072555,18.218795,"50c9509d-22c7-4a22-a47d-8c48425ef4a7"
"Eleutherodactylus antillensis (Reinhardt & Lütken, 1863)","Eleutherodactylus","antillensis",-66.000044,18.255071,"50c9509d-22c7-4a22-a47d-8c48425ef4a7"
"Eleutherodactylus coqui Thomas, 1966","Eleutherodactylus","coqui",-66.031401,18.330628,"50c9509d-22c7-4a22-a47d-8c48425ef4a7"
"Eleutherodactylus coqui Thomas, 1966","Eleutherodactylus","coqui",-65.97107,18.178183,"50c9509d-22c7-4a22-a47d-8c48425ef4a7"
"Eleutherodactylus antillensis (Reinhardt & Lütken, 1863)","Eleutherodactylus","antillensis",-66.989212,18.493053,"50c9509d-22c7-4a22-a47d-8c48425ef4a7"
"Eleutherodactylus auriculatus (Cope, 1862)","Eleutherodactylus","auriculatus",-69.9,18.466667,"8138eb72-f762-11e1-a439-00145eb45e9a"
"Eleutherodactylus coqui Thomas, 1966","Eleutherodactylus","coqui",-66.134957,18.193353,"50c9509d-22c7-4a22-a47d-8c48425ef4a7"
"Eleutherodactylus pictissimus Cochran, 1935","Eleutherodactylus","pictissimus",-73.870805,18.346323,"50c9509d-22c7-4a22-a47d-8c48425ef4a7"
"Eleutherodactylus paralius Schwartz, 1976","Eleutherodactylus","paralius",-69.902433,18.425504,"50c9509d-22c7-4a22-a47d-8c48425ef4a7"
"Eleutherodactylus coqui Thomas, 1966","Eleutherodactylus","coqui",-66.983703,18.360863,"50c9509d-22c7-4a22-a47d-8c48425ef4a7"
"Eleutherodactylus coqui Thomas, 1966","Eleutherodactylus","coqui",-66.136039,18.15227,"50c9509d-22c7-4a22-a47d-8c48425ef4a7"
"Eleutherodactylus johnstonei Barbour, 1914","Eleutherodactylus","johnstonei",-61.883761,17.073706,"50c9509d-22c7-4a22-a47d-8c48425ef4a7"
"Eleutherodactylus brittoni Schmidt, 1920","Eleutherodactylus","brittoni",-66.973509,18.141086,"50c9509d-22c7-4a22-a47d-8c48425ef4a7"
"Eleutherodactylus coqui Thomas, 1966","Eleutherodactylus","coqui",-65.992987,18.425648,"50c9509d-22c7-4a22-a47d-8c48425ef4a7"
"Eleutherodactylus coqui Thomas, 1966","Eleutherodactylus","coqui",-66.075873,18.126665,"50c9509d-22c7-4a22-a47d-8c48425ef4a7"
"Eleutherodactylus coqui Thomas, 1966","Eleutherodactylus","coqui",-65.720156,18.19112,"50c9509d-22c7-4a22-a47d-8c48425ef4a7"
"Eleutherodactylus coqui Thomas, 1966","Eleutherodactylus","coqui",-66.501922,18.228228,"50c9509d-22c7-4a22-a47d-8c48425ef4a7"
"Eleutherodactylus coqui Thomas, 1966","Eleutherodactylus","coqui",-65.794967,18.302628,"50c9509d-22c7-4a22-a47d-8c48425ef4a7"
"Eleutherodactylus antillensis (Reinhardt & Lütken, 1863)","Eleutherodactylus","antillensis",-65.996903,18.412038,"50c9509d-22c7-4a22-a47d-8c48425ef4a7"
"Eleutherodactylus coqui Thomas, 1966","Eleutherodactylus","coqui",-66.8422,18.38905,"50c9509d-22c7-4a22-a47d-8c48425ef4a7"
"Eleutherodactylus planirostris (Cope, 1862)","Eleutherodactylus","planirostris",-82.361463,23.096286,"50c9509d-22c7-4a22-a47d-8c48425ef4a7"
"Eleutherodactylus coqui Thomas, 1966","Eleutherodactylus","coqui",-66.096847,18.263663,"50c9509d-22c7-4a22-a47d-8c48425ef4a7"
"Eleutherodactylus coqui Thomas, 1966","Eleutherodactylus","coqui",-66.339447,18.157725,"50c9509d-22c7-4a22-a47d-8c48425ef4a7"
"Eleutherodactylus coqui Thomas, 1966","Eleutherodactylus","coqui",-66.524703,18.33008,"50c9509d-22c7-4a22-a47d-8c48425ef4a7"
"Eleutherodactylus coqui Thomas, 1966","Eleutherodactylus","coqui",-67.052565,18.367071,"50c9509d-22c7-4a22-a47d-8c48425ef4a7"
"Eleutherodactylus coqui Thomas, 1966","Eleutherodactylus","coqui",-66.251726,18.112557,"50c9509d-22c7-4a22-a47d-8c48425ef4a7"
"Eleutherodactylus coqui Thomas, 1966","Eleutherodactylus","coqui",-66.089751,18.142455,"50c9509d-22c7-4a22-a47d-8c48425ef4a7"
"Eleutherodactylus coqui Thomas, 1966","Eleutherodactylus","coqui",-67.115903,18.199565,"50c9509d-22c7-4a22-a47d-8c48425ef4a7"
"Eleutherodactylus coqui Thomas, 1966","Eleutherodactylus","coqui",-65.987726,18.323886,"50c9509d-22c7-4a22-a47d-8c48425ef4a7"
"Eleutherodactylus patriciae Schwartz, 1965","Eleutherodactylus","patriciae",-70.744853,18.889421,"50c9509d-22c7-4a22-a47d-8c48425ef4a7"
"Eleutherodactylus coqui Thomas, 1966","Eleutherodactylus","coqui",-66.993118,18.178665,"50c9509d-22c7-4a22-a47d-8c48425ef4a7"
"Eleutherodactylus coqui Thomas, 1966","Eleutherodactylus","coqui",-66.591852,18.46188,"50c9509d-22c7-4a22-a47d-8c48425ef4a7"
"Eleutherodactylus pentasyringos Schwartz & Fowler, 1973","Eleutherodactylus","pentasyringos",-76.739523,18.139925,"50c9509d-22c7-4a22-a47d-8c48425ef4a7"
"Eleutherodactylus coqui Thomas, 1966","Eleutherodactylus","coqui",-65.81379,18.335808,"50c9509d-22c7-4a22-a47d-8c48425ef4a7"
"Eleutherodactylus coqui Thomas, 1966","Eleutherodactylus","coqui",-66.861406,18.392232,"50c9509d-22c7-4a22-a47d-8c48425ef4a7"
"Eleutherodactylus wightmanae Schmidt, 1920","Eleutherodactylus","wightmanae",-65.886084,18.036251,"50c9509d-22c7-4a22-a47d-8c48425ef4a7"
"Eleutherodactylus coqui Thomas, 1966","Eleutherodactylus","coqui",-65.880387,18.089233,"50c9509d-22c7-4a22-a47d-8c48425ef4a7"
"Eleutherodactylus cochranae Grant, 1932","Eleutherodactylus","cochranae",-65.876088,18.077087,"50c9509d-22c7-4a22-a47d-8c48425ef4a7"
"Eleutherodactylus cooki Grant, 1932","Eleutherodactylus","cooki",-65.960192,18.045554,"50c9509d-22c7-4a22-a47d-8c48425ef4a7"
"Eleutherodactylus richmondi Stejneger, 1904","Eleutherodactylus","richmondi",-65.811918,18.098229,"50c9509d-22c7-4a22-a47d-8c48425ef4a7"
"Eleutherodactylus gossei Dunn, 1926","Eleutherodactylus","gossei",-76.768167,18.085181,"50c9509d-22c7-4a22-a47d-8c48425ef4a7"
"Eleutherodactylus planirostris (Cope, 1862)","Eleutherodactylus","planirostris",-77.51302,25.026093,"50c9509d-22c7-4a22-a47d-8c48425ef4a7"
"Eleutherodactylus coqui Thomas, 1966","Eleutherodactylus","coqui",-66.133103,18.119803,"50c9509d-22c7-4a22-a47d-8c48425ef4a7"
"Eleutherodactylus johnstonei Barbour, 1914","Eleutherodactylus","johnstonei",-63.231504,17.627642,"8a863029-f435-446a-821e-275f4f641165"
"Eleutherodactylus johnstonei Barbour, 1914","Eleutherodactylus","johnstonei",-63.235048,17.628208,"8a863029-f435-446a-821e-275f4f641165"
"Eleutherodactylus johnstonei Barbour, 1914","Eleutherodactylus","johnstonei",-63.231541,17.626649,"8a863029-f435-446a-821e-275f4f641165"
"Eleutherodactylus johnstonei Barbour, 1914","Eleutherodactylus","johnstonei",-63.236401,17.628248,"8a863029-f435-446a-821e-275f4f641165"
"Eleutherodactylus johnstonei Barbour, 1914","Eleutherodactylus","johnstonei",-63.231505,17.627816,"8a863029-f435-446a-821e-275f4f641165"
"Eleutherodactylus johnstonei Barbour, 1914","Eleutherodactylus","johnstonei",-63.232791,17.628725,"8a863029-f435-446a-821e-275f4f641165"
"Eleutherodactylus johnstonei Barbour, 1914","Eleutherodactylus","johnstonei",-63.23147,17.626765,"8a863029-f435-446a-821e-275f4f641165"
"Eleutherodactylus johnstonei Barbour, 1914","Eleutherodactylus","johnstonei",-62.960986,17.48208,"8a863029-f435-446a-821e-275f4f641165"
"Eleutherodactylus johnstonei Barbour, 1914","Eleutherodactylus","johnstonei",-63.237952,17.628307,"8a863029-f435-446a-821e-275f4f641165"
"Eleutherodactylus johnstonei Barbour, 1914","Eleutherodactylus","johnstonei",-63.231754,17.627059,"8a863029-f435-446a-821e-275f4f641165"
"Eleutherodactylus johnstonei Barbour, 1914","Eleutherodactylus","johnstonei",-63.253617,17.629814,"8a863029-f435-446a-821e-275f4f641165"
"Eleutherodactylus richmondi Stejneger, 1904","Eleutherodactylus","richmondi",-65.8261,18.3408,"852628c6-f762-11e1-a439-00145eb45e9a"
"Eleutherodactylus atkinsi Dunn, 1925","Eleutherodactylus","atkinsi",-75.2061,20.1453,"852628c6-f762-11e1-a439-00145eb45e9a"
"Eleutherodactylus antillensis (Reinhardt & Lütken, 1863)","Eleutherodactylus","antillensis",-65.8261,18.3408,"852628c6-f762-11e1-a439-00145eb45e9a"
"Eleutherodactylus locustus Schmidt, 1920","Eleutherodactylus","locustus",-65.8261,18.3408,"852628c6-f762-11e1-a439-00145eb45e9a"
"Eleutherodactylus wightmanae Schmidt, 1920","Eleutherodactylus","wightmanae",-65.8261,18.3408,"852628c6-f762-11e1-a439-00145eb45e9a"
"Eleutherodactylus brittoni Schmidt, 1920","Eleutherodactylus","brittoni",-65.8261,18.3408,"852628c6-f762-11e1-a439-00145eb45e9a"
"Eleutherodactylus gryllus Schmidt, 1920","Eleutherodactylus","gryllus",-65.8261,18.3408,"852628c6-f762-11e1-a439-00145eb45e9a"
"Eleutherodactylus hedricki Rivero, 1963","Eleutherodactylus","hedricki",-65.8261,18.3408,"852628c6-f762-11e1-a439-00145eb45e9a"
"Eleutherodactylus portoricensis Schmidt, 1927","Eleutherodactylus","portoricensis",-65.8261,18.3408,"852628c6-f762-11e1-a439-00145eb45e9a"
"Eleutherodactylus coqui Thomas, 1966","Eleutherodactylus","coqui",-65.8261,18.3408,"852628c6-f762-11e1-a439-00145eb45e9a"
"Eleutherodactylus portoricensis Schmidt, 1927","Eleutherodactylus","portoricensis",-65.791274,18.31051,"852628c6-f762-11e1-a439-00145eb45e9a"
"Eleutherodactylus eneidae Rivero, 1959","Eleutherodactylus","eneidae",-65.8261,18.3408,"852628c6-f762-11e1-a439-00145eb45e9a"
"Eleutherodactylus johnstonei Barbour, 1914","Eleutherodactylus","johnstonei",-61.057337,14.465994,"50c9509d-22c7-4a22-a47d-8c48425ef4a7"
"Eleutherodactylus johnstonei Barbour, 1914","Eleutherodactylus","johnstonei",-60.872308,14.443465,"50c9509d-22c7-4a22-a47d-8c48425ef4a7"
"Eleutherodactylus locustus Schmidt, 1920","Eleutherodactylus","locustus",-65.79143,18.31026,"78f98484-a7ef-4e6c-8b51-7464f1209591"
"Eleutherodactylus wightmanae Schmidt, 1920","Eleutherodactylus","wightmanae",-65.79143,18.31025,"78f98484-a7ef-4e6c-8b51-7464f1209591"
"Eleutherodactylus locustus Schmidt, 1920","Eleutherodactylus","locustus",-65.79144,18.31028,"78f98484-a7ef-4e6c-8b51-7464f1209591"
"Eleutherodactylus locustus Schmidt, 1920","Eleutherodactylus","locustus",-65.79144,18.31025,"78f98484-a7ef-4e6c-8b51-7464f1209591"
"Eleutherodactylus richmondi Stejneger, 1904","Eleutherodactylus","richmondi",-65.79143,18.31028,"78f98484-a7ef-4e6c-8b51-7464f1209591"
"Eleutherodactylus portoricensis Schmidt, 1927","Eleutherodactylus","portoricensis",-65.79143,18.31024,"78f98484-a7ef-4e6c-8b51-7464f1209591"
"Eleutherodactylus portoricensis Schmidt, 1927","Eleutherodactylus","portoricensis",-65.79144,18.31025,"78f98484-a7ef-4e6c-8b51-7464f1209591"
"Eleutherodactylus portoricensis Schmidt, 1927","Eleutherodactylus","portoricensis",-65.79144,18.31026,"78f98484-a7ef-4e6c-8b51-7464f1209591"
"Eleutherodactylus portoricensis Schmidt, 1927","Eleutherodactylus","portoricensis",-65.79143,18.31026,"78f98484-a7ef-4e6c-8b51-7464f1209591"
"Eleutherodactylus portoricensis Schmidt, 1927","Eleutherodactylus","portoricensis",-65.79143,18.31027,"78f98484-a7ef-4e6c-8b51-7464f1209591"
"Eleutherodactylus portoricensis Schmidt, 1927","Eleutherodactylus","portoricensis",-65.79143,18.31029,"78f98484-a7ef-4e6c-8b51-7464f1209591"
"Eleutherodactylus richmondi Stejneger, 1904","Eleutherodactylus","richmondi",-65.79143,18.31023,"78f98484-a7ef-4e6c-8b51-7464f1209591"
"Eleutherodactylus richmondi Stejneger, 1904","Eleutherodactylus","richmondi",-65.79143,18.31022,"78f98484-a7ef-4e6c-8b51-7464f1209591"
"Eleutherodactylus portoricensis Schmidt, 1927","Eleutherodactylus","portoricensis",-65.79144,18.31027,"78f98484-a7ef-4e6c-8b51-7464f1209591"
"Eleutherodactylus coqui Thomas, 1966","Eleutherodactylus","coqui",-65.877792,18.04117,"50c9509d-22c7-4a22-a47d-8c48425ef4a7"
"Eleutherodactylus flavescens Noble, 1923","Eleutherodactylus","flavescens",-70.146159,18.547458,"50c9509d-22c7-4a22-a47d-8c48425ef4a7"
"Eleutherodactylus johnstonei Barbour, 1914","Eleutherodactylus","johnstonei",-61.041616,14.512917,"50c9509d-22c7-4a22-a47d-8c48425ef4a7"
"Eleutherodactylus johnstonei Barbour, 1914","Eleutherodactylus","johnstonei",-61.073531,14.510111,"50c9509d-22c7-4a22-a47d-8c48425ef4a7"
"Eleutherodactylus coqui Thomas, 1966","Eleutherodactylus","coqui",-66.613635,18.157352,"50c9509d-22c7-4a22-a47d-8c48425ef4a7"
"Eleutherodactylus coqui Thomas, 1966","Eleutherodactylus","coqui",-66.133186,18.119972,"50c9509d-22c7-4a22-a47d-8c48425ef4a7"
"Eleutherodactylus coqui Thomas, 1966","Eleutherodactylus","coqui",-66.133233,18.120006,"50c9509d-22c7-4a22-a47d-8c48425ef4a7"
"Eleutherodactylus coqui Thomas, 1966","Eleutherodactylus","coqui",-66.753606,18.3432,"50c9509d-22c7-4a22-a47d-8c48425ef4a7"
"Eleutherodactylus coqui Thomas, 1966","Eleutherodactylus","coqui",-66.378175,18.069125,"50c9509d-22c7-4a22-a47d-8c48425ef4a7"
"Eleutherodactylus coqui Thomas, 1966","Eleutherodactylus","coqui",-66.133247,18.119817,"50c9509d-22c7-4a22-a47d-8c48425ef4a7"
"Eleutherodactylus coqui Thomas, 1966","Eleutherodactylus","coqui",-66.133233,18.119756,"50c9509d-22c7-4a22-a47d-8c48425ef4a7"
"Eleutherodactylus coqui Thomas, 1966","Eleutherodactylus","coqui",-66.1333,18.119803,"50c9509d-22c7-4a22-a47d-8c48425ef4a7"
"Eleutherodactylus coqui Thomas, 1966","Eleutherodactylus","coqui",-66.045953,18.452087,"50c9509d-22c7-4a22-a47d-8c48425ef4a7"
"Eleutherodactylus coqui Thomas, 1966","Eleutherodactylus","coqui",-65.819672,18.321219,"50c9509d-22c7-4a22-a47d-8c48425ef4a7"
"Eleutherodactylus johnstonei Barbour, 1914","Eleutherodactylus","johnstonei",-61.087008,14.527557,"50c9509d-22c7-4a22-a47d-8c48425ef4a7"
"Eleutherodactylus antillensis (Reinhardt & Lütken, 1863)","Eleutherodactylus","antillensis",-65.877838,18.041303,"50c9509d-22c7-4a22-a47d-8c48425ef4a7"
"Eleutherodactylus coqui Thomas, 1966","Eleutherodactylus","coqui",-66.399057,18.436873,"50c9509d-22c7-4a22-a47d-8c48425ef4a7"
"Eleutherodactylus coqui Thomas, 1966","Eleutherodactylus","coqui",-65.877945,18.041328,"50c9509d-22c7-4a22-a47d-8c48425ef4a7"
"Eleutherodactylus coqui Thomas, 1966","Eleutherodactylus","coqui",-66.393458,18.346127,"50c9509d-22c7-4a22-a47d-8c48425ef4a7"
"Eleutherodactylus coqui Thomas, 1966","Eleutherodactylus","coqui",-65.84803,18.298192,"50c9509d-22c7-4a22-a47d-8c48425ef4a7"
"Eleutherodactylus coqui Thomas, 1966","Eleutherodactylus","coqui",-65.81755,18.321345,"50c9509d-22c7-4a22-a47d-8c48425ef4a7"
"Eleutherodactylus zeus Schwartz, 1958","Eleutherodactylus","zeus",-83.909036,22.501621,"50c9509d-22c7-4a22-a47d-8c48425ef4a7"
"Eleutherodactylus antillensis (Reinhardt & Lütken, 1863)","Eleutherodactylus","antillensis",-66.755384,18.43381,"50c9509d-22c7-4a22-a47d-8c48425ef4a7"
"Eleutherodactylus coqui Thomas, 1966","Eleutherodactylus","coqui",-65.863371,18.372762,"50c9509d-22c7-4a22-a47d-8c48425ef4a7"
"Eleutherodactylus antillensis (Reinhardt & Lütken, 1863)","Eleutherodactylus","antillensis",-66.061181,18.273942,"50c9509d-22c7-4a22-a47d-8c48425ef4a7"
"Eleutherodactylus antillensis (Reinhardt & Lütken, 1863)","Eleutherodactylus","antillensis",-66.070436,18.355869,"50c9509d-22c7-4a22-a47d-8c48425ef4a7"
"Eleutherodactylus coqui Thomas, 1966","Eleutherodactylus","coqui",-65.879329,18.050602,"50c9509d-22c7-4a22-a47d-8c48425ef4a7"
"Eleutherodactylus coqui Thomas, 1966","Eleutherodactylus","coqui",-66.049447,18.26042,"50c9509d-22c7-4a22-a47d-8c48425ef4a7"
"Eleutherodactylus minutus Noble, 1923","Eleutherodactylus","minutus",-70.485261,19.090156,"50c9509d-22c7-4a22-a47d-8c48425ef4a7"
"Eleutherodactylus coqui Thomas, 1966","Eleutherodactylus","coqui",-66.396083,18.431274,"50c9509d-22c7-4a22-a47d-8c48425ef4a7"
"Eleutherodactylus antillensis (Reinhardt & Lütken, 1863)","Eleutherodactylus","antillensis",-65.748658,18.165778,"50c9509d-22c7-4a22-a47d-8c48425ef4a7"
"Eleutherodactylus coqui Thomas, 1966","Eleutherodactylus","coqui",-65.763803,18.331093,"50c9509d-22c7-4a22-a47d-8c48425ef4a7"
"Eleutherodactylus coqui Thomas, 1966","Eleutherodactylus","coqui",-65.763799,18.331066,"50c9509d-22c7-4a22-a47d-8c48425ef4a7"
"Eleutherodactylus coqui Thomas, 1966","Eleutherodactylus","coqui",-67.136872,18.201032,"50c9509d-22c7-4a22-a47d-8c48425ef4a7"
"Eleutherodactylus coqui Thomas, 1966","Eleutherodactylus","coqui",-65.755308,18.387834,"50c9509d-22c7-4a22-a47d-8c48425ef4a7"
"Eleutherodactylus coqui Thomas, 1966","Eleutherodactylus","coqui",-66.073967,17.974013,"50c9509d-22c7-4a22-a47d-8c48425ef4a7"
"Eleutherodactylus coqui Thomas, 1966","Eleutherodactylus","coqui",-66.461156,18.176949,"50c9509d-22c7-4a22-a47d-8c48425ef4a7"
"Eleutherodactylus coqui Thomas, 1966","Eleutherodactylus","coqui",-66.461178,18.17696,"50c9509d-22c7-4a22-a47d-8c48425ef4a7"
"Eleutherodactylus cuneatus (Cope, 1862)","Eleutherodactylus","cuneatus",-83.71,22.673056,"fb639e31-52eb-4998-afb1-984ee12aca0f"
"Eleutherodactylus coqui Thomas, 1966","Eleutherodactylus","coqui",-65.785725,18.301962,"fb639e31-52eb-4998-afb1-984ee12aca0f"
"Eleutherodactylus atkinsi Dunn, 1925","Eleutherodactylus","atkinsi",-82.753671,21.670504,"fb639e31-52eb-4998-afb1-984ee12aca0f"
"Eleutherodactylus ruthae Noble, 1923","Eleutherodactylus","ruthae",-70.179125,18.623859,"50c9509d-22c7-4a22-a47d-8c48425ef4a7"
"Eleutherodactylus antillensis (Reinhardt & Lütken, 1863)","Eleutherodactylus","antillensis",-65.754656,18.387985,"50c9509d-22c7-4a22-a47d-8c48425ef4a7"
"Eleutherodactylus coqui Thomas, 1966","Eleutherodactylus","coqui",-66.143853,18.40833,"50c9509d-22c7-4a22-a47d-8c48425ef4a7"
"Eleutherodactylus coqui Thomas, 1966","Eleutherodactylus","coqui",-66.158357,18.11976,"50c9509d-22c7-4a22-a47d-8c48425ef4a7"
"Eleutherodactylus ricordii (Duméril & Bibron, 1841)","Eleutherodactylus","ricordii",-74.535785,20.374291,"50c9509d-22c7-4a22-a47d-8c48425ef4a7"
"Eleutherodactylus abbotti Cochran, 1923","Eleutherodactylus","abbotti",-71.04352,18.359658,"50c9509d-22c7-4a22-a47d-8c48425ef4a7"
"Eleutherodactylus johnstonei Barbour, 1914","Eleutherodactylus","johnstonei",-61.076487,14.486972,"50c9509d-22c7-4a22-a47d-8c48425ef4a7"
"Eleutherodactylus antillensis (Reinhardt & Lütken, 1863)","Eleutherodactylus","antillensis",-64.722667,17.755,"50c9509d-22c7-4a22-a47d-8c48425ef4a7"
"Eleutherodactylus martinicensis (Tschudi, 1838)","Eleutherodactylus","martinicensis",-61.102984,14.775351,"50c9509d-22c7-4a22-a47d-8c48425ef4a7"
"Eleutherodactylus coqui Thomas, 1966","Eleutherodactylus","coqui",-65.819724,18.320835,"50c9509d-22c7-4a22-a47d-8c48425ef4a7"
"Eleutherodactylus coqui Thomas, 1966","Eleutherodactylus","coqui",-66.044867,18.408107,"50c9509d-22c7-4a22-a47d-8c48425ef4a7"
"Eleutherodactylus martinicensis (Tschudi, 1838)","Eleutherodactylus","martinicensis",-61.387938,15.384347,"50c9509d-22c7-4a22-a47d-8c48425ef4a7"
"Eleutherodactylus abbotti Cochran, 1923","Eleutherodactylus","abbotti",-71.18914,18.09848,"50c9509d-22c7-4a22-a47d-8c48425ef4a7"
"Eleutherodactylus oxyrhyncus (Duméril & Bibron, 1841)","Eleutherodactylus","oxyrhyncus",-73.777804,18.568656,"50c9509d-22c7-4a22-a47d-8c48425ef4a7"
"Eleutherodactylus coqui Thomas, 1966","Eleutherodactylus","coqui",-66.727495,18.327919,"50c9509d-22c7-4a22-a47d-8c48425ef4a7"
"Eleutherodactylus coqui Thomas, 1966","Eleutherodactylus","coqui",-65.763807,18.331087,"50c9509d-22c7-4a22-a47d-8c48425ef4a7"
"Eleutherodactylus johnstonei Barbour, 1914","Eleutherodactylus","johnstonei",-61.052334,14.656324,"50c9509d-22c7-4a22-a47d-8c48425ef4a7"
"Eleutherodactylus coqui Thomas, 1966","Eleutherodactylus","coqui",-66.284408,18.468304,"50c9509d-22c7-4a22-a47d-8c48425ef4a7"
"Eleutherodactylus nortoni Schwartz, 1976","Eleutherodactylus","nortoni",-74.245471,18.342137,"50c9509d-22c7-4a22-a47d-8c48425ef4a7"
"Eleutherodactylus amadeus Hedges, Thomas & Franz, 1987","Eleutherodactylus","amadeus",-74.171676,18.553094,"50c9509d-22c7-4a22-a47d-8c48425ef4a7"
"Eleutherodactylus brittoni Schmidt, 1920","Eleutherodactylus","brittoni",-65.785559,18.229088,"50c9509d-22c7-4a22-a47d-8c48425ef4a7"
"Eleutherodactylus johnstonei Barbour, 1914","Eleutherodactylus","johnstonei",-60.886587,14.003181,"50c9509d-22c7-4a22-a47d-8c48425ef4a7"
"Eleutherodactylus paralius Schwartz, 1976","Eleutherodactylus","paralius",-69.810794,18.511634,"50c9509d-22c7-4a22-a47d-8c48425ef4a7"
"Eleutherodactylus montserratae Hedges, 2022","Eleutherodactylus","montserratae",-63.237387,17.63433,"50c9509d-22c7-4a22-a47d-8c48425ef4a7"
"Eleutherodactylus coqui Thomas, 1966","Eleutherodactylus","coqui",-65.678751,18.271862,"50c9509d-22c7-4a22-a47d-8c48425ef4a7"
"Eleutherodactylus cochranae Grant, 1932","Eleutherodactylus","cochranae",-66.048322,18.403498,"50c9509d-22c7-4a22-a47d-8c48425ef4a7"
"Eleutherodactylus flavescens Noble, 1923","Eleutherodactylus","flavescens",-70.542427,19.609929,"50c9509d-22c7-4a22-a47d-8c48425ef4a7"
"Eleutherodactylus atkinsi Dunn, 1925","Eleutherodactylus","atkinsi",-75.116468,19.934886,"50c9509d-22c7-4a22-a47d-8c48425ef4a7"
"Eleutherodactylus coqui Thomas, 1966","Eleutherodactylus","coqui",-67.150088,18.157037,"50c9509d-22c7-4a22-a47d-8c48425ef4a7"
"Eleutherodactylus cochranae Grant, 1932","Eleutherodactylus","cochranae",-66.046372,18.404947,"50c9509d-22c7-4a22-a47d-8c48425ef4a7"
"Eleutherodactylus coqui Thomas, 1966","Eleutherodactylus","coqui",-65.778555,18.299503,"50c9509d-22c7-4a22-a47d-8c48425ef4a7"
"Eleutherodactylus inoptatus (Barbour, 1914)","Eleutherodactylus","inoptatus",-70.541856,19.03275,"50c9509d-22c7-4a22-a47d-8c48425ef4a7"
"Eleutherodactylus rogersi Goin, 1955","Eleutherodactylus","rogersi",-74.465915,24.114443,"50c9509d-22c7-4a22-a47d-8c48425ef4a7"
"Eleutherodactylus coqui Thomas, 1966","Eleutherodactylus","coqui",-66.71887,18.333656,"50c9509d-22c7-4a22-a47d-8c48425ef4a7"
"Eleutherodactylus coqui Thomas, 1966","Eleutherodactylus","coqui",-66.713928,18.298972,"50c9509d-22c7-4a22-a47d-8c48425ef4a7"
"Eleutherodactylus nortoni Schwartz, 1976","Eleutherodactylus","nortoni",-74.162226,18.363135,"50c9509d-22c7-4a22-a47d-8c48425ef4a7"
"Eleutherodactylus coqui Thomas, 1966","Eleutherodactylus","coqui",-66.221275,18.139727,"50c9509d-22c7-4a22-a47d-8c48425ef4a7"
"Eleutherodactylus coqui Thomas, 1966","Eleutherodactylus","coqui",-66.094458,18.363703,"50c9509d-22c7-4a22-a47d-8c48425ef4a7"
"Eleutherodactylus coqui Thomas, 1966","Eleutherodactylus","coqui",-66.037102,18.411337,"50c9509d-22c7-4a22-a47d-8c48425ef4a7"
"Eleutherodactylus coqui Thomas, 1966","Eleutherodactylus","coqui",-66.052301,18.346671,"50c9509d-22c7-4a22-a47d-8c48425ef4a7"
"Eleutherodactylus martinicensis (Tschudi, 1838)","Eleutherodactylus","martinicensis",-61.042408,14.81092,"50c9509d-22c7-4a22-a47d-8c48425ef4a7"
"Eleutherodactylus wetmorei Cochran, 1932","Eleutherodactylus","wetmorei",-72.303228,18.443274,"50c9509d-22c7-4a22-a47d-8c48425ef4a7"
"Eleutherodactylus cuneatus (Cope, 1862)","Eleutherodactylus","cuneatus",-74.584808,20.459183,"50c9509d-22c7-4a22-a47d-8c48425ef4a7"
"Eleutherodactylus martinicensis (Tschudi, 1838)","Eleutherodactylus","martinicensis",-61.298194,15.313234,"50c9509d-22c7-4a22-a47d-8c48425ef4a7"
"Eleutherodactylus martinicensis (Tschudi, 1838)","Eleutherodactylus","martinicensis",-61.365703,15.383421,"50c9509d-22c7-4a22-a47d-8c48425ef4a7"
"Eleutherodactylus wetmorei Cochran, 1932","Eleutherodactylus","wetmorei",-73.577793,18.31519,"50c9509d-22c7-4a22-a47d-8c48425ef4a7"
"Eleutherodactylus abbotti Cochran, 1923","Eleutherodactylus","abbotti",-73.453575,18.311369,"50c9509d-22c7-4a22-a47d-8c48425ef4a7"
"Eleutherodactylus abbotti Cochran, 1923","Eleutherodactylus","abbotti",-73.453716,18.311359,"50c9509d-22c7-4a22-a47d-8c48425ef4a7"
"Eleutherodactylus coqui Thomas, 1966","Eleutherodactylus","coqui",-66.733856,18.127916,"50c9509d-22c7-4a22-a47d-8c48425ef4a7"
"Eleutherodactylus antillensis (Reinhardt & Lütken, 1863)","Eleutherodactylus","antillensis",-66.068227,18.350318,"50c9509d-22c7-4a22-a47d-8c48425ef4a7"
"Eleutherodactylus portoricensis Schmidt, 1927","Eleutherodactylus","portoricensis",-65.917603,18.250743,"50c9509d-22c7-4a22-a47d-8c48425ef4a7"
"Eleutherodactylus coqui Thomas, 1966","Eleutherodactylus","coqui",-66.049675,18.405768,"50c9509d-22c7-4a22-a47d-8c48425ef4a7"
"Eleutherodactylus coqui Thomas, 1966","Eleutherodactylus","coqui",-66.046333,18.403572,"50c9509d-22c7-4a22-a47d-8c48425ef4a7"
"Eleutherodactylus antillensis (Reinhardt & Lütken, 1863)","Eleutherodactylus","antillensis",-66.049805,18.402789,"50c9509d-22c7-4a22-a47d-8c48425ef4a7"
"Eleutherodactylus johnstonei Barbour, 1914","Eleutherodactylus","johnstonei",-77.351293,18.4602,"50c9509d-22c7-4a22-a47d-8c48425ef4a7"
"Eleutherodactylus coqui Thomas, 1966","Eleutherodactylus","coqui",-66.831398,18.145585,"50c9509d-22c7-4a22-a47d-8c48425ef4a7"
"Eleutherodactylus inoptatus (Barbour, 1914)","Eleutherodactylus","inoptatus",-70.332499,18.400357,"50c9509d-22c7-4a22-a47d-8c48425ef4a7"
"Eleutherodactylus coqui Thomas, 1966","Eleutherodactylus","coqui",-65.846808,18.368775,"50c9509d-22c7-4a22-a47d-8c48425ef4a7"
"Eleutherodactylus coqui Thomas, 1966","Eleutherodactylus","coqui",-66.690342,18.318376,"50c9509d-22c7-4a22-a47d-8c48425ef4a7"
"Eleutherodactylus pictissimus Cochran, 1935","Eleutherodactylus","pictissimus",-71.682546,18.094497,"50c9509d-22c7-4a22-a47d-8c48425ef4a7"
"Eleutherodactylus coqui Thomas, 1966","Eleutherodactylus","coqui",-66.094414,18.363745,"50c9509d-22c7-4a22-a47d-8c48425ef4a7"
"Eleutherodactylus johnstonei Barbour, 1914","Eleutherodactylus","johnstonei",-61.076942,14.487083,"50c9509d-22c7-4a22-a47d-8c48425ef4a7"
"Eleutherodactylus coqui Thomas, 1966","Eleutherodactylus","coqui",-66.047852,18.404181,"50c9509d-22c7-4a22-a47d-8c48425ef4a7"
"Eleutherodactylus nortoni Schwartz, 1976","Eleutherodactylus","nortoni",-74.017083,18.436097,"50c9509d-22c7-4a22-a47d-8c48425ef4a7"
"Eleutherodactylus coqui Thomas, 1966","Eleutherodactylus","coqui",-65.705345,18.31092,"50c9509d-22c7-4a22-a47d-8c48425ef4a7"
"Eleutherodactylus coqui Thomas, 1966","Eleutherodactylus","coqui",-66.049805,18.402789,"50c9509d-22c7-4a22-a47d-8c48425ef4a7"
"Eleutherodactylus coqui Thomas, 1966","Eleutherodactylus","coqui",-66.159635,18.115455,"50c9509d-22c7-4a22-a47d-8c48425ef4a7"
"Eleutherodactylus montserratae Hedges, 2022","Eleutherodactylus","montserratae",-62.962607,17.477431,"50c9509d-22c7-4a22-a47d-8c48425ef4a7"
"Eleutherodactylus gossei Dunn, 1926","Eleutherodactylus","gossei",-76.415687,18.169844,"50c9509d-22c7-4a22-a47d-8c48425ef4a7"
"Eleutherodactylus coqui Thomas, 1966","Eleutherodactylus","coqui",-66.046486,18.403461,"50c9509d-22c7-4a22-a47d-8c48425ef4a7"
"Eleutherodactylus coqui Thomas, 1966","Eleutherodactylus","coqui",-66.741514,18.270838,"50c9509d-22c7-4a22-a47d-8c48425ef4a7"
"Eleutherodactylus johnstonei Barbour, 1914","Eleutherodactylus","johnstonei",-77.085571,18.39623,"50c9509d-22c7-4a22-a47d-8c48425ef4a7"
"Eleutherodactylus coqui Thomas, 1966","Eleutherodactylus","coqui",-66.119394,18.219186,"50c9509d-22c7-4a22-a47d-8c48425ef4a7"
"Eleutherodactylus coqui Thomas, 1966","Eleutherodactylus","coqui",-66.538712,18.215448,"50c9509d-22c7-4a22-a47d-8c48425ef4a7"
"Eleutherodactylus johnstonei Barbour, 1914","Eleutherodactylus","johnstonei",-61.794062,17.03668,"50c9509d-22c7-4a22-a47d-8c48425ef4a7"
"Eleutherodactylus montserratae Hedges, 2022","Eleutherodactylus","montserratae",-62.215948,16.765141,"50c9509d-22c7-4a22-a47d-8c48425ef4a7"
"Eleutherodactylus wetmorei Cochran, 1932","Eleutherodactylus","wetmorei",-72.242761,18.486984,"50c9509d-22c7-4a22-a47d-8c48425ef4a7"
"Eleutherodactylus diplasius Schwartz, 1973","Eleutherodactylus","diplasius",-74.018308,18.591484,"50c9509d-22c7-4a22-a47d-8c48425ef4a7"
"Eleutherodactylus montserratae Hedges, 2022","Eleutherodactylus","montserratae",-63.240309,17.633841,"50c9509d-22c7-4a22-a47d-8c48425ef4a7"
"Eleutherodactylus martinicensis (Tschudi, 1838)","Eleutherodactylus","martinicensis",-61.0189,14.776111,"50c9509d-22c7-4a22-a47d-8c48425ef4a7"
"Eleutherodactylus antillensis (Reinhardt & Lütken, 1863)","Eleutherodactylus","antillensis",-66.071632,18.239665,"50c9509d-22c7-4a22-a47d-8c48425ef4a7"
"Eleutherodactylus abbotti Cochran, 1923","Eleutherodactylus","abbotti",-71.03025,18.377575,"50c9509d-22c7-4a22-a47d-8c48425ef4a7"
"Eleutherodactylus coqui Thomas, 1966","Eleutherodactylus","coqui",-66.049484,18.402559,"50c9509d-22c7-4a22-a47d-8c48425ef4a7"
"Eleutherodactylus cochranae Grant, 1932","Eleutherodactylus","cochranae",-66.049805,18.402789,"50c9509d-22c7-4a22-a47d-8c48425ef4a7"
"Eleutherodactylus coqui Thomas, 1966","Eleutherodactylus","coqui",-66.165652,18.429018,"50c9509d-22c7-4a22-a47d-8c48425ef4a7"
"Eleutherodactylus antillensis (Reinhardt & Lütken, 1863)","Eleutherodactylus","antillensis",-66.179581,18.386611,"50c9509d-22c7-4a22-a47d-8c48425ef4a7"
"Eleutherodactylus brittoni Schmidt, 1920","Eleutherodactylus","brittoni",-65.796708,18.261112,"50c9509d-22c7-4a22-a47d-8c48425ef4a7"
"Eleutherodactylus coqui Thomas, 1966","Eleutherodactylus","coqui",-66.481994,18.470519,"50c9509d-22c7-4a22-a47d-8c48425ef4a7"
"Eleutherodactylus coqui Thomas, 1966","Eleutherodactylus","coqui",-66.83128,18.145665,"50c9509d-22c7-4a22-a47d-8c48425ef4a7"
"Eleutherodactylus atkinsi Dunn, 1925","Eleutherodactylus","atkinsi",-75.811508,20.026014,"50c9509d-22c7-4a22-a47d-8c48425ef4a7"
"Eleutherodactylus antillensis (Reinhardt & Lütken, 1863)","Eleutherodactylus","antillensis",-66.046758,18.405334,"50c9509d-22c7-4a22-a47d-8c48425ef4a7"
"Eleutherodactylus aporostegus Schwartz, 1965","Eleutherodactylus","aporostegus",-74.038719,18.425424,"50c9509d-22c7-4a22-a47d-8c48425ef4a7"
"Eleutherodactylus zeus Schwartz, 1958","Eleutherodactylus","zeus",-83.985928,22.531957,"50c9509d-22c7-4a22-a47d-8c48425ef4a7"
"Eleutherodactylus johnstonei Barbour, 1914","Eleutherodactylus","johnstonei",-61.773366,17.003846,"50c9509d-22c7-4a22-a47d-8c48425ef4a7"
"Eleutherodactylus glandulifer Cochran, 1935","Eleutherodactylus","glandulifer",-74.001275,18.585693,"50c9509d-22c7-4a22-a47d-8c48425ef4a7"
"Eleutherodactylus johnstonei Barbour, 1914","Eleutherodactylus","johnstonei",-61.610342,12.215366,"50c9509d-22c7-4a22-a47d-8c48425ef4a7"
"Eleutherodactylus coqui Thomas, 1966","Eleutherodactylus","coqui",-66.30638,18.47438,"50c9509d-22c7-4a22-a47d-8c48425ef4a7"
"Eleutherodactylus weinlandi Barbour, 1914","Eleutherodactylus","weinlandi",-70.50938,19.757175,"50c9509d-22c7-4a22-a47d-8c48425ef4a7"
"Eleutherodactylus zeus Schwartz, 1958","Eleutherodactylus","zeus",-83.981937,22.424448,"50c9509d-22c7-4a22-a47d-8c48425ef4a7"
"Eleutherodactylus johnstonei Barbour, 1914","Eleutherodactylus","johnstonei",-60.971528,14.0574,"50c9509d-22c7-4a22-a47d-8c48425ef4a7"
"Eleutherodactylus wightmanae Schmidt, 1920","Eleutherodactylus","wightmanae",-66.118555,18.027766,"50c9509d-22c7-4a22-a47d-8c48425ef4a7"
"Eleutherodactylus brittoni Schmidt, 1920","Eleutherodactylus","brittoni",-66.034885,18.078469,"50c9509d-22c7-4a22-a47d-8c48425ef4a7"
"Eleutherodactylus wightmanae Schmidt, 1920","Eleutherodactylus","wightmanae",-66.135597,18.050777,"50c9509d-22c7-4a22-a47d-8c48425ef4a7"
"Eleutherodactylus wightmanae Schmidt, 1920","Eleutherodactylus","wightmanae",-66.101341,18.018416,"50c9509d-22c7-4a22-a47d-8c48425ef4a7"
"Eleutherodactylus glaphycompus Schwartz, 1973","Eleutherodactylus","glaphycompus",-74.193438,18.312266,"50c9509d-22c7-4a22-a47d-8c48425ef4a7"
"Eleutherodactylus johnstonei Barbour, 1914","Eleutherodactylus","johnstonei",-61.089349,14.606587,"50c9509d-22c7-4a22-a47d-8c48425ef4a7"
"Eleutherodactylus coqui Thomas, 1966","Eleutherodactylus","coqui",-66.047748,18.402997,"50c9509d-22c7-4a22-a47d-8c48425ef4a7"
"Eleutherodactylus coqui Thomas, 1966","Eleutherodactylus","coqui",-66.047165,18.404639,"50c9509d-22c7-4a22-a47d-8c48425ef4a7"
"Eleutherodactylus coqui Thomas, 1966","Eleutherodactylus","coqui",-66.050112,18.402807,"50c9509d-22c7-4a22-a47d-8c48425ef4a7"
"Eleutherodactylus coqui Thomas, 1966","Eleutherodactylus","coqui",-66.050137,18.402807,"50c9509d-22c7-4a22-a47d-8c48425ef4a7"
"Eleutherodactylus coqui Thomas, 1966","Eleutherodactylus","coqui",-66.379395,18.020528,"50c9509d-22c7-4a22-a47d-8c48425ef4a7"
"Eleutherodactylus coqui Thomas, 1966","Eleutherodactylus","coqui",-66.132026,18.072713,"50c9509d-22c7-4a22-a47d-8c48425ef4a7"
"Eleutherodactylus martinicensis (Tschudi, 1838)","Eleutherodactylus","martinicensis",-61.172284,14.693333,"50c9509d-22c7-4a22-a47d-8c48425ef4a7"
"Eleutherodactylus coqui Thomas, 1966","Eleutherodactylus","coqui",-66.034939,18.09119,"50c9509d-22c7-4a22-a47d-8c48425ef4a7"
"Eleutherodactylus coqui Thomas, 1966","Eleutherodactylus","coqui",-66.849898,18.034964,"50c9509d-22c7-4a22-a47d-8c48425ef4a7"
"Eleutherodactylus coqui Thomas, 1966","Eleutherodactylus","coqui",-66.051718,18.363012,"50c9509d-22c7-4a22-a47d-8c48425ef4a7"
"Eleutherodactylus coqui Thomas, 1966","Eleutherodactylus","coqui",-66.269042,18.46893,"50c9509d-22c7-4a22-a47d-8c48425ef4a7"
"Eleutherodactylus coqui Thomas, 1966","Eleutherodactylus","coqui",-66.079803,18.32707,"50c9509d-22c7-4a22-a47d-8c48425ef4a7"
"Eleutherodactylus coqui Thomas, 1966","Eleutherodactylus","coqui",-65.957387,18.380782,"50c9509d-22c7-4a22-a47d-8c48425ef4a7"
"Eleutherodactylus coqui Thomas, 1966","Eleutherodactylus","coqui",-65.991515,18.324259,"50c9509d-22c7-4a22-a47d-8c48425ef4a7"
"Eleutherodactylus coqui Thomas, 1966","Eleutherodactylus","coqui",-66.494404,18.285709,"50c9509d-22c7-4a22-a47d-8c48425ef4a7"
"Eleutherodactylus coqui Thomas, 1966","Eleutherodactylus","coqui",-66.028511,18.265859,"50c9509d-22c7-4a22-a47d-8c48425ef4a7"
"Eleutherodactylus coqui Thomas, 1966","Eleutherodactylus","coqui",-66.045219,18.40405,"50c9509d-22c7-4a22-a47d-8c48425ef4a7"
"Eleutherodactylus antillensis (Reinhardt & Lütken, 1863)","Eleutherodactylus","antillensis",-65.997577,18.354037,"50c9509d-22c7-4a22-a47d-8c48425ef4a7"
"Eleutherodactylus coqui Thomas, 1966","Eleutherodactylus","coqui",-66.200381,18.342234,"50c9509d-22c7-4a22-a47d-8c48425ef4a7"
"Eleutherodactylus coqui Thomas, 1966","Eleutherodactylus","coqui",-66.111431,18.407073,"50c9509d-22c7-4a22-a47d-8c48425ef4a7"
"Eleutherodactylus antillensis (Reinhardt & Lütken, 1863)","Eleutherodactylus","antillensis",-65.652384,18.325787,"50c9509d-22c7-4a22-a47d-8c48425ef4a7"
"Eleutherodactylus coqui Thomas, 1966","Eleutherodactylus","coqui",-66.162635,18.361418,"50c9509d-22c7-4a22-a47d-8c48425ef4a7"
"Eleutherodactylus coqui Thomas, 1966","Eleutherodactylus","coqui",-66.006377,18.391723,"50c9509d-22c7-4a22-a47d-8c48425ef4a7"
"Eleutherodactylus coqui Thomas, 1966","Eleutherodactylus","coqui",-66.054389,18.251563,"50c9509d-22c7-4a22-a47d-8c48425ef4a7"
"Eleutherodactylus coqui Thomas, 1966","Eleutherodactylus","coqui",-66.027864,18.401707,"50c9509d-22c7-4a22-a47d-8c48425ef4a7"
"Eleutherodactylus iberia Estrada & Hedges, 1996","Eleutherodactylus","iberia",-74.914605,20.435051,"50c9509d-22c7-4a22-a47d-8c48425ef4a7"
"Eleutherodactylus coqui Thomas, 1966","Eleutherodactylus","coqui",-66.006398,18.391709,"50c9509d-22c7-4a22-a47d-8c48425ef4a7"
"Eleutherodactylus antillensis (Reinhardt & Lütken, 1863)","Eleutherodactylus","antillensis",-67.114631,18.086926,"50c9509d-22c7-4a22-a47d-8c48425ef4a7"
"Eleutherodactylus rogersi Goin, 1955","Eleutherodactylus","rogersi",-74.463487,24.119331,"50c9509d-22c7-4a22-a47d-8c48425ef4a7"
"Eleutherodactylus flavescens Noble, 1923","Eleutherodactylus","flavescens",-68.710393,18.274184,"50c9509d-22c7-4a22-a47d-8c48425ef4a7"
"Eleutherodactylus johnstonei Barbour, 1914","Eleutherodactylus","johnstonei",-61.087106,14.52748,"50c9509d-22c7-4a22-a47d-8c48425ef4a7"
"Eleutherodactylus etheridgei Schwartz, 1958","Eleutherodactylus","etheridgei",-75.461866,19.889653,"50c9509d-22c7-4a22-a47d-8c48425ef4a7"
"Eleutherodactylus planirostris (Cope, 1862)","Eleutherodactylus","planirostris",-81.380826,19.336432,"50c9509d-22c7-4a22-a47d-8c48425ef4a7"
"Eleutherodactylus inoptatus (Barbour, 1914)","Eleutherodactylus","inoptatus",-70.430574,18.391324,"50c9509d-22c7-4a22-a47d-8c48425ef4a7"
"Eleutherodactylus flavescens Noble, 1923","Eleutherodactylus","flavescens",-69.559093,19.067124,"50c9509d-22c7-4a22-a47d-8c48425ef4a7"
"Eleutherodactylus coqui Thomas, 1966","Eleutherodactylus","coqui",-65.678963,18.272084,"50c9509d-22c7-4a22-a47d-8c48425ef4a7"
"Eleutherodactylus atkinsi Dunn, 1925","Eleutherodactylus","atkinsi",-77.753041,21.512525,"50c9509d-22c7-4a22-a47d-8c48425ef4a7"
"Eleutherodactylus zugi Schwartz, 1958","Eleutherodactylus","zugi",-83.526764,22.64854,"50c9509d-22c7-4a22-a47d-8c48425ef4a7"
"Eleutherodactylus martinicensis (Tschudi, 1838)","Eleutherodactylus","martinicensis",-61.330473,15.521773,"50c9509d-22c7-4a22-a47d-8c48425ef4a7"
"Eleutherodactylus johnstonei Barbour, 1914","Eleutherodactylus","johnstonei",-78.052853,18.446264,"50c9509d-22c7-4a22-a47d-8c48425ef4a7"
"Eleutherodactylus coqui Thomas, 1966","Eleutherodactylus","coqui",-65.924441,18.354733,"50c9509d-22c7-4a22-a47d-8c48425ef4a7"
"Eleutherodactylus coqui Thomas, 1966","Eleutherodactylus","coqui",-65.775978,18.350655,"50c9509d-22c7-4a22-a47d-8c48425ef4a7"
"Eleutherodactylus antillensis (Reinhardt & Lütken, 1863)","Eleutherodactylus","antillensis",-65.690024,18.350956,"fb639e31-52eb-4998-afb1-984ee12aca0f"
"Eleutherodactylus gryllus Schmidt, 1920","Eleutherodactylus","gryllus",-65.791146,18.310432,"fb639e31-52eb-4998-afb1-984ee12aca0f"
"Eleutherodactylus cooki Grant, 1932","Eleutherodactylus","cooki",-65.891732,18.039176,"fb639e31-52eb-4998-afb1-984ee12aca0f"
"Eleutherodactylus coqui Thomas, 1966","Eleutherodactylus","coqui",-65.824885,18.320088,"fb639e31-52eb-4998-afb1-984ee12aca0f"
"Eleutherodactylus locustus Schmidt, 1920","Eleutherodactylus","locustus",-65.791146,18.310432,"fb639e31-52eb-4998-afb1-984ee12aca0f"
"Eleutherodactylus portoricensis Schmidt, 1927","Eleutherodactylus","portoricensis",-65.824885,18.320088,"fb639e31-52eb-4998-afb1-984ee12aca0f"
"Eleutherodactylus richmondi Stejneger, 1904","Eleutherodactylus","richmondi",-65.824885,18.320088,"fb639e31-52eb-4998-afb1-984ee12aca0f"
"Eleutherodactylus cochranae Grant, 1932","Eleutherodactylus","cochranae",-65.819985,18.321473,"fb639e31-52eb-4998-afb1-984ee12aca0f"
"Eleutherodactylus antillensis (Reinhardt & Lütken, 1863)","Eleutherodactylus","antillensis",-65.819985,18.321473,"fb639e31-52eb-4998-afb1-984ee12aca0f"
"Eleutherodactylus antillensis (Reinhardt & Lütken, 1863)","Eleutherodactylus","antillensis",-64.880101,17.74397,"fb639e31-52eb-4998-afb1-984ee12aca0f"
"Eleutherodactylus richmondi Stejneger, 1904","Eleutherodactylus","richmondi",-65.791146,18.310432,"fb639e31-52eb-4998-afb1-984ee12aca0f"
"Eleutherodactylus antillensis (Reinhardt & Lütken, 1863)","Eleutherodactylus","antillensis",-67.024346,18.500776,"fb639e31-52eb-4998-afb1-984ee12aca0f"
"Eleutherodactylus brittoni Schmidt, 1920","Eleutherodactylus","brittoni",-65.819985,18.321473,"fb639e31-52eb-4998-afb1-984ee12aca0f"
"Eleutherodactylus eneidae Rivero, 1959","Eleutherodactylus","eneidae",-65.791323,18.310613,"fb639e31-52eb-4998-afb1-984ee12aca0f"
"Eleutherodactylus coqui Thomas, 1966","Eleutherodactylus","coqui",-65.819985,18.321473,"fb639e31-52eb-4998-afb1-984ee12aca0f"
"Eleutherodactylus jasperi Drewry & Jones, 1976","Eleutherodactylus","jasperi",-66.142622,18.067735,"fb639e31-52eb-4998-afb1-984ee12aca0f"
"Eleutherodactylus johnstonei Barbour, 1914","Eleutherodactylus","johnstonei",-60.966373,13.907536,"fb639e31-52eb-4998-afb1-984ee12aca0f"
"Eleutherodactylus antillensis (Reinhardt & Lütken, 1863)","Eleutherodactylus","antillensis",-66.161763,18.118082,"fb639e31-52eb-4998-afb1-984ee12aca0f"
"Eleutherodactylus unicolor Stejneger, 1904","Eleutherodactylus","unicolor",-65.791146,18.310432,"fb639e31-52eb-4998-afb1-984ee12aca0f"
"Eleutherodactylus schwartzi Thomas, 1966","Eleutherodactylus","schwartzi",-64.65,18.4,"fb639e31-52eb-4998-afb1-984ee12aca0f"
"Eleutherodactylus wightmanae Schmidt, 1920","Eleutherodactylus","wightmanae",-65.824885,18.320088,"fb639e31-52eb-4998-afb1-984ee12aca0f"
"Eleutherodactylus karlschmidti Grant, 1931","Eleutherodactylus","karlschmidti",-65.824885,18.320088,"fb639e31-52eb-4998-afb1-984ee12aca0f"
"Eleutherodactylus lentus (Cope, 1862)","Eleutherodactylus","lentus",-64.850509,17.725914,"fb639e31-52eb-4998-afb1-984ee12aca0f"
"Eleutherodactylus antillensis (Reinhardt & Lütken, 1863)","Eleutherodactylus","antillensis",-64.65,18.4,"fb639e31-52eb-4998-afb1-984ee12aca0f"
"Eleutherodactylus cochranae Grant, 1932","Eleutherodactylus","cochranae",-66.161763,18.118082,"fb639e31-52eb-4998-afb1-984ee12aca0f"
"Eleutherodactylus lentus (Cope, 1862)","Eleutherodactylus","lentus",-64.876944,17.762419,"fb639e31-52eb-4998-afb1-984ee12aca0f"
"Eleutherodactylus antillensis (Reinhardt & Lütken, 1863)","Eleutherodactylus","antillensis",-64.879644,17.762419,"fb639e31-52eb-4998-afb1-984ee12aca0f"
"Eleutherodactylus antillensis (Reinhardt & Lütken, 1863)","Eleutherodactylus","antillensis",-64.876944,17.762419,"fb639e31-52eb-4998-afb1-984ee12aca0f"
"Eleutherodactylus cochranae Grant, 1932","Eleutherodactylus","cochranae",-64.65,18.4,"fb639e31-52eb-4998-afb1-984ee12aca0f"
"Eleutherodactylus lentus (Cope, 1862)","Eleutherodactylus","lentus",-64.880101,17.74397,"fb639e31-52eb-4998-afb1-984ee12aca0f"
"Eleutherodactylus antillensis (Reinhardt & Lütken, 1863)","Eleutherodactylus","antillensis",-64.880104,17.74397,"fb639e31-52eb-4998-afb1-984ee12aca0f"
"Eleutherodactylus antillensis (Reinhardt & Lütken, 1863)","Eleutherodactylus","antillensis",-64.850509,17.725914,"fb639e31-52eb-4998-afb1-984ee12aca0f"
"Eleutherodactylus inoptatus (Barbour, 1914)","Eleutherodactylus","inoptatus",-70.472138,19.12408,"50c9509d-22c7-4a22-a47d-8c48425ef4a7"
"Eleutherodactylus zeus Schwartz, 1958","Eleutherodactylus","zeus",-83.956261,22.460171,"50c9509d-22c7-4a22-a47d-8c48425ef4a7"
"Eleutherodactylus coqui Thomas, 1966","Eleutherodactylus","coqui",-66.098983,18.208242,"50c9509d-22c7-4a22-a47d-8c48425ef4a7"
"Eleutherodactylus martinicensis (Tschudi, 1838)","Eleutherodactylus","martinicensis",-61.15148,14.80637,"7247dc2e-b862-4555-b533-7701d183271b"
"Eleutherodactylus johnstonei Barbour, 1914","Eleutherodactylus","johnstonei",-60.90521,14.60641,"7247dc2e-b862-4555-b533-7701d183271b"
"Eleutherodactylus johnstonei Barbour, 1914","Eleutherodactylus","johnstonei",-61.15142,14.80615,"7247dc2e-b862-4555-b533-7701d183271b"
"Eleutherodactylus martinicensis (Tschudi, 1838)","Eleutherodactylus","martinicensis",-61.1515,14.80636,"7247dc2e-b862-4555-b533-7701d183271b"
"Eleutherodactylus johnstonei Barbour, 1914","Eleutherodactylus","johnstonei",-61.11975,14.69003,"dea05a0f-6245-4adc-9e76-c1335033b6f8"
"Eleutherodactylus johnstonei Barbour, 1914","Eleutherodactylus","johnstonei",-61.10014,14.64593,"1b98c4ee-a3ec-477c-a27e-40a213174b84"
"Eleutherodactylus martinicensis (Tschudi, 1838)","Eleutherodactylus","martinicensis",-61.04393,14.67655,"1b98c4ee-a3ec-477c-a27e-40a213174b84"
"Eleutherodactylus martinicensis (Tschudi, 1838)","Eleutherodactylus","martinicensis",-61.20381,14.8208,"1b98c4ee-a3ec-477c-a27e-40a213174b84"
"Eleutherodactylus martinicensis (Tschudi, 1838)","Eleutherodactylus","martinicensis",-61.11508,14.72657,"1b98c4ee-a3ec-477c-a27e-40a213174b84"
"Eleutherodactylus martinicensis (Tschudi, 1838)","Eleutherodactylus","martinicensis",-61.12039,14.76909,"1b98c4ee-a3ec-477c-a27e-40a213174b84"
"Eleutherodactylus johnstonei Barbour, 1914","Eleutherodactylus","johnstonei",-61.12366,14.84124,"1b98c4ee-a3ec-477c-a27e-40a213174b84"
"Eleutherodactylus johnstonei Barbour, 1914","Eleutherodactylus","johnstonei",-61.12355,14.81397,"1b98c4ee-a3ec-477c-a27e-40a213174b84"
"Eleutherodactylus johnstonei Barbour, 1914","Eleutherodactylus","johnstonei",-60.90521,14.60641,"1b98c4ee-a3ec-477c-a27e-40a213174b84"
"Eleutherodactylus johnstonei Barbour, 1914","Eleutherodactylus","johnstonei",-61.04393,14.67655,"1b98c4ee-a3ec-477c-a27e-40a213174b84"
"Eleutherodactylus johnstonei Barbour, 1914","Eleutherodactylus","johnstonei",-61.12039,14.76909,"1b98c4ee-a3ec-477c-a27e-40a213174b84"
"Eleutherodactylus johnstonei Barbour, 1914","Eleutherodactylus","johnstonei",-61.11508,14.72657,"1b98c4ee-a3ec-477c-a27e-40a213174b84"
"Eleutherodactylus martinicensis (Tschudi, 1838)","Eleutherodactylus","martinicensis",-61.06897,14.6406,"1b98c4ee-a3ec-477c-a27e-40a213174b84"
"Eleutherodactylus martinicensis (Tschudi, 1838)","Eleutherodactylus","martinicensis",-61.09539,14.78124,"1b98c4ee-a3ec-477c-a27e-40a213174b84"
"Eleutherodactylus johnstonei Barbour, 1914","Eleutherodactylus","johnstonei",-61.20381,14.8208,"1b98c4ee-a3ec-477c-a27e-40a213174b84"
"Eleutherodactylus johnstonei Barbour, 1914","Eleutherodactylus","johnstonei",-61.17226,14.77529,"1b98c4ee-a3ec-477c-a27e-40a213174b84"
"Eleutherodactylus johnstonei Barbour, 1914","Eleutherodactylus","johnstonei",-61.09773,14.51015,"1b98c4ee-a3ec-477c-a27e-40a213174b84"
"Eleutherodactylus johnstonei Barbour, 1914","Eleutherodactylus","johnstonei",-60.95061,14.73844,"1b98c4ee-a3ec-477c-a27e-40a213174b84"
"Eleutherodactylus martinicensis (Tschudi, 1838)","Eleutherodactylus","martinicensis",-61.09617,14.69088,"1b98c4ee-a3ec-477c-a27e-40a213174b84"
"Eleutherodactylus johnstonei Barbour, 1914","Eleutherodactylus","johnstonei",-60.85767,14.48406,"1b98c4ee-a3ec-477c-a27e-40a213174b84"
"Eleutherodactylus johnstonei Barbour, 1914","Eleutherodactylus","johnstonei",-60.85732,14.5437,"1b98c4ee-a3ec-477c-a27e-40a213174b84"
"Eleutherodactylus johnstonei Barbour, 1914","Eleutherodactylus","johnstonei",-61.01765,14.76911,"1b98c4ee-a3ec-477c-a27e-40a213174b84"
"Eleutherodactylus johnstonei Barbour, 1914","Eleutherodactylus","johnstonei",-61.03766,14.52684,"1b98c4ee-a3ec-477c-a27e-40a213174b84"
"Eleutherodactylus johnstonei Barbour, 1914","Eleutherodactylus","johnstonei",-61.02077,14.48895,"1b98c4ee-a3ec-477c-a27e-40a213174b84"
"Eleutherodactylus johnstonei Barbour, 1914","Eleutherodactylus","johnstonei",-61.026,14.71214,"1b98c4ee-a3ec-477c-a27e-40a213174b84"
"Eleutherodactylus johnstonei Barbour, 1914","Eleutherodactylus","johnstonei",-60.99177,14.62779,"1b98c4ee-a3ec-477c-a27e-40a213174b84"
"Eleutherodactylus johnstonei Barbour, 1914","Eleutherodactylus","johnstonei",-60.9421,14.67521,"1b98c4ee-a3ec-477c-a27e-40a213174b84"
"Eleutherodactylus johnstonei Barbour, 1914","Eleutherodactylus","johnstonei",-61.06897,14.6406,"1b98c4ee-a3ec-477c-a27e-40a213174b84"
"Eleutherodactylus johnstonei Barbour, 1914","Eleutherodactylus","johnstonei",-61.1467,14.67573,"1b98c4ee-a3ec-477c-a27e-40a213174b84"
"Eleutherodactylus martinicensis (Tschudi, 1838)","Eleutherodactylus","martinicensis",-61.00334,14.6901,"1b98c4ee-a3ec-477c-a27e-40a213174b84"
"Eleutherodactylus johnstonei Barbour, 1914","Eleutherodactylus","johnstonei",-61.16459,14.71094,"1b98c4ee-a3ec-477c-a27e-40a213174b84"
"Eleutherodactylus martinicensis (Tschudi, 1838)","Eleutherodactylus","martinicensis",-60.96251,14.52472,"1b98c4ee-a3ec-477c-a27e-40a213174b84"
"Eleutherodactylus martinicensis (Tschudi, 1838)","Eleutherodactylus","martinicensis",-61.13535,14.70386,"1b98c4ee-a3ec-477c-a27e-40a213174b84"
"Eleutherodactylus martinicensis (Tschudi, 1838)","Eleutherodactylus","martinicensis",-61.16459,14.71094,"1b98c4ee-a3ec-477c-a27e-40a213174b84"
"Eleutherodactylus martinicensis (Tschudi, 1838)","Eleutherodactylus","martinicensis",-61.12355,14.81397,"1b98c4ee-a3ec-477c-a27e-40a213174b84"
"Eleutherodactylus johnstonei Barbour, 1914","Eleutherodactylus","johnstonei",-60.85498,14.43685,"1b98c4ee-a3ec-477c-a27e-40a213174b84"
"Eleutherodactylus martinicensis (Tschudi, 1838)","Eleutherodactylus","martinicensis",-61.17922,14.84919,"1b98c4ee-a3ec-477c-a27e-40a213174b84"
"Eleutherodactylus johnstonei Barbour, 1914","Eleutherodactylus","johnstonei",-61.13535,14.70386,"1b98c4ee-a3ec-477c-a27e-40a213174b84"
"Eleutherodactylus martinicensis (Tschudi, 1838)","Eleutherodactylus","martinicensis",-61.18826,14.78199,"1b98c4ee-a3ec-477c-a27e-40a213174b84"
"Eleutherodactylus johnstonei Barbour, 1914","Eleutherodactylus","johnstonei",-60.89769,14.50931,"1b98c4ee-a3ec-477c-a27e-40a213174b84"
"Eleutherodactylus martinicensis (Tschudi, 1838)","Eleutherodactylus","martinicensis",-61.15142,14.85543,"1b98c4ee-a3ec-477c-a27e-40a213174b84"
"Eleutherodactylus martinicensis (Tschudi, 1838)","Eleutherodactylus","martinicensis",-60.92129,14.55921,"1b98c4ee-a3ec-477c-a27e-40a213174b84"
"Eleutherodactylus johnstonei Barbour, 1914","Eleutherodactylus","johnstonei",-60.96251,14.52472,"1b98c4ee-a3ec-477c-a27e-40a213174b84"
"Eleutherodactylus johnstonei Barbour, 1914","Eleutherodactylus","johnstonei",-60.92129,14.55921,"1b98c4ee-a3ec-477c-a27e-40a213174b84"
"Eleutherodactylus johnstonei Barbour, 1914","Eleutherodactylus","johnstonei",-61.15142,14.85543,"1b98c4ee-a3ec-477c-a27e-40a213174b84"
"Eleutherodactylus johnstonei Barbour, 1914","Eleutherodactylus","johnstonei",-61.09617,14.69088,"1b98c4ee-a3ec-477c-a27e-40a213174b84"
"Eleutherodactylus martinicensis (Tschudi, 1838)","Eleutherodactylus","martinicensis",-60.90521,14.60641,"1b98c4ee-a3ec-477c-a27e-40a213174b84"
"Eleutherodactylus martinicensis (Tschudi, 1838)","Eleutherodactylus","martinicensis",-61.01765,14.76911,"1b98c4ee-a3ec-477c-a27e-40a213174b84"
"Eleutherodactylus johnstonei Barbour, 1914","Eleutherodactylus","johnstonei",-61.12528,14.65857,"1b98c4ee-a3ec-477c-a27e-40a213174b84"
"Eleutherodactylus martinicensis (Tschudi, 1838)","Eleutherodactylus","martinicensis",-61.17226,14.77529,"1b98c4ee-a3ec-477c-a27e-40a213174b84"
"Eleutherodactylus johnstonei Barbour, 1914","Eleutherodactylus","johnstonei",-61.00334,14.6901,"1b98c4ee-a3ec-477c-a27e-40a213174b84"
"Eleutherodactylus johnstonei Barbour, 1914","Eleutherodactylus","johnstonei",-61.07213,14.49893,"1b98c4ee-a3ec-477c-a27e-40a213174b84"
"Eleutherodactylus martinicensis (Tschudi, 1838)","Eleutherodactylus","martinicensis",-61.026,14.71214,"1b98c4ee-a3ec-477c-a27e-40a213174b84"
"Eleutherodactylus martinicensis (Tschudi, 1838)","Eleutherodactylus","martinicensis",-61.12528,14.65857,"1b98c4ee-a3ec-477c-a27e-40a213174b84"
"Eleutherodactylus johnstonei Barbour, 1914","Eleutherodactylus","johnstonei",-61.17922,14.84919,"1b98c4ee-a3ec-477c-a27e-40a213174b84"
"Eleutherodactylus johnstonei Barbour, 1914","Eleutherodactylus","johnstonei",-61.18826,14.78199,"1b98c4ee-a3ec-477c-a27e-40a213174b84"
"Eleutherodactylus johnstonei Barbour, 1914","Eleutherodactylus","johnstonei",-60.91137,14.59892,"1b98c4ee-a3ec-477c-a27e-40a213174b84"
"Eleutherodactylus johnstonei Barbour, 1914","Eleutherodactylus","johnstonei",-60.94414,14.48567,"1b98c4ee-a3ec-477c-a27e-40a213174b84"
"Eleutherodactylus johnstonei Barbour, 1914","Eleutherodactylus","johnstonei",-61.07652,14.80132,"1b98c4ee-a3ec-477c-a27e-40a213174b84"
"Eleutherodactylus johnstonei Barbour, 1914","Eleutherodactylus","johnstonei",-61.09539,14.78124,"1b98c4ee-a3ec-477c-a27e-40a213174b84"
"Eleutherodactylus johnstonei Barbour, 1914","Eleutherodactylus","johnstonei",-61.05116,14.78072,"1b98c4ee-a3ec-477c-a27e-40a213174b84"
"Eleutherodactylus martinicensis (Tschudi, 1838)","Eleutherodactylus","martinicensis",-61.03766,14.52684,"1b98c4ee-a3ec-477c-a27e-40a213174b84"
"Eleutherodactylus johnstonei Barbour, 1914","Eleutherodactylus","johnstonei",-60.94974,14.74063,"abf9b70d-8d79-4444-ba75-7aa8039f55bc"
"Eleutherodactylus johnstonei Barbour, 1914","Eleutherodactylus","johnstonei",-61.09608,14.60548,"abf9b70d-8d79-4444-ba75-7aa8039f55bc"
"Eleutherodactylus johnstonei Barbour, 1914","Eleutherodactylus","johnstonei",-60.92919,14.68212,"d4f0993a-0f72-445e-8d5c-1b685e5268b1"
"Eleutherodactylus johnstonei Barbour, 1914","Eleutherodactylus","johnstonei",-61.12355,14.81397,"d4f0993a-0f72-445e-8d5c-1b685e5268b1"
"Eleutherodactylus johnstonei Barbour, 1914","Eleutherodactylus","johnstonei",-60.99177,14.62779,"d4f0993a-0f72-445e-8d5c-1b685e5268b1"
"Eleutherodactylus lentus (Cope, 1862)","Eleutherodactylus","lentus",-64.706133,17.751204,"50c9509d-22c7-4a22-a47d-8c48425ef4a7"
"Eleutherodactylus planirostris (Cope, 1862)","Eleutherodactylus","planirostris",-78.979727,22.649504,"50c9509d-22c7-4a22-a47d-8c48425ef4a7"
"Eleutherodactylus johnstonei Barbour, 1914","Eleutherodactylus","johnstonei",-61.086986,14.527743,"50c9509d-22c7-4a22-a47d-8c48425ef4a7"
"Eleutherodactylus atkinsi Dunn, 1925","Eleutherodactylus","atkinsi",-75.329697,20.398987,"50c9509d-22c7-4a22-a47d-8c48425ef4a7"
"Eleutherodactylus atkinsi Dunn, 1925","Eleutherodactylus","atkinsi",-75.423212,20.176407,"50c9509d-22c7-4a22-a47d-8c48425ef4a7"
"Eleutherodactylus iberia Estrada & Hedges, 1996","Eleutherodactylus","iberia",-74.837003,20.585285,"50c9509d-22c7-4a22-a47d-8c48425ef4a7"
"Eleutherodactylus iberia Estrada & Hedges, 1996","Eleutherodactylus","iberia",-74.960909,20.497675,"50c9509d-22c7-4a22-a47d-8c48425ef4a7"
"Eleutherodactylus flavescens Noble, 1923","Eleutherodactylus","flavescens",-69.449563,19.099256,"50c9509d-22c7-4a22-a47d-8c48425ef4a7"
"Eleutherodactylus cooki Grant, 1932","Eleutherodactylus","cooki",-65.856834,18.099427,"50c9509d-22c7-4a22-a47d-8c48425ef4a7"
"Eleutherodactylus rogersi Goin, 1955","Eleutherodactylus","rogersi",-74.495235,24.028647,"50c9509d-22c7-4a22-a47d-8c48425ef4a7"
"Eleutherodactylus johnstonei Barbour, 1914","Eleutherodactylus","johnstonei",-61.076766,13.864851,"50c9509d-22c7-4a22-a47d-8c48425ef4a7"
"Eleutherodactylus johnstonei Barbour, 1914","Eleutherodactylus","johnstonei",-60.946827,14.102427,"50c9509d-22c7-4a22-a47d-8c48425ef4a7"
"Eleutherodactylus atkinsi Dunn, 1925","Eleutherodactylus","atkinsi",-75.112718,19.930355,"50c9509d-22c7-4a22-a47d-8c48425ef4a7"
"Eleutherodactylus atkinsi Dunn, 1925","Eleutherodactylus","atkinsi",-75.111823,19.936618,"50c9509d-22c7-4a22-a47d-8c48425ef4a7"
"Eleutherodactylus etheridgei Schwartz, 1958","Eleutherodactylus","etheridgei",-75.1805,19.951896,"50c9509d-22c7-4a22-a47d-8c48425ef4a7"
"Eleutherodactylus etheridgei Schwartz, 1958","Eleutherodactylus","etheridgei",-75.040027,19.929526,"50c9509d-22c7-4a22-a47d-8c48425ef4a7"
"Eleutherodactylus atkinsi Dunn, 1925","Eleutherodactylus","atkinsi",-75.113699,19.938652,"50c9509d-22c7-4a22-a47d-8c48425ef4a7"
"Eleutherodactylus coqui Thomas, 1966","Eleutherodactylus","coqui",-66.831177,18.145708,"50c9509d-22c7-4a22-a47d-8c48425ef4a7"
"Eleutherodactylus antillensis (Reinhardt & Lütken, 1863)","Eleutherodactylus","antillensis",-66.343155,18.479987,"50c9509d-22c7-4a22-a47d-8c48425ef4a7"
"Eleutherodactylus inoptatus (Barbour, 1914)","Eleutherodactylus","inoptatus",-70.857062,19.644257,"50c9509d-22c7-4a22-a47d-8c48425ef4a7"
"Eleutherodactylus coqui Thomas, 1966","Eleutherodactylus","coqui",-65.9363,18.210394,"50c9509d-22c7-4a22-a47d-8c48425ef4a7"
"Eleutherodactylus coqui Thomas, 1966","Eleutherodactylus","coqui",-66.105735,18.465539,"50c9509d-22c7-4a22-a47d-8c48425ef4a7"
"Eleutherodactylus atkinsi Dunn, 1925","Eleutherodactylus","atkinsi",-75.808892,20.024472,"50c9509d-22c7-4a22-a47d-8c48425ef4a7"
"Eleutherodactylus atkinsi Dunn, 1925","Eleutherodactylus","atkinsi",-76.876488,20.022011,"50c9509d-22c7-4a22-a47d-8c48425ef4a7"
"Eleutherodactylus toa Estrada & Hedges, 1991","Eleutherodactylus","toa",-75.402538,20.504535,"50c9509d-22c7-4a22-a47d-8c48425ef4a7"
"Eleutherodactylus pinarensis Dunn, 1926","Eleutherodactylus","pinarensis",-83.8934,22.560361,"50c9509d-22c7-4a22-a47d-8c48425ef4a7"
"Eleutherodactylus casparii Dunn, 1926","Eleutherodactylus","casparii",-79.479436,21.841533,"50c9509d-22c7-4a22-a47d-8c48425ef4a7"
"Eleutherodactylus greyi Dunn, 1926","Eleutherodactylus","greyi",-79.504226,21.87457,"50c9509d-22c7-4a22-a47d-8c48425ef4a7"
"Eleutherodactylus dimidiatus (Cope, 1862)","Eleutherodactylus","dimidiatus",-79.462864,21.95062,"50c9509d-22c7-4a22-a47d-8c48425ef4a7"
"Eleutherodactylus auriculatus (Cope, 1862)","Eleutherodactylus","auriculatus",-79.59935,21.8845,"50c9509d-22c7-4a22-a47d-8c48425ef4a7"
"Eleutherodactylus paralius Schwartz, 1976","Eleutherodactylus","paralius",-69.889235,18.422999,"50c9509d-22c7-4a22-a47d-8c48425ef4a7"
"Eleutherodactylus inoptatus (Barbour, 1914)","Eleutherodactylus","inoptatus",-69.957151,18.493637,"50c9509d-22c7-4a22-a47d-8c48425ef4a7"
"Eleutherodactylus atkinsi Dunn, 1925","Eleutherodactylus","atkinsi",-75.541791,20.425155,"50c9509d-22c7-4a22-a47d-8c48425ef4a7"
"Eleutherodactylus antillensis (Reinhardt & Lütken, 1863)","Eleutherodactylus","antillensis",-66.063889,18.410555,"50c9509d-22c7-4a22-a47d-8c48425ef4a7"
"Eleutherodactylus coqui Thomas, 1966","Eleutherodactylus","coqui",-66.742526,18.438526,"50c9509d-22c7-4a22-a47d-8c48425ef4a7"
"Eleutherodactylus mariposa Hedges, Estrada & Thomas, 1992","Eleutherodactylus","mariposa",-75.1589,20.3504,"040c5662-da76-4782-a48e-cdea1892d14c"
"Eleutherodactylus ronaldi Schwartz, 1960","Eleutherodactylus","ronaldi",-74.5486,20.3403,"040c5662-da76-4782-a48e-cdea1892d14c"
"Eleutherodactylus inoptatus (Barbour, 1914)","Eleutherodactylus","inoptatus",-71.571514,19.357115,"50c9509d-22c7-4a22-a47d-8c48425ef4a7"
"Eleutherodactylus antillensis (Reinhardt & Lütken, 1863)","Eleutherodactylus","antillensis",-66.739143,18.175541,"50c9509d-22c7-4a22-a47d-8c48425ef4a7"
"Eleutherodactylus coqui Thomas, 1966","Eleutherodactylus","coqui",-66.093237,18.452954,"50c9509d-22c7-4a22-a47d-8c48425ef4a7"
"Eleutherodactylus montserratae Hedges, 2022","Eleutherodactylus","montserratae",-63.247224,17.63042,"50c9509d-22c7-4a22-a47d-8c48425ef4a7"
"Eleutherodactylus glaphycompus Schwartz, 1973","Eleutherodactylus","glaphycompus",-73.736067,18.220731,"50c9509d-22c7-4a22-a47d-8c48425ef4a7"
"Eleutherodactylus atkinsi Dunn, 1925","Eleutherodactylus","atkinsi",-75.811608,20.025964,"50c9509d-22c7-4a22-a47d-8c48425ef4a7"
"Eleutherodactylus atkinsi Dunn, 1925","Eleutherodactylus","atkinsi",-75.811547,20.025972,"50c9509d-22c7-4a22-a47d-8c48425ef4a7"
"Eleutherodactylus atkinsi Dunn, 1925","Eleutherodactylus","atkinsi",-75.811608,20.025886,"50c9509d-22c7-4a22-a47d-8c48425ef4a7"
"Eleutherodactylus coqui Thomas, 1966","Eleutherodactylus","coqui",-67.054498,17.978138,"50c9509d-22c7-4a22-a47d-8c48425ef4a7"
"Eleutherodactylus johnstonei Barbour, 1914","Eleutherodactylus","johnstonei",-61.086886,14.527592,"50c9509d-22c7-4a22-a47d-8c48425ef4a7"
"Eleutherodactylus coqui Thomas, 1966","Eleutherodactylus","coqui",-66.70877,18.329267,"50c9509d-22c7-4a22-a47d-8c48425ef4a7"
"Eleutherodactylus coqui Thomas, 1966","Eleutherodactylus","coqui",-66.717639,18.332321,"50c9509d-22c7-4a22-a47d-8c48425ef4a7"
"Eleutherodactylus antillensis (Reinhardt & Lütken, 1863)","Eleutherodactylus","antillensis",-65.839567,18.151426,"50c9509d-22c7-4a22-a47d-8c48425ef4a7"
"Eleutherodactylus antillensis (Reinhardt & Lütken, 1863)","Eleutherodactylus","antillensis",-65.737383,18.339412,"50c9509d-22c7-4a22-a47d-8c48425ef4a7"
"Eleutherodactylus coqui Thomas, 1966","Eleutherodactylus","coqui",-66.054097,18.388795,"50c9509d-22c7-4a22-a47d-8c48425ef4a7"
"Eleutherodactylus coqui Thomas, 1966","Eleutherodactylus","coqui",-67.107909,18.012467,"50c9509d-22c7-4a22-a47d-8c48425ef4a7"
"Eleutherodactylus coqui Thomas, 1966","Eleutherodactylus","coqui",-66.20236,18.407314,"50c9509d-22c7-4a22-a47d-8c48425ef4a7"
"Eleutherodactylus coqui Thomas, 1966","Eleutherodactylus","coqui",-66.033814,18.079197,"50c9509d-22c7-4a22-a47d-8c48425ef4a7"
"Eleutherodactylus coqui Thomas, 1966","Eleutherodactylus","coqui",-66.030681,18.079197,"50c9509d-22c7-4a22-a47d-8c48425ef4a7"
"Eleutherodactylus cooki Grant, 1932","Eleutherodactylus","cooki",-66.160753,18.056928,"50c9509d-22c7-4a22-a47d-8c48425ef4a7"
"Eleutherodactylus cooki Grant, 1932","Eleutherodactylus","cooki",-66.052514,18.167805,"50c9509d-22c7-4a22-a47d-8c48425ef4a7"
"Eleutherodactylus coqui Thomas, 1966","Eleutherodactylus","coqui",-66.532201,18.262568,"50c9509d-22c7-4a22-a47d-8c48425ef4a7"
"Eleutherodactylus cooki Grant, 1932","Eleutherodactylus","cooki",-65.899065,18.031902,"8e479b8f-ac16-4bed-a11a-bc7e27c31663"
"Eleutherodactylus dimidiatus (Cope, 1862)","Eleutherodactylus","dimidiatus",-74.569877,20.346997,"8e479b8f-ac16-4bed-a11a-bc7e27c31663"
"Eleutherodactylus wetmorei Cochran, 1932","Eleutherodactylus","wetmorei",-71.843305,18.245109,"8e479b8f-ac16-4bed-a11a-bc7e27c31663"
"Eleutherodactylus schwartzi Thomas, 1966","Eleutherodactylus","schwartzi",-64.697929,18.396047,"8e479b8f-ac16-4bed-a11a-bc7e27c31663"
"Eleutherodactylus planirostris (Cope, 1862)","Eleutherodactylus","planirostris",-77.355252,25.0484,"8e479b8f-ac16-4bed-a11a-bc7e27c31663"
"Eleutherodactylus patriciae Schwartz, 1965","Eleutherodactylus","patriciae",-70.615117,18.829148,"8e479b8f-ac16-4bed-a11a-bc7e27c31663"
"Eleutherodactylus limbatus (Cope, 1862)","Eleutherodactylus","limbatus",-76.876249,20.031884,"8e479b8f-ac16-4bed-a11a-bc7e27c31663"
"Eleutherodactylus lentus (Cope, 1862)","Eleutherodactylus","lentus",-64.832335,17.726277,"8e479b8f-ac16-4bed-a11a-bc7e27c31663"
"Eleutherodactylus portoricensis Schmidt, 1927","Eleutherodactylus","portoricensis",-65.795516,18.29498,"8e479b8f-ac16-4bed-a11a-bc7e27c31663"
"Eleutherodactylus monensis (Meerwarth, 1901)","Eleutherodactylus","monensis",-67.894247,18.090906,"8e479b8f-ac16-4bed-a11a-bc7e27c31663"
"Eleutherodactylus locustus Schmidt, 1920","Eleutherodactylus","locustus",-65.806841,18.298843,"8e479b8f-ac16-4bed-a11a-bc7e27c31663"
"Eleutherodactylus gryllus Schmidt, 1920","Eleutherodactylus","gryllus",-65.892675,18.030849,"8e479b8f-ac16-4bed-a11a-bc7e27c31663"
"Eleutherodactylus locustus Schmidt, 1920","Eleutherodactylus","locustus",-66.07047,18.131247,"8e479b8f-ac16-4bed-a11a-bc7e27c31663"
"Eleutherodactylus cundalli Dunn, 1926","Eleutherodactylus","cundalli",-77.849001,18.398971,"8e479b8f-ac16-4bed-a11a-bc7e27c31663"
"Eleutherodactylus audanti Cochran, 1934","Eleutherodactylus","audanti",-72.301264,18.417482,"8e479b8f-ac16-4bed-a11a-bc7e27c31663"
"Eleutherodactylus gossei Dunn, 1926","Eleutherodactylus","gossei",-77.751062,17.882068,"8e479b8f-ac16-4bed-a11a-bc7e27c31663"
"Eleutherodactylus limbatus (Cope, 1862)","Eleutherodactylus","limbatus",-80.337882,22.131822,"8e479b8f-ac16-4bed-a11a-bc7e27c31663"
"Eleutherodactylus cundalli Dunn, 1926","Eleutherodactylus","cundalli",-77.893081,18.475719,"8e479b8f-ac16-4bed-a11a-bc7e27c31663"
"Eleutherodactylus brittoni Schmidt, 1920","Eleutherodactylus","brittoni",-65.764145,18.276748,"8e479b8f-ac16-4bed-a11a-bc7e27c31663"
"Eleutherodactylus richmondi Stejneger, 1904","Eleutherodactylus","richmondi",-65.761096,18.376951,"8e479b8f-ac16-4bed-a11a-bc7e27c31663"
"Eleutherodactylus karlschmidti Grant, 1931","Eleutherodactylus","karlschmidti",-65.908039,18.306816,"8e479b8f-ac16-4bed-a11a-bc7e27c31663"
"Eleutherodactylus planirostris (Cope, 1862)","Eleutherodactylus","planirostris",-80.322639,21.977522,"8e479b8f-ac16-4bed-a11a-bc7e27c31663"
"Eleutherodactylus portoricensis Schmidt, 1927","Eleutherodactylus","portoricensis",-65.806841,18.298843,"8e479b8f-ac16-4bed-a11a-bc7e27c31663"
"Eleutherodactylus antillensis (Reinhardt & Lütken, 1863)","Eleutherodactylus","antillensis",-66.005818,18.354966,"8e479b8f-ac16-4bed-a11a-bc7e27c31663"
"Eleutherodactylus luteolus (Gosse, 1851)","Eleutherodactylus","luteolus",-77.115668,18.401303,"8e479b8f-ac16-4bed-a11a-bc7e27c31663"
"Eleutherodactylus richmondi Stejneger, 1904","Eleutherodactylus","richmondi",-65.802811,18.294755,"8e479b8f-ac16-4bed-a11a-bc7e27c31663"
"Eleutherodactylus etheridgei Schwartz, 1958","Eleutherodactylus","etheridgei",-75.145401,19.916617,"8e479b8f-ac16-4bed-a11a-bc7e27c31663"
"Eleutherodactylus portoricensis Schmidt, 1927","Eleutherodactylus","portoricensis",-65.861144,18.229406,"8e479b8f-ac16-4bed-a11a-bc7e27c31663"
"Eleutherodactylus antillensis (Reinhardt & Lütken, 1863)","Eleutherodactylus","antillensis",-65.792769,18.291512,"8e479b8f-ac16-4bed-a11a-bc7e27c31663"
"Eleutherodactylus pantoni Dunn, 1926","Eleutherodactylus","pantoni",-76.349976,17.956609,"8e479b8f-ac16-4bed-a11a-bc7e27c31663"
"Eleutherodactylus lentus (Cope, 1862)","Eleutherodactylus","lentus",-64.730271,17.739157,"8e479b8f-ac16-4bed-a11a-bc7e27c31663"
"Eleutherodactylus flavescens Noble, 1923","Eleutherodactylus","flavescens",-70.723499,19.094299,"8e479b8f-ac16-4bed-a11a-bc7e27c31663"
"Eleutherodactylus lentus (Cope, 1862)","Eleutherodactylus","lentus",-64.874037,17.747822,"8e479b8f-ac16-4bed-a11a-bc7e27c31663"
"Eleutherodactylus bakeri Cochran, 1935","Eleutherodactylus","bakeri",-74.036685,18.391781,"8e479b8f-ac16-4bed-a11a-bc7e27c31663"
"Eleutherodactylus auriculatus (Cope, 1862)","Eleutherodactylus","auriculatus",-74.290813,20.144026,"8e479b8f-ac16-4bed-a11a-bc7e27c31663"
"Eleutherodactylus portoricensis Schmidt, 1927","Eleutherodactylus","portoricensis",-66.134718,18.049662,"8e479b8f-ac16-4bed-a11a-bc7e27c31663"
"Eleutherodactylus lentus (Cope, 1862)","Eleutherodactylus","lentus",-64.779752,17.706699,"8e479b8f-ac16-4bed-a11a-bc7e27c31663"
"Eleutherodactylus antillensis (Reinhardt & Lütken, 1863)","Eleutherodactylus","antillensis",-64.623031,18.433915,"8e479b8f-ac16-4bed-a11a-bc7e27c31663"
"Eleutherodactylus heminota Shreve & Williams, 1963","Eleutherodactylus","heminota",-72.300406,18.417807,"8e479b8f-ac16-4bed-a11a-bc7e27c31663"
"Eleutherodactylus portoricensis Schmidt, 1927","Eleutherodactylus","portoricensis",-65.90821,18.306327,"8e479b8f-ac16-4bed-a11a-bc7e27c31663"
"Eleutherodactylus portoricensis Schmidt, 1927","Eleutherodactylus","portoricensis",-65.893486,18.031902,"8e479b8f-ac16-4bed-a11a-bc7e27c31663"
"Eleutherodactylus planirostris (Cope, 1862)","Eleutherodactylus","planirostris",-83.973714,22.414898,"8e479b8f-ac16-4bed-a11a-bc7e27c31663"
"Eleutherodactylus ricordii (Duméril & Bibron, 1841)","Eleutherodactylus","ricordii",-75.116667,23.166667,"8e479b8f-ac16-4bed-a11a-bc7e27c31663"
"Eleutherodactylus antillensis (Reinhardt & Lütken, 1863)","Eleutherodactylus","antillensis",-66.131238,18.117951,"8e479b8f-ac16-4bed-a11a-bc7e27c31663"
"Eleutherodactylus eneidae Rivero, 1959","Eleutherodactylus","eneidae",-66.518956,18.174772,"8e479b8f-ac16-4bed-a11a-bc7e27c31663"
"Eleutherodactylus portoricensis Schmidt, 1927","Eleutherodactylus","portoricensis",-67.016667,18.35,"8e479b8f-ac16-4bed-a11a-bc7e27c31663"
"Eleutherodactylus flavescens Noble, 1923","Eleutherodactylus","flavescens",-69.316667,19.233333,"8e479b8f-ac16-4bed-a11a-bc7e27c31663"
"Eleutherodactylus auriculatus (Cope, 1862)","Eleutherodactylus","auriculatus",-75.511656,20.586045,"8e479b8f-ac16-4bed-a11a-bc7e27c31663"
"Eleutherodactylus cundalli Dunn, 1926","Eleutherodactylus","cundalli",-77.975941,18.451787,"8e479b8f-ac16-4bed-a11a-bc7e27c31663"
"Eleutherodactylus antillensis (Reinhardt & Lütken, 1863)","Eleutherodactylus","antillensis",-65.892675,18.030849,"8e479b8f-ac16-4bed-a11a-bc7e27c31663"
"Eleutherodactylus locustus Schmidt, 1920","Eleutherodactylus","locustus",-65.796803,18.294126,"8e479b8f-ac16-4bed-a11a-bc7e27c31663"
"Eleutherodactylus portoricensis Schmidt, 1927","Eleutherodactylus","portoricensis",-66.979174,18.180642,"8e479b8f-ac16-4bed-a11a-bc7e27c31663"
"Eleutherodactylus schmidti Noble, 1923","Eleutherodactylus","schmidti",-70.759193,18.908867,"8e479b8f-ac16-4bed-a11a-bc7e27c31663"
"Eleutherodactylus pinarensis Dunn, 1926","Eleutherodactylus","pinarensis",-83.366975,22.646667,"8e479b8f-ac16-4bed-a11a-bc7e27c31663"
"Eleutherodactylus montanus Schmidt, 1919","Eleutherodactylus","montanus",-70.742514,18.829083,"8e479b8f-ac16-4bed-a11a-bc7e27c31663"
"Eleutherodactylus eileenae Dunn, 1926","Eleutherodactylus","eileenae",-80.228211,22.095473,"8e479b8f-ac16-4bed-a11a-bc7e27c31663"
"Eleutherodactylus gossei Dunn, 1926","Eleutherodactylus","gossei",-76.761004,18.014591,"8e479b8f-ac16-4bed-a11a-bc7e27c31663"
"Eleutherodactylus karlschmidti Grant, 1931","Eleutherodactylus","karlschmidti",-65.793113,18.290166,"8e479b8f-ac16-4bed-a11a-bc7e27c31663"
"Eleutherodactylus planirostris (Cope, 1862)","Eleutherodactylus","planirostris",-81.253021,19.308873,"8e479b8f-ac16-4bed-a11a-bc7e27c31663"
"Eleutherodactylus gossei Dunn, 1926","Eleutherodactylus","gossei",-76.345651,18.126706,"8e479b8f-ac16-4bed-a11a-bc7e27c31663"
"Eleutherodactylus wightmanae Schmidt, 1920","Eleutherodactylus","wightmanae",-65.793808,18.29371,"8e479b8f-ac16-4bed-a11a-bc7e27c31663"
"Eleutherodactylus limbatus (Cope, 1862)","Eleutherodactylus","limbatus",-74.290641,20.14467,"8e479b8f-ac16-4bed-a11a-bc7e27c31663"
"Eleutherodactylus gossei Dunn, 1926","Eleutherodactylus","gossei",-76.349976,17.956609,"8e479b8f-ac16-4bed-a11a-bc7e27c31663"
"Eleutherodactylus brittoni Schmidt, 1920","Eleutherodactylus","brittoni",-65.899087,18.375289,"8e479b8f-ac16-4bed-a11a-bc7e27c31663"
"Eleutherodactylus cundalli Dunn, 1926","Eleutherodactylus","cundalli",-77.115668,18.401303,"8e479b8f-ac16-4bed-a11a-bc7e27c31663"
"Eleutherodactylus ricordii (Duméril & Bibron, 1841)","Eleutherodactylus","ricordii",-74.516667,24.05,"8e479b8f-ac16-4bed-a11a-bc7e27c31663"
"Eleutherodactylus richmondi Stejneger, 1904","Eleutherodactylus","richmondi",-65.792769,18.291512,"8e479b8f-ac16-4bed-a11a-bc7e27c31663"
"Eleutherodactylus locustus Schmidt, 1920","Eleutherodactylus","locustus",-65.798948,18.294677,"8e479b8f-ac16-4bed-a11a-bc7e27c31663"
"Eleutherodactylus atkinsi Dunn, 1925","Eleutherodactylus","atkinsi",-80.228211,22.095473,"8e479b8f-ac16-4bed-a11a-bc7e27c31663"
"Eleutherodactylus planirostris (Cope, 1862)","Eleutherodactylus","planirostris",-78.437527,26.644844,"8e479b8f-ac16-4bed-a11a-bc7e27c31663"
"Eleutherodactylus albipes Barbour & Shreve, 1937","Eleutherodactylus","albipes",-76.833719,19.9866,"8e479b8f-ac16-4bed-a11a-bc7e27c31663"
"Eleutherodactylus portoricensis Schmidt, 1927","Eleutherodactylus","portoricensis",-65.794486,18.293389,"8e479b8f-ac16-4bed-a11a-bc7e27c31663"
"Eleutherodactylus gossei Dunn, 1926","Eleutherodactylus","gossei",-76.75,18.033333,"8e479b8f-ac16-4bed-a11a-bc7e27c31663"
"Eleutherodactylus limbatus (Cope, 1862)","Eleutherodactylus","limbatus",-80.338097,22.131624,"8e479b8f-ac16-4bed-a11a-bc7e27c31663"
"Eleutherodactylus richmondi Stejneger, 1904","Eleutherodactylus","richmondi",-65.889993,18.031532,"8e479b8f-ac16-4bed-a11a-bc7e27c31663"
"Eleutherodactylus cuneatus (Cope, 1862)","Eleutherodactylus","cuneatus",-81.53608,23.03057,"8e479b8f-ac16-4bed-a11a-bc7e27c31663"
"Eleutherodactylus orcutti Dunn, 1928","Eleutherodactylus","orcutti",-76.681849,18.085815,"8e479b8f-ac16-4bed-a11a-bc7e27c31663"
"Eleutherodactylus armstrongi Noble & Hassler, 1933","Eleutherodactylus","armstrongi",-72.300075,18.41728,"8e479b8f-ac16-4bed-a11a-bc7e27c31663"
"Eleutherodactylus cubanus Barbour, 1942","Eleutherodactylus","cubanus",-76.858653,19.985753,"8e479b8f-ac16-4bed-a11a-bc7e27c31663"
"Eleutherodactylus cooki Grant, 1932","Eleutherodactylus","cooki",-65.900352,18.032636,"8e479b8f-ac16-4bed-a11a-bc7e27c31663"
"Eleutherodactylus monensis (Meerwarth, 1901)","Eleutherodactylus","monensis",-67.891126,18.088996,"8e479b8f-ac16-4bed-a11a-bc7e27c31663"
"Eleutherodactylus locustus Schmidt, 1920","Eleutherodactylus","locustus",-65.832461,18.26983,"8e479b8f-ac16-4bed-a11a-bc7e27c31663"
"Eleutherodactylus brittoni Schmidt, 1920","Eleutherodactylus","brittoni",-66.061547,17.968727,"8e479b8f-ac16-4bed-a11a-bc7e27c31663"
"Eleutherodactylus abbotti Cochran, 1923","Eleutherodactylus","abbotti",-70.726954,19.090592,"8e479b8f-ac16-4bed-a11a-bc7e27c31663"
"Eleutherodactylus antillensis (Reinhardt & Lütken, 1863)","Eleutherodactylus","antillensis",-65.806841,18.298843,"8e479b8f-ac16-4bed-a11a-bc7e27c31663"
"Eleutherodactylus bakeri Cochran, 1935","Eleutherodactylus","bakeri",-72.301264,18.417482,"8e479b8f-ac16-4bed-a11a-bc7e27c31663"
"Eleutherodactylus portoricensis Schmidt, 1927","Eleutherodactylus","portoricensis",-65.797748,18.295362,"8e479b8f-ac16-4bed-a11a-bc7e27c31663"
"Eleutherodactylus schwartzi Thomas, 1966","Eleutherodactylus","schwartzi",-64.623031,18.433915,"8e479b8f-ac16-4bed-a11a-bc7e27c31663"
"Eleutherodactylus wightmanae Schmidt, 1920","Eleutherodactylus","wightmanae",-65.802811,18.294755,"8e479b8f-ac16-4bed-a11a-bc7e27c31663"
"Eleutherodactylus portoricensis Schmidt, 1927","Eleutherodactylus","portoricensis",-66.359268,18.079849,"8e479b8f-ac16-4bed-a11a-bc7e27c31663"
"Eleutherodactylus armstrongi Noble & Hassler, 1933","Eleutherodactylus","armstrongi",-72.301264,18.417482,"8e479b8f-ac16-4bed-a11a-bc7e27c31663"
"Eleutherodactylus portoricensis Schmidt, 1927","Eleutherodactylus","portoricensis",-65.797845,18.298066,"8e479b8f-ac16-4bed-a11a-bc7e27c31663"
"Eleutherodactylus dimidiatus (Cope, 1862)","Eleutherodactylus","dimidiatus",-80.228211,22.095473,"8e479b8f-ac16-4bed-a11a-bc7e27c31663"
"Eleutherodactylus locustus Schmidt, 1920","Eleutherodactylus","locustus",-65.796545,18.293674,"8e479b8f-ac16-4bed-a11a-bc7e27c31663"
"Eleutherodactylus portoricensis Schmidt, 1927","Eleutherodactylus","portoricensis",-65.803497,18.299318,"8e479b8f-ac16-4bed-a11a-bc7e27c31663"
"Eleutherodactylus dimidiatus (Cope, 1862)","Eleutherodactylus","dimidiatus",-79.922534,22.228829,"8e479b8f-ac16-4bed-a11a-bc7e27c31663"
"Eleutherodactylus antillensis (Reinhardt & Lütken, 1863)","Eleutherodactylus","antillensis",-66.232835,18.154773,"8e479b8f-ac16-4bed-a11a-bc7e27c31663"
"Eleutherodactylus richmondi Stejneger, 1904","Eleutherodactylus","richmondi",-65.892675,18.030849,"8e479b8f-ac16-4bed-a11a-bc7e27c31663"
"Eleutherodactylus gossei Dunn, 1926","Eleutherodactylus","gossei",-76.754595,18.01119,"8e479b8f-ac16-4bed-a11a-bc7e27c31663"
"Eleutherodactylus richmondi Stejneger, 1904","Eleutherodactylus","richmondi",-65.893486,18.031902,"8e479b8f-ac16-4bed-a11a-bc7e27c31663"
"Eleutherodactylus richmondi Stejneger, 1904","Eleutherodactylus","richmondi",-66.134718,18.049662,"8e479b8f-ac16-4bed-a11a-bc7e27c31663"
"Eleutherodactylus portoricensis Schmidt, 1927","Eleutherodactylus","portoricensis",-65.799288,18.292839,"8e479b8f-ac16-4bed-a11a-bc7e27c31663"
"Eleutherodactylus varleyi Dunn, 1925","Eleutherodactylus","varleyi",-80.337882,22.131822,"8e479b8f-ac16-4bed-a11a-bc7e27c31663"
"Eleutherodactylus portoricensis Schmidt, 1927","Eleutherodactylus","portoricensis",-65.799763,18.296169,"8e479b8f-ac16-4bed-a11a-bc7e27c31663"
"Eleutherodactylus gryllus Schmidt, 1920","Eleutherodactylus","gryllus",-65.792769,18.291512,"8e479b8f-ac16-4bed-a11a-bc7e27c31663"
"Eleutherodactylus richmondi Stejneger, 1904","Eleutherodactylus","richmondi",-65.90821,18.306327,"8e479b8f-ac16-4bed-a11a-bc7e27c31663"
"Eleutherodactylus portoricensis Schmidt, 1927","Eleutherodactylus","portoricensis",-66.595543,18.432911,"8e479b8f-ac16-4bed-a11a-bc7e27c31663"
"Eleutherodactylus portoricensis Schmidt, 1927","Eleutherodactylus","portoricensis",-65.805484,18.292505,"8e479b8f-ac16-4bed-a11a-bc7e27c31663"
"Eleutherodactylus locustus Schmidt, 1920","Eleutherodactylus","locustus",-65.761096,18.376951,"8e479b8f-ac16-4bed-a11a-bc7e27c31663"
"Eleutherodactylus varleyi Dunn, 1925","Eleutherodactylus","varleyi",-80.255776,22.019849,"8e479b8f-ac16-4bed-a11a-bc7e27c31663"
"Eleutherodactylus poolei Cochran, 1938","Eleutherodactylus","poolei",-72.243461,19.573198,"8e479b8f-ac16-4bed-a11a-bc7e27c31663"
"Eleutherodactylus gryllus Schmidt, 1920","Eleutherodactylus","gryllus",-65.806841,18.298843,"8e479b8f-ac16-4bed-a11a-bc7e27c31663"
"Eleutherodactylus cuneatus (Cope, 1862)","Eleutherodactylus","cuneatus",-77.447,21.146,"8e479b8f-ac16-4bed-a11a-bc7e27c31663"
"Eleutherodactylus antillensis (Reinhardt & Lütken, 1863)","Eleutherodactylus","antillensis",-65.715607,18.372318,"8e479b8f-ac16-4bed-a11a-bc7e27c31663"
"Eleutherodactylus portoricensis Schmidt, 1927","Eleutherodactylus","portoricensis",-65.723283,18.363809,"8e479b8f-ac16-4bed-a11a-bc7e27c31663"
"Eleutherodactylus richmondi Stejneger, 1904","Eleutherodactylus","richmondi",-65.796803,18.294126,"8e479b8f-ac16-4bed-a11a-bc7e27c31663"
"Eleutherodactylus wightmanae Schmidt, 1920","Eleutherodactylus","wightmanae",-65.832461,18.26983,"8e479b8f-ac16-4bed-a11a-bc7e27c31663"
"Eleutherodactylus portoricensis Schmidt, 1927","Eleutherodactylus","portoricensis",-65.797244,18.295819,"8e479b8f-ac16-4bed-a11a-bc7e27c31663"
"Eleutherodactylus ronaldi Schwartz, 1960","Eleutherodactylus","ronaldi",-76.833333,19.989786,"8e479b8f-ac16-4bed-a11a-bc7e27c31663"
"Eleutherodactylus portoricensis Schmidt, 1927","Eleutherodactylus","portoricensis",-65.832461,18.26983,"8e479b8f-ac16-4bed-a11a-bc7e27c31663"
"Eleutherodactylus richmondi Stejneger, 1904","Eleutherodactylus","richmondi",-66.314029,18.282466,"8e479b8f-ac16-4bed-a11a-bc7e27c31663"
"Eleutherodactylus portoricensis Schmidt, 1927","Eleutherodactylus","portoricensis",-66.31522,18.281717,"8e479b8f-ac16-4bed-a11a-bc7e27c31663"
"Eleutherodactylus grabhami Dunn, 1926","Eleutherodactylus","grabhami",-77.702521,18.244757,"8e479b8f-ac16-4bed-a11a-bc7e27c31663"
"Eleutherodactylus antillensis (Reinhardt & Lütken, 1863)","Eleutherodactylus","antillensis",-65.90821,18.306327,"8e479b8f-ac16-4bed-a11a-bc7e27c31663"
"Eleutherodactylus monensis (Meerwarth, 1901)","Eleutherodactylus","monensis",-67.891813,18.086508,"8e479b8f-ac16-4bed-a11a-bc7e27c31663"
"Eleutherodactylus antillensis (Reinhardt & Lütken, 1863)","Eleutherodactylus","antillensis",-66.595543,18.432911,"8e479b8f-ac16-4bed-a11a-bc7e27c31663"
"Eleutherodactylus pantoni Dunn, 1926","Eleutherodactylus","pantoni",-77.505424,18.031236,"8e479b8f-ac16-4bed-a11a-bc7e27c31663"
"Eleutherodactylus gryllus Schmidt, 1920","Eleutherodactylus","gryllus",-65.802811,18.294755,"8e479b8f-ac16-4bed-a11a-bc7e27c31663"
"Eleutherodactylus monensis (Meerwarth, 1901)","Eleutherodactylus","monensis",-67.892156,18.090629,"8e479b8f-ac16-4bed-a11a-bc7e27c31663"
"Eleutherodactylus antillensis (Reinhardt & Lütken, 1863)","Eleutherodactylus","antillensis",-66.061547,17.968727,"8e479b8f-ac16-4bed-a11a-bc7e27c31663"
"Eleutherodactylus portoricensis Schmidt, 1927","Eleutherodactylus","portoricensis",-65.798778,18.293043,"8e479b8f-ac16-4bed-a11a-bc7e27c31663"
"Eleutherodactylus jamaicensis Barbour, 1910","Eleutherodactylus","jamaicensis",-76.345651,18.126706,"8e479b8f-ac16-4bed-a11a-bc7e27c31663"
"Eleutherodactylus haitianus Barbour, 1942","Eleutherodactylus","haitianus",-70.957845,19.044723,"8e479b8f-ac16-4bed-a11a-bc7e27c31663"
"Eleutherodactylus inoptatus (Barbour, 1914)","Eleutherodactylus","inoptatus",-71.766667,18.15,"8e479b8f-ac16-4bed-a11a-bc7e27c31663"
"Eleutherodactylus richmondi Stejneger, 1904","Eleutherodactylus","richmondi",-65.803497,18.299318,"8e479b8f-ac16-4bed-a11a-bc7e27c31663"
"Eleutherodactylus melacara Hedges, Estrada & Thomas, 1992","Eleutherodactylus","melacara",-76.876249,20.031884,"8e479b8f-ac16-4bed-a11a-bc7e27c31663"
"Eleutherodactylus portoricensis Schmidt, 1927","Eleutherodactylus","portoricensis",-66.016529,18.006523,"8e479b8f-ac16-4bed-a11a-bc7e27c31663"
"Eleutherodactylus brittoni Schmidt, 1920","Eleutherodactylus","brittoni",-65.914047,18.259058,"8e479b8f-ac16-4bed-a11a-bc7e27c31663"
"Eleutherodactylus gundlachi Schmidt, 1920","Eleutherodactylus","gundlachi",-76.833333,19.989786,"8e479b8f-ac16-4bed-a11a-bc7e27c31663"
"Eleutherodactylus minutus Noble, 1923","Eleutherodactylus","minutus",-71.009687,19.075713,"8e479b8f-ac16-4bed-a11a-bc7e27c31663"
"Eleutherodactylus pantoni Dunn, 1926","Eleutherodactylus","pantoni",-77.747199,18.128933,"8e479b8f-ac16-4bed-a11a-bc7e27c31663"
"Eleutherodactylus turquinensis Barbour & Shreve, 1937","Eleutherodactylus","turquinensis",-76.853332,19.989221,"8e479b8f-ac16-4bed-a11a-bc7e27c31663"
"Eleutherodactylus antillensis (Reinhardt & Lütken, 1863)","Eleutherodactylus","antillensis",-66.353947,18.431771,"8e479b8f-ac16-4bed-a11a-bc7e27c31663"
"Eleutherodactylus richmondi Stejneger, 1904","Eleutherodactylus","richmondi",-66.979174,18.180642,"8e479b8f-ac16-4bed-a11a-bc7e27c31663"
"Eleutherodactylus karlschmidti Grant, 1931","Eleutherodactylus","karlschmidti",-65.90821,18.306327,"8e479b8f-ac16-4bed-a11a-bc7e27c31663"
"Eleutherodactylus portoricensis Schmidt, 1927","Eleutherodactylus","portoricensis",-66.061547,17.968727,"8e479b8f-ac16-4bed-a11a-bc7e27c31663"
"Eleutherodactylus portoricensis Schmidt, 1927","Eleutherodactylus","portoricensis",-66.082808,18.127127,"8e479b8f-ac16-4bed-a11a-bc7e27c31663"
"Eleutherodactylus cuneatus (Cope, 1862)","Eleutherodactylus","sierramaestrae",-76.876249,20.031884,"8e479b8f-ac16-4bed-a11a-bc7e27c31663"
"Eleutherodactylus planirostris (Cope, 1862)","Eleutherodactylus","planirostris",-76.2,24.883333,"8e479b8f-ac16-4bed-a11a-bc7e27c31663"
"Eleutherodactylus richmondi Stejneger, 1904","Eleutherodactylus","richmondi",-65.806841,18.298843,"8e479b8f-ac16-4bed-a11a-bc7e27c31663"
"Eleutherodactylus monensis (Meerwarth, 1901)","Eleutherodactylus","monensis",-67.891384,18.088997,"8e479b8f-ac16-4bed-a11a-bc7e27c31663"
"Eleutherodactylus dimidiatus (Cope, 1862)","Eleutherodactylus","dimidiatus",-74.576417,20.1373,"8e479b8f-ac16-4bed-a11a-bc7e27c31663"
"Eleutherodactylus richmondi Stejneger, 1904","Eleutherodactylus","richmondi",-65.795858,18.294485,"8e479b8f-ac16-4bed-a11a-bc7e27c31663"
"Eleutherodactylus monensis (Meerwarth, 1901)","Eleutherodactylus","monensis",-67.892242,18.087201,"8e479b8f-ac16-4bed-a11a-bc7e27c31663"
"Eleutherodactylus wightmanae Schmidt, 1920","Eleutherodactylus","wightmanae",-65.797845,18.298066,"8e479b8f-ac16-4bed-a11a-bc7e27c31663"
"Eleutherodactylus richmondi Stejneger, 1904","Eleutherodactylus","richmondi",-66.07047,18.131247,"8e479b8f-ac16-4bed-a11a-bc7e27c31663"
"Eleutherodactylus dimidiatus (Cope, 1862)","Eleutherodactylus","dimidiatus",-76.876249,20.031884,"8e479b8f-ac16-4bed-a11a-bc7e27c31663"
"Eleutherodactylus cundalli Dunn, 1926","Eleutherodactylus","cundalli",-76.34199,18.128566,"8e479b8f-ac16-4bed-a11a-bc7e27c31663"
"Eleutherodactylus inoptatus (Barbour, 1914)","Eleutherodactylus","inoptatus",-69.316667,19.233333,"8e479b8f-ac16-4bed-a11a-bc7e27c31663"
"Eleutherodactylus portoricensis Schmidt, 1927","Eleutherodactylus","portoricensis",-66.07647,18.403569,"8e479b8f-ac16-4bed-a11a-bc7e27c31663"
"Eleutherodactylus luteolus (Gosse, 1851)","Eleutherodactylus","luteolus",-77.93183,18.123196,"8e479b8f-ac16-4bed-a11a-bc7e27c31663"
"Eleutherodactylus ricordii (Duméril & Bibron, 1841)","Eleutherodactylus","ricordii",-74.966667,23.1,"8e479b8f-ac16-4bed-a11a-bc7e27c31663"
"Eleutherodactylus gossei Dunn, 1926","Eleutherodactylus","gossei",-77.650612,18.171631,"8e479b8f-ac16-4bed-a11a-bc7e27c31663"
"Eleutherodactylus planirostris (Cope, 1862)","Eleutherodactylus","planirostris",-80.337882,22.131822,"8e479b8f-ac16-4bed-a11a-bc7e27c31663"
"Eleutherodactylus wetmorei Cochran, 1932","Eleutherodactylus","wetmorei",-73.22648,18.368229,"8e479b8f-ac16-4bed-a11a-bc7e27c31663"
"Eleutherodactylus portoricensis Schmidt, 1927","Eleutherodactylus","portoricensis",-66.130635,18.040635,"8e479b8f-ac16-4bed-a11a-bc7e27c31663"
"Eleutherodactylus wightmanae Schmidt, 1920","Eleutherodactylus","wightmanae",-65.792769,18.291512,"8e479b8f-ac16-4bed-a11a-bc7e27c31663"
"Eleutherodactylus gryllus Schmidt, 1920","Eleutherodactylus","gryllus",-65.794571,18.292799,"8e479b8f-ac16-4bed-a11a-bc7e27c31663"
"Eleutherodactylus weinlandi Barbour, 1914","Eleutherodactylus","weinlandi",-69.316667,19.233333,"8e479b8f-ac16-4bed-a11a-bc7e27c31663"
"Eleutherodactylus planirostris (Cope, 1862)","Eleutherodactylus","planirostris",-80.331874,22.128483,"8e479b8f-ac16-4bed-a11a-bc7e27c31663"
"Eleutherodactylus alticola Lynn, 1937","Eleutherodactylus","alticola",-76.579177,18.046698,"8e479b8f-ac16-4bed-a11a-bc7e27c31663"
"Eleutherodactylus pantoni Dunn, 1926","Eleutherodactylus","pantoni",-76.809785,18.018121,"8e479b8f-ac16-4bed-a11a-bc7e27c31663"
"Eleutherodactylus cuneatus (Cope, 1862)","Eleutherodactylus","sierramaestrae",-74.26781,20.144993,"8e479b8f-ac16-4bed-a11a-bc7e27c31663"
"Eleutherodactylus portoricensis Schmidt, 1927","Eleutherodactylus","portoricensis",-65.802811,18.294755,"8e479b8f-ac16-4bed-a11a-bc7e27c31663"
"Eleutherodactylus richmondi Stejneger, 1904","Eleutherodactylus","richmondi",-65.797244,18.295819,"8e479b8f-ac16-4bed-a11a-bc7e27c31663"
"Eleutherodactylus antillensis (Reinhardt & Lütken, 1863)","Eleutherodactylus","antillensis",-65.803497,18.299318,"8e479b8f-ac16-4bed-a11a-bc7e27c31663"
"Eleutherodactylus antillensis (Reinhardt & Lütken, 1863)","Eleutherodactylus","antillensis",-66.266823,18.474341,"8e479b8f-ac16-4bed-a11a-bc7e27c31663"
"Eleutherodactylus antillensis (Reinhardt & Lütken, 1863)","Eleutherodactylus","antillensis",-66.22953,18.450652,"8e479b8f-ac16-4bed-a11a-bc7e27c31663"
"Eleutherodactylus heminota Shreve & Williams, 1963","Eleutherodactylus","heminota",-72.300075,18.41728,"8e479b8f-ac16-4bed-a11a-bc7e27c31663"
"Eleutherodactylus portoricensis Schmidt, 1927","Eleutherodactylus","portoricensis",-67.142424,18.200394,"8e479b8f-ac16-4bed-a11a-bc7e27c31663"
"Eleutherodactylus antillensis (Reinhardt & Lütken, 1863)","Eleutherodactylus","antillensis",-66.830713,18.3533,"8e479b8f-ac16-4bed-a11a-bc7e27c31663"
"Eleutherodactylus cuneatus (Cope, 1862)","Eleutherodactylus","cuneatus",-75.574559,20.686692,"8e479b8f-ac16-4bed-a11a-bc7e27c31663"
"Eleutherodactylus ricordii (Duméril & Bibron, 1841)","Eleutherodactylus","ricordii",-75.65,24.566667,"8e479b8f-ac16-4bed-a11a-bc7e27c31663"
"Eleutherodactylus wightmanae Schmidt, 1920","Eleutherodactylus","wightmanae",-65.801533,18.296826,"8e479b8f-ac16-4bed-a11a-bc7e27c31663"
"Eleutherodactylus richmondi Stejneger, 1904","Eleutherodactylus","richmondi",-65.797748,18.295362,"8e479b8f-ac16-4bed-a11a-bc7e27c31663"
"Eleutherodactylus lentus (Cope, 1862)","Eleutherodactylus","lentus",-64.846604,17.723601,"8e479b8f-ac16-4bed-a11a-bc7e27c31663"
"Eleutherodactylus heminota Shreve & Williams, 1963","Eleutherodactylus","heminota",-72.288476,18.418133,"8e479b8f-ac16-4bed-a11a-bc7e27c31663"
"Eleutherodactylus furcyensis Shreve & Williams, 1963","Eleutherodactylus","furcyensis",-72.301264,18.417482,"8e479b8f-ac16-4bed-a11a-bc7e27c31663"
"Eleutherodactylus portoricensis Schmidt, 1927","Eleutherodactylus","portoricensis",-66.992651,18.256283,"8e479b8f-ac16-4bed-a11a-bc7e27c31663"
"Eleutherodactylus cuneatus (Cope, 1862)","Eleutherodactylus","cuneatus",-80.33814,22.131345,"8e479b8f-ac16-4bed-a11a-bc7e27c31663"
"Eleutherodactylus abbotti Cochran, 1923","Eleutherodactylus","abbotti",-69.336851,19.205614,"8e479b8f-ac16-4bed-a11a-bc7e27c31663"
"Eleutherodactylus locustus Schmidt, 1920","Eleutherodactylus","locustus",-65.90821,18.306327,"8e479b8f-ac16-4bed-a11a-bc7e27c31663"
"Eleutherodactylus inoptatus (Barbour, 1914)","Eleutherodactylus","inoptatus",-71.844008,18.244909,"8e479b8f-ac16-4bed-a11a-bc7e27c31663"
"Eleutherodactylus jamaicensis Barbour, 1910","Eleutherodactylus","jamaicensis",-77.115668,18.401303,"8e479b8f-ac16-4bed-a11a-bc7e27c31663"
"Eleutherodactylus wightmanae Schmidt, 1920","Eleutherodactylus","wightmanae",-65.806841,18.298843,"8e479b8f-ac16-4bed-a11a-bc7e27c31663"
"Eleutherodactylus greyi Dunn, 1926","Eleutherodactylus","greyi",-80.228211,22.095473,"8e479b8f-ac16-4bed-a11a-bc7e27c31663"
"Eleutherodactylus audanti Cochran, 1934","Eleutherodactylus","audanti",-72.283333,18.35,"8e479b8f-ac16-4bed-a11a-bc7e27c31663"
"Eleutherodactylus antillensis (Reinhardt & Lütken, 1863)","Eleutherodactylus","antillensis",-67.142424,18.200394,"8e479b8f-ac16-4bed-a11a-bc7e27c31663"
"Eleutherodactylus portoricensis Schmidt, 1927","Eleutherodactylus","portoricensis",-66.230087,18.323191,"8e479b8f-ac16-4bed-a11a-bc7e27c31663"
"Eleutherodactylus portoricensis Schmidt, 1927","Eleutherodactylus","portoricensis",-66.056699,18.156571,"8e479b8f-ac16-4bed-a11a-bc7e27c31663"
"Eleutherodactylus inoptatus (Barbour, 1914)","Eleutherodactylus","inoptatus",-72.301264,18.417482,"8e479b8f-ac16-4bed-a11a-bc7e27c31663"
"Eleutherodactylus richmondi Stejneger, 1904","Eleutherodactylus","richmondi",-65.79912,18.292835,"8e479b8f-ac16-4bed-a11a-bc7e27c31663"
"Eleutherodactylus haitianus Barbour, 1942","Eleutherodactylus","haitianus",-70.744674,18.83506,"8e479b8f-ac16-4bed-a11a-bc7e27c31663"
"Eleutherodactylus ruthae Noble, 1923","Eleutherodactylus","ruthae",-69.336851,19.205614,"8e479b8f-ac16-4bed-a11a-bc7e27c31663"
"Eleutherodactylus johnstonei Barbour, 1914","Eleutherodactylus","johnstonei",-60.876227,14.427547,"50c9509d-22c7-4a22-a47d-8c48425ef4a7"
"Eleutherodactylus johnstonei Barbour, 1914","Eleutherodactylus","johnstonei",-60.874578,14.431868,"50c9509d-22c7-4a22-a47d-8c48425ef4a7"
"Eleutherodactylus johnstonei Barbour, 1914","Eleutherodactylus","johnstonei",-60.876135,14.427433,"50c9509d-22c7-4a22-a47d-8c48425ef4a7"
"Eleutherodactylus johnstonei Barbour, 1914","Eleutherodactylus","johnstonei",-60.87476,14.431862,"50c9509d-22c7-4a22-a47d-8c48425ef4a7"
"Eleutherodactylus johnstonei Barbour, 1914","Eleutherodactylus","johnstonei",-60.876472,14.428778,"50c9509d-22c7-4a22-a47d-8c48425ef4a7"
"Eleutherodactylus johnstonei Barbour, 1914","Eleutherodactylus","johnstonei",-60.875512,14.423598,"50c9509d-22c7-4a22-a47d-8c48425ef4a7"
"Eleutherodactylus johnstonei Barbour, 1914","Eleutherodactylus","johnstonei",-60.876428,14.427778,"50c9509d-22c7-4a22-a47d-8c48425ef4a7"
"Eleutherodactylus johnstonei Barbour, 1914","Eleutherodactylus","johnstonei",-60.874993,14.432447,"50c9509d-22c7-4a22-a47d-8c48425ef4a7"
"Eleutherodactylus johnstonei Barbour, 1914","Eleutherodactylus","johnstonei",-60.873835,14.433787,"50c9509d-22c7-4a22-a47d-8c48425ef4a7"
"Eleutherodactylus johnstonei Barbour, 1914","Eleutherodactylus","johnstonei",-60.873998,14.432942,"50c9509d-22c7-4a22-a47d-8c48425ef4a7"
"Eleutherodactylus johnstonei Barbour, 1914","Eleutherodactylus","johnstonei",-60.873963,14.431842,"50c9509d-22c7-4a22-a47d-8c48425ef4a7"
"Eleutherodactylus johnstonei Barbour, 1914","Eleutherodactylus","johnstonei",-60.87387,14.431833,"50c9509d-22c7-4a22-a47d-8c48425ef4a7"
"Eleutherodactylus johnstonei Barbour, 1914","Eleutherodactylus","johnstonei",-60.8748,14.431887,"50c9509d-22c7-4a22-a47d-8c48425ef4a7"
"Eleutherodactylus johnstonei Barbour, 1914","Eleutherodactylus","johnstonei",-60.875265,14.43192,"50c9509d-22c7-4a22-a47d-8c48425ef4a7"
"Eleutherodactylus johnstonei Barbour, 1914","Eleutherodactylus","johnstonei",-61.081535,14.519523,"50c9509d-22c7-4a22-a47d-8c48425ef4a7"
"Eleutherodactylus johnstonei Barbour, 1914","Eleutherodactylus","johnstonei",-61.08173,14.490675,"50c9509d-22c7-4a22-a47d-8c48425ef4a7"
"Eleutherodactylus antillensis (Reinhardt & Lütken, 1863)","Eleutherodactylus","antillensis",-66.833136,17.978536,"50c9509d-22c7-4a22-a47d-8c48425ef4a7"
"Eleutherodactylus johnstonei Barbour, 1914","Eleutherodactylus","johnstonei",-60.870137,14.439045,"50c9509d-22c7-4a22-a47d-8c48425ef4a7"
"Eleutherodactylus johnstonei Barbour, 1914","Eleutherodactylus","johnstonei",-60.875373,14.445338,"50c9509d-22c7-4a22-a47d-8c48425ef4a7"
"Eleutherodactylus johnstonei Barbour, 1914","Eleutherodactylus","johnstonei",-60.872795,14.431868,"50c9509d-22c7-4a22-a47d-8c48425ef4a7"
"Eleutherodactylus martinicensis (Tschudi, 1838)","Eleutherodactylus","martinicensis",-61.300988,15.253764,"50c9509d-22c7-4a22-a47d-8c48425ef4a7"
"Eleutherodactylus johnstonei Barbour, 1914","Eleutherodactylus","johnstonei",-61.050765,13.822623,"50c9509d-22c7-4a22-a47d-8c48425ef4a7"
"Eleutherodactylus coqui Thomas, 1966","Eleutherodactylus","coqui",-66.053762,18.387222,"50c9509d-22c7-4a22-a47d-8c48425ef4a7"
"Eleutherodactylus johnstonei Barbour, 1914","Eleutherodactylus","johnstonei",-60.869957,14.438227,"50c9509d-22c7-4a22-a47d-8c48425ef4a7"
"Eleutherodactylus johnstonei Barbour, 1914","Eleutherodactylus","johnstonei",-60.868353,14.437723,"50c9509d-22c7-4a22-a47d-8c48425ef4a7"
"Eleutherodactylus johnstonei Barbour, 1914","Eleutherodactylus","johnstonei",-60.87569,14.444337,"50c9509d-22c7-4a22-a47d-8c48425ef4a7"
"Eleutherodactylus planirostris (Cope, 1862)","Eleutherodactylus","planirostris",-77.310364,25.063346,"50c9509d-22c7-4a22-a47d-8c48425ef4a7"
"Eleutherodactylus planirostris (Cope, 1862)","Eleutherodactylus","planirostris",-79.600264,21.885617,"50c9509d-22c7-4a22-a47d-8c48425ef4a7"
"Eleutherodactylus antillensis (Reinhardt & Lütken, 1863)","Eleutherodactylus","antillensis",-65.838414,18.150042,"50c9509d-22c7-4a22-a47d-8c48425ef4a7"
"Eleutherodactylus coqui Thomas, 1966","Eleutherodactylus","coqui",-65.83928,18.150759,"50c9509d-22c7-4a22-a47d-8c48425ef4a7"
"Eleutherodactylus planirostris (Cope, 1862)","Eleutherodactylus","planirostris",-80.3254,22.1248,"d5fafa95-7de2-48c0-bf10-3480bcca4a2b"
"Eleutherodactylus limbatus (Cope, 1862)","Eleutherodactylus","limbatus",-80.3254,22.1248,"d5fafa95-7de2-48c0-bf10-3480bcca4a2b"
"Eleutherodactylus cuneatus (Cope, 1862)","Eleutherodactylus","cuneatus",-76.6726,20.1029,"d5fafa95-7de2-48c0-bf10-3480bcca4a2b"
"Eleutherodactylus cuneatus (Cope, 1862)","Eleutherodactylus","cuneatus",-79.9782,22.0708,"d5fafa95-7de2-48c0-bf10-3480bcca4a2b"
"Eleutherodactylus cuneatus (Cope, 1862)","Eleutherodactylus","cuneatus",-80.3254,22.1248,"d5fafa95-7de2-48c0-bf10-3480bcca4a2b"
"Eleutherodactylus planirostris (Cope, 1862)","Eleutherodactylus","planirostris",-79.9782,22.0708,"d5fafa95-7de2-48c0-bf10-3480bcca4a2b"
"Eleutherodactylus varleyi Dunn, 1925","Eleutherodactylus","varleyi",-75.8131,20.0707,"d5fafa95-7de2-48c0-bf10-3480bcca4a2b"
"Eleutherodactylus atkinsi Dunn, 1925","Eleutherodactylus","atkinsi",-76.6726,20.1029,"d5fafa95-7de2-48c0-bf10-3480bcca4a2b"
"Eleutherodactylus coqui Thomas, 1966","Eleutherodactylus","coqui",-65.837486,18.147022,"50c9509d-22c7-4a22-a47d-8c48425ef4a7"
"Eleutherodactylus antillensis (Reinhardt & Lütken, 1863)","Eleutherodactylus","antillensis",-64.844686,17.739318,"50c9509d-22c7-4a22-a47d-8c48425ef4a7"
"Eleutherodactylus iberia Estrada & Hedges, 1996","Eleutherodactylus","iberia",-74.739224,20.535245,"50c9509d-22c7-4a22-a47d-8c48425ef4a7"
"Eleutherodactylus montserratae Hedges, 2022","Eleutherodactylus","montserratae",-63.231203,17.628453,"50c9509d-22c7-4a22-a47d-8c48425ef4a7"
"Eleutherodactylus inoptatus (Barbour, 1914)","Eleutherodactylus","inoptatus",-70.300483,18.629611,"50c9509d-22c7-4a22-a47d-8c48425ef4a7"
"Eleutherodactylus auriculatoides Noble, 1923","Eleutherodactylus","auriculatoides",-70.318968,18.7588,"50c9509d-22c7-4a22-a47d-8c48425ef4a7"
"Eleutherodactylus coqui Thomas, 1966","Eleutherodactylus","coqui",-66.879303,17.952883,"50c9509d-22c7-4a22-a47d-8c48425ef4a7"
"Eleutherodactylus portoricensis Schmidt, 1927","Eleutherodactylus","portoricensis",-65.917792,18.202625,"50c9509d-22c7-4a22-a47d-8c48425ef4a7"
"Eleutherodactylus unicolor Stejneger, 1904","Eleutherodactylus","unicolor",-65.936393,18.22734,"50c9509d-22c7-4a22-a47d-8c48425ef4a7"
"Eleutherodactylus coqui Thomas, 1966","Eleutherodactylus","coqui",-65.779183,18.299395,"a8ee9bc6-5914-427d-9fba-f8545250ac34"
"Eleutherodactylus coqui Thomas, 1966","Eleutherodactylus","coqui",-65.783333,18.334723,"a8ee9bc6-5914-427d-9fba-f8545250ac34"
"Eleutherodactylus coqui Thomas, 1966","Eleutherodactylus","coqui",-65.785835,18.296944,"a8ee9bc6-5914-427d-9fba-f8545250ac34"
"Eleutherodactylus coqui Thomas, 1966","Eleutherodactylus","coqui",-65.789169,18.300278,"a8ee9bc6-5914-427d-9fba-f8545250ac34"
"Eleutherodactylus coqui Thomas, 1966","Eleutherodactylus","coqui",-65.793053,18.299723,"a8ee9bc6-5914-427d-9fba-f8545250ac34"
"Eleutherodactylus portoricensis Schmidt, 1927","Eleutherodactylus","portoricensis",-65.785835,18.296944,"a8ee9bc6-5914-427d-9fba-f8545250ac34"
"Eleutherodactylus coqui Thomas, 1966","Eleutherodactylus","coqui",-65.791664,18.313334,"a8ee9bc6-5914-427d-9fba-f8545250ac34"
"Eleutherodactylus antillensis (Reinhardt & Lütken, 1863)","Eleutherodactylus","antillensis",-65.783333,18.334723,"a8ee9bc6-5914-427d-9fba-f8545250ac34"
"Eleutherodactylus coqui Thomas, 1966","Eleutherodactylus","coqui",-65.82,18.321667,"a8ee9bc6-5914-427d-9fba-f8545250ac34"
"Eleutherodactylus gryllus Schmidt, 1920","Eleutherodactylus","gryllus",-65.793,18.302,"a8ee9bc6-5914-427d-9fba-f8545250ac34"
"Eleutherodactylus antillensis (Reinhardt & Lütken, 1863)","Eleutherodactylus","antillensis",-65.819642,18.36415,"a8ee9bc6-5914-427d-9fba-f8545250ac34"
"Eleutherodactylus antillensis (Reinhardt & Lütken, 1863)","Eleutherodactylus","antillensis",-65.759444,18.369167,"a8ee9bc6-5914-427d-9fba-f8545250ac34"
"Eleutherodactylus coqui Thomas, 1966","Eleutherodactylus","coqui",-65.819557,18.321112,"a8ee9bc6-5914-427d-9fba-f8545250ac34"
"Eleutherodactylus coqui Thomas, 1966","Eleutherodactylus","coqui",-65.789511,18.297591,"a8ee9bc6-5914-427d-9fba-f8545250ac34"
"Eleutherodactylus antillensis (Reinhardt & Lütken, 1863)","Eleutherodactylus","antillensis",-65.762701,18.346542,"a8ee9bc6-5914-427d-9fba-f8545250ac34"
"Eleutherodactylus portoricensis Schmidt, 1927","Eleutherodactylus","portoricensis",-65.759445,18.270555,"a8ee9bc6-5914-427d-9fba-f8545250ac34"
"Eleutherodactylus coqui Thomas, 1966","Eleutherodactylus","coqui",-65.759444,18.369167,"a8ee9bc6-5914-427d-9fba-f8545250ac34"
"Eleutherodactylus coqui Thomas, 1966","Eleutherodactylus","coqui",-65.767192,18.354933,"a8ee9bc6-5914-427d-9fba-f8545250ac34"
"Eleutherodactylus coqui Thomas, 1966","Eleutherodactylus","coqui",-65.819642,18.36415,"a8ee9bc6-5914-427d-9fba-f8545250ac34"
"Eleutherodactylus coqui Thomas, 1966","Eleutherodactylus","coqui",-65.8245,18.3412,"a8ee9bc6-5914-427d-9fba-f8545250ac34"
"Eleutherodactylus coqui Thomas, 1966","Eleutherodactylus","coqui",-65.762701,18.346542,"a8ee9bc6-5914-427d-9fba-f8545250ac34"
"Eleutherodactylus cochranae Grant, 1932","Eleutherodactylus","cochranae",-66.05,18.403,"a8ee9bc6-5914-427d-9fba-f8545250ac34"
"Eleutherodactylus portoricensis Schmidt, 1927","Eleutherodactylus","portoricensis",-66.519436,18.237305,"a8ee9bc6-5914-427d-9fba-f8545250ac34"
"Eleutherodactylus antillensis (Reinhardt & Lütken, 1863)","Eleutherodactylus","antillensis",-65.82,18.321667,"a8ee9bc6-5914-427d-9fba-f8545250ac34"
"Eleutherodactylus locustus Schmidt, 1920","Eleutherodactylus","locustus",-65.793,18.301,"a8ee9bc6-5914-427d-9fba-f8545250ac34"
"Eleutherodactylus locustus Schmidt, 1920","Eleutherodactylus","locustus",-65.793,18.302,"a8ee9bc6-5914-427d-9fba-f8545250ac34"
"Eleutherodactylus cooki Grant, 1932","Eleutherodactylus","cooki",-65.7991,18.2879,"a8ee9bc6-5914-427d-9fba-f8545250ac34"
"Eleutherodactylus portoricensis Schmidt, 1927","Eleutherodactylus","portoricensis",-65.789511,18.297591,"a8ee9bc6-5914-427d-9fba-f8545250ac34"
"Eleutherodactylus coqui Thomas, 1966","Eleutherodactylus","coqui",-65.793,18.301,"a8ee9bc6-5914-427d-9fba-f8545250ac34"
"Eleutherodactylus wightmanae Schmidt, 1920","Eleutherodactylus","wightmanae",-65.82,18.321667,"a8ee9bc6-5914-427d-9fba-f8545250ac34"
"Eleutherodactylus portoricensis Schmidt, 1927","Eleutherodactylus","portoricensis",-65.82,18.321667,"a8ee9bc6-5914-427d-9fba-f8545250ac34"
"Eleutherodactylus coqui Thomas, 1966","Eleutherodactylus","coqui",-66.05,18.403,"a8ee9bc6-5914-427d-9fba-f8545250ac34"
"Eleutherodactylus coqui Thomas, 1966","Eleutherodactylus","coqui",-65.789,18.301,"a8ee9bc6-5914-427d-9fba-f8545250ac34"
"Eleutherodactylus coqui Thomas, 1966","Eleutherodactylus","coqui",-65.792999,18.304581,"a8ee9bc6-5914-427d-9fba-f8545250ac34"
"Eleutherodactylus portoricensis Schmidt, 1927","Eleutherodactylus","portoricensis",-65.786648,18.302707,"a8ee9bc6-5914-427d-9fba-f8545250ac34"
"Eleutherodactylus cochranae Grant, 1932","Eleutherodactylus","cochranae",-65.762701,18.346542,"a8ee9bc6-5914-427d-9fba-f8545250ac34"
"Eleutherodactylus portoricensis Schmidt, 1927","Eleutherodactylus","portoricensis",-65.7991,18.2879,"a8ee9bc6-5914-427d-9fba-f8545250ac34"
"Eleutherodactylus coqui Thomas, 1966","Eleutherodactylus","coqui",-65.791,18.311,"a8ee9bc6-5914-427d-9fba-f8545250ac34"
"Eleutherodactylus gryllus Schmidt, 1920","Eleutherodactylus","gryllus",-65.792828,18.304173,"a8ee9bc6-5914-427d-9fba-f8545250ac34"
"Eleutherodactylus coqui Thomas, 1966","Eleutherodactylus","coqui",-65.78167,18.278095,"a8ee9bc6-5914-427d-9fba-f8545250ac34"
"Eleutherodactylus portoricensis Schmidt, 1927","Eleutherodactylus","portoricensis",-65.789,18.301,"a8ee9bc6-5914-427d-9fba-f8545250ac34"
"Eleutherodactylus portoricensis Schmidt, 1927","Eleutherodactylus","portoricensis",-65.819557,18.321112,"a8ee9bc6-5914-427d-9fba-f8545250ac34"
"Eleutherodactylus gryllus Schmidt, 1920","Eleutherodactylus","gryllus",-65.791,18.311,"a8ee9bc6-5914-427d-9fba-f8545250ac34"
"Eleutherodactylus brittoni Schmidt, 1920","Eleutherodactylus","brittoni",-65.819642,18.36415,"a8ee9bc6-5914-427d-9fba-f8545250ac34"
"Eleutherodactylus eneidae Rivero, 1959","Eleutherodactylus","eneidae",-65.793,18.302,"a8ee9bc6-5914-427d-9fba-f8545250ac34"
"Eleutherodactylus richmondi Stejneger, 1904","Eleutherodactylus","richmondi",-65.793,18.302,"a8ee9bc6-5914-427d-9fba-f8545250ac34"
"Eleutherodactylus locustus Schmidt, 1920","Eleutherodactylus","locustus",-65.7991,18.2879,"a8ee9bc6-5914-427d-9fba-f8545250ac34"
"Eleutherodactylus coqui Thomas, 1966","Eleutherodactylus","coqui",-65.793,18.302,"a8ee9bc6-5914-427d-9fba-f8545250ac34"
"Eleutherodactylus coqui Thomas, 1966","Eleutherodactylus","coqui",-66.519436,18.237305,"a8ee9bc6-5914-427d-9fba-f8545250ac34"
"Eleutherodactylus richmondi Stejneger, 1904","Eleutherodactylus","richmondi",-65.786648,18.302707,"a8ee9bc6-5914-427d-9fba-f8545250ac34"
"Eleutherodactylus richmondi Stejneger, 1904","Eleutherodactylus","richmondi",-65.793,18.301,"a8ee9bc6-5914-427d-9fba-f8545250ac34"
"Eleutherodactylus wightmanae Schmidt, 1920","Eleutherodactylus","wightmanae",-65.789,18.301,"a8ee9bc6-5914-427d-9fba-f8545250ac34"
"Eleutherodactylus planirostris (Cope, 1862)","Eleutherodactylus","planirostris",-80.4667,22.4667,"a8ee9bc6-5914-427d-9fba-f8545250ac34"
"Eleutherodactylus coqui Thomas, 1966","Eleutherodactylus","coqui",-65.7657,18.3255,"a8ee9bc6-5914-427d-9fba-f8545250ac34"
"Eleutherodactylus antillensis (Reinhardt & Lütken, 1863)","Eleutherodactylus","antillensis",-66.519436,18.237305,"a8ee9bc6-5914-427d-9fba-f8545250ac34"
"Eleutherodactylus antillensis (Reinhardt & Lütken, 1863)","Eleutherodactylus","antillensis",-65.828583,18.34113,"a8ee9bc6-5914-427d-9fba-f8545250ac34"
"Eleutherodactylus wightmanae Schmidt, 1920","Eleutherodactylus","wightmanae",-65.819642,18.36415,"a8ee9bc6-5914-427d-9fba-f8545250ac34"
"Eleutherodactylus portoricensis Schmidt, 1927","Eleutherodactylus","portoricensis",-65.791,18.311,"a8ee9bc6-5914-427d-9fba-f8545250ac34"
"Eleutherodactylus cochranae Grant, 1932","Eleutherodactylus","cochranae",-65.789,18.301,"a8ee9bc6-5914-427d-9fba-f8545250ac34"
"Eleutherodactylus wightmanae Schmidt, 1920","Eleutherodactylus","wightmanae",-65.793,18.302,"a8ee9bc6-5914-427d-9fba-f8545250ac34"
"Eleutherodactylus locustus Schmidt, 1920","Eleutherodactylus","locustus",-65.792828,18.304173,"a8ee9bc6-5914-427d-9fba-f8545250ac34"
"Eleutherodactylus coqui Thomas, 1966","Eleutherodactylus","coqui",-65.765003,18.278333,"a8ee9bc6-5914-427d-9fba-f8545250ac34"
"Eleutherodactylus albolabris (Taylor, 1943)","Eleutherodactylus","albolabris",-65.762701,18.346542,"a8ee9bc6-5914-427d-9fba-f8545250ac34"
"Eleutherodactylus locustus Schmidt, 1920","Eleutherodactylus","locustus",-65.789511,18.297591,"a8ee9bc6-5914-427d-9fba-f8545250ac34"
"Eleutherodactylus antillensis (Reinhardt & Lütken, 1863)","Eleutherodactylus","antillensis",-65.8245,18.3412,"a8ee9bc6-5914-427d-9fba-f8545250ac34"
"Eleutherodactylus gryllus Schmidt, 1920","Eleutherodactylus","gryllus",-65.791389,18.310556,"a8ee9bc6-5914-427d-9fba-f8545250ac34"
"Eleutherodactylus portoricensis Schmidt, 1927","Eleutherodactylus","portoricensis",-65.793,18.302,"a8ee9bc6-5914-427d-9fba-f8545250ac34"
"Eleutherodactylus brittoni Schmidt, 1920","Eleutherodactylus","brittoni",-65.762701,18.346542,"a8ee9bc6-5914-427d-9fba-f8545250ac34"
"Eleutherodactylus coqui Thomas, 1966","Eleutherodactylus","coqui",-65.7991,18.2879,"a8ee9bc6-5914-427d-9fba-f8545250ac34"
"Eleutherodactylus antillensis (Reinhardt & Lütken, 1863)","Eleutherodactylus","antillensis",-65.819557,18.321112,"a8ee9bc6-5914-427d-9fba-f8545250ac34"
"Eleutherodactylus locustus Schmidt, 1920","Eleutherodactylus","locustus",-65.786648,18.302707,"a8ee9bc6-5914-427d-9fba-f8545250ac34"
"Eleutherodactylus coqui Thomas, 1966","Eleutherodactylus","coqui",-65.786648,18.302707,"a8ee9bc6-5914-427d-9fba-f8545250ac34"
"Eleutherodactylus eneidae Rivero, 1959","Eleutherodactylus","eneidae",-65.786648,18.302707,"a8ee9bc6-5914-427d-9fba-f8545250ac34"
"Eleutherodactylus limbatus (Cope, 1862)","Eleutherodactylus","limbatus",-80.4667,22.4667,"a8ee9bc6-5914-427d-9fba-f8545250ac34"
"Eleutherodactylus auriculatus (Cope, 1862)","Eleutherodactylus","auriculatus",-66.113613,18.179723,"a8ee9bc6-5914-427d-9fba-f8545250ac34"
"Eleutherodactylus antillensis (Reinhardt & Lütken, 1863)","Eleutherodactylus","antillensis",-65.789511,18.297591,"a8ee9bc6-5914-427d-9fba-f8545250ac34"
"Eleutherodactylus planirostris (Cope, 1862)","Eleutherodactylus","planirostris",-81.381649,19.343328,"50c9509d-22c7-4a22-a47d-8c48425ef4a7"
"Eleutherodactylus johnstonei Barbour, 1914","Eleutherodactylus","johnstonei",-60.90308,13.860426,"bd702991-e1e7-4770-b8ba-aecd8bdf9e63"
"Eleutherodactylus johnstonei Barbour, 1914","Eleutherodactylus","johnstonei",-61.012256,13.917312,"bd702991-e1e7-4770-b8ba-aecd8bdf9e63"
"Eleutherodactylus johnstonei Barbour, 1914","Eleutherodactylus","johnstonei",-61.057369,13.856971,"bd702991-e1e7-4770-b8ba-aecd8bdf9e63"
"Eleutherodactylus johnstonei Barbour, 1914","Eleutherodactylus","johnstonei",-61.841088,17.129808,"bd702991-e1e7-4770-b8ba-aecd8bdf9e63"
"Eleutherodactylus johnstonei Barbour, 1914","Eleutherodactylus","johnstonei",-60.99,14.01,"bd702991-e1e7-4770-b8ba-aecd8bdf9e63"
"Eleutherodactylus johnstonei Barbour, 1914","Eleutherodactylus","johnstonei",-61.694877,12.095849,"bd702991-e1e7-4770-b8ba-aecd8bdf9e63"
"Eleutherodactylus johnstonei Barbour, 1914","Eleutherodactylus","johnstonei",-61.69,12.06,"bd702991-e1e7-4770-b8ba-aecd8bdf9e63"
"Eleutherodactylus johnstonei Barbour, 1914","Eleutherodactylus","johnstonei",-61.64924,12.130837,"bd702991-e1e7-4770-b8ba-aecd8bdf9e63"
"Eleutherodactylus inoptatus (Barbour, 1914)","Eleutherodactylus","inoptatus",-70.431102,18.391786,"50c9509d-22c7-4a22-a47d-8c48425ef4a7"
"Eleutherodactylus flavescens Noble, 1923","Eleutherodactylus","flavescens",-70.044108,18.527113,"50c9509d-22c7-4a22-a47d-8c48425ef4a7"
"Eleutherodactylus paralius Schwartz, 1976","Eleutherodactylus","paralius",-69.921603,18.444432,"50c9509d-22c7-4a22-a47d-8c48425ef4a7"
"Eleutherodactylus inoptatus (Barbour, 1914)","Eleutherodactylus","inoptatus",-69.170549,18.925473,"50c9509d-22c7-4a22-a47d-8c48425ef4a7"
"Eleutherodactylus inoptatus (Barbour, 1914)","Eleutherodactylus","inoptatus",-69.218674,18.888005,"50c9509d-22c7-4a22-a47d-8c48425ef4a7"
"Eleutherodactylus flavescens Noble, 1923","Eleutherodactylus","flavescens",-69.275439,18.899842,"50c9509d-22c7-4a22-a47d-8c48425ef4a7"
"Eleutherodactylus abbotti Cochran, 1923","Eleutherodactylus","abbotti",-69.959564,19.60859,"50c9509d-22c7-4a22-a47d-8c48425ef4a7"
"Eleutherodactylus inoptatus (Barbour, 1914)","Eleutherodactylus","inoptatus",-71.33882,19.469737,"50c9509d-22c7-4a22-a47d-8c48425ef4a7"
"Eleutherodactylus weinlandi Barbour, 1914","Eleutherodactylus","weinlandi",-69.927635,19.599642,"50c9509d-22c7-4a22-a47d-8c48425ef4a7"
"Eleutherodactylus flavescens Noble, 1923","Eleutherodactylus","flavescens",-70.195983,18.547769,"50c9509d-22c7-4a22-a47d-8c48425ef4a7"
"Eleutherodactylus coqui Thomas, 1966","Eleutherodactylus","coqui",-65.76202,18.339495,"50c9509d-22c7-4a22-a47d-8c48425ef4a7"
"Eleutherodactylus orcutti Dunn, 1928","Eleutherodactylus","orcutti",-76.322308,18.022641,"832b8188-f762-11e1-a439-00145eb45e9a"
"Eleutherodactylus thomasi Schwartz, 1959","Eleutherodactylus","thomasi",-80.312,21.93,"d5fafa95-7de2-48c0-bf10-3480bcca4a2b"
"Eleutherodactylus atkinsi Dunn, 1925","Eleutherodactylus","atkinsi",-79.574494,21.861547,"50c9509d-22c7-4a22-a47d-8c48425ef4a7"
"Eleutherodactylus rogersi Goin, 1955","Eleutherodactylus","rogersi",-74.501199,24.110662,"50c9509d-22c7-4a22-a47d-8c48425ef4a7"
"Eleutherodactylus portoricensis Schmidt, 1927","Eleutherodactylus","portoricensis",-65.833739,18.301222,"50c9509d-22c7-4a22-a47d-8c48425ef4a7"
"Eleutherodactylus portoricensis Schmidt, 1927","Eleutherodactylus","portoricensis",-65.948492,18.392486,"50c9509d-22c7-4a22-a47d-8c48425ef4a7"
"Eleutherodactylus unicolor Stejneger, 1904","Eleutherodactylus","unicolor",-65.85181,18.264738,"50c9509d-22c7-4a22-a47d-8c48425ef4a7"
"Eleutherodactylus iberia Estrada & Hedges, 1996","Eleutherodactylus","iberia",-74.765767,20.549301,"50c9509d-22c7-4a22-a47d-8c48425ef4a7"
"Eleutherodactylus iberia Estrada & Hedges, 1996","Eleutherodactylus","iberia",-74.629726,20.418254,"50c9509d-22c7-4a22-a47d-8c48425ef4a7"
"Eleutherodactylus rogersi Goin, 1955","Eleutherodactylus","rogersi",-74.463154,24.118007,"50c9509d-22c7-4a22-a47d-8c48425ef4a7"
"Eleutherodactylus johnstonei Barbour, 1914","Eleutherodactylus","johnstonei",-60.876575,14.445323,"50c9509d-22c7-4a22-a47d-8c48425ef4a7"
"Eleutherodactylus coqui Thomas, 1966","Eleutherodactylus","coqui",-66.093279,18.452882,"50c9509d-22c7-4a22-a47d-8c48425ef4a7"
"Eleutherodactylus coqui Thomas, 1966","Eleutherodactylus","coqui",-65.7967,18.260913,"50c9509d-22c7-4a22-a47d-8c48425ef4a7"
"Eleutherodactylus simulans Díaz & Fong, 2001","Eleutherodactylus","simulans",-74.689027,20.519986,"50c9509d-22c7-4a22-a47d-8c48425ef4a7"
"Eleutherodactylus atkinsi Dunn, 1925","Eleutherodactylus","atkinsi",-74.573889,20.352222,"50c9509d-22c7-4a22-a47d-8c48425ef4a7"
"Eleutherodactylus johnstonei Barbour, 1914","Eleutherodactylus","johnstonei",-60.86938,14.437403,"50c9509d-22c7-4a22-a47d-8c48425ef4a7"
"Eleutherodactylus antillensis (Reinhardt & Lütken, 1863)","Eleutherodactylus","antillensis",-67.142363,18.076575,"50c9509d-22c7-4a22-a47d-8c48425ef4a7"
"Eleutherodactylus richmondi Stejneger, 1904","Eleutherodactylus","richmondi",-66.54566,18.257556,"50c9509d-22c7-4a22-a47d-8c48425ef4a7"
"Eleutherodactylus gryllus Schmidt, 1920","Eleutherodactylus","gryllus",-65.664684,18.256258,"50c9509d-22c7-4a22-a47d-8c48425ef4a7"
"Eleutherodactylus gryllus Schmidt, 1920","Eleutherodactylus","gryllus",-65.91584,18.238443,"50c9509d-22c7-4a22-a47d-8c48425ef4a7"
"Eleutherodactylus antillensis (Reinhardt & Lütken, 1863)","Eleutherodactylus","antillensis",-66.646407,18.444247,"50c9509d-22c7-4a22-a47d-8c48425ef4a7"
"Eleutherodactylus cooki Grant, 1932","Eleutherodactylus","cooki",-65.913191,18.328507,"50c9509d-22c7-4a22-a47d-8c48425ef4a7"
"Eleutherodactylus cooki Grant, 1932","Eleutherodactylus","cooki",-65.844945,18.219047,"50c9509d-22c7-4a22-a47d-8c48425ef4a7"
"Eleutherodactylus coqui Thomas, 1966","Eleutherodactylus","coqui",-66.046669,18.403453,"50c9509d-22c7-4a22-a47d-8c48425ef4a7"
"Eleutherodactylus antillensis (Reinhardt & Lütken, 1863)","Eleutherodactylus","antillensis",-66.045696,18.405006,"50c9509d-22c7-4a22-a47d-8c48425ef4a7"
"Eleutherodactylus antillensis (Reinhardt & Lütken, 1863)","Eleutherodactylus","antillensis",-66.045114,18.404553,"50c9509d-22c7-4a22-a47d-8c48425ef4a7"
"Eleutherodactylus coqui Thomas, 1966","Eleutherodactylus","coqui",-66.740953,18.270742,"50c9509d-22c7-4a22-a47d-8c48425ef4a7"
"Eleutherodactylus coqui Thomas, 1966","Eleutherodactylus","coqui",-66.04812,18.403685,"50c9509d-22c7-4a22-a47d-8c48425ef4a7"
"Eleutherodactylus coqui Thomas, 1966","Eleutherodactylus","coqui",-66.045128,18.40455,"50c9509d-22c7-4a22-a47d-8c48425ef4a7"
"Eleutherodactylus luteolus (Gosse, 1851)","Eleutherodactylus","luteolus",-76.76667,18.05,"1c5c3e48-7fc0-4d4f-96e6-c4df2c747f34"
"Eleutherodactylus antillensis (Reinhardt & Lütken, 1863)","Eleutherodactylus","antillensis",-66.045264,18.404567,"50c9509d-22c7-4a22-a47d-8c48425ef4a7"
"Eleutherodactylus cochranae Grant, 1932","Eleutherodactylus","cochranae",-66.004951,18.36553,"50c9509d-22c7-4a22-a47d-8c48425ef4a7"
"Eleutherodactylus cochranae Grant, 1932","Eleutherodactylus","cochranae",-66.048152,18.403746,"50c9509d-22c7-4a22-a47d-8c48425ef4a7"
"Eleutherodactylus coqui Thomas, 1966","Eleutherodactylus","coqui",-66.045403,18.404495,"50c9509d-22c7-4a22-a47d-8c48425ef4a7"
"Eleutherodactylus antillensis (Reinhardt & Lütken, 1863)","Eleutherodactylus","antillensis",-66.045228,18.404658,"50c9509d-22c7-4a22-a47d-8c48425ef4a7"
"Eleutherodactylus antillensis (Reinhardt & Lütken, 1863)","Eleutherodactylus","antillensis",-66.04532,18.404663,"50c9509d-22c7-4a22-a47d-8c48425ef4a7"
"Eleutherodactylus antillensis (Reinhardt & Lütken, 1863)","Eleutherodactylus","antillensis",-66.045178,18.404258,"50c9509d-22c7-4a22-a47d-8c48425ef4a7"
"Eleutherodactylus coqui Thomas, 1966","Eleutherodactylus","coqui",-66.831273,18.145712,"50c9509d-22c7-4a22-a47d-8c48425ef4a7"
"Eleutherodactylus coqui Thomas, 1966","Eleutherodactylus","coqui",-66.831268,18.145525,"50c9509d-22c7-4a22-a47d-8c48425ef4a7"
"Eleutherodactylus coqui Thomas, 1966","Eleutherodactylus","coqui",-66.111367,18.407163,"50c9509d-22c7-4a22-a47d-8c48425ef4a7"
"Eleutherodactylus luteolus (Gosse, 1851)","Eleutherodactylus","luteolus",-76.3333,18.05,"74f92761-3a24-4d85-9bfb-00b1fee0119d"
"Eleutherodactylus portoricensis Schmidt, 1927","Eleutherodactylus","portoricensis",-66.5667,18.3667,"74f92761-3a24-4d85-9bfb-00b1fee0119d"
"Eleutherodactylus johnstonei Barbour, 1914","Eleutherodactylus","johnstonei",-61.6833,12.0333,"74f92761-3a24-4d85-9bfb-00b1fee0119d"
"Eleutherodactylus portoricensis Schmidt, 1927","Eleutherodactylus","portoricensis",-65.8333,18.3333,"74f92761-3a24-4d85-9bfb-00b1fee0119d"
"Eleutherodactylus portoricensis Schmidt, 1927","Eleutherodactylus","portoricensis",-66.5833,18.1667,"74f92761-3a24-4d85-9bfb-00b1fee0119d"
"Eleutherodactylus portoricensis Schmidt, 1927","Eleutherodactylus","portoricensis",-67.15,18.2167,"74f92761-3a24-4d85-9bfb-00b1fee0119d"
"Eleutherodactylus portoricensis Schmidt, 1927","Eleutherodactylus","portoricensis",-66.6667,18.3333,"74f92761-3a24-4d85-9bfb-00b1fee0119d"
"Eleutherodactylus pantoni Dunn, 1926","Eleutherodactylus","pantoni",-76.3333,18.05,"74f92761-3a24-4d85-9bfb-00b1fee0119d"
"Eleutherodactylus johnstonei Barbour, 1914","Eleutherodactylus","johnstonei",-61.6167,12.15,"74f92761-3a24-4d85-9bfb-00b1fee0119d"
"Eleutherodactylus portoricensis Schmidt, 1927","Eleutherodactylus","portoricensis",-66.0333,18.0167,"74f92761-3a24-4d85-9bfb-00b1fee0119d"
"Eleutherodactylus johnstonei Barbour, 1914","Eleutherodactylus","johnstonei",-62.6167,17.1333,"74f92761-3a24-4d85-9bfb-00b1fee0119d"
"Eleutherodactylus cundalli Dunn, 1926","Eleutherodactylus","cundalli",-76.3333,18.05,"74f92761-3a24-4d85-9bfb-00b1fee0119d"
"Eleutherodactylus andrewsi Lynn, 1937","Eleutherodactylus","andrewsi",-76.3333,18.05,"74f92761-3a24-4d85-9bfb-00b1fee0119d"
"Eleutherodactylus portoricensis Schmidt, 1927","Eleutherodactylus","portoricensis",-66.9833,18.1833,"74f92761-3a24-4d85-9bfb-00b1fee0119d"
"Eleutherodactylus portoricensis Schmidt, 1927","Eleutherodactylus","portoricensis",-66.3833,18.2333,"74f92761-3a24-4d85-9bfb-00b1fee0119d"
"Eleutherodactylus martinicensis (Tschudi, 1838)","Eleutherodactylus","martinicensis",-61.145,14.8011,"74f92761-3a24-4d85-9bfb-00b1fee0119d"
"Eleutherodactylus portoricensis Schmidt, 1927","Eleutherodactylus","portoricensis",-66.0167,18,"74f92761-3a24-4d85-9bfb-00b1fee0119d"
"Eleutherodactylus johnstonei Barbour, 1914","Eleutherodactylus","johnstonei",-61.7333,12.0667,"74f92761-3a24-4d85-9bfb-00b1fee0119d"
"Eleutherodactylus atkinsi Dunn, 1925","Eleutherodactylus","atkinsi",-75.139241,19.914526,"50c9509d-22c7-4a22-a47d-8c48425ef4a7"
"Eleutherodactylus atkinsi Dunn, 1925","Eleutherodactylus","atkinsi",-75.119996,19.933368,"50c9509d-22c7-4a22-a47d-8c48425ef4a7"
"Eleutherodactylus coqui Thomas, 1966","Eleutherodactylus","coqui",-66.831272,18.145723,"50c9509d-22c7-4a22-a47d-8c48425ef4a7"
"Eleutherodactylus coqui Thomas, 1966","Eleutherodactylus","coqui",-66.827127,18.167757,"50c9509d-22c7-4a22-a47d-8c48425ef4a7"
"Eleutherodactylus coqui Thomas, 1966","Eleutherodactylus","coqui",-66.831492,18.14573,"50c9509d-22c7-4a22-a47d-8c48425ef4a7"
"Eleutherodactylus coqui Thomas, 1966","Eleutherodactylus","coqui",-65.78439,18.22354,"50c9509d-22c7-4a22-a47d-8c48425ef4a7"
"Eleutherodactylus coqui Thomas, 1966","Eleutherodactylus","coqui",-66.049805,18.403071,"50c9509d-22c7-4a22-a47d-8c48425ef4a7"
"Eleutherodactylus coqui Thomas, 1966","Eleutherodactylus","coqui",-66.065002,18.298889,"50c9509d-22c7-4a22-a47d-8c48425ef4a7"
"Eleutherodactylus coqui Thomas, 1966","Eleutherodactylus","coqui",-65.825752,18.338706,"69cfc2db-6fc5-4fdb-886c-5c393dc252eb"
"Eleutherodactylus spec Duellman & Simmons, 1977","Eleutherodactylus","spec",-77.53611,25.009722,"bb5b30b4-827e-4d5e-a86a-825d65cb6583"
"Eleutherodactylus spec Duellman & Simmons, 1977","Eleutherodactylus","spec",-61.783333,17.15,"bb5b30b4-827e-4d5e-a86a-825d65cb6583"
"Eleutherodactylus antillensis (Reinhardt & Lütken, 1863)","Eleutherodactylus","antillensis",-66.84489,18.39529,"fb639e31-52eb-4998-afb1-984ee12aca0f"
"Eleutherodactylus antillensis (Reinhardt & Lütken, 1863)","Eleutherodactylus","antillensis",-66.692267,18.321783,"fb639e31-52eb-4998-afb1-984ee12aca0f"
"Eleutherodactylus antillensis (Reinhardt & Lütken, 1863)","Eleutherodactylus","antillensis",-66.736517,18.456233,"fb639e31-52eb-4998-afb1-984ee12aca0f"
"Eleutherodactylus antillensis (Reinhardt & Lütken, 1863)","Eleutherodactylus","antillensis",-66.78244,18.2985,"fb639e31-52eb-4998-afb1-984ee12aca0f"
"Eleutherodactylus antillensis (Reinhardt & Lütken, 1863)","Eleutherodactylus","antillensis",-66.72152,18.36679,"fb639e31-52eb-4998-afb1-984ee12aca0f"
"Eleutherodactylus coqui Thomas, 1966","Eleutherodactylus","coqui",-66.692267,18.321783,"fb639e31-52eb-4998-afb1-984ee12aca0f"
"Eleutherodactylus antillensis (Reinhardt & Lütken, 1863)","Eleutherodactylus","antillensis",-66.74782,18.42828,"fb639e31-52eb-4998-afb1-984ee12aca0f"
"Eleutherodactylus antillensis (Reinhardt & Lütken, 1863)","Eleutherodactylus","antillensis",-66.57351,18.21636,"fb639e31-52eb-4998-afb1-984ee12aca0f"
"Eleutherodactylus brittoni Schmidt, 1920","Eleutherodactylus","brittoni",-66.72152,18.36679,"fb639e31-52eb-4998-afb1-984ee12aca0f"
"Eleutherodactylus antillensis (Reinhardt & Lütken, 1863)","Eleutherodactylus","antillensis",-66.698333,18.328433,"fb639e31-52eb-4998-afb1-984ee12aca0f"
"Eleutherodactylus antillensis (Reinhardt & Lütken, 1863)","Eleutherodactylus","antillensis",-66.7286,18.41445,"fb639e31-52eb-4998-afb1-984ee12aca0f"
"Eleutherodactylus antillensis (Reinhardt & Lütken, 1863)","Eleutherodactylus","antillensis",-64.8793,17.68703,"fb639e31-52eb-4998-afb1-984ee12aca0f"
"Eleutherodactylus cochranae Grant, 1932","Eleutherodactylus","cochranae",-66.736517,18.456233,"fb639e31-52eb-4998-afb1-984ee12aca0f"
"Eleutherodactylus brittoni Schmidt, 1920","Eleutherodactylus","brittoni",-66.520983,18.15875,"fb639e31-52eb-4998-afb1-984ee12aca0f"
"Eleutherodactylus antillensis (Reinhardt & Lütken, 1863)","Eleutherodactylus","antillensis",-66.520983,18.15875,"fb639e31-52eb-4998-afb1-984ee12aca0f"
"Eleutherodactylus antillensis (Reinhardt & Lütken, 1863)","Eleutherodactylus","antillensis",-64.86,17.73,"fb639e31-52eb-4998-afb1-984ee12aca0f"
"Eleutherodactylus antillensis (Reinhardt & Lütken, 1863)","Eleutherodactylus","antillensis",-64.71516,17.73821,"fb639e31-52eb-4998-afb1-984ee12aca0f"
"Eleutherodactylus antillensis (Reinhardt & Lütken, 1863)","Eleutherodactylus","antillensis",-64.86926,17.74752,"fb639e31-52eb-4998-afb1-984ee12aca0f"
"Eleutherodactylus antillensis (Reinhardt & Lütken, 1863)","Eleutherodactylus","antillensis",-64.64452,18.42251,"fb639e31-52eb-4998-afb1-984ee12aca0f"
"Eleutherodactylus cochranae Grant, 1932","Eleutherodactylus","cochranae",-64.64452,18.42251,"fb639e31-52eb-4998-afb1-984ee12aca0f"
"Eleutherodactylus wightmanae Schmidt, 1920","Eleutherodactylus","wightmanae",-65.77158,18.31265,"fb639e31-52eb-4998-afb1-984ee12aca0f"
"Eleutherodactylus portoricensis Schmidt, 1927","Eleutherodactylus","portoricensis",-65.8327,18.2723,"fb639e31-52eb-4998-afb1-984ee12aca0f"
"Eleutherodactylus portoricensis Schmidt, 1927","Eleutherodactylus","portoricensis",-65.83163,18.27185,"fb639e31-52eb-4998-afb1-984ee12aca0f"
"Eleutherodactylus portoricensis Schmidt, 1927","Eleutherodactylus","portoricensis",-65.82924,18.27219,"fb639e31-52eb-4998-afb1-984ee12aca0f"
"Eleutherodactylus portoricensis Schmidt, 1927","Eleutherodactylus","portoricensis",-65.832,18.27224,"fb639e31-52eb-4998-afb1-984ee12aca0f"
"Eleutherodactylus antillensis (Reinhardt & Lütken, 1863)","Eleutherodactylus","antillensis",-65.92127,18.06399,"fb639e31-52eb-4998-afb1-984ee12aca0f"
"Eleutherodactylus wightmanae Schmidt, 1920","Eleutherodactylus","wightmanae",-66.76154,18.23265,"fb639e31-52eb-4998-afb1-984ee12aca0f"
"Eleutherodactylus portoricensis Schmidt, 1927","Eleutherodactylus","portoricensis",-65.7875,18.29805,"fb639e31-52eb-4998-afb1-984ee12aca0f"
"Eleutherodactylus antillensis (Reinhardt & Lütken, 1863)","Eleutherodactylus","antillensis",-65.77057,18.31286,"fb639e31-52eb-4998-afb1-984ee12aca0f"
"Eleutherodactylus portoricensis Schmidt, 1927","Eleutherodactylus","portoricensis",-65.79075,18.29622,"fb639e31-52eb-4998-afb1-984ee12aca0f"
"Eleutherodactylus wightmanae Schmidt, 1920","Eleutherodactylus","wightmanae",-66.53089,18.16019,"fb639e31-52eb-4998-afb1-984ee12aca0f"
"Eleutherodactylus antillensis (Reinhardt & Lütken, 1863)","Eleutherodactylus","antillensis",-66.03617,18.11677,"fb639e31-52eb-4998-afb1-984ee12aca0f"
"Eleutherodactylus antillensis (Reinhardt & Lütken, 1863)","Eleutherodactylus","antillensis",-66.54879,18.21084,"fb639e31-52eb-4998-afb1-984ee12aca0f"
"Eleutherodactylus wightmanae Schmidt, 1920","Eleutherodactylus","wightmanae",-66.49325,18.17579,"fb639e31-52eb-4998-afb1-984ee12aca0f"
"Eleutherodactylus wightmanae Schmidt, 1920","Eleutherodactylus","wightmanae",-66.48093,18.17185,"fb639e31-52eb-4998-afb1-984ee12aca0f"
"Eleutherodactylus wightmanae Schmidt, 1920","Eleutherodactylus","wightmanae",-66.53938,18.21133,"fb639e31-52eb-4998-afb1-984ee12aca0f"
"Eleutherodactylus antillensis (Reinhardt & Lütken, 1863)","Eleutherodactylus","antillensis",-67.16688,18.18448,"fb639e31-52eb-4998-afb1-984ee12aca0f"
"Eleutherodactylus portoricensis Schmidt, 1927","Eleutherodactylus","portoricensis",-66.07018,18.11225,"fb639e31-52eb-4998-afb1-984ee12aca0f"
"Eleutherodactylus portoricensis Schmidt, 1927","Eleutherodactylus","portoricensis",-65.82924,18.272119,"fb639e31-52eb-4998-afb1-984ee12aca0f"
"Eleutherodactylus coqui Thomas, 1966","Eleutherodactylus","coqui",-66.75964,18.23287,"fb639e31-52eb-4998-afb1-984ee12aca0f"
"Eleutherodactylus wightmanae Schmidt, 1920","Eleutherodactylus","wightmanae",-66.54134,18.21465,"fb639e31-52eb-4998-afb1-984ee12aca0f"
"Eleutherodactylus portoricensis Schmidt, 1927","Eleutherodactylus","portoricensis",-66.12926,18.04991,"fb639e31-52eb-4998-afb1-984ee12aca0f"
"Eleutherodactylus antillensis (Reinhardt & Lütken, 1863)","Eleutherodactylus","antillensis",-66.06364,18.11435,"fb639e31-52eb-4998-afb1-984ee12aca0f"
"Eleutherodactylus antillensis (Reinhardt & Lütken, 1863)","Eleutherodactylus","antillensis",-66.14309,18.08862,"fb639e31-52eb-4998-afb1-984ee12aca0f"
"Eleutherodactylus portoricensis Schmidt, 1927","Eleutherodactylus","portoricensis",-66.11567,18.05727,"fb639e31-52eb-4998-afb1-984ee12aca0f"
"Eleutherodactylus antillensis (Reinhardt & Lütken, 1863)","Eleutherodactylus","antillensis",-66.74703,18.14281,"fb639e31-52eb-4998-afb1-984ee12aca0f"
"Eleutherodactylus portoricensis Schmidt, 1927","Eleutherodactylus","portoricensis",-65.78298,18.29158,"fb639e31-52eb-4998-afb1-984ee12aca0f"
"Eleutherodactylus wightmanae Schmidt, 1920","Eleutherodactylus","wightmanae",-66.95499,18.12949,"fb639e31-52eb-4998-afb1-984ee12aca0f"
"Eleutherodactylus wightmanae Schmidt, 1920","Eleutherodactylus","wightmanae",-66.12926,18.04991,"fb639e31-52eb-4998-afb1-984ee12aca0f"
"Eleutherodactylus antillensis (Reinhardt & Lütken, 1863)","Eleutherodactylus","antillensis",-66.75964,18.23287,"fb639e31-52eb-4998-afb1-984ee12aca0f"
"Eleutherodactylus wightmanae Schmidt, 1920","Eleutherodactylus","wightmanae",-66.5915,18.17237,"fb639e31-52eb-4998-afb1-984ee12aca0f"
"Eleutherodactylus antillensis (Reinhardt & Lütken, 1863)","Eleutherodactylus","antillensis",-66.95499,18.12949,"fb639e31-52eb-4998-afb1-984ee12aca0f"
"Eleutherodactylus portoricensis Schmidt, 1927","Eleutherodactylus","portoricensis",-66.028,18.101,"fb639e31-52eb-4998-afb1-984ee12aca0f"
"Eleutherodactylus antillensis (Reinhardt & Lütken, 1863)","Eleutherodactylus","antillensis",-66.50444,18.08375,"fb639e31-52eb-4998-afb1-984ee12aca0f"
"Eleutherodactylus wightmanae Schmidt, 1920","Eleutherodactylus","wightmanae",-66.11567,18.05727,"fb639e31-52eb-4998-afb1-984ee12aca0f"
"Eleutherodactylus portoricensis Schmidt, 1927","Eleutherodactylus","portoricensis",-66.122,18.052,"fb639e31-52eb-4998-afb1-984ee12aca0f"
"Eleutherodactylus coqui Thomas, 1966","Eleutherodactylus","coqui",-66.03617,18.11677,"fb639e31-52eb-4998-afb1-984ee12aca0f"
"Eleutherodactylus antillensis (Reinhardt & Lütken, 1863)","Eleutherodactylus","antillensis",-67.03645,18.15764,"fb639e31-52eb-4998-afb1-984ee12aca0f"
"Eleutherodactylus antillensis (Reinhardt & Lütken, 1863)","Eleutherodactylus","antillensis",-66.53928,18.14842,"fb639e31-52eb-4998-afb1-984ee12aca0f"
"Eleutherodactylus wightmanae Schmidt, 1920","Eleutherodactylus","wightmanae",-66.122,18.052,"fb639e31-52eb-4998-afb1-984ee12aca0f"
"Eleutherodactylus antillensis (Reinhardt & Lütken, 1863)","Eleutherodactylus","antillensis",-65.99223,18.0593,"fb639e31-52eb-4998-afb1-984ee12aca0f"
"Eleutherodactylus antillensis (Reinhardt & Lütken, 1863)","Eleutherodactylus","antillensis",-66.87622,18.01297,"fb639e31-52eb-4998-afb1-984ee12aca0f"
"Eleutherodactylus hedricki Rivero, 1963","Eleutherodactylus","hedricki",-66.032,18.091,"fb639e31-52eb-4998-afb1-984ee12aca0f"
"Eleutherodactylus antillensis (Reinhardt & Lütken, 1863)","Eleutherodactylus","antillensis",-66.2898,18.17561,"fb639e31-52eb-4998-afb1-984ee12aca0f"
"Eleutherodactylus portoricensis Schmidt, 1927","Eleutherodactylus","portoricensis",-66.032,18.091,"fb639e31-52eb-4998-afb1-984ee12aca0f"
"Eleutherodactylus antillensis (Reinhardt & Lütken, 1863)","Eleutherodactylus","antillensis",-66.42344,18.16524,"fb639e31-52eb-4998-afb1-984ee12aca0f"
"Eleutherodactylus coqui Thomas, 1966","Eleutherodactylus","coqui",-66.2898,18.17561,"fb639e31-52eb-4998-afb1-984ee12aca0f"
"Eleutherodactylus brittoni Schmidt, 1920","Eleutherodactylus","brittoni",-66.74703,18.14281,"fb639e31-52eb-4998-afb1-984ee12aca0f"
"Eleutherodactylus antillensis (Reinhardt & Lütken, 1863)","Eleutherodactylus","antillensis",-66.18621,18.3697,"fb639e31-52eb-4998-afb1-984ee12aca0f"
"Eleutherodactylus coqui Thomas, 1966","Eleutherodactylus","coqui",-66.47844,18.21061,"fb639e31-52eb-4998-afb1-984ee12aca0f"
"Eleutherodactylus antillensis (Reinhardt & Lütken, 1863)","Eleutherodactylus","antillensis",-65.78362,18.23298,"fb639e31-52eb-4998-afb1-984ee12aca0f"
"Eleutherodactylus antillensis (Reinhardt & Lütken, 1863)","Eleutherodactylus","antillensis",-65.76043,18.33753,"fb639e31-52eb-4998-afb1-984ee12aca0f"
"Eleutherodactylus antillensis (Reinhardt & Lütken, 1863)","Eleutherodactylus","antillensis",-66.52646,18.16001,"fb639e31-52eb-4998-afb1-984ee12aca0f"
"Eleutherodactylus antillensis (Reinhardt & Lütken, 1863)","Eleutherodactylus","antillensis",-66.10204,18.0668,"fb639e31-52eb-4998-afb1-984ee12aca0f"
"Eleutherodactylus portoricensis Schmidt, 1927","Eleutherodactylus","portoricensis",-65.758,18.269,"fb639e31-52eb-4998-afb1-984ee12aca0f"
"Eleutherodactylus antillensis (Reinhardt & Lütken, 1863)","Eleutherodactylus","antillensis",-65.775177,18.308582,"fb639e31-52eb-4998-afb1-984ee12aca0f"
"Eleutherodactylus antillensis (Reinhardt & Lütken, 1863)","Eleutherodactylus","antillensis",-65.821662,18.322106,"fb639e31-52eb-4998-afb1-984ee12aca0f"
"Eleutherodactylus portoricensis Schmidt, 1927","Eleutherodactylus","portoricensis",-65.792,18.311,"fb639e31-52eb-4998-afb1-984ee12aca0f"
"Eleutherodactylus wightmanae Schmidt, 1920","Eleutherodactylus","wightmanae",-66.032,18.091,"fb639e31-52eb-4998-afb1-984ee12aca0f"
"Eleutherodactylus coqui Thomas, 1966","Eleutherodactylus","coqui",-65.821662,18.322106,"fb639e31-52eb-4998-afb1-984ee12aca0f"
"Eleutherodactylus brittoni Schmidt, 1920","Eleutherodactylus","brittoni",-65.76043,18.33753,"fb639e31-52eb-4998-afb1-984ee12aca0f"
"Eleutherodactylus coqui Thomas, 1966","Eleutherodactylus","coqui",-65.77005,18.38539,"fb639e31-52eb-4998-afb1-984ee12aca0f"
"Eleutherodactylus coqui Thomas, 1966","Eleutherodactylus","coqui",-65.78362,18.23298,"fb639e31-52eb-4998-afb1-984ee12aca0f"
"Eleutherodactylus coqui Thomas, 1966","Eleutherodactylus","coqui",-65.894921,18.271732,"fb639e31-52eb-4998-afb1-984ee12aca0f"
"Eleutherodactylus portoricensis Schmidt, 1927","Eleutherodactylus","portoricensis",-65.811,18.283,"fb639e31-52eb-4998-afb1-984ee12aca0f"
"Eleutherodactylus antillensis (Reinhardt & Lütken, 1863)","Eleutherodactylus","antillensis",-65.77005,18.38539,"fb639e31-52eb-4998-afb1-984ee12aca0f"
"Eleutherodactylus antillensis (Reinhardt & Lütken, 1863)","Eleutherodactylus","antillensis",-65.790727,18.2958,"fb639e31-52eb-4998-afb1-984ee12aca0f"
"Eleutherodactylus portoricensis Schmidt, 1927","Eleutherodactylus","portoricensis",-65.795,18.303,"fb639e31-52eb-4998-afb1-984ee12aca0f"
"Eleutherodactylus locustus Schmidt, 1920","Eleutherodactylus","locustus",-65.758,18.269,"fb639e31-52eb-4998-afb1-984ee12aca0f"
"Eleutherodactylus coqui Thomas, 1966","Eleutherodactylus","coqui",-65.775177,18.308582,"fb639e31-52eb-4998-afb1-984ee12aca0f"
"Eleutherodactylus coqui Thomas, 1966","Eleutherodactylus","coqui",-65.790727,18.2958,"fb639e31-52eb-4998-afb1-984ee12aca0f"
"Eleutherodactylus antillensis (Reinhardt & Lütken, 1863)","Eleutherodactylus","antillensis",-65.894921,18.271732,"fb639e31-52eb-4998-afb1-984ee12aca0f"
"Eleutherodactylus coqui Thomas, 1966","Eleutherodactylus","coqui",-65.76043,18.33753,"fb639e31-52eb-4998-afb1-984ee12aca0f"
"Eleutherodactylus inoptatus (Barbour, 1914)","Eleutherodactylus","inoptatus",-70.120497,18.516285,"50c9509d-22c7-4a22-a47d-8c48425ef4a7"
"Eleutherodactylus coqui Thomas, 1966","Eleutherodactylus","coqui",-65.678905,18.272125,"50c9509d-22c7-4a22-a47d-8c48425ef4a7"
"Eleutherodactylus coqui Thomas, 1966","Eleutherodactylus","coqui",-65.67906,18.271783,"50c9509d-22c7-4a22-a47d-8c48425ef4a7"
"Eleutherodactylus pictissimus Cochran, 1935","Eleutherodactylus","pictissimus",-70.539871,18.415553,"50c9509d-22c7-4a22-a47d-8c48425ef4a7"
"Eleutherodactylus inoptatus (Barbour, 1914)","Eleutherodactylus","inoptatus",-69.729838,18.887092,"50c9509d-22c7-4a22-a47d-8c48425ef4a7"
"Eleutherodactylus riparius Estrada & Hedges, 1998","Eleutherodactylus","riparius",-83.308889,22.669444,"832b8188-f762-11e1-a439-00145eb45e9a"
"Eleutherodactylus ricordii (Duméril & Bibron, 1841)","Eleutherodactylus","ricordii",-75.299167,20.370833,"832b8188-f762-11e1-a439-00145eb45e9a"
"Eleutherodactylus coqui Thomas, 1966","Eleutherodactylus","coqui",-65.852683,18.37158,"50c9509d-22c7-4a22-a47d-8c48425ef4a7"
"Eleutherodactylus coqui Thomas, 1966","Eleutherodactylus","coqui",-66.071632,18.239665,"50c9509d-22c7-4a22-a47d-8c48425ef4a7"
"Eleutherodactylus coqui Thomas, 1966","Eleutherodactylus","coqui",-66.034055,18.326948,"50c9509d-22c7-4a22-a47d-8c48425ef4a7"
"Eleutherodactylus coqui Thomas, 1966","Eleutherodactylus","coqui",-65.744645,18.178064,"50c9509d-22c7-4a22-a47d-8c48425ef4a7"
"Eleutherodactylus brittoni Schmidt, 1920","Eleutherodactylus","brittoni",-65.791977,18.253786,"50c9509d-22c7-4a22-a47d-8c48425ef4a7"
"Eleutherodactylus coqui Thomas, 1966","Eleutherodactylus","coqui",-66.831208,18.145653,"50c9509d-22c7-4a22-a47d-8c48425ef4a7"
"Eleutherodactylus coqui Thomas, 1966","Eleutherodactylus","coqui",-66.259238,18.100806,"50c9509d-22c7-4a22-a47d-8c48425ef4a7"
"Eleutherodactylus coqui Thomas, 1966","Eleutherodactylus","coqui",-65.819887,18.321163,"50c9509d-22c7-4a22-a47d-8c48425ef4a7"
"Eleutherodactylus coqui Thomas, 1966","Eleutherodactylus","coqui",-66.043764,18.172276,"50c9509d-22c7-4a22-a47d-8c48425ef4a7"
"Eleutherodactylus antillensis (Reinhardt & Lütken, 1863)","Eleutherodactylus","antillensis",-66.045548,18.403895,"50c9509d-22c7-4a22-a47d-8c48425ef4a7"
"Eleutherodactylus coqui Thomas, 1966","Eleutherodactylus","coqui",-66.045485,18.403871,"50c9509d-22c7-4a22-a47d-8c48425ef4a7"
"Eleutherodactylus cochranae Grant, 1932","Eleutherodactylus","cochranae",-66.045518,18.403872,"50c9509d-22c7-4a22-a47d-8c48425ef4a7"
"Eleutherodactylus coqui Thomas, 1966","Eleutherodactylus","coqui",-66.047928,18.40376,"50c9509d-22c7-4a22-a47d-8c48425ef4a7"
"Eleutherodactylus johnstonei Barbour, 1914","Eleutherodactylus","johnstonei",-61.050474,13.822527,"50c9509d-22c7-4a22-a47d-8c48425ef4a7"
"Eleutherodactylus fuscus Lynn & Dent, 1943","Eleutherodactylus","fuscus",-77.5,18.25,"65dfe059-f1c1-4ec9-9a05-d6877a1d2842"
"Eleutherodactylus coqui Thomas, 1966","Eleutherodactylus","coqui",-78.339386,18.311018,"65dfe059-f1c1-4ec9-9a05-d6877a1d2842"
"Eleutherodactylus coqui Thomas, 1966","Eleutherodactylus","coqui",-66.263493,18.138565,"50c9509d-22c7-4a22-a47d-8c48425ef4a7"
"Eleutherodactylus iberia Estrada & Hedges, 1996","Eleutherodactylus","iberia",-74.647218,20.514229,"50c9509d-22c7-4a22-a47d-8c48425ef4a7"
"Eleutherodactylus antillensis (Reinhardt & Lütken, 1863)","Eleutherodactylus","antillensis",-66.113777,17.984133,"50c9509d-22c7-4a22-a47d-8c48425ef4a7"
"Eleutherodactylus antillensis (Reinhardt & Lütken, 1863)","Eleutherodactylus","antillensis",-66.143411,18.407088,"50c9509d-22c7-4a22-a47d-8c48425ef4a7"
"Eleutherodactylus coqui Thomas, 1966","Eleutherodactylus","coqui",-65.678899,18.272063,"50c9509d-22c7-4a22-a47d-8c48425ef4a7"
"Eleutherodactylus coqui Thomas, 1966","Eleutherodactylus","coqui",-65.838886,18.146537,"50c9509d-22c7-4a22-a47d-8c48425ef4a7"
"Eleutherodactylus antillensis (Reinhardt & Lütken, 1863)","Eleutherodactylus","antillensis",-65.799248,18.245022,"50c9509d-22c7-4a22-a47d-8c48425ef4a7"
"Eleutherodactylus cochranae Grant, 1932","Eleutherodactylus","cochranae",-65.78439,18.22354,"50c9509d-22c7-4a22-a47d-8c48425ef4a7"
"Eleutherodactylus antillensis (Reinhardt & Lütken, 1863)","Eleutherodactylus","antillensis",-65.78439,18.22354,"50c9509d-22c7-4a22-a47d-8c48425ef4a7"
"Eleutherodactylus coqui Thomas, 1966","Eleutherodactylus","coqui",-66.048072,18.403509,"50c9509d-22c7-4a22-a47d-8c48425ef4a7"
"Eleutherodactylus coqui Thomas, 1966","Eleutherodactylus","coqui",-66.097002,18.372882,"50c9509d-22c7-4a22-a47d-8c48425ef4a7"
"Eleutherodactylus antillensis (Reinhardt & Lütken, 1863)","Eleutherodactylus","antillensis",-66.111461,18.407102,"50c9509d-22c7-4a22-a47d-8c48425ef4a7"
"Eleutherodactylus antillensis (Reinhardt & Lütken, 1863)","Eleutherodactylus","antillensis",-65.838128,18.14932,"50c9509d-22c7-4a22-a47d-8c48425ef4a7"
"Eleutherodactylus coqui Thomas, 1966","Eleutherodactylus","coqui",-66.621094,18.020528,"50c9509d-22c7-4a22-a47d-8c48425ef4a7"
"Eleutherodactylus antillensis (Reinhardt & Lütken, 1863)","Eleutherodactylus","antillensis",-66.045728,18.405449,"50c9509d-22c7-4a22-a47d-8c48425ef4a7"
"Eleutherodactylus antillensis (Reinhardt & Lütken, 1863)","Eleutherodactylus","antillensis",-66.111476,18.407217,"50c9509d-22c7-4a22-a47d-8c48425ef4a7"
"Eleutherodactylus coqui Thomas, 1966","Eleutherodactylus","coqui",-66.048115,18.403728,"50c9509d-22c7-4a22-a47d-8c48425ef4a7"
"Eleutherodactylus antillensis (Reinhardt & Lütken, 1863)","Eleutherodactylus","antillensis",-66.162122,18.363065,"50c9509d-22c7-4a22-a47d-8c48425ef4a7"
"Eleutherodactylus coqui Thomas, 1966","Eleutherodactylus","coqui",-66.509407,18.463887,"50c9509d-22c7-4a22-a47d-8c48425ef4a7"
"Eleutherodactylus coqui Thomas, 1966","Eleutherodactylus","coqui",-65.727771,18.326927,"50c9509d-22c7-4a22-a47d-8c48425ef4a7"
"Eleutherodactylus iberia Estrada & Hedges, 1996","Eleutherodactylus","iberia",-74.871609,20.400566,"50c9509d-22c7-4a22-a47d-8c48425ef4a7"
"Eleutherodactylus paralius Schwartz, 1976","Eleutherodactylus","paralius",-69.916742,18.599739,"50c9509d-22c7-4a22-a47d-8c48425ef4a7"
"Eleutherodactylus coqui Thomas, 1966","Eleutherodactylus","coqui",-65.779892,18.299225,"50c9509d-22c7-4a22-a47d-8c48425ef4a7"
"Eleutherodactylus rogersi Goin, 1955","Eleutherodactylus","rogersi",-76.696159,25.557225,"50c9509d-22c7-4a22-a47d-8c48425ef4a7"
"Eleutherodactylus iberia Estrada & Hedges, 1996","Eleutherodactylus","iberia",-74.777055,20.515169,"50c9509d-22c7-4a22-a47d-8c48425ef4a7"
"Eleutherodactylus atkinsi Dunn, 1925","Eleutherodactylus","atkinsi",-75.41749,20.17872,"832b8188-f762-11e1-a439-00145eb45e9a"
"Eleutherodactylus patriciae Schwartz, 1965","Eleutherodactylus","patriciae",-70.599726,18.69939,"832b8188-f762-11e1-a439-00145eb45e9a"
"Eleutherodactylus dimidiatus (Cope, 1862)","Eleutherodactylus","dimidiatus",-74.568907,20.344973,"832b8188-f762-11e1-a439-00145eb45e9a"
"Eleutherodactylus planirostris (Cope, 1862)","Eleutherodactylus","planirostris",-77.33654,25.04517,"832b8188-f762-11e1-a439-00145eb45e9a"
"Eleutherodactylus rogersi Goin, 1955","Eleutherodactylus","rogersi",-75.12772,23.3528,"832b8188-f762-11e1-a439-00145eb45e9a"
"Eleutherodactylus orientalis (Barbour & Shreve, 1937)","Eleutherodactylus","orientalis",-74.56058,20.34244,"832b8188-f762-11e1-a439-00145eb45e9a"
"Eleutherodactylus coqui Thomas, 1966","Eleutherodactylus","coqui",-66.516666,18.066667,"832b8188-f762-11e1-a439-00145eb45e9a"
"Eleutherodactylus planirostris (Cope, 1862)","Eleutherodactylus","planirostris",-78.774259,26.517532,"832b8188-f762-11e1-a439-00145eb45e9a"
"Eleutherodactylus planirostris (Cope, 1862)","Eleutherodactylus","planirostris",-77.399998,25.033472,"832b8188-f762-11e1-a439-00145eb45e9a"
"Eleutherodactylus planirostris (Cope, 1862)","Eleutherodactylus","planirostris",-78.838709,26.564429,"832b8188-f762-11e1-a439-00145eb45e9a"
"Eleutherodactylus planirostris (Cope, 1862)","Eleutherodactylus","planirostris",-78.923425,26.646829,"832b8188-f762-11e1-a439-00145eb45e9a"
"Eleutherodactylus limbatus (Cope, 1862)","Eleutherodactylus","limbatus",-80.4667,22.4667,"832b8188-f762-11e1-a439-00145eb45e9a"
"Eleutherodactylus auriculatus (Cope, 1862)","Eleutherodactylus","auriculatus",-80.4667,22.4667,"832b8188-f762-11e1-a439-00145eb45e9a"
"Eleutherodactylus cuneatus (Cope, 1862)","Eleutherodactylus","cuneatus",-80.4667,22.4667,"832b8188-f762-11e1-a439-00145eb45e9a"
"Eleutherodactylus martinicensis (Tschudi, 1838)","Eleutherodactylus","martinicensis",-61.774904,17.65929,"832b8188-f762-11e1-a439-00145eb45e9a"
"Eleutherodactylus planirostris (Cope, 1862)","Eleutherodactylus","planirostris",-78.93673,26.65519,"832b8188-f762-11e1-a439-00145eb45e9a"
"Eleutherodactylus ruthae Noble, 1923","Eleutherodactylus","ruthae",-69.3167,19.2333,"821cc27a-e3bb-4bc5-ac34-89ada245069d"
"Eleutherodactylus planirostris (Cope, 1862)","Eleutherodactylus","planirostris",-74.5,20.35,"821cc27a-e3bb-4bc5-ac34-89ada245069d"
"Eleutherodactylus cochranae Grant, 1932","Eleutherodactylus","cochranae",-65.5519,18.095,"821cc27a-e3bb-4bc5-ac34-89ada245069d"
"Eleutherodactylus varleyi Dunn, 1925","Eleutherodactylus","varleyi",-75.7186,20.9625,"821cc27a-e3bb-4bc5-ac34-89ada245069d"
"Eleutherodactylus oxyrhyncus (Duméril & Bibron, 1841)","Eleutherodactylus","oxyrhyncus",-74.1,18.4986,"821cc27a-e3bb-4bc5-ac34-89ada245069d"
"Eleutherodactylus cochranae Grant, 1932","Eleutherodactylus","cochranae",-65.4161,18.1094,"821cc27a-e3bb-4bc5-ac34-89ada245069d"
"Eleutherodactylus heminota Shreve & Williams, 1963","Eleutherodactylus","heminota",-72.2892,18.3069,"821cc27a-e3bb-4bc5-ac34-89ada245069d"
"Eleutherodactylus furcyensis Shreve & Williams, 1963","Eleutherodactylus","furcyensis",-72.2872655,18.4118174,"821cc27a-e3bb-4bc5-ac34-89ada245069d"
"Eleutherodactylus johnstonei Barbour, 1914","Eleutherodactylus","johnstonei",-61.78,17.6611,"821cc27a-e3bb-4bc5-ac34-89ada245069d"
"Eleutherodactylus jamaicensis Barbour, 1910","Eleutherodactylus","jamaicensis",-77.1178,18.2072,"821cc27a-e3bb-4bc5-ac34-89ada245069d"
"Eleutherodactylus patriciae Schwartz, 1965","Eleutherodactylus","patriciae",-70.6326,18.7517,"821cc27a-e3bb-4bc5-ac34-89ada245069d"
"Eleutherodactylus paulsoni Schwartz, 1964","Eleutherodactylus","paulsoni",-73.7811999,18.4957122,"821cc27a-e3bb-4bc5-ac34-89ada245069d"
"Eleutherodactylus atkinsi Dunn, 1925","Eleutherodactylus","estradai",-76.8333,19.9833,"821cc27a-e3bb-4bc5-ac34-89ada245069d"
"Eleutherodactylus cuneatus (Cope, 1862)","Eleutherodactylus","cuneatus",-75.9469,20.0489,"821cc27a-e3bb-4bc5-ac34-89ada245069d"
"Eleutherodactylus grahami Schwartz, 1979","Eleutherodactylus","grahami",-72.7778,19.4717,"821cc27a-e3bb-4bc5-ac34-89ada245069d"
"Eleutherodactylus goini Schwartz, 1960","Eleutherodactylus","goini",-83.7272,22.6164,"821cc27a-e3bb-4bc5-ac34-89ada245069d"
"Eleutherodactylus bakeri Cochran, 1935","Eleutherodactylus","bakeri",-74.0333,18.4,"821cc27a-e3bb-4bc5-ac34-89ada245069d"
"Eleutherodactylus cundalli Dunn, 1926","Eleutherodactylus","cundalli",-77.6475,18.3509,"821cc27a-e3bb-4bc5-ac34-89ada245069d"
"Eleutherodactylus montanus Schmidt, 1919","Eleutherodactylus","montanus",-70.6869293,18.8284981,"821cc27a-e3bb-4bc5-ac34-89ada245069d"
"Eleutherodactylus schmidti Noble, 1923","Eleutherodactylus","schmidti",-70.4947251,19.0342882,"821cc27a-e3bb-4bc5-ac34-89ada245069d"
"Eleutherodactylus schmidti Noble, 1923","Eleutherodactylus","schmidti",-70.4750246,19.0270886,"821cc27a-e3bb-4bc5-ac34-89ada245069d"
"Eleutherodactylus pictissimus Cochran, 1935","Eleutherodactylus","pictissimus",-70.465524,18.3643208,"821cc27a-e3bb-4bc5-ac34-89ada245069d"
"Eleutherodactylus locustus Schmidt, 1920","Eleutherodactylus","locustus",-65.7948,18.3078,"821cc27a-e3bb-4bc5-ac34-89ada245069d"
"Eleutherodactylus cundalli Dunn, 1926","Eleutherodactylus","cundalli",-77.0961,18.2169,"821cc27a-e3bb-4bc5-ac34-89ada245069d"
"Eleutherodactylus apostates Schwartz, 1973","Eleutherodactylus","apostates",-74.0844069,18.4207155,"821cc27a-e3bb-4bc5-ac34-89ada245069d"
"Eleutherodactylus atkinsi Dunn, 1925","Eleutherodactylus","atkinsi",-75.105932,19.9128435,"821cc27a-e3bb-4bc5-ac34-89ada245069d"
"Eleutherodactylus nubicola Dunn, 1926","Eleutherodactylus","nubicola",-76.7172,18.0881,"821cc27a-e3bb-4bc5-ac34-89ada245069d"
"Eleutherodactylus weinlandi Barbour, 1914","Eleutherodactylus","weinlandi",-69.3167,19.2333,"821cc27a-e3bb-4bc5-ac34-89ada245069d"
"Eleutherodactylus heminota Shreve & Williams, 1963","Eleutherodactylus","heminota",-71.7563533,18.2326265,"821cc27a-e3bb-4bc5-ac34-89ada245069d"
"Eleutherodactylus atkinsi Dunn, 1925","Eleutherodactylus","estradai",-74.5733,20.3525,"821cc27a-e3bb-4bc5-ac34-89ada245069d"
"Eleutherodactylus leoncei Shreve & Williams, 1963","Eleutherodactylus","leoncei",-71.9333,18.3167,"821cc27a-e3bb-4bc5-ac34-89ada245069d"
"Eleutherodactylus auriculatoides Noble, 1923","Eleutherodactylus","auriculatoides",-70.4872249,19.0306884,"821cc27a-e3bb-4bc5-ac34-89ada245069d"
"Eleutherodactylus coqui Thomas, 1966","Eleutherodactylus","coqui",-66.1033,18.2589,"821cc27a-e3bb-4bc5-ac34-89ada245069d"
"Eleutherodactylus montanus Schmidt, 1919","Eleutherodactylus","montanus",-70.4961,18.7278,"821cc27a-e3bb-4bc5-ac34-89ada245069d"
"Eleutherodactylus eunaster Schwartz, 1973","Eleutherodactylus","eunaster",-74.1,18.4986,"821cc27a-e3bb-4bc5-ac34-89ada245069d"
"Eleutherodactylus amadeus Hedges, Thomas & Franz, 1987","Eleutherodactylus","amadeus",-74.03,18.37,"821cc27a-e3bb-4bc5-ac34-89ada245069d"
"Eleutherodactylus paralius Schwartz, 1976","Eleutherodactylus","weinlandi",-69.85,18.5,"821cc27a-e3bb-4bc5-ac34-89ada245069d"
"Eleutherodactylus thomasi Schwartz, 1959","Eleutherodactylus","thomasi",-80.1558,21.9333,"821cc27a-e3bb-4bc5-ac34-89ada245069d"
"Eleutherodactylus parapelates Hedges & Thomas, 1987","Eleutherodactylus","parapelates",-74.0967072,18.4469143,"821cc27a-e3bb-4bc5-ac34-89ada245069d"
"Eleutherodactylus eneidae Rivero, 1959","Eleutherodactylus","eneidae",-66.6223,18.1639,"821cc27a-e3bb-4bc5-ac34-89ada245069d"
"Eleutherodactylus schmidti Noble, 1923","Eleutherodactylus","schmidti",-70.6097,18.7167,"821cc27a-e3bb-4bc5-ac34-89ada245069d"
"Eleutherodactylus montanus Schmidt, 1919","Eleutherodactylus","montanus",-71.4797476,19.2073794,"821cc27a-e3bb-4bc5-ac34-89ada245069d"
"Eleutherodactylus audanti Cochran, 1934","Eleutherodactylus","audanti",-71.7747,18.6936,"821cc27a-e3bb-4bc5-ac34-89ada245069d"
"Eleutherodactylus heminota Shreve & Williams, 1963","Eleutherodactylus","heminota",-72.2872655,18.4118174,"821cc27a-e3bb-4bc5-ac34-89ada245069d"
"Eleutherodactylus montanus Schmidt, 1919","Eleutherodactylus","montanus",-70.7005296,18.8395976,"821cc27a-e3bb-4bc5-ac34-89ada245069d"
"Eleutherodactylus lamprotes Schwartz, 1973","Eleutherodactylus","lamprotes",-74.1,18.4986,"821cc27a-e3bb-4bc5-ac34-89ada245069d"
"Eleutherodactylus jugans Cochran, 1937","Eleutherodactylus","jugans",-71.98,18.37,"821cc27a-e3bb-4bc5-ac34-89ada245069d"
"Eleutherodactylus audanti Cochran, 1934","Eleutherodactylus","audanti",-71.7530532,18.2446259,"821cc27a-e3bb-4bc5-ac34-89ada245069d"
"Eleutherodactylus leoncei Shreve & Williams, 1963","Eleutherodactylus","leoncei",-71.744453,18.2596252,"821cc27a-e3bb-4bc5-ac34-89ada245069d"
"Eleutherodactylus audanti Cochran, 1934","Eleutherodactylus","audanti",-74.0844069,18.4207155,"821cc27a-e3bb-4bc5-ac34-89ada245069d"
"Eleutherodactylus abbotti Cochran, 1923","Eleutherodactylus","abbotti",-71.4797476,19.2073794,"821cc27a-e3bb-4bc5-ac34-89ada245069d"
"Eleutherodactylus etheridgei Schwartz, 1958","Eleutherodactylus","etheridgei",-75.1263324,19.9038439,"821cc27a-e3bb-4bc5-ac34-89ada245069d"
"Eleutherodactylus glandulifer Cochran, 1935","Eleutherodactylus","glandulifer",-74.0815068,18.4162158,"821cc27a-e3bb-4bc5-ac34-89ada245069d"
"Eleutherodactylus audanti Cochran, 1934","Eleutherodactylus","audanti",-71.7883,18.6783,"821cc27a-e3bb-4bc5-ac34-89ada245069d"
"Eleutherodactylus inoptatus (Barbour, 1914)","Eleutherodactylus","inoptatus",-69.4167,19.25,"821cc27a-e3bb-4bc5-ac34-89ada245069d"
"Eleutherodactylus auriculatoides Noble, 1923","Eleutherodactylus","auriculatoides",-72.2872655,18.4118174,"821cc27a-e3bb-4bc5-ac34-89ada245069d"
"Eleutherodactylus parabates Schwartz, 1964","Eleutherodactylus","parabates",-71.7731,18.6742,"821cc27a-e3bb-4bc5-ac34-89ada245069d"
"Eleutherodactylus patriciae Schwartz, 1965","Eleutherodactylus","patriciae",-70.6005273,18.7182035,"821cc27a-e3bb-4bc5-ac34-89ada245069d"
"Eleutherodactylus coqui Thomas, 1966","Eleutherodactylus","coqui",-66.6365,18.1639,"821cc27a-e3bb-4bc5-ac34-89ada245069d"
"Eleutherodactylus probolaeus Schwartz, 1965","Eleutherodactylus","probolaeus",-68.6168824,18.3882205,"821cc27a-e3bb-4bc5-ac34-89ada245069d"
"Eleutherodactylus coqui Thomas, 1966","Eleutherodactylus","coqui",-65.781,18.298,"821cc27a-e3bb-4bc5-ac34-89ada245069d"
"Eleutherodactylus weinlandi Barbour, 1914","Eleutherodactylus","weinlandi",-69.5705041,19.0525877,"821cc27a-e3bb-4bc5-ac34-89ada245069d"
"Eleutherodactylus oxyrhyncus (Duméril & Bibron, 1841)","Eleutherodactylus","oxyrhyncus",-72.2892,18.3069,"821cc27a-e3bb-4bc5-ac34-89ada245069d"
"Eleutherodactylus gundlachi Schmidt, 1920","Eleutherodactylus","gundlachi",-76.8333,19.9833,"821cc27a-e3bb-4bc5-ac34-89ada245069d"
"Eleutherodactylus planirostris (Cope, 1862)","Eleutherodactylus","planirostris",-77.925,18.4917,"821cc27a-e3bb-4bc5-ac34-89ada245069d"
"Eleutherodactylus planirostris (Cope, 1862)","Eleutherodactylus","planirostris",-82.1667,23.1319,"821cc27a-e3bb-4bc5-ac34-89ada245069d"
"Eleutherodactylus corona Hedges & Thomas, 1992","Eleutherodactylus","corona",-73.88,18.27,"821cc27a-e3bb-4bc5-ac34-89ada245069d"
"Eleutherodactylus armstrongi Noble & Hassler, 1933","Eleutherodactylus","armstrongi",-71.2286412,18.1101328,"821cc27a-e3bb-4bc5-ac34-89ada245069d"
"Eleutherodactylus weinlandi Barbour, 1914","Eleutherodactylus","weinlandi",-69.996,19.3771,"821cc27a-e3bb-4bc5-ac34-89ada245069d"
"Eleutherodactylus minutus Noble, 1923","Eleutherodactylus","minutus",-70.4750246,19.0270886,"821cc27a-e3bb-4bc5-ac34-89ada245069d"
"Eleutherodactylus inoptatus (Barbour, 1914)","Eleutherodactylus","inoptatus",-72.2872655,18.4118174,"821cc27a-e3bb-4bc5-ac34-89ada245069d"
"Eleutherodactylus inoptatus (Barbour, 1914)","Eleutherodactylus","inoptatus",-71.2552418,18.1176325,"821cc27a-e3bb-4bc5-ac34-89ada245069d"
"Eleutherodactylus cuneatus (Cope, 1862)","Eleutherodactylus","cuneatus",-76.8333,19.9833,"821cc27a-e3bb-4bc5-ac34-89ada245069d"
"Eleutherodactylus glaphycompus Schwartz, 1973","Eleutherodactylus","glaphycompus",-74.1178077,18.4546139,"821cc27a-e3bb-4bc5-ac34-89ada245069d"
"Eleutherodactylus haitianus Barbour, 1942","Eleutherodactylus","haitianus",-70.6005273,18.7182035,"821cc27a-e3bb-4bc5-ac34-89ada245069d"
"Eleutherodactylus pituinus Schwartz, 1965","Eleutherodactylus","pituinus",-70.6097,18.7167,"821cc27a-e3bb-4bc5-ac34-89ada245069d"
"Eleutherodactylus amadeus Hedges, Thomas & Franz, 1987","Eleutherodactylus","amadeus",-74.0462059,18.3631184,"821cc27a-e3bb-4bc5-ac34-89ada245069d"
"Eleutherodactylus auriculatus (Cope, 1862)","Eleutherodactylus","auriculatus",-76.8333,19.9833,"821cc27a-e3bb-4bc5-ac34-89ada245069d"
"Eleutherodactylus varleyi Dunn, 1925","Eleutherodactylus","varleyi",-83.0167,22.8,"821cc27a-e3bb-4bc5-ac34-89ada245069d"
"Eleutherodactylus probolaeus Schwartz, 1965","Eleutherodactylus","probolaeus",-68.6171824,18.3890205,"821cc27a-e3bb-4bc5-ac34-89ada245069d"
"Eleutherodactylus bakeri Cochran, 1935","Eleutherodactylus","bakeri",-74.0815068,18.4162158,"821cc27a-e3bb-4bc5-ac34-89ada245069d"
"Eleutherodactylus flavescens Noble, 1923","Eleutherodactylus","flavescens",-69.3167,19.2333,"821cc27a-e3bb-4bc5-ac34-89ada245069d"
"Eleutherodactylus inoptatus (Barbour, 1914)","Eleutherodactylus","inoptatus",-71.7530532,18.2446259,"821cc27a-e3bb-4bc5-ac34-89ada245069d"
"Eleutherodactylus wightmanae Schmidt, 1920","Eleutherodactylus","wightmanae",-65.7948,18.3078,"821cc27a-e3bb-4bc5-ac34-89ada245069d"
"Eleutherodactylus armstrongi Noble & Hassler, 1933","Eleutherodactylus","armstrongi",-72.2892,18.3069,"821cc27a-e3bb-4bc5-ac34-89ada245069d"
"Eleutherodactylus antillensis (Reinhardt & Lütken, 1863)","Eleutherodactylus","antillensis",-65.3867,18.1131,"821cc27a-e3bb-4bc5-ac34-89ada245069d"
"Eleutherodactylus armstrongi Noble & Hassler, 1933","Eleutherodactylus","armstrongi",-72.2872655,18.4118174,"821cc27a-e3bb-4bc5-ac34-89ada245069d"
"Eleutherodactylus limbatus (Cope, 1862)","Eleutherodactylus","limbatus",-82.1204,23.0242,"821cc27a-e3bb-4bc5-ac34-89ada245069d"
"Eleutherodactylus inoptatus (Barbour, 1914)","Eleutherodactylus","inoptatus",-71.7558533,18.2315265,"821cc27a-e3bb-4bc5-ac34-89ada245069d"
"Eleutherodactylus audanti Cochran, 1934","Eleutherodactylus","audanti",-71.98,18.37,"821cc27a-e3bb-4bc5-ac34-89ada245069d"
"Eleutherodactylus glandulifer Cochran, 1935","Eleutherodactylus","glandulifer",-74.0938071,18.4135159,"821cc27a-e3bb-4bc5-ac34-89ada245069d"
"Eleutherodactylus diplasius Schwartz, 1973","Eleutherodactylus","wetmorei",-74.0976072,18.4379147,"821cc27a-e3bb-4bc5-ac34-89ada245069d"
"Eleutherodactylus dimidiatus (Cope, 1862)","Eleutherodactylus","dimidiatus",-75,20.3167,"821cc27a-e3bb-4bc5-ac34-89ada245069d"
"Eleutherodactylus audanti Cochran, 1934","Eleutherodactylus","audanti",-71.1667,18.1333,"821cc27a-e3bb-4bc5-ac34-89ada245069d"
"Eleutherodactylus wetmorei Cochran, 1932","Eleutherodactylus","wetmorei",-71.7558533,18.2315265,"821cc27a-e3bb-4bc5-ac34-89ada245069d"
"Eleutherodactylus melacara Hedges, Estrada & Thomas, 1992","Eleutherodactylus","melacara",-76.8333,19.9833,"821cc27a-e3bb-4bc5-ac34-89ada245069d"
"Eleutherodactylus brevirostris Shreve, 1936","Eleutherodactylus","brevirostris",-74.0106,18.3497,"821cc27a-e3bb-4bc5-ac34-89ada245069d"
"Eleutherodactylus caribe Hedges & Thomas, 1992","Eleutherodactylus","caribe",-74.4070144,18.5426094,"821cc27a-e3bb-4bc5-ac34-89ada245069d"
"Eleutherodactylus diplasius Schwartz, 1973","Eleutherodactylus","wetmorei",-74.257811,18.5613086,"821cc27a-e3bb-4bc5-ac34-89ada245069d"
"Eleutherodactylus montanus Schmidt, 1919","Eleutherodactylus","montanus",-70.6966296,18.8442973,"821cc27a-e3bb-4bc5-ac34-89ada245069d"
"Eleutherodactylus pictissimus Cochran, 1935","Eleutherodactylus","pictissimus",-71.9994591,18.5340116,"821cc27a-e3bb-4bc5-ac34-89ada245069d"
"Eleutherodactylus rhodesi Schwartz, 1980","Eleutherodactylus","rhodesi",-72.8167,19.8924,"821cc27a-e3bb-4bc5-ac34-89ada245069d"
"Eleutherodactylus patriciae Schwartz, 1965","Eleutherodactylus","patriciae",-70.5975272,18.7063041,"821cc27a-e3bb-4bc5-ac34-89ada245069d"
"Eleutherodactylus inoptatus (Barbour, 1914)","Eleutherodactylus","inoptatus",-73.9845044,18.2799225,"821cc27a-e3bb-4bc5-ac34-89ada245069d"
"Eleutherodactylus apostates Schwartz, 1973","Eleutherodactylus","apostates",-74.0834068,18.411716,"821cc27a-e3bb-4bc5-ac34-89ada245069d"
"Eleutherodactylus apostates Schwartz, 1973","Eleutherodactylus","apostates",-74.1,18.4986,"821cc27a-e3bb-4bc5-ac34-89ada245069d"
"Eleutherodactylus wightmanae Schmidt, 1920","Eleutherodactylus","wightmanae",-65.781,18.298,"821cc27a-e3bb-4bc5-ac34-89ada245069d"
"Eleutherodactylus schmidti Noble, 1923","Eleutherodactylus","schmidti",-70.75,19.5833,"821cc27a-e3bb-4bc5-ac34-89ada245069d"
"Eleutherodactylus wetmorei Cochran, 1932","Eleutherodactylus","wetmorei",-71.7563533,18.2326265,"821cc27a-e3bb-4bc5-ac34-89ada245069d"
"Eleutherodactylus weinlandi Barbour, 1914","Eleutherodactylus","weinlandi",-68.5118802,18.7588024,"821cc27a-e3bb-4bc5-ac34-89ada245069d"
"Eleutherodactylus planirostris (Cope, 1862)","Eleutherodactylus","planirostris",-80.55,22.3333,"821cc27a-e3bb-4bc5-ac34-89ada245069d"
"Eleutherodactylus schmidti Noble, 1923","Eleutherodactylus","schmidti",-71.4797476,19.2073794,"821cc27a-e3bb-4bc5-ac34-89ada245069d"
"Eleutherodactylus gossei Dunn, 1926","Eleutherodactylus","gossei",-76.6717,18.0753,"821cc27a-e3bb-4bc5-ac34-89ada245069d"
"Eleutherodactylus audanti Cochran, 1934","Eleutherodactylus","audanti",-72.2833,18.35,"821cc27a-e3bb-4bc5-ac34-89ada245069d"
"Eleutherodactylus johnstonei Barbour, 1914","Eleutherodactylus","johnstonei",-61.775,17.6592,"821cc27a-e3bb-4bc5-ac34-89ada245069d"
"Eleutherodactylus planirostris (Cope, 1862)","Eleutherodactylus","planirostris",-80.4667,22.4667,"821cc27a-e3bb-4bc5-ac34-89ada245069d"
"Eleutherodactylus abbotti Cochran, 1923","Eleutherodactylus","abbotti",-69.5983048,19.2428785,"821cc27a-e3bb-4bc5-ac34-89ada245069d"
"Eleutherodactylus inoptatus (Barbour, 1914)","Eleutherodactylus","inoptatus",-70.4511241,19.0220888,"821cc27a-e3bb-4bc5-ac34-89ada245069d"
"Eleutherodactylus armstrongi Noble & Hassler, 1933","Eleutherodactylus","armstrongi",-72.2786,18.3033,"821cc27a-e3bb-4bc5-ac34-89ada245069d"
"Eleutherodactylus guantanamera Hedges, Estrada & Thomas, 1992","Eleutherodactylus","guantanamera",-75.2311,20.348,"821cc27a-e3bb-4bc5-ac34-89ada245069d"
"Eleutherodactylus jaumei Estrada & Alonso, 1997","Eleutherodactylus","jaumei",-76.4333,19.9667,"821cc27a-e3bb-4bc5-ac34-89ada245069d"
"Eleutherodactylus montanus Schmidt, 1919","Eleutherodactylus","montanus",-70.6005273,18.7182035,"821cc27a-e3bb-4bc5-ac34-89ada245069d"
"Eleutherodactylus weinlandi Barbour, 1914","Eleutherodactylus","weinlandi",-72.3338667,18.5390112,"821cc27a-e3bb-4bc5-ac34-89ada245069d"
"Eleutherodactylus antillensis (Reinhardt & Lütken, 1863)","Eleutherodactylus","antillensis",-65.5519,18.095,"821cc27a-e3bb-4bc5-ac34-89ada245069d"
"Eleutherodactylus audanti Cochran, 1934","Eleutherodactylus","audanti",-72.2667,18.35,"821cc27a-e3bb-4bc5-ac34-89ada245069d"
"Eleutherodactylus glaphycompus Schwartz, 1973","Eleutherodactylus","glaphycompus",-74.0815068,18.4162158,"821cc27a-e3bb-4bc5-ac34-89ada245069d"
"Eleutherodactylus abbotti Cochran, 1923","Eleutherodactylus","abbotti",-71.7703,18.7069,"821cc27a-e3bb-4bc5-ac34-89ada245069d"
"Eleutherodactylus pictissimus Cochran, 1935","Eleutherodactylus","pictissimus",-73.8892023,18.4104162,"821cc27a-e3bb-4bc5-ac34-89ada245069d"
"Eleutherodactylus grabhami Dunn, 1926","Eleutherodactylus","grabhami",-77.5072,18.0417,"821cc27a-e3bb-4bc5-ac34-89ada245069d"
"Eleutherodactylus abbotti Cochran, 1923","Eleutherodactylus","abbotti",-69.3167,19.2333,"821cc27a-e3bb-4bc5-ac34-89ada245069d"
"Eleutherodactylus adelus Díaz, Cádiz & Hedges, 2003","Eleutherodactylus","adelus",-83.9039,22.4492,"821cc27a-e3bb-4bc5-ac34-89ada245069d"
"Eleutherodactylus weinlandi Barbour, 1914","Eleutherodactylus","weinlandi",-69.207496,19.2384788,"821cc27a-e3bb-4bc5-ac34-89ada245069d"
"Eleutherodactylus flavescens Noble, 1923","Eleutherodactylus","flavescens",-69.6016049,19.2362788,"821cc27a-e3bb-4bc5-ac34-89ada245069d"
"Eleutherodactylus glandulifer Cochran, 1935","Eleutherodactylus","glandulifer",-74.0844069,18.4207155,"821cc27a-e3bb-4bc5-ac34-89ada245069d"
"Eleutherodactylus heminota Shreve & Williams, 1963","Eleutherodactylus","heminota",-74.1,18.4986,"821cc27a-e3bb-4bc5-ac34-89ada245069d"
"Eleutherodactylus abbotti Cochran, 1923","Eleutherodactylus","abbotti",-71.1683,18.1431,"821cc27a-e3bb-4bc5-ac34-89ada245069d"
"Eleutherodactylus abbotti Cochran, 1923","Eleutherodactylus","abbotti",-69.4167,18.8,"821cc27a-e3bb-4bc5-ac34-89ada245069d"
"Eleutherodactylus schmidti Noble, 1923","Eleutherodactylus","schmidti",-70.4450239,19.018989,"821cc27a-e3bb-4bc5-ac34-89ada245069d"
"Eleutherodactylus audanti Cochran, 1934","Eleutherodactylus","audanti",-72.4003,18.8897,"821cc27a-e3bb-4bc5-ac34-89ada245069d"
"Eleutherodactylus armstrongi Noble & Hassler, 1933","Eleutherodactylus","armstrongi",-71.2011405,18.0335366,"821cc27a-e3bb-4bc5-ac34-89ada245069d"
"Eleutherodactylus richmondi Stejneger, 1904","Eleutherodactylus","richmondi",-65.781,18.298,"821cc27a-e3bb-4bc5-ac34-89ada245069d"
"Eleutherodactylus jamaicensis Barbour, 1910","Eleutherodactylus","jamaicensis",-77.6478,18.3594,"821cc27a-e3bb-4bc5-ac34-89ada245069d"
"Eleutherodactylus parabates Schwartz, 1964","Eleutherodactylus","parabates",-71.7883,18.6783,"821cc27a-e3bb-4bc5-ac34-89ada245069d"
"Eleutherodactylus abbotti Cochran, 1923","Eleutherodactylus","abbotti",-70.5897273,19.1848809,"821cc27a-e3bb-4bc5-ac34-89ada245069d"
"Eleutherodactylus audanti Cochran, 1934","Eleutherodactylus","audanti",-71.2286412,18.1101328,"821cc27a-e3bb-4bc5-ac34-89ada245069d"
"Eleutherodactylus planirostris (Cope, 1862)","Eleutherodactylus","planirostris",-77.0411,19.9169,"821cc27a-e3bb-4bc5-ac34-89ada245069d"
"Eleutherodactylus abbotti Cochran, 1923","Eleutherodactylus","abbotti",-70.4750246,19.0270886,"821cc27a-e3bb-4bc5-ac34-89ada245069d"
"Eleutherodactylus planirostris (Cope, 1862)","Eleutherodactylus","planirostris",-81.3903,19.275,"821cc27a-e3bb-4bc5-ac34-89ada245069d"
"Eleutherodactylus glandulifer Cochran, 1935","Eleutherodactylus","glandulifer",-74.0834068,18.411716,"821cc27a-e3bb-4bc5-ac34-89ada245069d"
"Eleutherodactylus abbotti Cochran, 1923","Eleutherodactylus","abbotti",-69.5936047,19.2509781,"821cc27a-e3bb-4bc5-ac34-89ada245069d"
"Eleutherodactylus coqui Thomas, 1966","Eleutherodactylus","coqui",-65.7777,18.3067,"821cc27a-e3bb-4bc5-ac34-89ada245069d"
"Eleutherodactylus brittoni Schmidt, 1920","Eleutherodactylus","brittoni",-65.9106,18.2753,"821cc27a-e3bb-4bc5-ac34-89ada245069d"
"Eleutherodactylus brevirostris Shreve, 1936","Eleutherodactylus","brevirostris",-74.0815068,18.4162158,"821cc27a-e3bb-4bc5-ac34-89ada245069d"
"Eleutherodactylus atkinsi Dunn, 1925","Eleutherodactylus","atkinsi",-75.1257324,19.9274428,"821cc27a-e3bb-4bc5-ac34-89ada245069d"
"Eleutherodactylus amadeus Hedges, Thomas & Franz, 1987","Eleutherodactylus","amadeus",-74.0106,18.3497,"821cc27a-e3bb-4bc5-ac34-89ada245069d"
"Eleutherodactylus cuneatus (Cope, 1862)","Eleutherodactylus","cuneatus",-75.7939,20.1064,"821cc27a-e3bb-4bc5-ac34-89ada245069d"
"Eleutherodactylus auriculatus (Cope, 1862)","Eleutherodactylus","auriculatus",-80.2251,21.9136,"821cc27a-e3bb-4bc5-ac34-89ada245069d"
"Eleutherodactylus dimidiatus (Cope, 1862)","Eleutherodactylus","dimidiatus",-76.8333,19.9833,"821cc27a-e3bb-4bc5-ac34-89ada245069d"
"Eleutherodactylus glaphycompus Schwartz, 1973","Eleutherodactylus","glaphycompus",-74.1,18.52,"821cc27a-e3bb-4bc5-ac34-89ada245069d"
"Eleutherodactylus weinlandi Barbour, 1914","Eleutherodactylus","weinlandi",-69.475202,19.0612873,"821cc27a-e3bb-4bc5-ac34-89ada245069d"
"Eleutherodactylus tonyi Estrada & Hedges, 1997","Eleutherodactylus","tonyi",-77.7333,19.85,"821cc27a-e3bb-4bc5-ac34-89ada245069d"
"Eleutherodactylus abbotti Cochran, 1923","Eleutherodactylus","abbotti",-71.7883,18.6783,"821cc27a-e3bb-4bc5-ac34-89ada245069d"
"Eleutherodactylus gossei Dunn, 1926","Eleutherodactylus","gossei",-76.4833,18.1,"821cc27a-e3bb-4bc5-ac34-89ada245069d"
"Eleutherodactylus pantoni Dunn, 1926","Eleutherodactylus","pantoni",-77.7042,18.25,"821cc27a-e3bb-4bc5-ac34-89ada245069d"
"Eleutherodactylus coqui Thomas, 1966","Eleutherodactylus","coqui",-65.9106,18.2753,"821cc27a-e3bb-4bc5-ac34-89ada245069d"
"Eleutherodactylus pituinus Schwartz, 1965","Eleutherodactylus","pituinus",-70.4961,18.7278,"821cc27a-e3bb-4bc5-ac34-89ada245069d"
"Eleutherodactylus planirostris (Cope, 1862)","Eleutherodactylus","planirostris",-82.3667,23.1333,"821cc27a-e3bb-4bc5-ac34-89ada245069d"
"Eleutherodactylus atkinsi Dunn, 1925","Eleutherodactylus","atkinsi",-75.1212323,19.9195432,"821cc27a-e3bb-4bc5-ac34-89ada245069d"
"Eleutherodactylus counouspeus Schwartz, 1964","Eleutherodactylus","counouspeus",-73.8892023,18.4104162,"821cc27a-e3bb-4bc5-ac34-89ada245069d"
"Eleutherodactylus planirostris (Cope, 1862)","Eleutherodactylus","planirostris",-76.4499,18.1095,"821cc27a-e3bb-4bc5-ac34-89ada245069d"
"Eleutherodactylus planirostris (Cope, 1862)","Eleutherodactylus","planirostris",-81.38,19.32,"821cc27a-e3bb-4bc5-ac34-89ada245069d"
"Eleutherodactylus flavescens Noble, 1923","Eleutherodactylus","flavescens",-69.5980048,19.2431785,"821cc27a-e3bb-4bc5-ac34-89ada245069d"
"Eleutherodactylus johnstonei Barbour, 1914","Eleutherodactylus","johnstonei",-62.5514,17.1111,"821cc27a-e3bb-4bc5-ac34-89ada245069d"
"Eleutherodactylus gossei Dunn, 1926","Eleutherodactylus","gossei",-76.4499,18.1095,"821cc27a-e3bb-4bc5-ac34-89ada245069d"
"Eleutherodactylus weinlandi Barbour, 1914","Eleutherodactylus","weinlandi",-69.5525038,19.2784768,"821cc27a-e3bb-4bc5-ac34-89ada245069d"
"Eleutherodactylus glanduliferoides Shreve, 1936","Eleutherodactylus","glanduliferoides",-72.3036659,18.3818188,"821cc27a-e3bb-4bc5-ac34-89ada245069d"
"Eleutherodactylus haitianus Barbour, 1942","Eleutherodactylus","haitianus",-70.7491308,18.8603965,"821cc27a-e3bb-4bc5-ac34-89ada245069d"
"Eleutherodactylus montanus Schmidt, 1919","Eleutherodactylus","montanus",-70.6902294,18.8584966,"821cc27a-e3bb-4bc5-ac34-89ada245069d"
"Eleutherodactylus inoptatus (Barbour, 1914)","Eleutherodactylus","inoptatus",-70.1499173,19.1210842,"821cc27a-e3bb-4bc5-ac34-89ada245069d"
"Eleutherodactylus abbotti Cochran, 1923","Eleutherodactylus","abbotti",-71.7530532,18.2446259,"821cc27a-e3bb-4bc5-ac34-89ada245069d"
"Eleutherodactylus coqui Thomas, 1966","Eleutherodactylus","coqui",-66.7225,18.1647,"821cc27a-e3bb-4bc5-ac34-89ada245069d"
"Eleutherodactylus inoptatus (Barbour, 1914)","Eleutherodactylus","inoptatus",-69.4800021,19.0612873,"821cc27a-e3bb-4bc5-ac34-89ada245069d"
"Eleutherodactylus abbotti Cochran, 1923","Eleutherodactylus","abbotti",-72.400569,19.7037552,"821cc27a-e3bb-4bc5-ac34-89ada245069d"
"Eleutherodactylus inoptatus (Barbour, 1914)","Eleutherodactylus","inoptatus",-71.2011405,18.0335366,"821cc27a-e3bb-4bc5-ac34-89ada245069d"
"Eleutherodactylus gossei Dunn, 1926","Eleutherodactylus","gossei",-77.7042,18.25,"821cc27a-e3bb-4bc5-ac34-89ada245069d"
"Eleutherodactylus glandulifer Cochran, 1935","Eleutherodactylus","glandulifer",-74.0834068,18.4162158,"821cc27a-e3bb-4bc5-ac34-89ada245069d"
"Eleutherodactylus montanus Schmidt, 1919","Eleutherodactylus","montanus",-70.5975272,18.7063041,"821cc27a-e3bb-4bc5-ac34-89ada245069d"
"Eleutherodactylus oxyrhyncus (Duméril & Bibron, 1841)","Eleutherodactylus","oxyrhyncus",-74.1201,18.4975,"821cc27a-e3bb-4bc5-ac34-89ada245069d"
"Eleutherodactylus pinarensis Dunn, 1926","Eleutherodactylus","pinarensis",-82.3667,23.1333,"821cc27a-e3bb-4bc5-ac34-89ada245069d"
"Eleutherodactylus antillensis (Reinhardt & Lütken, 1863)","Eleutherodactylus","antillensis",-65.8914,18.4108,"821cc27a-e3bb-4bc5-ac34-89ada245069d"
"Eleutherodactylus greyi Dunn, 1926","Eleutherodactylus","greyi",-76.75,20,"821cc27a-e3bb-4bc5-ac34-89ada245069d"
"Eleutherodactylus abbotti Cochran, 1923","Eleutherodactylus","abbotti",-74.1528087,18.6446046,"821cc27a-e3bb-4bc5-ac34-89ada245069d"
"Eleutherodactylus ruthae Noble, 1923","Eleutherodactylus","ruthae",-73.9845044,18.2799225,"821cc27a-e3bb-4bc5-ac34-89ada245069d"
"Eleutherodactylus ventrilineatus (Shreve, 1936)","Eleutherodactylus","ventrilineatus",-74.03,18.37,"821cc27a-e3bb-4bc5-ac34-89ada245069d"
"Eleutherodactylus jugans Cochran, 1937","Eleutherodactylus","jugans",-72.3219663,18.3443206,"821cc27a-e3bb-4bc5-ac34-89ada245069d"
"Eleutherodactylus weinlandi Barbour, 1914","Eleutherodactylus","weinlandi",-69.5936047,19.2509781,"821cc27a-e3bb-4bc5-ac34-89ada245069d"
"Eleutherodactylus glandulifer Cochran, 1935","Eleutherodactylus","glandulifer",-74.0844069,18.4198156,"821cc27a-e3bb-4bc5-ac34-89ada245069d"
"Eleutherodactylus orientalis (Barbour & Shreve, 1937)","Eleutherodactylus","orientalis",-74.5733,20.3525,"821cc27a-e3bb-4bc5-ac34-89ada245069d"
"Eleutherodactylus cochranae Grant, 1932","Eleutherodactylus","cochranae",-65.3867,18.1131,"821cc27a-e3bb-4bc5-ac34-89ada245069d"
"Eleutherodactylus intermedius Barbour & Shreve, 1937","Eleutherodactylus","intermedius",-76.8333,19.9833,"821cc27a-e3bb-4bc5-ac34-89ada245069d"
"Eleutherodactylus flavescens Noble, 1923","Eleutherodactylus","flavescens",-68.6168824,18.3882205,"821cc27a-e3bb-4bc5-ac34-89ada245069d"
"Eleutherodactylus eileenae Dunn, 1926","Eleutherodactylus","eileenae",-83.0167,22.8,"821cc27a-e3bb-4bc5-ac34-89ada245069d"
"Eleutherodactylus abbotti Cochran, 1923","Eleutherodactylus","abbotti",-74.1,18.4986,"821cc27a-e3bb-4bc5-ac34-89ada245069d"
"Eleutherodactylus toa Estrada & Hedges, 1991","Eleutherodactylus","toa",-74.6308,20.139,"821cc27a-e3bb-4bc5-ac34-89ada245069d"
"Eleutherodactylus gossei Dunn, 1926","Eleutherodactylus","gossei",-77.0961,18.2169,"821cc27a-e3bb-4bc5-ac34-89ada245069d"
"Eleutherodactylus planirostris (Cope, 1862)","Eleutherodactylus","planirostris",-79.7833,22.3833,"821cc27a-e3bb-4bc5-ac34-89ada245069d"
"Eleutherodactylus diplasius Schwartz, 1973","Eleutherodactylus","wetmorei",-74.1,18.4986,"821cc27a-e3bb-4bc5-ac34-89ada245069d"
"Eleutherodactylus hypostenor Schwartz, 1965","Eleutherodactylus","hypostenor",-71.2716422,18.1335317,"821cc27a-e3bb-4bc5-ac34-89ada245069d"
"Eleutherodactylus limbatus (Cope, 1862)","Eleutherodactylus","limbatus",-80.4403,22.1444,"821cc27a-e3bb-4bc5-ac34-89ada245069d"
"Eleutherodactylus coqui Thomas, 1966","Eleutherodactylus","coqui",-65.7777,18.3078,"821cc27a-e3bb-4bc5-ac34-89ada245069d"
"Eleutherodactylus semipalmatus Shreve, 1936","Eleutherodactylus","semipalmatus",-72.2872655,18.4118174,"821cc27a-e3bb-4bc5-ac34-89ada245069d"
"Eleutherodactylus heminota Shreve & Williams, 1963","Eleutherodactylus","heminota",-73.9028027,18.4315152,"821cc27a-e3bb-4bc5-ac34-89ada245069d"
"Eleutherodactylus probolaeus Schwartz, 1965","Eleutherodactylus","probolaeus",-68.6287827,18.3949202,"821cc27a-e3bb-4bc5-ac34-89ada245069d"
"Eleutherodactylus inoptatus (Barbour, 1914)","Eleutherodactylus","inoptatus",-72.3686,19.7364,"821cc27a-e3bb-4bc5-ac34-89ada245069d"
"Eleutherodactylus jamaicensis Barbour, 1910","Eleutherodactylus","jamaicensis",-77.7042,18.25,"821cc27a-e3bb-4bc5-ac34-89ada245069d"
"Eleutherodactylus atkinsi Dunn, 1925","Eleutherodactylus","atkinsi",-76.8154,19.9333,"821cc27a-e3bb-4bc5-ac34-89ada245069d"
"Eleutherodactylus abbotti Cochran, 1923","Eleutherodactylus","abbotti",-71.2486416,18.1135327,"821cc27a-e3bb-4bc5-ac34-89ada245069d"
"Eleutherodactylus auriculatoides Noble, 1923","Eleutherodactylus","auriculatoides",-71.4797476,19.2073794,"821cc27a-e3bb-4bc5-ac34-89ada245069d"
"Eleutherodactylus auriculatoides Noble, 1923","Eleutherodactylus","auriculatoides",-70.4947251,19.0342882,"821cc27a-e3bb-4bc5-ac34-89ada245069d"
"Eleutherodactylus auriculatoides Noble, 1923","Eleutherodactylus","auriculatoides",-70.4777247,19.040088,"821cc27a-e3bb-4bc5-ac34-89ada245069d"
"Eleutherodactylus rufifemoralis Noble & Hassler, 1933","Eleutherodactylus","rufifemoralis",-71.1667,18.1333,"821cc27a-e3bb-4bc5-ac34-89ada245069d"
"Eleutherodactylus emiliae Dunn, 1926","Eleutherodactylus","emiliae",-80.15,21.97,"821cc27a-e3bb-4bc5-ac34-89ada245069d"
"Eleutherodactylus pantoni Dunn, 1926","Eleutherodactylus","pantoni",-77.0961,18.2169,"821cc27a-e3bb-4bc5-ac34-89ada245069d"
"Eleutherodactylus schmidti Noble, 1923","Eleutherodactylus","schmidti",-70.4961,18.7278,"821cc27a-e3bb-4bc5-ac34-89ada245069d"
"Eleutherodactylus riparius Estrada & Hedges, 1998","Eleutherodactylus","riparius",-83.0167,22.8,"821cc27a-e3bb-4bc5-ac34-89ada245069d"
"Eleutherodactylus parabates Schwartz, 1964","Eleutherodactylus","parabates",-71.7747,18.6936,"821cc27a-e3bb-4bc5-ac34-89ada245069d"
"Eleutherodactylus weinlandi Barbour, 1914","Eleutherodactylus","weinlandi",-69.3312988,19.2023806,"821cc27a-e3bb-4bc5-ac34-89ada245069d"
"Eleutherodactylus abbotti Cochran, 1923","Eleutherodactylus","abbotti",-70.5833,19.6,"821cc27a-e3bb-4bc5-ac34-89ada245069d"
"Eleutherodactylus flavescens Noble, 1923","Eleutherodactylus","flavescens",-69.5930047,19.2514781,"821cc27a-e3bb-4bc5-ac34-89ada245069d"
"Eleutherodactylus alcoae Schwartz, 1971","Eleutherodactylus","alcoae",-71.1877401,17.9557405,"821cc27a-e3bb-4bc5-ac34-89ada245069d"
"Eleutherodactylus grabhami Dunn, 1926","Eleutherodactylus","grabhami",-77.7056,18.2533,"821cc27a-e3bb-4bc5-ac34-89ada245069d"
"Eleutherodactylus cuneatus (Cope, 1862)","Eleutherodactylus","cuneatus",-76.75,20,"821cc27a-e3bb-4bc5-ac34-89ada245069d"
"Eleutherodactylus glandulifer Cochran, 1935","Eleutherodactylus","glandulifer",-74.0106,18.3497,"821cc27a-e3bb-4bc5-ac34-89ada245069d"
"Eleutherodactylus gossei Dunn, 1926","Eleutherodactylus","gossei",-77.6478,18.3594,"821cc27a-e3bb-4bc5-ac34-89ada245069d"
"Eleutherodactylus armstrongi Noble & Hassler, 1933","Eleutherodactylus","armstrongi",-71.1683,18.1431,"821cc27a-e3bb-4bc5-ac34-89ada245069d"
"Eleutherodactylus pictissimus Cochran, 1935","Eleutherodactylus","pictissimus",-71.6800516,18.3215222,"821cc27a-e3bb-4bc5-ac34-89ada245069d"
"Eleutherodactylus pantoni Dunn, 1926","Eleutherodactylus","pantoni",-77.7056,18.2533,"821cc27a-e3bb-4bc5-ac34-89ada245069d"
"Eleutherodactylus pantoni Dunn, 1926","Eleutherodactylus","pantoni",-77.7097,18.2625,"821cc27a-e3bb-4bc5-ac34-89ada245069d"
"Eleutherodactylus grabhami Dunn, 1926","Eleutherodactylus","grabhami",-77.7042,18.25,"821cc27a-e3bb-4bc5-ac34-89ada245069d"
"Eleutherodactylus goini Schwartz, 1960","Eleutherodactylus","goini",-83.0167,22.8,"821cc27a-e3bb-4bc5-ac34-89ada245069d"
"Eleutherodactylus flavescens Noble, 1923","Eleutherodactylus","flavescens",-69.4800021,19.0612873,"821cc27a-e3bb-4bc5-ac34-89ada245069d"
"Eleutherodactylus patriciae Schwartz, 1965","Eleutherodactylus","patriciae",-70.4858249,19.1612821,"821cc27a-e3bb-4bc5-ac34-89ada245069d"
"Eleutherodactylus coqui Thomas, 1966","Eleutherodactylus","coqui",-65.7948,18.3078,"821cc27a-e3bb-4bc5-ac34-89ada245069d"
"Eleutherodactylus eunaster Schwartz, 1973","Eleutherodactylus","eunaster",-74.0844069,18.4207155,"821cc27a-e3bb-4bc5-ac34-89ada245069d"
"Eleutherodactylus atkinsi Dunn, 1925","Eleutherodactylus","atkinsi",-82.3667,23.1333,"821cc27a-e3bb-4bc5-ac34-89ada245069d"
"Eleutherodactylus glamyrus Estrada & Hedges, 1997","Eleutherodactylus","glamyrus",-76.8333,19.9833,"821cc27a-e3bb-4bc5-ac34-89ada245069d"
"Eleutherodactylus abbotti Cochran, 1923","Eleutherodactylus","abbotti",-71.7731,18.6742,"821cc27a-e3bb-4bc5-ac34-89ada245069d"
"Eleutherodactylus varians (Gundlach & Peters, 1864)","Eleutherodactylus","varians",-83.0167,22.8,"821cc27a-e3bb-4bc5-ac34-89ada245069d"
"Eleutherodactylus coqui Thomas, 1966","Eleutherodactylus","coqui",-65.7917,18.3125,"821cc27a-e3bb-4bc5-ac34-89ada245069d"
"Eleutherodactylus paulsoni Schwartz, 1964","Eleutherodactylus","paulsoni",-74.4159147,18.5565087,"821cc27a-e3bb-4bc5-ac34-89ada245069d"
"Eleutherodactylus abbotti Cochran, 1923","Eleutherodactylus","abbotti",-71.6206,18.1129,"821cc27a-e3bb-4bc5-ac34-89ada245069d"
"Eleutherodactylus furcyensis Shreve & Williams, 1963","Eleutherodactylus","furcyensis",-72.2892,18.3069,"821cc27a-e3bb-4bc5-ac34-89ada245069d"
"Eleutherodactylus planirostris (Cope, 1862)","Eleutherodactylus","planirostris",-75.7186,20.9625,"821cc27a-e3bb-4bc5-ac34-89ada245069d"
"Eleutherodactylus montanus Schmidt, 1919","Eleutherodactylus","montanus",-70.6097,18.7167,"821cc27a-e3bb-4bc5-ac34-89ada245069d"
"Eleutherodactylus limbatus (Cope, 1862)","Eleutherodactylus","limbatus",-80.4667,22.4667,"821cc27a-e3bb-4bc5-ac34-89ada245069d"
"Eleutherodactylus inoptatus (Barbour, 1914)","Eleutherodactylus","inoptatus",-73.8667017,18.3288202,"821cc27a-e3bb-4bc5-ac34-89ada245069d"
"Eleutherodactylus parabates Schwartz, 1964","Eleutherodactylus","parabates",-71.7794541,18.6926041,"821cc27a-e3bb-4bc5-ac34-89ada245069d"
"Eleutherodactylus riparius Estrada & Hedges, 1998","Eleutherodactylus","riparius",-80.33,22.12,"821cc27a-e3bb-4bc5-ac34-89ada245069d"
"Eleutherodactylus atkinsi Dunn, 1925","Eleutherodactylus","atkinsi",-75.1263324,19.9038439,"821cc27a-e3bb-4bc5-ac34-89ada245069d"
"Eleutherodactylus haitianus Barbour, 1942","Eleutherodactylus","haitianus",-70.7005296,18.8395976,"821cc27a-e3bb-4bc5-ac34-89ada245069d"
"Eleutherodactylus planirostris (Cope, 1862)","Eleutherodactylus","planirostris",-81.3889,19.2764,"821cc27a-e3bb-4bc5-ac34-89ada245069d"
"Eleutherodactylus auriculatus (Cope, 1862)","Eleutherodactylus","auriculatus",-82.1204,23.0242,"821cc27a-e3bb-4bc5-ac34-89ada245069d"
"Eleutherodactylus blairhedgesi Estrada, Díaz & Rodriguez, 1998","Eleutherodactylus","blairhedgesi",-81.9236,23.1539,"821cc27a-e3bb-4bc5-ac34-89ada245069d"
"Eleutherodactylus coqui Thomas, 1966","Eleutherodactylus","coqui",-66.0489,18.2361,"821cc27a-e3bb-4bc5-ac34-89ada245069d"
"Eleutherodactylus inoptatus (Barbour, 1914)","Eleutherodactylus","inoptatus",-71.2497417,18.1138327,"821cc27a-e3bb-4bc5-ac34-89ada245069d"
"Eleutherodactylus weinlandi Barbour, 1914","Eleutherodactylus","weinlandi",-69.5983048,19.2428785,"821cc27a-e3bb-4bc5-ac34-89ada245069d"
"Eleutherodactylus abbotti Cochran, 1923","Eleutherodactylus","abbotti",-69.5525038,19.2784768,"821cc27a-e3bb-4bc5-ac34-89ada245069d"
"Eleutherodactylus cochranae Grant, 1932","Eleutherodactylus","cochranae",-65.7675,18.3529,"821cc27a-e3bb-4bc5-ac34-89ada245069d"
"Eleutherodactylus glaphycompus Schwartz, 1973","Eleutherodactylus","glaphycompus",-74.0104051,18.3489191,"821cc27a-e3bb-4bc5-ac34-89ada245069d"
"Eleutherodactylus paralius Schwartz, 1976","Eleutherodactylus","weinlandi",-69.489102,18.4204186,"821cc27a-e3bb-4bc5-ac34-89ada245069d"
"Eleutherodactylus bakeri Cochran, 1935","Eleutherodactylus","bakeri",-74.0834068,18.411716,"821cc27a-e3bb-4bc5-ac34-89ada245069d"
"Eleutherodactylus thomasi Schwartz, 1959","Eleutherodactylus","thomasi",-80.4667,22.4667,"821cc27a-e3bb-4bc5-ac34-89ada245069d"
"Eleutherodactylus diplasius Schwartz, 1973","Eleutherodactylus","wetmorei",-74.1201,18.4975,"821cc27a-e3bb-4bc5-ac34-89ada245069d"
"Eleutherodactylus pictissimus Cochran, 1935","Eleutherodactylus","pictissimus",-72.3338667,18.5390112,"821cc27a-e3bb-4bc5-ac34-89ada245069d"
"Eleutherodactylus glaphycompus Schwartz, 1973","Eleutherodactylus","glaphycompus",-74.0844069,18.4207155,"821cc27a-e3bb-4bc5-ac34-89ada245069d"
"Eleutherodactylus thomasi Schwartz, 1959","Eleutherodactylus","thomasi",-80.55,22.3333,"821cc27a-e3bb-4bc5-ac34-89ada245069d"
"Eleutherodactylus limbatus (Cope, 1862)","Eleutherodactylus","limbatus",-79.7833,22.3833,"821cc27a-e3bb-4bc5-ac34-89ada245069d"
"Eleutherodactylus juanariveroi Rios-López & Thomas, 2007","Eleutherodactylus","juanariveroi",-66.2017,18.4354,"821cc27a-e3bb-4bc5-ac34-89ada245069d"
"Eleutherodactylus abbotti Cochran, 1923","Eleutherodactylus","abbotti",-71.7689,18.7033,"821cc27a-e3bb-4bc5-ac34-89ada245069d"
"Eleutherodactylus auriculatus (Cope, 1862)","Eleutherodactylus","auriculatus",-83.0167,22.8,"821cc27a-e3bb-4bc5-ac34-89ada245069d"
"Eleutherodactylus planirostris (Cope, 1862)","Eleutherodactylus","planirostris",-77.7333,19.85,"821cc27a-e3bb-4bc5-ac34-89ada245069d"
"Eleutherodactylus nortoni Schwartz, 1976","Eleutherodactylus","nortoni",-72.2886,18.3061,"821cc27a-e3bb-4bc5-ac34-89ada245069d"
"Eleutherodactylus riparius Estrada & Hedges, 1998","Eleutherodactylus","riparius",-83.1833,22.75,"821cc27a-e3bb-4bc5-ac34-89ada245069d"
"Eleutherodactylus chlorophenax Schwartz, 1976","Eleutherodactylus","chlorophenax",-74.0104051,18.3489191,"821cc27a-e3bb-4bc5-ac34-89ada245069d"
"Eleutherodactylus riparius Estrada & Hedges, 1998","Eleutherodactylus","riparius",-83.7333,22.4833,"821cc27a-e3bb-4bc5-ac34-89ada245069d"
"Eleutherodactylus gundlachi Schmidt, 1920","Eleutherodactylus","gundlachi",-75.6333,20.0167,"821cc27a-e3bb-4bc5-ac34-89ada245069d"
"Eleutherodactylus gossei Dunn, 1926","Eleutherodactylus","gossei",-77.7097,18.2625,"821cc27a-e3bb-4bc5-ac34-89ada245069d"
"Eleutherodactylus auriculatoides Noble, 1923","Eleutherodactylus","auriculatoides",-70.4844248,19.0331883,"821cc27a-e3bb-4bc5-ac34-89ada245069d"
"Eleutherodactylus inoptatus (Barbour, 1914)","Eleutherodactylus","inoptatus",-69.0054914,18.9550926,"821cc27a-e3bb-4bc5-ac34-89ada245069d"
"Eleutherodactylus flavescens Noble, 1923","Eleutherodactylus","flavescens",-70.75,19.5833,"821cc27a-e3bb-4bc5-ac34-89ada245069d"
"Eleutherodactylus minutus Noble, 1923","Eleutherodactylus","minutus",-70.4947251,19.0342882,"821cc27a-e3bb-4bc5-ac34-89ada245069d"
"Eleutherodactylus turquinensis Barbour & Shreve, 1937","Eleutherodactylus","turquinensis",-76.8333,19.9833,"821cc27a-e3bb-4bc5-ac34-89ada245069d"
"Eleutherodactylus inoptatus (Barbour, 1914)","Eleutherodactylus","inoptatus",-71.1683,18.1431,"821cc27a-e3bb-4bc5-ac34-89ada245069d"
"Eleutherodactylus abbotti Cochran, 1923","Eleutherodactylus","abbotti",-69.2240964,19.2292793,"821cc27a-e3bb-4bc5-ac34-89ada245069d"
"Eleutherodactylus antillensis (Reinhardt & Lütken, 1863)","Eleutherodactylus","antillensis",-65.9867,18.4163,"821cc27a-e3bb-4bc5-ac34-89ada245069d"
"Eleutherodactylus patriciae Schwartz, 1965","Eleutherodactylus","patriciae",-70.6966296,18.8442973,"821cc27a-e3bb-4bc5-ac34-89ada245069d"
"Eleutherodactylus diplasius Schwartz, 1973","Eleutherodactylus","wetmorei",-74.1528087,18.6446046,"821cc27a-e3bb-4bc5-ac34-89ada245069d"
"Eleutherodactylus antillensis (Reinhardt & Lütken, 1863)","Eleutherodactylus","antillensis",-66.6365,18.1639,"821cc27a-e3bb-4bc5-ac34-89ada245069d"
"Eleutherodactylus glamyrus Estrada & Hedges, 1997","Eleutherodactylus","glamyrus",-76.85,19.9833,"821cc27a-e3bb-4bc5-ac34-89ada245069d"
"Eleutherodactylus abbotti Cochran, 1923","Eleutherodactylus","abbotti",-74.0844069,18.4207155,"821cc27a-e3bb-4bc5-ac34-89ada245069d"
"Eleutherodactylus nortoni Schwartz, 1976","Eleutherodactylus","nortoni",-73.8892023,18.4104162,"821cc27a-e3bb-4bc5-ac34-89ada245069d"
"Eleutherodactylus greyi Dunn, 1926","Eleutherodactylus","greyi",-80.4667,22.4667,"821cc27a-e3bb-4bc5-ac34-89ada245069d"
"Eleutherodactylus cundalli Dunn, 1926","Eleutherodactylus","cundalli",-77.7056,18.2533,"821cc27a-e3bb-4bc5-ac34-89ada245069d"
"Eleutherodactylus audanti Cochran, 1934","Eleutherodactylus","audanti",-72.2525,18.3269,"821cc27a-e3bb-4bc5-ac34-89ada245069d"
"Eleutherodactylus antillensis (Reinhardt & Lütken, 1863)","Eleutherodactylus","antillensis",-65.7675,18.3529,"821cc27a-e3bb-4bc5-ac34-89ada245069d"
"Eleutherodactylus atkinsi Dunn, 1925","Eleutherodactylus","atkinsi",-80.1558,21.9333,"821cc27a-e3bb-4bc5-ac34-89ada245069d"
"Eleutherodactylus abbotti Cochran, 1923","Eleutherodactylus","abbotti",-70.4741246,19.0278885,"821cc27a-e3bb-4bc5-ac34-89ada245069d"
"Eleutherodactylus riparius Estrada & Hedges, 1998","Eleutherodactylus","riparius",-80.4667,22.4667,"821cc27a-e3bb-4bc5-ac34-89ada245069d"
"Eleutherodactylus weinlandi Barbour, 1914","Eleutherodactylus","weinlandi",-69.2001959,19.2742771,"821cc27a-e3bb-4bc5-ac34-89ada245069d"
"Eleutherodactylus nortoni Schwartz, 1976","Eleutherodactylus","nortoni",-74.1014073,18.4342149,"821cc27a-e3bb-4bc5-ac34-89ada245069d"
"Eleutherodactylus leoncei Shreve & Williams, 1963","Eleutherodactylus","leoncei",-71.7105523,18.2904237,"821cc27a-e3bb-4bc5-ac34-89ada245069d"
"Eleutherodactylus planirostris (Cope, 1862)","Eleutherodactylus","planirostris",-77.6997928,19.9068413,"821cc27a-e3bb-4bc5-ac34-89ada245069d"
"Eleutherodactylus ventrilineatus (Shreve, 1936)","Eleutherodactylus","ventrilineatus",-74.0333,18.4,"821cc27a-e3bb-4bc5-ac34-89ada245069d"
"Eleutherodactylus limbatus (Cope, 1862)","Eleutherodactylus","limbatus",-75.15,20.2833,"821cc27a-e3bb-4bc5-ac34-89ada245069d"
"Eleutherodactylus mariposa Hedges, Estrada & Thomas, 1992","Eleutherodactylus","mariposa",-75.2311,20.348,"821cc27a-e3bb-4bc5-ac34-89ada245069d"
"Eleutherodactylus weinlandi Barbour, 1914","Eleutherodactylus","weinlandi",-68.9,18.67,"821cc27a-e3bb-4bc5-ac34-89ada245069d"
"Eleutherodactylus nubicola Dunn, 1926","Eleutherodactylus","nubicola",-76.5861,18.0458,"821cc27a-e3bb-4bc5-ac34-89ada245069d"
"Eleutherodactylus abbotti Cochran, 1923","Eleutherodactylus","abbotti",-70.6902294,18.8584966,"821cc27a-e3bb-4bc5-ac34-89ada245069d"
"Eleutherodactylus audanti Cochran, 1934","Eleutherodactylus","audanti",-71.1667,18.0667,"821cc27a-e3bb-4bc5-ac34-89ada245069d"
"Eleutherodactylus unicolor Stejneger, 1904","Eleutherodactylus","unicolor",-65.791,18.311,"821cc27a-e3bb-4bc5-ac34-89ada245069d"
"Eleutherodactylus furcyensis Shreve & Williams, 1963","Eleutherodactylus","furcyensis",-72.3219663,18.3443206,"821cc27a-e3bb-4bc5-ac34-89ada245069d"
"Eleutherodactylus planirostris (Cope, 1862)","Eleutherodactylus","planirostris",-81.2528,19.3153,"821cc27a-e3bb-4bc5-ac34-89ada245069d"
"Eleutherodactylus cuneatus (Cope, 1862)","Eleutherodactylus","cuneatus",-75.15,20.2833,"821cc27a-e3bb-4bc5-ac34-89ada245069d"
"Eleutherodactylus luteolus (Gosse, 1851)","Eleutherodactylus","luteolus",-77.7056,18.2533,"821cc27a-e3bb-4bc5-ac34-89ada245069d"
"Eleutherodactylus abbotti Cochran, 1923","Eleutherodactylus","abbotti",-70.4777247,19.040088,"821cc27a-e3bb-4bc5-ac34-89ada245069d"
"Eleutherodactylus montanus Schmidt, 1919","Eleutherodactylus","montanus",-70.6833,18.8,"821cc27a-e3bb-4bc5-ac34-89ada245069d"
"Eleutherodactylus abbotti Cochran, 1923","Eleutherodactylus","abbotti",-72.3338667,18.5390112,"821cc27a-e3bb-4bc5-ac34-89ada245069d"
"Eleutherodactylus hypostenor Schwartz, 1965","Eleutherodactylus","hypostenor",-71.1667,18.0667,"821cc27a-e3bb-4bc5-ac34-89ada245069d"
"Eleutherodactylus flavescens Noble, 1923","Eleutherodactylus","flavescens",-69.3785998,19.0237892,"821cc27a-e3bb-4bc5-ac34-89ada245069d"
"Eleutherodactylus schmidti Noble, 1923","Eleutherodactylus","schmidti",-70.6902294,18.8584966,"821cc27a-e3bb-4bc5-ac34-89ada245069d"
"Eleutherodactylus abbotti Cochran, 1923","Eleutherodactylus","abbotti",-73.9028027,18.4315152,"821cc27a-e3bb-4bc5-ac34-89ada245069d"
"Eleutherodactylus cochranae Grant, 1932","Eleutherodactylus","cochranae",-65.8914,18.4108,"821cc27a-e3bb-4bc5-ac34-89ada245069d"
"Eleutherodactylus coqui Thomas, 1966","Eleutherodactylus","coqui",-65.8914,18.4108,"821cc27a-e3bb-4bc5-ac34-89ada245069d"
"Eleutherodactylus nortoni Schwartz, 1976","Eleutherodactylus","nortoni",-73.9845044,18.2799225,"821cc27a-e3bb-4bc5-ac34-89ada245069d"
"Eleutherodactylus intermedius Barbour & Shreve, 1937","Eleutherodactylus","intermedius",-75.6333,20.0167,"821cc27a-e3bb-4bc5-ac34-89ada245069d"
"Eleutherodactylus johnstonei Barbour, 1914","Eleutherodactylus","johnstonei",-61.8267,17.6361,"821cc27a-e3bb-4bc5-ac34-89ada245069d"
"Eleutherodactylus furcyensis Shreve & Williams, 1963","Eleutherodactylus","furcyensis",-72.2833,18.35,"821cc27a-e3bb-4bc5-ac34-89ada245069d"
"Eleutherodactylus glaphycompus Schwartz, 1973","Eleutherodactylus","glaphycompus",-74.1,18.4986,"821cc27a-e3bb-4bc5-ac34-89ada245069d"
"Eleutherodactylus nortoni Schwartz, 1976","Eleutherodactylus","nortoni",-74.0104051,18.3489191,"821cc27a-e3bb-4bc5-ac34-89ada245069d"
"Eleutherodactylus riparius Estrada & Hedges, 1998","Eleutherodactylus","riparius",-80.0219,21.9136,"821cc27a-e3bb-4bc5-ac34-89ada245069d"
"Eleutherodactylus minutus Noble, 1923","Eleutherodactylus","minutus",-70.4777247,19.040088,"821cc27a-e3bb-4bc5-ac34-89ada245069d"
"Eleutherodactylus flavescens Noble, 1923","Eleutherodactylus","flavescens",-68.6171824,18.3890205,"821cc27a-e3bb-4bc5-ac34-89ada245069d"
"Eleutherodactylus varleyi Dunn, 1925","Eleutherodactylus","varleyi",-82.3667,23.1333,"821cc27a-e3bb-4bc5-ac34-89ada245069d"
"Eleutherodactylus eileenae Dunn, 1926","Eleutherodactylus","eileenae",-77.6,21.55,"821cc27a-e3bb-4bc5-ac34-89ada245069d"
"Eleutherodactylus armstrongi Noble & Hassler, 1933","Eleutherodactylus","armstrongi",-71.2486416,18.1135327,"821cc27a-e3bb-4bc5-ac34-89ada245069d"
"Eleutherodactylus abbotti Cochran, 1923","Eleutherodactylus","abbotti",-69.5980048,19.2431785,"821cc27a-e3bb-4bc5-ac34-89ada245069d"
"Eleutherodactylus apostates Schwartz, 1973","Eleutherodactylus","apostates",-74.0106,18.3497,"821cc27a-e3bb-4bc5-ac34-89ada245069d"
"Eleutherodactylus audanti Cochran, 1934","Eleutherodactylus","audanti",-72.4167,18.8833,"821cc27a-e3bb-4bc5-ac34-89ada245069d"
"Eleutherodactylus eunaster Schwartz, 1973","Eleutherodactylus","eunaster",-74.1,18.52,"821cc27a-e3bb-4bc5-ac34-89ada245069d"
"Eleutherodactylus toa Estrada & Hedges, 1991","Eleutherodactylus","toa",-74.9333,20.4333,"821cc27a-e3bb-4bc5-ac34-89ada245069d"
"Eleutherodactylus abbotti Cochran, 1923","Eleutherodactylus","abbotti",-70.75,19.5833,"821cc27a-e3bb-4bc5-ac34-89ada245069d"
"Eleutherodactylus apostates Schwartz, 1973","Eleutherodactylus","apostates",-74.0957071,18.4089161,"821cc27a-e3bb-4bc5-ac34-89ada245069d"
"Eleutherodactylus klinikowskii Schwartz, 1959","Eleutherodactylus","klinikowskii",-83.7167,22.6607,"821cc27a-e3bb-4bc5-ac34-89ada245069d"
"Eleutherodactylus audanti Cochran, 1934","Eleutherodactylus","audanti",-74.1,18.4986,"821cc27a-e3bb-4bc5-ac34-89ada245069d"
"Eleutherodactylus pictissimus Cochran, 1935","Eleutherodactylus","pictissimus",-73.7700994,18.2213255,"821cc27a-e3bb-4bc5-ac34-89ada245069d"
"Eleutherodactylus fowleri Schwartz, 1973","Eleutherodactylus","fowleri",-71.7563533,18.2326265,"821cc27a-e3bb-4bc5-ac34-89ada245069d"
"Eleutherodactylus sommeri Schwartz, 1977","Eleutherodactylus","wetmorei",-71.5313488,19.2428777,"821cc27a-e3bb-4bc5-ac34-89ada245069d"
"Eleutherodactylus diplasius Schwartz, 1973","Eleutherodactylus","wetmorei",-74.0104051,18.3489191,"821cc27a-e3bb-4bc5-ac34-89ada245069d"
"Eleutherodactylus inoptatus (Barbour, 1914)","Eleutherodactylus","inoptatus",-71.7680535,18.1646298,"821cc27a-e3bb-4bc5-ac34-89ada245069d"
"Eleutherodactylus inoptatus (Barbour, 1914)","Eleutherodactylus","inoptatus",-69.5705041,19.0525877,"821cc27a-e3bb-4bc5-ac34-89ada245069d"
"Eleutherodactylus pictissimus Cochran, 1935","Eleutherodactylus","pictissimus",-71.1877401,17.9557405,"821cc27a-e3bb-4bc5-ac34-89ada245069d"
"Eleutherodactylus inoptatus (Barbour, 1914)","Eleutherodactylus","inoptatus",-74.0947071,18.4505141,"821cc27a-e3bb-4bc5-ac34-89ada245069d"
"Eleutherodactylus pantoni Dunn, 1926","Eleutherodactylus","pantoni",-77.1178,18.2072,"821cc27a-e3bb-4bc5-ac34-89ada245069d"
"Eleutherodactylus wetmorei Cochran, 1932","Eleutherodactylus","wetmorei",-73.9539036,18.1329296,"821cc27a-e3bb-4bc5-ac34-89ada245069d"
"Eleutherodactylus darlingtoni Cochran, 1935","Eleutherodactylus","darlingtoni",-72.2525,18.3269,"821cc27a-e3bb-4bc5-ac34-89ada245069d"
"Eleutherodactylus glamyrus Estrada & Hedges, 1997","Eleutherodactylus","glamyrus",-76.75,20.15,"821cc27a-e3bb-4bc5-ac34-89ada245069d"
"Eleutherodactylus abbotti Cochran, 1923","Eleutherodactylus","abbotti",-71.1480394,18.1557307,"821cc27a-e3bb-4bc5-ac34-89ada245069d"
"Eleutherodactylus auriculatus (Cope, 1862)","Eleutherodactylus","auriculatus",-80.55,22.3333,"821cc27a-e3bb-4bc5-ac34-89ada245069d"
"Eleutherodactylus abbotti Cochran, 1923","Eleutherodactylus","abbotti",-69.3785998,19.0237892,"821cc27a-e3bb-4bc5-ac34-89ada245069d"
"Eleutherodactylus abbotti Cochran, 1923","Eleutherodactylus","abbotti",-72.23,19.58,"821cc27a-e3bb-4bc5-ac34-89ada245069d"
"Eleutherodactylus riparius Estrada & Hedges, 1998","Eleutherodactylus","riparius",-83.0481,22.7142,"821cc27a-e3bb-4bc5-ac34-89ada245069d"
"Eleutherodactylus hypostenor Schwartz, 1965","Eleutherodactylus","hypostenor",-71.1480394,18.1557307,"821cc27a-e3bb-4bc5-ac34-89ada245069d"
"Eleutherodactylus armstrongi Noble & Hassler, 1933","Eleutherodactylus","armstrongi",-72.2833,18.35,"821cc27a-e3bb-4bc5-ac34-89ada245069d"
"Eleutherodactylus limbatus (Cope, 1862)","Eleutherodactylus","limbatus",-80.3,22.1667,"821cc27a-e3bb-4bc5-ac34-89ada245069d"
"Eleutherodactylus johnstonei Barbour, 1914","Eleutherodactylus","johnstonei",-61.7664,12.0217,"821cc27a-e3bb-4bc5-ac34-89ada245069d"
"Eleutherodactylus abbotti Cochran, 1923","Eleutherodactylus","abbotti",-69.9643,19.6644,"821cc27a-e3bb-4bc5-ac34-89ada245069d"
"Eleutherodactylus flavescens Noble, 1923","Eleutherodactylus","flavescens",-69.5833,18.8667,"821cc27a-e3bb-4bc5-ac34-89ada245069d"
"Eleutherodactylus flavescens Noble, 1923","Eleutherodactylus","flavescens",-70.4736246,19.0278885,"821cc27a-e3bb-4bc5-ac34-89ada245069d"
"Eleutherodactylus schmidti Noble, 1923","Eleutherodactylus","schmidti",-70.4872249,19.0306884,"821cc27a-e3bb-4bc5-ac34-89ada245069d"
"Eleutherodactylus grabhami Dunn, 1926","Eleutherodactylus","grabhami",-77.0961,18.2169,"821cc27a-e3bb-4bc5-ac34-89ada245069d"
"Eleutherodactylus glaphycompus Schwartz, 1973","Eleutherodactylus","glaphycompus",-74.1014073,18.4342149,"821cc27a-e3bb-4bc5-ac34-89ada245069d"
"Eleutherodactylus portoricensis Schmidt, 1927","Eleutherodactylus","portoricensis",-65.7948,18.3078,"821cc27a-e3bb-4bc5-ac34-89ada245069d"
"Eleutherodactylus pantoni Dunn, 1926","Eleutherodactylus","pantoni",-76.6612,18.0801,"821cc27a-e3bb-4bc5-ac34-89ada245069d"
"Eleutherodactylus ruthae Noble, 1923","Eleutherodactylus","ruthae",-69.4167,19.25,"821cc27a-e3bb-4bc5-ac34-89ada245069d"
"Eleutherodactylus ruthae Noble, 1923","Eleutherodactylus","ruthae",-70.6247281,19.2209792,"821cc27a-e3bb-4bc5-ac34-89ada245069d"
"Eleutherodactylus abbotti Cochran, 1923","Eleutherodactylus","abbotti",-69.2310965,18.9953906,"821cc27a-e3bb-4bc5-ac34-89ada245069d"
"Eleutherodactylus abbotti Cochran, 1923","Eleutherodactylus","abbotti",-70.4172233,18.9848907,"821cc27a-e3bb-4bc5-ac34-89ada245069d"
"Eleutherodactylus coqui Thomas, 1966","Eleutherodactylus","coqui",-65.9867,18.4163,"821cc27a-e3bb-4bc5-ac34-89ada245069d"
"Eleutherodactylus coqui Thomas, 1966","Eleutherodactylus","coqui",-65.7712,18.3111,"821cc27a-e3bb-4bc5-ac34-89ada245069d"
"Eleutherodactylus coqui Thomas, 1966","Eleutherodactylus","coqui",-65.7675,18.3529,"821cc27a-e3bb-4bc5-ac34-89ada245069d"
"Eleutherodactylus glaphycompus Schwartz, 1973","Eleutherodactylus","glaphycompus",-73.8892023,18.4104162,"821cc27a-e3bb-4bc5-ac34-89ada245069d"
"Eleutherodactylus planirostris (Cope, 1862)","Eleutherodactylus","planirostris",-76.8333,19.9833,"821cc27a-e3bb-4bc5-ac34-89ada245069d"
"Eleutherodactylus melacara Hedges, Estrada & Thomas, 1992","Eleutherodactylus","melacara",-76.85,19.9833,"821cc27a-e3bb-4bc5-ac34-89ada245069d"
"Eleutherodactylus pinarensis Dunn, 1926","Eleutherodactylus","pinarensis",-83.7333,22.4833,"821cc27a-e3bb-4bc5-ac34-89ada245069d"
"Eleutherodactylus coqui Thomas, 1966","Eleutherodactylus","coqui",-65.9111,18.0344,"821cc27a-e3bb-4bc5-ac34-89ada245069d"
"Eleutherodactylus coqui Thomas, 1966","Eleutherodactylus","coqui",-66.0647,18.0872,"821cc27a-e3bb-4bc5-ac34-89ada245069d"
"Eleutherodactylus brevirostris Shreve, 1936","Eleutherodactylus","brevirostris",-74.0834068,18.411716,"821cc27a-e3bb-4bc5-ac34-89ada245069d"
"Eleutherodactylus abbotti Cochran, 1923","Eleutherodactylus","abbotti",-69.996,19.3771,"821cc27a-e3bb-4bc5-ac34-89ada245069d"
"Eleutherodactylus thorectes Hedges, 1988","Eleutherodactylus","thorectes",-74.0264055,18.3801176,"821cc27a-e3bb-4bc5-ac34-89ada245069d"
"Eleutherodactylus minutus Noble, 1923","Eleutherodactylus","minutus",-70.6966296,18.8442973,"821cc27a-e3bb-4bc5-ac34-89ada245069d"
"Eleutherodactylus flavescens Noble, 1923","Eleutherodactylus","flavescens",-69.5983048,19.2428785,"821cc27a-e3bb-4bc5-ac34-89ada245069d"
"Eleutherodactylus inoptatus (Barbour, 1914)","Eleutherodactylus","inoptatus",-69.2207963,19.2306792,"821cc27a-e3bb-4bc5-ac34-89ada245069d"
"Eleutherodactylus minutus Noble, 1923","Eleutherodactylus","minutus",-70.6902294,18.8584966,"821cc27a-e3bb-4bc5-ac34-89ada245069d"
"Eleutherodactylus toa Estrada & Hedges, 1991","Eleutherodactylus","toa",-74.45,20.2,"821cc27a-e3bb-4bc5-ac34-89ada245069d"
"Eleutherodactylus sciagraphus Schwartz, 1973","Eleutherodactylus","sciagraphus",-74.0957071,18.4089161,"821cc27a-e3bb-4bc5-ac34-89ada245069d"
"Eleutherodactylus audanti Cochran, 1934","Eleutherodactylus","audanti",-71.1683,18.1431,"821cc27a-e3bb-4bc5-ac34-89ada245069d"
"Eleutherodactylus abbotti Cochran, 1923","Eleutherodactylus","abbotti",-69.4800021,19.0612873,"821cc27a-e3bb-4bc5-ac34-89ada245069d"
"Eleutherodactylus armstrongi Noble & Hassler, 1933","Eleutherodactylus","armstrongi",-71.2716422,18.1335317,"821cc27a-e3bb-4bc5-ac34-89ada245069d"
"Eleutherodactylus albipes Barbour & Shreve, 1937","Eleutherodactylus","albipes",-76.8333,19.9833,"821cc27a-e3bb-4bc5-ac34-89ada245069d"
"Eleutherodactylus montanus Schmidt, 1919","Eleutherodactylus","montanus",-70.7491308,18.8603965,"821cc27a-e3bb-4bc5-ac34-89ada245069d"
"Eleutherodactylus casparii Dunn, 1926","Eleutherodactylus","casparii",-80.1667,22.0667,"821cc27a-e3bb-4bc5-ac34-89ada245069d"
"Eleutherodactylus weinlandi Barbour, 1914","Eleutherodactylus","weinlandi",-69.3746997,19.0470881,"821cc27a-e3bb-4bc5-ac34-89ada245069d"
"Eleutherodactylus darlingtoni Cochran, 1935","Eleutherodactylus","darlingtoni",-71.98,18.37,"821cc27a-e3bb-4bc5-ac34-89ada245069d"
"Eleutherodactylus glaphycompus Schwartz, 1973","Eleutherodactylus","glaphycompus",-74.0834068,18.411716,"821cc27a-e3bb-4bc5-ac34-89ada245069d"
"Eleutherodactylus ruthae Noble, 1923","Eleutherodactylus","ruthae",-69.1999958,19.2364789,"821cc27a-e3bb-4bc5-ac34-89ada245069d"
"Eleutherodactylus auriculatus (Cope, 1862)","Eleutherodactylus","auriculatus",-83.1833,22.75,"821cc27a-e3bb-4bc5-ac34-89ada245069d"
"Eleutherodactylus abbotti Cochran, 1923","Eleutherodactylus","abbotti",-72.2872655,18.4118174,"821cc27a-e3bb-4bc5-ac34-89ada245069d"
"Eleutherodactylus leberi Schwartz, 1965","Eleutherodactylus","leberi",-76.4133,20.1948,"821cc27a-e3bb-4bc5-ac34-89ada245069d"
"Eleutherodactylus ionthus Schwartz, 1960","Eleutherodactylus","ionthus",-76.8333,19.9833,"821cc27a-e3bb-4bc5-ac34-89ada245069d"
"Eleutherodactylus warreni Schwartz, 1976","Eleutherodactylus","warreni",-72.73,20.02,"821cc27a-e3bb-4bc5-ac34-89ada245069d"
"Eleutherodactylus weinlandi Barbour, 1914","Eleutherodactylus","weinlandi",-69.2051959,18.9850911,"821cc27a-e3bb-4bc5-ac34-89ada245069d"
"Eleutherodactylus johnstonei Barbour, 1914","Eleutherodactylus","johnstonei",-61.7625,17.6639,"821cc27a-e3bb-4bc5-ac34-89ada245069d"
"Eleutherodactylus audanti Cochran, 1934","Eleutherodactylus","audanti",-71.7689,18.7033,"821cc27a-e3bb-4bc5-ac34-89ada245069d"
"Eleutherodactylus inoptatus (Barbour, 1914)","Eleutherodactylus","inoptatus",-69.5980048,19.2431785,"821cc27a-e3bb-4bc5-ac34-89ada245069d"
"Eleutherodactylus alcoae Schwartz, 1971","Eleutherodactylus","alcoae",-71.505,17.7333,"821cc27a-e3bb-4bc5-ac34-89ada245069d"
"Eleutherodactylus poolei Cochran, 1938","Eleutherodactylus","poolei",-72.2333,19.5833,"821cc27a-e3bb-4bc5-ac34-89ada245069d"
"Eleutherodactylus abbotti Cochran, 1923","Eleutherodactylus","abbotti",-69.3707996,19.0450882,"821cc27a-e3bb-4bc5-ac34-89ada245069d"
"Eleutherodactylus weinlandi Barbour, 1914","Eleutherodactylus","weinlandi",-69.6002049,19.2389787,"821cc27a-e3bb-4bc5-ac34-89ada245069d"
"Eleutherodactylus inoptatus (Barbour, 1914)","Eleutherodactylus","inoptatus",-69.8263099,19.024889,"821cc27a-e3bb-4bc5-ac34-89ada245069d"
"Eleutherodactylus pantoni Dunn, 1926","Eleutherodactylus","pantoni",-76.6717,18.0753,"821cc27a-e3bb-4bc5-ac34-89ada245069d"
"Eleutherodactylus abbotti Cochran, 1923","Eleutherodactylus","abbotti",-70.4844248,19.0331883,"821cc27a-e3bb-4bc5-ac34-89ada245069d"
"Eleutherodactylus andrewsi Lynn, 1937","Eleutherodactylus","andrewsi",-76.7175,18.0989,"821cc27a-e3bb-4bc5-ac34-89ada245069d"
"Eleutherodactylus inoptatus (Barbour, 1914)","Eleutherodactylus","inoptatus",-71.5313488,19.2428777,"821cc27a-e3bb-4bc5-ac34-89ada245069d"
"Eleutherodactylus diplasius Schwartz, 1973","Eleutherodactylus","wetmorei",-74.0824068,18.4216155,"821cc27a-e3bb-4bc5-ac34-89ada245069d"
"Eleutherodactylus inoptatus (Barbour, 1914)","Eleutherodactylus","inoptatus",-71.2716422,18.1335317,"821cc27a-e3bb-4bc5-ac34-89ada245069d"
"Eleutherodactylus audanti Cochran, 1934","Eleutherodactylus","audanti",-74.0815068,18.4162158,"821cc27a-e3bb-4bc5-ac34-89ada245069d"
"Eleutherodactylus auriculatoides Noble, 1923","Eleutherodactylus","auriculatoides",-70.4961,18.7278,"821cc27a-e3bb-4bc5-ac34-89ada245069d"
"Eleutherodactylus flavescens Noble, 1923","Eleutherodactylus","flavescens",-69.5936047,19.2495782,"821cc27a-e3bb-4bc5-ac34-89ada245069d"
"Eleutherodactylus leoncei Shreve & Williams, 1963","Eleutherodactylus","leoncei",-71.8680559,18.3374213,"821cc27a-e3bb-4bc5-ac34-89ada245069d"
"Eleutherodactylus diplasius Schwartz, 1973","Eleutherodactylus","wetmorei",-74.1,18.5257,"821cc27a-e3bb-4bc5-ac34-89ada245069d"
"Eleutherodactylus inoptatus (Barbour, 1914)","Eleutherodactylus","inoptatus",-71.1667,18.0667,"821cc27a-e3bb-4bc5-ac34-89ada245069d"
"Eleutherodactylus coqui Thomas, 1966","Eleutherodactylus","coqui",-65.9018,18.0368,"821cc27a-e3bb-4bc5-ac34-89ada245069d"
"Eleutherodactylus brevirostris Shreve, 1936","Eleutherodactylus","brevirostris",-74.03,18.37,"821cc27a-e3bb-4bc5-ac34-89ada245069d"
"Eleutherodactylus hypostenor Schwartz, 1965","Eleutherodactylus","hypostenor",-71.263342,18.1174325,"821cc27a-e3bb-4bc5-ac34-89ada245069d"
"Eleutherodactylus dolomedes Hedges & Thomas, 1992","Eleutherodactylus","dolomedes",-73.88,18.27,"821cc27a-e3bb-4bc5-ac34-89ada245069d"
"Eleutherodactylus nortoni Schwartz, 1976","Eleutherodactylus","nortoni",-72.2786,18.3033,"821cc27a-e3bb-4bc5-ac34-89ada245069d"
"Eleutherodactylus abbotti Cochran, 1923","Eleutherodactylus","abbotti",-72.3219663,18.3443206,"821cc27a-e3bb-4bc5-ac34-89ada245069d"
"Eleutherodactylus paralius Schwartz, 1976","Eleutherodactylus","weinlandi",-69.1874953,18.4507172,"821cc27a-e3bb-4bc5-ac34-89ada245069d"
"Eleutherodactylus limbatus (Cope, 1862)","Eleutherodactylus","limbatus",-83.6981,22.4175,"821cc27a-e3bb-4bc5-ac34-89ada245069d"
"Eleutherodactylus alcoae Schwartz, 1971","Eleutherodactylus","alcoae",-71.6516508,18.0668347,"821cc27a-e3bb-4bc5-ac34-89ada245069d"
"Eleutherodactylus antillensis (Reinhardt & Lütken, 1863)","Eleutherodactylus","antillensis",-66.0489,18.2361,"821cc27a-e3bb-4bc5-ac34-89ada245069d"
"Eleutherodactylus audanti Cochran, 1934","Eleutherodactylus","audanti",-71.7902544,18.6813046,"821cc27a-e3bb-4bc5-ac34-89ada245069d"
"Eleutherodactylus johnstonei Barbour, 1914","Eleutherodactylus","johnstonei",-77.0961,18.2169,"821cc27a-e3bb-4bc5-ac34-89ada245069d"
"Eleutherodactylus armstrongi Noble & Hassler, 1933","Eleutherodactylus","armstrongi",-71.1667,18.0667,"821cc27a-e3bb-4bc5-ac34-89ada245069d"
"Eleutherodactylus bartonsmithi Schwartz, 1960","Eleutherodactylus","bartonsmithi",-74.2967,20.3008,"821cc27a-e3bb-4bc5-ac34-89ada245069d"
"Eleutherodactylus oxyrhyncus (Duméril & Bibron, 1841)","Eleutherodactylus","oxyrhyncus",-74.1052073,18.431515,"821cc27a-e3bb-4bc5-ac34-89ada245069d"
"Eleutherodactylus flavescens Noble, 1923","Eleutherodactylus","flavescens",-69.5705041,19.0525877,"821cc27a-e3bb-4bc5-ac34-89ada245069d"
"Eleutherodactylus abbotti Cochran, 1923","Eleutherodactylus","abbotti",-71.7747,18.6936,"821cc27a-e3bb-4bc5-ac34-89ada245069d"
"Eleutherodactylus parapelates Hedges & Thomas, 1987","Eleutherodactylus","parapelates",-74.0967072,18.4406146,"821cc27a-e3bb-4bc5-ac34-89ada245069d"
"Eleutherodactylus weinlandi Barbour, 1914","Eleutherodactylus","weinlandi",-69.9643,19.6644,"821cc27a-e3bb-4bc5-ac34-89ada245069d"
"Eleutherodactylus gossei Dunn, 1926","Eleutherodactylus","gossei",-76.6612,18.0801,"821cc27a-e3bb-4bc5-ac34-89ada245069d"
"Eleutherodactylus portoricensis Schmidt, 1927","Eleutherodactylus","portoricensis",-65.7777,18.3078,"821cc27a-e3bb-4bc5-ac34-89ada245069d"
"Eleutherodactylus inoptatus (Barbour, 1914)","Eleutherodactylus","inoptatus",-71.8528,18.3903,"821cc27a-e3bb-4bc5-ac34-89ada245069d"
"Eleutherodactylus brittoni Schmidt, 1920","Eleutherodactylus","brittoni",-65.7777,18.3067,"821cc27a-e3bb-4bc5-ac34-89ada245069d"
"Eleutherodactylus parapelates Hedges & Thomas, 1987","Eleutherodactylus","parapelates",-74.1167,18.4833,"821cc27a-e3bb-4bc5-ac34-89ada245069d"
"Eleutherodactylus parabates Schwartz, 1964","Eleutherodactylus","parabates",-71.7688539,18.7001037,"821cc27a-e3bb-4bc5-ac34-89ada245069d"
"Eleutherodactylus oxyrhyncus (Duméril & Bibron, 1841)","Eleutherodactylus","oxyrhyncus",-74.0976072,18.4342149,"821cc27a-e3bb-4bc5-ac34-89ada245069d"
"Eleutherodactylus zeus Schwartz, 1958","Eleutherodactylus","zeus",-83.0167,22.8,"821cc27a-e3bb-4bc5-ac34-89ada245069d"
"Eleutherodactylus schmidti Noble, 1923","Eleutherodactylus","schmidti",-70.8167,19.3167,"821cc27a-e3bb-4bc5-ac34-89ada245069d"
"Eleutherodactylus johnstonei Barbour, 1914","Eleutherodactylus","johnstonei",-62.57,17.13,"821cc27a-e3bb-4bc5-ac34-89ada245069d"
"Eleutherodactylus lamprotes Schwartz, 1973","Eleutherodactylus","lamprotes",-73.88,18.27,"821cc27a-e3bb-4bc5-ac34-89ada245069d"
"Eleutherodactylus probolaeus Schwartz, 1965","Eleutherodactylus","probolaeus",-68.6171824,18.3871206,"821cc27a-e3bb-4bc5-ac34-89ada245069d"
"Eleutherodactylus locustus Schmidt, 1920","Eleutherodactylus","locustus",-65.7777,18.3078,"821cc27a-e3bb-4bc5-ac34-89ada245069d"
"Eleutherodactylus weinlandi Barbour, 1914","Eleutherodactylus","weinlandi",-69.2850978,19.3241747,"821cc27a-e3bb-4bc5-ac34-89ada245069d"
"Eleutherodactylus glanduliferoides Shreve, 1936","Eleutherodactylus","glanduliferoides",-72.2833,18.35,"821cc27a-e3bb-4bc5-ac34-89ada245069d"
"Eleutherodactylus atkinsi Dunn, 1925","Eleutherodactylus","atkinsi",-83.0167,22.8,"821cc27a-e3bb-4bc5-ac34-89ada245069d"
"Eleutherodactylus ruthae Noble, 1923","Eleutherodactylus","ruthae",-69.0474923,18.9828913,"821cc27a-e3bb-4bc5-ac34-89ada245069d"
"Eleutherodactylus sciagraphus Schwartz, 1973","Eleutherodactylus","sciagraphus",-74.0844069,18.4207155,"821cc27a-e3bb-4bc5-ac34-89ada245069d"
"Eleutherodactylus auriculatoides Noble, 1923","Eleutherodactylus","auriculatoides",-70.4750246,19.0270886,"821cc27a-e3bb-4bc5-ac34-89ada245069d"
"Eleutherodactylus patriciae Schwartz, 1965","Eleutherodactylus","patriciae",-70.6833,18.8,"821cc27a-e3bb-4bc5-ac34-89ada245069d"
"Eleutherodactylus lamprotes Schwartz, 1973","Eleutherodactylus","lamprotes",-74.1178077,18.4546139,"821cc27a-e3bb-4bc5-ac34-89ada245069d"
"Eleutherodactylus inoptatus (Barbour, 1914)","Eleutherodactylus","inoptatus",-69.2618972,19.0142897,"821cc27a-e3bb-4bc5-ac34-89ada245069d"
"Eleutherodactylus wetmorei Cochran, 1932","Eleutherodactylus","wetmorei",-71.8438553,18.2354263,"821cc27a-e3bb-4bc5-ac34-89ada245069d"
"Eleutherodactylus eneidae Rivero, 1959","Eleutherodactylus","eneidae",-65.7948,18.3078,"821cc27a-e3bb-4bc5-ac34-89ada245069d"
"Eleutherodactylus armstrongi Noble & Hassler, 1933","Eleutherodactylus","armstrongi",-71.2727422,18.1293319,"821cc27a-e3bb-4bc5-ac34-89ada245069d"
"Eleutherodactylus abbotti Cochran, 1923","Eleutherodactylus","abbotti",-72.2892,18.3069,"821cc27a-e3bb-4bc5-ac34-89ada245069d"
"Eleutherodactylus richmondi Stejneger, 1904","Eleutherodactylus","richmondi",-66.0647,18.0872,"821cc27a-e3bb-4bc5-ac34-89ada245069d"
"Eleutherodactylus abbotti Cochran, 1923","Eleutherodactylus","abbotti",-70.9580356,19.0448875,"821cc27a-e3bb-4bc5-ac34-89ada245069d"
"Eleutherodactylus flavescens Noble, 1923","Eleutherodactylus","flavescens",-69.3707996,19.0450882,"821cc27a-e3bb-4bc5-ac34-89ada245069d"
"Eleutherodactylus weinlandi Barbour, 1914","Eleutherodactylus","weinlandi",-69.209096,19.2195798,"821cc27a-e3bb-4bc5-ac34-89ada245069d"
"Eleutherodactylus coqui Thomas, 1966","Eleutherodactylus","coqui",-65.7842,18.3016,"821cc27a-e3bb-4bc5-ac34-89ada245069d"
"Eleutherodactylus planirostris (Cope, 1862)","Eleutherodactylus","planirostris",-81.9236,23.1539,"821cc27a-e3bb-4bc5-ac34-89ada245069d"
"Eleutherodactylus probolaeus Schwartz, 1965","Eleutherodactylus","probolaeus",-68.6243826,18.3940202,"821cc27a-e3bb-4bc5-ac34-89ada245069d"
"Eleutherodactylus inoptatus (Barbour, 1914)","Eleutherodactylus","inoptatus",-72.2892,18.3069,"821cc27a-e3bb-4bc5-ac34-89ada245069d"
"Eleutherodactylus paralius Schwartz, 1976","Eleutherodactylus","weinlandi",-69.0562923,18.4396178,"821cc27a-e3bb-4bc5-ac34-89ada245069d"
"Eleutherodactylus abbotti Cochran, 1923","Eleutherodactylus","abbotti",-71.2286412,18.1101328,"821cc27a-e3bb-4bc5-ac34-89ada245069d"
"Eleutherodactylus grabhami Dunn, 1926","Eleutherodactylus","grabhami",-77.6475,18.3509,"821cc27a-e3bb-4bc5-ac34-89ada245069d"
"Eleutherodactylus haitianus Barbour, 1942","Eleutherodactylus","haitianus",-70.5975272,18.7063041,"821cc27a-e3bb-4bc5-ac34-89ada245069d"
"Eleutherodactylus abbotti Cochran, 1923","Eleutherodactylus","abbotti",-71.7902544,18.6813046,"821cc27a-e3bb-4bc5-ac34-89ada245069d"
"Eleutherodactylus inoptatus (Barbour, 1914)","Eleutherodactylus","inoptatus",-69.1999958,19.2364789,"821cc27a-e3bb-4bc5-ac34-89ada245069d"
"Eleutherodactylus wetmorei Cochran, 1932","Eleutherodactylus","wetmorei",-74.1178077,18.4546139,"821cc27a-e3bb-4bc5-ac34-89ada245069d"
"Eleutherodactylus eunaster Schwartz, 1973","Eleutherodactylus","eunaster",-74.1178077,18.4546139,"821cc27a-e3bb-4bc5-ac34-89ada245069d"
"Eleutherodactylus fowleri Schwartz, 1973","Eleutherodactylus","fowleri",-71.7525532,18.2493257,"821cc27a-e3bb-4bc5-ac34-89ada245069d"
"Eleutherodactylus montanus Schmidt, 1919","Eleutherodactylus","montanus",-70.9580356,19.0448875,"821cc27a-e3bb-4bc5-ac34-89ada245069d"
"Eleutherodactylus weinlandi Barbour, 1914","Eleutherodactylus","weinlandi",-69.5930047,19.2514781,"821cc27a-e3bb-4bc5-ac34-89ada245069d"
"Eleutherodactylus grahami Schwartz, 1979","Eleutherodactylus","grahami",-72.7697,19.4586,"821cc27a-e3bb-4bc5-ac34-89ada245069d"
"Eleutherodactylus weinlandi Barbour, 1914","Eleutherodactylus","weinlandi",-70.5833,19.6,"821cc27a-e3bb-4bc5-ac34-89ada245069d"
"Eleutherodactylus zeus Schwartz, 1958","Eleutherodactylus","zeus",-83.4,22.3,"821cc27a-e3bb-4bc5-ac34-89ada245069d"
"Eleutherodactylus weinlandi Barbour, 1914","Eleutherodactylus","weinlandi",-69.1999958,19.2364789,"821cc27a-e3bb-4bc5-ac34-89ada245069d"
"Eleutherodactylus inoptatus (Barbour, 1914)","Eleutherodactylus","inoptatus",-69.3707996,19.0450882,"821cc27a-e3bb-4bc5-ac34-89ada245069d"
"Eleutherodactylus inoptatus (Barbour, 1914)","Eleutherodactylus","inoptatus",-72.2786,18.3033,"821cc27a-e3bb-4bc5-ac34-89ada245069d"
"Eleutherodactylus jamaicensis Barbour, 1910","Eleutherodactylus","jamaicensis",-77.5072,18.0417,"821cc27a-e3bb-4bc5-ac34-89ada245069d"
"Eleutherodactylus leoncei Shreve & Williams, 1963","Eleutherodactylus","leoncei",-71.5338,18.2075,"821cc27a-e3bb-4bc5-ac34-89ada245069d"
"Eleutherodactylus minutus Noble, 1923","Eleutherodactylus","minutus",-70.4872249,19.0306884,"821cc27a-e3bb-4bc5-ac34-89ada245069d"
"Eleutherodactylus olibrus Schwartz, 1958","Eleutherodactylus","olibrus",-83.7078,22.6164,"821cc27a-e3bb-4bc5-ac34-89ada245069d"
"Eleutherodactylus counouspeus Schwartz, 1964","Eleutherodactylus","counouspeus",-73.9612041,18.4818127,"821cc27a-e3bb-4bc5-ac34-89ada245069d"
"Eleutherodactylus audanti Cochran, 1934","Eleutherodactylus","audanti",-71.7105523,18.2904237,"821cc27a-e3bb-4bc5-ac34-89ada245069d"
"Eleutherodactylus glandulifer Cochran, 1935","Eleutherodactylus","glandulifer",-74.03,18.37,"821cc27a-e3bb-4bc5-ac34-89ada245069d"
"Eleutherodactylus hypostenor Schwartz, 1965","Eleutherodactylus","hypostenor",-71.0988383,18.2068282,"821cc27a-e3bb-4bc5-ac34-89ada245069d"
"Eleutherodactylus abbotti Cochran, 1923","Eleutherodactylus","abbotti",-71.4966474,18.2760245,"821cc27a-e3bb-4bc5-ac34-89ada245069d"
"Eleutherodactylus inoptatus (Barbour, 1914)","Eleutherodactylus","inoptatus",-70.4750246,19.0270886,"821cc27a-e3bb-4bc5-ac34-89ada245069d"
"Eleutherodactylus cuneatus (Cope, 1862)","Eleutherodactylus","cuneatus",-74.2167,20.1333,"821cc27a-e3bb-4bc5-ac34-89ada245069d"
"Eleutherodactylus atkinsi Dunn, 1925","Eleutherodactylus","atkinsi",-75.3631,20.3353,"821cc27a-e3bb-4bc5-ac34-89ada245069d"
"Eleutherodactylus sciagraphus Schwartz, 1973","Eleutherodactylus","sciagraphus",-74.0815068,18.4162158,"821cc27a-e3bb-4bc5-ac34-89ada245069d"
"Eleutherodactylus auriculatoides Noble, 1923","Eleutherodactylus","auriculatoides",-70.4997252,19.0328883,"821cc27a-e3bb-4bc5-ac34-89ada245069d"
"Eleutherodactylus monensis (Meerwarth, 1901)","Eleutherodactylus","monensis",-67.8917,18.0861,"821cc27a-e3bb-4bc5-ac34-89ada245069d"
"Eleutherodactylus abbotti Cochran, 1923","Eleutherodactylus","abbotti",-74.0834068,18.411716,"821cc27a-e3bb-4bc5-ac34-89ada245069d"
"Eleutherodactylus juanariveroi Rios-López & Thomas, 2007","Eleutherodactylus","juanariveroi",-66.2017,18.4356,"821cc27a-e3bb-4bc5-ac34-89ada245069d"
"Eleutherodactylus luteolus (Gosse, 1851)","Eleutherodactylus","luteolus",-77.7097,18.2625,"821cc27a-e3bb-4bc5-ac34-89ada245069d"
"Eleutherodactylus pictissimus Cochran, 1935","Eleutherodactylus","pictissimus",-73.916403,18.4529141,"821cc27a-e3bb-4bc5-ac34-89ada245069d"
"Eleutherodactylus planirostris (Cope, 1862)","Eleutherodactylus","planirostris",-81.3569,19.2944,"821cc27a-e3bb-4bc5-ac34-89ada245069d"
"Eleutherodactylus ronaldi Schwartz, 1960","Eleutherodactylus","ronaldi",-74.5,20.2777,"821cc27a-e3bb-4bc5-ac34-89ada245069d"
"Eleutherodactylus atkinsi Dunn, 1925","Eleutherodactylus","atkinsi",-76.8,19.9333,"821cc27a-e3bb-4bc5-ac34-89ada245069d"
"Eleutherodactylus weinlandi Barbour, 1914","Eleutherodactylus","weinlandi",-69.4167,18.8,"821cc27a-e3bb-4bc5-ac34-89ada245069d"
"Eleutherodactylus cubanus Barbour, 1942","Eleutherodactylus","cubanus",-76.8333,19.9833,"821cc27a-e3bb-4bc5-ac34-89ada245069d"
"Eleutherodactylus ricordii (Duméril & Bibron, 1841)","Eleutherodactylus","ricordii",-75.6333,20.0167,"821cc27a-e3bb-4bc5-ac34-89ada245069d"
"Eleutherodactylus glandulifer Cochran, 1935","Eleutherodactylus","glandulifer",-74.1,18.52,"821cc27a-e3bb-4bc5-ac34-89ada245069d"
"Eleutherodactylus fowleri Schwartz, 1973","Eleutherodactylus","fowleri",-71.7577533,18.2335265,"821cc27a-e3bb-4bc5-ac34-89ada245069d"
"Eleutherodactylus inoptatus (Barbour, 1914)","Eleutherodactylus","inoptatus",-71.7563533,18.2326265,"821cc27a-e3bb-4bc5-ac34-89ada245069d"
"Eleutherodactylus abbotti Cochran, 1923","Eleutherodactylus","abbotti",-70.6108277,19.0745862,"821cc27a-e3bb-4bc5-ac34-89ada245069d"
"Eleutherodactylus audanti Cochran, 1934","Eleutherodactylus","audanti",-74.0938071,18.4135159,"821cc27a-e3bb-4bc5-ac34-89ada245069d"
"Eleutherodactylus guantanamera Hedges, Estrada & Thomas, 1992","Eleutherodactylus","guantanamera",-74.8284,20.1544,"821cc27a-e3bb-4bc5-ac34-89ada245069d"
"Eleutherodactylus pictissimus Cochran, 1935","Eleutherodactylus","pictissimus",-71.0813378,18.1029333,"821cc27a-e3bb-4bc5-ac34-89ada245069d"
"Eleutherodactylus cooki Grant, 1932","Eleutherodactylus","cooki",-65.9028,18.0362,"821cc27a-e3bb-4bc5-ac34-89ada245069d"
"Eleutherodactylus inoptatus (Barbour, 1914)","Eleutherodactylus","inoptatus",-74.0967072,18.4397146,"821cc27a-e3bb-4bc5-ac34-89ada245069d"
"Eleutherodactylus hypostenor Schwartz, 1965","Eleutherodactylus","hypostenor",-71.2707422,18.1296319,"821cc27a-e3bb-4bc5-ac34-89ada245069d"
"Eleutherodactylus pituinus Schwartz, 1965","Eleutherodactylus","pituinus",-70.7527309,18.912694,"821cc27a-e3bb-4bc5-ac34-89ada245069d"
"Eleutherodactylus acmonis Schwartz, 1960","Eleutherodactylus","acmonis",-76.8333,19.9833,"821cc27a-e3bb-4bc5-ac34-89ada245069d"
"Eleutherodactylus planirostris (Cope, 1862)","Eleutherodactylus","planirostris",-76.8,19.9333,"821cc27a-e3bb-4bc5-ac34-89ada245069d"
"Eleutherodactylus inoptatus (Barbour, 1914)","Eleutherodactylus","inoptatus",-71.2286412,18.1101328,"821cc27a-e3bb-4bc5-ac34-89ada245069d"
"Eleutherodactylus coqui Thomas, 1966","Eleutherodactylus","coqui",-67.14,18.2031,"821cc27a-e3bb-4bc5-ac34-89ada245069d"
"Eleutherodactylus dimidiatus (Cope, 1862)","Eleutherodactylus","dimidiatus",-83.0167,22.8,"821cc27a-e3bb-4bc5-ac34-89ada245069d"
"Eleutherodactylus locustus Schmidt, 1920","Eleutherodactylus","locustus",-65.781,18.298,"821cc27a-e3bb-4bc5-ac34-89ada245069d"
"Eleutherodactylus flavescens Noble, 1923","Eleutherodactylus","flavescens",-69.4167,18.8,"821cc27a-e3bb-4bc5-ac34-89ada245069d"
"Eleutherodactylus pictissimus Cochran, 1935","Eleutherodactylus","pictissimus",-72.2872655,18.4118174,"821cc27a-e3bb-4bc5-ac34-89ada245069d"
"Eleutherodactylus jugans Cochran, 1937","Eleutherodactylus","jugans",-71.7530532,18.2446259,"821cc27a-e3bb-4bc5-ac34-89ada245069d"
"Eleutherodactylus tonyi Estrada & Hedges, 1997","Eleutherodactylus","tonyi",-77.5828,20.0431,"821cc27a-e3bb-4bc5-ac34-89ada245069d"
"Eleutherodactylus greyi Dunn, 1926","Eleutherodactylus","greyi",-80.1667,22.0667,"821cc27a-e3bb-4bc5-ac34-89ada245069d"
"Eleutherodactylus audanti Cochran, 1934","Eleutherodactylus","audanti",-71.7731,18.6742,"821cc27a-e3bb-4bc5-ac34-89ada245069d"
"Eleutherodactylus weinlandi Barbour, 1914","Eleutherodactylus","weinlandi",-69.2618972,19.0142897,"821cc27a-e3bb-4bc5-ac34-89ada245069d"
"Eleutherodactylus inoptatus (Barbour, 1914)","Eleutherodactylus","inoptatus",-74.1178077,18.4546139,"821cc27a-e3bb-4bc5-ac34-89ada245069d"
"Eleutherodactylus inoptatus (Barbour, 1914)","Eleutherodactylus","inoptatus",-71.1667,18.1333,"821cc27a-e3bb-4bc5-ac34-89ada245069d"
"Eleutherodactylus atkinsi Dunn, 1925","Eleutherodactylus","atkinsi",-81.0317,22.0669,"821cc27a-e3bb-4bc5-ac34-89ada245069d"
"Eleutherodactylus audanti Cochran, 1934","Eleutherodactylus","audanti",-70.626928,18.9795908,"821cc27a-e3bb-4bc5-ac34-89ada245069d"
"Eleutherodactylus toa Estrada & Hedges, 1991","Eleutherodactylus","toa",-74.1883,20.25,"821cc27a-e3bb-4bc5-ac34-89ada245069d"
"Eleutherodactylus turquinensis Barbour & Shreve, 1937","Eleutherodactylus","turquinensis",-76.8,19.9333,"821cc27a-e3bb-4bc5-ac34-89ada245069d"
"Eleutherodactylus guantanamera Hedges, Estrada & Thomas, 1992","Eleutherodactylus","guantanamera",-75.6333,20.0167,"821cc27a-e3bb-4bc5-ac34-89ada245069d"
"Eleutherodactylus auriculatus (Cope, 1862)","Eleutherodactylus","auriculatus",-74.5,20.35,"821cc27a-e3bb-4bc5-ac34-89ada245069d"
"Eleutherodactylus dimidiatus (Cope, 1862)","Eleutherodactylus","dimidiatus",-75.1333,20.35,"821cc27a-e3bb-4bc5-ac34-89ada245069d"
"Eleutherodactylus abbotti Cochran, 1923","Eleutherodactylus","abbotti",-69.5930047,19.2514781,"821cc27a-e3bb-4bc5-ac34-89ada245069d"
"Eleutherodactylus klinikowskii Schwartz, 1959","Eleutherodactylus","klinikowskii",-83.7272,22.6164,"821cc27a-e3bb-4bc5-ac34-89ada245069d"
"Eleutherodactylus audanti Cochran, 1934","Eleutherodactylus","audanti",-74.0834068,18.411716,"821cc27a-e3bb-4bc5-ac34-89ada245069d"
"Eleutherodactylus weinlandi Barbour, 1914","Eleutherodactylus","weinlandi",-69.5833,18.8667,"821cc27a-e3bb-4bc5-ac34-89ada245069d"
"Eleutherodactylus planirostris (Cope, 1862)","Eleutherodactylus","planirostris",-61.7664,12.0217,"821cc27a-e3bb-4bc5-ac34-89ada245069d"
"Eleutherodactylus weinlandi Barbour, 1914","Eleutherodactylus","weinlandi",-69.2240964,19.2292793,"821cc27a-e3bb-4bc5-ac34-89ada245069d"
"Eleutherodactylus portoricensis Schmidt, 1927","Eleutherodactylus","portoricensis",-66.0647,18.0872,"821cc27a-e3bb-4bc5-ac34-89ada245069d"
"Eleutherodactylus nortoni Schwartz, 1976","Eleutherodactylus","nortoni",-72.3036659,18.3818188,"821cc27a-e3bb-4bc5-ac34-89ada245069d"
"Eleutherodactylus audanti Cochran, 1934","Eleutherodactylus","audanti",-74.0106,18.3497,"821cc27a-e3bb-4bc5-ac34-89ada245069d"
"Eleutherodactylus inoptatus (Barbour, 1914)","Eleutherodactylus","inoptatus",-68.6529832,18.4079195,"821cc27a-e3bb-4bc5-ac34-89ada245069d"
"Eleutherodactylus abbotti Cochran, 1923","Eleutherodactylus","abbotti",-69.4167,19.25,"821cc27a-e3bb-4bc5-ac34-89ada245069d"
"Eleutherodactylus pictissimus Cochran, 1935","Eleutherodactylus","pictissimus",-70.4755242,18.3281226,"821cc27a-e3bb-4bc5-ac34-89ada245069d"
"Eleutherodactylus antillensis (Reinhardt & Lütken, 1863)","Eleutherodactylus","antillensis",-67.0106,18.0994,"821cc27a-e3bb-4bc5-ac34-89ada245069d"
"Eleutherodactylus portoricensis Schmidt, 1927","Eleutherodactylus","portoricensis",-65.781,18.298,"821cc27a-e3bb-4bc5-ac34-89ada245069d"
"Eleutherodactylus inoptatus (Barbour, 1914)","Eleutherodactylus","inoptatus",-69.5930047,19.2514781,"821cc27a-e3bb-4bc5-ac34-89ada245069d"
"Eleutherodactylus probolaeus Schwartz, 1965","Eleutherodactylus","probolaeus",-68.6335828,18.3968201,"821cc27a-e3bb-4bc5-ac34-89ada245069d"
"Eleutherodactylus planirostris (Cope, 1862)","Eleutherodactylus","planirostris",-82.7536,22.9875,"821cc27a-e3bb-4bc5-ac34-89ada245069d"
"Eleutherodactylus coqui Thomas, 1966","Eleutherodactylus","coqui",-66.8775,18.2967,"821cc27a-e3bb-4bc5-ac34-89ada245069d"
"Eleutherodactylus pictissimus Cochran, 1935","Eleutherodactylus","pictissimus",-74.257811,18.5613086,"821cc27a-e3bb-4bc5-ac34-89ada245069d"
"Eleutherodactylus antillensis (Reinhardt & Lütken, 1863)","Eleutherodactylus","antillensis",-65.4161,18.1094,"821cc27a-e3bb-4bc5-ac34-89ada245069d"
"Eleutherodactylus furcyensis Shreve & Williams, 1963","Eleutherodactylus","furcyensis",-71.7558533,18.2315265,"821cc27a-e3bb-4bc5-ac34-89ada245069d"
"Eleutherodactylus eileenae Dunn, 1926","Eleutherodactylus","eileenae",-83.3697,22.6467,"821cc27a-e3bb-4bc5-ac34-89ada245069d"
"Eleutherodactylus inoptatus (Barbour, 1914)","Eleutherodactylus","inoptatus",-74.0778068,18.5390098,"821cc27a-e3bb-4bc5-ac34-89ada245069d"
"Eleutherodactylus heminota Shreve & Williams, 1963","Eleutherodactylus","heminota",-71.7558533,18.2315265,"821cc27a-e3bb-4bc5-ac34-89ada245069d"
"Eleutherodactylus sciagraphus Schwartz, 1973","Eleutherodactylus","sciagraphus",-74.1,18.4986,"821cc27a-e3bb-4bc5-ac34-89ada245069d"
"Eleutherodactylus heminota Shreve & Williams, 1963","Eleutherodactylus","heminota",-71.7530532,18.2446259,"821cc27a-e3bb-4bc5-ac34-89ada245069d"
"Eleutherodactylus abbotti Cochran, 1923","Eleutherodactylus","abbotti",-72.2802655,18.5132125,"821cc27a-e3bb-4bc5-ac34-89ada245069d"
"Eleutherodactylus audanti Cochran, 1934","Eleutherodactylus","audanti",-72.3036659,18.3818188,"821cc27a-e3bb-4bc5-ac34-89ada245069d"
"Eleutherodactylus inoptatus (Barbour, 1914)","Eleutherodactylus","inoptatus",-69.996,19.3771,"821cc27a-e3bb-4bc5-ac34-89ada245069d"
"Eleutherodactylus audanti Cochran, 1934","Eleutherodactylus","audanti",-72.3219663,18.3443206,"821cc27a-e3bb-4bc5-ac34-89ada245069d"
"Eleutherodactylus planirostris (Cope, 1862)","Eleutherodactylus","planirostris",-83.6981,22.4175,"821cc27a-e3bb-4bc5-ac34-89ada245069d"
"Eleutherodactylus dimidiatus (Cope, 1862)","Eleutherodactylus","dimidiatus",-80.33,22.12,"821cc27a-e3bb-4bc5-ac34-89ada245069d"
"Eleutherodactylus parabates Schwartz, 1964","Eleutherodactylus","parabates",-71.7689,18.7033,"821cc27a-e3bb-4bc5-ac34-89ada245069d"
"Eleutherodactylus apostates Schwartz, 1973","Eleutherodactylus","apostates",-74.0815068,18.4162158,"821cc27a-e3bb-4bc5-ac34-89ada245069d"
"Eleutherodactylus ionthus Schwartz, 1960","Eleutherodactylus","ionthus",-75.5417,20.0931,"821cc27a-e3bb-4bc5-ac34-89ada245069d"
"Eleutherodactylus abbotti Cochran, 1923","Eleutherodactylus","abbotti",-71.1667,18.1333,"821cc27a-e3bb-4bc5-ac34-89ada245069d"
"Eleutherodactylus weinlandi Barbour, 1914","Eleutherodactylus","weinlandi",-70.391923,19.6695578,"821cc27a-e3bb-4bc5-ac34-89ada245069d"
"Eleutherodactylus flavescens Noble, 1923","Eleutherodactylus","flavescens",-68.6287827,18.3949202,"821cc27a-e3bb-4bc5-ac34-89ada245069d"
"Eleutherodactylus apostates Schwartz, 1973","Eleutherodactylus","apostates",-74.0976072,18.4342149,"821cc27a-e3bb-4bc5-ac34-89ada245069d"
"Eleutherodactylus schmidti Noble, 1923","Eleutherodactylus","schmidti",-70.7386305,18.9070943,"821cc27a-e3bb-4bc5-ac34-89ada245069d"
"Eleutherodactylus locustus Schmidt, 1920","Eleutherodactylus","locustus",-65.7887,18.2756,"821cc27a-e3bb-4bc5-ac34-89ada245069d"
"Eleutherodactylus gossei Dunn, 1926","Eleutherodactylus","gossei",-77.7056,18.2533,"821cc27a-e3bb-4bc5-ac34-89ada245069d"
"Eleutherodactylus weinlandi Barbour, 1914","Eleutherodactylus","weinlandi",-69.5986048,19.2409786,"821cc27a-e3bb-4bc5-ac34-89ada245069d"
"Eleutherodactylus rucillensis Cochran, 1939","Eleutherodactylus","rucillensis",-70.9580356,19.0448875,"821cc27a-e3bb-4bc5-ac34-89ada245069d"
"Eleutherodactylus dimidiatus (Cope, 1862)","Eleutherodactylus","dimidiatus",-83.3697,22.6467,"821cc27a-e3bb-4bc5-ac34-89ada245069d"
"Eleutherodactylus planirostris (Cope, 1862)","Eleutherodactylus","planirostris",-82.3869,22.97,"821cc27a-e3bb-4bc5-ac34-89ada245069d"
"Eleutherodactylus planirostris (Cope, 1862)","Eleutherodactylus","planirostris",-80.0219,21.9136,"821cc27a-e3bb-4bc5-ac34-89ada245069d"
"Eleutherodactylus weinlandi Barbour, 1914","Eleutherodactylus","weinlandi",-69.3257986,19.0320888,"821cc27a-e3bb-4bc5-ac34-89ada245069d"
"Eleutherodactylus abbotti Cochran, 1923","Eleutherodactylus","abbotti",-73.2333,18.35,"821cc27a-e3bb-4bc5-ac34-89ada245069d"
"Eleutherodactylus zugi Schwartz, 1958","Eleutherodactylus","zugi",-83.0167,22.8,"821cc27a-e3bb-4bc5-ac34-89ada245069d"
"Eleutherodactylus inoptatus (Barbour, 1914)","Eleutherodactylus","inoptatus",-74.112986,18.544517,"50c9509d-22c7-4a22-a47d-8c48425ef4a7"
"Eleutherodactylus coqui Thomas, 1966","Eleutherodactylus","coqui",-66.82419,18.342509,"50c9509d-22c7-4a22-a47d-8c48425ef4a7"
"Eleutherodactylus planirostris (Cope, 1862)","Eleutherodactylus","planirostris",-81.381226,19.343318,"50c9509d-22c7-4a22-a47d-8c48425ef4a7"
"Eleutherodactylus coqui Thomas, 1966","Eleutherodactylus","coqui",-66.831103,18.145419,"50c9509d-22c7-4a22-a47d-8c48425ef4a7"
"Eleutherodactylus limbatus (Cope, 1862)","Eleutherodactylus","limbatus",-80.338222,22.131611,"aad97542-a068-449d-adb3-a8e937f64cb4"
"Eleutherodactylus inoptatus (Barbour, 1914)","Eleutherodactylus","inoptatus",-71.621133,18.112667,"9661bc40-f762-11e1-a439-00145eb45e9a"
"Eleutherodactylus alcoae Schwartz, 1971","Eleutherodactylus","alcoae",-71.643767,18.064867,"9661bc40-f762-11e1-a439-00145eb45e9a"
"Eleutherodactylus coqui Thomas, 1966","Eleutherodactylus","coqui",-66.090905,18.453782,"50c9509d-22c7-4a22-a47d-8c48425ef4a7"
"Eleutherodactylus coqui Thomas, 1966","Eleutherodactylus","coqui",-66.080867,18.455045,"50c9509d-22c7-4a22-a47d-8c48425ef4a7"
"Eleutherodactylus limbatus (Cope, 1862)","Eleutherodactylus","limbatus",-83.0167,22.8,"c287bcb5-ee4a-456f-86b6-dae0e6fe7958"
"Eleutherodactylus cuneatus (Cope, 1862)","Eleutherodactylus","sierramaestrae",-75.6333,20.0167,"c287bcb5-ee4a-456f-86b6-dae0e6fe7958"
"Eleutherodactylus cuneatus (Cope, 1862)","Eleutherodactylus","cuneatus",-83.8167,22.4833,"c287bcb5-ee4a-456f-86b6-dae0e6fe7958"
"Eleutherodactylus zugi Schwartz, 1958","Eleutherodactylus","zugi",-83.0167,22.8,"c287bcb5-ee4a-456f-86b6-dae0e6fe7958"
"Eleutherodactylus cuneatus (Cope, 1862)","Eleutherodactylus","cuneatus",-83.0167,22.8,"c287bcb5-ee4a-456f-86b6-dae0e6fe7958"
"Eleutherodactylus planirostris (Cope, 1862)","Eleutherodactylus","planirostris",-82.41666,23.11666,"c287bcb5-ee4a-456f-86b6-dae0e6fe7958"
"Eleutherodactylus dimidiatus (Cope, 1862)","Eleutherodactylus","dimidiatus",-83.0167,22.8,"c287bcb5-ee4a-456f-86b6-dae0e6fe7958"
"Eleutherodactylus klinikowskii Schwartz, 1959","Eleutherodactylus","klinikowskii",-83.8167,22.4833,"c287bcb5-ee4a-456f-86b6-dae0e6fe7958"
"Eleutherodactylus varians (Gundlach & Peters, 1864)","Eleutherodactylus","varians",-83.8167,22.4833,"c287bcb5-ee4a-456f-86b6-dae0e6fe7958"
"Eleutherodactylus eileenae Dunn, 1926","Eleutherodactylus","eileenae",-83.8167,22.4833,"c287bcb5-ee4a-456f-86b6-dae0e6fe7958"
"Eleutherodactylus auriculatus (Cope, 1862)","Eleutherodactylus","auriculatus",-83.0167,22.8,"c287bcb5-ee4a-456f-86b6-dae0e6fe7958"
"Eleutherodactylus atkinsi Dunn, 1925","Eleutherodactylus","atkinsi",-82.41666,23.11666,"c287bcb5-ee4a-456f-86b6-dae0e6fe7958"
"Eleutherodactylus spec Duellman & Simmons, 1977","Eleutherodactylus","spec",-72.2872435,18.4118284,"c287bcb5-ee4a-456f-86b6-dae0e6fe7958"
"Eleutherodactylus iberia Estrada & Hedges, 1996","Eleutherodactylus","iberia",-74.85215,20.57708,"7f6dd0f7-9ed4-49c0-bb71-b2a9c7fed9f1"
"Eleutherodactylus simulans Díaz & Fong, 2001","Eleutherodactylus","simulans",-74.671697,20.510614,"7f6dd0f7-9ed4-49c0-bb71-b2a9c7fed9f1"
"Eleutherodactylus limbatus (Cope, 1862)","Eleutherodactylus","limbatus",-75.695739,19.998564,"7f6dd0f7-9ed4-49c0-bb71-b2a9c7fed9f1"
"Eleutherodactylus spec Duellman & Simmons, 1977","Eleutherodactylus","spec",-67.102567,18.011467,"7f6dd0f7-9ed4-49c0-bb71-b2a9c7fed9f1"
"Eleutherodactylus inoptatus (Barbour, 1914)","Eleutherodactylus","inoptatus",-70.597183,19.10445,"7f6dd0f7-9ed4-49c0-bb71-b2a9c7fed9f1"
"Eleutherodactylus gundlachi Schmidt, 1920","Eleutherodactylus","gundlachi",-76.680874,19.958025,"7f6dd0f7-9ed4-49c0-bb71-b2a9c7fed9f1"
"Eleutherodactylus coqui Thomas, 1966","Eleutherodactylus","coqui",-65.797924,18.261377,"7f6dd0f7-9ed4-49c0-bb71-b2a9c7fed9f1"
"Eleutherodactylus abbotti Cochran, 1923","Eleutherodactylus","abbotti",-70.596917,19.102683,"7f6dd0f7-9ed4-49c0-bb71-b2a9c7fed9f1"
"Eleutherodactylus auriculatus (Cope, 1862)","Eleutherodactylus","auriculatus",-74.671697,20.510614,"7f6dd0f7-9ed4-49c0-bb71-b2a9c7fed9f1"
"Eleutherodactylus wightmanae Schmidt, 1920","Eleutherodactylus","wightmanae",-66.483333,18.183333,"7f6dd0f7-9ed4-49c0-bb71-b2a9c7fed9f1"
"Eleutherodactylus montanus Schmidt, 1919","Eleutherodactylus","montanus",-70.5178,19.03995,"7f6dd0f7-9ed4-49c0-bb71-b2a9c7fed9f1"
"Eleutherodactylus coqui Thomas, 1966","Eleutherodactylus","coqui",-66.70874,18.34048,"7f6dd0f7-9ed4-49c0-bb71-b2a9c7fed9f1"
"Eleutherodactylus jaumei Estrada & Alonso, 1997","Eleutherodactylus","jaumei",-76.680874,19.958025,"7f6dd0f7-9ed4-49c0-bb71-b2a9c7fed9f1"
"Eleutherodactylus johnstonei Barbour, 1914","Eleutherodactylus","johnstonei",-76.68685,18.08834,"7f6dd0f7-9ed4-49c0-bb71-b2a9c7fed9f1"
"Eleutherodactylus coqui Thomas, 1966","Eleutherodactylus","coqui",-66.483333,18.183333,"7f6dd0f7-9ed4-49c0-bb71-b2a9c7fed9f1"
"Eleutherodactylus maestrensis Díaz, Cádiz & Navarro, 2005","Eleutherodactylus","maestrensis",-76.680874,19.958025,"7f6dd0f7-9ed4-49c0-bb71-b2a9c7fed9f1"
"Eleutherodactylus coqui Thomas, 1966","Eleutherodactylus","coqui",-66.5,18.333333,"7f6dd0f7-9ed4-49c0-bb71-b2a9c7fed9f1"
"Eleutherodactylus cubanus Barbour, 1942","Eleutherodactylus","cubanus",-76.680874,19.958025,"7f6dd0f7-9ed4-49c0-bb71-b2a9c7fed9f1"
"Eleutherodactylus abbotti Cochran, 1923","Eleutherodactylus","abbotti",-70.585567,19.104917,"7f6dd0f7-9ed4-49c0-bb71-b2a9c7fed9f1"
"Eleutherodactylus ionthus Schwartz, 1960","Eleutherodactylus","ionthus",-76.680874,19.958025,"7f6dd0f7-9ed4-49c0-bb71-b2a9c7fed9f1"
"Eleutherodactylus inoptatus (Barbour, 1914)","Eleutherodactylus","inoptatus",-70.586683,19.1092,"7f6dd0f7-9ed4-49c0-bb71-b2a9c7fed9f1"
"Eleutherodactylus abbotti Cochran, 1923","Eleutherodactylus","abbotti",-70.522583,19.03935,"7f6dd0f7-9ed4-49c0-bb71-b2a9c7fed9f1"
"Eleutherodactylus melacara Hedges, Estrada & Thomas, 1992","Eleutherodactylus","melacara",-76.680874,19.958025,"7f6dd0f7-9ed4-49c0-bb71-b2a9c7fed9f1"
"Eleutherodactylus dimidiatus (Cope, 1862)","Eleutherodactylus","dimidiatus",-76.680874,19.958025,"7f6dd0f7-9ed4-49c0-bb71-b2a9c7fed9f1"
"Eleutherodactylus cochranae Grant, 1932","Eleutherodactylus","cochranae",-66.5,18.333333,"7f6dd0f7-9ed4-49c0-bb71-b2a9c7fed9f1"
"Eleutherodactylus planirostris (Cope, 1862)","Eleutherodactylus","planirostris",-72.187648,21.795193,"50c9509d-22c7-4a22-a47d-8c48425ef4a7"
"Eleutherodactylus johnstonei Barbour, 1914","Eleutherodactylus","barbudensis",-61.77,17.68,"2fba9985-ac30-46cb-99bf-91ccde0d8d2f"
"Eleutherodactylus pituinus Schwartz, 1965","Eleutherodactylus","pituinus",-70.58797,18.6564,"4bfac3ea-8763-4f4b-a71a-76a6f5f243d3"
"Eleutherodactylus montanus Schmidt, 1919","Eleutherodactylus","montanus",-70.51984,19.04078,"4bfac3ea-8763-4f4b-a71a-76a6f5f243d3"
"Eleutherodactylus minutus Noble, 1923","Eleutherodactylus","minutus",-70.51984,19.04078,"4bfac3ea-8763-4f4b-a71a-76a6f5f243d3"
"Eleutherodactylus pituinus Schwartz, 1965","Eleutherodactylus","pituinus",-70.68314,18.86049,"4bfac3ea-8763-4f4b-a71a-76a6f5f243d3"
"Eleutherodactylus leoncei Shreve & Williams, 1963","Eleutherodactylus","leoncei",-71.71225,18.28702,"4bfac3ea-8763-4f4b-a71a-76a6f5f243d3"
"Eleutherodactylus planirostris (Cope, 1862)","Eleutherodactylus","planirostris",-74.58395,20.463525,"50c9509d-22c7-4a22-a47d-8c48425ef4a7"
"Eleutherodactylus coqui Thomas, 1966","Eleutherodactylus","coqui",-65.8245,18.3412,"8935e64a-f762-11e1-a439-00145eb45e9a"
"Eleutherodactylus coqui Thomas, 1966","Eleutherodactylus","coqui",-65.8261,18.3408,"8935e64a-f762-11e1-a439-00145eb45e9a"
"Eleutherodactylus portoricensis Schmidt, 1927","Eleutherodactylus","portoricensis",-65.791626,18.300425,"8935e64a-f762-11e1-a439-00145eb45e9a"
"Eleutherodactylus audanti Cochran, 1934","Eleutherodactylus","audanti",-71.7875,18.3317,"861d3d64-f762-11e1-a439-00145eb45e9a"
"Eleutherodactylus inoptatus (Barbour, 1914)","Eleutherodactylus","inoptatus",-71.8438993,18.2354483,"861d3d64-f762-11e1-a439-00145eb45e9a"
"Eleutherodactylus inoptatus (Barbour, 1914)","Eleutherodactylus","inoptatus",-72.058056,18.235,"861d3d64-f762-11e1-a439-00145eb45e9a"
"Eleutherodactylus heminota Shreve & Williams, 1963","Eleutherodactylus","bakeri",-72.27,18.42,"861d3d64-f762-11e1-a439-00145eb45e9a"
"Eleutherodactylus furcyensis Shreve & Williams, 1963","Eleutherodactylus","furcyensis",-72.27,18.42,"861d3d64-f762-11e1-a439-00145eb45e9a"
"Eleutherodactylus leoncei Shreve & Williams, 1963","Eleutherodactylus","leoncei",-71.7875,18.3317,"861d3d64-f762-11e1-a439-00145eb45e9a"
"Eleutherodactylus audanti Cochran, 1934","Eleutherodactylus","audanti",-72.27,18.42,"861d3d64-f762-11e1-a439-00145eb45e9a"
"Eleutherodactylus inoptatus (Barbour, 1914)","Eleutherodactylus","inoptatus",-72.0833,18.3,"861d3d64-f762-11e1-a439-00145eb45e9a"
"Eleutherodactylus inoptatus (Barbour, 1914)","Eleutherodactylus","inoptatus",-72.27,18.42,"861d3d64-f762-11e1-a439-00145eb45e9a"
"Eleutherodactylus wetmorei Cochran, 1932","Eleutherodactylus","wetmorei",-71.8438993,18.2354483,"861d3d64-f762-11e1-a439-00145eb45e9a"
"Eleutherodactylus semipalmatus Shreve, 1936","Eleutherodactylus","semipalmatus",-72.27,18.42,"861d3d64-f762-11e1-a439-00145eb45e9a"
"Eleutherodactylus schwartzi Thomas, 1966","Eleutherodactylus","schwartzi",-64.656039,18.40975,"861d3d64-f762-11e1-a439-00145eb45e9a"
"Eleutherodactylus armstrongi Noble & Hassler, 1933","Eleutherodactylus","armstrongi",-72.27,18.42,"861d3d64-f762-11e1-a439-00145eb45e9a"
"Eleutherodactylus antillensis (Reinhardt & Lütken, 1863)","Eleutherodactylus","antillensis",-64.656039,18.40975,"861d3d64-f762-11e1-a439-00145eb45e9a"
"Eleutherodactylus coqui Thomas, 1966","Eleutherodactylus","coqui",-67.079594,18.162536,"861d3d64-f762-11e1-a439-00145eb45e9a"
"Eleutherodactylus audanti Cochran, 1934","Eleutherodactylus","audanti",-71.75,18.3167,"861d3d64-f762-11e1-a439-00145eb45e9a"
"Eleutherodactylus coqui Thomas, 1966","Eleutherodactylus","coqui",-67.245674,18.320907,"50c9509d-22c7-4a22-a47d-8c48425ef4a7"
