"acceptedScientificName","genericName","specificEpithet","decimalLongitude","decimalLatitude","first","second","third","datasetKey"
"Scalesia affinis Hook.fil.","Scalesia","affinis",-90.431389,-1.296667,"Ecuador","Isla Santa Maria",NA,"aab0cf80-0c64-11dd-84d1-b8a03c50a862"
"Scalesia aspera Andersson","Scalesia","aspera",-90.366667,-0.633333,"Ecuador","Isla Santa Cruz",NA,"aab0cf80-0c64-11dd-84d1-b8a03c50a862"
"Scalesia divisa Andersson","Scalesia","divisa",-89.431944,-0.829167,"Ecuador","Isla San Cristobal",NA,"aab0cf80-0c64-11dd-84d1-b8a03c50a862"
"Scalesia helleri B.L.Rob.","Scalesia","helleri",-90.278696,-0.662285,"Ecuador","Isla Santa Cruz",NA,"50c9509d-22c7-4a22-a47d-8c48425ef4a7"
"Scalesia gordilloi O.J.Hamann & Wium-And.","Scalesia","gordilloi",-89.563646,-0.856834,"Ecuador","Isla San Cristobal",NA,"50c9509d-22c7-4a22-a47d-8c48425ef4a7"
"Scalesia pedunculata Hook.fil.","Scalesia","pedunculata",-90.360041,-0.607995,"Ecuador","Isla Santa Cruz",NA,"50c9509d-22c7-4a22-a47d-8c48425ef4a7"
"Scalesia pedunculata Hook.fil.","Scalesia","pedunculata",-90.420089,-0.641859,"Ecuador","Isla Santa Cruz",NA,"50c9509d-22c7-4a22-a47d-8c48425ef4a7"
"Scalesia pedunculata Hook.fil.","Scalesia","pedunculata",-90.239489,-0.626457,"Ecuador","Isla Santa Cruz",NA,"50c9509d-22c7-4a22-a47d-8c48425ef4a7"
"Scalesia affinis Hook.fil.","Scalesia","affinis",-90.303597,-0.74242,"Ecuador","Isla Santa Cruz",NA,"50c9509d-22c7-4a22-a47d-8c48425ef4a7"
"Scalesia pedunculata Hook.fil.","Scalesia","pedunculata",-90.406509,-0.679861,"Ecuador","Isla Santa Cruz",NA,"50c9509d-22c7-4a22-a47d-8c48425ef4a7"
"Scalesia helleri B.L.Rob.","Scalesia","helleri",-90.276898,-0.694801,"Ecuador","Isla Santa Cruz",NA,"50c9509d-22c7-4a22-a47d-8c48425ef4a7"
"Scalesia affinis Hook.fil.","Scalesia","affinis",-90.958337,-0.956833,"Ecuador","Isla Isabela",NA,"50c9509d-22c7-4a22-a47d-8c48425ef4a7"
"Scalesia helleri B.L.Rob.","Scalesia","helleri",-90.23013,-0.661767,"Ecuador","Isla Santa Cruz",NA,"50c9509d-22c7-4a22-a47d-8c48425ef4a7"
"Scalesia affinis Hook.fil.","Scalesia","affinis",-91.082132,-0.788972,"Ecuador","Isla Isabela",NA,"50c9509d-22c7-4a22-a47d-8c48425ef4a7"
"Scalesia helleri B.L.Rob.","Scalesia","helleri",-90.372559,-0.747503,"Ecuador","Isla Santa Cruz",NA,"50c9509d-22c7-4a22-a47d-8c48425ef4a7"
"Scalesia helleri B.L.Rob.","Scalesia","helleri",-90.298146,-0.609284,"Ecuador","Isla Santa Cruz",NA,"50c9509d-22c7-4a22-a47d-8c48425ef4a7"
"Scalesia affinis Hook.fil.","Scalesia","affinis",-90.303825,-0.742197,"Ecuador","Isla Santa Cruz",NA,"50c9509d-22c7-4a22-a47d-8c48425ef4a7"
"Scalesia affinis Hook.fil.","Scalesia","affinis",-91.009483,-0.965097,"Ecuador","Isla Isabela",NA,"50c9509d-22c7-4a22-a47d-8c48425ef4a7"
"Scalesia pedunculata Hook.fil.","Scalesia","pedunculata",-90.422958,-0.735333,"Ecuador","Isla Santa Cruz",NA,"50c9509d-22c7-4a22-a47d-8c48425ef4a7"
"Scalesia affinis Hook.fil.","Scalesia","affinis",-90.304078,-0.742062,"Ecuador","Isla Santa Cruz",NA,"50c9509d-22c7-4a22-a47d-8c48425ef4a7"
"Scalesia pedunculata Hook.fil.","Scalesia","pedunculata",-90.314302,-0.739602,"Ecuador","Isla Santa Cruz",NA,"50c9509d-22c7-4a22-a47d-8c48425ef4a7"
"Scalesia pedunculata Hook.fil.","Scalesia","pedunculata",-90.289319,-0.734244,"Ecuador","Isla Santa Cruz",NA,"50c9509d-22c7-4a22-a47d-8c48425ef4a7"
"Scalesia helleri B.L.Rob.","Scalesia","helleri",-90.256975,-0.748902,"Ecuador","Isla Santa Cruz",NA,"50c9509d-22c7-4a22-a47d-8c48425ef4a7"
"Scalesia helleri B.L.Rob.","Scalesia","helleri",-90.385724,-0.745789,"Ecuador","Isla Santa Cruz",NA,"50c9509d-22c7-4a22-a47d-8c48425ef4a7"
"Scalesia villosa A.Stewart","Scalesia","villosa",-90.504215,-1.31188,"Ecuador","Isla Santa Maria",NA,"50c9509d-22c7-4a22-a47d-8c48425ef4a7"
"Scalesia affinis Hook.fil.","Scalesia","affinis",-90.303825,-0.742197,"Ecuador","Isla Santa Cruz",NA,"50c9509d-22c7-4a22-a47d-8c48425ef4a7"
"Scalesia helleri B.L.Rob.","Scalesia","helleri",-90.232989,-0.702279,"Ecuador","Isla Santa Cruz",NA,"50c9509d-22c7-4a22-a47d-8c48425ef4a7"
"Scalesia helleri B.L.Rob.","Scalesia","helleri",-90.236864,-0.631722,"Ecuador","Isla Santa Cruz",NA,"50c9509d-22c7-4a22-a47d-8c48425ef4a7"
"Scalesia helleri B.L.Rob.","Scalesia","helleri",-90.340854,-0.647291,"Ecuador","Isla Santa Cruz",NA,"50c9509d-22c7-4a22-a47d-8c48425ef4a7"
"Scalesia affinis Hook.fil.","Scalesia","affinis",-91.099997,-0.782645,"Ecuador","Isla Isabela",NA,"50c9509d-22c7-4a22-a47d-8c48425ef4a7"
"Scalesia helleri B.L.Rob.","Scalesia","helleri",-90.245811,-0.637182,"Ecuador","Isla Santa Cruz",NA,"50c9509d-22c7-4a22-a47d-8c48425ef4a7"
"Scalesia pedunculata Hook.fil.","Scalesia","pedunculata",-90.264025,-0.748185,"Ecuador","Isla Santa Cruz",NA,"50c9509d-22c7-4a22-a47d-8c48425ef4a7"
"Scalesia helleri B.L.Rob.","Scalesia","helleri",-90.290028,-0.716479,"Ecuador","Isla Santa Cruz",NA,"50c9509d-22c7-4a22-a47d-8c48425ef4a7"
"Scalesia retroflexa Hemsl.","Scalesia","retroflexa",-90.351329,-0.637671,"Ecuador","Isla Santa Cruz",NA,"50c9509d-22c7-4a22-a47d-8c48425ef4a7"
"Scalesia affinis Hook.fil.","Scalesia","affinis",-90.303933,-0.742142,"Ecuador","Isla Santa Cruz",NA,"50c9509d-22c7-4a22-a47d-8c48425ef4a7"
"Scalesia affinis Hook.fil.","Scalesia","affinis",-91.007483,-0.963203,"Ecuador","Isla Isabela",NA,"50c9509d-22c7-4a22-a47d-8c48425ef4a7"
"Scalesia pedunculata Hook.fil.","Scalesia","pedunculata",-90.364448,-0.631201,"Ecuador","Isla Santa Cruz",NA,"50c9509d-22c7-4a22-a47d-8c48425ef4a7"
"Scalesia affinis Hook.fil.","Scalesia","affinis",-91.007614,-0.963072,"Ecuador","Isla Isabela",NA,"50c9509d-22c7-4a22-a47d-8c48425ef4a7"
"Scalesia helleri B.L.Rob.","Scalesia","helleri",-90.275208,-0.708032,"Ecuador","Isla Santa Cruz",NA,"50c9509d-22c7-4a22-a47d-8c48425ef4a7"
"Scalesia affinis Hook.fil.","Scalesia","affinis",-90.960128,-0.958853,"Ecuador","Isla Isabela",NA,"50c9509d-22c7-4a22-a47d-8c48425ef4a7"
"Scalesia pedunculata Hook.fil.","Scalesia","pedunculata",-90.362144,-0.625146,"Ecuador","Isla Santa Cruz",NA,"50c9509d-22c7-4a22-a47d-8c48425ef4a7"
"Scalesia pedunculata Hook.fil.","Scalesia","pedunculata",-90.368076,-0.687715,"Ecuador","Isla Santa Cruz",NA,"50c9509d-22c7-4a22-a47d-8c48425ef4a7"
"Scalesia affinis Hook.fil.","Scalesia","affinis",-90.312061,-0.747475,"Ecuador","Isla Santa Cruz",NA,"50c9509d-22c7-4a22-a47d-8c48425ef4a7"
"Scalesia pedunculata Hook.fil.","Scalesia","pedunculata",-90.477734,-0.714277,"Ecuador","Isla Santa Cruz",NA,"50c9509d-22c7-4a22-a47d-8c48425ef4a7"
"Scalesia pedunculata Hook.fil.","Scalesia","pedunculata",-90.392497,-0.637118,"Ecuador","Isla Santa Cruz",NA,"50c9509d-22c7-4a22-a47d-8c48425ef4a7"
"Scalesia affinis Hook.fil.","Scalesia","affinis",-90.30407,-0.7423,"Ecuador","Isla Santa Cruz",NA,"50c9509d-22c7-4a22-a47d-8c48425ef4a7"
"Scalesia affinis Hook.fil.","Scalesia","affinis",-91.002031,-0.971242,"Ecuador","Isla Isabela",NA,"50c9509d-22c7-4a22-a47d-8c48425ef4a7"
"Scalesia affinis Hook.fil.","Scalesia","affinis",-90.304141,-0.742159,"Ecuador","Isla Santa Cruz",NA,"50c9509d-22c7-4a22-a47d-8c48425ef4a7"
"Scalesia affinis Hook.fil.","Scalesia","affinis",-91.331947,-0.720985,"Ecuador","Isla Isabela",NA,"50c9509d-22c7-4a22-a47d-8c48425ef4a7"
"Scalesia pedunculata Hook.fil.","Scalesia","pedunculata",-90.330498,-0.779758,"Ecuador","Isla Santa Cruz",NA,"50c9509d-22c7-4a22-a47d-8c48425ef4a7"
"Scalesia pedunculata Hook.fil.","Scalesia","pedunculata",-90.224596,-0.637717,"Ecuador","Isla Santa Cruz",NA,"50c9509d-22c7-4a22-a47d-8c48425ef4a7"
"Scalesia affinis Hook.fil.","Scalesia","affinis",-90.327744,-0.732253,"Ecuador","Isla Santa Cruz",NA,"50c9509d-22c7-4a22-a47d-8c48425ef4a7"
"Scalesia affinis Hook.fil.","Scalesia","affinis",-90.304017,-0.742317,"Ecuador","Isla Santa Cruz",NA,"50c9509d-22c7-4a22-a47d-8c48425ef4a7"
"Scalesia affinis Hook.fil.","Scalesia","affinis",-91.099821,-0.780764,"Ecuador","Isla Isabela",NA,"50c9509d-22c7-4a22-a47d-8c48425ef4a7"
"Scalesia helleri B.L.Rob.","Scalesia","helleri",-90.247607,-0.721773,"Ecuador","Isla Santa Cruz",NA,"50c9509d-22c7-4a22-a47d-8c48425ef4a7"
"Scalesia helleri B.L.Rob.","Scalesia","helleri",-90.3006,-0.723798,"Ecuador","Isla Santa Cruz",NA,"50c9509d-22c7-4a22-a47d-8c48425ef4a7"
"Scalesia affinis Hook.fil.","Scalesia","affinis",-90.303978,-0.742083,"Ecuador","Isla Santa Cruz",NA,"50c9509d-22c7-4a22-a47d-8c48425ef4a7"
"Scalesia affinis Hook.fil.","Scalesia","affinis",-91.100159,-0.78314,"Ecuador","Isla Isabela",NA,"8a863029-f435-446a-821e-275f4f641165"
"Scalesia pedunculata Hook.fil.","Scalesia","pedunculata",-90.384723,-0.625771,"Ecuador","Isla Santa Cruz",NA,"8a863029-f435-446a-821e-275f4f641165"
"Scalesia pedunculata Hook.fil.","Scalesia","pedunculata",-90.385539,-0.624768,"Ecuador","Isla Santa Cruz",NA,"8a863029-f435-446a-821e-275f4f641165"
"Scalesia helleri B.L.Rob.","Scalesia","helleri",-90.293696,-0.701357,"Ecuador","Isla Santa Cruz",NA,"50c9509d-22c7-4a22-a47d-8c48425ef4a7"
"Scalesia affinis Hook.fil.","Scalesia","affinis",-90.303784,-0.742127,"Ecuador","Isla Santa Cruz",NA,"50c9509d-22c7-4a22-a47d-8c48425ef4a7"
"Scalesia affinis Hook.fil.","Scalesia","affinis",-91.371422,-0.251964,"Ecuador","Isla Isabela",NA,"50c9509d-22c7-4a22-a47d-8c48425ef4a7"
"Scalesia affinis Hook.fil.","Scalesia","affinis",-91.334388,-0.721216,"Ecuador","Isla Isabela",NA,"8a863029-f435-446a-821e-275f4f641165"
"Scalesia affinis Hook.fil.","Scalesia","affinis",-91.427006,-0.786987,"Ecuador","Isla Isabela",NA,"8a863029-f435-446a-821e-275f4f641165"
"Scalesia pedunculata Hook.fil.","Scalesia","pedunculata",-90.454974,-1.314319,"Ecuador","Isla Santa Maria",NA,"8a863029-f435-446a-821e-275f4f641165"
"Scalesia affinis Hook.fil.","Scalesia","affinis",-91.25482,-0.690647,"Ecuador","Isla Isabela",NA,"8a863029-f435-446a-821e-275f4f641165"
"Scalesia pedunculata Hook.fil.","Scalesia","pedunculata",-90.384743,-0.625388,"Ecuador","Isla Santa Cruz",NA,"8a863029-f435-446a-821e-275f4f641165"
"Scalesia pedunculata Hook.fil.","Scalesia","pedunculata",-90.288817,-0.640468,"Ecuador","Isla Santa Cruz",NA,"8a863029-f435-446a-821e-275f4f641165"
"Scalesia pedunculata Hook.fil.","Scalesia","pedunculata",-90.344778,-0.769455,"Ecuador","Isla Santa Cruz",NA,"50c9509d-22c7-4a22-a47d-8c48425ef4a7"
"Scalesia pedunculata Hook.fil.","Scalesia","pedunculata",-90.393627,-0.74426,"Ecuador","Isla Santa Cruz",NA,"50c9509d-22c7-4a22-a47d-8c48425ef4a7"
"Scalesia pedunculata Hook.fil.","Scalesia","pedunculata",-89.489834,-0.801062,"Ecuador","Isla San Cristobal",NA,"50c9509d-22c7-4a22-a47d-8c48425ef4a7"
"Scalesia pedunculata Hook.fil.","Scalesia","pedunculata",-90.2953,-0.695106,"Ecuador","Isla Santa Cruz",NA,"50c9509d-22c7-4a22-a47d-8c48425ef4a7"
"Scalesia pedunculata Hook.fil.","Scalesia","pedunculata",-90.373459,-0.675771,"Ecuador","Isla Santa Cruz",NA,"50c9509d-22c7-4a22-a47d-8c48425ef4a7"
"Scalesia affinis Hook.fil.","Scalesia","affinis",-90.303963,-0.742367,"Ecuador","Isla Santa Cruz",NA,"50c9509d-22c7-4a22-a47d-8c48425ef4a7"
"Scalesia affinis Hook.fil.","Scalesia","affinis",-91.100067,-0.782125,"Ecuador","Isla Isabela",NA,"50c9509d-22c7-4a22-a47d-8c48425ef4a7"
"Scalesia helleri B.L.Rob.","Scalesia","helleri",-90.362766,-0.738676,"Ecuador","Isla Santa Cruz",NA,"50c9509d-22c7-4a22-a47d-8c48425ef4a7"
"Scalesia pedunculata Hook.fil.","Scalesia","pedunculata",-90.37125,-0.650405,"Ecuador","Isla Santa Cruz",NA,"50c9509d-22c7-4a22-a47d-8c48425ef4a7"
"Scalesia pedunculata Hook.fil.","Scalesia","pedunculata",-90.324321,-0.763898,"Ecuador","Isla Santa Cruz",NA,"50c9509d-22c7-4a22-a47d-8c48425ef4a7"
"Scalesia pedunculata Hook.fil.","Scalesia","pedunculata",-90.328085,-0.613542,"Ecuador","Isla Santa Cruz",NA,"50c9509d-22c7-4a22-a47d-8c48425ef4a7"
"Scalesia affinis Hook.fil.","Scalesia","affinis",-90.304183,-0.742142,"Ecuador","Isla Santa Cruz",NA,"50c9509d-22c7-4a22-a47d-8c48425ef4a7"
"Scalesia pedunculata Hook.fil.","Scalesia","pedunculata",-90.305922,-0.635756,"Ecuador","Isla Santa Cruz",NA,"50c9509d-22c7-4a22-a47d-8c48425ef4a7"
"Scalesia pedunculata Hook.fil.","Scalesia","pedunculata",-89.497645,-0.890138,"Ecuador","Isla San Cristobal",NA,"50c9509d-22c7-4a22-a47d-8c48425ef4a7"
"Scalesia helleri B.L.Rob.","Scalesia","helleri",-90.272584,-0.699157,"Ecuador","Isla Santa Cruz",NA,"50c9509d-22c7-4a22-a47d-8c48425ef4a7"
"Scalesia pedunculata Hook.fil.","Scalesia","pedunculata",-90.40018,-0.759932,"Ecuador","Isla Santa Cruz",NA,"50c9509d-22c7-4a22-a47d-8c48425ef4a7"
"Scalesia pedunculata Hook.fil.","Scalesia","pedunculata",-90.336435,-0.655092,"Ecuador","Isla Santa Cruz",NA,"50c9509d-22c7-4a22-a47d-8c48425ef4a7"
"Scalesia pedunculata Hook.fil.","Scalesia","pedunculata",-90.381434,-0.69103,"Ecuador","Isla Santa Cruz",NA,"50c9509d-22c7-4a22-a47d-8c48425ef4a7"
"Scalesia helleri B.L.Rob.","Scalesia","helleri",-90.304976,-0.617573,"Ecuador","Isla Santa Cruz",NA,"50c9509d-22c7-4a22-a47d-8c48425ef4a7"
"Scalesia pedunculata Hook.fil.","Scalesia","pedunculata",-91.072944,-0.783763,"Ecuador","Isla Isabela",NA,"50c9509d-22c7-4a22-a47d-8c48425ef4a7"
"Scalesia pedunculata Hook.fil.","Scalesia","pedunculata",-91.057958,-0.842342,"Ecuador","Isla Isabela",NA,"50c9509d-22c7-4a22-a47d-8c48425ef4a7"
"Scalesia helleri B.L.Rob.","Scalesia","helleri",-90.22158,-0.606115,"Ecuador","Isla Santa Cruz",NA,"50c9509d-22c7-4a22-a47d-8c48425ef4a7"
"Scalesia pedunculata Hook.fil.","Scalesia","pedunculata",-89.467526,-0.845384,"Ecuador","Isla San Cristobal",NA,"50c9509d-22c7-4a22-a47d-8c48425ef4a7"
"Scalesia affinis Hook.fil.","Scalesia","affinis",-90.303963,-0.742087,"Ecuador","Isla Santa Cruz",NA,"50c9509d-22c7-4a22-a47d-8c48425ef4a7"
"Scalesia affinis Hook.fil.","Scalesia","affinis",-90.303853,-0.742531,"Ecuador","Isla Santa Cruz",NA,"50c9509d-22c7-4a22-a47d-8c48425ef4a7"
"Scalesia pedunculata Hook.fil.","Scalesia","pedunculata",-90.309247,-0.66707,"Ecuador","Isla Santa Cruz",NA,"50c9509d-22c7-4a22-a47d-8c48425ef4a7"
"Scalesia affinis subsp. brachyloba Harling","Scalesia","affinis",-90.304036,-0.742511,"Ecuador","Isla Santa Cruz",NA,"50c9509d-22c7-4a22-a47d-8c48425ef4a7"
"Scalesia pedunculata Hook.fil.","Scalesia","pedunculata",-90.453332,-0.711277,"Ecuador","Isla Santa Cruz",NA,"50c9509d-22c7-4a22-a47d-8c48425ef4a7"
"Scalesia pedunculata Hook.fil.","Scalesia","pedunculata",-90.497382,-0.661272,"Ecuador","Isla Santa Cruz",NA,"50c9509d-22c7-4a22-a47d-8c48425ef4a7"
"Scalesia pedunculata Hook.fil.","Scalesia","pedunculata",-90.321278,-0.681928,"Ecuador","Isla Santa Cruz",NA,"50c9509d-22c7-4a22-a47d-8c48425ef4a7"
"Scalesia pedunculata Hook.fil.","Scalesia","pedunculata",-90.260321,-0.693023,"Ecuador","Isla Santa Cruz",NA,"50c9509d-22c7-4a22-a47d-8c48425ef4a7"
"Scalesia affinis Hook.fil.","Scalesia","affinis",-91.371361,-0.251336,"Ecuador","Isla Isabela",NA,"50c9509d-22c7-4a22-a47d-8c48425ef4a7"
"Scalesia pedunculata Hook.fil.","Scalesia","pedunculata",-90.351409,-0.754573,"Ecuador","Isla Santa Cruz",NA,"50c9509d-22c7-4a22-a47d-8c48425ef4a7"
"Scalesia pedunculata Hook.fil.","Scalesia","pedunculata",-90.33175,-0.734691,"Ecuador","Isla Santa Cruz",NA,"50c9509d-22c7-4a22-a47d-8c48425ef4a7"
"Scalesia helleri B.L.Rob.","Scalesia","helleri",-90.220952,-0.63787,"Ecuador","Isla Santa Cruz",NA,"50c9509d-22c7-4a22-a47d-8c48425ef4a7"
"Scalesia helleri B.L.Rob.","Scalesia","helleri",-90.351124,-0.761944,"Ecuador","Isla Santa Cruz",NA,"50c9509d-22c7-4a22-a47d-8c48425ef4a7"
"Scalesia helleri B.L.Rob.","Scalesia","helleri",-90.22633,-0.683357,"Ecuador","Isla Santa Cruz",NA,"50c9509d-22c7-4a22-a47d-8c48425ef4a7"
"Scalesia helleri B.L.Rob.","Scalesia","helleri",-90.399607,-0.732451,"Ecuador","Isla Santa Cruz",NA,"50c9509d-22c7-4a22-a47d-8c48425ef4a7"
"Scalesia pedunculata Hook.fil.","Scalesia","pedunculata",-90.30194,-0.73582,"Ecuador","Isla Santa Cruz",NA,"50c9509d-22c7-4a22-a47d-8c48425ef4a7"
"Scalesia pedunculata Hook.fil.","Scalesia","pedunculata",-90.465854,-0.623705,"Ecuador","Isla Santa Cruz",NA,"50c9509d-22c7-4a22-a47d-8c48425ef4a7"
"Scalesia affinis Hook.fil.","Scalesia","affinis",-91.335792,-0.722117,"Ecuador","Isla Isabela",NA,"50c9509d-22c7-4a22-a47d-8c48425ef4a7"
"Scalesia pedunculata Hook.fil.","Scalesia","pedunculata",-90.226485,-0.664624,"Ecuador","Isla Santa Cruz",NA,"50c9509d-22c7-4a22-a47d-8c48425ef4a7"
"Scalesia crockeri Howell","Scalesia","crockeri",-90.265841,-0.572349,"Ecuador","Isla Santa Cruz",NA,"50c9509d-22c7-4a22-a47d-8c48425ef4a7"
"Scalesia helleri B.L.Rob.","Scalesia","helleri",-90.339237,-0.607088,"Ecuador","Isla Santa Cruz",NA,"50c9509d-22c7-4a22-a47d-8c48425ef4a7"
"Scalesia crockeri Howell","Scalesia","crockeri",-90.236368,-0.529297,"Ecuador","Isla Santa Cruz",NA,"50c9509d-22c7-4a22-a47d-8c48425ef4a7"
"Scalesia affinis Hook.fil.","Scalesia","affinis",-91.333847,-0.721817,"Ecuador","Isla Isabela",NA,"50c9509d-22c7-4a22-a47d-8c48425ef4a7"
"Scalesia affinis Hook.fil.","Scalesia","affinis",-90.302708,-0.741,"Ecuador","Isla Santa Cruz",NA,"50c9509d-22c7-4a22-a47d-8c48425ef4a7"
"Scalesia pedunculata Hook.fil.","Scalesia","pedunculata",-90.427878,-0.609358,"Ecuador","Isla Santa Cruz",NA,"50c9509d-22c7-4a22-a47d-8c48425ef4a7"
"Scalesia villosa A.Stewart","Scalesia","villosa",-90.452488,-1.25669,"Ecuador","Isla Santa Maria",NA,"50c9509d-22c7-4a22-a47d-8c48425ef4a7"
"Scalesia helleri B.L.Rob.","Scalesia","helleri",-90.384528,-0.734865,"Ecuador","Isla Santa Cruz",NA,"50c9509d-22c7-4a22-a47d-8c48425ef4a7"
"Scalesia affinis Hook.fil.","Scalesia","affinis",-90.960063,-0.952929,"Ecuador","Isla Isabela",NA,"50c9509d-22c7-4a22-a47d-8c48425ef4a7"
"Scalesia affinis Hook.fil.","Scalesia","affinis",-90.960507,-0.951196,"Ecuador","Isla Isabela",NA,"50c9509d-22c7-4a22-a47d-8c48425ef4a7"
"Scalesia affinis Hook.fil.","Scalesia","affinis",-90.959339,-0.959314,"Ecuador","Isla Isabela",NA,"50c9509d-22c7-4a22-a47d-8c48425ef4a7"
"Scalesia affinis Hook.fil.","Scalesia","affinis",-91.343181,-0.733761,"Ecuador","Isla Isabela",NA,"50c9509d-22c7-4a22-a47d-8c48425ef4a7"
"Scalesia pedunculata Hook.fil.","Scalesia","pedunculata",-90.420069,-0.758335,"Ecuador","Isla Santa Cruz",NA,"50c9509d-22c7-4a22-a47d-8c48425ef4a7"
"Scalesia pedunculata Hook.fil.","Scalesia","pedunculata",-90.351185,-0.720236,"Ecuador","Isla Santa Cruz",NA,"50c9509d-22c7-4a22-a47d-8c48425ef4a7"
"Scalesia affinis subsp. gummifera (Hook.fil.) Harling","Scalesia","affinis",-91.10015,-0.782244,"Ecuador","Isla Isabela",NA,"50c9509d-22c7-4a22-a47d-8c48425ef4a7"
"Scalesia pedunculata Hook.fil.","Scalesia","pedunculata",-90.399592,-0.656238,"Ecuador","Isla Santa Cruz",NA,"50c9509d-22c7-4a22-a47d-8c48425ef4a7"
"Scalesia helleri B.L.Rob.","Scalesia","helleri",-90.254214,-0.648928,"Ecuador","Isla Santa Cruz",NA,"50c9509d-22c7-4a22-a47d-8c48425ef4a7"
"Scalesia pedunculata Hook.fil.","Scalesia","pedunculata",-90.274982,-0.606472,"Ecuador","Isla Santa Cruz",NA,"50c9509d-22c7-4a22-a47d-8c48425ef4a7"
"Scalesia helleri B.L.Rob.","Scalesia","helleri",-90.249763,-0.637306,"Ecuador","Isla Santa Cruz",NA,"50c9509d-22c7-4a22-a47d-8c48425ef4a7"
"Scalesia affinis Hook.fil.","Scalesia","affinis",-91.371302,-0.251135,"Ecuador","Isla Isabela",NA,"50c9509d-22c7-4a22-a47d-8c48425ef4a7"
"Scalesia pedunculata Hook.fil.","Scalesia","pedunculata",-90.437848,-1.269355,"Ecuador","Isla Santa Maria",NA,"50c9509d-22c7-4a22-a47d-8c48425ef4a7"
"Scalesia pedunculata Hook.fil.","Scalesia","pedunculata",-90.407468,-1.262173,"Ecuador","Isla Santa Maria",NA,"50c9509d-22c7-4a22-a47d-8c48425ef4a7"
"Scalesia pedunculata Hook.fil.","Scalesia","pedunculata",-89.46482,-0.869807,"Ecuador","Isla San Cristobal",NA,"50c9509d-22c7-4a22-a47d-8c48425ef4a7"
"Scalesia pedunculata Hook.fil.","Scalesia","pedunculata",-90.455992,-0.728156,"Ecuador","Isla Santa Cruz",NA,"50c9509d-22c7-4a22-a47d-8c48425ef4a7"
"Scalesia helleri B.L.Rob.","Scalesia","helleri",-90.274392,-0.660572,"Ecuador","Isla Santa Cruz",NA,"50c9509d-22c7-4a22-a47d-8c48425ef4a7"
"Scalesia pedunculata Hook.fil.","Scalesia","pedunculata",-90.382729,-0.626266,"Ecuador","Isla Santa Cruz",NA,"6ac3f774-d9fb-4796-b3e9-92bf6c81c084"
"Scalesia pedunculata Hook.fil.","Scalesia","pedunculata",-90.414734,-0.683883,"Ecuador","Isla Santa Cruz",NA,"6ac3f774-d9fb-4796-b3e9-92bf6c81c084"
"Scalesia pedunculata Hook.fil.","Scalesia","pedunculata",-90.414734,-0.683883,"Ecuador","Isla Santa Cruz",NA,"6ac3f774-d9fb-4796-b3e9-92bf6c81c084"
"Scalesia pedunculata Hook.fil.","Scalesia","pedunculata",-90.414734,-0.683883,"Ecuador","Isla Santa Cruz",NA,"6ac3f774-d9fb-4796-b3e9-92bf6c81c084"
"Scalesia helleri B.L.Rob.","Scalesia","helleri",-90.382729,-0.626266,"Ecuador","Isla Santa Cruz",NA,"6ac3f774-d9fb-4796-b3e9-92bf6c81c084"
"Scalesia pedunculata Hook.fil.","Scalesia","pedunculata",-90.414734,-0.683883,"Ecuador","Isla Santa Cruz",NA,"6ac3f774-d9fb-4796-b3e9-92bf6c81c084"
"Scalesia helleri B.L.Rob.","Scalesia","helleri",-90.297707,-0.673054,"Ecuador","Isla Santa Cruz",NA,"50c9509d-22c7-4a22-a47d-8c48425ef4a7"
"Scalesia pedunculata Hook.fil.","Scalesia","pedunculata",-90.242677,-0.692257,"Ecuador","Isla Santa Cruz",NA,"50c9509d-22c7-4a22-a47d-8c48425ef4a7"
"Scalesia pedunculata Hook.fil.","Scalesia","pedunculata",-90.397018,-0.702123,"Ecuador","Isla Santa Cruz",NA,"50c9509d-22c7-4a22-a47d-8c48425ef4a7"
"Scalesia affinis Hook.fil.","Scalesia","affinis",-91.013191,-0.964585,"Ecuador","Isla Isabela",NA,"50c9509d-22c7-4a22-a47d-8c48425ef4a7"
"Scalesia affinis subsp. gummifera (Hook.fil.) Harling","Scalesia","affinis",-91.386169,-0.245294,"Ecuador","Isla Isabela",NA,"50c9509d-22c7-4a22-a47d-8c48425ef4a7"
"Scalesia affinis Hook.fil.","Scalesia","affinis",-91.364682,-0.25417,"Ecuador","Isla Isabela",NA,"50c9509d-22c7-4a22-a47d-8c48425ef4a7"
"Scalesia villosa A.Stewart","Scalesia","villosa",-90.471729,-1.225116,"Ecuador","Isla Santa Maria",NA,"50c9509d-22c7-4a22-a47d-8c48425ef4a7"
"Scalesia affinis Hook.fil.","Scalesia","affinis",-90.319397,-0.744153,"Ecuador","Isla Santa Cruz",NA,"50c9509d-22c7-4a22-a47d-8c48425ef4a7"
"Scalesia helleri B.L.Rob.","Scalesia","helleri",-90.287775,-0.611664,"Ecuador","Isla Santa Cruz",NA,"50c9509d-22c7-4a22-a47d-8c48425ef4a7"
"Scalesia pedunculata Hook.fil.","Scalesia","pedunculata",-90.248325,-0.698894,"Ecuador","Isla Santa Cruz",NA,"50c9509d-22c7-4a22-a47d-8c48425ef4a7"
"Scalesia helleri B.L.Rob.","Scalesia","helleri",-90.366957,-0.623917,"Ecuador","Isla Santa Cruz",NA,"50c9509d-22c7-4a22-a47d-8c48425ef4a7"
"Scalesia affinis Hook.fil.","Scalesia","affinis",-91.095047,-0.802017,"Ecuador","Isla Isabela",NA,"50c9509d-22c7-4a22-a47d-8c48425ef4a7"
"Scalesia pedunculata Hook.fil.","Scalesia","pedunculata",-90.279568,-0.62275,"Ecuador","Isla Santa Cruz",NA,"50c9509d-22c7-4a22-a47d-8c48425ef4a7"
"Scalesia pedunculata Hook.fil.","Scalesia","pedunculata",-90.264725,-0.704347,"Ecuador","Isla Santa Cruz",NA,"50c9509d-22c7-4a22-a47d-8c48425ef4a7"
"Scalesia affinis Hook.fil.","Scalesia","affinis",-90.95182,-0.619855,"Ecuador","Isla Isabela",NA,"50c9509d-22c7-4a22-a47d-8c48425ef4a7"
"Scalesia affinis Hook.fil.","Scalesia","affinis",-91.335808,-0.721981,"Ecuador","Isla Isabela",NA,"50c9509d-22c7-4a22-a47d-8c48425ef4a7"
"Scalesia pedunculata Hook.fil.","Scalesia","pedunculata",-90.285841,-0.665926,"Ecuador","Isla Santa Cruz",NA,"50c9509d-22c7-4a22-a47d-8c48425ef4a7"
"Scalesia villosa A.Stewart","Scalesia","villosa",-90.428384,-1.325437,"Ecuador","Isla Santa Maria",NA,"50c9509d-22c7-4a22-a47d-8c48425ef4a7"
"Scalesia helleri B.L.Rob.","Scalesia","helleri",-90.214819,-0.644198,"Ecuador","Isla Santa Cruz",NA,"50c9509d-22c7-4a22-a47d-8c48425ef4a7"
"Scalesia affinis Hook.fil.","Scalesia","affinis",-90.31932,-0.744197,"Ecuador","Isla Santa Cruz",NA,"50c9509d-22c7-4a22-a47d-8c48425ef4a7"
"Scalesia affinis Hook.fil.","Scalesia","affinis",-91.371278,-0.251195,"Ecuador","Isla Isabela",NA,"50c9509d-22c7-4a22-a47d-8c48425ef4a7"
"Scalesia helleri B.L.Rob.","Scalesia","helleri",-90.240664,-0.687168,"Ecuador","Isla Santa Cruz",NA,"50c9509d-22c7-4a22-a47d-8c48425ef4a7"
"Scalesia helleri B.L.Rob.","Scalesia","helleri",-90.294979,-0.737152,"Ecuador","Isla Santa Cruz",NA,"50c9509d-22c7-4a22-a47d-8c48425ef4a7"
"Scalesia helleri B.L.Rob.","Scalesia","helleri",-90.243197,-0.61272,"Ecuador","Isla Santa Cruz",NA,"50c9509d-22c7-4a22-a47d-8c48425ef4a7"
"Scalesia pedunculata Hook.fil.","Scalesia","pedunculata",-90.20945,-0.608531,"Ecuador","Isla Santa Cruz",NA,"50c9509d-22c7-4a22-a47d-8c48425ef4a7"
"Scalesia helleri B.L.Rob.","Scalesia","helleri",-90.219553,-0.650498,"Ecuador","Isla Santa Cruz",NA,"50c9509d-22c7-4a22-a47d-8c48425ef4a7"
"Scalesia affinis Hook.fil.","Scalesia","affinis",-90.30365,-0.742422,"Ecuador","Isla Santa Cruz",NA,"50c9509d-22c7-4a22-a47d-8c48425ef4a7"
"Scalesia helleri B.L.Rob.","Scalesia","helleri",-90.324162,-0.724388,"Ecuador","Isla Santa Cruz",NA,"50c9509d-22c7-4a22-a47d-8c48425ef4a7"
"Scalesia affinis Hook.fil.","Scalesia","affinis",-90.303939,-0.742328,"Ecuador","Isla Santa Cruz",NA,"50c9509d-22c7-4a22-a47d-8c48425ef4a7"
"Scalesia pedunculata Hook.fil.","Scalesia","pedunculata",-90.37196,-0.601726,"Ecuador","Isla Santa Cruz",NA,"50c9509d-22c7-4a22-a47d-8c48425ef4a7"
"Scalesia affinis Hook.fil.","Scalesia","affinis",-91.328759,-0.713286,"Ecuador","Isla Isabela",NA,"50c9509d-22c7-4a22-a47d-8c48425ef4a7"
"Scalesia crockeri Howell","Scalesia","crockeri",-90.366,-0.666,"Ecuador","Isla Santa Cruz",NA,"833db434-f762-11e1-a439-00145eb45e9a"
"Scalesia incisa Hook.fil.","Scalesia","incisa",-90.21391,-0.657708,"Ecuador","Isla Santa Cruz",NA,"50c9509d-22c7-4a22-a47d-8c48425ef4a7"
"Scalesia affinis subsp. brachyloba Harling","Scalesia","affinis",-90.32792,-0.733245,"Ecuador","Isla Santa Cruz",NA,"50c9509d-22c7-4a22-a47d-8c48425ef4a7"
"Scalesia cordata A.Stewart","Scalesia","cordata",-91.021457,-0.773549,"Ecuador","Isla Isabela",NA,"50c9509d-22c7-4a22-a47d-8c48425ef4a7"
"Scalesia helleri B.L.Rob.","Scalesia","helleri",-90.392345,-0.642717,"Ecuador","Isla Santa Cruz",NA,"50c9509d-22c7-4a22-a47d-8c48425ef4a7"
"Scalesia affinis Hook.fil.","Scalesia","affinis",-90.304127,-0.742129,"Ecuador","Isla Santa Cruz",NA,"50c9509d-22c7-4a22-a47d-8c48425ef4a7"
"Scalesia pedunculata Hook.fil.","Scalesia","pedunculata",-90.202305,-0.675694,"Ecuador","Isla Santa Cruz",NA,"50c9509d-22c7-4a22-a47d-8c48425ef4a7"
"Scalesia pedunculata Hook.fil.","Scalesia","pedunculata",-90.38785,-0.743134,"Ecuador","Isla Santa Cruz",NA,"50c9509d-22c7-4a22-a47d-8c48425ef4a7"
"Scalesia affinis Hook.fil.","Scalesia","affinis",-91.013283,-0.965888,"Ecuador","Isla Isabela",NA,"50c9509d-22c7-4a22-a47d-8c48425ef4a7"
"Scalesia pedunculata Hook.fil.","Scalesia","pedunculata",-90.268685,-0.695366,"Ecuador","Isla Santa Cruz",NA,"50c9509d-22c7-4a22-a47d-8c48425ef4a7"
"Scalesia helleri B.L.Rob.","Scalesia","helleri",-90.380471,-0.62457,"Ecuador","Isla Santa Cruz",NA,"50c9509d-22c7-4a22-a47d-8c48425ef4a7"
"Scalesia affinis Hook.fil.","Scalesia","affinis",-90.304086,-0.742331,"Ecuador","Isla Santa Cruz",NA,"50c9509d-22c7-4a22-a47d-8c48425ef4a7"
"Scalesia affinis Hook.fil.","Scalesia","affinis",-91.334962,-0.72173,"Ecuador","Isla Isabela",NA,"50c9509d-22c7-4a22-a47d-8c48425ef4a7"
"Scalesia affinis Hook.fil.","Scalesia","affinis",-90.890223,-0.851142,"Ecuador","Isla Isabela",NA,"50c9509d-22c7-4a22-a47d-8c48425ef4a7"
"Scalesia pedunculata Hook.fil.","Scalesia","pedunculata",-90.23118,-0.630417,"Ecuador","Isla Santa Cruz",NA,"50c9509d-22c7-4a22-a47d-8c48425ef4a7"
"Scalesia pedunculata Hook.fil.","Scalesia","pedunculata",-90.227881,-0.625406,"Ecuador","Isla Santa Cruz",NA,"50c9509d-22c7-4a22-a47d-8c48425ef4a7"
"Scalesia affinis Hook.fil.","Scalesia","affinis",-91.100988,-0.782583,"Ecuador","Isla Isabela",NA,"50c9509d-22c7-4a22-a47d-8c48425ef4a7"
"Scalesia affinis Hook.fil.","Scalesia","affinis",-90.976989,-0.939975,"Ecuador","Isla Isabela",NA,"50c9509d-22c7-4a22-a47d-8c48425ef4a7"
"Scalesia pedunculata Hook.fil.","Scalesia","pedunculata",-90.210579,-0.678639,"Ecuador","Isla Santa Cruz",NA,"50c9509d-22c7-4a22-a47d-8c48425ef4a7"
"Scalesia pedunculata Hook.fil.","Scalesia","pedunculata",-90.218375,-0.659438,"Ecuador","Isla Santa Cruz",NA,"50c9509d-22c7-4a22-a47d-8c48425ef4a7"
"Scalesia affinis Hook.fil.","Scalesia","affinis",-90.318094,-0.753083,"Ecuador","Isla Santa Cruz",NA,"50c9509d-22c7-4a22-a47d-8c48425ef4a7"
"Scalesia affinis Hook.fil.","Scalesia","affinis",-90.999687,-0.960375,"Ecuador","Isla Isabela",NA,"50c9509d-22c7-4a22-a47d-8c48425ef4a7"
"Scalesia affinis Hook.fil.","Scalesia","affinis",-91.013131,-0.966817,"Ecuador","Isla Isabela",NA,"50c9509d-22c7-4a22-a47d-8c48425ef4a7"
"Scalesia affinis Hook.fil.","Scalesia","affinis",-90.976997,-0.939972,"Ecuador","Isla Isabela",NA,"50c9509d-22c7-4a22-a47d-8c48425ef4a7"
"Scalesia affinis Hook.fil.","Scalesia","affinis",-91.123039,-0.821581,"Ecuador","Isla Isabela",NA,"50c9509d-22c7-4a22-a47d-8c48425ef4a7"
"Scalesia stewartii Riley","Scalesia","stewartii",-90.58828,-0.350975,"Ecuador","Isla San Salvador",NA,"50c9509d-22c7-4a22-a47d-8c48425ef4a7"
"Scalesia pedunculata Hook.fil.","Scalesia","pedunculata",-89.426131,-0.892525,"Ecuador","Isla San Cristobal",NA,"50c9509d-22c7-4a22-a47d-8c48425ef4a7"
"Scalesia affinis Hook.fil.","Scalesia","affinis",-91.007569,-0.963125,"Ecuador","Isla Isabela",NA,"50c9509d-22c7-4a22-a47d-8c48425ef4a7"
"Scalesia helleri B.L.Rob.","Scalesia","helleri",-90.326229,-0.702799,"Ecuador","Isla Santa Cruz",NA,"50c9509d-22c7-4a22-a47d-8c48425ef4a7"
"Scalesia crockeri Howell","Scalesia","crockeri",-90.347616,-0.505554,"Ecuador","Isla Santa Cruz",NA,"50c9509d-22c7-4a22-a47d-8c48425ef4a7"
"Scalesia pedunculata Hook.fil.","Scalesia","pedunculata",-90.48854,-1.312397,"Ecuador","Isla Santa Maria",NA,"50c9509d-22c7-4a22-a47d-8c48425ef4a7"
"Scalesia villosa A.Stewart","Scalesia","villosa",-90.454145,-1.339201,"Ecuador","Isla Santa Maria",NA,"50c9509d-22c7-4a22-a47d-8c48425ef4a7"
"Scalesia pedunculata Hook.fil.","Scalesia","pedunculata",-90.247831,-0.726299,"Ecuador","Isla Santa Cruz",NA,"50c9509d-22c7-4a22-a47d-8c48425ef4a7"
"Scalesia affinis Hook.fil.","Scalesia","affinis",-90.303863,-0.742433,"Ecuador","Isla Santa Cruz",NA,"50c9509d-22c7-4a22-a47d-8c48425ef4a7"
"Scalesia affinis Hook.fil.","Scalesia","affinis",-91.17,-0.83,"Ecuador","Isla Isabela",NA,"50c9509d-22c7-4a22-a47d-8c48425ef4a7"
"Scalesia pedunculata Hook.fil.","Scalesia","pedunculata",-90.322808,-0.609392,"Ecuador","Isla Santa Cruz",NA,"50c9509d-22c7-4a22-a47d-8c48425ef4a7"
"Scalesia cordata A.Stewart","Scalesia","cordata",-91.258591,-0.279413,"Ecuador","Isla Isabela",NA,"50c9509d-22c7-4a22-a47d-8c48425ef4a7"
"Scalesia helleri B.L.Rob.","Scalesia","helleri",-90.336921,-0.674614,"Ecuador","Isla Santa Cruz",NA,"50c9509d-22c7-4a22-a47d-8c48425ef4a7"
"Scalesia crockeri Howell","Scalesia","crockeri",-90.327139,-0.494288,"Ecuador","Isla Santa Cruz",NA,"50c9509d-22c7-4a22-a47d-8c48425ef4a7"
"Scalesia affinis Hook.fil.","Scalesia","affinis",-90.303545,-0.741922,"Ecuador","Isla Santa Cruz",NA,"50c9509d-22c7-4a22-a47d-8c48425ef4a7"
"Scalesia affinis Hook.fil.","Scalesia","affinis",-91.135302,-0.829167,"Ecuador","Isla Isabela",NA,"50c9509d-22c7-4a22-a47d-8c48425ef4a7"
"Scalesia affinis Hook.fil.","Scalesia","affinis",-91.335103,-0.716719,"Ecuador","Isla Isabela",NA,"50c9509d-22c7-4a22-a47d-8c48425ef4a7"
"Scalesia affinis Hook.fil.","Scalesia","affinis",-90.315083,-0.741036,"Ecuador","Isla Santa Cruz",NA,"50c9509d-22c7-4a22-a47d-8c48425ef4a7"
"Scalesia affinis Hook.fil.","Scalesia","affinis",-91.099967,-0.780783,"Ecuador","Isla Isabela",NA,"50c9509d-22c7-4a22-a47d-8c48425ef4a7"
"Scalesia affinis Hook.fil.","Scalesia","affinis",-90.303765,-0.742315,"Ecuador","Isla Santa Cruz",NA,"50c9509d-22c7-4a22-a47d-8c48425ef4a7"
"Scalesia affinis Hook.fil.","Scalesia","affinis",-91.3331,-0.718783,"Ecuador","Isla Isabela",NA,"50c9509d-22c7-4a22-a47d-8c48425ef4a7"
"Scalesia helleri B.L.Rob.","Scalesia","helleri",-90.386849,-0.620272,"Ecuador","Isla Santa Cruz",NA,"50c9509d-22c7-4a22-a47d-8c48425ef4a7"
"Scalesia affinis Hook.fil.","Scalesia","affinis",-91.378058,0.137833,"Ecuador","Isla Isabela",NA,"50c9509d-22c7-4a22-a47d-8c48425ef4a7"
"Scalesia affinis Hook.fil.","Scalesia","affinis",-91.335105,-0.716899,"Ecuador","Isla Isabela",NA,"50c9509d-22c7-4a22-a47d-8c48425ef4a7"
"Scalesia affinis Hook.fil.","Scalesia","affinis",-90.303734,-0.742221,"Ecuador","Isla Santa Cruz",NA,"50c9509d-22c7-4a22-a47d-8c48425ef4a7"
"Scalesia affinis Hook.fil.","Scalesia","affinis",-90.303247,-0.741344,"Ecuador","Isla Santa Cruz",NA,"50c9509d-22c7-4a22-a47d-8c48425ef4a7"
"Scalesia affinis Hook.fil.","Scalesia","affinis",-91.335275,-0.716744,"Ecuador","Isla Isabela",NA,"50c9509d-22c7-4a22-a47d-8c48425ef4a7"
"Scalesia pedunculata Hook.fil.","Scalesia","pedunculata",-89.44679,-0.861629,"Ecuador","Isla San Cristobal",NA,"50c9509d-22c7-4a22-a47d-8c48425ef4a7"
"Scalesia pedunculata Hook.fil.","Scalesia","pedunculata",-90.432661,-0.676535,"Ecuador","Isla Santa Cruz",NA,"50c9509d-22c7-4a22-a47d-8c48425ef4a7"
"Scalesia pedunculata Hook.fil.","Scalesia","pedunculata",-90.260115,-0.603468,"Ecuador","Isla Santa Cruz",NA,"50c9509d-22c7-4a22-a47d-8c48425ef4a7"
"Scalesia affinis Hook.fil.","Scalesia","affinis",-91.335162,-0.716731,"Ecuador","Isla Isabela",NA,"50c9509d-22c7-4a22-a47d-8c48425ef4a7"
"Scalesia helleri B.L.Rob.","Scalesia","helleri",-90.34781,-0.710601,"Ecuador","Isla Santa Cruz",NA,"50c9509d-22c7-4a22-a47d-8c48425ef4a7"
"Scalesia pedunculata Hook.fil.","Scalesia","pedunculata",-90.380253,-0.684102,"Ecuador","Isla Santa Cruz",NA,"50c9509d-22c7-4a22-a47d-8c48425ef4a7"
"Scalesia affinis Hook.fil.","Scalesia","affinis",-91.41838,-0.031472,"Ecuador","Isla Isabela",NA,"50c9509d-22c7-4a22-a47d-8c48425ef4a7"
"Scalesia pedunculata Hook.fil.","Scalesia","pedunculata",-89.499874,-0.80909,"Ecuador","Isla San Cristobal",NA,"50c9509d-22c7-4a22-a47d-8c48425ef4a7"
"Scalesia pedunculata Hook.fil.","Scalesia","pedunculata",-90.459155,-0.682956,"Ecuador","Isla Santa Cruz",NA,"50c9509d-22c7-4a22-a47d-8c48425ef4a7"
"Scalesia pedunculata Hook.fil.","Scalesia","pedunculata",-90.302103,-0.705824,"Ecuador","Isla Santa Cruz",NA,"50c9509d-22c7-4a22-a47d-8c48425ef4a7"
"Scalesia pedunculata Hook.fil.","Scalesia","pedunculata",-90.456313,-1.328427,"Ecuador","Isla Santa Maria",NA,"50c9509d-22c7-4a22-a47d-8c48425ef4a7"
"Scalesia pedunculata Hook.fil.","Scalesia","pedunculata",-90.466849,-0.720375,"Ecuador","Isla Santa Cruz",NA,"50c9509d-22c7-4a22-a47d-8c48425ef4a7"
"Scalesia pedunculata Hook.fil.","Scalesia","pedunculata",-90.434471,-0.658698,"Ecuador","Isla Santa Cruz",NA,"50c9509d-22c7-4a22-a47d-8c48425ef4a7"
"Scalesia affinis Hook.fil.","Scalesia","affinis",-91.1,-0.45,"Ecuador","Isla Isabela",NA,"b5a8e29d-cd8c-4e04-90b2-422d900caab6"
"Scalesia affinis Hook.fil.","Scalesia","affinis",-90.405278,-0.618056,"Ecuador","Isla Santa Cruz",NA,"b5a8e29d-cd8c-4e04-90b2-422d900caab6"
"Scalesia helleri B.L.Rob.","Scalesia","helleri",-90.222551,-0.66948,"Ecuador","Isla Santa Cruz",NA,"50c9509d-22c7-4a22-a47d-8c48425ef4a7"
"Scalesia pedunculata Hook.fil.","Scalesia","pedunculata",-89.547765,-0.909062,"Ecuador","Isla San Cristobal",NA,"50c9509d-22c7-4a22-a47d-8c48425ef4a7"
"Scalesia affinis Hook.fil.","Scalesia","affinis",-90.303938,-0.742403,"Ecuador","Isla Santa Cruz",NA,"50c9509d-22c7-4a22-a47d-8c48425ef4a7"
"Scalesia pedunculata Hook.fil.","Scalesia","pedunculata",-90.356013,-0.74704,"Ecuador","Isla Santa Cruz",NA,"50c9509d-22c7-4a22-a47d-8c48425ef4a7"
"Scalesia affinis Hook.fil.","Scalesia","affinis",-90.488358,-1.27038,"Ecuador","Isla Santa Maria",NA,"50c9509d-22c7-4a22-a47d-8c48425ef4a7"
"Scalesia helleri B.L.Rob.","Scalesia","helleri",-90.288942,-0.669049,"Ecuador","Isla Santa Cruz",NA,"50c9509d-22c7-4a22-a47d-8c48425ef4a7"
"Scalesia affinis Hook.fil.","Scalesia","affinis",-90.303987,-0.7423,"Ecuador","Isla Santa Cruz",NA,"50c9509d-22c7-4a22-a47d-8c48425ef4a7"
"Scalesia affinis Hook.fil.","Scalesia","affinis",-90.959747,-0.958697,"Ecuador","Isla Isabela",NA,"50c9509d-22c7-4a22-a47d-8c48425ef4a7"
"Scalesia pedunculata Hook.fil.","Scalesia","pedunculata",-90.333549,-0.6235,"Ecuador","Isla Santa Cruz",NA,"50c9509d-22c7-4a22-a47d-8c48425ef4a7"
"Scalesia affinis Hook.fil.","Scalesia","affinis",-91.012864,-0.968172,"Ecuador","Isla Isabela",NA,"50c9509d-22c7-4a22-a47d-8c48425ef4a7"
"Scalesia affinis Hook.fil.","Scalesia","affinis",-90.955064,-0.958006,"Ecuador","Isla Isabela",NA,"50c9509d-22c7-4a22-a47d-8c48425ef4a7"
"Scalesia affinis Hook.fil.","Scalesia","affinis",-90.965794,-0.949903,"Ecuador","Isla Isabela",NA,"50c9509d-22c7-4a22-a47d-8c48425ef4a7"
"Scalesia affinis Hook.fil.","Scalesia","affinis",-90.30399,-0.742264,"Ecuador","Isla Santa Cruz",NA,"50c9509d-22c7-4a22-a47d-8c48425ef4a7"
"Scalesia affinis Hook.fil.","Scalesia","affinis",-91.007619,-0.96335,"Ecuador","Isla Isabela",NA,"50c9509d-22c7-4a22-a47d-8c48425ef4a7"
"Scalesia pedunculata Hook.fil.","Scalesia","pedunculata",-90.328736,-0.552356,"Ecuador","Isla Santa Cruz",NA,"50c9509d-22c7-4a22-a47d-8c48425ef4a7"
"Scalesia helleri B.L.Rob.","Scalesia","helleri",-90.252771,-0.703209,"Ecuador","Isla Santa Cruz",NA,"50c9509d-22c7-4a22-a47d-8c48425ef4a7"
"Scalesia pedunculata Hook.fil.","Scalesia","pedunculata",-90.336324,-0.68103,"Ecuador","Isla Santa Cruz",NA,"50c9509d-22c7-4a22-a47d-8c48425ef4a7"
"Scalesia affinis Hook.fil.","Scalesia","affinis",-90.9527,-0.955836,"Ecuador","Isla Isabela",NA,"50c9509d-22c7-4a22-a47d-8c48425ef4a7"
"Scalesia affinis Hook.fil.","Scalesia","affinis",-91.100715,-0.781509,"Ecuador","Isla Isabela",NA,"50c9509d-22c7-4a22-a47d-8c48425ef4a7"
"Scalesia pedunculata Hook.fil.","Scalesia","pedunculata",-90.327482,-0.653217,"Ecuador","Isla Santa Cruz",NA,"50c9509d-22c7-4a22-a47d-8c48425ef4a7"
"Scalesia helleri B.L.Rob.","Scalesia","helleri",-90.337212,-0.66134,"Ecuador","Isla Santa Cruz",NA,"50c9509d-22c7-4a22-a47d-8c48425ef4a7"
"Scalesia pedunculata Hook.fil.","Scalesia","pedunculata",-90.349117,-0.690228,"Ecuador","Isla Santa Cruz",NA,"50c9509d-22c7-4a22-a47d-8c48425ef4a7"
"Scalesia pedunculata Hook.fil.","Scalesia","pedunculata",-90.362801,-0.671733,"Ecuador","Isla Santa Cruz",NA,"50c9509d-22c7-4a22-a47d-8c48425ef4a7"
"Scalesia affinis Hook.fil.","Scalesia","affinis",-91.001114,-0.969764,"Ecuador","Isla Isabela",NA,"50c9509d-22c7-4a22-a47d-8c48425ef4a7"
"Scalesia pedunculata Hook.fil.","Scalesia","pedunculata",-90.329629,-0.685388,"Ecuador","Isla Santa Cruz",NA,"50c9509d-22c7-4a22-a47d-8c48425ef4a7"
"Scalesia affinis Hook.fil.","Scalesia","affinis",-91.002742,-0.968839,"Ecuador","Isla Isabela",NA,"50c9509d-22c7-4a22-a47d-8c48425ef4a7"
"Scalesia affinis Hook.fil.","Scalesia","affinis",-91.013447,-0.965039,"Ecuador","Isla Isabela",NA,"50c9509d-22c7-4a22-a47d-8c48425ef4a7"
"Scalesia affinis Hook.fil.","Scalesia","affinis",-90.95245,-0.955678,"Ecuador","Isla Isabela",NA,"50c9509d-22c7-4a22-a47d-8c48425ef4a7"
"Scalesia pedunculata Hook.fil.","Scalesia","pedunculata",-90.357773,-0.671272,"Ecuador","Isla Santa Cruz",NA,"50c9509d-22c7-4a22-a47d-8c48425ef4a7"
"Scalesia pedunculata Hook.fil.","Scalesia","pedunculata",-90.283066,-0.649115,"Ecuador","Isla Santa Cruz",NA,"50c9509d-22c7-4a22-a47d-8c48425ef4a7"
"Scalesia pedunculata Hook.fil.","Scalesia","pedunculata",-90.326848,-0.679736,"Ecuador","Isla Santa Cruz",NA,"50c9509d-22c7-4a22-a47d-8c48425ef4a7"
"Scalesia pedunculata Hook.fil.","Scalesia","pedunculata",-90.377258,-0.700859,"Ecuador","Isla Santa Cruz",NA,"50c9509d-22c7-4a22-a47d-8c48425ef4a7"
"Scalesia affinis Hook.fil.","Scalesia","affinis",-91.013439,-0.965003,"Ecuador","Isla Isabela",NA,"50c9509d-22c7-4a22-a47d-8c48425ef4a7"
"Scalesia affinis Hook.fil.","Scalesia","affinis",-90.999872,-0.970111,"Ecuador","Isla Isabela",NA,"50c9509d-22c7-4a22-a47d-8c48425ef4a7"
"Scalesia pedunculata Hook.fil.","Scalesia","pedunculata",-90.47527,-0.605343,"Ecuador","Isla Santa Cruz",NA,"50c9509d-22c7-4a22-a47d-8c48425ef4a7"
"Scalesia pedunculata Hook.fil.","Scalesia","pedunculata",-90.542932,-0.645613,"Ecuador","Isla Santa Cruz",NA,"50c9509d-22c7-4a22-a47d-8c48425ef4a7"
"Scalesia helleri B.L.Rob.","Scalesia","helleri",-90.374383,-0.642968,"Ecuador","Isla Santa Cruz",NA,"50c9509d-22c7-4a22-a47d-8c48425ef4a7"
"Scalesia pedunculata Hook.fil.","Scalesia","pedunculata",-90.263582,-0.619625,"Ecuador","Isla Santa Cruz",NA,"50c9509d-22c7-4a22-a47d-8c48425ef4a7"
"Scalesia affinis Hook.fil.","Scalesia","affinis",-90.967233,-0.95065,"Ecuador","Isla Isabela",NA,"50c9509d-22c7-4a22-a47d-8c48425ef4a7"
"Scalesia affinis Hook.fil.","Scalesia","affinis",-91.0999,-0.780733,"Ecuador","Isla Isabela",NA,"50c9509d-22c7-4a22-a47d-8c48425ef4a7"
"Scalesia pedunculata Hook.fil.","Scalesia","pedunculata",-90.273731,-0.606857,"Ecuador","Isla Santa Cruz",NA,"50c9509d-22c7-4a22-a47d-8c48425ef4a7"
"Scalesia affinis Hook.fil.","Scalesia","affinis",-90.960078,-0.952958,"Ecuador","Isla Isabela",NA,"50c9509d-22c7-4a22-a47d-8c48425ef4a7"
"Scalesia affinis Hook.fil.","Scalesia","affinis",-91.007642,-0.963333,"Ecuador","Isla Isabela",NA,"50c9509d-22c7-4a22-a47d-8c48425ef4a7"
"Scalesia affinis Hook.fil.","Scalesia","affinis",-90.953622,-0.957342,"Ecuador","Isla Isabela",NA,"50c9509d-22c7-4a22-a47d-8c48425ef4a7"
"Scalesia affinis Hook.fil.","Scalesia","affinis",-90.959725,-0.958708,"Ecuador","Isla Isabela",NA,"50c9509d-22c7-4a22-a47d-8c48425ef4a7"
"Scalesia pedunculata Hook.fil.","Scalesia","pedunculata",-89.463252,-0.853297,"Ecuador","Isla San Cristobal",NA,"50c9509d-22c7-4a22-a47d-8c48425ef4a7"
"Scalesia pedunculata Hook.fil.","Scalesia","pedunculata",-90.262397,-0.633973,"Ecuador","Isla Santa Cruz",NA,"50c9509d-22c7-4a22-a47d-8c48425ef4a7"
"Scalesia affinis Hook.fil.","Scalesia","affinis",-90.303833,-0.742403,"Ecuador","Isla Santa Cruz",NA,"50c9509d-22c7-4a22-a47d-8c48425ef4a7"
"Scalesia pedunculata Hook.fil.","Scalesia","pedunculata",-90.252153,-0.681029,"Ecuador","Isla Santa Cruz",NA,"50c9509d-22c7-4a22-a47d-8c48425ef4a7"
"Scalesia pedunculata Hook.fil.","Scalesia","pedunculata",-90.328784,-0.724863,"Ecuador","Isla Santa Cruz",NA,"50c9509d-22c7-4a22-a47d-8c48425ef4a7"
"Scalesia pedunculata Hook.fil.","Scalesia","pedunculata",-90.269925,-0.723005,"Ecuador","Isla Santa Cruz",NA,"50c9509d-22c7-4a22-a47d-8c48425ef4a7"
"Scalesia affinis Hook.fil.","Scalesia","affinis",-90.9527,-0.955836,"Ecuador","Isla Isabela",NA,"50c9509d-22c7-4a22-a47d-8c48425ef4a7"
"Scalesia affinis Hook.fil.","Scalesia","affinis",-90.952664,-0.955836,"Ecuador","Isla Isabela",NA,"50c9509d-22c7-4a22-a47d-8c48425ef4a7"
"Scalesia affinis Hook.fil.","Scalesia","affinis",-90.303995,-0.742328,"Ecuador","Isla Santa Cruz",NA,"50c9509d-22c7-4a22-a47d-8c48425ef4a7"
"Scalesia affinis Hook.fil.","Scalesia","affinis",-90.969669,-0.9555,"Ecuador","Isla Isabela",NA,"50c9509d-22c7-4a22-a47d-8c48425ef4a7"
"Scalesia pedunculata Hook.fil.","Scalesia","pedunculata",-89.495608,-0.902192,"Ecuador","Isla San Cristobal",NA,"50c9509d-22c7-4a22-a47d-8c48425ef4a7"
"Scalesia helleri B.L.Rob.","Scalesia","helleri",-90.383305,-0.620406,"Ecuador","Isla Santa Cruz",NA,"50c9509d-22c7-4a22-a47d-8c48425ef4a7"
"Scalesia villosa A.Stewart","Scalesia","villosa",-90.464778,-1.244381,"Ecuador","Isla Santa Maria",NA,"50c9509d-22c7-4a22-a47d-8c48425ef4a7"
"Scalesia villosa A.Stewart","Scalesia","villosa",-90.428481,-1.327837,"Ecuador","Isla Santa Maria",NA,"50c9509d-22c7-4a22-a47d-8c48425ef4a7"
"Scalesia helleri B.L.Rob.","Scalesia","helleri",-90.27369,-0.662341,"Ecuador","Isla Santa Cruz",NA,"50c9509d-22c7-4a22-a47d-8c48425ef4a7"
"Scalesia pedunculata Hook.fil.","Scalesia","pedunculata",-90.390509,-0.600289,"Ecuador","Isla Santa Cruz",NA,"50c9509d-22c7-4a22-a47d-8c48425ef4a7"
"Scalesia affinis Hook.fil.","Scalesia","affinis",-90.4053,-0.6181,"Ecuador","Isla Santa Cruz",NA,"b5a8e29d-cd8c-4e04-90b2-422d900caab6"
"Scalesia pedunculata Hook.fil.","Scalesia","pedunculata",-90.235637,-0.676576,"Ecuador","Isla Santa Cruz",NA,"50c9509d-22c7-4a22-a47d-8c48425ef4a7"
"Scalesia pedunculata Hook.fil.","Scalesia","pedunculata",-90.343182,-0.673484,"Ecuador","Isla Santa Cruz",NA,"50c9509d-22c7-4a22-a47d-8c48425ef4a7"
"Scalesia affinis Hook.fil.","Scalesia","affinis",-91.367865,-0.257322,"Ecuador","Isla Isabela",NA,"50c9509d-22c7-4a22-a47d-8c48425ef4a7"
"Scalesia helleri B.L.Rob.","Scalesia","helleri",-90.33494,-0.744971,"Ecuador","Isla Santa Cruz",NA,"50c9509d-22c7-4a22-a47d-8c48425ef4a7"
"Scalesia affinis Hook.fil.","Scalesia","affinis",-91.100028,-0.780753,"Ecuador","Isla Isabela",NA,"50c9509d-22c7-4a22-a47d-8c48425ef4a7"
"Scalesia crockeri Howell","Scalesia","crockeri",-90.35176,-0.73933,"Ecuador","Isla Santa Cruz",NA,"e053ff53-c156-4e2e-b9b5-4462e9625424"
"Scalesia villosa A.Stewart","Scalesia","villosa",-90.403054,-1.318726,"Ecuador","Isla Santa Maria",NA,"50c9509d-22c7-4a22-a47d-8c48425ef4a7"
"Scalesia pedunculata Hook.fil.","Scalesia","pedunculata",-90.287158,-0.616807,"Ecuador","Isla Santa Cruz",NA,"50c9509d-22c7-4a22-a47d-8c48425ef4a7"
"Scalesia villosa A.Stewart","Scalesia","villosa",-90.498943,-1.275137,"Ecuador","Isla Santa Maria",NA,"50c9509d-22c7-4a22-a47d-8c48425ef4a7"
"Scalesia pedunculata Hook.fil.","Scalesia","pedunculata",-90.306167,-0.500475,"Ecuador","Isla Santa Cruz",NA,"50c9509d-22c7-4a22-a47d-8c48425ef4a7"
"Scalesia pedunculata Hook.fil.","Scalesia","pedunculata",-90.294846,-0.749853,"Ecuador","Isla Santa Cruz",NA,"50c9509d-22c7-4a22-a47d-8c48425ef4a7"
"Scalesia pedunculata Hook.fil.","Scalesia","pedunculata",-90.311612,-0.70354,"Ecuador","Isla Santa Cruz",NA,"50c9509d-22c7-4a22-a47d-8c48425ef4a7"
"Scalesia pedunculata Hook.fil.","Scalesia","pedunculata",-90.465788,-0.682147,"Ecuador","Isla Santa Cruz",NA,"50c9509d-22c7-4a22-a47d-8c48425ef4a7"
"Scalesia affinis Hook.fil.","Scalesia","affinis",-91.002803,-0.968283,"Ecuador","Isla Isabela",NA,"50c9509d-22c7-4a22-a47d-8c48425ef4a7"
"Scalesia affinis Hook.fil.","Scalesia","affinis",-91.002772,-0.967297,"Ecuador","Isla Isabela",NA,"50c9509d-22c7-4a22-a47d-8c48425ef4a7"
"Scalesia helleri B.L.Rob.","Scalesia","helleri",-90.338258,-0.736606,"Ecuador","Isla Santa Cruz",NA,"50c9509d-22c7-4a22-a47d-8c48425ef4a7"
"Scalesia helleri B.L.Rob.","Scalesia","helleri",-90.225189,-0.659095,"Ecuador","Isla Santa Cruz",NA,"50c9509d-22c7-4a22-a47d-8c48425ef4a7"
"Scalesia affinis Hook.fil.","Scalesia","affinis",-91.371345,-0.25125,"Ecuador","Isla Isabela",NA,"50c9509d-22c7-4a22-a47d-8c48425ef4a7"
"Scalesia affinis Hook.fil.","Scalesia","affinis",-90.30403,-0.742308,"Ecuador","Isla Santa Cruz",NA,"50c9509d-22c7-4a22-a47d-8c48425ef4a7"
"Scalesia affinis Hook.fil.","Scalesia","affinis",-91.099925,-0.780758,"Ecuador","Isla Isabela",NA,"50c9509d-22c7-4a22-a47d-8c48425ef4a7"
"Scalesia pedunculata Hook.fil.","Scalesia","pedunculata",-89.479208,-0.816234,"Ecuador","Isla San Cristobal",NA,"50c9509d-22c7-4a22-a47d-8c48425ef4a7"
"Scalesia affinis Hook.fil.","Scalesia","affinis",-91.371253,-0.251158,"Ecuador","Isla Isabela",NA,"50c9509d-22c7-4a22-a47d-8c48425ef4a7"
"Scalesia helleri B.L.Rob.","Scalesia","helleri",-90.341305,-0.694078,"Ecuador","Isla Santa Cruz",NA,"50c9509d-22c7-4a22-a47d-8c48425ef4a7"
"Scalesia pedunculata Hook.fil.","Scalesia","pedunculata",-90.224132,-0.633112,"Ecuador","Isla Santa Cruz",NA,"50c9509d-22c7-4a22-a47d-8c48425ef4a7"
"Scalesia pedunculata Hook.fil.","Scalesia","pedunculata",-90.463839,-0.651248,"Ecuador","Isla Santa Cruz",NA,"50c9509d-22c7-4a22-a47d-8c48425ef4a7"
"Scalesia helleri B.L.Rob.","Scalesia","helleri",-90.3872,-0.631326,"Ecuador","Isla Santa Cruz",NA,"50c9509d-22c7-4a22-a47d-8c48425ef4a7"
"Scalesia helleri B.L.Rob.","Scalesia","helleri",-90.344874,-0.737401,"Ecuador","Isla Santa Cruz",NA,"50c9509d-22c7-4a22-a47d-8c48425ef4a7"
"Scalesia affinis Hook.fil.","Scalesia","affinis",-91.135302,-0.829237,"Ecuador","Isla Isabela",NA,"50c9509d-22c7-4a22-a47d-8c48425ef4a7"
"Scalesia affinis Hook.fil.","Scalesia","affinis",-90.304031,-0.742338,"Ecuador","Isla Santa Cruz",NA,"50c9509d-22c7-4a22-a47d-8c48425ef4a7"
"Scalesia pedunculata Hook.fil.","Scalesia","pedunculata",-90.274575,-0.719327,"Ecuador","Isla Santa Cruz",NA,"50c9509d-22c7-4a22-a47d-8c48425ef4a7"
"Scalesia affinis Hook.fil.","Scalesia","affinis",-91.135369,-0.828753,"Ecuador","Isla Isabela",NA,"50c9509d-22c7-4a22-a47d-8c48425ef4a7"
"Scalesia pedunculata Hook.fil.","Scalesia","pedunculata",-89.413818,-0.899593,"Ecuador","Isla San Cristobal",NA,"50c9509d-22c7-4a22-a47d-8c48425ef4a7"
"Scalesia pedunculata Hook.fil.","Scalesia","pedunculata",-90.236047,-0.702977,"Ecuador","Isla Santa Cruz",NA,"50c9509d-22c7-4a22-a47d-8c48425ef4a7"
"Scalesia pedunculata Hook.fil.","Scalesia","pedunculata",-90.391623,-0.705133,"Ecuador","Isla Santa Cruz",NA,"50c9509d-22c7-4a22-a47d-8c48425ef4a7"
"Scalesia affinis Hook.fil.","Scalesia","affinis",-90.303253,-0.74122,"Ecuador","Isla Santa Cruz",NA,"50c9509d-22c7-4a22-a47d-8c48425ef4a7"
"Scalesia helleri B.L.Rob.","Scalesia","helleri",-90.339457,-0.749255,"Ecuador","Isla Santa Cruz",NA,"50c9509d-22c7-4a22-a47d-8c48425ef4a7"
"Scalesia affinis Hook.fil.","Scalesia","affinis",-90.30325,-0.741147,"Ecuador","Isla Santa Cruz",NA,"50c9509d-22c7-4a22-a47d-8c48425ef4a7"
"Scalesia helleri B.L.Rob.","Scalesia","helleri",-90.344378,-0.76085,"Ecuador","Isla Santa Cruz",NA,"50c9509d-22c7-4a22-a47d-8c48425ef4a7"
"Scalesia atractyloides var. atractyloides","Scalesia","atractyloides",-90.816138,-0.317972,"Ecuador","Isla San Salvador",NA,"211ace54-dcc2-4243-ad2b-a76f63494cc9"
"Scalesia incisa Hook.fil.","Scalesia","incisa",-89.4167,-0.8083,"Ecuador","Isla San Cristobal",NA,"211ace54-dcc2-4243-ad2b-a76f63494cc9"
"Scalesia retroflexa Hemsl.","Scalesia","retroflexa",-90.273467,-0.74565,"Ecuador","Isla Santa Cruz",NA,"211ace54-dcc2-4243-ad2b-a76f63494cc9"
"Scalesia divisa Andersson","Scalesia","divisa",-89.4167,-0.8083,"Ecuador","Isla San Cristobal",NA,"211ace54-dcc2-4243-ad2b-a76f63494cc9"
"Scalesia villosa A.Stewart","Scalesia","villosa",-90.423127,-1.261775,"Ecuador","Isla Santa Maria",NA,"211ace54-dcc2-4243-ad2b-a76f63494cc9"
"Scalesia divisa Andersson","Scalesia","divisa",-89.4167,-0.8083,"Ecuador","Isla San Cristobal",NA,"211ace54-dcc2-4243-ad2b-a76f63494cc9"
"Scalesia aspera Andersson","Scalesia","aspera",-90.534821,-0.600918,"Ecuador","Isla Santa Cruz",NA,"211ace54-dcc2-4243-ad2b-a76f63494cc9"
"Scalesia villosa A.Stewart","Scalesia","villosa",-90.427186,-1.274416,"Ecuador","Isla Santa Maria",NA,"211ace54-dcc2-4243-ad2b-a76f63494cc9"
"Scalesia affinis Hook.fil.","Scalesia","affinis",-91.5222,-0.3667,"Ecuador","Isla Fernandina",NA,"211ace54-dcc2-4243-ad2b-a76f63494cc9"
"Scalesia incisa Hook.fil.","Scalesia","incisa",-89.4167,-0.8083,"Ecuador","Isla San Cristobal",NA,"211ace54-dcc2-4243-ad2b-a76f63494cc9"
"Scalesia divisa Andersson","Scalesia","divisa",-89.4167,-0.8083,"Ecuador","Isla San Cristobal",NA,"211ace54-dcc2-4243-ad2b-a76f63494cc9"
"Scalesia divisa Andersson","Scalesia","divisa",-89.4167,-0.8083,"Ecuador","Isla San Cristobal",NA,"211ace54-dcc2-4243-ad2b-a76f63494cc9"
"Scalesia pedunculata Hook.fil.","Scalesia","pedunculata",-90.339369,-0.664238,"Ecuador","Isla Santa Cruz",NA,"211ace54-dcc2-4243-ad2b-a76f63494cc9"
"Scalesia incisa Hook.fil.","Scalesia","incisa",-89.351472,-0.820555,"Ecuador","Isla San Cristobal",NA,"211ace54-dcc2-4243-ad2b-a76f63494cc9"
"Scalesia divisa Andersson","Scalesia","divisa",-89.348527,-0.812638,"Ecuador","Isla San Cristobal",NA,"211ace54-dcc2-4243-ad2b-a76f63494cc9"
"Scalesia incisa Hook.fil.","Scalesia","incisa",-89.4167,-0.8083,"Ecuador","Isla San Cristobal",NA,"211ace54-dcc2-4243-ad2b-a76f63494cc9"
"Scalesia atractyloides Arn.","Scalesia","atractyloides",-90.631916,-0.281638,"Ecuador","Isla San Salvador",NA,"211ace54-dcc2-4243-ad2b-a76f63494cc9"
"Scalesia atractyloides Arn.","Scalesia","atractyloides",-90.623777,-0.277999,"Ecuador","Isla San Salvador",NA,"211ace54-dcc2-4243-ad2b-a76f63494cc9"
"Scalesia affinis Hook.fil.","Scalesia","affinis",-91.38838,-0.240305,"Ecuador","Isla Isabela",NA,"211ace54-dcc2-4243-ad2b-a76f63494cc9"
"Scalesia baurii subsp. hopkinsii (B.L.Rob.) Eliasson","Scalesia","baurii",-90.747194,0.582333,"Ecuador","Isla Pinta",NA,"211ace54-dcc2-4243-ad2b-a76f63494cc9"
"Scalesia microcephala var. microcephala","Scalesia","microcephala",-91.5222,-0.3667,"Ecuador","Isla Fernandina",NA,"211ace54-dcc2-4243-ad2b-a76f63494cc9"
"Scalesia microcephala var. microcephala","Scalesia","microcephala",-91.5222,-0.3667,"Ecuador","Isla Fernandina",NA,"211ace54-dcc2-4243-ad2b-a76f63494cc9"
"Scalesia villosa A.Stewart","Scalesia","villosa",-90.369555,-1.263416,"Ecuador","Isla Santa Maria",NA,"211ace54-dcc2-4243-ad2b-a76f63494cc9"
"Scalesia affinis Hook.fil.","Scalesia","affinis",-91.1249,-0.8137,"Ecuador","Isla Isabela",NA,"211ace54-dcc2-4243-ad2b-a76f63494cc9"
"Scalesia affinis Hook.fil.","Scalesia","affinis",-91.3412,0.0192,"Ecuador","Isla Isabela",NA,"211ace54-dcc2-4243-ad2b-a76f63494cc9"
"Scalesia affinis Hook.fil.","Scalesia","affinis",-91.1221,-0.4221,"Ecuador","Isla Isabela",NA,"211ace54-dcc2-4243-ad2b-a76f63494cc9"
"Scalesia pedunculata Hook.fil.","Scalesia","pedunculata",-90.316138,-0.643611,"Ecuador","Isla Santa Cruz",NA,"211ace54-dcc2-4243-ad2b-a76f63494cc9"
"Scalesia baurii subsp. hopkinsii (B.L.Rob.) Eliasson","Scalesia","baurii",-90.7547,0.5883,"Ecuador","Isla Pinta",NA,"211ace54-dcc2-4243-ad2b-a76f63494cc9"
"Scalesia baurii subsp. hopkinsii (B.L.Rob.) Eliasson","Scalesia","baurii",-90.7547,0.5883,"Ecuador","Isla Pinta",NA,"211ace54-dcc2-4243-ad2b-a76f63494cc9"
"Scalesia microcephala var. microcephala","Scalesia","microcephala",-91.2914,-0.1888,"Ecuador","Isla Isabela",NA,"211ace54-dcc2-4243-ad2b-a76f63494cc9"
"Scalesia microcephala var. microcephala","Scalesia","microcephala",-91.5222,-0.3667,"Ecuador","Isla Fernandina",NA,"211ace54-dcc2-4243-ad2b-a76f63494cc9"
"Scalesia atractyloides var. atractyloides","Scalesia","atractyloides",-90.819805,-0.316861,"Ecuador","Isla San Salvador",NA,"211ace54-dcc2-4243-ad2b-a76f63494cc9"
"Scalesia incisa Hook.fil.","Scalesia","incisa",-89.4167,-0.8083,"Ecuador","Isla San Cristobal",NA,"211ace54-dcc2-4243-ad2b-a76f63494cc9"
"Scalesia affinis Hook.fil.","Scalesia","affinis",-91.3498,-0.2796,"Ecuador","Isla Isabela",NA,"211ace54-dcc2-4243-ad2b-a76f63494cc9"
"Scalesia villosa A.Stewart","Scalesia","villosa",-90.423127,-1.261775,"Ecuador","Isla Santa Maria",NA,"211ace54-dcc2-4243-ad2b-a76f63494cc9"
"Scalesia pedunculata Hook.fil.","Scalesia","pedunculata",-91.1249,-0.8137,"Ecuador","Isla Isabela",NA,"211ace54-dcc2-4243-ad2b-a76f63494cc9"
"Scalesia stewartii Riley","Scalesia","stewartii",-90.7625,-0.2203,"Ecuador","Isla San Salvador",NA,"211ace54-dcc2-4243-ad2b-a76f63494cc9"
"Scalesia baurii subsp. hopkinsii (B.L.Rob.) Eliasson","Scalesia","baurii",-90.7547,0.5883,"Ecuador","Isla Pinta",NA,"211ace54-dcc2-4243-ad2b-a76f63494cc9"
"Scalesia baurii subsp. hopkinsii (B.L.Rob.) Eliasson","Scalesia","baurii",-90.7547,0.5883,"Ecuador","Isla Pinta",NA,"211ace54-dcc2-4243-ad2b-a76f63494cc9"
"Scalesia baurii subsp. hopkinsii (B.L.Rob.) Eliasson","Scalesia","baurii",-90.7547,0.5883,"Ecuador","Isla Pinta",NA,"211ace54-dcc2-4243-ad2b-a76f63494cc9"
"Scalesia baurii subsp. hopkinsii (B.L.Rob.) Eliasson","Scalesia","baurii",-90.7547,0.5883,"Ecuador","Isla Pinta",NA,"211ace54-dcc2-4243-ad2b-a76f63494cc9"
"Scalesia villosa A.Stewart","Scalesia","villosa",-90.425347,-1.231611,"Ecuador","Isla Santa Maria",NA,"211ace54-dcc2-4243-ad2b-a76f63494cc9"
"Scalesia pedunculata Hook.fil.","Scalesia","pedunculata",-90.383583,-0.631638,"Ecuador","Isla Santa Cruz",NA,"211ace54-dcc2-4243-ad2b-a76f63494cc9"
"Scalesia pedunculata Hook.fil.","Scalesia","pedunculata",-90.353856,-0.702312,"Ecuador","Isla Santa Cruz",NA,"211ace54-dcc2-4243-ad2b-a76f63494cc9"
"Scalesia affinis Hook.fil.","Scalesia","affinis",-91.3832,-0.9255,"Ecuador","Isla Isabela",NA,"211ace54-dcc2-4243-ad2b-a76f63494cc9"
"Scalesia pedunculata Hook.fil.","Scalesia","pedunculata",-89.4167,-0.8083,"Ecuador","Isla San Cristobal",NA,"211ace54-dcc2-4243-ad2b-a76f63494cc9"
"Scalesia cordata A.Stewart","Scalesia","cordata",-91.1249,-0.8137,"Ecuador","Isla Isabela",NA,"211ace54-dcc2-4243-ad2b-a76f63494cc9"
"Scalesia cordata A.Stewart","Scalesia","cordata",-91.3832,-0.9255,"Ecuador","Isla Isabela",NA,"211ace54-dcc2-4243-ad2b-a76f63494cc9"
"Scalesia cordata A.Stewart","Scalesia","cordata",-91.3832,-0.9255,"Ecuador","Isla Isabela",NA,"211ace54-dcc2-4243-ad2b-a76f63494cc9"
"Scalesia cordata A.Stewart","Scalesia","cordata",-91.3832,-0.9255,"Ecuador","Isla Isabela",NA,"211ace54-dcc2-4243-ad2b-a76f63494cc9"
"Scalesia pedunculata Hook.fil.","Scalesia","pedunculata",-90.303822,-0.638948,"Ecuador","Isla Santa Cruz",NA,"211ace54-dcc2-4243-ad2b-a76f63494cc9"
"Scalesia villosa A.Stewart","Scalesia","villosa",-90.426291,-1.236969,"Ecuador","Isla Santa Maria",NA,"211ace54-dcc2-4243-ad2b-a76f63494cc9"
"Scalesia affinis subsp. affinis","Scalesia","affinis",-90.453222,-1.279111,"Ecuador","Isla Santa Maria",NA,"211ace54-dcc2-4243-ad2b-a76f63494cc9"
"Scalesia affinis subsp. affinis","Scalesia","affinis",-90.449972,-1.310916,"Ecuador","Isla Santa Maria",NA,"211ace54-dcc2-4243-ad2b-a76f63494cc9"
"Scalesia cordata A.Stewart","Scalesia","cordata",-91.3832,-0.9255,"Ecuador","Isla Isabela",NA,"211ace54-dcc2-4243-ad2b-a76f63494cc9"
"Scalesia pedunculata Hook.fil.","Scalesia","pedunculata",-90.428836,-1.292578,"Ecuador","Isla Santa Maria",NA,"211ace54-dcc2-4243-ad2b-a76f63494cc9"
"Scalesia villosa A.Stewart","Scalesia","villosa",-90.420941,-1.280267,"Ecuador","Isla Santa Maria",NA,"211ace54-dcc2-4243-ad2b-a76f63494cc9"
"Scalesia affinis Hook.fil.","Scalesia","affinis",-91.3726,-0.2647,"Ecuador","Isla Isabela",NA,"211ace54-dcc2-4243-ad2b-a76f63494cc9"
"Scalesia pedunculata Hook.fil.","Scalesia","pedunculata",-90.371055,-0.621777,"Ecuador","Isla Santa Cruz",NA,"211ace54-dcc2-4243-ad2b-a76f63494cc9"
"Scalesia pedunculata Hook.fil.","Scalesia","pedunculata",-90.316666,-0.666666,"Ecuador","Isla Santa Cruz",NA,"211ace54-dcc2-4243-ad2b-a76f63494cc9"
"Scalesia pedunculata Hook.fil.","Scalesia","pedunculata",-90.383583,-0.631638,"Ecuador","Isla Santa Cruz",NA,"211ace54-dcc2-4243-ad2b-a76f63494cc9"
"Scalesia affinis Hook.fil.","Scalesia","affinis",-91.5222,-0.3667,"Ecuador","Isla Fernandina",NA,"211ace54-dcc2-4243-ad2b-a76f63494cc9"
"Scalesia microcephala var. microcephala","Scalesia","microcephala",-91.1221,-0.4221,"Ecuador","Isla Isabela",NA,"211ace54-dcc2-4243-ad2b-a76f63494cc9"
"Scalesia pedunculata Hook.fil.","Scalesia","pedunculata",-90.445,-1.294722,"Ecuador","Isla Santa Maria",NA,"211ace54-dcc2-4243-ad2b-a76f63494cc9"
"Scalesia affinis Hook.fil.","Scalesia","affinis",-90.995888,-0.391888,"Ecuador","Isla Isabela",NA,"211ace54-dcc2-4243-ad2b-a76f63494cc9"
"Scalesia villosa A.Stewart","Scalesia","villosa",-90.369555,-1.263416,"Ecuador","Isla Santa Maria",NA,"211ace54-dcc2-4243-ad2b-a76f63494cc9"
"Scalesia pedunculata Hook.fil.","Scalesia","pedunculata",-90.385716,-0.625444,"Ecuador","Isla Santa Cruz",NA,"211ace54-dcc2-4243-ad2b-a76f63494cc9"
"Scalesia retroflexa Hemsl.","Scalesia","retroflexa",-90.270749,-0.742055,"Ecuador","Isla Santa Cruz",NA,"211ace54-dcc2-4243-ad2b-a76f63494cc9"
"Scalesia retroflexa Hemsl.","Scalesia","retroflexa",-90.270749,-0.742027,"Ecuador","Isla Santa Cruz",NA,"211ace54-dcc2-4243-ad2b-a76f63494cc9"
"Scalesia pedunculata Hook.fil.","Scalesia","pedunculata",-90.327611,-0.662083,"Ecuador","Isla Santa Cruz",NA,"211ace54-dcc2-4243-ad2b-a76f63494cc9"
"Scalesia baurii subsp. hopkinsii (B.L.Rob.) Eliasson","Scalesia","baurii",-90.7547,0.5883,"Ecuador","Isla Pinta",NA,"211ace54-dcc2-4243-ad2b-a76f63494cc9"
"Scalesia baurii subsp. hopkinsii (B.L.Rob.) Eliasson","Scalesia","baurii",-90.7547,0.5883,"Ecuador","Isla Pinta",NA,"211ace54-dcc2-4243-ad2b-a76f63494cc9"
"Scalesia baurii subsp. hopkinsii (B.L.Rob.) Eliasson","Scalesia","baurii",-90.7547,0.5883,"Ecuador","Isla Pinta",NA,"211ace54-dcc2-4243-ad2b-a76f63494cc9"
"Scalesia baurii subsp. hopkinsii (B.L.Rob.) Eliasson","Scalesia","baurii",-90.7547,0.5883,"Ecuador","Isla Pinta",NA,"211ace54-dcc2-4243-ad2b-a76f63494cc9"
"Scalesia baurii subsp. hopkinsii (B.L.Rob.) Eliasson","Scalesia","baurii",-90.7547,0.5883,"Ecuador","Isla Pinta",NA,"211ace54-dcc2-4243-ad2b-a76f63494cc9"
"Scalesia gordilloi O.J.Hamann & Wium-And.","Scalesia","gordilloi",-89.4167,-0.8083,"Ecuador","Isla San Cristobal",NA,"211ace54-dcc2-4243-ad2b-a76f63494cc9"
"Scalesia affinis Hook.fil.","Scalesia","affinis",-90.493369,-1.286857,"Ecuador","Isla Santa Maria",NA,"211ace54-dcc2-4243-ad2b-a76f63494cc9"
"Scalesia pedunculata Hook.fil.","Scalesia","pedunculata",-90.363333,-0.620361,"Ecuador","Isla Santa Cruz",NA,"211ace54-dcc2-4243-ad2b-a76f63494cc9"
"Scalesia pedunculata Hook.fil.","Scalesia","pedunculata",-90.269972,-0.647555,"Ecuador","Isla Santa Cruz",NA,"211ace54-dcc2-4243-ad2b-a76f63494cc9"
"Scalesia affinis Hook.fil.","Scalesia","affinis",-91.2914,-0.1888,"Ecuador","Isla Isabela",NA,"211ace54-dcc2-4243-ad2b-a76f63494cc9"
"Scalesia pedunculata Hook.fil.","Scalesia","pedunculata",-89.573833,-0.908444,"Ecuador","Isla San Cristobal",NA,"211ace54-dcc2-4243-ad2b-a76f63494cc9"
"Scalesia pedunculata Hook.fil.","Scalesia","pedunculata",-90.371055,-0.621777,"Ecuador","Isla Santa Cruz",NA,"211ace54-dcc2-4243-ad2b-a76f63494cc9"
"Scalesia cordata A.Stewart","Scalesia","cordata",-91.413472,-0.985166,"Ecuador","Isla Isabela",NA,"211ace54-dcc2-4243-ad2b-a76f63494cc9"
"Scalesia affinis Hook.fil.","Scalesia","affinis",-91.1221,-0.4221,"Ecuador","Isla Isabela",NA,"211ace54-dcc2-4243-ad2b-a76f63494cc9"
"Scalesia aspera Andersson","Scalesia","aspera",-90.371055,-0.621777,"Ecuador","Isla Santa Cruz",NA,"211ace54-dcc2-4243-ad2b-a76f63494cc9"
"Scalesia aspera Andersson","Scalesia","aspera",-90.371055,-0.621777,"Ecuador","Isla Santa Cruz",NA,"211ace54-dcc2-4243-ad2b-a76f63494cc9"
"Scalesia aspera Andersson","Scalesia","aspera",-90.534046,-0.589346,"Ecuador","Isla Santa Cruz",NA,"211ace54-dcc2-4243-ad2b-a76f63494cc9"
"Scalesia pedunculata Hook.fil.","Scalesia","pedunculata",-90.327611,-0.662083,"Ecuador","Isla Santa Cruz",NA,"211ace54-dcc2-4243-ad2b-a76f63494cc9"
"Scalesia affinis Hook.fil.","Scalesia","affinis",-90.215638,-0.673666,"Ecuador","Isla Santa Cruz",NA,"211ace54-dcc2-4243-ad2b-a76f63494cc9"
"Scalesia cordata A.Stewart","Scalesia","cordata",-91.4395,-0.983055,"Ecuador","Isla Isabela",NA,"211ace54-dcc2-4243-ad2b-a76f63494cc9"
"Scalesia affinis Hook.fil.","Scalesia","affinis",-91.1221,-0.4221,"Ecuador","Isla Isabela",NA,"211ace54-dcc2-4243-ad2b-a76f63494cc9"
"Scalesia pedunculata Hook.fil.","Scalesia","pedunculata",-90.449777,-1.2885,"Ecuador","Isla Santa Maria",NA,"211ace54-dcc2-4243-ad2b-a76f63494cc9"
"Scalesia affinis subsp. affinis","Scalesia","affinis",-90.488027,-1.268861,"Ecuador","Isla Santa Maria",NA,"211ace54-dcc2-4243-ad2b-a76f63494cc9"
"Scalesia pedunculata Hook.fil.","Scalesia","pedunculata",-90.453138,-1.294083,"Ecuador","Isla Santa Maria",NA,"211ace54-dcc2-4243-ad2b-a76f63494cc9"
"Scalesia affinis Hook.fil.","Scalesia","affinis",-91.6248,-0.34002,"Ecuador","Isla Fernandina",NA,"211ace54-dcc2-4243-ad2b-a76f63494cc9"
"Scalesia affinis Hook.fil.","Scalesia","affinis",-91.3886,-0.2423,"Ecuador","Isla Isabela",NA,"211ace54-dcc2-4243-ad2b-a76f63494cc9"
"Scalesia aspera Andersson","Scalesia","aspera",-90.474103,-0.522161,"Ecuador","Isla Santa Cruz",NA,"211ace54-dcc2-4243-ad2b-a76f63494cc9"
"Scalesia affinis Hook.fil.","Scalesia","affinis",-91.1249,-0.8137,"Ecuador","Isla Isabela",NA,"211ace54-dcc2-4243-ad2b-a76f63494cc9"
"Scalesia affinis Hook.fil.","Scalesia","affinis",-91.38677,-0.12805,"Ecuador","Isla Isabela",NA,"211ace54-dcc2-4243-ad2b-a76f63494cc9"
"Scalesia affinis Hook.fil.","Scalesia","affinis",-91.2914,-0.1888,"Ecuador","Isla Isabela",NA,"211ace54-dcc2-4243-ad2b-a76f63494cc9"
"Scalesia atractyloides Arn.","Scalesia","atractyloides",-90.632777,-0.280277,"Ecuador","Isla San Salvador",NA,"211ace54-dcc2-4243-ad2b-a76f63494cc9"
"Scalesia atractyloides Arn.","Scalesia","atractyloides",-90.632777,-0.280277,"Ecuador","Isla San Salvador",NA,"211ace54-dcc2-4243-ad2b-a76f63494cc9"
"Scalesia atractyloides var. atractyloides","Scalesia","atractyloides",-90.772222,-0.327777,"Ecuador","Isla San Salvador",NA,"211ace54-dcc2-4243-ad2b-a76f63494cc9"
"Scalesia villosa A.Stewart","Scalesia","villosa",-90.426291,-1.236969,"Ecuador","Isla Santa Maria",NA,"211ace54-dcc2-4243-ad2b-a76f63494cc9"
"Scalesia pedunculata Hook.fil.","Scalesia","pedunculata",-90.325444,-0.715083,"Ecuador","Isla Santa Cruz",NA,"211ace54-dcc2-4243-ad2b-a76f63494cc9"
"Scalesia gordilloi O.J.Hamann & Wium-And.","Scalesia","gordilloi",-89.608305,-0.931166,"Ecuador","Isla San Cristobal",NA,"211ace54-dcc2-4243-ad2b-a76f63494cc9"
"Scalesia crockeri Howell","Scalesia","crockeri",-90.289569,-0.497372,"Ecuador","Isla Santa Cruz",NA,"211ace54-dcc2-4243-ad2b-a76f63494cc9"
"Scalesia affinis Hook.fil.","Scalesia","affinis",-91.3882,-0.2405,"Ecuador","Isla Isabela",NA,"211ace54-dcc2-4243-ad2b-a76f63494cc9"
"Scalesia affinis Hook.fil.","Scalesia","affinis",-91.008694,-0.961944,"Ecuador","Isla Isabela",NA,"211ace54-dcc2-4243-ad2b-a76f63494cc9"
"Scalesia affinis Hook.fil.","Scalesia","affinis",-91.388184,-0.240472,"Ecuador","Isla Isabela",NA,"211ace54-dcc2-4243-ad2b-a76f63494cc9"
"Scalesia helleri B.L.Rob.","Scalesia","helleri",-90.315832,-0.738575,"Ecuador","Isla Santa Cruz",NA,"211ace54-dcc2-4243-ad2b-a76f63494cc9"
"Scalesia divisa Andersson","Scalesia","divisa",-89.385972,-0.745833,"Ecuador","Isla San Cristobal",NA,"211ace54-dcc2-4243-ad2b-a76f63494cc9"
"Scalesia affinis Hook.fil.","Scalesia","affinis",-91.085138,-0.586527,"Ecuador","Isla Isabela",NA,"211ace54-dcc2-4243-ad2b-a76f63494cc9"
"Scalesia affinis Hook.fil.","Scalesia","affinis",-91.2914,-0.1888,"Ecuador","Isla Isabela",NA,"211ace54-dcc2-4243-ad2b-a76f63494cc9"
"Scalesia affinis Hook.fil.","Scalesia","affinis",-90.32209,-0.74119,"Ecuador","Isla Santa Cruz",NA,"211ace54-dcc2-4243-ad2b-a76f63494cc9"
"Scalesia pedunculata Hook.fil.","Scalesia","pedunculata",-90.34455,-0.700655,"Ecuador","Isla Santa Cruz",NA,"211ace54-dcc2-4243-ad2b-a76f63494cc9"
"Scalesia stewartii Riley","Scalesia","stewartii",-90.725,-0.2583,"Ecuador","Isla San Salvador",NA,"211ace54-dcc2-4243-ad2b-a76f63494cc9"
"Scalesia stewartii Riley","Scalesia","stewartii",-90.725,-0.2583,"Ecuador","Isla San Salvador",NA,"211ace54-dcc2-4243-ad2b-a76f63494cc9"
"Scalesia microcephala var. microcephala","Scalesia","microcephala",-91.342222,0.048027,"Ecuador","Isla Isabela",NA,"211ace54-dcc2-4243-ad2b-a76f63494cc9"
"Scalesia microcephala var. microcephala","Scalesia","microcephala",-91.355916,0.043416,"Ecuador","Isla Isabela",NA,"211ace54-dcc2-4243-ad2b-a76f63494cc9"
"Scalesia microcephala var. microcephala","Scalesia","microcephala",-91.356861,0.042555,"Ecuador","Isla Isabela",NA,"211ace54-dcc2-4243-ad2b-a76f63494cc9"
"Scalesia microcephala var. microcephala","Scalesia","microcephala",-91.362944,0.039416,"Ecuador","Isla Isabela",NA,"211ace54-dcc2-4243-ad2b-a76f63494cc9"
"Scalesia baurii subsp. hopkinsii (B.L.Rob.) Eliasson","Scalesia","baurii",-90.7547,0.5883,"Ecuador","Isla Pinta",NA,"211ace54-dcc2-4243-ad2b-a76f63494cc9"
"Scalesia affinis Hook.fil.","Scalesia","affinis",-91.1221,-0.4221,"Ecuador","Isla Isabela",NA,"211ace54-dcc2-4243-ad2b-a76f63494cc9"
"Scalesia microcephala var. microcephala","Scalesia","microcephala",-91.1221,-0.4221,"Ecuador","Isla Isabela",NA,"211ace54-dcc2-4243-ad2b-a76f63494cc9"
"Scalesia baurii subsp. hopkinsii (B.L.Rob.) Eliasson","Scalesia","baurii",-90.7547,0.5883,"Ecuador","Isla Pinta",NA,"211ace54-dcc2-4243-ad2b-a76f63494cc9"
"Scalesia helleri B.L.Rob.","Scalesia","helleri",-90.34455,-0.700655,"Ecuador","Isla Santa Cruz",NA,"211ace54-dcc2-4243-ad2b-a76f63494cc9"
"Scalesia pedunculata Hook.fil.","Scalesia","pedunculata",-89.4167,-0.8083,"Ecuador","Isla San Cristobal",NA,"211ace54-dcc2-4243-ad2b-a76f63494cc9"
"Scalesia affinis Hook.fil.","Scalesia","affinis",-91.3166,-0.2168,"Ecuador","Isla Isabela",NA,"211ace54-dcc2-4243-ad2b-a76f63494cc9"
"Scalesia microcephala B.L.Rob.","Scalesia","microcephala",-91.3055,-0.2187,"Ecuador","Isla Isabela",NA,"211ace54-dcc2-4243-ad2b-a76f63494cc9"
"Scalesia microcephala var. microcephala","Scalesia","microcephala",-91.361805,-0.039722,"Ecuador","Isla Isabela",NA,"211ace54-dcc2-4243-ad2b-a76f63494cc9"
"Scalesia affinis Hook.fil.","Scalesia","affinis",-90.4333,-1.2833,"Ecuador","Isla Santa Maria",NA,"211ace54-dcc2-4243-ad2b-a76f63494cc9"
"Scalesia affinis Hook.fil.","Scalesia","affinis",-90.35,-0.6167,"Ecuador","Isla Santa Cruz",NA,"211ace54-dcc2-4243-ad2b-a76f63494cc9"
"Scalesia incisa Hook.fil.","Scalesia","incisa",-89.311666,-0.799444,"Ecuador","Isla San Cristobal",NA,"211ace54-dcc2-4243-ad2b-a76f63494cc9"
"Scalesia incisa Hook.fil.","Scalesia","incisa",-89.299444,-0.785555,"Ecuador","Isla San Cristobal",NA,"211ace54-dcc2-4243-ad2b-a76f63494cc9"
"Scalesia incisa Hook.fil.","Scalesia","incisa",-89.285,-0.725277,"Ecuador","Isla San Cristobal",NA,"211ace54-dcc2-4243-ad2b-a76f63494cc9"
"Scalesia incisa Hook.fil.","Scalesia","incisa",-89.279166,-0.759444,"Ecuador","Isla San Cristobal",NA,"211ace54-dcc2-4243-ad2b-a76f63494cc9"
"Scalesia atractyloides var. atractyloides","Scalesia","atractyloides",-90.819277,-0.319972,"Ecuador","Isla San Salvador",NA,"211ace54-dcc2-4243-ad2b-a76f63494cc9"
"Scalesia atractyloides var. atractyloides","Scalesia","atractyloides",-90.7725,-0.336444,"Ecuador","Isla San Salvador",NA,"211ace54-dcc2-4243-ad2b-a76f63494cc9"
"Scalesia atractyloides var. atractyloides","Scalesia","atractyloides",-90.817972,-0.318916,"Ecuador","Isla San Salvador",NA,"211ace54-dcc2-4243-ad2b-a76f63494cc9"
"Scalesia atractyloides var. atractyloides","Scalesia","atractyloides",-90.766722,-0.309805,"Ecuador","Isla San Salvador",NA,"211ace54-dcc2-4243-ad2b-a76f63494cc9"
"Scalesia atractyloides Arn.","Scalesia","atractyloides",-90.632416,-0.319638,"Ecuador","Isla San Salvador",NA,"211ace54-dcc2-4243-ad2b-a76f63494cc9"
"Scalesia atractyloides Arn.","Scalesia","atractyloides",-90.621666,-0.307749,"Ecuador","Isla San Salvador",NA,"211ace54-dcc2-4243-ad2b-a76f63494cc9"
"Scalesia atractyloides Arn.","Scalesia","atractyloides",-90.642138,-0.298027,"Ecuador","Isla San Salvador",NA,"211ace54-dcc2-4243-ad2b-a76f63494cc9"
"Scalesia atractyloides Arn.","Scalesia","atractyloides",-90.641694,-0.298027,"Ecuador","Isla San Salvador",NA,"211ace54-dcc2-4243-ad2b-a76f63494cc9"
"Scalesia atractyloides Arn.","Scalesia","atractyloides",-90.639972,-0.285055,"Ecuador","Isla San Salvador",NA,"211ace54-dcc2-4243-ad2b-a76f63494cc9"
"Scalesia atractyloides Arn.","Scalesia","atractyloides",-90.648666,-0.298861,"Ecuador","Isla San Salvador",NA,"211ace54-dcc2-4243-ad2b-a76f63494cc9"
"Scalesia stewartii Riley","Scalesia","stewartii",-90.609055,-0.279138,"Ecuador","Isla San Salvador",NA,"211ace54-dcc2-4243-ad2b-a76f63494cc9"
"Scalesia stewartii Riley","Scalesia","stewartii",-90.559722,-0.283944,"Ecuador","Isla San Salvador",NA,"211ace54-dcc2-4243-ad2b-a76f63494cc9"
"Scalesia stewartii Riley","Scalesia","stewartii",-90.585055,-0.299055,"Ecuador","Isla San Salvador",NA,"211ace54-dcc2-4243-ad2b-a76f63494cc9"
"Scalesia pedunculata Hook.fil.","Scalesia","pedunculata",-89.432861,-0.842416,"Ecuador","Isla San Cristobal",NA,"211ace54-dcc2-4243-ad2b-a76f63494cc9"
"Scalesia pedunculata Hook.fil.","Scalesia","pedunculata",-90.390944,-1.283888,"Ecuador","Isla Santa Maria",NA,"211ace54-dcc2-4243-ad2b-a76f63494cc9"
"Scalesia divisa Andersson","Scalesia","divisa",-89.349416,-0.820916,"Ecuador","Isla San Cristobal",NA,"211ace54-dcc2-4243-ad2b-a76f63494cc9"
"Scalesia affinis Hook.fil.","Scalesia","affinis",-90.962141,-0.952072,"Ecuador","Isla Isabela",NA,"211ace54-dcc2-4243-ad2b-a76f63494cc9"
"Scalesia atractyloides Arn.","Scalesia","atractyloides",-90.624861,-0.278972,"Ecuador","Isla San Salvador",NA,"211ace54-dcc2-4243-ad2b-a76f63494cc9"
"Scalesia pedunculata Hook.fil.","Scalesia","pedunculata",-90.445083,-0.646166,"Ecuador","Isla Santa Cruz",NA,"211ace54-dcc2-4243-ad2b-a76f63494cc9"
"Scalesia stewartii Riley","Scalesia","stewartii",-90.575277,-0.280027,"Ecuador","Isla San Salvador",NA,"211ace54-dcc2-4243-ad2b-a76f63494cc9"
"Scalesia stewartii Riley","Scalesia","stewartii",-90.602083,-0.275944,"Ecuador","Isla San Salvador",NA,"211ace54-dcc2-4243-ad2b-a76f63494cc9"
"Scalesia stewartii Riley","Scalesia","stewartii",-90.624305,-0.260222,"Ecuador","Isla San Salvador",NA,"211ace54-dcc2-4243-ad2b-a76f63494cc9"
"Scalesia atractyloides Arn.","Scalesia","atractyloides",-90.633336,-0.265499,"Ecuador","Isla San Salvador",NA,"211ace54-dcc2-4243-ad2b-a76f63494cc9"
"Scalesia stewartii Riley","Scalesia","stewartii",-90.61625,-0.25875,"Ecuador","Isla San Salvador",NA,"211ace54-dcc2-4243-ad2b-a76f63494cc9"
"Scalesia stewartii Riley","Scalesia","stewartii",-90.616667,-0.2565,"Ecuador","Isla San Salvador",NA,"211ace54-dcc2-4243-ad2b-a76f63494cc9"
"Scalesia stewartii Riley","Scalesia","stewartii",-90.620388,-0.257583,"Ecuador","Isla San Salvador",NA,"211ace54-dcc2-4243-ad2b-a76f63494cc9"
"Scalesia affinis Hook.fil.","Scalesia","affinis",-90.215333,-0.689583,"Ecuador","Isla Santa Cruz",NA,"211ace54-dcc2-4243-ad2b-a76f63494cc9"
"Scalesia affinis Hook.fil.","Scalesia","affinis",-91.518555,-0.280305,"Ecuador","Isla Fernandina",NA,"211ace54-dcc2-4243-ad2b-a76f63494cc9"
"Scalesia atractyloides Arn.","Scalesia","atractyloides",-90.633388,-0.265222,"Ecuador","Isla San Salvador",NA,"211ace54-dcc2-4243-ad2b-a76f63494cc9"
"Scalesia atractyloides Arn.","Scalesia","atractyloides",-90.643166,-0.2855,"Ecuador","Isla San Salvador",NA,"211ace54-dcc2-4243-ad2b-a76f63494cc9"
"Scalesia cordata A.Stewart","Scalesia","cordata",-91.202888,-0.869333,"Ecuador","Isla Isabela",NA,"211ace54-dcc2-4243-ad2b-a76f63494cc9"
"Scalesia pedunculata Hook.fil.","Scalesia","pedunculata",-89.463138,-0.846861,"Ecuador","Isla San Cristobal",NA,"211ace54-dcc2-4243-ad2b-a76f63494cc9"
"Scalesia stewartii Riley","Scalesia","stewartii",-90.590111,-0.298944,"Ecuador","Isla San Salvador",NA,"211ace54-dcc2-4243-ad2b-a76f63494cc9"
"Scalesia incisa Hook.fil.","Scalesia","incisa",-89.345944,-0.809055,"Ecuador","Isla San Cristobal",NA,"211ace54-dcc2-4243-ad2b-a76f63494cc9"
"Scalesia atractyloides Arn.","Scalesia","atractyloides",-90.642694,-0.283416,"Ecuador","Isla San Salvador",NA,"211ace54-dcc2-4243-ad2b-a76f63494cc9"
"Scalesia atractyloides Arn.","Scalesia","atractyloides",-90.645388,-0.282999,"Ecuador","Isla San Salvador",NA,"211ace54-dcc2-4243-ad2b-a76f63494cc9"
"Scalesia atractyloides Arn.","Scalesia","atractyloides",-90.644972,-0.282194,"Ecuador","Isla San Salvador",NA,"211ace54-dcc2-4243-ad2b-a76f63494cc9"
"Scalesia stewartii Riley","Scalesia","stewartii",-90.593277,-0.310194,"Ecuador","Isla San Salvador",NA,"211ace54-dcc2-4243-ad2b-a76f63494cc9"
"Scalesia divisa Andersson","Scalesia","divisa",-89.38075,-0.727,"Ecuador","Isla San Cristobal",NA,"211ace54-dcc2-4243-ad2b-a76f63494cc9"
"Scalesia pedunculata Hook.fil.","Scalesia","pedunculata",-89.438933,-0.900009,"Ecuador","Isla San Cristobal",NA,"211ace54-dcc2-4243-ad2b-a76f63494cc9"
"Scalesia cordata A.Stewart","Scalesia","cordata",-91.185111,-0.894527,"Ecuador","Isla Isabela",NA,"211ace54-dcc2-4243-ad2b-a76f63494cc9"
"Scalesia baurii subsp. hopkinsii (B.L.Rob.) Eliasson","Scalesia","baurii",-90.7547,0.5883,"Ecuador","Isla Pinta",NA,"211ace54-dcc2-4243-ad2b-a76f63494cc9"
"Scalesia cordata A.Stewart","Scalesia","cordata",-91.148194,-0.920666,"Ecuador","Isla Isabela",NA,"211ace54-dcc2-4243-ad2b-a76f63494cc9"
"Scalesia cordata A.Stewart","Scalesia","cordata",-91.169305,-0.895361,"Ecuador","Isla Isabela",NA,"211ace54-dcc2-4243-ad2b-a76f63494cc9"
"Scalesia cordata A.Stewart","Scalesia","cordata",-91.13125,-0.920638,"Ecuador","Isla Isabela",NA,"211ace54-dcc2-4243-ad2b-a76f63494cc9"
"Scalesia cordata A.Stewart","Scalesia","cordata",-91.148194,-0.920666,"Ecuador","Isla Isabela",NA,"211ace54-dcc2-4243-ad2b-a76f63494cc9"
"Scalesia cordata A.Stewart","Scalesia","cordata",-91.110472,-0.934055,"Ecuador","Isla Isabela",NA,"211ace54-dcc2-4243-ad2b-a76f63494cc9"
"Scalesia cordata A.Stewart","Scalesia","cordata",-91.169305,-0.895361,"Ecuador","Isla Isabela",NA,"211ace54-dcc2-4243-ad2b-a76f63494cc9"
"Scalesia cordata A.Stewart","Scalesia","cordata",-91.169527,-0.893138,"Ecuador","Isla Isabela",NA,"211ace54-dcc2-4243-ad2b-a76f63494cc9"
"Scalesia cordata A.Stewart","Scalesia","cordata",-91.148194,-0.920666,"Ecuador","Isla Isabela",NA,"211ace54-dcc2-4243-ad2b-a76f63494cc9"
"Scalesia affinis Hook.fil.","Scalesia","affinis",-91.5222,-0.3667,"Ecuador","Isla Fernandina",NA,"211ace54-dcc2-4243-ad2b-a76f63494cc9"
"Scalesia cordata A.Stewart","Scalesia","cordata",-91.143805,-0.934055,"Ecuador","Isla Isabela",NA,"211ace54-dcc2-4243-ad2b-a76f63494cc9"
"Scalesia cordata A.Stewart","Scalesia","cordata",-91.169305,-0.895361,"Ecuador","Isla Isabela",NA,"211ace54-dcc2-4243-ad2b-a76f63494cc9"
"Scalesia cordata A.Stewart","Scalesia","cordata",-91.169527,-0.893138,"Ecuador","Isla Isabela",NA,"211ace54-dcc2-4243-ad2b-a76f63494cc9"
"Scalesia cordata A.Stewart","Scalesia","cordata",-91.225249,-0.867388,"Ecuador","Isla Isabela",NA,"211ace54-dcc2-4243-ad2b-a76f63494cc9"
"Scalesia cordata A.Stewart","Scalesia","cordata",-91.169527,-0.893138,"Ecuador","Isla Isabela",NA,"211ace54-dcc2-4243-ad2b-a76f63494cc9"
"Scalesia cordata A.Stewart","Scalesia","cordata",-91.225249,-0.867388,"Ecuador","Isla Isabela",NA,"211ace54-dcc2-4243-ad2b-a76f63494cc9"
"Scalesia affinis Hook.fil.","Scalesia","affinis",-91.385472,-0.245444,"Ecuador","Isla Isabela",NA,"211ace54-dcc2-4243-ad2b-a76f63494cc9"
"Scalesia cordata A.Stewart","Scalesia","cordata",-91.225249,-0.867388,"Ecuador","Isla Isabela",NA,"211ace54-dcc2-4243-ad2b-a76f63494cc9"
"Scalesia cordata A.Stewart","Scalesia","cordata",-91.203111,-0.868972,"Ecuador","Isla Isabela",NA,"211ace54-dcc2-4243-ad2b-a76f63494cc9"
"Scalesia cordata A.Stewart","Scalesia","cordata",-91.209277,-0.857222,"Ecuador","Isla Isabela",NA,"211ace54-dcc2-4243-ad2b-a76f63494cc9"
"Scalesia cordata A.Stewart","Scalesia","cordata",-91.204333,-0.868861,"Ecuador","Isla Isabela",NA,"211ace54-dcc2-4243-ad2b-a76f63494cc9"
"Scalesia cordata A.Stewart","Scalesia","cordata",-91.202888,-0.869333,"Ecuador","Isla Isabela",NA,"211ace54-dcc2-4243-ad2b-a76f63494cc9"
"Scalesia cordata A.Stewart","Scalesia","cordata",-91.148194,-0.920666,"Ecuador","Isla Isabela",NA,"211ace54-dcc2-4243-ad2b-a76f63494cc9"
"Scalesia cordata A.Stewart","Scalesia","cordata",-91.148194,-0.920666,"Ecuador","Isla Isabela",NA,"211ace54-dcc2-4243-ad2b-a76f63494cc9"
"Scalesia cordata A.Stewart","Scalesia","cordata",-91.225249,-0.867388,"Ecuador","Isla Isabela",NA,"211ace54-dcc2-4243-ad2b-a76f63494cc9"
"Scalesia cordata A.Stewart","Scalesia","cordata",-91.147833,-0.920777,"Ecuador","Isla Isabela",NA,"211ace54-dcc2-4243-ad2b-a76f63494cc9"
"Scalesia cordata A.Stewart","Scalesia","cordata",-91.148166,-0.920749,"Ecuador","Isla Isabela",NA,"211ace54-dcc2-4243-ad2b-a76f63494cc9"
"Scalesia cordata A.Stewart","Scalesia","cordata",-91.148194,-0.920666,"Ecuador","Isla Isabela",NA,"211ace54-dcc2-4243-ad2b-a76f63494cc9"
"Scalesia cordata A.Stewart","Scalesia","cordata",-91.186222,-0.832722,"Ecuador","Isla Isabela",NA,"211ace54-dcc2-4243-ad2b-a76f63494cc9"
"Scalesia cordata A.Stewart","Scalesia","cordata",-91.185888,-0.894305,"Ecuador","Isla Isabela",NA,"211ace54-dcc2-4243-ad2b-a76f63494cc9"
"Scalesia cordata A.Stewart","Scalesia","cordata",-91.201638,-0.8945,"Ecuador","Isla Isabela",NA,"211ace54-dcc2-4243-ad2b-a76f63494cc9"
"Scalesia pedunculata Hook.fil.","Scalesia","pedunculata",-90.7456,-0.2279,"Ecuador","Isla San Salvador",NA,"211ace54-dcc2-4243-ad2b-a76f63494cc9"
"Scalesia pedunculata Hook.fil.","Scalesia","pedunculata",-89.460694,-0.857416,"Ecuador","Isla San Cristobal",NA,"211ace54-dcc2-4243-ad2b-a76f63494cc9"
"Scalesia pedunculata Hook.fil.","Scalesia","pedunculata",-89.461166,-0.861638,"Ecuador","Isla San Cristobal",NA,"211ace54-dcc2-4243-ad2b-a76f63494cc9"
"Scalesia gordilloi O.J.Hamann & Wium-And.","Scalesia","gordilloi",-89.583444,-0.939972,"Ecuador","Isla San Cristobal",NA,"211ace54-dcc2-4243-ad2b-a76f63494cc9"
"Scalesia gordilloi O.J.Hamann & Wium-And.","Scalesia","gordilloi",-89.608388,-0.93125,"Ecuador","Isla San Cristobal",NA,"211ace54-dcc2-4243-ad2b-a76f63494cc9"
"Scalesia gordilloi O.J.Hamann & Wium-And.","Scalesia","gordilloi",-89.606888,-0.932361,"Ecuador","Isla San Cristobal",NA,"211ace54-dcc2-4243-ad2b-a76f63494cc9"
"Scalesia helleri B.L.Rob.","Scalesia","helleri",-90.34455,-0.700655,"Ecuador","Isla Santa Cruz",NA,"211ace54-dcc2-4243-ad2b-a76f63494cc9"
"Scalesia cordata A.Stewart","Scalesia","cordata",-91.186388,-0.832444,"Ecuador","Isla Isabela",NA,"211ace54-dcc2-4243-ad2b-a76f63494cc9"
"Scalesia pedunculata Hook.fil.","Scalesia","pedunculata",-89.505219,-0.904742,"Ecuador","Isla San Cristobal",NA,"211ace54-dcc2-4243-ad2b-a76f63494cc9"
"Scalesia pedunculata Hook.fil.","Scalesia","pedunculata",-89.505219,-0.904742,"Ecuador","Isla San Cristobal",NA,"211ace54-dcc2-4243-ad2b-a76f63494cc9"
"Scalesia pedunculata Hook.fil.","Scalesia","pedunculata",-89.505219,-0.904742,"Ecuador","Isla San Cristobal",NA,"211ace54-dcc2-4243-ad2b-a76f63494cc9"
"Scalesia incisa Hook.fil.","Scalesia","incisa",-89.4167,-0.8083,"Ecuador","Isla San Cristobal",NA,"211ace54-dcc2-4243-ad2b-a76f63494cc9"
"Scalesia incisa Hook.fil.","Scalesia","incisa",-89.4167,-0.8083,"Ecuador","Isla San Cristobal",NA,"211ace54-dcc2-4243-ad2b-a76f63494cc9"
"Scalesia crockeri Howell","Scalesia","crockeri",-90.315161,-0.541016,"Ecuador","Isla Santa Cruz",NA,"211ace54-dcc2-4243-ad2b-a76f63494cc9"
"Scalesia affinis Hook.fil.","Scalesia","affinis",-90.327611,-0.662083,"Ecuador","Isla Santa Cruz",NA,"211ace54-dcc2-4243-ad2b-a76f63494cc9"
"Scalesia affinis Hook.fil.","Scalesia","affinis",-91.3412,0.0192,"Ecuador","Isla Isabela",NA,"211ace54-dcc2-4243-ad2b-a76f63494cc9"
"Scalesia affinis Hook.fil.","Scalesia","affinis",-91.5222,-0.3667,"Ecuador","Isla Fernandina",NA,"211ace54-dcc2-4243-ad2b-a76f63494cc9"
"Scalesia pedunculata Hook.fil.","Scalesia","pedunculata",-90.454958,-1.320152,"Ecuador","Isla Santa Maria",NA,"211ace54-dcc2-4243-ad2b-a76f63494cc9"
"Scalesia affinis Hook.fil.","Scalesia","affinis",-90.3051,-0.7426,"Ecuador","Isla Santa Cruz",NA,"211ace54-dcc2-4243-ad2b-a76f63494cc9"
"Scalesia affinis Hook.fil.","Scalesia","affinis",-91.5222,-0.3667,"Ecuador","Isla Fernandina",NA,"211ace54-dcc2-4243-ad2b-a76f63494cc9"
"Scalesia stewartii Riley","Scalesia","stewartii",-90.571981,-0.285277,"Ecuador","Isla San Salvador",NA,"211ace54-dcc2-4243-ad2b-a76f63494cc9"
"Scalesia divisa Andersson","Scalesia","divisa",-89.4044,-0.7222,"Ecuador","Isla San Cristobal",NA,"211ace54-dcc2-4243-ad2b-a76f63494cc9"
"Scalesia stewartii Riley","Scalesia","stewartii",-90.574805,-0.278777,"Ecuador","Isla San Salvador",NA,"211ace54-dcc2-4243-ad2b-a76f63494cc9"
"Scalesia baurii subsp. hopkinsii (B.L.Rob.) Eliasson","Scalesia","baurii",-90.760611,0.570388,"Ecuador","Isla Pinta",NA,"211ace54-dcc2-4243-ad2b-a76f63494cc9"
"Scalesia baurii subsp. hopkinsii (B.L.Rob.) Eliasson","Scalesia","baurii",-90.771499,0.592,"Ecuador","Isla Pinta",NA,"211ace54-dcc2-4243-ad2b-a76f63494cc9"
"Scalesia atractyloides Arn.","Scalesia","atractyloides",-90.624861,-0.278972,"Ecuador","Isla San Salvador",NA,"211ace54-dcc2-4243-ad2b-a76f63494cc9"
"Scalesia stewartii Riley","Scalesia","stewartii",-90.620583,-0.259222,"Ecuador","Isla San Salvador",NA,"211ace54-dcc2-4243-ad2b-a76f63494cc9"
"Scalesia atractyloides Arn.","Scalesia","atractyloides",-90.633416,-0.283361,"Ecuador","Isla San Salvador",NA,"211ace54-dcc2-4243-ad2b-a76f63494cc9"
"Scalesia incisa Hook.fil.","Scalesia","incisa",-89.4167,-0.8083,"Ecuador","Isla San Cristobal",NA,"211ace54-dcc2-4243-ad2b-a76f63494cc9"
"Scalesia incisa Hook.fil.","Scalesia","incisa",-89.4167,-0.8083,"Ecuador","Isla San Cristobal",NA,"211ace54-dcc2-4243-ad2b-a76f63494cc9"
"Scalesia gordilloi O.J.Hamann & Wium-And.","Scalesia","gordilloi",-89.608111,-0.93125,"Ecuador","Isla San Cristobal",NA,"211ace54-dcc2-4243-ad2b-a76f63494cc9"
"Scalesia microcephala B.L.Rob.","Scalesia","microcephala",-91.489194,-0.381527,"Ecuador","Isla Fernandina",NA,"211ace54-dcc2-4243-ad2b-a76f63494cc9"
"Scalesia gordilloi O.J.Hamann & Wium-And.","Scalesia","gordilloi",-89.608027,-0.9315,"Ecuador","Isla San Cristobal",NA,"211ace54-dcc2-4243-ad2b-a76f63494cc9"
"Scalesia incisa Hook.fil.","Scalesia","incisa",-89.4167,-0.8083,"Ecuador","Isla San Cristobal",NA,"211ace54-dcc2-4243-ad2b-a76f63494cc9"
"Scalesia incisa Hook.fil.","Scalesia","incisa",-89.4167,-0.8083,"Ecuador","Isla San Cristobal",NA,"211ace54-dcc2-4243-ad2b-a76f63494cc9"
"Scalesia baurii subsp. hopkinsii (B.L.Rob.) Eliasson","Scalesia","baurii",-90.7547,0.5883,"Ecuador","Isla Pinta",NA,"211ace54-dcc2-4243-ad2b-a76f63494cc9"
"Scalesia cordata A.Stewart","Scalesia","cordata",-91.283138,-1.007111,"Ecuador","Isla Isabela",NA,"211ace54-dcc2-4243-ad2b-a76f63494cc9"
"Scalesia affinis Hook.fil.","Scalesia","affinis",-91.099888,-0.78075,"Ecuador","Isla Isabela",NA,"211ace54-dcc2-4243-ad2b-a76f63494cc9"
"Scalesia microcephala var. microcephala","Scalesia","microcephala",-91.092111,-0.459638,"Ecuador","Isla Isabela",NA,"211ace54-dcc2-4243-ad2b-a76f63494cc9"
"Scalesia cordata A.Stewart","Scalesia","cordata",-91.185111,-0.894527,"Ecuador","Isla Isabela",NA,"211ace54-dcc2-4243-ad2b-a76f63494cc9"
"Scalesia cordata A.Stewart","Scalesia","cordata",-91.225261,-0.867388,"Ecuador","Isla Isabela",NA,"211ace54-dcc2-4243-ad2b-a76f63494cc9"
"Scalesia incisa Hook.fil.","Scalesia","incisa",-89.4816,-0.8953,"Ecuador","Isla San Cristobal",NA,"211ace54-dcc2-4243-ad2b-a76f63494cc9"
"Scalesia microcephala B.L.Rob.","Scalesia","microcephala",-91.59125,-0.343972,"Ecuador","Isla Fernandina",NA,"211ace54-dcc2-4243-ad2b-a76f63494cc9"
"Scalesia microcephala B.L.Rob.","Scalesia","microcephala",-91.514777,-0.377472,"Ecuador","Isla Fernandina",NA,"211ace54-dcc2-4243-ad2b-a76f63494cc9"
"Scalesia incisa Hook.fil.","Scalesia","incisa",-89.4167,-0.8083,"Ecuador","Isla San Cristobal",NA,"211ace54-dcc2-4243-ad2b-a76f63494cc9"
"Scalesia incisa Hook.fil.","Scalesia","incisa",-89.4816,-0.8953,"Ecuador","Isla San Cristobal",NA,"211ace54-dcc2-4243-ad2b-a76f63494cc9"
"Scalesia pedunculata Hook.fil.","Scalesia","pedunculata",-89.4167,-0.8083,"Ecuador","Isla San Cristobal",NA,"211ace54-dcc2-4243-ad2b-a76f63494cc9"
"Scalesia pedunculata Hook.fil.","Scalesia","pedunculata",-90.325861,-0.642472,"Ecuador","Isla Santa Cruz",NA,"211ace54-dcc2-4243-ad2b-a76f63494cc9"
"Scalesia pedunculata Hook.fil.","Scalesia","pedunculata",-90.329767,-0.632907,"Ecuador","Isla Santa Cruz",NA,"211ace54-dcc2-4243-ad2b-a76f63494cc9"
"Scalesia cordata A.Stewart","Scalesia","cordata",-91.1249,-0.8137,"Ecuador","Isla Isabela",NA,"211ace54-dcc2-4243-ad2b-a76f63494cc9"
"Scalesia cordata A.Stewart","Scalesia","cordata",-91.1249,-0.8137,"Ecuador","Isla Isabela",NA,"211ace54-dcc2-4243-ad2b-a76f63494cc9"
"Scalesia cordata A.Stewart","Scalesia","cordata",-91.1249,-0.8137,"Ecuador","Isla Isabela",NA,"211ace54-dcc2-4243-ad2b-a76f63494cc9"
"Scalesia cordata A.Stewart","Scalesia","cordata",-91.1249,-0.8137,"Ecuador","Isla Isabela",NA,"211ace54-dcc2-4243-ad2b-a76f63494cc9"
"Scalesia cordata A.Stewart","Scalesia","cordata",-91.1249,-0.8137,"Ecuador","Isla Isabela",NA,"211ace54-dcc2-4243-ad2b-a76f63494cc9"
"Scalesia divisa Andersson","Scalesia","divisa",-89.4167,-0.8083,"Ecuador","Isla San Cristobal",NA,"211ace54-dcc2-4243-ad2b-a76f63494cc9"
"Scalesia affinis Hook.fil.","Scalesia","affinis",-91.5222,-0.3667,"Ecuador","Isla Fernandina",NA,"211ace54-dcc2-4243-ad2b-a76f63494cc9"
"Scalesia baurii subsp. hopkinsii (B.L.Rob.) Eliasson","Scalesia","baurii",-90.7547,0.5883,"Ecuador","Isla Pinta",NA,"211ace54-dcc2-4243-ad2b-a76f63494cc9"
"Scalesia divisa Andersson","Scalesia","divisa",-89.4167,-0.8083,"Ecuador","Isla San Cristobal",NA,"211ace54-dcc2-4243-ad2b-a76f63494cc9"
"Scalesia baurii subsp. hopkinsii (B.L.Rob.) Eliasson","Scalesia","baurii",-90.7547,0.5883,"Ecuador","Isla Pinta",NA,"211ace54-dcc2-4243-ad2b-a76f63494cc9"
"Scalesia microcephala var. microcephala","Scalesia","microcephala",-91.5222,-0.3667,"Ecuador","Isla Fernandina",NA,"211ace54-dcc2-4243-ad2b-a76f63494cc9"
"Scalesia baurii subsp. hopkinsii (B.L.Rob.) Eliasson","Scalesia","baurii",-90.7547,0.5883,"Ecuador","Isla Pinta",NA,"211ace54-dcc2-4243-ad2b-a76f63494cc9"
"Scalesia divisa Andersson","Scalesia","divisa",-89.4167,-0.8083,"Ecuador","Isla San Cristobal",NA,"211ace54-dcc2-4243-ad2b-a76f63494cc9"
"Scalesia pedunculata Hook.fil.","Scalesia","pedunculata",-90.725,-0.2583,"Ecuador","Isla San Salvador",NA,"211ace54-dcc2-4243-ad2b-a76f63494cc9"
"Scalesia affinis Hook.fil.","Scalesia","affinis",-91.5222,-0.3667,"Ecuador","Isla Fernandina",NA,"211ace54-dcc2-4243-ad2b-a76f63494cc9"
"Scalesia affinis Hook.fil.","Scalesia","affinis",-91.5222,-0.3667,"Ecuador","Isla Fernandina",NA,"211ace54-dcc2-4243-ad2b-a76f63494cc9"
"Scalesia atractyloides var. atractyloides","Scalesia","atractyloides",-90.725,-0.2583,"Ecuador","Isla San Salvador",NA,"211ace54-dcc2-4243-ad2b-a76f63494cc9"
"Scalesia affinis Hook.fil.","Scalesia","affinis",-90.958943,-0.95667,"Ecuador","Isla Isabela",NA,"211ace54-dcc2-4243-ad2b-a76f63494cc9"
"Scalesia cordata A.Stewart","Scalesia","cordata",-91.148194,-0.920666,"Ecuador","Isla Isabela",NA,"211ace54-dcc2-4243-ad2b-a76f63494cc9"
"Scalesia cordata A.Stewart","Scalesia","cordata",-91.169555,-0.899527,"Ecuador","Isla Isabela",NA,"211ace54-dcc2-4243-ad2b-a76f63494cc9"
"Scalesia affinis subsp. affinis","Scalesia","affinis",-90.479888,-1.289833,"Ecuador","Isla Santa Maria",NA,"211ace54-dcc2-4243-ad2b-a76f63494cc9"
"Scalesia microcephala B.L.Rob.","Scalesia","microcephala",-91.534633,-0.347916,"Ecuador","Isla Fernandina",NA,"211ace54-dcc2-4243-ad2b-a76f63494cc9"
"Scalesia microcephala B.L.Rob.","Scalesia","microcephala",-91.534633,-0.347916,"Ecuador","Isla Fernandina",NA,"211ace54-dcc2-4243-ad2b-a76f63494cc9"
"Scalesia affinis Hook.fil.","Scalesia","affinis",-90.33849,-0.76211,"Ecuador","Isla Santa Cruz",NA,"211ace54-dcc2-4243-ad2b-a76f63494cc9"
"Scalesia microcephala B.L.Rob.","Scalesia","microcephala",-91.514783,-0.377444,"Ecuador","Isla Fernandina",NA,"211ace54-dcc2-4243-ad2b-a76f63494cc9"
"Scalesia cordata A.Stewart","Scalesia","cordata",-91.282861,-1.006611,"Ecuador","Isla Isabela",NA,"211ace54-dcc2-4243-ad2b-a76f63494cc9"
"Scalesia cordata A.Stewart","Scalesia","cordata",-91.283305,-1.006805,"Ecuador","Isla Isabela",NA,"211ace54-dcc2-4243-ad2b-a76f63494cc9"
"Scalesia cordata A.Stewart","Scalesia","cordata",-91.283222,-1.006805,"Ecuador","Isla Isabela",NA,"211ace54-dcc2-4243-ad2b-a76f63494cc9"
"Scalesia cordata A.Stewart","Scalesia","cordata",-91.282944,-1.007027,"Ecuador","Isla Isabela",NA,"211ace54-dcc2-4243-ad2b-a76f63494cc9"
"Scalesia cordata A.Stewart","Scalesia","cordata",-91.283222,-1.006805,"Ecuador","Isla Isabela",NA,"211ace54-dcc2-4243-ad2b-a76f63494cc9"
"Scalesia cordata A.Stewart","Scalesia","cordata",-91.283222,-1.006805,"Ecuador","Isla Isabela",NA,"211ace54-dcc2-4243-ad2b-a76f63494cc9"
"Scalesia cordata A.Stewart","Scalesia","cordata",-91.283222,-1.006805,"Ecuador","Isla Isabela",NA,"211ace54-dcc2-4243-ad2b-a76f63494cc9"
"Scalesia cordata A.Stewart","Scalesia","cordata",-91.280083,-1.006611,"Ecuador","Isla Isabela",NA,"211ace54-dcc2-4243-ad2b-a76f63494cc9"
"Scalesia cordata A.Stewart","Scalesia","cordata",-91.283222,-1.006805,"Ecuador","Isla Isabela",NA,"211ace54-dcc2-4243-ad2b-a76f63494cc9"
"Scalesia cordata A.Stewart","Scalesia","cordata",-91.282861,-1.006611,"Ecuador","Isla Isabela",NA,"211ace54-dcc2-4243-ad2b-a76f63494cc9"
"Scalesia cordata A.Stewart","Scalesia","cordata",-91.282861,-1.006611,"Ecuador","Isla Isabela",NA,"211ace54-dcc2-4243-ad2b-a76f63494cc9"
"Scalesia cordata A.Stewart","Scalesia","cordata",-91.282861,-1.006611,"Ecuador","Isla Isabela",NA,"211ace54-dcc2-4243-ad2b-a76f63494cc9"
"Scalesia pedunculata Hook.fil.","Scalesia","pedunculata",-90.235991,-0.673355,"Ecuador","Isla Santa Cruz",NA,"211ace54-dcc2-4243-ad2b-a76f63494cc9"
"Scalesia pedunculata Hook.fil.","Scalesia","pedunculata",-90.235991,-0.673355,"Ecuador","Isla Santa Cruz",NA,"211ace54-dcc2-4243-ad2b-a76f63494cc9"
"Scalesia cordata A.Stewart","Scalesia","cordata",-91.175888,-0.835861,"Ecuador","Isla Isabela",NA,"211ace54-dcc2-4243-ad2b-a76f63494cc9"
"Scalesia cordata A.Stewart","Scalesia","cordata",-91.283222,-1.006805,"Ecuador","Isla Isabela",NA,"211ace54-dcc2-4243-ad2b-a76f63494cc9"
"Scalesia cordata A.Stewart","Scalesia","cordata",-91.283222,-1.006805,"Ecuador","Isla Isabela",NA,"211ace54-dcc2-4243-ad2b-a76f63494cc9"
"Scalesia cordata A.Stewart","Scalesia","cordata",-91.283222,-1.006805,"Ecuador","Isla Isabela",NA,"211ace54-dcc2-4243-ad2b-a76f63494cc9"
"Scalesia affinis Hook.fil.","Scalesia","affinis",-91.2914,-0.1888,"Ecuador","Isla Isabela",NA,"211ace54-dcc2-4243-ad2b-a76f63494cc9"
"Scalesia incisa Hook.fil.","Scalesia","incisa",-89.4167,-0.8083,"Ecuador","Isla San Cristobal",NA,"211ace54-dcc2-4243-ad2b-a76f63494cc9"
"Scalesia microcephala var. microcephala","Scalesia","microcephala",-91.5222,-0.3667,"Ecuador","Isla Fernandina",NA,"211ace54-dcc2-4243-ad2b-a76f63494cc9"
"Scalesia incisa Hook.fil.","Scalesia","incisa",-89.4167,-0.8083,"Ecuador","Isla San Cristobal",NA,"211ace54-dcc2-4243-ad2b-a76f63494cc9"
"Scalesia pedunculata Hook.fil.","Scalesia","pedunculata",-89.4167,-0.8083,"Ecuador","Isla San Cristobal",NA,"211ace54-dcc2-4243-ad2b-a76f63494cc9"
"Scalesia aspera Andersson","Scalesia","aspera",-90.401424,-0.51256,"Ecuador","Isla Santa Cruz",NA,"211ace54-dcc2-4243-ad2b-a76f63494cc9"
"Scalesia divisa Andersson","Scalesia","divisa",-89.4167,-0.8083,"Ecuador","Isla San Cristobal",NA,"211ace54-dcc2-4243-ad2b-a76f63494cc9"
"Scalesia crockeri Howell","Scalesia","crockeri",-90.326416,-0.753983,"Ecuador","Isla Santa Cruz",NA,"211ace54-dcc2-4243-ad2b-a76f63494cc9"
"Scalesia stewartii Riley","Scalesia","stewartii",-90.56966,-0.285985,"Ecuador","Isla San Salvador",NA,"211ace54-dcc2-4243-ad2b-a76f63494cc9"
"Scalesia divisa Andersson","Scalesia","divisa",-89.4167,-0.8083,"Ecuador","Isla San Cristobal",NA,"211ace54-dcc2-4243-ad2b-a76f63494cc9"
"Scalesia affinis subsp. affinis","Scalesia","affinis",-90.486227,-1.271733,"Ecuador","Isla Santa Maria",NA,"211ace54-dcc2-4243-ad2b-a76f63494cc9"
"Scalesia affinis Hook.fil.","Scalesia","affinis",-91.5585,-0.0194,"Ecuador","Isla Isabela",NA,"211ace54-dcc2-4243-ad2b-a76f63494cc9"
"Scalesia affinis Hook.fil.","Scalesia","affinis",-91.5222,-0.3667,"Ecuador","Isla Fernandina",NA,"211ace54-dcc2-4243-ad2b-a76f63494cc9"
"Scalesia cordata A.Stewart","Scalesia","cordata",-91.1249,-0.8137,"Ecuador","Isla Isabela",NA,"211ace54-dcc2-4243-ad2b-a76f63494cc9"
"Scalesia affinis Hook.fil.","Scalesia","affinis",-90.326722,-0.664388,"Ecuador","Isla Santa Cruz",NA,"211ace54-dcc2-4243-ad2b-a76f63494cc9"
"Scalesia pedunculata Hook.fil.","Scalesia","pedunculata",-89.463277,-0.846861,"Ecuador","Isla San Cristobal",NA,"211ace54-dcc2-4243-ad2b-a76f63494cc9"
"Scalesia affinis Hook.fil.","Scalesia","affinis",-91.385444,-0.248416,"Ecuador","Isla Isabela",NA,"211ace54-dcc2-4243-ad2b-a76f63494cc9"
"Scalesia cordata A.Stewart","Scalesia","cordata",-91.209277,-0.857222,"Ecuador","Isla Isabela",NA,"211ace54-dcc2-4243-ad2b-a76f63494cc9"
"Scalesia cordata A.Stewart","Scalesia","cordata",-91.169305,-0.895361,"Ecuador","Isla Isabela",NA,"211ace54-dcc2-4243-ad2b-a76f63494cc9"
"Scalesia cordata A.Stewart","Scalesia","cordata",-91.225249,-0.867388,"Ecuador","Isla Isabela",NA,"211ace54-dcc2-4243-ad2b-a76f63494cc9"
"Scalesia atractyloides Arn.","Scalesia","atractyloides",-90.632111,-0.318361,"Ecuador","Isla San Salvador",NA,"211ace54-dcc2-4243-ad2b-a76f63494cc9"
"Scalesia stewartii Riley","Scalesia","stewartii",-90.603361,-0.314888,"Ecuador","Isla San Salvador",NA,"211ace54-dcc2-4243-ad2b-a76f63494cc9"
"Scalesia affinis Hook.fil.","Scalesia","affinis",-91.5222,-0.3667,"Ecuador","Isla Fernandina",NA,"211ace54-dcc2-4243-ad2b-a76f63494cc9"
"Scalesia atractyloides Arn.","Scalesia","atractyloides",-90.644944,-0.282166,"Ecuador","Isla San Salvador",NA,"211ace54-dcc2-4243-ad2b-a76f63494cc9"
"Scalesia affinis Hook.fil.","Scalesia","affinis",-91.5222,-0.3667,"Ecuador","Isla Fernandina",NA,"211ace54-dcc2-4243-ad2b-a76f63494cc9"
"Scalesia stewartii Riley","Scalesia","stewartii",-90.618888,-0.236583,"Ecuador","Isla San Salvador",NA,"211ace54-dcc2-4243-ad2b-a76f63494cc9"
"Scalesia atractyloides Arn.","Scalesia","atractyloides",-90.624833,-0.304083,"Ecuador","Isla San Salvador",NA,"211ace54-dcc2-4243-ad2b-a76f63494cc9"
"Scalesia atractyloides Arn.","Scalesia","atractyloides",-90.628833,-0.298666,"Ecuador","Isla San Salvador",NA,"211ace54-dcc2-4243-ad2b-a76f63494cc9"
"Scalesia atractyloides Arn.","Scalesia","atractyloides",-90.640916,-0.298888,"Ecuador","Isla San Salvador",NA,"211ace54-dcc2-4243-ad2b-a76f63494cc9"
"Scalesia atractyloides Arn.","Scalesia","atractyloides",-90.624833,-0.304083,"Ecuador","Isla San Salvador",NA,"211ace54-dcc2-4243-ad2b-a76f63494cc9"
"Scalesia atractyloides var. atractyloides","Scalesia","atractyloides",-90.821027,-0.317138,"Ecuador","Isla San Salvador",NA,"211ace54-dcc2-4243-ad2b-a76f63494cc9"
"Scalesia baurii subsp. hopkinsii (B.L.Rob.) Eliasson","Scalesia","baurii",-90.774888,0.57575,"Ecuador","Isla Pinta",NA,"211ace54-dcc2-4243-ad2b-a76f63494cc9"
"Scalesia helleri B.L.Rob.","Scalesia","helleri",-90.327611,-0.662083,"Ecuador","Isla Santa Cruz",NA,"211ace54-dcc2-4243-ad2b-a76f63494cc9"
"Scalesia pedunculata Hook.fil.","Scalesia","pedunculata",-90.355708,-0.583427,"Ecuador","Isla Santa Cruz",NA,"211ace54-dcc2-4243-ad2b-a76f63494cc9"
"Scalesia baurii subsp. hopkinsii (B.L.Rob.) Eliasson","Scalesia","baurii",-90.7547,0.5883,"Ecuador","Isla Pinta",NA,"211ace54-dcc2-4243-ad2b-a76f63494cc9"
"Scalesia pedunculata Hook.fil.","Scalesia","pedunculata",-89.4167,-0.8083,"Ecuador","Isla San Cristobal",NA,"211ace54-dcc2-4243-ad2b-a76f63494cc9"
"Scalesia pedunculata Hook.fil.","Scalesia","pedunculata",-90.725,-0.2583,"Ecuador","Isla San Salvador",NA,"211ace54-dcc2-4243-ad2b-a76f63494cc9"
"Scalesia divisa Andersson","Scalesia","divisa",-89.4167,-0.8083,"Ecuador","Isla San Cristobal",NA,"211ace54-dcc2-4243-ad2b-a76f63494cc9"
"Scalesia divisa Andersson","Scalesia","divisa",-89.4167,-0.8083,"Ecuador","Isla San Cristobal",NA,"211ace54-dcc2-4243-ad2b-a76f63494cc9"
"Scalesia divisa Andersson","Scalesia","divisa",-89.4167,-0.8083,"Ecuador","Isla San Cristobal",NA,"211ace54-dcc2-4243-ad2b-a76f63494cc9"
"Scalesia baurii subsp. hopkinsii (B.L.Rob.) Eliasson","Scalesia","baurii",-90.7547,0.5883,"Ecuador","Isla Pinta",NA,"211ace54-dcc2-4243-ad2b-a76f63494cc9"
"Scalesia incisa Hook.fil.","Scalesia","incisa",-89.4167,-0.8083,"Ecuador","Isla San Cristobal",NA,"211ace54-dcc2-4243-ad2b-a76f63494cc9"
"Scalesia pedunculata Hook.fil.","Scalesia","pedunculata",-90.725,-0.2583,"Ecuador","Isla San Salvador",NA,"211ace54-dcc2-4243-ad2b-a76f63494cc9"
"Scalesia atractyloides var. atractyloides","Scalesia","atractyloides",-90.725,-0.2583,"Ecuador","Isla San Salvador",NA,"211ace54-dcc2-4243-ad2b-a76f63494cc9"
"Scalesia pedunculata Hook.fil.","Scalesia","pedunculata",-90.725,-0.2583,"Ecuador","Isla San Salvador",NA,"211ace54-dcc2-4243-ad2b-a76f63494cc9"
"Scalesia stewartii Riley","Scalesia","stewartii",-90.725,-0.2583,"Ecuador","Isla San Salvador",NA,"211ace54-dcc2-4243-ad2b-a76f63494cc9"
"Scalesia stewartii Riley","Scalesia","stewartii",-90.725,-0.2583,"Ecuador","Isla San Salvador",NA,"211ace54-dcc2-4243-ad2b-a76f63494cc9"
"Scalesia affinis Hook.fil.","Scalesia","affinis",-91.5585,-0.0194,"Ecuador","Isla Isabela",NA,"211ace54-dcc2-4243-ad2b-a76f63494cc9"
"Scalesia affinis Hook.fil.","Scalesia","affinis",-91.1221,-0.4221,"Ecuador","Isla Isabela",NA,"211ace54-dcc2-4243-ad2b-a76f63494cc9"
"Scalesia baurii subsp. hopkinsii (B.L.Rob.) Eliasson","Scalesia","baurii",-90.761333,0.548333,"Ecuador","Isla Pinta",NA,"211ace54-dcc2-4243-ad2b-a76f63494cc9"
"Scalesia affinis subsp. affinis","Scalesia","affinis",-90.488305,-1.270722,"Ecuador","Isla Santa Maria",NA,"211ace54-dcc2-4243-ad2b-a76f63494cc9"
"Scalesia pedunculata Hook.fil.","Scalesia","pedunculata",-90.45175,-1.293566,"Ecuador","Isla Santa Maria",NA,"211ace54-dcc2-4243-ad2b-a76f63494cc9"
"Scalesia pedunculata Hook.fil.","Scalesia","pedunculata",-90.371055,-0.621777,"Ecuador","Isla Santa Cruz",NA,"211ace54-dcc2-4243-ad2b-a76f63494cc9"
"Scalesia divisa Andersson","Scalesia","divisa",-89.4167,-0.8083,"Ecuador","Isla San Cristobal",NA,"211ace54-dcc2-4243-ad2b-a76f63494cc9"
"Scalesia gordilloi O.J.Hamann & Wium-And.","Scalesia","gordilloi",-89.4167,-0.8083,"Ecuador","Isla San Cristobal",NA,"211ace54-dcc2-4243-ad2b-a76f63494cc9"
"Scalesia incisa Hook.fil.","Scalesia","incisa",-89.4167,-0.8083,"Ecuador","Isla San Cristobal",NA,"211ace54-dcc2-4243-ad2b-a76f63494cc9"
"Scalesia crockeri Howell","Scalesia","crockeri",-90.329271,-0.563885,"Ecuador","Isla Santa Cruz",NA,"211ace54-dcc2-4243-ad2b-a76f63494cc9"
"Scalesia affinis Hook.fil.","Scalesia","affinis",-91.1249,-0.8137,"Ecuador","Isla Isabela",NA,"211ace54-dcc2-4243-ad2b-a76f63494cc9"
"Scalesia crockeri Howell","Scalesia","crockeri",-90.294634,-0.498432,"Ecuador","Isla Santa Cruz",NA,"211ace54-dcc2-4243-ad2b-a76f63494cc9"
"Scalesia cordata A.Stewart","Scalesia","cordata",-91.1249,-0.8137,"Ecuador","Isla Isabela",NA,"211ace54-dcc2-4243-ad2b-a76f63494cc9"
"Scalesia divisa Andersson","Scalesia","divisa",-89.4167,-0.8083,"Ecuador","Isla San Cristobal",NA,"211ace54-dcc2-4243-ad2b-a76f63494cc9"
"Scalesia villosa A.Stewart","Scalesia","villosa",-90.427186,-1.274416,"Ecuador","Isla Santa Maria",NA,"211ace54-dcc2-4243-ad2b-a76f63494cc9"
"Scalesia pedunculata Hook.fil.","Scalesia","pedunculata",-90.427186,-1.274416,"Ecuador","Isla Santa Maria",NA,"211ace54-dcc2-4243-ad2b-a76f63494cc9"
"Scalesia cordata A.Stewart","Scalesia","cordata",-91.1249,-0.8137,"Ecuador","Isla Isabela",NA,"211ace54-dcc2-4243-ad2b-a76f63494cc9"
"Scalesia baurii subsp. hopkinsii (B.L.Rob.) Eliasson","Scalesia","baurii",-90.7547,0.5883,"Ecuador","Isla Pinta",NA,"211ace54-dcc2-4243-ad2b-a76f63494cc9"
"Scalesia baurii subsp. hopkinsii (B.L.Rob.) Eliasson","Scalesia","baurii",-90.7547,0.5883,"Ecuador","Isla Pinta",NA,"211ace54-dcc2-4243-ad2b-a76f63494cc9"
"Scalesia pedunculata Hook.fil.","Scalesia","pedunculata",-90.427186,-1.274416,"Ecuador","Isla Santa Maria",NA,"211ace54-dcc2-4243-ad2b-a76f63494cc9"
"Scalesia pedunculata Hook.fil.","Scalesia","pedunculata",-90.384555,-0.625361,"Ecuador","Isla Santa Cruz",NA,"211ace54-dcc2-4243-ad2b-a76f63494cc9"
"Scalesia stewartii Riley","Scalesia","stewartii",-90.611833,-0.254611,"Ecuador","Isla San Salvador",NA,"211ace54-dcc2-4243-ad2b-a76f63494cc9"
"Scalesia stewartii Riley","Scalesia","stewartii",-90.611083,-0.254722,"Ecuador","Isla San Salvador",NA,"211ace54-dcc2-4243-ad2b-a76f63494cc9"
"Scalesia stewartii Riley","Scalesia","stewartii",-90.612944,-0.2545,"Ecuador","Isla San Salvador",NA,"211ace54-dcc2-4243-ad2b-a76f63494cc9"
"Scalesia stewartii Riley","Scalesia","stewartii",-90.611833,-0.254388,"Ecuador","Isla San Salvador",NA,"211ace54-dcc2-4243-ad2b-a76f63494cc9"
"Scalesia stewartii Riley","Scalesia","stewartii",-90.614166,-0.253805,"Ecuador","Isla San Salvador",NA,"211ace54-dcc2-4243-ad2b-a76f63494cc9"
"Scalesia stewartii Riley","Scalesia","stewartii",-90.599694,-0.253888,"Ecuador","Isla San Salvador",NA,"211ace54-dcc2-4243-ad2b-a76f63494cc9"
"Scalesia stewartii Riley","Scalesia","stewartii",-90.615416,-0.253694,"Ecuador","Isla San Salvador",NA,"211ace54-dcc2-4243-ad2b-a76f63494cc9"
"Scalesia stewartii Riley","Scalesia","stewartii",-90.608333,-0.254361,"Ecuador","Isla San Salvador",NA,"211ace54-dcc2-4243-ad2b-a76f63494cc9"
"Scalesia stewartii Riley","Scalesia","stewartii",-90.609055,-0.254666,"Ecuador","Isla San Salvador",NA,"211ace54-dcc2-4243-ad2b-a76f63494cc9"
"Scalesia stewartii Riley","Scalesia","stewartii",-90.609277,-0.254666,"Ecuador","Isla San Salvador",NA,"211ace54-dcc2-4243-ad2b-a76f63494cc9"
"Scalesia stewartii Riley","Scalesia","stewartii",-90.595722,-0.253583,"Ecuador","Isla San Salvador",NA,"211ace54-dcc2-4243-ad2b-a76f63494cc9"
"Scalesia stewartii Riley","Scalesia","stewartii",-90.598444,-0.253583,"Ecuador","Isla San Salvador",NA,"211ace54-dcc2-4243-ad2b-a76f63494cc9"
"Scalesia stewartii Riley","Scalesia","stewartii",-90.596527,-0.253611,"Ecuador","Isla San Salvador",NA,"211ace54-dcc2-4243-ad2b-a76f63494cc9"
"Scalesia stewartii Riley","Scalesia","stewartii",-90.599805,-0.253944,"Ecuador","Isla San Salvador",NA,"211ace54-dcc2-4243-ad2b-a76f63494cc9"
"Scalesia stewartii Riley","Scalesia","stewartii",-90.599166,-0.254166,"Ecuador","Isla San Salvador",NA,"211ace54-dcc2-4243-ad2b-a76f63494cc9"
"Scalesia stewartii Riley","Scalesia","stewartii",-90.599833,-0.253805,"Ecuador","Isla San Salvador",NA,"211ace54-dcc2-4243-ad2b-a76f63494cc9"
"Scalesia stewartii Riley","Scalesia","stewartii",-90.605805,-0.253611,"Ecuador","Isla San Salvador",NA,"211ace54-dcc2-4243-ad2b-a76f63494cc9"
"Scalesia stewartii Riley","Scalesia","stewartii",-90.590777,-0.253805,"Ecuador","Isla San Salvador",NA,"211ace54-dcc2-4243-ad2b-a76f63494cc9"
"Scalesia stewartii Riley","Scalesia","stewartii",-90.589611,-0.253999,"Ecuador","Isla San Salvador",NA,"211ace54-dcc2-4243-ad2b-a76f63494cc9"
"Scalesia stewartii Riley","Scalesia","stewartii",-90.593666,-0.253611,"Ecuador","Isla San Salvador",NA,"211ace54-dcc2-4243-ad2b-a76f63494cc9"
"Scalesia atractyloides Arn.","Scalesia","atractyloides",-90.631416,-0.281555,"Ecuador","Isla San Salvador",NA,"211ace54-dcc2-4243-ad2b-a76f63494cc9"
"Scalesia stewartii Riley","Scalesia","stewartii",-90.617416,-0.253666,"Ecuador","Isla San Salvador",NA,"211ace54-dcc2-4243-ad2b-a76f63494cc9"
"Scalesia stewartii Riley","Scalesia","stewartii",-90.623611,-0.258111,"Ecuador","Isla San Salvador",NA,"211ace54-dcc2-4243-ad2b-a76f63494cc9"
"Scalesia stewartii Riley","Scalesia","stewartii",-90.618972,-0.253888,"Ecuador","Isla San Salvador",NA,"211ace54-dcc2-4243-ad2b-a76f63494cc9"
"Scalesia affinis Hook.fil.","Scalesia","affinis",-90.326222,-0.662083,"Ecuador","Isla Santa Cruz",NA,"211ace54-dcc2-4243-ad2b-a76f63494cc9"
"Scalesia atractyloides var. atractyloides","Scalesia","atractyloides",-90.818944,-0.32,"Ecuador","Isla San Salvador",NA,"211ace54-dcc2-4243-ad2b-a76f63494cc9"
"Scalesia stewartii Riley","Scalesia","stewartii",-90.589611,-0.253805,"Ecuador","Isla San Salvador",NA,"211ace54-dcc2-4243-ad2b-a76f63494cc9"
"Scalesia stewartii Riley","Scalesia","stewartii",-90.588916,-0.254305,"Ecuador","Isla San Salvador",NA,"211ace54-dcc2-4243-ad2b-a76f63494cc9"
"Scalesia atractyloides Arn.","Scalesia","atractyloides",-90.69275,-0.249861,"Ecuador","Isla San Salvador",NA,"211ace54-dcc2-4243-ad2b-a76f63494cc9"
"Scalesia stewartii Riley","Scalesia","stewartii",-90.574805,-0.278777,"Ecuador","Isla San Salvador",NA,"211ace54-dcc2-4243-ad2b-a76f63494cc9"
"Scalesia pedunculata Hook.fil.","Scalesia","pedunculata",-89.485944,-0.871861,"Ecuador","Isla San Cristobal",NA,"211ace54-dcc2-4243-ad2b-a76f63494cc9"
"Scalesia cordata A.Stewart","Scalesia","cordata",-91.1249,-0.8137,"Ecuador","Isla Isabela",NA,"211ace54-dcc2-4243-ad2b-a76f63494cc9"
"Scalesia atractyloides var. atractyloides","Scalesia","atractyloides",-90.829472,-0.305083,"Ecuador","Isla San Salvador",NA,"211ace54-dcc2-4243-ad2b-a76f63494cc9"
"Scalesia baurii subsp. hopkinsii (B.L.Rob.) Eliasson","Scalesia","baurii",-90.7547,0.5883,"Ecuador","Isla Pinta",NA,"211ace54-dcc2-4243-ad2b-a76f63494cc9"
"Scalesia pedunculata Hook.fil.","Scalesia","pedunculata",-90.324972,-0.714472,"Ecuador","Isla Santa Cruz",NA,"211ace54-dcc2-4243-ad2b-a76f63494cc9"
"Scalesia divisa Andersson","Scalesia","divisa",-89.4167,-0.8083,"Ecuador","Isla San Cristobal",NA,"211ace54-dcc2-4243-ad2b-a76f63494cc9"
"Scalesia crockeri Howell","Scalesia","crockeri",-90.3225,-0.550138,"Ecuador","Isla Santa Cruz",NA,"211ace54-dcc2-4243-ad2b-a76f63494cc9"
"Scalesia crockeri Howell","Scalesia","crockeri",-90.322527,-0.550138,"Ecuador","Isla Santa Cruz",NA,"211ace54-dcc2-4243-ad2b-a76f63494cc9"
"Scalesia crockeri Howell","Scalesia","crockeri",-90.290694,-0.494027,"Ecuador","Isla Santa Cruz",NA,"211ace54-dcc2-4243-ad2b-a76f63494cc9"
"Scalesia crockeri Howell","Scalesia","crockeri",-90.290694,-0.494027,"Ecuador","Isla Santa Cruz",NA,"211ace54-dcc2-4243-ad2b-a76f63494cc9"
"Scalesia pedunculata Hook.fil.","Scalesia","pedunculata",-90.38525,-0.629583,"Ecuador","Isla Santa Cruz",NA,"211ace54-dcc2-4243-ad2b-a76f63494cc9"
"Scalesia affinis subsp. affinis","Scalesia","affinis",-90.453222,-1.279111,"Ecuador","Isla Santa Maria",NA,"211ace54-dcc2-4243-ad2b-a76f63494cc9"
"Scalesia affinis Hook.fil.","Scalesia","affinis",-91.3412,0.0192,"Ecuador","Isla Isabela",NA,"211ace54-dcc2-4243-ad2b-a76f63494cc9"
"Scalesia gordilloi O.J.Hamann & Wium-And.","Scalesia","gordilloi",-89.4167,-0.8083,"Ecuador","Isla San Cristobal",NA,"211ace54-dcc2-4243-ad2b-a76f63494cc9"
"Scalesia baurii subsp. hopkinsii (B.L.Rob.) Eliasson","Scalesia","baurii",-90.7547,0.5883,"Ecuador","Isla Pinta",NA,"211ace54-dcc2-4243-ad2b-a76f63494cc9"
"Scalesia pedunculata Hook.fil.","Scalesia","pedunculata",-90.725,-0.2583,"Ecuador","Isla San Salvador",NA,"211ace54-dcc2-4243-ad2b-a76f63494cc9"
"Scalesia pedunculata Hook.fil.","Scalesia","pedunculata",-90.725,-0.2583,"Ecuador","Isla San Salvador",NA,"211ace54-dcc2-4243-ad2b-a76f63494cc9"
"Scalesia affinis Hook.fil.","Scalesia","affinis",-91.3412,0.0192,"Ecuador","Isla Isabela",NA,"211ace54-dcc2-4243-ad2b-a76f63494cc9"
"Scalesia affinis Hook.fil.","Scalesia","affinis",-91.3412,0.0192,"Ecuador","Isla Isabela",NA,"211ace54-dcc2-4243-ad2b-a76f63494cc9"
"Scalesia cordata A.Stewart","Scalesia","cordata",-91.1249,-0.8137,"Ecuador","Isla Isabela",NA,"211ace54-dcc2-4243-ad2b-a76f63494cc9"
"Scalesia retroflexa Hemsl.","Scalesia","retroflexa",-90.273467,-0.74565,"Ecuador","Isla Santa Cruz",NA,"211ace54-dcc2-4243-ad2b-a76f63494cc9"
"Scalesia baurii subsp. hopkinsii (B.L.Rob.) Eliasson","Scalesia","baurii",-90.7547,0.5883,"Ecuador","Isla Pinta",NA,"211ace54-dcc2-4243-ad2b-a76f63494cc9"
"Scalesia pedunculata Hook.fil.","Scalesia","pedunculata",-89.4167,-0.8083,"Ecuador","Isla San Cristobal",NA,"211ace54-dcc2-4243-ad2b-a76f63494cc9"
"Scalesia pedunculata Hook.fil.","Scalesia","pedunculata",-90.427861,-0.656833,"Ecuador","Isla Santa Cruz",NA,"211ace54-dcc2-4243-ad2b-a76f63494cc9"
"Scalesia pedunculata Hook.fil.","Scalesia","pedunculata",-90.445,-1.294722,"Ecuador","Isla Santa Maria",NA,"211ace54-dcc2-4243-ad2b-a76f63494cc9"
"Scalesia microcephala var. microcephala","Scalesia","microcephala",-91.2914,-0.1888,"Ecuador","Isla Isabela",NA,"211ace54-dcc2-4243-ad2b-a76f63494cc9"
"Scalesia microcephala var. microcephala","Scalesia","microcephala",-91.2914,-0.1888,"Ecuador","Isla Isabela",NA,"211ace54-dcc2-4243-ad2b-a76f63494cc9"
"Scalesia affinis Hook.fil.","Scalesia","affinis",-91.5222,-0.3667,"Ecuador","Isla Fernandina",NA,"211ace54-dcc2-4243-ad2b-a76f63494cc9"
"Scalesia baurii subsp. hopkinsii (B.L.Rob.) Eliasson","Scalesia","baurii",-90.7547,0.5883,"Ecuador","Isla Pinta",NA,"211ace54-dcc2-4243-ad2b-a76f63494cc9"
"Scalesia pedunculata Hook.fil.","Scalesia","pedunculata",-90.725,-0.2583,"Ecuador","Isla San Salvador",NA,"211ace54-dcc2-4243-ad2b-a76f63494cc9"
"Scalesia cordata A.Stewart","Scalesia","cordata",-91.1249,-0.8137,"Ecuador","Isla Isabela",NA,"211ace54-dcc2-4243-ad2b-a76f63494cc9"
"Scalesia microcephala var. microcephala","Scalesia","microcephala",-91.1221,-0.4221,"Ecuador","Isla Isabela",NA,"211ace54-dcc2-4243-ad2b-a76f63494cc9"
"Scalesia affinis Hook.fil.","Scalesia","affinis",-91.1221,-0.4221,"Ecuador","Isla Isabela",NA,"211ace54-dcc2-4243-ad2b-a76f63494cc9"
"Scalesia pedunculata Hook.fil.","Scalesia","pedunculata",-90.452095,-1.317071,"Ecuador","Isla Santa Maria",NA,"211ace54-dcc2-4243-ad2b-a76f63494cc9"
"Scalesia affinis subsp. affinis","Scalesia","affinis",-90.484666,-1.267305,"Ecuador","Isla Santa Maria",NA,"211ace54-dcc2-4243-ad2b-a76f63494cc9"
"Scalesia baurii subsp. hopkinsii (B.L.Rob.) Eliasson","Scalesia","baurii",-90.7547,0.5883,"Ecuador","Isla Pinta",NA,"211ace54-dcc2-4243-ad2b-a76f63494cc9"
"Scalesia stewartii Riley","Scalesia","stewartii",-90.725,-0.2583,"Ecuador","Isla San Salvador",NA,"211ace54-dcc2-4243-ad2b-a76f63494cc9"
"Scalesia microcephala var. microcephala","Scalesia","microcephala",-91.1221,-0.4221,"Ecuador","Isla Isabela",NA,"211ace54-dcc2-4243-ad2b-a76f63494cc9"
"Scalesia affinis Hook.fil.","Scalesia","affinis",-91.1249,-0.8137,"Ecuador","Isla Isabela",NA,"211ace54-dcc2-4243-ad2b-a76f63494cc9"
"Scalesia affinis Hook.fil.","Scalesia","affinis",-90.3198,-0.734,"Ecuador","Isla Santa Cruz",NA,"211ace54-dcc2-4243-ad2b-a76f63494cc9"
"Scalesia microcephala var. microcephala","Scalesia","microcephala",-91.5222,-0.3667,"Ecuador","Isla Fernandina",NA,"211ace54-dcc2-4243-ad2b-a76f63494cc9"
"Scalesia pedunculata Hook.fil.","Scalesia","pedunculata",-90.385716,-0.625472,"Ecuador","Isla Santa Cruz",NA,"211ace54-dcc2-4243-ad2b-a76f63494cc9"
"Scalesia aspera Andersson","Scalesia","aspera",-90.322055,-0.545722,"Ecuador","Isla Santa Cruz",NA,"211ace54-dcc2-4243-ad2b-a76f63494cc9"
"Scalesia affinis subsp. affinis","Scalesia","affinis",-90.486227,-1.271733,"Ecuador","Isla Santa Maria",NA,"211ace54-dcc2-4243-ad2b-a76f63494cc9"
"Scalesia affinis Hook.fil.","Scalesia","affinis",-90.326222,-0.662083,"Ecuador","Isla Santa Cruz",NA,"211ace54-dcc2-4243-ad2b-a76f63494cc9"
"Scalesia affinis Hook.fil.","Scalesia","affinis",-90.326222,-0.662083,"Ecuador","Isla Santa Cruz",NA,"211ace54-dcc2-4243-ad2b-a76f63494cc9"
"Scalesia divisa Andersson","Scalesia","divisa",-89.373611,-0.714166,"Ecuador","Isla San Cristobal",NA,"211ace54-dcc2-4243-ad2b-a76f63494cc9"
"Scalesia incisa Hook.fil.","Scalesia","incisa",-89.4167,-0.8083,"Ecuador","Isla San Cristobal",NA,"211ace54-dcc2-4243-ad2b-a76f63494cc9"
"Scalesia gordilloi O.J.Hamann & Wium-And.","Scalesia","gordilloi",-89.606749,-0.927111,"Ecuador","Isla San Cristobal",NA,"211ace54-dcc2-4243-ad2b-a76f63494cc9"
"Scalesia affinis subsp. affinis","Scalesia","affinis",-90.477277,-1.275777,"Ecuador","Isla Santa Maria",NA,"211ace54-dcc2-4243-ad2b-a76f63494cc9"
"Scalesia gordilloi O.J.Hamann & Wium-And.","Scalesia","gordilloi",-89.606749,-0.927111,"Ecuador","Isla San Cristobal",NA,"211ace54-dcc2-4243-ad2b-a76f63494cc9"
"Scalesia divisa Andersson","Scalesia","divisa",-89.4765,-0.810472,"Ecuador","Isla San Cristobal",NA,"211ace54-dcc2-4243-ad2b-a76f63494cc9"
"Scalesia divisa Andersson","Scalesia","divisa",-89.450555,-0.759111,"Ecuador","Isla San Cristobal",NA,"211ace54-dcc2-4243-ad2b-a76f63494cc9"
"Scalesia affinis Hook.fil.","Scalesia","affinis",-90.326222,-0.662083,"Ecuador","Isla Santa Cruz",NA,"211ace54-dcc2-4243-ad2b-a76f63494cc9"
"Scalesia atractyloides Arn.","Scalesia","atractyloides",-90.725,-0.2583,"Ecuador","Isla San Salvador",NA,"211ace54-dcc2-4243-ad2b-a76f63494cc9"
"Scalesia affinis Hook.fil.","Scalesia","affinis",-90.48796,-1.2715,"Ecuador","Isla Santa Maria",NA,"211ace54-dcc2-4243-ad2b-a76f63494cc9"
"Scalesia pedunculata Hook.fil.","Scalesia","pedunculata",-90.45242,-1.29229,"Ecuador","Isla Santa Maria",NA,"211ace54-dcc2-4243-ad2b-a76f63494cc9"
"Scalesia cordata A.Stewart","Scalesia","cordata",-91.027944,-0.843138,"Ecuador","Isla Isabela",NA,"211ace54-dcc2-4243-ad2b-a76f63494cc9"
"Scalesia pedunculata Hook.fil.","Scalesia","pedunculata",-90.45778,-1.29615,"Ecuador","Isla Santa Maria",NA,"211ace54-dcc2-4243-ad2b-a76f63494cc9"
"Scalesia aspera Andersson","Scalesia","aspera",-90.536186,-0.60232,"Ecuador","Isla Santa Cruz",NA,"211ace54-dcc2-4243-ad2b-a76f63494cc9"
"Scalesia retroflexa Hemsl.","Scalesia","retroflexa",-90.196366,-0.680783,"Ecuador","Isla Santa Cruz",NA,"211ace54-dcc2-4243-ad2b-a76f63494cc9"
"Scalesia retroflexa Hemsl.","Scalesia","retroflexa",-90.273467,-0.74565,"Ecuador","Isla Santa Cruz",NA,"211ace54-dcc2-4243-ad2b-a76f63494cc9"
"Scalesia retroflexa Hemsl.","Scalesia","retroflexa",-90.273467,-0.74565,"Ecuador","Isla Santa Cruz",NA,"211ace54-dcc2-4243-ad2b-a76f63494cc9"
"Scalesia retroflexa Hemsl.","Scalesia","retroflexa",-90.273467,-0.74565,"Ecuador","Isla Santa Cruz",NA,"211ace54-dcc2-4243-ad2b-a76f63494cc9"
"Scalesia retroflexa Hemsl.","Scalesia","retroflexa",-90.196366,-0.680791,"Ecuador","Isla Santa Cruz",NA,"211ace54-dcc2-4243-ad2b-a76f63494cc9"
"Scalesia pedunculata Hook.fil.","Scalesia","pedunculata",-90.725,-0.2583,"Ecuador","Isla San Salvador",NA,"211ace54-dcc2-4243-ad2b-a76f63494cc9"
"Scalesia cordata A.Stewart","Scalesia","cordata",-91.3832,-0.9255,"Ecuador","Isla Isabela",NA,"211ace54-dcc2-4243-ad2b-a76f63494cc9"
"Scalesia cordata A.Stewart","Scalesia","cordata",-91.1249,-0.8137,"Ecuador","Isla Isabela",NA,"211ace54-dcc2-4243-ad2b-a76f63494cc9"
"Scalesia crockeri Howell","Scalesia","crockeri",-90.326416,-0.753983,"Ecuador","Isla Santa Cruz",NA,"211ace54-dcc2-4243-ad2b-a76f63494cc9"
"Scalesia affinis Hook.fil.","Scalesia","affinis",-91.38838,-0.240305,"Ecuador","Isla Isabela",NA,"211ace54-dcc2-4243-ad2b-a76f63494cc9"
"Scalesia affinis Hook.fil.","Scalesia","affinis",-91.38838,-0.240305,"Ecuador","Isla Isabela",NA,"211ace54-dcc2-4243-ad2b-a76f63494cc9"
"Scalesia gordilloi O.J.Hamann & Wium-And.","Scalesia","gordilloi",-89.615388,-0.923277,"Ecuador","Isla San Cristobal",NA,"211ace54-dcc2-4243-ad2b-a76f63494cc9"
"Scalesia incisa Hook.fil.","Scalesia","incisa",-89.358083,-0.820527,"Ecuador","Isla San Cristobal",NA,"211ace54-dcc2-4243-ad2b-a76f63494cc9"
"Scalesia gordilloi O.J.Hamann & Wium-And.","Scalesia","gordilloi",-89.563499,-0.94775,"Ecuador","Isla San Cristobal",NA,"211ace54-dcc2-4243-ad2b-a76f63494cc9"
"Scalesia gordilloi O.J.Hamann & Wium-And.","Scalesia","gordilloi",-89.578472,-0.941194,"Ecuador","Isla San Cristobal",NA,"211ace54-dcc2-4243-ad2b-a76f63494cc9"
"Scalesia gordilloi O.J.Hamann & Wium-And.","Scalesia","gordilloi",-89.578472,-0.941194,"Ecuador","Isla San Cristobal",NA,"211ace54-dcc2-4243-ad2b-a76f63494cc9"
"Scalesia incisa Hook.fil.","Scalesia","incisa",-89.356694,-0.811333,"Ecuador","Isla San Cristobal",NA,"211ace54-dcc2-4243-ad2b-a76f63494cc9"
"Scalesia incisa Hook.fil.","Scalesia","incisa",-89.354194,-0.803111,"Ecuador","Isla San Cristobal",NA,"211ace54-dcc2-4243-ad2b-a76f63494cc9"
"Scalesia incisa Hook.fil.","Scalesia","incisa",-89.358083,-0.820527,"Ecuador","Isla San Cristobal",NA,"211ace54-dcc2-4243-ad2b-a76f63494cc9"
"Scalesia affinis Hook.fil.","Scalesia","affinis",-91.387255,-0.240162,"Ecuador","Isla Isabela",NA,"211ace54-dcc2-4243-ad2b-a76f63494cc9"
"Scalesia pedunculata Hook.fil.","Scalesia","pedunculata",-90.438568,-1.290281,"Ecuador","Isla Santa Maria",NA,"211ace54-dcc2-4243-ad2b-a76f63494cc9"
"Scalesia affinis Hook.fil.","Scalesia","affinis",-91.5222,-0.3667,"Ecuador","Isla Fernandina",NA,"211ace54-dcc2-4243-ad2b-a76f63494cc9"
"Scalesia incisa Hook.fil.","Scalesia","incisa",-89.4167,-0.8083,"Ecuador","Isla San Cristobal",NA,"211ace54-dcc2-4243-ad2b-a76f63494cc9"
"Scalesia atractyloides Arn.","Scalesia","atractyloides",-90.725,-0.2583,"Ecuador","Isla San Salvador",NA,"211ace54-dcc2-4243-ad2b-a76f63494cc9"
"Scalesia retroflexa Hemsl.","Scalesia","retroflexa",-90.2051,-0.680791,"Ecuador","Isla Santa Cruz",NA,"211ace54-dcc2-4243-ad2b-a76f63494cc9"
"Scalesia incisa Hook.fil.","Scalesia","incisa",-89.4167,-0.8083,"Ecuador","Isla San Cristobal",NA,"211ace54-dcc2-4243-ad2b-a76f63494cc9"
"Scalesia incisa Hook.fil.","Scalesia","incisa",-89.4167,-0.8083,"Ecuador","Isla San Cristobal",NA,"211ace54-dcc2-4243-ad2b-a76f63494cc9"
"Scalesia retroflexa Hemsl.","Scalesia","retroflexa",-90.196366,-0.680791,"Ecuador","Isla Santa Cruz",NA,"211ace54-dcc2-4243-ad2b-a76f63494cc9"
"Scalesia atractyloides var. atractyloides","Scalesia","atractyloides",-90.819277,-0.319861,"Ecuador","Isla San Salvador",NA,"211ace54-dcc2-4243-ad2b-a76f63494cc9"
"Scalesia affinis Hook.fil.","Scalesia","affinis",-91.1249,-0.8137,"Ecuador","Isla Isabela",NA,"211ace54-dcc2-4243-ad2b-a76f63494cc9"
"Scalesia atractyloides var. atractyloides","Scalesia","atractyloides",-90.817972,-0.318694,"Ecuador","Isla San Salvador",NA,"211ace54-dcc2-4243-ad2b-a76f63494cc9"
"Scalesia gordilloi O.J.Hamann & Wium-And.","Scalesia","gordilloi",-89.606694,-0.932472,"Ecuador","Isla San Cristobal",NA,"211ace54-dcc2-4243-ad2b-a76f63494cc9"
"Scalesia incisa Hook.fil.","Scalesia","incisa",-89.276333,-0.701055,"Ecuador","Isla San Cristobal",NA,"211ace54-dcc2-4243-ad2b-a76f63494cc9"
"Scalesia pedunculata Hook.fil.","Scalesia","pedunculata",-90.325861,-0.642472,"Ecuador","Isla Santa Cruz",NA,"211ace54-dcc2-4243-ad2b-a76f63494cc9"
"Scalesia atractyloides var. atractyloides","Scalesia","atractyloides",-90.818194,-0.319972,"Ecuador","Isla San Salvador",NA,"211ace54-dcc2-4243-ad2b-a76f63494cc9"
"Scalesia villosa A.Stewart","Scalesia","villosa",-90.451205,-1.288521,"Ecuador","Isla Santa Maria",NA,"50c9509d-22c7-4a22-a47d-8c48425ef4a7"
"Scalesia affinis Hook.fil.","Scalesia","affinis",-91.335945,-0.720887,"Ecuador","Isla Isabela",NA,"50c9509d-22c7-4a22-a47d-8c48425ef4a7"
"Scalesia affinis Hook.fil.","Scalesia","affinis",-91.335953,-0.720775,"Ecuador","Isla Isabela",NA,"50c9509d-22c7-4a22-a47d-8c48425ef4a7"
"Scalesia affinis Hook.fil.","Scalesia","affinis",-91.120833,-0.424444,"Ecuador","Isla Isabela",NA,"50c9509d-22c7-4a22-a47d-8c48425ef4a7"
"Scalesia affinis Hook.fil.","Scalesia","affinis",-91.334831,-0.721742,"Ecuador","Isla Isabela",NA,"50c9509d-22c7-4a22-a47d-8c48425ef4a7"
"Scalesia pedunculata Hook.fil.","Scalesia","pedunculata",-90.357608,-0.729781,"Ecuador","Isla Santa Cruz",NA,"50c9509d-22c7-4a22-a47d-8c48425ef4a7"
"Scalesia pedunculata Hook.fil.","Scalesia","pedunculata",-90.282284,-0.60986,"Ecuador","Isla Santa Cruz",NA,"50c9509d-22c7-4a22-a47d-8c48425ef4a7"
"Scalesia helleri B.L.Rob.","Scalesia","helleri",-90.340988,-0.62498,"Ecuador","Isla Santa Cruz",NA,"50c9509d-22c7-4a22-a47d-8c48425ef4a7"
"Scalesia affinis Hook.fil.","Scalesia","affinis",-91.33133,-0.718578,"Ecuador","Isla Isabela",NA,"50c9509d-22c7-4a22-a47d-8c48425ef4a7"
"Scalesia affinis Hook.fil.","Scalesia","affinis",-91.371528,-0.251705,"Ecuador","Isla Isabela",NA,"50c9509d-22c7-4a22-a47d-8c48425ef4a7"
"Scalesia affinis Hook.fil.","Scalesia","affinis",-91.371628,-0.251763,"Ecuador","Isla Isabela",NA,"50c9509d-22c7-4a22-a47d-8c48425ef4a7"
"Scalesia affinis Hook.fil.","Scalesia","affinis",-91.371313,-0.250422,"Ecuador","Isla Isabela",NA,"50c9509d-22c7-4a22-a47d-8c48425ef4a7"
"Scalesia affinis Hook.fil.","Scalesia","affinis",-91.371292,-0.251225,"Ecuador","Isla Isabela",NA,"50c9509d-22c7-4a22-a47d-8c48425ef4a7"
"Scalesia affinis Hook.fil.","Scalesia","affinis",-91.371453,-0.251317,"Ecuador","Isla Isabela",NA,"50c9509d-22c7-4a22-a47d-8c48425ef4a7"
"Scalesia affinis Hook.fil.","Scalesia","affinis",-90.82817,-0.201703,"Ecuador","Isla San Salvador",NA,"50c9509d-22c7-4a22-a47d-8c48425ef4a7"
"Scalesia affinis Hook.fil.","Scalesia","affinis",-91.371437,-0.250808,"Ecuador","Isla Isabela",NA,"50c9509d-22c7-4a22-a47d-8c48425ef4a7"
"Scalesia affinis Hook.fil.","Scalesia","affinis",-91.37123,-0.249995,"Ecuador","Isla Isabela",NA,"50c9509d-22c7-4a22-a47d-8c48425ef4a7"
"Scalesia affinis Hook.fil.","Scalesia","affinis",-91.331213,-0.718567,"Ecuador","Isla Isabela",NA,"50c9509d-22c7-4a22-a47d-8c48425ef4a7"
"Scalesia affinis Hook.fil.","Scalesia","affinis",-91.335367,-0.722045,"Ecuador","Isla Isabela",NA,"50c9509d-22c7-4a22-a47d-8c48425ef4a7"
"Scalesia affinis Hook.fil.","Scalesia","affinis",-91.33483,-0.721733,"Ecuador","Isla Isabela",NA,"50c9509d-22c7-4a22-a47d-8c48425ef4a7"
"Scalesia affinis Hook.fil.","Scalesia","affinis",-91.334795,-0.72172,"Ecuador","Isla Isabela",NA,"50c9509d-22c7-4a22-a47d-8c48425ef4a7"
"Scalesia affinis Hook.fil.","Scalesia","affinis",-91.333663,-0.721803,"Ecuador","Isla Isabela",NA,"50c9509d-22c7-4a22-a47d-8c48425ef4a7"
"Scalesia affinis Hook.fil.","Scalesia","affinis",-91.37143,-0.250812,"Ecuador","Isla Isabela",NA,"50c9509d-22c7-4a22-a47d-8c48425ef4a7"
"Scalesia affinis Hook.fil.","Scalesia","affinis",-90.973159,-0.949175,"Ecuador","Isla Isabela",NA,"50c9509d-22c7-4a22-a47d-8c48425ef4a7"
"Scalesia helleri B.L.Rob.","Scalesia","helleri",-90.199288,-0.674527,"Ecuador","Isla Santa Cruz",NA,"50c9509d-22c7-4a22-a47d-8c48425ef4a7"
"Scalesia helleri B.L.Rob.","Scalesia","helleri",-90.331966,-0.678977,"Ecuador","Isla Santa Cruz",NA,"50c9509d-22c7-4a22-a47d-8c48425ef4a7"
"Scalesia villosa A.Stewart","Scalesia","villosa",-90.413629,-1.267662,"Ecuador","Isla Santa Maria",NA,"50c9509d-22c7-4a22-a47d-8c48425ef4a7"
"Scalesia affinis Hook.fil.","Scalesia","affinis",-90.961078,-0.951129,"Ecuador","Isla Isabela",NA,"50c9509d-22c7-4a22-a47d-8c48425ef4a7"
"Scalesia affinis Hook.fil.","Scalesia","affinis",-91.653123,-0.305351,"Ecuador","Isla Fernandina",NA,"50c9509d-22c7-4a22-a47d-8c48425ef4a7"
"Scalesia affinis Hook.fil.","Scalesia","affinis",-91.335167,-0.716889,"Ecuador","Isla Isabela",NA,"50c9509d-22c7-4a22-a47d-8c48425ef4a7"
"Scalesia affinis Hook.fil.","Scalesia","affinis",-90.97266,-0.949669,"Ecuador","Isla Isabela",NA,"50c9509d-22c7-4a22-a47d-8c48425ef4a7"
"Scalesia affinis Hook.fil.","Scalesia","affinis",-91.121476,-0.478424,"Ecuador","Isla Isabela",NA,"50c9509d-22c7-4a22-a47d-8c48425ef4a7"
"Scalesia affinis Hook.fil.","Scalesia","affinis",-90.311434,-0.741672,"Ecuador","Isla Santa Cruz",NA,"50c9509d-22c7-4a22-a47d-8c48425ef4a7"
"Scalesia affinis Hook.fil.","Scalesia","affinis",-90.985493,-0.957415,"Ecuador","Isla Isabela",NA,"50c9509d-22c7-4a22-a47d-8c48425ef4a7"
"Scalesia affinis Hook.fil.","Scalesia","affinis",-90.303939,-0.742381,"Ecuador","Isla Santa Cruz",NA,"50c9509d-22c7-4a22-a47d-8c48425ef4a7"
"Scalesia affinis Hook.fil.","Scalesia","affinis",-91.371436,-0.251967,"Ecuador","Isla Isabela",NA,"50c9509d-22c7-4a22-a47d-8c48425ef4a7"
"Scalesia helleri B.L.Rob.","Scalesia","helleri",-90.366557,-0.751139,"Ecuador","Isla Santa Cruz",NA,"50c9509d-22c7-4a22-a47d-8c48425ef4a7"
"Scalesia affinis Hook.fil.","Scalesia","affinis",-90.972462,-0.953466,"Ecuador","Isla Isabela",NA,"50c9509d-22c7-4a22-a47d-8c48425ef4a7"
"Scalesia pedunculata Hook.fil.","Scalesia","pedunculata",-90.482393,-1.318377,"Ecuador","Isla Santa Maria",NA,"50c9509d-22c7-4a22-a47d-8c48425ef4a7"
"Scalesia affinis Hook.fil.","Scalesia","affinis",-90.44513,-1.27458,"Ecuador","Isla Santa Maria",NA,"50c9509d-22c7-4a22-a47d-8c48425ef4a7"
"Scalesia affinis Hook.fil.","Scalesia","affinis",-90.303943,-0.742607,"Ecuador","Isla Santa Cruz",NA,"50c9509d-22c7-4a22-a47d-8c48425ef4a7"
"Scalesia affinis Hook.fil.","Scalesia","affinis",-90.304162,-0.742082,"Ecuador","Isla Santa Cruz",NA,"50c9509d-22c7-4a22-a47d-8c48425ef4a7"
"Scalesia pedunculata Hook.fil.","Scalesia","pedunculata",-90.375619,-0.744877,"Ecuador","Isla Santa Cruz",NA,"50c9509d-22c7-4a22-a47d-8c48425ef4a7"
"Scalesia affinis Hook.fil.","Scalesia","affinis",-90.315689,-0.743292,"Ecuador","Isla Santa Cruz",NA,"50c9509d-22c7-4a22-a47d-8c48425ef4a7"
"Scalesia affinis Hook.fil.","Scalesia","affinis",-91.01005,-0.965782,"Ecuador","Isla Isabela",NA,"50c9509d-22c7-4a22-a47d-8c48425ef4a7"
"Scalesia pedunculata Hook.fil.","Scalesia","pedunculata",-90.345901,-0.621125,"Ecuador","Isla Santa Cruz",NA,"50c9509d-22c7-4a22-a47d-8c48425ef4a7"
"Scalesia affinis Hook.fil.","Scalesia","affinis",-91.013385,-0.964752,"Ecuador","Isla Isabela",NA,"50c9509d-22c7-4a22-a47d-8c48425ef4a7"
"Scalesia affinis Hook.fil.","Scalesia","affinis",-91.331035,-0.718561,"Ecuador","Isla Isabela",NA,"50c9509d-22c7-4a22-a47d-8c48425ef4a7"
"Scalesia affinis Hook.fil.","Scalesia","affinis",-91.409424,-0.772002,"Ecuador","Isla Isabela",NA,"50c9509d-22c7-4a22-a47d-8c48425ef4a7"
"Scalesia affinis Hook.fil.","Scalesia","affinis",-90.956422,-0.956431,"Ecuador","Isla Isabela",NA,"50c9509d-22c7-4a22-a47d-8c48425ef4a7"
"Scalesia helleri B.L.Rob.","Scalesia","helleri",-90.248874,-0.601605,"Ecuador","Isla Santa Cruz",NA,"50c9509d-22c7-4a22-a47d-8c48425ef4a7"
"Scalesia affinis Hook.fil.","Scalesia","affinis",-90.971143,-0.944542,"Ecuador","Isla Isabela",NA,"50c9509d-22c7-4a22-a47d-8c48425ef4a7"
"Scalesia helleri B.L.Rob.","Scalesia","helleri",-90.391045,-0.762271,"Ecuador","Isla Santa Cruz",NA,"50c9509d-22c7-4a22-a47d-8c48425ef4a7"
"Scalesia affinis Hook.fil.","Scalesia","affinis",-90.308731,-0.702446,"Ecuador","Isla Santa Cruz",NA,"50c9509d-22c7-4a22-a47d-8c48425ef4a7"
"Scalesia pedunculata Hook.fil.","Scalesia","pedunculata",-90.497832,-1.28836,"Ecuador","Isla Santa Maria",NA,"50c9509d-22c7-4a22-a47d-8c48425ef4a7"
"Scalesia affinis Hook.fil.","Scalesia","affinis",-90.31105,-0.744646,"Ecuador","Isla Santa Cruz",NA,"50c9509d-22c7-4a22-a47d-8c48425ef4a7"
"Scalesia cordata A.Stewart","Scalesia","cordata",-91.081278,-0.988188,"Ecuador","Isla Isabela",NA,"50c9509d-22c7-4a22-a47d-8c48425ef4a7"
"Scalesia helleri B.L.Rob.","Scalesia","helleri",-90.321425,-0.627974,"Ecuador","Isla Santa Cruz",NA,"50c9509d-22c7-4a22-a47d-8c48425ef4a7"
"Scalesia pedunculata Hook.fil.","Scalesia","pedunculata",-90.212174,-0.627947,"Ecuador","Isla Santa Cruz",NA,"50c9509d-22c7-4a22-a47d-8c48425ef4a7"
"Scalesia pedunculata Hook.fil.","Scalesia","pedunculata",-90.364686,-0.69779,"Ecuador","Isla Santa Cruz",NA,"50c9509d-22c7-4a22-a47d-8c48425ef4a7"
"Scalesia helleri B.L.Rob.","Scalesia","helleri",-90.343525,-0.632934,"Ecuador","Isla Santa Cruz",NA,"50c9509d-22c7-4a22-a47d-8c48425ef4a7"
"Scalesia affinis Hook.fil.","Scalesia","affinis",-91.013496,-0.964577,"Ecuador","Isla Isabela",NA,"50c9509d-22c7-4a22-a47d-8c48425ef4a7"
"Scalesia affinis Hook.fil.","Scalesia","affinis",-90.304028,-0.742609,"Ecuador","Isla Santa Cruz",NA,"50c9509d-22c7-4a22-a47d-8c48425ef4a7"
"Scalesia pedunculata Hook.fil.","Scalesia","pedunculata",-90.263129,-0.638976,"Ecuador","Isla Santa Cruz",NA,"50c9509d-22c7-4a22-a47d-8c48425ef4a7"
"Scalesia pedunculata Hook.fil.","Scalesia","pedunculata",-90.209248,-0.656739,"Ecuador","Isla Santa Cruz",NA,"50c9509d-22c7-4a22-a47d-8c48425ef4a7"
"Scalesia affinis Hook.fil.","Scalesia","affinis",-91.013183,-0.965824,"Ecuador","Isla Isabela",NA,"50c9509d-22c7-4a22-a47d-8c48425ef4a7"
"Scalesia helleri B.L.Rob.","Scalesia","helleri",-90.349656,-0.76367,"Ecuador","Isla Santa Cruz",NA,"50c9509d-22c7-4a22-a47d-8c48425ef4a7"
"Scalesia pedunculata Hook.fil.","Scalesia","pedunculata",-90.436281,-0.697421,"Ecuador","Isla Santa Cruz",NA,"50c9509d-22c7-4a22-a47d-8c48425ef4a7"
"Scalesia pedunculata Hook.fil.","Scalesia","pedunculata",-90.263921,-0.734731,"Ecuador","Isla Santa Cruz",NA,"50c9509d-22c7-4a22-a47d-8c48425ef4a7"
"Scalesia pedunculata Hook.fil.","Scalesia","pedunculata",-90.207765,-0.691758,"Ecuador","Isla Santa Cruz",NA,"50c9509d-22c7-4a22-a47d-8c48425ef4a7"
"Scalesia pedunculata Hook.fil.","Scalesia","pedunculata",-90.338273,-0.696597,"Ecuador","Isla Santa Cruz",NA,"50c9509d-22c7-4a22-a47d-8c48425ef4a7"
"Scalesia pedunculata Hook.fil.","Scalesia","pedunculata",-90.296626,-0.671852,"Ecuador","Isla Santa Cruz",NA,"50c9509d-22c7-4a22-a47d-8c48425ef4a7"
"Scalesia pedunculata Hook.fil.","Scalesia","pedunculata",-90.297818,-0.616125,"Ecuador","Isla Santa Cruz",NA,"50c9509d-22c7-4a22-a47d-8c48425ef4a7"
"Scalesia pedunculata Hook.fil.","Scalesia","pedunculata",-90.287352,-0.743448,"Ecuador","Isla Santa Cruz",NA,"50c9509d-22c7-4a22-a47d-8c48425ef4a7"
"Scalesia pedunculata Hook.fil.","Scalesia","pedunculata",-90.399006,-0.621129,"Ecuador","Isla Santa Cruz",NA,"50c9509d-22c7-4a22-a47d-8c48425ef4a7"
"Scalesia pedunculata Hook.fil.","Scalesia","pedunculata",-90.478,-1.282068,"Ecuador","Isla Santa Maria",NA,"50c9509d-22c7-4a22-a47d-8c48425ef4a7"
"Scalesia pedunculata Hook.fil.","Scalesia","pedunculata",-90.247304,-0.611839,"Ecuador","Isla Santa Cruz",NA,"50c9509d-22c7-4a22-a47d-8c48425ef4a7"
"Scalesia helleri B.L.Rob.","Scalesia","helleri",-90.311718,-0.618136,"Ecuador","Isla Santa Cruz",NA,"50c9509d-22c7-4a22-a47d-8c48425ef4a7"
"Scalesia pedunculata Hook.fil.","Scalesia","pedunculata",-90.37838,-0.689572,"Ecuador","Isla Santa Cruz",NA,"50c9509d-22c7-4a22-a47d-8c48425ef4a7"
"Scalesia pedunculata Hook.fil.","Scalesia","pedunculata",-90.322805,-0.642486,"Ecuador","Isla Santa Cruz",NA,"50c9509d-22c7-4a22-a47d-8c48425ef4a7"
"Scalesia helleri B.L.Rob.","Scalesia","helleri",-90.35,-0.766667,"Ecuador","Isla Santa Cruz",NA,"c267909d-184f-4138-9e67-a074d478d52b"
"Scalesia incisa Hook.fil.","Scalesia","incisa",-90.25,-0.733333,"Ecuador","Isla Santa Cruz",NA,"c267909d-184f-4138-9e67-a074d478d52b"
"Scalesia pedunculata Hook.fil.","Scalesia","pedunculata",-90.368194,-0.661047,"Ecuador","Isla Santa Cruz",NA,"50c9509d-22c7-4a22-a47d-8c48425ef4a7"
"Scalesia pedunculata Hook.fil.","Scalesia","pedunculata",-90.21399,-0.612335,"Ecuador","Isla Santa Cruz",NA,"50c9509d-22c7-4a22-a47d-8c48425ef4a7"
"Scalesia pedunculata Hook.fil.","Scalesia","pedunculata",-90.386846,-0.627572,"Ecuador","Isla Santa Cruz",NA,"50c9509d-22c7-4a22-a47d-8c48425ef4a7"
"Scalesia helleri B.L.Rob.","Scalesia","helleri",-90.356009,-0.712519,"Ecuador","Isla Santa Cruz",NA,"50c9509d-22c7-4a22-a47d-8c48425ef4a7"
"Scalesia affinis Hook.fil.","Scalesia","affinis",-91.002575,-0.966607,"Ecuador","Isla Isabela",NA,"50c9509d-22c7-4a22-a47d-8c48425ef4a7"
"Scalesia helleri B.L.Rob.","Scalesia","helleri",-90.354223,-0.641106,"Ecuador","Isla Santa Cruz",NA,"50c9509d-22c7-4a22-a47d-8c48425ef4a7"
"Scalesia helleri B.L.Rob.","Scalesia","helleri",-90.344197,-0.742602,"Ecuador","Isla Santa Cruz",NA,"50c9509d-22c7-4a22-a47d-8c48425ef4a7"
"Scalesia affinis Hook.fil.","Scalesia","affinis",-91.007187,-0.963532,"Ecuador","Isla Isabela",NA,"50c9509d-22c7-4a22-a47d-8c48425ef4a7"
"Scalesia helleri B.L.Rob.","Scalesia","helleri",-90.25939,-0.687514,"Ecuador","Isla Santa Cruz",NA,"50c9509d-22c7-4a22-a47d-8c48425ef4a7"
"Scalesia helleri B.L.Rob.","Scalesia","helleri",-90.277517,-0.662329,"Ecuador","Isla Santa Cruz",NA,"50c9509d-22c7-4a22-a47d-8c48425ef4a7"
"Scalesia helleri B.L.Rob.","Scalesia","helleri",-90.274204,-0.60254,"Ecuador","Isla Santa Cruz",NA,"50c9509d-22c7-4a22-a47d-8c48425ef4a7"
"Scalesia affinis Hook.fil.","Scalesia","affinis",-91.099703,-0.779095,"Ecuador","Isla Isabela",NA,"50c9509d-22c7-4a22-a47d-8c48425ef4a7"
"Scalesia affinis Hook.fil.","Scalesia","affinis",-90.97742,-0.938742,"Ecuador","Isla Isabela",NA,"50c9509d-22c7-4a22-a47d-8c48425ef4a7"
"Scalesia affinis Hook.fil.","Scalesia","affinis",-90.964147,-0.954457,"Ecuador","Isla Isabela",NA,"50c9509d-22c7-4a22-a47d-8c48425ef4a7"
"Scalesia helleri B.L.Rob.","Scalesia","helleri",-90.378309,-0.684905,"Ecuador","Isla Santa Cruz",NA,"50c9509d-22c7-4a22-a47d-8c48425ef4a7"
"Scalesia pedunculata Hook.fil.","Scalesia","pedunculata",-90.284272,-0.665568,"Ecuador","Isla Santa Cruz",NA,"50c9509d-22c7-4a22-a47d-8c48425ef4a7"
"Scalesia affinis Hook.fil.","Scalesia","affinis",-90.303978,-0.742092,"Ecuador","Isla Santa Cruz",NA,"50c9509d-22c7-4a22-a47d-8c48425ef4a7"
"Scalesia affinis Hook.fil.","Scalesia","affinis",-91.099772,-0.782686,"Ecuador","Isla Isabela",NA,"50c9509d-22c7-4a22-a47d-8c48425ef4a7"
"Scalesia affinis Hook.fil.","Scalesia","affinis",-90.971614,-0.954656,"Ecuador","Isla Isabela",NA,"50c9509d-22c7-4a22-a47d-8c48425ef4a7"
"Scalesia affinis Hook.fil.","Scalesia","affinis",-91.371181,-0.250574,"Ecuador","Isla Isabela",NA,"50c9509d-22c7-4a22-a47d-8c48425ef4a7"
"Scalesia helleri B.L.Rob.","Scalesia","helleri",-90.396858,-0.689176,"Ecuador","Isla Santa Cruz",NA,"50c9509d-22c7-4a22-a47d-8c48425ef4a7"
"Scalesia pedunculata Hook.fil.","Scalesia","pedunculata",-90.353771,-0.683912,"Ecuador","Isla Santa Cruz",NA,"50c9509d-22c7-4a22-a47d-8c48425ef4a7"
"Scalesia affinis Hook.fil.","Scalesia","affinis",-91.212342,-0.675442,"Ecuador","Isla Isabela",NA,"50c9509d-22c7-4a22-a47d-8c48425ef4a7"
"Scalesia affinis Hook.fil.","Scalesia","affinis",-91.5,-0.41667,"Ecuador","Isla Fernandina",NA,"e053ff53-c156-4e2e-b9b5-4462e9625424"
